;FLAVOR:Marlin
;TIME:6666
;Filament used: 0m
;Layer height: 0.2
;MINX:2.14748e+06
;MINY:2.14748e+06
;MINZ:2.14748e+06
;MAXX:-2.14748e+06
;MAXY:-2.14748e+06
;MAXZ:-2.14748e+06

;Generated with Cura_SteamEngine 4.13.1
M104 S215
M105
M109 S215
M82 ;absolute extrusion mode

G92 E0
G92 E0
G1 F1500 E-6.5
;LAYER_COUNT:88
;LAYER:0
M107
;MESH:output_v2\A_fina_suporte.stl
G0 F3600 X135.75 Y120.3 Z0.2
;TYPE:WALL-INNER
G1 F1500 E0
G1 F1800 X108.25 Y120.3 E0.34486
G1 X108.25 Y108.7 E0.49033
G1 X135.75 Y108.7 E0.83519
G1 X135.75 Y120.3 E0.98066
G0 F3600 X136.15 Y120.7
;TYPE:WALL-OUTER
G1 F1800 X107.85 Y120.7 E1.33555
G1 X107.85 Y108.3 E1.49105
G1 X136.15 Y108.3 E1.84594
G1 X136.15 Y120.7 E2.00144
G0 F3600 X135.95 Y120.7
G0 X135.36 Y119.91
;TYPE:SKIN
G1 F1800 X108.64 Y119.91 E2.33652
G1 X108.64 Y109.09 E2.47221
G1 X135.36 Y109.09 E2.80729
G1 X135.36 Y119.91 E2.94297
G0 F3600 X135.179 Y109.723
G1 F1800 X134.725 Y109.269 E2.95103
G0 F3600 X134.16 Y109.269
G1 F1800 X135.179 Y110.289 E2.96911
G0 F3600 X135.179 Y110.855
G1 F1800 X133.594 Y109.269 E2.99722
G0 F3600 X133.028 Y109.269
G1 F1800 X135.179 Y111.42 E3.03537
G0 F3600 X135.179 Y111.986
G1 F1800 X132.463 Y109.269 E3.08355
G0 F3600 X131.897 Y109.269
G1 F1800 X135.179 Y112.552 E3.14176
G0 F3600 X135.179 Y113.117
G1 F1800 X131.331 Y109.269 E3.21001
G0 F3600 X130.765 Y109.269
G1 F1800 X135.179 Y113.683 E3.28829
G0 F3600 X135.179 Y114.249
G1 F1800 X130.2 Y109.269 E3.3766
G0 F3600 X129.634 Y109.269
G1 F1800 X135.179 Y114.815 E3.47495
G0 F3600 X135.179 Y115.38
G1 F1800 X129.068 Y109.269 E3.58332
G0 F3600 X128.503 Y109.269
G1 F1800 X135.179 Y115.946 E3.70173
G0 F3600 X135.179 Y116.512
G1 F1800 X127.937 Y109.269 E3.83017
G0 F3600 X127.371 Y109.269
G1 F1800 X135.179 Y117.077 E3.96865
G0 F3600 X135.179 Y117.643
G1 F1800 X126.806 Y109.269 E4.11715
G0 F3600 X126.24 Y109.269
G1 F1800 X135.179 Y118.209 E4.27569
G0 F3600 X135.179 Y118.774
G1 F1800 X125.674 Y109.269 E4.44426
G0 F3600 X125.109 Y109.269
G1 F1800 X135.179 Y119.34 E4.62286
G0 F3600 X135.002 Y119.729
G1 F1800 X124.543 Y109.269 E4.80835
G0 F3600 X123.977 Y109.269
G1 F1800 X134.437 Y119.729 E4.99386
G0 F3600 X133.871 Y119.729
G1 F1800 X123.412 Y109.269 E5.17935
G0 F3600 X122.846 Y109.269
G1 F1800 X133.305 Y119.729 E5.36485
G0 F3600 X132.74 Y119.729
G1 F1800 X122.28 Y109.269 E5.55036
G0 F3600 X121.714 Y109.269
G1 F1800 X132.174 Y119.729 E5.73586
G0 F3600 X131.608 Y119.729
G1 F1800 X121.149 Y109.269 E5.92136
G0 F3600 X120.583 Y109.269
G1 F1800 X131.043 Y119.729 E6.10686
G0 F3600 X130.477 Y119.729
G1 F1800 X120.017 Y109.269 E6.29237
G0 F3600 X119.452 Y109.269
G1 F1800 X129.911 Y119.729 E6.47787
G0 F3600 X129.346 Y119.729
G1 F1800 X118.886 Y109.269 E6.66337
G0 F3600 X118.32 Y109.269
G1 F1800 X128.78 Y119.729 E6.84888
G0 F3600 X128.214 Y119.729
G1 F1800 X117.755 Y109.269 E7.03438
G0 F3600 X117.189 Y109.269
G1 F1800 X127.649 Y119.729 E7.21988
G0 F3600 X127.083 Y119.729
G1 F1800 X116.623 Y109.269 E7.40539
G0 F3600 X116.058 Y109.269
G1 F1800 X126.517 Y119.729 E7.59088
G0 F3600 X125.951 Y119.729
G1 F1800 X115.492 Y109.269 E7.77638
G0 F3600 X114.926 Y109.269
G1 F1800 X125.386 Y119.729 E7.96189
G0 F3600 X124.82 Y119.729
G1 F1800 X114.361 Y109.269 E8.14738
G0 F3600 X113.795 Y109.269
G1 F1800 X124.254 Y119.729 E8.33288
G0 F3600 X123.689 Y119.729
G1 F1800 X113.229 Y109.269 E8.51838
G0 F3600 X112.664 Y109.269
G1 F1800 X123.123 Y119.729 E8.70388
G0 F3600 X122.557 Y119.729
G1 F1800 X112.098 Y109.269 E8.88938
G0 F3600 X111.532 Y109.269
G1 F1800 X121.992 Y119.729 E9.07488
G0 F3600 X121.426 Y119.729
G1 F1800 X110.966 Y109.269 E9.26039
G0 F3600 X110.401 Y109.269
G1 F1800 X120.86 Y119.729 E9.44589
G0 F3600 X120.295 Y119.729
G1 F1800 X109.835 Y109.269 E9.63139
G0 F3600 X109.269 Y109.269
G1 F1800 X119.729 Y119.729 E9.8169
G0 F3600 X119.163 Y119.729
G1 F1800 X108.819 Y109.385 E10.00035
G0 F3600 X108.819 Y109.95
G1 F1800 X118.598 Y119.729 E10.17377
G0 F3600 X118.032 Y119.729
G1 F1800 X108.819 Y110.516 E10.33716
G0 F3600 X108.819 Y111.082
G1 F1800 X117.466 Y119.729 E10.49052
G0 F3600 X116.901 Y119.729
G1 F1800 X108.819 Y111.647 E10.63385
G0 F3600 X108.819 Y112.213
G1 F1800 X116.335 Y119.729 E10.76714
G0 F3600 X115.769 Y119.729
G1 F1800 X108.819 Y112.779 E10.8904
G0 F3600 X108.819 Y113.344
G1 F1800 X115.203 Y119.729 E11.00363
G0 F3600 X114.638 Y119.729
G1 F1800 X108.819 Y113.91 E11.10683
G0 F3600 X108.819 Y114.476
G1 F1800 X114.072 Y119.729 E11.19999
G0 F3600 X113.506 Y119.729
M104 S210
G1 F1800 X108.819 Y115.042 E11.28311
G0 F3600 X108.819 Y115.607
G1 F1800 X112.941 Y119.729 E11.35621
G0 F3600 X112.375 Y119.729
G1 F1800 X108.819 Y116.173 E11.41928
G0 F3600 X108.819 Y116.739
G1 F1800 X111.809 Y119.729 E11.4723
G0 F3600 X111.244 Y119.729
G1 F1800 X108.819 Y117.304 E11.51531
G0 F3600 X108.819 Y117.87
G1 F1800 X110.678 Y119.729 E11.54828
G0 F3600 X110.112 Y119.729
G1 F1800 X108.819 Y118.436 E11.57121
G0 F3600 X108.819 Y119.001
G1 F1800 X109.547 Y119.729 E11.58412
G0 F3600 X108.981 Y119.729
G1 F1800 X108.819 Y119.567 E11.587
;MESH:NONMESH
G0 F600 X108.819 Y119.567 Z0.4
G0 F3600 X135.68 Y120.23
G0 X135.75 Y120.3
;TIME_ELAPSED:37.771078
;LAYER:1
M106 S255
;TYPE:WALL-INNER
;MESH:output_v2\A_fina_suporte.stl
G1 F2700 X108.25 Y120.3 E11.93186
G1 X108.25 Y108.7 E12.07732
G1 X135.75 Y108.7 E12.42218
G1 X135.75 Y120.3 E12.56765
G0 F5400 X136.15 Y120.7
;TYPE:WALL-OUTER
G1 F1800 X107.85 Y120.7 E12.92254
G1 X107.85 Y108.3 E13.07805
G1 X136.15 Y108.3 E13.43294
G1 X136.15 Y120.7 E13.58844
G0 F5400 X135.95 Y120.7
G0 X135.36 Y119.91
;TYPE:SKIN
G1 F1800 X108.64 Y119.91 E13.92352
G1 X108.64 Y109.09 E14.0592
G1 X135.36 Y109.09 E14.39428
G1 X135.36 Y119.91 E14.52997
G0 F5400 X135.179 Y119.379
G1 F1800 X134.828 Y119.73 E14.53619
G0 F5400 X134.262 Y119.73
G1 F1800 X135.179 Y118.813 E14.55246
G0 F5400 X135.179 Y118.248
G1 F1800 X133.696 Y119.73 E14.57875
G0 F5400 X133.131 Y119.73
G1 F1800 X135.179 Y117.682 E14.61507
G0 F5400 X135.179 Y117.116
G1 F1800 X132.565 Y119.73 E14.66143
G0 F5400 X131.999 Y119.73
G1 F1800 X135.179 Y116.55 E14.71782
G0 F5400 X135.179 Y115.985
G1 F1800 X131.434 Y119.73 E14.78424
G0 F5400 X130.868 Y119.73
G1 F1800 X135.179 Y115.419 E14.8607
G0 F5400 X135.179 Y114.853
G1 F1800 X130.302 Y119.73 E14.94719
G0 F5400 X129.737 Y119.73
G1 F1800 X135.179 Y114.288 E15.0437
G0 F5400 X135.179 Y113.722
G1 F1800 X129.171 Y119.73 E15.15025
G0 F5400 X128.605 Y119.73
G1 F1800 X135.179 Y113.156 E15.26684
G0 F5400 X135.179 Y112.591
G1 F1800 X128.04 Y119.73 E15.39345
G0 F5400 X127.474 Y119.73
G1 F1800 X135.179 Y112.025 E15.53009
G0 F5400 X135.179 Y111.459
G1 F1800 X126.908 Y119.73 E15.67678
G0 F5400 X126.343 Y119.73
G1 F1800 X135.179 Y110.894 E15.83348
G0 F5400 X135.179 Y110.328
G1 F1800 X125.777 Y119.73 E16.00023
G0 F5400 X125.211 Y119.73
G1 F1800 X135.179 Y109.762 E16.17701
G0 F5400 X135.106 Y109.269
G1 F1800 X124.645 Y119.73 E16.36253
G0 F5400 X124.08 Y119.73
G1 F1800 X134.541 Y109.269 E16.54805
G0 F5400 X133.975 Y109.269
G1 F1800 X123.514 Y119.73 E16.73358
G0 F5400 X122.948 Y119.73
G1 F1800 X133.409 Y109.269 E16.9191
G0 F5400 X132.844 Y109.269
G1 F1800 X122.383 Y119.73 E17.10462
G0 F5400 X121.817 Y119.73
G1 F1800 X132.278 Y109.269 E17.29015
G0 F5400 X131.712 Y109.269
G1 F1800 X121.251 Y119.73 E17.47567
G0 F5400 X120.686 Y119.73
G1 F1800 X131.147 Y109.269 E17.66119
G0 F5400 X130.581 Y109.269
G1 F1800 X120.12 Y119.73 E17.84672
G0 F5400 X119.554 Y119.73
G1 F1800 X130.015 Y109.269 E18.03224
G0 F5400 X129.45 Y109.269
G1 F1800 X118.989 Y119.73 E18.21776
G0 F5400 X118.423 Y119.73
G1 F1800 X128.884 Y109.269 E18.40329
G0 F5400 X128.318 Y109.269
G1 F1800 X117.857 Y119.73 E18.58881
G0 F5400 X117.292 Y119.73
G1 F1800 X127.752 Y109.269 E18.77432
G0 F5400 X127.187 Y109.269
G1 F1800 X116.726 Y119.73 E18.95985
G0 F5400 X116.16 Y119.73
G1 F1800 X126.621 Y109.269 E19.14537
G0 F5400 X126.055 Y109.269
G1 F1800 X115.594 Y119.73 E19.33089
G0 F5400 X115.029 Y119.73
G1 F1800 X125.49 Y109.269 E19.51642
G0 F5400 X124.924 Y109.269
G1 F1800 X114.463 Y119.73 E19.70194
G0 F5400 X113.897 Y119.73
G1 F1800 X124.358 Y109.269 E19.88746
G0 F5400 X123.793 Y109.269
G1 F1800 X113.332 Y119.73 E20.07299
G0 F5400 X112.766 Y119.73
G1 F1800 X123.227 Y109.269 E20.25851
G0 F5400 X122.661 Y109.269
G1 F1800 X112.2 Y119.73 E20.44403
G0 F5400 X111.635 Y119.73
G1 F1800 X122.096 Y109.269 E20.62956
G0 F5400 X121.53 Y109.269
G1 F1800 X111.069 Y119.73 E20.81508
G0 F5400 X110.503 Y119.73
G1 F1800 X120.964 Y109.269 E21.0006
G0 F5400 X120.399 Y109.269
G1 F1800 X109.938 Y119.73 E21.18613
G0 F5400 X109.372 Y119.73
G1 F1800 X119.833 Y109.269 E21.37165
G0 F5400 X119.267 Y109.269
G1 F1800 X108.82 Y119.716 E21.55693
G0 F5400 X108.82 Y119.151
G1 F1800 X118.702 Y109.269 E21.73218
G0 F5400 X118.136 Y109.269
G1 F1800 X108.82 Y118.585 E21.8974
G0 F5400 X108.82 Y118.019
G1 F1800 X117.57 Y109.269 E22.05258
G0 F5400 X117.004 Y109.269
G1 F1800 X108.82 Y117.453 E22.19772
G0 F5400 X108.82 Y116.888
G1 F1800 X116.439 Y109.269 E22.33284
G0 F5400 X115.873 Y109.269
G1 F1800 X108.82 Y116.322 E22.45792
G0 F5400 X108.82 Y115.756
G1 F1800 X115.307 Y109.269 E22.57297
G0 F5400 X114.742 Y109.269
G1 F1800 X108.82 Y115.191 E22.67799
G0 F5400 X108.82 Y114.625
G1 F1800 X114.176 Y109.269 E22.77298
G0 F5400 X113.61 Y109.269
G1 F1800 X108.82 Y114.059 E22.85793
G0 F5400 X108.82 Y113.494
G1 F1800 X113.045 Y109.269 E22.93286
G0 F5400 X112.479 Y109.269
G1 F1800 X108.82 Y112.928 E22.99775
G0 F5400 X108.82 Y112.362
G1 F1800 X111.913 Y109.269 E23.0526
G0 F5400 X111.348 Y109.269
G1 F1800 X108.82 Y111.797 E23.09744
G0 F5400 X108.82 Y111.231
G1 F1800 X110.782 Y109.269 E23.13223
G0 F5400 X110.216 Y109.269
G1 F1800 X108.82 Y110.665 E23.15699
G0 F5400 X108.82 Y110.1
G1 F1800 X109.651 Y109.269 E23.17173
G0 F5400 X109.085 Y109.269
G1 F1800 X108.82 Y109.534 E23.17643
;MESH:NONMESH
G0 F600 X108.82 Y109.534 Z0.6
G0 F5400 X110.188 Y110.9
;TIME_ELAPSED:69.265919
;LAYER:2
;TYPE:WALL-OUTER
;MESH:output_v2\A_fina_suporte.stl
G1 F1800 X109.8 Y110.9 E23.18129
G1 X109.8 Y110.4 E23.18756
G1 X110.004 Y110.4 E23.19012
G1 X110.226 Y110.391 E23.19291
G1 X110.226 Y110.898 E23.19927
G1 X110.188 Y110.9 E23.19974
G0 F7200 X109.988 Y110.9
G0 X109.988 Y110.8
G1 F1500 E16.69974
G0 F7200 X109.877 Y113.42
G1 F1500 E23.19974
G0 F7200 X109.8 Y113.407
G1 F1800 X109.8 Y113.4 E23.19983
G1 X110.004 Y113.4 E23.20239
G1 X110.226 Y113.391 E23.20518
G1 X110.226 Y113.898 E23.21153
G1 X110.219 Y113.899 E23.21162
G1 X110.161 Y113.889 E23.21236
G1 X110.068 Y113.898 E23.21353
G1 X109.996 Y113.9 E23.21444
G1 X109.793 Y113.916 E23.21699
G1 X109.348 Y114.08 E23.22294
G1 X109.051 Y114.334 E23.22784
G1 X108.882 Y114.585 E23.23163
G1 X108.762 Y114.958 E23.23655
G1 X108.78 Y115.43 E23.24247
G1 X108.848 Y115.64 E23.24524
G1 X109.107 Y116.026 E23.25107
G1 X109.271 Y116.166 E23.25377
G1 X109.61 Y116.34 E23.25855
G1 X109.895 Y116.396 E23.26219
G1 X110.005 Y116.4 E23.26357
G1 X110.226 Y116.391 E23.26635
G1 X110.226 Y116.898 E23.2727
G1 X110.195 Y116.9 E23.27309
G1 X109.77 Y116.9 E23.27842
G1 X109.337 Y116.769 E23.2841
G1 X108.972 Y116.564 E23.28935
G1 X108.663 Y116.279 E23.29462
G1 X108.591 Y116.187 E23.29608
G1 X108.38 Y115.811 E23.30149
G1 X108.301 Y115.567 E23.30471
G1 X108.251 Y115.14 E23.3101
G1 X108.255 Y115.019 E23.31162
G1 X108.299 Y114.745 E23.3151
G1 X108.444 Y114.352 E23.32035
G1 X108.587 Y114.118 E23.32379
G1 X108.663 Y114.021 E23.32533
G1 X108.976 Y113.732 E23.33068
G1 X109.202 Y113.594 E23.334
G1 X109.602 Y113.446 E23.33934
G1 X109.8 Y113.407 E23.34188
G0 F7200 X109.8 Y113.4
G0 X109.993 Y113.4
G0 X109.971 Y113.648
;TYPE:SKIN
G1 F1800 X109.716 Y113.676 E23.34289
G1 X108.977 Y114.068 E23.3462
G1 X108.627 Y114.567 E23.34861
G1 X108.521 Y115.309 E23.35158
G1 X108.609 Y115.68 E23.35309
G0 F7200 X109.459 Y116.53
G1 F1800 X109.849 Y116.637 E23.35607
G0 F7200 X109.905 Y116.796
G1 F1500 E16.85607
G0 F7200 X110.213 Y119.401
G1 F1500 E23.35607
G0 F7200 X110.216 Y119.9
;TYPE:WALL-OUTER
G1 F1800 X109.8 Y119.9 E23.36129
G1 X109.8 Y119.4 E23.36756
G1 X110.006 Y119.4 E23.37014
G1 X110.226 Y119.387 E23.3729
G1 X110.226 Y119.898 E23.37931
G1 X110.216 Y119.9 E23.37944
G0 F7200 X110.016 Y119.9
G0 X110.033 Y119.8
G1 F1500 E16.87944
G0 F7200 X111.091 Y119.792
G0 X116.91 Y119.779
G0 X118.024 Y119.792
G1 F1500 E23.37944
G0 F7200 X118.032 Y119.891
G1 F1800 X117.982 Y119.9 E23.38008
G1 X117.8 Y119.9 E23.38236
G1 X117.775 Y119.893 E23.38268
G1 X117.774 Y119.39 E23.38899
G1 X117.896 Y119.398 E23.39052
G1 X118.226 Y119.391 E23.39466
G1 X118.226 Y119.891 E23.40093
G1 X118.032 Y119.891 E23.40337
G0 F7200 X117.982 Y119.9
G0 X117.832 Y119.9
G0 X118 Y119.697
;TYPE:SKIN
G1 F1800 X117.969 Y119.666 E23.40364
G0 F7200 X117.826 Y119.667
G1 F1500 E16.90364
G0 F7200 X117.875 Y119.668
G0 X117.981 Y116.881
G1 F1500 E23.40364
G0 F7200 X118.032 Y116.891
;TYPE:WALL-OUTER
G1 F1800 X117.982 Y116.9 E23.40428
G1 X117.8 Y116.9 E23.40656
G1 X117.775 Y116.893 E23.40689
G1 X117.774 Y116.39 E23.41319
G1 X117.896 Y116.398 E23.41473
G1 X118.226 Y116.391 E23.41887
G1 X118.226 Y116.891 E23.42514
G1 X118.032 Y116.891 E23.42757
G0 F7200 X117.982 Y116.9
G0 X117.832 Y116.9
G0 X118.175 Y116.501
G1 F1500 E16.92757
G0 F7200 X118.126 Y116.501
G0 X117.981 Y113.881
G1 F1500 E23.42757
G0 F7200 X118.032 Y113.891
G1 F1800 X117.982 Y113.9 E23.42821
G1 X117.8 Y113.9 E23.43049
G1 X117.775 Y113.893 E23.43081
G1 X117.774 Y113.39 E23.43712
G1 X117.896 Y113.398 E23.43866
G1 X118.226 Y113.391 E23.4428
G1 X118.226 Y113.891 E23.44907
G1 X118.032 Y113.891 E23.4515
G0 F7200 X117.982 Y113.9
G0 X117.832 Y113.9
G0 X118.175 Y113.501
G1 F1500 E16.9515
G0 F7200 X118.126 Y113.501
G0 X117.981 Y110.881
G1 F1500 E23.4515
G0 F7200 X118.032 Y110.891
G1 F1800 X117.982 Y110.9 E23.45214
G1 X117.8 Y110.9 E23.45442
G1 X117.775 Y110.893 E23.45474
G1 X117.774 Y110.39 E23.46105
G1 X117.896 Y110.398 E23.46258
G1 X118.226 Y110.391 E23.46672
G1 X118.226 Y110.891 E23.47299
G1 X118.032 Y110.891 E23.47543
G0 F7200 X117.982 Y110.9
G0 X117.832 Y110.9
G0 X118.03 Y110.676
;TYPE:SKIN
G1 F1800 X117.968 Y110.614 E23.47598
G0 F7200 X117.826 Y110.615
G1 F1500 E16.97598
G0 F7200 X117.875 Y110.616
G0 X119.091 Y110.792
G0 X124.91 Y110.779
G0 X126.024 Y110.792
G1 F1500 E23.47598
G0 F7200 X126.032 Y110.891
;TYPE:WALL-OUTER
G1 F1800 X125.982 Y110.9 E23.47661
G1 X125.8 Y110.9 E23.4789
G1 X125.775 Y110.893 E23.47922
G1 X125.774 Y110.391 E23.48552
G1 X126.104 Y110.398 E23.48966
G1 X126.226 Y110.39 E23.49119
G1 X126.226 Y110.891 E23.49747
G1 X126.032 Y110.891 E23.4999
G0 F7200 X125.982 Y110.9
G0 X125.832 Y110.9
G0 X126.175 Y110.501
G1 F1500 E16.9999
G0 F7200 X126.126 Y110.501
G0 X125.926 Y113.414
G1 F1500 E23.4999
G0 F7200 X126.032 Y113.891
G1 F1800 X125.982 Y113.9 E23.50054
G1 X125.8 Y113.9 E23.50282
G1 X125.775 Y113.893 E23.50315
G1 X125.774 Y113.391 E23.50944
G1 X126.104 Y113.398 E23.51358
G1 X126.226 Y113.39 E23.51512
G1 X126.226 Y113.891 E23.5214
G1 X126.032 Y113.891 E23.52383
G0 F7200 X125.982 Y113.9
G0 X125.832 Y113.9
G0 X126.175 Y113.501
G1 F1500 E17.02383
G0 F7200 X126.126 Y113.501
G0 X125.926 Y116.414
G1 F1500 E23.52383
G0 F7200 X126.032 Y116.891
G1 F1800 X125.982 Y116.9 E23.52447
G1 X125.8 Y116.9 E23.52675
G1 X125.775 Y116.893 E23.52708
G1 X125.774 Y116.391 E23.53337
G1 X126.104 Y116.398 E23.53751
G1 X126.226 Y116.39 E23.53905
G1 X126.226 Y116.891 E23.54533
G1 X126.032 Y116.891 E23.54776
G0 F7200 X125.982 Y116.9
G0 X125.832 Y116.9
G0 X126.026 Y116.693
;TYPE:SKIN
G1 F1800 X125.968 Y116.634 E23.54828
G0 F7200 X125.826 Y116.635
G1 F1500 E17.04828
G0 F7200 X125.875 Y116.636
G0 X125.926 Y119.414
G1 F1500 E23.54828
G0 F7200 X126.032 Y119.891
;TYPE:WALL-OUTER
G1 F1800 X125.982 Y119.9 E23.54892
G1 X125.8 Y119.9 E23.5512
G1 X125.775 Y119.893 E23.55152
G1 X125.774 Y119.391 E23.55782
G1 X126.104 Y119.398 E23.56196
G1 X126.226 Y119.39 E23.56349
G1 X126.226 Y119.891 E23.56978
G1 X126.032 Y119.891 E23.57221
G0 F7200 X125.982 Y119.9
G0 X125.832 Y119.9
G0 X126.175 Y119.501
G1 F1500 E17.07221
G0 F7200 X126.126 Y119.501
G0 X132.911 Y116.881
G0 X134.62 Y116.947
G1 F1500 E23.57221
G0 F7200 X134.573 Y117.035
G1 F1800 X134.203 Y116.915 E23.57709
G1 X134.004 Y116.9 E23.57959
G1 X133.932 Y116.898 E23.58049
G1 X133.838 Y116.889 E23.58168
G1 X133.775 Y116.893 E23.58247
G1 X133.774 Y116.391 E23.58876
G1 X133.996 Y116.4 E23.59155
G1 X134.23 Y116.4 E23.59448
G1 X134.67 Y116.533 E23.60025
G1 X134.919 Y116.661 E23.60376
G1 X135.019 Y116.727 E23.60526
G1 X135.337 Y117.021 E23.61069
G1 X135.409 Y117.113 E23.61216
G1 X135.616 Y117.482 E23.61746
G1 X135.727 Y117.878 E23.62262
G1 X135.743 Y118.293 E23.62783
G1 X135.729 Y118.416 E23.62938
G1 X135.616 Y118.818 E23.63462
G1 X135.409 Y119.187 E23.63992
G1 X135.339 Y119.276 E23.64134
G1 X135.019 Y119.573 E23.64682
G1 X134.925 Y119.636 E23.64824
G1 X134.535 Y119.816 E23.65362
G1 X134.21 Y119.899 E23.65783
G1 X134.135 Y119.898 E23.65877
G1 X134.041 Y119.889 E23.65996
G1 X133.981 Y119.9 E23.66072
G1 X133.8 Y119.9 E23.66299
G1 X133.775 Y119.893 E23.66332
G1 X133.774 Y119.391 E23.66961
G1 X133.995 Y119.4 E23.67238
G1 X134.109 Y119.396 E23.67382
G1 X134.467 Y119.31 E23.67843
G1 X134.582 Y119.258 E23.68002
G1 X134.944 Y118.972 E23.6858
G1 X135.068 Y118.801 E23.68845
G1 X135.191 Y118.536 E23.69211
G1 X135.249 Y118.24 E23.6959
G1 X135.193 Y117.767 E23.70187
G1 X135.018 Y117.425 E23.70669
G1 X134.941 Y117.326 E23.70826
G1 X134.573 Y117.035 E23.71414
G0 F7200 X134.383 Y116.974
G0 X134.199 Y116.663
;TYPE:SKIN
G1 F1800 X134.618 Y116.799 E23.71736
G0 F7200 X135.341 Y117.522
G1 F1800 X135.467 Y117.931 E23.71915
G1 X135.39 Y118.702 E23.72239
G1 X135.046 Y119.207 E23.72495
G1 X134.533 Y119.543 E23.72751
G1 X134.072 Y119.647 E23.72949
G0 F7200 X134.024 Y119.49
G1 F1500 E17.22949
G0 F7200 X134.023 Y119.5
G0 X134.972 Y118.999
G0 X135.231 Y117.756
G0 X134.126 Y116.42
G0 X134.187 Y113.886
G1 F1500 E23.72949
G0 F7200 X134.2 Y113.895
;TYPE:WALL-OUTER
G1 F1800 X134.2 Y113.9 E23.72955
G1 X134.135 Y113.898 E23.73
G1 X134.041 Y113.889 E23.73075
G1 X133.981 Y113.9 E23.73151
G1 X133.8 Y113.9 E23.73353
G1 X133.775 Y113.893 E23.73385
G1 X133.774 Y113.391 E23.74015
G1 X133.995 Y113.4 E23.74292
G1 X134.105 Y113.396 E23.7443
G1 X134.382 Y113.341 E23.74784
G1 X134.579 Y113.26 E23.75051
G1 X134.944 Y112.972 E23.75634
G1 X135.068 Y112.801 E23.75899
G1 X135.194 Y112.529 E23.76275
G1 X135.249 Y112.06 E23.76867
G1 X135.191 Y111.764 E23.77246
G1 X135.068 Y111.499 E23.77612
G1 X134.944 Y111.328 E23.77877
G1 X134.573 Y111.035 E23.7847
G1 X134.203 Y110.915 E23.78958
G1 X134.004 Y110.9 E23.79208
G1 X133.932 Y110.898 E23.79298
G1 X133.838 Y110.889 E23.79417
G1 X133.775 Y110.893 E23.79496
G1 X133.774 Y110.391 E23.80125
G1 X133.996 Y110.4 E23.80404
G1 X134.208 Y110.4 E23.8067
G1 X134.535 Y110.484 E23.81093
G1 X134.917 Y110.661 E23.81621
G1 X135.133 Y110.818 E23.81956
G1 X135.414 Y111.122 E23.82475
G1 X135.616 Y111.482 E23.82993
G1 X135.727 Y111.878 E23.83509
G1 X135.743 Y112.293 E23.84029
G1 X135.729 Y112.416 E23.84185
G1 X135.616 Y112.818 E23.84708
G1 X135.409 Y113.187 E23.85239
G1 X135.339 Y113.276 E23.85381
G1 X135.019 Y113.573 E23.85928
G1 X134.925 Y113.636 E23.8607
G1 X134.531 Y113.818 E23.86614
G1 X134.386 Y113.855 E23.86802
G1 X134.2 Y113.895 E23.87041
G0 F7200 X134.2 Y113.9
G0 X134.135 Y113.898
G0 X134.041 Y113.889
G0 X134.006 Y113.895
G0 X134.013 Y113.648
;TYPE:SKIN
G1 F1800 X134.267 Y113.62 E23.87138
G1 X134.861 Y113.365 E23.87385
G1 X135.273 Y112.929 E23.87614
G1 X135.481 Y112.288 E23.87871
G1 X135.391 Y111.633 E23.88124
G0 F7200 X134.504 Y110.745
G1 F1800 X134.132 Y110.656 E23.88395
G0 F7200 X134.093 Y110.505
G1 F1500 E17.38395
;MESH:NONMESH
G0 F600 X134.093 Y110.505 Z0.8
G0 F7200 X132.91 Y110.755
G0 X127.05 Y111.878
G0 X119.05 Y111.878
G0 X117.158 Y111.766
G0 X111.091 Y110.753
G1 F1500 E23.88395
G0 F7200 X110.278 Y110.883
;TIME_ELAPSED:80.007829
;LAYER:3
;TYPE:WALL-OUTER
;MESH:output_v2\A_fina_suporte.stl
G1 F1800 X110.2 Y110.887 E23.88493
G1 X110.2 Y110.393 E23.89112
G1 X110.325 Y110.38 E23.8927
G1 X110.435 Y110.363 E23.89409
G1 X110.436 Y110.858 E23.8979
G1 X110.278 Y110.883 E23.89991
G0 F7200 X110.2 Y110.887
G0 X110.2 Y110.765
G1 F1500 E17.39991
G0 F7200 X110.3 Y110.765
G0 X110.423 Y113.378
G0 X109.328 Y114.046
G0 X108.723 Y114.953
G0 X109.027 Y115.976
G1 F1500 E23.89991
G0 F7200 X109.61 Y116.34
G1 F1800 X109.895 Y116.396 E23.90355
G1 X110.005 Y116.4 E23.90493
G1 X110.214 Y116.392 E23.90756
G1 X110.325 Y116.38 E23.90896
G1 X110.435 Y116.363 E23.91035
G1 X110.436 Y116.858 E23.91656
G1 X110.269 Y116.884 E23.91868
G1 X110.145 Y116.895 E23.92024
G1 X109.978 Y116.899 E23.92233
G1 X109.866 Y116.894 E23.92374
G1 X109.719 Y116.877 E23.9256
G1 X109.671 Y116.868 E23.92621
G1 X109.477 Y116.807 E23.92876
G1 X109.335 Y116.768 E23.93061
G1 X108.972 Y116.564 E23.93583
G1 X108.663 Y116.279 E23.9411
G1 X108.591 Y116.187 E23.94256
G1 X108.38 Y115.811 E23.94797
G1 X108.301 Y115.567 E23.95119
G1 X108.251 Y115.14 E23.95658
G1 X108.255 Y115.019 E23.9581
G1 X108.299 Y114.745 E23.96158
G1 X108.444 Y114.352 E23.96683
G1 X108.587 Y114.118 E23.97027
G1 X108.663 Y114.021 E23.97181
G1 X108.976 Y113.732 E23.97716
G1 X109.202 Y113.594 E23.98048
G1 X109.595 Y113.449 E23.98573
G1 X109.818 Y113.414 E23.98856
G1 X109.94 Y113.409 E23.99009
G1 X110.011 Y113.4 E23.99099
G1 X110.214 Y113.392 E23.99354
G1 X110.325 Y113.38 E23.99494
G1 X110.435 Y113.363 E23.99633
G1 X110.436 Y113.858 E24.00254
G1 X110.269 Y113.884 E24.00466
G1 X110.143 Y113.895 E24.00625
G1 X109.995 Y113.9 E24.0081
G1 X109.793 Y113.916 E24.01064
G1 X109.348 Y114.08 E24.01659
G1 X109.051 Y114.334 E24.02149
G1 X108.882 Y114.585 E24.02529
G1 X108.762 Y114.958 E24.0302
G1 X108.78 Y115.43 E24.03612
G1 X108.848 Y115.64 E24.03889
G1 X109.107 Y116.026 E24.04472
G1 X109.271 Y116.166 E24.04743
G1 X109.61 Y116.34 E24.0522
G0 F7200 X109.806 Y116.378
G0 X109.716 Y116.557
;TYPE:SKIN
G1 F1800 X109.625 Y116.648 E24.05301
G0 F7200 X109.45 Y116.54
G1 F1800 X109.265 Y116.442 E24.05371
G1 X108.811 Y116.047 E24.05572
G1 X108.538 Y115.472 E24.05785
G1 X108.523 Y114.921 E24.05969
G1 X108.673 Y114.489 E24.06122
G1 X109.355 Y113.806 E24.06445
G1 X110.082 Y113.645 E24.06693
G0 F7200 X110.139 Y113.588
G0 X109.022 Y114.308
G0 X108.741 Y115.436
G0 X109.965 Y116.592
G0 X109.913 Y116.643
G1 F1800 X110.19 Y116.648 E24.06873
G0 F7200 X110.042 Y116.8
G1 F1500 E17.56873
G0 F7200 X110.043 Y116.797
G0 X110.121 Y119.394
G1 F1500 E24.06873
G0 F7200 X109.858 Y119.9
;TYPE:WALL-OUTER
G1 F1800 X109.671 Y119.9 E24.07107
G1 X109.672 Y119.4 E24.07734
G1 X110.006 Y119.4 E24.08153
G1 X110.199 Y119.389 E24.08396
G1 X110.231 Y119.389 E24.08436
G1 X110.324 Y119.381 E24.08553
G1 X110.435 Y119.364 E24.08694
G1 X110.436 Y119.858 E24.09313
G1 X110.269 Y119.884 E24.09525
G1 X110.128 Y119.896 E24.09702
G1 X109.858 Y119.9 E24.10041
G0 F7200 X109.671 Y119.9
G0 X109.671 Y119.887
G0 X109.965 Y119.703
;TYPE:SKIN
G1 F1800 X110.078 Y119.589 E24.10142
G0 F7200 X110.086 Y119.496
G1 F1500 E17.60142
G0 F7200 X111.301 Y119.844
G0 X116.701 Y119.834
G0 X118.276 Y119.781
G1 F1500 E24.10142
G0 F7200 X118.282 Y119.882
;TYPE:WALL-OUTER
G1 F1800 X117.711 Y119.882 E24.10858
G1 X117.565 Y119.859 E24.11043
G1 X117.564 Y119.363 E24.11665
G1 X117.675 Y119.38 E24.11806
G1 X117.784 Y119.391 E24.11943
G1 X117.896 Y119.398 E24.12084
G1 X118.212 Y119.392 E24.1248
G1 X118.325 Y119.38 E24.12623
G1 X118.435 Y119.363 E24.12763
G1 X118.436 Y119.858 E24.13383
G1 X118.282 Y119.882 E24.13579
G0 F7200 X118.082 Y119.882
G0 X118.212 Y119.658
;TYPE:SKIN
G1 F1800 X117.949 Y119.638 E24.13713
G0 F7200 X117.906 Y119.798
G1 F1500 E17.63713
G0 F7200 X117.906 Y119.782
G0 X118.281 Y116.863
G1 F1500 E24.13713
G0 F7200 X118.282 Y116.882
;TYPE:WALL-OUTER
G1 F1800 X117.714 Y116.882 E24.14426
G1 X117.565 Y116.859 E24.14615
G1 X117.564 Y116.363 E24.15237
G1 X117.675 Y116.38 E24.15377
G1 X117.784 Y116.391 E24.15515
G1 X117.896 Y116.398 E24.15656
G1 X118.212 Y116.392 E24.16052
G1 X118.325 Y116.38 E24.16194
G1 X118.435 Y116.363 E24.16334
G1 X118.436 Y116.858 E24.16955
G1 X118.282 Y116.882 E24.1715
G0 F7200 X118.082 Y116.882
G0 X118.121 Y116.637
;TYPE:SKIN
G1 F1800 X117.836 Y116.639 E24.17323
G0 F7200 X117.769 Y116.791
G1 F1500 E17.67323
G0 F7200 X117.769 Y116.782
G0 X118.281 Y113.863
G1 F1500 E24.17323
G0 F7200 X118.282 Y113.882
;TYPE:WALL-OUTER
G1 F1800 X117.711 Y113.882 E24.18039
G1 X117.565 Y113.859 E24.18224
G1 X117.564 Y113.363 E24.18846
G1 X117.675 Y113.38 E24.18987
G1 X117.784 Y113.391 E24.19124
G1 X117.896 Y113.398 E24.19265
G1 X118.212 Y113.392 E24.19661
G1 X118.325 Y113.38 E24.19804
G1 X118.435 Y113.363 E24.19943
G1 X118.436 Y113.858 E24.20564
G1 X118.282 Y113.882 E24.2076
G0 F7200 X118.082 Y113.882
G0 X117.961 Y113.686
;TYPE:SKIN
G1 F1800 X118.058 Y113.589 E24.20846
G0 F7200 X118.061 Y113.482
G1 F1500 E17.70846
G0 F7200 X118.06 Y113.495
G0 X118.281 Y110.863
G1 F1500 E24.20846
G0 F7200 X118.282 Y110.882
;TYPE:WALL-OUTER
G1 F1800 X117.711 Y110.882 E24.21562
G1 X117.565 Y110.859 E24.21747
G1 X117.564 Y110.363 E24.22369
G1 X117.675 Y110.38 E24.2251
G1 X117.784 Y110.391 E24.22647
G1 X117.896 Y110.398 E24.22788
G1 X118.212 Y110.392 E24.23184
G1 X118.325 Y110.38 E24.23327
G1 X118.435 Y110.363 E24.23466
G1 X118.436 Y110.858 E24.24087
G1 X118.282 Y110.882 E24.24283
G0 F7200 X118.082 Y110.882
G0 X118.182 Y110.636
;TYPE:SKIN
G1 F1800 X117.897 Y110.638 E24.24455
G0 F7200 X117.829 Y110.795
G1 F1500 E17.74455
G0 F7200 X117.829 Y110.782
G0 X119.301 Y110.843
G0 X124.701 Y110.833
G0 X126.276 Y110.781
G1 F1500 E24.24455
G0 F7200 X126.282 Y110.882
;TYPE:WALL-OUTER
G1 F1800 X125.714 Y110.882 E24.25167
G1 X125.565 Y110.859 E24.25356
G1 X125.564 Y110.363 E24.25978
G1 X125.675 Y110.38 E24.26119
G1 X125.788 Y110.392 E24.26262
G1 X126.104 Y110.398 E24.26658
G1 X126.216 Y110.391 E24.26799
G1 X126.325 Y110.38 E24.26936
G1 X126.435 Y110.363 E24.27076
G1 X126.436 Y110.858 E24.27697
G1 X126.282 Y110.882 E24.27892
G0 F7200 X126.082 Y110.882
G0 X126.1 Y110.638
;TYPE:SKIN
G1 F1800 X125.818 Y110.636 E24.28065
G0 F7200 X125.736 Y110.791
G1 F1500 E17.78065
G0 F7200 X125.736 Y110.782
G0 X126.423 Y113.378
G1 F1500 E24.28065
G0 F7200 X126.282 Y113.882
;TYPE:WALL-OUTER
G1 F1800 X125.714 Y113.882 E24.28777
G1 X125.565 Y113.859 E24.28966
G1 X125.564 Y113.363 E24.29588
G1 X125.675 Y113.38 E24.29729
G1 X125.788 Y113.392 E24.29872
G1 X126.104 Y113.398 E24.30268
G1 X126.216 Y113.391 E24.30409
G1 X126.325 Y113.38 E24.30546
G1 X126.435 Y113.363 E24.30686
G1 X126.436 Y113.858 E24.31307
G1 X126.282 Y113.882 E24.31502
G0 F7200 X126.082 Y113.882
G0 X126.201 Y113.649
;TYPE:SKIN
G1 F1800 X125.928 Y113.639 E24.31654
G0 F7200 X125.874 Y113.793
G1 F1500 E17.81654
G0 F7200 X125.874 Y113.782
G0 X126.423 Y116.378
G1 F1500 E24.31654
G0 F7200 X126.282 Y116.882
;TYPE:WALL-OUTER
G1 F1800 X125.714 Y116.882 E24.32366
G1 X125.565 Y116.859 E24.32555
G1 X125.564 Y116.363 E24.33177
G1 X125.675 Y116.38 E24.33318
G1 X125.788 Y116.392 E24.33461
G1 X126.104 Y116.398 E24.33857
G1 X126.216 Y116.391 E24.33998
G1 X126.325 Y116.38 E24.34135
G1 X126.435 Y116.363 E24.34275
G1 X126.436 Y116.858 E24.34895
G1 X126.282 Y116.882 E24.35091
G0 F7200 X126.082 Y116.882
G0 X126.039 Y116.639
;TYPE:SKIN
G1 F1800 X125.783 Y116.612 E24.35219
G0 F7200 X125.962 Y116.795
G1 F1500 E17.85219
G0 F7200 X125.962 Y116.782
G0 X126.423 Y119.378
G1 F1500 E24.35219
G0 F7200 X126.282 Y119.882
;TYPE:WALL-OUTER
G1 F1800 X125.714 Y119.882 E24.35932
G1 X125.565 Y119.859 E24.36121
G1 X125.564 Y119.363 E24.36743
G1 X125.675 Y119.38 E24.36884
G1 X125.788 Y119.392 E24.37026
G1 X126.104 Y119.398 E24.37423
G1 X126.216 Y119.391 E24.37563
G1 X126.325 Y119.38 E24.37701
G1 X126.435 Y119.363 E24.3784
G1 X126.436 Y119.858 E24.38461
G1 X126.282 Y119.882 E24.38656
G0 F7200 X126.082 Y119.882
G0 X126.153 Y119.637
;TYPE:SKIN
G1 F1800 X125.869 Y119.638 E24.38831
G0 F7200 X125.814 Y119.792
G1 F1500 E17.88831
G0 F7200 X125.814 Y119.782
G0 X127.3 Y119.376
G0 X132.701 Y116.848
G0 X134.62 Y116.947
G1 F1500 E24.38831
G0 F7200 X134.573 Y117.035
;TYPE:WALL-OUTER
G1 F1800 X134.202 Y116.915 E24.3932
G1 X134.033 Y116.903 E24.39533
G1 X133.91 Y116.899 E24.39687
G1 X133.727 Y116.884 E24.39917
G1 X133.565 Y116.859 E24.40123
G1 X133.564 Y116.363 E24.40745
G1 X133.675 Y116.38 E24.40886
G1 X133.786 Y116.392 E24.41026
G1 X133.989 Y116.4 E24.41281
G1 X134.164 Y116.41 E24.415
G1 X134.283 Y116.423 E24.4165
G1 X134.329 Y116.432 E24.41709
G1 X134.523 Y116.493 E24.41964
G1 X134.671 Y116.534 E24.42157
G1 X134.919 Y116.661 E24.42506
G1 X135.019 Y116.727 E24.42657
G1 X135.337 Y117.021 E24.432
G1 X135.409 Y117.113 E24.43346
G1 X135.616 Y117.482 E24.43877
G1 X135.727 Y117.878 E24.44392
G1 X135.743 Y118.293 E24.44913
G1 X135.729 Y118.416 E24.45069
G1 X135.616 Y118.818 E24.45592
G1 X135.409 Y119.187 E24.46123
G1 X135.337 Y119.279 E24.46269
G1 X135.019 Y119.573 E24.46812
G1 X134.925 Y119.636 E24.46954
G1 X134.535 Y119.816 E24.47493
G1 X134.393 Y119.852 E24.47677
G1 X134.27 Y119.878 E24.47834
G1 X134.134 Y119.894 E24.48006
G1 X133.999 Y119.9 E24.48175
G1 X133.857 Y119.895 E24.48354
G1 X133.721 Y119.883 E24.48525
G1 X133.653 Y119.874 E24.48611
G1 X133.565 Y119.859 E24.48723
G1 X133.564 Y119.363 E24.49345
G1 X133.675 Y119.38 E24.49486
G1 X133.786 Y119.392 E24.49626
G1 X133.995 Y119.4 E24.49888
G1 X134.109 Y119.396 E24.50031
G1 X134.467 Y119.31 E24.50493
G1 X134.582 Y119.258 E24.50651
G1 X134.944 Y118.972 E24.5123
G1 X135.068 Y118.801 E24.51494
G1 X135.191 Y118.536 E24.51861
G1 X135.249 Y118.24 E24.52239
G1 X135.193 Y117.767 E24.52836
G1 X135.018 Y117.425 E24.53318
G1 X134.941 Y117.326 E24.53475
G1 X134.573 Y117.035 E24.54064
G0 F7200 X134.383 Y116.974
G0 X134.436 Y116.727
;TYPE:SKIN
G1 F1800 X134.646 Y116.8 E24.54148
G1 X135.246 Y117.331 E24.5445
G1 X135.473 Y117.953 E24.547
G1 X135.434 Y118.557 E24.54928
G1 X135.048 Y119.226 E24.55219
G1 X134.406 Y119.585 E24.55497
G1 X133.798 Y119.627 E24.55727
G0 F7200 X133.759 Y119.667
G0 X134.972 Y118.999
G0 X135.231 Y117.756
G0 X133.895 Y116.703
G0 X133.948 Y116.649
G1 F1800 X134.214 Y116.666 E24.55909
G0 F7200 X134.278 Y116.523
G1 F1500 E18.05909
G0 F7200 X134.278 Y116.525
G0 X134.133 Y113.875
G0 X135.102 Y112.821
G0 X135.102 Y111.479
G1 F1500 E24.55909
G0 F7200 X134.573 Y111.035
;TYPE:WALL-OUTER
G1 F1800 X134.202 Y110.915 E24.56398
G1 X134.033 Y110.903 E24.56611
G1 X133.91 Y110.899 E24.56765
G1 X133.721 Y110.883 E24.57003
G1 X133.653 Y110.874 E24.57089
G1 X133.565 Y110.859 E24.57201
G1 X133.564 Y110.363 E24.57823
G1 X133.675 Y110.38 E24.57964
G1 X133.786 Y110.392 E24.58104
G1 X133.989 Y110.4 E24.58359
G1 X134.164 Y110.41 E24.58579
G1 X134.283 Y110.423 E24.58729
G1 X134.335 Y110.433 E24.58795
G1 X134.533 Y110.484 E24.59051
G1 X134.917 Y110.661 E24.59582
G1 X135.133 Y110.818 E24.59917
G1 X135.414 Y111.122 E24.60436
G1 X135.616 Y111.482 E24.60953
G1 X135.727 Y111.878 E24.61469
G1 X135.743 Y112.293 E24.6199
G1 X135.729 Y112.416 E24.62145
G1 X135.616 Y112.818 E24.62669
G1 X135.409 Y113.187 E24.63199
G1 X135.337 Y113.279 E24.63346
G1 X135.019 Y113.573 E24.63889
G1 X134.925 Y113.636 E24.64031
G1 X134.535 Y113.816 E24.6457
G1 X134.393 Y113.852 E24.64753
G1 X134.27 Y113.878 E24.64911
G1 X134.134 Y113.894 E24.65083
G1 X133.999 Y113.9 E24.65252
G1 X133.857 Y113.895 E24.6543
G1 X133.721 Y113.883 E24.65601
G1 X133.653 Y113.874 E24.65688
G1 X133.565 Y113.859 E24.65799
G1 X133.564 Y113.363 E24.66421
G1 X133.675 Y113.38 E24.66562
G1 X133.786 Y113.392 E24.66702
G1 X133.995 Y113.4 E24.66965
G1 X134.105 Y113.396 E24.67103
G1 X134.382 Y113.341 E24.67457
G1 X134.579 Y113.26 E24.67724
G1 X134.944 Y112.972 E24.68307
G1 X135.068 Y112.801 E24.68572
G1 X135.194 Y112.529 E24.68948
G1 X135.249 Y112.06 E24.6954
G1 X135.191 Y111.764 E24.69918
G1 X135.068 Y111.499 E24.70285
G1 X134.944 Y111.328 E24.70549
G1 X134.573 Y111.035 E24.71142
G0 F7200 X134.383 Y110.974
G0 X134.483 Y110.74
;TYPE:SKIN
G1 F1800 X134.686 Y110.82 E24.71209
G1 X135.272 Y111.366 E24.71453
G1 X135.488 Y111.998 E24.71656
G1 X135.395 Y112.657 E24.71859
G1 X135.179 Y113.156 E24.72025
G1 X134.495 Y113.556 E24.72266
G1 X133.844 Y113.642 E24.72466
G0 F7200 X133.793 Y113.693
G0 X134.972 Y112.999
G0 X135.102 Y111.479
G0 X133.953 Y110.705
G0 X134.006 Y110.652
G1 F1800 X134.267 Y110.674 E24.72543
G1 X133.773 Y110.601 E24.72689
G0 F7200 X133.958 Y110.799
G1 F1500 E18.22689
;MESH:NONMESH
G0 F600 X133.958 Y110.799 Z1
G0 F7200 X132.7 Y110.394
G0 X126.351 Y111.746
G0 X117.517 Y111.728
G0 X111.3 Y110.436
G1 F1500 E24.72689
G0 F7200 X110.541 Y110.347
;TIME_ELAPSED:91.639083
;LAYER:4
;TYPE:WALL-OUTER
;MESH:output_v2\A_fina_suporte.stl
G1 F1800 X110.645 Y110.319 E24.72824
G1 X110.646 Y110.805 E24.73433
G1 X110.463 Y110.854 E24.73671
G1 X110.278 Y110.883 E24.73906
G1 X110.2 Y110.887 E24.74004
G1 X110.2 Y110.393 E24.74623
G1 X110.325 Y110.38 E24.74781
G1 X110.541 Y110.347 E24.75055
G0 F7200 X110.645 Y110.319
G0 X110.645 Y110.412
G0 X110.283 Y110.789
G1 F1500 E18.25055
G0 F7200 X110.299 Y110.779
G0 X110.545 Y113.366
G0 X109.328 Y114.046
G0 X108.723 Y114.953
G0 X109.027 Y115.976
G1 F1500 E24.75055
G0 F7200 X109.61 Y116.34
G1 F1800 X109.895 Y116.396 E24.75419
G1 X110.005 Y116.4 E24.75557
G1 X110.214 Y116.392 E24.75819
G1 X110.325 Y116.38 E24.75959
G1 X110.541 Y116.347 E24.76233
G1 X110.645 Y116.319 E24.76368
G1 X110.646 Y116.805 E24.76978
G1 X110.463 Y116.854 E24.77215
G1 X110.269 Y116.884 E24.77462
G1 X110.143 Y116.895 E24.7762
G1 X110.002 Y116.9 E24.77797
G1 X109.866 Y116.894 E24.77968
G1 X109.702 Y116.874 E24.78175
G1 X109.587 Y116.838 E24.78326
G1 X109.335 Y116.768 E24.78654
G1 X108.972 Y116.564 E24.79176
G1 X108.663 Y116.279 E24.79704
G1 X108.591 Y116.187 E24.7985
G1 X108.38 Y115.811 E24.80391
G1 X108.301 Y115.567 E24.80712
G1 X108.251 Y115.14 E24.81251
G1 X108.255 Y115.019 E24.81403
G1 X108.299 Y114.745 E24.81751
G1 X108.444 Y114.352 E24.82277
G1 X108.587 Y114.118 E24.82621
G1 X108.663 Y114.021 E24.82775
G1 X108.976 Y113.732 E24.83309
G1 X109.202 Y113.594 E24.83641
G1 X109.595 Y113.449 E24.84167
G1 X109.715 Y113.431 E24.84319
G1 X109.788 Y113.428 E24.8441
G1 X110.019 Y113.4 E24.84702
G1 X110.214 Y113.392 E24.84947
G1 X110.325 Y113.38 E24.85087
G1 X110.541 Y113.347 E24.85361
G1 X110.645 Y113.319 E24.85496
G1 X110.646 Y113.805 E24.86106
G1 X110.463 Y113.854 E24.86343
G1 X110.269 Y113.884 E24.86589
G1 X110.143 Y113.895 E24.86748
G1 X109.996 Y113.9 E24.86932
G1 X109.793 Y113.916 E24.87188
G1 X109.348 Y114.08 E24.87782
G1 X109.051 Y114.334 E24.88273
G1 X108.882 Y114.585 E24.88652
G1 X108.762 Y114.958 E24.89143
G1 X108.78 Y115.43 E24.89736
G1 X108.848 Y115.64 E24.90013
G1 X109.107 Y116.026 E24.90595
G1 X109.271 Y116.166 E24.90866
G1 X109.61 Y116.34 E24.91344
G0 F7200 X109.806 Y116.378
G0 X109.847 Y116.635
;TYPE:SKIN
G1 F1800 X110.137 Y116.643 E24.91437
G1 X110.392 Y116.615 E24.9152
G1 X109.456 Y116.527 E24.91823
G0 F7200 X108.609 Y115.68
G1 F1800 X108.521 Y115.309 E24.91976
G1 X108.627 Y114.567 E24.92276
G1 X108.977 Y114.068 E24.9252
G1 X109.507 Y113.75 E24.92767
G1 X110.241 Y113.635 E24.93064
G0 F7200 X110.29 Y113.789
G1 F1500 E18.43064
G0 F7200 X110.29 Y113.78
G0 X109.022 Y114.308
G0 X108.741 Y115.436
G0 X110.267 Y116.865
G0 X110.633 Y119.334
G1 F1500 E24.93064
G0 F7200 X110.541 Y119.347
;TYPE:WALL-OUTER
G1 F1800 X110.645 Y119.319 E24.93199
G1 X110.646 Y119.805 E24.93809
G1 X110.463 Y119.854 E24.94046
G1 X110.269 Y119.884 E24.94293
G1 X110.098 Y119.897 E24.94508
G1 X109.959 Y119.899 E24.94682
G1 X109.692 Y119.898 E24.95017
G1 X109.549 Y119.9 E24.95196
G1 X109.548 Y119.4 E24.95823
G1 X110.004 Y119.4 E24.96395
G1 X110.183 Y119.393 E24.9662
G1 X110.324 Y119.381 E24.96797
G1 X110.541 Y119.347 E24.97073
G0 F7200 X110.645 Y119.319
G0 X110.645 Y119.412
G0 X110.295 Y119.628
;TYPE:SKIN
G1 F1800 X110.03 Y119.647 E24.97193
G1 X109.772 Y119.672 E24.97311
G0 F7200 X109.949 Y119.8
G1 F1500 E18.47311
G0 F7200 X109.949 Y119.799
G0 X111.51 Y119.457
G0 X116.49 Y119.448
G0 X118.545 Y119.443
G1 F1500 E24.97311
G0 F7200 X118.541 Y119.347
;TYPE:WALL-OUTER
G1 F1800 X118.645 Y119.319 E24.97446
G1 X118.646 Y119.805 E24.98056
G1 X118.463 Y119.854 E24.98293
G1 X118.282 Y119.882 E24.98523
G1 X117.718 Y119.882 E24.9923
G1 X117.536 Y119.854 E24.99461
G1 X117.355 Y119.805 E24.99696
G1 X117.354 Y119.319 E25.00306
G1 X117.459 Y119.347 E25.00442
G1 X117.676 Y119.381 E25.00718
G1 X117.896 Y119.398 E25.00994
G1 X118.212 Y119.392 E25.01391
G1 X118.325 Y119.38 E25.01533
G1 X118.541 Y119.347 E25.01807
G0 F7200 X118.645 Y119.319
G0 X118.645 Y119.412
G0 X118.222 Y119.636
;TYPE:SKIN
G1 F1800 X117.942 Y119.639 E25.01942
G1 X117.643 Y119.622 E25.02086
G0 F7200 X117.599 Y119.46
G1 F1500 E18.52086
G0 F7200 X117.597 Y119.47
G0 X118.281 Y116.863
G1 F1500 E25.02086
G0 F7200 X118.541 Y116.347
;TYPE:WALL-OUTER
G1 F1800 X118.645 Y116.319 E25.02221
G1 X118.646 Y116.805 E25.02831
G1 X118.463 Y116.854 E25.03069
G1 X118.282 Y116.882 E25.03298
G1 X117.714 Y116.882 E25.04011
G1 X117.541 Y116.855 E25.0423
G1 X117.355 Y116.805 E25.04472
G1 X117.354 Y116.319 E25.05081
G1 X117.459 Y116.347 E25.05217
G1 X117.676 Y116.381 E25.05493
G1 X117.896 Y116.398 E25.0577
G1 X118.212 Y116.392 E25.06166
G1 X118.325 Y116.38 E25.06308
G1 X118.541 Y116.347 E25.06582
G0 F7200 X118.645 Y116.319
G0 X118.645 Y116.412
G0 X118.323 Y116.626
;TYPE:SKIN
G1 F1800 X118.052 Y116.638 E25.06711
G1 X117.764 Y116.632 E25.06847
G0 F7200 X117.743 Y116.482
G1 F1500 E18.56847
G0 F7200 X117.743 Y116.486
G0 X118.281 Y113.863
G1 F1500 E25.06847
G0 F7200 X118.541 Y113.347
;TYPE:WALL-OUTER
G1 F1800 X118.645 Y113.319 E25.06982
G1 X118.646 Y113.805 E25.07591
G1 X118.463 Y113.854 E25.07829
G1 X118.282 Y113.882 E25.08058
G1 X117.718 Y113.882 E25.08766
G1 X117.536 Y113.854 E25.08997
G1 X117.355 Y113.805 E25.09232
G1 X117.354 Y113.319 E25.09841
G1 X117.459 Y113.347 E25.09978
G1 X117.676 Y113.381 E25.10253
G1 X117.896 Y113.398 E25.1053
G1 X118.212 Y113.392 E25.10926
G1 X118.325 Y113.38 E25.11069
G1 X118.541 Y113.347 E25.11343
G0 F7200 X118.645 Y113.319
G0 X118.645 Y113.412
G0 X118.414 Y113.605
;TYPE:SKIN
G1 F1800 X118.162 Y113.637 E25.11439
G1 X117.59 Y113.63 E25.11657
G0 F7200 X117.74 Y113.788
G1 F1500 E18.61657
G0 F7200 X117.74 Y113.782
G0 X118.281 Y110.863
G1 F1500 E25.11657
G0 F7200 X118.541 Y110.347
;TYPE:WALL-OUTER
G1 F1800 X118.645 Y110.319 E25.11792
G1 X118.646 Y110.805 E25.12402
G1 X118.463 Y110.854 E25.12639
G1 X118.282 Y110.882 E25.12869
G1 X117.718 Y110.882 E25.13576
G1 X117.536 Y110.854 E25.13807
G1 X117.355 Y110.805 E25.14042
G1 X117.354 Y110.319 E25.14652
G1 X117.459 Y110.347 E25.14788
G1 X117.676 Y110.381 E25.15063
G1 X117.896 Y110.398 E25.1534
G1 X118.212 Y110.392 E25.15736
G1 X118.325 Y110.38 E25.15879
G1 X118.541 Y110.347 E25.16153
G0 F7200 X118.645 Y110.319
G0 X118.645 Y110.412
G0 X118.27 Y110.633
;TYPE:SKIN
G1 F1800 X117.993 Y110.639 E25.16284
G1 X117.701 Y110.63 E25.16422
G0 F7200 X117.66 Y110.469
G1 F1500 E18.66422
G0 F7200 X117.665 Y110.48
G0 X119.51 Y110.457
G0 X124.49 Y110.448
G0 X126.545 Y110.443
G1 F1500 E25.16422
G0 F7200 X126.542 Y110.347
;TYPE:WALL-OUTER
G1 F1800 X126.645 Y110.319 E25.16556
G1 X126.646 Y110.805 E25.17166
G1 X126.463 Y110.854 E25.17403
G1 X126.282 Y110.882 E25.17633
G1 X125.714 Y110.882 E25.18345
G1 X125.541 Y110.855 E25.18565
G1 X125.355 Y110.805 E25.18806
G1 X125.354 Y110.319 E25.19416
G1 X125.459 Y110.347 E25.19552
G1 X125.675 Y110.38 E25.19826
G1 X125.788 Y110.392 E25.19969
G1 X126.105 Y110.398 E25.20366
G1 X126.257 Y110.388 E25.20557
G1 X126.424 Y110.366 E25.20769
G1 X126.542 Y110.347 E25.20918
G0 F7200 X126.645 Y110.319
G0 X126.645 Y110.413
G0 X126.427 Y110.588
;TYPE:SKIN
G1 F1800 X126.195 Y110.638 E25.21011
G1 X125.608 Y110.617 E25.21239
G0 F7200 X125.73 Y110.79
G1 F1500 E18.71239
G0 F7200 X125.73 Y110.782
G0 X126.633 Y113.334
G1 F1500 E25.21239
G0 F7200 X126.542 Y113.347
;TYPE:WALL-OUTER
G1 F1800 X126.645 Y113.319 E25.21372
G1 X126.646 Y113.805 E25.21982
G1 X126.463 Y113.854 E25.22219
G1 X126.282 Y113.882 E25.22449
G1 X125.714 Y113.882 E25.23161
G1 X125.541 Y113.855 E25.23381
G1 X125.355 Y113.805 E25.23623
G1 X125.354 Y113.319 E25.24232
G1 X125.459 Y113.347 E25.24368
G1 X125.675 Y113.38 E25.24642
G1 X125.788 Y113.392 E25.24785
G1 X126.105 Y113.398 E25.25182
G1 X126.257 Y113.388 E25.25373
G1 X126.424 Y113.366 E25.25585
G1 X126.542 Y113.347 E25.25735
G0 F7200 X126.645 Y113.319
G0 X126.645 Y113.413
G0 X126.35 Y113.622
;TYPE:SKIN
G1 F1800 X126.084 Y113.639 E25.2586
G1 X125.797 Y113.635 E25.25995
G0 F7200 X125.724 Y113.482
G1 F1500 E18.75995
G0 F7200 X125.724 Y113.486
G0 X126.633 Y116.334
G1 F1500 E25.25995
G0 F7200 X126.542 Y116.347
;TYPE:WALL-OUTER
G1 F1800 X126.645 Y116.319 E25.26129
G1 X126.646 Y116.805 E25.26739
G1 X126.463 Y116.854 E25.26976
G1 X126.282 Y116.882 E25.27206
G1 X125.714 Y116.882 E25.27918
G1 X125.541 Y116.855 E25.28138
G1 X125.355 Y116.805 E25.28379
G1 X125.354 Y116.319 E25.28989
G1 X125.459 Y116.347 E25.29125
G1 X125.675 Y116.38 E25.29399
G1 X125.788 Y116.392 E25.29542
G1 X126.105 Y116.398 E25.29939
G1 X126.257 Y116.388 E25.3013
G1 X126.424 Y116.366 E25.30341
G1 X126.542 Y116.347 E25.30491
G0 F7200 X126.645 Y116.319
G0 X126.645 Y116.413
G0 X126.25 Y116.634
;TYPE:SKIN
G1 F1800 X125.971 Y116.637 E25.30627
G1 X125.678 Y116.627 E25.3077
G0 F7200 X125.636 Y116.466
G1 F1500 E18.8077
G0 F7200 X125.634 Y116.475
G0 X126.633 Y119.334
G1 F1500 E25.3077
G0 F7200 X126.542 Y119.347
;TYPE:WALL-OUTER
G1 F1800 X126.645 Y119.319 E25.30904
G1 X126.646 Y119.805 E25.31514
G1 X126.463 Y119.854 E25.31751
G1 X126.282 Y119.882 E25.31981
G1 X125.714 Y119.882 E25.32693
G1 X125.541 Y119.855 E25.32913
G1 X125.355 Y119.805 E25.33154
G1 X125.354 Y119.319 E25.33764
G1 X125.459 Y119.347 E25.339
G1 X125.675 Y119.38 E25.34174
G1 X125.788 Y119.392 E25.34317
G1 X126.105 Y119.398 E25.34714
G1 X126.257 Y119.388 E25.34905
G1 X126.424 Y119.366 E25.35117
G1 X126.542 Y119.347 E25.35266
G0 F7200 X126.645 Y119.319
G0 X126.645 Y119.413
G0 X126.401 Y119.613
;TYPE:SKIN
G1 F1800 X126.145 Y119.639 E25.35363
G1 X125.578 Y119.638 E25.35576
G0 F7200 X125.736 Y119.79
G1 F1500 E18.85576
G0 F7200 X125.736 Y119.782
G0 X126.633 Y119.334
G0 X132.491 Y116.795
G0 X134.62 Y116.947
G1 F1500 E25.35576
G0 F7200 X134.573 Y117.035
;TYPE:WALL-OUTER
G1 F1800 X134.202 Y116.915 E25.36065
G1 X134.09 Y116.907 E25.36205
G1 X134.022 Y116.905 E25.36291
G1 X133.789 Y116.889 E25.36584
G1 X133.672 Y116.877 E25.36731
G1 X133.544 Y116.856 E25.36894
G1 X133.355 Y116.805 E25.37139
G1 X133.354 Y116.319 E25.37749
G1 X133.459 Y116.347 E25.37885
G1 X133.675 Y116.38 E25.38159
G1 X133.786 Y116.392 E25.38299
G1 X133.992 Y116.4 E25.38558
G1 X134.139 Y116.412 E25.38742
G1 X134.217 Y116.416 E25.3884
G1 X134.298 Y116.426 E25.38943
G1 X134.413 Y116.462 E25.39094
G1 X134.671 Y116.534 E25.3943
G1 X134.919 Y116.661 E25.39779
G1 X135.019 Y116.727 E25.39929
G1 X135.337 Y117.021 E25.40473
G1 X135.409 Y117.113 E25.40619
G1 X135.616 Y117.482 E25.4115
G1 X135.727 Y117.878 E25.41665
G1 X135.743 Y118.293 E25.42186
G1 X135.729 Y118.416 E25.42341
G1 X135.616 Y118.818 E25.42865
G1 X135.409 Y119.187 E25.43396
G1 X135.337 Y119.279 E25.43542
G1 X135.019 Y119.573 E25.44085
G1 X134.925 Y119.636 E25.44227
G1 X134.537 Y119.815 E25.44763
G1 X134.271 Y119.878 E25.45106
G1 X134.134 Y119.894 E25.45279
G1 X133.998 Y119.9 E25.4545
G1 X133.857 Y119.895 E25.45626
G1 X133.731 Y119.884 E25.45785
G1 X133.536 Y119.854 E25.46032
G1 X133.355 Y119.805 E25.46268
G1 X133.354 Y119.319 E25.46877
G1 X133.459 Y119.347 E25.47013
G1 X133.675 Y119.38 E25.47287
G1 X133.787 Y119.392 E25.47429
G1 X134.03 Y119.4 E25.47734
G1 X134.111 Y119.396 E25.47835
G1 X134.467 Y119.31 E25.48294
G1 X134.582 Y119.258 E25.48453
G1 X134.944 Y118.972 E25.49031
G1 X135.068 Y118.801 E25.49296
G1 X135.191 Y118.536 E25.49663
G1 X135.249 Y118.24 E25.50041
G1 X135.193 Y117.767 E25.50638
G1 X135.018 Y117.425 E25.5112
G1 X134.941 Y117.326 E25.51277
G1 X134.573 Y117.035 E25.51866
G0 F7200 X134.383 Y116.974
G0 X134.205 Y116.668
;TYPE:SKIN
G1 F1800 X133.9 Y116.647 E25.5202
G1 X133.597 Y116.626 E25.52174
G0 F7200 X134.511 Y116.692
G1 F1800 X134.731 Y116.912 E25.52369
G0 F7200 X135.341 Y117.522
G1 F1800 X135.467 Y117.931 E25.52545
G1 X135.39 Y118.702 E25.52864
G1 X135.046 Y119.207 E25.53115
G1 X134.533 Y119.543 E25.53368
G1 X133.781 Y119.639 E25.5368
G0 F7200 X133.748 Y119.483
G1 F1500 E19.0368
G0 F7200 X133.748 Y119.488
G0 X134.972 Y118.999
G0 X135.231 Y117.756
G0 X134.216 Y116.435
G0 X134.133 Y113.875
G0 X135.102 Y112.821
G0 X135.102 Y111.479
G1 F1500 E25.5368
G0 F7200 X134.573 Y111.035
;TYPE:WALL-OUTER
G1 F1800 X134.202 Y110.915 E25.54169
G1 X134.09 Y110.907 E25.54309
G1 X134.022 Y110.905 E25.54395
G1 X133.79 Y110.889 E25.54686
G1 X133.672 Y110.877 E25.54835
G1 X133.544 Y110.856 E25.54998
G1 X133.355 Y110.805 E25.55243
G1 X133.354 Y110.319 E25.55853
G1 X133.459 Y110.347 E25.55989
G1 X133.675 Y110.38 E25.56263
G1 X133.786 Y110.392 E25.56403
G1 X133.992 Y110.4 E25.56662
G1 X134.139 Y110.412 E25.56846
G1 X134.217 Y110.416 E25.56944
G1 X134.304 Y110.427 E25.57054
G1 X134.533 Y110.484 E25.5735
G1 X134.917 Y110.661 E25.57881
G1 X135.133 Y110.818 E25.58215
G1 X135.414 Y111.122 E25.58735
G1 X135.616 Y111.482 E25.59252
G1 X135.727 Y111.878 E25.59768
G1 X135.743 Y112.293 E25.60289
G1 X135.729 Y112.416 E25.60444
G1 X135.616 Y112.818 E25.60968
G1 X135.409 Y113.187 E25.61498
G1 X135.337 Y113.279 E25.61645
G1 X135.019 Y113.573 E25.62188
G1 X134.925 Y113.636 E25.6233
G1 X134.533 Y113.816 E25.62871
G1 X134.273 Y113.878 E25.63206
G1 X134.134 Y113.894 E25.63381
G1 X133.998 Y113.9 E25.63552
G1 X133.857 Y113.895 E25.63729
G1 X133.731 Y113.884 E25.63888
G1 X133.536 Y113.854 E25.64135
G1 X133.355 Y113.805 E25.6437
G1 X133.354 Y113.319 E25.6498
G1 X133.459 Y113.347 E25.65116
G1 X133.675 Y113.38 E25.6539
G1 X133.787 Y113.392 E25.65531
G1 X134.03 Y113.4 E25.65836
G1 X134.107 Y113.396 E25.65933
G1 X134.382 Y113.341 E25.66284
G1 X134.579 Y113.26 E25.66552
G1 X134.944 Y112.972 E25.67135
G1 X135.068 Y112.801 E25.674
G1 X135.194 Y112.529 E25.67775
G1 X135.249 Y112.06 E25.68368
G1 X135.191 Y111.764 E25.68746
G1 X135.068 Y111.499 E25.69112
G1 X134.944 Y111.328 E25.69377
G1 X134.573 Y111.035 E25.6997
G0 F7200 X134.383 Y110.974
G0 X134.505 Y110.746
;TYPE:SKIN
G1 F1800 X134.136 Y110.66 E25.7018
G1 X133.837 Y110.643 E25.70347
G0 F7200 X133.781 Y110.587
G0 X135.303 Y111.544
G0 X135.391 Y111.633
G1 F1800 X135.481 Y112.005 E25.70498
G1 X135.369 Y112.741 E25.70792
G1 X135.013 Y113.234 E25.71031
G1 X134.492 Y113.562 E25.71274
G1 X133.714 Y113.633 E25.71582
G0 F7200 X133.68 Y113.472
G1 F1500 E19.21582
;MESH:NONMESH
G0 F600 X133.68 Y113.472 Z1.2
G0 F7200 X133.679 Y113.481
G0 X132.49 Y113.336
G0 X127.493 Y112.215
G0 X117.363 Y111.703
G0 X111.511 Y110.791
G0 X110.545 Y110.443
G1 F1500 E25.71582
G0 F7200 X110.542 Y110.347
;TIME_ELAPSED:103.680620
;LAYER:5
;TYPE:WALL-OUTER
;MESH:output_v2\A_fina_suporte.stl
G1 F1800 X110.855 Y110.263 E25.71989
G1 X110.856 Y110.747 E25.72596
G1 X110.838 Y110.754 E25.7262
G1 X110.464 Y110.854 E25.73105
G1 X110.278 Y110.883 E25.73342
G1 X110.2 Y110.887 E25.73439
G1 X110.2 Y110.392 E25.7406
G1 X110.227 Y110.391 E25.74094
G1 X110.358 Y110.376 E25.74259
G1 X110.542 Y110.347 E25.74493
G0 F7200 X110.735 Y110.296
G0 X110.66 Y110.522
;TYPE:SKIN
G1 F1800 X110.556 Y110.626 E25.74585
G0 F7200 X110.554 Y110.75
G1 F1500 E19.24585
G0 F7200 X110.55 Y110.728
G0 X110.546 Y113.366
G0 X109.328 Y114.046
G0 X108.723 Y114.953
G0 X109.027 Y115.976
G1 F1500 E25.74585
G0 F7200 X109.61 Y116.34
;TYPE:WALL-OUTER
G1 F1800 X109.906 Y116.396 E25.74963
G1 X110.03 Y116.4 E25.75119
G1 X110.228 Y116.39 E25.75367
G1 X110.358 Y116.376 E25.75531
G1 X110.542 Y116.347 E25.75765
G1 X110.855 Y116.263 E25.76171
G1 X110.856 Y116.747 E25.76778
G1 X110.838 Y116.754 E25.76802
G1 X110.464 Y116.854 E25.77288
G1 X110.269 Y116.884 E25.77535
G1 X110.143 Y116.895 E25.77694
G1 X110.004 Y116.9 E25.77868
G1 X109.831 Y116.892 E25.78085
G1 X109.727 Y116.879 E25.78217
G1 X109.332 Y116.766 E25.78732
G1 X108.972 Y116.564 E25.7925
G1 X108.663 Y116.279 E25.79777
G1 X108.591 Y116.187 E25.79923
G1 X108.38 Y115.811 E25.80464
G1 X108.301 Y115.567 E25.80786
G1 X108.251 Y115.14 E25.81325
G1 X108.255 Y115.019 E25.81477
G1 X108.299 Y114.745 E25.81825
G1 X108.444 Y114.352 E25.8235
G1 X108.587 Y114.118 E25.82694
G1 X108.663 Y114.021 E25.82848
G1 X108.976 Y113.732 E25.83383
G1 X109.202 Y113.595 E25.83714
G1 X109.603 Y113.448 E25.8425
G1 X109.636 Y113.446 E25.84291
G1 X110.02 Y113.4 E25.84776
G1 X110.227 Y113.391 E25.85036
G1 X110.358 Y113.376 E25.85201
G1 X110.542 Y113.347 E25.85435
G1 X110.855 Y113.263 E25.85841
G1 X110.856 Y113.747 E25.86448
G1 X110.838 Y113.754 E25.86473
G1 X110.464 Y113.854 E25.86958
G1 X110.269 Y113.884 E25.87205
G1 X110.143 Y113.895 E25.87364
G1 X109.996 Y113.9 E25.87548
G1 X109.793 Y113.916 E25.87804
G1 X109.348 Y114.08 E25.88399
G1 X109.051 Y114.334 E25.88889
G1 X108.882 Y114.585 E25.89268
G1 X108.762 Y114.958 E25.89759
G1 X108.78 Y115.43 E25.90352
G1 X108.848 Y115.64 E25.90629
G1 X109.107 Y116.026 E25.91212
G1 X109.271 Y116.166 E25.91482
G1 X109.61 Y116.34 E25.9196
G0 F7200 X109.806 Y116.377
G0 X109.672 Y116.601
;TYPE:SKIN
G1 F1800 X109.45 Y116.54 E25.92037
G1 X108.811 Y116.047 E25.92306
G1 X108.538 Y115.472 E25.92518
G1 X108.523 Y114.921 E25.92702
G1 X108.673 Y114.489 E25.92855
G1 X109.355 Y113.807 E25.93176
G1 X110.082 Y113.645 E25.93425
G1 X110.394 Y113.617 E25.93529
G0 F7200 X110.454 Y113.557
G0 X109.328 Y114.046
G0 X108.723 Y114.953
G0 X109.078 Y116.052
G0 X110.585 Y116.537
G0 X110.529 Y116.593
G1 F1800 X110.2 Y116.639 E25.93692
G1 X109.912 Y116.644 E25.93834
G0 F7200 X109.813 Y116.785
G1 F1500 E19.43834
G0 F7200 X110.002 Y119.42
G1 F1500 E25.93834
G0 F7200 X109.906 Y119.9
;TYPE:WALL-OUTER
G1 F1800 X109.457 Y119.9 E25.94397
G1 X109.456 Y119.4 E25.95024
G1 X110.002 Y119.4 E25.95708
G1 X110.128 Y119.398 E25.95866
G1 X110.356 Y119.377 E25.96154
G1 X110.542 Y119.347 E25.9639
G1 X110.855 Y119.263 E25.96796
G1 X110.856 Y119.747 E25.97403
G1 X110.838 Y119.754 E25.97427
G1 X110.464 Y119.854 E25.97913
G1 X110.269 Y119.884 E25.9816
G1 X110.141 Y119.895 E25.98321
G1 X110.071 Y119.898 E25.98409
G1 X110.007 Y119.897 E25.9849
G1 X109.906 Y119.9 E25.98616
G0 F7200 X109.706 Y119.9
G0 X109.735 Y119.649
;TYPE:SKIN
G1 F1800 X110.02 Y119.647 E25.98725
G1 X110.642 Y119.59 E25.98964
G0 F7200 X110.484 Y119.762
G1 F1500 E19.48964
G0 F7200 X110.482 Y119.746
G0 X111.72 Y119.458
G0 X116.28 Y119.447
G0 X118.562 Y119.444
G1 F1500 E25.98964
G0 F7200 X118.542 Y119.347
;TYPE:WALL-OUTER
G1 F1800 X118.855 Y119.263 E25.99371
G1 X118.856 Y119.747 E25.99978
G1 X118.838 Y119.754 E26.00002
G1 X118.464 Y119.854 E26.00488
G1 X118.282 Y119.882 E26.00718
G1 X117.718 Y119.882 E26.01426
G1 X117.536 Y119.854 E26.01657
G1 X117.167 Y119.755 E26.02136
G1 X117.145 Y119.746 E26.02166
G1 X117.144 Y119.263 E26.02771
G1 X117.459 Y119.347 E26.02933
G1 X117.688 Y119.382 E26.03223
G1 X117.895 Y119.398 E26.03484
G1 X118.213 Y119.392 E26.03883
G1 X118.357 Y119.376 E26.04064
G1 X118.542 Y119.347 E26.04299
G0 F7200 X118.735 Y119.296
G0 X118.572 Y119.581
;TYPE:SKIN
G1 F1800 X118.237 Y119.632 E26.04429
G1 X117.44 Y119.581 E26.04734
G0 F7200 X117.408 Y119.744
G1 F1500 E19.54734
G0 F7200 X117.415 Y119.719
G0 X117.719 Y116.863
G1 F1500 E26.04734
G0 F7200 X118.542 Y116.347
;TYPE:WALL-OUTER
G1 F1800 X118.855 Y116.263 E26.05141
G1 X118.856 Y116.747 E26.05748
G1 X118.838 Y116.754 E26.05772
G1 X118.464 Y116.854 E26.06257
G1 X118.282 Y116.882 E26.06488
G1 X117.718 Y116.882 E26.07196
G1 X117.536 Y116.854 E26.07427
G1 X117.167 Y116.755 E26.07906
G1 X117.145 Y116.746 E26.07935
G1 X117.144 Y116.263 E26.08541
G1 X117.459 Y116.347 E26.08703
G1 X117.688 Y116.382 E26.08993
G1 X117.895 Y116.398 E26.09254
G1 X118.213 Y116.392 E26.09653
G1 X118.357 Y116.376 E26.09834
G1 X118.542 Y116.347 E26.10069
G0 F7200 X118.735 Y116.296
G0 X118.429 Y116.611
;TYPE:SKIN
G1 F1800 X118.121 Y116.637 E26.10186
G1 X117.36 Y116.55 E26.10476
G0 F7200 X117.516 Y116.761
G1 F1500 E19.60476
G0 F7200 X117.52 Y116.747
G0 X118.546 Y116.366
G0 X118.281 Y113.863
G1 F1500 E26.10476
G0 F7200 X118.542 Y113.347
;TYPE:WALL-OUTER
G1 F1800 X118.855 Y113.263 E26.10882
G1 X118.856 Y113.747 E26.11489
G1 X118.838 Y113.754 E26.11514
G1 X118.464 Y113.854 E26.11999
G1 X118.282 Y113.882 E26.1223
G1 X117.718 Y113.882 E26.12937
G1 X117.536 Y113.854 E26.13168
G1 X117.167 Y113.755 E26.13647
G1 X117.145 Y113.746 E26.13677
G1 X117.144 Y113.263 E26.14283
G1 X117.459 Y113.347 E26.14444
G1 X117.688 Y113.382 E26.14735
G1 X117.895 Y113.398 E26.14995
G1 X118.213 Y113.392 E26.15394
G1 X118.357 Y113.376 E26.15576
G1 X118.542 Y113.347 E26.15811
G0 F7200 X118.735 Y113.296
G0 X118.629 Y113.584
;TYPE:SKIN
G1 F1800 X118.301 Y113.629 E26.15927
G1 X117.49 Y113.591 E26.16211
G0 F7200 X117.456 Y113.751
G1 F1500 E19.66211
G0 F7200 X117.461 Y113.732
G0 X118.546 Y113.366
G0 X118.281 Y110.863
G1 F1500 E26.16211
G0 F7200 X118.542 Y110.347
;TYPE:WALL-OUTER
G1 F1800 X118.855 Y110.263 E26.16617
G1 X118.856 Y110.747 E26.17224
G1 X118.838 Y110.754 E26.17249
G1 X118.464 Y110.854 E26.17734
G1 X118.282 Y110.882 E26.17965
G1 X117.718 Y110.882 E26.18672
G1 X117.536 Y110.854 E26.18903
G1 X117.167 Y110.755 E26.19382
G1 X117.145 Y110.746 E26.19412
G1 X117.144 Y110.263 E26.20018
G1 X117.459 Y110.347 E26.20179
G1 X117.688 Y110.382 E26.2047
G1 X117.895 Y110.398 E26.2073
G1 X118.213 Y110.392 E26.21129
G1 X118.357 Y110.376 E26.21311
G1 X118.542 Y110.347 E26.21546
G0 F7200 X118.735 Y110.296
G0 X118.503 Y110.599
;TYPE:SKIN
G1 F1800 X118.182 Y110.635 E26.2167
G1 X117.397 Y110.572 E26.21973
G0 F7200 X117.332 Y110.726
G1 F1500 E19.71973
G0 F7200 X117.339 Y110.699
G0 X118.855 Y110.459
G0 X124.28 Y110.447
G0 X126.562 Y110.444
G1 F1500 E26.21973
G0 F7200 X126.542 Y110.347
;TYPE:WALL-OUTER
G1 F1800 X126.855 Y110.263 E26.2238
G1 X126.856 Y110.747 E26.22987
G1 X126.838 Y110.754 E26.23011
G1 X126.464 Y110.854 E26.23496
G1 X126.282 Y110.882 E26.23727
G1 X125.718 Y110.882 E26.24435
G1 X125.536 Y110.854 E26.24666
G1 X125.167 Y110.755 E26.25145
G1 X125.145 Y110.746 E26.25175
G1 X125.144 Y110.263 E26.2578
G1 X125.459 Y110.347 E26.25942
G1 X125.687 Y110.381 E26.26231
G1 X125.788 Y110.392 E26.26358
G1 X126.117 Y110.398 E26.26771
G1 X126.23 Y110.39 E26.26913
G1 X126.358 Y110.376 E26.27074
G1 X126.542 Y110.347 E26.27308
G0 F7200 X126.735 Y110.296
G0 X126.406 Y110.615
;TYPE:SKIN
G1 F1800 X126.1 Y110.638 E26.27441
G1 X125.565 Y110.607 E26.27672
G0 F7200 X125.53 Y110.762
G1 F1500 E19.77672
G0 F7200 X125.533 Y110.751
G0 X126.843 Y113.278
G1 F1500 E26.27672
G0 F7200 X126.542 Y113.347
;TYPE:WALL-OUTER
G1 F1800 X126.855 Y113.263 E26.28079
G1 X126.856 Y113.747 E26.28686
G1 X126.838 Y113.754 E26.2871
G1 X126.464 Y113.854 E26.29195
G1 X126.282 Y113.882 E26.29426
G1 X125.718 Y113.882 E26.30133
G1 X125.536 Y113.854 E26.30364
G1 X125.167 Y113.755 E26.30843
G1 X125.145 Y113.746 E26.30873
G1 X125.144 Y113.263 E26.31479
G1 X125.459 Y113.347 E26.31641
G1 X125.687 Y113.381 E26.3193
G1 X125.788 Y113.392 E26.32057
G1 X126.117 Y113.398 E26.3247
G1 X126.23 Y113.39 E26.32612
G1 X126.358 Y113.376 E26.32773
G1 X126.542 Y113.347 E26.33007
G0 F7200 X126.735 Y113.296
G0 X126.543 Y113.589
;TYPE:SKIN
G1 F1800 X126.216 Y113.634 E26.33134
G1 X125.423 Y113.577 E26.33439
G0 F7200 X125.378 Y113.738
G1 F1500 E19.83439
G0 F7200 X125.385 Y113.711
G0 X126.843 Y116.278
G1 F1500 E26.33439
G0 F7200 X126.542 Y116.347
;TYPE:WALL-OUTER
G1 F1800 X126.855 Y116.263 E26.33846
G1 X126.856 Y116.747 E26.34453
G1 X126.838 Y116.754 E26.34477
G1 X126.464 Y116.854 E26.34962
G1 X126.282 Y116.882 E26.35193
G1 X125.718 Y116.882 E26.35901
G1 X125.536 Y116.854 E26.36132
G1 X125.167 Y116.755 E26.36611
G1 X125.145 Y116.746 E26.3664
G1 X125.144 Y116.263 E26.37246
G1 X125.459 Y116.347 E26.37408
G1 X125.687 Y116.381 E26.37697
G1 X125.788 Y116.392 E26.37824
G1 X126.117 Y116.398 E26.38237
G1 X126.23 Y116.39 E26.38379
G1 X126.358 Y116.376 E26.3854
G1 X126.542 Y116.347 E26.38774
G0 F7200 X126.735 Y116.296
G0 X126.334 Y116.626
;TYPE:SKIN
G1 F1800 X126.039 Y116.639 E26.38904
G1 X125.516 Y116.596 E26.39134
G0 F7200 X125.481 Y116.755
G1 F1500 E19.89134
G0 F7200 X125.485 Y116.738
G0 X126.843 Y119.278
G1 F1500 E26.39134
G0 F7200 X126.542 Y119.347
;TYPE:WALL-OUTER
G1 F1800 X126.855 Y119.263 E26.3954
G1 X126.856 Y119.747 E26.40147
G1 X126.838 Y119.754 E26.40171
G1 X126.464 Y119.854 E26.40657
G1 X126.282 Y119.882 E26.40888
G1 X125.718 Y119.882 E26.41595
G1 X125.536 Y119.854 E26.41826
G1 X125.167 Y119.755 E26.42305
G1 X125.145 Y119.746 E26.42335
G1 X125.144 Y119.263 E26.42941
G1 X125.459 Y119.347 E26.43102
G1 X125.687 Y119.381 E26.43391
G1 X125.788 Y119.392 E26.43519
G1 X126.117 Y119.398 E26.43931
G1 X126.23 Y119.39 E26.44073
G1 X126.358 Y119.376 E26.44235
G1 X126.542 Y119.347 E26.44468
G0 F7200 X126.735 Y119.296
G0 X126.466 Y119.606
;TYPE:SKIN
G1 F1800 X126.153 Y119.636 E26.44592
G1 X125.373 Y119.567 E26.449
G0 F7200 X125.309 Y119.72
G1 F1500 E19.949
G0 F7200 X125.316 Y119.693
G0 X126.843 Y119.278
G0 X132.28 Y116.738
G0 X134.62 Y116.947
G1 F1500 E26.449
G0 F7200 X134.573 Y117.035
;TYPE:WALL-OUTER
G1 F1800 X134.201 Y116.915 E26.45391
G1 X133.862 Y116.895 E26.45816
G1 X133.715 Y116.882 E26.46001
G1 X133.537 Y116.854 E26.46227
G1 X133.167 Y116.755 E26.46708
G1 X133.145 Y116.746 E26.46738
G1 X133.144 Y116.263 E26.47343
G1 X133.459 Y116.347 E26.47505
G1 X133.687 Y116.381 E26.47794
G1 X133.786 Y116.392 E26.47919
G1 X133.992 Y116.4 E26.48177
G1 X134.278 Y116.423 E26.48537
G1 X134.675 Y116.536 E26.49055
G1 X134.919 Y116.661 E26.49399
G1 X135.019 Y116.727 E26.49549
G1 X135.337 Y117.021 E26.50092
G1 X135.409 Y117.113 E26.50238
G1 X135.616 Y117.482 E26.50769
G1 X135.727 Y117.878 E26.51285
G1 X135.743 Y118.293 E26.51806
G1 X135.729 Y118.416 E26.51961
G1 X135.616 Y118.818 E26.52484
G1 X135.409 Y119.187 E26.53015
G1 X135.337 Y119.279 E26.53162
G1 X135.019 Y119.573 E26.53705
G1 X134.925 Y119.636 E26.53847
G1 X134.537 Y119.815 E26.54382
G1 X134.271 Y119.878 E26.54725
G1 X134.134 Y119.894 E26.54898
G1 X133.974 Y119.9 E26.55099
G1 X133.838 Y119.894 E26.5527
G1 X133.689 Y119.879 E26.55457
G1 X133.545 Y119.856 E26.5564
G1 X133.167 Y119.755 E26.56131
G1 X133.145 Y119.746 E26.56161
G1 X133.144 Y119.263 E26.56767
G1 X133.459 Y119.347 E26.56928
G1 X133.687 Y119.381 E26.57217
G1 X133.786 Y119.392 E26.57342
G1 X134.006 Y119.4 E26.57618
G1 X134.11 Y119.396 E26.57749
G1 X134.467 Y119.31 E26.58209
G1 X134.582 Y119.258 E26.58367
G1 X134.944 Y118.972 E26.58946
G1 X135.068 Y118.801 E26.59211
G1 X135.191 Y118.536 E26.59577
G1 X135.249 Y118.24 E26.59956
G1 X135.193 Y117.767 E26.60553
G1 X135.018 Y117.425 E26.61035
G1 X134.941 Y117.326 E26.61192
G1 X134.573 Y117.035 E26.6178
G0 F7200 X134.383 Y116.974
G0 X134.436 Y116.727
;TYPE:SKIN
G1 F1800 X134.645 Y116.8 E26.61863
G1 X135.246 Y117.331 E26.62164
G1 X135.473 Y117.953 E26.62412
G1 X135.434 Y118.557 E26.62639
G1 X135.048 Y119.226 E26.62929
G1 X134.408 Y119.584 E26.63204
G1 X133.788 Y119.638 E26.63437
G1 X133.541 Y119.602 E26.63531
G0 F7200 X133.501 Y119.643
G0 X134.602 Y119.292
G0 X135.288 Y118.241
G0 X134.663 Y117.057
G0 X133.949 Y116.649
G1 F1800 X134.211 Y116.669 E26.63618
G1 X133.449 Y116.583 E26.63874
G0 F7200 X133.417 Y116.745
G1 F1500 E20.13874
G0 F7200 X133.423 Y116.721
G0 X133.839 Y113.875
G0 X134.972 Y112.999
G0 X135.102 Y111.479
G1 F1500 E26.63874
G0 F7200 X134.573 Y111.035
;TYPE:WALL-OUTER
G1 F1800 X134.201 Y110.915 E26.64364
G1 X133.838 Y110.894 E26.6482
G1 X133.689 Y110.879 E26.65007
G1 X133.545 Y110.856 E26.6519
G1 X133.167 Y110.755 E26.65681
G1 X133.145 Y110.746 E26.65711
G1 X133.144 Y110.263 E26.66317
G1 X133.459 Y110.347 E26.66478
G1 X133.687 Y110.381 E26.66767
G1 X133.786 Y110.392 E26.66892
G1 X133.992 Y110.4 E26.67151
G1 X134.288 Y110.424 E26.67523
G1 X134.533 Y110.483 E26.67839
G1 X134.917 Y110.661 E26.6837
G1 X135.133 Y110.818 E26.68705
G1 X135.414 Y111.122 E26.69224
G1 X135.616 Y111.482 E26.69742
G1 X135.727 Y111.878 E26.70257
G1 X135.743 Y112.293 E26.70778
G1 X135.729 Y112.416 E26.70933
G1 X135.616 Y112.818 E26.71457
G1 X135.409 Y113.187 E26.71988
G1 X135.337 Y113.279 E26.72134
G1 X135.019 Y113.573 E26.72677
G1 X134.925 Y113.636 E26.72819
G1 X134.537 Y113.815 E26.73355
G1 X134.271 Y113.878 E26.73698
G1 X134.134 Y113.894 E26.73871
G1 X133.974 Y113.9 E26.74071
G1 X133.838 Y113.894 E26.74242
G1 X133.689 Y113.879 E26.7443
G1 X133.545 Y113.856 E26.74613
G1 X133.167 Y113.755 E26.75104
G1 X133.145 Y113.746 E26.75133
G1 X133.144 Y113.263 E26.75739
G1 X133.459 Y113.347 E26.75901
G1 X133.687 Y113.381 E26.7619
G1 X133.786 Y113.392 E26.76315
G1 X134.006 Y113.4 E26.76591
G1 X134.106 Y113.396 E26.76716
G1 X134.382 Y113.341 E26.77069
G1 X134.579 Y113.26 E26.77336
G1 X134.944 Y112.972 E26.77919
G1 X135.068 Y112.801 E26.78184
G1 X135.194 Y112.529 E26.7856
G1 X135.249 Y112.06 E26.79152
G1 X135.191 Y111.764 E26.79531
G1 X135.068 Y111.499 E26.79897
G1 X134.944 Y111.328 E26.80162
G1 X134.573 Y111.035 E26.80755
G0 F7200 X134.383 Y110.974
G0 X134.483 Y110.74
;TYPE:SKIN
G1 F1800 X134.686 Y110.82 E26.8082
G1 X135.272 Y111.366 E26.81059
G1 X135.488 Y111.998 E26.81259
G1 X135.395 Y112.657 E26.81458
G1 X135.179 Y113.156 E26.81621
G1 X134.496 Y113.556 E26.81857
G1 X133.844 Y113.642 E26.82054
G1 X133.364 Y113.556 E26.822
G0 F7200 X133.339 Y113.582
G0 X134.599 Y113.294
G0 X135.288 Y112.059
G0 X134.665 Y111.058
G0 X133.693 Y110.682
G0 X133.74 Y110.634
G1 F1800 X134.005 Y110.652 E26.82315
G1 X133.498 Y110.593 E26.82537
G0 F7200 X133.465 Y110.752
G1 F1500 E20.32537
;MESH:NONMESH
G0 F600 X133.465 Y110.752 Z1.4
G0 F7200 X133.47 Y110.734
G0 X132.28 Y110.296
G0 X126.351 Y111.746
G0 X117.649 Y111.746
G0 X111.72 Y110.277
G1 F1500 E26.82537
G0 F7200 X110.962 Y110.234
;TIME_ELAPSED:116.496944
;LAYER:6
;TYPE:WALL-OUTER
;MESH:output_v2\A_fina_suporte.stl
G1 F1800 X111.065 Y110.195 E26.82675
G1 X111.066 Y110.665 E26.83264
G1 X110.832 Y110.756 E26.83579
G1 X110.618 Y110.812 E26.83856
G1 X110.617 Y110.327 E26.84465
G1 X110.962 Y110.234 E26.84913
G0 F7200 X111.065 Y110.195
G0 X111.065 Y110.285
G0 X110.776 Y110.699
G1 F1500 E20.34913
G0 F7200 X110.77 Y110.669
G0 X111.054 Y113.211
G1 F1500 E26.84913
G0 F7200 X110.962 Y113.234
G1 F1800 X111.065 Y113.195 E26.85051
G1 X111.066 Y113.665 E26.8564
G1 X110.832 Y113.756 E26.85955
G1 X110.618 Y113.812 E26.86233
G1 X110.617 Y113.327 E26.86841
G1 X110.962 Y113.234 E26.87289
G0 F7200 X111.065 Y113.195
G0 X111.065 Y113.285
G0 X110.776 Y113.699
G1 F1500 E20.37289
G0 F7200 X110.77 Y113.669
G0 X111.054 Y116.211
G1 F1500 E26.87289
G0 F7200 X110.962 Y116.234
G1 F1800 X111.065 Y116.195 E26.87427
G1 X111.066 Y116.665 E26.88016
G1 X110.832 Y116.756 E26.88331
G1 X110.618 Y116.812 E26.88609
G1 X110.618 Y116.326 E26.89218
G1 X110.962 Y116.234 E26.89665
G0 F7200 X111.065 Y116.195
G0 X111.065 Y116.285
G0 X110.871 Y116.528
;TYPE:SKIN
G1 F1800 X110.816 Y116.473 E26.89713
G0 F7200 X110.748 Y116.36
G1 F1500 E20.39713
G0 F7200 X110.754 Y116.393
G0 X111.054 Y119.211
G1 F1500 E26.89713
G0 F7200 X110.962 Y119.234
;TYPE:WALL-OUTER
G1 F1800 X111.065 Y119.195 E26.89852
G1 X111.066 Y119.665 E26.90441
G1 X110.832 Y119.756 E26.90756
G1 X110.618 Y119.812 E26.91033
G1 X110.617 Y119.327 E26.91641
G1 X110.962 Y119.234 E26.92089
G0 F7200 X111.065 Y119.195
G0 X111.065 Y119.285
G0 X110.776 Y119.699
G0 X109.841 Y119.9
G1 F1800 X109.382 Y119.9 E26.92665
G1 X109.381 Y119.4 E26.93292
G1 X109.841 Y119.4 E26.93869
G1 X109.841 Y119.9 E26.94496
G0 F7200 X109.641 Y119.9
G0 X109.641 Y119.8
G1 F1500 E20.44496
G0 F7200 X110.136 Y118.536
G0 X111.911 Y117.963
G0 X116.07 Y119.4
G1 F1500 E26.94496
G0 F7200 X117.038 Y119.235
G1 F1800 X117.382 Y119.325 E26.94942
G1 X117.383 Y119.813 E26.95554
G1 X117.166 Y119.755 E26.95836
G1 X116.935 Y119.666 E26.96146
G1 X116.934 Y119.195 E26.96737
G1 X117.038 Y119.235 E26.96876
G0 F7200 X117.231 Y119.285
G0 X117.25 Y119.358
G1 F1500 E20.46876
G0 F7200 X117.24 Y119.39
G0 X118.638 Y119.331
G1 F1500 E26.96876
G0 F7200 X118.962 Y119.234
G1 F1800 X119.065 Y119.195 E26.97014
G1 X119.066 Y119.665 E26.97604
G1 X118.832 Y119.756 E26.97919
G1 X118.618 Y119.812 E26.98196
G1 X118.618 Y119.326 E26.98806
G1 X118.962 Y119.234 E26.99252
G0 F7200 X119.065 Y119.195
G0 X119.065 Y119.285
G0 X118.775 Y119.698
G1 F1500 E20.49252
G0 F7200 X118.769 Y119.67
G0 X118.63 Y116.797
G1 F1500 E26.99252
G0 F7200 X118.962 Y116.234
G1 F1800 X119.065 Y116.195 E26.9939
G1 X119.066 Y116.665 E26.9998
G1 X118.832 Y116.756 E27.00294
G1 X118.618 Y116.812 E27.00572
G1 X118.618 Y116.326 E27.01181
G1 X118.962 Y116.234 E27.01628
G0 F7200 X119.065 Y116.195
G0 X119.065 Y116.285
G0 X118.775 Y116.698
G1 F1500 E20.51628
G0 F7200 X118.769 Y116.67
G0 X117.362 Y116.331
G1 F1500 E27.01628
G0 F7200 X117.038 Y116.235
G1 F1800 X117.382 Y116.325 E27.02074
G1 X117.382 Y116.813 E27.02686
G1 X117.166 Y116.755 E27.02966
G1 X116.935 Y116.666 E27.03277
G1 X116.934 Y116.195 E27.03867
G1 X117.038 Y116.235 E27.04007
G0 F7200 X117.231 Y116.285
G0 X117.25 Y116.358
G1 F1500 E20.54007
G0 F7200 X117.24 Y116.39
G0 X117.371 Y113.798
G1 F1500 E27.04007
G0 F7200 X117.038 Y113.235
G1 F1800 X117.382 Y113.325 E27.04453
G1 X117.383 Y113.813 E27.05065
G1 X117.166 Y113.755 E27.05347
G1 X116.935 Y113.666 E27.05657
G1 X116.934 Y113.195 E27.06248
G1 X117.038 Y113.235 E27.06387
G0 F7200 X117.231 Y113.285
G0 X117.139 Y113.462
;TYPE:SKIN
G1 F1800 X117.186 Y113.509 E27.06429
G0 F7200 X117.335 Y113.509
G1 F1500 E20.56429
G0 F7200 X117.282 Y113.508
G0 X118.638 Y113.331
G1 F1500 E27.06429
G0 F7200 X118.962 Y113.234
;TYPE:WALL-OUTER
G1 F1800 X119.065 Y113.195 E27.06567
G1 X119.066 Y113.665 E27.07157
G1 X118.832 Y113.756 E27.07471
G1 X118.618 Y113.812 E27.07749
G1 X118.618 Y113.326 E27.08358
G1 X118.962 Y113.234 E27.08805
G0 F7200 X119.065 Y113.195
G0 X119.065 Y113.285
G0 X118.775 Y113.698
G1 F1500 E20.58805
G0 F7200 X118.769 Y113.67
G0 X118.63 Y110.797
G1 F1500 E27.08805
G0 F7200 X118.962 Y110.234
G1 F1800 X119.065 Y110.195 E27.08943
G1 X119.066 Y110.665 E27.09532
G1 X118.832 Y110.756 E27.09847
G1 X118.618 Y110.812 E27.10125
G1 X118.618 Y110.326 E27.10734
G1 X118.962 Y110.234 E27.11181
G0 F7200 X119.065 Y110.195
G0 X119.065 Y110.285
G0 X118.775 Y110.698
G1 F1500 E20.61181
G0 F7200 X118.769 Y110.67
G0 X117.382 Y110.333
G1 F1500 E27.11181
G0 F7200 X117.038 Y110.235
G1 F1800 X117.382 Y110.325 E27.11627
G1 X117.383 Y110.813 E27.12239
G1 X117.166 Y110.755 E27.1252
G1 X116.935 Y110.666 E27.12831
G1 X116.934 Y110.195 E27.13421
G1 X117.038 Y110.235 E27.13561
G0 F7200 X117.231 Y110.285
G0 X117.25 Y110.358
G1 F1500 E20.63561
G0 F7200 X117.24 Y110.39
G0 X119.911 Y108.963
G0 X124.07 Y110.331
G1 F1500 E27.13561
G0 F7200 X125.038 Y110.235
G1 F1800 X125.382 Y110.325 E27.14007
G1 X125.382 Y110.813 E27.14619
G1 X125.166 Y110.755 E27.14899
G1 X124.935 Y110.666 E27.1521
G1 X124.934 Y110.195 E27.15801
G1 X125.038 Y110.235 E27.1594
G0 F7200 X125.231 Y110.285
G0 X125.25 Y110.358
G1 F1500 E20.6594
G0 F7200 X125.24 Y110.39
G0 X126.632 Y110.339
G1 F1500 E27.1594
G0 F7200 X126.962 Y110.234
G1 F1800 X127.065 Y110.195 E27.16078
G1 X127.066 Y110.665 E27.16668
G1 X126.832 Y110.756 E27.16983
G1 X126.618 Y110.812 E27.1726
G1 X126.617 Y110.327 E27.17868
G1 X126.962 Y110.234 E27.18316
G0 F7200 X127.065 Y110.195
G0 X127.065 Y110.285
G0 X126.776 Y110.699
G1 F1500 E20.68316
G0 F7200 X126.77 Y110.669
G0 X127.054 Y113.211
G1 F1500 E27.18316
G0 F7200 X126.962 Y113.234
G1 F1800 X127.065 Y113.195 E27.18454
G1 X127.066 Y113.665 E27.19044
G1 X126.832 Y113.756 E27.19359
G1 X126.618 Y113.812 E27.19636
G1 X126.617 Y113.327 E27.20244
G1 X126.962 Y113.234 E27.20692
G0 F7200 X127.065 Y113.195
G0 X127.065 Y113.285
G0 X126.776 Y113.699
G1 F1500 E20.70692
G0 F7200 X126.77 Y113.669
G0 X125.362 Y113.339
G1 F1500 E27.20692
G0 F7200 X125.038 Y113.235
G1 F1800 X125.382 Y113.325 E27.21138
G1 X125.382 Y113.813 E27.2175
G1 X125.166 Y113.755 E27.22031
G1 X124.935 Y113.666 E27.22341
G1 X124.934 Y113.195 E27.22932
G1 X125.038 Y113.235 E27.23072
G0 F7200 X125.231 Y113.285
G0 X125.25 Y113.358
G1 F1500 E20.73072
G0 F7200 X125.24 Y113.39
G0 X124.945 Y116.211
G1 F1500 E27.23072
G0 F7200 X125.038 Y116.235
G1 F1800 X125.382 Y116.325 E27.23517
G1 X125.382 Y116.813 E27.24129
G1 X125.166 Y116.755 E27.2441
G1 X124.935 Y116.666 E27.2472
G1 X124.934 Y116.195 E27.25311
G1 X125.038 Y116.235 E27.25451
G0 F7200 X125.231 Y116.285
G0 X125.25 Y116.358
G1 F1500 E20.75451
G0 F7200 X125.24 Y116.39
G0 X126.638 Y116.328
G1 F1500 E27.25451
G0 F7200 X126.962 Y116.234
G1 F1800 X127.065 Y116.195 E27.25589
G1 X127.066 Y116.665 E27.26178
G1 X126.832 Y116.756 E27.26493
G1 X126.618 Y116.812 E27.2677
G1 X126.618 Y116.326 E27.2738
G1 X126.962 Y116.234 E27.27826
G0 F7200 X127.065 Y116.195
G0 X127.065 Y116.285
G0 X126.775 Y116.698
G1 F1500 E20.77826
G0 F7200 X126.769 Y116.67
G0 X127.054 Y119.211
G1 F1500 E27.27826
G0 F7200 X126.962 Y119.234
G1 F1800 X127.065 Y119.195 E27.27965
G1 X127.066 Y119.665 E27.28554
G1 X126.832 Y119.756 E27.28869
G1 X126.618 Y119.812 E27.29146
G1 X126.617 Y119.327 E27.29754
G1 X126.962 Y119.234 E27.30203
G0 F7200 X127.065 Y119.195
G0 X127.065 Y119.285
G0 X126.87 Y119.516
;TYPE:SKIN
G1 F1800 X126.827 Y119.473 E27.30241
G0 F7200 X126.758 Y119.356
G1 F1500 E20.80241
G0 F7200 X126.767 Y119.39
G0 X125.362 Y119.339
G1 F1500 E27.30241
G0 F7200 X125.038 Y119.235
;TYPE:WALL-OUTER
G1 F1800 X125.382 Y119.325 E27.30687
G1 X125.382 Y119.813 E27.31299
G1 X125.166 Y119.755 E27.31579
G1 X124.935 Y119.666 E27.31889
G1 X124.934 Y119.195 E27.3248
G1 X125.038 Y119.235 E27.3262
G0 F7200 X125.231 Y119.285
G0 X125.129 Y119.472
;TYPE:SKIN
G1 F1800 X125.186 Y119.529 E27.3267
G0 F7200 X125.335 Y119.53
G1 F1500 E20.8267
G0 F7200 X125.282 Y119.53
G0 X125.645 Y118.501
G0 X127.911 Y117.963
G0 X132.07 Y119.316
G1 F1500 E27.3267
G0 F7200 X133.038 Y119.235
;TYPE:WALL-OUTER
G1 F1800 X133.382 Y119.325 E27.33116
G1 X133.383 Y119.813 E27.33728
G1 X133.166 Y119.755 E27.3401
G1 X132.935 Y119.666 E27.3432
G1 X132.934 Y119.195 E27.34911
G1 X133.038 Y119.235 E27.35051
G0 F7200 X133.231 Y119.285
G0 X133.25 Y119.358
G1 F1500 E20.85051
G0 F7200 X133.24 Y119.39
G0 X133.37 Y116.798
G1 F1500 E27.35051
G0 F7200 X133.038 Y116.235
G1 F1800 X133.382 Y116.325 E27.35497
G1 X133.382 Y116.813 E27.36109
G1 X133.166 Y116.755 E27.36389
G1 X132.935 Y116.666 E27.367
G1 X132.934 Y116.195 E27.3729
G1 X133.038 Y116.235 E27.3743
G0 F7200 X133.231 Y116.285
G0 X133.154 Y116.466
;TYPE:SKIN
G1 F1800 X133.186 Y116.498 E27.37458
G0 F7200 X133.335 Y116.499
G1 F1500 E20.87458
G0 F7200 X133.282 Y116.499
G0 X133.371 Y113.798
G1 F1500 E27.37458
G0 F7200 X133.038 Y113.235
;TYPE:WALL-OUTER
G1 F1800 X133.382 Y113.325 E27.37904
G1 X133.383 Y113.813 E27.38516
G1 X133.166 Y113.755 E27.38798
G1 X132.935 Y113.666 E27.39108
G1 X132.934 Y113.195 E27.39699
G1 X133.038 Y113.235 E27.39839
G0 F7200 X133.231 Y113.285
G0 X133.25 Y113.358
G1 F1500 E20.89839
G0 F7200 X133.24 Y113.39
G0 X133.371 Y110.798
G1 F1500 E27.39839
G0 F7200 X133.038 Y110.235
G1 F1800 X133.382 Y110.325 E27.40285
G1 X133.383 Y110.813 E27.40897
G1 X133.166 Y110.755 E27.41178
G1 X132.935 Y110.666 E27.41489
G1 X132.934 Y110.195 E27.42079
G1 X133.038 Y110.235 E27.42219
G0 F7200 X133.231 Y110.285
G0 X133.129 Y110.501
;TYPE:SKIN
G1 F1800 X133.178 Y110.551 E27.42263
G0 F7200 X133.168 Y110.682
G1 F1500 E20.92263
;MESH:NONMESH
G0 F600 X133.168 Y110.682 Z1.6
G0 F7200 X133.181 Y110.654
G0 X132.07 Y110.283
G0 X126.233 Y111.816
G0 X117.767 Y111.818
G0 X111.93 Y110.327
G1 F1500 E27.42263
G0 F7200 X110.962 Y110.235
;TIME_ELAPSED:133.387725
;LAYER:7
;TYPE:WALL-OUTER
;MESH:output_v2\A_fina_suporte.stl
G1 F1800 X111.275 Y110.114 E27.42684
G1 X111.275 Y110.58 E27.43268
G1 X111.225 Y110.604 E27.43338
G1 X110.836 Y110.754 E27.43861
G1 X110.836 Y110.268 E27.4447
G1 X110.962 Y110.235 E27.44633
G0 F7200 X111.148 Y110.163
G0 X110.875 Y110.537
G1 F1500 E20.94633
G0 F7200 X110.936 Y110.537
G0 X111.264 Y113.13
G1 F1500 E27.44633
G0 F7200 X110.962 Y113.235
G1 F1800 X111.275 Y113.114 E27.45054
G1 X111.275 Y113.58 E27.45639
G1 X111.225 Y113.604 E27.45708
G1 X110.836 Y113.754 E27.46231
G1 X110.836 Y113.268 E27.4684
G1 X110.962 Y113.235 E27.47004
G0 F7200 X111.148 Y113.163
G0 X110.875 Y113.537
G1 F1500 E20.97004
G0 F7200 X110.936 Y113.537
G0 X111.264 Y116.13
G1 F1500 E27.47004
G0 F7200 X110.962 Y116.235
G1 F1800 X111.275 Y116.114 E27.47425
G1 X111.276 Y116.579 E27.48008
G1 X111.22 Y116.606 E27.48086
G1 X110.836 Y116.754 E27.48602
G1 X110.836 Y116.268 E27.49211
G1 X110.962 Y116.235 E27.49375
G0 F7200 X111.148 Y116.163
G0 X110.875 Y116.537
G1 F1500 E20.99375
G0 F7200 X110.936 Y116.537
G0 X111.264 Y119.13
G1 F1500 E27.49375
G0 F7200 X110.962 Y119.235
G1 F1800 X111.275 Y119.114 E27.49795
G1 X111.276 Y119.579 E27.50379
G1 X111.22 Y119.606 E27.50456
G1 X110.836 Y119.754 E27.50973
G1 X110.836 Y119.268 E27.51582
G1 X110.962 Y119.235 E27.51745
G0 F7200 X111.148 Y119.163
G0 X110.875 Y119.537
G0 X110.936 Y119.537
G0 X109.738 Y119.738
G0 X109.758 Y119.9
G1 F1800 X109.328 Y119.9 E27.52285
G1 X109.327 Y119.4 E27.52912
G1 X109.758 Y119.4 E27.53452
G1 X109.758 Y119.9 E27.54079
G0 F7200 X109.558 Y119.9
G0 X109.558 Y119.8
G1 F1500 E21.04079
G0 F7200 X110.225 Y118.536
G0 X112.12 Y117.774
G0 X115.86 Y119.401
G0 X117.008 Y119.33
G1 F1500 E27.54079
G0 F7200 X117.038 Y119.235
G1 F1800 X117.164 Y119.268 E27.54242
G1 X117.164 Y119.754 E27.54852
G1 X116.775 Y119.604 E27.55134
G1 X116.725 Y119.58 E27.55204
G1 X116.724 Y119.114 E27.55788
G1 X117.038 Y119.235 E27.55956
G0 F7200 X117.164 Y119.268
G0 X117.164 Y119.338
G0 X117.125 Y119.339
G1 F1500 E21.05956
G0 F7200 X117.062 Y119.344
G0 X118.856 Y119.33
G1 F1500 E27.55956
G0 F7200 X118.962 Y119.235
G1 F1800 X119.275 Y119.114 E27.56376
G1 X119.276 Y119.579 E27.5696
G1 X119.22 Y119.606 E27.57037
G1 X118.836 Y119.754 E27.57554
G1 X118.836 Y119.268 E27.58163
G1 X118.962 Y119.235 E27.58326
G0 F7200 X119.148 Y119.163
G0 X118.875 Y119.537
G1 F1500 E21.08326
G0 F7200 X118.936 Y119.537
G0 X118.847 Y116.738
G1 F1500 E27.58326
G0 F7200 X118.962 Y116.235
G1 F1800 X119.275 Y116.114 E27.58747
G1 X119.276 Y116.579 E27.5933
G1 X119.22 Y116.606 E27.59408
G1 X118.836 Y116.754 E27.59924
G1 X118.836 Y116.268 E27.60534
G1 X118.962 Y116.235 E27.60697
G0 F7200 X119.148 Y116.163
G0 X118.875 Y116.537
G1 F1500 E21.10697
G0 F7200 X118.936 Y116.537
G0 X117.144 Y116.33
G1 F1500 E27.60697
G0 F7200 X117.038 Y116.235
G1 F1800 X117.164 Y116.268 E27.6086
G1 X117.164 Y116.754 E27.6147
G1 X116.775 Y116.604 E27.61752
G1 X116.725 Y116.58 E27.61822
G1 X116.724 Y116.114 E27.62406
G1 X117.038 Y116.235 E27.62574
G0 F7200 X117.164 Y116.268
G0 X117.164 Y116.338
G0 X117.125 Y116.339
G1 F1500 E21.12574
G0 F7200 X117.062 Y116.344
G0 X117.153 Y113.738
G1 F1500 E27.62574
G0 F7200 X117.038 Y113.235
G1 F1800 X117.164 Y113.268 E27.62737
G1 X117.164 Y113.754 E27.63346
G1 X116.775 Y113.604 E27.63629
G1 X116.725 Y113.58 E27.63698
G1 X116.724 Y113.114 E27.64283
G1 X117.038 Y113.235 E27.6445
G0 F7200 X117.164 Y113.268
G0 X117.164 Y113.338
G0 X117.125 Y113.339
G1 F1500 E21.1445
G0 F7200 X117.062 Y113.344
G0 X118.856 Y113.33
G1 F1500 E27.6445
G0 F7200 X118.962 Y113.235
G1 F1800 X119.275 Y113.114 E27.64871
G1 X119.275 Y113.58 E27.65455
G1 X119.225 Y113.604 E27.65525
G1 X118.836 Y113.754 E27.66048
G1 X118.836 Y113.268 E27.66657
G1 X118.962 Y113.235 E27.6682
G0 F7200 X119.148 Y113.163
G0 X119.079 Y113.417
;TYPE:SKIN
G1 F1800 X119.03 Y113.466 E27.66864
G0 F7200 X118.875 Y113.466
G1 F1500 E21.16864
G0 F7200 X118.936 Y113.466
G0 X118.847 Y110.738
G1 F1500 E27.66864
G0 F7200 X118.962 Y110.235
;TYPE:WALL-OUTER
G1 F1800 X119.275 Y110.114 E27.67285
G1 X119.275 Y110.58 E27.67869
G1 X119.225 Y110.604 E27.67939
G1 X118.836 Y110.754 E27.68461
G1 X118.836 Y110.268 E27.69071
G1 X118.962 Y110.235 E27.69234
G0 F7200 X119.148 Y110.163
G0 X118.875 Y110.537
G1 F1500 E21.19234
G0 F7200 X118.936 Y110.537
G0 X117.144 Y110.33
G1 F1500 E27.69234
G0 F7200 X117.038 Y110.235
G1 F1800 X117.164 Y110.268 E27.69398
G1 X117.164 Y110.754 E27.70007
G1 X116.775 Y110.604 E27.70289
G1 X116.725 Y110.58 E27.70359
G1 X116.724 Y110.114 E27.70943
G1 X117.038 Y110.235 E27.71111
G0 F7200 X117.164 Y110.268
G0 X117.164 Y110.338
G0 X117.125 Y110.339
G1 F1500 E21.21111
G0 F7200 X117.062 Y110.344
G0 X123.86 Y110.315
G0 X125.008 Y110.33
G1 F1500 E27.71111
G0 F7200 X125.038 Y110.235
G1 F1800 X125.164 Y110.268 E27.71274
G1 X125.164 Y110.754 E27.71884
G1 X124.775 Y110.604 E27.72166
G1 X124.725 Y110.58 E27.72235
G1 X124.724 Y110.114 E27.7282
G1 X125.038 Y110.235 E27.72987
G0 F7200 X125.164 Y110.268
G0 X125.164 Y110.338
G0 X125.125 Y110.339
G1 F1500 E21.22987
G0 F7200 X125.062 Y110.344
G0 X126.856 Y110.33
G1 F1500 E27.72987
G0 F7200 X126.962 Y110.235
G1 F1800 X127.275 Y110.114 E27.73408
G1 X127.275 Y110.58 E27.73992
G1 X127.225 Y110.604 E27.74062
G1 X126.836 Y110.754 E27.74585
G1 X126.836 Y110.268 E27.75194
G1 X126.962 Y110.235 E27.75358
G0 F7200 X127.148 Y110.163
G0 X126.875 Y110.537
G1 F1500 E21.25358
G0 F7200 X126.936 Y110.537
G0 X127.264 Y113.13
G1 F1500 E27.75358
G0 F7200 X126.962 Y113.235
G1 F1800 X127.275 Y113.114 E27.75778
G1 X127.275 Y113.58 E27.76363
G1 X127.225 Y113.604 E27.76432
G1 X126.836 Y113.754 E27.76955
G1 X126.836 Y113.268 E27.77565
G1 X126.962 Y113.235 E27.77728
G0 F7200 X127.148 Y113.163
G0 X126.875 Y113.537
G1 F1500 E21.27728
G0 F7200 X126.936 Y113.537
G0 X125.144 Y113.33
G1 F1500 E27.77728
G0 F7200 X125.038 Y113.235
G1 F1800 X125.164 Y113.268 E27.77891
G1 X125.164 Y113.754 E27.78501
G1 X124.775 Y113.604 E27.78783
G1 X124.725 Y113.58 E27.78853
G1 X124.724 Y113.114 E27.79437
G1 X125.038 Y113.235 E27.79604
G0 F7200 X125.164 Y113.268
G0 X125.164 Y113.338
G0 X125.125 Y113.339
G0 X125.062 Y113.344
G0 X124.735 Y116.13
G0 X125.038 Y116.235
G1 F1800 X125.164 Y116.268 E27.79768
G1 X125.164 Y116.754 E27.80377
G1 X124.775 Y116.604 E27.8066
G1 X124.725 Y116.58 E27.80729
G1 X124.724 Y116.114 E27.81313
G1 X125.038 Y116.235 E27.81481
G0 F7200 X125.164 Y116.268
G0 X125.164 Y116.338
G0 X125.125 Y116.339
G0 X125.062 Y116.344
G0 X126.856 Y116.33
G0 X126.962 Y116.235
G1 F1800 X127.275 Y116.114 E27.81902
G1 X127.275 Y116.58 E27.82486
G1 X127.225 Y116.604 E27.82556
G1 X126.836 Y116.754 E27.83078
G1 X126.836 Y116.268 E27.83688
G1 X126.962 Y116.235 E27.83851
G0 F7200 X127.148 Y116.163
G0 X126.875 Y116.537
G0 X126.936 Y116.537
G0 X127.264 Y119.13
G0 X126.962 Y119.235
G1 F1800 X127.275 Y119.114 E27.84272
G1 X127.276 Y119.579 E27.84855
G1 X127.22 Y119.606 E27.84933
G1 X126.836 Y119.754 E27.85449
G1 X126.836 Y119.268 E27.86059
G1 X126.962 Y119.235 E27.86222
G0 F7200 X127.148 Y119.163
G0 X126.875 Y119.537
G1 F1500 E21.36222
G0 F7200 X126.936 Y119.537
G0 X125.144 Y119.33
G1 F1500 E27.86222
G0 F7200 X125.038 Y119.235
G1 F1800 X125.164 Y119.268 E27.86385
G1 X125.164 Y119.754 E27.86995
G1 X124.775 Y119.604 E27.87277
G1 X124.725 Y119.58 E27.87347
G1 X124.725 Y119.114 E27.87931
G1 X125.038 Y119.235 E27.88098
G0 F7200 X125.164 Y119.268
G0 X125.164 Y119.338
G0 X124.962 Y119.414
;TYPE:SKIN
G1 F1800 X124.923 Y119.452 E27.88132
G0 F7200 X124.867 Y119.597
G1 F1500 E21.38132
G0 F7200 X124.889 Y119.541
G0 X126.029 Y119.33
G0 X131.86 Y119.315
G0 X133.008 Y119.33
G1 F1500 E27.88132
G0 F7200 X133.038 Y119.235
;TYPE:WALL-OUTER
G1 F1800 X133.164 Y119.268 E27.88295
G1 X133.164 Y119.754 E27.88905
G1 X132.775 Y119.604 E27.89187
G1 X132.725 Y119.58 E27.89256
G1 X132.724 Y119.114 E27.89841
G1 X133.038 Y119.235 E27.90008
G0 F7200 X133.164 Y119.268
G0 X133.164 Y119.338
G0 X133.125 Y119.339
G0 X133.062 Y119.344
G0 X133.153 Y116.738
G0 X133.038 Y116.235
G1 F1800 X133.164 Y116.268 E27.90172
G1 X133.164 Y116.754 E27.90781
G1 X132.775 Y116.604 E27.91063
G1 X132.725 Y116.58 E27.91133
G1 X132.724 Y116.114 E27.91717
G1 X133.038 Y116.235 E27.91885
G0 F7200 X133.164 Y116.268
G0 X133.164 Y116.338
G0 X133.125 Y116.339
G1 F1500 E21.41885
G0 F7200 X133.062 Y116.344
G0 X133.153 Y113.738
G1 F1500 E27.91885
G0 F7200 X133.038 Y113.235
G1 F1800 X133.164 Y113.268 E27.92048
G1 X133.164 Y113.754 E27.92657
G1 X132.775 Y113.604 E27.9294
G1 X132.725 Y113.58 E27.93009
G1 X132.724 Y113.114 E27.93594
G1 X133.038 Y113.235 E27.93761
G0 F7200 X133.164 Y113.268
G0 X133.164 Y113.338
G0 X133.125 Y113.339
G1 F1500 E21.43761
G0 F7200 X133.062 Y113.344
G0 X133.153 Y110.738
G1 F1500 E27.93761
G0 F7200 X133.038 Y110.235
G1 F1800 X133.164 Y110.268 E27.93924
G1 X133.164 Y110.754 E27.94534
G1 X132.775 Y110.604 E27.94816
G1 X132.725 Y110.58 E27.94886
G1 X132.724 Y110.114 E27.9547
G1 X133.038 Y110.235 E27.95638
G0 F7200 X133.164 Y110.268
G0 X133.164 Y110.338
G0 X133.125 Y110.339
G1 F1500 E21.45638
;MESH:NONMESH
G0 F600 X133.125 Y110.339 Z1.8
G0 F7200 X133.062 Y110.344
G0 X131.86 Y110.131
G0 X128.121 Y108.774
G0 X115.877 Y108.769
G0 X112.14 Y110.13
G1 F1500 E27.95638
G0 F7200 X111.38 Y110.074
;TIME_ELAPSED:148.079719
;LAYER:8
;TYPE:WALL-OUTER
;MESH:output_v2\A_fina_suporte.stl
G1 F1800 X111.485 Y110.023 E27.95784
G1 X111.485 Y110.478 E27.96355
G1 X111.225 Y110.604 E27.96717
G1 X111.046 Y110.673 E27.96957
G1 X111.046 Y110.202 E27.97548
G1 X111.38 Y110.074 E27.97997
G0 F7200 X111.485 Y110.023
G0 X111.485 Y110.107
G0 X111.254 Y110.551
G1 F1500 E21.47997
G0 F7200 X111.228 Y110.491
G0 X111.475 Y113.04
G1 F1500 E27.97997
G0 F7200 X111.38 Y113.074
G1 F1800 X111.485 Y113.023 E27.98143
G1 X111.485 Y113.478 E27.98714
G1 X111.225 Y113.604 E27.99076
G1 X111.046 Y113.673 E27.99316
G1 X111.046 Y113.202 E27.99907
G1 X111.38 Y113.074 E28.00356
G0 F7200 X111.485 Y113.023
G0 X111.485 Y113.107
G0 X111.254 Y113.551
G1 F1500 E21.50356
G0 F7200 X111.228 Y113.491
G0 X111.475 Y116.04
G1 F1500 E28.00356
G0 F7200 X111.38 Y116.074
G1 F1800 X111.485 Y116.023 E28.00502
G1 X111.486 Y116.477 E28.01071
G1 X111.22 Y116.606 E28.01442
G1 X111.046 Y116.673 E28.01676
G1 X111.046 Y116.202 E28.02267
G1 X111.38 Y116.074 E28.02715
G0 F7200 X111.485 Y116.023
G0 X111.485 Y116.107
G0 X111.255 Y116.551
G1 F1500 E21.52715
G0 F7200 X111.227 Y116.491
G0 X111.475 Y119.04
G1 F1500 E28.02715
G0 F7200 X111.38 Y119.074
G1 F1800 X111.485 Y119.023 E28.02862
G1 X111.486 Y119.477 E28.03431
G1 X111.22 Y119.606 E28.03802
G1 X111.046 Y119.673 E28.04035
G1 X111.046 Y119.202 E28.04626
G1 X111.38 Y119.074 E28.05075
G0 F7200 X111.485 Y119.023
G0 X111.485 Y119.107
G0 X111.255 Y119.551
G1 F1500 E21.55075
G0 F7200 X111.227 Y119.491
G0 X109.681 Y119.657
G1 F1500 E28.05075
G0 F7200 X109.701 Y119.9
G1 F1800 X109.277 Y119.9 E28.05606
G1 X109.276 Y119.4 E28.06233
G1 X109.701 Y119.4 E28.06766
G1 X109.701 Y119.9 E28.07393
G0 F7200 X109.501 Y119.9
G0 X109.501 Y119.8
G1 F1500 E21.57393
G0 F7200 X110.193 Y118.547
G0 X112.33 Y117.672
G0 X115.65 Y119.402
G1 F1500 E28.07393
G0 F7200 X116.62 Y119.074
G1 F1800 X116.954 Y119.202 E28.07842
G1 X116.954 Y119.673 E28.08433
G1 X116.775 Y119.604 E28.08673
G1 X116.515 Y119.478 E28.09035
G1 X116.514 Y119.022 E28.09607
G1 X116.62 Y119.074 E28.09755
G0 F7200 X116.807 Y119.145
G0 X116.826 Y119.183
G0 X116.801 Y119.249
G0 X119.062 Y119.213
G0 X119.38 Y119.074
G1 F1800 X119.485 Y119.023 E28.09902
G1 X119.486 Y119.477 E28.10471
G1 X119.22 Y119.606 E28.10842
G1 X119.046 Y119.673 E28.11076
G1 X119.046 Y119.202 E28.11666
G1 X119.38 Y119.074 E28.12115
G0 F7200 X119.485 Y119.023
G0 X119.485 Y119.107
G0 X119.255 Y119.551
G0 X119.227 Y119.491
G0 X119.057 Y116.657
G0 X119.38 Y116.074
G1 F1800 X119.485 Y116.023 E28.12261
G1 X119.486 Y116.477 E28.12831
G1 X119.22 Y116.606 E28.13201
G1 X119.046 Y116.673 E28.13435
G1 X119.046 Y116.202 E28.14026
G1 X119.38 Y116.074 E28.14474
G0 F7200 X119.485 Y116.023
G0 X119.485 Y116.107
G0 X119.255 Y116.551
G0 X119.227 Y116.491
G0 X116.934 Y116.213
G0 X116.62 Y116.074
G1 F1800 X116.954 Y116.202 E28.14923
G1 X116.954 Y116.673 E28.15514
G1 X116.775 Y116.604 E28.15754
G1 X116.515 Y116.478 E28.16116
G1 X116.514 Y116.023 E28.16687
G1 X116.62 Y116.074 E28.16835
G0 F7200 X116.807 Y116.145
G0 X116.826 Y116.183
G0 X116.801 Y116.249
G0 X116.943 Y113.657
G0 X116.62 Y113.074
G1 F1800 X116.954 Y113.202 E28.17283
G1 X116.954 Y113.673 E28.17874
G1 X116.775 Y113.604 E28.18114
G1 X116.515 Y113.478 E28.18477
G1 X116.514 Y113.023 E28.19047
G1 X116.62 Y113.074 E28.19195
G0 F7200 X116.807 Y113.145
G0 X116.826 Y113.183
G0 X116.801 Y113.249
G0 X119.066 Y113.213
G0 X119.38 Y113.074
G1 F1800 X119.485 Y113.023 E28.19341
G1 X119.485 Y113.478 E28.19912
G1 X119.225 Y113.604 E28.20274
G1 X119.046 Y113.673 E28.20515
G1 X119.046 Y113.202 E28.21105
G1 X119.38 Y113.074 E28.21554
G0 F7200 X119.485 Y113.023
G0 X119.485 Y113.107
G0 X119.254 Y113.551
G0 X119.228 Y113.491
G0 X119.057 Y110.657
G0 X119.38 Y110.074
G1 F1800 X119.485 Y110.023 E28.217
G1 X119.485 Y110.478 E28.22271
G1 X119.225 Y110.604 E28.22633
G1 X119.046 Y110.673 E28.22874
G1 X119.046 Y110.202 E28.23464
G1 X119.38 Y110.074 E28.23913
G0 F7200 X119.485 Y110.023
G0 X119.485 Y110.107
G0 X119.254 Y110.551
G1 F1500 E21.73913
G0 F7200 X119.228 Y110.491
G0 X116.934 Y110.213
G1 F1500 E28.23913
G0 F7200 X116.62 Y110.074
G1 F1800 X116.954 Y110.202 E28.24361
G1 X116.954 Y110.673 E28.24952
G1 X116.775 Y110.604 E28.25193
G1 X116.515 Y110.478 E28.25555
G1 X116.514 Y110.023 E28.26126
G1 X116.62 Y110.074 E28.26273
G0 F7200 X116.807 Y110.145
G0 X116.826 Y110.183
G0 X116.801 Y110.249
G0 X117.819 Y110.213
G0 X120.331 Y108.672
G0 X123.65 Y110.198
G0 X124.62 Y110.074
G1 F1800 X124.954 Y110.202 E28.26722
G1 X124.954 Y110.673 E28.27312
G1 X124.775 Y110.604 E28.27553
G1 X124.515 Y110.478 E28.27915
G1 X124.514 Y110.023 E28.28486
G1 X124.62 Y110.074 E28.28633
G0 F7200 X124.807 Y110.145
G0 X124.826 Y110.183
G0 X124.801 Y110.249
G0 X127.066 Y110.213
G0 X127.38 Y110.074
G1 F1800 X127.485 Y110.023 E28.2878
G1 X127.485 Y110.478 E28.2935
G1 X127.225 Y110.604 E28.29713
G1 X127.046 Y110.673 E28.29953
G1 X127.046 Y110.202 E28.30544
G1 X127.38 Y110.074 E28.30992
G0 F7200 X127.485 Y110.023
G0 X127.485 Y110.107
G0 X127.254 Y110.551
G0 X127.228 Y110.491
G0 X127.475 Y113.04
G0 X127.38 Y113.074
G1 F1800 X127.485 Y113.023 E28.31139
G1 X127.485 Y113.478 E28.31709
G1 X127.225 Y113.604 E28.32072
G1 X127.046 Y113.673 E28.32312
G1 X127.046 Y113.202 E28.32903
G1 X127.38 Y113.074 E28.33351
G0 F7200 X127.485 Y113.023
G0 X127.485 Y113.107
G0 X127.254 Y113.551
G0 X127.228 Y113.491
G0 X124.934 Y113.213
G0 X124.62 Y113.074
G1 F1800 X124.954 Y113.202 E28.338
G1 X124.954 Y113.673 E28.34391
G1 X124.775 Y113.604 E28.34631
G1 X124.515 Y113.478 E28.34993
G1 X124.514 Y113.023 E28.35564
G1 X124.62 Y113.074 E28.35712
G0 F7200 X124.807 Y113.145
G0 X124.826 Y113.183
G0 X124.801 Y113.249
G0 X124.524 Y116.039
G0 X124.62 Y116.074
G1 F1800 X124.954 Y116.202 E28.3616
G1 X124.954 Y116.673 E28.36751
G1 X124.775 Y116.604 E28.36991
G1 X124.515 Y116.478 E28.37354
G1 X124.514 Y116.023 E28.37924
G1 X124.62 Y116.074 E28.38072
G0 F7200 X124.807 Y116.145
G0 X124.826 Y116.183
G0 X124.801 Y116.249
G0 X127.066 Y116.213
G0 X127.38 Y116.074
G1 F1800 X127.485 Y116.023 E28.38218
G1 X127.485 Y116.478 E28.38789
G1 X127.225 Y116.604 E28.39151
G1 X127.046 Y116.673 E28.39392
G1 X127.046 Y116.202 E28.39982
G1 X127.38 Y116.074 E28.40431
G0 F7200 X127.485 Y116.023
G0 X127.485 Y116.107
G0 X127.254 Y116.551
G1 F1500 E21.90431
G0 F7200 X127.228 Y116.491
G0 X127.475 Y119.04
G1 F1500 E28.40431
G0 F7200 X127.38 Y119.074
G1 F1800 X127.485 Y119.023 E28.40577
G1 X127.486 Y119.477 E28.41147
G1 X127.22 Y119.606 E28.41517
G1 X127.046 Y119.673 E28.41751
G1 X127.046 Y119.202 E28.42342
G1 X127.38 Y119.074 E28.4279
G0 F7200 X127.485 Y119.023
G0 X127.485 Y119.107
G0 X127.255 Y119.551
G1 F1500 E21.9279
G0 F7200 X127.227 Y119.491
G0 X124.938 Y119.213
G1 F1500 E28.4279
G0 F7200 X124.62 Y119.074
G1 F1800 X124.954 Y119.202 E28.43239
G1 X124.954 Y119.673 E28.4383
G1 X124.775 Y119.604 E28.4407
G1 X124.515 Y119.478 E28.44432
G1 X124.515 Y119.023 E28.45003
G1 X124.62 Y119.074 E28.45149
G0 F7200 X124.807 Y119.145
G0 X124.826 Y119.183
G0 X124.801 Y119.249
G0 X125.819 Y119.213
G0 X128.33 Y117.672
G0 X131.65 Y119.199
G0 X132.62 Y119.074
G1 F1800 X132.954 Y119.202 E28.45598
G1 X132.954 Y119.673 E28.46189
G1 X132.775 Y119.604 E28.46429
G1 X132.515 Y119.478 E28.46791
G1 X132.514 Y119.022 E28.47363
G1 X132.62 Y119.074 E28.47511
G0 F7200 X132.807 Y119.145
G0 X132.826 Y119.183
G0 X132.801 Y119.249
G0 X132.943 Y116.657
G0 X132.62 Y116.074
G1 F1800 X132.954 Y116.202 E28.4796
G1 X132.954 Y116.673 E28.48551
G1 X132.775 Y116.604 E28.48791
G1 X132.515 Y116.478 E28.49153
G1 X132.514 Y116.023 E28.49724
G1 X132.62 Y116.074 E28.49872
G0 F7200 X132.807 Y116.145
G0 X132.826 Y116.183
G0 X132.801 Y116.249
G0 X132.943 Y113.657
G0 X132.62 Y113.074
G1 F1800 X132.954 Y113.202 E28.5032
G1 X132.954 Y113.673 E28.50911
G1 X132.775 Y113.604 E28.51151
G1 X132.515 Y113.478 E28.51514
G1 X132.514 Y113.023 E28.52084
G1 X132.62 Y113.074 E28.52232
G0 F7200 X132.807 Y113.145
G0 X132.826 Y113.183
G0 X132.801 Y113.249
G0 X132.943 Y110.657
G0 X132.62 Y110.074
G1 F1800 X132.954 Y110.202 E28.5268
G1 X132.954 Y110.673 E28.53271
G1 X132.775 Y110.604 E28.53512
G1 X132.515 Y110.478 E28.53874
G1 X132.514 Y110.023 E28.54444
G1 X132.62 Y110.074 E28.54592
G0 F7200 X132.807 Y110.145
G0 X132.826 Y110.183
;MESH:NONMESH
G0 F600 X132.826 Y110.183 Z2
G0 F7200 X132.801 Y110.249
G0 X131.65 Y110.04
G0 X128.331 Y108.672
G0 X115.667 Y108.669
G0 X112.35 Y110.039
G0 X111.379 Y110.074
;TIME_ELAPSED:156.414025
;LAYER:9
;TYPE:WALL-OUTER
;MESH:output_v2\A_fina_suporte.stl
G1 F1800 X111.695 Y109.92 E28.55033
G1 X111.695 Y110.376 E28.55605
G1 X111.256 Y110.589 E28.56217
G1 X111.256 Y110.121 E28.56803
G1 X111.379 Y110.074 E28.56969
G0 F7200 X111.559 Y109.987
G0 X111.295 Y110.347
G1 F1500 E22.06969
G0 F7200 X111.356 Y110.347
G0 X111.685 Y112.936
G1 F1500 E28.56969
G0 F7200 X111.379 Y113.074
G1 F1800 X111.695 Y112.92 E28.57409
G1 X111.695 Y113.376 E28.57981
G1 X111.256 Y113.589 E28.58593
G1 X111.256 Y113.121 E28.5918
G1 X111.379 Y113.074 E28.59345
G0 F7200 X111.559 Y112.987
G0 X111.295 Y113.347
G0 X111.356 Y113.347
G0 X111.685 Y115.936
G0 X111.379 Y116.074
G1 F1800 X111.695 Y115.92 E28.59786
G1 X111.696 Y116.375 E28.60357
G1 X111.256 Y116.589 E28.6097
G1 X111.256 Y116.121 E28.61557
G1 X111.379 Y116.074 E28.61722
G0 F7200 X111.559 Y115.987
G0 X111.295 Y116.347
G1 F1500 E22.11722
G0 F7200 X111.356 Y116.347
G0 X111.685 Y118.936
G1 F1500 E28.61722
G0 F7200 X111.379 Y119.074
G1 F1800 X111.695 Y118.92 E28.62163
G1 X111.696 Y119.375 E28.62734
G1 X111.256 Y119.589 E28.63347
G1 X111.256 Y119.121 E28.63934
G1 X111.379 Y119.074 E28.64099
G0 F7200 X111.559 Y118.987
G0 X111.295 Y119.347
G1 F1500 E22.14099
G0 F7200 X111.356 Y119.347
G0 X109.647 Y119.576
G1 F1500 E28.64099
G0 F7200 X109.648 Y119.9
G1 F1800 X109.231 Y119.9 E28.64622
G1 X109.23 Y119.4 E28.65249
G1 X109.647 Y119.4 E28.65772
G1 X109.648 Y119.9 E28.66399
G0 F7200 X109.448 Y119.9
G0 X109.448 Y119.8
G0 X109.633 Y118.535
G0 X112.54 Y117.57
G0 X115.44 Y119.368
G0 X116.582 Y119.165
G0 X116.621 Y119.074
G1 F1800 X116.744 Y119.121 E28.66564
G1 X116.744 Y119.589 E28.67151
G1 X116.305 Y119.376 E28.67509
G1 X116.304 Y118.92 E28.68061
G1 X116.621 Y119.074 E28.68242
G0 F7200 X116.744 Y119.121
G0 X116.744 Y119.19
G0 X116.705 Y119.191
G1 F1500 E22.18242
G0 F7200 X116.644 Y119.191
G0 X119.276 Y119.165
G1 F1500 E28.68242
G0 F7200 X119.379 Y119.074
G1 F1800 X119.695 Y118.92 E28.68683
G1 X119.696 Y119.375 E28.69253
G1 X119.256 Y119.589 E28.69867
G1 X119.256 Y119.121 E28.70454
G1 X119.379 Y119.074 E28.70619
G0 F7200 X119.559 Y118.987
G0 X119.295 Y119.347
G0 X119.356 Y119.347
G0 X119.266 Y116.573
G0 X119.379 Y116.074
G1 F1800 X119.695 Y115.92 E28.7106
G1 X119.696 Y116.375 E28.7163
G1 X119.256 Y116.589 E28.72244
G1 X119.256 Y116.121 E28.72831
G1 X119.379 Y116.074 E28.72996
G0 F7200 X119.559 Y115.987
G0 X119.295 Y116.347
G1 F1500 E22.22996
G0 F7200 X119.356 Y116.347
G0 X116.724 Y116.165
G1 F1500 E28.72996
G0 F7200 X116.62 Y116.074
G1 F1800 X116.744 Y116.121 E28.73162
G1 X116.744 Y116.589 E28.73749
G1 X116.305 Y116.376 E28.74107
G1 X116.304 Y115.92 E28.74659
G1 X116.62 Y116.074 E28.74838
G0 F7200 X116.744 Y116.121
G0 X116.744 Y116.189
G0 X116.705 Y116.19
G1 F1500 E22.24838
G0 F7200 X116.644 Y116.19
G0 X116.734 Y113.573
G1 F1500 E28.74838
G0 F7200 X116.62 Y113.074
G1 F1800 X116.744 Y113.121 E28.75004
G1 X116.744 Y113.589 E28.75591
G1 X116.305 Y113.376 E28.75948
G1 X116.304 Y112.92 E28.765
G1 X116.62 Y113.074 E28.7668
G0 F7200 X116.744 Y113.121
G0 X116.744 Y113.189
G0 X116.705 Y113.19
G0 X116.644 Y113.19
G0 X119.276 Y113.165
G0 X119.379 Y113.074
G1 F1800 X119.695 Y112.92 E28.77121
G1 X119.695 Y113.376 E28.77692
G1 X119.256 Y113.589 E28.78304
G1 X119.256 Y113.121 E28.78891
G1 X119.379 Y113.074 E28.79056
G0 F7200 X119.559 Y112.987
G0 X119.295 Y113.347
G1 F1500 E22.29056
G0 F7200 X119.356 Y113.347
G0 X119.266 Y110.573
G1 F1500 E28.79056
G0 F7200 X119.379 Y110.074
G1 F1800 X119.695 Y109.92 E28.79497
G1 X119.695 Y110.376 E28.80069
G1 X119.256 Y110.589 E28.80681
G1 X119.256 Y110.121 E28.81268
G1 X119.379 Y110.074 E28.81433
G0 F7200 X119.559 Y109.987
G0 X119.295 Y110.347
G0 X119.356 Y110.347
G0 X116.724 Y110.165
G0 X116.62 Y110.074
G1 F1800 X116.744 Y110.121 E28.81599
G1 X116.744 Y110.589 E28.82186
G1 X116.305 Y110.376 E28.82544
G1 X116.304 Y109.92 E28.83095
G1 X116.62 Y110.074 E28.83275
G0 F7200 X116.744 Y110.121
G0 X116.744 Y110.189
G0 X116.705 Y110.19
G1 F1500 E22.33275
G0 F7200 X116.644 Y110.19
G0 X118.399 Y109.53
G0 X120.541 Y108.57
G0 X123.44 Y110.15
G0 X124.581 Y110.165
G1 F1500 E28.83275
G0 F7200 X124.62 Y110.074
G1 F1800 X124.744 Y110.121 E28.83441
G1 X124.744 Y110.589 E28.84028
G1 X124.305 Y110.376 E28.84385
G1 X124.304 Y109.92 E28.84937
G1 X124.62 Y110.074 E28.85117
G0 F7200 X124.744 Y110.121
G0 X124.744 Y110.189
G0 X124.705 Y110.19
G0 X124.644 Y110.19
G0 X127.276 Y110.165
G0 X127.379 Y110.074
G1 F1800 X127.695 Y109.92 E28.85557
G1 X127.695 Y110.376 E28.86129
G1 X127.256 Y110.589 E28.86741
G1 X127.256 Y110.121 E28.87328
G1 X127.379 Y110.074 E28.87493
G0 F7200 X127.559 Y109.987
G0 X127.295 Y110.347
G1 F1500 E22.37493
G0 F7200 X127.356 Y110.347
G0 X127.685 Y112.936
G1 F1500 E28.87493
G0 F7200 X127.379 Y113.074
G1 F1800 X127.695 Y112.92 E28.87934
G1 X127.695 Y113.376 E28.88506
G1 X127.256 Y113.589 E28.89118
G1 X127.256 Y113.121 E28.89705
G1 X127.379 Y113.074 E28.8987
G0 F7200 X127.559 Y112.987
G0 X127.295 Y113.347
G1 F1500 E22.3987
G0 F7200 X127.356 Y113.347
G0 X124.724 Y113.165
G1 F1500 E28.8987
G0 F7200 X124.62 Y113.074
G1 F1800 X124.744 Y113.121 E28.90036
G1 X124.744 Y113.589 E28.90623
G1 X124.305 Y113.376 E28.9098
G1 X124.304 Y112.92 E28.91532
G1 X124.62 Y113.074 E28.91712
G0 F7200 X124.744 Y113.121
G0 X124.744 Y113.189
G0 X124.705 Y113.19
G0 X124.644 Y113.19
G0 X124.314 Y115.936
G0 X124.62 Y116.074
G1 F1800 X124.744 Y116.121 E28.91878
G1 X124.744 Y116.589 E28.92465
G1 X124.305 Y116.376 E28.92822
G1 X124.304 Y115.92 E28.93374
G1 X124.62 Y116.074 E28.93554
G0 F7200 X124.744 Y116.121
G0 X124.744 Y116.189
G0 X124.705 Y116.19
G0 X124.644 Y116.19
G0 X127.276 Y116.165
G0 X127.379 Y116.074
G1 F1800 X127.695 Y115.92 E28.93994
G1 X127.695 Y116.376 E28.94566
G1 X127.256 Y116.589 E28.95178
G1 X127.256 Y116.121 E28.95765
G1 X127.379 Y116.074 E28.9593
G0 F7200 X127.559 Y115.987
G0 X127.295 Y116.347
G0 X127.356 Y116.347
G0 X127.685 Y118.936
G0 X127.379 Y119.074
G1 F1800 X127.695 Y118.92 E28.96371
G1 X127.696 Y119.375 E28.96942
G1 X127.256 Y119.589 E28.97555
G1 X127.256 Y119.121 E28.98142
G1 X127.379 Y119.074 E28.98307
G0 F7200 X127.559 Y118.987
G0 X127.295 Y119.347
G0 X127.356 Y119.347
G0 X124.724 Y119.165
G0 X124.621 Y119.074
G1 F1800 X124.744 Y119.121 E28.98472
G1 X124.744 Y119.589 E28.99059
G1 X124.305 Y119.376 E28.99417
G1 X124.304 Y118.92 E28.99969
G1 X124.621 Y119.074 E29.0015
G0 F7200 X124.744 Y119.121
G0 X124.744 Y119.19
G0 X124.705 Y119.191
G0 X124.644 Y119.191
G0 X126.399 Y118.53
G0 X128.54 Y117.57
G0 X131.44 Y119.151
G0 X132.582 Y119.165
G0 X132.621 Y119.074
G1 F1800 X132.744 Y119.121 E29.00315
G1 X132.744 Y119.589 E29.00902
G1 X132.305 Y119.376 E29.0126
G1 X132.304 Y118.92 E29.01812
G1 X132.621 Y119.074 E29.01993
G0 F7200 X132.744 Y119.121
G0 X132.744 Y119.19
G0 X132.705 Y119.191
G0 X132.644 Y119.191
G0 X132.734 Y116.573
G0 X132.62 Y116.074
G1 F1800 X132.744 Y116.121 E29.02159
G1 X132.744 Y116.589 E29.02746
G1 X132.305 Y116.376 E29.03104
G1 X132.304 Y115.92 E29.03656
G1 X132.62 Y116.074 E29.03835
G0 F7200 X132.744 Y116.121
G0 X132.744 Y116.189
G0 X132.705 Y116.19
G0 X132.644 Y116.19
G0 X132.734 Y113.573
G0 X132.62 Y113.074
G1 F1800 X132.744 Y113.121 E29.04001
G1 X132.744 Y113.589 E29.04588
G1 X132.305 Y113.376 E29.04945
G1 X132.304 Y112.92 E29.05497
G1 X132.62 Y113.074 E29.05677
G0 F7200 X132.744 Y113.121
G0 X132.744 Y113.189
G0 X132.705 Y113.19
G0 X132.644 Y113.19
G0 X132.734 Y110.573
G0 X132.62 Y110.074
G1 F1800 X132.744 Y110.121 E29.05843
G1 X132.744 Y110.589 E29.0643
G1 X132.305 Y110.376 E29.06787
G1 X132.304 Y109.92 E29.07339
G1 X132.62 Y110.074 E29.07519
G0 F7200 X132.744 Y110.121
G0 X132.744 Y110.189
G0 X132.705 Y110.19
G1 F1500 E22.57519
;MESH:NONMESH
G0 F600 X132.705 Y110.19 Z2.2
G0 F7200 X132.644 Y110.19
G0 X131.44 Y110.23
G0 X126.409 Y111.822
G0 X120.553 Y110.913
G0 X119.563 Y111.4
G0 X118.409 Y111.822
G0 X112.56 Y110.229
G1 F1500 E29.07519
G0 F7200 X111.905 Y110.274
;TIME_ELAPSED:166.454962
;LAYER:10
;TYPE:WALL-OUTER
;MESH:output_v2\A_fina_suporte.stl
G1 F1800 X111.466 Y110.487 E29.0813
G1 X111.466 Y110.032 E29.08701
G1 X111.905 Y109.819 E29.09313
G1 X111.905 Y110.274 E29.09884
G0 F7200 X111.725 Y110.361
G0 X111.721 Y110.353
G0 X111.684 Y110.27
G0 X111.895 Y112.835
G0 X111.905 Y113.274
G1 F1800 X111.466 Y113.487 E29.10495
G1 X111.466 Y113.032 E29.11066
G1 X111.905 Y112.819 E29.11678
G1 X111.905 Y113.274 E29.12249
G0 F7200 X111.725 Y113.361
G0 X111.721 Y113.353
G0 X111.684 Y113.27
G0 X111.895 Y115.834
G0 X111.906 Y116.273
G1 F1800 X111.466 Y116.487 E29.12862
G1 X111.466 Y116.032 E29.13433
G1 X111.905 Y115.818 E29.14045
G1 X111.906 Y116.273 E29.14616
G0 F7200 X111.727 Y116.36
G0 X111.723 Y116.351
G0 X111.686 Y116.27
G0 X111.895 Y118.834
G0 X111.906 Y119.273
G1 F1800 X111.466 Y119.487 E29.15229
G1 X111.466 Y119.032 E29.158
G1 X111.905 Y118.818 E29.16412
G1 X111.906 Y119.273 E29.16983
G0 F7200 X111.727 Y119.36
G0 X111.723 Y119.351
G0 X111.686 Y119.27
G0 X109.609 Y119.474
G0 X109.61 Y119.9
G1 F1800 X109.197 Y119.9 E29.17501
G1 X109.196 Y119.4 E29.18128
G1 X109.609 Y119.4 E29.18646
G1 X109.61 Y119.9 E29.19273
G0 F7200 X109.41 Y119.9
G0 X109.41 Y119.8
G0 X110.474 Y119.412
G0 X110.619 Y120.743
G0 X115.23 Y119.267
G0 X116.434 Y119.084
G0 X116.534 Y119.031
G1 F1800 X116.534 Y119.487 E29.19845
G1 X116.095 Y119.274 E29.20457
G1 X116.094 Y118.818 E29.21028
G1 X116.534 Y119.031 E29.21641
G0 F7200 X116.534 Y119.231
G0 X116.495 Y119.232
G0 X116.434 Y119.232
G0 X116.524 Y116.471
G0 X116.534 Y116.031
G1 F1800 X116.534 Y116.487 E29.22213
G1 X116.095 Y116.274 E29.22825
G1 X116.094 Y115.817 E29.23398
G1 X116.534 Y116.031 E29.24012
G0 F7200 X116.534 Y116.231
G0 X116.495 Y116.232
G1 F1500 E22.74012
G0 F7200 X116.434 Y116.232
G0 X116.524 Y113.471
G1 F1500 E29.24012
G0 F7200 X116.534 Y113.032
G1 F1800 X116.534 Y113.487 E29.24582
G1 X116.095 Y113.274 E29.25194
G1 X116.094 Y112.818 E29.25766
G1 X116.534 Y113.032 E29.2638
G0 F7200 X116.534 Y113.232
G0 X116.495 Y113.233
G1 F1500 E22.7638
G0 F7200 X116.434 Y113.233
G0 X116.524 Y110.471
G1 F1500 E29.2638
G0 F7200 X116.534 Y110.032
G1 F1800 X116.534 Y110.487 E29.2695
G1 X116.095 Y110.274 E29.27562
G1 X116.094 Y109.818 E29.28134
G1 X116.534 Y110.032 E29.28748
G0 F7200 X116.534 Y110.232
G0 X116.495 Y110.233
G0 X116.434 Y110.233
G0 X118.601 Y110.206
G0 X119.815 Y110.206
G0 X119.905 Y110.274
G1 F1800 X119.466 Y110.487 E29.2936
G1 X119.466 Y110.032 E29.2993
G1 X119.905 Y109.819 E29.30542
G1 X119.905 Y110.274 E29.31113
G0 F7200 X119.725 Y110.361
G0 X119.721 Y110.353
G0 X119.684 Y110.27
G0 X119.895 Y112.835
G0 X119.905 Y113.274
G1 F1800 X119.466 Y113.487 E29.31725
G1 X119.466 Y113.032 E29.32295
G1 X119.905 Y112.819 E29.32907
G1 X119.905 Y113.274 E29.33478
G0 F7200 X119.725 Y113.361
G0 X119.721 Y113.353
G0 X119.684 Y113.27
G0 X119.895 Y115.834
G0 X119.906 Y116.273
G1 F1800 X119.466 Y116.487 E29.34091
G1 X119.466 Y116.032 E29.34662
G1 X119.905 Y115.818 E29.35274
G1 X119.906 Y116.273 E29.35845
G0 F7200 X119.727 Y116.36
G0 X119.723 Y116.351
G0 X119.686 Y116.27
G0 X119.895 Y118.834
G0 X119.906 Y119.273
G1 F1800 X119.466 Y119.487 E29.36458
G1 X119.466 Y119.032 E29.37029
G1 X119.905 Y118.818 E29.37641
G1 X119.906 Y119.273 E29.38212
G0 F7200 X119.727 Y119.36
G0 X119.723 Y119.351
G0 X119.686 Y119.27
G0 X120.77 Y119.092
G0 X123.23 Y119.087
G0 X124.434 Y119.084
G0 X124.534 Y119.031
G1 F1800 X124.534 Y119.487 E29.38784
G1 X124.095 Y119.274 E29.39396
G1 X124.094 Y118.818 E29.39968
G1 X124.534 Y119.031 E29.40581
G0 F7200 X124.534 Y119.231
G0 X124.495 Y119.232
G0 X124.434 Y119.232
G0 X124.524 Y116.471
G0 X124.534 Y116.031
G1 F1800 X124.534 Y116.487 E29.41152
G1 X124.095 Y116.274 E29.41764
G1 X124.094 Y115.817 E29.42337
G1 X124.534 Y116.031 E29.42951
G0 F7200 X124.534 Y116.231
G0 X124.495 Y116.232
G0 X124.434 Y116.232
G0 X124.524 Y113.471
G0 X124.534 Y113.032
G1 F1800 X124.534 Y113.487 E29.43522
G1 X124.095 Y113.274 E29.44134
G1 X124.094 Y112.818 E29.44705
G1 X124.534 Y113.032 E29.45319
G0 F7200 X124.534 Y113.232
G0 X124.495 Y113.233
G1 F1500 E22.95319
G0 F7200 X124.434 Y113.233
G0 X124.524 Y110.471
G1 F1500 E29.45319
G0 F7200 X124.534 Y110.032
G1 F1800 X124.534 Y110.487 E29.4589
G1 X124.095 Y110.274 E29.46501
G1 X124.094 Y109.818 E29.47073
G1 X124.534 Y110.032 E29.47687
G0 F7200 X124.534 Y110.232
G0 X124.495 Y110.233
G1 F1500 E22.97687
G0 F7200 X124.434 Y110.233
G0 X126.601 Y110.206
G0 X127.815 Y110.206
G1 F1500 E29.47687
G0 F7200 X127.905 Y110.274
G1 F1800 X127.466 Y110.487 E29.48299
G1 X127.466 Y110.032 E29.48869
G1 X127.905 Y109.819 E29.49481
G1 X127.905 Y110.274 E29.50052
G0 F7200 X127.725 Y110.361
G0 X127.721 Y110.353
G0 X127.684 Y110.27
G0 X127.895 Y112.835
G0 X127.905 Y113.274
G1 F1800 X127.466 Y113.487 E29.50664
G1 X127.466 Y113.032 E29.51234
G1 X127.905 Y112.819 E29.51846
G1 X127.905 Y113.274 E29.52417
G0 F7200 X127.725 Y113.361
G0 X127.721 Y113.353
G1 F1500 E23.02417
G0 F7200 X127.684 Y113.27
G0 X127.895 Y115.835
G1 F1500 E29.52417
G0 F7200 X127.905 Y116.274
G1 F1800 X127.466 Y116.487 E29.53029
G1 X127.466 Y116.032 E29.53599
G1 X127.905 Y115.819 E29.54211
G1 X127.905 Y116.274 E29.54782
G0 F7200 X127.725 Y116.361
G0 X127.721 Y116.353
G0 X127.684 Y116.27
G0 X127.895 Y118.834
G0 X127.906 Y119.273
G1 F1800 X127.466 Y119.487 E29.55395
G1 X127.466 Y119.032 E29.55966
G1 X127.905 Y118.818 E29.56578
G1 X127.906 Y119.273 E29.57149
G0 F7200 X127.727 Y119.36
G0 X127.723 Y119.351
G1 F1500 E23.07149
G0 F7200 X127.686 Y119.27
G0 X128.77 Y119.092
G0 X131.23 Y119.087
G0 X132.434 Y119.084
G1 F1500 E29.57149
G0 F7200 X132.534 Y119.031
G1 F1800 X132.534 Y119.487 E29.57721
G1 X132.095 Y119.274 E29.58333
G1 X132.094 Y118.818 E29.58905
G1 X132.534 Y119.031 E29.59518
G0 F7200 X132.534 Y119.231
G0 X132.495 Y119.232
G0 X132.434 Y119.232
G0 X132.524 Y116.471
G0 X132.534 Y116.031
G1 F1800 X132.534 Y116.487 E29.60089
G1 X132.095 Y116.274 E29.60701
G1 X132.094 Y115.817 E29.61274
G1 X132.534 Y116.031 E29.61888
G0 F7200 X132.534 Y116.231
G0 X132.495 Y116.232
G1 F1500 E23.11888
G0 F7200 X132.434 Y116.232
G0 X132.524 Y113.471
G1 F1500 E29.61888
G0 F7200 X132.534 Y113.032
G1 F1800 X132.534 Y113.487 E29.62459
G1 X132.095 Y113.274 E29.63071
G1 X132.094 Y112.818 E29.63642
G1 X132.534 Y113.032 E29.64256
G0 F7200 X132.534 Y113.232
G0 X132.495 Y113.233
G0 X132.434 Y113.233
G0 X132.524 Y110.471
G0 X132.534 Y110.032
G1 F1800 X132.534 Y110.487 E29.64827
G1 X132.095 Y110.274 E29.65438
G1 X132.094 Y109.818 E29.6601
G1 X132.534 Y110.032 E29.66624
G0 F7200 X132.534 Y110.232
G0 X132.495 Y110.233
G1 F1500 E23.16624
;MESH:NONMESH
G0 F600 X132.495 Y110.233 Z2.4
G0 F7200 X132.434 Y110.233
G0 X131.23 Y110.129
G0 X126.619 Y111.743
G0 X125.381 Y111.743
G0 X120.763 Y110.811
G0 X119.564 Y111.4
G0 X118.619 Y111.743
G0 X117.381 Y111.743
G0 X112.77 Y110.128
G1 F1500 E29.66624
G0 F7200 X112.115 Y110.172
;TIME_ELAPSED:174.566880
;LAYER:11
;TYPE:WALL-OUTER
;MESH:output_v2\A_fina_suporte.stl
G1 F1800 X111.675 Y110.385 E29.67237
G1 X111.676 Y109.929 E29.67809
G1 X112.116 Y109.716 E29.68422
G1 X112.115 Y110.172 E29.68994
G0 F7200 X111.935 Y110.259
G0 X111.931 Y110.25
G0 X111.893 Y110.168
G0 X112.106 Y112.732
G0 X112.115 Y113.172
G1 F1800 X111.675 Y113.385 E29.69607
G1 X111.676 Y112.929 E29.70178
G1 X112.116 Y112.716 E29.70791
G1 X112.115 Y113.172 E29.71363
G0 F7200 X111.935 Y113.259
G0 X111.931 Y113.25
G1 F1500 E23.21363
G0 F7200 X111.893 Y113.168
G0 X112.106 Y115.731
G1 F1500 E29.71363
G0 F7200 X112.116 Y116.171
G1 F1800 X111.675 Y116.385 E29.71978
G1 X111.676 Y115.929 E29.7255
G1 X112.116 Y115.715 E29.73163
G1 X112.116 Y116.171 E29.73735
G0 F7200 X111.936 Y116.258
G0 X111.933 Y116.248
G0 X111.895 Y116.167
G0 X112.106 Y118.732
G0 X112.116 Y119.171
G1 F1800 X111.675 Y119.385 E29.7435
G1 X111.675 Y118.93 E29.74921
G1 X112.116 Y118.716 E29.75535
G1 X112.116 Y119.171 E29.76106
G0 F7200 X111.936 Y119.258
G0 X111.932 Y119.25
G1 F1500 E23.26106
G0 F7200 X111.895 Y119.167
G0 X109.557 Y119.414
G1 F1500 E29.76106
G0 F7200 X109.572 Y119.9
G1 F1800 X109.162 Y119.9 E29.7662
G1 X109.161 Y119.4 E29.77247
G1 X109.571 Y119.4 E29.77761
G1 X109.572 Y119.9 E29.78388
G0 F7200 X109.372 Y119.9
G0 X109.372 Y119.8
G0 X110.436 Y119.412
G0 X110.829 Y120.737
G0 X115.02 Y119.162
G0 X116.224 Y118.982
G0 X116.324 Y118.929
G1 F1800 X116.324 Y119.385 E29.7896
G1 X115.885 Y119.172 E29.79572
G1 X115.885 Y118.716 E29.80144
G1 X116.324 Y118.929 E29.80756
G0 F7200 X116.324 Y119.129
G0 X116.285 Y119.129
G0 X116.224 Y119.129
G0 X116.315 Y116.369
G0 X116.324 Y115.929
G1 F1800 X116.325 Y116.385 E29.81328
G1 X115.885 Y116.172 E29.81941
G1 X115.884 Y115.716 E29.82512
G1 X116.324 Y115.929 E29.83125
G0 F7200 X116.324 Y116.129
G0 X116.285 Y116.129
G1 F1500 E23.33125
G0 F7200 X116.224 Y116.128
G0 X116.315 Y113.369
G1 F1500 E29.83125
G0 F7200 X116.324 Y112.929
G1 F1800 X116.325 Y113.385 E29.83697
G1 X115.885 Y113.172 E29.8431
G1 X115.884 Y112.716 E29.84882
G1 X116.324 Y112.929 E29.85495
G0 F7200 X116.324 Y113.129
G0 X116.285 Y113.129
G0 X116.224 Y113.128
G0 X116.315 Y110.369
G0 X116.324 Y109.929
G1 F1800 X116.325 Y110.385 E29.86067
G1 X115.885 Y110.172 E29.8668
G1 X115.884 Y109.716 E29.87252
G1 X116.324 Y109.929 E29.87865
G0 F7200 X116.324 Y110.129
G0 X116.285 Y110.129
G1 F1500 E23.37865
G0 F7200 X116.224 Y110.128
G0 X118.81 Y110.121
G0 X120.025 Y110.104
G1 F1500 E29.87865
G0 F7200 X120.115 Y110.172
G1 F1800 X119.675 Y110.385 E29.88478
G1 X119.676 Y109.929 E29.8905
G1 X120.116 Y109.716 E29.89663
G1 X120.115 Y110.172 E29.90235
G0 F7200 X119.935 Y110.259
G0 X119.931 Y110.25
G0 X119.893 Y110.168
G0 X120.106 Y112.732
G0 X120.115 Y113.172
G1 F1800 X119.675 Y113.385 E29.90848
G1 X119.676 Y112.929 E29.9142
G1 X120.116 Y112.716 E29.92033
G1 X120.115 Y113.172 E29.92604
G0 F7200 X119.935 Y113.259
G0 X119.931 Y113.25
G0 X119.893 Y113.168
G0 X120.106 Y115.731
G0 X120.116 Y116.171
G1 F1800 X119.675 Y116.385 E29.93219
G1 X119.676 Y115.929 E29.93791
G1 X120.116 Y115.715 E29.94405
G1 X120.116 Y116.171 E29.94976
G0 F7200 X119.936 Y116.258
G0 X119.933 Y116.248
G0 X119.895 Y116.167
G0 X120.106 Y118.732
G0 X120.116 Y119.171
G1 F1800 X119.675 Y119.385 E29.95591
G1 X119.675 Y118.93 E29.96162
G1 X120.116 Y118.716 E29.96776
G1 X120.116 Y119.171 E29.97347
G0 F7200 X119.936 Y119.258
G0 X119.932 Y119.25
G0 X119.895 Y119.167
G0 X120.981 Y118.982
G0 X123.019 Y118.992
G0 X124.224 Y118.982
G0 X124.324 Y118.929
G1 F1800 X124.324 Y119.385 E29.97919
G1 X123.884 Y119.171 E29.98532
G1 X123.885 Y118.716 E29.99103
G1 X124.324 Y118.929 E29.99715
G0 F7200 X124.324 Y119.129
G0 X124.284 Y119.129
G0 X124.224 Y119.129
G0 X124.315 Y116.369
G0 X124.324 Y115.929
G1 F1800 X124.325 Y116.385 E30.00287
G1 X123.885 Y116.172 E30.009
G1 X123.884 Y115.716 E30.01472
G1 X124.324 Y115.929 E30.02085
G0 F7200 X124.324 Y116.129
G0 X124.285 Y116.129
G0 X124.224 Y116.128
G0 X124.315 Y113.369
G0 X124.324 Y112.929
G1 F1800 X124.325 Y113.385 E30.02656
G1 X123.885 Y113.172 E30.03269
G1 X123.884 Y112.716 E30.03841
G1 X124.324 Y112.929 E30.04454
G0 F7200 X124.324 Y113.129
G0 X124.285 Y113.129
G1 F1500 E23.54454
G0 F7200 X124.224 Y113.128
G0 X124.315 Y110.369
G1 F1500 E30.04454
G0 F7200 X124.324 Y109.929
G1 F1800 X124.325 Y110.385 E30.05026
G1 X123.885 Y110.172 E30.05639
G1 X123.884 Y109.716 E30.06211
G1 X124.324 Y109.929 E30.06824
G0 F7200 X124.324 Y110.129
G0 X124.285 Y110.129
G0 X124.224 Y110.128
G0 X126.81 Y110.121
G0 X128.025 Y110.104
G0 X128.115 Y110.172
G1 F1800 X127.675 Y110.385 E30.07437
G1 X127.676 Y109.929 E30.08009
G1 X128.116 Y109.716 E30.08622
G1 X128.115 Y110.172 E30.09194
G0 F7200 X127.935 Y110.259
G0 X127.931 Y110.25
G0 X127.893 Y110.168
G0 X128.106 Y112.732
G0 X128.115 Y113.172
G1 F1800 X127.675 Y113.385 E30.09807
G1 X127.676 Y112.929 E30.10379
G1 X128.116 Y112.716 E30.10992
G1 X128.115 Y113.172 E30.11564
G0 F7200 X127.935 Y113.259
G0 X127.931 Y113.25
G0 X127.893 Y113.168
G0 X128.106 Y115.732
G0 X128.115 Y116.172
G1 F1800 X127.675 Y116.385 E30.12177
G1 X127.676 Y115.929 E30.12748
G1 X128.116 Y115.716 E30.13361
G1 X128.115 Y116.172 E30.13933
G0 F7200 X127.935 Y116.259
G0 X127.931 Y116.25
G0 X127.893 Y116.168
G0 X128.106 Y118.732
G0 X128.116 Y119.171
G1 F1800 X127.676 Y119.385 E30.14547
G1 X127.675 Y118.93 E30.15117
G1 X128.116 Y118.716 E30.15732
G1 X128.116 Y119.171 E30.16303
G0 F7200 X127.937 Y119.258
G0 X127.932 Y119.25
G0 X127.895 Y119.168
G0 X128.981 Y118.982
G0 X131.019 Y118.992
G0 X132.224 Y118.982
G0 X132.324 Y118.929
G1 F1800 X132.324 Y119.385 E30.16875
G1 X131.884 Y119.171 E30.17488
G1 X131.885 Y118.716 E30.18059
G1 X132.324 Y118.929 E30.18671
G0 F7200 X132.324 Y119.129
G0 X132.284 Y119.129
G0 X132.224 Y119.129
G0 X132.315 Y116.369
G0 X132.324 Y115.929
G1 F1800 X132.325 Y116.385 E30.19243
G1 X131.885 Y116.172 E30.19856
G1 X131.884 Y115.716 E30.20427
G1 X132.324 Y115.929 E30.2104
G0 F7200 X132.324 Y116.129
G0 X132.285 Y116.129
G0 X132.224 Y116.128
G0 X132.315 Y113.369
G0 X132.324 Y112.929
G1 F1800 X132.325 Y113.385 E30.21612
G1 X131.885 Y113.172 E30.22225
G1 X131.884 Y112.716 E30.22797
G1 X132.324 Y112.929 E30.2341
G0 F7200 X132.324 Y113.129
G0 X132.285 Y113.129
G1 F1500 E23.7341
G0 F7200 X132.224 Y113.128
G0 X132.315 Y110.369
G1 F1500 E30.2341
G0 F7200 X132.324 Y109.929
G1 F1800 X132.325 Y110.385 E30.23982
G1 X131.885 Y110.172 E30.24595
G1 X131.884 Y109.716 E30.25167
G1 X132.324 Y109.929 E30.2578
G0 F7200 X132.324 Y110.129
G0 X132.285 Y110.129
G1 F1500 E23.7578
;MESH:NONMESH
G0 F600 X132.285 Y110.129 Z2.6
G0 F7200 X132.224 Y110.128
G0 X131.02 Y110.027
G0 X128.963 Y108.364
G0 X115.037 Y108.364
G0 X112.981 Y109.981
G1 F1500 E30.2578
G0 F7200 X112.324 Y110.07
;TIME_ELAPSED:182.137747
;LAYER:12
;TYPE:WALL-OUTER
;MESH:output_v2\A_fina_suporte.stl
G1 F1800 X111.885 Y110.283 E30.26392
G1 X111.886 Y109.827 E30.26964
G1 X112.325 Y109.614 E30.27576
G1 X112.324 Y110.07 E30.28147
G0 F7200 X112.144 Y110.157
G0 X112.14 Y110.148
G0 X112.103 Y110.066
G0 X112.315 Y112.63
G0 X112.324 Y113.07
G1 F1800 X111.885 Y113.283 E30.28759
G1 X111.886 Y112.827 E30.29331
G1 X112.325 Y112.614 E30.29943
G1 X112.324 Y113.07 E30.30515
G0 F7200 X112.144 Y113.157
G0 X112.14 Y113.148
G0 X112.103 Y113.066
G0 X112.315 Y115.63
G0 X112.325 Y116.069
G1 F1800 X111.885 Y116.283 E30.31128
G1 X111.886 Y115.827 E30.317
G1 X112.325 Y115.614 E30.32312
G1 X112.325 Y116.069 E30.32883
G0 F7200 X112.146 Y116.156
G0 X112.141 Y116.148
G0 X112.104 Y116.066
G0 X112.315 Y118.63
G0 X112.325 Y119.069
G1 F1800 X111.885 Y119.283 E30.33496
G1 X111.885 Y118.828 E30.34067
G1 X112.325 Y118.614 E30.34681
G1 X112.325 Y119.069 E30.35251
G0 F7200 X112.146 Y119.156
G0 X112.142 Y119.147
G0 X112.105 Y119.066
G0 X109.525 Y119.414
G0 X109.539 Y119.9
G1 F1800 X109.132 Y119.9 E30.35762
G1 X109.131 Y119.4 E30.36389
G1 X109.539 Y119.4 E30.369
G1 X109.539 Y119.9 E30.37527
G0 F7200 X109.339 Y119.9
G0 X109.339 Y119.8
G0 X110.404 Y119.414
G0 X111.039 Y120.635
G0 X114.811 Y119.06
G0 X116.014 Y118.88
G0 X116.114 Y118.827
G1 F1800 X116.114 Y119.283 E30.38099
G1 X115.676 Y119.07 E30.3871
G1 X115.676 Y118.614 E30.39282
G1 X116.114 Y118.827 E30.39892
G0 F7200 X116.114 Y119.027
G0 X116.076 Y119.027
G0 X116.014 Y119.027
G0 X116.105 Y116.267
G0 X116.114 Y115.827
G1 F1800 X116.115 Y116.283 E30.40464
G1 X115.676 Y116.07 E30.41076
G1 X115.675 Y115.614 E30.41648
G1 X116.114 Y115.827 E30.4226
G0 F7200 X116.114 Y116.027
G0 X116.076 Y116.027
G0 X116.014 Y116.026
G0 X116.105 Y113.267
G0 X116.114 Y112.827
G1 F1800 X116.115 Y113.283 E30.42832
G1 X115.676 Y113.07 E30.43444
G1 X115.675 Y112.614 E30.44015
G1 X116.114 Y112.827 E30.44627
G0 F7200 X116.114 Y113.027
G0 X116.076 Y113.027
G1 F1500 E23.94627
G0 F7200 X116.014 Y113.026
G0 X116.105 Y110.267
G1 F1500 E30.44627
G0 F7200 X116.114 Y109.827
G1 F1800 X116.115 Y110.283 E30.45199
G1 X115.676 Y110.07 E30.45811
G1 X115.675 Y109.614 E30.46383
G1 X116.114 Y109.827 E30.46995
G0 F7200 X116.114 Y110.027
G0 X116.076 Y110.027
G0 X116.014 Y110.026
G0 X119.02 Y110.021
G0 X120.234 Y110.002
G0 X120.324 Y110.07
G1 F1800 X119.885 Y110.283 E30.47607
G1 X119.886 Y109.827 E30.48179
G1 X120.325 Y109.614 E30.48791
G1 X120.324 Y110.07 E30.49362
G0 F7200 X120.144 Y110.157
G0 X120.14 Y110.148
G1 F1500 E23.99362
G0 F7200 X120.103 Y110.066
G0 X120.315 Y112.63
G1 F1500 E30.49362
G0 F7200 X120.324 Y113.07
G1 F1800 X119.885 Y113.283 E30.49974
G1 X119.886 Y112.827 E30.50546
G1 X120.325 Y112.614 E30.51158
G1 X120.324 Y113.07 E30.5173
G0 F7200 X120.144 Y113.157
G0 X120.14 Y113.148
G0 X120.103 Y113.066
G0 X120.315 Y115.63
G0 X120.325 Y116.069
G1 F1800 X119.885 Y116.283 E30.52343
G1 X119.886 Y115.827 E30.52915
G1 X120.325 Y115.614 E30.53527
G1 X120.325 Y116.069 E30.54098
G0 F7200 X120.146 Y116.156
G0 X120.141 Y116.148
G0 X120.104 Y116.066
G0 X120.315 Y118.63
G0 X120.325 Y119.069
G1 F1800 X119.885 Y119.283 E30.54711
G1 X119.885 Y118.828 E30.55282
G1 X120.325 Y118.614 E30.55896
G1 X120.325 Y119.069 E30.56466
G0 F7200 X120.146 Y119.156
G0 X120.142 Y119.147
G1 F1500 E24.06466
G0 F7200 X120.105 Y119.066
G0 X121.19 Y118.88
G0 X122.81 Y118.889
G0 X124.014 Y118.88
G1 F1500 E30.56466
G0 F7200 X124.114 Y118.827
G1 F1800 X124.114 Y119.282 E30.57037
G1 X123.675 Y119.069 E30.57649
G1 X123.676 Y118.614 E30.58219
G1 X124.114 Y118.827 E30.5883
G0 F7200 X124.114 Y119.027
G0 X124.075 Y119.027
G0 X124.014 Y119.027
G0 X124.105 Y116.267
G0 X124.114 Y115.827
G1 F1800 X124.115 Y116.283 E30.59402
G1 X123.676 Y116.07 E30.60014
G1 X123.675 Y115.614 E30.60586
G1 X124.114 Y115.827 E30.61197
G0 F7200 X124.114 Y116.027
G0 X124.076 Y116.027
G1 F1500 E24.11197
G0 F7200 X124.014 Y116.026
G0 X124.105 Y113.267
G1 F1500 E30.61197
G0 F7200 X124.114 Y112.827
G1 F1800 X124.115 Y113.283 E30.61769
G1 X123.676 Y113.07 E30.62381
G1 X123.675 Y112.614 E30.62953
G1 X124.114 Y112.827 E30.63565
G0 F7200 X124.114 Y113.027
G0 X124.076 Y113.027
G0 X124.014 Y113.026
G0 X124.105 Y110.267
G0 X124.114 Y109.827
G1 F1800 X124.115 Y110.283 E30.64137
G1 X123.676 Y110.07 E30.64749
G1 X123.675 Y109.614 E30.6532
G1 X124.114 Y109.827 E30.65932
G0 F7200 X124.114 Y110.027
G0 X124.076 Y110.027
G0 X124.014 Y110.026
G0 X127.02 Y110.021
G0 X128.234 Y110.002
G0 X128.324 Y110.07
G1 F1800 X127.885 Y110.283 E30.66544
G1 X127.886 Y109.827 E30.67116
G1 X128.325 Y109.614 E30.67728
G1 X128.324 Y110.07 E30.683
G0 F7200 X128.144 Y110.157
G0 X128.14 Y110.148
G1 F1500 E24.183
G0 F7200 X128.103 Y110.066
G0 X128.315 Y112.63
G1 F1500 E30.683
G0 F7200 X128.324 Y113.07
G1 F1800 X127.885 Y113.283 E30.68912
G1 X127.886 Y112.827 E30.69484
G1 X128.325 Y112.614 E30.70096
G1 X128.324 Y113.07 E30.70667
G0 F7200 X128.144 Y113.157
G0 X128.14 Y113.148
G0 X128.103 Y113.066
G0 X128.315 Y115.63
G0 X128.324 Y116.07
G1 F1800 X127.885 Y116.283 E30.71279
G1 X127.886 Y115.827 E30.71851
G1 X128.325 Y115.614 E30.72463
G1 X128.324 Y116.07 E30.73035
G0 F7200 X128.144 Y116.157
G0 X128.14 Y116.148
G1 F1500 E24.23035
G0 F7200 X128.103 Y116.066
G0 X128.315 Y118.63
G1 F1500 E30.73035
G0 F7200 X128.325 Y119.069
G1 F1800 X127.886 Y119.283 E30.73647
G1 X127.885 Y118.828 E30.74218
G1 X128.325 Y118.614 E30.74831
G1 X128.325 Y119.069 E30.75402
G0 F7200 X128.146 Y119.156
G0 X128.142 Y119.147
G0 X128.105 Y119.066
G0 X129.19 Y118.88
G0 X130.81 Y118.889
G0 X132.014 Y118.88
G0 X132.114 Y118.827
G1 F1800 X132.114 Y119.282 E30.75973
G1 X131.675 Y119.069 E30.76585
G1 X131.676 Y118.614 E30.77155
G1 X132.114 Y118.827 E30.77766
G0 F7200 X132.114 Y119.027
G0 X132.075 Y119.027
G1 F1500 E24.27766
G0 F7200 X132.014 Y119.027
G0 X132.105 Y116.267
G1 F1500 E30.77766
G0 F7200 X132.114 Y115.827
G1 F1800 X132.115 Y116.283 E30.78338
G1 X131.676 Y116.07 E30.7895
G1 X131.675 Y115.614 E30.79521
G1 X132.114 Y115.827 E30.80133
G0 F7200 X132.114 Y116.027
G0 X132.076 Y116.027
G0 X132.014 Y116.026
G0 X132.105 Y113.267
G0 X132.114 Y112.827
G1 F1800 X132.115 Y113.283 E30.80705
G1 X131.676 Y113.07 E30.81317
G1 X131.675 Y112.614 E30.81889
G1 X132.114 Y112.827 E30.82501
G0 F7200 X132.114 Y113.027
G0 X132.076 Y113.027
G0 X132.014 Y113.026
G0 X132.105 Y110.267
G0 X132.114 Y109.827
G1 F1800 X132.115 Y110.283 E30.83073
G1 X131.676 Y110.07 E30.83685
G1 X131.675 Y109.614 E30.84256
G1 X132.114 Y109.827 E30.84868
G0 F7200 X132.114 Y110.027
G0 X132.076 Y110.027
G1 F1500 E24.34868
;MESH:NONMESH
G0 F600 X132.076 Y110.027 Z2.8
G0 F7200 X132.014 Y110.026
G0 X130.811 Y109.926
G0 X129.172 Y108.262
G0 X114.828 Y108.262
G0 X113.19 Y109.881
G1 F1500 E30.84868
G0 F7200 X112.535 Y109.968
;TIME_ELAPSED:190.255295
;LAYER:13
;TYPE:WALL-OUTER
;MESH:output_v2\A_fina_suporte.stl
G1 F1800 X112.096 Y110.181 E30.8548
G1 X112.096 Y109.725 E30.86052
G1 X112.534 Y109.513 E30.86662
G1 X112.535 Y109.968 E30.87233
G0 F7200 X112.355 Y110.055
G0 X112.351 Y110.046
G0 X112.314 Y109.964
G0 X112.524 Y112.529
G0 X112.535 Y112.968
G1 F1800 X112.096 Y113.181 E30.87845
G1 X112.096 Y112.725 E30.88417
G1 X112.534 Y112.513 E30.89027
G1 X112.535 Y112.968 E30.89597
G0 F7200 X112.355 Y113.055
G0 X112.351 Y113.046
G1 F1500 E24.39597
G0 F7200 X112.314 Y112.964
G0 X112.524 Y115.529
G1 F1500 E30.89597
G0 F7200 X112.535 Y115.968
G1 F1800 X112.096 Y116.181 E30.90209
G1 X112.096 Y115.725 E30.90781
G1 X112.534 Y115.513 E30.91391
G1 X112.535 Y115.968 E30.91962
G0 F7200 X112.355 Y116.055
G0 X112.351 Y116.046
G0 X112.314 Y115.964
G0 X112.524 Y118.529
G0 X112.535 Y118.968
G1 F1800 X112.096 Y119.181 E30.92574
G1 X112.095 Y118.726 E30.93145
G1 X112.534 Y118.513 E30.93756
G1 X112.535 Y118.968 E30.94327
G0 F7200 X112.355 Y119.055
G0 X112.351 Y119.046
G0 X112.314 Y118.964
G0 X109.5 Y119.414
G0 X109.514 Y119.9
G1 F1800 X109.109 Y119.9 E30.94835
G1 X109.108 Y119.4 E30.95462
G1 X109.514 Y119.4 E30.95971
G1 X109.514 Y119.9 E30.96598
G0 F7200 X109.314 Y119.9
G0 X109.314 Y119.8
G1 F1500 E24.46598
G0 F7200 X110.379 Y119.414
G0 X111.251 Y120.53
G0 X114.601 Y118.961
G0 X115.804 Y118.778
G1 F1500 E30.96598
G0 F7200 X115.904 Y118.725
G1 F1800 X115.904 Y119.181 E30.9717
G1 X115.466 Y118.97 E30.9778
G1 X115.465 Y118.512 E30.98354
G1 X115.904 Y118.725 E30.98966
G0 F7200 X115.904 Y118.925
G0 X115.866 Y118.926
G0 X115.804 Y118.926
G0 X115.895 Y116.166
G0 X115.904 Y115.725
G1 F1800 X115.905 Y116.182 E30.99539
G1 X115.466 Y115.97 E31.0015
G1 X115.465 Y115.512 E31.00725
G1 X115.904 Y115.725 E31.01337
G0 F7200 X115.904 Y115.925
G0 X115.866 Y115.925
G0 X115.804 Y115.924
G0 X115.895 Y113.166
G0 X115.904 Y112.725
G1 F1800 X115.905 Y113.182 E31.0191
G1 X115.466 Y112.97 E31.02521
G1 X115.465 Y112.512 E31.03095
G1 X115.904 Y112.725 E31.03707
G0 F7200 X115.904 Y112.925
G0 X115.866 Y112.925
G0 X115.804 Y112.924
G0 X115.895 Y110.166
G0 X115.904 Y109.725
G1 F1800 X115.905 Y110.182 E31.0428
G1 X115.466 Y109.97 E31.04892
G1 X115.465 Y109.512 E31.05466
G1 X115.904 Y109.725 E31.06078
G0 F7200 X115.904 Y109.925
G0 X115.866 Y109.925
G0 X115.804 Y109.924
G0 X119.231 Y109.923
G0 X120.434 Y109.914
G0 X120.535 Y109.968
G1 F1800 X120.096 Y110.181 E31.0669
G1 X120.096 Y109.725 E31.07262
G1 X120.534 Y109.513 E31.07872
G1 X120.535 Y109.968 E31.08442
G0 F7200 X120.355 Y110.055
G0 X120.351 Y110.046
G0 X120.314 Y109.964
G0 X120.524 Y112.529
G0 X120.535 Y112.968
G1 F1800 X120.096 Y113.181 E31.09054
G1 X120.096 Y112.725 E31.09626
G1 X120.534 Y112.513 E31.10236
G1 X120.535 Y112.968 E31.10807
G0 F7200 X120.355 Y113.055
G0 X120.351 Y113.046
G0 X120.314 Y112.964
G0 X120.524 Y115.529
G0 X120.535 Y115.968
G1 F1800 X120.096 Y116.181 E31.11419
G1 X120.096 Y115.725 E31.11991
G1 X120.534 Y115.513 E31.12601
G1 X120.535 Y115.968 E31.13172
G0 F7200 X120.355 Y116.055
G0 X120.351 Y116.046
G0 X120.314 Y115.964
G0 X120.524 Y118.529
G0 X120.535 Y118.968
G1 F1800 X120.096 Y119.181 E31.13784
G1 X120.095 Y118.726 E31.14354
G1 X120.534 Y118.513 E31.14966
G1 X120.535 Y118.968 E31.15537
G0 F7200 X120.355 Y119.055
G0 X120.351 Y119.046
G1 F1500 E24.65537
G0 F7200 X120.314 Y118.964
G0 X121.399 Y118.784
G0 X122.601 Y118.78
G0 X123.804 Y118.778
G1 F1500 E31.15537
G0 F7200 X123.904 Y118.725
G1 F1800 X123.904 Y119.181 E31.16108
G1 X123.466 Y118.97 E31.16718
G1 X123.465 Y118.512 E31.17292
G1 X123.904 Y118.725 E31.17904
G0 F7200 X123.904 Y118.925
G0 X123.866 Y118.926
G0 X123.804 Y118.926
G0 X123.895 Y116.166
G0 X123.904 Y115.725
G1 F1800 X123.905 Y116.182 E31.18477
G1 X123.466 Y115.97 E31.19089
G1 X123.465 Y115.512 E31.19663
G1 X123.904 Y115.725 E31.20275
G0 F7200 X123.904 Y115.925
G0 X123.866 Y115.925
G0 X123.804 Y115.924
G0 X123.895 Y113.166
G0 X123.904 Y112.725
G1 F1800 X123.905 Y113.182 E31.20848
G1 X123.466 Y112.97 E31.2146
G1 X123.465 Y112.512 E31.22034
G1 X123.904 Y112.725 E31.22646
G0 F7200 X123.904 Y112.925
G0 X123.866 Y112.925
G0 X123.804 Y112.924
G0 X123.895 Y110.166
G0 X123.904 Y109.725
G1 F1800 X123.905 Y110.182 E31.23219
G1 X123.466 Y109.97 E31.2383
G1 X123.465 Y109.512 E31.24405
G1 X123.904 Y109.725 E31.25016
G0 F7200 X123.904 Y109.925
G0 X123.866 Y109.925
G0 X123.804 Y109.924
G0 X127.231 Y109.923
G0 X128.434 Y109.914
G0 X128.535 Y109.968
G1 F1800 X128.096 Y110.181 E31.25628
G1 X128.096 Y109.725 E31.262
G1 X128.534 Y109.513 E31.2681
G1 X128.535 Y109.968 E31.27381
G0 F7200 X128.355 Y110.055
G0 X128.351 Y110.046
G0 X128.314 Y109.964
G0 X128.524 Y112.529
G0 X128.535 Y112.968
G1 F1800 X128.096 Y113.181 E31.27993
G1 X128.096 Y112.725 E31.28565
G1 X128.534 Y112.513 E31.29175
G1 X128.535 Y112.968 E31.29746
G0 F7200 X128.355 Y113.055
G0 X128.351 Y113.046
G0 X128.314 Y112.964
G0 X128.524 Y115.529
G0 X128.535 Y115.968
G1 F1800 X128.096 Y116.181 E31.30357
G1 X128.096 Y115.725 E31.30929
G1 X128.534 Y115.513 E31.3154
G1 X128.535 Y115.968 E31.3211
G0 F7200 X128.355 Y116.055
G0 X128.351 Y116.046
G0 X128.314 Y115.964
G0 X128.524 Y118.529
G0 X128.535 Y118.968
G1 F1800 X128.096 Y119.181 E31.32722
G1 X128.095 Y118.726 E31.33293
G1 X128.534 Y118.513 E31.33905
G1 X128.535 Y118.968 E31.34475
G0 F7200 X128.355 Y119.055
G0 X128.351 Y119.046
G1 F1500 E24.84475
G0 F7200 X128.314 Y118.964
G0 X129.399 Y118.784
G0 X130.601 Y118.78
G0 X131.804 Y118.778
G1 F1500 E31.34475
G0 F7200 X131.904 Y118.725
G1 F1800 X131.904 Y119.181 E31.35047
G1 X131.466 Y118.97 E31.35657
G1 X131.465 Y118.512 E31.36231
G1 X131.904 Y118.725 E31.36843
G0 F7200 X131.904 Y118.925
G0 X131.866 Y118.926
G1 F1500 E24.86843
G0 F7200 X131.804 Y118.926
G0 X131.895 Y116.166
G1 F1500 E31.36843
G0 F7200 X131.904 Y115.725
G1 F1800 X131.905 Y116.182 E31.37416
G1 X131.466 Y115.97 E31.38027
G1 X131.465 Y115.512 E31.38602
G1 X131.904 Y115.725 E31.39214
G0 F7200 X131.904 Y115.925
G0 X131.866 Y115.925
G1 F1500 E24.89214
G0 F7200 X131.804 Y115.924
G0 X131.895 Y113.166
G1 F1500 E31.39214
G0 F7200 X131.904 Y112.725
G1 F1800 X131.905 Y113.182 E31.39787
G1 X131.466 Y112.97 E31.40398
G1 X131.465 Y112.512 E31.40972
G1 X131.904 Y112.725 E31.41584
G0 F7200 X131.904 Y112.925
G0 X131.866 Y112.925
G1 F1500 E24.91584
G0 F7200 X131.804 Y112.924
G0 X131.895 Y110.166
G1 F1500 E31.41584
G0 F7200 X131.904 Y109.725
G1 F1800 X131.905 Y110.182 E31.42157
G1 X131.466 Y109.97 E31.42769
G1 X131.465 Y109.512 E31.43343
G1 X131.904 Y109.725 E31.43955
G0 F7200 X131.904 Y109.925
G0 X131.866 Y109.925
;MESH:NONMESH
G0 F600 X131.866 Y109.925 Z3
G0 F7200 X131.804 Y109.924
G0 X130.601 Y109.869
G0 X129.38 Y108.257
G0 X124.768 Y109.898
G0 X124.752 Y111.531
G0 X120.97 Y110.717
G0 X119.25 Y111.531
G0 X116.752 Y111.531
G0 X113.399 Y109.957
G0 X112.62 Y109.926
;TIME_ELAPSED:197.905289
;LAYER:14
;TYPE:WALL-OUTER
;MESH:output_v2\A_fina_suporte.stl
G1 F1800 X112.306 Y110.079 E31.44393
G1 X112.306 Y109.623 E31.44965
G1 X112.744 Y109.411 E31.45575
G1 X112.745 Y109.878 E31.46161
G1 X112.62 Y109.926 E31.46329
G0 F7200 X112.441 Y110.013
G0 X112.706 Y109.654
G1 F1500 E24.96329
G0 F7200 X112.644 Y109.653
G0 X115.256 Y109.862
G1 F1500 E31.46329
G0 F7200 X115.38 Y109.926
G1 F1800 X115.256 Y109.878 E31.46495
G1 X115.255 Y109.411 E31.47081
G1 X115.694 Y109.623 E31.47438
G1 X115.695 Y110.079 E31.4799
G1 X115.38 Y109.926 E31.48168
G0 F7200 X115.256 Y109.878
G0 X115.256 Y109.81
G0 X115.294 Y109.81
G1 F1500 E24.98168
G0 F7200 X115.357 Y109.81
G0 X115.265 Y112.427
G1 F1500 E31.48168
G0 F7200 X115.38 Y112.926
G1 F1800 X115.256 Y112.878 E31.48334
G1 X115.255 Y112.411 E31.4892
G1 X115.694 Y112.623 E31.49278
G1 X115.695 Y113.079 E31.49829
G1 X115.38 Y112.926 E31.50007
G0 F7200 X115.256 Y112.878
G0 X115.256 Y112.81
G0 X115.294 Y112.81
G1 F1500 E25.00007
G0 F7200 X115.357 Y112.81
G0 X112.729 Y112.867
G1 F1500 E31.50007
G0 F7200 X112.62 Y112.926
G1 F1800 X112.306 Y113.079 E31.50445
G1 X112.306 Y112.623 E31.51017
G1 X112.744 Y112.411 E31.51627
G1 X112.745 Y112.878 E31.52212
G1 X112.62 Y112.926 E31.5238
G0 F7200 X112.441 Y113.013
G0 X112.706 Y112.654
G1 F1500 E25.0238
G0 F7200 X112.644 Y112.653
G0 X112.734 Y115.427
G1 F1500 E31.5238
G0 F7200 X112.62 Y115.926
G1 F1800 X112.306 Y116.079 E31.52818
G1 X112.306 Y115.623 E31.5339
G1 X112.744 Y115.411 E31.54
G1 X112.745 Y115.878 E31.54586
G1 X112.62 Y115.926 E31.54754
G0 F7200 X112.441 Y116.013
G0 X112.706 Y115.654
G1 F1500 E25.04754
G0 F7200 X112.644 Y115.653
G0 X115.256 Y115.862
G1 F1500 E31.54754
G0 F7200 X115.38 Y115.926
G1 F1800 X115.256 Y115.878 E31.54921
G1 X115.255 Y115.411 E31.55506
G1 X115.694 Y115.623 E31.55864
G1 X115.695 Y116.079 E31.56415
G1 X115.38 Y115.926 E31.56593
G0 F7200 X115.256 Y115.878
G0 X115.256 Y115.81
G0 X115.294 Y115.81
G1 F1500 E25.06593
G0 F7200 X115.357 Y115.81
G0 X115.265 Y118.427
G1 F1500 E31.56593
G0 F7200 X115.38 Y118.926
G1 F1800 X115.256 Y118.878 E31.5676
G1 X115.255 Y118.411 E31.57345
G1 X115.694 Y118.623 E31.57703
G1 X115.694 Y119.079 E31.58254
G1 X115.38 Y118.926 E31.58431
G0 F7200 X115.256 Y118.878
G0 X115.256 Y118.81
G0 X115.294 Y118.811
G0 X115.357 Y118.811
G0 X112.729 Y118.867
G0 X112.62 Y118.926
G1 F1800 X112.306 Y119.079 E31.58869
G1 X112.305 Y118.624 E31.59439
G1 X112.744 Y118.411 E31.60051
G1 X112.745 Y118.878 E31.60637
G1 X112.62 Y118.926 E31.60805
G0 F7200 X112.441 Y119.013
G0 X112.706 Y118.654
G1 F1500 E25.10805
G0 F7200 X112.644 Y118.653
G0 X111.441 Y119.064
G0 X110.354 Y119.414
G0 X109.389 Y119.83
G1 F1500 E31.60805
G0 F7200 X109.489 Y119.9
G1 F1800 X109.086 Y119.9 E31.6131
G1 X109.085 Y119.4 E31.61937
G1 X109.489 Y119.4 E31.62444
G1 X109.489 Y119.9 E31.63071
G0 F7200 X109.289 Y119.9
G0 X109.289 Y119.8
G1 F1500 E25.13071
G0 F7200 X110.354 Y119.414
G0 X111.461 Y120.428
G0 X116.54 Y120.429
G0 X119.441 Y119.064
G0 X120.581 Y118.835
G1 F1500 E31.63071
G0 F7200 X120.62 Y118.926
G1 F1800 X120.306 Y119.079 E31.63509
G1 X120.305 Y118.624 E31.6408
G1 X120.744 Y118.411 E31.64692
G1 X120.745 Y118.878 E31.65277
G1 X120.62 Y118.926 E31.65445
G0 F7200 X120.441 Y119.013
G0 X120.706 Y118.654
G1 F1500 E25.15445
G0 F7200 X120.644 Y118.653
G0 X123.256 Y118.862
G1 F1500 E31.65445
G0 F7200 X123.38 Y118.926
G1 F1800 X123.256 Y118.878 E31.65612
G1 X123.255 Y118.411 E31.66197
G1 X123.694 Y118.623 E31.66555
G1 X123.694 Y119.079 E31.67106
G1 X123.38 Y118.926 E31.67283
G0 F7200 X123.256 Y118.878
G0 X123.256 Y118.81
G0 X123.294 Y118.811
G1 F1500 E25.17283
G0 F7200 X123.357 Y118.811
G0 X123.685 Y116.063
G1 F1500 E31.67283
G0 F7200 X123.38 Y115.926
G1 F1800 X123.256 Y115.878 E31.6745
G1 X123.255 Y115.411 E31.68035
G1 X123.694 Y115.623 E31.68393
G1 X123.695 Y116.079 E31.68944
G1 X123.38 Y115.926 E31.69122
G0 F7200 X123.256 Y115.878
G0 X123.256 Y115.81
G0 X123.294 Y115.81
G1 F1500 E25.19122
G0 F7200 X123.357 Y115.81
G0 X120.729 Y115.867
G1 F1500 E31.69122
G0 F7200 X120.62 Y115.926
G1 F1800 X120.306 Y116.079 E31.6956
G1 X120.306 Y115.623 E31.70132
G1 X120.744 Y115.411 E31.70742
G1 X120.745 Y115.878 E31.71328
G1 X120.62 Y115.926 E31.71496
G0 F7200 X120.441 Y116.013
G0 X120.706 Y115.654
G1 F1500 E25.21496
G0 F7200 X120.644 Y115.653
G0 X120.316 Y113.063
G1 F1500 E31.71496
G0 F7200 X120.62 Y112.926
G1 F1800 X120.306 Y113.079 E31.71934
G1 X120.306 Y112.623 E31.72505
G1 X120.744 Y112.411 E31.73116
G1 X120.745 Y112.878 E31.73701
G1 X120.62 Y112.926 E31.73869
G0 F7200 X120.441 Y113.013
G0 X120.706 Y112.654
G1 F1500 E25.23869
G0 F7200 X120.644 Y112.653
G0 X123.256 Y112.835
G1 F1500 E31.73869
G0 F7200 X123.38 Y112.926
G1 F1800 X123.256 Y112.878 E31.74036
G1 X123.255 Y112.411 E31.74622
G1 X123.694 Y112.623 E31.74979
G1 X123.695 Y113.079 E31.75531
G1 X123.38 Y112.926 E31.75708
G0 F7200 X123.256 Y112.878
G0 X123.256 Y112.81
G0 X123.294 Y112.81
G1 F1500 E25.25708
G0 F7200 X123.357 Y112.81
G0 X123.685 Y110.063
G1 F1500 E31.75708
G0 F7200 X123.38 Y109.926
G1 F1800 X123.256 Y109.878 E31.75875
G1 X123.255 Y109.411 E31.76461
G1 X123.694 Y109.623 E31.76818
G1 X123.695 Y110.079 E31.7737
G1 X123.38 Y109.926 E31.77547
G0 F7200 X123.256 Y109.878
G0 X123.256 Y109.81
G0 X123.294 Y109.81
G0 X123.357 Y109.81
G0 X120.729 Y109.867
G0 X120.62 Y109.926
G1 F1800 X120.306 Y110.079 E31.77985
G1 X120.306 Y109.623 E31.78557
G1 X120.744 Y109.411 E31.79167
G1 X120.745 Y109.878 E31.79753
G1 X120.62 Y109.926 E31.79921
G0 F7200 X120.441 Y110.013
G0 X120.706 Y109.654
G1 F1500 E25.29921
G0 F7200 X120.644 Y109.653
G0 X122.399 Y110.467
G0 X124.542 Y111.431
G0 X127.441 Y109.867
G0 X128.581 Y109.835
G1 F1500 E31.79921
G0 F7200 X128.62 Y109.926
G1 F1800 X128.306 Y110.079 E31.80359
G1 X128.306 Y109.623 E31.80931
G1 X128.744 Y109.411 E31.81541
G1 X128.745 Y109.878 E31.82127
G1 X128.62 Y109.926 E31.82295
G0 F7200 X128.441 Y110.013
G0 X128.706 Y109.654
G1 F1500 E25.32295
G0 F7200 X128.644 Y109.653
G0 X131.256 Y109.862
G1 F1500 E31.82295
G0 F7200 X131.38 Y109.926
G1 F1800 X131.256 Y109.878 E31.82461
G1 X131.255 Y109.411 E31.83047
G1 X131.694 Y109.623 E31.83404
G1 X131.695 Y110.079 E31.83956
G1 X131.38 Y109.926 E31.84134
G0 F7200 X131.256 Y109.878
G0 X131.256 Y109.81
G0 X131.294 Y109.81
G1 F1500 E25.34134
G0 F7200 X131.357 Y109.81
G0 X131.265 Y112.427
G1 F1500 E31.84134
G0 F7200 X131.38 Y112.926
G1 F1800 X131.256 Y112.878 E31.843
G1 X131.255 Y112.411 E31.84886
G1 X131.694 Y112.623 E31.85243
G1 X131.695 Y113.079 E31.85795
G1 X131.38 Y112.926 E31.85973
G0 F7200 X131.256 Y112.878
G0 X131.256 Y112.81
G0 X131.294 Y112.81
G1 F1500 E25.35973
G0 F7200 X131.357 Y112.81
G0 X128.729 Y112.867
G1 F1500 E31.85973
G0 F7200 X128.62 Y112.926
G1 F1800 X128.306 Y113.079 E31.86411
G1 X128.306 Y112.623 E31.86983
G1 X128.744 Y112.411 E31.87593
G1 X128.745 Y112.878 E31.88178
G1 X128.62 Y112.926 E31.88346
G0 F7200 X128.441 Y113.013
G0 X128.706 Y112.654
G1 F1500 E25.38346
G0 F7200 X128.644 Y112.653
G0 X128.734 Y115.427
G1 F1500 E31.88346
G0 F7200 X128.62 Y115.926
G1 F1800 X128.306 Y116.079 E31.88784
G1 X128.306 Y115.623 E31.89356
G1 X128.744 Y115.411 E31.89966
G1 X128.745 Y115.878 E31.90552
G1 X128.62 Y115.926 E31.9072
G0 F7200 X128.441 Y116.013
G0 X128.706 Y115.654
G1 F1500 E25.4072
G0 F7200 X128.644 Y115.653
G0 X131.256 Y115.862
G1 F1500 E31.9072
G0 F7200 X131.38 Y115.926
G1 F1800 X131.256 Y115.878 E31.90887
G1 X131.255 Y115.411 E31.91472
G1 X131.694 Y115.623 E31.9183
G1 X131.695 Y116.079 E31.92381
G1 X131.38 Y115.926 E31.92559
G0 F7200 X131.256 Y115.878
G0 X131.256 Y115.81
G0 X131.294 Y115.81
G1 F1500 E25.42559
G0 F7200 X131.357 Y115.81
G0 X131.265 Y118.427
G1 F1500 E31.92559
G0 F7200 X131.38 Y118.926
G1 F1800 X131.256 Y118.878 E31.92726
G1 X131.255 Y118.411 E31.93311
G1 X131.694 Y118.623 E31.93669
G1 X131.694 Y119.079 E31.9422
G1 X131.38 Y118.926 E31.94397
G0 F7200 X131.256 Y118.878
G0 X131.256 Y118.81
G0 X131.294 Y118.811
G0 X131.357 Y118.811
G0 X128.729 Y118.867
G0 X128.62 Y118.926
G1 F1800 X128.306 Y119.079 E31.94835
G1 X128.305 Y118.624 E31.95405
G1 X128.744 Y118.411 E31.96017
G1 X128.745 Y118.878 E31.96603
G1 X128.62 Y118.926 E31.96771
G0 F7200 X128.441 Y119.013
G0 X128.706 Y118.654
G1 F1500 E25.46771
;MESH:NONMESH
G0 F600 X128.706 Y118.654 Z3.2
G0 F7200 X128.644 Y118.653
G0 X127.441 Y118.635
G0 X124.542 Y117.431
G0 X122.399 Y116.467
G0 X121.59 Y114.174
G0 X119.46 Y114.429
G0 X114.697 Y110.555
G0 X113.609 Y109.866
G0 X112.581 Y109.835
G1 F1500 E31.96771
G0 F7200 X112.62 Y109.926
;TIME_ELAPSED:213.742666
;LAYER:15
;TYPE:WALL-OUTER
;MESH:output_v2\A_fina_suporte.stl
G1 F1800 X112.516 Y109.977 E31.96916
G1 X112.516 Y109.521 E31.97488
G1 X112.775 Y109.396 E31.97849
G1 X112.954 Y109.327 E31.98089
G1 X112.955 Y109.798 E31.9868
G1 X112.62 Y109.926 E31.9913
G0 F7200 X112.516 Y109.977
G0 X112.516 Y109.892
G0 X112.747 Y109.448
G1 F1500 E25.4913
G0 F7200 X112.773 Y109.508
G0 X115.062 Y109.787
G1 F1500 E31.9913
G0 F7200 X115.38 Y109.926
G1 F1800 X115.046 Y109.798 E31.99578
G1 X115.045 Y109.327 E32.00169
G1 X115.225 Y109.396 E32.00411
G1 X115.484 Y109.521 E32.00771
G1 X115.485 Y109.977 E32.01343
G1 X115.38 Y109.926 E32.01489
G0 F7200 X115.193 Y109.855
G0 X115.175 Y109.815
G1 F1500 E25.51489
G0 F7200 X115.2 Y109.751
G0 X115.056 Y112.343
G1 F1500 E32.01489
G0 F7200 X115.38 Y112.926
G1 F1800 X115.046 Y112.798 E32.01938
G1 X115.045 Y112.327 E32.02529
G1 X115.225 Y112.396 E32.0277
G1 X115.484 Y112.521 E32.03131
G1 X115.485 Y112.977 E32.03703
G1 X115.38 Y112.926 E32.03849
G0 F7200 X115.193 Y112.855
G0 X115.175 Y112.815
G0 X115.2 Y112.751
G0 X112.939 Y112.787
G0 X112.62 Y112.926
G1 F1800 X112.516 Y112.977 E32.03995
G1 X112.516 Y112.521 E32.04566
G1 X112.775 Y112.396 E32.04927
G1 X112.954 Y112.327 E32.05168
G1 X112.955 Y112.798 E32.05758
G1 X112.62 Y112.926 E32.06208
G0 F7200 X112.516 Y112.977
G0 X112.516 Y112.892
G0 X112.747 Y112.448
G1 F1500 E25.56208
G0 F7200 X112.773 Y112.508
G0 X112.943 Y115.343
G1 F1500 E32.06208
G0 F7200 X112.62 Y115.926
G1 F1800 X112.516 Y115.977 E32.06353
G1 X112.516 Y115.521 E32.06925
G1 X112.775 Y115.396 E32.07286
G1 X112.954 Y115.327 E32.07526
G1 X112.955 Y115.798 E32.08117
G1 X112.62 Y115.926 E32.08567
G0 F7200 X112.516 Y115.977
G0 X112.516 Y115.892
G0 X112.747 Y115.448
G1 F1500 E25.58567
G0 F7200 X112.773 Y115.508
G0 X115.062 Y115.787
G1 F1500 E32.08567
G0 F7200 X115.38 Y115.926
G1 F1800 X115.046 Y115.798 E32.09015
G1 X115.045 Y115.327 E32.09606
G1 X115.225 Y115.396 E32.09848
G1 X115.484 Y115.521 E32.10208
G1 X115.485 Y115.977 E32.1078
G1 X115.38 Y115.926 E32.10926
G0 F7200 X115.193 Y115.855
G0 X115.175 Y115.815
G1 F1500 E25.60926
G0 F7200 X115.2 Y115.751
G0 X115.056 Y118.343
G1 F1500 E32.10926
G0 F7200 X115.38 Y118.926
G1 F1800 X115.046 Y118.798 E32.11375
G1 X115.045 Y118.327 E32.11966
G1 X115.225 Y118.396 E32.12207
G1 X115.484 Y118.521 E32.12568
G1 X115.484 Y118.977 E32.1314
G1 X115.38 Y118.926 E32.13285
G0 F7200 X115.193 Y118.855
G0 X115.175 Y118.815
G1 F1500 E25.63285
G0 F7200 X115.2 Y118.751
G0 X112.939 Y118.787
G1 F1500 E32.13285
G0 F7200 X112.62 Y118.926
G1 F1800 X112.516 Y118.977 E32.1343
G1 X112.515 Y118.522 E32.14001
G1 X112.775 Y118.396 E32.14363
G1 X112.954 Y118.327 E32.14604
G1 X112.955 Y118.798 E32.15195
G1 X112.62 Y118.926 E32.15644
G0 F7200 X112.516 Y118.977
G0 X112.516 Y118.892
G0 X112.747 Y118.449
G1 F1500 E25.65644
G0 F7200 X112.774 Y118.508
G0 X111.651 Y118.961
G0 X110.333 Y119.412
G0 X109.368 Y119.829
G1 F1500 E32.15644
G0 F7200 X109.469 Y119.9
G1 F1800 X109.063 Y119.9 E32.16153
G1 X109.063 Y119.4 E32.1678
G1 X109.468 Y119.4 E32.17288
G1 X109.469 Y119.9 E32.17915
G0 F7200 X109.269 Y119.9
G0 X109.269 Y119.8
G1 F1500 E25.67915
G0 F7200 X110.333 Y119.412
G0 X111.671 Y120.326
G0 X116.33 Y120.326
G0 X119.651 Y118.961
G1 F1500 E32.17915
G0 F7200 X120.62 Y118.926
G1 F1800 X120.516 Y118.977 E32.18061
G1 X120.515 Y118.522 E32.18631
G1 X120.775 Y118.396 E32.18993
G1 X120.954 Y118.327 E32.19234
G1 X120.955 Y118.798 E32.19825
G1 X120.62 Y118.926 E32.20274
G0 F7200 X120.516 Y118.977
G0 X120.516 Y118.892
G0 X120.747 Y118.449
G1 F1500 E25.70274
G0 F7200 X120.774 Y118.508
G0 X123.062 Y118.787
G1 F1500 E32.20274
G0 F7200 X123.38 Y118.926
G1 F1800 X123.046 Y118.798 E32.20723
G1 X123.045 Y118.327 E32.21314
G1 X123.225 Y118.396 E32.21555
G1 X123.484 Y118.521 E32.21916
G1 X123.484 Y118.977 E32.22488
G1 X123.38 Y118.926 E32.22633
G0 F7200 X123.193 Y118.855
G0 X123.175 Y118.815
G1 F1500 E25.72633
G0 F7200 X123.2 Y118.751
G0 X123.475 Y115.961
G1 F1500 E32.22633
G0 F7200 X123.38 Y115.926
G1 F1800 X123.046 Y115.798 E32.23082
G1 X123.045 Y115.327 E32.23672
G1 X123.225 Y115.396 E32.23914
G1 X123.484 Y115.521 E32.24275
G1 X123.485 Y115.977 E32.24847
G1 X123.38 Y115.926 E32.24993
G0 F7200 X123.193 Y115.855
G0 X123.175 Y115.815
G1 F1500 E25.74993
G0 F7200 X123.2 Y115.751
G0 X120.939 Y115.787
G1 F1500 E32.24993
G0 F7200 X120.62 Y115.926
G1 F1800 X120.516 Y115.977 E32.25138
G1 X120.516 Y115.521 E32.2571
G1 X120.775 Y115.396 E32.26071
G1 X120.954 Y115.327 E32.26311
G1 X120.955 Y115.798 E32.26902
G1 X120.62 Y115.926 E32.27352
G0 F7200 X120.516 Y115.977
G0 X120.516 Y115.892
G0 X120.747 Y115.448
G1 F1500 E25.77352
G0 F7200 X120.773 Y115.508
G0 X120.526 Y112.96
G1 F1500 E32.27352
G0 F7200 X120.62 Y112.926
G1 F1800 X120.516 Y112.977 E32.27497
G1 X120.516 Y112.521 E32.28069
G1 X120.775 Y112.396 E32.28429
G1 X120.954 Y112.327 E32.2867
G1 X120.955 Y112.798 E32.29261
G1 X120.62 Y112.926 E32.2971
G0 F7200 X120.516 Y112.977
G0 X120.516 Y112.892
G0 X120.747 Y112.448
G1 F1500 E25.7971
G0 F7200 X120.773 Y112.508
G0 X123.062 Y112.787
G1 F1500 E32.2971
G0 F7200 X123.38 Y112.926
G1 F1800 X123.046 Y112.798 E32.30159
G1 X123.045 Y112.327 E32.3075
G1 X123.225 Y112.396 E32.30991
G1 X123.484 Y112.521 E32.31352
G1 X123.485 Y112.977 E32.31924
G1 X123.38 Y112.926 E32.3207
G0 F7200 X123.193 Y112.855
G0 X123.175 Y112.815
G1 F1500 E25.8207
G0 F7200 X123.2 Y112.751
G0 X123.475 Y109.961
G1 F1500 E32.3207
G0 F7200 X123.38 Y109.926
G1 F1800 X123.046 Y109.798 E32.32519
G1 X123.045 Y109.327 E32.33109
G1 X123.225 Y109.396 E32.33351
G1 X123.484 Y109.521 E32.33712
G1 X123.485 Y109.977 E32.34284
G1 X123.38 Y109.926 E32.3443
G0 F7200 X123.193 Y109.855
G0 X123.175 Y109.815
G0 X123.2 Y109.751
G0 X120.939 Y109.787
G0 X120.62 Y109.926
G1 F1800 X120.516 Y109.977 E32.34575
G1 X120.516 Y109.521 E32.35147
G1 X120.775 Y109.396 E32.35508
G1 X120.954 Y109.327 E32.35748
G1 X120.955 Y109.798 E32.36339
G1 X120.62 Y109.926 E32.36789
G0 F7200 X120.516 Y109.977
G0 X120.516 Y109.892
G0 X120.747 Y109.448
G1 F1500 E25.86789
G0 F7200 X120.773 Y109.508
G0 X121.82 Y109.785
G0 X124.332 Y111.329
G0 X127.651 Y109.787
G1 F1500 E32.36789
G0 F7200 X128.62 Y109.926
G1 F1800 X128.516 Y109.977 E32.36934
G1 X128.516 Y109.521 E32.37506
G1 X128.775 Y109.396 E32.37866
G1 X128.954 Y109.327 E32.38107
G1 X128.955 Y109.798 E32.38698
G1 X128.62 Y109.926 E32.39147
G0 F7200 X128.516 Y109.977
G0 X128.516 Y109.892
G0 X128.747 Y109.448
G1 F1500 E25.89147
G0 F7200 X128.773 Y109.508
G0 X131.062 Y109.787
G1 F1500 E32.39147
G0 F7200 X131.38 Y109.926
G1 F1800 X131.046 Y109.798 E32.39596
G1 X131.045 Y109.327 E32.40187
G1 X131.225 Y109.396 E32.40428
G1 X131.484 Y109.521 E32.40789
G1 X131.485 Y109.977 E32.41361
G1 X131.38 Y109.926 E32.41507
G0 F7200 X131.193 Y109.855
G0 X131.175 Y109.815
G0 X131.2 Y109.751
G0 X131.056 Y112.343
G0 X131.38 Y112.926
G1 F1800 X131.046 Y112.798 E32.41956
G1 X131.045 Y112.327 E32.42546
G1 X131.225 Y112.396 E32.42788
G1 X131.484 Y112.521 E32.43149
G1 X131.485 Y112.977 E32.43721
G1 X131.38 Y112.926 E32.43867
G0 F7200 X131.193 Y112.855
G0 X131.175 Y112.815
G1 F1500 E25.93867
G0 F7200 X131.2 Y112.751
G0 X128.939 Y112.787
G1 F1500 E32.43867
G0 F7200 X128.62 Y112.926
G1 F1800 X128.516 Y112.977 E32.44012
G1 X128.516 Y112.521 E32.44584
G1 X128.775 Y112.396 E32.44945
G1 X128.954 Y112.327 E32.45185
G1 X128.955 Y112.798 E32.45776
G1 X128.62 Y112.926 E32.46226
G0 F7200 X128.516 Y112.977
G0 X128.516 Y112.892
G0 X128.747 Y112.448
G1 F1500 E25.96226
G0 F7200 X128.773 Y112.508
G0 X128.943 Y115.343
G1 F1500 E32.46226
G0 F7200 X128.62 Y115.926
G1 F1800 X128.516 Y115.977 E32.46371
G1 X128.516 Y115.521 E32.46943
G1 X128.775 Y115.396 E32.47303
G1 X128.954 Y115.327 E32.47544
G1 X128.955 Y115.798 E32.48135
G1 X128.62 Y115.926 E32.48584
G0 F7200 X128.516 Y115.977
G0 X128.516 Y115.892
G0 X128.747 Y115.448
G1 F1500 E25.98584
G0 F7200 X128.773 Y115.508
G0 X131.062 Y115.787
G1 F1500 E32.48584
G0 F7200 X131.38 Y115.926
G1 F1800 X131.046 Y115.798 E32.49033
G1 X131.045 Y115.327 E32.49624
G1 X131.225 Y115.396 E32.49865
G1 X131.484 Y115.521 E32.50226
G1 X131.485 Y115.977 E32.50798
G1 X131.38 Y115.926 E32.50944
G0 F7200 X131.193 Y115.855
G0 X131.175 Y115.815
G1 F1500 E26.00944
G0 F7200 X131.2 Y115.751
G0 X131.056 Y118.343
G1 F1500 E32.50944
G0 F7200 X131.38 Y118.926
G1 F1800 X131.046 Y118.798 E32.51393
G1 X131.045 Y118.327 E32.51983
G1 X131.225 Y118.396 E32.52225
G1 X131.484 Y118.521 E32.52586
G1 X131.484 Y118.977 E32.53158
G1 X131.38 Y118.926 E32.53303
G0 F7200 X131.193 Y118.855
G0 X131.175 Y118.815
G1 F1500 E26.03303
G0 F7200 X131.2 Y118.751
G0 X128.939 Y118.787
G1 F1500 E32.53303
G0 F7200 X128.62 Y118.926
G1 F1800 X128.516 Y118.977 E32.53448
G1 X128.515 Y118.522 E32.54019
G1 X128.775 Y118.396 E32.54381
G1 X128.954 Y118.327 E32.54622
G1 X128.955 Y118.798 E32.55212
G1 X128.62 Y118.926 E32.55662
G0 F7200 X128.516 Y118.977
G0 X128.516 Y118.892
G0 X128.747 Y118.449
G1 F1500 E26.05662
;MESH:NONMESH
G0 F600 X128.747 Y118.449 Z3.4
G0 F7200 X128.774 Y118.508
G0 X127.651 Y118.533
G0 X124.332 Y117.329
G0 X122.191 Y116.45
G0 X121.802 Y114.204
G0 X119.67 Y114.326
G0 X114.191 Y110.45
G0 X112.939 Y109.787
G1 F1500 E32.55662
G0 F7200 X113.038 Y109.766
;TIME_ELAPSED:229.543104
;LAYER:16
;TYPE:WALL-OUTER
;MESH:output_v2\A_fina_suporte.stl
G1 F1800 X112.725 Y109.886 E32.56082
G1 X112.725 Y109.42 E32.56667
G1 X112.772 Y109.397 E32.56732
G1 X113.164 Y109.246 E32.57259
G1 X113.165 Y109.731 E32.57867
G1 X113.038 Y109.766 E32.58033
G0 F7200 X112.852 Y109.837
G0 X112.969 Y109.575
;TYPE:SKIN
G1 F1800 X112.936 Y109.542 E32.58062
G0 F7200 X112.881 Y109.398
G1 F1500 E26.08062
G0 F7200 X112.9 Y109.455
G0 X114.836 Y109.671
G1 F1500 E32.58062
G0 F7200 X114.962 Y109.766
;TYPE:WALL-OUTER
G1 F1800 X114.836 Y109.732 E32.58225
G1 X114.835 Y109.246 E32.58835
G1 X115.228 Y109.397 E32.59123
G1 X115.275 Y109.42 E32.59189
G1 X115.276 Y109.886 E32.59773
G1 X114.962 Y109.766 E32.59941
G0 F7200 X114.836 Y109.732
G0 X114.836 Y109.662
G0 X114.875 Y109.662
G1 F1500 E26.09941
G0 F7200 X114.938 Y109.657
G0 X114.846 Y112.262
G1 F1500 E32.59941
G0 F7200 X114.962 Y112.766
G1 F1800 X114.836 Y112.732 E32.60105
G1 X114.835 Y112.246 E32.60714
G1 X115.228 Y112.397 E32.61003
G1 X115.275 Y112.42 E32.61068
G1 X115.276 Y112.886 E32.61653
G1 X114.962 Y112.766 E32.6182
G0 F7200 X114.836 Y112.732
G0 X114.836 Y112.662
G0 X114.875 Y112.662
G0 X114.938 Y112.657
G0 X113.164 Y112.671
G0 X113.038 Y112.766
G1 F1800 X112.725 Y112.886 E32.62241
G1 X112.725 Y112.42 E32.62825
G1 X112.772 Y112.397 E32.62891
G1 X113.164 Y112.246 E32.63417
G1 X113.165 Y112.731 E32.64026
G1 X113.038 Y112.766 E32.64191
G0 F7200 X112.852 Y112.837
G0 X113.125 Y112.464
G0 X113.064 Y112.463
G0 X113.153 Y115.262
G0 X113.038 Y115.766
G1 F1800 X112.725 Y115.886 E32.64611
G1 X112.725 Y115.42 E32.65196
G1 X112.772 Y115.397 E32.65261
G1 X113.164 Y115.246 E32.65788
G1 X113.165 Y115.731 E32.66396
G1 X113.038 Y115.766 E32.66561
G0 F7200 X112.852 Y115.837
G0 X113.125 Y115.464
G0 X113.064 Y115.463
G0 X114.836 Y115.671
G0 X114.962 Y115.766
G1 F1800 X114.836 Y115.732 E32.66725
G1 X114.835 Y115.246 E32.67334
G1 X115.228 Y115.397 E32.67623
G1 X115.275 Y115.42 E32.67689
G1 X115.276 Y115.886 E32.68273
G1 X114.962 Y115.766 E32.6844
G0 F7200 X114.836 Y115.732
G0 X114.836 Y115.662
G0 X114.875 Y115.662
G0 X114.938 Y115.657
G0 X114.846 Y118.262
G0 X114.962 Y118.766
G1 F1800 X114.836 Y118.732 E32.68604
G1 X114.835 Y118.246 E32.69214
G1 X115.228 Y118.397 E32.69502
G1 X115.275 Y118.42 E32.69568
G1 X115.275 Y118.886 E32.70152
G1 X114.962 Y118.766 E32.70319
G0 F7200 X114.836 Y118.732
G0 X114.836 Y118.662
G0 X114.875 Y118.663
G0 X114.939 Y118.657
G0 X113.164 Y118.671
G0 X113.038 Y118.766
G1 F1800 X112.725 Y118.886 E32.70739
G1 X112.724 Y118.42 E32.71324
G1 X112.774 Y118.396 E32.71393
G1 X113.164 Y118.246 E32.71917
G1 X113.165 Y118.731 E32.72525
G1 X113.038 Y118.766 E32.72691
G0 F7200 X112.852 Y118.837
G0 X113.125 Y118.464
G0 X113.064 Y118.463
G0 X111.86 Y118.871
G0 X110.319 Y119.412
G0 X109.354 Y119.829
G0 X109.455 Y119.9
G1 F1800 X109.049 Y119.9 E32.732
G1 X109.049 Y119.4 E32.73827
G1 X109.454 Y119.4 E32.74335
G1 X109.455 Y119.9 E32.74962
G0 F7200 X109.255 Y119.9
G0 X109.255 Y119.8
G1 F1500 E26.24962
G0 F7200 X110.319 Y119.412
G0 X111.88 Y120.22
G0 X116.121 Y120.22
G0 X119.86 Y118.871
G0 X121.007 Y118.671
G1 F1500 E32.74962
G0 F7200 X121.038 Y118.766
G1 F1800 X120.725 Y118.886 E32.75382
G1 X120.724 Y118.42 E32.75966
G1 X120.774 Y118.396 E32.76036
G1 X121.164 Y118.246 E32.7656
G1 X121.165 Y118.731 E32.77168
G1 X121.038 Y118.766 E32.77333
G0 F7200 X120.852 Y118.837
G0 X121.125 Y118.464
G0 X121.064 Y118.463
G0 X122.836 Y118.671
G0 X122.962 Y118.766
G1 F1800 X122.836 Y118.732 E32.77497
G1 X122.835 Y118.246 E32.78106
G1 X123.228 Y118.397 E32.78395
G1 X123.275 Y118.42 E32.78461
G1 X123.275 Y118.886 E32.79045
G1 X122.962 Y118.766 E32.79212
G0 F7200 X122.836 Y118.732
G0 X122.836 Y118.662
G0 X122.875 Y118.663
G0 X122.939 Y118.657
G0 X123.265 Y115.87
G0 X122.962 Y115.766
G1 F1800 X122.836 Y115.732 E32.79375
G1 X122.835 Y115.246 E32.79985
G1 X123.228 Y115.397 E32.80273
G1 X123.275 Y115.42 E32.80339
G1 X123.276 Y115.886 E32.80923
G1 X122.962 Y115.766 E32.81091
G0 F7200 X122.836 Y115.732
G0 X122.836 Y115.662
G0 X122.875 Y115.662
G0 X122.938 Y115.657
G0 X121.164 Y115.671
G0 X121.038 Y115.766
G1 F1800 X120.725 Y115.886 E32.81511
G1 X120.725 Y115.42 E32.82096
G1 X120.772 Y115.397 E32.82161
G1 X121.164 Y115.246 E32.82688
G1 X121.165 Y115.731 E32.83296
G1 X121.038 Y115.766 E32.83461
G0 F7200 X120.852 Y115.837
G0 X120.96 Y115.586
;TYPE:SKIN
G1 F1800 X120.922 Y115.548 E32.83495
G0 F7200 X120.866 Y115.404
G0 X120.885 Y115.46
G0 X120.736 Y112.87
G0 X121.038 Y112.766
;TYPE:WALL-OUTER
G1 F1800 X120.725 Y112.886 E32.83915
G1 X120.725 Y112.42 E32.845
G1 X120.772 Y112.397 E32.84565
G1 X121.164 Y112.246 E32.85092
G1 X121.165 Y112.731 E32.857
G1 X121.038 Y112.766 E32.85866
G0 F7200 X120.852 Y112.837
G0 X121.125 Y112.464
G0 X121.064 Y112.463
G0 X122.836 Y112.671
G0 X122.962 Y112.766
G1 F1800 X122.836 Y112.732 E32.86029
G1 X122.835 Y112.246 E32.86639
G1 X123.228 Y112.397 E32.86927
G1 X123.275 Y112.42 E32.86993
G1 X123.276 Y112.886 E32.87577
G1 X122.962 Y112.766 E32.87745
G0 F7200 X122.836 Y112.732
G0 X122.836 Y112.662
G0 X123.03 Y112.565
;TYPE:SKIN
G1 F1800 X123.06 Y112.595 E32.87771
G0 F7200 X123.004 Y112.739
G0 X123.025 Y112.684
G0 X123.265 Y109.87
G0 X122.962 Y109.766
;TYPE:WALL-OUTER
G1 F1800 X122.836 Y109.732 E32.87935
G1 X122.835 Y109.246 E32.88545
G1 X123.228 Y109.397 E32.88833
G1 X123.275 Y109.42 E32.88899
G1 X123.276 Y109.886 E32.89483
G1 X122.962 Y109.766 E32.89651
G0 F7200 X122.836 Y109.732
G0 X122.836 Y109.662
G0 X122.875 Y109.662
G0 X122.938 Y109.657
G0 X121.164 Y109.671
G0 X121.038 Y109.766
G1 F1800 X120.725 Y109.886 E32.90071
G1 X120.725 Y109.42 E32.90655
G1 X120.772 Y109.397 E32.90721
G1 X121.164 Y109.246 E32.91248
G1 X121.165 Y109.731 E32.91856
G1 X121.038 Y109.766 E32.92021
G0 F7200 X120.852 Y109.837
G0 X121.125 Y109.464
G1 F1500 E26.42021
G0 F7200 X121.064 Y109.463
G0 X127.86 Y109.687
G0 X129.007 Y109.671
G1 F1500 E32.92021
G0 F7200 X129.038 Y109.766
G1 F1800 X128.725 Y109.886 E32.92442
G1 X128.725 Y109.42 E32.93026
G1 X128.772 Y109.397 E32.93092
G1 X129.164 Y109.246 E32.93618
G1 X129.165 Y109.731 E32.94227
G1 X129.038 Y109.766 E32.94392
G0 F7200 X128.852 Y109.837
G0 X129.125 Y109.464
G1 F1500 E26.44392
G0 F7200 X129.064 Y109.463
G0 X130.836 Y109.671
G1 F1500 E32.94392
G0 F7200 X130.962 Y109.766
G1 F1800 X130.836 Y109.732 E32.94555
G1 X130.835 Y109.246 E32.95165
G1 X131.228 Y109.397 E32.95453
G1 X131.275 Y109.42 E32.95519
G1 X131.276 Y109.886 E32.96103
G1 X130.962 Y109.766 E32.96271
G0 F7200 X130.836 Y109.732
G0 X130.836 Y109.662
G0 X131.029 Y109.533
;TYPE:SKIN
G1 F1800 X131.079 Y109.583 E32.96315
G0 F7200 X131.236 Y109.583
G0 X131.175 Y109.582
G0 X130.846 Y112.262
G0 X130.962 Y112.766
;TYPE:WALL-OUTER
G1 F1800 X130.836 Y112.732 E32.96479
G1 X130.835 Y112.246 E32.97088
G1 X131.228 Y112.397 E32.97377
G1 X131.275 Y112.42 E32.97442
G1 X131.276 Y112.886 E32.98027
G1 X130.962 Y112.766 E32.98194
G0 F7200 X130.836 Y112.732
G0 X130.836 Y112.662
G0 X130.875 Y112.662
G0 X130.938 Y112.657
G0 X129.164 Y112.671
G0 X129.038 Y112.766
G1 F1800 X128.725 Y112.886 E32.98615
G1 X128.725 Y112.42 E32.99199
G1 X128.772 Y112.397 E32.99265
G1 X129.164 Y112.246 E32.99792
G1 X129.165 Y112.731 E33.004
G1 X129.038 Y112.766 E33.00565
G0 F7200 X128.852 Y112.837
G0 X129.125 Y112.464
G0 X129.064 Y112.463
G0 X129.153 Y115.262
G0 X129.038 Y115.766
G1 F1800 X128.725 Y115.886 E33.00985
G1 X128.725 Y115.42 E33.0157
G1 X128.772 Y115.397 E33.01635
G1 X129.164 Y115.246 E33.02162
G1 X129.165 Y115.731 E33.0277
G1 X129.038 Y115.766 E33.02936
G0 F7200 X128.852 Y115.837
G0 X129.125 Y115.464
G0 X129.064 Y115.463
G0 X130.836 Y115.671
G0 X130.962 Y115.766
G1 F1800 X130.836 Y115.732 E33.03099
G1 X130.835 Y115.246 E33.03709
G1 X131.228 Y115.397 E33.03997
G1 X131.275 Y115.42 E33.04063
G1 X131.276 Y115.886 E33.04647
G1 X130.962 Y115.766 E33.04815
G0 F7200 X130.836 Y115.732
G0 X130.836 Y115.662
G0 X130.875 Y115.662
G0 X130.938 Y115.657
G0 X130.846 Y118.262
G0 X130.962 Y118.766
G1 F1800 X130.836 Y118.732 E33.04978
G1 X130.835 Y118.246 E33.05588
G1 X131.228 Y118.397 E33.05876
G1 X131.275 Y118.42 E33.05942
G1 X131.275 Y118.886 E33.06526
G1 X130.962 Y118.766 E33.06693
G0 F7200 X130.836 Y118.732
G0 X130.836 Y118.662
G0 X130.875 Y118.663
G0 X130.939 Y118.657
G0 X129.164 Y118.671
G0 X129.038 Y118.766
G1 F1800 X128.725 Y118.886 E33.07113
G1 X128.724 Y118.42 E33.07698
G1 X128.774 Y118.396 E33.07767
G1 X129.164 Y118.246 E33.08291
G1 X129.165 Y118.731 E33.089
G1 X129.038 Y118.766 E33.09065
G0 F7200 X128.852 Y118.837
G0 X129.125 Y118.464
G1 F1500 E26.59065
;MESH:NONMESH
G0 F600 X129.125 Y118.464 Z3.6
G0 F7200 X129.064 Y118.463
G0 X127.86 Y118.431
G0 X124.133 Y114.88
G0 X123.107 Y114.423
G0 X122.012 Y114.139
G0 X119.879 Y114.22
G0 X114.03 Y109.717
G0 X113.007 Y109.671
G1 F1500 E33.09065
G0 F7200 X113.038 Y109.766
;TIME_ELAPSED:236.753260
;LAYER:17
;TYPE:WALL-OUTER
;MESH:output_v2\A_fina_suporte.stl
G1 F1800 X112.935 Y109.805 E33.09203
G1 X112.935 Y109.334 E33.09794
G1 X113.166 Y109.245 E33.10104
G1 X113.383 Y109.187 E33.10386
G1 X113.384 Y109.673 E33.10995
G1 X113.038 Y109.766 E33.11444
G0 F7200 X112.935 Y109.805
G0 X112.935 Y109.715
G0 X113.225 Y109.302
G0 X113.23 Y109.331
G0 X114.617 Y109.67
G0 X114.962 Y109.765
G1 F1800 X114.617 Y109.675 E33.11892
G1 X114.616 Y109.187 E33.12504
G1 X114.834 Y109.245 E33.12786
G1 X115.065 Y109.334 E33.13097
G1 X115.066 Y109.805 E33.13688
G1 X114.962 Y109.765 E33.13827
G0 F7200 X114.769 Y109.715
G0 X114.75 Y109.642
G1 F1500 E26.63827
G0 F7200 X114.76 Y109.61
G0 X114.629 Y112.202
G1 F1500 E33.13827
G0 F7200 X114.962 Y112.766
G1 F1800 X114.617 Y112.673 E33.14275
G1 X114.617 Y112.187 E33.14885
G1 X114.834 Y112.245 E33.15166
G1 X115.065 Y112.334 E33.15477
G1 X115.065 Y112.805 E33.16068
G1 X114.962 Y112.766 E33.16206
G0 F7200 X114.769 Y112.714
G0 X114.752 Y112.643
G1 F1500 E26.66206
G0 F7200 X114.762 Y112.609
G0 X113.369 Y112.661
G1 F1500 E33.16206
G0 F7200 X113.038 Y112.766
G1 F1800 X112.935 Y112.805 E33.16344
G1 X112.935 Y112.334 E33.16934
G1 X113.166 Y112.245 E33.17245
G1 X113.383 Y112.187 E33.17527
G1 X113.384 Y112.673 E33.18136
G1 X113.038 Y112.766 E33.18585
G0 F7200 X112.935 Y112.805
G0 X112.935 Y112.715
G0 X113.225 Y112.302
G1 F1500 E26.68585
G0 F7200 X113.23 Y112.331
G0 X113.371 Y115.202
G1 F1500 E33.18585
G0 F7200 X113.038 Y115.766
G1 F1800 X112.935 Y115.805 E33.18723
G1 X112.935 Y115.334 E33.19314
G1 X113.166 Y115.245 E33.19625
G1 X113.383 Y115.187 E33.19906
G1 X113.384 Y115.673 E33.20516
G1 X113.038 Y115.766 E33.20965
G0 F7200 X112.935 Y115.805
G0 X112.935 Y115.715
G0 X113.225 Y115.302
G0 X113.23 Y115.331
G0 X114.617 Y115.659
G0 X114.962 Y115.765
G1 F1800 X114.617 Y115.675 E33.21412
G1 X114.616 Y115.187 E33.22024
G1 X114.834 Y115.245 E33.22307
G1 X115.065 Y115.334 E33.22617
G1 X115.066 Y115.805 E33.23208
G1 X114.962 Y115.765 E33.23348
G0 F7200 X114.769 Y115.715
G0 X114.75 Y115.642
G1 F1500 E26.73348
G0 F7200 X114.76 Y115.61
G0 X114.629 Y118.202
G1 F1500 E33.23348
G0 F7200 X114.962 Y118.766
G1 F1800 X114.617 Y118.673 E33.23796
G1 X114.617 Y118.187 E33.24405
G1 X114.834 Y118.245 E33.24687
G1 X115.065 Y118.334 E33.24997
G1 X115.066 Y118.806 E33.25589
G1 X114.962 Y118.766 E33.25729
G0 F7200 X114.769 Y118.714
G0 X114.819 Y118.525
;TYPE:SKIN
G1 F1800 X114.869 Y118.475 E33.25773
G0 F7200 X115.017 Y118.474
G1 F1500 E26.75773
G0 F7200 X114.965 Y118.473
G0 X113.369 Y118.661
G1 F1500 E33.25773
G0 F7200 X113.038 Y118.766
;TYPE:WALL-OUTER
G1 F1800 X112.935 Y118.805 E33.25912
G1 X112.935 Y118.334 E33.26502
G1 X113.166 Y118.245 E33.26813
G1 X113.383 Y118.187 E33.27094
G1 X113.384 Y118.673 E33.27704
G1 X113.038 Y118.766 E33.28153
G0 F7200 X112.935 Y118.805
G0 X112.935 Y118.715
G0 X113.13 Y118.518
;TYPE:SKIN
G1 F1800 X113.188 Y118.459 E33.28205
G0 F7200 X113.335 Y118.458
G0 X113.283 Y118.457
G0 X112.07 Y118.789
G0 X110.305 Y119.412
G0 X109.34 Y119.829
G0 X109.441 Y119.9
;TYPE:WALL-OUTER
G1 F1800 X109.037 Y119.9 E33.28712
G1 X109.037 Y119.4 E33.29339
G1 X109.44 Y119.4 E33.29844
G1 X109.441 Y119.9 E33.30471
G0 F7200 X109.241 Y119.9
G0 X109.241 Y119.8
G1 F1500 E26.80471
G0 F7200 X110.305 Y119.412
G0 X112.088 Y120.037
G0 X115.914 Y120.04
G0 X120.07 Y118.789
G1 F1500 E33.30471
G0 F7200 X121.038 Y118.766
G1 F1800 X120.935 Y118.805 E33.30609
G1 X120.935 Y118.334 E33.312
G1 X121.166 Y118.245 E33.3151
G1 X121.383 Y118.187 E33.31792
G1 X121.384 Y118.673 E33.32401
G1 X121.038 Y118.766 E33.32851
G0 F7200 X120.935 Y118.805
G0 X120.935 Y118.715
G0 X121.225 Y118.302
G0 X121.23 Y118.331
G0 X122.617 Y118.659
G0 X122.962 Y118.766
G1 F1800 X122.617 Y118.673 E33.33299
G1 X122.616 Y118.187 E33.33908
G1 X122.834 Y118.245 E33.34191
G1 X123.065 Y118.334 E33.34502
G1 X123.066 Y118.806 E33.35093
G1 X122.962 Y118.766 E33.35233
G0 F7200 X122.769 Y118.714
G0 X122.752 Y118.643
G1 F1500 E26.85233
G0 F7200 X122.762 Y118.609
G0 X123.055 Y115.79
G1 F1500 E33.35233
G0 F7200 X122.962 Y115.766
G1 F1800 X122.617 Y115.673 E33.35681
G1 X122.616 Y115.187 E33.36291
G1 X122.834 Y115.245 E33.36574
G1 X123.065 Y115.334 E33.36884
G1 X123.066 Y115.806 E33.37476
G1 X122.962 Y115.766 E33.37616
G0 F7200 X122.769 Y115.714
G0 X122.752 Y115.643
G1 F1500 E26.87616
G0 F7200 X122.762 Y115.609
G0 X121.369 Y115.661
G1 F1500 E33.37616
G0 F7200 X121.038 Y115.766
G1 F1800 X120.935 Y115.805 E33.37754
G1 X120.935 Y115.334 E33.38344
G1 X121.166 Y115.245 E33.38655
G1 X121.383 Y115.187 E33.38937
G1 X121.384 Y115.673 E33.39546
G1 X121.038 Y115.766 E33.39995
G0 F7200 X120.935 Y115.805
G0 X120.935 Y115.715
G0 X121.225 Y115.302
G1 F1500 E26.89995
G0 F7200 X121.23 Y115.331
G0 X120.946 Y112.789
G1 F1500 E33.39995
G0 F7200 X121.038 Y112.766
G1 F1800 X120.935 Y112.805 E33.40133
G1 X120.935 Y112.334 E33.40724
G1 X121.166 Y112.245 E33.41035
G1 X121.383 Y112.187 E33.41316
G1 X121.384 Y112.673 E33.41926
G1 X121.038 Y112.766 E33.42375
G0 F7200 X120.935 Y112.805
G0 X120.935 Y112.715
G0 X121.128 Y112.499
;TYPE:SKIN
G1 F1800 X121.179 Y112.448 E33.4242
G0 F7200 X121.167 Y112.317
G0 X121.178 Y112.348
G0 X122.617 Y112.659
G0 X122.962 Y112.766
;TYPE:WALL-OUTER
G1 F1800 X122.617 Y112.673 E33.42868
G1 X122.616 Y112.187 E33.43478
G1 X122.834 Y112.245 E33.43761
G1 X123.065 Y112.334 E33.44071
G1 X123.065 Y112.805 E33.44662
G1 X122.962 Y112.766 E33.448
G0 F7200 X122.769 Y112.714
G0 X122.811 Y112.514
;TYPE:SKIN
G1 F1800 X122.86 Y112.464 E33.44844
G0 F7200 X122.875 Y112.329
G0 X122.86 Y112.362
G0 X123.055 Y109.79
G0 X122.962 Y109.766
;TYPE:WALL-OUTER
G1 F1800 X122.617 Y109.673 E33.45292
G1 X122.616 Y109.187 E33.45901
G1 X122.834 Y109.245 E33.46184
G1 X123.065 Y109.334 E33.46495
G1 X123.066 Y109.806 E33.47087
G1 X122.962 Y109.766 E33.47226
G0 F7200 X122.769 Y109.714
G0 X122.752 Y109.643
G0 X122.762 Y109.609
G0 X121.369 Y109.661
G0 X121.038 Y109.766
G1 F1800 X120.935 Y109.805 E33.47364
G1 X120.935 Y109.334 E33.47955
G1 X121.166 Y109.245 E33.48265
G1 X121.383 Y109.187 E33.48547
G1 X121.384 Y109.673 E33.49157
G1 X121.038 Y109.766 E33.49606
G0 F7200 X120.935 Y109.805
G0 X120.935 Y109.715
G0 X121.225 Y109.302
G0 X121.23 Y109.331
G0 X121.648 Y110.498
G0 X123.914 Y111.04
G0 X128.07 Y109.661
G0 X129.038 Y109.766
G1 F1800 X128.935 Y109.805 E33.49744
G1 X128.935 Y109.334 E33.50335
G1 X129.166 Y109.245 E33.50645
G1 X129.383 Y109.187 E33.50927
G1 X129.384 Y109.673 E33.51536
G1 X129.038 Y109.766 E33.51986
G0 F7200 X128.935 Y109.805
G0 X128.935 Y109.715
G0 X129.225 Y109.302
G0 X129.23 Y109.331
G0 X130.617 Y109.659
G0 X130.962 Y109.766
G1 F1800 X130.617 Y109.673 E33.52434
G1 X130.616 Y109.187 E33.53043
G1 X130.834 Y109.245 E33.53326
G1 X131.065 Y109.334 E33.53636
G1 X131.066 Y109.806 E33.54228
G1 X130.962 Y109.766 E33.54368
G0 F7200 X130.769 Y109.714
G0 X130.752 Y109.643
G0 X130.762 Y109.609
G0 X130.628 Y112.202
G0 X130.962 Y112.766
G1 F1800 X130.617 Y112.673 E33.54816
G1 X130.616 Y112.187 E33.55426
G1 X130.834 Y112.245 E33.55709
G1 X131.065 Y112.334 E33.56019
G1 X131.065 Y112.805 E33.5661
G1 X130.962 Y112.766 E33.56748
G0 F7200 X130.769 Y112.714
G0 X130.752 Y112.643
G0 X130.762 Y112.609
G0 X129.363 Y112.668
G0 X129.038 Y112.766
G1 F1800 X128.935 Y112.805 E33.56886
G1 X128.935 Y112.334 E33.57476
G1 X129.166 Y112.245 E33.57787
G1 X129.383 Y112.187 E33.58069
G1 X129.383 Y112.673 E33.58678
G1 X129.038 Y112.766 E33.59126
G0 F7200 X128.935 Y112.805
G0 X128.935 Y112.715
G0 X129.224 Y112.301
G1 F1500 E27.09126
G0 F7200 X129.23 Y112.331
G0 X129.371 Y115.202
G1 F1500 E33.59126
G0 F7200 X129.038 Y115.766
G1 F1800 X128.935 Y115.805 E33.59264
G1 X128.935 Y115.334 E33.59855
G1 X129.166 Y115.245 E33.60165
G1 X129.383 Y115.187 E33.60447
G1 X129.384 Y115.673 E33.61056
G1 X129.038 Y115.766 E33.61506
G0 F7200 X128.935 Y115.805
G0 X128.935 Y115.715
G0 X129.129 Y115.529
;TYPE:SKIN
G1 F1800 X129.188 Y115.47 E33.61558
G0 F7200 X129.335 Y115.469
G0 X129.283 Y115.468
G0 X130.617 Y115.659
G0 X130.962 Y115.766
;TYPE:WALL-OUTER
G1 F1800 X130.617 Y115.673 E33.62006
G1 X130.616 Y115.187 E33.62616
G1 X130.834 Y115.245 E33.62899
G1 X131.065 Y115.334 E33.63209
G1 X131.066 Y115.806 E33.63801
G1 X130.962 Y115.766 E33.63941
G0 F7200 X130.769 Y115.714
G0 X130.827 Y115.528
;TYPE:SKIN
G1 F1800 X130.869 Y115.486 E33.63978
G0 F7200 X131.017 Y115.486
G0 X130.965 Y115.485
G0 X130.628 Y118.202
G0 X130.962 Y118.766
;TYPE:WALL-OUTER
G1 F1800 X130.617 Y118.673 E33.64426
G1 X130.616 Y118.187 E33.65035
G1 X130.834 Y118.245 E33.65318
G1 X131.065 Y118.334 E33.65629
G1 X131.066 Y118.806 E33.66221
G1 X130.962 Y118.766 E33.6636
G0 F7200 X130.769 Y118.714
G0 X130.752 Y118.643
G0 X130.762 Y118.609
G0 X129.363 Y118.668
G0 X129.038 Y118.766
G1 F1800 X128.935 Y118.805 E33.66499
G1 X128.935 Y118.334 E33.67089
G1 X129.166 Y118.245 E33.674
G1 X129.383 Y118.187 E33.67681
G1 X129.383 Y118.673 E33.68291
G1 X129.038 Y118.766 E33.68739
G0 F7200 X128.935 Y118.805
G0 X128.935 Y118.715
G0 X129.224 Y118.301
;MESH:NONMESH
G0 F600 X129.224 Y118.301 Z3.8
G0 F7200 X129.23 Y118.331
G0 X128.07 Y118.345
G0 X123.922 Y114.744
G0 X122.64 Y114.298
G0 X120.888 Y114.436
G0 X113.648 Y110.498
G0 X113.459 Y109.653
;TIME_ELAPSED:246.106374
;LAYER:18
;TYPE:WALL-OUTER
;MESH:output_v2\A_fina_suporte.stl
G1 F1800 X113.145 Y109.737 E33.69146
G1 X113.145 Y109.253 E33.69753
G1 X113.163 Y109.246 E33.69778
G1 X113.536 Y109.146 E33.70262
G1 X113.731 Y109.116 E33.70509
G1 X113.812 Y109.108 E33.70611
G1 X114.092 Y109.102 E33.70963
G1 X114.188 Y109.108 E33.71083
G1 X114.269 Y109.116 E33.71185
G1 X114.464 Y109.146 E33.71433
G1 X114.837 Y109.246 E33.71917
G1 X114.855 Y109.253 E33.71941
G1 X114.856 Y109.737 E33.72548
G1 X114.541 Y109.653 E33.7271
G1 X114.325 Y109.62 E33.72984
G1 X114.216 Y109.609 E33.73121
G1 X114.104 Y109.602 E33.73262
G1 X113.788 Y109.608 E33.73658
G1 X113.675 Y109.62 E33.73801
G1 X113.459 Y109.653 E33.74075
G0 F7200 X113.266 Y109.704
G0 X113.388 Y109.428
;TYPE:SKIN
G1 F1800 X113.623 Y109.38 E33.74168
G1 X114.488 Y109.397 E33.74504
G0 F7200 X114.494 Y109.567
G1 F1500 E27.24504
G0 F7200 X114.499 Y109.546
G0 X113.455 Y109.634
G0 X113.733 Y112.135
G1 F1500 E33.74504
G0 F7200 X113.459 Y112.653
;TYPE:WALL-OUTER
G1 F1800 X113.145 Y112.737 E33.74911
G1 X113.145 Y112.253 E33.75518
G1 X113.163 Y112.246 E33.75543
G1 X113.536 Y112.146 E33.76027
G1 X113.731 Y112.116 E33.76274
G1 X113.812 Y112.108 E33.76376
G1 X114.092 Y112.102 E33.76728
G1 X114.188 Y112.108 E33.76848
G1 X114.269 Y112.116 E33.7695
G1 X114.464 Y112.146 E33.77198
G1 X114.837 Y112.246 E33.77682
G1 X114.855 Y112.253 E33.77706
G1 X114.855 Y112.737 E33.78313
G1 X114.541 Y112.653 E33.78721
G1 X114.325 Y112.62 E33.78995
G1 X114.216 Y112.609 E33.79132
G1 X114.104 Y112.602 E33.79273
G1 X113.788 Y112.608 E33.79669
G1 X113.675 Y112.62 E33.79812
G1 X113.459 Y112.653 E33.80086
G0 F7200 X113.266 Y112.704
G0 X113.53 Y112.398
;TYPE:SKIN
G1 F1800 X113.776 Y112.362 E33.8019
G1 X114.357 Y112.377 E33.80435
G0 F7200 X114.4 Y112.54
G1 F1500 E27.30435
G0 F7200 X114.402 Y112.531
G0 X113.733 Y115.135
G1 F1500 E33.80435
G0 F7200 X113.459 Y115.653
;TYPE:WALL-OUTER
G1 F1800 X113.145 Y115.737 E33.80843
G1 X113.145 Y115.253 E33.8145
G1 X113.163 Y115.246 E33.81474
G1 X113.536 Y115.146 E33.81958
G1 X113.731 Y115.116 E33.82206
G1 X113.812 Y115.108 E33.82308
G1 X114.092 Y115.102 E33.82659
G1 X114.188 Y115.108 E33.8278
G1 X114.269 Y115.116 E33.82882
G1 X114.464 Y115.146 E33.83129
G1 X114.837 Y115.246 E33.83613
G1 X114.855 Y115.253 E33.83638
G1 X114.856 Y115.737 E33.84245
G1 X114.541 Y115.653 E33.84406
G1 X114.325 Y115.62 E33.8468
G1 X114.216 Y115.609 E33.84818
G1 X114.104 Y115.602 E33.84958
G1 X113.788 Y115.608 E33.85355
G1 X113.675 Y115.62 E33.85497
G1 X113.459 Y115.653 E33.85771
G0 F7200 X113.266 Y115.704
G0 X113.437 Y115.417
;TYPE:SKIN
G1 F1800 X113.675 Y115.372 E33.85863
G1 X114.567 Y115.415 E33.86203
G0 F7200 X114.591 Y115.593
G0 X114.598 Y115.566
G0 X114.168 Y118.126
G0 X113.459 Y118.653
;TYPE:WALL-OUTER
G1 F1800 X113.145 Y118.737 E33.86611
G1 X113.145 Y118.253 E33.87218
G1 X113.163 Y118.246 E33.87242
G1 X113.536 Y118.146 E33.87726
G1 X113.731 Y118.116 E33.87974
G1 X113.812 Y118.108 E33.88076
G1 X114.092 Y118.102 E33.88427
G1 X114.188 Y118.108 E33.88547
G1 X114.269 Y118.116 E33.8865
G1 X114.464 Y118.146 E33.88897
G1 X114.837 Y118.246 E33.89381
G1 X114.855 Y118.253 E33.89405
G1 X114.856 Y118.737 E33.90012
G1 X114.541 Y118.653 E33.90174
G1 X114.325 Y118.62 E33.90448
G1 X114.216 Y118.609 E33.90585
G1 X114.104 Y118.602 E33.90726
G1 X113.788 Y118.608 E33.91123
G1 X113.675 Y118.62 E33.91265
G1 X113.459 Y118.653 E33.91539
G0 F7200 X113.266 Y118.704
G0 X113.359 Y118.45
;TYPE:SKIN
G1 F1800 X113.579 Y118.388 E33.91624
G1 X114.426 Y118.386 E33.9194
G0 F7200 X114.435 Y118.551
G0 X114.438 Y118.536
G0 X113.157 Y118.722
G0 X110.291 Y119.412
G0 X109.326 Y119.829
G0 X109.427 Y119.9
;TYPE:WALL-OUTER
G1 F1800 X109.024 Y119.9 E33.92445
G1 X109.024 Y119.4 E33.93072
G1 X109.426 Y119.4 E33.93576
G1 X109.427 Y119.9 E33.94203
G0 F7200 X109.227 Y119.9
G0 X109.227 Y119.8
G0 X110.291 Y119.412
G0 X112.298 Y119.954
G0 X115.704 Y119.958
G0 X120.28 Y118.722
G0 X121.439 Y118.556
G0 X121.459 Y118.653
G1 F1800 X121.145 Y118.737 E33.94611
G1 X121.145 Y118.253 E33.95218
G1 X121.163 Y118.246 E33.95242
G1 X121.536 Y118.146 E33.95726
G1 X121.731 Y118.116 E33.95974
G1 X121.812 Y118.108 E33.96076
G1 X122.092 Y118.102 E33.96427
G1 X122.188 Y118.108 E33.96548
G1 X122.269 Y118.116 E33.9665
G1 X122.464 Y118.146 E33.96897
G1 X122.837 Y118.246 E33.97382
G1 X122.855 Y118.253 E33.97406
G1 X122.856 Y118.737 E33.98013
G1 X122.541 Y118.653 E33.98174
G1 X122.325 Y118.62 E33.98448
G1 X122.216 Y118.609 E33.98586
G1 X122.104 Y118.602 E33.98726
G1 X121.788 Y118.608 E33.99123
G1 X121.675 Y118.62 E33.99265
G1 X121.459 Y118.653 E33.99539
G0 F7200 X121.266 Y118.704
G0 X121.513 Y118.402
;TYPE:SKIN
G1 F1800 X121.758 Y118.364 E33.99644
G1 X122.333 Y118.373 E33.99886
G0 F7200 X122.377 Y118.536
G1 F1500 E27.49886
G0 F7200 X122.379 Y118.527
G0 X121.157 Y115.722
G1 F1500 E33.99886
G0 F7200 X121.459 Y115.653
;TYPE:WALL-OUTER
G1 F1800 X121.145 Y115.737 E34.00293
G1 X121.145 Y115.253 E34.009
G1 X121.163 Y115.246 E34.00925
G1 X121.536 Y115.146 E34.01409
G1 X121.731 Y115.116 E34.01656
G1 X121.812 Y115.108 E34.01758
G1 X121.908 Y115.102 E34.01879
G1 X122.189 Y115.108 E34.02231
G1 X122.269 Y115.116 E34.02332
G1 X122.464 Y115.146 E34.0258
G1 X122.837 Y115.246 E34.03064
G1 X122.855 Y115.253 E34.03088
G1 X122.856 Y115.737 E34.03695
G1 X122.541 Y115.653 E34.03857
G1 X122.325 Y115.62 E34.04131
G1 X122.212 Y115.608 E34.04273
G1 X121.896 Y115.602 E34.0467
G1 X121.784 Y115.609 E34.0481
G1 X121.675 Y115.62 E34.04948
G1 X121.459 Y115.653 E34.05222
G0 F7200 X121.266 Y115.704
G0 X121.372 Y115.432
;TYPE:SKIN
G1 F1800 X121.606 Y115.383 E34.05313
G1 X122.463 Y115.392 E34.05641
G0 F7200 X122.47 Y115.561
G1 F1500 E27.55641
G0 F7200 X122.473 Y115.542
G0 X121.157 Y112.722
G1 F1500 E34.05641
G0 F7200 X121.459 Y112.653
;TYPE:WALL-OUTER
G1 F1800 X121.145 Y112.737 E34.06049
G1 X121.145 Y112.253 E34.06656
G1 X121.163 Y112.246 E34.0668
G1 X121.536 Y112.146 E34.07164
G1 X121.731 Y112.116 E34.07412
G1 X121.812 Y112.108 E34.07514
G1 X122.092 Y112.102 E34.07865
G1 X122.188 Y112.108 E34.07986
G1 X122.269 Y112.116 E34.08088
G1 X122.464 Y112.146 E34.08335
G1 X122.837 Y112.246 E34.08819
G1 X122.855 Y112.253 E34.08844
G1 X122.855 Y112.737 E34.09451
G1 X122.541 Y112.653 E34.09858
G1 X122.325 Y112.62 E34.10132
G1 X122.216 Y112.609 E34.1027
G1 X122.104 Y112.602 E34.1041
G1 X121.788 Y112.608 E34.10807
G1 X121.675 Y112.62 E34.10949
G1 X121.459 Y112.653 E34.11223
G0 F7200 X121.266 Y112.704
G0 X121.463 Y112.412
;TYPE:SKIN
G1 F1800 X121.703 Y112.369 E34.11315
G1 X122.607 Y112.425 E34.11654
G0 F7200 X122.491 Y112.241
G1 F1500 E27.61654
G0 F7200 X122.487 Y112.255
G0 X121.157 Y109.722
G1 F1500 E34.11654
G0 F7200 X121.459 Y109.653
;TYPE:WALL-OUTER
G1 F1800 X121.145 Y109.737 E34.12061
G1 X121.145 Y109.253 E34.12668
G1 X121.163 Y109.246 E34.12692
G1 X121.536 Y109.146 E34.13177
G1 X121.731 Y109.116 E34.13424
G1 X121.812 Y109.108 E34.13526
G1 X122.092 Y109.102 E34.13877
G1 X122.188 Y109.108 E34.13998
G1 X122.269 Y109.116 E34.141
G1 X122.464 Y109.146 E34.14348
G1 X122.837 Y109.246 E34.14832
G1 X122.855 Y109.253 E34.14856
G1 X122.856 Y109.737 E34.15463
G1 X122.541 Y109.653 E34.15625
G1 X122.325 Y109.62 E34.15899
G1 X122.212 Y109.608 E34.16041
G1 X121.896 Y109.602 E34.16437
G1 X121.784 Y109.609 E34.16578
G1 X121.675 Y109.62 E34.16716
G1 X121.459 Y109.653 E34.1699
G0 F7200 X121.266 Y109.704
G0 X121.555 Y109.393
;TYPE:SKIN
G1 F1800 X121.804 Y109.359 E34.17097
G1 X122.393 Y109.382 E34.17348
G0 F7200 X122.403 Y109.543
G1 F1500 E27.67348
G0 F7200 X122.405 Y109.531
G0 X123.72 Y109.568
G0 X128.28 Y109.569
G0 X129.439 Y109.556
G1 F1500 E34.17348
G0 F7200 X129.459 Y109.653
;TYPE:WALL-OUTER
G1 F1800 X129.145 Y109.737 E34.17756
G1 X129.145 Y109.253 E34.18363
G1 X129.163 Y109.246 E34.18387
G1 X129.536 Y109.146 E34.18871
G1 X129.731 Y109.116 E34.19119
G1 X129.812 Y109.108 E34.19221
G1 X129.908 Y109.102 E34.19341
G1 X130.189 Y109.108 E34.19694
G1 X130.269 Y109.116 E34.19795
G1 X130.464 Y109.146 E34.20042
G1 X130.837 Y109.246 E34.20526
G1 X130.855 Y109.253 E34.20551
G1 X130.856 Y109.737 E34.21158
G1 X130.541 Y109.653 E34.21319
G1 X130.325 Y109.62 E34.21593
G1 X130.212 Y109.608 E34.21736
G1 X129.896 Y109.602 E34.22132
G1 X129.784 Y109.609 E34.22273
G1 X129.675 Y109.62 E34.2241
G1 X129.459 Y109.653 E34.22684
G0 F7200 X129.266 Y109.704
G0 X129.489 Y109.407
;TYPE:SKIN
G1 F1800 X129.731 Y109.366 E34.2277
G1 X130.628 Y109.414 E34.23082
G0 F7200 X130.486 Y109.24
G1 F1500 E27.73082
G0 F7200 X130.483 Y109.253
G0 X129.455 Y109.634
G0 X129.733 Y112.135
G1 F1500 E34.23082
G0 F7200 X129.459 Y112.653
;TYPE:WALL-OUTER
G1 F1800 X129.145 Y112.737 E34.2349
G1 X129.145 Y112.253 E34.24097
G1 X129.163 Y112.246 E34.24121
G1 X129.536 Y112.146 E34.24605
G1 X129.731 Y112.116 E34.24853
G1 X129.812 Y112.108 E34.24955
G1 X129.908 Y112.102 E34.25075
G1 X130.189 Y112.108 E34.25428
G1 X130.269 Y112.116 E34.25529
G1 X130.464 Y112.146 E34.25776
G1 X130.837 Y112.246 E34.2626
G1 X130.855 Y112.253 E34.26284
G1 X130.855 Y112.737 E34.26891
G1 X130.541 Y112.653 E34.27299
G1 X130.325 Y112.62 E34.27573
G1 X130.212 Y112.608 E34.27716
G1 X129.896 Y112.602 E34.28112
G1 X129.784 Y112.609 E34.28253
G1 X129.675 Y112.62 E34.2839
G1 X129.459 Y112.653 E34.28664
G0 F7200 X129.266 Y112.704
G0 X129.397 Y112.426
;TYPE:SKIN
G1 F1800 X129.632 Y112.378 E34.28756
G1 X130.502 Y112.4 E34.2909
G0 F7200 X130.506 Y112.571
G1 F1500 E27.7909
G0 F7200 X130.51 Y112.547
G0 X130.188 Y115.127
G1 F1500 E34.2909
G0 F7200 X129.459 Y115.653
;TYPE:WALL-OUTER
G1 F1800 X129.145 Y115.737 E34.29497
G1 X129.145 Y115.253 E34.30104
G1 X129.163 Y115.246 E34.30128
G1 X129.536 Y115.146 E34.30613
G1 X129.731 Y115.116 E34.3086
G1 X129.812 Y115.108 E34.30962
G1 X129.908 Y115.102 E34.31083
G1 X130.189 Y115.108 E34.31435
G1 X130.269 Y115.116 E34.31536
G1 X130.464 Y115.146 E34.31784
G1 X130.837 Y115.246 E34.32268
G1 X130.855 Y115.253 E34.32292
G1 X130.856 Y115.737 E34.32899
G1 X130.541 Y115.653 E34.33061
G1 X130.325 Y115.62 E34.33335
G1 X130.212 Y115.608 E34.33477
G1 X129.896 Y115.602 E34.33874
G1 X129.784 Y115.609 E34.34014
G1 X129.675 Y115.62 E34.34152
G1 X129.459 Y115.653 E34.34426
G0 F7200 X129.266 Y115.704
G0 X129.539 Y115.397
;TYPE:SKIN
G1 F1800 X129.785 Y115.36 E34.34531
G1 X130.369 Y115.378 E34.34779
G0 F7200 X130.379 Y115.537
G1 F1500 E27.84779
G0 F7200 X130.381 Y115.528
G0 X129.733 Y118.135
G1 F1500 E34.34779
G0 F7200 X129.459 Y118.653
;TYPE:WALL-OUTER
G1 F1800 X129.145 Y118.737 E34.35187
G1 X129.145 Y118.253 E34.35794
G1 X129.163 Y118.246 E34.35818
G1 X129.536 Y118.146 E34.36303
G1 X129.731 Y118.116 E34.3655
G1 X129.812 Y118.108 E34.36652
G1 X130.092 Y118.102 E34.37003
G1 X130.188 Y118.108 E34.37124
G1 X130.269 Y118.116 E34.37226
G1 X130.464 Y118.146 E34.37473
G1 X130.837 Y118.246 E34.37958
G1 X130.855 Y118.253 E34.37982
G1 X130.856 Y118.737 E34.38589
G1 X130.541 Y118.653 E34.3875
G1 X130.325 Y118.62 E34.39024
G1 X130.216 Y118.609 E34.39162
G1 X130.104 Y118.602 E34.39303
G1 X129.788 Y118.608 E34.39699
G1 X129.675 Y118.62 E34.39841
G1 X129.459 Y118.653 E34.40115
G0 F7200 X129.266 Y118.704
G0 X129.447 Y118.416
;TYPE:SKIN
G1 F1800 X129.685 Y118.371 E34.40207
G1 X130.583 Y118.421 E34.40549
G0 F7200 X130.607 Y118.598
G1 F1500 E27.90549
;MESH:NONMESH
G0 F600 X130.607 Y118.598 Z4
G0 F7200 X130.614 Y118.57
G0 X129.161 Y118.264
G0 X123.712 Y114.662
G0 X121.299 Y113.591
G0 X120.298 Y113.954
G0 X115.72 Y109.721
G0 X114.339 Y109.6
G1 F1500 E34.40549
G0 F7200 X113.459 Y109.653
;TIME_ELAPSED:255.470403
;LAYER:19
;TYPE:WALL-OUTER
;MESH:output_v2\A_fina_suporte.stl
G1 F1800 X113.355 Y109.681 E34.40684
G1 X113.355 Y109.195 E34.41293
G1 X113.536 Y109.146 E34.41528
G1 X113.731 Y109.116 E34.41776
G1 X113.812 Y109.108 E34.41878
G1 X114.092 Y109.102 E34.42229
G1 X114.188 Y109.108 E34.4235
G1 X114.269 Y109.116 E34.42452
G1 X114.464 Y109.146 E34.42699
G1 X114.645 Y109.195 E34.42934
G1 X114.645 Y109.681 E34.43544
G1 X114.541 Y109.653 E34.43679
G1 X114.325 Y109.62 E34.43953
G1 X114.216 Y109.609 E34.4409
G1 X114.104 Y109.602 E34.44231
G1 X113.788 Y109.608 E34.44627
G1 X113.675 Y109.62 E34.4477
G1 X113.459 Y109.653 E34.45044
G0 F7200 X113.355 Y109.681
G0 X113.355 Y109.588
G0 X113.803 Y109.358
;TYPE:SKIN
G1 F1800 X114.09 Y109.354 E34.45194
G1 X114.35 Y109.377 E34.4533
G0 F7200 X114.412 Y109.229
G1 F1500 E27.9533
G0 F7200 X114.41 Y109.238
G0 X113.455 Y109.634
G0 X113.733 Y112.135
G1 F1500 E34.4533
G0 F7200 X113.459 Y112.653
;TYPE:WALL-OUTER
G1 F1800 X113.355 Y112.681 E34.45465
G1 X113.355 Y112.195 E34.46075
G1 X113.536 Y112.146 E34.4631
G1 X113.731 Y112.116 E34.46557
G1 X113.812 Y112.108 E34.46659
G1 X114.092 Y112.102 E34.47011
G1 X114.188 Y112.108 E34.47131
G1 X114.269 Y112.116 E34.47233
G1 X114.464 Y112.146 E34.47481
G1 X114.645 Y112.195 E34.47716
G1 X114.645 Y112.681 E34.48325
G1 X114.541 Y112.653 E34.4846
G1 X114.325 Y112.62 E34.48734
G1 X114.216 Y112.609 E34.48872
G1 X114.104 Y112.602 E34.49012
G1 X113.788 Y112.608 E34.49409
G1 X113.675 Y112.62 E34.49551
G1 X113.459 Y112.653 E34.49825
G0 F7200 X113.355 Y112.681
G0 X113.355 Y112.588
G0 X113.61 Y112.38
;TYPE:SKIN
G1 F1800 X113.918 Y112.355 E34.49956
G1 X114.426 Y112.413 E34.50173
G0 F7200 X114.263 Y112.21
G1 F1500 E28.00173
G0 F7200 X114.262 Y112.215
G0 X113.733 Y115.135
G1 F1500 E34.50173
G0 F7200 X113.459 Y115.653
;TYPE:WALL-OUTER
G1 F1800 X113.355 Y115.681 E34.50308
G1 X113.355 Y115.195 E34.50918
G1 X113.536 Y115.146 E34.51153
G1 X113.731 Y115.116 E34.514
G1 X113.812 Y115.108 E34.51503
G1 X114.092 Y115.102 E34.51854
G1 X114.188 Y115.108 E34.51974
G1 X114.269 Y115.116 E34.52076
G1 X114.464 Y115.146 E34.52324
G1 X114.645 Y115.195 E34.52559
G1 X114.645 Y115.681 E34.53168
G1 X114.541 Y115.653 E34.53304
G1 X114.325 Y115.62 E34.53578
G1 X114.216 Y115.609 E34.53715
G1 X114.104 Y115.602 E34.53856
G1 X113.788 Y115.608 E34.54252
G1 X113.675 Y115.62 E34.54395
G1 X113.459 Y115.653 E34.54669
G0 F7200 X113.355 Y115.681
G0 X113.355 Y115.588
G0 X113.738 Y115.363
;TYPE:SKIN
G1 F1800 X114.032 Y115.352 E34.54826
G1 X114.298 Y115.369 E34.54969
G0 F7200 X114.345 Y115.218
G1 F1500 E28.04969
G0 F7200 X114.342 Y115.227
G0 X113.733 Y118.135
G1 F1500 E34.54969
G0 F7200 X113.459 Y118.653
;TYPE:WALL-OUTER
G1 F1800 X113.355 Y118.681 E34.55104
G1 X113.355 Y118.195 E34.55713
G1 X113.536 Y118.146 E34.55948
G1 X113.731 Y118.116 E34.56196
G1 X113.812 Y118.108 E34.56298
G1 X114.092 Y118.102 E34.56649
G1 X114.188 Y118.108 E34.5677
G1 X114.269 Y118.116 E34.56872
G1 X114.464 Y118.146 E34.57119
G1 X114.645 Y118.195 E34.57354
G1 X114.645 Y118.681 E34.57964
G1 X114.541 Y118.653 E34.58099
G1 X114.325 Y118.62 E34.58373
G1 X114.216 Y118.609 E34.5851
G1 X114.104 Y118.602 E34.58651
G1 X113.788 Y118.608 E34.59047
G1 X113.675 Y118.62 E34.5919
G1 X113.459 Y118.653 E34.59464
G0 F7200 X113.355 Y118.681
G0 X113.355 Y118.588
G0 X113.574 Y118.355
;TYPE:SKIN
G1 F1800 X113.857 Y118.356 E34.59571
G1 X114.395 Y118.383 E34.59776
G0 F7200 X114.431 Y118.231
G0 X114.429 Y118.241
G0 X113.367 Y118.666
G0 X110.281 Y119.415
G0 X109.345 Y119.8
G0 X109.415 Y119.9
;TYPE:WALL-OUTER
G1 F1800 X109.017 Y119.9 E34.60276
G1 X109.017 Y119.4 E34.60903
G1 X109.416 Y119.4 E34.61403
G1 X109.415 Y119.9 E34.62028
G0 F7200 X109.215 Y119.9
G0 X109.215 Y119.8
G0 X110.281 Y119.415
G0 X112.506 Y119.786
G0 X115.494 Y119.786
G0 X120.49 Y118.666
G0 X121.459 Y118.653
G1 F1800 X121.355 Y118.681 E34.62163
G1 X121.355 Y118.195 E34.62772
G1 X121.536 Y118.146 E34.63007
G1 X121.731 Y118.116 E34.63255
G1 X121.812 Y118.108 E34.63357
G1 X122.092 Y118.102 E34.63708
G1 X122.188 Y118.108 E34.63829
G1 X122.269 Y118.116 E34.63931
G1 X122.464 Y118.146 E34.64178
G1 X122.645 Y118.195 E34.64413
G1 X122.645 Y118.681 E34.65023
G1 X122.541 Y118.653 E34.65158
G1 X122.325 Y118.62 E34.65432
G1 X122.216 Y118.609 E34.65569
G1 X122.104 Y118.602 E34.6571
G1 X121.788 Y118.608 E34.66106
G1 X121.675 Y118.62 E34.66249
G1 X121.459 Y118.653 E34.66523
G0 F7200 X121.355 Y118.681
G0 X121.355 Y118.588
G0 X121.771 Y118.36
;TYPE:SKIN
G1 F1800 X122.062 Y118.353 E34.66677
G1 X122.325 Y118.373 E34.66816
G0 F7200 X122.387 Y118.225
G0 X122.385 Y118.234
G0 X121.367 Y115.666
G0 X121.459 Y115.653
;TYPE:WALL-OUTER
G1 F1800 X121.355 Y115.681 E34.66951
G1 X121.355 Y115.195 E34.67561
G1 X121.536 Y115.146 E34.67796
G1 X121.731 Y115.116 E34.68043
G1 X121.812 Y115.108 E34.68145
G1 X121.908 Y115.102 E34.68266
G1 X122.189 Y115.108 E34.68618
G1 X122.269 Y115.116 E34.68719
G1 X122.464 Y115.146 E34.68967
G1 X122.645 Y115.195 E34.69202
G1 X122.645 Y115.681 E34.69811
G1 X122.541 Y115.653 E34.69946
G1 X122.325 Y115.62 E34.7022
G1 X122.212 Y115.608 E34.70363
G1 X121.896 Y115.602 E34.70759
G1 X121.784 Y115.609 E34.709
G1 X121.675 Y115.62 E34.71037
G1 X121.459 Y115.653 E34.71311
G0 F7200 X121.355 Y115.681
G0 X121.355 Y115.588
G0 X121.645 Y115.376
;TYPE:SKIN
G1 F1800 X121.951 Y115.352 E34.7147
G1 X122.224 Y115.362 E34.71612
G0 F7200 X122.275 Y115.211
G0 X122.274 Y115.217
G0 X121.367 Y112.666
G0 X121.459 Y112.653
;TYPE:WALL-OUTER
G1 F1800 X121.355 Y112.681 E34.71747
G1 X121.355 Y112.195 E34.72356
G1 X121.536 Y112.146 E34.72591
G1 X121.731 Y112.116 E34.72839
G1 X121.812 Y112.108 E34.72941
G1 X122.092 Y112.102 E34.73292
G1 X122.188 Y112.108 E34.73413
G1 X122.269 Y112.116 E34.73515
G1 X122.464 Y112.146 E34.73762
G1 X122.645 Y112.195 E34.73997
G1 X122.645 Y112.681 E34.74607
G1 X122.541 Y112.653 E34.74742
G1 X122.325 Y112.62 E34.75016
G1 X122.216 Y112.609 E34.75153
G1 X122.104 Y112.602 E34.75294
G1 X121.788 Y112.608 E34.7569
G1 X121.675 Y112.62 E34.75833
G1 X121.459 Y112.653 E34.76107
G0 F7200 X121.355 Y112.681
G0 X121.355 Y112.588
G0 X121.836 Y112.356
;TYPE:SKIN
G1 F1800 X122.121 Y112.354 E34.76255
G1 X122.377 Y112.38 E34.76389
G0 F7200 X122.438 Y112.233
G1 F1500 E28.26389
G0 F7200 X122.436 Y112.242
G0 X121.367 Y109.666
G1 F1500 E34.76389
G0 F7200 X121.459 Y109.653
;TYPE:WALL-OUTER
G1 F1800 X121.355 Y109.681 E34.76524
G1 X121.355 Y109.195 E34.77133
G1 X121.536 Y109.146 E34.77368
G1 X121.731 Y109.116 E34.77616
G1 X121.812 Y109.108 E34.77718
G1 X122.092 Y109.102 E34.78069
G1 X122.188 Y109.108 E34.7819
G1 X122.269 Y109.116 E34.78292
G1 X122.464 Y109.146 E34.78539
G1 X122.645 Y109.195 E34.78774
G1 X122.645 Y109.681 E34.79384
G1 X122.541 Y109.653 E34.79519
G1 X122.325 Y109.62 E34.79793
G1 X122.212 Y109.608 E34.79935
G1 X121.896 Y109.602 E34.80332
G1 X121.784 Y109.609 E34.80472
G1 X121.675 Y109.62 E34.8061
G1 X121.459 Y109.653 E34.80884
G0 F7200 X121.355 Y109.681
G0 X121.355 Y109.588
G0 X121.715 Y109.366
;TYPE:SKIN
G1 F1800 X122.011 Y109.352 E34.8104
G1 X122.279 Y109.367 E34.81181
G0 F7200 X122.328 Y109.216
G1 F1500 E28.31181
G0 F7200 X122.326 Y109.225
G0 X123.51 Y109.556
G0 X128.49 Y109.556
G1 F1500 E34.81181
G0 F7200 X129.459 Y109.653
;TYPE:WALL-OUTER
G1 F1800 X129.355 Y109.681 E34.81316
G1 X129.355 Y109.195 E34.81925
G1 X129.536 Y109.146 E34.8216
G1 X129.731 Y109.116 E34.82408
G1 X129.812 Y109.108 E34.8251
G1 X129.908 Y109.102 E34.8263
G1 X130.189 Y109.108 E34.82983
G1 X130.269 Y109.116 E34.83084
G1 X130.464 Y109.146 E34.83331
G1 X130.645 Y109.195 E34.83566
G1 X130.645 Y109.681 E34.84176
G1 X130.541 Y109.653 E34.84311
G1 X130.325 Y109.62 E34.84585
G1 X130.212 Y109.608 E34.84727
G1 X129.896 Y109.602 E34.85124
G1 X129.784 Y109.609 E34.85264
G1 X129.675 Y109.62 E34.85402
G1 X129.459 Y109.653 E34.85676
G0 F7200 X129.355 Y109.681
G0 X129.355 Y109.588
G0 X129.621 Y109.379
;TYPE:SKIN
G1 F1800 X129.931 Y109.352 E34.85806
G1 X130.431 Y109.419 E34.86016
G0 F7200 X130.265 Y109.21
G0 X130.263 Y109.215
G0 X129.733 Y112.135
G0 X129.459 Y112.653
;TYPE:WALL-OUTER
G1 F1800 X129.355 Y112.681 E34.86151
G1 X129.355 Y112.195 E34.86761
G1 X129.536 Y112.146 E34.86996
G1 X129.731 Y112.116 E34.87243
G1 X129.812 Y112.108 E34.87345
G1 X129.908 Y112.102 E34.87466
G1 X130.189 Y112.108 E34.87818
G1 X130.269 Y112.116 E34.87919
G1 X130.464 Y112.146 E34.88166
G1 X130.645 Y112.195 E34.88402
G1 X130.645 Y112.681 E34.89011
G1 X130.541 Y112.653 E34.89146
G1 X130.325 Y112.62 E34.8942
G1 X130.212 Y112.608 E34.89563
G1 X129.896 Y112.602 E34.89959
G1 X129.784 Y112.609 E34.901
G1 X129.675 Y112.62 E34.90237
G1 X129.459 Y112.653 E34.90511
G0 F7200 X129.355 Y112.681
G0 X129.355 Y112.588
G0 X129.749 Y112.362
;TYPE:SKIN
G1 F1800 X130.04 Y112.355 E34.90664
G1 X130.307 Y112.371 E34.90804
G0 F7200 X130.355 Y112.219
G0 X130.353 Y112.229
G0 X129.733 Y115.135
G0 X129.459 Y115.653
;TYPE:WALL-OUTER
G1 F1800 X129.355 Y115.681 E34.90939
G1 X129.355 Y115.195 E34.91549
G1 X129.536 Y115.146 E34.91784
G1 X129.731 Y115.116 E34.92031
G1 X129.812 Y115.108 E34.92133
G1 X129.908 Y115.102 E34.92254
G1 X130.189 Y115.108 E34.92606
G1 X130.269 Y115.116 E34.92707
G1 X130.464 Y115.146 E34.92955
G1 X130.645 Y115.195 E34.9319
G1 X130.645 Y115.681 E34.93799
G1 X130.541 Y115.653 E34.93934
G1 X130.325 Y115.62 E34.94208
G1 X130.212 Y115.608 E34.94351
G1 X129.896 Y115.602 E34.94747
G1 X129.784 Y115.609 E34.94888
G1 X129.675 Y115.62 E34.95025
G1 X129.459 Y115.653 E34.95299
G0 F7200 X129.355 Y115.681
G0 X129.355 Y115.588
G0 X129.58 Y115.361
;TYPE:SKIN
G1 F1800 X129.869 Y115.354 E34.95415
G1 X130.403 Y115.385 E34.95628
G0 F7200 X130.439 Y115.233
G1 F1500 E28.45628
G0 F7200 X130.437 Y115.242
G0 X129.455 Y115.634
G0 X129.733 Y118.135
G1 F1500 E34.95628
G0 F7200 X129.459 Y118.653
;TYPE:WALL-OUTER
G1 F1800 X129.355 Y118.681 E34.95763
G1 X129.355 Y118.195 E34.96373
G1 X129.536 Y118.146 E34.96608
G1 X129.731 Y118.116 E34.96855
G1 X129.812 Y118.108 E34.96957
G1 X130.092 Y118.102 E34.97309
G1 X130.188 Y118.108 E34.97429
G1 X130.269 Y118.116 E34.97531
G1 X130.464 Y118.146 E34.97779
G1 X130.645 Y118.195 E34.98014
G1 X130.645 Y118.681 E34.98623
G1 X130.541 Y118.653 E34.98758
G1 X130.325 Y118.62 E34.99032
G1 X130.216 Y118.609 E34.9917
G1 X130.104 Y118.602 E34.9931
G1 X129.788 Y118.608 E34.99707
G1 X129.675 Y118.62 E34.99849
G1 X129.459 Y118.653 E35.00123
G0 F7200 X129.355 Y118.681
G0 X129.355 Y118.588
G0 X129.681 Y118.37
;TYPE:SKIN
G1 F1800 X129.981 Y118.353 E35.00282
G1 X130.253 Y118.365 E35.00426
G0 F7200 X130.301 Y118.214
G1 F1500 E28.50426
;MESH:NONMESH
G0 F600 X130.301 Y118.214 Z4.2
G0 F7200 X130.299 Y118.221
G0 X128.49 Y118.207
G0 X123.501 Y114.537
G0 X120.506 Y113.786
G0 X115.51 Y109.666
G0 X113.663 Y109.521
G1 F1500 E35.00426
G0 F7200 X113.675 Y109.62
;TIME_ELAPSED:262.688071
;LAYER:20
;TYPE:WALL-OUTER
;MESH:output_v2\A_fina_suporte.stl
G1 F1800 X113.565 Y109.637 E35.00565
G1 X113.565 Y109.142 E35.01186
G1 X113.731 Y109.116 E35.01397
G1 X113.812 Y109.108 E35.01499
G1 X114.091 Y109.102 E35.01849
G1 X114.224 Y109.111 E35.02016
G1 X114.33 Y109.125 E35.0215
G1 X114.435 Y109.142 E35.02283
G1 X114.435 Y109.636 E35.02903
G1 X114.324 Y109.619 E35.03044
G1 X114.104 Y109.602 E35.0332
G1 X113.788 Y109.608 E35.03717
G1 X113.675 Y109.62 E35.03859
G0 F7200 X113.565 Y109.637
G0 X113.565 Y109.548
G0 X113.881 Y109.356
;TYPE:SKIN
G1 F1800 X114.165 Y109.357 E35.04056
G0 F7200 X114.198 Y109.514
G0 X114.198 Y109.509
G0 X113.813 Y112.127
G0 X113.675 Y112.62
;TYPE:WALL-OUTER
G1 F1800 X113.565 Y112.637 E35.04196
G1 X113.565 Y112.142 E35.04817
G1 X113.731 Y112.116 E35.05027
G1 X113.812 Y112.108 E35.05129
G1 X114.091 Y112.102 E35.05479
G1 X114.224 Y112.111 E35.05646
G1 X114.33 Y112.125 E35.05781
G1 X114.435 Y112.142 E35.05914
G1 X114.435 Y112.636 E35.06533
G1 X114.324 Y112.619 E35.06674
G1 X114.104 Y112.602 E35.06951
G1 X113.788 Y112.608 E35.07347
G1 X113.675 Y112.62 E35.0749
G0 F7200 X113.565 Y112.637
G0 X113.565 Y112.548
G0 X113.792 Y112.378
;TYPE:SKIN
G1 F1800 X114.049 Y112.352 E35.07643
G0 F7200 X114.094 Y112.504
G1 F1500 E28.57643
G0 F7200 X114.095 Y112.502
G0 X113.813 Y115.127
G1 F1500 E35.07643
G0 F7200 X113.675 Y115.62
;TYPE:WALL-OUTER
G1 F1800 X113.565 Y115.637 E35.07783
G1 X113.565 Y115.142 E35.08403
G1 X113.731 Y115.116 E35.08614
G1 X113.812 Y115.108 E35.08716
G1 X114.091 Y115.102 E35.09066
G1 X114.224 Y115.111 E35.09233
G1 X114.33 Y115.125 E35.09367
G1 X114.435 Y115.142 E35.09501
G1 X114.435 Y115.636 E35.1012
G1 X114.324 Y115.619 E35.10261
G1 X114.104 Y115.602 E35.10538
G1 X113.788 Y115.608 E35.10934
G1 X113.675 Y115.62 E35.11077
G0 F7200 X113.565 Y115.637
G0 X113.565 Y115.548
G0 X113.939 Y115.353
;TYPE:SKIN
G1 F1800 X114.205 Y115.336 E35.11232
G0 F7200 X114.033 Y115.203
G1 F1500 E28.61232
G0 F7200 X114.032 Y115.204
G0 X113.813 Y118.127
G1 F1500 E35.11232
G0 F7200 X113.675 Y118.62
;TYPE:WALL-OUTER
G1 F1800 X113.565 Y118.637 E35.11372
G1 X113.565 Y118.142 E35.11993
G1 X113.731 Y118.116 E35.12203
G1 X113.812 Y118.108 E35.12305
G1 X114.091 Y118.102 E35.12655
G1 X114.224 Y118.111 E35.12823
G1 X114.33 Y118.125 E35.12957
G1 X114.435 Y118.142 E35.1309
G1 X114.435 Y118.636 E35.1371
G1 X114.324 Y118.619 E35.1385
G1 X114.104 Y118.602 E35.14127
G1 X113.788 Y118.608 E35.14523
G1 X113.675 Y118.62 E35.14666
G0 F7200 X113.565 Y118.637
G0 X113.565 Y118.548
G0 X113.832 Y118.357
;TYPE:SKIN
G1 F1800 X114.111 Y118.353 E35.14857
G0 F7200 X114.162 Y118.508
G0 X114.162 Y118.506
G0 X112.7 Y118.622
G0 X110.282 Y119.415
G0 X109.346 Y119.8
G0 X109.416 Y119.9
;TYPE:WALL-OUTER
G1 F1800 X109.018 Y119.9 E35.15356
G1 X109.018 Y119.4 E35.15983
G1 X109.417 Y119.4 E35.16484
G1 X109.416 Y119.9 E35.17108
G0 F7200 X109.216 Y119.9
G0 X109.216 Y119.8
G0 X110.282 Y119.415
G0 X112.716 Y119.723
G0 X115.284 Y119.723
G0 X120.7 Y118.622
G0 X121.675 Y118.62
G1 F1800 X121.565 Y118.637 E35.17248
G1 X121.565 Y118.142 E35.17869
G1 X121.731 Y118.116 E35.18079
G1 X121.812 Y118.108 E35.18181
G1 X122.091 Y118.102 E35.18531
G1 X122.224 Y118.111 E35.18699
G1 X122.33 Y118.125 E35.18833
G1 X122.435 Y118.142 E35.18966
G1 X122.435 Y118.636 E35.19586
G1 X122.324 Y118.619 E35.19726
G1 X122.104 Y118.602 E35.20003
G1 X121.788 Y118.608 E35.20399
G1 X121.675 Y118.62 E35.20542
G0 F7200 X121.565 Y118.637
G0 X121.565 Y118.548
G0 X121.781 Y118.387
;TYPE:SKIN
G1 F1800 X122.03 Y118.353 E35.20679
G0 F7200 X122.086 Y118.503
G1 F1500 E28.70679
G0 F7200 X122.087 Y118.502
G0 X121.577 Y115.622
G1 F1500 E35.20679
G0 F7200 X121.674 Y115.62
;TYPE:WALL-OUTER
G1 F1800 X121.565 Y115.637 E35.20817
G1 X121.565 Y115.142 E35.21438
G1 X121.731 Y115.116 E35.21649
G1 X121.909 Y115.102 E35.21873
G1 X122.189 Y115.108 E35.22224
G1 X122.269 Y115.116 E35.22325
G1 X122.435 Y115.142 E35.22535
G1 X122.435 Y115.637 E35.23156
G1 X122.325 Y115.62 E35.23296
G1 X122.212 Y115.608 E35.23438
G1 X121.895 Y115.602 E35.23836
G1 X121.745 Y115.612 E35.24024
G1 X121.674 Y115.62 E35.24114
G0 F7200 X121.565 Y115.637
G0 X121.565 Y115.547
G0 X121.86 Y115.355
;TYPE:SKIN
G1 F1800 X122.144 Y115.356 E35.24303
G0 F7200 X122.173 Y115.51
G1 F1500 E28.74303
G0 F7200 X122.173 Y115.508
G0 X121.577 Y112.622
G1 F1500 E35.24303
G0 F7200 X121.675 Y112.62
;TYPE:WALL-OUTER
G1 F1800 X121.565 Y112.637 E35.24442
G1 X121.565 Y112.142 E35.25063
G1 X121.731 Y112.116 E35.25274
G1 X121.812 Y112.108 E35.25376
G1 X122.091 Y112.102 E35.25726
G1 X122.224 Y112.111 E35.25893
G1 X122.33 Y112.125 E35.26027
G1 X122.435 Y112.142 E35.2616
G1 X122.435 Y112.636 E35.2678
G1 X122.324 Y112.619 E35.26921
G1 X122.104 Y112.602 E35.27197
G1 X121.788 Y112.608 E35.27594
G1 X121.675 Y112.62 E35.27736
G0 F7200 X121.565 Y112.637
G0 X121.565 Y112.548
G0 X121.97 Y112.354
;TYPE:SKIN
G1 F1800 X122.221 Y112.322 E35.2786
G0 F7200 X122.037 Y112.504
G1 F1500 E28.7786
G0 F7200 X122.038 Y112.503
G0 X121.577 Y109.622
G1 F1500 E35.2786
G0 F7200 X121.674 Y109.62
;TYPE:WALL-OUTER
G1 F1800 X121.565 Y109.637 E35.27999
G1 X121.565 Y109.142 E35.28619
G1 X121.731 Y109.116 E35.2883
G1 X121.812 Y109.108 E35.28932
G1 X122.091 Y109.102 E35.29282
G1 X122.224 Y109.111 E35.29449
G1 X122.33 Y109.125 E35.29583
G1 X122.435 Y109.142 E35.29717
G1 X122.435 Y109.637 E35.30338
G1 X122.325 Y109.62 E35.30477
G1 X122.212 Y109.608 E35.3062
G1 X121.895 Y109.602 E35.31017
G1 X121.745 Y109.612 E35.31206
G1 X121.674 Y109.62 E35.31295
G0 F7200 X121.565 Y109.637
G0 X121.565 Y109.547
G0 X121.806 Y109.361
;TYPE:SKIN
G1 F1800 X122.082 Y109.354 E35.31478
G0 F7200 X122.121 Y109.505
G0 X123.3 Y109.521
G0 X128.7 Y109.521
G0 X129.674 Y109.62
;TYPE:WALL-OUTER
G1 F1800 X129.565 Y109.637 E35.31617
G1 X129.565 Y109.142 E35.32238
G1 X129.731 Y109.116 E35.32448
G1 X129.909 Y109.102 E35.32672
G1 X130.189 Y109.108 E35.33023
G1 X130.269 Y109.116 E35.33124
G1 X130.435 Y109.142 E35.33335
G1 X130.435 Y109.637 E35.33956
G1 X130.325 Y109.62 E35.34095
G1 X130.212 Y109.608 E35.34238
G1 X129.895 Y109.602 E35.34635
G1 X129.745 Y109.612 E35.34824
G1 X129.674 Y109.62 E35.34913
G0 F7200 X129.565 Y109.637
G0 X129.565 Y109.547
G0 X129.945 Y109.298
;TYPE:SKIN
G1 F1800 X130.057 Y109.409 E35.35012
G0 F7200 X130.055 Y109.505
G1 F1500 E28.85012
G0 F7200 X130.188 Y112.127
G1 F1500 E35.35012
G0 F7200 X130.435 Y112.142
;TYPE:WALL-OUTER
G1 F1800 X130.435 Y112.637 E35.35633
G1 X130.325 Y112.62 E35.35773
G1 X130.212 Y112.608 E35.35915
G1 X129.895 Y112.602 E35.36313
G1 X129.744 Y112.612 E35.36503
G1 X129.565 Y112.636 E35.36729
G1 X129.565 Y112.142 E35.37349
G1 X129.731 Y112.116 E35.37559
G1 X129.909 Y112.102 E35.37783
G1 X130.189 Y112.108 E35.38134
G1 X130.269 Y112.116 E35.38235
G1 X130.435 Y112.142 E35.38446
G0 F7200 X130.435 Y112.342
G0 X130.176 Y112.357
;TYPE:SKIN
G1 F1800 X129.89 Y112.354 E35.38636
G0 F7200 X129.834 Y112.204
G0 X129.833 Y112.209
G0 X129.733 Y115.135
G0 X129.674 Y115.62
;TYPE:WALL-OUTER
G1 F1800 X129.565 Y115.637 E35.38774
G1 X129.565 Y115.142 E35.39395
G1 X129.731 Y115.116 E35.39606
G1 X129.909 Y115.102 E35.3983
G1 X130.189 Y115.108 E35.40181
G1 X130.269 Y115.116 E35.40282
G1 X130.435 Y115.142 E35.40492
G1 X130.435 Y115.637 E35.41113
G1 X130.325 Y115.62 E35.41253
G1 X130.212 Y115.608 E35.41395
G1 X129.895 Y115.602 E35.41793
G1 X129.745 Y115.612 E35.41981
G1 X129.674 Y115.62 E35.42071
G0 F7200 X129.565 Y115.637
G0 X129.565 Y115.547
G0 X129.796 Y115.371
;TYPE:SKIN
G1 F1800 X130.062 Y115.354 E35.42236
G0 F7200 X130.116 Y115.506
G1 F1500 E28.92236
G0 F7200 X129.813 Y118.127
G1 F1500 E35.42236
G0 F7200 X129.675 Y118.62
;TYPE:WALL-OUTER
G1 F1800 X129.565 Y118.637 E35.42375
G1 X129.565 Y118.142 E35.42996
G1 X129.731 Y118.116 E35.43207
G1 X129.812 Y118.108 E35.43309
G1 X130.091 Y118.102 E35.43659
G1 X130.224 Y118.111 E35.43826
G1 X130.33 Y118.125 E35.4396
G1 X130.435 Y118.142 E35.44093
G1 X130.435 Y118.636 E35.44713
G1 X130.324 Y118.619 E35.44854
G1 X130.104 Y118.602 E35.4513
G1 X129.788 Y118.608 E35.45527
G1 X129.675 Y118.62 E35.45669
G0 F7200 X129.565 Y118.637
G0 X129.565 Y118.548
G0 X129.951 Y118.354
;TYPE:SKIN
G1 F1800 X130.211 Y118.332 E35.45813
G0 F7200 X130.033 Y118.203
;MESH:NONMESH
G0 F600 X130.033 Y118.203 Z4.4
G0 F7200 X130.032 Y118.204
G0 X128.7 Y118.155
G0 X123.291 Y114.476
G0 X120.716 Y113.723
G0 X115.3 Y109.621
G0 X114.106 Y109.503
G0 X114.105 Y109.602
;TIME_ELAPSED:269.287930
;LAYER:21
;TYPE:WALL-OUTER
;MESH:output_v2\A_fina_suporte.stl
G1 F1182.1 X113.784 Y109.608 E35.46216
G1 X113.784 Y109.111 E35.46839
G1 X113.812 Y109.108 E35.46874
G1 X114.102 Y109.102 E35.47238
G1 X114.216 Y109.11 E35.47381
G1 X114.216 Y109.61 E35.48008
G1 X114.105 Y109.602 E35.48148
G0 F7200 X113.905 Y109.605
G0 X113.904 Y109.507
G1 F1500 E28.98148
G0 F7200 X113.905 Y109.505
G0 X114.102 Y112.121
G1 F1500 E35.48148
G0 F7200 X114.105 Y112.602
G1 F1182.1 X113.784 Y112.608 E35.48551
G1 X113.784 Y112.111 E35.49174
G1 X113.812 Y112.108 E35.49209
G1 X114.102 Y112.102 E35.49573
G1 X114.216 Y112.11 E35.49716
G1 X114.216 Y112.61 E35.50343
G1 X114.105 Y112.602 E35.50483
G0 F7200 X113.905 Y112.605
G0 X113.904 Y112.507
G0 X113.905 Y112.505
G0 X114.102 Y115.121
G0 X114.105 Y115.602
G1 F1182.1 X113.784 Y115.608 E35.50885
G1 X113.784 Y115.111 E35.51509
G1 X113.812 Y115.108 E35.51544
G1 X114.102 Y115.102 E35.51908
G1 X114.216 Y115.11 E35.52051
G1 X114.216 Y115.61 E35.52678
G1 X114.105 Y115.602 E35.52818
G0 F7200 X113.905 Y115.605
G0 X113.979 Y115.406
;TYPE:SKIN
G1 F1182.1 X114.02 Y115.364 E35.52854
G0 F7200 X114.184 Y115.364
G0 X114.116 Y115.364
G0 X114.102 Y118.121
G0 X114.105 Y118.602
;TYPE:WALL-OUTER
G1 F1182.1 X113.784 Y118.608 E35.53257
G1 X113.784 Y118.111 E35.5388
G1 X113.812 Y118.108 E35.53916
G1 X114.102 Y118.102 E35.54279
G1 X114.216 Y118.11 E35.54423
G1 X114.216 Y118.61 E35.5505
G1 X114.105 Y118.602 E35.55189
G0 F7200 X113.905 Y118.605
G0 X113.904 Y118.507
G0 X113.905 Y118.505
G0 X110.283 Y119.415
G0 X109.347 Y119.8
G0 X109.417 Y119.9
G1 F1182.1 X109.019 Y119.9 E35.55688
G1 X109.019 Y119.4 E35.56315
G1 X109.418 Y119.4 E35.56816
G1 X109.417 Y119.9 E35.5744
G0 F7200 X109.217 Y119.9
G0 X109.217 Y119.8
G0 X110.283 Y119.415
G0 X112.933 Y119.588
G0 X115.067 Y119.584
G0 X120.919 Y118.594
G0 X122.107 Y118.503
G0 X122.105 Y118.602
G1 F1182.1 X121.784 Y118.608 E35.57843
G1 X121.784 Y118.111 E35.58466
G1 X121.811 Y118.108 E35.585
G1 X122.102 Y118.102 E35.58865
G1 X122.216 Y118.11 E35.59009
G1 X122.216 Y118.61 E35.59636
G1 X122.105 Y118.602 E35.59775
G0 F7200 X121.905 Y118.605
G0 X121.904 Y118.507
G0 X121.905 Y118.505
G0 X121.797 Y115.595
G0 X121.883 Y115.602
G1 F1182.1 X121.784 Y115.609 E35.599
G1 X121.784 Y115.111 E35.60524
G1 X121.91 Y115.102 E35.60683
G1 X122.189 Y115.108 E35.61033
G1 X122.216 Y115.111 E35.61067
G1 X122.216 Y115.608 E35.6169
G1 X121.883 Y115.602 E35.62108
G0 F7200 X121.784 Y115.609
G0 X121.784 Y115.508
G0 X121.978 Y115.326
;TYPE:SKIN
G1 F1182.1 X122.006 Y115.298 E35.62132
G0 F7200 X122.008 Y115.205
G0 X122.203 Y112.596
G0 X122.105 Y112.602
;TYPE:WALL-OUTER
G1 F1182.1 X121.784 Y112.608 E35.62535
G1 X121.784 Y112.111 E35.63158
G1 X121.811 Y112.108 E35.63192
G1 X122.102 Y112.102 E35.63557
G1 X122.216 Y112.11 E35.63701
G1 X122.216 Y112.61 E35.64328
G1 X122.105 Y112.602 E35.64467
G0 F7200 X121.905 Y112.605
G0 X121.904 Y112.507
G0 X121.905 Y112.505
G0 X121.797 Y109.595
G0 X121.883 Y109.602
G1 F1182.1 X121.784 Y109.609 E35.64592
G1 X121.784 Y109.111 E35.65216
G1 X121.811 Y109.108 E35.6525
G1 X122.102 Y109.102 E35.65615
G1 X122.216 Y109.11 E35.65759
G1 X122.216 Y109.608 E35.66383
G1 X121.883 Y109.602 E35.66801
G0 F7200 X121.784 Y109.609
G0 X121.784 Y109.508
G0 X121.978 Y109.386
;TYPE:SKIN
G1 F1182.1 X122.019 Y109.345 E35.66837
G0 F7200 X122.184 Y109.345
G1 F1500 E29.16837
G0 F7200 X122.116 Y109.345
G0 X128.919 Y109.503
G1 F1500 E35.66837
G0 F7200 X129.883 Y109.602
;TYPE:WALL-OUTER
G1 F1182.1 X129.784 Y109.609 E35.66962
G1 X129.784 Y109.111 E35.67586
G1 X129.91 Y109.102 E35.67745
G1 X130.189 Y109.108 E35.68094
G1 X130.216 Y109.111 E35.68129
G1 X130.216 Y109.608 E35.68752
G1 X129.883 Y109.602 E35.69169
G0 F7200 X129.784 Y109.609
G0 X129.784 Y109.508
G0 X129.816 Y109.508
G0 X129.881 Y109.503
G0 X129.91 Y112.121
G0 X129.883 Y112.602
G1 F1182.1 X129.784 Y112.609 E35.69294
G1 X129.784 Y112.111 E35.69918
G1 X129.91 Y112.102 E35.70077
G1 X130.189 Y112.108 E35.70427
G1 X130.216 Y112.111 E35.70461
G1 X130.216 Y112.608 E35.71084
G1 X129.883 Y112.602 E35.71502
G0 F7200 X129.784 Y112.609
G0 X129.784 Y112.508
G0 X129.986 Y112.409
;TYPE:SKIN
G1 F1182.1 X130.019 Y112.376 E35.71531
G0 F7200 X130.184 Y112.376
G0 X130.116 Y112.376
G0 X129.91 Y115.121
G0 X129.883 Y115.602
;TYPE:WALL-OUTER
G1 F1182.1 X129.784 Y115.609 E35.71656
G1 X129.784 Y115.111 E35.7228
G1 X129.91 Y115.102 E35.72438
G1 X130.189 Y115.108 E35.72788
G1 X130.216 Y115.111 E35.72822
G1 X130.216 Y115.608 E35.73446
G1 X129.883 Y115.602 E35.73863
G0 F7200 X129.784 Y115.609
G0 X129.784 Y115.508
G0 X129.816 Y115.508
G0 X129.881 Y115.503
G0 X130.102 Y118.121
G0 X130.105 Y118.602
G1 F1182.1 X129.784 Y118.608 E35.74266
G1 X129.784 Y118.111 E35.74889
G1 X129.811 Y118.108 E35.74923
G1 X130.102 Y118.102 E35.75288
G1 X130.216 Y118.11 E35.75432
G1 X130.216 Y118.61 E35.76059
G1 X130.105 Y118.602 E35.76198
G0 F7200 X129.905 Y118.605
G0 X129.978 Y118.356
;TYPE:SKIN
G1 F1182.1 X130.019 Y118.315 E35.76235
G0 F7200 X130.184 Y118.315
;MESH:NONMESH
G0 F600 X130.184 Y118.315 Z4.6
G0 F7200 X130.116 Y118.315
G0 X128.919 Y118.124
G0 X123.071 Y114.374
G0 X120.933 Y113.588
G0 X115.081 Y109.596
G0 X114.025 Y109.375
;TIME_ELAPSED:272.949660
;LAYER:22
;TYPE:WALL-OUTER
;MESH:output_v2\A_fina_suporte.stl
G1 F600 X113.975 Y109.375 E35.76297
G1 X113.975 Y109.325 E35.7636
G1 X114.025 Y109.325 E35.76368
G1 X114.025 Y109.375 E35.76376
G0 F7200 X113.975 Y109.375
G0 X113.975 Y109.325
G0 X114.025 Y109.325
G0 X114.025 Y109.375
G0 X114.025 Y109.36
G0 X114.011 Y111.46
G0 X114.025 Y112.375
G1 F600 X113.975 Y112.375 E35.76438
G1 X113.975 Y112.325 E35.76501
G1 X114.025 Y112.325 E35.76509
G1 X114.025 Y112.375 E35.76517
G0 F7200 X113.975 Y112.375
G0 X113.975 Y112.325
G0 X114.025 Y112.325
G0 X114.025 Y112.375
G0 X114.025 Y112.36
G0 X114.011 Y114.46
G0 X114.025 Y115.375
G1 F600 X113.975 Y115.375 E35.76579
G1 X113.975 Y115.325 E35.76642
G1 X114.025 Y115.325 E35.7665
G1 X114.025 Y115.375 E35.76658
G0 F7200 X113.975 Y115.375
G0 X113.975 Y115.325
G0 X114.025 Y115.325
G0 X114.025 Y115.375
G0 X114.025 Y115.36
G0 X114.011 Y117.46
G0 X114.025 Y118.375
G1 F600 X113.975 Y118.375 E35.76721
G1 X113.975 Y118.325 E35.76783
G1 X114.025 Y118.325 E35.76791
G1 X114.025 Y118.375 E35.76799
G0 F7200 X113.975 Y118.375
G0 X113.975 Y118.325
G0 X114.025 Y118.325
G0 X114.025 Y118.375
G0 X114.025 Y118.36
G0 X110.284 Y119.415
G0 X109.348 Y119.8
G0 X109.418 Y119.9
G1 F600 X109.02 Y119.9 E35.77298
G1 X109.02 Y119.4 E35.77925
G1 X109.419 Y119.4 E35.78425
G1 X109.418 Y119.9 E35.7905
G0 F7200 X109.218 Y119.9
G0 X109.218 Y119.8
G0 X110.284 Y119.415
G0 X114.878 Y119.228
G0 X121.11 Y118.361
G0 X122.025 Y118.375
G1 F600 X121.975 Y118.375 E35.79113
G1 X121.975 Y118.325 E35.79175
G1 X122.025 Y118.325 E35.79183
G1 X122.025 Y118.375 E35.79191
G0 F7200 X121.975 Y118.375
G0 X121.975 Y118.325
G0 X122.025 Y118.325
G0 X122.025 Y118.375
G0 X122.025 Y118.36
G0 X122.011 Y116.24
G0 X122.025 Y115.375
G1 F600 X121.975 Y115.375 E35.79254
G1 X121.975 Y115.325 E35.79317
G1 X122.025 Y115.325 E35.79324
G1 X122.025 Y115.375 E35.79332
G0 F7200 X121.975 Y115.375
G0 X121.975 Y115.325
G0 X122.025 Y115.325
G0 X122.025 Y115.375
G0 X122.025 Y115.36
G0 X122.011 Y113.24
G0 X122.025 Y112.375
G1 F600 X121.975 Y112.375 E35.79395
G1 X121.975 Y112.325 E35.79458
G1 X122.025 Y112.325 E35.79465
G1 X122.025 Y112.375 E35.79473
G0 F7200 X121.975 Y112.375
G0 X121.975 Y112.325
G0 X122.025 Y112.325
G0 X122.025 Y112.375
G0 X122.025 Y112.36
G0 X122.011 Y110.24
G0 X122.025 Y109.375
G1 F600 X121.975 Y109.375 E35.79536
G1 X121.975 Y109.325 E35.79599
G1 X122.025 Y109.325 E35.79607
G1 X122.025 Y109.375 E35.79614
G0 F7200 X121.975 Y109.375
G0 X121.975 Y109.325
G0 X122.025 Y109.325
G0 X122.025 Y109.375
G0 X122.025 Y109.36
G0 X129.11 Y109.36
G0 X130.025 Y109.375
G1 F600 X129.975 Y109.375 E35.79677
G1 X129.975 Y109.325 E35.7974
G1 X130.025 Y109.325 E35.79748
G1 X130.025 Y109.375 E35.79755
G0 F7200 X129.975 Y109.375
G0 X129.975 Y109.325
G0 X130.025 Y109.325
G0 X130.025 Y109.375
G0 X130.025 Y109.36
G0 X130.011 Y111.46
G0 X130.025 Y112.375
G1 F600 X129.975 Y112.375 E35.79818
G1 X129.975 Y112.325 E35.79881
G1 X130.025 Y112.325 E35.79889
G1 X130.025 Y112.375 E35.79897
G0 F7200 X129.975 Y112.375
G0 X129.975 Y112.325
G0 X130.025 Y112.325
G0 X130.025 Y112.375
G0 X130.025 Y112.36
G0 X130.011 Y114.46
G0 X130.025 Y115.375
G1 F600 X129.975 Y115.375 E35.79959
G1 X129.975 Y115.325 E35.80022
G1 X130.025 Y115.325 E35.8003
G1 X130.025 Y115.375 E35.80038
G0 F7200 X129.975 Y115.375
G0 X129.975 Y115.325
G0 X130.025 Y115.325
G0 X130.025 Y115.375
G0 X130.025 Y115.36
G0 X130.011 Y117.46
G0 X130.025 Y118.375
G1 F600 X129.975 Y118.375 E35.801
G1 X129.975 Y118.325 E35.80163
G1 X130.025 Y118.325 E35.80171
G1 X130.025 Y118.375 E35.80179
G0 F7200 X129.975 Y118.375
G0 X129.975 Y118.325
G0 X130.025 Y118.325
G0 X130.025 Y118.375
;MESH:NONMESH
G0 F600 X130.025 Y118.375 Z4.8
G0 F7200 X130.025 Y118.36
G0 X114.89 Y109.361
G0 X114.025 Y109.375
;TIME_ELAPSED:274.578861
;LAYER:23
;TYPE:WALL-OUTER
;MESH:output_v2\A_fina_suporte.stl
G1 F600 X113.975 Y109.375 E35.80241
G1 X113.975 Y109.325 E35.80304
G1 X114.025 Y109.325 E35.80312
G1 X114.025 Y109.375 E35.8032
G0 F7200 X113.975 Y109.375
G0 X113.975 Y109.325
G0 X114.025 Y109.325
G0 X114.025 Y109.375
G0 X114.025 Y109.36
G0 X114.011 Y111.46
G0 X114.025 Y112.375
G1 F600 X113.975 Y112.375 E35.80382
G1 X113.975 Y112.325 E35.80445
G1 X114.025 Y112.325 E35.80453
G1 X114.025 Y112.375 E35.80461
G0 F7200 X113.975 Y112.375
G0 X113.975 Y112.325
G0 X114.025 Y112.325
G0 X114.025 Y112.375
G0 X114.025 Y112.36
G0 X114.011 Y114.46
G0 X114.025 Y115.375
G1 F600 X113.975 Y115.375 E35.80524
G1 X113.975 Y115.325 E35.80586
G1 X114.025 Y115.325 E35.80594
G1 X114.025 Y115.375 E35.80602
G0 F7200 X113.975 Y115.375
G0 X113.975 Y115.325
G0 X114.025 Y115.325
G0 X114.025 Y115.375
G0 X114.025 Y115.36
G0 X114.011 Y117.46
G0 X114.025 Y118.375
G1 F600 X113.975 Y118.375 E35.80665
G1 X113.975 Y118.325 E35.80727
G1 X114.025 Y118.325 E35.80735
G1 X114.025 Y118.375 E35.80743
G0 F7200 X113.975 Y118.375
G0 X113.975 Y118.325
G0 X114.025 Y118.325
G0 X114.025 Y118.375
G0 X114.025 Y118.36
G0 X110.285 Y119.415
G0 X109.349 Y119.8
G0 X109.419 Y119.9
G1 F600 X109.021 Y119.9 E35.81242
G1 X109.021 Y119.4 E35.81869
G1 X109.42 Y119.4 E35.82369
G1 X109.419 Y119.9 E35.82994
G0 F7200 X109.219 Y119.9
G0 X109.219 Y119.8
G0 X110.285 Y119.415
G0 X114.878 Y119.228
G0 X121.11 Y118.361
G0 X122.025 Y118.375
G1 F600 X121.975 Y118.375 E35.83057
G1 X121.975 Y118.325 E35.8312
G1 X122.025 Y118.325 E35.83127
G1 X122.025 Y118.375 E35.83135
G0 F7200 X121.975 Y118.375
G0 X121.975 Y118.325
G0 X122.025 Y118.325
G0 X122.025 Y118.375
G0 X122.025 Y118.36
G0 X122.011 Y116.24
G0 X122.025 Y115.375
G1 F600 X121.975 Y115.375 E35.83198
G1 X121.975 Y115.325 E35.83261
G1 X122.025 Y115.325 E35.83268
G1 X122.025 Y115.375 E35.83276
G0 F7200 X121.975 Y115.375
G0 X121.975 Y115.325
G0 X122.025 Y115.325
G0 X122.025 Y115.375
G0 X122.025 Y115.36
G0 X122.011 Y113.24
G0 X122.025 Y112.375
G1 F600 X121.975 Y112.375 E35.83339
G1 X121.975 Y112.325 E35.83402
G1 X122.025 Y112.325 E35.8341
G1 X122.025 Y112.375 E35.83417
G0 F7200 X121.975 Y112.375
G0 X121.975 Y112.325
G0 X122.025 Y112.325
G0 X122.025 Y112.375
G0 X122.025 Y112.36
G0 X122.011 Y110.24
G0 X122.025 Y109.375
G1 F600 X121.975 Y109.375 E35.8348
G1 X121.975 Y109.325 E35.83543
G1 X122.025 Y109.325 E35.83551
G1 X122.025 Y109.375 E35.83558
G0 F7200 X121.975 Y109.375
G0 X121.975 Y109.325
G0 X122.025 Y109.325
G0 X122.025 Y109.375
G0 X122.025 Y109.36
G0 X129.11 Y109.36
G0 X130.025 Y109.375
G1 F600 X129.975 Y109.375 E35.83621
G1 X129.975 Y109.325 E35.83684
G1 X130.025 Y109.325 E35.83692
G1 X130.025 Y109.375 E35.837
G0 F7200 X129.975 Y109.375
G0 X129.975 Y109.325
G0 X130.025 Y109.325
G0 X130.025 Y109.375
G0 X130.025 Y109.36
G0 X130.011 Y111.46
G0 X130.025 Y112.375
G1 F600 X129.975 Y112.375 E35.83762
G1 X129.975 Y112.325 E35.83825
G1 X130.025 Y112.325 E35.83833
G1 X130.025 Y112.375 E35.83841
G0 F7200 X129.975 Y112.375
G0 X129.975 Y112.325
G0 X130.025 Y112.325
G0 X130.025 Y112.375
G0 X130.025 Y112.36
G0 X130.011 Y114.46
G0 X130.025 Y115.375
G1 F600 X129.975 Y115.375 E35.83903
G1 X129.975 Y115.325 E35.83966
G1 X130.025 Y115.325 E35.83974
G1 X130.025 Y115.375 E35.83982
G0 F7200 X129.975 Y115.375
G0 X129.975 Y115.325
G0 X130.025 Y115.325
G0 X130.025 Y115.375
G0 X130.025 Y115.36
G0 X130.011 Y117.46
G0 X130.025 Y118.375
G1 F600 X129.975 Y118.375 E35.84044
G1 X129.975 Y118.325 E35.84107
G1 X130.025 Y118.325 E35.84115
G1 X130.025 Y118.375 E35.84123
G0 F7200 X129.975 Y118.375
G0 X129.975 Y118.325
G0 X130.025 Y118.325
G0 X130.025 Y118.375
;MESH:NONMESH
G0 F600 X130.025 Y118.375 Z5
G0 F7200 X130.025 Y118.36
G0 X114.89 Y109.361
G0 X114.104 Y109.602
;TIME_ELAPSED:276.211094
;LAYER:24
;TYPE:WALL-OUTER
;MESH:output_v2\A_fina_suporte.stl
G1 F1184.4 X113.783 Y109.608 E35.84525
G1 X113.782 Y109.111 E35.85149
G1 X113.812 Y109.108 E35.85186
G1 X114.092 Y109.102 E35.85538
G1 X114.217 Y109.111 E35.85695
G1 X114.218 Y109.609 E35.86319
G1 X114.104 Y109.602 E35.86463
G0 F7200 X113.904 Y109.605
G0 X113.903 Y109.507
G1 F1500 E29.36463
G0 F7200 X113.904 Y109.505
G0 X114.092 Y112.121
G1 F1500 E35.86463
G0 F7200 X114.104 Y112.602
G1 F1184.4 X113.783 Y112.609 E35.86865
G1 X113.782 Y112.111 E35.8749
G1 X113.812 Y112.108 E35.87528
G1 X114.092 Y112.102 E35.87879
G1 X114.217 Y112.111 E35.88036
G1 X114.218 Y112.609 E35.8866
G1 X114.104 Y112.602 E35.88804
G0 F7200 X113.904 Y112.606
G0 X113.902 Y112.507
G1 F1500 E29.38804
G0 F7200 X113.903 Y112.506
G0 X114.092 Y115.121
G1 F1500 E35.88804
G0 F7200 X114.104 Y115.602
G1 F1184.4 X113.783 Y115.609 E35.89206
G1 X113.782 Y115.111 E35.89831
G1 X113.812 Y115.108 E35.89869
G1 X114.092 Y115.102 E35.9022
G1 X114.217 Y115.111 E35.90377
G1 X114.218 Y115.609 E35.91001
G1 X114.104 Y115.602 E35.91145
G0 F7200 X113.904 Y115.606
G0 X113.902 Y115.507
G1 F1500 E29.41145
G0 F7200 X113.903 Y115.506
G0 X114.092 Y118.121
G1 F1500 E35.91145
G0 F7200 X114.104 Y118.602
G1 F1184.4 X113.783 Y118.609 E35.91547
G1 X113.782 Y118.111 E35.92172
G1 X113.812 Y118.108 E35.9221
G1 X114.092 Y118.102 E35.92561
G1 X114.217 Y118.111 E35.92718
G1 X114.218 Y118.609 E35.93343
G1 X114.104 Y118.602 E35.93486
G0 F7200 X113.904 Y118.606
G0 X113.902 Y118.507
G1 F1500 E29.43486
G0 F7200 X113.903 Y118.506
G0 X110.286 Y119.415
G0 X109.35 Y119.8
G1 F1500 E35.93486
G0 F7200 X109.42 Y119.9
G1 F1184.4 X109.022 Y119.9 E35.93985
G1 X109.022 Y119.4 E35.94612
G1 X109.421 Y119.4 E35.95112
G1 X109.42 Y119.9 E35.95737
G0 F7200 X109.22 Y119.9
G0 X109.22 Y119.8
G0 X110.286 Y119.415
G0 X112.933 Y119.594
G0 X115.069 Y119.601
G0 X120.918 Y118.597
G0 X122.105 Y118.503
G0 X122.104 Y118.602
G1 F1184.4 X121.783 Y118.609 E35.9614
G1 X121.782 Y118.111 E35.96764
G1 X121.812 Y118.108 E35.96802
G1 X122.092 Y118.102 E35.97153
G1 X122.217 Y118.111 E35.9731
G1 X122.218 Y118.609 E35.97935
G1 X122.104 Y118.602 E35.98078
G0 F7200 X121.904 Y118.606
G0 X122.021 Y118.344
;TYPE:SKIN
G1 F1184.4 X121.975 Y118.298 E35.98119
G0 F7200 X121.817 Y118.298
G1 F1500 E29.48119
G0 F7200 X121.883 Y118.299
G0 X122.005 Y115.585
G1 F1500 E35.98119
G0 F7200 X121.896 Y115.602
;TYPE:WALL-OUTER
G1 F1184.4 X121.783 Y115.609 E35.98261
G1 X121.782 Y115.111 E35.98885
G1 X121.908 Y115.102 E35.99044
G1 X122.189 Y115.108 E35.99396
G1 X122.217 Y115.111 E35.99431
G1 X122.218 Y115.609 E36.00056
G1 X121.896 Y115.602 E36.0046
G0 F7200 X121.783 Y115.609
G0 X121.783 Y115.522
G0 X121.817 Y115.522
G1 F1500 E29.5046
G0 F7200 X121.882 Y115.502
G0 X122.205 Y112.589
G1 F1500 E36.0046
G0 F7200 X122.104 Y112.602
G1 F1184.4 X121.783 Y112.609 E36.00863
G1 X121.782 Y112.111 E36.01487
G1 X121.812 Y112.108 E36.01525
G1 X122.092 Y112.102 E36.01876
G1 X122.217 Y112.111 E36.02033
G1 X122.218 Y112.609 E36.02658
G1 X122.104 Y112.602 E36.02801
G0 F7200 X121.904 Y112.606
G0 X122.022 Y112.405
;TYPE:SKIN
G1 F1184.4 X121.976 Y112.359 E36.02842
G0 F7200 X121.817 Y112.359
G1 F1500 E29.52842
G0 F7200 X121.883 Y112.36
G0 X122.005 Y109.585
G1 F1500 E36.02842
G0 F7200 X121.896 Y109.602
;TYPE:WALL-OUTER
G1 F1184.4 X121.783 Y109.609 E36.02984
G1 X121.782 Y109.111 E36.03608
G1 X121.812 Y109.108 E36.03646
G1 X122.092 Y109.102 E36.03997
G1 X122.217 Y109.111 E36.04154
G1 X122.218 Y109.609 E36.04779
G1 X121.896 Y109.602 E36.05183
G0 F7200 X121.783 Y109.609
G0 X121.783 Y109.522
G0 X121.817 Y109.522
G1 F1500 E29.55183
G0 F7200 X121.882 Y109.502
G0 X123.082 Y109.516
G0 X128.918 Y109.505
G1 F1500 E36.05183
G0 F7200 X129.896 Y109.602
G1 F1184.4 X129.783 Y109.609 E36.05325
G1 X129.782 Y109.111 E36.05949
G1 X129.908 Y109.102 E36.06108
G1 X130.189 Y109.108 E36.0646
G1 X130.217 Y109.111 E36.06496
G1 X130.218 Y109.609 E36.0712
G1 X129.896 Y109.602 E36.07524
G0 F7200 X129.783 Y109.609
G0 X129.783 Y109.522
G0 X129.976 Y109.328
;TYPE:SKIN
G1 F1184.4 X130.022 Y109.374 E36.07565
G0 F7200 X130.183 Y109.374
G1 F1500 E29.57565
G0 F7200 X130.117 Y109.373
G0 X129.908 Y112.121
G1 F1500 E36.07565
G0 F7200 X129.896 Y112.602
;TYPE:WALL-OUTER
G1 F1184.4 X129.783 Y112.609 E36.07707
G1 X129.782 Y112.111 E36.08331
G1 X129.908 Y112.102 E36.0849
G1 X130.189 Y112.108 E36.08842
G1 X130.217 Y112.111 E36.08877
G1 X130.218 Y112.609 E36.09502
G1 X129.896 Y112.602 E36.09906
G0 F7200 X129.783 Y112.609
G0 X129.783 Y112.522
G0 X129.817 Y112.522
G1 F1500 E29.59906
G0 F7200 X129.882 Y112.502
G0 X129.908 Y115.121
G1 F1500 E36.09906
G0 F7200 X129.896 Y115.602
G1 F1184.4 X129.783 Y115.609 E36.10048
G1 X129.782 Y115.111 E36.10672
G1 X129.908 Y115.102 E36.10831
G1 X130.189 Y115.108 E36.11183
G1 X130.217 Y115.111 E36.11218
G1 X130.218 Y115.609 E36.11843
G1 X129.896 Y115.602 E36.12247
G0 F7200 X129.783 Y115.609
G0 X129.783 Y115.522
G0 X129.817 Y115.522
G1 F1500 E29.62247
G0 F7200 X129.882 Y115.502
G0 X130.092 Y118.121
G1 F1500 E36.12247
G0 F7200 X130.104 Y118.602
G1 F1184.4 X129.783 Y118.609 E36.1265
G1 X129.782 Y118.111 E36.13274
G1 X129.812 Y118.108 E36.13312
G1 X130.092 Y118.102 E36.13663
G1 X130.217 Y118.111 E36.1382
G1 X130.218 Y118.609 E36.14445
G1 X130.104 Y118.602 E36.14588
G0 F7200 X129.904 Y118.606
G0 X130.005 Y118.408
;TYPE:SKIN
G1 F1184.4 X129.976 Y118.38 E36.14613
G0 F7200 X129.817 Y118.38
G1 F1500 E29.64613
;MESH:NONMESH
G0 F600 X129.817 Y118.38 Z5.2
G0 F7200 X129.883 Y118.381
G0 X123.071 Y114.374
G0 X120.933 Y113.594
G0 X115.082 Y109.593
G0 X113.883 Y109.538
G1 F1500 E36.14613
G0 F7200 X113.675 Y109.62
;TIME_ELAPSED:285.214045
;LAYER:25
;TYPE:WALL-OUTER
;MESH:output_v2\A_fina_suporte.stl
G1 F1800 X113.565 Y109.637 E36.14753
G1 X113.564 Y109.142 E36.15374
G1 X113.731 Y109.116 E36.15586
G1 X113.812 Y109.108 E36.15688
G1 X114.092 Y109.102 E36.16039
G1 X114.188 Y109.108 E36.16159
G1 X114.269 Y109.116 E36.16262
G1 X114.435 Y109.142 E36.16472
G1 X114.436 Y109.637 E36.17093
G1 X114.325 Y109.62 E36.17234
G1 X114.216 Y109.609 E36.17371
G1 X114.104 Y109.602 E36.17512
G1 X113.788 Y109.608 E36.17908
G1 X113.675 Y109.62 E36.18051
G0 F7200 X113.565 Y109.637
G0 X113.565 Y109.548
G0 X113.81 Y109.352
;TYPE:SKIN
G1 F1800 X114.09 Y109.354 E36.18235
G0 F7200 X114.15 Y109.204
G1 F1500 E29.68235
G0 F7200 X114.15 Y109.206
G0 X113.813 Y112.127
G1 F1500 E36.18235
G0 F7200 X113.675 Y112.62
;TYPE:WALL-OUTER
G1 F1800 X113.565 Y112.637 E36.18375
G1 X113.564 Y112.142 E36.18995
G1 X113.731 Y112.116 E36.19207
G1 X113.812 Y112.108 E36.19309
G1 X114.092 Y112.102 E36.19661
G1 X114.188 Y112.108 E36.19781
G1 X114.269 Y112.116 E36.19883
G1 X114.435 Y112.142 E36.20094
G1 X114.436 Y112.637 E36.20715
G1 X114.325 Y112.62 E36.20856
G1 X114.216 Y112.609 E36.20993
G1 X114.104 Y112.602 E36.21134
G1 X113.788 Y112.608 E36.2153
G1 X113.675 Y112.62 E36.21673
G0 F7200 X113.565 Y112.637
G0 X113.565 Y112.548
G0 X113.918 Y112.355
;TYPE:SKIN
G1 F1800 X114.192 Y112.363 E36.21854
G0 F7200 X114.038 Y112.504
G1 F1500 E29.71854
G0 F7200 X114.039 Y112.503
G0 X113.813 Y115.127
G1 F1500 E36.21854
G0 F7200 X113.675 Y115.62
;TYPE:WALL-OUTER
G1 F1800 X113.565 Y115.637 E36.21994
G1 X113.564 Y115.142 E36.22615
G1 X113.731 Y115.116 E36.22827
G1 X113.812 Y115.108 E36.22929
G1 X114.092 Y115.102 E36.2328
G1 X114.188 Y115.108 E36.23401
G1 X114.269 Y115.116 E36.23503
G1 X114.435 Y115.142 E36.23713
G1 X114.436 Y115.637 E36.24334
G1 X114.325 Y115.62 E36.24475
G1 X114.216 Y115.609 E36.24612
G1 X114.104 Y115.602 E36.24753
G1 X113.788 Y115.608 E36.25149
G1 X113.675 Y115.62 E36.25292
G0 F7200 X113.565 Y115.637
G0 X113.565 Y115.548
G0 X113.778 Y115.323
;TYPE:SKIN
G1 F1800 X114.032 Y115.352 E36.25427
G0 F7200 X114.087 Y115.202
G1 F1500 E29.75427
G0 F7200 X114.086 Y115.203
G0 X113.813 Y118.127
G1 F1500 E36.25427
G0 F7200 X113.675 Y118.62
;TYPE:WALL-OUTER
G1 F1800 X113.565 Y118.637 E36.25567
G1 X113.564 Y118.142 E36.26187
G1 X113.731 Y118.116 E36.26399
G1 X113.812 Y118.108 E36.26501
G1 X114.092 Y118.102 E36.26853
G1 X114.188 Y118.108 E36.26973
G1 X114.269 Y118.116 E36.27075
G1 X114.435 Y118.142 E36.27286
G1 X114.436 Y118.637 E36.27907
G1 X114.325 Y118.62 E36.28048
G1 X114.216 Y118.609 E36.28185
G1 X114.104 Y118.602 E36.28326
G1 X113.788 Y118.608 E36.28722
G1 X113.675 Y118.62 E36.28865
G0 F7200 X113.565 Y118.637
G0 X113.565 Y118.548
G0 X113.857 Y118.356
;TYPE:SKIN
G1 F1800 X114.141 Y118.354 E36.29055
G0 F7200 X114.193 Y118.206
G1 F1500 E29.79055
G0 F7200 X114.193 Y118.209
G0 X112.7 Y118.624
G0 X110.287 Y119.415
G0 X109.351 Y119.8
G1 F1500 E36.29055
G0 F7200 X109.421 Y119.9
;TYPE:WALL-OUTER
G1 F1800 X109.023 Y119.9 E36.29554
G1 X109.023 Y119.4 E36.30181
G1 X109.422 Y119.4 E36.30681
G1 X109.421 Y119.9 E36.31306
G0 F7200 X109.221 Y119.9
G0 X109.221 Y119.8
G1 F1500 E29.81306
G0 F7200 X110.287 Y119.415
G0 X112.717 Y119.729
G0 X115.286 Y119.735
G0 X120.7 Y118.624
G1 F1500 E36.31306
G0 F7200 X121.675 Y118.62
G1 F1800 X121.565 Y118.637 E36.31445
G1 X121.564 Y118.142 E36.32066
G1 X121.731 Y118.116 E36.32278
G1 X121.812 Y118.108 E36.3238
G1 X122.092 Y118.102 E36.32731
G1 X122.188 Y118.108 E36.32852
G1 X122.269 Y118.116 E36.32954
G1 X122.435 Y118.142 E36.33165
G1 X122.436 Y118.637 E36.33785
G1 X122.325 Y118.62 E36.33926
G1 X122.216 Y118.609 E36.34064
G1 X122.104 Y118.602 E36.34204
G1 X121.788 Y118.608 E36.34601
G1 X121.675 Y118.62 E36.34743
G0 F7200 X121.565 Y118.637
G0 X121.565 Y118.548
G0 X121.794 Y118.338
;TYPE:SKIN
G1 F1800 X122.062 Y118.353 E36.34904
G0 F7200 X122.112 Y118.203
G1 F1500 E29.84904
G0 F7200 X121.577 Y115.622
G1 F1500 E36.34904
G0 F7200 X121.675 Y115.62
;TYPE:WALL-OUTER
G1 F1800 X121.565 Y115.637 E36.35044
G1 X121.564 Y115.142 E36.35664
G1 X121.731 Y115.116 E36.35876
G1 X121.812 Y115.108 E36.35978
G1 X121.908 Y115.102 E36.36099
G1 X122.189 Y115.108 E36.36451
G1 X122.269 Y115.116 E36.36552
G1 X122.435 Y115.142 E36.36763
G1 X122.436 Y115.637 E36.37384
G1 X122.325 Y115.62 E36.37525
G1 X122.212 Y115.608 E36.37667
G1 X121.896 Y115.602 E36.38063
G1 X121.784 Y115.609 E36.38204
G1 X121.675 Y115.62 E36.38342
G0 F7200 X121.565 Y115.637
G0 X121.565 Y115.548
G0 X121.951 Y115.352
;TYPE:SKIN
G1 F1800 X122.207 Y115.379 E36.38494
G0 F7200 X122.032 Y115.504
G1 F1500 E29.88494
G0 F7200 X121.577 Y112.622
G1 F1500 E36.38494
G0 F7200 X121.675 Y112.62
;TYPE:WALL-OUTER
G1 F1800 X121.565 Y112.637 E36.38633
G1 X121.564 Y112.142 E36.39254
G1 X121.731 Y112.116 E36.39466
G1 X121.812 Y112.108 E36.39568
G1 X122.092 Y112.102 E36.39919
G1 X122.188 Y112.108 E36.4004
G1 X122.269 Y112.116 E36.40142
G1 X122.435 Y112.142 E36.40352
G1 X122.436 Y112.637 E36.40973
G1 X122.325 Y112.62 E36.41114
G1 X122.216 Y112.609 E36.41251
G1 X122.104 Y112.602 E36.41392
G1 X121.788 Y112.608 E36.41789
G1 X121.675 Y112.62 E36.41931
G0 F7200 X121.565 Y112.637
G0 X121.565 Y112.548
G0 X121.836 Y112.356
;TYPE:SKIN
G1 F1800 X122.121 Y112.354 E36.42125
G0 F7200 X122.173 Y112.205
G1 F1500 E29.92125
G0 F7200 X122.18 Y112.208
G0 X121.577 Y109.622
G1 F1500 E36.42125
G0 F7200 X121.675 Y109.62
;TYPE:WALL-OUTER
G1 F1800 X121.565 Y109.637 E36.42264
G1 X121.564 Y109.142 E36.42885
G1 X121.731 Y109.116 E36.43097
G1 X121.812 Y109.108 E36.43199
G1 X122.092 Y109.102 E36.4355
G1 X122.188 Y109.108 E36.43671
G1 X122.269 Y109.116 E36.43773
G1 X122.435 Y109.142 E36.43984
G1 X122.436 Y109.637 E36.44604
G1 X122.325 Y109.62 E36.44745
G1 X122.212 Y109.608 E36.44888
G1 X121.896 Y109.602 E36.45284
G1 X121.784 Y109.609 E36.45425
G1 X121.675 Y109.62 E36.45562
G0 F7200 X121.565 Y109.637
G0 X121.565 Y109.548
G0 X121.956 Y109.408
;TYPE:SKIN
G1 F1800 X122.067 Y109.297 E36.45661
G0 F7200 X122.076 Y109.206
G1 F1500 E29.95661
G0 F7200 X123.3 Y109.534
G0 X128.7 Y109.524
G1 F1500 E36.45661
G0 F7200 X129.675 Y109.62
;TYPE:WALL-OUTER
G1 F1800 X129.565 Y109.637 E36.458
G1 X129.564 Y109.142 E36.46421
G1 X129.731 Y109.116 E36.46633
G1 X129.812 Y109.108 E36.46735
G1 X129.908 Y109.102 E36.46856
G1 X130.189 Y109.108 E36.47208
G1 X130.269 Y109.116 E36.47309
G1 X130.435 Y109.142 E36.4752
G1 X130.436 Y109.637 E36.4814
G1 X130.325 Y109.62 E36.48281
G1 X130.212 Y109.608 E36.48424
G1 X129.896 Y109.602 E36.4882
G1 X129.784 Y109.609 E36.48961
G1 X129.675 Y109.62 E36.49098
G0 F7200 X129.565 Y109.637
G0 X129.565 Y109.548
G0 X129.931 Y109.352
;TYPE:SKIN
G1 F1800 X130.197 Y109.369 E36.49268
G0 F7200 X130.031 Y109.504
G1 F1500 E29.99268
G0 F7200 X129.813 Y112.127
G1 F1500 E36.49268
G0 F7200 X129.675 Y112.62
;TYPE:WALL-OUTER
G1 F1800 X129.565 Y112.637 E36.49408
G1 X129.564 Y112.142 E36.50029
G1 X129.731 Y112.116 E36.50241
G1 X129.812 Y112.108 E36.50343
G1 X129.908 Y112.102 E36.50463
G1 X130.189 Y112.108 E36.50816
G1 X130.269 Y112.116 E36.50917
G1 X130.435 Y112.142 E36.51127
G1 X130.436 Y112.637 E36.51748
G1 X130.325 Y112.62 E36.51889
G1 X130.212 Y112.608 E36.52032
G1 X129.896 Y112.602 E36.52428
G1 X129.784 Y112.609 E36.52569
G1 X129.675 Y112.62 E36.52706
G0 F7200 X129.565 Y112.637
G0 X129.565 Y112.548
G0 X129.784 Y112.328
;TYPE:SKIN
G1 F1800 X130.04 Y112.355 E36.52846
G0 F7200 X130.096 Y112.206
G1 F1500 E30.02846
G0 F7200 X129.813 Y115.127
G1 F1500 E36.52846
G0 F7200 X129.675 Y115.62
;TYPE:WALL-OUTER
G1 F1800 X129.565 Y115.637 E36.52986
G1 X129.564 Y115.142 E36.53606
G1 X129.731 Y115.116 E36.53818
G1 X129.812 Y115.108 E36.5392
G1 X129.908 Y115.102 E36.54041
G1 X130.189 Y115.108 E36.54393
G1 X130.269 Y115.116 E36.54494
G1 X130.435 Y115.142 E36.54705
G1 X130.436 Y115.637 E36.55326
G1 X130.325 Y115.62 E36.55467
G1 X130.212 Y115.608 E36.55609
G1 X129.896 Y115.602 E36.56005
G1 X129.784 Y115.609 E36.56146
G1 X129.675 Y115.62 E36.56284
G0 F7200 X129.565 Y115.637
G0 X129.565 Y115.548
G0 X129.869 Y115.354
;TYPE:SKIN
G1 F1800 X130.149 Y115.358 E36.56478
G0 F7200 X130.187 Y115.208
G1 F1500 E30.06478
G0 F7200 X129.813 Y118.127
G1 F1500 E36.56478
G0 F7200 X129.675 Y118.62
;TYPE:WALL-OUTER
G1 F1800 X129.565 Y118.637 E36.56617
G1 X129.564 Y118.142 E36.57238
G1 X129.731 Y118.116 E36.5745
G1 X129.812 Y118.108 E36.57552
G1 X130.092 Y118.102 E36.57903
G1 X130.188 Y118.108 E36.58024
G1 X130.269 Y118.116 E36.58126
G1 X130.435 Y118.142 E36.58337
G1 X130.436 Y118.637 E36.58958
G1 X130.325 Y118.62 E36.59098
G1 X130.216 Y118.609 E36.59236
G1 X130.104 Y118.602 E36.59377
G1 X129.788 Y118.608 E36.59773
G1 X129.675 Y118.62 E36.59915
G0 F7200 X129.565 Y118.637
G0 X129.565 Y118.548
G0 X129.981 Y118.353
;TYPE:SKIN
G1 F1800 X130.222 Y118.395 E36.60046
G0 F7200 X130.033 Y118.203
G1 F1500 E30.10046
;MESH:NONMESH
G0 F600 X130.033 Y118.203 Z5.4
G0 F7200 X130.032 Y118.204
G0 X128.699 Y118.156
G0 X123.29 Y114.481
G0 X120.717 Y113.729
G0 X115.3 Y109.62
G0 X113.665 Y109.562
G1 F1500 E36.60046
G0 F7200 X113.459 Y109.653
;TIME_ELAPSED:295.060696
;LAYER:26
;TYPE:WALL-OUTER
;MESH:output_v2\A_fina_suporte.stl
G1 F1800 X113.355 Y109.681 E36.60181
G1 X113.354 Y109.195 E36.6079
G1 X113.537 Y109.146 E36.61028
G1 X113.731 Y109.116 E36.61274
G1 X113.812 Y109.108 E36.61376
G1 X114.091 Y109.102 E36.61726
G1 X114.224 Y109.111 E36.61893
G1 X114.369 Y109.13 E36.62076
G1 X114.455 Y109.144 E36.62186
G1 X114.645 Y109.195 E36.62432
G1 X114.646 Y109.681 E36.63042
G1 X114.541 Y109.653 E36.63178
G1 X114.324 Y109.619 E36.63454
G1 X114.104 Y109.602 E36.6373
G1 X113.788 Y109.608 E36.64127
G1 X113.675 Y109.62 E36.64269
G1 X113.459 Y109.653 E36.64543
G0 F7200 X113.355 Y109.681
G0 X113.355 Y109.588
G0 X113.623 Y109.38
;TYPE:SKIN
G1 F1800 X113.881 Y109.356 E36.64676
G1 X114.165 Y109.356 E36.64823
G0 F7200 X114.198 Y109.511
G1 F1500 E30.14823
G0 F7200 X114.198 Y109.509
G0 X113.733 Y112.135
G1 F1500 E36.64823
G0 F7200 X113.459 Y112.653
;TYPE:WALL-OUTER
G1 F1800 X113.355 Y112.681 E36.64958
G1 X113.354 Y112.195 E36.65567
G1 X113.537 Y112.146 E36.65805
G1 X113.731 Y112.116 E36.66051
G1 X113.812 Y112.108 E36.66153
G1 X114.091 Y112.102 E36.66503
G1 X114.224 Y112.111 E36.6667
G1 X114.369 Y112.13 E36.66854
G1 X114.455 Y112.144 E36.66963
G1 X114.645 Y112.195 E36.67209
G1 X114.646 Y112.681 E36.67819
G1 X114.541 Y112.653 E36.67955
G1 X114.324 Y112.619 E36.68231
G1 X114.104 Y112.602 E36.68507
G1 X113.788 Y112.608 E36.68904
G1 X113.675 Y112.62 E36.69046
G1 X113.459 Y112.653 E36.6932
G0 F7200 X113.355 Y112.681
G0 X113.355 Y112.588
G0 X113.776 Y112.362
;TYPE:SKIN
G1 F1800 X114.05 Y112.353 E36.6946
G1 X114.355 Y112.375 E36.69615
G0 F7200 X114.365 Y112.534
G1 F1500 E30.19615
G0 F7200 X114.367 Y112.525
G0 X113.733 Y115.135
G1 F1500 E36.69615
G0 F7200 X113.459 Y115.653
;TYPE:WALL-OUTER
G1 F1800 X113.355 Y115.681 E36.6975
G1 X113.354 Y115.195 E36.7036
G1 X113.537 Y115.146 E36.70597
G1 X113.731 Y115.116 E36.70843
G1 X113.812 Y115.108 E36.70946
G1 X114.091 Y115.102 E36.71295
G1 X114.224 Y115.111 E36.71463
G1 X114.369 Y115.13 E36.71646
G1 X114.455 Y115.144 E36.71755
G1 X114.645 Y115.195 E36.72002
G1 X114.646 Y115.681 E36.72611
G1 X114.541 Y115.653 E36.72748
G1 X114.324 Y115.619 E36.73023
G1 X114.104 Y115.602 E36.733
G1 X113.788 Y115.608 E36.73696
G1 X113.675 Y115.62 E36.73839
G1 X113.459 Y115.653 E36.74113
G0 F7200 X113.355 Y115.681
G0 X113.355 Y115.588
G0 X113.675 Y115.372
;TYPE:SKIN
G1 F1800 X113.939 Y115.353 E36.74249
G1 X114.229 Y115.36 E36.74397
G0 F7200 X114.262 Y115.519
G1 F1500 E30.24397
G0 F7200 X114.262 Y115.514
G0 X113.733 Y118.135
G1 F1500 E36.74397
G0 F7200 X113.459 Y118.653
;TYPE:WALL-OUTER
G1 F1800 X113.355 Y118.681 E36.74533
G1 X113.354 Y118.195 E36.75142
G1 X113.537 Y118.146 E36.7538
G1 X113.731 Y118.116 E36.75626
G1 X113.812 Y118.108 E36.75728
G1 X114.091 Y118.102 E36.76078
G1 X114.224 Y118.111 E36.76245
G1 X114.369 Y118.13 E36.76428
G1 X114.455 Y118.144 E36.76538
G1 X114.645 Y118.195 E36.76784
G1 X114.646 Y118.681 E36.77394
G1 X114.541 Y118.653 E36.7753
G1 X114.324 Y118.619 E36.77805
G1 X114.104 Y118.602 E36.78082
G1 X113.788 Y118.608 E36.78479
G1 X113.675 Y118.62 E36.78621
G1 X113.459 Y118.653 E36.78895
G0 F7200 X113.355 Y118.681
G0 X113.355 Y118.588
G0 X113.584 Y118.392
;TYPE:SKIN
G1 F1800 X113.832 Y118.357 E36.78997
G1 X114.407 Y118.367 E36.79231
G0 F7200 X114.26 Y118.212
G1 F1500 E30.29231
G0 F7200 X114.258 Y118.216
G0 X112.49 Y118.668
G0 X110.288 Y119.415
G0 X109.352 Y119.8
G1 F1500 E36.79231
G0 F7200 X109.422 Y119.9
;TYPE:WALL-OUTER
G1 F1800 X109.024 Y119.9 E36.7973
G1 X109.024 Y119.4 E36.80357
G1 X109.423 Y119.4 E36.80858
G1 X109.422 Y119.9 E36.81482
G0 F7200 X109.222 Y119.9
G0 X109.222 Y119.8
G1 F1500 E30.31482
G0 F7200 X110.288 Y119.415
G0 X112.507 Y119.785
G0 X115.496 Y119.788
G0 X120.49 Y118.668
G1 F1500 E36.81482
G0 F7200 X121.459 Y118.653
G1 F1800 X121.355 Y118.681 E36.81617
G1 X121.354 Y118.195 E36.82227
G1 X121.537 Y118.146 E36.82465
G1 X121.731 Y118.116 E36.82711
G1 X121.812 Y118.108 E36.82813
G1 X122.091 Y118.102 E36.83163
G1 X122.224 Y118.111 E36.8333
G1 X122.369 Y118.13 E36.83513
G1 X122.455 Y118.144 E36.83623
G1 X122.645 Y118.195 E36.83869
G1 X122.646 Y118.681 E36.84479
G1 X122.541 Y118.653 E36.84615
G1 X122.324 Y118.619 E36.8489
G1 X122.104 Y118.602 E36.85167
G1 X121.788 Y118.608 E36.85564
G1 X121.675 Y118.62 E36.85706
G1 X121.459 Y118.653 E36.8598
G0 F7200 X121.355 Y118.681
G0 X121.355 Y118.588
G0 X121.758 Y118.364
;TYPE:SKIN
G1 F1800 X122.029 Y118.352 E36.86117
G1 X122.332 Y118.372 E36.86271
G0 F7200 X122.373 Y118.536
G1 F1500 E30.36271
G0 F7200 X122.375 Y118.526
G0 X121.367 Y115.666
G1 F1500 E36.86271
G0 F7200 X121.458 Y115.653
;TYPE:WALL-OUTER
G1 F1800 X121.355 Y115.681 E36.86404
G1 X121.354 Y115.195 E36.87014
G1 X121.537 Y115.146 E36.87252
G1 X121.731 Y115.116 E36.87498
G1 X121.909 Y115.102 E36.87722
G1 X122.189 Y115.108 E36.88073
G1 X122.269 Y115.116 E36.88174
G1 X122.464 Y115.146 E36.88421
G1 X122.645 Y115.195 E36.88656
G1 X122.646 Y115.681 E36.89266
G1 X122.541 Y115.653 E36.89402
G1 X122.325 Y115.62 E36.89676
G1 X122.212 Y115.608 E36.89818
G1 X121.895 Y115.602 E36.90216
G1 X121.743 Y115.612 E36.90407
G1 X121.576 Y115.634 E36.90618
G1 X121.458 Y115.653 E36.90768
G0 F7200 X121.355 Y115.681
G0 X121.355 Y115.587
G0 X121.605 Y115.383
;TYPE:SKIN
G1 F1800 X121.861 Y115.356 E36.90867
G1 X122.426 Y115.355 E36.91084
G0 F7200 X122.263 Y115.209
G1 F1500 E30.41084
G0 F7200 X122.262 Y115.215
G0 X121.367 Y112.666
G1 F1500 E36.91084
G0 F7200 X121.459 Y112.653
;TYPE:WALL-OUTER
G1 F1800 X121.355 Y112.681 E36.91219
G1 X121.354 Y112.195 E36.91828
G1 X121.537 Y112.146 E36.92066
G1 X121.731 Y112.116 E36.92312
G1 X121.812 Y112.108 E36.92414
G1 X122.091 Y112.102 E36.92764
G1 X122.224 Y112.111 E36.92931
G1 X122.369 Y112.13 E36.93115
G1 X122.455 Y112.144 E36.93224
G1 X122.645 Y112.195 E36.93471
G1 X122.646 Y112.681 E36.9408
G1 X122.541 Y112.653 E36.94216
G1 X122.324 Y112.619 E36.94492
G1 X122.104 Y112.602 E36.94769
G1 X121.788 Y112.608 E36.95165
G1 X121.675 Y112.62 E36.95307
G1 X121.459 Y112.653 E36.95582
G0 F7200 X121.355 Y112.681
G0 X121.355 Y112.588
G0 X121.703 Y112.369
;TYPE:SKIN
G1 F1800 X121.97 Y112.354 E36.95718
G1 X122.263 Y112.364 E36.95868
G0 F7200 X122.296 Y112.524
G1 F1500 E30.45868
G0 F7200 X122.296 Y112.517
G0 X121.367 Y109.666
G1 F1500 E36.95868
G0 F7200 X121.459 Y109.653
;TYPE:WALL-OUTER
G1 F1800 X121.355 Y109.681 E36.96003
G1 X121.354 Y109.195 E36.96612
G1 X121.537 Y109.146 E36.9685
G1 X121.731 Y109.116 E36.97096
G1 X121.812 Y109.108 E36.97198
G1 X122.091 Y109.102 E36.97548
G1 X122.224 Y109.111 E36.97715
G1 X122.369 Y109.13 E36.97898
G1 X122.455 Y109.144 E36.98008
G1 X122.645 Y109.195 E36.98254
G1 X122.646 Y109.681 E36.98864
G1 X122.541 Y109.653 E36.99
G1 X122.325 Y109.62 E36.99274
G1 X122.212 Y109.608 E36.99417
G1 X121.895 Y109.602 E36.99814
G1 X121.745 Y109.612 E37.00003
G1 X121.674 Y109.62 E37.00092
G1 X121.459 Y109.653 E37.00365
G0 F7200 X121.355 Y109.681
G0 X121.355 Y109.588
G0 X121.572 Y109.409
;TYPE:SKIN
G1 F1800 X121.804 Y109.359 E37.00462
G1 X122.39 Y109.379 E37.00701
G0 F7200 X122.269 Y109.21
G1 F1500 E30.50701
G0 F7200 X122.266 Y109.217
G0 X123.51 Y109.569
G0 X128.49 Y109.56
G1 F1500 E37.00701
G0 F7200 X129.459 Y109.653
;TYPE:WALL-OUTER
G1 F1800 X129.355 Y109.681 E37.00836
G1 X129.354 Y109.195 E37.01445
G1 X129.537 Y109.146 E37.01683
G1 X129.731 Y109.116 E37.01929
G1 X129.909 Y109.102 E37.02153
G1 X130.189 Y109.108 E37.02504
G1 X130.269 Y109.116 E37.02605
G1 X130.464 Y109.146 E37.02853
G1 X130.645 Y109.195 E37.03088
G1 X130.646 Y109.681 E37.03697
G1 X130.541 Y109.653 E37.03833
G1 X130.325 Y109.62 E37.04107
G1 X130.212 Y109.608 E37.0425
G1 X129.895 Y109.602 E37.04648
G1 X129.745 Y109.612 E37.04836
G1 X129.674 Y109.62 E37.04926
G1 X129.459 Y109.653 E37.05198
G0 F7200 X129.355 Y109.681
G0 X129.355 Y109.588
G0 X129.731 Y109.367
;TYPE:SKIN
G1 F1800 X130.001 Y109.353 E37.05338
G1 X130.298 Y109.368 E37.05492
G0 F7200 X130.342 Y109.531
G1 F1500 E30.55492
G0 F7200 X130.337 Y109.521
G0 X129.733 Y112.135
G1 F1500 E37.05492
G0 F7200 X129.458 Y112.653
;TYPE:WALL-OUTER
G1 F1800 X129.355 Y112.681 E37.05626
G1 X129.354 Y112.195 E37.06236
G1 X129.537 Y112.146 E37.06473
G1 X129.731 Y112.116 E37.0672
G1 X129.909 Y112.102 E37.06943
G1 X130.189 Y112.108 E37.07295
G1 X130.269 Y112.116 E37.07395
G1 X130.464 Y112.146 E37.07643
G1 X130.645 Y112.195 E37.07878
G1 X130.646 Y112.681 E37.08488
G1 X130.541 Y112.653 E37.08624
G1 X130.325 Y112.62 E37.08898
G1 X130.212 Y112.608 E37.0904
G1 X129.895 Y112.602 E37.09438
G1 X129.743 Y112.612 E37.09629
G1 X129.576 Y112.634 E37.0984
G1 X129.458 Y112.653 E37.0999
G0 F7200 X129.355 Y112.681
G0 X129.355 Y112.587
G0 X129.632 Y112.379
;TYPE:SKIN
G1 F1800 X129.891 Y112.355 E37.10121
G1 X130.176 Y112.357 E37.10264
G0 F7200 X130.205 Y112.513
G1 F1500 E30.60264
G0 F7200 X130.205 Y112.508
G0 X129.733 Y115.135
G1 F1500 E37.10264
G0 F7200 X129.458 Y115.653
;TYPE:WALL-OUTER
G1 F1800 X129.355 Y115.681 E37.10398
G1 X129.354 Y115.195 E37.11008
G1 X129.537 Y115.146 E37.11245
G1 X129.731 Y115.116 E37.11491
G1 X129.909 Y115.102 E37.11715
G1 X130.189 Y115.108 E37.12067
G1 X130.269 Y115.116 E37.12167
G1 X130.464 Y115.146 E37.12415
G1 X130.645 Y115.195 E37.1265
G1 X130.646 Y115.681 E37.13259
G1 X130.541 Y115.653 E37.13396
G1 X130.325 Y115.62 E37.1367
G1 X130.212 Y115.608 E37.13812
G1 X129.895 Y115.602 E37.1421
G1 X129.743 Y115.612 E37.14401
G1 X129.576 Y115.634 E37.14612
G1 X129.458 Y115.653 E37.14762
G0 F7200 X129.355 Y115.681
G0 X129.355 Y115.587
G0 X129.563 Y115.421
;TYPE:SKIN
G1 F1800 X129.786 Y115.361 E37.14852
G1 X130.369 Y115.378 E37.1508
G0 F7200 X130.378 Y115.537
G1 F1500 E30.6508
G0 F7200 X130.381 Y115.528
G0 X129.733 Y118.135
G1 F1500 E37.1508
G0 F7200 X129.459 Y118.653
;TYPE:WALL-OUTER
G1 F1800 X129.355 Y118.681 E37.15215
G1 X129.354 Y118.195 E37.15825
G1 X129.537 Y118.146 E37.16062
G1 X129.731 Y118.116 E37.16308
G1 X129.812 Y118.108 E37.1641
G1 X130.091 Y118.102 E37.1676
G1 X130.224 Y118.111 E37.16928
G1 X130.369 Y118.13 E37.17111
G1 X130.455 Y118.144 E37.1722
G1 X130.645 Y118.195 E37.17467
G1 X130.646 Y118.681 E37.18076
G1 X130.541 Y118.653 E37.18213
G1 X130.324 Y118.619 E37.18488
G1 X130.104 Y118.602 E37.18765
G1 X129.788 Y118.608 E37.19161
G1 X129.675 Y118.62 E37.19304
G1 X129.459 Y118.653 E37.19578
G0 F7200 X129.355 Y118.681
G0 X129.355 Y118.588
G0 X129.685 Y118.371
;TYPE:SKIN
G1 F1800 X129.951 Y118.354 E37.19714
G1 X130.242 Y118.362 E37.19862
G0 F7200 X130.274 Y118.521
G1 F1500 E30.69862
;MESH:NONMESH
G0 F600 X130.274 Y118.521 Z5.6
G0 F7200 X130.274 Y118.515
G0 X128.489 Y118.209
G0 X123.5 Y114.537
G0 X120.507 Y113.785
G0 X115.51 Y109.664
G0 X114.335 Y109.609
G1 F1500 E37.19862
G0 F7200 X113.459 Y109.653
;TIME_ELAPSED:305.434342
;LAYER:27
;TYPE:WALL-OUTER
;MESH:output_v2\A_fina_suporte.stl
G1 F1800 X113.145 Y109.737 E37.2027
G1 X113.144 Y109.253 E37.20877
G1 X113.162 Y109.246 E37.20901
G1 X113.538 Y109.146 E37.21389
G1 X113.742 Y109.115 E37.21648
G1 X113.812 Y109.108 E37.21736
G1 X114.102 Y109.102 E37.221
G1 X114.198 Y109.109 E37.2222
G1 X114.309 Y109.121 E37.2236
G1 X114.455 Y109.144 E37.22546
G1 X114.833 Y109.245 E37.23036
G1 X114.855 Y109.254 E37.23066
G1 X114.856 Y109.737 E37.23672
G1 X114.541 Y109.653 E37.23834
G1 X114.312 Y109.618 E37.24124
G1 X114.105 Y109.602 E37.24384
G1 X113.788 Y109.608 E37.24782
G1 X113.675 Y109.62 E37.24925
G1 X113.459 Y109.653 E37.25199
G0 F7200 X113.266 Y109.704
G0 X113.473 Y109.406
;TYPE:SKIN
G1 F1800 X113.803 Y109.358 E37.25333
G1 X114.586 Y109.424 E37.25649
G0 F7200 X114.652 Y109.27
G1 F1500 E30.75649
G0 F7200 X114.645 Y109.297
G0 X113.455 Y109.634
G0 X113.744 Y112.134
G1 F1500 E37.25649
G0 F7200 X113.458 Y112.653
;TYPE:WALL-OUTER
G1 F1800 X113.145 Y112.737 E37.26056
G1 X113.144 Y112.253 E37.26663
G1 X113.162 Y112.246 E37.26687
G1 X113.538 Y112.146 E37.27175
G1 X113.742 Y112.115 E37.27434
G1 X113.812 Y112.108 E37.27522
G1 X114.102 Y112.102 E37.27886
G1 X114.198 Y112.109 E37.28006
G1 X114.309 Y112.121 E37.28146
G1 X114.455 Y112.144 E37.28332
G1 X114.833 Y112.245 E37.28822
G1 X114.855 Y112.254 E37.28852
G1 X114.856 Y112.737 E37.29458
G1 X114.541 Y112.653 E37.2962
G1 X114.312 Y112.618 E37.2991
G1 X114.105 Y112.602 E37.3017
G1 X113.787 Y112.608 E37.30569
G1 X113.643 Y112.624 E37.30751
G1 X113.458 Y112.653 E37.30986
G0 F7200 X113.265 Y112.704
G0 X113.608 Y112.382
;TYPE:SKIN
G1 F1800 X113.918 Y112.355 E37.31126
G1 X114.444 Y112.394 E37.31365
G0 F7200 X114.48 Y112.239
G1 F1500 E30.81365
G0 F7200 X114.477 Y112.252
G0 X113.454 Y112.634
G0 X113.744 Y115.134
G1 F1500 E37.31365
G0 F7200 X113.458 Y115.653
;TYPE:WALL-OUTER
G1 F1800 X113.145 Y115.737 E37.31771
G1 X113.144 Y115.253 E37.32378
G1 X113.162 Y115.246 E37.32402
G1 X113.538 Y115.146 E37.3289
G1 X113.742 Y115.115 E37.33149
G1 X113.812 Y115.108 E37.33237
G1 X114.102 Y115.102 E37.33601
G1 X114.198 Y115.109 E37.33722
G1 X114.309 Y115.121 E37.33862
G1 X114.455 Y115.144 E37.34047
G1 X114.833 Y115.245 E37.34538
G1 X114.855 Y115.254 E37.34567
G1 X114.856 Y115.737 E37.35173
G1 X114.541 Y115.653 E37.35335
G1 X114.312 Y115.618 E37.35625
G1 X114.105 Y115.602 E37.35886
G1 X113.787 Y115.608 E37.36284
G1 X113.643 Y115.624 E37.36466
G1 X113.458 Y115.653 E37.36701
G0 F7200 X113.265 Y115.704
G0 X113.393 Y115.425
;TYPE:SKIN
G1 F1800 X113.738 Y115.363 E37.36842
G1 X114.537 Y115.412 E37.37165
G0 F7200 X114.569 Y115.253
G1 F1500 E30.87165
G0 F7200 X114.563 Y115.275
G0 X113.454 Y115.634
G0 X113.744 Y118.134
G1 F1500 E37.37165
G0 F7200 X113.458 Y118.653
;TYPE:WALL-OUTER
G1 F1800 X113.145 Y118.737 E37.37571
G1 X113.144 Y118.253 E37.38178
G1 X113.162 Y118.246 E37.38202
G1 X113.538 Y118.146 E37.3869
G1 X113.742 Y118.115 E37.38949
G1 X113.812 Y118.108 E37.39037
G1 X114.102 Y118.102 E37.39401
G1 X114.198 Y118.109 E37.39521
G1 X114.309 Y118.121 E37.39661
G1 X114.455 Y118.144 E37.39847
G1 X114.833 Y118.245 E37.40337
G1 X114.855 Y118.254 E37.40367
G1 X114.856 Y118.737 E37.40973
G1 X114.541 Y118.653 E37.41135
G1 X114.312 Y118.618 E37.41425
G1 X114.105 Y118.602 E37.41685
G1 X113.787 Y118.608 E37.42084
G1 X113.643 Y118.624 E37.42266
G1 X113.458 Y118.653 E37.42501
G0 F7200 X113.265 Y118.704
G0 X113.538 Y118.392
;TYPE:SKIN
G1 F1800 X113.857 Y118.356 E37.4263
G1 X114.628 Y118.433 E37.42943
G0 F7200 X114.48 Y118.239
G1 F1500 E30.92943
G0 F7200 X114.477 Y118.252
G0 X113.157 Y118.722
G0 X110.287 Y119.412
G0 X109.322 Y119.829
G1 F1500 E37.42943
G0 F7200 X109.423 Y119.9
;TYPE:WALL-OUTER
G1 F1800 X109.025 Y119.9 E37.43442
G1 X109.025 Y119.4 E37.44069
G1 X109.422 Y119.4 E37.44567
G1 X109.423 Y119.9 E37.4519
G0 F7200 X109.223 Y119.9
G0 X109.223 Y119.8
G1 F1500 E30.9519
G0 F7200 X110.287 Y119.412
G0 X112.299 Y119.961
G0 X115.704 Y119.966
G0 X120.28 Y118.723
G0 X121.438 Y118.556
G1 F1500 E37.4519
G0 F7200 X121.458 Y118.653
G1 F1800 X121.145 Y118.737 E37.45597
G1 X121.144 Y118.253 E37.46204
G1 X121.162 Y118.246 E37.46228
G1 X121.538 Y118.146 E37.46716
G1 X121.742 Y118.115 E37.46974
G1 X121.812 Y118.108 E37.47063
G1 X122.102 Y118.102 E37.47426
G1 X122.198 Y118.109 E37.47547
G1 X122.309 Y118.121 E37.47687
G1 X122.455 Y118.144 E37.47873
G1 X122.833 Y118.245 E37.48363
G1 X122.855 Y118.254 E37.48393
G1 X122.856 Y118.737 E37.48999
G1 X122.541 Y118.653 E37.4916
G1 X122.312 Y118.618 E37.49451
G1 X122.105 Y118.602 E37.49711
G1 X121.775 Y118.609 E37.50125
G1 X121.642 Y118.624 E37.50293
G1 X121.458 Y118.653 E37.50527
G0 F7200 X121.265 Y118.704
G0 X121.434 Y118.415
;TYPE:SKIN
G1 F1800 X121.771 Y118.36 E37.50663
G1 X122.563 Y118.418 E37.50982
G0 F7200 X122.595 Y118.256
G1 F1500 E31.00982
G0 F7200 X122.588 Y118.282
G0 X121.157 Y115.722
G1 F1500 E37.50982
G0 F7200 X121.458 Y115.653
;TYPE:WALL-OUTER
G1 F1800 X121.145 Y115.737 E37.51388
G1 X121.144 Y115.253 E37.51995
G1 X121.162 Y115.246 E37.52019
G1 X121.538 Y115.146 E37.52507
G1 X121.742 Y115.115 E37.52766
G1 X121.91 Y115.102 E37.52977
G1 X122.187 Y115.108 E37.53325
G1 X122.31 Y115.121 E37.5348
G1 X122.455 Y115.144 E37.53664
G1 X122.833 Y115.245 E37.54155
G1 X122.855 Y115.254 E37.54184
G1 X122.856 Y115.737 E37.5479
G1 X122.541 Y115.653 E37.54952
G1 X122.313 Y115.619 E37.55241
G1 X122.212 Y115.608 E37.55368
G1 X121.883 Y115.602 E37.55781
G1 X121.77 Y115.61 E37.55923
G1 X121.642 Y115.624 E37.56084
G1 X121.458 Y115.653 E37.56318
G0 F7200 X121.265 Y115.704
G0 X121.645 Y115.376
;TYPE:SKIN
G1 F1800 X121.951 Y115.352 E37.56457
G1 X122.469 Y115.4 E37.56692
G0 F7200 X122.503 Y115.243
G1 F1500 E31.06692
G0 F7200 X122.499 Y115.258
G0 X121.157 Y112.722
G1 F1500 E37.56692
G0 F7200 X121.458 Y112.653
;TYPE:WALL-OUTER
G1 F1800 X121.145 Y112.737 E37.57098
G1 X121.144 Y112.253 E37.57705
G1 X121.162 Y112.246 E37.57729
G1 X121.538 Y112.146 E37.58217
G1 X121.742 Y112.115 E37.58476
G1 X121.812 Y112.108 E37.58564
G1 X122.102 Y112.102 E37.58928
G1 X122.198 Y112.109 E37.59048
G1 X122.309 Y112.121 E37.59188
G1 X122.455 Y112.144 E37.59374
G1 X122.833 Y112.245 E37.59864
G1 X122.855 Y112.254 E37.59894
G1 X122.856 Y112.737 E37.605
G1 X122.541 Y112.653 E37.60662
G1 X122.312 Y112.618 E37.60952
G1 X122.105 Y112.602 E37.61212
G1 X121.775 Y112.609 E37.61626
G1 X121.642 Y112.624 E37.61794
G1 X121.458 Y112.653 E37.62028
G0 F7200 X121.265 Y112.704
G0 X121.513 Y112.397
;TYPE:SKIN
G1 F1800 X121.835 Y112.357 E37.62159
G1 X122.612 Y112.429 E37.62476
G0 F7200 X122.677 Y112.276
G1 F1500 E31.12476
G0 F7200 X122.67 Y112.304
G0 X122.545 Y109.634
G0 X121.439 Y109.556
G1 F1500 E37.62476
G0 F7200 X121.459 Y109.653
;TYPE:WALL-OUTER
G1 F1800 X121.145 Y109.737 E37.62883
G1 X121.144 Y109.253 E37.6349
G1 X121.162 Y109.246 E37.63515
G1 X121.538 Y109.146 E37.64003
G1 X121.742 Y109.115 E37.64261
G1 X121.812 Y109.108 E37.6435
G1 X122.102 Y109.102 E37.64713
G1 X122.198 Y109.109 E37.64834
G1 X122.309 Y109.121 E37.64974
G1 X122.455 Y109.144 E37.65159
G1 X122.833 Y109.245 E37.6565
G1 X122.855 Y109.254 E37.6568
G1 X122.856 Y109.737 E37.66286
G1 X122.541 Y109.653 E37.66447
G1 X122.313 Y109.619 E37.66736
G1 X122.212 Y109.608 E37.66864
G1 X121.883 Y109.602 E37.67276
G1 X121.771 Y109.61 E37.67417
G1 X121.674 Y109.62 E37.67539
G1 X121.459 Y109.653 E37.67812
G0 F7200 X121.266 Y109.704
G0 X121.379 Y109.419
;TYPE:SKIN
G1 F1800 X121.714 Y109.367 E37.6794
G1 X122.52 Y109.41 E37.68244
G0 F7200 X122.552 Y109.25
G1 F1500 E31.18244
G0 F7200 X122.546 Y109.271
G0 X123.72 Y109.568
G0 X128.28 Y109.558
G0 X129.439 Y109.556
G1 F1500 E37.68244
G0 F7200 X129.459 Y109.653
;TYPE:WALL-OUTER
G1 F1800 X129.145 Y109.737 E37.68652
G1 X129.144 Y109.253 E37.69259
G1 X129.162 Y109.246 E37.69283
G1 X129.538 Y109.146 E37.69771
G1 X129.742 Y109.115 E37.7003
G1 X129.91 Y109.102 E37.70241
G1 X130.187 Y109.108 E37.70588
G1 X130.31 Y109.121 E37.70744
G1 X130.455 Y109.144 E37.70928
G1 X130.833 Y109.245 E37.71418
G1 X130.855 Y109.254 E37.71448
G1 X130.856 Y109.737 E37.72054
G1 X130.541 Y109.653 E37.72215
G1 X130.313 Y109.619 E37.72504
G1 X130.212 Y109.608 E37.72632
G1 X129.883 Y109.602 E37.73045
G1 X129.771 Y109.61 E37.73185
G1 X129.674 Y109.62 E37.73308
G1 X129.459 Y109.653 E37.7358
G0 F7200 X129.266 Y109.704
G0 X129.62 Y109.38
;TYPE:SKIN
G1 F1800 X129.931 Y109.352 E37.73721
G1 X130.453 Y109.396 E37.73956
G0 F7200 X130.488 Y109.241
G1 F1500 E31.23956
G0 F7200 X130.484 Y109.254
G0 X129.455 Y109.634
G0 X129.744 Y112.134
G1 F1500 E37.73956
G0 F7200 X129.458 Y112.653
;TYPE:WALL-OUTER
G1 F1800 X129.145 Y112.737 E37.74362
G1 X129.144 Y112.253 E37.74969
G1 X129.162 Y112.246 E37.74994
G1 X129.538 Y112.146 E37.75482
G1 X129.742 Y112.115 E37.7574
G1 X129.91 Y112.102 E37.75952
G1 X130.187 Y112.108 E37.76299
G1 X130.31 Y112.121 E37.76454
G1 X130.455 Y112.144 E37.76638
G1 X130.833 Y112.245 E37.77129
G1 X130.855 Y112.254 E37.77159
G1 X130.856 Y112.737 E37.77764
G1 X130.541 Y112.653 E37.77926
G1 X130.313 Y112.619 E37.78215
G1 X130.212 Y112.608 E37.78343
G1 X129.883 Y112.602 E37.78755
G1 X129.77 Y112.61 E37.78897
G1 X129.642 Y112.624 E37.79059
G1 X129.458 Y112.653 E37.79292
G0 F7200 X129.265 Y112.704
G0 X129.406 Y112.422
;TYPE:SKIN
G1 F1800 X129.749 Y112.363 E37.79431
G1 X130.545 Y112.415 E37.79749
G0 F7200 X130.578 Y112.254
G1 F1500 E31.29749
G0 F7200 X130.572 Y112.278
G0 X129.454 Y112.634
G0 X129.744 Y115.134
G1 F1500 E37.79749
G0 F7200 X129.458 Y115.653
;TYPE:WALL-OUTER
G1 F1800 X129.145 Y115.737 E37.80155
G1 X129.144 Y115.253 E37.80762
G1 X129.162 Y115.246 E37.80786
G1 X129.538 Y115.146 E37.81274
G1 X129.742 Y115.115 E37.81533
G1 X129.91 Y115.102 E37.81744
G1 X130.187 Y115.108 E37.82092
G1 X130.31 Y115.121 E37.82247
G1 X130.455 Y115.144 E37.82431
G1 X130.833 Y115.245 E37.82921
G1 X130.855 Y115.254 E37.82951
G1 X130.856 Y115.737 E37.83557
G1 X130.541 Y115.653 E37.83719
G1 X130.313 Y115.619 E37.84008
G1 X130.212 Y115.608 E37.84135
G1 X129.883 Y115.602 E37.84548
G1 X129.77 Y115.61 E37.8469
G1 X129.642 Y115.624 E37.84851
G1 X129.458 Y115.653 E37.85085
G0 F7200 X129.265 Y115.704
G0 X129.55 Y115.391
;TYPE:SKIN
G1 F1800 X129.869 Y115.354 E37.85214
G1 X130.631 Y115.44 E37.85522
G0 F7200 X130.481 Y115.24
G1 F1500 E31.35522
G0 F7200 X130.478 Y115.252
G0 X129.454 Y115.634
G0 X129.744 Y118.134
G1 F1500 E37.85522
G0 F7200 X129.458 Y118.653
;TYPE:WALL-OUTER
G1 F1800 X129.145 Y118.737 E37.85929
G1 X129.144 Y118.253 E37.86536
G1 X129.162 Y118.246 E37.8656
G1 X129.538 Y118.146 E37.87048
G1 X129.742 Y118.115 E37.87307
G1 X129.812 Y118.108 E37.87395
G1 X130.102 Y118.102 E37.87759
G1 X130.198 Y118.109 E37.87879
G1 X130.309 Y118.121 E37.88019
G1 X130.455 Y118.144 E37.88205
G1 X130.833 Y118.245 E37.88695
G1 X130.855 Y118.254 E37.88725
G1 X130.856 Y118.737 E37.89331
G1 X130.541 Y118.653 E37.89493
G1 X130.312 Y118.618 E37.89783
G1 X130.105 Y118.602 E37.90043
G1 X129.787 Y118.608 E37.90442
G1 X129.643 Y118.624 E37.90624
G1 X129.458 Y118.653 E37.90859
G0 F7200 X129.265 Y118.704
G0 X129.359 Y118.41
;TYPE:SKIN
G1 F1800 X129.681 Y118.371 E37.90971
G1 X130.496 Y118.405 E37.91254
G0 F7200 X130.53 Y118.247
G1 F1500 E31.41254
;MESH:NONMESH
G0 F600 X130.53 Y118.247 Z5.8
G0 F7200 X130.525 Y118.265
G0 X129.168 Y118.265
G0 X123.712 Y114.666
G0 X121.306 Y113.59
G0 X120.299 Y113.961
G0 X115.72 Y109.721
G0 X114.316 Y109.579
G0 X113.245 Y109.659
G1 F1500 E37.91254
G0 F7200 X113.038 Y109.766
;TIME_ELAPSED:316.508673
;LAYER:28
;TYPE:WALL-OUTER
;MESH:output_v2\A_fina_suporte.stl
G1 F1800 X112.935 Y109.805 E37.91392
G1 X112.934 Y109.335 E37.91982
G1 X113.168 Y109.244 E37.92297
G1 X113.382 Y109.188 E37.92574
G1 X113.382 Y109.674 E37.93183
G1 X113.038 Y109.766 E37.9363
G0 F7200 X112.935 Y109.805
G0 X112.935 Y109.715
G0 X113.186 Y109.509
;TYPE:SKIN
G1 F1800 X113.14 Y109.463 E37.93671
G0 F7200 X113.127 Y109.328
G1 F1500 E31.43671
G0 F7200 X113.14 Y109.362
G0 X114.638 Y109.67
G1 F1500 E37.93671
G0 F7200 X114.962 Y109.766
;TYPE:WALL-OUTER
G1 F1800 X114.618 Y109.674 E37.94117
G1 X114.618 Y109.187 E37.94728
G1 X114.834 Y109.245 E37.95009
G1 X115.065 Y109.334 E37.95319
G1 X115.066 Y109.806 E37.95911
G1 X114.962 Y109.766 E37.96051
G0 F7200 X114.769 Y109.715
G0 X114.869 Y109.495
;TYPE:SKIN
G1 F1800 X114.824 Y109.45 E37.96091
G0 F7200 X114.837 Y109.319
G1 F1500 E31.46091
G0 F7200 X114.824 Y109.348
G0 X114.629 Y112.202
G1 F1500 E37.96091
G0 F7200 X114.962 Y112.765
;TYPE:WALL-OUTER
G1 F1800 X114.618 Y112.675 E37.96536
G1 X114.617 Y112.187 E37.97148
G1 X114.834 Y112.245 E37.9743
G1 X115.065 Y112.334 E37.97741
G1 X115.066 Y112.805 E37.98331
G1 X114.962 Y112.765 E37.98471
G0 F7200 X114.769 Y112.715
G0 X114.75 Y112.642
G1 F1500 E31.48471
G0 F7200 X114.76 Y112.61
G0 X113.368 Y112.661
G1 F1500 E37.98471
G0 F7200 X113.038 Y112.766
G1 F1800 X112.935 Y112.805 E37.98609
G1 X112.934 Y112.335 E37.99198
G1 X113.168 Y112.244 E37.99513
G1 X113.382 Y112.188 E37.99791
G1 X113.383 Y112.673 E38.00399
G1 X113.038 Y112.766 E38.00847
G0 F7200 X112.935 Y112.805
G0 X112.935 Y112.715
G0 X113.224 Y112.301
G1 F1500 E31.50847
G0 F7200 X113.23 Y112.331
G0 X113.37 Y115.203
G1 F1500 E38.00847
G0 F7200 X113.038 Y115.766
G1 F1800 X112.935 Y115.805 E38.00985
G1 X112.934 Y115.335 E38.01574
G1 X113.168 Y115.244 E38.01889
G1 X113.382 Y115.188 E38.02167
G1 X113.383 Y115.673 E38.02775
G1 X113.038 Y115.766 E38.03223
G0 F7200 X112.935 Y115.805
G0 X112.935 Y115.715
G0 X113.224 Y115.301
G1 F1500 E31.53223
G0 F7200 X113.23 Y115.331
G0 X114.618 Y115.659
G1 F1500 E38.03223
G0 F7200 X114.962 Y115.765
G1 F1800 X114.618 Y115.675 E38.03669
G1 X114.617 Y115.187 E38.04281
G1 X114.834 Y115.245 E38.04563
G1 X115.065 Y115.334 E38.04873
G1 X115.066 Y115.805 E38.05464
G1 X114.962 Y115.765 E38.05603
G0 F7200 X114.769 Y115.715
G0 X114.75 Y115.642
G1 F1500 E31.55603
G0 F7200 X114.76 Y115.61
G0 X114.629 Y118.202
G1 F1500 E38.05603
G0 F7200 X114.962 Y118.765
G1 F1800 X114.618 Y118.675 E38.06049
G1 X114.617 Y118.187 E38.06661
G1 X114.834 Y118.245 E38.06943
G1 X115.065 Y118.334 E38.07253
G1 X115.066 Y118.805 E38.07844
G1 X114.962 Y118.765 E38.07984
G0 F7200 X114.769 Y118.715
G0 X114.86 Y118.537
;TYPE:SKIN
G1 F1800 X114.812 Y118.489 E38.08026
G0 F7200 X114.665 Y118.489
G1 F1500 E31.58026
G0 F7200 X114.718 Y118.49
G0 X113.368 Y118.661
G1 F1500 E38.08026
G0 F7200 X113.038 Y118.766
;TYPE:WALL-OUTER
G1 F1800 X112.935 Y118.805 E38.08164
G1 X112.934 Y118.335 E38.08754
G1 X113.168 Y118.244 E38.09069
G1 X113.382 Y118.188 E38.09346
G1 X113.383 Y118.673 E38.09954
G1 X113.038 Y118.766 E38.10402
G0 F7200 X112.935 Y118.805
G0 X112.935 Y118.715
G0 X113.224 Y118.301
G1 F1500 E31.60402
G0 F7200 X113.23 Y118.331
G0 X112.07 Y118.79
G0 X110.305 Y119.415
G0 X109.369 Y119.8
G1 F1500 E38.10402
G0 F7200 X109.439 Y119.9
G1 F1800 X109.037 Y119.9 E38.10907
G1 X109.037 Y119.4 E38.11534
G1 X109.44 Y119.4 E38.12039
G1 X109.439 Y119.9 E38.12666
G0 F7200 X109.239 Y119.9
G0 X109.239 Y119.8
G1 F1500 E31.62666
G0 F7200 X110.305 Y119.415
G0 X112.089 Y120.037
G0 X115.914 Y120.04
G0 X120.07 Y118.79
G1 F1500 E38.12666
G0 F7200 X121.038 Y118.766
G1 F1800 X120.935 Y118.805 E38.12804
G1 X120.934 Y118.335 E38.13393
G1 X121.168 Y118.244 E38.13708
G1 X121.382 Y118.188 E38.13986
G1 X121.383 Y118.673 E38.14594
G1 X121.038 Y118.766 E38.15042
G0 F7200 X120.935 Y118.805
G0 X120.935 Y118.715
G0 X121.224 Y118.301
G1 F1500 E31.65042
G0 F7200 X121.23 Y118.331
G0 X122.618 Y118.659
G1 F1500 E38.15042
G0 F7200 X122.962 Y118.766
G1 F1800 X122.618 Y118.674 E38.15489
G1 X122.617 Y118.187 E38.16099
G1 X122.834 Y118.245 E38.16381
G1 X123.065 Y118.334 E38.16691
G1 X123.066 Y118.806 E38.17283
G1 X122.962 Y118.766 E38.17423
G0 F7200 X122.769 Y118.715
G0 X122.752 Y118.642
G1 F1500 E31.67423
G0 F7200 X122.761 Y118.61
G0 X123.055 Y115.79
G1 F1500 E38.17423
G0 F7200 X122.962 Y115.766
G1 F1800 X122.618 Y115.674 E38.1787
G1 X122.617 Y115.187 E38.1848
G1 X122.834 Y115.245 E38.18762
G1 X123.065 Y115.334 E38.19072
G1 X123.066 Y115.806 E38.19664
G1 X122.962 Y115.766 E38.19804
G0 F7200 X122.769 Y115.715
G0 X122.869 Y115.515
;TYPE:SKIN
G1 F1800 X122.811 Y115.457 E38.19856
G0 F7200 X122.665 Y115.457
G1 F1500 E31.69856
G0 F7200 X122.718 Y115.458
G0 X121.368 Y115.661
G1 F1500 E38.19856
G0 F7200 X121.038 Y115.766
;TYPE:WALL-OUTER
G1 F1800 X120.935 Y115.805 E38.19994
G1 X120.934 Y115.335 E38.20583
G1 X121.168 Y115.244 E38.20898
G1 X121.382 Y115.188 E38.21175
G1 X121.383 Y115.673 E38.21783
G1 X121.038 Y115.766 E38.22232
G0 F7200 X120.935 Y115.805
G0 X120.935 Y115.715
G0 X121.128 Y115.471
;TYPE:SKIN
G1 F1800 X121.181 Y115.524 E38.22279
G0 F7200 X121.251 Y115.641
G1 F1500 E31.72279
G0 F7200 X121.242 Y115.608
G0 X120.946 Y112.789
G1 F1500 E38.22279
G0 F7200 X121.038 Y112.766
;TYPE:WALL-OUTER
G1 F1800 X120.935 Y112.805 E38.22417
G1 X120.934 Y112.335 E38.23006
G1 X121.168 Y112.244 E38.23321
G1 X121.382 Y112.188 E38.23598
G1 X121.383 Y112.673 E38.24207
G1 X121.038 Y112.766 E38.24655
G0 F7200 X120.935 Y112.805
G0 X120.935 Y112.715
G0 X121.224 Y112.301
G1 F1500 E31.74655
G0 F7200 X121.23 Y112.331
G0 X122.618 Y112.659
G1 F1500 E38.24655
G0 F7200 X122.962 Y112.766
G1 F1800 X122.618 Y112.674 E38.25101
G1 X122.617 Y112.187 E38.25712
G1 X122.834 Y112.245 E38.25994
G1 X123.065 Y112.334 E38.26304
G1 X123.066 Y112.806 E38.26896
G1 X122.962 Y112.766 E38.27036
G0 F7200 X122.769 Y112.715
G0 X122.752 Y112.642
G0 X122.761 Y112.61
G0 X123.055 Y109.79
G0 X122.962 Y109.766
G1 F1800 X122.618 Y109.674 E38.27482
G1 X122.618 Y109.187 E38.28093
G1 X122.834 Y109.245 E38.28373
G1 X123.065 Y109.334 E38.28684
G1 X123.066 Y109.806 E38.29276
G1 X122.962 Y109.766 E38.29415
G0 F7200 X122.769 Y109.715
G0 X122.752 Y109.642
G0 X122.761 Y109.61
G0 X121.362 Y109.672
G0 X121.038 Y109.766
G1 F1800 X120.935 Y109.805 E38.29554
G1 X120.934 Y109.335 E38.30143
G1 X121.168 Y109.244 E38.30458
G1 X121.382 Y109.188 E38.30735
G1 X121.382 Y109.674 E38.31345
G1 X121.038 Y109.766 E38.31791
G0 F7200 X120.935 Y109.805
G0 X120.935 Y109.715
G0 X121.225 Y109.302
G1 F1500 E31.81791
G0 F7200 X121.231 Y109.33
G0 X121.641 Y110.5
G0 X123.914 Y111.04
G0 X128.07 Y109.657
G1 F1500 E38.31791
G0 F7200 X129.038 Y109.766
G1 F1800 X128.935 Y109.805 E38.31929
G1 X128.934 Y109.335 E38.32519
G1 X129.168 Y109.244 E38.32834
G1 X129.382 Y109.188 E38.33111
G1 X129.382 Y109.674 E38.3372
G1 X129.038 Y109.766 E38.34167
G0 F7200 X128.935 Y109.805
G0 X128.935 Y109.715
G0 X129.225 Y109.302
G0 X129.231 Y109.33
G0 X130.638 Y109.67
G0 X130.962 Y109.766
G1 F1800 X130.618 Y109.674 E38.34614
G1 X130.618 Y109.187 E38.35224
G1 X130.834 Y109.245 E38.35505
G1 X131.065 Y109.334 E38.35815
G1 X131.066 Y109.806 E38.36407
G1 X130.962 Y109.766 E38.36547
G0 F7200 X130.769 Y109.715
G0 X130.752 Y109.642
G0 X130.761 Y109.61
G0 X130.629 Y112.202
G0 X130.962 Y112.766
G1 F1800 X130.618 Y112.674 E38.36993
G1 X130.617 Y112.187 E38.37604
G1 X130.834 Y112.245 E38.37886
G1 X131.065 Y112.334 E38.38196
G1 X131.066 Y112.806 E38.38788
G1 X130.962 Y112.766 E38.38928
G0 F7200 X130.769 Y112.715
G0 X130.752 Y112.642
G0 X130.761 Y112.61
G0 X129.368 Y112.661
G0 X129.038 Y112.766
G1 F1800 X128.935 Y112.805 E38.39066
G1 X128.934 Y112.335 E38.39655
G1 X129.168 Y112.244 E38.3997
G1 X129.382 Y112.188 E38.40248
G1 X129.383 Y112.673 E38.40856
G1 X129.038 Y112.766 E38.41304
G0 F7200 X128.935 Y112.805
G0 X128.935 Y112.715
G0 X129.186 Y112.499
;TYPE:SKIN
G1 F1800 X129.148 Y112.461 E38.41338
G0 F7200 X129.135 Y112.326
G0 X129.146 Y112.36
G0 X129.37 Y115.203
G0 X129.038 Y115.766
;TYPE:WALL-OUTER
G1 F1800 X128.935 Y115.805 E38.41476
G1 X128.934 Y115.335 E38.42065
G1 X129.168 Y115.244 E38.4238
G1 X129.382 Y115.188 E38.42657
G1 X129.383 Y115.673 E38.43266
G1 X129.038 Y115.766 E38.43714
G0 F7200 X128.935 Y115.805
G0 X128.935 Y115.715
G0 X129.224 Y115.301
G0 X129.23 Y115.331
G0 X130.618 Y115.659
G0 X130.962 Y115.766
G1 F1800 X130.618 Y115.674 E38.4416
G1 X130.617 Y115.187 E38.44771
G1 X130.834 Y115.245 E38.45053
G1 X131.065 Y115.334 E38.45363
G1 X131.066 Y115.806 E38.45955
G1 X130.962 Y115.766 E38.46095
G0 F7200 X130.769 Y115.715
G0 X130.752 Y115.642
G0 X130.761 Y115.61
G0 X130.629 Y118.202
G0 X130.962 Y118.766
G1 F1800 X130.618 Y118.674 E38.46541
G1 X130.617 Y118.187 E38.47152
G1 X130.834 Y118.245 E38.47434
G1 X131.065 Y118.334 E38.47744
G1 X131.066 Y118.806 E38.48336
G1 X130.962 Y118.766 E38.48476
G0 F7200 X130.769 Y118.715
G0 X130.752 Y118.642
G0 X130.761 Y118.61
G0 X129.368 Y118.661
G0 X129.038 Y118.766
G1 F1800 X128.935 Y118.805 E38.48614
G1 X128.934 Y118.335 E38.49203
G1 X129.168 Y118.244 E38.49518
G1 X129.382 Y118.188 E38.49795
G1 X129.383 Y118.673 E38.50404
G1 X129.038 Y118.766 E38.50852
G0 F7200 X128.935 Y118.805
G0 X128.935 Y118.715
G0 X129.224 Y118.301
G1 F1500 E32.00852
;MESH:NONMESH
G0 F600 X129.224 Y118.301 Z6
G0 F7200 X129.23 Y118.331
G0 X128.07 Y118.347
G0 X123.922 Y114.744
G0 X122.637 Y114.298
G0 X120.882 Y114.437
G0 X113.641 Y110.5
G0 X113.035 Y109.672
G1 F1500 E38.50852
G0 F7200 X113.038 Y109.765
;TIME_ELAPSED:329.056646
;LAYER:29
;TYPE:WALL-OUTER
;MESH:output_v2\A_fina_suporte.stl
G1 F1800 X112.725 Y109.886 E38.51273
G1 X112.724 Y109.421 E38.51856
G1 X112.78 Y109.394 E38.51934
G1 X113.164 Y109.246 E38.5245
G1 X113.164 Y109.732 E38.53059
G1 X113.038 Y109.765 E38.53223
G0 F7200 X112.852 Y109.837
G0 X113.125 Y109.463
G0 X113.064 Y109.463
G0 X114.856 Y109.67
G0 X114.962 Y109.765
G1 F1800 X114.836 Y109.732 E38.53386
G1 X114.836 Y109.246 E38.53995
G1 X115.225 Y109.396 E38.54278
G1 X115.275 Y109.42 E38.54347
G1 X115.276 Y109.886 E38.54932
G1 X114.962 Y109.765 E38.55099
G0 F7200 X114.836 Y109.732
G0 X114.836 Y109.662
G0 X114.875 Y109.661
G0 X114.938 Y109.656
G0 X114.847 Y112.262
G0 X114.962 Y112.765
G1 F1800 X114.836 Y112.732 E38.55262
G1 X114.836 Y112.246 E38.55872
G1 X115.225 Y112.396 E38.56154
G1 X115.275 Y112.42 E38.56224
G1 X115.275 Y112.886 E38.56808
G1 X114.962 Y112.765 E38.56975
G0 F7200 X114.836 Y112.732
G0 X114.836 Y112.662
G0 X114.875 Y112.662
G1 F1500 E32.06975
G0 F7200 X114.938 Y112.657
G0 X113.164 Y112.674
G1 F1500 E38.56975
G0 F7200 X113.038 Y112.766
G1 F1800 X112.725 Y112.886 E38.57395
G1 X112.724 Y112.421 E38.57978
G1 X112.78 Y112.394 E38.58056
G1 X113.164 Y112.246 E38.58572
G1 X113.165 Y112.732 E38.59182
G1 X113.038 Y112.766 E38.59347
G0 F7200 X112.852 Y112.837
G0 X113.125 Y112.464
G0 X113.064 Y112.463
G0 X113.153 Y115.262
G0 X113.038 Y115.765
G1 F1800 X112.725 Y115.886 E38.59767
G1 X112.724 Y115.421 E38.6035
G1 X112.78 Y115.394 E38.60428
G1 X113.164 Y115.246 E38.60945
G1 X113.164 Y115.732 E38.61554
G1 X113.038 Y115.765 E38.61717
G0 F7200 X112.852 Y115.837
G0 X113.125 Y115.463
G1 F1500 E32.11717
G0 F7200 X113.064 Y115.463
G0 X114.856 Y115.67
G1 F1500 E38.61717
G0 F7200 X114.962 Y115.765
G1 F1800 X114.836 Y115.732 E38.61881
G1 X114.836 Y115.246 E38.6249
G1 X115.225 Y115.396 E38.62772
G1 X115.275 Y115.42 E38.62842
G1 X115.275 Y115.886 E38.63426
G1 X114.962 Y115.765 E38.63593
G0 F7200 X114.836 Y115.732
G0 X114.836 Y115.662
G0 X114.875 Y115.662
G0 X114.938 Y115.657
G0 X114.847 Y118.262
G0 X114.962 Y118.765
G1 F1800 X114.836 Y118.732 E38.63756
G1 X114.836 Y118.246 E38.64366
G1 X115.225 Y118.396 E38.64648
G1 X115.275 Y118.42 E38.64718
G1 X115.276 Y118.886 E38.65302
G1 X114.962 Y118.765 E38.65469
G0 F7200 X114.836 Y118.732
G0 X114.836 Y118.662
G0 X115.041 Y118.586
;TYPE:SKIN
G1 F1800 X115.08 Y118.547 E38.65504
G0 F7200 X115.136 Y118.404
G0 X115.113 Y118.46
G0 X113.164 Y118.674
G0 X113.038 Y118.766
;TYPE:WALL-OUTER
G1 F1800 X112.725 Y118.886 E38.65924
G1 X112.724 Y118.421 E38.66507
G1 X112.78 Y118.394 E38.66585
G1 X113.164 Y118.246 E38.67101
G1 X113.165 Y118.732 E38.67711
G1 X113.038 Y118.766 E38.67876
G0 F7200 X112.852 Y118.837
G0 X113.125 Y118.464
G1 F1500 E32.17876
G0 F7200 X113.064 Y118.463
G0 X111.86 Y118.871
G0 X110.321 Y119.415
G0 X109.385 Y119.8
G1 F1500 E38.67876
G0 F7200 X109.455 Y119.9
G1 F1800 X109.052 Y119.9 E38.68381
G1 X109.052 Y119.4 E38.69008
G1 X109.456 Y119.4 E38.69515
G1 X109.455 Y119.9 E38.70142
G0 F7200 X109.255 Y119.9
G0 X109.255 Y119.8
G0 X110.321 Y119.415
G0 X111.88 Y120.226
G0 X116.123 Y120.231
G0 X119.86 Y118.871
G0 X121.008 Y118.671
G0 X121.038 Y118.766
G1 F1800 X120.725 Y118.886 E38.70562
G1 X120.724 Y118.421 E38.71145
G1 X120.78 Y118.394 E38.71223
G1 X121.164 Y118.246 E38.71739
G1 X121.165 Y118.732 E38.72349
G1 X121.038 Y118.766 E38.72514
G0 F7200 X120.852 Y118.837
G0 X121.125 Y118.464
G0 X121.064 Y118.463
G0 X122.856 Y118.673
G0 X122.962 Y118.765
G1 F1800 X122.836 Y118.732 E38.72677
G1 X122.836 Y118.246 E38.73287
G1 X123.225 Y118.396 E38.73569
G1 X123.275 Y118.42 E38.73638
G1 X123.275 Y118.886 E38.74223
G1 X122.962 Y118.765 E38.74389
G0 F7200 X122.836 Y118.732
G0 X122.836 Y118.662
G0 X122.875 Y118.662
G1 F1500 E32.24389
G0 F7200 X122.938 Y118.657
G0 X123.265 Y115.87
G1 F1500 E38.74389
G0 F7200 X122.962 Y115.765
G1 F1800 X122.836 Y115.732 E38.74553
G1 X122.836 Y115.246 E38.75162
G1 X123.225 Y115.396 E38.75444
G1 X123.275 Y115.42 E38.75514
G1 X123.276 Y115.886 E38.76098
G1 X122.962 Y115.765 E38.76266
G0 F7200 X122.836 Y115.732
G0 X122.836 Y115.662
G0 X122.875 Y115.661
G0 X122.938 Y115.656
G0 X121.144 Y115.67
G0 X121.038 Y115.765
G1 F1800 X120.725 Y115.886 E38.76687
G1 X120.724 Y115.421 E38.7727
G1 X120.78 Y115.394 E38.77348
G1 X121.164 Y115.246 E38.77864
G1 X121.164 Y115.732 E38.78473
G1 X121.038 Y115.765 E38.78637
G0 F7200 X120.852 Y115.837
G0 X121.125 Y115.463
G0 X121.064 Y115.463
G0 X120.736 Y112.87
G0 X121.038 Y112.766
G1 F1800 X120.725 Y112.886 E38.79057
G1 X120.724 Y112.421 E38.7964
G1 X120.78 Y112.394 E38.79718
G1 X121.164 Y112.246 E38.80234
G1 X121.165 Y112.732 E38.80844
G1 X121.038 Y112.766 E38.81008
G0 F7200 X120.852 Y112.837
G0 X121.125 Y112.464
G1 F1500 E32.31008
G0 F7200 X121.064 Y112.463
G0 X122.856 Y112.673
G1 F1500 E38.81008
G0 F7200 X122.962 Y112.765
G1 F1800 X122.836 Y112.732 E38.81172
G1 X122.836 Y112.246 E38.81781
G1 X123.225 Y112.396 E38.82064
G1 X123.275 Y112.42 E38.82133
G1 X123.275 Y112.886 E38.82718
G1 X122.962 Y112.765 E38.82884
G0 F7200 X122.836 Y112.732
G0 X122.836 Y112.662
G0 X123.03 Y112.577
;TYPE:SKIN
G1 F1800 X123.064 Y112.543 E38.82914
G0 F7200 X123.12 Y112.398
G0 X123.098 Y112.454
G0 X123.265 Y109.87
G0 X122.962 Y109.765
;TYPE:WALL-OUTER
G1 F1800 X122.836 Y109.732 E38.83078
G1 X122.836 Y109.246 E38.83687
G1 X123.225 Y109.396 E38.83969
G1 X123.275 Y109.42 E38.84039
G1 X123.276 Y109.886 E38.84623
G1 X122.962 Y109.765 E38.84791
G0 F7200 X122.836 Y109.732
G0 X122.836 Y109.662
G0 X122.875 Y109.661
G1 F1500 E32.34791
G0 F7200 X122.938 Y109.656
G0 X121.144 Y109.67
G1 F1500 E38.84791
G0 F7200 X121.038 Y109.765
G1 F1800 X120.725 Y109.886 E38.85212
G1 X120.724 Y109.421 E38.85795
G1 X120.78 Y109.394 E38.85873
G1 X121.164 Y109.246 E38.86389
G1 X121.164 Y109.732 E38.86998
G1 X121.038 Y109.765 E38.87161
G0 F7200 X120.852 Y109.837
G0 X120.918 Y109.598
;TYPE:SKIN
G1 F1800 X120.968 Y109.548 E38.87206
G0 F7200 X121.125 Y109.549
G0 X121.064 Y109.549
G0 X127.86 Y109.655
G0 X129.008 Y109.67
G0 X129.038 Y109.765
;TYPE:WALL-OUTER
G1 F1800 X128.725 Y109.886 E38.87627
G1 X128.724 Y109.421 E38.8821
G1 X128.78 Y109.394 E38.88288
G1 X129.164 Y109.246 E38.88804
G1 X129.164 Y109.732 E38.89413
G1 X129.038 Y109.765 E38.89577
G0 F7200 X128.852 Y109.837
G0 X129.125 Y109.463
G0 X129.064 Y109.463
G0 X130.856 Y109.67
G0 X130.962 Y109.765
G1 F1800 X130.836 Y109.732 E38.8974
G1 X130.836 Y109.246 E38.90349
G1 X131.225 Y109.396 E38.90632
G1 X131.275 Y109.42 E38.90701
G1 X131.276 Y109.886 E38.91286
G1 X130.962 Y109.765 E38.91453
G0 F7200 X130.836 Y109.732
G0 X130.836 Y109.662
G0 X130.875 Y109.661
G1 F1500 E32.41453
G0 F7200 X130.938 Y109.656
G0 X130.847 Y112.262
G1 F1500 E38.91453
G0 F7200 X130.962 Y112.765
G1 F1800 X130.836 Y112.732 E38.91616
G1 X130.836 Y112.246 E38.92226
G1 X131.225 Y112.396 E38.92508
G1 X131.275 Y112.42 E38.92578
G1 X131.275 Y112.886 E38.93162
G1 X130.962 Y112.765 E38.93329
G0 F7200 X130.836 Y112.732
G0 X130.836 Y112.662
G0 X130.875 Y112.662
G0 X130.938 Y112.657
G0 X129.144 Y112.67
G0 X129.038 Y112.765
G1 F1800 X128.725 Y112.886 E38.93749
G1 X128.725 Y112.42 E38.94334
G1 X128.775 Y112.396 E38.94403
G1 X129.164 Y112.246 E38.94926
G1 X129.164 Y112.732 E38.95536
G1 X129.038 Y112.765 E38.95699
G0 F7200 X128.852 Y112.837
G0 X129.125 Y112.463
G1 F1500 E32.45699
G0 F7200 X129.064 Y112.463
G0 X129.153 Y115.262
G1 F1500 E38.95699
G0 F7200 X129.038 Y115.765
G1 F1800 X128.725 Y115.886 E38.9612
G1 X128.725 Y115.42 E38.96704
G1 X128.775 Y115.396 E38.96774
G1 X129.164 Y115.246 E38.97297
G1 X129.164 Y115.732 E38.97906
G1 X129.038 Y115.765 E38.98069
G0 F7200 X128.852 Y115.837
G0 X129.125 Y115.463
G0 X129.064 Y115.463
G0 X130.856 Y115.67
G0 X130.962 Y115.765
G1 F1800 X130.836 Y115.732 E38.98233
G1 X130.836 Y115.246 E38.98842
G1 X131.225 Y115.396 E38.99125
G1 X131.275 Y115.42 E38.99194
G1 X131.276 Y115.886 E38.99778
G1 X130.962 Y115.765 E38.99946
G0 F7200 X130.836 Y115.732
G0 X130.836 Y115.662
G0 X131.048 Y115.59
;TYPE:SKIN
G1 F1800 X131.079 Y115.558 E38.99974
G0 F7200 X131.236 Y115.557
G0 X131.175 Y115.556
G0 X130.847 Y118.262
G0 X130.962 Y118.765
;TYPE:WALL-OUTER
G1 F1800 X130.836 Y118.732 E39.00137
G1 X130.836 Y118.246 E39.00747
G1 X131.225 Y118.396 E39.01029
G1 X131.275 Y118.42 E39.01098
G1 X131.275 Y118.886 E39.01683
G1 X130.962 Y118.765 E39.01849
G0 F7200 X130.836 Y118.732
G0 X130.836 Y118.662
G0 X130.875 Y118.662
G1 F1500 E32.51849
G0 F7200 X130.938 Y118.657
G0 X129.144 Y118.67
G1 F1500 E39.01849
G0 F7200 X129.038 Y118.765
G1 F1800 X128.725 Y118.886 E39.0227
G1 X128.724 Y118.421 E39.02853
G1 X128.78 Y118.394 E39.02931
G1 X129.164 Y118.246 E39.03447
G1 X129.164 Y118.732 E39.04057
G1 X129.038 Y118.765 E39.0422
G0 F7200 X128.852 Y118.837
G0 X128.918 Y118.569
;TYPE:SKIN
G1 F1800 X128.948 Y118.538 E39.04247
G0 F7200 X128.891 Y118.393
;MESH:NONMESH
G0 F600 X128.891 Y118.393 Z6.2
G0 F7200 X128.912 Y118.45
G0 X127.86 Y118.432
G0 X124.133 Y114.883
G0 X123.105 Y114.423
G0 X122.013 Y114.143
G0 X119.88 Y114.226
G0 X114.029 Y109.72
G0 X112.825 Y109.805
G0 X112.62 Y109.926
;TIME_ELAPSED:337.890081
;LAYER:30
;TYPE:WALL-OUTER
;MESH:output_v2\A_fina_suporte.stl
G1 F1800 X112.515 Y109.977 E39.04394
G1 X112.514 Y109.523 E39.04963
G1 X112.78 Y109.394 E39.05334
G1 X112.954 Y109.327 E39.05568
G1 X112.954 Y109.798 E39.06158
G1 X112.62 Y109.926 E39.06607
G0 F7200 X112.515 Y109.977
G0 X112.515 Y109.893
G0 X112.745 Y109.449
G1 F1500 E32.56607
G0 F7200 X112.773 Y109.509
G0 X115.066 Y109.787
G1 F1500 E39.06607
G0 F7200 X115.38 Y109.926
G1 F1800 X115.046 Y109.798 E39.07055
G1 X115.046 Y109.327 E39.07646
G1 X115.225 Y109.396 E39.07887
G1 X115.485 Y109.522 E39.08249
G1 X115.486 Y109.977 E39.08819
G1 X115.38 Y109.926 E39.08967
G0 F7200 X115.193 Y109.855
G0 X115.174 Y109.817
G0 X115.199 Y109.751
G0 X115.057 Y112.343
G0 X115.38 Y112.926
G1 F1800 X115.046 Y112.798 E39.09416
G1 X115.046 Y112.327 E39.10006
G1 X115.225 Y112.396 E39.10247
G1 X115.485 Y112.522 E39.10609
G1 X115.485 Y112.977 E39.1118
G1 X115.38 Y112.926 E39.11326
G0 F7200 X115.193 Y112.855
G0 X115.174 Y112.817
G0 X115.199 Y112.751
G0 X112.939 Y112.787
G0 X112.62 Y112.926
G1 F1800 X112.515 Y112.977 E39.11472
G1 X112.514 Y112.523 E39.12042
G1 X112.78 Y112.394 E39.12412
G1 X112.954 Y112.327 E39.12646
G1 X112.955 Y112.798 E39.13237
G1 X112.62 Y112.926 E39.13687
G0 F7200 X112.515 Y112.977
G0 X112.515 Y112.893
G0 X112.746 Y112.449
G0 X112.772 Y112.509
G0 X112.943 Y115.343
G0 X112.62 Y115.926
G1 F1800 X112.515 Y115.977 E39.13833
G1 X112.514 Y115.523 E39.14402
G1 X112.78 Y115.394 E39.14773
G1 X112.954 Y115.327 E39.15007
G1 X112.954 Y115.798 E39.15598
G1 X112.62 Y115.926 E39.16046
G0 F7200 X112.515 Y115.977
G0 X112.515 Y115.893
G0 X112.745 Y115.449
G0 X112.773 Y115.509
G0 X115.066 Y115.787
G0 X115.38 Y115.926
G1 F1800 X115.046 Y115.798 E39.16495
G1 X115.046 Y115.327 E39.17085
G1 X115.225 Y115.396 E39.17326
G1 X115.485 Y115.522 E39.17688
G1 X115.485 Y115.977 E39.18259
G1 X115.38 Y115.926 E39.18405
G0 F7200 X115.193 Y115.855
G0 X115.174 Y115.817
G0 X115.199 Y115.751
G0 X115.057 Y118.343
G0 X115.38 Y118.926
G1 F1800 X115.046 Y118.798 E39.18854
G1 X115.046 Y118.327 E39.19444
G1 X115.225 Y118.396 E39.19685
G1 X115.485 Y118.522 E39.20047
G1 X115.486 Y118.977 E39.20618
G1 X115.38 Y118.926 E39.20765
G0 F7200 X115.193 Y118.855
G0 X115.174 Y118.817
G0 X115.199 Y118.751
G0 X112.939 Y118.787
G0 X112.62 Y118.926
G1 F1800 X112.515 Y118.977 E39.20912
G1 X112.514 Y118.523 E39.21481
G1 X112.78 Y118.394 E39.21852
G1 X112.954 Y118.327 E39.22086
G1 X112.955 Y118.798 E39.22676
G1 X112.62 Y118.926 E39.23126
G0 F7200 X112.515 Y118.977
G0 X112.515 Y118.893
G0 X112.746 Y118.449
G0 X112.772 Y118.509
G0 X111.65 Y118.961
G0 X110.338 Y119.415
G0 X109.402 Y119.8
G0 X109.472 Y119.9
G1 F1800 X109.067 Y119.9 E39.23634
G1 X109.067 Y119.4 E39.24261
G1 X109.473 Y119.4 E39.2477
G1 X109.472 Y119.9 E39.25397
G0 F7200 X109.272 Y119.9
G0 X109.272 Y119.8
G0 X110.338 Y119.415
G0 X111.67 Y120.328
G0 X116.333 Y120.331
G0 X119.65 Y118.961
G0 X120.62 Y118.926
G1 F1800 X120.515 Y118.977 E39.25543
G1 X120.514 Y118.523 E39.26113
G1 X120.78 Y118.394 E39.26484
G1 X120.954 Y118.327 E39.26717
G1 X120.955 Y118.798 E39.27308
G1 X120.62 Y118.926 E39.27758
G0 F7200 X120.515 Y118.977
G0 X120.515 Y118.893
G0 X120.746 Y118.449
G1 F1500 E32.77758
G0 F7200 X120.772 Y118.509
G0 X123.066 Y118.787
G1 F1500 E39.27758
G0 F7200 X123.38 Y118.926
G1 F1800 X123.046 Y118.798 E39.28206
G1 X123.046 Y118.327 E39.28797
G1 X123.225 Y118.396 E39.29038
G1 X123.485 Y118.522 E39.294
G1 X123.485 Y118.977 E39.2997
G1 X123.38 Y118.926 E39.30117
G0 F7200 X123.193 Y118.855
G0 X123.174 Y118.817
G0 X123.199 Y118.751
G0 X123.476 Y115.961
G0 X123.38 Y115.926
G1 F1800 X123.046 Y115.798 E39.30565
G1 X123.046 Y115.327 E39.31156
G1 X123.225 Y115.396 E39.31397
G1 X123.485 Y115.522 E39.31759
G1 X123.486 Y115.977 E39.3233
G1 X123.38 Y115.926 E39.32477
G0 F7200 X123.193 Y115.855
G0 X123.174 Y115.817
G1 F1500 E32.82477
G0 F7200 X123.199 Y115.751
G0 X120.934 Y115.787
G1 F1500 E39.32477
G0 F7200 X120.62 Y115.926
G1 F1800 X120.515 Y115.977 E39.32623
G1 X120.514 Y115.523 E39.33193
G1 X120.78 Y115.394 E39.33563
G1 X120.954 Y115.327 E39.33797
G1 X120.954 Y115.798 E39.34388
G1 X120.62 Y115.926 E39.34836
G0 F7200 X120.515 Y115.977
G0 X120.515 Y115.893
G0 X120.745 Y115.449
G0 X120.773 Y115.509
G0 X120.525 Y112.96
G0 X120.62 Y112.926
G1 F1800 X120.515 Y112.977 E39.34983
G1 X120.514 Y112.523 E39.35552
G1 X120.78 Y112.394 E39.35923
G1 X120.954 Y112.327 E39.36157
G1 X120.955 Y112.798 E39.36747
G1 X120.62 Y112.926 E39.37197
G0 F7200 X120.515 Y112.977
G0 X120.515 Y112.893
G0 X120.746 Y112.449
G0 X120.772 Y112.509
G0 X123.062 Y112.787
G0 X123.38 Y112.926
G1 F1800 X123.046 Y112.798 E39.37646
G1 X123.046 Y112.327 E39.38236
G1 X123.225 Y112.396 E39.38477
G1 X123.485 Y112.522 E39.38839
G1 X123.485 Y112.977 E39.3941
G1 X123.38 Y112.926 E39.39556
G0 F7200 X123.193 Y112.855
G0 X123.174 Y112.817
G0 X123.199 Y112.751
G0 X123.476 Y109.961
G0 X123.38 Y109.926
G1 F1800 X123.046 Y109.798 E39.40005
G1 X123.046 Y109.327 E39.40595
G1 X123.225 Y109.396 E39.40836
G1 X123.485 Y109.522 E39.41198
G1 X123.486 Y109.977 E39.41769
G1 X123.38 Y109.926 E39.41916
G0 F7200 X123.193 Y109.855
G0 X123.174 Y109.817
G0 X123.199 Y109.751
G0 X120.934 Y109.787
G0 X120.62 Y109.926
G1 F1800 X120.515 Y109.977 E39.42063
G1 X120.514 Y109.523 E39.42632
G1 X120.78 Y109.394 E39.43003
G1 X120.954 Y109.327 E39.43237
G1 X120.954 Y109.798 E39.43827
G1 X120.62 Y109.926 E39.44276
G0 F7200 X120.515 Y109.977
G0 X120.515 Y109.893
G0 X120.745 Y109.449
G0 X120.773 Y109.509
G0 X121.819 Y109.787
G0 X124.333 Y111.331
G0 X127.65 Y109.772
G0 X128.62 Y109.926
G1 F1800 X128.515 Y109.977 E39.44422
G1 X128.514 Y109.523 E39.44992
G1 X128.78 Y109.394 E39.45362
G1 X128.954 Y109.327 E39.45596
G1 X128.954 Y109.798 E39.46187
G1 X128.62 Y109.926 E39.46635
G0 F7200 X128.515 Y109.977
G0 X128.515 Y109.893
G0 X128.745 Y109.449
G1 F1500 E32.96635
G0 F7200 X128.773 Y109.509
G0 X131.066 Y109.787
G1 F1500 E39.46635
G0 F7200 X131.38 Y109.926
G1 F1800 X131.046 Y109.798 E39.47084
G1 X131.046 Y109.327 E39.47675
G1 X131.225 Y109.396 E39.47915
G1 X131.485 Y109.522 E39.48277
G1 X131.486 Y109.977 E39.48848
G1 X131.38 Y109.926 E39.48996
G0 F7200 X131.193 Y109.855
G0 X131.174 Y109.817
G0 X131.199 Y109.751
G0 X131.057 Y112.343
G0 X131.38 Y112.926
G1 F1800 X131.046 Y112.798 E39.49444
G1 X131.046 Y112.327 E39.50035
G1 X131.225 Y112.396 E39.50275
G1 X131.485 Y112.522 E39.50638
G1 X131.485 Y112.977 E39.51208
G1 X131.38 Y112.926 E39.51355
G0 F7200 X131.193 Y112.855
G0 X131.174 Y112.817
G1 F1500 E33.01355
G0 F7200 X131.199 Y112.751
G0 X128.938 Y112.787
G1 F1500 E39.51355
G0 F7200 X128.62 Y112.926
G1 F1800 X128.515 Y112.977 E39.51501
G1 X128.515 Y112.522 E39.52072
G1 X128.775 Y112.396 E39.52434
G1 X128.954 Y112.327 E39.52674
G1 X128.954 Y112.798 E39.53265
G1 X128.62 Y112.926 E39.53714
G0 F7200 X128.515 Y112.977
G0 X128.515 Y112.893
G0 X128.746 Y112.449
G0 X128.772 Y112.509
G0 X128.943 Y115.343
G0 X128.62 Y115.926
G1 F1800 X128.515 Y115.977 E39.5386
G1 X128.515 Y115.522 E39.54431
G1 X128.775 Y115.396 E39.54793
G1 X128.954 Y115.327 E39.55034
G1 X128.954 Y115.798 E39.55624
G1 X128.62 Y115.926 E39.56073
G0 F7200 X128.515 Y115.977
G0 X128.515 Y115.893
G0 X128.746 Y115.449
G0 X128.772 Y115.509
G0 X131.066 Y115.787
G0 X131.38 Y115.926
G1 F1800 X131.046 Y115.798 E39.56521
G1 X131.046 Y115.327 E39.57112
G1 X131.225 Y115.396 E39.57353
G1 X131.485 Y115.522 E39.57715
G1 X131.486 Y115.977 E39.58285
G1 X131.38 Y115.926 E39.58433
G0 F7200 X131.193 Y115.855
G0 X131.174 Y115.817
G1 F1500 E33.08433
G0 F7200 X131.199 Y115.751
G0 X131.057 Y118.343
G1 F1500 E39.58433
G0 F7200 X131.38 Y118.926
G1 F1800 X131.046 Y118.798 E39.58882
G1 X131.046 Y118.327 E39.59472
G1 X131.225 Y118.396 E39.59713
G1 X131.485 Y118.522 E39.60075
G1 X131.485 Y118.977 E39.60646
G1 X131.38 Y118.926 E39.60792
G0 F7200 X131.193 Y118.855
G0 X131.174 Y118.817
G0 X131.199 Y118.751
G0 X128.934 Y118.787
G0 X128.62 Y118.926
G1 F1800 X128.515 Y118.977 E39.60938
G1 X128.514 Y118.523 E39.61508
G1 X128.78 Y118.394 E39.61878
G1 X128.954 Y118.327 E39.62112
G1 X128.954 Y118.798 E39.62703
G1 X128.62 Y118.926 E39.63151
G0 F7200 X128.515 Y118.977
G0 X128.515 Y118.893
G0 X128.745 Y118.449
G1 F1500 E33.13151
;MESH:NONMESH
G0 F600 X128.745 Y118.449 Z6.4
G0 F7200 X128.773 Y118.509
G0 X127.65 Y118.534
G0 X124.333 Y117.331
G0 X122.19 Y116.45
G0 X121.803 Y114.203
G0 X119.67 Y114.328
G0 X114.19 Y110.45
G0 X112.938 Y109.787
G1 F1500 E39.63151
G0 F7200 X112.621 Y109.926
;TIME_ELAPSED:345.687404
;LAYER:31
;TYPE:WALL-OUTER
;MESH:output_v2\A_fina_suporte.stl
G1 F1800 X112.305 Y110.08 E39.63592
G1 X112.304 Y109.625 E39.64163
G1 X112.744 Y109.411 E39.64776
G1 X112.744 Y109.879 E39.65363
G1 X112.621 Y109.926 E39.65528
G0 F7200 X112.441 Y110.013
G0 X112.705 Y109.653
G0 X112.644 Y109.653
G0 X115.276 Y109.835
G0 X115.38 Y109.926
G1 F1800 X115.256 Y109.879 E39.65695
G1 X115.256 Y109.411 E39.66282
G1 X115.695 Y109.624 E39.66639
G1 X115.696 Y110.08 E39.67191
G1 X115.38 Y109.926 E39.6737
G0 F7200 X115.256 Y109.879
G0 X115.256 Y109.811
G0 X115.295 Y109.81
G0 X115.356 Y109.81
G0 X115.266 Y112.427
G0 X115.379 Y112.926
G1 F1800 X115.256 Y112.879 E39.67536
G1 X115.256 Y112.411 E39.68122
G1 X115.695 Y112.624 E39.6848
G1 X115.695 Y113.08 E39.69032
G1 X115.379 Y112.926 E39.69212
G0 F7200 X115.256 Y112.879
G0 X115.256 Y112.81
G0 X115.295 Y112.81
G0 X115.356 Y112.81
G0 X112.724 Y112.835
G0 X112.621 Y112.926
G1 F1800 X112.305 Y113.08 E39.69653
G1 X112.304 Y112.625 E39.70223
G1 X112.744 Y112.411 E39.70837
G1 X112.744 Y112.879 E39.71424
G1 X112.621 Y112.926 E39.71589
G0 F7200 X112.441 Y113.013
G0 X112.705 Y112.653
G1 F1500 E33.21589
G0 F7200 X112.644 Y112.653
G0 X112.734 Y115.427
G1 F1500 E39.71589
G0 F7200 X112.621 Y115.926
G1 F1800 X112.305 Y116.08 E39.7203
G1 X112.304 Y115.625 E39.726
G1 X112.744 Y115.411 E39.73214
G1 X112.744 Y115.879 E39.73801
G1 X112.621 Y115.926 E39.73966
G0 F7200 X112.441 Y116.013
G0 X112.705 Y115.653
G0 X112.644 Y115.653
G0 X115.276 Y115.835
G0 X115.379 Y115.926
G1 F1800 X115.256 Y115.879 E39.74131
G1 X115.256 Y115.411 E39.74718
G1 X115.695 Y115.624 E39.75076
G1 X115.695 Y116.08 E39.75628
G1 X115.379 Y115.926 E39.75808
G0 F7200 X115.256 Y115.879
G0 X115.256 Y115.81
G0 X115.295 Y115.81
G1 F1500 E33.25808
G0 F7200 X115.356 Y115.81
G0 X115.266 Y118.427
G1 F1500 E39.75808
G0 F7200 X115.38 Y118.926
G1 F1800 X115.256 Y118.879 E39.75974
G1 X115.256 Y118.411 E39.76561
G1 X115.695 Y118.624 E39.76918
G1 X115.696 Y119.08 E39.7747
G1 X115.38 Y118.926 E39.7765
G0 F7200 X115.256 Y118.879
G0 X115.256 Y118.811
G0 X115.295 Y118.81
G0 X115.356 Y118.81
G0 X112.724 Y118.835
G0 X112.621 Y118.926
G1 F1800 X112.305 Y119.08 E39.7809
G1 X112.304 Y118.625 E39.78661
G1 X112.744 Y118.411 E39.79275
G1 X112.744 Y118.879 E39.79862
G1 X112.621 Y118.926 E39.80027
G0 F7200 X112.441 Y119.013
G0 X112.705 Y118.653
G1 F1500 E33.30027
G0 F7200 X112.644 Y118.653
G0 X111.44 Y119.065
G0 X110.354 Y119.415
G0 X109.418 Y119.8
G1 F1500 E39.80027
G0 F7200 X109.488 Y119.9
G1 F1800 X109.083 Y119.9 E39.80535
G1 X109.084 Y119.4 E39.81162
G1 X109.489 Y119.4 E39.81669
G1 X109.488 Y119.9 E39.82296
G0 F7200 X109.288 Y119.9
G0 X109.288 Y119.8
G0 X110.354 Y119.415
G0 X111.46 Y120.43
G0 X116.543 Y120.433
G0 X119.44 Y119.065
G0 X120.582 Y118.835
G0 X120.621 Y118.926
G1 F1800 X120.305 Y119.08 E39.82737
G1 X120.304 Y118.625 E39.83308
G1 X120.744 Y118.411 E39.83921
G1 X120.744 Y118.879 E39.84508
G1 X120.621 Y118.926 E39.84673
G0 F7200 X120.441 Y119.013
G0 X120.705 Y118.653
G0 X120.644 Y118.653
G0 X123.276 Y118.835
G0 X123.379 Y118.926
G1 F1800 X123.256 Y118.879 E39.84839
G1 X123.256 Y118.411 E39.85425
G1 X123.695 Y118.624 E39.85783
G1 X123.695 Y119.08 E39.86335
G1 X123.379 Y118.926 E39.86515
G0 F7200 X123.256 Y118.879
G0 X123.256 Y118.81
G0 X123.295 Y118.81
G1 F1500 E33.36515
G0 F7200 X123.356 Y118.81
G0 X123.686 Y116.064
G1 F1500 E39.86515
G0 F7200 X123.38 Y115.926
G1 F1800 X123.256 Y115.879 E39.86681
G1 X123.256 Y115.411 E39.87268
G1 X123.695 Y115.624 E39.87626
G1 X123.696 Y116.08 E39.88178
G1 X123.38 Y115.926 E39.88357
G0 F7200 X123.256 Y115.879
G0 X123.256 Y115.811
G0 X123.295 Y115.81
G0 X123.356 Y115.81
G0 X120.729 Y115.867
G0 X120.62 Y115.926
G1 F1800 X120.305 Y116.079 E39.88796
G1 X120.304 Y115.625 E39.89366
G1 X120.744 Y115.411 E39.89979
G1 X120.745 Y115.878 E39.90565
G1 X120.62 Y115.926 E39.90733
G0 F7200 X120.44 Y116.013
G0 X120.705 Y115.653
G0 X120.644 Y115.652
G0 X120.315 Y113.064
G0 X120.621 Y112.926
G1 F1800 X120.305 Y113.08 E39.91173
G1 X120.304 Y112.625 E39.91744
G1 X120.744 Y112.411 E39.92358
G1 X120.744 Y112.879 E39.92945
G1 X120.621 Y112.926 E39.9311
G0 F7200 X120.441 Y113.013
G0 X120.705 Y112.653
G1 F1500 E33.4311
G0 F7200 X120.644 Y112.653
G0 X123.276 Y112.835
G1 F1500 E39.9311
G0 F7200 X123.379 Y112.926
G1 F1800 X123.256 Y112.879 E39.93275
G1 X123.256 Y112.411 E39.93862
G1 X123.695 Y112.624 E39.94219
G1 X123.695 Y113.08 E39.94771
G1 X123.379 Y112.926 E39.94951
G0 F7200 X123.256 Y112.879
G0 X123.256 Y112.81
G0 X123.295 Y112.81
G0 X123.356 Y112.81
G0 X123.686 Y110.064
G0 X123.38 Y109.926
G1 F1800 X123.256 Y109.879 E39.95118
G1 X123.256 Y109.411 E39.95705
G1 X123.695 Y109.624 E39.96062
G1 X123.696 Y110.08 E39.96614
G1 X123.38 Y109.926 E39.96793
G0 F7200 X123.256 Y109.879
G0 X123.256 Y109.811
G0 X123.295 Y109.81
G0 X123.356 Y109.81
G0 X120.729 Y109.867
G0 X120.62 Y109.926
G1 F1800 X120.305 Y110.079 E39.97232
G1 X120.304 Y109.625 E39.97802
G1 X120.744 Y109.411 E39.98415
G1 X120.745 Y109.878 E39.99001
G1 X120.62 Y109.926 E39.99169
G0 F7200 X120.44 Y110.013
G0 X120.705 Y109.653
G1 F1500 E33.49169
G0 F7200 X120.644 Y109.652
G0 X122.399 Y110.47
G0 X124.543 Y111.433
G0 X127.44 Y109.852
G0 X128.581 Y109.835
G1 F1500 E39.99169
G0 F7200 X128.62 Y109.926
G1 F1800 X128.305 Y110.079 E39.99608
G1 X128.304 Y109.625 E40.00177
G1 X128.744 Y109.411 E40.00791
G1 X128.745 Y109.878 E40.01377
G1 X128.62 Y109.926 E40.01544
G0 F7200 X128.44 Y110.013
G0 X128.705 Y109.653
G0 X128.644 Y109.652
G0 X131.276 Y109.867
G0 X131.38 Y109.926
G1 F1800 X131.256 Y109.879 E40.01711
G1 X131.256 Y109.411 E40.02298
G1 X131.695 Y109.624 E40.02655
G1 X131.696 Y110.08 E40.03207
G1 X131.38 Y109.926 E40.03386
G0 F7200 X131.256 Y109.879
G0 X131.256 Y109.811
G0 X131.295 Y109.81
G0 X131.356 Y109.81
G0 X131.266 Y112.427
G0 X131.379 Y112.926
G1 F1800 X131.256 Y112.879 E40.03551
G1 X131.256 Y112.411 E40.04138
G1 X131.695 Y112.624 E40.04496
G1 X131.695 Y113.08 E40.05048
G1 X131.379 Y112.926 E40.05228
G0 F7200 X131.256 Y112.879
G0 X131.256 Y112.81
G0 X131.295 Y112.81
G0 X131.356 Y112.81
G0 X128.724 Y112.835
G0 X128.621 Y112.926
G1 F1800 X128.305 Y113.08 E40.05669
G1 X128.305 Y112.624 E40.06241
G1 X128.744 Y112.411 E40.06853
G1 X128.744 Y112.879 E40.07439
G1 X128.621 Y112.926 E40.07605
G0 F7200 X128.441 Y113.013
G0 X128.705 Y112.653
G0 X128.644 Y112.653
G0 X128.734 Y115.427
G0 X128.62 Y115.926
G1 F1800 X128.305 Y116.079 E40.08044
G1 X128.305 Y115.624 E40.08614
G1 X128.744 Y115.411 E40.09226
G1 X128.745 Y115.878 E40.09812
G1 X128.62 Y115.926 E40.0998
G0 F7200 X128.44 Y116.013
G0 X128.705 Y115.653
G0 X128.644 Y115.652
G0 X131.276 Y115.867
G0 X131.38 Y115.926
G1 F1800 X131.256 Y115.879 E40.10146
G1 X131.256 Y115.411 E40.10733
G1 X131.695 Y115.624 E40.1109
G1 X131.696 Y116.08 E40.11642
G1 X131.38 Y115.926 E40.11822
G0 F7200 X131.256 Y115.879
G0 X131.256 Y115.811
G0 X131.295 Y115.81
G0 X131.356 Y115.81
G0 X131.266 Y118.427
G0 X131.379 Y118.926
G1 F1800 X131.256 Y118.879 E40.11987
G1 X131.256 Y118.411 E40.12574
G1 X131.695 Y118.624 E40.12931
G1 X131.695 Y119.08 E40.13483
G1 X131.379 Y118.926 E40.13663
G0 F7200 X131.256 Y118.879
G0 X131.256 Y118.81
G0 X131.295 Y118.81
G0 X131.356 Y118.81
G0 X128.724 Y118.835
G0 X128.621 Y118.926
G1 F1800 X128.305 Y119.08 E40.14104
G1 X128.304 Y118.625 E40.14675
G1 X128.744 Y118.411 E40.15288
G1 X128.744 Y118.879 E40.15875
G1 X128.621 Y118.926 E40.1604
G0 F7200 X128.441 Y119.013
G0 X128.705 Y118.653
;MESH:NONMESH
G0 F600 X128.705 Y118.653 Z6.6
G0 F7200 X128.644 Y118.653
G0 X127.44 Y118.636
G0 X124.543 Y117.433
G0 X122.399 Y116.47
G0 X121.59 Y114.178
G0 X119.46 Y114.43
G0 X114.695 Y110.556
G0 X113.609 Y109.868
G0 X112.493 Y109.877
G0 X112.534 Y109.968
;TIME_ELAPSED:353.009742
;LAYER:32
;TYPE:WALL-OUTER
;MESH:output_v2\A_fina_suporte.stl
G1 F1800 X112.095 Y110.182 E40.16653
G1 X112.094 Y109.727 E40.17223
G1 X112.534 Y109.513 E40.17837
G1 X112.534 Y109.968 E40.18408
G0 F7200 X112.355 Y110.055
G0 X112.351 Y110.046
G1 F1500 E33.68408
G0 F7200 X112.314 Y109.965
G0 X112.524 Y112.529
G1 F1500 E40.18408
G0 F7200 X112.534 Y112.968
G1 F1800 X112.095 Y113.182 E40.1902
G1 X112.094 Y112.727 E40.19591
G1 X112.534 Y112.513 E40.20204
G1 X112.534 Y112.968 E40.20775
G0 F7200 X112.355 Y113.055
G0 X112.351 Y113.046
G0 X112.314 Y112.965
G0 X112.524 Y115.529
G0 X112.534 Y115.968
G1 F1800 X112.095 Y116.182 E40.21387
G1 X112.094 Y115.727 E40.21958
G1 X112.534 Y115.513 E40.22571
G1 X112.534 Y115.968 E40.23142
G0 F7200 X112.355 Y116.055
G0 X112.351 Y116.046
G0 X112.314 Y115.965
G0 X112.524 Y118.529
G0 X112.534 Y118.968
G1 F1800 X112.095 Y119.182 E40.23754
G1 X112.094 Y118.727 E40.24325
G1 X112.534 Y118.513 E40.24939
G1 X112.534 Y118.968 E40.25509
G0 F7200 X112.355 Y119.055
G0 X112.351 Y119.046
G0 X112.314 Y118.965
G0 X109.5 Y119.414
G0 X109.513 Y119.9
G1 F1800 X109.108 Y119.9 E40.26017
G1 X109.109 Y119.4 E40.26644
G1 X109.514 Y119.4 E40.27152
G1 X109.513 Y119.9 E40.27779
G0 F7200 X109.313 Y119.9
G0 X109.313 Y119.8
G0 X110.379 Y119.415
G0 X111.25 Y120.532
G0 X114.601 Y118.958
G0 X115.805 Y118.778
G0 X115.905 Y118.726
G1 F1800 X115.906 Y119.182 E40.28351
G1 X115.466 Y118.968 E40.28964
G1 X115.466 Y118.513 E40.29535
G1 X115.905 Y118.726 E40.30147
G0 F7200 X115.905 Y118.926
G0 X115.866 Y118.925
G0 X115.805 Y118.924
G0 X115.895 Y116.165
G0 X115.905 Y115.726
G1 F1800 X115.905 Y116.181 E40.30717
G1 X115.466 Y115.968 E40.31329
G1 X115.466 Y115.513 E40.319
G1 X115.905 Y115.726 E40.32512
G0 F7200 X115.905 Y115.926
G0 X115.866 Y115.926
G0 X115.805 Y115.926
G0 X115.895 Y113.165
G0 X115.905 Y112.726
G1 F1800 X115.905 Y113.181 E40.33082
G1 X115.466 Y112.968 E40.33694
G1 X115.466 Y112.513 E40.34265
G1 X115.905 Y112.726 E40.34877
G0 F7200 X115.905 Y112.926
G0 X115.866 Y112.926
G0 X115.805 Y112.926
G0 X115.896 Y110.166
G0 X115.905 Y109.726
G1 F1800 X115.906 Y110.182 E40.35449
G1 X115.466 Y109.968 E40.36062
G1 X115.466 Y109.513 E40.36633
G1 X115.905 Y109.726 E40.37245
G0 F7200 X115.905 Y109.926
G0 X115.866 Y109.925
G1 F1500 E33.87245
G0 F7200 X115.805 Y109.924
G0 X119.23 Y109.916
G0 X120.434 Y109.915
G1 F1500 E40.37245
G0 F7200 X120.535 Y109.968
G1 F1800 X120.095 Y110.182 E40.37858
G1 X120.094 Y109.727 E40.38429
G1 X120.534 Y109.513 E40.39042
G1 X120.535 Y109.968 E40.39613
G0 F7200 X120.356 Y110.055
G0 X120.352 Y110.046
G1 F1500 E33.89613
G0 F7200 X120.315 Y109.965
G0 X120.524 Y112.529
G1 F1500 E40.39613
G0 F7200 X120.534 Y112.968
G1 F1800 X120.095 Y113.182 E40.40225
G1 X120.094 Y112.727 E40.40796
G1 X120.534 Y112.513 E40.4141
G1 X120.534 Y112.968 E40.4198
G0 F7200 X120.355 Y113.055
G0 X120.351 Y113.046
G1 F1500 E33.9198
G0 F7200 X120.314 Y112.965
G0 X120.524 Y115.529
G1 F1500 E40.4198
G0 F7200 X120.535 Y115.968
G1 F1800 X120.095 Y116.182 E40.42594
G1 X120.094 Y115.727 E40.43164
G1 X120.534 Y115.513 E40.43778
G1 X120.535 Y115.968 E40.44349
G0 F7200 X120.356 Y116.055
G0 X120.352 Y116.046
G1 F1500 E33.94349
G0 F7200 X120.315 Y115.965
G0 X120.524 Y118.529
G1 F1500 E40.44349
G0 F7200 X120.534 Y118.968
G1 F1800 X120.095 Y119.182 E40.44961
G1 X120.094 Y118.727 E40.45532
G1 X120.534 Y118.513 E40.46145
G1 X120.534 Y118.968 E40.46716
G0 F7200 X120.355 Y119.055
G0 X120.351 Y119.046
G0 X120.314 Y118.965
G0 X121.399 Y118.779
G0 X122.601 Y118.779
G0 X123.805 Y118.779
G0 X123.905 Y118.726
G1 F1800 X123.905 Y119.181 E40.47286
G1 X123.466 Y118.968 E40.47898
G1 X123.466 Y118.513 E40.48469
G1 X123.905 Y118.726 E40.49081
G0 F7200 X123.905 Y118.926
G0 X123.866 Y118.926
G1 F1500 E33.99081
G0 F7200 X123.805 Y118.926
G0 X123.896 Y116.166
G1 F1500 E40.49081
G0 F7200 X123.905 Y115.726
G1 F1800 X123.906 Y116.182 E40.49653
G1 X123.466 Y115.968 E40.50266
G1 X123.466 Y115.513 E40.50837
G1 X123.905 Y115.726 E40.51449
G0 F7200 X123.905 Y115.926
G0 X123.866 Y115.925
G1 F1500 E34.01449
G0 F7200 X123.805 Y115.924
G0 X123.895 Y113.165
G1 F1500 E40.51449
G0 F7200 X123.905 Y112.726
G1 F1800 X123.905 Y113.181 E40.52019
G1 X123.466 Y112.968 E40.52631
G1 X123.466 Y112.513 E40.53202
G1 X123.905 Y112.726 E40.53814
G0 F7200 X123.905 Y112.926
G0 X123.866 Y112.926
G1 F1500 E34.03814
G0 F7200 X123.805 Y112.926
G0 X123.896 Y110.166
G1 F1500 E40.53814
G0 F7200 X123.905 Y109.726
G1 F1800 X123.906 Y110.182 E40.54385
G1 X123.466 Y109.968 E40.54999
G1 X123.466 Y109.513 E40.5557
G1 X123.905 Y109.726 E40.56182
G0 F7200 X123.905 Y109.926
G0 X123.866 Y109.925
G1 F1500 E34.06182
G0 F7200 X123.805 Y109.924
G0 X127.23 Y109.916
G0 X128.434 Y109.915
G1 F1500 E40.56182
G0 F7200 X128.535 Y109.968
G1 F1800 X128.095 Y110.182 E40.56795
G1 X128.094 Y109.727 E40.57366
G1 X128.534 Y109.513 E40.57979
G1 X128.535 Y109.968 E40.5855
G0 F7200 X128.356 Y110.055
G0 X128.352 Y110.046
G1 F1500 E34.0855
G0 F7200 X128.315 Y109.965
G0 X128.524 Y112.529
G1 F1500 E40.5855
G0 F7200 X128.534 Y112.968
G1 F1800 X128.095 Y113.181 E40.59162
G1 X128.095 Y112.726 E40.59732
G1 X128.534 Y112.513 E40.60344
G1 X128.534 Y112.968 E40.60915
G0 F7200 X128.354 Y113.055
G0 X128.35 Y113.047
G1 F1500 E34.10915
G0 F7200 X128.313 Y112.964
G0 X128.524 Y115.529
G1 F1500 E40.60915
G0 F7200 X128.535 Y115.968
G1 F1800 X128.095 Y116.182 E40.61528
G1 X128.095 Y115.726 E40.621
G1 X128.534 Y115.513 E40.62712
G1 X128.535 Y115.968 E40.63283
G0 F7200 X128.356 Y116.055
G0 X128.351 Y116.047
G1 F1500 E34.13283
G0 F7200 X128.314 Y115.965
G0 X128.524 Y118.529
G1 F1500 E40.63283
G0 F7200 X128.534 Y118.968
G1 F1800 X128.095 Y119.182 E40.63895
G1 X128.094 Y118.727 E40.64466
G1 X128.534 Y118.513 E40.65079
G1 X128.534 Y118.968 E40.6565
G0 F7200 X128.355 Y119.055
G0 X128.351 Y119.046
G1 F1500 E34.1565
G0 F7200 X128.314 Y118.965
G0 X129.399 Y118.779
G0 X130.601 Y118.779
G0 X131.805 Y118.779
G1 F1500 E40.6565
G0 F7200 X131.905 Y118.726
G1 F1800 X131.905 Y119.181 E40.66221
G1 X131.466 Y118.968 E40.66832
G1 X131.466 Y118.513 E40.67403
G1 X131.905 Y118.726 E40.68015
G0 F7200 X131.905 Y118.926
G0 X131.866 Y118.926
G0 X131.805 Y118.926
G0 X131.896 Y116.166
G0 X131.905 Y115.726
G1 F1800 X131.906 Y116.182 E40.68587
G1 X131.466 Y115.968 E40.692
G1 X131.466 Y115.513 E40.69771
G1 X131.905 Y115.726 E40.70383
G0 F7200 X131.905 Y115.926
G0 X131.866 Y115.925
G1 F1500 E34.20383
G0 F7200 X131.805 Y115.924
G0 X131.895 Y113.165
G1 F1500 E40.70383
G0 F7200 X131.905 Y112.726
G1 F1800 X131.905 Y113.181 E40.70953
G1 X131.466 Y112.968 E40.71565
G1 X131.466 Y112.513 E40.72136
G1 X131.905 Y112.726 E40.72748
G0 F7200 X131.905 Y112.926
G0 X131.866 Y112.926
G1 F1500 E34.22748
G0 F7200 X131.805 Y112.926
G0 X131.896 Y110.166
G1 F1500 E40.72748
G0 F7200 X131.905 Y109.726
G1 F1800 X131.906 Y110.182 E40.7332
G1 X131.466 Y109.968 E40.73933
G1 X131.466 Y109.513 E40.74504
G1 X131.905 Y109.726 E40.75116
G0 F7200 X131.905 Y109.926
G0 X131.866 Y109.925
;MESH:NONMESH
G0 F600 X131.866 Y109.925 Z6.8
G0 F7200 X131.805 Y109.924
G0 X130.601 Y109.958
G0 X127.25 Y111.532
G0 X124.753 Y111.535
G0 X120.97 Y110.717
G0 X119.25 Y111.532
G0 X116.753 Y111.535
G0 X113.399 Y109.958
G0 X112.283 Y109.98
G0 X112.325 Y110.07
;TIME_ELAPSED:364.896982
;LAYER:33
;TYPE:WALL-OUTER
;MESH:output_v2\A_fina_suporte.stl
G1 F1800 X111.885 Y110.284 E40.75729
G1 X111.884 Y109.829 E40.763
G1 X112.324 Y109.615 E40.76913
G1 X112.325 Y110.07 E40.77484
G0 F7200 X112.146 Y110.157
G0 X112.142 Y110.148
G1 F1500 E34.27484
G0 F7200 X112.105 Y110.067
G0 X112.314 Y112.631
G1 F1500 E40.77484
G0 F7200 X112.325 Y113.07
G1 F1800 X111.885 Y113.284 E40.78098
G1 X111.884 Y112.829 E40.78668
G1 X112.324 Y112.615 E40.79282
G1 X112.325 Y113.07 E40.79852
G0 F7200 X112.146 Y113.157
G0 X112.142 Y113.148
G1 F1500 E34.29852
G0 F7200 X112.105 Y113.067
G0 X112.314 Y115.631
G1 F1500 E40.79852
G0 F7200 X112.325 Y116.07
G1 F1800 X111.884 Y116.284 E40.80467
G1 X111.884 Y115.829 E40.81038
G1 X112.324 Y115.615 E40.81651
G1 X112.325 Y116.07 E40.82222
G0 F7200 X112.145 Y116.157
G0 X112.142 Y116.148
G1 F1500 E34.32222
G0 F7200 X112.104 Y116.066
G0 X112.314 Y118.631
G1 F1500 E40.82222
G0 F7200 X112.325 Y119.07
G1 F1800 X111.884 Y119.284 E40.82837
G1 X111.884 Y118.829 E40.83407
G1 X112.324 Y118.615 E40.84021
G1 X112.325 Y119.07 E40.84591
G0 F7200 X112.145 Y119.157
G0 X112.142 Y119.148
G0 X112.104 Y119.066
G0 X109.529 Y119.414
G0 X109.542 Y119.9
G1 F1800 X109.133 Y119.9 E40.85104
G1 X109.134 Y119.4 E40.85731
G1 X109.543 Y119.4 E40.86244
G1 X109.542 Y119.9 E40.86871
G0 F7200 X109.342 Y119.9
G0 X109.342 Y119.8
G1 F1500 E34.36871
G0 F7200 X110.408 Y119.415
G0 X111.038 Y120.636
G0 X114.811 Y119.061
G0 X116.016 Y118.882
G1 F1500 E40.86871
G0 F7200 X116.116 Y118.829
G1 F1800 X116.116 Y119.285 E40.87443
G1 X115.676 Y119.071 E40.88057
G1 X115.676 Y118.615 E40.88628
G1 X116.116 Y118.829 E40.89242
G0 F7200 X116.116 Y119.029
G0 X116.076 Y119.029
G1 F1500 E34.39242
G0 F7200 X116.016 Y119.029
G0 X116.105 Y116.268
G1 F1500 E40.89242
G0 F7200 X116.116 Y115.829
G1 F1800 X116.115 Y116.284 E40.89813
G1 X115.676 Y116.071 E40.90424
G1 X115.676 Y115.615 E40.90996
G1 X116.116 Y115.829 E40.9161
G0 F7200 X116.116 Y116.029
G0 X116.076 Y116.028
G0 X116.016 Y116.028
G0 X116.105 Y113.268
G0 X116.116 Y112.829
G1 F1800 X116.115 Y113.284 E40.9218
G1 X115.676 Y113.071 E40.92792
G1 X115.676 Y112.615 E40.93364
G1 X116.116 Y112.829 E40.93978
G0 F7200 X116.116 Y113.029
G0 X116.076 Y113.028
G1 F1500 E34.43978
G0 F7200 X116.016 Y113.028
G0 X116.106 Y110.269
G1 F1500 E40.93978
G0 F7200 X116.116 Y109.829
G1 F1800 X116.116 Y110.285 E40.9455
G1 X115.676 Y110.071 E40.95163
G1 X115.676 Y109.615 E40.95735
G1 X116.116 Y109.829 E40.96349
G0 F7200 X116.116 Y110.029
G0 X116.076 Y110.029
G1 F1500 E34.46349
G0 F7200 X116.016 Y110.029
G0 X119.02 Y109.996
G0 X120.234 Y110.003
G1 F1500 E40.96349
G0 F7200 X120.324 Y110.071
G1 F1800 X119.885 Y110.284 E40.96961
G1 X119.884 Y109.829 E40.97531
G1 X120.324 Y109.615 E40.98145
G1 X120.324 Y110.071 E40.98717
G0 F7200 X120.144 Y110.158
G0 X120.141 Y110.148
G0 X120.103 Y110.067
G0 X120.314 Y112.631
G0 X120.324 Y113.071
G1 F1800 X119.885 Y113.284 E40.99328
G1 X119.884 Y112.829 E40.99899
G1 X120.324 Y112.615 E41.00513
G1 X120.324 Y113.071 E41.01084
G0 F7200 X120.144 Y113.158
G0 X120.141 Y113.148
G1 F1500 E34.51084
G0 F7200 X120.103 Y113.067
G0 X120.314 Y115.631
G1 F1500 E41.01084
G0 F7200 X120.325 Y116.07
G1 F1800 X119.884 Y116.284 E41.01699
G1 X119.884 Y115.829 E41.0227
G1 X120.324 Y115.615 E41.02883
G1 X120.325 Y116.07 E41.03454
G0 F7200 X120.145 Y116.157
G0 X120.142 Y116.148
G1 F1500 E34.53454
G0 F7200 X120.104 Y116.066
G0 X120.314 Y118.631
G1 F1500 E41.03454
G0 F7200 X120.325 Y119.07
G1 F1800 X119.884 Y119.284 E41.04069
G1 X119.884 Y118.829 E41.04639
G1 X120.324 Y118.615 E41.05253
G1 X120.325 Y119.07 E41.05823
G0 F7200 X120.145 Y119.157
G0 X120.142 Y119.148
G0 X120.104 Y119.066
G0 X121.189 Y118.888
G0 X122.81 Y118.889
G0 X124.016 Y118.881
G0 X124.116 Y118.829
G1 F1800 X124.115 Y119.284 E41.06394
G1 X123.675 Y119.07 E41.07008
G1 X123.675 Y118.615 E41.07578
G1 X124.116 Y118.829 E41.08193
G0 F7200 X124.116 Y119.029
G0 X124.075 Y119.028
G1 F1500 E34.58193
G0 F7200 X124.016 Y119.028
G0 X124.106 Y116.268
G1 F1500 E41.08193
G0 F7200 X124.116 Y115.829
G1 F1800 X124.116 Y116.284 E41.08763
G1 X123.675 Y116.07 E41.09378
G1 X123.675 Y115.615 E41.09949
G1 X124.116 Y115.829 E41.10563
G0 F7200 X124.116 Y116.029
G0 X124.075 Y116.029
G1 F1500 E34.60563
G0 F7200 X124.016 Y116.029
G0 X124.105 Y113.268
G1 F1500 E41.10563
G0 F7200 X124.116 Y112.829
G1 F1800 X124.115 Y113.284 E41.11134
G1 X123.675 Y113.07 E41.11748
G1 X123.676 Y112.615 E41.12318
G1 X124.116 Y112.829 E41.12932
G0 F7200 X124.116 Y113.029
G0 X124.075 Y113.028
G0 X124.016 Y113.028
G0 X124.106 Y110.268
G0 X124.116 Y109.829
G1 F1800 X124.116 Y110.284 E41.13502
G1 X123.675 Y110.07 E41.14117
G1 X123.676 Y109.615 E41.14688
G1 X124.116 Y109.829 E41.15301
G0 F7200 X124.116 Y110.029
G0 X124.075 Y110.029
G1 F1500 E34.65301
G0 F7200 X124.016 Y110.029
G0 X127.019 Y110.017
G0 X128.224 Y110.017
G1 F1500 E41.15301
G0 F7200 X128.325 Y110.07
G1 F1800 X127.884 Y110.284 E41.15916
G1 X127.884 Y109.829 E41.16486
G1 X128.324 Y109.615 E41.171
G1 X128.325 Y110.07 E41.17671
G0 F7200 X128.145 Y110.157
G0 X128.142 Y110.148
G0 X128.104 Y110.066
G0 X128.314 Y112.631
G0 X128.325 Y113.07
G1 F1800 X127.884 Y113.284 E41.18285
G1 X127.885 Y112.828 E41.18857
G1 X128.324 Y112.615 E41.19469
G1 X128.325 Y113.07 E41.2004
G0 F7200 X128.145 Y113.157
G0 X128.141 Y113.148
G1 F1500 E34.7004
G0 F7200 X128.104 Y113.066
G0 X128.314 Y115.631
G1 F1500 E41.2004
G0 F7200 X128.325 Y116.07
G1 F1800 X127.884 Y116.284 E41.20654
G1 X127.885 Y115.828 E41.21226
G1 X128.324 Y115.615 E41.21838
G1 X128.325 Y116.07 E41.22409
G0 F7200 X128.145 Y116.157
G0 X128.141 Y116.148
G0 X128.104 Y116.066
G0 X128.314 Y118.631
G0 X128.325 Y119.07
G1 F1800 X127.884 Y119.284 E41.23023
G1 X127.884 Y118.829 E41.23594
G1 X128.324 Y118.615 E41.24208
G1 X128.325 Y119.07 E41.24778
G0 F7200 X128.145 Y119.157
G0 X128.142 Y119.148
G1 F1500 E34.74778
G0 F7200 X128.104 Y119.066
G0 X129.189 Y118.888
G0 X130.81 Y118.889
G0 X132.016 Y118.881
G1 F1500 E41.24778
G0 F7200 X132.116 Y118.829
G1 F1800 X132.115 Y119.284 E41.25349
G1 X131.675 Y119.07 E41.25962
G1 X131.675 Y118.615 E41.26533
G1 X132.116 Y118.829 E41.27148
G0 F7200 X132.116 Y119.029
G0 X132.075 Y119.028
G0 X132.016 Y119.028
G0 X132.106 Y116.268
G0 X132.116 Y115.829
G1 F1800 X132.116 Y116.284 E41.27718
G1 X131.675 Y116.07 E41.28333
G1 X131.675 Y115.615 E41.28903
G1 X132.116 Y115.829 E41.29518
G0 F7200 X132.116 Y116.029
G0 X132.075 Y116.029
G1 F1500 E34.79518
G0 F7200 X132.016 Y116.029
G0 X132.105 Y113.268
G1 F1500 E41.29518
G0 F7200 X132.116 Y112.829
G1 F1800 X132.115 Y113.284 E41.30089
G1 X131.675 Y113.07 E41.30702
G1 X131.676 Y112.615 E41.31273
G1 X132.116 Y112.829 E41.31887
G0 F7200 X132.116 Y113.029
G0 X132.075 Y113.028
G1 F1500 E34.81887
G0 F7200 X132.016 Y113.028
G0 X132.106 Y110.268
G1 F1500 E41.31887
G0 F7200 X132.116 Y109.829
G1 F1800 X132.116 Y110.284 E41.32457
G1 X131.675 Y110.07 E41.33072
G1 X131.676 Y109.615 E41.33642
G1 X132.116 Y109.829 E41.34256
G0 F7200 X132.116 Y110.029
G0 X132.075 Y110.029
;MESH:NONMESH
G0 F600 X132.075 Y110.029 Z7
G0 F7200 X132.016 Y110.029
G0 X130.81 Y110.06
G0 X127.038 Y111.636
G0 X124.962 Y111.636
G0 X121.182 Y110.608
G0 X119.04 Y111.633
G0 X116.962 Y111.635
G0 X113.189 Y110.059
G0 X112.074 Y110.082
G0 X112.115 Y110.172
;TIME_ELAPSED:377.321766
;LAYER:34
;TYPE:WALL-OUTER
;MESH:output_v2\A_fina_suporte.stl
G1 F1800 X111.676 Y110.386 E41.34868
G1 X111.675 Y109.931 E41.35439
G1 X112.114 Y109.717 E41.36051
G1 X112.115 Y110.172 E41.36622
G0 F7200 X111.936 Y110.259
G0 X111.932 Y110.25
G1 F1500 E34.86622
G0 F7200 X111.895 Y110.169
G0 X112.104 Y112.733
G1 F1500 E41.36622
G0 F7200 X112.115 Y113.172
G1 F1800 X111.676 Y113.386 E41.37235
G1 X111.675 Y112.931 E41.37805
G1 X112.114 Y112.717 E41.38418
G1 X112.115 Y113.172 E41.38988
G0 F7200 X111.936 Y113.259
G0 X111.932 Y113.25
G0 X111.895 Y113.169
G0 X112.104 Y115.733
G0 X112.115 Y116.172
G1 F1800 X111.675 Y116.386 E41.39602
G1 X111.675 Y115.931 E41.40172
G1 X112.114 Y115.717 E41.40785
G1 X112.115 Y116.172 E41.41355
G0 F7200 X111.936 Y116.259
G0 X111.932 Y116.25
G1 F1500 E34.91355
G0 F7200 X111.895 Y116.169
G0 X112.104 Y118.733
G1 F1500 E41.41355
G0 F7200 X112.115 Y119.172
G1 F1800 X111.675 Y119.386 E41.41969
G1 X111.675 Y118.931 E41.42539
G1 X112.114 Y118.717 E41.43152
G1 X112.115 Y119.172 E41.43723
G0 F7200 X111.936 Y119.259
G0 X111.932 Y119.25
G0 X111.895 Y119.169
G0 X109.557 Y119.414
G0 X109.57 Y119.9
G1 F1800 X109.159 Y119.9 E41.44238
G1 X109.16 Y119.4 E41.44865
G1 X109.571 Y119.4 E41.4538
G1 X109.57 Y119.9 E41.46007
G0 F7200 X109.37 Y119.9
G0 X109.37 Y119.8
G1 F1500 E34.96007
G0 F7200 X110.436 Y119.415
G0 X110.829 Y120.738
G0 X115.021 Y119.163
G0 X116.225 Y118.984
G1 F1500 E41.46007
G0 F7200 X116.325 Y118.931
G1 F1800 X116.325 Y119.386 E41.46578
G1 X115.886 Y119.173 E41.4719
G1 X115.886 Y118.718 E41.4776
G1 X116.325 Y118.931 E41.48372
G0 F7200 X116.325 Y119.131
G0 X116.286 Y119.131
G0 X116.225 Y119.131
G0 X116.314 Y116.37
G0 X116.325 Y115.931
G1 F1800 X116.324 Y116.386 E41.48943
G1 X115.886 Y116.173 E41.49554
G1 X115.886 Y115.718 E41.50124
G1 X116.325 Y115.931 E41.50736
G0 F7200 X116.325 Y116.131
G0 X116.286 Y116.13
G1 F1500 E35.00736
G0 F7200 X116.225 Y116.13
G0 X116.314 Y113.37
G1 F1500 E41.50736
G0 F7200 X116.325 Y112.931
G1 F1800 X116.324 Y113.386 E41.51307
G1 X115.886 Y113.173 E41.51918
G1 X115.886 Y112.718 E41.52488
G1 X116.325 Y112.931 E41.531
G0 F7200 X116.325 Y113.131
G0 X116.286 Y113.13
G0 X116.225 Y113.13
G0 X116.315 Y110.37
G0 X116.325 Y109.931
G1 F1800 X116.325 Y110.386 E41.53671
G1 X115.886 Y110.173 E41.54283
G1 X115.886 Y109.718 E41.54853
G1 X116.325 Y109.931 E41.55465
G0 F7200 X116.325 Y110.131
G0 X116.286 Y110.131
G0 X116.225 Y110.131
G0 X118.811 Y110.1
G0 X120.024 Y110.106
G0 X120.114 Y110.173
G1 F1800 X119.676 Y110.386 E41.56076
G1 X119.675 Y109.931 E41.56646
G1 X120.114 Y109.718 E41.57258
G1 X120.114 Y110.173 E41.57829
G0 F7200 X119.935 Y110.26
G0 X119.931 Y110.252
G1 F1500 E35.07829
G0 F7200 X119.893 Y110.17
G0 X120.104 Y112.734
G1 F1500 E41.57829
G0 F7200 X120.114 Y113.173
G1 F1800 X119.676 Y113.386 E41.5844
G1 X119.675 Y112.931 E41.5901
G1 X120.114 Y112.718 E41.59622
G1 X120.114 Y113.173 E41.60193
G0 F7200 X119.935 Y113.26
G0 X119.931 Y113.252
G0 X119.893 Y113.17
G0 X120.104 Y115.733
G0 X120.115 Y116.172
G1 F1800 X119.675 Y116.386 E41.60806
G1 X119.675 Y115.931 E41.61377
G1 X120.114 Y115.717 E41.61989
G1 X120.115 Y116.172 E41.6256
G0 F7200 X119.936 Y116.259
G0 X119.932 Y116.25
G1 F1500 E35.1256
G0 F7200 X119.895 Y116.169
G0 X120.104 Y118.733
G1 F1500 E41.6256
G0 F7200 X120.115 Y119.172
G1 F1800 X119.675 Y119.386 E41.63174
G1 X119.675 Y118.931 E41.63744
G1 X120.114 Y118.717 E41.64357
G1 X120.115 Y119.172 E41.64927
G0 F7200 X119.936 Y119.259
G0 X119.932 Y119.25
G0 X119.895 Y119.169
G0 X120.979 Y118.991
G0 X123.02 Y118.992
G0 X124.225 Y118.983
G0 X124.325 Y118.931
G1 F1800 X124.324 Y119.386 E41.65498
G1 X123.885 Y119.172 E41.6611
G1 X123.885 Y118.717 E41.66681
G1 X124.325 Y118.931 E41.67294
G0 F7200 X124.325 Y119.131
G0 X124.285 Y119.13
G1 F1500 E35.17294
G0 F7200 X124.225 Y119.13
G0 X124.315 Y116.37
G1 F1500 E41.67294
G0 F7200 X124.325 Y115.931
G1 F1800 X124.325 Y116.386 E41.67865
G1 X123.885 Y116.172 E41.68479
G1 X123.885 Y115.717 E41.69049
G1 X124.325 Y115.931 E41.69663
G0 F7200 X124.325 Y116.131
G0 X124.285 Y116.131
G0 X124.225 Y116.131
G0 X124.314 Y113.37
G0 X124.325 Y112.931
G1 F1800 X124.324 Y113.386 E41.70233
G1 X123.885 Y113.172 E41.70846
G1 X123.886 Y112.717 E41.71416
G1 X124.325 Y112.931 E41.72029
G0 F7200 X124.325 Y113.131
G0 X124.285 Y113.13
G1 F1500 E35.22029
G0 F7200 X124.225 Y113.13
G0 X124.315 Y110.37
G1 F1500 E41.72029
G0 F7200 X124.325 Y109.931
G1 F1800 X124.325 Y110.386 E41.72599
G1 X123.885 Y110.172 E41.73213
G1 X123.886 Y109.717 E41.73783
G1 X124.325 Y109.931 E41.74396
G0 F7200 X124.325 Y110.131
G0 X124.285 Y110.131
G0 X124.225 Y110.131
G0 X126.81 Y110.119
G0 X128.014 Y110.119
G0 X128.115 Y110.172
G1 F1800 X127.675 Y110.386 E41.7501
G1 X127.675 Y109.931 E41.7558
G1 X128.114 Y109.717 E41.76193
G1 X128.115 Y110.172 E41.76763
G0 F7200 X127.936 Y110.259
G0 X127.932 Y110.25
G1 F1500 E35.26763
G0 F7200 X127.895 Y110.169
G0 X128.104 Y112.733
G1 F1500 E41.76763
G0 F7200 X128.115 Y113.172
G1 F1800 X127.675 Y113.386 E41.77377
G1 X127.676 Y112.93 E41.77949
G1 X128.114 Y112.717 E41.78559
G1 X128.115 Y113.172 E41.7913
G0 F7200 X127.936 Y113.259
G0 X127.931 Y113.25
G0 X127.894 Y113.169
G0 X128.104 Y115.733
G0 X128.115 Y116.172
G1 F1800 X127.675 Y116.386 E41.79743
G1 X127.676 Y115.93 E41.80315
G1 X128.114 Y115.717 E41.80926
G1 X128.115 Y116.172 E41.81497
G0 F7200 X127.936 Y116.259
G0 X127.931 Y116.25
G1 F1500 E35.31497
G0 F7200 X127.894 Y116.169
G0 X128.104 Y118.733
G1 F1500 E41.81497
G0 F7200 X128.115 Y119.172
G1 F1800 X127.675 Y119.386 E41.8211
G1 X127.675 Y118.931 E41.82681
G1 X128.114 Y118.717 E41.83293
G1 X128.115 Y119.172 E41.83864
G0 F7200 X127.936 Y119.259
G0 X127.932 Y119.25
G0 X127.895 Y119.169
G0 X128.979 Y118.991
G0 X131.02 Y118.992
G0 X132.225 Y118.983
G0 X132.325 Y118.931
G1 F1800 X132.324 Y119.386 E41.84434
G1 X131.885 Y119.172 E41.85047
G1 X131.885 Y118.717 E41.85618
G1 X132.325 Y118.931 E41.86231
G0 F7200 X132.325 Y119.131
G0 X132.285 Y119.13
G0 X132.225 Y119.13
G0 X132.315 Y116.37
G0 X132.325 Y115.931
G1 F1800 X132.325 Y116.386 E41.86802
G1 X131.885 Y116.172 E41.87415
G1 X131.885 Y115.717 E41.87986
G1 X132.325 Y115.931 E41.88599
G0 F7200 X132.325 Y116.131
G0 X132.285 Y116.131
G1 F1500 E35.38599
G0 F7200 X132.225 Y116.131
G0 X132.314 Y113.37
G1 F1500 E41.88599
G0 F7200 X132.325 Y112.931
G1 F1800 X132.324 Y113.386 E41.8917
G1 X131.885 Y113.172 E41.89782
G1 X131.886 Y112.717 E41.90353
G1 X132.325 Y112.931 E41.90966
G0 F7200 X132.325 Y113.131
G0 X132.285 Y113.13
G0 X132.225 Y113.13
G0 X132.315 Y110.37
G0 X132.325 Y109.931
G1 F1800 X132.325 Y110.386 E41.91536
G1 X131.885 Y110.172 E41.9215
G1 X131.886 Y109.717 E41.9272
G1 X132.325 Y109.931 E41.93333
G0 F7200 X132.325 Y110.131
G0 X132.285 Y110.131
G1 F1500 E35.43333
;MESH:NONMESH
G0 F600 X132.285 Y110.131 Z7.2
G0 F7200 X132.225 Y110.131
G0 X131.02 Y110.162
G0 X126.829 Y111.738
G0 X125.171 Y111.738
G0 X120.972 Y110.71
G0 X118.831 Y111.736
G0 X117.171 Y111.738
G0 X112.979 Y110.161
G0 X111.864 Y110.184
G1 F1500 E41.93333
G0 F7200 X111.905 Y110.274
;TIME_ELAPSED:387.595038
;LAYER:35
;TYPE:WALL-OUTER
;MESH:output_v2\A_fina_suporte.stl
G1 F1800 X111.466 Y110.486 E41.93944
G1 X111.465 Y110.032 E41.94513
G1 X111.904 Y109.819 E41.95125
G1 X111.905 Y110.274 E41.95696
G0 F7200 X111.725 Y110.361
G0 X111.721 Y110.353
G1 F1500 E35.45696
G0 F7200 X111.682 Y110.27
G0 X111.894 Y112.835
G1 F1500 E41.95696
G0 F7200 X111.905 Y113.274
G1 F1800 X111.466 Y113.486 E41.96307
G1 X111.465 Y113.032 E41.96877
G1 X111.904 Y112.819 E41.97488
G1 X111.905 Y113.274 E41.98059
G0 F7200 X111.725 Y113.361
G0 X111.721 Y113.353
G0 X111.682 Y113.27
G0 X111.894 Y115.835
G0 X111.905 Y116.274
G1 F1800 X111.466 Y116.486 E41.9867
G1 X111.465 Y116.032 E41.9924
G1 X111.904 Y115.819 E41.99852
G1 X111.905 Y116.274 E42.00422
G0 F7200 X111.725 Y116.361
G0 X111.721 Y116.353
G0 X111.682 Y116.27
G0 X111.894 Y118.835
G0 X111.905 Y119.274
G1 F1800 X111.466 Y119.486 E42.01034
G1 X111.465 Y119.032 E42.01603
G1 X111.904 Y118.819 E42.02215
G1 X111.905 Y119.274 E42.02785
G0 F7200 X111.725 Y119.361
G0 X111.721 Y119.353
G1 F1500 E35.52785
G0 F7200 X111.682 Y119.27
G0 X109.59 Y119.47
G1 F1500 E42.02785
G0 F7200 X109.61 Y119.9
G1 F1800 X109.195 Y119.9 E42.03306
G1 X109.196 Y119.4 E42.03933
G1 X109.61 Y119.4 E42.04452
G1 X109.61 Y119.9 E42.05079
G0 F7200 X109.41 Y119.9
G0 X109.41 Y119.8
G0 X110.475 Y119.414
G0 X110.62 Y120.751
G0 X115.231 Y119.265
G0 X116.434 Y119.084
G0 X116.534 Y119.032
G1 F1800 X116.535 Y119.488 E42.05651
G1 X116.096 Y119.275 E42.06263
G1 X116.096 Y118.819 E42.06835
G1 X116.534 Y119.032 E42.07445
G0 F7200 X116.534 Y119.232
G0 X116.496 Y119.231
G1 F1500 E35.57445
G0 F7200 X116.434 Y119.23
G0 X116.525 Y116.472
G1 F1500 E42.07445
G0 F7200 X116.534 Y116.032
G1 F1800 X116.535 Y116.488 E42.08017
G1 X116.096 Y116.275 E42.08629
G1 X116.096 Y115.819 E42.09201
G1 X116.534 Y116.032 E42.09812
G0 F7200 X116.534 Y116.232
G0 X116.496 Y116.231
G0 X116.434 Y116.23
G0 X116.525 Y113.472
G0 X116.534 Y113.032
G1 F1800 X116.535 Y113.488 E42.10384
G1 X116.096 Y113.275 E42.10996
G1 X116.096 Y112.819 E42.11567
G1 X116.534 Y113.032 E42.12178
G0 F7200 X116.534 Y113.232
G0 X116.496 Y113.231
G0 X116.434 Y113.23
G0 X116.525 Y110.472
G0 X116.534 Y110.032
G1 F1800 X116.535 Y110.488 E42.1275
G1 X116.096 Y110.275 E42.13362
G1 X116.096 Y109.819 E42.13934
G1 X116.534 Y110.032 E42.14544
G0 F7200 X116.534 Y110.232
G0 X116.496 Y110.231
G1 F1500 E35.64544
G0 F7200 X116.434 Y110.23
G0 X118.601 Y110.209
G0 X119.814 Y110.207
G1 F1500 E42.14544
G0 F7200 X119.904 Y110.275
G1 F1800 X119.466 Y110.487 E42.15155
G1 X119.465 Y110.032 E42.15725
G1 X119.904 Y109.819 E42.16337
G1 X119.904 Y110.275 E42.16909
G0 F7200 X119.724 Y110.362
G0 X119.72 Y110.353
G0 X119.682 Y110.271
G0 X119.894 Y112.835
G0 X119.904 Y113.275
G1 F1800 X119.466 Y113.487 E42.17519
G1 X119.465 Y113.032 E42.1809
G1 X119.904 Y112.819 E42.18702
G1 X119.904 Y113.275 E42.19274
G0 F7200 X119.724 Y113.362
G0 X119.72 Y113.353
G1 F1500 E35.69274
G0 F7200 X119.682 Y113.271
G0 X119.894 Y115.835
G1 F1500 E42.19274
G0 F7200 X119.905 Y116.274
G1 F1800 X119.466 Y116.486 E42.19885
G1 X119.465 Y116.032 E42.20454
G1 X119.904 Y115.819 E42.21066
G1 X119.905 Y116.274 E42.21637
G0 F7200 X119.725 Y116.361
G0 X119.721 Y116.353
G0 X119.682 Y116.27
G0 X119.894 Y118.835
G0 X119.905 Y119.274
G1 F1800 X119.466 Y119.486 E42.22248
G1 X119.465 Y119.032 E42.22817
G1 X119.904 Y118.819 E42.23429
G1 X119.905 Y119.274 E42.24
G0 F7200 X119.725 Y119.361
G0 X119.721 Y119.353
G1 F1500 E35.74
G0 F7200 X119.682 Y119.27
G0 X120.769 Y119.092
G0 X123.231 Y119.085
G0 X124.434 Y119.084
G1 F1500 E42.24
G0 F7200 X124.534 Y119.032
G1 F1800 X124.535 Y119.488 E42.24572
G1 X124.096 Y119.275 E42.25184
G1 X124.095 Y118.819 E42.25756
G1 X124.534 Y119.032 E42.26367
G0 F7200 X124.534 Y119.232
G0 X124.496 Y119.232
G0 X124.434 Y119.231
G0 X124.525 Y116.472
G0 X124.534 Y116.032
G1 F1800 X124.535 Y116.488 E42.26939
G1 X124.096 Y116.275 E42.27551
G1 X124.095 Y115.819 E42.28123
G1 X124.534 Y116.032 E42.28735
G0 F7200 X124.534 Y116.232
G0 X124.496 Y116.232
G0 X124.434 Y116.231
G0 X124.525 Y113.472
G0 X124.534 Y113.032
G1 F1800 X124.535 Y113.488 E42.29307
G1 X124.096 Y113.275 E42.29919
G1 X124.096 Y112.819 E42.30491
G1 X124.534 Y113.032 E42.31101
G0 F7200 X124.534 Y113.232
G0 X124.496 Y113.231
G1 F1500 E35.81101
G0 F7200 X124.434 Y113.23
G0 X124.525 Y110.472
G1 F1500 E42.31101
G0 F7200 X124.534 Y110.032
G1 F1800 X124.535 Y110.488 E42.31673
G1 X124.096 Y110.275 E42.32285
G1 X124.096 Y109.819 E42.32857
G1 X124.534 Y110.032 E42.33468
G0 F7200 X124.534 Y110.232
G0 X124.496 Y110.231
G0 X124.434 Y110.23
G0 X126.601 Y110.222
G0 X127.804 Y110.22
G0 X127.905 Y110.274
G1 F1800 X127.466 Y110.486 E42.34079
G1 X127.465 Y110.032 E42.34648
G1 X127.904 Y109.819 E42.3526
G1 X127.905 Y110.274 E42.35831
G0 F7200 X127.725 Y110.361
G0 X127.721 Y110.353
G1 F1500 E35.85831
G0 F7200 X127.682 Y110.27
G0 X127.894 Y112.835
G1 F1500 E42.35831
G0 F7200 X127.905 Y113.274
G1 F1800 X127.466 Y113.486 E42.36442
G1 X127.465 Y113.032 E42.37011
G1 X127.904 Y112.819 E42.37623
G1 X127.905 Y113.274 E42.38194
G0 F7200 X127.725 Y113.361
G0 X127.721 Y113.353
G0 X127.682 Y113.27
G0 X127.894 Y115.835
G0 X127.905 Y116.274
G1 F1800 X127.466 Y116.486 E42.38805
G1 X127.465 Y116.032 E42.39375
G1 X127.904 Y115.819 E42.39987
G1 X127.905 Y116.274 E42.40557
G0 F7200 X127.725 Y116.361
G0 X127.721 Y116.353
G0 X127.682 Y116.27
G0 X127.894 Y118.835
G0 X127.905 Y119.274
G1 F1800 X127.466 Y119.486 E42.41169
G1 X127.465 Y119.032 E42.41738
G1 X127.904 Y118.819 E42.4235
G1 X127.905 Y119.274 E42.4292
G0 F7200 X127.725 Y119.361
G0 X127.721 Y119.353
G1 F1500 E35.9292
G0 F7200 X127.682 Y119.27
G0 X128.769 Y119.092
G0 X131.231 Y119.085
G0 X132.434 Y119.084
G1 F1500 E42.4292
G0 F7200 X132.534 Y119.032
G1 F1800 X132.535 Y119.488 E42.43492
G1 X132.096 Y119.275 E42.44104
G1 X132.095 Y118.819 E42.44676
G1 X132.534 Y119.032 E42.45288
G0 F7200 X132.534 Y119.232
G0 X132.496 Y119.232
G1 F1500 E35.95288
G0 F7200 X132.434 Y119.231
G0 X132.525 Y116.472
G1 F1500 E42.45288
G0 F7200 X132.534 Y116.032
G1 F1800 X132.535 Y116.488 E42.4586
G1 X132.096 Y116.275 E42.46472
G1 X132.095 Y115.819 E42.47043
G1 X132.534 Y116.032 E42.47655
G0 F7200 X132.534 Y116.232
G0 X132.496 Y116.232
G1 F1500 E35.97655
G0 F7200 X132.434 Y116.231
G0 X132.525 Y113.472
G1 F1500 E42.47655
G0 F7200 X132.534 Y113.032
G1 F1800 X132.535 Y113.488 E42.48227
G1 X132.096 Y113.275 E42.48839
G1 X132.096 Y112.819 E42.49411
G1 X132.534 Y113.032 E42.50022
G0 F7200 X132.534 Y113.232
G0 X132.496 Y113.231
G1 F1500 E36.00022
G0 F7200 X132.434 Y113.23
G0 X132.525 Y110.472
G1 F1500 E42.50022
G0 F7200 X132.534 Y110.032
G1 F1800 X132.535 Y110.488 E42.50594
G1 X132.096 Y110.275 E42.51205
G1 X132.096 Y109.819 E42.51777
G1 X132.534 Y110.032 E42.52388
G0 F7200 X132.534 Y110.232
G0 X132.496 Y110.231
G1 F1500 E36.02388
;MESH:NONMESH
G0 F600 X132.496 Y110.231 Z7.4
G0 F7200 X132.434 Y110.23
G0 X131.231 Y110.091
G0 X126.62 Y111.751
G0 X125.383 Y111.761
G0 X120.762 Y110.813
G0 X119.555 Y111.403
G0 X117.383 Y111.761
G0 X112.769 Y110.263
G0 X111.573 Y110.091
G1 F1500 E42.52388
G0 F7200 X111.38 Y110.074
;TIME_ELAPSED:398.382457
;LAYER:36
;TYPE:WALL-OUTER
;MESH:output_v2\A_fina_suporte.stl
G1 F1800 X111.694 Y109.921 E42.52826
G1 X111.695 Y110.376 E42.53397
G1 X111.256 Y110.589 E42.54009
G1 X111.255 Y110.122 E42.54594
G1 X111.38 Y110.074 E42.54762
G0 F7200 X111.559 Y109.987
G0 X111.294 Y110.346
G1 F1500 E36.04762
G0 F7200 X111.356 Y110.347
G0 X111.684 Y112.937
G1 F1500 E42.54762
G0 F7200 X111.38 Y113.074
G1 F1800 X111.694 Y112.921 E42.552
G1 X111.695 Y113.376 E42.55771
G1 X111.256 Y113.589 E42.56383
G1 X111.255 Y113.122 E42.56968
G1 X111.38 Y113.074 E42.57136
G0 F7200 X111.559 Y112.987
G0 X111.294 Y113.346
G1 F1500 E36.07136
G0 F7200 X111.356 Y113.347
G0 X111.684 Y115.937
G1 F1500 E42.57136
G0 F7200 X111.38 Y116.074
G1 F1800 X111.694 Y115.921 E42.57574
G1 X111.695 Y116.376 E42.58145
G1 X111.256 Y116.589 E42.58757
G1 X111.255 Y116.122 E42.59342
G1 X111.38 Y116.074 E42.5951
G0 F7200 X111.559 Y115.987
G0 X111.294 Y116.346
G1 F1500 E36.0951
G0 F7200 X111.356 Y116.347
G0 X111.684 Y118.937
G1 F1500 E42.5951
G0 F7200 X111.38 Y119.074
G1 F1800 X111.694 Y118.921 E42.59948
G1 X111.695 Y119.376 E42.60519
G1 X111.256 Y119.589 E42.61131
G1 X111.255 Y119.122 E42.61716
G1 X111.38 Y119.074 E42.61884
G0 F7200 X111.559 Y118.987
G0 X111.294 Y119.346
G1 F1500 E36.11884
G0 F7200 X111.356 Y119.347
G0 X109.632 Y119.573
G1 F1500 E42.61884
G0 F7200 X109.652 Y119.9
G1 F1800 X109.233 Y119.9 E42.6241
G1 X109.234 Y119.4 E42.63037
G1 X109.652 Y119.4 E42.63561
G1 X109.652 Y119.9 E42.64188
G0 F7200 X109.452 Y119.9
G0 X109.452 Y119.8
G1 F1500 E36.14188
G0 F7200 X109.638 Y118.535
G0 X112.539 Y117.572
G0 X115.441 Y119.367
G0 X116.581 Y119.165
G1 F1500 E42.64188
G0 F7200 X116.62 Y119.074
G1 F1800 X116.744 Y119.122 E42.64355
G1 X116.745 Y119.589 E42.6494
G1 X116.306 Y119.377 E42.65298
G1 X116.306 Y118.921 E42.65849
G1 X116.62 Y119.074 E42.66026
G0 F7200 X116.744 Y119.122
G0 X116.744 Y119.19
G0 X116.706 Y119.189
G1 F1500 E36.16026
G0 F7200 X116.643 Y119.189
G0 X119.271 Y119.133
G1 F1500 E42.66026
G0 F7200 X119.38 Y119.074
G1 F1800 X119.694 Y118.921 E42.66464
G1 X119.695 Y119.376 E42.67034
G1 X119.256 Y119.589 E42.67646
G1 X119.255 Y119.122 E42.68232
G1 X119.38 Y119.074 E42.684
G0 F7200 X119.559 Y118.987
G0 X119.294 Y119.346
G1 F1500 E36.184
G0 F7200 X119.356 Y119.347
G0 X119.266 Y116.573
G1 F1500 E42.684
G0 F7200 X119.38 Y116.074
G1 F1800 X119.694 Y115.921 E42.68838
G1 X119.695 Y116.376 E42.69408
G1 X119.256 Y116.589 E42.7002
G1 X119.255 Y116.122 E42.70606
G1 X119.38 Y116.074 E42.70774
G0 F7200 X119.559 Y115.987
G0 X119.294 Y116.346
G1 F1500 E36.20774
G0 F7200 X119.356 Y116.347
G0 X116.744 Y116.138
G1 F1500 E42.70774
G0 F7200 X116.62 Y116.074
G1 F1800 X116.744 Y116.122 E42.70941
G1 X116.745 Y116.589 E42.71526
G1 X116.306 Y116.377 E42.71884
G1 X116.306 Y115.921 E42.72435
G1 X116.62 Y116.074 E42.72612
G0 F7200 X116.744 Y116.122
G0 X116.744 Y116.19
G0 X116.706 Y116.189
G1 F1500 E36.22612
G0 F7200 X116.643 Y116.189
G0 X116.735 Y113.573
G1 F1500 E42.72612
G0 F7200 X116.62 Y113.074
G1 F1800 X116.744 Y113.122 E42.72778
G1 X116.745 Y113.589 E42.73364
G1 X116.306 Y113.377 E42.73722
G1 X116.306 Y112.921 E42.74273
G1 X116.62 Y113.074 E42.7445
G0 F7200 X116.744 Y113.122
G0 X116.744 Y113.19
G0 X116.706 Y113.189
G0 X116.643 Y113.189
G0 X119.271 Y113.133
G0 X119.38 Y113.074
G1 F1800 X119.694 Y112.921 E42.74888
G1 X119.694 Y113.377 E42.75459
G1 X119.256 Y113.589 E42.7607
G1 X119.255 Y113.122 E42.76655
G1 X119.38 Y113.074 E42.76823
G0 F7200 X119.559 Y112.987
G0 X119.294 Y113.346
G1 F1500 E36.26823
G0 F7200 X119.356 Y113.347
G0 X119.266 Y110.573
G1 F1500 E42.76823
G0 F7200 X119.38 Y110.074
G1 F1800 X119.694 Y109.921 E42.77261
G1 X119.694 Y110.377 E42.77833
G1 X119.256 Y110.589 E42.78443
G1 X119.255 Y110.122 E42.79029
G1 X119.38 Y110.074 E42.79197
G0 F7200 X119.559 Y109.987
G0 X119.294 Y110.346
G0 X119.356 Y110.347
G0 X116.744 Y110.138
G0 X116.62 Y110.074
G1 F1800 X116.744 Y110.122 E42.79364
G1 X116.745 Y110.589 E42.79949
G1 X116.306 Y110.377 E42.80307
G1 X116.306 Y109.921 E42.80858
G1 X116.62 Y110.074 E42.81035
G0 F7200 X116.744 Y110.122
G0 X116.744 Y110.19
G0 X116.706 Y110.189
G0 X116.643 Y110.189
G0 X118.397 Y109.535
G0 X120.54 Y108.571
G0 X123.441 Y110.181
G0 X124.581 Y110.165
G0 X124.62 Y110.074
G1 F1800 X124.744 Y110.122 E42.81201
G1 X124.745 Y110.589 E42.81787
G1 X124.306 Y110.377 E42.82144
G1 X124.306 Y109.921 E42.82696
G1 X124.62 Y110.074 E42.82872
G0 F7200 X124.744 Y110.122
G0 X124.744 Y110.19
G0 X124.706 Y110.189
G1 F1500 E36.32872
G0 F7200 X124.643 Y110.189
G0 X127.271 Y110.133
G1 F1500 E42.82872
G0 F7200 X127.38 Y110.074
G1 F1800 X127.694 Y109.921 E42.8331
G1 X127.695 Y110.376 E42.83881
G1 X127.256 Y110.589 E42.84493
G1 X127.255 Y110.122 E42.85079
G1 X127.38 Y110.074 E42.85247
G0 F7200 X127.559 Y109.987
G0 X127.294 Y110.346
G0 X127.356 Y110.347
G0 X127.684 Y112.937
G0 X127.38 Y113.074
G1 F1800 X127.694 Y112.921 E42.85685
G1 X127.695 Y113.376 E42.86255
G1 X127.256 Y113.589 E42.86867
G1 X127.255 Y113.122 E42.87453
G1 X127.38 Y113.074 E42.87621
G0 F7200 X127.559 Y112.987
G0 X127.294 Y113.346
G0 X127.356 Y113.347
G0 X124.744 Y113.138
G0 X124.62 Y113.074
G1 F1800 X124.744 Y113.122 E42.87787
G1 X124.745 Y113.589 E42.88373
G1 X124.306 Y113.377 E42.8873
G1 X124.306 Y112.921 E42.89282
G1 X124.62 Y113.074 E42.89458
G0 F7200 X124.744 Y113.122
G0 X124.744 Y113.19
G0 X124.706 Y113.189
G0 X124.643 Y113.189
G0 X124.315 Y115.937
G0 X124.62 Y116.074
G1 F1800 X124.744 Y116.122 E42.89625
G1 X124.745 Y116.589 E42.90211
G1 X124.306 Y116.377 E42.90568
G1 X124.305 Y115.921 E42.9112
G1 X124.62 Y116.074 E42.91297
G0 F7200 X124.744 Y116.122
G0 X124.744 Y116.19
G0 X124.706 Y116.19
G0 X124.643 Y116.19
G0 X127.271 Y116.133
G0 X127.38 Y116.074
G1 F1800 X127.694 Y115.921 E42.91735
G1 X127.695 Y116.376 E42.92306
G1 X127.256 Y116.589 E42.92918
G1 X127.255 Y116.122 E42.93504
G1 X127.38 Y116.074 E42.93672
G0 F7200 X127.559 Y115.987
G0 X127.294 Y116.346
G0 X127.356 Y116.347
G0 X127.684 Y118.937
G0 X127.38 Y119.074
G1 F1800 X127.694 Y118.921 E42.9411
G1 X127.695 Y119.376 E42.9468
G1 X127.256 Y119.589 E42.95292
G1 X127.255 Y119.122 E42.95878
G1 X127.38 Y119.074 E42.96046
G0 F7200 X127.559 Y118.987
G0 X127.294 Y119.346
G0 X127.356 Y119.347
G0 X124.744 Y119.165
G0 X124.62 Y119.074
G1 F1800 X124.744 Y119.122 E42.96212
G1 X124.745 Y119.589 E42.96798
G1 X124.306 Y119.377 E42.97155
G1 X124.305 Y118.921 E42.97707
G1 X124.62 Y119.074 E42.97885
G0 F7200 X124.744 Y119.122
G0 X124.744 Y119.19
G0 X124.706 Y119.19
G0 X124.643 Y119.19
G0 X126.397 Y118.535
G0 X128.539 Y117.572
G0 X131.441 Y119.166
G0 X132.581 Y119.165
G0 X132.62 Y119.074
G1 F1800 X132.744 Y119.122 E42.98051
G1 X132.745 Y119.589 E42.98637
G1 X132.306 Y119.377 E42.98994
G1 X132.305 Y118.921 E42.99546
G1 X132.62 Y119.074 E42.99724
G0 F7200 X132.744 Y119.122
G0 X132.744 Y119.19
G0 X132.706 Y119.19
G0 X132.643 Y119.19
G0 X132.735 Y116.573
G0 X132.62 Y116.074
G1 F1800 X132.744 Y116.122 E42.9989
G1 X132.745 Y116.589 E43.00476
G1 X132.306 Y116.377 E43.00834
G1 X132.305 Y115.921 E43.01385
G1 X132.62 Y116.074 E43.01563
G0 F7200 X132.744 Y116.122
G0 X132.744 Y116.19
G0 X132.706 Y116.19
G1 F1500 E36.51563
G0 F7200 X132.643 Y116.19
G0 X132.735 Y113.573
G1 F1500 E43.01563
G0 F7200 X132.62 Y113.074
G1 F1800 X132.744 Y113.122 E43.01729
G1 X132.745 Y113.589 E43.02315
G1 X132.306 Y113.377 E43.02673
G1 X132.306 Y112.921 E43.03224
G1 X132.62 Y113.074 E43.03401
G0 F7200 X132.744 Y113.122
G0 X132.744 Y113.19
G0 X132.706 Y113.189
G0 X132.643 Y113.189
G0 X132.735 Y110.573
G0 X132.62 Y110.074
G1 F1800 X132.744 Y110.122 E43.03567
G1 X132.745 Y110.589 E43.04153
G1 X132.306 Y110.377 E43.0451
G1 X132.306 Y109.921 E43.05062
G1 X132.62 Y110.074 E43.05238
G0 F7200 X132.744 Y110.122
G0 X132.744 Y110.19
G0 X132.706 Y110.189
;MESH:NONMESH
G0 F600 X132.706 Y110.189 Z7.6
G0 F7200 X132.643 Y110.189
G0 X131.441 Y110.165
G0 X128.539 Y108.572
G0 X115.46 Y108.571
G0 X112.559 Y110.209
G0 X111.419 Y110.165
G0 X111.38 Y110.074
;TIME_ELAPSED:408.966029
;LAYER:37
;TYPE:WALL-OUTER
;MESH:output_v2\A_fina_suporte.stl
G1 F1800 X111.484 Y110.023 E43.05384
G1 X111.485 Y110.478 E43.05954
G1 X111.225 Y110.604 E43.06317
G1 X111.046 Y110.673 E43.06557
G1 X111.045 Y110.202 E43.07148
G1 X111.38 Y110.074 E43.07598
G0 F7200 X111.484 Y110.023
G0 X111.484 Y110.108
G0 X111.253 Y110.551
G1 F1500 E36.57598
G0 F7200 X111.226 Y110.492
G0 X111.474 Y113.04
G1 F1500 E43.07598
G0 F7200 X111.38 Y113.074
G1 F1800 X111.484 Y113.023 E43.07743
G1 X111.485 Y113.478 E43.08313
G1 X111.225 Y113.604 E43.08676
G1 X111.046 Y113.673 E43.08916
G1 X111.045 Y113.202 E43.09507
G1 X111.38 Y113.074 E43.09957
G0 F7200 X111.484 Y113.023
G0 X111.484 Y113.108
G0 X111.253 Y113.551
G0 X111.226 Y113.492
G0 X111.474 Y116.04
G0 X111.38 Y116.074
G1 F1800 X111.484 Y116.023 E43.10102
G1 X111.485 Y116.478 E43.10672
G1 X111.225 Y116.604 E43.11035
G1 X111.046 Y116.673 E43.11275
G1 X111.045 Y116.202 E43.11866
G1 X111.38 Y116.074 E43.12316
G0 F7200 X111.484 Y116.023
G0 X111.484 Y116.108
G0 X111.253 Y116.551
G1 F1500 E36.62316
G0 F7200 X111.226 Y116.492
G0 X111.474 Y119.04
G1 F1500 E43.12316
G0 F7200 X111.38 Y119.074
G1 F1800 X111.484 Y119.023 E43.12461
G1 X111.485 Y119.478 E43.13032
G1 X111.225 Y119.604 E43.13394
G1 X111.046 Y119.673 E43.13634
G1 X111.045 Y119.202 E43.14225
G1 X111.38 Y119.074 E43.14675
G0 F7200 X111.484 Y119.023
G0 X111.484 Y119.108
G0 X111.253 Y119.551
G0 X111.226 Y119.492
G0 X109.699 Y119.659
G0 X109.7 Y119.9
G1 F1800 X109.273 Y119.9 E43.1521
G1 X109.273 Y119.4 E43.15837
G1 X109.699 Y119.4 E43.16372
G1 X109.7 Y119.9 E43.16999
G0 F7200 X109.5 Y119.9
G0 X109.5 Y119.8
G0 X110.24 Y118.536
G0 X112.329 Y117.674
G0 X115.651 Y119.414
G0 X116.62 Y119.074
G1 F1800 X116.954 Y119.202 E43.17447
G1 X116.955 Y119.673 E43.18038
G1 X116.775 Y119.604 E43.1828
G1 X116.516 Y119.479 E43.1864
G1 X116.516 Y119.023 E43.19212
G1 X116.62 Y119.074 E43.19357
G0 F7200 X116.807 Y119.145
G0 X116.825 Y119.185
G1 F1500 E36.69357
G0 F7200 X116.8 Y119.249
G0 X119.061 Y119.213
G1 F1500 E43.19357
G0 F7200 X119.38 Y119.074
G1 F1800 X119.484 Y119.023 E43.19503
G1 X119.485 Y119.478 E43.20073
G1 X119.225 Y119.604 E43.20435
G1 X119.046 Y119.673 E43.20676
G1 X119.045 Y119.202 E43.21267
G1 X119.38 Y119.074 E43.21716
G0 F7200 X119.484 Y119.023
G0 X119.484 Y119.108
G0 X119.253 Y119.551
G0 X119.226 Y119.492
G0 X119.057 Y116.657
G0 X119.38 Y116.074
G1 F1800 X119.484 Y116.023 E43.21862
G1 X119.485 Y116.478 E43.22432
G1 X119.225 Y116.604 E43.22795
G1 X119.046 Y116.673 E43.23035
G1 X119.045 Y116.202 E43.23626
G1 X119.38 Y116.074 E43.24075
G0 F7200 X119.484 Y116.023
G0 X119.484 Y116.108
G0 X119.253 Y116.551
G0 X119.226 Y116.492
G0 X116.938 Y116.213
G0 X116.62 Y116.074
G1 F1800 X116.954 Y116.202 E43.24524
G1 X116.955 Y116.673 E43.25115
G1 X116.775 Y116.604 E43.25356
G1 X116.516 Y116.479 E43.25717
G1 X116.516 Y116.023 E43.26289
G1 X116.62 Y116.074 E43.26434
G0 F7200 X116.807 Y116.145
G0 X116.825 Y116.185
G1 F1500 E36.76434
G0 F7200 X116.8 Y116.249
G0 X116.944 Y113.657
G1 F1500 E43.26434
G0 F7200 X116.62 Y113.074
G1 F1800 X116.954 Y113.202 E43.26883
G1 X116.955 Y113.673 E43.27473
G1 X116.775 Y113.604 E43.27715
G1 X116.516 Y113.479 E43.28076
G1 X116.516 Y113.023 E43.28648
G1 X116.62 Y113.074 E43.28793
G0 F7200 X116.807 Y113.145
G0 X116.825 Y113.185
G0 X116.8 Y113.249
G0 X119.061 Y113.213
G0 X119.38 Y113.074
G1 F1800 X119.484 Y113.023 E43.28938
G1 X119.484 Y113.479 E43.2951
G1 X119.225 Y113.604 E43.29871
G1 X119.046 Y113.673 E43.30111
G1 X119.045 Y113.202 E43.30702
G1 X119.38 Y113.074 E43.31152
G0 F7200 X119.484 Y113.023
G0 X119.484 Y113.108
G0 X119.253 Y113.552
G1 F1500 E36.81152
G0 F7200 X119.227 Y113.492
G0 X119.057 Y110.657
G1 F1500 E43.31152
G0 F7200 X119.38 Y110.074
G1 F1800 X119.484 Y110.023 E43.31297
G1 X119.484 Y110.479 E43.31869
G1 X119.225 Y110.604 E43.32229
G1 X119.046 Y110.673 E43.3247
G1 X119.045 Y110.202 E43.33061
G1 X119.38 Y110.074 E43.3351
G0 F7200 X119.484 Y110.023
G0 X119.484 Y110.108
G0 X119.253 Y110.552
G0 X119.227 Y110.492
G0 X116.938 Y110.213
G0 X116.62 Y110.074
G1 F1800 X116.954 Y110.202 E43.33959
G1 X116.955 Y110.673 E43.34549
G1 X116.775 Y110.604 E43.34791
G1 X116.516 Y110.479 E43.35152
G1 X116.516 Y110.023 E43.35724
G1 X116.62 Y110.074 E43.35869
G0 F7200 X116.807 Y110.145
G0 X116.825 Y110.185
G1 F1500 E36.85869
G0 F7200 X116.8 Y110.249
G0 X117.818 Y110.211
G0 X120.33 Y108.674
G0 X123.651 Y110.213
G1 F1500 E43.35869
G0 F7200 X124.62 Y110.074
G1 F1800 X124.954 Y110.202 E43.36318
G1 X124.955 Y110.673 E43.36908
G1 X124.775 Y110.604 E43.3715
G1 X124.516 Y110.479 E43.37511
G1 X124.516 Y110.023 E43.38082
G1 X124.62 Y110.074 E43.38228
G0 F7200 X124.807 Y110.145
G0 X124.825 Y110.185
G0 X124.8 Y110.249
G0 X127.061 Y110.213
G0 X127.38 Y110.074
G1 F1800 X127.484 Y110.023 E43.38373
G1 X127.485 Y110.478 E43.38943
G1 X127.225 Y110.604 E43.39306
G1 X127.046 Y110.673 E43.39546
G1 X127.045 Y110.202 E43.40137
G1 X127.38 Y110.074 E43.40587
G0 F7200 X127.484 Y110.023
G0 X127.484 Y110.108
G0 X127.253 Y110.551
G0 X127.226 Y110.492
G0 X127.474 Y113.04
G0 X127.38 Y113.074
G1 F1800 X127.484 Y113.023 E43.40732
G1 X127.485 Y113.478 E43.41303
G1 X127.225 Y113.604 E43.41665
G1 X127.046 Y113.673 E43.41905
G1 X127.045 Y113.202 E43.42496
G1 X127.38 Y113.074 E43.42946
G0 F7200 X127.484 Y113.023
G0 X127.484 Y113.108
G0 X127.253 Y113.551
G1 F1500 E36.92946
G0 F7200 X127.226 Y113.492
G0 X124.938 Y113.213
G1 F1500 E43.42946
G0 F7200 X124.62 Y113.074
G1 F1800 X124.954 Y113.202 E43.43394
G1 X124.955 Y113.673 E43.43985
G1 X124.775 Y113.604 E43.44227
G1 X124.516 Y113.479 E43.44587
G1 X124.516 Y113.023 E43.45159
G1 X124.62 Y113.074 E43.45305
G0 F7200 X124.807 Y113.145
G0 X124.825 Y113.185
G0 X124.8 Y113.249
G0 X124.525 Y116.039
G0 X124.62 Y116.074
G1 F1800 X124.954 Y116.202 E43.45753
G1 X124.955 Y116.673 E43.46344
G1 X124.775 Y116.604 E43.46586
G1 X124.516 Y116.479 E43.46946
G1 X124.515 Y116.023 E43.47518
G1 X124.62 Y116.074 E43.47664
G0 F7200 X124.807 Y116.145
G0 X124.825 Y116.185
G1 F1500 E36.97664
G0 F7200 X124.8 Y116.249
G0 X127.061 Y116.213
G1 F1500 E43.47664
G0 F7200 X127.38 Y116.074
G1 F1800 X127.484 Y116.023 E43.4781
G1 X127.485 Y116.478 E43.4838
G1 X127.225 Y116.604 E43.48743
G1 X127.046 Y116.673 E43.48983
G1 X127.045 Y116.202 E43.49574
G1 X127.38 Y116.074 E43.50024
G0 F7200 X127.484 Y116.023
G0 X127.484 Y116.108
G0 X127.253 Y116.551
G0 X127.226 Y116.492
G0 X127.474 Y119.04
G0 X127.38 Y119.074
G1 F1800 X127.484 Y119.023 E43.50169
G1 X127.485 Y119.478 E43.50739
G1 X127.225 Y119.604 E43.51102
G1 X127.046 Y119.673 E43.51342
G1 X127.045 Y119.202 E43.51933
G1 X127.38 Y119.074 E43.52383
G0 F7200 X127.484 Y119.023
G0 X127.484 Y119.108
G0 X127.253 Y119.551
G1 F1500 E37.02383
G0 F7200 X127.226 Y119.492
G0 X124.938 Y119.213
G1 F1500 E43.52383
G0 F7200 X124.62 Y119.074
G1 F1800 X124.954 Y119.202 E43.52831
G1 X124.955 Y119.673 E43.53422
G1 X124.775 Y119.604 E43.53664
G1 X124.516 Y119.479 E43.54024
G1 X124.515 Y119.023 E43.54596
G1 X124.62 Y119.074 E43.54742
G0 F7200 X124.807 Y119.145
G0 X124.825 Y119.185
G0 X124.8 Y119.249
G0 X125.818 Y119.211
G0 X128.329 Y117.674
G0 X131.651 Y119.198
G0 X132.62 Y119.074
G1 F1800 X132.954 Y119.202 E43.55191
G1 X132.954 Y119.673 E43.55782
G1 X132.775 Y119.604 E43.56022
G1 X132.516 Y119.479 E43.56383
G1 X132.515 Y119.023 E43.56955
G1 X132.62 Y119.074 E43.57101
G0 F7200 X132.807 Y119.145
G0 X132.825 Y119.185
G1 F1500 E37.07101
G0 F7200 X132.8 Y119.249
G0 X132.944 Y116.657
G1 F1500 E43.57101
G0 F7200 X132.62 Y116.074
G1 F1800 X132.954 Y116.202 E43.5755
G1 X132.955 Y116.673 E43.5814
G1 X132.775 Y116.604 E43.58382
G1 X132.516 Y116.479 E43.58743
G1 X132.515 Y116.023 E43.59315
G1 X132.62 Y116.074 E43.59461
G0 F7200 X132.807 Y116.145
G0 X132.825 Y116.185
G0 X132.8 Y116.249
G0 X132.943 Y113.657
G0 X132.62 Y113.074
G1 F1800 X132.954 Y113.202 E43.59909
G1 X132.954 Y113.673 E43.605
G1 X132.775 Y113.604 E43.60741
G1 X132.516 Y113.479 E43.61101
G1 X132.516 Y113.023 E43.61673
G1 X132.62 Y113.074 E43.61818
G0 F7200 X132.807 Y113.145
G0 X132.825 Y113.185
G0 X132.8 Y113.249
G0 X132.944 Y110.657
G0 X132.62 Y110.074
G1 F1800 X132.954 Y110.202 E43.62267
G1 X132.955 Y110.673 E43.62858
G1 X132.775 Y110.604 E43.63099
G1 X132.516 Y110.479 E43.6346
G1 X132.516 Y110.023 E43.64032
G1 X132.62 Y110.074 E43.64177
G0 F7200 X132.807 Y110.145
G0 X132.825 Y110.185
;MESH:NONMESH
G0 F600 X132.825 Y110.185 Z7.8
G0 F7200 X132.8 Y110.249
G0 X131.651 Y110.266
G0 X126.198 Y111.796
G0 X119.564 Y111.4
G0 X118.198 Y111.796
G0 X112.349 Y110.311
G0 X111.157 Y110.266
G0 X110.962 Y110.234
;TIME_ELAPSED:418.406087
;LAYER:38
;TYPE:WALL-OUTER
;MESH:output_v2\A_fina_suporte.stl
G1 F1800 X111.275 Y110.114 E43.64597
G1 X111.276 Y110.58 E43.65182
G1 X111.226 Y110.604 E43.65251
G1 X110.836 Y110.754 E43.65775
G1 X110.835 Y110.269 E43.66384
G1 X110.962 Y110.234 E43.66549
G0 F7200 X111.148 Y110.163
G0 X110.875 Y110.536
G0 X110.936 Y110.537
G0 X111.264 Y113.13
G0 X110.962 Y113.234
G1 F1800 X111.275 Y113.114 E43.66969
G1 X111.276 Y113.58 E43.67554
G1 X111.226 Y113.604 E43.67623
G1 X110.836 Y113.754 E43.68147
G1 X110.835 Y113.269 E43.68755
G1 X110.962 Y113.234 E43.68921
G0 F7200 X111.148 Y113.163
G0 X110.875 Y113.536
G0 X110.936 Y113.537
G0 X111.264 Y116.13
G0 X110.962 Y116.234
G1 F1800 X111.275 Y116.114 E43.69341
G1 X111.276 Y116.58 E43.69925
G1 X111.226 Y116.604 E43.69995
G1 X110.836 Y116.754 E43.70519
G1 X110.835 Y116.269 E43.71127
G1 X110.962 Y116.234 E43.71292
G0 F7200 X111.148 Y116.163
G0 X111.038 Y116.412
;TYPE:SKIN
G1 F1800 X111.077 Y116.451 E43.71327
G0 F7200 X111.133 Y116.596
G0 X111.114 Y116.54
G0 X111.264 Y119.13
G0 X110.962 Y119.234
;TYPE:WALL-OUTER
G1 F1800 X111.275 Y119.114 E43.71747
G1 X111.276 Y119.58 E43.72332
G1 X111.226 Y119.604 E43.72401
G1 X110.836 Y119.754 E43.72925
G1 X110.835 Y119.269 E43.73533
G1 X110.962 Y119.234 E43.73699
G0 F7200 X111.148 Y119.163
G0 X110.875 Y119.536
G0 X110.936 Y119.537
G0 X109.743 Y119.738
G0 X109.763 Y119.9
G1 F1800 X109.328 Y119.9 E43.74244
G1 X109.329 Y119.4 E43.74871
G1 X109.763 Y119.4 E43.75415
G1 X109.763 Y119.9 E43.76042
G0 F7200 X109.563 Y119.9
G0 X109.563 Y119.8
G0 X110.236 Y118.536
G0 X112.12 Y117.78
G0 X115.86 Y119.414
G0 X117.008 Y119.329
G0 X117.038 Y119.234
G1 F1800 X117.164 Y119.268 E43.76206
G1 X117.165 Y119.754 E43.76815
G1 X116.772 Y119.603 E43.77104
G1 X116.725 Y119.58 E43.7717
G1 X116.725 Y119.114 E43.77754
G1 X117.038 Y119.234 E43.77921
G0 F7200 X117.164 Y119.268
G0 X117.164 Y119.338
G0 X117.125 Y119.337
G1 F1500 E37.27921
G0 F7200 X117.061 Y119.343
G0 X118.836 Y119.329
G1 F1500 E43.77921
G0 F7200 X118.962 Y119.234
G1 F1800 X119.275 Y119.114 E43.78341
G1 X119.276 Y119.58 E43.78925
G1 X119.226 Y119.604 E43.78995
G1 X118.836 Y119.754 E43.79519
G1 X118.835 Y119.269 E43.80127
G1 X118.962 Y119.234 E43.80292
G0 F7200 X119.148 Y119.163
G0 X118.875 Y119.536
G0 X118.936 Y119.537
G0 X118.847 Y116.738
G0 X118.962 Y116.234
G1 F1800 X119.275 Y116.114 E43.80713
G1 X119.276 Y116.58 E43.81297
G1 X119.226 Y116.604 E43.81367
G1 X118.836 Y116.754 E43.81891
G1 X118.835 Y116.269 E43.82499
G1 X118.962 Y116.234 E43.82664
G0 F7200 X119.148 Y116.163
G0 X118.875 Y116.536
G1 F1500 E37.32664
G0 F7200 X118.936 Y116.537
G0 X117.164 Y116.329
G1 F1500 E43.82664
G0 F7200 X117.038 Y116.234
G1 F1800 X117.164 Y116.268 E43.82828
G1 X117.165 Y116.754 E43.83437
G1 X116.772 Y116.603 E43.83726
G1 X116.725 Y116.58 E43.83791
G1 X116.725 Y116.114 E43.84376
G1 X117.038 Y116.234 E43.84542
G0 F7200 X117.164 Y116.268
G0 X117.164 Y116.338
G0 X117.125 Y116.337
G0 X117.061 Y116.343
G0 X117.154 Y113.738
G0 X117.038 Y113.234
G1 F1800 X117.164 Y113.268 E43.84706
G1 X117.165 Y113.754 E43.85316
G1 X116.772 Y113.603 E43.85604
G1 X116.725 Y113.58 E43.8567
G1 X116.725 Y113.114 E43.86254
G1 X117.038 Y113.234 E43.86421
G0 F7200 X117.164 Y113.268
G0 X117.164 Y113.338
G0 X117.125 Y113.337
G0 X117.061 Y113.343
G0 X118.836 Y113.329
G0 X118.962 Y113.234
G1 F1800 X119.275 Y113.114 E43.86841
G1 X119.275 Y113.58 E43.87426
G1 X119.228 Y113.603 E43.87491
G1 X118.836 Y113.754 E43.88018
G1 X118.835 Y113.269 E43.88626
G1 X118.962 Y113.234 E43.88791
G0 F7200 X119.148 Y113.163
G0 X118.875 Y113.536
G0 X118.936 Y113.537
G0 X118.847 Y110.738
G0 X118.962 Y110.234
G1 F1800 X119.275 Y110.114 E43.89212
G1 X119.275 Y110.58 E43.89796
G1 X119.228 Y110.603 E43.89862
G1 X118.836 Y110.754 E43.90389
G1 X118.835 Y110.269 E43.90997
G1 X118.962 Y110.234 E43.91162
G0 F7200 X119.148 Y110.163
G0 X118.875 Y110.536
G0 X118.936 Y110.537
G0 X117.164 Y110.329
G0 X117.038 Y110.234
G1 F1800 X117.164 Y110.268 E43.91326
G1 X117.165 Y110.754 E43.91935
G1 X116.772 Y110.603 E43.92223
G1 X116.725 Y110.58 E43.92289
G1 X116.725 Y110.114 E43.92873
G1 X117.038 Y110.234 E43.9304
G0 F7200 X117.164 Y110.268
G0 X117.164 Y110.338
G0 X116.968 Y110.463
;TYPE:SKIN
G1 F1800 X116.918 Y110.413 E43.93085
G0 F7200 X116.764 Y110.412
G0 X116.825 Y110.412
G0 X118.028 Y110.343
G0 X123.86 Y110.345
G0 X125.008 Y110.329
G0 X125.038 Y110.234
;TYPE:WALL-OUTER
G1 F1800 X125.164 Y110.268 E43.93248
G1 X125.165 Y110.754 E43.93858
G1 X124.772 Y110.603 E43.94146
G1 X124.725 Y110.58 E43.94212
G1 X124.725 Y110.114 E43.94796
G1 X125.038 Y110.234 E43.94963
G0 F7200 X125.164 Y110.268
G0 X125.164 Y110.338
G0 X125.125 Y110.337
G0 X125.061 Y110.343
G0 X126.836 Y110.329
G0 X126.962 Y110.234
G1 F1800 X127.275 Y110.114 E43.95383
G1 X127.276 Y110.58 E43.95968
G1 X127.226 Y110.604 E43.96037
G1 X126.836 Y110.754 E43.96561
G1 X126.835 Y110.269 E43.97169
G1 X126.962 Y110.234 E43.97335
G0 F7200 X127.148 Y110.163
G0 X126.875 Y110.536
G1 F1500 E37.47335
G0 F7200 X126.936 Y110.537
G0 X127.264 Y113.13
G1 F1500 E43.97335
G0 F7200 X126.962 Y113.234
G1 F1800 X127.275 Y113.114 E43.97755
G1 X127.276 Y113.58 E43.98339
G1 X127.226 Y113.604 E43.98409
G1 X126.836 Y113.754 E43.98933
G1 X126.835 Y113.269 E43.99541
G1 X126.962 Y113.234 E43.99706
G0 F7200 X127.148 Y113.163
G0 X126.875 Y113.536
G0 X126.936 Y113.537
G0 X125.164 Y113.329
G0 X125.038 Y113.234
G1 F1800 X125.164 Y113.268 E43.9987
G1 X125.165 Y113.754 E44.00479
G1 X124.772 Y113.603 E44.00768
G1 X124.725 Y113.58 E44.00834
G1 X124.725 Y113.114 E44.01418
G1 X125.038 Y113.234 E44.01585
G0 F7200 X125.164 Y113.268
G0 X125.164 Y113.338
G0 X125.125 Y113.337
G1 F1500 E37.51585
G0 F7200 X125.061 Y113.343
G0 X124.735 Y116.13
G1 F1500 E44.01585
G0 F7200 X125.038 Y116.234
G1 F1800 X125.164 Y116.268 E44.01748
G1 X125.165 Y116.754 E44.02358
G1 X124.772 Y116.603 E44.02646
G1 X124.725 Y116.58 E44.02712
G1 X124.724 Y116.114 E44.03296
G1 X125.038 Y116.234 E44.03464
G0 F7200 X125.164 Y116.268
G0 X125.164 Y116.338
G0 X125.125 Y116.338
G0 X125.062 Y116.343
G0 X126.836 Y116.329
G0 X126.962 Y116.234
G1 F1800 X127.275 Y116.114 E44.03884
G1 X127.276 Y116.58 E44.04469
G1 X127.226 Y116.604 E44.04538
G1 X126.836 Y116.754 E44.05062
G1 X126.835 Y116.269 E44.0567
G1 X126.962 Y116.234 E44.05836
G0 F7200 X127.148 Y116.163
G0 X126.875 Y116.536
G0 X126.936 Y116.537
G0 X127.264 Y119.13
G0 X126.962 Y119.234
G1 F1800 X127.275 Y119.114 E44.06256
G1 X127.276 Y119.58 E44.0684
G1 X127.226 Y119.604 E44.0691
G1 X126.836 Y119.754 E44.07434
G1 X126.835 Y119.269 E44.08042
G1 X126.962 Y119.234 E44.08207
G0 F7200 X127.148 Y119.163
G0 X127.046 Y119.409
;TYPE:SKIN
G1 F1800 X127.08 Y119.443 E44.08237
G0 F7200 X127.236 Y119.443
G0 X127.175 Y119.442
G0 X125.164 Y119.329
G0 X125.038 Y119.234
;TYPE:WALL-OUTER
G1 F1800 X125.164 Y119.268 E44.08401
G1 X125.165 Y119.754 E44.09011
G1 X124.772 Y119.603 E44.09299
G1 X124.725 Y119.58 E44.09365
G1 X124.724 Y119.114 E44.09949
G1 X125.038 Y119.234 E44.10117
G0 F7200 X125.164 Y119.268
G0 X125.164 Y119.338
G0 X125.125 Y119.338
G1 F1500 E37.60117
G0 F7200 X125.062 Y119.343
G0 X131.86 Y119.33
G0 X133.008 Y119.329
G1 F1500 E44.10117
G0 F7200 X133.038 Y119.234
G1 F1800 X133.164 Y119.268 E44.1028
G1 X133.164 Y119.754 E44.1089
G1 X132.772 Y119.603 E44.11178
G1 X132.725 Y119.58 E44.11243
G1 X132.724 Y119.114 E44.11828
G1 X133.038 Y119.234 E44.11995
G0 F7200 X133.164 Y119.268
G0 X133.164 Y119.338
G0 X133.125 Y119.339
G0 X133.062 Y119.343
G0 X133.154 Y116.738
G0 X133.038 Y116.234
G1 F1800 X133.164 Y116.268 E44.12159
G1 X133.165 Y116.754 E44.12768
G1 X132.772 Y116.603 E44.13057
G1 X132.725 Y116.58 E44.13122
G1 X132.724 Y116.114 E44.13707
G1 X133.038 Y116.234 E44.13874
G0 F7200 X133.164 Y116.268
G0 X133.164 Y116.338
G0 X133.125 Y116.338
G1 F1500 E37.63874
G0 F7200 X133.062 Y116.343
G0 X133.153 Y113.738
G1 F1500 E44.13874
G0 F7200 X133.038 Y113.234
G1 F1800 X133.164 Y113.268 E44.14038
G1 X133.164 Y113.754 E44.14647
G1 X132.772 Y113.603 E44.14935
G1 X132.725 Y113.58 E44.15001
G1 X132.725 Y113.114 E44.15585
G1 X133.038 Y113.234 E44.15752
G0 F7200 X133.164 Y113.268
G0 X133.164 Y113.338
G0 X132.968 Y113.452
;TYPE:SKIN
G1 F1800 X132.919 Y113.402 E44.15796
G0 F7200 X132.764 Y113.402
G0 X132.825 Y113.402
G0 X133.154 Y110.738
G0 X133.038 Y110.234
;TYPE:WALL-OUTER
G1 F1800 X133.164 Y110.268 E44.1596
G1 X133.165 Y110.754 E44.16569
G1 X132.772 Y110.603 E44.16858
G1 X132.725 Y110.58 E44.16923
G1 X132.725 Y110.114 E44.17508
G1 X133.038 Y110.234 E44.17674
G0 F7200 X133.164 Y110.268
G0 X133.164 Y110.338
G0 X133.125 Y110.337
;MESH:NONMESH
G0 F600 X133.125 Y110.337 Z8
G0 F7200 X133.061 Y110.343
G0 X131.86 Y110.329
G0 X125.988 Y111.861
G0 X119.106 Y111.577
G0 X118.015 Y111.865
G0 X112.14 Y110.374
G0 X110.993 Y110.329
G0 X110.962 Y110.234
;TIME_ELAPSED:425.672881
;LAYER:39
;TYPE:WALL-OUTER
;MESH:output_v2\A_fina_suporte.stl
G1 F1800 X111.065 Y110.195 E44.17812
G1 X111.066 Y110.665 E44.18402
G1 X110.834 Y110.755 E44.18714
G1 X110.617 Y110.813 E44.18996
G1 X110.616 Y110.327 E44.19605
G1 X110.962 Y110.234 E44.20054
G0 F7200 X111.065 Y110.195
G0 X111.065 Y110.285
G0 X110.775 Y110.698
G0 X110.77 Y110.669
G0 X111.054 Y113.211
G0 X110.962 Y113.234
G1 F1800 X111.065 Y113.195 E44.20192
G1 X111.065 Y113.666 E44.20783
G1 X110.832 Y113.755 E44.21096
G1 X110.617 Y113.812 E44.21375
G1 X110.616 Y113.327 E44.21983
G1 X110.962 Y113.234 E44.22432
G0 F7200 X111.065 Y113.195
G0 X111.065 Y113.285
G0 X110.775 Y113.698
G1 F1500 E37.72432
G0 F7200 X110.769 Y113.669
G0 X111.054 Y116.211
G1 F1500 E44.22432
G0 F7200 X110.962 Y116.234
G1 F1800 X111.065 Y116.195 E44.2257
G1 X111.066 Y116.665 E44.2316
G1 X110.834 Y116.755 E44.23472
G1 X110.617 Y116.813 E44.23754
G1 X110.616 Y116.327 E44.24363
G1 X110.962 Y116.234 E44.24812
G0 F7200 X111.065 Y116.195
G0 X111.065 Y116.285
G0 X110.775 Y116.698
G0 X110.77 Y116.669
G0 X111.054 Y119.211
G0 X110.962 Y119.234
G1 F1800 X111.065 Y119.195 E44.2495
G1 X111.066 Y119.665 E44.2554
G1 X110.832 Y119.756 E44.25855
G1 X110.617 Y119.812 E44.26133
G1 X110.616 Y119.327 E44.26742
G1 X110.962 Y119.234 E44.27191
G0 F7200 X111.065 Y119.195
G0 X111.065 Y119.285
G0 X110.775 Y119.698
G0 X109.843 Y119.898
G1 F1800 X109.386 Y119.9 E44.27764
G1 X109.386 Y119.4 E44.28391
G1 X109.842 Y119.4 E44.28963
G1 X109.843 Y119.898 E44.29587
G0 F7200 X109.643 Y119.898
G0 X109.643 Y119.8
G1 F1500 E37.79587
G0 F7200 X109.644 Y119.798
G0 X110.154 Y118.536
G0 X111.911 Y117.963
G0 X116.07 Y119.414
G1 F1500 E44.29587
G0 F7200 X117.038 Y119.234
G1 F1800 X117.383 Y119.327 E44.30035
G1 X117.384 Y119.813 E44.30645
G1 X117.166 Y119.755 E44.30928
G1 X116.935 Y119.666 E44.31238
G1 X116.935 Y119.195 E44.31829
G1 X117.038 Y119.234 E44.31967
G0 F7200 X117.231 Y119.286
G0 X117.248 Y119.357
G1 F1500 E37.81967
G0 F7200 X117.238 Y119.391
G0 X118.631 Y119.339
G1 F1500 E44.31967
G0 F7200 X118.962 Y119.234
G1 F1800 X119.065 Y119.195 E44.32105
G1 X119.066 Y119.665 E44.32694
G1 X118.834 Y119.755 E44.33007
G1 X118.617 Y119.813 E44.33288
G1 X118.616 Y119.327 E44.33898
G1 X118.962 Y119.234 E44.34347
G0 F7200 X119.065 Y119.195
G0 X119.065 Y119.285
G0 X118.775 Y119.698
G0 X118.77 Y119.669
G0 X118.629 Y116.798
G0 X118.962 Y116.234
G1 F1800 X119.065 Y116.195 E44.34485
G1 X119.066 Y116.665 E44.35074
G1 X118.834 Y116.755 E44.35387
G1 X118.617 Y116.813 E44.35668
G1 X118.616 Y116.327 E44.36278
G1 X118.962 Y116.234 E44.36727
G0 F7200 X119.065 Y116.195
G0 X119.065 Y116.285
G0 X118.863 Y116.461
;TYPE:SKIN
G1 F1800 X118.81 Y116.514 E44.36774
G0 F7200 X118.665 Y116.514
G1 F1500 E37.86774
G0 F7200 X118.717 Y116.515
G0 X117.383 Y116.341
G1 F1500 E44.36774
G0 F7200 X117.038 Y116.234
;TYPE:WALL-OUTER
G1 F1800 X117.383 Y116.327 E44.37222
G1 X117.384 Y116.813 E44.37832
G1 X117.166 Y116.755 E44.38114
G1 X116.935 Y116.666 E44.38425
G1 X116.935 Y116.195 E44.39016
G1 X117.038 Y116.234 E44.39154
G0 F7200 X117.231 Y116.286
G0 X117.159 Y116.468
;TYPE:SKIN
G1 F1800 X117.129 Y116.498 E44.3918
G0 F7200 X116.983 Y116.497
G0 X117.035 Y116.497
G0 X117.372 Y113.798
G0 X117.038 Y113.234
;TYPE:WALL-OUTER
G1 F1800 X117.383 Y113.327 E44.39628
G1 X117.384 Y113.813 E44.40238
G1 X117.166 Y113.755 E44.40521
G1 X116.935 Y113.666 E44.40831
G1 X116.935 Y113.195 E44.41422
G1 X117.038 Y113.234 E44.4156
G0 F7200 X117.231 Y113.286
G0 X117.248 Y113.357
G0 X117.238 Y113.391
G0 X118.631 Y113.339
G0 X118.962 Y113.234
G1 F1800 X119.065 Y113.195 E44.41698
G1 X119.065 Y113.666 E44.42289
G1 X118.834 Y113.755 E44.42599
G1 X118.617 Y113.813 E44.42881
G1 X118.616 Y113.327 E44.4349
G1 X118.962 Y113.234 E44.4394
G0 F7200 X119.065 Y113.195
G0 X119.065 Y113.285
G0 X118.775 Y113.698
G1 F1500 E37.9394
G0 F7200 X118.77 Y113.669
G0 X118.629 Y110.798
G1 F1500 E44.4394
G0 F7200 X118.962 Y110.234
G1 F1800 X119.065 Y110.195 E44.44078
G1 X119.066 Y110.665 E44.44667
G1 X118.834 Y110.755 E44.44979
G1 X118.617 Y110.813 E44.45261
G1 X118.616 Y110.327 E44.4587
G1 X118.962 Y110.234 E44.4632
G0 F7200 X119.065 Y110.195
G0 X119.065 Y110.285
G0 X118.87 Y110.515
;TYPE:SKIN
G1 F1800 X118.842 Y110.543 E44.46344
G0 F7200 X118.854 Y110.677
G0 X118.843 Y110.644
G0 X117.383 Y110.341
G0 X117.038 Y110.234
;TYPE:WALL-OUTER
G1 F1800 X117.383 Y110.327 E44.46792
G1 X117.384 Y110.813 E44.47402
G1 X117.166 Y110.755 E44.47685
G1 X116.935 Y110.666 E44.47995
G1 X116.935 Y110.195 E44.48586
G1 X117.038 Y110.234 E44.48724
G0 F7200 X117.231 Y110.286
G0 X117.186 Y110.501
;TYPE:SKIN
G1 F1800 X117.148 Y110.539 E44.48758
G0 F7200 X117.134 Y110.673
G0 X117.148 Y110.641
G0 X117.644 Y109.501
G0 X119.911 Y108.963
G0 X124.07 Y110.344
G0 X125.038 Y110.234
;TYPE:WALL-OUTER
G1 F1800 X125.383 Y110.327 E44.49206
G1 X125.384 Y110.813 E44.49815
G1 X125.166 Y110.755 E44.50098
G1 X124.935 Y110.666 E44.50409
G1 X124.935 Y110.195 E44.50999
G1 X125.038 Y110.234 E44.51137
G0 F7200 X125.231 Y110.286
G0 X125.248 Y110.357
G1 F1500 E38.01137
G0 F7200 X125.238 Y110.391
G0 X126.631 Y110.339
G1 F1500 E44.51137
G0 F7200 X126.962 Y110.234
G1 F1800 X127.065 Y110.195 E44.51275
G1 X127.066 Y110.665 E44.51865
G1 X126.834 Y110.755 E44.52177
G1 X126.617 Y110.813 E44.52459
G1 X126.616 Y110.327 E44.53068
G1 X126.962 Y110.234 E44.53517
G0 F7200 X127.065 Y110.195
G0 X127.065 Y110.285
G0 X126.775 Y110.698
G0 X126.77 Y110.669
G0 X127.054 Y113.211
G0 X126.962 Y113.234
G1 F1800 X127.065 Y113.195 E44.53655
G1 X127.065 Y113.666 E44.54246
G1 X126.832 Y113.755 E44.54559
G1 X126.617 Y113.812 E44.54838
G1 X126.616 Y113.327 E44.55446
G1 X126.962 Y113.234 E44.55895
G0 F7200 X127.065 Y113.195
G0 X127.065 Y113.285
G0 X126.775 Y113.698
G0 X126.769 Y113.669
G0 X125.383 Y113.341
G0 X125.038 Y113.234
G1 F1800 X125.383 Y113.327 E44.56343
G1 X125.384 Y113.813 E44.56953
G1 X125.166 Y113.755 E44.57236
G1 X124.935 Y113.666 E44.57546
G1 X124.935 Y113.195 E44.58137
G1 X125.038 Y113.234 E44.58275
G0 F7200 X125.231 Y113.286
G0 X125.248 Y113.357
G0 X125.238 Y113.391
G0 X124.946 Y116.211
G0 X125.038 Y116.234
G1 F1800 X125.383 Y116.327 E44.58723
G1 X125.384 Y116.813 E44.59333
G1 X125.166 Y116.755 E44.59615
G1 X124.935 Y116.666 E44.59926
G1 X124.935 Y116.195 E44.60517
G1 X125.038 Y116.234 E44.60655
G0 F7200 X125.231 Y116.286
G0 X125.248 Y116.357
G0 X125.238 Y116.391
G0 X126.631 Y116.339
G0 X126.962 Y116.234
G1 F1800 X127.065 Y116.195 E44.60793
G1 X127.066 Y116.665 E44.61382
G1 X126.834 Y116.755 E44.61694
G1 X126.617 Y116.813 E44.61976
G1 X126.616 Y116.327 E44.62585
G1 X126.962 Y116.234 E44.63035
G0 F7200 X127.065 Y116.195
G0 X127.065 Y116.285
G0 X126.775 Y116.698
G0 X126.77 Y116.669
G0 X127.054 Y119.211
G0 X126.962 Y119.234
G1 F1800 X127.065 Y119.195 E44.63173
G1 X127.066 Y119.665 E44.63762
G1 X126.832 Y119.756 E44.64077
G1 X126.617 Y119.812 E44.64356
G1 X126.616 Y119.327 E44.64964
G1 X126.962 Y119.234 E44.65413
G0 F7200 X127.065 Y119.195
G0 X127.065 Y119.285
G0 X126.87 Y119.485
;TYPE:SKIN
G1 F1800 X126.81 Y119.545 E44.65466
G0 F7200 X126.665 Y119.545
G0 X126.717 Y119.546
G0 X125.383 Y119.341
G0 X125.038 Y119.234
;TYPE:WALL-OUTER
G1 F1800 X125.383 Y119.327 E44.65914
G1 X125.384 Y119.813 E44.66524
G1 X125.166 Y119.755 E44.66807
G1 X124.935 Y119.666 E44.67117
G1 X124.935 Y119.195 E44.67708
G1 X125.038 Y119.234 E44.67846
G0 F7200 X125.231 Y119.286
G0 X125.183 Y119.475
;TYPE:SKIN
G1 F1800 X125.129 Y119.529 E44.67894
G0 F7200 X124.983 Y119.528
G0 X125.035 Y119.528
G0 X125.644 Y118.501
G0 X127.911 Y117.963
G0 X132.07 Y119.344
G0 X133.038 Y119.234
;TYPE:WALL-OUTER
G1 F1800 X133.383 Y119.327 E44.68342
G1 X133.384 Y119.813 E44.68951
G1 X133.166 Y119.755 E44.69234
G1 X132.935 Y119.666 E44.69545
G1 X132.935 Y119.195 E44.70135
G1 X133.038 Y119.234 E44.70274
G0 F7200 X133.231 Y119.286
G0 X133.248 Y119.357
G1 F1500 E38.20274
G0 F7200 X133.238 Y119.391
G0 X133.372 Y116.798
G1 F1500 E44.70274
G0 F7200 X133.038 Y116.234
G1 F1800 X133.383 Y116.327 E44.70722
G1 X133.384 Y116.813 E44.71331
G1 X133.166 Y116.755 E44.71614
G1 X132.935 Y116.666 E44.71924
G1 X132.935 Y116.195 E44.72515
G1 X133.038 Y116.234 E44.72653
G0 F7200 X133.231 Y116.286
G0 X133.248 Y116.357
G0 X133.238 Y116.391
G0 X133.372 Y113.798
G0 X133.038 Y113.234
G1 F1800 X133.383 Y113.327 E44.73101
G1 X133.384 Y113.813 E44.73711
G1 X133.166 Y113.755 E44.73994
G1 X132.935 Y113.666 E44.74304
G1 X132.935 Y113.195 E44.74895
G1 X133.038 Y113.234 E44.75033
G0 F7200 X133.231 Y113.286
G0 X133.167 Y113.471
;TYPE:SKIN
G1 F1800 X133.129 Y113.509 E44.75067
G0 F7200 X132.983 Y113.508
G0 X133.035 Y113.508
G0 X133.372 Y110.798
G0 X133.038 Y110.234
;TYPE:WALL-OUTER
G1 F1800 X133.383 Y110.327 E44.75515
G1 X133.384 Y110.813 E44.76124
G1 X133.166 Y110.755 E44.76407
G1 X132.935 Y110.666 E44.76717
G1 X132.935 Y110.195 E44.77308
G1 X133.038 Y110.234 E44.77446
G0 F7200 X133.231 Y110.286
G0 X133.248 Y110.357
;MESH:NONMESH
G0 F600 X133.248 Y110.357 Z8.2
G0 F7200 X133.238 Y110.391
G0 X132.07 Y110.4
G0 X126.235 Y111.833
G0 X117.767 Y111.824
G0 X111.93 Y110.445
G0 X110.73 Y110.4
G0 X110.541 Y110.347
;TIME_ELAPSED:433.501672
;LAYER:40
;TYPE:WALL-OUTER
;MESH:output_v2\A_fina_suporte.stl
G1 F1800 X110.855 Y110.263 E44.77854
G1 X110.856 Y110.746 E44.78459
G1 X110.834 Y110.755 E44.78489
G1 X110.462 Y110.854 E44.78972
G1 X110.252 Y110.885 E44.79238
G1 X110.143 Y110.895 E44.79375
G1 X109.993 Y110.9 E44.79564
G1 X109.765 Y110.9 E44.7985
G1 X109.764 Y110.4 E44.80477
G1 X110.004 Y110.4 E44.80778
G1 X110.214 Y110.392 E44.81041
G1 X110.325 Y110.38 E44.81181
G1 X110.541 Y110.347 E44.81455
G0 F7200 X110.734 Y110.296
G0 X110.578 Y110.578
;TYPE:SKIN
G1 F1800 X110.339 Y110.622 E44.81566
G1 X110.08 Y110.646 E44.81685
G0 F7200 X110.025 Y110.498
G0 X110.024 Y110.5
G0 X110.02 Y113.419
G0 X109.024 Y114.303
G0 X108.741 Y115.436
G0 X109.578 Y116.434
G0 X109.61 Y116.34
;TYPE:WALL-OUTER
G1 F1800 X109.897 Y116.397 E44.82052
G1 X110.093 Y116.4 E44.82298
G1 X110.31 Y116.383 E44.82571
G1 X110.541 Y116.347 E44.82864
G1 X110.855 Y116.263 E44.83272
G1 X110.856 Y116.746 E44.83877
G1 X110.834 Y116.755 E44.83907
G1 X110.462 Y116.854 E44.8439
G1 X110.252 Y116.885 E44.84656
G1 X110.143 Y116.895 E44.84793
G1 X110 Y116.9 E44.84973
G1 X109.734 Y116.879 E44.85307
G1 X109.332 Y116.766 E44.85831
G1 X108.972 Y116.564 E44.86349
G1 X108.663 Y116.279 E44.86876
G1 X108.591 Y116.187 E44.87022
G1 X108.38 Y115.811 E44.87563
G1 X108.301 Y115.567 E44.87885
G1 X108.251 Y115.14 E44.88424
G1 X108.255 Y115.019 E44.88576
G1 X108.299 Y114.745 E44.88924
G1 X108.444 Y114.352 E44.89449
G1 X108.587 Y114.118 E44.89793
G1 X108.663 Y114.021 E44.89947
G1 X108.976 Y113.732 E44.90482
G1 X109.202 Y113.594 E44.90814
G1 X109.591 Y113.45 E44.91334
G1 X110.019 Y113.4 E44.91874
G1 X110.214 Y113.392 E44.92119
G1 X110.325 Y113.38 E44.92259
G1 X110.541 Y113.347 E44.92533
G1 X110.855 Y113.263 E44.92941
G1 X110.855 Y113.747 E44.93548
G1 X110.837 Y113.754 E44.93572
G1 X110.462 Y113.854 E44.94058
G1 X110.252 Y113.885 E44.94325
G1 X110.139 Y113.895 E44.94467
G1 X109.799 Y113.915 E44.94894
G1 X109.427 Y114.035 E44.95384
G1 X109.053 Y114.33 E44.95982
G1 X108.882 Y114.585 E44.96367
G1 X108.762 Y114.958 E44.96858
G1 X108.78 Y115.43 E44.9745
G1 X108.848 Y115.64 E44.97727
G1 X109.107 Y116.026 E44.9831
G1 X109.271 Y116.166 E44.9858
G1 X109.61 Y116.34 E44.99058
G0 F7200 X109.806 Y116.379
G0 X109.846 Y116.634
;TYPE:SKIN
G1 F1800 X110.138 Y116.643 E44.99186
G1 X110.626 Y116.566 E44.99402
G0 F7200 X110.658 Y116.598
G0 X109.554 Y116.625
G1 F1800 X109.358 Y116.429 E44.99576
G0 F7200 X108.609 Y115.68
G1 F1800 X108.521 Y115.309 E44.99724
G1 X108.627 Y114.567 E45.00016
G1 X108.978 Y114.069 E45.00253
G1 X109.504 Y113.747 E45.00493
G1 X110.485 Y113.596 E45.00878
G0 F7200 X110.519 Y113.756
G1 F1500 E38.50878
G0 F7200 X110.516 Y113.737
G0 X109.409 Y114
G0 X108.723 Y114.953
G0 X109.027 Y115.976
G0 X110 Y116.881
G0 X110 Y119.42
G1 F1500 E45.00878
G0 F7200 X109.942 Y119.899
;TYPE:WALL-OUTER
G1 F1800 X109.457 Y119.9 E45.01487
G1 X109.457 Y119.4 E45.02114
G1 X110.087 Y119.4 E45.02904
G1 X110.323 Y119.381 E45.03201
G1 X110.541 Y119.347 E45.03477
G1 X110.855 Y119.263 E45.03885
G1 X110.856 Y119.746 E45.04491
G1 X110.834 Y119.755 E45.0452
G1 X110.462 Y119.854 E45.05003
G1 X110.252 Y119.885 E45.05269
G1 X110.135 Y119.895 E45.05417
G1 X110.07 Y119.898 E45.05498
G1 X110 Y119.897 E45.05586
G1 X109.942 Y119.899 E45.05659
G0 F7200 X109.742 Y119.899
G0 X109.748 Y119.648
;TYPE:SKIN
G1 F1800 X110.03 Y119.647 E45.05773
G1 X110.534 Y119.585 E45.0598
G0 F7200 X110.567 Y119.749
G1 F1500 E38.5598
G0 F7200 X110.563 Y119.724
G0 X111.72 Y119.458
G0 X116.28 Y119.459
G0 X118.561 Y119.444
G1 F1500 E45.0598
G0 F7200 X118.541 Y119.347
;TYPE:WALL-OUTER
G1 F1800 X118.855 Y119.263 E45.06388
G1 X118.856 Y119.746 E45.06993
G1 X118.834 Y119.755 E45.07023
G1 X118.464 Y119.854 E45.07503
G1 X118.269 Y119.884 E45.07751
G1 X118.189 Y119.892 E45.07852
G1 X117.908 Y119.898 E45.08204
G1 X117.812 Y119.892 E45.08325
G1 X117.731 Y119.884 E45.08427
G1 X117.536 Y119.854 E45.08674
G1 X117.163 Y119.754 E45.09159
G1 X117.145 Y119.747 E45.09183
G1 X117.145 Y119.263 E45.0979
G1 X117.459 Y119.347 E45.10197
G1 X117.675 Y119.38 E45.10471
G1 X117.784 Y119.391 E45.10609
G1 X117.896 Y119.398 E45.10749
G1 X118.212 Y119.392 E45.11146
G1 X118.325 Y119.38 E45.11288
G1 X118.541 Y119.347 E45.11562
G0 F7200 X118.734 Y119.296
G0 X118.468 Y119.599
;TYPE:SKIN
G1 F1800 X118.222 Y119.636 E45.11667
G1 X117.641 Y119.621 E45.11912
G0 F7200 X117.631 Y119.466
G1 F1500 E38.61912
G0 F7200 X117.629 Y119.474
G0 X118.267 Y116.865
G1 F1500 E45.11912
G0 F7200 X118.541 Y116.347
;TYPE:WALL-OUTER
G1 F1800 X118.855 Y116.263 E45.12319
G1 X118.856 Y116.746 E45.12925
G1 X118.834 Y116.755 E45.12955
G1 X118.464 Y116.854 E45.13435
G1 X118.269 Y116.884 E45.13683
G1 X118.189 Y116.892 E45.13784
G1 X117.908 Y116.898 E45.14136
G1 X117.812 Y116.892 E45.14257
G1 X117.731 Y116.884 E45.14359
G1 X117.536 Y116.854 E45.14606
G1 X117.163 Y116.754 E45.1509
G1 X117.145 Y116.747 E45.15115
G1 X117.145 Y116.263 E45.15722
G1 X117.459 Y116.347 E45.16129
G1 X117.675 Y116.38 E45.16403
G1 X117.784 Y116.391 E45.16541
G1 X117.896 Y116.398 E45.16681
G1 X118.212 Y116.392 E45.17078
G1 X118.325 Y116.38 E45.1722
G1 X118.541 Y116.347 E45.17494
G0 F7200 X118.734 Y116.296
G0 X118.56 Y116.58
;TYPE:SKIN
G1 F1800 X118.323 Y116.626 E45.17586
G1 X117.431 Y116.582 E45.17927
G0 F7200 X117.407 Y116.406
G1 F1500 E38.67927
G0 F7200 X117.4 Y116.434
G0 X117.832 Y113.874
G1 F1500 E45.17927
G0 F7200 X118.541 Y113.347
;TYPE:WALL-OUTER
G1 F1800 X118.855 Y113.263 E45.18335
G1 X118.855 Y113.747 E45.18942
G1 X118.837 Y113.754 E45.18966
G1 X118.464 Y113.854 E45.1945
G1 X118.269 Y113.884 E45.19698
G1 X118.189 Y113.892 E45.19798
G1 X117.908 Y113.898 E45.20151
G1 X117.812 Y113.892 E45.20271
G1 X117.731 Y113.884 E45.20374
G1 X117.536 Y113.854 E45.20621
G1 X117.163 Y113.754 E45.21105
G1 X117.145 Y113.747 E45.21129
G1 X117.145 Y113.263 E45.21736
G1 X117.459 Y113.347 E45.22144
G1 X117.675 Y113.38 E45.22418
G1 X117.784 Y113.391 E45.22555
G1 X117.896 Y113.398 E45.22696
G1 X118.212 Y113.392 E45.23093
G1 X118.325 Y113.38 E45.23235
G1 X118.541 Y113.347 E45.23509
G0 F7200 X118.734 Y113.296
G0 X118.638 Y113.547
;TYPE:SKIN
G1 F1800 X118.419 Y113.61 E45.23594
G1 X117.571 Y113.611 E45.23911
G0 F7200 X117.563 Y113.448
G1 F1500 E38.73911
G0 F7200 X117.56 Y113.463
G0 X118.267 Y110.865
G1 F1500 E45.23911
G0 F7200 X118.541 Y110.347
;TYPE:WALL-OUTER
G1 F1800 X118.855 Y110.263 E45.24318
G1 X118.856 Y110.746 E45.24924
G1 X118.834 Y110.755 E45.24954
G1 X118.464 Y110.854 E45.25434
G1 X118.269 Y110.884 E45.25682
G1 X118.189 Y110.892 E45.25783
G1 X117.908 Y110.898 E45.26135
G1 X117.812 Y110.892 E45.26256
G1 X117.731 Y110.884 E45.26358
G1 X117.536 Y110.854 E45.26605
G1 X117.163 Y110.754 E45.27089
G1 X117.145 Y110.747 E45.27114
G1 X117.145 Y110.263 E45.27721
G1 X117.459 Y110.347 E45.28128
G1 X117.675 Y110.38 E45.28402
G1 X117.784 Y110.391 E45.2854
G1 X117.896 Y110.398 E45.2868
G1 X118.212 Y110.392 E45.29077
G1 X118.325 Y110.38 E45.29219
G1 X118.541 Y110.347 E45.29493
G0 F7200 X118.734 Y110.296
G0 X118.511 Y110.591
;TYPE:SKIN
G1 F1800 X118.27 Y110.633 E45.29578
G1 X117.372 Y110.583 E45.29889
G0 F7200 X117.513 Y110.76
G1 F1500 E38.79889
G0 F7200 X117.517 Y110.746
G0 X118.855 Y110.459
G0 X124.28 Y110.459
G0 X126.561 Y110.444
G1 F1500 E45.29889
G0 F7200 X126.541 Y110.347
;TYPE:WALL-OUTER
G1 F1800 X126.855 Y110.263 E45.30297
G1 X126.856 Y110.746 E45.30903
G1 X126.834 Y110.755 E45.30932
G1 X126.464 Y110.854 E45.31413
G1 X126.269 Y110.884 E45.3166
G1 X126.188 Y110.892 E45.31762
G1 X126.092 Y110.898 E45.31883
G1 X125.812 Y110.892 E45.32234
G1 X125.731 Y110.884 E45.32336
G1 X125.536 Y110.854 E45.32584
G1 X125.163 Y110.754 E45.33068
G1 X125.145 Y110.747 E45.33092
G1 X125.145 Y110.263 E45.33699
G1 X125.459 Y110.347 E45.34107
G1 X125.675 Y110.38 E45.34381
G1 X125.788 Y110.392 E45.34523
G1 X126.104 Y110.398 E45.3492
G1 X126.216 Y110.391 E45.3506
G1 X126.325 Y110.38 E45.35198
G1 X126.541 Y110.347 E45.35472
G0 F7200 X126.734 Y110.296
G0 X126.444 Y110.605
;TYPE:SKIN
G1 F1800 X126.196 Y110.639 E45.35578
G1 X125.607 Y110.617 E45.35827
G0 F7200 X125.599 Y110.458
G1 F1500 E38.85827
G0 F7200 X125.597 Y110.469
G0 X126.843 Y113.278
G1 F1500 E45.35827
G0 F7200 X126.541 Y113.347
;TYPE:WALL-OUTER
G1 F1800 X126.855 Y113.263 E45.36235
G1 X126.855 Y113.747 E45.36842
G1 X126.837 Y113.754 E45.36866
G1 X126.464 Y113.854 E45.3735
G1 X126.269 Y113.884 E45.37597
G1 X126.188 Y113.892 E45.377
G1 X126.092 Y113.898 E45.3782
G1 X125.812 Y113.892 E45.38171
G1 X125.731 Y113.884 E45.38273
G1 X125.536 Y113.854 E45.38521
G1 X125.163 Y113.754 E45.39005
G1 X125.145 Y113.747 E45.39029
G1 X125.145 Y113.263 E45.39636
G1 X125.459 Y113.347 E45.40044
G1 X125.675 Y113.38 E45.40318
G1 X125.788 Y113.392 E45.4046
G1 X126.104 Y113.398 E45.40857
G1 X126.216 Y113.391 E45.40998
G1 X126.325 Y113.38 E45.41135
G1 X126.541 Y113.347 E45.41409
G0 F7200 X126.734 Y113.296
G0 X126.586 Y113.575
;TYPE:SKIN
G1 F1800 X126.35 Y113.622 E45.415
G1 X125.473 Y113.593 E45.41834
G0 F7200 X125.463 Y113.421
G1 F1500 E38.91834
G0 F7200 X125.458 Y113.448
G0 X126.843 Y116.278
G1 F1500 E45.41834
G0 F7200 X126.541 Y116.347
;TYPE:WALL-OUTER
G1 F1800 X126.855 Y116.263 E45.42241
G1 X126.856 Y116.746 E45.42847
G1 X126.834 Y116.755 E45.42877
G1 X126.464 Y116.854 E45.43357
G1 X126.269 Y116.884 E45.43604
G1 X126.188 Y116.892 E45.43706
G1 X126.092 Y116.898 E45.43827
G1 X125.812 Y116.892 E45.44178
G1 X125.731 Y116.884 E45.4428
G1 X125.536 Y116.854 E45.44528
G1 X125.163 Y116.754 E45.45012
G1 X125.145 Y116.747 E45.45036
G1 X125.145 Y116.263 E45.45643
G1 X125.459 Y116.347 E45.46051
G1 X125.675 Y116.38 E45.46325
G1 X125.788 Y116.392 E45.46467
G1 X126.104 Y116.398 E45.46864
G1 X126.216 Y116.391 E45.47004
G1 X126.325 Y116.38 E45.47142
G1 X126.541 Y116.347 E45.47416
G0 F7200 X126.734 Y116.296
G0 X126.494 Y116.594
;TYPE:SKIN
G1 F1800 X126.251 Y116.634 E45.47498
G1 X125.357 Y116.589 E45.47799
G0 F7200 X125.516 Y116.76
G1 F1500 E38.97799
G0 F7200 X125.519 Y116.747
G0 X126.843 Y119.278
G1 F1500 E45.47799
G0 F7200 X126.541 Y119.347
;TYPE:WALL-OUTER
G1 F1800 X126.855 Y119.263 E45.48207
G1 X126.856 Y119.746 E45.48812
G1 X126.834 Y119.755 E45.48842
G1 X126.464 Y119.854 E45.49322
G1 X126.269 Y119.884 E45.4957
G1 X126.188 Y119.892 E45.49672
G1 X126.092 Y119.898 E45.49793
G1 X125.812 Y119.892 E45.50144
G1 X125.731 Y119.884 E45.50246
G1 X125.536 Y119.854 E45.50493
G1 X125.163 Y119.754 E45.50978
G1 X125.145 Y119.747 E45.51002
G1 X125.145 Y119.263 E45.51609
G1 X125.459 Y119.347 E45.52016
G1 X125.675 Y119.38 E45.5229
G1 X125.788 Y119.392 E45.52433
G1 X126.104 Y119.398 E45.52829
G1 X126.216 Y119.391 E45.5297
G1 X126.325 Y119.38 E45.53107
G1 X126.541 Y119.347 E45.53381
G0 F7200 X126.734 Y119.296
G0 X126.631 Y119.56
;TYPE:SKIN
G1 F1800 X126.401 Y119.613 E45.53471
G1 X125.548 Y119.608 E45.53796
G0 F7200 X125.54 Y119.442
G1 F1500 E39.03796
G0 F7200 X125.537 Y119.46
G0 X126.843 Y119.278
G0 X132.28 Y116.735
G0 X134.62 Y116.947
G1 F1500 E45.53796
G0 F7200 X134.573 Y117.035
;TYPE:WALL-OUTER
G1 F1800 X134.201 Y116.915 E45.54287
G1 X133.861 Y116.895 E45.54714
G1 X133.731 Y116.884 E45.54877
G1 X133.536 Y116.854 E45.55125
G1 X133.163 Y116.754 E45.55609
G1 X133.145 Y116.747 E45.55633
G1 X133.145 Y116.263 E45.5624
G1 X133.459 Y116.347 E45.56648
G1 X133.676 Y116.381 E45.56923
G1 X133.878 Y116.398 E45.57177
G1 X133.971 Y116.398 E45.57294
G1 X134.266 Y116.421 E45.57665
G1 X134.675 Y116.536 E45.58198
G1 X134.919 Y116.661 E45.58542
G1 X135.019 Y116.727 E45.58692
G1 X135.337 Y117.021 E45.59235
G1 X135.409 Y117.113 E45.59382
G1 X135.616 Y117.482 E45.59912
G1 X135.727 Y117.878 E45.60428
G1 X135.743 Y118.293 E45.60949
G1 X135.729 Y118.416 E45.61104
G1 X135.616 Y118.818 E45.61628
G1 X135.409 Y119.187 E45.62158
G1 X135.337 Y119.279 E45.62305
G1 X135.019 Y119.573 E45.62848
G1 X134.925 Y119.636 E45.6299
G1 X134.532 Y119.817 E45.63532
G1 X134.417 Y119.849 E45.63682
G1 X133.987 Y119.899 E45.64225
G1 X133.857 Y119.895 E45.64388
G1 X133.731 Y119.884 E45.64547
G1 X133.536 Y119.854 E45.64794
G1 X133.163 Y119.754 E45.65278
G1 X133.145 Y119.747 E45.65302
G1 X133.145 Y119.263 E45.65909
G1 X133.459 Y119.347 E45.66317
G1 X133.675 Y119.38 E45.66591
G1 X133.786 Y119.392 E45.66731
G1 X133.995 Y119.4 E45.66993
G1 X134.109 Y119.396 E45.67136
G1 X134.467 Y119.31 E45.67598
G1 X134.582 Y119.258 E45.67756
G1 X134.944 Y118.972 E45.68335
G1 X135.068 Y118.801 E45.686
G1 X135.191 Y118.536 E45.68966
G1 X135.249 Y118.24 E45.69344
G1 X135.193 Y117.767 E45.69942
G1 X135.018 Y117.425 E45.70423
G1 X134.941 Y117.326 E45.70581
G1 X134.573 Y117.035 E45.71169
G0 F7200 X134.383 Y116.974
G0 X134.205 Y116.669
;TYPE:SKIN
G1 F1800 X133.9 Y116.647 E45.7133
G1 X133.584 Y116.614 E45.71498
G0 F7200 X134.512 Y116.693
G1 F1800 X134.731 Y116.912 E45.71692
G0 F7200 X135.341 Y117.522
G1 F1800 X135.467 Y117.931 E45.71862
G1 X135.39 Y118.702 E45.72171
G1 X135.046 Y119.207 E45.72414
G1 X134.533 Y119.543 E45.72659
G1 X133.781 Y119.639 E45.72961
G1 X133.445 Y119.586 E45.73096
G0 F7200 X133.422 Y119.41
G1 F1500 E39.23096
G0 F7200 X133.415 Y119.438
G0 X134.602 Y119.292
G0 X135.288 Y118.241
G0 X134.191 Y116.435
G0 X134.007 Y113.898
G0 X134.62 Y110.947
G1 F1500 E45.73096
G0 F7200 X134.573 Y111.035
;TYPE:WALL-OUTER
G1 F1800 X134.201 Y110.915 E45.73586
G1 X133.861 Y110.895 E45.74013
G1 X133.731 Y110.884 E45.74177
G1 X133.536 Y110.854 E45.74424
G1 X133.163 Y110.754 E45.74909
G1 X133.145 Y110.747 E45.74933
G1 X133.145 Y110.263 E45.7554
G1 X133.459 Y110.347 E45.75947
G1 X133.676 Y110.381 E45.76223
G1 X133.878 Y110.398 E45.76477
G1 X133.971 Y110.398 E45.76594
G1 X134.269 Y110.421 E45.76969
G1 X134.537 Y110.485 E45.77314
G1 X134.917 Y110.661 E45.77839
G1 X135.133 Y110.818 E45.78174
G1 X135.414 Y111.122 E45.78693
G1 X135.616 Y111.482 E45.79211
G1 X135.727 Y111.878 E45.79727
G1 X135.743 Y112.293 E45.80247
G1 X135.729 Y112.416 E45.80403
G1 X135.616 Y112.818 E45.80926
G1 X135.409 Y113.187 E45.81457
G1 X135.337 Y113.279 E45.81603
G1 X135.019 Y113.573 E45.82147
G1 X134.925 Y113.636 E45.82288
G1 X134.537 Y113.815 E45.82824
G1 X134.269 Y113.879 E45.8317
G1 X133.981 Y113.9 E45.83532
G1 X133.858 Y113.895 E45.83686
G1 X133.731 Y113.884 E45.83846
G1 X133.536 Y113.854 E45.84094
G1 X133.163 Y113.754 E45.84578
G1 X133.145 Y113.747 E45.84602
G1 X133.145 Y113.263 E45.85209
G1 X133.459 Y113.347 E45.85617
G1 X133.675 Y113.38 E45.85891
G1 X133.786 Y113.392 E45.86031
G1 X133.995 Y113.4 E45.86293
G1 X134.105 Y113.396 E45.86431
G1 X134.382 Y113.341 E45.86785
G1 X134.579 Y113.26 E45.87052
G1 X134.944 Y112.972 E45.87635
G1 X135.068 Y112.801 E45.879
G1 X135.194 Y112.529 E45.88276
G1 X135.249 Y112.06 E45.88868
G1 X135.191 Y111.764 E45.89247
G1 X135.068 Y111.499 E45.89613
G1 X134.944 Y111.328 E45.89878
G1 X134.573 Y111.035 E45.90471
G0 F7200 X134.383 Y110.974
G0 X134.505 Y110.746
;TYPE:SKIN
G1 F1800 X134.136 Y110.66 E45.90656
G1 X133.513 Y110.602 E45.90963
G0 F7200 X133.455 Y110.544
G0 X134.477 Y110.954
G0 X135.303 Y111.544
G0 X135.391 Y111.633
G1 F1800 X135.481 Y112.005 E45.91107
G1 X135.369 Y112.741 E45.91388
G1 X135.013 Y113.234 E45.91617
G1 X134.492 Y113.562 E45.91849
G1 X133.714 Y113.632 E45.92144
G1 X133.379 Y113.58 E45.92272
G0 F7200 X133.511 Y113.76
G1 F1500 E39.42272
;MESH:NONMESH
G0 F600 X133.511 Y113.76 Z8.4
G0 F7200 X133.515 Y113.746
G0 X132.28 Y113.278
G0 X127.702 Y112.046
G0 X117.616 Y111.741
G0 X111.72 Y110.734
G0 X110.561 Y110.444
G1 F1500 E45.92272
G0 F7200 X110.541 Y110.347
;TIME_ELAPSED:445.598449
;LAYER:41
;TYPE:WALL-OUTER
;MESH:output_v2\A_fina_suporte.stl
G1 F1800 X110.645 Y110.319 E45.92407
G1 X110.645 Y110.805 E45.93016
G1 X110.464 Y110.854 E45.93251
G1 X110.269 Y110.884 E45.93499
G1 X110.143 Y110.895 E45.93657
G1 X109.993 Y110.9 E45.93845
G1 X109.504 Y110.9 E45.94459
G1 X109.503 Y110.4 E45.95086
G1 X110.004 Y110.4 E45.95714
G1 X110.214 Y110.392 E45.95977
G1 X110.325 Y110.38 E45.96118
G1 X110.541 Y110.347 E45.96392
G0 F7200 X110.645 Y110.319
G0 X110.645 Y110.412
G0 X110.265 Y110.633
;TYPE:SKIN
G1 F1800 X109.967 Y110.648 E45.9653
G1 X109.719 Y110.615 E45.96646
G0 F7200 X109.904 Y110.8
G1 F1500 E39.46646
G0 F7200 X109.874 Y113.417
G0 X109.578 Y116.434
G1 F1500 E45.96646
G0 F7200 X109.61 Y116.34
;TYPE:WALL-OUTER
G1 F1800 X109.896 Y116.397 E45.97012
G1 X110.068 Y116.4 E45.97227
G1 X110.282 Y116.385 E45.97496
G1 X110.432 Y116.365 E45.97686
G1 X110.542 Y116.347 E45.97826
G1 X110.645 Y116.319 E45.9796
G1 X110.645 Y116.805 E45.98569
G1 X110.464 Y116.854 E45.98804
G1 X110.269 Y116.884 E45.99052
G1 X110.143 Y116.895 E45.9921
G1 X110.001 Y116.9 E45.99389
G1 X109.734 Y116.879 E45.99725
G1 X109.332 Y116.766 E46.00248
G1 X108.972 Y116.564 E46.00766
G1 X108.663 Y116.279 E46.01293
G1 X108.591 Y116.187 E46.0144
G1 X108.38 Y115.811 E46.0198
G1 X108.301 Y115.567 E46.02302
G1 X108.251 Y115.14 E46.02841
G1 X108.255 Y115.019 E46.02993
G1 X108.299 Y114.745 E46.03341
G1 X108.444 Y114.352 E46.03866
G1 X108.587 Y114.118 E46.0421
G1 X108.663 Y114.021 E46.04365
G1 X108.976 Y113.732 E46.04899
G1 X109.202 Y113.594 E46.05231
G1 X109.591 Y113.45 E46.05751
G1 X110.019 Y113.4 E46.06291
G1 X110.214 Y113.392 E46.06536
G1 X110.325 Y113.38 E46.06676
G1 X110.541 Y113.347 E46.0695
G1 X110.645 Y113.319 E46.07085
G1 X110.646 Y113.805 E46.07695
G1 X110.463 Y113.854 E46.07932
G1 X110.269 Y113.884 E46.08178
G1 X110.139 Y113.895 E46.08342
G1 X109.799 Y113.915 E46.08769
G1 X109.427 Y114.035 E46.09259
G1 X109.053 Y114.33 E46.09857
G1 X108.882 Y114.585 E46.10242
G1 X108.762 Y114.958 E46.10733
G1 X108.78 Y115.43 E46.11325
G1 X108.848 Y115.64 E46.11602
G1 X109.107 Y116.026 E46.12185
G1 X109.271 Y116.166 E46.12456
G1 X109.61 Y116.34 E46.12933
G0 F7200 X109.806 Y116.379
G0 X109.716 Y116.558
;TYPE:SKIN
G1 F1800 X109.627 Y116.646 E46.13012
G0 F7200 X109.45 Y116.54
G1 F1800 X109.265 Y116.442 E46.13084
G1 X108.811 Y116.047 E46.13292
G1 X108.538 Y115.472 E46.13512
G1 X108.523 Y114.921 E46.13702
G1 X108.672 Y114.489 E46.1386
G1 X109.323 Y113.838 E46.14178
G1 X110.08 Y113.647 E46.14448
G1 X110.392 Y113.618 E46.14556
G0 F7200 X110.45 Y113.56
G0 X109.409 Y114
G0 X108.723 Y114.953
G0 X109.078 Y116.052
G0 X110.258 Y116.581
G0 X110.199 Y116.64
G1 F1800 X109.914 Y116.642 E46.1475
G0 F7200 X109.854 Y116.794
G1 F1500 E39.6475
G0 F7200 X109.854 Y116.788
G0 X110.633 Y119.334
G1 F1500 E46.1475
G0 F7200 X110.541 Y119.347
;TYPE:WALL-OUTER
G1 F1800 X110.645 Y119.319 E46.14885
G1 X110.646 Y119.805 E46.15495
G1 X110.463 Y119.854 E46.15732
G1 X110.269 Y119.884 E46.15978
G1 X110.126 Y119.896 E46.16158
G1 X110.002 Y119.899 E46.16314
G1 X109.542 Y119.899 E46.16891
G1 X109.542 Y119.4 E46.17516
G1 X110.063 Y119.4 E46.1817
G1 X110.323 Y119.381 E46.18497
G1 X110.541 Y119.347 E46.18773
G0 F7200 X110.645 Y119.319
G0 X110.645 Y119.412
G0 X110.323 Y119.627
;TYPE:SKIN
G1 F1800 X110.019 Y119.648 E46.18916
G1 X109.764 Y119.621 E46.19036
G0 F7200 X109.942 Y119.8
G1 F1500 E39.69036
G0 F7200 X109.942 Y119.799
G0 X111.51 Y119.457
G0 X116.49 Y119.459
G0 X118.545 Y119.443
G1 F1500 E46.19036
G0 F7200 X118.541 Y119.347
;TYPE:WALL-OUTER
G1 F1800 X118.645 Y119.319 E46.19171
G1 X118.646 Y119.805 E46.1978
G1 X118.463 Y119.854 E46.20018
G1 X118.269 Y119.884 E46.20264
G1 X118.189 Y119.892 E46.20365
G1 X117.908 Y119.898 E46.20717
G1 X117.812 Y119.892 E46.20838
G1 X117.731 Y119.884 E46.2094
G1 X117.536 Y119.854 E46.21187
G1 X117.355 Y119.805 E46.21422
G1 X117.355 Y119.319 E46.22032
G1 X117.459 Y119.347 E46.22167
G1 X117.675 Y119.38 E46.22441
G1 X117.784 Y119.391 E46.22578
G1 X117.896 Y119.398 E46.22719
G1 X118.212 Y119.392 E46.23115
G1 X118.325 Y119.38 E46.23258
G1 X118.541 Y119.347 E46.23532
G0 F7200 X118.645 Y119.319
G0 X118.645 Y119.412
G0 X118.232 Y119.637
;TYPE:SKIN
G1 F1800 X117.941 Y119.645 E46.23686
G1 X117.678 Y119.625 E46.23826
G0 F7200 X117.625 Y119.776
G1 F1500 E39.73826
G0 F7200 X117.627 Y119.768
G0 X118.545 Y119.366
G0 X118.267 Y116.865
G1 F1500 E46.23826
G0 F7200 X118.541 Y116.347
;TYPE:WALL-OUTER
G1 F1800 X118.645 Y116.319 E46.23961
G1 X118.645 Y116.805 E46.24571
G1 X118.464 Y116.854 E46.24806
G1 X118.269 Y116.884 E46.25053
G1 X118.189 Y116.892 E46.25154
G1 X117.908 Y116.898 E46.25507
G1 X117.812 Y116.892 E46.25627
G1 X117.731 Y116.884 E46.25729
G1 X117.536 Y116.854 E46.25977
G1 X117.355 Y116.805 E46.26212
G1 X117.355 Y116.319 E46.26821
G1 X117.459 Y116.347 E46.26957
G1 X117.675 Y116.38 E46.27231
G1 X117.784 Y116.391 E46.27368
G1 X117.896 Y116.398 E46.27509
G1 X118.212 Y116.392 E46.27905
G1 X118.325 Y116.38 E46.28048
G1 X118.541 Y116.347 E46.28322
G0 F7200 X118.645 Y116.319
G0 X118.645 Y116.412
G0 X118.409 Y116.631
;TYPE:SKIN
G1 F1800 X118.115 Y116.643 E46.2844
G1 X117.587 Y116.606 E46.28654
G0 F7200 X117.779 Y116.488
G1 F1500 E39.78654
G0 F7200 X117.776 Y116.49
G0 X118.267 Y113.865
G1 F1500 E46.28654
G0 F7200 X118.541 Y113.347
;TYPE:WALL-OUTER
G1 F1800 X118.645 Y113.319 E46.28789
G1 X118.646 Y113.805 E46.29399
G1 X118.463 Y113.854 E46.29636
G1 X118.269 Y113.884 E46.29883
G1 X118.189 Y113.892 E46.29983
G1 X117.908 Y113.898 E46.30336
G1 X117.812 Y113.892 E46.30456
G1 X117.731 Y113.884 E46.30559
G1 X117.536 Y113.854 E46.30806
G1 X117.355 Y113.805 E46.31041
G1 X117.355 Y113.319 E46.31651
G1 X117.459 Y113.347 E46.31786
G1 X117.675 Y113.38 E46.3206
G1 X117.784 Y113.391 E46.32197
G1 X117.896 Y113.398 E46.32338
G1 X118.212 Y113.392 E46.32734
G1 X118.325 Y113.38 E46.32877
G1 X118.541 Y113.347 E46.33151
G0 F7200 X118.645 Y113.319
G0 X118.645 Y113.412
G0 X118.299 Y113.631
;TYPE:SKIN
G1 F1800 X118.001 Y113.645 E46.33308
G1 X117.731 Y113.633 E46.3345
G0 F7200 X117.684 Y113.784
G1 F1500 E39.8345
G0 F7200 X117.686 Y113.777
G0 X118.267 Y110.865
G1 F1500 E46.3345
G0 F7200 X118.541 Y110.347
;TYPE:WALL-OUTER
G1 F1800 X118.645 Y110.319 E46.33585
G1 X118.645 Y110.805 E46.34195
G1 X118.464 Y110.854 E46.3443
G1 X118.269 Y110.884 E46.34677
G1 X118.189 Y110.892 E46.34778
G1 X117.908 Y110.898 E46.35131
G1 X117.812 Y110.892 E46.35251
G1 X117.731 Y110.884 E46.35353
G1 X117.536 Y110.854 E46.35601
G1 X117.355 Y110.805 E46.35836
G1 X117.355 Y110.319 E46.36446
G1 X117.459 Y110.347 E46.36581
G1 X117.675 Y110.38 E46.36855
G1 X117.784 Y110.391 E46.36992
G1 X117.896 Y110.398 E46.37133
G1 X118.212 Y110.392 E46.37529
G1 X118.325 Y110.38 E46.37672
G1 X118.541 Y110.347 E46.37946
G0 F7200 X118.645 Y110.319
G0 X118.645 Y110.412
G0 X118.177 Y110.641
;TYPE:SKIN
G1 F1800 X117.891 Y110.645 E46.38094
G1 X117.632 Y110.62 E46.38228
G0 F7200 X117.571 Y110.769
G1 F1500 E39.88228
G0 F7200 X117.574 Y110.76
G0 X118.625 Y110.444
G0 X124.49 Y110.444
G0 X126.545 Y110.444
G1 F1500 E46.38228
G0 F7200 X126.541 Y110.347
;TYPE:WALL-OUTER
G1 F1800 X126.645 Y110.319 E46.38363
G1 X126.645 Y110.805 E46.38973
G1 X126.464 Y110.854 E46.39208
G1 X126.269 Y110.884 E46.39455
G1 X126.188 Y110.892 E46.39557
G1 X126.092 Y110.898 E46.39678
G1 X125.812 Y110.892 E46.40029
G1 X125.731 Y110.884 E46.40131
G1 X125.536 Y110.854 E46.40379
G1 X125.355 Y110.805 E46.40614
G1 X125.355 Y110.319 E46.41223
G1 X125.459 Y110.347 E46.41358
G1 X125.675 Y110.38 E46.41632
G1 X125.788 Y110.392 E46.41775
G1 X126.104 Y110.398 E46.42171
G1 X126.216 Y110.391 E46.42312
G1 X126.325 Y110.38 E46.42449
G1 X126.541 Y110.347 E46.42723
G0 F7200 X126.645 Y110.319
G0 X126.645 Y110.412
G0 X126.397 Y110.624
;TYPE:SKIN
G1 F1800 X126.092 Y110.646 E46.42852
G1 X125.578 Y110.595 E46.43068
G0 F7200 X125.737 Y110.791
G1 F1500 E39.93068
G0 F7200 X125.738 Y110.785
G0 X126.633 Y113.334
G1 F1500 E46.43068
G0 F7200 X126.541 Y113.347
;TYPE:WALL-OUTER
G1 F1800 X126.645 Y113.319 E46.43203
G1 X126.646 Y113.805 E46.43812
G1 X126.463 Y113.854 E46.4405
G1 X126.269 Y113.884 E46.44296
G1 X126.188 Y113.892 E46.44398
G1 X126.092 Y113.898 E46.44519
G1 X125.812 Y113.892 E46.4487
G1 X125.731 Y113.884 E46.44972
G1 X125.536 Y113.854 E46.4522
G1 X125.355 Y113.805 E46.45455
G1 X125.355 Y113.319 E46.46064
G1 X125.459 Y113.347 E46.46199
G1 X125.675 Y113.38 E46.46473
G1 X125.788 Y113.392 E46.46616
G1 X126.104 Y113.398 E46.47012
G1 X126.216 Y113.391 E46.47153
G1 X126.325 Y113.38 E46.4729
G1 X126.541 Y113.347 E46.47564
G0 F7200 X126.645 Y113.319
G0 X126.645 Y113.412
G0 X126.21 Y113.639
;TYPE:SKIN
G1 F1800 X125.923 Y113.643 E46.47716
G1 X125.66 Y113.624 E46.47856
G0 F7200 X125.599 Y113.773
G1 F1500 E39.97856
G0 F7200 X125.601 Y113.764
G0 X126.633 Y116.334
G1 F1500 E46.47856
G0 F7200 X126.541 Y116.347
;TYPE:WALL-OUTER
G1 F1800 X126.645 Y116.319 E46.47991
G1 X126.645 Y116.805 E46.486
G1 X126.464 Y116.854 E46.48835
G1 X126.269 Y116.884 E46.49083
G1 X126.188 Y116.892 E46.49185
G1 X126.092 Y116.898 E46.49305
G1 X125.812 Y116.892 E46.49657
G1 X125.731 Y116.884 E46.49759
G1 X125.536 Y116.854 E46.50006
G1 X125.355 Y116.805 E46.50241
G1 X125.355 Y116.319 E46.50851
G1 X125.459 Y116.347 E46.50986
G1 X125.675 Y116.38 E46.5126
G1 X125.788 Y116.392 E46.51402
G1 X126.104 Y116.398 E46.51799
G1 X126.216 Y116.391 E46.51939
G1 X126.325 Y116.38 E46.52077
G1 X126.541 Y116.347 E46.52351
G0 F7200 X126.645 Y116.319
G0 X126.645 Y116.412
G0 X126.335 Y116.625
;TYPE:SKIN
G1 F1800 X126.032 Y116.646 E46.52509
G1 X125.76 Y116.635 E46.52651
G0 F7200 X125.709 Y116.788
G1 F1500 E40.02651
G0 F7200 X125.711 Y116.781
G0 X126.633 Y119.334
G1 F1500 E46.52651
G0 F7200 X126.541 Y119.347
;TYPE:WALL-OUTER
G1 F1800 X126.645 Y119.319 E46.52786
G1 X126.646 Y119.805 E46.53395
G1 X126.463 Y119.854 E46.53633
G1 X126.269 Y119.884 E46.53879
G1 X126.188 Y119.892 E46.53981
G1 X126.092 Y119.898 E46.54102
G1 X125.812 Y119.892 E46.54453
G1 X125.731 Y119.884 E46.54555
G1 X125.536 Y119.854 E46.54802
G1 X125.355 Y119.805 E46.55038
G1 X125.355 Y119.319 E46.55647
G1 X125.459 Y119.347 E46.55782
G1 X125.675 Y119.38 E46.56056
G1 X125.788 Y119.392 E46.56199
G1 X126.104 Y119.398 E46.56595
G1 X126.216 Y119.391 E46.56736
G1 X126.325 Y119.38 E46.56873
G1 X126.541 Y119.347 E46.57147
G0 F7200 X126.645 Y119.319
G0 X126.645 Y119.412
G0 X126.427 Y119.644
;TYPE:SKIN
G1 F1800 X126.145 Y119.644 E46.57255
G1 X125.608 Y119.616 E46.57462
G0 F7200 X125.571 Y119.769
G1 F1500 E40.07462
G0 F7200 X125.574 Y119.76
G0 X126.633 Y119.334
G0 X132.49 Y116.793
G0 X134.62 Y116.947
G1 F1500 E46.57462
G0 F7200 X134.573 Y117.035
;TYPE:WALL-OUTER
G1 F1800 X134.201 Y116.915 E46.57952
G1 X133.769 Y116.888 E46.58495
G1 X133.731 Y116.884 E46.58543
G1 X133.536 Y116.854 E46.5879
G1 X133.355 Y116.805 E46.59025
G1 X133.355 Y116.319 E46.59635
G1 X133.459 Y116.347 E46.5977
G1 X133.676 Y116.381 E46.60045
G1 X133.853 Y116.396 E46.60268
G1 X133.91 Y116.396 E46.6034
G1 X134.265 Y116.421 E46.60786
G1 X134.675 Y116.536 E46.6132
G1 X134.919 Y116.661 E46.61664
G1 X135.019 Y116.727 E46.61814
G1 X135.337 Y117.021 E46.62357
G1 X135.409 Y117.113 E46.62503
G1 X135.616 Y117.482 E46.63034
G1 X135.727 Y117.878 E46.6355
G1 X135.743 Y118.293 E46.64071
G1 X135.729 Y118.416 E46.64226
G1 X135.616 Y118.818 E46.6475
G1 X135.409 Y119.187 E46.6528
G1 X135.337 Y119.279 E46.65427
G1 X135.019 Y119.573 E46.6597
G1 X134.925 Y119.636 E46.66112
G1 X134.532 Y119.817 E46.66654
G1 X134.417 Y119.849 E46.66804
G1 X133.988 Y119.899 E46.67346
G1 X133.857 Y119.895 E46.6751
G1 X133.731 Y119.884 E46.67668
G1 X133.536 Y119.854 E46.67916
G1 X133.355 Y119.805 E46.68151
G1 X133.355 Y119.319 E46.68761
G1 X133.459 Y119.347 E46.68896
G1 X133.675 Y119.38 E46.6917
G1 X133.786 Y119.392 E46.6931
G1 X133.995 Y119.4 E46.69572
G1 X134.109 Y119.396 E46.69715
G1 X134.467 Y119.31 E46.70177
G1 X134.582 Y119.258 E46.70335
G1 X134.944 Y118.972 E46.70913
G1 X135.068 Y118.801 E46.71178
G1 X135.191 Y118.536 E46.71545
G1 X135.249 Y118.24 E46.71923
G1 X135.193 Y117.767 E46.7252
G1 X135.018 Y117.425 E46.73002
G1 X134.941 Y117.326 E46.73159
G1 X134.573 Y117.035 E46.73748
G0 F7200 X134.383 Y116.974
G0 X134.436 Y116.727
;TYPE:SKIN
G1 F1800 X134.645 Y116.8 E46.73829
G1 X135.246 Y117.331 E46.74123
G1 X135.473 Y117.953 E46.74365
G1 X135.434 Y118.557 E46.74587
G1 X135.048 Y119.226 E46.7487
G1 X134.408 Y119.583 E46.75138
G1 X133.787 Y119.638 E46.75367
G1 X133.565 Y119.578 E46.75451
G0 F7200 X133.549 Y119.595
G0 X134.602 Y119.292
G0 X135.288 Y118.241
G0 X134.663 Y117.057
G0 X133.949 Y116.648
G1 F1800 X134.211 Y116.669 E46.75543
G1 X133.687 Y116.627 E46.75726
G0 F7200 X133.646 Y116.781
G1 F1500 E40.25726
G0 F7200 X133.648 Y116.771
G0 X134.036 Y113.897
G0 X134.62 Y110.947
G1 F1500 E46.75726
G0 F7200 X134.573 Y111.035
;TYPE:WALL-OUTER
G1 F1800 X134.201 Y110.915 E46.76216
G1 X133.769 Y110.888 E46.76759
G1 X133.731 Y110.884 E46.76807
G1 X133.536 Y110.854 E46.77054
G1 X133.355 Y110.805 E46.77289
G1 X133.355 Y110.319 E46.77899
G1 X133.459 Y110.347 E46.78034
G1 X133.676 Y110.381 E46.78309
G1 X133.853 Y110.396 E46.78532
G1 X133.91 Y110.396 E46.78604
G1 X134.269 Y110.421 E46.79055
G1 X134.537 Y110.485 E46.79401
G1 X134.917 Y110.661 E46.79926
G1 X135.133 Y110.818 E46.80261
G1 X135.414 Y111.122 E46.8078
G1 X135.616 Y111.482 E46.81297
G1 X135.727 Y111.878 E46.81813
G1 X135.743 Y112.293 E46.82334
G1 X135.729 Y112.416 E46.82489
G1 X135.616 Y112.818 E46.83013
G1 X135.409 Y113.187 E46.83543
G1 X135.337 Y113.279 E46.8369
G1 X135.019 Y113.573 E46.84233
G1 X134.925 Y113.636 E46.84375
G1 X134.537 Y113.815 E46.84911
G1 X134.269 Y113.879 E46.85256
G1 X133.998 Y113.9 E46.85597
G1 X133.857 Y113.895 E46.85774
G1 X133.731 Y113.884 E46.85933
G1 X133.536 Y113.854 E46.8618
G1 X133.355 Y113.805 E46.86415
G1 X133.355 Y113.319 E46.87025
G1 X133.459 Y113.347 E46.8716
G1 X133.675 Y113.38 E46.87434
G1 X133.786 Y113.392 E46.87574
G1 X133.995 Y113.4 E46.87836
G1 X134.105 Y113.396 E46.87974
G1 X134.382 Y113.341 E46.88328
G1 X134.579 Y113.26 E46.88595
G1 X134.944 Y112.972 E46.89178
G1 X135.068 Y112.801 E46.89443
G1 X135.194 Y112.529 E46.89819
G1 X135.249 Y112.06 E46.90411
G1 X135.191 Y111.764 E46.9079
G1 X135.068 Y111.499 E46.91156
G1 X134.944 Y111.328 E46.91421
G1 X134.573 Y111.035 E46.92014
G0 F7200 X134.383 Y110.974
G0 X134.483 Y110.74
;TYPE:SKIN
G1 F1800 X134.686 Y110.82 E46.9208
G1 X135.272 Y111.366 E46.92323
G1 X135.488 Y111.998 E46.92526
G1 X135.395 Y112.657 E46.92728
G1 X135.179 Y113.156 E46.92893
G1 X134.496 Y113.556 E46.93133
G1 X133.844 Y113.642 E46.93333
G1 X133.591 Y113.612 E46.9341
G0 F7200 X133.549 Y113.655
G0 X134.599 Y113.294
G0 X135.288 Y112.059
G0 X134.665 Y111.058
G0 X133.694 Y110.682
G0 X133.741 Y110.634
G1 F1800 X134.006 Y110.652 E46.93544
G1 X134.265 Y110.675 E46.93674
G0 F7200 X134.355 Y110.544
G1 F1500 E40.43674
;MESH:NONMESH
G0 F600 X134.355 Y110.544 Z8.6
G0 F7200 X133.375 Y110.8
G0 X126.112 Y111.762
G0 X117.616 Y111.741
G0 X111.51 Y110.8
G0 X109.922 Y110.8
G1 F1500 E46.93674
G0 F7200 X109.922 Y110.9
;TIME_ELAPSED:457.795296
;LAYER:42
;TYPE:WALL-OUTER
;MESH:output_v2\A_fina_suporte.stl
G1 F1800 X109.342 Y110.9 E46.94402
G1 X109.341 Y110.4 E46.95029
G1 X110.004 Y110.4 E46.9586
G1 X110.214 Y110.392 E46.96124
G1 X110.325 Y110.38 E46.96264
G1 X110.435 Y110.363 E46.96403
G1 X110.435 Y110.858 E46.97024
G1 X110.269 Y110.884 E46.97235
G1 X110.144 Y110.895 E46.97392
G1 X109.922 Y110.9 E46.97671
G0 F7200 X109.722 Y110.9
G0 X109.8 Y110.648
;TYPE:SKIN
G1 F1800 X109.554 Y110.685 E46.97745
G1 X110.08 Y110.646 E46.97902
G0 F7200 X110.127 Y110.796
G1 F1500 E40.47902
G0 F7200 X110.128 Y110.795
G0 X109.874 Y113.417
G0 X109.578 Y116.434
G1 F1500 E46.97902
G0 F7200 X109.61 Y116.34
;TYPE:WALL-OUTER
G1 F1800 X109.896 Y116.397 E46.98268
G1 X110.042 Y116.4 E46.98451
G1 X110.255 Y116.388 E46.98719
G1 X110.435 Y116.364 E46.98946
G1 X110.435 Y116.858 E46.99566
G1 X110.269 Y116.884 E46.99777
G1 X110.143 Y116.895 E46.99935
G1 X110.002 Y116.9 E47.00112
G1 X109.734 Y116.879 E47.00449
G1 X109.332 Y116.766 E47.00973
G1 X108.972 Y116.564 E47.01491
G1 X108.663 Y116.279 E47.02018
G1 X108.591 Y116.187 E47.02164
G1 X108.38 Y115.811 E47.02705
G1 X108.301 Y115.567 E47.03027
G1 X108.251 Y115.14 E47.03566
G1 X108.255 Y115.019 E47.03717
G1 X108.299 Y114.745 E47.04065
G1 X108.444 Y114.352 E47.04591
G1 X108.587 Y114.118 E47.04935
G1 X108.663 Y114.021 E47.05089
G1 X108.976 Y113.732 E47.05623
G1 X109.202 Y113.594 E47.05956
G1 X109.591 Y113.45 E47.06476
G1 X110.019 Y113.4 E47.07016
G1 X110.214 Y113.392 E47.07261
G1 X110.325 Y113.38 E47.07401
G1 X110.435 Y113.363 E47.0754
G1 X110.436 Y113.858 E47.08161
G1 X110.269 Y113.884 E47.08373
G1 X110.143 Y113.895 E47.08532
G1 X110.051 Y113.898 E47.08647
G1 X109.798 Y113.915 E47.08965
G1 X109.427 Y114.035 E47.09454
G1 X109.053 Y114.33 E47.10051
G1 X108.882 Y114.585 E47.10437
G1 X108.762 Y114.958 E47.10928
G1 X108.78 Y115.43 E47.1152
G1 X108.848 Y115.64 E47.11797
G1 X109.107 Y116.026 E47.1238
G1 X109.271 Y116.166 E47.1265
G1 X109.61 Y116.34 E47.13128
G0 F7200 X109.806 Y116.379
G0 X109.846 Y116.634
;TYPE:SKIN
G1 F1800 X110.137 Y116.642 E47.13245
G1 X109.456 Y116.527 E47.13521
G0 F7200 X108.609 Y115.68
G1 F1800 X108.521 Y115.309 E47.13668
G1 X108.627 Y114.567 E47.13957
G1 X108.978 Y114.069 E47.14193
G1 X109.504 Y113.747 E47.14431
G1 X110.216 Y113.61 E47.14711
G0 F7200 X110.053 Y113.8
G1 F1500 E40.64711
G0 F7200 X110.054 Y113.797
G0 X109.024 Y114.303
G0 X108.741 Y115.436
G0 X110.142 Y116.876
G0 X110.423 Y119.378
G1 F1500 E47.14711
G0 F7200 X110.322 Y119.381
;TYPE:WALL-OUTER
G1 F1800 X110.435 Y119.363 E47.14854
G1 X110.436 Y119.858 E47.15475
G1 X110.269 Y119.884 E47.15687
G1 X110.114 Y119.897 E47.15882
G1 X109.67 Y119.9 E47.16439
G1 X109.67 Y119.4 E47.17066
G1 X110.04 Y119.4 E47.1753
G1 X110.322 Y119.381 E47.17884
G0 F7200 X110.435 Y119.363
G0 X110.435 Y119.449
G0 X110.084 Y119.701
;TYPE:SKIN
G1 F1800 X109.977 Y119.594 E47.17979
G0 F7200 X109.976 Y119.497
G1 F1500 E40.67979
G0 F7200 X109.976 Y119.5
G0 X111.301 Y119.844
G0 X116.7 Y119.846
G0 X118.183 Y119.791
G1 F1500 E47.17979
G0 F7200 X118.189 Y119.892
;TYPE:WALL-OUTER
G1 F1800 X117.909 Y119.898 E47.1833
G1 X117.776 Y119.889 E47.18497
G1 X117.731 Y119.884 E47.18554
G1 X117.565 Y119.858 E47.18765
G1 X117.565 Y119.364 E47.19384
G1 X117.676 Y119.381 E47.19525
G1 X117.896 Y119.398 E47.19802
G1 X118.212 Y119.392 E47.20198
G1 X118.325 Y119.38 E47.20341
G1 X118.435 Y119.363 E47.2048
G1 X118.436 Y119.858 E47.21101
G1 X118.269 Y119.884 E47.21313
G1 X118.189 Y119.892 E47.21414
G0 F7200 X117.989 Y119.896
G0 X117.949 Y119.646
;TYPE:SKIN
G1 F1800 X118.206 Y119.621 E47.21568
G0 F7200 X118.033 Y119.495
G1 F1500 E40.71568
G0 F7200 X118.032 Y119.496
G0 X118.188 Y116.873
G1 F1500 E47.21568
G0 F7200 X118.189 Y116.892
;TYPE:WALL-OUTER
G1 F1800 X117.909 Y116.898 E47.21919
G1 X117.776 Y116.889 E47.22086
G1 X117.731 Y116.884 E47.22143
G1 X117.565 Y116.858 E47.22354
G1 X117.565 Y116.364 E47.22973
G1 X117.676 Y116.381 E47.23114
G1 X117.896 Y116.398 E47.23391
G1 X118.212 Y116.392 E47.23787
G1 X118.325 Y116.38 E47.2393
G1 X118.435 Y116.363 E47.24069
G1 X118.435 Y116.858 E47.2469
G1 X118.269 Y116.884 E47.24901
G1 X118.189 Y116.892 E47.25002
G0 F7200 X117.989 Y116.896
G0 X118.059 Y116.645
;TYPE:SKIN
G1 F1800 X117.793 Y116.662 E47.25156
G0 F7200 X117.967 Y116.797
G1 F1500 E40.75156
G0 F7200 X117.968 Y116.796
G0 X118.188 Y113.873
G1 F1500 E47.25156
G0 F7200 X118.189 Y113.892
;TYPE:WALL-OUTER
G1 F1800 X117.909 Y113.898 E47.25507
G1 X117.776 Y113.889 E47.25674
G1 X117.731 Y113.884 E47.25731
G1 X117.565 Y113.858 E47.25942
G1 X117.565 Y113.364 E47.26561
G1 X117.676 Y113.381 E47.26702
G1 X117.896 Y113.398 E47.26979
G1 X118.212 Y113.392 E47.27375
G1 X118.325 Y113.38 E47.27517
G1 X118.435 Y113.363 E47.27657
G1 X118.436 Y113.858 E47.28278
G1 X118.269 Y113.884 E47.2849
G1 X118.189 Y113.892 E47.2859
G0 F7200 X117.989 Y113.896
G0 X117.887 Y113.645
;TYPE:SKIN
G1 F1800 X118.166 Y113.64 E47.28783
G0 F7200 X118.203 Y113.793
G1 F1500 E40.78783
G0 F7200 X118.203 Y113.789
G0 X118.188 Y110.873
G1 F1500 E47.28783
G0 F7200 X118.189 Y110.892
;TYPE:WALL-OUTER
G1 F1800 X117.909 Y110.898 E47.29134
G1 X117.776 Y110.889 E47.29301
G1 X117.731 Y110.884 E47.29358
G1 X117.565 Y110.858 E47.29569
G1 X117.565 Y110.364 E47.30188
G1 X117.676 Y110.381 E47.30329
G1 X117.896 Y110.398 E47.30606
G1 X118.212 Y110.392 E47.31002
G1 X118.325 Y110.38 E47.31145
G1 X118.435 Y110.363 E47.31284
G1 X118.435 Y110.858 E47.31905
G1 X118.269 Y110.884 E47.32116
G1 X118.189 Y110.892 E47.32217
G0 F7200 X117.989 Y110.896
G0 X118.053 Y110.699
;TYPE:SKIN
G1 F1800 X117.946 Y110.592 E47.32312
G0 F7200 X117.944 Y110.497
G1 F1500 E40.82312
G0 F7200 X117.943 Y110.498
G0 X119.3 Y110.785
G0 X124.7 Y110.785
G0 X126.259 Y110.785
G1 F1500 E47.32312
G0 F7200 X126.269 Y110.884
;TYPE:WALL-OUTER
G1 F1800 X126.091 Y110.898 E47.32535
G1 X125.812 Y110.892 E47.32885
G1 X125.731 Y110.884 E47.32987
G1 X125.565 Y110.858 E47.33198
G1 X125.565 Y110.363 E47.33819
G1 X125.675 Y110.38 E47.33958
G1 X125.788 Y110.392 E47.34101
G1 X126.105 Y110.398 E47.34499
G1 X126.256 Y110.388 E47.34688
G1 X126.435 Y110.364 E47.34915
G1 X126.435 Y110.858 E47.35534
G1 X126.269 Y110.884 E47.35745
G0 F7200 X126.091 Y110.898
G0 X126.069 Y110.898
G0 X125.917 Y110.644
;TYPE:SKIN
G1 F1800 X126.193 Y110.636 E47.35924
G0 F7200 X126.039 Y110.497
G1 F1500 E40.85924
G0 F7200 X126.424 Y113.366
G1 F1500 E47.35924
G0 F7200 X126.269 Y113.884
;TYPE:WALL-OUTER
G1 F1800 X126.091 Y113.898 E47.36148
G1 X125.812 Y113.892 E47.36498
G1 X125.731 Y113.884 E47.366
G1 X125.565 Y113.858 E47.36811
G1 X125.565 Y113.363 E47.37432
G1 X125.675 Y113.38 E47.37571
G1 X125.788 Y113.392 E47.37714
G1 X126.105 Y113.398 E47.38112
G1 X126.256 Y113.388 E47.38301
G1 X126.435 Y113.364 E47.38528
G1 X126.436 Y113.858 E47.39147
G1 X126.269 Y113.884 E47.39359
G0 F7200 X126.091 Y113.898
G0 X126.069 Y113.898
G0 X126.089 Y113.644
;TYPE:SKIN
G1 F1800 X125.808 Y113.646 E47.39543
G0 F7200 X125.961 Y113.795
G1 F1500 E40.89543
G0 F7200 X126.424 Y116.366
G1 F1500 E47.39543
G0 F7200 X126.269 Y116.884
;TYPE:WALL-OUTER
G1 F1800 X126.091 Y116.898 E47.39767
G1 X125.812 Y116.892 E47.40117
G1 X125.731 Y116.884 E47.40219
G1 X125.565 Y116.858 E47.4043
G1 X125.565 Y116.363 E47.4105
G1 X125.675 Y116.38 E47.4119
G1 X125.788 Y116.392 E47.41332
G1 X126.105 Y116.398 E47.4173
G1 X126.256 Y116.388 E47.4192
G1 X126.435 Y116.364 E47.42146
G1 X126.435 Y116.858 E47.42766
G1 X126.269 Y116.884 E47.42976
G0 F7200 X126.091 Y116.898
G0 X126.069 Y116.898
G0 X125.979 Y116.645
;TYPE:SKIN
G1 F1800 X126.221 Y116.605 E47.43106
G0 F7200 X126.032 Y116.796
G1 F1500 E40.93106
G0 F7200 X126.424 Y119.366
G1 F1500 E47.43106
G0 F7200 X126.269 Y119.884
;TYPE:WALL-OUTER
G1 F1800 X126.091 Y119.898 E47.4333
G1 X125.812 Y119.892 E47.4368
G1 X125.731 Y119.884 E47.43782
G1 X125.565 Y119.858 E47.43992
G1 X125.565 Y119.363 E47.44613
G1 X125.675 Y119.38 E47.44753
G1 X125.788 Y119.392 E47.44895
G1 X126.105 Y119.398 E47.45293
G1 X126.256 Y119.388 E47.45483
G1 X126.435 Y119.364 E47.45709
G1 X126.436 Y119.858 E47.46329
G1 X126.269 Y119.884 E47.46541
G0 F7200 X126.091 Y119.898
G0 X126.069 Y119.898
G0 X126.148 Y119.642
;TYPE:SKIN
G1 F1800 X125.865 Y119.643 E47.46726
G0 F7200 X125.837 Y119.491
G1 F1500 E40.96726
G0 F7200 X125.837 Y119.492
G0 X127.3 Y119.377
G0 X132.7 Y116.845
G0 X134.62 Y116.947
G1 F1500 E47.46726
G0 F7200 X134.573 Y117.035
;TYPE:WALL-OUTER
G1 F1800 X134.201 Y116.915 E47.47216
G1 X133.806 Y116.891 E47.47712
G1 X133.731 Y116.884 E47.47806
G1 X133.565 Y116.858 E47.48017
G1 X133.565 Y116.364 E47.48637
G1 X133.676 Y116.381 E47.48777
G1 X133.825 Y116.394 E47.48965
G1 X133.993 Y116.4 E47.49176
G1 X134.266 Y116.421 E47.49519
G1 X134.675 Y116.536 E47.50052
G1 X134.919 Y116.661 E47.50396
G1 X135.019 Y116.727 E47.50546
G1 X135.337 Y117.021 E47.51089
G1 X135.409 Y117.113 E47.51236
G1 X135.616 Y117.482 E47.51766
G1 X135.727 Y117.878 E47.52282
G1 X135.743 Y118.293 E47.52803
G1 X135.729 Y118.416 E47.52958
G1 X135.616 Y118.818 E47.53482
G1 X135.409 Y119.187 E47.54012
G1 X135.337 Y119.279 E47.54159
G1 X135.019 Y119.573 E47.54702
G1 X134.925 Y119.636 E47.54844
G1 X134.532 Y119.817 E47.55386
G1 X134.418 Y119.849 E47.55535
G1 X133.988 Y119.899 E47.56078
G1 X133.857 Y119.895 E47.56242
G1 X133.731 Y119.884 E47.56401
G1 X133.565 Y119.858 E47.56611
G1 X133.565 Y119.363 E47.57232
G1 X133.675 Y119.38 E47.57372
G1 X133.787 Y119.392 E47.57513
G1 X134.03 Y119.4 E47.57818
G1 X134.111 Y119.396 E47.5792
G1 X134.467 Y119.31 E47.58379
G1 X134.582 Y119.258 E47.58537
G1 X134.944 Y118.972 E47.59116
G1 X135.068 Y118.801 E47.59381
G1 X135.191 Y118.536 E47.59747
G1 X135.249 Y118.24 E47.60125
G1 X135.193 Y117.767 E47.60722
G1 X135.018 Y117.425 E47.61204
G1 X134.941 Y117.326 E47.61362
G1 X134.573 Y117.035 E47.6195
G0 F7200 X134.383 Y116.974
G0 X134.205 Y116.669
;TYPE:SKIN
G1 F1800 X133.9 Y116.647 E47.62075
G1 X134.621 Y116.802 E47.62376
G0 F7200 X135.341 Y117.522
G1 F1800 X135.467 Y117.931 E47.62548
G1 X135.39 Y118.702 E47.62859
G1 X135.046 Y119.207 E47.63105
G1 X134.533 Y119.543 E47.63351
G1 X133.799 Y119.657 E47.63649
G0 F7200 X133.959 Y119.798
G1 F1500 E41.13649
G0 F7200 X134.972 Y118.999
G0 X135.231 Y117.756
G0 X134.197 Y116.435
G0 X133.999 Y113.881
G0 X135.102 Y112.821
G0 X135.102 Y111.479
G1 F1500 E47.63649
G0 F7200 X134.573 Y111.035
;TYPE:WALL-OUTER
G1 F1800 X134.201 Y110.915 E47.64139
G1 X133.806 Y110.891 E47.64636
G1 X133.731 Y110.884 E47.6473
G1 X133.565 Y110.858 E47.64941
G1 X133.565 Y110.364 E47.6556
G1 X133.676 Y110.381 E47.65701
G1 X133.825 Y110.394 E47.65889
G1 X133.993 Y110.4 E47.66099
G1 X134.269 Y110.421 E47.66447
G1 X134.537 Y110.485 E47.66792
G1 X134.917 Y110.661 E47.67317
G1 X135.133 Y110.818 E47.67652
G1 X135.414 Y111.122 E47.68171
G1 X135.616 Y111.482 E47.68689
G1 X135.727 Y111.878 E47.69205
G1 X135.743 Y112.293 E47.69725
G1 X135.729 Y112.416 E47.69881
G1 X135.616 Y112.818 E47.70404
G1 X135.409 Y113.187 E47.70935
G1 X135.337 Y113.279 E47.71081
G1 X135.019 Y113.573 E47.71625
G1 X134.925 Y113.636 E47.71766
G1 X134.537 Y113.815 E47.72302
G1 X134.269 Y113.879 E47.72648
G1 X133.999 Y113.9 E47.72987
G1 X133.857 Y113.895 E47.73166
G1 X133.731 Y113.884 E47.73324
G1 X133.565 Y113.858 E47.73535
G1 X133.565 Y113.363 E47.74156
G1 X133.675 Y113.38 E47.74295
G1 X133.787 Y113.392 E47.74437
G1 X134.03 Y113.4 E47.74741
G1 X134.107 Y113.396 E47.74838
G1 X134.382 Y113.341 E47.7519
G1 X134.579 Y113.26 E47.75457
G1 X134.944 Y112.972 E47.7604
G1 X135.068 Y112.801 E47.76305
G1 X135.194 Y112.529 E47.76681
G1 X135.249 Y112.06 E47.77273
G1 X135.191 Y111.764 E47.77651
G1 X135.068 Y111.499 E47.78018
G1 X134.944 Y111.328 E47.78282
G1 X134.573 Y111.035 E47.78875
G0 F7200 X134.383 Y110.974
G0 X134.505 Y110.746
;TYPE:SKIN
G1 F1800 X134.136 Y110.66 E47.79087
G1 X133.836 Y110.643 E47.79255
G0 F7200 X133.779 Y110.586
G0 X135.303 Y111.544
G0 X135.391 Y111.633
G1 F1800 X135.481 Y112.005 E47.79407
G1 X135.369 Y112.741 E47.79704
G1 X135.013 Y113.234 E47.79945
G1 X134.492 Y113.562 E47.8019
G1 X134.01 Y113.645 E47.80385
G0 F7200 X133.961 Y113.499
G1 F1500 E41.30385
;MESH:NONMESH
G0 F600 X133.961 Y113.499 Z8.8
G0 F7200 X132.7 Y113.378
G0 X127.283 Y112.278
G0 X117.365 Y111.703
G0 X111.3 Y110.845
G0 X109.969 Y110.798
G1 F1500 E47.80385
G0 F7200 X109.971 Y110.9
;TIME_ELAPSED:469.315321
;LAYER:43
;TYPE:WALL-OUTER
;MESH:output_v2\A_fina_suporte.stl
G1 F1800 X109.261 Y110.9 E47.81275
G1 X109.26 Y110.4 E47.81902
G1 X110.005 Y110.4 E47.82837
G1 X110.216 Y110.391 E47.83102
G1 X110.216 Y110.888 E47.83725
G1 X110.126 Y110.895 E47.83838
G1 X109.971 Y110.9 E47.84032
G0 F7200 X109.771 Y110.9
G0 X109.965 Y110.65
;TYPE:SKIN
G1 F1800 X109.684 Y110.649 E47.84227
G0 F7200 X109.629 Y110.8
G1 F1500 E41.34227
G0 F7200 X109.873 Y113.418
G0 X109.578 Y116.434
G1 F1500 E47.84227
G0 F7200 X109.61 Y116.34
;TYPE:WALL-OUTER
G1 F1800 X109.905 Y116.396 E47.84603
G1 X110.004 Y116.4 E47.84728
G1 X110.216 Y116.391 E47.84994
G1 X110.216 Y116.888 E47.85617
G1 X110.124 Y116.895 E47.85733
G1 X110.002 Y116.9 E47.85886
G1 X109.734 Y116.879 E47.86223
G1 X109.332 Y116.766 E47.86747
G1 X108.972 Y116.564 E47.87264
G1 X108.663 Y116.279 E47.87791
G1 X108.591 Y116.187 E47.87938
G1 X108.38 Y115.811 E47.88479
G1 X108.301 Y115.567 E47.888
G1 X108.251 Y115.14 E47.89339
G1 X108.255 Y115.019 E47.89491
G1 X108.299 Y114.745 E47.89839
G1 X108.444 Y114.352 E47.90364
G1 X108.587 Y114.118 E47.90708
G1 X108.663 Y114.021 E47.90863
G1 X108.976 Y113.732 E47.91397
G1 X109.202 Y113.594 E47.91729
G1 X109.591 Y113.45 E47.92249
G1 X110.02 Y113.4 E47.92791
G1 X110.216 Y113.391 E47.93037
G1 X110.216 Y113.889 E47.93662
G1 X110.144 Y113.895 E47.93752
G1 X110.015 Y113.899 E47.93914
G1 X109.797 Y113.915 E47.94188
G1 X109.427 Y114.035 E47.94676
G1 X109.053 Y114.33 E47.95273
G1 X108.882 Y114.585 E47.95658
G1 X108.762 Y114.958 E47.9615
G1 X108.78 Y115.43 E47.96742
G1 X108.848 Y115.64 E47.97019
G1 X109.107 Y116.026 E47.97602
G1 X109.271 Y116.166 E47.97872
G1 X109.61 Y116.34 E47.9835
G0 F7200 X109.806 Y116.377
G0 X109.717 Y116.556
;TYPE:SKIN
G1 F1800 X109.627 Y116.646 E47.9843
G0 F7200 X109.45 Y116.54
G1 F1800 X109.265 Y116.442 E47.98503
G1 X108.811 Y116.047 E47.98712
G1 X108.538 Y115.472 E47.98934
G1 X108.523 Y114.921 E47.99125
G1 X108.672 Y114.489 E47.99284
G1 X109.323 Y113.838 E47.99605
G1 X109.767 Y113.677 E47.99769
G0 F7200 X109.827 Y113.617
G0 X109.024 Y114.303
G0 X108.741 Y115.436
G0 X109.964 Y116.592
G1 F1800 X109.863 Y116.693 E47.99858
G0 F7200 X109.822 Y116.787
G1 F1500 E41.49858
G0 F7200 X109.822 Y116.786
G0 X110.165 Y119.391
G1 F1500 E47.99858
G0 F7200 X110.103 Y119.897
;TYPE:WALL-OUTER
G1 F1800 X109.891 Y119.9 E48.00124
G1 X109.889 Y119.4 E48.00751
G1 X110.017 Y119.4 E48.00912
G1 X110.216 Y119.387 E48.01162
G1 X110.216 Y119.888 E48.01677
G1 X110.103 Y119.897 E48.01819
G0 F7200 X109.903 Y119.899
G1 F1500 E41.51819
G0 F7200 X109.991 Y119.8
G0 X111.081 Y119.497
G0 X116.919 Y119.497
G1 F1500 E48.01819
G0 F7200 X117.895 Y119.398
G1 F1800 X118.216 Y119.392 E48.02222
G1 X118.216 Y119.889 E48.02845
G1 X118.188 Y119.892 E48.0288
G1 X117.898 Y119.898 E48.03244
G1 X117.784 Y119.89 E48.03387
G1 X117.784 Y119.39 E48.04014
G1 X117.895 Y119.398 E48.04154
G0 F7200 X118.095 Y119.395
G0 X118.096 Y119.493
G1 F1500 E41.54154
G0 F7200 X118.095 Y119.495
G0 X117.898 Y116.879
G1 F1500 E48.04154
G0 F7200 X117.895 Y116.398
G1 F1800 X118.216 Y116.392 E48.04557
G1 X118.216 Y116.889 E48.0518
G1 X118.188 Y116.892 E48.05215
G1 X117.898 Y116.898 E48.05579
G1 X117.784 Y116.89 E48.05722
G1 X117.784 Y116.39 E48.06349
G1 X117.895 Y116.398 E48.06489
G0 F7200 X118.095 Y116.395
G0 X118.096 Y116.493
G1 F1500 E41.56489
G0 F7200 X118.095 Y116.495
G0 X117.898 Y113.879
G1 F1500 E48.06489
G0 F7200 X117.895 Y113.398
G1 F1800 X118.216 Y113.392 E48.06891
G1 X118.216 Y113.889 E48.07515
G1 X118.188 Y113.892 E48.0755
G1 X117.898 Y113.898 E48.07914
G1 X117.784 Y113.89 E48.08057
G1 X117.784 Y113.39 E48.08684
G1 X117.895 Y113.398 E48.08824
G0 F7200 X118.095 Y113.395
G0 X118.02 Y113.627
;TYPE:SKIN
G1 F1800 X117.978 Y113.669 E48.08861
G0 F7200 X117.816 Y113.669
G1 F1500 E41.58861
G0 F7200 X117.884 Y113.669
G0 X117.898 Y110.879
G1 F1500 E48.08861
G0 F7200 X117.895 Y110.398
;TYPE:WALL-OUTER
G1 F1800 X118.216 Y110.392 E48.09263
G1 X118.216 Y110.889 E48.09887
G1 X118.188 Y110.892 E48.09922
G1 X117.898 Y110.898 E48.10286
G1 X117.784 Y110.89 E48.10429
G1 X117.784 Y110.39 E48.11056
G1 X117.895 Y110.398 E48.11196
G0 F7200 X118.095 Y110.395
G0 X118.096 Y110.493
G1 F1500 E41.61196
G0 F7200 X118.095 Y110.495
G0 X124.919 Y110.497
G0 X126.116 Y110.497
G1 F1500 E48.11196
G0 F7200 X126.117 Y110.398
G1 F1800 X126.216 Y110.391 E48.1132
G1 X126.216 Y110.889 E48.11945
G1 X126.09 Y110.898 E48.12103
G1 X125.812 Y110.892 E48.12452
G1 X125.784 Y110.889 E48.12487
G1 X125.784 Y110.392 E48.1311
G1 X126.117 Y110.398 E48.13528
G0 F7200 X126.216 Y110.391
G0 X126.216 Y110.492
G0 X126.184 Y110.492
G1 F1500 E41.63528
G0 F7200 X126.119 Y110.497
G0 X126.203 Y113.405
G1 F1500 E48.13528
G0 F7200 X126.117 Y113.398
G1 F1800 X126.216 Y113.391 E48.13652
G1 X126.216 Y113.889 E48.14277
G1 X126.09 Y113.898 E48.14435
G1 X125.812 Y113.892 E48.14784
G1 X125.784 Y113.889 E48.14819
G1 X125.784 Y113.392 E48.15443
G1 X126.117 Y113.398 E48.1586
G0 F7200 X126.216 Y113.391
G0 X126.216 Y113.492
G0 X126.184 Y113.492
G1 F1500 E41.6586
G0 F7200 X126.119 Y113.497
G0 X126.203 Y116.405
G1 F1500 E48.1586
G0 F7200 X126.117 Y116.398
G1 F1800 X126.216 Y116.391 E48.15985
G1 X126.216 Y116.889 E48.16609
G1 X126.09 Y116.898 E48.16768
G1 X125.812 Y116.892 E48.17116
G1 X125.784 Y116.889 E48.17152
G1 X125.784 Y116.392 E48.17775
G1 X126.117 Y116.398 E48.18193
G0 F7200 X126.216 Y116.391
G0 X126.216 Y116.492
G0 X126.02 Y116.658
;TYPE:SKIN
G1 F1800 X125.978 Y116.7 E48.1823
G0 F7200 X125.816 Y116.7
G1 F1500 E41.6823
G0 F7200 X125.884 Y116.7
G0 X126.203 Y119.405
G1 F1500 E48.1823
G0 F7200 X126.117 Y119.398
;TYPE:WALL-OUTER
G1 F1800 X126.216 Y119.391 E48.18354
G1 X126.216 Y119.889 E48.18979
G1 X126.09 Y119.898 E48.19137
G1 X125.812 Y119.892 E48.19486
G1 X125.784 Y119.889 E48.19521
G1 X125.784 Y119.392 E48.20144
G1 X126.117 Y119.398 E48.20562
G0 F7200 X126.216 Y119.391
G0 X126.216 Y119.492
G0 X126.184 Y119.492
G1 F1500 E41.70562
G0 F7200 X126.119 Y119.497
G0 X132.919 Y116.876
G0 X134.62 Y116.947
G1 F1500 E48.20562
G0 F7200 X134.573 Y117.035
G1 F1800 X134.201 Y116.915 E48.21052
G1 X133.784 Y116.889 E48.21576
G1 X133.784 Y116.391 E48.22201
G1 X134.028 Y116.402 E48.22507
G1 X134.265 Y116.421 E48.22805
G1 X134.675 Y116.536 E48.23339
G1 X134.919 Y116.661 E48.23683
G1 X135.019 Y116.727 E48.23833
G1 X135.337 Y117.021 E48.24376
G1 X135.409 Y117.113 E48.24523
G1 X135.616 Y117.482 E48.25053
G1 X135.727 Y117.878 E48.25569
G1 X135.743 Y118.293 E48.2609
G1 X135.729 Y118.416 E48.26245
G1 X135.616 Y118.818 E48.26769
G1 X135.409 Y119.187 E48.27299
G1 X135.337 Y119.279 E48.27446
G1 X135.019 Y119.573 E48.27989
G1 X134.925 Y119.636 E48.28131
G1 X134.532 Y119.817 E48.28674
G1 X134.418 Y119.849 E48.28822
G1 X133.989 Y119.899 E48.29364
G1 X133.839 Y119.894 E48.29552
G1 X133.784 Y119.889 E48.29621
G1 X133.784 Y119.392 E48.30244
G1 X134.006 Y119.4 E48.30523
G1 X134.11 Y119.396 E48.30654
G1 X134.467 Y119.31 E48.31114
G1 X134.582 Y119.258 E48.31272
G1 X134.944 Y118.972 E48.31851
G1 X135.068 Y118.801 E48.32116
G1 X135.191 Y118.536 E48.32482
G1 X135.249 Y118.24 E48.3286
G1 X135.193 Y117.767 E48.33458
G1 X135.018 Y117.425 E48.33939
G1 X134.941 Y117.326 E48.34097
G1 X134.573 Y117.035 E48.34685
G0 F7200 X134.383 Y116.974
G0 X134.436 Y116.727
;TYPE:SKIN
G1 F1800 X134.645 Y116.8 E48.3477
G1 X135.246 Y117.331 E48.35077
G1 X135.473 Y117.953 E48.3533
G1 X135.434 Y118.557 E48.35562
G1 X135.048 Y119.226 E48.35857
G1 X134.408 Y119.583 E48.36138
G1 X134.064 Y119.644 E48.36271
G0 F7200 X134.01 Y119.699
G0 X134.972 Y118.999
G0 X135.231 Y117.756
G0 X134.163 Y116.717
G1 F1800 X134.259 Y116.621 E48.36356
G0 F7200 X134.222 Y116.515
G1 F1500 E41.86356
G0 F7200 X134.221 Y116.518
G0 X133.999 Y113.881
G0 X135.102 Y112.821
G0 X135.102 Y111.479
G1 F1500 E48.36356
G0 F7200 X134.573 Y111.035
;TYPE:WALL-OUTER
G1 F1800 X134.201 Y110.915 E48.36847
G1 X133.784 Y110.889 E48.37371
G1 X133.784 Y110.391 E48.37995
G1 X134.028 Y110.402 E48.38301
G1 X134.269 Y110.421 E48.38605
G1 X134.537 Y110.485 E48.3895
G1 X134.917 Y110.661 E48.39475
G1 X135.133 Y110.818 E48.3981
G1 X135.414 Y111.122 E48.40329
G1 X135.616 Y111.482 E48.40847
G1 X135.727 Y111.878 E48.41363
G1 X135.743 Y112.293 E48.41883
G1 X135.729 Y112.416 E48.42039
G1 X135.616 Y112.818 E48.42562
G1 X135.409 Y113.187 E48.43093
G1 X135.337 Y113.279 E48.43239
G1 X135.019 Y113.573 E48.43783
G1 X134.925 Y113.636 E48.43924
G1 X134.537 Y113.815 E48.4446
G1 X134.269 Y113.879 E48.44806
G1 X133.999 Y113.9 E48.45145
G1 X133.839 Y113.894 E48.45346
G1 X133.784 Y113.889 E48.45415
G1 X133.784 Y113.392 E48.46039
G1 X134.006 Y113.4 E48.46317
G1 X134.106 Y113.396 E48.46443
G1 X134.382 Y113.341 E48.46796
G1 X134.579 Y113.26 E48.47063
G1 X134.944 Y112.972 E48.47646
G1 X135.068 Y112.801 E48.47911
G1 X135.194 Y112.529 E48.48287
G1 X135.249 Y112.06 E48.48879
G1 X135.191 Y111.764 E48.49257
G1 X135.068 Y111.499 E48.49624
G1 X134.944 Y111.328 E48.49888
G1 X134.573 Y111.035 E48.50481
G0 F7200 X134.383 Y110.974
G0 X134.483 Y110.74
;TYPE:SKIN
G1 F1800 X134.686 Y110.82 E48.50547
G1 X135.272 Y111.366 E48.5079
G1 X135.488 Y111.998 E48.50993
G1 X135.395 Y112.657 E48.51195
G1 X135.179 Y113.156 E48.5136
G1 X134.496 Y113.556 E48.516
G1 X134.132 Y113.637 E48.51713
G0 F7200 X134.07 Y113.699
G0 X134.972 Y112.999
G0 X135.102 Y111.479
G0 X134.22 Y110.72
G0 X134.265 Y110.675
G1 F1800 X134.018 Y110.639 E48.51863
G0 F7200 X134.194 Y110.514
G1 F1500 E42.01863
;MESH:NONMESH
G0 F600 X134.194 Y110.514 Z9
G0 F7200 X134.194 Y110.515
G0 X132.919 Y110.675
G0 X126.115 Y111.762
G0 X117.618 Y111.741
G0 X111.081 Y110.675
G0 X109.629 Y110.675
;TIME_ELAPSED:480.058812
;LAYER:44
;TYPE:WALL-OUTER
;MESH:output_v2\A_fina_suporte.stl
G1 F1500 E48.51863
G1 F600 X109.628 Y110.9 E48.52145
G1 X109.206 Y110.9 E48.52675
G1 X109.205 Y110.4 E48.53302
G1 X109.627 Y110.4 E48.53831
G1 X109.627 Y110.625 E48.54113
G1 X110.025 Y110.625 E48.54567
G1 X110.025 Y110.675 E48.54629
G1 X109.629 Y110.675 E48.5469
G0 F7200 X109.629 Y110.875
G0 X109.606 Y110.874
G1 F1500 E42.0469
G0 F7200 X109.529 Y110.8
G0 X109.989 Y113.639
G1 F1500 E48.5469
G0 F7200 X110.025 Y113.675
G1 F600 X109.975 Y113.675 E48.54753
G1 X109.975 Y113.625 E48.54816
G1 X110.025 Y113.625 E48.54824
G1 X110.025 Y113.675 E48.54832
G0 F7200 X109.975 Y113.675
G0 X109.975 Y113.625
G0 X110.025 Y113.625
G0 X110.025 Y113.675
G1 F1500 E42.04832
G0 F7200 X110.025 Y113.66
G0 X110.011 Y115.76
G1 F1500 E48.54832
G0 F7200 X110.025 Y116.675
G1 F600 X109.975 Y116.675 E48.54894
G1 X109.975 Y116.625 E48.54957
G1 X110.025 Y116.625 E48.54965
G1 X110.025 Y116.675 E48.54973
G0 F7200 X109.975 Y116.675
G0 X109.975 Y116.625
G0 X110.025 Y116.625
G0 X110.025 Y116.675
G1 F1500 E42.04973
G0 F7200 X110.025 Y116.66
G0 X110.011 Y118.76
G1 F1500 E48.54973
G0 F7200 X110.025 Y119.675
G1 F600 X109.975 Y119.675 E48.55035
G1 X109.975 Y119.625 E48.55098
G1 X110.025 Y119.625 E48.55106
G1 X110.025 Y119.675 E48.55114
G0 F7200 X109.975 Y119.675
G0 X109.975 Y119.625
G0 X110.025 Y119.625
G0 X110.025 Y119.675
G1 F1500 E42.05114
G0 F7200 X110.025 Y119.66
G0 X117.11 Y119.66
G1 F1500 E48.55114
G0 F7200 X118.025 Y119.675
G1 F600 X117.975 Y119.675 E48.55176
G1 X117.975 Y119.625 E48.55239
G1 X118.025 Y119.625 E48.55247
G1 X118.025 Y119.675 E48.55255
G0 F7200 X117.975 Y119.675
G0 X117.975 Y119.625
G0 X118.025 Y119.625
G0 X118.025 Y119.675
G1 F1500 E42.05255
G0 F7200 X118.025 Y119.66
G0 X118.011 Y117.54
G1 F1500 E48.55255
G0 F7200 X118.025 Y116.675
G1 F600 X117.975 Y116.675 E48.55317
G1 X117.975 Y116.625 E48.5538
G1 X118.025 Y116.625 E48.55388
G1 X118.025 Y116.675 E48.55396
G0 F7200 X117.975 Y116.675
G0 X117.975 Y116.625
G0 X118.025 Y116.625
G0 X118.025 Y116.675
G1 F1500 E42.05396
G0 F7200 X118.025 Y116.66
G0 X118.011 Y114.54
G1 F1500 E48.55396
G0 F7200 X118.025 Y113.675
G1 F600 X117.975 Y113.675 E48.55459
G1 X117.975 Y113.625 E48.55521
G1 X118.025 Y113.625 E48.55529
G1 X118.025 Y113.675 E48.55537
G0 F7200 X117.975 Y113.675
G0 X117.975 Y113.625
G0 X118.025 Y113.625
G0 X118.025 Y113.675
G1 F1500 E42.05537
G0 F7200 X118.025 Y113.66
G0 X118.011 Y111.54
G1 F1500 E48.55537
G0 F7200 X118.025 Y110.675
G1 F600 X117.975 Y110.675 E48.556
G1 X117.975 Y110.625 E48.55662
G1 X118.025 Y110.625 E48.5567
G1 X118.025 Y110.675 E48.55678
G0 F7200 X117.975 Y110.675
G0 X117.975 Y110.625
G0 X118.025 Y110.625
G0 X118.025 Y110.675
G1 F1500 E42.05678
G0 F7200 X118.025 Y110.66
G0 X125.11 Y110.66
G1 F1500 E48.55678
G0 F7200 X126.025 Y110.675
G1 F600 X125.975 Y110.675 E48.55741
G1 X125.975 Y110.625 E48.55803
G1 X126.025 Y110.625 E48.55811
G1 X126.025 Y110.675 E48.55819
G0 F7200 X125.975 Y110.675
G0 X125.975 Y110.625
G0 X126.025 Y110.625
G0 X126.025 Y110.675
G1 F1500 E42.05819
G0 F7200 X126.025 Y110.66
G0 X126.011 Y112.76
G1 F1500 E48.55819
G0 F7200 X126.025 Y113.675
G1 F600 X125.975 Y113.675 E48.55882
G1 X125.975 Y113.625 E48.55944
G1 X126.025 Y113.625 E48.55952
G1 X126.025 Y113.675 E48.5596
G0 F7200 X125.975 Y113.675
G0 X125.975 Y113.625
G0 X126.025 Y113.625
G0 X126.025 Y113.675
G1 F1500 E42.0596
G0 F7200 X126.025 Y113.66
G0 X126.011 Y115.76
G1 F1500 E48.5596
G0 F7200 X126.025 Y116.675
G1 F600 X125.975 Y116.675 E48.56023
G1 X125.975 Y116.625 E48.56086
G1 X126.025 Y116.625 E48.56093
G1 X126.025 Y116.675 E48.56101
G0 F7200 X125.975 Y116.675
G0 X125.975 Y116.625
G0 X126.025 Y116.625
G0 X126.025 Y116.675
G1 F1500 E42.06101
G0 F7200 X126.025 Y116.66
G0 X126.011 Y118.76
G1 F1500 E48.56101
G0 F7200 X126.025 Y119.675
G1 F600 X125.975 Y119.675 E48.56164
G1 X125.975 Y119.625 E48.56227
G1 X126.025 Y119.625 E48.56234
G1 X126.025 Y119.675 E48.56242
G0 F7200 X125.975 Y119.675
G0 X125.975 Y119.625
G0 X126.025 Y119.625
G0 X126.025 Y119.675
G1 F1500 E42.06242
G0 F7200 X126.025 Y119.66
G0 X133.11 Y119.66
G1 F1500 E48.56242
G0 F7200 X134.025 Y119.675
G1 F600 X133.975 Y119.675 E48.56305
G1 X133.975 Y119.625 E48.56368
G1 X134.025 Y119.625 E48.56376
G1 X134.025 Y119.675 E48.56383
G0 F7200 X133.975 Y119.675
G0 X133.975 Y119.625
G0 X134.025 Y119.625
G0 X134.025 Y119.675
G1 F1500 E42.06383
G0 F7200 X134.025 Y119.66
G0 X134.011 Y117.54
G1 F1500 E48.56383
G0 F7200 X134.025 Y116.675
G1 F600 X133.975 Y116.675 E48.56446
G1 X133.975 Y116.625 E48.56509
G1 X134.025 Y116.625 E48.56517
G1 X134.025 Y116.675 E48.56524
G0 F7200 X133.975 Y116.675
G0 X133.975 Y116.625
G0 X134.025 Y116.625
G0 X134.025 Y116.675
G1 F1500 E42.06524
G0 F7200 X134.025 Y116.66
G0 X134.011 Y114.54
G1 F1500 E48.56524
G0 F7200 X134.025 Y113.675
G1 F600 X133.975 Y113.675 E48.56587
G1 X133.975 Y113.625 E48.5665
G1 X134.025 Y113.625 E48.56658
G1 X134.025 Y113.675 E48.56666
G0 F7200 X133.975 Y113.675
G0 X133.975 Y113.625
G0 X134.025 Y113.625
G0 X134.025 Y113.675
G1 F1500 E42.06666
G0 F7200 X134.025 Y113.66
G0 X134.011 Y111.54
G1 F1500 E48.56666
G0 F7200 X134.025 Y110.675
G1 F600 X133.975 Y110.675 E48.56728
G1 X133.975 Y110.625 E48.56791
G1 X134.025 Y110.625 E48.56799
G1 X134.025 Y110.675 E48.56807
G0 F7200 X133.975 Y110.675
G0 X133.975 Y110.625
G0 X134.025 Y110.625
G0 X134.025 Y110.675
G1 F1500 E42.06807
;MESH:NONMESH
G0 F600 X134.025 Y110.675 Z9.2
G0 F7200 X134.025 Y110.66
G0 X126.878 Y109.772
G0 X117.122 Y109.772
G0 X110.89 Y110.639
G0 X109.527 Y110.605
G1 F1500 E48.56807
G0 F7200 X109.626 Y110.675
;TIME_ELAPSED:490.948728
;LAYER:45
;TYPE:WALL-OUTER
;MESH:output_v2\A_fina_suporte.stl
G1 F600 X109.627 Y110.9 E48.57089
G1 X109.215 Y110.9 E48.57605
G1 X109.215 Y110.4 E48.58232
G1 X109.628 Y110.4 E48.5875
G1 X109.629 Y110.625 E48.59033
G1 X110.025 Y110.625 E48.59529
G1 X110.025 Y110.675
G1 X109.626 Y110.675 E48.59593
G0 F7200 X109.626 Y110.875
G0 X109.615 Y110.875
G1 F1500 E42.09593
G0 F7200 X109.526 Y110.8
G0 X109.989 Y113.639
G1 F1500 E48.59593
G0 F7200 X110.025 Y113.675
G1 F600 X109.975 Y113.675 E48.59656
G1 X109.975 Y113.625 E48.59719
G1 X110.025 Y113.625 E48.59727
G1 X110.025 Y113.675 E48.59734
G0 F7200 X109.975 Y113.675
G0 X109.975 Y113.625
G0 X110.025 Y113.625
G0 X110.025 Y113.675
G1 F1500 E42.09734
G0 F7200 X110.025 Y113.66
G0 X110.011 Y115.76
G1 F1500 E48.59734
G0 F7200 X110.025 Y116.675
G1 F600 X109.975 Y116.675 E48.59797
G1 X109.975 Y116.625 E48.5986
G1 X110.025 Y116.625 E48.59868
G1 X110.025 Y116.675 E48.59875
G0 F7200 X109.975 Y116.675
G0 X109.975 Y116.625
G0 X110.025 Y116.625
G0 X110.025 Y116.675
G1 F1500 E42.09875
G0 F7200 X110.025 Y116.66
G0 X110.011 Y118.76
G1 F1500 E48.59875
G0 F7200 X110.025 Y119.675
G1 F600 X109.975 Y119.675 E48.59938
G1 X109.975 Y119.625 E48.60001
G1 X110.025 Y119.625 E48.60009
G1 X110.025 Y119.675 E48.60017
G0 F7200 X109.975 Y119.675
G0 X109.975 Y119.625
G0 X110.025 Y119.625
G0 X110.025 Y119.675
G1 F1500 E42.10017
G0 F7200 X110.025 Y119.66
G0 X117.11 Y119.66
G1 F1500 E48.60017
G0 F7200 X118.025 Y119.675
G1 F600 X117.975 Y119.675 E48.60079
G1 X117.975 Y119.625 E48.60142
G1 X118.025 Y119.625 E48.6015
G1 X118.025 Y119.675 E48.60158
G0 F7200 X117.975 Y119.675
G0 X117.975 Y119.625
G0 X118.025 Y119.625
G0 X118.025 Y119.675
G1 F1500 E42.10158
G0 F7200 X118.025 Y119.66
G0 X118.011 Y117.54
G1 F1500 E48.60158
G0 F7200 X118.025 Y116.675
G1 F600 X117.975 Y116.675 E48.6022
G1 X117.975 Y116.625 E48.60283
G1 X118.025 Y116.625 E48.60291
G1 X118.025 Y116.675 E48.60299
G0 F7200 X117.975 Y116.675
G0 X117.975 Y116.625
G0 X118.025 Y116.625
G0 X118.025 Y116.675
G1 F1500 E42.10299
G0 F7200 X118.025 Y116.66
G0 X118.011 Y114.54
G1 F1500 E48.60299
G0 F7200 X118.025 Y113.675
G1 F600 X117.975 Y113.675 E48.60361
G1 X117.975 Y113.625 E48.60424
G1 X118.025 Y113.625 E48.60432
G1 X118.025 Y113.675 E48.6044
G0 F7200 X117.975 Y113.675
G0 X117.975 Y113.625
G0 X118.025 Y113.625
G0 X118.025 Y113.675
G1 F1500 E42.1044
G0 F7200 X118.025 Y113.66
G0 X118.011 Y111.54
G1 F1500 E48.6044
G0 F7200 X118.025 Y110.675
G1 F600 X117.975 Y110.675 E48.60503
G1 X117.975 Y110.625 E48.60565
G1 X118.025 Y110.625 E48.60573
G1 X118.025 Y110.675 E48.60581
G0 F7200 X117.975 Y110.675
G0 X117.975 Y110.625
G0 X118.025 Y110.625
G0 X118.025 Y110.675
G1 F1500 E42.10581
G0 F7200 X118.025 Y110.66
G0 X125.11 Y110.66
G1 F1500 E48.60581
G0 F7200 X126.025 Y110.675
G1 F600 X125.975 Y110.675 E48.60644
G1 X125.975 Y110.625 E48.60706
G1 X126.025 Y110.625 E48.60714
G1 X126.025 Y110.675 E48.60722
G0 F7200 X125.975 Y110.675
G0 X125.975 Y110.625
G0 X126.025 Y110.625
G0 X126.025 Y110.675
G1 F1500 E42.10722
G0 F7200 X126.025 Y110.66
G0 X126.011 Y112.76
G1 F1500 E48.60722
G0 F7200 X126.025 Y113.675
G1 F600 X125.975 Y113.675 E48.60785
G1 X125.975 Y113.625 E48.60847
G1 X126.025 Y113.625 E48.60855
G1 X126.025 Y113.675 E48.60863
G0 F7200 X125.975 Y113.675
G0 X125.975 Y113.625
G0 X126.025 Y113.625
G0 X126.025 Y113.675
G1 F1500 E42.10863
G0 F7200 X126.025 Y113.66
G0 X126.011 Y115.76
G1 F1500 E48.60863
G0 F7200 X126.025 Y116.675
G1 F600 X125.975 Y116.675 E48.60926
G1 X125.975 Y116.625 E48.60988
G1 X126.025 Y116.625 E48.60996
G1 X126.025 Y116.675 E48.61004
G0 F7200 X125.975 Y116.675
G0 X125.975 Y116.625
G0 X126.025 Y116.625
G0 X126.025 Y116.675
G1 F1500 E42.11004
G0 F7200 X126.025 Y116.66
G0 X126.011 Y118.76
G1 F1500 E48.61004
G0 F7200 X126.025 Y119.675
G1 F600 X125.975 Y119.675 E48.61067
G1 X125.975 Y119.625 E48.6113
G1 X126.025 Y119.625 E48.61137
G1 X126.025 Y119.675 E48.61145
G0 F7200 X125.975 Y119.675
G0 X125.975 Y119.625
G0 X126.025 Y119.625
G0 X126.025 Y119.675
G1 F1500 E42.11145
G0 F7200 X126.025 Y119.66
G0 X133.11 Y119.66
G1 F1500 E48.61145
G0 F7200 X134.025 Y119.675
G1 F600 X133.975 Y119.675 E48.61208
G1 X133.975 Y119.625 E48.61271
G1 X134.025 Y119.625 E48.61278
G1 X134.025 Y119.675 E48.61286
G0 F7200 X133.975 Y119.675
G0 X133.975 Y119.625
G0 X134.025 Y119.625
G0 X134.025 Y119.675
G1 F1500 E42.11286
G0 F7200 X134.025 Y119.66
G0 X134.011 Y117.54
G1 F1500 E48.61286
G0 F7200 X134.025 Y116.675
G1 F600 X133.975 Y116.675 E48.61349
G1 X133.975 Y116.625 E48.61412
G1 X134.025 Y116.625 E48.6142
G1 X134.025 Y116.675 E48.61427
G0 F7200 X133.975 Y116.675
G0 X133.975 Y116.625
G0 X134.025 Y116.625
G0 X134.025 Y116.675
G1 F1500 E42.11427
G0 F7200 X134.025 Y116.66
G0 X134.011 Y114.54
G1 F1500 E48.61427
G0 F7200 X134.025 Y113.675
G1 F600 X133.975 Y113.675 E48.6149
G1 X133.975 Y113.625 E48.61553
G1 X134.025 Y113.625 E48.61561
G1 X134.025 Y113.675 E48.61568
G0 F7200 X133.975 Y113.675
G0 X133.975 Y113.625
G0 X134.025 Y113.625
G0 X134.025 Y113.675
G1 F1500 E42.11568
G0 F7200 X134.025 Y113.66
G0 X134.011 Y111.54
G1 F1500 E48.61568
G0 F7200 X134.025 Y110.675
G1 F600 X133.975 Y110.675 E48.61631
G1 X133.975 Y110.625 E48.61694
G1 X134.025 Y110.625 E48.61702
G1 X134.025 Y110.675 E48.6171
G0 F7200 X133.975 Y110.675
G0 X133.975 Y110.625
G0 X134.025 Y110.625
G0 X134.025 Y110.675
;MESH:NONMESH
G0 F600 X134.025 Y110.675 Z9.4
G0 F7200 X134.025 Y110.66
G0 X126.878 Y109.772
G0 X117.122 Y109.772
G0 X110.89 Y110.639
G0 X109.556 Y110.605
G0 X109.943 Y110.9
;TIME_ELAPSED:501.054004
;LAYER:46
;TYPE:WALL-OUTER
;MESH:output_v2\A_fina_suporte.stl
G1 F1800 X109.251 Y110.9 E48.62577
G1 X109.251 Y110.4 E48.63204
G1 X110.005 Y110.4 E48.6415
G1 X110.217 Y110.392 E48.64416
G1 X110.218 Y110.889 E48.65039
G1 X110.145 Y110.895 E48.65131
G1 X109.943 Y110.9 E48.65384
G0 F7200 X109.743 Y110.9
G0 X109.8 Y110.648
;TYPE:SKIN
G1 F1800 X109.517 Y110.648 E48.65578
G0 F7200 X109.462 Y110.5
G1 F1500 E42.15578
G0 F7200 X109.874 Y113.417
G0 X109.578 Y116.434
G1 F1500 E48.65578
G0 F7200 X109.61 Y116.34
;TYPE:WALL-OUTER
G1 F1800 X109.897 Y116.397 E48.65944
G1 X110.093 Y116.4 E48.6619
G1 X110.217 Y116.39 E48.66346
G1 X110.218 Y116.889 E48.66972
G1 X110.143 Y116.895 E48.67066
G1 X110 Y116.9 E48.67246
G1 X109.734 Y116.879 E48.6758
G1 X109.332 Y116.766 E48.68104
G1 X108.972 Y116.564 E48.68622
G1 X108.663 Y116.279 E48.69149
G1 X108.591 Y116.187 E48.69295
G1 X108.38 Y115.811 E48.69836
G1 X108.301 Y115.567 E48.70158
G1 X108.251 Y115.14 E48.70697
G1 X108.255 Y115.019 E48.70849
G1 X108.299 Y114.745 E48.71197
G1 X108.444 Y114.352 E48.71722
G1 X108.587 Y114.118 E48.72066
G1 X108.663 Y114.021 E48.7222
G1 X108.976 Y113.732 E48.72755
G1 X109.202 Y113.594 E48.73087
G1 X109.591 Y113.45 E48.73607
G1 X110.019 Y113.4 E48.74147
G1 X110.217 Y113.392 E48.74396
G1 X110.218 Y113.888 E48.75018
G1 X110.099 Y113.897 E48.75168
G1 X109.799 Y113.915 E48.75544
G1 X109.427 Y114.035 E48.76035
G1 X109.053 Y114.33 E48.76632
G1 X108.882 Y114.585 E48.77017
G1 X108.762 Y114.958 E48.77508
G1 X108.78 Y115.43 E48.78101
G1 X108.848 Y115.64 E48.78377
G1 X109.107 Y116.026 E48.7896
G1 X109.271 Y116.166 E48.79231
G1 X109.61 Y116.34 E48.79709
G0 F7200 X109.806 Y116.379
G0 X109.846 Y116.634
;TYPE:SKIN
G1 F1800 X109.456 Y116.527 E48.79992
G0 F7200 X108.609 Y115.68
G1 F1800 X108.521 Y115.309 E48.80146
G1 X108.627 Y114.567 E48.80449
G1 X108.978 Y114.069 E48.80695
G1 X109.504 Y113.747 E48.80944
G1 X109.976 Y113.653 E48.81138
G0 F7200 X109.806 Y113.513
G1 F1500 E42.31138
G0 F7200 X109.805 Y113.526
G0 X109.024 Y114.303
G0 X108.741 Y115.436
G0 X110 Y116.881
G0 X110.163 Y119.391
G1 F1500 E48.81138
G0 F7200 X110.143 Y119.895
;TYPE:WALL-OUTER
G1 F1800 X110 Y119.9 E48.81318
G1 X109.875 Y119.899 E48.81475
G1 X109.884 Y119.4 E48.821
G1 X110.017 Y119.4 E48.82267
G1 X110.217 Y119.387 E48.82519
G1 X110.218 Y119.889 E48.83054
G1 X110.143 Y119.895 E48.83148
G0 F7200 X110 Y119.9
G0 X109.943 Y119.9
G1 F1500 E42.33148
G0 F7200 X109.976 Y119.8
G0 X111.082 Y119.51
G0 X116.918 Y119.499
G1 F1500 E48.83148
G0 F7200 X117.896 Y119.398
G1 F1800 X118.217 Y119.391 E48.83551
G1 X118.218 Y119.889 E48.84175
G1 X118.189 Y119.892 E48.84212
G1 X117.908 Y119.898 E48.84564
G1 X117.783 Y119.889 E48.84721
G1 X117.782 Y119.391 E48.85346
G1 X117.896 Y119.398 E48.85489
G0 F7200 X118.096 Y119.394
G0 X118.098 Y119.493
G1 F1500 E42.35489
G0 F7200 X118.097 Y119.494
G0 X117.908 Y116.879
G1 F1500 E48.85489
G0 F7200 X117.896 Y116.398
G1 F1800 X118.217 Y116.391 E48.85892
G1 X118.218 Y116.889 E48.86516
G1 X118.189 Y116.892 E48.86553
G1 X117.908 Y116.898 E48.86905
G1 X117.783 Y116.889 E48.87063
G1 X117.782 Y116.391 E48.87687
G1 X117.896 Y116.398 E48.8783
G0 F7200 X118.096 Y116.394
G0 X118.098 Y116.493
G1 F1500 E42.3783
G0 F7200 X118.097 Y116.494
G0 X117.908 Y113.879
G1 F1500 E48.8783
G0 F7200 X117.896 Y113.398
G1 F1800 X118.217 Y113.391 E48.88233
G1 X118.218 Y113.889 E48.88857
G1 X118.189 Y113.892 E48.88894
G1 X117.908 Y113.898 E48.89246
G1 X117.783 Y113.889 E48.89404
G1 X117.782 Y113.391 E48.90028
G1 X117.896 Y113.398 E48.90171
G0 F7200 X118.096 Y113.394
G0 X118.098 Y113.493
G0 X118.097 Y113.494
G0 X117.908 Y110.879
G0 X117.896 Y110.398
G1 F1800 X118.217 Y110.391 E48.90574
G1 X118.218 Y110.889 E48.91199
G1 X118.189 Y110.892 E48.91235
G1 X117.908 Y110.898 E48.91588
G1 X117.783 Y110.889 E48.91745
G1 X117.782 Y110.391 E48.92369
G1 X117.896 Y110.398 E48.92512
G0 F7200 X118.096 Y110.394
G0 X117.975 Y110.621
;TYPE:SKIN
G1 F1800 X118.022 Y110.668 E48.92554
G0 F7200 X118.183 Y110.668
G0 X118.117 Y110.667
G0 X124.918 Y110.499
G0 X126.106 Y110.497
G0 X126.104 Y110.398
;TYPE:WALL-OUTER
G1 F1800 X126.217 Y110.391 E48.92696
G1 X126.218 Y110.889 E48.93321
G1 X126.092 Y110.898 E48.93479
G1 X125.812 Y110.892 E48.9383
G1 X125.783 Y110.889 E48.93867
G1 X125.782 Y110.391 E48.94491
G1 X126.104 Y110.398 E48.94895
G0 F7200 X126.217 Y110.391
G0 X126.217 Y110.478
G0 X126.183 Y110.478
G1 F1500 E42.44895
G0 F7200 X126.118 Y110.498
G0 X126.204 Y113.405
G1 F1500 E48.94895
G0 F7200 X126.104 Y113.398
G1 F1800 X126.217 Y113.391 E48.95037
G1 X126.218 Y113.889 E48.95662
G1 X126.092 Y113.898 E48.9582
G1 X125.812 Y113.892 E48.96171
G1 X125.783 Y113.889 E48.96208
G1 X125.782 Y113.391 E48.96832
G1 X126.104 Y113.398 E48.97236
G0 F7200 X126.217 Y113.391
G0 X126.217 Y113.478
G0 X126.183 Y113.478
G0 X126.118 Y113.498
G0 X126.204 Y116.405
G0 X126.104 Y116.398
G1 F1800 X126.217 Y116.391 E48.97378
G1 X126.218 Y116.889 E48.98003
G1 X126.092 Y116.898 E48.98161
G1 X125.812 Y116.892 E48.98512
G1 X125.783 Y116.889 E48.98549
G1 X125.782 Y116.391 E48.99173
G1 X126.104 Y116.398 E48.99577
G0 F7200 X126.217 Y116.391
G0 X126.217 Y116.478
G0 X126.021 Y116.688
;TYPE:SKIN
G1 F1800 X125.976 Y116.642 E48.99618
G0 F7200 X125.817 Y116.642
G0 X125.883 Y116.643
G0 X126.204 Y119.405
G0 X126.104 Y119.398
;TYPE:WALL-OUTER
G1 F1800 X126.217 Y119.391 E48.9976
G1 X126.218 Y119.889 E49.00384
G1 X126.092 Y119.898 E49.00543
G1 X125.812 Y119.892 E49.00894
G1 X125.783 Y119.889 E49.0093
G1 X125.782 Y119.391 E49.01555
G1 X126.104 Y119.398 E49.01959
G0 F7200 X126.217 Y119.391
G0 X126.217 Y119.478
G0 X126.183 Y119.478
G1 F1500 E42.51959
G0 F7200 X126.118 Y119.498
G0 X132.918 Y116.877
G0 X134.62 Y116.947
G1 F1500 E49.01959
G0 F7200 X134.573 Y117.035
G1 F1800 X134.201 Y116.915 E49.02449
G1 X133.842 Y116.894 E49.029
G1 X133.783 Y116.888 E49.02974
G1 X133.782 Y116.39 E49.03599
G1 X133.878 Y116.398 E49.0372
G1 X133.971 Y116.398 E49.03836
G1 X134.266 Y116.421 E49.04207
G1 X134.675 Y116.536 E49.0474
G1 X134.919 Y116.661 E49.05084
G1 X135.019 Y116.727 E49.05234
G1 X135.337 Y117.021 E49.05777
G1 X135.409 Y117.113 E49.05924
G1 X135.616 Y117.482 E49.06454
G1 X135.727 Y117.878 E49.0697
G1 X135.743 Y118.293 E49.07491
G1 X135.729 Y118.416 E49.07646
G1 X135.616 Y118.818 E49.0817
G1 X135.409 Y119.187 E49.087
G1 X135.337 Y119.279 E49.08847
G1 X135.019 Y119.573 E49.0939
G1 X134.925 Y119.636 E49.09532
G1 X134.532 Y119.817 E49.10074
G1 X134.418 Y119.849 E49.10223
G1 X133.988 Y119.9 E49.10766
G1 X133.86 Y119.896 E49.10927
G1 X133.783 Y119.889 E49.11024
G1 X133.782 Y119.39 E49.11649
G1 X133.811 Y119.393 E49.11686
G1 X133.995 Y119.4 E49.11917
G1 X134.109 Y119.396 E49.1206
G1 X134.467 Y119.31 E49.12522
G1 X134.582 Y119.258 E49.1268
G1 X134.944 Y118.972 E49.13258
G1 X135.068 Y118.801 E49.13523
G1 X135.191 Y118.536 E49.1389
G1 X135.249 Y118.24 E49.14268
G1 X135.193 Y117.767 E49.14865
G1 X135.018 Y117.425 E49.15347
G1 X134.941 Y117.326 E49.15504
G1 X134.573 Y117.035 E49.16093
G0 F7200 X134.383 Y116.974
G0 X134.205 Y116.669
;TYPE:SKIN
G1 F1800 X134.621 Y116.802 E49.16398
G0 F7200 X135.341 Y117.522
G1 F1800 X135.467 Y117.931 E49.16575
G1 X135.39 Y118.702 E49.16896
G1 X135.046 Y119.207 E49.17149
G1 X134.533 Y119.543 E49.17403
G1 X134.066 Y119.641 E49.176
G0 F7200 X133.992 Y119.497
G0 X133.995 Y119.5
G0 X134.972 Y118.999
G0 X135.231 Y117.756
G0 X134.191 Y116.435
G0 X134.006 Y113.898
G0 X134.62 Y110.947
G0 X134.573 Y111.035
;TYPE:WALL-OUTER
G1 F1800 X134.201 Y110.915 E49.1809
G1 X133.783 Y110.889 E49.18615
G1 X133.782 Y110.39 E49.19241
G1 X133.878 Y110.398 E49.19362
G1 X133.971 Y110.398 E49.19478
G1 X134.269 Y110.421 E49.19853
G1 X134.537 Y110.485 E49.20199
G1 X134.917 Y110.661 E49.20724
G1 X135.133 Y110.818 E49.21059
G1 X135.414 Y111.122 E49.21578
G1 X135.616 Y111.482 E49.22096
G1 X135.727 Y111.878 E49.22611
G1 X135.743 Y112.293 E49.23132
G1 X135.729 Y112.416 E49.23287
G1 X135.616 Y112.818 E49.23811
G1 X135.409 Y113.187 E49.24342
G1 X135.337 Y113.279 E49.24488
G1 X135.019 Y113.573 E49.25031
G1 X134.925 Y113.636 E49.25173
G1 X134.537 Y113.815 E49.25709
G1 X134.269 Y113.879 E49.26055
G1 X133.982 Y113.9 E49.26415
G1 X133.859 Y113.896 E49.2657
G1 X133.783 Y113.889 E49.26665
G1 X133.782 Y113.39 E49.27291
G1 X133.811 Y113.393 E49.27328
G1 X133.995 Y113.4 E49.27559
G1 X134.105 Y113.396 E49.27697
G1 X134.382 Y113.341 E49.28051
G1 X134.579 Y113.26 E49.28318
G1 X134.944 Y112.972 E49.28901
G1 X135.068 Y112.801 E49.29166
G1 X135.194 Y112.529 E49.29542
G1 X135.249 Y112.06 E49.30134
G1 X135.191 Y111.764 E49.30512
G1 X135.068 Y111.499 E49.30879
G1 X134.944 Y111.328 E49.31144
G1 X134.573 Y111.035 E49.31736
G0 F7200 X134.383 Y110.974
G0 X134.505 Y110.746
;TYPE:SKIN
G1 F1800 X134.136 Y110.66 E49.32
G0 F7200 X134.078 Y110.602
G0 X135.303 Y111.544
G0 X135.391 Y111.633
G1 F1800 X135.481 Y112.005 E49.32151
G1 X135.369 Y112.741 E49.32445
G1 X135.013 Y113.234 E49.32684
G1 X134.492 Y113.562 E49.32927
G1 X134.019 Y113.655 E49.33118
G0 F7200 X134.216 Y113.782
G1 F1500 E42.83118
;MESH:NONMESH
G0 F600 X134.216 Y113.782 Z9.6
G0 F7200 X132.918 Y113.406
G0 X127.067 Y112.406
G0 X117.616 Y111.741
G0 X111.082 Y110.874
G0 X109.922 Y110.8
G1 F1500 E49.33118
G0 F7200 X109.922 Y110.9
;TIME_ELAPSED:509.261772
;LAYER:47
;TYPE:WALL-OUTER
;MESH:output_v2\A_fina_suporte.stl
G1 F1800 X109.348 Y110.9 E49.33837
G1 X109.348 Y110.4 E49.34464
G1 X110.005 Y110.4 E49.35288
G1 X110.214 Y110.392 E49.35551
G1 X110.325 Y110.38 E49.35691
G1 X110.435 Y110.363 E49.3583
G1 X110.436 Y110.858 E49.36451
G1 X110.269 Y110.884 E49.36663
G1 X110.144 Y110.895 E49.3682
G1 X109.922 Y110.9 E49.37099
G0 F7200 X109.722 Y110.9
G0 X109.684 Y110.649
;TYPE:SKIN
G1 F1800 X109.967 Y110.648 E49.37224
G1 X110.223 Y110.676 E49.37339
G0 F7200 X110.032 Y110.497
G0 X110.031 Y110.5
G0 X109.874 Y113.417
G0 X109.578 Y116.434
G0 X109.61 Y116.34
;TYPE:WALL-OUTER
G1 F1800 X109.896 Y116.397 E49.37704
G1 X110.068 Y116.4 E49.3792
G1 X110.326 Y116.38 E49.38245
G1 X110.435 Y116.363 E49.38383
G1 X110.436 Y116.858 E49.39004
G1 X110.269 Y116.884 E49.39216
G1 X110.143 Y116.895 E49.39374
G1 X110 Y116.9 E49.39554
G1 X109.734 Y116.879 E49.39888
G1 X109.332 Y116.766 E49.40412
G1 X108.972 Y116.564 E49.4093
G1 X108.663 Y116.279 E49.41457
G1 X108.591 Y116.187 E49.41603
G1 X108.38 Y115.811 E49.42144
G1 X108.301 Y115.567 E49.42466
G1 X108.251 Y115.14 E49.43005
G1 X108.255 Y115.019 E49.43157
G1 X108.299 Y114.745 E49.43505
G1 X108.444 Y114.352 E49.4403
G1 X108.587 Y114.118 E49.44374
G1 X108.663 Y114.021 E49.44528
G1 X108.976 Y113.732 E49.45063
G1 X109.202 Y113.594 E49.45395
G1 X109.591 Y113.45 E49.45915
G1 X110.019 Y113.4 E49.46455
G1 X110.214 Y113.392 E49.467
G1 X110.325 Y113.38 E49.4684
G1 X110.435 Y113.363 E49.46979
G1 X110.436 Y113.858 E49.476
G1 X110.269 Y113.884 E49.47812
G1 X110.139 Y113.895 E49.47976
G1 X109.799 Y113.915 E49.48403
G1 X109.427 Y114.035 E49.48893
G1 X109.053 Y114.33 E49.4949
G1 X108.882 Y114.585 E49.49875
G1 X108.762 Y114.958 E49.50367
G1 X108.78 Y115.43 E49.50959
G1 X108.848 Y115.64 E49.51236
G1 X109.107 Y116.026 E49.51819
G1 X109.271 Y116.166 E49.52089
G1 X109.61 Y116.34 E49.52567
G0 F7200 X109.806 Y116.379
G0 X109.716 Y116.558
;TYPE:SKIN
G1 F1800 X109.627 Y116.646 E49.52646
G0 F7200 X109.45 Y116.54
G1 F1800 X109.265 Y116.442 E49.52718
G1 X108.811 Y116.047 E49.52927
G1 X108.538 Y115.472 E49.53148
G1 X108.523 Y114.921 E49.5334
G1 X108.672 Y114.489 E49.53498
G1 X109.323 Y113.838 E49.53818
G1 X110.08 Y113.647 E49.54089
G0 F7200 X110.139 Y113.588
G0 X109.024 Y114.303
G0 X108.741 Y115.436
G0 X109.965 Y116.592
G0 X109.914 Y116.642
G1 F1800 X110.19 Y116.648 E49.54266
G0 F7200 X110.032 Y116.799
G1 F1500 E43.04266
G0 F7200 X110.033 Y116.798
G0 X110.423 Y119.379
G1 F1500 E49.54266
G0 F7200 X110.324 Y119.381
;TYPE:WALL-OUTER
G1 F1800 X110.435 Y119.364 E49.54407
G1 X110.436 Y119.858 E49.55027
G1 X110.269 Y119.884 E49.55239
G1 X110.143 Y119.895 E49.55397
G1 X110.027 Y119.899 E49.55543
G1 X109.67 Y119.9 E49.5599
G1 X109.669 Y119.4 E49.56617
G1 X110.04 Y119.4 E49.57083
G1 X110.324 Y119.381 E49.5744
G0 F7200 X110.435 Y119.364
G0 X110.435 Y119.452
G0 X110.076 Y119.592
;TYPE:SKIN
G1 F1800 X109.965 Y119.703 E49.57538
G0 F7200 X109.965 Y119.8
G1 F1500 E43.07538
G0 F7200 X109.966 Y119.799
G0 X111.301 Y119.844
G0 X116.701 Y119.834
G0 X118.183 Y119.791
G1 F1500 E49.57538
G0 F7200 X118.189 Y119.892
;TYPE:WALL-OUTER
G1 F1800 X117.908 Y119.898 E49.5789
G1 X117.812 Y119.892 E49.58011
G1 X117.731 Y119.884 E49.58113
G1 X117.565 Y119.858 E49.58324
G1 X117.564 Y119.363 E49.58945
G1 X117.675 Y119.38 E49.59085
G1 X117.784 Y119.391 E49.59223
G1 X117.896 Y119.398 E49.59364
G1 X118.212 Y119.392 E49.5976
G1 X118.325 Y119.38 E49.59902
G1 X118.435 Y119.363 E49.60042
G1 X118.436 Y119.858 E49.60663
G1 X118.269 Y119.884 E49.60875
G1 X118.189 Y119.892 E49.60976
G0 F7200 X117.989 Y119.896
G0 X117.941 Y119.645
;TYPE:SKIN
G1 F1800 X118.206 Y119.663 E49.61133
G0 F7200 X118.037 Y119.796
G0 X118.038 Y119.795
G0 X118.188 Y116.873
G0 X118.189 Y116.892
;TYPE:WALL-OUTER
G1 F1800 X117.908 Y116.898 E49.61485
G1 X117.812 Y116.892 E49.61606
G1 X117.731 Y116.884 E49.61708
G1 X117.565 Y116.858 E49.61918
G1 X117.564 Y116.363 E49.62539
G1 X117.675 Y116.38 E49.6268
G1 X117.784 Y116.391 E49.62817
G1 X117.896 Y116.398 E49.62958
G1 X118.212 Y116.392 E49.63355
G1 X118.325 Y116.38 E49.63497
G1 X118.435 Y116.363 E49.63637
G1 X118.436 Y116.858 E49.64257
G1 X118.269 Y116.884 E49.64469
G1 X118.189 Y116.892 E49.6457
G0 F7200 X117.989 Y116.896
G0 X118.115 Y116.643
;TYPE:SKIN
G1 F1800 X117.833 Y116.642 E49.64759
G0 F7200 X117.782 Y116.792
G1 F1500 E43.14759
G0 F7200 X117.782 Y116.789
G0 X118.188 Y113.873
G1 F1500 E49.64759
G0 F7200 X118.189 Y113.892
;TYPE:WALL-OUTER
G1 F1800 X117.908 Y113.898 E49.65111
G1 X117.812 Y113.892 E49.65232
G1 X117.731 Y113.884 E49.65334
G1 X117.565 Y113.858 E49.65545
G1 X117.564 Y113.363 E49.66165
G1 X117.675 Y113.38 E49.66306
G1 X117.784 Y113.391 E49.66444
G1 X117.896 Y113.398 E49.66584
G1 X118.212 Y113.392 E49.66981
G1 X118.325 Y113.38 E49.67123
G1 X118.435 Y113.363 E49.67263
G1 X118.436 Y113.858 E49.67884
G1 X118.269 Y113.884 E49.68096
G1 X118.189 Y113.892 E49.68196
G0 F7200 X117.989 Y113.896
G0 X117.945 Y113.702
;TYPE:SKIN
G1 F1800 X118.058 Y113.589 E49.68297
G0 F7200 X118.056 Y113.494
G1 F1500 E43.18297
G0 F7200 X118.054 Y113.496
G0 X118.188 Y110.873
G1 F1500 E49.68297
G0 F7200 X118.189 Y110.892
;TYPE:WALL-OUTER
G1 F1800 X117.908 Y110.898 E49.68649
G1 X117.812 Y110.892 E49.6877
G1 X117.731 Y110.884 E49.68872
G1 X117.565 Y110.858 E49.69082
G1 X117.564 Y110.363 E49.69703
G1 X117.675 Y110.38 E49.69844
G1 X117.784 Y110.391 E49.69981
G1 X117.896 Y110.398 E49.70122
G1 X118.212 Y110.392 E49.70518
G1 X118.325 Y110.38 E49.70661
G1 X118.435 Y110.363 E49.70801
G1 X118.436 Y110.858 E49.71421
G1 X118.269 Y110.884 E49.71633
G1 X118.189 Y110.892 E49.71734
G0 F7200 X117.989 Y110.896
G0 X118.176 Y110.642
;TYPE:SKIN
G1 F1800 X117.891 Y110.644 E49.71927
G0 F7200 X117.832 Y110.795
G0 X117.832 Y110.793
G0 X119.301 Y110.844
G0 X124.701 Y110.834
G0 X126.181 Y110.791
G0 X126.188 Y110.892
;TYPE:WALL-OUTER
G1 F1800 X126.092 Y110.898 E49.72047
G1 X125.812 Y110.892 E49.72398
G1 X125.731 Y110.884 E49.725
G1 X125.565 Y110.858 E49.72711
G1 X125.564 Y110.363 E49.73332
G1 X125.675 Y110.38 E49.73473
G1 X125.788 Y110.392 E49.73615
G1 X126.104 Y110.398 E49.74012
G1 X126.216 Y110.391 E49.74152
G1 X126.325 Y110.38 E49.7429
G1 X126.435 Y110.363 E49.74429
G1 X126.436 Y110.858 E49.7505
G1 X126.269 Y110.884 E49.75262
G1 X126.188 Y110.892 E49.75364
G0 F7200 X126.092 Y110.898
G0 X125.988 Y110.896
G0 X126.092 Y110.646
;TYPE:SKIN
G1 F1800 X125.816 Y110.639 E49.75556
G0 F7200 X125.764 Y110.791
G1 F1500 E43.25556
G0 F7200 X125.764 Y110.787
G0 X126.423 Y113.378
G1 F1500 E49.75556
G0 F7200 X126.188 Y113.892
;TYPE:WALL-OUTER
G1 F1800 X126.092 Y113.898 E49.75677
G1 X125.812 Y113.892 E49.76028
G1 X125.731 Y113.884 E49.7613
G1 X125.565 Y113.858 E49.76341
G1 X125.564 Y113.363 E49.76961
G1 X125.675 Y113.38 E49.77102
G1 X125.788 Y113.392 E49.77245
G1 X126.104 Y113.398 E49.77641
G1 X126.216 Y113.391 E49.77782
G1 X126.325 Y113.38 E49.77919
G1 X126.435 Y113.363 E49.78059
G1 X126.436 Y113.858 E49.78679
G1 X126.269 Y113.884 E49.78891
G1 X126.188 Y113.892 E49.78993
G0 F7200 X126.092 Y113.898
G0 X125.988 Y113.896
G0 X125.922 Y113.644
;TYPE:SKIN
G1 F1800 X126.195 Y113.655 E49.79165
G0 F7200 X126.032 Y113.796
G0 X126.423 Y116.378
G0 X126.188 Y116.892
;TYPE:WALL-OUTER
G1 F1800 X126.092 Y116.898 E49.79286
G1 X125.812 Y116.892 E49.79637
G1 X125.731 Y116.884 E49.79739
G1 X125.565 Y116.858 E49.7995
G1 X125.564 Y116.363 E49.80571
G1 X125.675 Y116.38 E49.80712
G1 X125.788 Y116.392 E49.80854
G1 X126.104 Y116.398 E49.8125
G1 X126.216 Y116.391 E49.81391
G1 X126.325 Y116.38 E49.81529
G1 X126.435 Y116.363 E49.81668
G1 X126.436 Y116.858 E49.82289
G1 X126.269 Y116.884 E49.82501
G1 X126.188 Y116.892 E49.82603
G0 F7200 X126.092 Y116.898
G0 X125.988 Y116.896
G0 X126.032 Y116.646
;TYPE:SKIN
G1 F1800 X125.783 Y116.612 E49.82743
G0 F7200 X125.962 Y116.795
G1 F1500 E43.32743
G0 F7200 X126.423 Y119.378
G1 F1500 E49.82743
G0 F7200 X126.188 Y119.892
;TYPE:WALL-OUTER
G1 F1800 X126.092 Y119.898 E49.82864
G1 X125.812 Y119.892 E49.83215
G1 X125.731 Y119.884 E49.83317
G1 X125.565 Y119.858 E49.83528
G1 X125.564 Y119.363 E49.84148
G1 X125.675 Y119.38 E49.84289
G1 X125.788 Y119.392 E49.84432
G1 X126.104 Y119.398 E49.84828
G1 X126.216 Y119.391 E49.84969
G1 X126.325 Y119.38 E49.85106
G1 X126.435 Y119.363 E49.85246
G1 X126.436 Y119.858 E49.85866
G1 X126.269 Y119.884 E49.86078
G1 X126.188 Y119.892 E49.8618
G0 F7200 X126.092 Y119.898
G0 X125.988 Y119.896
G0 X126.145 Y119.645
;TYPE:SKIN
G1 F1800 X125.864 Y119.642 E49.86378
G0 F7200 X125.825 Y119.792
G1 F1500 E43.36378
G0 F7200 X127.3 Y119.376
G0 X132.701 Y116.847
G0 X134.62 Y116.947
G1 F1500 E49.86378
G0 F7200 X134.573 Y117.035
;TYPE:WALL-OUTER
G1 F1800 X134.201 Y116.915 E49.86868
G1 X133.806 Y116.891 E49.87364
G1 X133.731 Y116.884 E49.87459
G1 X133.565 Y116.858 E49.8767
G1 X133.564 Y116.364 E49.88289
G1 X133.676 Y116.381 E49.88431
G1 X133.853 Y116.396 E49.88654
G1 X133.91 Y116.396 E49.88725
G1 X134.266 Y116.421 E49.89173
G1 X134.675 Y116.536 E49.89706
G1 X134.919 Y116.661 E49.90049
G1 X135.019 Y116.727 E49.902
G1 X135.337 Y117.021 E49.90743
G1 X135.409 Y117.113 E49.90889
G1 X135.616 Y117.482 E49.9142
G1 X135.727 Y117.878 E49.91936
G1 X135.743 Y118.293 E49.92456
G1 X135.729 Y118.416 E49.92612
G1 X135.616 Y118.818 E49.93135
G1 X135.409 Y119.187 E49.93666
G1 X135.337 Y119.279 E49.93812
G1 X135.019 Y119.573 E49.94356
G1 X134.925 Y119.636 E49.94497
G1 X134.532 Y119.817 E49.9504
G1 X134.418 Y119.849 E49.95189
G1 X133.985 Y119.9 E49.95735
G1 X133.863 Y119.898 E49.95888
G1 X133.731 Y119.884 E49.96055
G1 X133.565 Y119.858 E49.96265
G1 X133.564 Y119.363 E49.96886
G1 X133.675 Y119.38 E49.97027
G1 X133.786 Y119.392 E49.97167
G1 X133.995 Y119.4 E49.97429
G1 X134.109 Y119.396 E49.97572
G1 X134.467 Y119.31 E49.98034
G1 X134.582 Y119.258 E49.98192
G1 X134.944 Y118.972 E49.98771
G1 X135.068 Y118.801 E49.99036
G1 X135.191 Y118.536 E49.99402
G1 X135.249 Y118.24 E49.9978
G1 X135.193 Y117.767 E50.00378
G1 X135.018 Y117.425 E50.00859
G1 X134.941 Y117.326 E50.01017
G1 X134.573 Y117.035 E50.01605
G0 F7200 X134.383 Y116.974
G0 X134.436 Y116.727
;TYPE:SKIN
G1 F1800 X134.645 Y116.8 E50.01688
G1 X135.246 Y117.331 E50.01989
G1 X135.473 Y117.953 E50.02238
G1 X135.434 Y118.557 E50.02465
G1 X135.048 Y119.226 E50.02755
G1 X134.408 Y119.583 E50.03031
G1 X133.798 Y119.627 E50.0326
G0 F7200 X133.759 Y119.667
G0 X134.972 Y118.999
G0 X135.231 Y117.756
G0 X133.897 Y116.701
G0 X133.949 Y116.648
G1 F1800 X134.211 Y116.669 E50.03439
G0 F7200 X134.223 Y116.515
G1 F1500 E43.53439
G0 F7200 X134.222 Y116.518
G0 X134.037 Y113.896
G0 X134.62 Y110.947
G1 F1500 E50.03439
G0 F7200 X134.573 Y111.035
;TYPE:WALL-OUTER
G1 F1800 X134.201 Y110.915 E50.03929
G1 X133.769 Y110.888 E50.04472
G1 X133.731 Y110.884 E50.0452
G1 X133.565 Y110.858 E50.04731
G1 X133.564 Y110.364 E50.0535
G1 X133.676 Y110.381 E50.05492
G1 X133.853 Y110.396 E50.05715
G1 X133.91 Y110.396 E50.05786
G1 X134.269 Y110.421 E50.06238
G1 X134.537 Y110.485 E50.06583
G1 X134.917 Y110.661 E50.07108
G1 X135.133 Y110.818 E50.07443
G1 X135.414 Y111.122 E50.07962
G1 X135.616 Y111.482 E50.0848
G1 X135.727 Y111.878 E50.08996
G1 X135.743 Y112.293 E50.09517
G1 X135.729 Y112.416 E50.09672
G1 X135.616 Y112.818 E50.10196
G1 X135.409 Y113.187 E50.10726
G1 X135.337 Y113.279 E50.10873
G1 X135.019 Y113.573 E50.11416
G1 X134.925 Y113.636 E50.11558
G1 X134.537 Y113.815 E50.12093
G1 X134.269 Y113.879 E50.12439
G1 X133.997 Y113.9 E50.12781
G1 X133.863 Y113.898 E50.12949
G1 X133.731 Y113.884 E50.13116
G1 X133.565 Y113.858 E50.13326
G1 X133.564 Y113.363 E50.13947
G1 X133.675 Y113.38 E50.14088
G1 X133.786 Y113.392 E50.14228
G1 X133.995 Y113.4 E50.1449
G1 X134.105 Y113.396 E50.14628
G1 X134.382 Y113.341 E50.14982
G1 X134.579 Y113.26 E50.1525
G1 X134.944 Y112.972 E50.15833
G1 X135.068 Y112.801 E50.16097
G1 X135.194 Y112.529 E50.16473
G1 X135.249 Y112.06 E50.17066
G1 X135.191 Y111.764 E50.17444
G1 X135.068 Y111.499 E50.1781
G1 X134.944 Y111.328 E50.18075
G1 X134.573 Y111.035 E50.18668
G0 F7200 X134.383 Y110.974
G0 X134.483 Y110.74
;TYPE:SKIN
G1 F1800 X134.686 Y110.82 E50.18734
G1 X135.272 Y111.366 E50.18978
G1 X135.488 Y111.998 E50.19181
G1 X135.395 Y112.657 E50.19384
G1 X135.179 Y113.156 E50.1955
G1 X134.496 Y113.556 E50.19791
G1 X133.844 Y113.642 E50.19991
G0 F7200 X133.792 Y113.694
G0 X134.972 Y112.999
G0 X135.102 Y111.479
G0 X133.954 Y110.704
G0 X134.006 Y110.652
G1 F1800 X134.265 Y110.675 E50.20065
G1 X133.774 Y110.6 E50.20208
G0 F7200 X133.953 Y110.8
G1 F1500 E43.70208
;MESH:NONMESH
G0 F600 X133.953 Y110.8 Z9.8
G0 F7200 X132.7 Y110.393
G0 X126.253 Y111.754
G0 X117.616 Y111.741
G0 X111.3 Y110.435
G1 F1500 E50.20208
G0 F7200 X110.541 Y110.347
;TIME_ELAPSED:518.767613
;LAYER:48
;TYPE:WALL-OUTER
;MESH:output_v2\A_fina_suporte.stl
G1 F1800 X110.645 Y110.319 E50.20343
G1 X110.646 Y110.805 E50.20953
G1 X110.463 Y110.854 E50.2119
G1 X110.269 Y110.884 E50.21436
G1 X110.143 Y110.895 E50.21595
G1 X109.994 Y110.9 E50.21782
G1 X109.489 Y110.9 E50.22415
G1 X109.489 Y110.4 E50.23042
G1 X110.005 Y110.4 E50.23689
G1 X110.214 Y110.392 E50.23952
G1 X110.325 Y110.38 E50.24092
G1 X110.541 Y110.347 E50.24366
G0 F7200 X110.645 Y110.319
G0 X110.645 Y110.412
G0 X110.34 Y110.623
;TYPE:SKIN
G1 F1800 X110.08 Y110.645 E50.24499
G1 X109.8 Y110.648 E50.24642
G0 F7200 X109.745 Y110.5
G1 F1500 E43.74642
G0 F7200 X109.874 Y113.417
G0 X109.578 Y116.434
G1 F1500 E50.24642
G0 F7200 X109.61 Y116.34
;TYPE:WALL-OUTER
G1 F1800 X109.896 Y116.397 E50.25008
G1 X110.042 Y116.4 E50.25191
G1 X110.256 Y116.388 E50.2546
G1 X110.424 Y116.366 E50.25672
G1 X110.542 Y116.347 E50.25822
G1 X110.645 Y116.319 E50.25956
G1 X110.646 Y116.805 E50.26565
G1 X110.463 Y116.854 E50.26803
G1 X110.269 Y116.884 E50.27049
G1 X110.143 Y116.895 E50.27208
G1 X110 Y116.9 E50.27387
G1 X109.734 Y116.879 E50.27722
G1 X109.332 Y116.766 E50.28245
G1 X108.972 Y116.564 E50.28763
G1 X108.663 Y116.279 E50.2929
G1 X108.591 Y116.187 E50.29437
G1 X108.38 Y115.811 E50.29977
G1 X108.301 Y115.567 E50.30299
G1 X108.251 Y115.14 E50.30838
G1 X108.255 Y115.019 E50.3099
G1 X108.299 Y114.745 E50.31338
G1 X108.444 Y114.352 E50.31863
G1 X108.587 Y114.118 E50.32207
G1 X108.663 Y114.021 E50.32362
G1 X108.976 Y113.732 E50.32896
G1 X109.202 Y113.594 E50.33228
G1 X109.591 Y113.45 E50.33748
G1 X110.019 Y113.4 E50.34289
G1 X110.214 Y113.392 E50.34533
G1 X110.325 Y113.38 E50.34673
G1 X110.541 Y113.347 E50.34947
G1 X110.645 Y113.319 E50.35082
G1 X110.646 Y113.805 E50.35692
G1 X110.463 Y113.854 E50.3593
G1 X110.269 Y113.884 E50.36176
G1 X110.143 Y113.895 E50.36334
G1 X110.051 Y113.898 E50.3645
G1 X109.798 Y113.915 E50.36768
G1 X109.427 Y114.035 E50.37257
G1 X109.053 Y114.33 E50.37854
G1 X108.882 Y114.585 E50.38239
G1 X108.762 Y114.958 E50.3873
G1 X108.78 Y115.43 E50.39323
G1 X108.848 Y115.64 E50.396
G1 X109.107 Y116.026 E50.40183
G1 X109.271 Y116.166 E50.40453
G1 X109.61 Y116.34 E50.40931
G0 F7200 X109.806 Y116.379
G0 X109.846 Y116.634
;TYPE:SKIN
G1 F1800 X110.137 Y116.643 E50.41024
G1 X110.392 Y116.615 E50.41106
G1 X109.456 Y116.527 E50.41406
G0 F7200 X108.609 Y115.68
G1 F1800 X108.521 Y115.309 E50.41557
G1 X108.627 Y114.567 E50.41854
G1 X108.978 Y114.069 E50.42095
G1 X109.504 Y113.747 E50.4234
G1 X110.241 Y113.635 E50.42635
G0 F7200 X110.29 Y113.789
G1 F1500 E43.92635
G0 F7200 X110.29 Y113.78
G0 X109.024 Y114.303
G0 X108.741 Y115.436
G0 X109.913 Y116.873
G0 X109.913 Y119.42
G1 F1500 E50.42635
G0 F7200 X109.685 Y119.898
;TYPE:WALL-OUTER
G1 F1800 X109.663 Y119.9 E50.42663
G1 X109.542 Y119.9 E50.42815
G1 X109.541 Y119.4 E50.43442
G1 X110.062 Y119.4 E50.44095
G1 X110.183 Y119.394 E50.44247
G1 X110.324 Y119.381 E50.44425
G1 X110.541 Y119.347 E50.447
G1 X110.645 Y119.319 E50.44835
G1 X110.646 Y119.805 E50.45445
G1 X110.463 Y119.854 E50.45682
G1 X110.269 Y119.884 E50.45928
G1 X110.142 Y119.895 E50.46088
G1 X110.025 Y119.9 E50.46235
G1 X109.685 Y119.898 E50.46661
G0 F7200 X109.663 Y119.9
G0 X109.542 Y119.9
G0 X109.542 Y119.843
G0 X109.769 Y119.668
;TYPE:SKIN
G1 F1800 X110.03 Y119.647 E50.46781
G1 X110.295 Y119.629 E50.46902
G0 F7200 X110.337 Y119.784
G1 F1500 E43.96902
G0 F7200 X110.337 Y119.773
G0 X111.51 Y119.457
G0 X116.49 Y119.448
G0 X118.545 Y119.443
G1 F1500 E50.46902
G0 F7200 X118.541 Y119.347
;TYPE:WALL-OUTER
G1 F1800 X118.645 Y119.319 E50.47037
G1 X118.646 Y119.805 E50.47647
G1 X118.463 Y119.854 E50.47884
G1 X118.269 Y119.884 E50.48131
G1 X118.189 Y119.892 E50.48231
G1 X117.909 Y119.898 E50.48583
G1 X117.776 Y119.889 E50.4875
G1 X117.631 Y119.87 E50.48933
G1 X117.545 Y119.856 E50.49042
G1 X117.355 Y119.805 E50.49289
G1 X117.354 Y119.319 E50.49899
G1 X117.459 Y119.347 E50.50035
G1 X117.676 Y119.381 E50.5031
G1 X117.896 Y119.398 E50.50587
G1 X118.212 Y119.392 E50.50983
G1 X118.325 Y119.38 E50.51126
G1 X118.541 Y119.347 E50.514
G0 F7200 X118.645 Y119.319
G0 X118.645 Y119.412
G0 X118.222 Y119.636
;TYPE:SKIN
G1 F1800 X117.949 Y119.646 E50.51538
G1 X117.643 Y119.622 E50.51694
G0 F7200 X117.634 Y119.465
G1 F1500 E44.01694
G0 F7200 X117.632 Y119.475
G0 X118.267 Y116.865
G1 F1500 E50.51694
G0 F7200 X118.541 Y116.347
;TYPE:WALL-OUTER
G1 F1800 X118.645 Y116.319 E50.51829
G1 X118.646 Y116.805 E50.52438
G1 X118.463 Y116.854 E50.52676
G1 X118.269 Y116.884 E50.52922
G1 X118.189 Y116.892 E50.53023
G1 X117.909 Y116.898 E50.53374
G1 X117.776 Y116.889 E50.53541
G1 X117.731 Y116.884 E50.53598
G1 X117.536 Y116.854 E50.53845
G1 X117.355 Y116.805 E50.54081
G1 X117.354 Y116.319 E50.5469
G1 X117.459 Y116.347 E50.54826
G1 X117.676 Y116.381 E50.55102
G1 X117.896 Y116.398 E50.55379
G1 X118.212 Y116.392 E50.55775
G1 X118.325 Y116.38 E50.55917
G1 X118.541 Y116.347 E50.56191
G0 F7200 X118.645 Y116.319
G0 X118.645 Y116.412
G0 X118.323 Y116.626
;TYPE:SKIN
G1 F1800 X118.058 Y116.644 E50.56328
G1 X117.769 Y116.637 E50.56476
G0 F7200 X117.742 Y116.482
G0 X117.742 Y116.486
G0 X118.267 Y113.865
G0 X118.541 Y113.347
;TYPE:WALL-OUTER
G1 F1800 X118.645 Y113.319 E50.56611
G1 X118.646 Y113.805 E50.57221
G1 X118.463 Y113.854 E50.57458
G1 X118.269 Y113.884 E50.57704
G1 X118.189 Y113.892 E50.57805
G1 X117.909 Y113.898 E50.58156
G1 X117.776 Y113.889 E50.58323
G1 X117.631 Y113.87 E50.58507
G1 X117.545 Y113.856 E50.58616
G1 X117.355 Y113.805 E50.58863
G1 X117.354 Y113.319 E50.59472
G1 X117.459 Y113.347 E50.59609
G1 X117.676 Y113.381 E50.59884
G1 X117.896 Y113.398 E50.60161
G1 X118.212 Y113.392 E50.60557
G1 X118.325 Y113.38 E50.607
G1 X118.541 Y113.347 E50.60974
G0 F7200 X118.645 Y113.319
G0 X118.645 Y113.412
G0 X118.414 Y113.605
;TYPE:SKIN
G1 F1800 X118.166 Y113.64 E50.61076
G1 X117.591 Y113.631 E50.6131
G0 F7200 X117.74 Y113.788
G0 X117.742 Y113.784
G0 X118.267 Y110.865
G0 X118.541 Y110.347
;TYPE:WALL-OUTER
G1 F1800 X118.645 Y110.319 E50.61446
G1 X118.646 Y110.805 E50.62055
G1 X118.463 Y110.854 E50.62293
G1 X118.269 Y110.884 E50.62539
G1 X118.189 Y110.892 E50.6264
G1 X117.909 Y110.898 E50.62991
G1 X117.776 Y110.889 E50.63158
G1 X117.631 Y110.87 E50.63341
G1 X117.545 Y110.856 E50.63451
G1 X117.355 Y110.805 E50.63697
G1 X117.354 Y110.319 E50.64307
G1 X117.459 Y110.347 E50.64443
G1 X117.676 Y110.381 E50.64718
G1 X117.896 Y110.398 E50.64995
G1 X118.212 Y110.392 E50.65392
G1 X118.325 Y110.38 E50.65534
G1 X118.541 Y110.347 E50.65808
G0 F7200 X118.645 Y110.319
G0 X118.645 Y110.412
G0 X118.27 Y110.633
;TYPE:SKIN
G1 F1800 X117.999 Y110.645 E50.65945
G1 X117.703 Y110.632 E50.66094
G0 F7200 X117.663 Y110.47
G1 F1500 E44.16094
G0 F7200 X117.665 Y110.48
G0 X119.51 Y110.457
G0 X124.49 Y110.448
G0 X126.545 Y110.443
G1 F1500 E50.66094
G0 F7200 X126.542 Y110.347
;TYPE:WALL-OUTER
G1 F1800 X126.645 Y110.319 E50.66228
G1 X126.646 Y110.805 E50.66837
G1 X126.463 Y110.854 E50.67075
G1 X126.269 Y110.884 E50.67321
G1 X126.091 Y110.898 E50.67545
G1 X125.812 Y110.892 E50.67895
G1 X125.731 Y110.884 E50.67997
G1 X125.536 Y110.854 E50.68244
G1 X125.355 Y110.805 E50.68479
G1 X125.354 Y110.319 E50.69089
G1 X125.459 Y110.347 E50.69225
G1 X125.675 Y110.38 E50.69499
G1 X125.788 Y110.392 E50.69642
G1 X126.105 Y110.398 E50.70039
G1 X126.257 Y110.388 E50.7023
G1 X126.424 Y110.366 E50.70441
G1 X126.542 Y110.347 E50.70591
G0 F7200 X126.645 Y110.319
G0 X126.645 Y110.413
G0 X126.427 Y110.588
;TYPE:SKIN
G1 F1800 X126.196 Y110.639 E50.70687
G1 X125.607 Y110.617 E50.70926
G0 F7200 X125.73 Y110.79
G1 F1500 E44.20926
G0 F7200 X125.731 Y110.784
G0 X126.633 Y113.334
G1 F1500 E50.70926
G0 F7200 X126.542 Y113.347
;TYPE:WALL-OUTER
G1 F1800 X126.645 Y113.319 E50.7106
G1 X126.646 Y113.805 E50.71669
G1 X126.463 Y113.854 E50.71907
G1 X126.269 Y113.884 E50.72153
G1 X126.091 Y113.898 E50.72377
G1 X125.812 Y113.892 E50.72727
G1 X125.731 Y113.884 E50.72829
G1 X125.536 Y113.854 E50.73076
G1 X125.355 Y113.805 E50.73311
G1 X125.354 Y113.319 E50.73921
G1 X125.459 Y113.347 E50.74057
G1 X125.675 Y113.38 E50.74331
G1 X125.788 Y113.392 E50.74474
G1 X126.105 Y113.398 E50.74871
G1 X126.257 Y113.388 E50.75062
G1 X126.424 Y113.366 E50.75273
G1 X126.542 Y113.347 E50.75423
G0 F7200 X126.645 Y113.319
G0 X126.645 Y113.413
G0 X126.35 Y113.622
;TYPE:SKIN
G1 F1800 X126.089 Y113.644 E50.75557
G1 X125.802 Y113.64 E50.75704
G0 F7200 X125.77 Y113.486
G1 F1500 E44.25704
G0 F7200 X125.77 Y113.491
G0 X126.633 Y116.334
G1 F1500 E50.75704
G0 F7200 X126.542 Y116.347
;TYPE:WALL-OUTER
G1 F1800 X126.645 Y116.319 E50.75838
G1 X126.646 Y116.805 E50.76447
G1 X126.463 Y116.854 E50.76685
G1 X126.269 Y116.884 E50.76931
G1 X126.091 Y116.898 E50.77155
G1 X125.812 Y116.892 E50.77505
G1 X125.731 Y116.884 E50.77607
G1 X125.536 Y116.854 E50.77854
G1 X125.355 Y116.805 E50.78089
G1 X125.354 Y116.319 E50.78699
G1 X125.459 Y116.347 E50.78835
G1 X125.675 Y116.38 E50.79109
G1 X125.788 Y116.392 E50.79252
G1 X126.105 Y116.398 E50.79649
G1 X126.257 Y116.388 E50.7984
G1 X126.424 Y116.366 E50.80051
G1 X126.542 Y116.347 E50.80201
G0 F7200 X126.645 Y116.319
G0 X126.645 Y116.413
G0 X126.25 Y116.634
;TYPE:SKIN
G1 F1800 X125.979 Y116.645 E50.80341
G1 X125.678 Y116.627 E50.80497
G0 F7200 X125.635 Y116.465
G1 F1500 E44.30497
G0 F7200 X125.632 Y116.474
G0 X126.633 Y119.334
G1 F1500 E50.80497
G0 F7200 X126.542 Y119.347
;TYPE:WALL-OUTER
G1 F1800 X126.645 Y119.319 E50.80631
G1 X126.646 Y119.805 E50.8124
G1 X126.463 Y119.854 E50.81478
G1 X126.269 Y119.884 E50.81724
G1 X126.091 Y119.898 E50.81948
G1 X125.812 Y119.892 E50.82298
G1 X125.731 Y119.884 E50.824
G1 X125.536 Y119.854 E50.82647
G1 X125.355 Y119.805 E50.82882
G1 X125.354 Y119.319 E50.83492
G1 X125.459 Y119.347 E50.83628
G1 X125.675 Y119.38 E50.83902
G1 X125.788 Y119.392 E50.84045
G1 X126.105 Y119.398 E50.84442
G1 X126.257 Y119.388 E50.84633
G1 X126.424 Y119.366 E50.84845
G1 X126.542 Y119.347 E50.84994
G0 F7200 X126.645 Y119.319
G0 X126.645 Y119.413
G0 X126.401 Y119.613
;TYPE:SKIN
G1 F1800 X126.148 Y119.642 E50.85095
G1 X125.578 Y119.638 E50.85319
G0 F7200 X125.736 Y119.79
G1 F1500 E44.35319
G0 F7200 X125.737 Y119.785
G0 X126.633 Y119.334
G0 X132.491 Y116.795
G0 X134.62 Y116.947
G1 F1500 E50.85319
G0 F7200 X134.573 Y117.035
;TYPE:WALL-OUTER
G1 F1800 X134.201 Y116.915 E50.85809
G1 X133.862 Y116.895 E50.86235
G1 X133.731 Y116.884 E50.864
G1 X133.536 Y116.854 E50.86648
G1 X133.355 Y116.805 E50.86883
G1 X133.354 Y116.319 E50.87492
G1 X133.459 Y116.347 E50.87628
G1 X133.676 Y116.381 E50.87904
G1 X133.825 Y116.394 E50.88091
G1 X133.993 Y116.4 E50.88302
G1 X134.266 Y116.421 E50.88646
G1 X134.675 Y116.536 E50.89178
G1 X134.919 Y116.661 E50.89522
G1 X135.019 Y116.727 E50.89672
G1 X135.337 Y117.021 E50.90216
G1 X135.409 Y117.113 E50.90362
G1 X135.616 Y117.482 E50.90893
G1 X135.727 Y117.878 E50.91408
G1 X135.743 Y118.293 E50.91929
G1 X135.729 Y118.416 E50.92084
G1 X135.616 Y118.818 E50.92608
G1 X135.409 Y119.187 E50.93139
G1 X135.337 Y119.279 E50.93285
G1 X135.019 Y119.573 E50.93828
G1 X134.925 Y119.636 E50.9397
G1 X134.532 Y119.817 E50.94513
G1 X134.417 Y119.849 E50.94662
G1 X133.984 Y119.9 E50.95209
G1 X133.865 Y119.899 E50.95358
G1 X133.729 Y119.884 E50.9553
G1 X133.536 Y119.854 E50.95775
G1 X133.355 Y119.805 E50.9601
G1 X133.354 Y119.319 E50.9662
G1 X133.459 Y119.347 E50.96756
G1 X133.675 Y119.38 E50.9703
G1 X133.787 Y119.392 E50.97171
G1 X134.03 Y119.4 E50.97476
G1 X134.111 Y119.396 E50.97578
G1 X134.467 Y119.31 E50.98037
G1 X134.582 Y119.258 E50.98195
G1 X134.944 Y118.972 E50.98774
G1 X135.068 Y118.801 E50.99039
G1 X135.191 Y118.536 E50.99405
G1 X135.249 Y118.24 E50.99783
G1 X135.193 Y117.767 E51.00381
G1 X135.018 Y117.425 E51.00862
G1 X134.941 Y117.326 E51.0102
G1 X134.573 Y117.035 E51.01608
G0 F7200 X134.383 Y116.974
G0 X134.205 Y116.669
;TYPE:SKIN
G1 F1800 X133.9 Y116.647 E51.01764
G1 X133.596 Y116.626 E51.01919
G0 F7200 X134.512 Y116.693
G1 F1800 X134.731 Y116.912 E51.02114
G0 F7200 X135.341 Y117.522
G1 F1800 X135.467 Y117.931 E51.02289
G1 X135.39 Y118.702 E51.02606
G1 X135.046 Y119.207 E51.02857
G1 X134.533 Y119.543 E51.03108
G1 X133.782 Y119.64 E51.03418
G0 F7200 X133.748 Y119.483
G1 F1500 E44.53418
G0 F7200 X133.748 Y119.488
G0 X134.972 Y118.999
G0 X135.231 Y117.756
G0 X134.197 Y116.435
G0 X133.995 Y113.881
G0 X135.102 Y112.821
G0 X135.102 Y111.479
G1 F1500 E51.03418
G0 F7200 X134.573 Y111.035
;TYPE:WALL-OUTER
G1 F1800 X134.201 Y110.915 E51.03908
G1 X133.807 Y110.891 E51.04403
G1 X133.731 Y110.884 E51.04499
G1 X133.536 Y110.854 E51.04747
G1 X133.355 Y110.805 E51.04982
G1 X133.354 Y110.319 E51.05591
G1 X133.459 Y110.347 E51.05727
G1 X133.676 Y110.381 E51.06003
G1 X133.825 Y110.394 E51.0619
G1 X133.993 Y110.4 E51.06401
G1 X134.269 Y110.421 E51.06748
G1 X134.537 Y110.485 E51.07094
G1 X134.917 Y110.661 E51.07619
G1 X135.133 Y110.818 E51.07954
G1 X135.414 Y111.122 E51.08473
G1 X135.616 Y111.482 E51.08991
G1 X135.727 Y111.878 E51.09506
G1 X135.743 Y112.293 E51.10027
G1 X135.729 Y112.416 E51.10182
G1 X135.616 Y112.818 E51.10706
G1 X135.409 Y113.187 E51.11237
G1 X135.337 Y113.279 E51.11383
G1 X135.019 Y113.573 E51.11926
G1 X134.925 Y113.636 E51.12068
G1 X134.537 Y113.815 E51.12604
G1 X134.269 Y113.879 E51.1295
G1 X133.995 Y113.9 E51.13294
G1 X133.865 Y113.899 E51.13457
G1 X133.729 Y113.884 E51.13629
G1 X133.536 Y113.854 E51.13874
G1 X133.355 Y113.805 E51.14109
G1 X133.354 Y113.319 E51.14718
G1 X133.459 Y113.347 E51.14855
G1 X133.675 Y113.38 E51.15129
G1 X133.787 Y113.392 E51.1527
G1 X134.03 Y113.4 E51.15575
G1 X134.107 Y113.396 E51.15672
G1 X134.382 Y113.341 E51.16023
G1 X134.579 Y113.26 E51.1629
G1 X134.944 Y112.972 E51.16873
G1 X135.068 Y112.801 E51.17138
G1 X135.194 Y112.529 E51.17514
G1 X135.249 Y112.06 E51.18106
G1 X135.191 Y111.764 E51.18485
G1 X135.068 Y111.499 E51.18851
G1 X134.944 Y111.328 E51.19116
G1 X134.573 Y111.035 E51.19709
G0 F7200 X134.383 Y110.974
G0 X134.505 Y110.746
;TYPE:SKIN
G1 F1800 X134.136 Y110.66 E51.1992
G1 X133.836 Y110.643 E51.20088
G0 F7200 X133.779 Y110.586
G0 X135.303 Y111.544
G0 X135.391 Y111.633
G1 F1800 X135.481 Y112.005 E51.20239
G1 X135.369 Y112.741 E51.20532
G1 X135.013 Y113.234 E51.20772
G1 X134.492 Y113.562 E51.21014
G1 X133.714 Y113.633 E51.21322
G0 F7200 X133.681 Y113.472
G1 F1500 E44.71322
;MESH:NONMESH
G0 F600 X133.681 Y113.472 Z10
G0 F7200 X133.68 Y113.481
G0 X132.49 Y113.336
G0 X127.493 Y112.215
G0 X117.361 Y111.702
G0 X111.511 Y110.791
G0 X110.545 Y110.443
G1 F1500 E51.21322
G0 F7200 X110.542 Y110.347
;TIME_ELAPSED:529.748964
;LAYER:49
;TYPE:WALL-OUTER
;MESH:output_v2\A_fina_suporte.stl
G1 F1800 X110.855 Y110.263 E51.21728
G1 X110.856 Y110.747 E51.22335
G1 X110.838 Y110.754 E51.22359
G1 X110.464 Y110.854 E51.22845
G1 X110.269 Y110.884 E51.23092
G1 X110.124 Y110.895 E51.23274
G1 X109.992 Y110.9 E51.2344
G1 X109.78 Y110.9 E51.23706
G1 X109.78 Y110.4 E51.24333
G1 X110.029 Y110.4 E51.24645
G1 X110.228 Y110.39 E51.24895
G1 X110.358 Y110.376 E51.25059
G1 X110.542 Y110.347 E51.25293
G0 F7200 X110.735 Y110.296
G0 X110.607 Y110.574
;TYPE:SKIN
G1 F1800 X110.265 Y110.633 E51.25434
G1 X109.998 Y110.617 E51.25542
G0 F7200 X110.187 Y110.794
G1 F1500 E44.75542
G0 F7200 X110.188 Y110.789
G0 X110.021 Y113.419
G0 X109.024 Y114.303
G0 X108.741 Y115.436
G0 X109.578 Y116.434
G1 F1500 E51.25542
G0 F7200 X109.61 Y116.34
;TYPE:WALL-OUTER
G1 F1800 X109.906 Y116.396 E51.2592
G1 X110.03 Y116.4 E51.26076
G1 X110.228 Y116.39 E51.26324
G1 X110.358 Y116.376 E51.26488
G1 X110.542 Y116.347 E51.26722
G1 X110.855 Y116.263 E51.27128
G1 X110.856 Y116.747 E51.27735
G1 X110.838 Y116.754 E51.2776
G1 X110.464 Y116.854 E51.28245
G1 X110.269 Y116.884 E51.28492
G1 X110.124 Y116.895 E51.28675
G1 X110 Y116.9 E51.2883
G1 X109.734 Y116.879 E51.29165
G1 X109.332 Y116.766 E51.29689
G1 X108.972 Y116.564 E51.30206
G1 X108.663 Y116.279 E51.30733
G1 X108.591 Y116.187 E51.3088
G1 X108.38 Y115.811 E51.31421
G1 X108.301 Y115.567 E51.31742
G1 X108.251 Y115.14 E51.32281
G1 X108.255 Y115.019 E51.32433
G1 X108.299 Y114.745 E51.32781
G1 X108.444 Y114.352 E51.33307
G1 X108.587 Y114.118 E51.3365
G1 X108.663 Y114.021 E51.33805
G1 X108.976 Y113.732 E51.34339
G1 X109.202 Y113.594 E51.34671
G1 X109.591 Y113.45 E51.35191
G1 X110.02 Y113.4 E51.35733
G1 X110.227 Y113.391 E51.35993
G1 X110.358 Y113.376 E51.36158
G1 X110.542 Y113.347 E51.36392
G1 X110.855 Y113.263 E51.36798
G1 X110.856 Y113.747 E51.37405
G1 X110.838 Y113.754 E51.37429
G1 X110.464 Y113.854 E51.37915
G1 X110.269 Y113.884 E51.38162
G1 X110.144 Y113.895 E51.3832
G1 X110.015 Y113.899 E51.38482
G1 X109.797 Y113.915 E51.38756
G1 X109.427 Y114.035 E51.39243
G1 X109.053 Y114.33 E51.39841
G1 X108.882 Y114.585 E51.40226
G1 X108.762 Y114.958 E51.40717
G1 X108.78 Y115.43 E51.4131
G1 X108.848 Y115.64 E51.41586
G1 X109.107 Y116.026 E51.42169
G1 X109.271 Y116.166 E51.4244
G1 X109.61 Y116.34 E51.42918
G0 F7200 X109.806 Y116.377
G0 X109.717 Y116.556
;TYPE:SKIN
G1 F1800 X109.627 Y116.646 E51.42997
G0 F7200 X109.45 Y116.54
G1 F1800 X109.265 Y116.442 E51.4307
G1 X108.811 Y116.047 E51.43278
G1 X108.538 Y115.472 E51.43497
G1 X108.523 Y114.921 E51.43688
G1 X108.672 Y114.489 E51.43846
G1 X109.323 Y113.838 E51.44164
G1 X110.082 Y113.645 E51.44434
G1 X110.394 Y113.617 E51.44542
G0 F7200 X110.454 Y113.557
G0 X109.409 Y114
G0 X108.723 Y114.953
G0 X109.078 Y116.052
G0 X110.585 Y116.537
G0 X110.529 Y116.593
G1 F1800 X110.2 Y116.639 E51.44704
G1 X109.914 Y116.642 E51.44844
G0 F7200 X109.822 Y116.787
G1 F1500 E44.94844
G0 F7200 X109.822 Y116.786
G0 X110 Y119.42
G1 F1500 E51.44844
G0 F7200 X109.942 Y119.899
;TYPE:WALL-OUTER
G1 F1800 X109.457 Y119.9 E51.45452
G1 X109.456 Y119.4 E51.46079
G1 X110.087 Y119.4 E51.4687
G1 X110.323 Y119.381 E51.47167
G1 X110.541 Y119.347 E51.47444
G1 X110.855 Y119.263 E51.47851
G1 X110.856 Y119.747 E51.48458
G1 X110.838 Y119.754 E51.48483
G1 X110.464 Y119.854 E51.48968
G1 X110.269 Y119.884 E51.49216
G1 X110.123 Y119.895 E51.49399
G1 X110.06 Y119.898 E51.49478
G1 X110.001 Y119.897 E51.49552
G1 X109.942 Y119.899 E51.49626
G0 F7200 X109.742 Y119.899
G0 X109.736 Y119.648
;TYPE:SKIN
G1 F1800 X110.019 Y119.648 E51.49734
G1 X110.642 Y119.59 E51.49973
G0 F7200 X110.483 Y119.762
G1 F1500 E44.99973
G0 F7200 X110.481 Y119.746
G0 X111.72 Y119.458
G0 X116.28 Y119.447
G0 X118.562 Y119.444
G1 F1500 E51.49973
G0 F7200 X118.542 Y119.347
;TYPE:WALL-OUTER
G1 F1800 X118.855 Y119.263 E51.5038
G1 X118.856 Y119.747 E51.50987
G1 X118.838 Y119.754 E51.51011
G1 X118.462 Y119.854 E51.51499
G1 X118.258 Y119.885 E51.51758
G1 X118.188 Y119.892 E51.51846
G1 X117.898 Y119.898 E51.5221
G1 X117.802 Y119.891 E51.5233
G1 X117.691 Y119.879 E51.5247
G1 X117.545 Y119.856 E51.52656
G1 X117.167 Y119.755 E51.53146
G1 X117.145 Y119.746 E51.53176
G1 X117.144 Y119.263 E51.53782
G1 X117.459 Y119.347 E51.53943
G1 X117.688 Y119.382 E51.54234
G1 X117.895 Y119.398 E51.54494
G1 X118.213 Y119.392 E51.54893
G1 X118.357 Y119.376 E51.55075
G1 X118.542 Y119.347 E51.5531
G0 F7200 X118.735 Y119.296
G0 X118.572 Y119.581
;TYPE:SKIN
G1 F1800 X118.232 Y119.637 E51.55448
G1 X117.44 Y119.581 E51.55766
G0 F7200 X117.408 Y119.744
G1 F1500 E45.05766
G0 F7200 X117.415 Y119.719
G0 X117.898 Y116.878
G1 F1500 E51.55766
G0 F7200 X118.542 Y116.347
;TYPE:WALL-OUTER
G1 F1800 X118.855 Y116.263 E51.56173
G1 X118.856 Y116.747 E51.5678
G1 X118.838 Y116.754 E51.56804
G1 X118.462 Y116.854 E51.57292
G1 X118.258 Y116.885 E51.5755
G1 X118.188 Y116.892 E51.57639
G1 X117.898 Y116.898 E51.58002
G1 X117.731 Y116.884 E51.58213
G1 X117.536 Y116.854 E51.5846
G1 X117.167 Y116.755 E51.58939
G1 X117.145 Y116.746 E51.58969
G1 X117.144 Y116.263 E51.59575
G1 X117.459 Y116.347 E51.59736
G1 X117.688 Y116.382 E51.60027
G1 X117.895 Y116.398 E51.60287
G1 X118.213 Y116.392 E51.60686
G1 X118.357 Y116.376 E51.60868
G1 X118.542 Y116.347 E51.61102
G0 F7200 X118.735 Y116.296
G0 X118.43 Y116.611
;TYPE:SKIN
G1 F1800 X118.115 Y116.643 E51.61227
G1 X117.36 Y116.55 E51.61525
G0 F7200 X117.516 Y116.761
G1 F1500 E45.11525
G0 F7200 X117.52 Y116.747
G0 X118.546 Y116.366
G0 X118.256 Y113.866
G1 F1500 E51.61525
G0 F7200 X118.542 Y113.347
;TYPE:WALL-OUTER
G1 F1800 X118.855 Y113.263 E51.61932
G1 X118.856 Y113.747 E51.62539
G1 X118.838 Y113.754 E51.62563
G1 X118.462 Y113.854 E51.63051
G1 X118.258 Y113.885 E51.6331
G1 X118.188 Y113.892 E51.63398
G1 X117.898 Y113.898 E51.63762
G1 X117.802 Y113.891 E51.63882
G1 X117.691 Y113.879 E51.64022
G1 X117.545 Y113.856 E51.64208
G1 X117.167 Y113.755 E51.64698
G1 X117.145 Y113.746 E51.64728
G1 X117.144 Y113.263 E51.65334
G1 X117.459 Y113.347 E51.65495
G1 X117.688 Y113.382 E51.65786
G1 X117.895 Y113.398 E51.66046
G1 X118.213 Y113.392 E51.66445
G1 X118.357 Y113.376 E51.66627
G1 X118.542 Y113.347 E51.66862
G0 F7200 X118.735 Y113.296
G0 X118.629 Y113.584
;TYPE:SKIN
G1 F1800 X118.299 Y113.63 E51.66983
G1 X117.49 Y113.591 E51.67278
G0 F7200 X117.456 Y113.751
G1 F1500 E45.17278
G0 F7200 X117.461 Y113.731
G0 X118.546 Y113.366
G0 X118.256 Y110.866
G1 F1500 E51.67278
G0 F7200 X118.542 Y110.347
;TYPE:WALL-OUTER
G1 F1800 X118.855 Y110.263 E51.67684
G1 X118.856 Y110.747 E51.68291
G1 X118.838 Y110.754 E51.68316
G1 X118.462 Y110.854 E51.68803
G1 X118.258 Y110.885 E51.69062
G1 X118.188 Y110.892 E51.6915
G1 X117.898 Y110.898 E51.69514
G1 X117.802 Y110.891 E51.69635
G1 X117.691 Y110.879 E51.69775
G1 X117.545 Y110.856 E51.6996
G1 X117.167 Y110.755 E51.70451
G1 X117.145 Y110.746 E51.70481
G1 X117.144 Y110.263 E51.71086
G1 X117.459 Y110.347 E51.71248
G1 X117.688 Y110.382 E51.71539
G1 X117.895 Y110.398 E51.71799
G1 X118.213 Y110.392 E51.72198
G1 X118.357 Y110.376 E51.72379
G1 X118.542 Y110.347 E51.72614
G0 F7200 X118.735 Y110.296
G0 X118.503 Y110.598
;TYPE:SKIN
G1 F1800 X118.177 Y110.641 E51.72747
G1 X117.397 Y110.572 E51.73062
G0 F7200 X117.332 Y110.726
G1 F1500 E45.23062
G0 F7200 X117.339 Y110.699
G0 X118.855 Y110.459
G0 X124.28 Y110.447
G0 X126.562 Y110.444
G1 F1500 E51.73062
G0 F7200 X126.542 Y110.347
;TYPE:WALL-OUTER
G1 F1800 X126.855 Y110.263 E51.73469
G1 X126.856 Y110.747 E51.74075
G1 X126.838 Y110.754 E51.741
G1 X126.462 Y110.854 E51.74588
G1 X126.258 Y110.885 E51.74846
G1 X126.09 Y110.898 E51.75058
G1 X125.813 Y110.892 E51.75405
G1 X125.69 Y110.879 E51.7556
G1 X125.545 Y110.856 E51.75744
G1 X125.167 Y110.755 E51.76235
G1 X125.145 Y110.746 E51.76265
G1 X125.144 Y110.263 E51.7687
G1 X125.459 Y110.347 E51.77032
G1 X125.687 Y110.381 E51.77321
G1 X125.788 Y110.392 E51.77449
G1 X126.117 Y110.398 E51.77861
G1 X126.23 Y110.39 E51.78003
G1 X126.358 Y110.376 E51.78165
G1 X126.542 Y110.347 E51.78398
G0 F7200 X126.735 Y110.296
G0 X126.406 Y110.614
;TYPE:SKIN
G1 F1800 X126.092 Y110.646 E51.78541
G1 X125.565 Y110.607 E51.7878
G0 F7200 X125.53 Y110.762
G1 F1500 E45.2878
G0 F7200 X125.533 Y110.75
G0 X126.843 Y113.278
G1 F1500 E51.7878
G0 F7200 X126.542 Y113.347
;TYPE:WALL-OUTER
G1 F1800 X126.855 Y113.263 E51.79187
G1 X126.856 Y113.747 E51.79794
G1 X126.838 Y113.754 E51.79818
G1 X126.462 Y113.854 E51.80306
G1 X126.258 Y113.885 E51.80564
G1 X126.09 Y113.898 E51.80776
G1 X125.813 Y113.892 E51.81123
G1 X125.69 Y113.879 E51.81278
G1 X125.545 Y113.856 E51.81462
G1 X125.167 Y113.755 E51.81953
G1 X125.145 Y113.746 E51.81983
G1 X125.144 Y113.263 E51.82589
G1 X125.459 Y113.347 E51.8275
G1 X125.687 Y113.381 E51.83039
G1 X125.788 Y113.392 E51.83167
G1 X126.117 Y113.398 E51.83579
G1 X126.23 Y113.39 E51.83721
G1 X126.358 Y113.376 E51.83883
G1 X126.542 Y113.347 E51.84116
G0 F7200 X126.735 Y113.296
G0 X126.544 Y113.588
;TYPE:SKIN
G1 F1800 X126.21 Y113.639 E51.84252
G1 X125.423 Y113.577 E51.84568
G0 F7200 X125.378 Y113.738
G1 F1500 E45.34568
G0 F7200 X125.385 Y113.711
G0 X126.843 Y116.278
G1 F1500 E51.84568
G0 F7200 X126.542 Y116.347
;TYPE:WALL-OUTER
G1 F1800 X126.855 Y116.263 E51.84975
G1 X126.856 Y116.747 E51.85582
G1 X126.838 Y116.754 E51.85606
G1 X126.462 Y116.854 E51.86094
G1 X126.258 Y116.885 E51.86353
G1 X126.09 Y116.898 E51.86564
G1 X125.803 Y116.891 E51.86924
G1 X125.691 Y116.879 E51.87065
G1 X125.545 Y116.856 E51.87251
G1 X125.167 Y116.755 E51.87741
G1 X125.145 Y116.746 E51.87771
G1 X125.144 Y116.263 E51.88377
G1 X125.459 Y116.347 E51.88538
G1 X125.687 Y116.381 E51.88827
G1 X125.788 Y116.392 E51.88955
G1 X126.117 Y116.398 E51.89367
G1 X126.23 Y116.39 E51.8951
G1 X126.358 Y116.376 E51.89671
G1 X126.542 Y116.347 E51.89905
G0 F7200 X126.735 Y116.296
G0 X126.335 Y116.625
;TYPE:SKIN
G1 F1800 X126.032 Y116.646 E51.90041
G1 X125.516 Y116.596 E51.90274
G0 F7200 X125.481 Y116.755
G1 F1500 E45.40274
G0 F7200 X125.486 Y116.738
G0 X126.843 Y119.278
G1 F1500 E51.90274
G0 F7200 X126.542 Y119.347
;TYPE:WALL-OUTER
G1 F1800 X126.855 Y119.263 E51.90681
G1 X126.856 Y119.747 E51.91288
G1 X126.838 Y119.754 E51.91312
G1 X126.462 Y119.854 E51.918
G1 X126.258 Y119.885 E51.92059
G1 X126.09 Y119.898 E51.9227
G1 X125.813 Y119.892 E51.92617
G1 X125.69 Y119.879 E51.92772
G1 X125.545 Y119.856 E51.92957
G1 X125.167 Y119.755 E51.93447
G1 X125.145 Y119.746 E51.93477
G1 X125.144 Y119.263 E51.94083
G1 X125.459 Y119.347 E51.94244
G1 X125.687 Y119.381 E51.94533
G1 X125.788 Y119.392 E51.94661
G1 X126.117 Y119.398 E51.95073
G1 X126.23 Y119.39 E51.95216
G1 X126.358 Y119.376 E51.95377
G1 X126.542 Y119.347 E51.95611
G0 F7200 X126.735 Y119.296
G0 X126.467 Y119.605
;TYPE:SKIN
G1 F1800 X126.145 Y119.644 E51.95744
G1 X125.373 Y119.567 E51.96063
G0 F7200 X125.309 Y119.72
G1 F1500 E45.46063
G0 F7200 X125.316 Y119.693
G0 X126.843 Y119.278
G0 X132.28 Y116.738
G0 X134.62 Y116.947
G1 F1500 E51.96063
G0 F7200 X134.573 Y117.035
;TYPE:WALL-OUTER
G1 F1800 X134.201 Y116.915 E51.96553
G1 X133.862 Y116.895 E51.96979
G1 X133.731 Y116.884 E51.97144
G1 X133.536 Y116.854 E51.97391
G1 X133.167 Y116.755 E51.9787
G1 X133.145 Y116.746 E51.979
G1 X133.144 Y116.263 E51.98506
G1 X133.459 Y116.347 E51.98667
G1 X133.688 Y116.382 E51.98958
G1 X133.799 Y116.392 E51.99098
G1 X133.991 Y116.4 E51.99339
G1 X134.266 Y116.421 E51.99684
G1 X134.675 Y116.536 E52.00217
G1 X134.919 Y116.661 E52.00561
G1 X135.019 Y116.727 E52.00711
G1 X135.337 Y117.021 E52.01254
G1 X135.409 Y117.113 E52.01401
G1 X135.616 Y117.482 E52.01932
G1 X135.727 Y117.878 E52.02447
G1 X135.743 Y118.293 E52.02968
G1 X135.729 Y118.416 E52.03123
G1 X135.616 Y118.818 E52.03647
G1 X135.409 Y119.187 E52.04178
G1 X135.337 Y119.279 E52.04324
G1 X135.019 Y119.573 E52.04867
G1 X134.925 Y119.636 E52.05009
G1 X134.532 Y119.817 E52.05552
G1 X134.417 Y119.849 E52.05701
G1 X133.983 Y119.9 E52.06249
G1 X133.866 Y119.9 E52.06396
G1 X133.693 Y119.88 E52.06614
G1 X133.545 Y119.856 E52.06802
G1 X133.167 Y119.755 E52.07293
G1 X133.145 Y119.746 E52.07323
G1 X133.144 Y119.263 E52.07929
G1 X133.459 Y119.347 E52.0809
G1 X133.687 Y119.381 E52.08379
G1 X133.786 Y119.392 E52.08504
G1 X134.006 Y119.4 E52.0878
G1 X134.11 Y119.396 E52.08911
G1 X134.467 Y119.31 E52.09371
G1 X134.582 Y119.258 E52.0953
G1 X134.944 Y118.972 E52.10108
G1 X135.068 Y118.801 E52.10373
G1 X135.191 Y118.536 E52.10739
G1 X135.249 Y118.24 E52.11118
G1 X135.193 Y117.767 E52.11715
G1 X135.018 Y117.425 E52.12197
G1 X134.941 Y117.326 E52.12354
G1 X134.573 Y117.035 E52.12942
G0 F7200 X134.383 Y116.974
G0 X134.436 Y116.727
;TYPE:SKIN
G1 F1800 X134.645 Y116.8 E52.13025
G1 X135.246 Y117.331 E52.13325
G1 X135.473 Y117.953 E52.13573
G1 X135.434 Y118.557 E52.13799
G1 X135.048 Y119.226 E52.14088
G1 X134.408 Y119.583 E52.14362
G1 X133.787 Y119.638 E52.14595
G1 X133.541 Y119.601 E52.14688
G0 F7200 X133.501 Y119.642
G0 X134.602 Y119.292
G0 X135.288 Y118.241
G0 X134.663 Y117.057
G0 X133.949 Y116.649
G1 F1800 X134.211 Y116.669 E52.14776
G1 X133.448 Y116.583 E52.1503
G0 F7200 X133.417 Y116.745
G1 F1500 E45.6503
G0 F7200 X133.423 Y116.721
G0 X133.867 Y113.881
G0 X134.972 Y112.999
G0 X135.102 Y111.479
G1 F1500 E52.1503
G0 F7200 X134.573 Y111.035
;TYPE:WALL-OUTER
G1 F1800 X134.201 Y110.915 E52.15521
G1 X133.844 Y110.894 E52.15969
G1 X133.688 Y110.879 E52.16166
G1 X133.545 Y110.856 E52.16347
G1 X133.167 Y110.755 E52.16838
G1 X133.145 Y110.746 E52.16868
G1 X133.144 Y110.263 E52.17473
G1 X133.459 Y110.347 E52.17635
G1 X133.688 Y110.382 E52.17925
G1 X133.799 Y110.392 E52.18065
G1 X133.991 Y110.4 E52.18306
G1 X134.269 Y110.421 E52.18656
G1 X134.537 Y110.485 E52.19001
G1 X134.917 Y110.661 E52.19526
G1 X135.133 Y110.818 E52.19861
G1 X135.414 Y111.122 E52.20381
G1 X135.616 Y111.482 E52.20898
G1 X135.727 Y111.878 E52.21414
G1 X135.743 Y112.293 E52.21935
G1 X135.729 Y112.416 E52.2209
G1 X135.616 Y112.818 E52.22614
G1 X135.409 Y113.187 E52.23144
G1 X135.337 Y113.279 E52.23291
G1 X135.019 Y113.573 E52.23834
G1 X134.925 Y113.636 E52.23976
G1 X134.537 Y113.815 E52.24512
G1 X134.269 Y113.879 E52.24857
G1 X133.995 Y113.9 E52.25202
G1 X133.866 Y113.9 E52.25363
G1 X133.693 Y113.88 E52.25582
G1 X133.545 Y113.856 E52.2577
G1 X133.167 Y113.755 E52.26261
G1 X133.145 Y113.746 E52.2629
G1 X133.144 Y113.263 E52.26896
G1 X133.459 Y113.347 E52.27058
G1 X133.687 Y113.381 E52.27347
G1 X133.786 Y113.392 E52.27472
G1 X134.006 Y113.4 E52.27748
G1 X134.106 Y113.396 E52.27873
G1 X134.382 Y113.341 E52.28226
G1 X134.579 Y113.26 E52.28493
G1 X134.944 Y112.972 E52.29076
G1 X135.068 Y112.801 E52.29341
G1 X135.194 Y112.529 E52.29717
G1 X135.249 Y112.06 E52.30309
G1 X135.191 Y111.764 E52.30688
G1 X135.068 Y111.499 E52.31054
G1 X134.944 Y111.328 E52.31319
G1 X134.573 Y111.035 E52.31912
G0 F7200 X134.383 Y110.974
G0 X134.483 Y110.74
;TYPE:SKIN
G1 F1800 X134.686 Y110.82 E52.31977
G1 X135.272 Y111.366 E52.32216
G1 X135.488 Y111.998 E52.32416
G1 X135.395 Y112.657 E52.32615
G1 X135.179 Y113.156 E52.32777
G1 X134.496 Y113.556 E52.33014
G1 X133.843 Y113.643 E52.33211
G1 X133.364 Y113.556 E52.33356
G0 F7200 X133.339 Y113.582
G0 X134.599 Y113.294
G0 X135.288 Y112.059
G0 X134.665 Y111.058
G0 X133.693 Y110.682
G0 X133.74 Y110.634
G1 F1800 X134.005 Y110.652 E52.33471
G1 X133.499 Y110.593 E52.3369
G0 F7200 X133.465 Y110.753
G1 F1500 E45.8369
;MESH:NONMESH
G0 F600 X133.465 Y110.753 Z10.2
G0 F7200 X133.47 Y110.734
G0 X132.28 Y110.296
G0 X126.367 Y111.743
G0 X117.581 Y111.737
G0 X111.72 Y110.277
G1 F1500 E52.3369
G0 F7200 X110.962 Y110.234
;TIME_ELAPSED:542.613079
;LAYER:50
;TYPE:WALL-OUTER
;MESH:output_v2\A_fina_suporte.stl
G1 F1800 X111.065 Y110.195 E52.33828
G1 X111.066 Y110.665 E52.34418
G1 X110.834 Y110.755 E52.3473
G1 X110.618 Y110.813 E52.3501
G1 X110.617 Y110.327 E52.3562
G1 X110.962 Y110.234 E52.36068
G0 F7200 X111.065 Y110.195
G0 X111.065 Y110.285
G0 X110.776 Y110.699
G1 F1500 E45.86068
G0 F7200 X110.768 Y110.669
G0 X111.054 Y113.211
G1 F1500 E52.36068
G0 F7200 X110.962 Y113.234
G1 F1800 X111.065 Y113.195 E52.36206
G1 X111.066 Y113.665 E52.36795
G1 X110.834 Y113.755 E52.37107
G1 X110.618 Y113.813 E52.37388
G1 X110.617 Y113.327 E52.37997
G1 X110.962 Y113.234 E52.38445
G0 F7200 X111.065 Y113.195
G0 X111.065 Y113.285
G0 X110.776 Y113.699
G1 F1500 E45.88445
G0 F7200 X110.768 Y113.669
G0 X111.054 Y116.211
G1 F1500 E52.38445
G0 F7200 X110.962 Y116.234
G1 F1800 X111.065 Y116.195 E52.38584
G1 X111.066 Y116.665 E52.39173
G1 X110.834 Y116.755 E52.39485
G1 X110.618 Y116.813 E52.39765
G1 X110.618 Y116.326 E52.40376
G1 X110.962 Y116.234 E52.40823
G0 F7200 X111.065 Y116.195
G0 X111.065 Y116.285
G0 X110.871 Y116.528
;TYPE:SKIN
G1 F1800 X110.816 Y116.473 E52.40872
G0 F7200 X110.748 Y116.358
G1 F1500 E45.90872
G0 F7200 X110.755 Y116.392
G0 X111.054 Y119.211
G1 F1500 E52.40872
G0 F7200 X110.962 Y119.234
;TYPE:WALL-OUTER
G1 F1800 X111.065 Y119.195 E52.4101
G1 X111.066 Y119.665 E52.41599
G1 X110.834 Y119.755 E52.41911
G1 X110.618 Y119.813 E52.42192
G1 X110.617 Y119.327 E52.42801
G1 X110.962 Y119.234 E52.43249
G0 F7200 X111.065 Y119.195
G0 X111.065 Y119.285
G0 X110.776 Y119.699
G0 X109.842 Y119.899
G1 F1800 X109.385 Y119.9 E52.43822
G1 X109.384 Y119.4 E52.44449
G1 X109.841 Y119.4 E52.45022
G1 X109.842 Y119.899 E52.45648
G0 F7200 X109.642 Y119.899
G0 X109.643 Y119.8
G1 F1500 E45.95648
G0 F7200 X109.644 Y119.799
G0 X110.136 Y118.536
G0 X111.911 Y117.963
G0 X116.07 Y119.4
G1 F1500 E52.45648
G0 F7200 X117.038 Y119.235
G1 F1800 X117.382 Y119.325 E52.46094
G1 X117.383 Y119.813 E52.46706
G1 X117.166 Y119.755 E52.46988
G1 X116.935 Y119.666 E52.47298
G1 X116.934 Y119.195 E52.47889
G1 X117.038 Y119.235 E52.48028
G0 F7200 X117.231 Y119.285
G0 X117.25 Y119.358
G1 F1500 E45.98028
G0 F7200 X117.24 Y119.39
G0 X118.638 Y119.331
G1 F1500 E52.48028
G0 F7200 X118.962 Y119.234
G1 F1800 X119.065 Y119.195 E52.48167
G1 X119.066 Y119.665 E52.48756
G1 X118.834 Y119.755 E52.49068
G1 X118.618 Y119.813 E52.49349
G1 X118.618 Y119.326 E52.49959
G1 X118.962 Y119.234 E52.50406
G0 F7200 X119.065 Y119.195
G0 X119.065 Y119.285
G0 X118.775 Y119.698
G1 F1500 E46.00406
G0 F7200 X118.768 Y119.669
G0 X118.63 Y116.798
G1 F1500 E52.50406
G0 F7200 X118.962 Y116.234
G1 F1800 X119.065 Y116.195 E52.50544
G1 X119.066 Y116.665 E52.51133
G1 X118.834 Y116.755 E52.51445
G1 X118.618 Y116.813 E52.51726
G1 X118.618 Y116.326 E52.52337
G1 X118.962 Y116.234 E52.52783
G0 F7200 X119.065 Y116.195
G0 X119.065 Y116.285
G0 X118.775 Y116.698
G1 F1500 E46.02783
G0 F7200 X118.768 Y116.669
G0 X117.362 Y116.331
G1 F1500 E52.52783
G0 F7200 X117.038 Y116.235
G1 F1800 X117.382 Y116.325 E52.53229
G1 X117.382 Y116.813 E52.53841
G1 X117.166 Y116.755 E52.54121
G1 X116.935 Y116.666 E52.54432
G1 X116.934 Y116.195 E52.55023
G1 X117.038 Y116.235 E52.55162
G0 F7200 X117.231 Y116.285
G0 X117.25 Y116.358
G1 F1500 E46.05162
G0 F7200 X117.24 Y116.39
G0 X117.371 Y113.798
G1 F1500 E52.55162
G0 F7200 X117.038 Y113.235
G1 F1800 X117.382 Y113.325 E52.55608
G1 X117.383 Y113.813 E52.5622
G1 X117.166 Y113.755 E52.56502
G1 X116.935 Y113.666 E52.56812
G1 X116.934 Y113.195 E52.57403
G1 X117.038 Y113.235 E52.57543
G0 F7200 X117.231 Y113.285
G0 X117.139 Y113.462
;TYPE:SKIN
G1 F1800 X117.186 Y113.509 E52.57584
G0 F7200 X117.335 Y113.509
G1 F1500 E46.07584
G0 F7200 X117.282 Y113.508
G0 X118.638 Y113.331
G1 F1500 E52.57584
G0 F7200 X118.962 Y113.234
;TYPE:WALL-OUTER
G1 F1800 X119.065 Y113.195 E52.57722
G1 X119.066 Y113.665 E52.58312
G1 X118.834 Y113.755 E52.58624
G1 X118.618 Y113.813 E52.58904
G1 X118.618 Y113.326 E52.59515
G1 X118.962 Y113.234 E52.59962
G0 F7200 X119.065 Y113.195
G0 X119.065 Y113.285
G0 X118.775 Y113.698
G1 F1500 E46.09962
G0 F7200 X118.768 Y113.669
G0 X118.63 Y110.798
G1 F1500 E52.59962
G0 F7200 X118.962 Y110.234
G1 F1800 X119.065 Y110.195 E52.601
G1 X119.066 Y110.665 E52.60689
G1 X118.834 Y110.755 E52.61001
G1 X118.618 Y110.813 E52.61282
G1 X118.618 Y110.326 E52.61892
G1 X118.962 Y110.234 E52.62339
G0 F7200 X119.065 Y110.195
G0 X119.065 Y110.285
G0 X118.775 Y110.698
G1 F1500 E46.12339
G0 F7200 X118.768 Y110.669
G0 X117.382 Y110.333
G1 F1500 E52.62339
G0 F7200 X117.038 Y110.235
G1 F1800 X117.382 Y110.325 E52.62785
G1 X117.383 Y110.813 E52.63397
G1 X117.166 Y110.755 E52.63678
G1 X116.935 Y110.666 E52.63989
G1 X116.934 Y110.195 E52.6458
G1 X117.038 Y110.235 E52.64719
G0 F7200 X117.231 Y110.285
G0 X117.25 Y110.358
G1 F1500 E46.14719
G0 F7200 X117.24 Y110.39
G0 X119.911 Y108.963
G0 X124.07 Y110.331
G1 F1500 E52.64719
G0 F7200 X125.038 Y110.235
G1 F1800 X125.382 Y110.325 E52.65165
G1 X125.382 Y110.813 E52.65777
G1 X125.166 Y110.755 E52.66058
G1 X124.935 Y110.666 E52.66368
G1 X124.934 Y110.195 E52.66959
G1 X125.038 Y110.235 E52.67098
G0 F7200 X125.231 Y110.285
G0 X125.25 Y110.358
G1 F1500 E46.17098
G0 F7200 X125.24 Y110.39
G0 X126.632 Y110.339
G1 F1500 E52.67098
G0 F7200 X126.962 Y110.234
G1 F1800 X127.065 Y110.195 E52.67237
G1 X127.066 Y110.665 E52.67826
G1 X126.834 Y110.755 E52.68138
G1 X126.618 Y110.813 E52.68419
G1 X126.617 Y110.327 E52.69028
G1 X126.962 Y110.234 E52.69476
G0 F7200 X127.065 Y110.195
G0 X127.065 Y110.285
G0 X126.776 Y110.699
G1 F1500 E46.19476
G0 F7200 X126.768 Y110.669
G0 X127.054 Y113.211
G1 F1500 E52.69476
G0 F7200 X126.962 Y113.234
G1 F1800 X127.065 Y113.195 E52.69614
G1 X127.066 Y113.665 E52.70204
G1 X126.834 Y113.755 E52.70516
G1 X126.618 Y113.813 E52.70796
G1 X126.617 Y113.327 E52.71406
G1 X126.962 Y113.234 E52.71854
G0 F7200 X127.065 Y113.195
G0 X127.065 Y113.285
G0 X126.776 Y113.699
G1 F1500 E46.21854
G0 F7200 X126.768 Y113.669
G0 X125.362 Y113.339
G1 F1500 E52.71854
G0 F7200 X125.038 Y113.235
G1 F1800 X125.382 Y113.325 E52.723
G1 X125.382 Y113.813 E52.72912
G1 X125.166 Y113.755 E52.73192
G1 X124.935 Y113.666 E52.73502
G1 X124.934 Y113.195 E52.74093
G1 X125.038 Y113.235 E52.74233
G0 F7200 X125.231 Y113.285
G0 X125.25 Y113.358
G1 F1500 E46.24233
G0 F7200 X125.24 Y113.39
G0 X124.945 Y116.211
G1 F1500 E52.74233
G0 F7200 X125.038 Y116.235
G1 F1800 X125.382 Y116.325 E52.74679
G1 X125.382 Y116.813 E52.75291
G1 X125.166 Y116.755 E52.75571
G1 X124.935 Y116.666 E52.75882
G1 X124.934 Y116.195 E52.76472
G1 X125.038 Y116.235 E52.76612
G0 F7200 X125.231 Y116.285
G0 X125.25 Y116.358
G0 X125.24 Y116.39
G0 X126.638 Y116.328
G0 X126.962 Y116.234
G1 F1800 X127.065 Y116.195 E52.7675
G1 X127.066 Y116.665 E52.7734
G1 X126.834 Y116.755 E52.77652
G1 X126.618 Y116.813 E52.77932
G1 X126.618 Y116.326 E52.78543
G1 X126.962 Y116.234 E52.78989
G0 F7200 X127.065 Y116.195
G0 X127.065 Y116.285
G0 X126.775 Y116.698
G0 X126.768 Y116.669
G0 X127.054 Y119.211
G0 X126.962 Y119.234
G1 F1800 X127.065 Y119.195 E52.79127
G1 X127.066 Y119.665 E52.79717
G1 X126.834 Y119.755 E52.80029
G1 X126.618 Y119.813 E52.80309
G1 X126.617 Y119.327 E52.80919
G1 X126.962 Y119.234 E52.81367
G0 F7200 X127.065 Y119.195
G0 X127.065 Y119.285
G0 X126.87 Y119.516
;TYPE:SKIN
G1 F1800 X126.827 Y119.473 E52.81405
G0 F7200 X126.758 Y119.354
G0 X126.767 Y119.39
G0 X125.362 Y119.339
G0 X125.038 Y119.235
;TYPE:WALL-OUTER
G1 F1800 X125.382 Y119.325 E52.81851
G1 X125.382 Y119.813 E52.82463
G1 X125.166 Y119.755 E52.82743
G1 X124.935 Y119.666 E52.83054
G1 X124.934 Y119.195 E52.83644
G1 X125.038 Y119.235 E52.83784
G0 F7200 X125.231 Y119.285
G0 X125.129 Y119.472
;TYPE:SKIN
G1 F1800 X125.186 Y119.529 E52.83835
G0 F7200 X125.335 Y119.53
G0 X125.282 Y119.53
G0 X125.645 Y118.501
G0 X127.911 Y117.963
G0 X132.07 Y119.316
G0 X133.038 Y119.235
;TYPE:WALL-OUTER
G1 F1800 X133.382 Y119.325 E52.84281
G1 X133.383 Y119.813 E52.84893
G1 X133.166 Y119.755 E52.85174
G1 X132.935 Y119.666 E52.85485
G1 X132.934 Y119.195 E52.86075
G1 X133.038 Y119.235 E52.86215
G0 F7200 X133.231 Y119.285
G0 X133.25 Y119.358
G0 X133.24 Y119.39
G0 X133.37 Y116.798
G0 X133.038 Y116.235
G1 F1800 X133.382 Y116.325 E52.86661
G1 X133.382 Y116.813 E52.87273
G1 X133.166 Y116.755 E52.87553
G1 X132.935 Y116.666 E52.87864
G1 X132.934 Y116.195 E52.88455
G1 X133.038 Y116.235 E52.88594
G0 F7200 X133.231 Y116.285
G0 X133.154 Y116.466
;TYPE:SKIN
G1 F1800 X133.186 Y116.498 E52.88623
G0 F7200 X133.335 Y116.499
G1 F1500 E46.38623
G0 F7200 X133.282 Y116.499
G0 X133.371 Y113.798
G1 F1500 E52.88623
G0 F7200 X133.038 Y113.235
;TYPE:WALL-OUTER
G1 F1800 X133.382 Y113.325 E52.89069
G1 X133.383 Y113.813 E52.89681
G1 X133.166 Y113.755 E52.89962
G1 X132.935 Y113.666 E52.90273
G1 X132.934 Y113.195 E52.90863
G1 X133.038 Y113.235 E52.91003
G0 F7200 X133.231 Y113.285
G0 X133.25 Y113.358
G0 X133.24 Y113.39
G0 X133.371 Y110.798
G0 X133.038 Y110.235
G1 F1800 X133.382 Y110.325 E52.91449
G1 X133.383 Y110.813 E52.92061
G1 X133.166 Y110.755 E52.92343
G1 X132.935 Y110.666 E52.92653
G1 X132.934 Y110.195 E52.93244
G1 X133.038 Y110.235 E52.93383
G0 F7200 X133.231 Y110.285
G0 X133.129 Y110.501
;TYPE:SKIN
G1 F1800 X133.178 Y110.551 E52.93427
G0 F7200 X133.168 Y110.682
;MESH:NONMESH
G0 F600 X133.168 Y110.682 Z10.4
G0 F7200 X133.181 Y110.654
G0 X132.07 Y110.283
G0 X126.233 Y111.816
G0 X117.767 Y111.816
G0 X111.93 Y110.327
G0 X110.962 Y110.235
;TIME_ELAPSED:555.753829
;LAYER:51
;TYPE:WALL-OUTER
;MESH:output_v2\A_fina_suporte.stl
G1 F1800 X111.275 Y110.114 E52.93848
G1 X111.275 Y110.58 E52.94433
G1 X111.225 Y110.604 E52.94502
G1 X110.836 Y110.754 E52.95025
G1 X110.836 Y110.268 E52.95634
G1 X110.962 Y110.235 E52.95798
G0 F7200 X111.148 Y110.163
G0 X110.875 Y110.537
G0 X110.936 Y110.537
G0 X111.264 Y113.13
G0 X110.962 Y113.235
G1 F1800 X111.275 Y113.114 E52.96219
G1 X111.275 Y113.58 E52.96803
G1 X111.225 Y113.604 E52.96872
G1 X110.836 Y113.754 E52.97395
G1 X110.836 Y113.268 E52.98005
G1 X110.962 Y113.235 E52.98168
G0 F7200 X111.148 Y113.163
G0 X110.875 Y113.537
G0 X110.936 Y113.537
G0 X111.264 Y116.13
G0 X110.962 Y116.235
G1 F1800 X111.275 Y116.114 E52.98589
G1 X111.276 Y116.579 E52.99172
G1 X111.22 Y116.606 E52.9925
G1 X110.836 Y116.754 E52.99766
G1 X110.836 Y116.268 E53.00376
G1 X110.962 Y116.235 E53.00539
G0 F7200 X111.148 Y116.163
G0 X110.875 Y116.537
G0 X110.936 Y116.537
G0 X111.264 Y119.13
G0 X110.962 Y119.235
G1 F1800 X111.275 Y119.114 E53.0096
G1 X111.276 Y119.579 E53.01543
G1 X111.22 Y119.606 E53.01621
G1 X110.836 Y119.754 E53.02137
G1 X110.836 Y119.268 E53.02746
G1 X110.962 Y119.235 E53.0291
G0 F7200 X111.148 Y119.163
G0 X110.875 Y119.537
G0 X110.936 Y119.537
G0 X109.741 Y119.738
G0 X109.761 Y119.9
G1 F1800 X109.328 Y119.9 E53.03453
G1 X109.327 Y119.4 E53.0408
G1 X109.761 Y119.4 E53.04624
G1 X109.761 Y119.9 E53.05251
G0 F7200 X109.561 Y119.9
G0 X109.561 Y119.8
G1 F1500 E46.55251
G0 F7200 X110.225 Y118.536
G0 X112.12 Y117.774
G0 X115.86 Y119.401
G0 X117.008 Y119.33
G1 F1500 E53.05251
G0 F7200 X117.038 Y119.235
G1 F1800 X117.164 Y119.268 E53.05414
G1 X117.164 Y119.754 E53.06024
G1 X116.775 Y119.604 E53.06306
G1 X116.725 Y119.58 E53.06376
G1 X116.724 Y119.114 E53.0696
G1 X117.038 Y119.235 E53.07127
G0 F7200 X117.164 Y119.268
G0 X117.164 Y119.338
G0 X117.125 Y119.339
G1 F1500 E46.57127
G0 F7200 X117.062 Y119.344
G0 X118.856 Y119.33
G1 F1500 E53.07127
G0 F7200 X118.962 Y119.235
G1 F1800 X119.275 Y119.114 E53.07548
G1 X119.276 Y119.579 E53.08131
G1 X119.22 Y119.606 E53.08209
G1 X118.836 Y119.754 E53.08725
G1 X118.836 Y119.268 E53.09335
G1 X118.962 Y119.235 E53.09498
G0 F7200 X119.148 Y119.163
G0 X118.875 Y119.537
G1 F1500 E46.59498
G0 F7200 X118.936 Y119.537
G0 X118.847 Y116.738
G1 F1500 E53.09498
G0 F7200 X118.962 Y116.235
G1 F1800 X119.275 Y116.114 E53.09919
G1 X119.276 Y116.579 E53.10502
G1 X119.22 Y116.606 E53.1058
G1 X118.836 Y116.754 E53.11096
G1 X118.836 Y116.268 E53.11706
G1 X118.962 Y116.235 E53.11869
G0 F7200 X119.148 Y116.163
G0 X118.875 Y116.537
G1 F1500 E46.61869
G0 F7200 X118.936 Y116.537
G0 X117.144 Y116.33
G1 F1500 E53.11869
G0 F7200 X117.038 Y116.235
G1 F1800 X117.164 Y116.268 E53.12032
G1 X117.164 Y116.754 E53.12642
G1 X116.775 Y116.604 E53.12924
G1 X116.725 Y116.58 E53.12994
G1 X116.724 Y116.114 E53.13578
G1 X117.038 Y116.235 E53.13745
G0 F7200 X117.164 Y116.268
G0 X117.164 Y116.338
G0 X117.125 Y116.339
G1 F1500 E46.63745
G0 F7200 X117.062 Y116.344
G0 X117.153 Y113.738
G1 F1500 E53.13745
G0 F7200 X117.038 Y113.235
G1 F1800 X117.164 Y113.268 E53.13909
G1 X117.164 Y113.754 E53.14518
G1 X116.775 Y113.604 E53.14801
G1 X116.725 Y113.58 E53.1487
G1 X116.724 Y113.114 E53.15455
G1 X117.038 Y113.235 E53.15622
G0 F7200 X117.164 Y113.268
G0 X117.164 Y113.338
G0 X117.125 Y113.339
G1 F1500 E46.65622
G0 F7200 X117.062 Y113.344
G0 X118.856 Y113.33
G1 F1500 E53.15622
G0 F7200 X118.962 Y113.235
G1 F1800 X119.275 Y113.114 E53.16043
G1 X119.275 Y113.58 E53.16627
G1 X119.225 Y113.604 E53.16697
G1 X118.836 Y113.754 E53.1722
G1 X118.836 Y113.268 E53.17829
G1 X118.962 Y113.235 E53.17992
G0 F7200 X119.148 Y113.163
G0 X119.079 Y113.417
;TYPE:SKIN
G1 F1800 X119.03 Y113.466 E53.18036
G0 F7200 X118.875 Y113.466
G1 F1500 E46.68036
G0 F7200 X118.936 Y113.466
G0 X118.847 Y110.738
G1 F1500 E53.18036
G0 F7200 X118.962 Y110.235
;TYPE:WALL-OUTER
G1 F1800 X119.275 Y110.114 E53.18457
G1 X119.275 Y110.58 E53.19041
G1 X119.225 Y110.604 E53.19111
G1 X118.836 Y110.754 E53.19633
G1 X118.836 Y110.268 E53.20243
G1 X118.962 Y110.235 E53.20406
G0 F7200 X119.148 Y110.163
G0 X118.875 Y110.537
G1 F1500 E46.70406
G0 F7200 X118.936 Y110.537
G0 X117.144 Y110.33
G1 F1500 E53.20406
G0 F7200 X117.038 Y110.235
G1 F1800 X117.164 Y110.268 E53.20569
G1 X117.164 Y110.754 E53.21179
G1 X116.775 Y110.604 E53.21461
G1 X116.725 Y110.58 E53.21531
G1 X116.724 Y110.114 E53.22115
G1 X117.038 Y110.235 E53.22283
G0 F7200 X117.164 Y110.268
G0 X117.164 Y110.338
G0 X117.125 Y110.339
G1 F1500 E46.72283
G0 F7200 X117.062 Y110.344
G0 X123.86 Y110.315
G0 X125.008 Y110.33
G1 F1500 E53.22283
G0 F7200 X125.038 Y110.235
G1 F1800 X125.164 Y110.268 E53.22446
G1 X125.164 Y110.754 E53.23055
G1 X124.775 Y110.604 E53.23338
G1 X124.725 Y110.58 E53.23407
G1 X124.724 Y110.114 E53.23992
G1 X125.038 Y110.235 E53.24159
G0 F7200 X125.164 Y110.268
G0 X125.164 Y110.338
G0 X125.125 Y110.339
G1 F1500 E46.74159
G0 F7200 X125.062 Y110.344
G0 X126.856 Y110.33
G1 F1500 E53.24159
G0 F7200 X126.962 Y110.235
G1 F1800 X127.275 Y110.114 E53.2458
G1 X127.275 Y110.58 E53.25164
G1 X127.225 Y110.604 E53.25234
G1 X126.836 Y110.754 E53.25757
G1 X126.836 Y110.268 E53.26366
G1 X126.962 Y110.235 E53.26529
G0 F7200 X127.148 Y110.163
G0 X126.875 Y110.537
G1 F1500 E46.76529
G0 F7200 X126.936 Y110.537
G0 X127.264 Y113.13
G1 F1500 E53.26529
G0 F7200 X126.962 Y113.235
G1 F1800 X127.275 Y113.114 E53.2695
G1 X127.275 Y113.58 E53.27535
G1 X127.225 Y113.604 E53.27604
G1 X126.836 Y113.754 E53.28127
G1 X126.836 Y113.268 E53.28736
G1 X126.962 Y113.235 E53.289
G0 F7200 X127.148 Y113.163
G0 X126.875 Y113.537
G1 F1500 E46.789
G0 F7200 X126.936 Y113.537
G0 X125.144 Y113.33
G1 F1500 E53.289
G0 F7200 X125.038 Y113.235
G1 F1800 X125.164 Y113.268 E53.29063
G1 X125.164 Y113.754 E53.29673
G1 X124.775 Y113.604 E53.29955
G1 X124.725 Y113.58 E53.30024
G1 X124.724 Y113.114 E53.30609
G1 X125.038 Y113.235 E53.30776
G0 F7200 X125.164 Y113.268
G0 X125.164 Y113.338
G0 X125.125 Y113.339
G1 F1500 E46.80776
G0 F7200 X125.062 Y113.344
G0 X124.735 Y116.13
G1 F1500 E53.30776
G0 F7200 X125.038 Y116.235
G1 F1800 X125.164 Y116.268 E53.3094
G1 X125.164 Y116.754 E53.31549
G1 X124.775 Y116.604 E53.31831
G1 X124.725 Y116.58 E53.31901
G1 X124.724 Y116.114 E53.32485
G1 X125.038 Y116.235 E53.32653
G0 F7200 X125.164 Y116.268
G0 X125.164 Y116.338
G0 X125.125 Y116.339
G1 F1500 E46.82653
G0 F7200 X125.062 Y116.344
G0 X126.856 Y116.33
G1 F1500 E53.32653
G0 F7200 X126.962 Y116.235
G1 F1800 X127.275 Y116.114 E53.33074
G1 X127.275 Y116.58 E53.33658
G1 X127.225 Y116.604 E53.33727
G1 X126.836 Y116.754 E53.3425
G1 X126.836 Y116.268 E53.3486
G1 X126.962 Y116.235 E53.35023
G0 F7200 X127.148 Y116.163
G0 X126.875 Y116.537
G1 F1500 E46.85023
G0 F7200 X126.936 Y116.537
G0 X127.264 Y119.13
G1 F1500 E53.35023
G0 F7200 X126.962 Y119.235
G1 F1800 X127.275 Y119.114 E53.35444
G1 X127.276 Y119.579 E53.36027
G1 X127.22 Y119.606 E53.36105
G1 X126.836 Y119.754 E53.36621
G1 X126.836 Y119.268 E53.37231
G1 X126.962 Y119.235 E53.37394
G0 F7200 X127.148 Y119.163
G0 X126.875 Y119.537
G1 F1500 E46.87394
G0 F7200 X126.936 Y119.537
G0 X125.144 Y119.33
G1 F1500 E53.37394
G0 F7200 X125.038 Y119.235
G1 F1800 X125.164 Y119.268 E53.37557
G1 X125.164 Y119.754 E53.38167
G1 X124.775 Y119.604 E53.38449
G1 X124.725 Y119.58 E53.38519
G1 X124.725 Y119.114 E53.39103
G1 X125.038 Y119.235 E53.3927
G0 F7200 X125.164 Y119.268
G0 X125.164 Y119.338
G0 X124.962 Y119.414
;TYPE:SKIN
G1 F1800 X124.923 Y119.452 E53.39304
G0 F7200 X124.867 Y119.597
G1 F1500 E46.89304
G0 F7200 X124.889 Y119.541
G0 X126.029 Y119.33
G0 X131.86 Y119.315
G0 X133.008 Y119.33
G1 F1500 E53.39304
G0 F7200 X133.038 Y119.235
;TYPE:WALL-OUTER
G1 F1800 X133.164 Y119.268 E53.39467
G1 X133.164 Y119.754 E53.40076
G1 X132.775 Y119.604 E53.40359
G1 X132.725 Y119.58 E53.40428
G1 X132.724 Y119.114 E53.41013
G1 X133.038 Y119.235 E53.4118
G0 F7200 X133.164 Y119.268
G0 X133.164 Y119.338
G0 X133.125 Y119.339
G1 F1500 E46.9118
G0 F7200 X133.062 Y119.344
G0 X133.153 Y116.738
G1 F1500 E53.4118
G0 F7200 X133.038 Y116.235
G1 F1800 X133.164 Y116.268 E53.41343
G1 X133.164 Y116.754 E53.41953
G1 X132.775 Y116.604 E53.42235
G1 X132.725 Y116.58 E53.42305
G1 X132.724 Y116.114 E53.42889
G1 X133.038 Y116.235 E53.43057
G0 F7200 X133.164 Y116.268
G0 X133.164 Y116.338
G0 X133.125 Y116.339
G1 F1500 E46.93057
G0 F7200 X133.062 Y116.344
G0 X133.153 Y113.738
G1 F1500 E53.43057
G0 F7200 X133.038 Y113.235
G1 F1800 X133.164 Y113.268 E53.4322
G1 X133.164 Y113.754 E53.43829
G1 X132.775 Y113.604 E53.44112
G1 X132.725 Y113.58 E53.44181
G1 X132.724 Y113.114 E53.44766
G1 X133.038 Y113.235 E53.44933
G0 F7200 X133.164 Y113.268
G0 X133.164 Y113.338
G0 X133.125 Y113.339
G1 F1500 E46.94933
G0 F7200 X133.062 Y113.344
G0 X133.153 Y110.738
G1 F1500 E53.44933
G0 F7200 X133.038 Y110.235
G1 F1800 X133.164 Y110.268 E53.45096
G1 X133.164 Y110.754 E53.45706
G1 X132.775 Y110.604 E53.45988
G1 X132.725 Y110.58 E53.46058
G1 X132.724 Y110.114 E53.46642
G1 X133.038 Y110.235 E53.46809
G0 F7200 X133.164 Y110.268
G0 X133.164 Y110.338
G0 X133.125 Y110.339
G1 F1500 E46.96809
;MESH:NONMESH
G0 F600 X133.125 Y110.339 Z10.6
G0 F7200 X133.062 Y110.344
G0 X131.86 Y110.131
G0 X128.121 Y108.774
G0 X115.877 Y108.769
G0 X112.14 Y110.13
G1 F1500 E53.46809
G0 F7200 X111.38 Y110.074
;TIME_ELAPSED:570.989725
;LAYER:52
;TYPE:WALL-OUTER
;MESH:output_v2\A_fina_suporte.stl
G1 F1800 X111.485 Y110.023 E53.46956
G1 X111.485 Y110.478 E53.47526
G1 X111.225 Y110.604 E53.47889
G1 X111.046 Y110.673 E53.48129
G1 X111.046 Y110.202 E53.4872
G1 X111.38 Y110.074 E53.49169
G0 F7200 X111.485 Y110.023
G0 X111.485 Y110.107
G0 X111.254 Y110.551
G1 F1500 E46.99169
G0 F7200 X111.228 Y110.491
G0 X111.475 Y113.04
G1 F1500 E53.49169
G0 F7200 X111.38 Y113.074
G1 F1800 X111.485 Y113.023 E53.49315
G1 X111.485 Y113.478 E53.49885
G1 X111.225 Y113.604 E53.50248
G1 X111.046 Y113.673 E53.50488
G1 X111.046 Y113.202 E53.51079
G1 X111.38 Y113.074 E53.51528
G0 F7200 X111.485 Y113.023
G0 X111.485 Y113.107
G0 X111.254 Y113.551
G1 F1500 E47.01528
G0 F7200 X111.228 Y113.491
G0 X111.475 Y116.04
G1 F1500 E53.51528
G0 F7200 X111.38 Y116.074
G1 F1800 X111.485 Y116.023 E53.51674
G1 X111.486 Y116.477 E53.52243
G1 X111.22 Y116.606 E53.52614
G1 X111.046 Y116.673 E53.52848
G1 X111.046 Y116.202 E53.53439
G1 X111.38 Y116.074 E53.53887
G0 F7200 X111.485 Y116.023
G0 X111.485 Y116.107
G0 X111.255 Y116.551
G1 F1500 E47.03887
G0 F7200 X111.227 Y116.491
G0 X111.475 Y119.04
G1 F1500 E53.53887
G0 F7200 X111.38 Y119.074
G1 F1800 X111.485 Y119.023 E53.54033
G1 X111.486 Y119.477 E53.54603
G1 X111.22 Y119.606 E53.54974
G1 X111.046 Y119.673 E53.55207
G1 X111.046 Y119.202 E53.55798
G1 X111.38 Y119.074 E53.56247
G0 F7200 X111.485 Y119.023
G0 X111.485 Y119.107
G0 X111.255 Y119.551
G1 F1500 E47.06247
G0 F7200 X111.227 Y119.491
G0 X109.679 Y119.657
G1 F1500 E53.56247
G0 F7200 X109.699 Y119.9
G1 F1800 X109.272 Y119.9 E53.56782
G1 X109.271 Y119.4 E53.57409
G1 X109.699 Y119.4 E53.57946
G1 X109.699 Y119.9 E53.58573
G0 F7200 X109.499 Y119.9
G0 X109.499 Y119.8
G1 F1500 E47.08573
G0 F7200 X110.193 Y118.547
G0 X112.33 Y117.672
G0 X115.65 Y119.402
G1 F1500 E53.58573
G0 F7200 X116.62 Y119.074
G1 F1800 X116.954 Y119.202 E53.59021
G1 X116.954 Y119.673 E53.59612
G1 X116.775 Y119.604 E53.59853
G1 X116.515 Y119.478 E53.60215
G1 X116.514 Y119.022 E53.60787
G1 X116.62 Y119.074 E53.60935
G0 F7200 X116.807 Y119.145
G0 X116.826 Y119.183
G1 F1500 E47.10935
G0 F7200 X116.801 Y119.249
G0 X119.062 Y119.213
G1 F1500 E53.60935
G0 F7200 X119.38 Y119.074
G1 F1800 X119.485 Y119.023 E53.61081
G1 X119.486 Y119.477 E53.6165
G1 X119.22 Y119.606 E53.62021
G1 X119.046 Y119.673 E53.62255
G1 X119.046 Y119.202 E53.62846
G1 X119.38 Y119.074 E53.63294
G0 F7200 X119.485 Y119.023
G0 X119.485 Y119.107
G0 X119.255 Y119.551
G1 F1500 E47.13294
G0 F7200 X119.227 Y119.491
G0 X119.057 Y116.657
G1 F1500 E53.63294
G0 F7200 X119.38 Y116.074
G1 F1800 X119.485 Y116.023 E53.63441
G1 X119.486 Y116.477 E53.6401
G1 X119.22 Y116.606 E53.64381
G1 X119.046 Y116.673 E53.64615
G1 X119.046 Y116.202 E53.65205
G1 X119.38 Y116.074 E53.65654
G0 F7200 X119.485 Y116.023
G0 X119.485 Y116.107
G0 X119.255 Y116.551
G1 F1500 E47.15654
G0 F7200 X119.227 Y116.491
G0 X116.934 Y116.213
G1 F1500 E53.65654
G0 F7200 X116.62 Y116.074
G1 F1800 X116.954 Y116.202 E53.66102
G1 X116.954 Y116.673 E53.66693
G1 X116.775 Y116.604 E53.66933
G1 X116.515 Y116.478 E53.67296
G1 X116.514 Y116.023 E53.67866
G1 X116.62 Y116.074 E53.68014
G0 F7200 X116.807 Y116.145
G0 X116.826 Y116.183
G1 F1500 E47.18014
G0 F7200 X116.801 Y116.249
G0 X116.943 Y113.657
G1 F1500 E53.68014
G0 F7200 X116.62 Y113.074
G1 F1800 X116.954 Y113.202 E53.68462
G1 X116.954 Y113.673 E53.69053
G1 X116.775 Y113.604 E53.69294
G1 X116.515 Y113.478 E53.69656
G1 X116.514 Y113.023 E53.70227
G1 X116.62 Y113.074 E53.70374
G0 F7200 X116.807 Y113.145
G0 X116.826 Y113.183
G1 F1500 E47.20374
G0 F7200 X116.801 Y113.249
G0 X119.066 Y113.213
G1 F1500 E53.70374
G0 F7200 X119.38 Y113.074
G1 F1800 X119.485 Y113.023 E53.7052
G1 X119.485 Y113.478 E53.71091
G1 X119.225 Y113.604 E53.71453
G1 X119.046 Y113.673 E53.71694
G1 X119.046 Y113.202 E53.72285
G1 X119.38 Y113.074 E53.72733
G0 F7200 X119.485 Y113.023
G0 X119.485 Y113.107
G0 X119.254 Y113.551
G1 F1500 E47.22733
G0 F7200 X119.228 Y113.491
G0 X119.057 Y110.657
G1 F1500 E53.72733
G0 F7200 X119.38 Y110.074
G1 F1800 X119.485 Y110.023 E53.7288
G1 X119.485 Y110.478 E53.7345
G1 X119.225 Y110.604 E53.73812
G1 X119.046 Y110.673 E53.74053
G1 X119.046 Y110.202 E53.74644
G1 X119.38 Y110.074 E53.75092
G0 F7200 X119.485 Y110.023
G0 X119.485 Y110.107
G0 X119.254 Y110.551
G1 F1500 E47.25092
G0 F7200 X119.228 Y110.491
G0 X116.934 Y110.213
G1 F1500 E53.75092
G0 F7200 X116.62 Y110.074
G1 F1800 X116.954 Y110.202 E53.75541
G1 X116.954 Y110.673 E53.76131
G1 X116.775 Y110.604 E53.76372
G1 X116.515 Y110.478 E53.76734
G1 X116.514 Y110.023 E53.77305
G1 X116.62 Y110.074 E53.77452
G0 F7200 X116.807 Y110.145
G0 X116.826 Y110.183
G1 F1500 E47.27452
G0 F7200 X116.801 Y110.249
G0 X117.819 Y110.213
G0 X120.331 Y108.672
G0 X123.65 Y110.198
G1 F1500 E53.77452
G0 F7200 X124.62 Y110.074
G1 F1800 X124.954 Y110.202 E53.77901
G1 X124.954 Y110.673 E53.78492
G1 X124.775 Y110.604 E53.78732
G1 X124.515 Y110.478 E53.79095
G1 X124.514 Y110.023 E53.79665
G1 X124.62 Y110.074 E53.79813
G0 F7200 X124.807 Y110.145
G0 X124.826 Y110.183
G1 F1500 E47.29813
G0 F7200 X124.801 Y110.249
G0 X127.066 Y110.213
G1 F1500 E53.79813
G0 F7200 X127.38 Y110.074
G1 F1800 X127.485 Y110.023 E53.79959
G1 X127.485 Y110.478 E53.8053
G1 X127.225 Y110.604 E53.80892
G1 X127.046 Y110.673 E53.81133
G1 X127.046 Y110.202 E53.81723
G1 X127.38 Y110.074 E53.82172
G0 F7200 X127.485 Y110.023
G0 X127.485 Y110.107
G0 X127.254 Y110.551
G1 F1500 E47.32172
G0 F7200 X127.228 Y110.491
G0 X127.475 Y113.04
G1 F1500 E53.82172
G0 F7200 X127.38 Y113.074
G1 F1800 X127.485 Y113.023 E53.82318
G1 X127.485 Y113.478 E53.82889
G1 X127.225 Y113.604 E53.83251
G1 X127.046 Y113.673 E53.83492
G1 X127.046 Y113.202 E53.84082
G1 X127.38 Y113.074 E53.84531
G0 F7200 X127.485 Y113.023
G0 X127.485 Y113.107
G0 X127.254 Y113.551
G1 F1500 E47.34531
G0 F7200 X127.228 Y113.491
G0 X124.934 Y113.213
G1 F1500 E53.84531
G0 F7200 X124.62 Y113.074
G1 F1800 X124.954 Y113.202 E53.84979
G1 X124.954 Y113.673 E53.8557
G1 X124.775 Y113.604 E53.85811
G1 X124.515 Y113.478 E53.86173
G1 X124.514 Y113.023 E53.86743
G1 X124.62 Y113.074 E53.86891
G0 F7200 X124.807 Y113.145
G0 X124.826 Y113.183
G1 F1500 E47.36891
G0 F7200 X124.801 Y113.249
G0 X124.524 Y116.039
G1 F1500 E53.86891
G0 F7200 X124.62 Y116.074
G1 F1800 X124.954 Y116.202 E53.8734
G1 X124.954 Y116.673 E53.8793
G1 X124.775 Y116.604 E53.88171
G1 X124.515 Y116.478 E53.88533
G1 X124.514 Y116.023 E53.89104
G1 X124.62 Y116.074 E53.89251
G0 F7200 X124.807 Y116.145
G0 X124.826 Y116.183
G1 F1500 E47.39251
G0 F7200 X124.801 Y116.249
G0 X127.066 Y116.213
G1 F1500 E53.89251
G0 F7200 X127.38 Y116.074
G1 F1800 X127.485 Y116.023 E53.89398
G1 X127.485 Y116.478 E53.89968
G1 X127.225 Y116.604 E53.9033
G1 X127.046 Y116.673 E53.90571
G1 X127.046 Y116.202 E53.91162
G1 X127.38 Y116.074 E53.9161
G0 F7200 X127.485 Y116.023
G0 X127.485 Y116.107
G0 X127.254 Y116.551
G1 F1500 E47.4161
G0 F7200 X127.228 Y116.491
G0 X127.475 Y119.04
G1 F1500 E53.9161
G0 F7200 X127.38 Y119.074
G1 F1800 X127.485 Y119.023 E53.91757
G1 X127.486 Y119.477 E53.92326
G1 X127.22 Y119.606 E53.92697
G1 X127.046 Y119.673 E53.92931
G1 X127.046 Y119.202 E53.93521
G1 X127.38 Y119.074 E53.9397
G0 F7200 X127.485 Y119.023
G0 X127.485 Y119.107
G0 X127.255 Y119.551
G0 X127.227 Y119.491
G0 X124.938 Y119.213
G0 X124.62 Y119.074
G1 F1800 X124.954 Y119.202 E53.94418
G1 X124.954 Y119.673 E53.95009
G1 X124.775 Y119.604 E53.95249
G1 X124.515 Y119.478 E53.95612
G1 X124.515 Y119.023 E53.96182
G1 X124.62 Y119.074 E53.96329
G0 F7200 X124.807 Y119.145
G0 X124.826 Y119.183
G0 X124.801 Y119.249
G0 X125.819 Y119.213
G0 X128.33 Y117.672
G0 X131.65 Y119.199
G0 X132.62 Y119.074
G1 F1800 X132.954 Y119.202 E53.96777
G1 X132.954 Y119.673 E53.97368
G1 X132.775 Y119.604 E53.97609
G1 X132.515 Y119.478 E53.97971
G1 X132.514 Y119.022 E53.98543
G1 X132.62 Y119.074 E53.98691
G0 F7200 X132.807 Y119.145
G0 X132.826 Y119.183
G0 X132.801 Y119.249
G0 X132.943 Y116.657
G0 X132.62 Y116.074
G1 F1800 X132.954 Y116.202 E53.99139
G1 X132.954 Y116.673 E53.9973
G1 X132.775 Y116.604 E53.99971
G1 X132.515 Y116.478 E54.00333
G1 X132.514 Y116.023 E54.00903
G1 X132.62 Y116.074 E54.01051
G0 F7200 X132.807 Y116.145
G0 X132.826 Y116.183
G0 X132.801 Y116.249
G0 X132.943 Y113.657
G0 X132.62 Y113.074
G1 F1800 X132.954 Y113.202 E54.015
G1 X132.954 Y113.673 E54.0209
G1 X132.775 Y113.604 E54.02331
G1 X132.515 Y113.478 E54.02693
G1 X132.514 Y113.023 E54.03264
G1 X132.62 Y113.074 E54.03411
G0 F7200 X132.807 Y113.145
G0 X132.826 Y113.183
G0 X132.801 Y113.249
G0 X132.943 Y110.657
G0 X132.62 Y110.074
G1 F1800 X132.954 Y110.202 E54.0386
G1 X132.954 Y110.673 E54.0445
G1 X132.775 Y110.604 E54.04691
G1 X132.515 Y110.478 E54.05053
G1 X132.514 Y110.023 E54.05624
G1 X132.62 Y110.074 E54.05771
G0 F7200 X132.807 Y110.145
G0 X132.826 Y110.183
G1 F1500 E47.55771
;MESH:NONMESH
G0 F600 X132.826 Y110.183 Z10.8
G0 F7200 X132.801 Y110.249
G0 X131.65 Y110.04
G0 X128.331 Y108.672
G0 X115.667 Y108.669
G0 X112.35 Y110.039
G1 F1500 E54.05771
G0 F7200 X111.379 Y110.074
;TIME_ELAPSED:585.748496
;LAYER:53
;TYPE:WALL-OUTER
;MESH:output_v2\A_fina_suporte.stl
G1 F1800 X111.695 Y109.92 E54.06212
G1 X111.695 Y110.376 E54.06784
G1 X111.256 Y110.589 E54.07396
G1 X111.256 Y110.121 E54.07983
G1 X111.379 Y110.074 E54.08148
G0 F7200 X111.559 Y109.987
G0 X111.295 Y110.347
G1 F1500 E47.58148
G0 F7200 X111.356 Y110.347
G0 X111.685 Y112.936
G1 F1500 E54.08148
G0 F7200 X111.379 Y113.074
G1 F1800 X111.695 Y112.92 E54.08589
G1 X111.695 Y113.376 E54.09161
G1 X111.256 Y113.589 E54.09773
G1 X111.256 Y113.121 E54.10359
G1 X111.379 Y113.074 E54.10525
G0 F7200 X111.559 Y112.987
G0 X111.295 Y113.347
G0 X111.356 Y113.347
G0 X111.685 Y115.936
G0 X111.379 Y116.074
G1 F1800 X111.695 Y115.92 E54.10965
G1 X111.696 Y116.375 E54.11536
G1 X111.256 Y116.589 E54.1215
G1 X111.256 Y116.121 E54.12736
G1 X111.379 Y116.074 E54.12902
G0 F7200 X111.559 Y115.987
G0 X111.295 Y116.347
G0 X111.356 Y116.347
G0 X111.685 Y118.936
G0 X111.379 Y119.074
G1 F1800 X111.695 Y118.92 E54.13342
G1 X111.696 Y119.375 E54.13913
G1 X111.256 Y119.589 E54.14527
G1 X111.256 Y119.121 E54.15113
G1 X111.379 Y119.074 E54.15279
G0 F7200 X111.559 Y118.987
G0 X111.295 Y119.347
G1 F1500 E47.65279
G0 F7200 X111.356 Y119.347
G0 X109.63 Y119.573
G1 F1500 E54.15279
G0 F7200 X109.65 Y119.9
G1 F1800 X109.234 Y119.9 E54.158
G1 X109.233 Y119.4 E54.16427
G1 X109.65 Y119.4 E54.1695
G1 X109.65 Y119.9 E54.17577
G0 F7200 X109.45 Y119.9
G0 X109.45 Y119.8
G0 X109.636 Y118.535
G0 X112.54 Y117.57
G0 X115.44 Y119.368
G0 X116.582 Y119.165
G0 X116.621 Y119.074
G1 F1800 X116.744 Y119.121 E54.17742
G1 X116.744 Y119.589 E54.18329
G1 X116.305 Y119.376 E54.18687
G1 X116.304 Y118.92 E54.19239
G1 X116.621 Y119.074 E54.1942
G0 F7200 X116.744 Y119.121
G0 X116.744 Y119.19
G0 X116.705 Y119.191
G1 F1500 E47.6942
G0 F7200 X116.644 Y119.191
G0 X119.276 Y119.165
G1 F1500 E54.1942
G0 F7200 X119.379 Y119.074
G1 F1800 X119.695 Y118.92 E54.19861
G1 X119.696 Y119.375 E54.20431
G1 X119.256 Y119.589 E54.21045
G1 X119.256 Y119.121 E54.21632
G1 X119.379 Y119.074 E54.21797
G0 F7200 X119.559 Y118.987
G0 X119.295 Y119.347
G0 X119.356 Y119.347
G0 X119.266 Y116.573
G0 X119.379 Y116.074
G1 F1800 X119.695 Y115.92 E54.22238
G1 X119.696 Y116.375 E54.22808
G1 X119.256 Y116.589 E54.23422
G1 X119.256 Y116.121 E54.24009
G1 X119.379 Y116.074 E54.24174
G0 F7200 X119.559 Y115.987
G0 X119.295 Y116.347
G0 X119.356 Y116.347
G0 X116.724 Y116.165
G0 X116.62 Y116.074
G1 F1800 X116.744 Y116.121 E54.2434
G1 X116.744 Y116.589 E54.24927
G1 X116.305 Y116.376 E54.25285
G1 X116.304 Y115.92 E54.25837
G1 X116.62 Y116.074 E54.26016
G0 F7200 X116.744 Y116.121
G0 X116.744 Y116.189
G0 X116.705 Y116.19
G1 F1500 E47.76016
G0 F7200 X116.644 Y116.19
G0 X116.734 Y113.573
G1 F1500 E54.26016
G0 F7200 X116.62 Y113.074
G1 F1800 X116.744 Y113.121 E54.26182
G1 X116.744 Y113.589 E54.26769
G1 X116.305 Y113.376 E54.27127
G1 X116.304 Y112.92 E54.27679
G1 X116.62 Y113.074 E54.27858
G0 F7200 X116.744 Y113.121
G0 X116.744 Y113.189
G0 X116.705 Y113.19
G0 X116.644 Y113.19
G0 X119.276 Y113.165
G0 X119.379 Y113.074
G1 F1800 X119.695 Y112.92 E54.28299
G1 X119.695 Y113.376 E54.28871
G1 X119.256 Y113.589 E54.29482
G1 X119.256 Y113.121 E54.30069
G1 X119.379 Y113.074 E54.30234
G0 F7200 X119.559 Y112.987
G0 X119.295 Y113.347
G0 X119.356 Y113.347
G0 X119.266 Y110.573
G0 X119.379 Y110.074
G1 F1800 X119.695 Y109.92 E54.30675
G1 X119.695 Y110.376 E54.31247
G1 X119.256 Y110.589 E54.31859
G1 X119.256 Y110.121 E54.32446
G1 X119.379 Y110.074 E54.32611
G0 F7200 X119.559 Y109.987
G0 X119.295 Y110.347
G0 X119.356 Y110.347
G0 X116.724 Y110.165
G0 X116.62 Y110.074
G1 F1800 X116.744 Y110.121 E54.32777
G1 X116.744 Y110.589 E54.33364
G1 X116.305 Y110.376 E54.33722
G1 X116.304 Y109.92 E54.34274
G1 X116.62 Y110.074 E54.34453
G0 F7200 X116.744 Y110.121
G0 X116.744 Y110.189
G0 X116.705 Y110.19
G1 F1500 E47.84453
G0 F7200 X116.644 Y110.19
G0 X118.399 Y109.53
G0 X120.541 Y108.57
G0 X123.44 Y110.15
G0 X124.581 Y110.165
G1 F1500 E54.34453
G0 F7200 X124.62 Y110.074
G1 F1800 X124.744 Y110.121 E54.34619
G1 X124.744 Y110.589 E54.35206
G1 X124.305 Y110.376 E54.35564
G1 X124.304 Y109.92 E54.36116
G1 X124.62 Y110.074 E54.36295
G0 F7200 X124.744 Y110.121
G0 X124.744 Y110.189
G0 X124.705 Y110.19
G0 X124.644 Y110.19
G0 X127.276 Y110.165
G0 X127.379 Y110.074
G1 F1800 X127.695 Y109.92 E54.36736
G1 X127.695 Y110.376 E54.37307
G1 X127.256 Y110.589 E54.37919
G1 X127.256 Y110.121 E54.38506
G1 X127.379 Y110.074 E54.38671
G0 F7200 X127.559 Y109.987
G0 X127.295 Y110.347
G1 F1500 E47.88671
G0 F7200 X127.356 Y110.347
G0 X127.685 Y112.936
G1 F1500 E54.38671
G0 F7200 X127.379 Y113.074
G1 F1800 X127.695 Y112.92 E54.39112
G1 X127.695 Y113.376 E54.39684
G1 X127.256 Y113.589 E54.40296
G1 X127.256 Y113.121 E54.40883
G1 X127.379 Y113.074 E54.41048
G0 F7200 X127.559 Y112.987
G0 X127.295 Y113.347
G0 X127.356 Y113.347
G0 X124.724 Y113.165
G0 X124.62 Y113.074
G1 F1800 X124.744 Y113.121 E54.41214
G1 X124.744 Y113.589 E54.41801
G1 X124.305 Y113.376 E54.42159
G1 X124.304 Y112.92 E54.42711
G1 X124.62 Y113.074 E54.4289
G0 F7200 X124.744 Y113.121
G0 X124.744 Y113.189
G0 X124.705 Y113.19
G0 X124.644 Y113.19
G0 X124.314 Y115.936
G0 X124.62 Y116.074
G1 F1800 X124.744 Y116.121 E54.43056
G1 X124.744 Y116.589 E54.43643
G1 X124.305 Y116.376 E54.44001
G1 X124.304 Y115.92 E54.44552
G1 X124.62 Y116.074 E54.44732
G0 F7200 X124.744 Y116.121
G0 X124.744 Y116.189
G0 X124.705 Y116.19
G0 X124.644 Y116.19
G0 X127.276 Y116.165
G0 X127.379 Y116.074
G1 F1800 X127.695 Y115.92 E54.45173
G1 X127.695 Y116.376 E54.45744
G1 X127.256 Y116.589 E54.46356
G1 X127.256 Y116.121 E54.46943
G1 X127.379 Y116.074 E54.47108
G0 F7200 X127.559 Y115.987
G0 X127.295 Y116.347
G0 X127.356 Y116.347
G0 X127.685 Y118.936
G0 X127.379 Y119.074
G1 F1800 X127.695 Y118.92 E54.47549
G1 X127.696 Y119.375 E54.4812
G1 X127.256 Y119.589 E54.48733
G1 X127.256 Y119.121 E54.4932
G1 X127.379 Y119.074 E54.49485
G0 F7200 X127.559 Y118.987
G0 X127.295 Y119.347
G0 X127.356 Y119.347
G0 X124.724 Y119.165
G0 X124.621 Y119.074
G1 F1800 X124.744 Y119.121 E54.4965
G1 X124.744 Y119.589 E54.50237
G1 X124.305 Y119.376 E54.50595
G1 X124.304 Y118.92 E54.51147
G1 X124.621 Y119.074 E54.51328
G0 F7200 X124.744 Y119.121
G0 X124.744 Y119.19
G0 X124.705 Y119.191
G0 X124.644 Y119.191
G0 X126.399 Y118.53
G0 X128.54 Y117.57
G0 X131.44 Y119.151
G0 X132.582 Y119.165
G0 X132.621 Y119.074
G1 F1800 X132.744 Y119.121 E54.51493
G1 X132.744 Y119.589 E54.5208
G1 X132.305 Y119.376 E54.52438
G1 X132.304 Y118.92 E54.5299
G1 X132.621 Y119.074 E54.53171
G0 F7200 X132.744 Y119.121
G0 X132.744 Y119.19
G0 X132.705 Y119.191
G0 X132.644 Y119.191
G0 X132.734 Y116.573
G0 X132.62 Y116.074
G1 F1800 X132.744 Y116.121 E54.53337
G1 X132.744 Y116.589 E54.53924
G1 X132.305 Y116.376 E54.54282
G1 X132.304 Y115.92 E54.54834
G1 X132.62 Y116.074 E54.55013
G0 F7200 X132.744 Y116.121
G0 X132.744 Y116.189
G0 X132.705 Y116.19
G1 F1500 E48.05013
G0 F7200 X132.644 Y116.19
G0 X132.734 Y113.573
G1 F1500 E54.55013
G0 F7200 X132.62 Y113.074
G1 F1800 X132.744 Y113.121 E54.55179
G1 X132.744 Y113.589 E54.55766
G1 X132.305 Y113.376 E54.56124
G1 X132.304 Y112.92 E54.56676
G1 X132.62 Y113.074 E54.56855
G0 F7200 X132.744 Y113.121
G0 X132.744 Y113.189
G0 X132.705 Y113.19
G0 X132.644 Y113.19
G0 X132.734 Y110.573
G0 X132.62 Y110.074
G1 F1800 X132.744 Y110.121 E54.57021
G1 X132.744 Y110.589 E54.57608
G1 X132.305 Y110.376 E54.57966
G1 X132.304 Y109.92 E54.58517
G1 X132.62 Y110.074 E54.58697
G0 F7200 X132.744 Y110.121
G0 X132.744 Y110.189
G0 X132.705 Y110.19
;MESH:NONMESH
G0 F600 X132.705 Y110.19 Z11
G0 F7200 X132.644 Y110.19
G0 X131.44 Y110.23
G0 X126.409 Y111.822
G0 X120.553 Y110.913
G0 X119.563 Y111.4
G0 X118.409 Y111.822
G0 X112.56 Y110.229
G0 X111.905 Y110.274
;TIME_ELAPSED:593.659080
;LAYER:54
;TYPE:WALL-OUTER
;MESH:output_v2\A_fina_suporte.stl
G1 F1800 X111.466 Y110.487 E54.59309
G1 X111.466 Y110.032 E54.59879
G1 X111.905 Y109.819 E54.60491
G1 X111.905 Y110.274 E54.61062
G0 F7200 X111.725 Y110.361
G0 X111.721 Y110.353
G0 X111.684 Y110.27
G0 X111.895 Y112.835
G0 X111.905 Y113.274
G1 F1800 X111.466 Y113.487 E54.61674
G1 X111.466 Y113.032 E54.62244
G1 X111.905 Y112.819 E54.62856
G1 X111.905 Y113.274 E54.63427
G0 F7200 X111.725 Y113.361
G0 X111.721 Y113.353
G0 X111.684 Y113.27
G0 X111.895 Y115.834
G0 X111.906 Y116.273
G1 F1800 X111.466 Y116.487 E54.6404
G1 X111.466 Y116.032 E54.64611
G1 X111.905 Y115.818 E54.65223
G1 X111.906 Y116.273 E54.65794
G0 F7200 X111.727 Y116.36
G0 X111.723 Y116.351
G0 X111.686 Y116.27
G0 X111.895 Y118.834
G0 X111.906 Y119.273
G1 F1800 X111.466 Y119.487 E54.66407
G1 X111.466 Y119.032 E54.66978
G1 X111.905 Y118.818 E54.67591
G1 X111.906 Y119.273 E54.68161
G0 F7200 X111.727 Y119.36
G0 X111.723 Y119.351
G0 X111.686 Y119.27
G0 X109.588 Y119.471
G0 X109.608 Y119.9
G1 F1800 X109.196 Y119.9 E54.68678
G1 X109.195 Y119.4 E54.69305
G1 X109.608 Y119.4 E54.69823
G1 X109.608 Y119.9 E54.7045
G0 F7200 X109.408 Y119.9
G0 X109.408 Y119.8
G1 F1500 E48.2045
G0 F7200 X110.473 Y119.414
G0 X110.619 Y120.743
G0 X115.23 Y119.267
G0 X116.434 Y119.084
G1 F1500 E54.7045
G0 F7200 X116.534 Y119.031
G1 F1800 X116.534 Y119.487 E54.71022
G1 X116.095 Y119.274 E54.71633
G1 X116.094 Y118.818 E54.72205
G1 X116.534 Y119.031 E54.72818
G0 F7200 X116.534 Y119.231
G0 X116.495 Y119.232
G0 X116.434 Y119.232
G0 X116.524 Y116.471
G0 X116.534 Y116.031
G1 F1800 X116.534 Y116.487 E54.7339
G1 X116.095 Y116.274 E54.74002
G1 X116.094 Y115.817 E54.74575
G1 X116.534 Y116.031 E54.75189
G0 F7200 X116.534 Y116.231
G0 X116.495 Y116.232
G1 F1500 E48.25189
G0 F7200 X116.434 Y116.232
G0 X116.524 Y113.471
G1 F1500 E54.75189
G0 F7200 X116.534 Y113.032
G1 F1800 X116.534 Y113.487 E54.75759
G1 X116.095 Y113.274 E54.76371
G1 X116.094 Y112.818 E54.76943
G1 X116.534 Y113.032 E54.77557
G0 F7200 X116.534 Y113.232
G0 X116.495 Y113.233
G0 X116.434 Y113.233
G0 X116.524 Y110.471
G0 X116.534 Y110.032
G1 F1800 X116.534 Y110.487 E54.78127
G1 X116.095 Y110.274 E54.78739
G1 X116.094 Y109.818 E54.79311
G1 X116.534 Y110.032 E54.79925
G0 F7200 X116.534 Y110.232
G0 X116.495 Y110.233
G0 X116.434 Y110.233
G0 X118.601 Y110.206
G0 X119.815 Y110.206
G0 X119.905 Y110.274
G1 F1800 X119.466 Y110.487 E54.80536
G1 X119.466 Y110.032 E54.81107
G1 X119.905 Y109.819 E54.81719
G1 X119.905 Y110.274 E54.8229
G0 F7200 X119.725 Y110.361
G0 X119.721 Y110.353
G0 X119.684 Y110.27
G0 X119.895 Y112.835
G0 X119.905 Y113.274
G1 F1800 X119.466 Y113.487 E54.82901
G1 X119.466 Y113.032 E54.83472
G1 X119.905 Y112.819 E54.84084
G1 X119.905 Y113.274 E54.84655
G0 F7200 X119.725 Y113.361
G0 X119.721 Y113.353
G0 X119.684 Y113.27
G0 X119.895 Y115.834
G0 X119.906 Y116.273
G1 F1800 X119.466 Y116.487 E54.85268
G1 X119.466 Y116.032 E54.85839
G1 X119.905 Y115.818 E54.86451
G1 X119.906 Y116.273 E54.87022
G0 F7200 X119.727 Y116.36
G0 X119.723 Y116.351
G0 X119.686 Y116.27
G0 X119.895 Y118.834
G0 X119.906 Y119.273
G1 F1800 X119.466 Y119.487 E54.87635
G1 X119.466 Y119.032 E54.88206
G1 X119.905 Y118.818 E54.88818
G1 X119.906 Y119.273 E54.89389
G0 F7200 X119.727 Y119.36
G0 X119.723 Y119.351
G0 X119.686 Y119.27
G0 X120.77 Y119.092
G0 X123.23 Y119.087
G0 X124.434 Y119.084
G0 X124.534 Y119.031
G1 F1800 X124.534 Y119.487 E54.89961
G1 X124.095 Y119.274 E54.90573
G1 X124.094 Y118.818 E54.91145
G1 X124.534 Y119.031 E54.91758
G0 F7200 X124.534 Y119.231
G0 X124.495 Y119.232
G0 X124.434 Y119.232
G0 X124.524 Y116.471
G0 X124.534 Y116.031
G1 F1800 X124.534 Y116.487 E54.92329
G1 X124.095 Y116.274 E54.92941
G1 X124.094 Y115.817 E54.93514
G1 X124.534 Y116.031 E54.94128
G0 F7200 X124.534 Y116.231
G0 X124.495 Y116.232
G1 F1500 E48.44128
G0 F7200 X124.434 Y116.232
G0 X124.524 Y113.471
G1 F1500 E54.94128
G0 F7200 X124.534 Y113.032
G1 F1800 X124.534 Y113.487 E54.94699
G1 X124.095 Y113.274 E54.9531
G1 X124.094 Y112.818 E54.95882
G1 X124.534 Y113.032 E54.96496
G0 F7200 X124.534 Y113.232
G0 X124.495 Y113.233
G0 X124.434 Y113.233
G0 X124.524 Y110.471
G0 X124.534 Y110.032
G1 F1800 X124.534 Y110.487 E54.97066
G1 X124.095 Y110.274 E54.97678
G1 X124.094 Y109.818 E54.9825
G1 X124.534 Y110.032 E54.98864
G0 F7200 X124.534 Y110.232
G0 X124.495 Y110.233
G1 F1500 E48.48864
G0 F7200 X124.434 Y110.233
G0 X126.601 Y110.206
G0 X127.815 Y110.206
G1 F1500 E54.98864
G0 F7200 X127.905 Y110.274
G1 F1800 X127.466 Y110.487 E54.99476
G1 X127.466 Y110.032 E55.00046
G1 X127.905 Y109.819 E55.00658
G1 X127.905 Y110.274 E55.01229
G0 F7200 X127.725 Y110.361
G0 X127.721 Y110.353
G0 X127.684 Y110.27
G0 X127.895 Y112.835
G0 X127.905 Y113.274
G1 F1800 X127.466 Y113.487 E55.01841
G1 X127.466 Y113.032 E55.02411
G1 X127.905 Y112.819 E55.03023
G1 X127.905 Y113.274 E55.03594
G0 F7200 X127.725 Y113.361
G0 X127.721 Y113.353
G1 F1500 E48.53594
G0 F7200 X127.684 Y113.27
G0 X127.895 Y115.835
G1 F1500 E55.03594
G0 F7200 X127.905 Y116.274
G1 F1800 X127.466 Y116.487 E55.04206
G1 X127.466 Y116.032 E55.04776
G1 X127.905 Y115.819 E55.05388
G1 X127.905 Y116.274 E55.05959
G0 F7200 X127.725 Y116.361
G0 X127.721 Y116.353
G0 X127.684 Y116.27
G0 X127.895 Y118.834
G0 X127.906 Y119.273
G1 F1800 X127.466 Y119.487 E55.06572
G1 X127.466 Y119.032 E55.07143
G1 X127.905 Y118.818 E55.07755
G1 X127.906 Y119.273 E55.08326
G0 F7200 X127.727 Y119.36
G0 X127.723 Y119.351
G0 X127.686 Y119.27
G0 X128.77 Y119.092
G0 X131.23 Y119.087
G0 X132.434 Y119.084
G0 X132.534 Y119.031
G1 F1800 X132.534 Y119.487 E55.08898
G1 X132.095 Y119.274 E55.0951
G1 X132.094 Y118.818 E55.10081
G1 X132.534 Y119.031 E55.10694
G0 F7200 X132.534 Y119.231
G0 X132.495 Y119.232
G0 X132.434 Y119.232
G0 X132.524 Y116.471
G0 X132.534 Y116.031
G1 F1800 X132.534 Y116.487 E55.11266
G1 X132.095 Y116.274 E55.11878
G1 X132.094 Y115.817 E55.12451
G1 X132.534 Y116.031 E55.13065
G0 F7200 X132.534 Y116.231
G0 X132.495 Y116.232
G0 X132.434 Y116.232
G0 X132.524 Y113.471
G0 X132.534 Y113.032
G1 F1800 X132.534 Y113.487 E55.13635
G1 X132.095 Y113.274 E55.14247
G1 X132.094 Y112.818 E55.14819
G1 X132.534 Y113.032 E55.15433
G0 F7200 X132.534 Y113.232
G0 X132.495 Y113.233
G0 X132.434 Y113.233
G0 X132.524 Y110.471
G0 X132.534 Y110.032
G1 F1800 X132.534 Y110.487 E55.16003
G1 X132.095 Y110.274 E55.16615
G1 X132.094 Y109.818 E55.17187
G1 X132.534 Y110.032 E55.17801
G0 F7200 X132.534 Y110.232
G0 X132.495 Y110.233
G1 F1500 E48.67801
;MESH:NONMESH
G0 F600 X132.495 Y110.233 Z11.2
G0 F7200 X132.434 Y110.233
G0 X131.23 Y110.129
G0 X126.619 Y111.743
G0 X125.381 Y111.743
G0 X120.763 Y110.811
G0 X119.564 Y111.4
G0 X118.619 Y111.743
G0 X117.381 Y111.743
G0 X112.77 Y110.128
G1 F1500 E55.17801
G0 F7200 X112.115 Y110.172
;TIME_ELAPSED:600.695104
;LAYER:55
;TYPE:WALL-OUTER
;MESH:output_v2\A_fina_suporte.stl
G1 F1800 X111.675 Y110.385 E55.18414
G1 X111.676 Y109.929 E55.18986
G1 X112.116 Y109.716 E55.19599
G1 X112.115 Y110.172 E55.2017
G0 F7200 X111.935 Y110.259
G0 X111.931 Y110.25
G0 X111.893 Y110.168
G0 X112.106 Y112.732
G0 X112.115 Y113.172
G1 F1800 X111.675 Y113.385 E55.20783
G1 X111.676 Y112.929 E55.21355
G1 X112.116 Y112.716 E55.21968
G1 X112.115 Y113.172 E55.2254
G0 F7200 X111.935 Y113.259
G0 X111.931 Y113.25
G1 F1500 E48.7254
G0 F7200 X111.893 Y113.168
G0 X112.106 Y115.731
G1 F1500 E55.2254
G0 F7200 X112.116 Y116.171
G1 F1800 X111.675 Y116.385 E55.23155
G1 X111.676 Y115.929 E55.23727
G1 X112.116 Y115.715 E55.2434
G1 X112.116 Y116.171 E55.24912
G0 F7200 X111.936 Y116.258
G0 X111.933 Y116.248
G0 X111.895 Y116.167
G0 X112.106 Y118.732
G0 X112.116 Y119.171
G1 F1800 X111.675 Y119.385 E55.25527
G1 X111.675 Y118.93 E55.26097
G1 X112.116 Y118.716 E55.26712
G1 X112.116 Y119.171 E55.27283
G0 F7200 X111.936 Y119.258
G0 X111.932 Y119.25
G1 F1500 E48.77283
G0 F7200 X111.895 Y119.167
G0 X109.555 Y119.414
G1 F1500 E55.27283
G0 F7200 X109.569 Y119.9
G1 F1800 X109.159 Y119.9 E55.27797
G1 X109.158 Y119.4 E55.28424
G1 X109.569 Y119.4 E55.28939
G1 X109.569 Y119.9 E55.29566
G0 F7200 X109.369 Y119.9
G0 X109.369 Y119.8
G0 X110.434 Y119.414
G0 X110.829 Y120.737
G0 X115.02 Y119.162
G0 X116.224 Y118.982
G0 X116.324 Y118.929
G1 F1800 X116.324 Y119.385 E55.30138
G1 X115.885 Y119.172 E55.3075
G1 X115.885 Y118.716 E55.31322
G1 X116.324 Y118.929 E55.31934
G0 F7200 X116.324 Y119.129
G0 X116.285 Y119.129
G1 F1500 E48.81934
G0 F7200 X116.224 Y119.129
G0 X116.315 Y116.369
G1 F1500 E55.31934
G0 F7200 X116.324 Y115.929
G1 F1800 X116.325 Y116.385 E55.32506
G1 X115.885 Y116.172 E55.33119
G1 X115.884 Y115.716 E55.33691
G1 X116.324 Y115.929 E55.34304
G0 F7200 X116.324 Y116.129
G0 X116.285 Y116.129
G0 X116.224 Y116.128
G0 X116.315 Y113.369
G0 X116.324 Y112.929
G1 F1800 X116.325 Y113.385 E55.34875
G1 X115.885 Y113.172 E55.35488
G1 X115.884 Y112.716 E55.3606
G1 X116.324 Y112.929 E55.36673
G0 F7200 X116.324 Y113.129
G0 X116.285 Y113.129
G1 F1500 E48.86673
G0 F7200 X116.224 Y113.128
G0 X116.315 Y110.369
G1 F1500 E55.36673
G0 F7200 X116.324 Y109.929
G1 F1800 X116.325 Y110.385 E55.37245
G1 X115.885 Y110.172 E55.37858
G1 X115.884 Y109.716 E55.3843
G1 X116.324 Y109.929 E55.39043
G0 F7200 X116.324 Y110.129
G0 X116.285 Y110.129
G0 X116.224 Y110.128
G0 X118.81 Y110.121
G0 X120.025 Y110.104
G0 X120.115 Y110.172
G1 F1800 X119.675 Y110.385 E55.39656
G1 X119.676 Y109.929 E55.40228
G1 X120.116 Y109.716 E55.40841
G1 X120.115 Y110.172 E55.41413
G0 F7200 X119.935 Y110.259
G0 X119.931 Y110.25
G0 X119.893 Y110.168
G0 X120.106 Y112.732
G0 X120.115 Y113.172
G1 F1800 X119.675 Y113.385 E55.42026
G1 X119.676 Y112.929 E55.42598
G1 X120.116 Y112.716 E55.43211
G1 X120.115 Y113.172 E55.43783
G0 F7200 X119.935 Y113.259
G0 X119.931 Y113.25
G0 X119.893 Y113.168
G0 X120.106 Y115.731
G0 X120.116 Y116.171
G1 F1800 X119.675 Y116.385 E55.44397
G1 X119.676 Y115.929 E55.44969
G1 X120.116 Y115.715 E55.45583
G1 X120.116 Y116.171 E55.46155
G0 F7200 X119.936 Y116.258
G0 X119.933 Y116.248
G0 X119.895 Y116.167
G0 X120.106 Y118.732
G0 X120.116 Y119.171
G1 F1800 X119.675 Y119.385 E55.46769
G1 X119.675 Y118.93 E55.4734
G1 X120.116 Y118.716 E55.47955
G1 X120.116 Y119.171 E55.48525
G0 F7200 X119.936 Y119.258
G0 X119.932 Y119.25
G0 X119.895 Y119.167
G0 X120.981 Y118.982
G0 X123.019 Y118.992
G0 X124.224 Y118.982
G0 X124.324 Y118.929
G1 F1800 X124.324 Y119.385 E55.49097
G1 X123.884 Y119.171 E55.49711
G1 X123.885 Y118.716 E55.50281
G1 X124.324 Y118.929 E55.50893
G0 F7200 X124.324 Y119.129
G0 X124.284 Y119.129
G0 X124.224 Y119.129
G0 X124.315 Y116.369
G0 X124.324 Y115.929
G1 F1800 X124.325 Y116.385 E55.51465
G1 X123.885 Y116.172 E55.52078
G1 X123.884 Y115.716 E55.5265
G1 X124.324 Y115.929 E55.53263
G0 F7200 X124.324 Y116.129
G0 X124.285 Y116.129
G0 X124.224 Y116.128
G0 X124.315 Y113.369
G0 X124.324 Y112.929
G1 F1800 X124.325 Y113.385 E55.53835
G1 X123.885 Y113.172 E55.54448
G1 X123.884 Y112.716 E55.55019
G1 X124.324 Y112.929 E55.55633
G0 F7200 X124.324 Y113.129
G0 X124.285 Y113.129
G1 F1500 E49.05633
G0 F7200 X124.224 Y113.128
G0 X124.315 Y110.369
G1 F1500 E55.55633
G0 F7200 X124.324 Y109.929
G1 F1800 X124.325 Y110.385 E55.56204
G1 X123.885 Y110.172 E55.56817
G1 X123.884 Y109.716 E55.57389
G1 X124.324 Y109.929 E55.58002
G0 F7200 X124.324 Y110.129
G0 X124.285 Y110.129
G0 X124.224 Y110.128
G0 X126.81 Y110.121
G0 X128.025 Y110.104
G0 X128.115 Y110.172
G1 F1800 X127.675 Y110.385 E55.58615
G1 X127.676 Y109.929 E55.59187
G1 X128.116 Y109.716 E55.598
G1 X128.115 Y110.172 E55.60372
G0 F7200 X127.935 Y110.259
G0 X127.931 Y110.25
G0 X127.893 Y110.168
G0 X128.106 Y112.732
G0 X128.115 Y113.172
G1 F1800 X127.675 Y113.385 E55.60985
G1 X127.676 Y112.929 E55.61557
G1 X128.116 Y112.716 E55.6217
G1 X128.115 Y113.172 E55.62742
G0 F7200 X127.935 Y113.259
G0 X127.931 Y113.25
G0 X127.893 Y113.168
G0 X128.106 Y115.732
G0 X128.115 Y116.172
G1 F1800 X127.675 Y116.385 E55.63355
G1 X127.676 Y115.929 E55.63927
G1 X128.116 Y115.716 E55.6454
G1 X128.115 Y116.172 E55.65111
G0 F7200 X127.935 Y116.259
G0 X127.931 Y116.25
G0 X127.893 Y116.168
G0 X128.106 Y118.732
G0 X128.116 Y119.171
G1 F1800 X127.676 Y119.385 E55.65725
G1 X127.675 Y118.93 E55.66296
G1 X128.116 Y118.716 E55.6691
G1 X128.116 Y119.171 E55.67481
G0 F7200 X127.937 Y119.258
G0 X127.932 Y119.25
G0 X127.895 Y119.168
G0 X128.981 Y118.982
G0 X131.019 Y118.992
G0 X132.224 Y118.982
G0 X132.324 Y118.929
G1 F1800 X132.324 Y119.385 E55.68053
G1 X131.884 Y119.171 E55.68666
G1 X131.885 Y118.716 E55.69237
G1 X132.324 Y118.929 E55.69849
G0 F7200 X132.324 Y119.129
G0 X132.284 Y119.129
G0 X132.224 Y119.129
G0 X132.315 Y116.369
G0 X132.324 Y115.929
G1 F1800 X132.325 Y116.385 E55.70421
G1 X131.885 Y116.172 E55.71034
G1 X131.884 Y115.716 E55.71606
G1 X132.324 Y115.929 E55.72219
G0 F7200 X132.324 Y116.129
G0 X132.285 Y116.129
G1 F1500 E49.22219
G0 F7200 X132.224 Y116.128
G0 X132.315 Y113.369
G1 F1500 E55.72219
G0 F7200 X132.324 Y112.929
G1 F1800 X132.325 Y113.385 E55.7279
G1 X131.885 Y113.172 E55.73403
G1 X131.884 Y112.716 E55.73975
G1 X132.324 Y112.929 E55.74588
G0 F7200 X132.324 Y113.129
G0 X132.285 Y113.129
G0 X132.224 Y113.128
G0 X132.315 Y110.369
G0 X132.324 Y109.929
G1 F1800 X132.325 Y110.385 E55.7516
G1 X131.885 Y110.172 E55.75773
G1 X131.884 Y109.716 E55.76345
G1 X132.324 Y109.929 E55.76958
G0 F7200 X132.324 Y110.129
G0 X132.285 Y110.129
G1 F1500 E49.26958
;MESH:NONMESH
G0 F600 X132.285 Y110.129 Z11.4
G0 F7200 X132.224 Y110.128
G0 X131.02 Y110.027
G0 X128.963 Y108.364
G0 X115.037 Y108.364
G0 X112.981 Y109.981
G1 F1500 E55.76958
G0 F7200 X112.324 Y110.07
;TIME_ELAPSED:608.272285
;LAYER:56
;TYPE:WALL-OUTER
;MESH:output_v2\A_fina_suporte.stl
G1 F1800 X111.885 Y110.283 E55.7757
G1 X111.886 Y109.827 E55.78142
G1 X112.325 Y109.614 E55.78754
G1 X112.324 Y110.07 E55.79326
G0 F7200 X112.144 Y110.157
G0 X112.14 Y110.148
G0 X112.103 Y110.066
G0 X112.315 Y112.63
G0 X112.324 Y113.07
G1 F1800 X111.885 Y113.283 E55.79937
G1 X111.886 Y112.827 E55.80509
G1 X112.325 Y112.614 E55.81121
G1 X112.324 Y113.07 E55.81693
G0 F7200 X112.144 Y113.157
G0 X112.14 Y113.148
G0 X112.103 Y113.066
G0 X112.315 Y115.63
G0 X112.325 Y116.069
G1 F1800 X111.885 Y116.283 E55.82307
G1 X111.886 Y115.827 E55.82878
G1 X112.325 Y115.614 E55.8349
G1 X112.325 Y116.069 E55.84061
G0 F7200 X112.146 Y116.156
G0 X112.141 Y116.148
G0 X112.104 Y116.066
G0 X112.315 Y118.63
G0 X112.325 Y119.069
G1 F1800 X111.885 Y119.283 E55.84675
G1 X111.885 Y118.828 E55.85245
G1 X112.325 Y118.614 E55.85859
G1 X112.325 Y119.069 E55.86429
G0 F7200 X112.146 Y119.156
G0 X112.142 Y119.147
G0 X112.105 Y119.066
G0 X109.527 Y119.414
G0 X109.541 Y119.9
G1 F1800 X109.134 Y119.9 E55.8694
G1 X109.133 Y119.4 E55.87567
G1 X109.541 Y119.4 E55.88078
G1 X109.541 Y119.9 E55.88705
G0 F7200 X109.341 Y119.9
G0 X109.341 Y119.8
G0 X110.406 Y119.414
G0 X111.039 Y120.635
G0 X114.811 Y119.06
G0 X116.014 Y118.88
G0 X116.114 Y118.827
G1 F1800 X116.114 Y119.283 E55.89277
G1 X115.676 Y119.07 E55.89888
G1 X115.676 Y118.614 E55.9046
G1 X116.114 Y118.827 E55.91071
G0 F7200 X116.114 Y119.027
G0 X116.076 Y119.027
G0 X116.014 Y119.027
G0 X116.105 Y116.267
G0 X116.114 Y115.827
G1 F1800 X116.115 Y116.283 E55.91642
G1 X115.676 Y116.07 E55.92254
G1 X115.675 Y115.614 E55.92826
G1 X116.114 Y115.827 E55.93438
G0 F7200 X116.114 Y116.027
G0 X116.076 Y116.027
G0 X116.014 Y116.026
G0 X116.105 Y113.267
G0 X116.114 Y112.827
G1 F1800 X116.115 Y113.283 E55.9401
G1 X115.676 Y113.07 E55.94622
G1 X115.675 Y112.614 E55.95194
G1 X116.114 Y112.827 E55.95806
G0 F7200 X116.114 Y113.027
G0 X116.076 Y113.027
G1 F1500 E49.45806
G0 F7200 X116.014 Y113.026
G0 X116.105 Y110.267
G1 F1500 E55.95806
G0 F7200 X116.114 Y109.827
G1 F1800 X116.115 Y110.283 E55.96377
G1 X115.676 Y110.07 E55.96989
G1 X115.675 Y109.614 E55.97561
G1 X116.114 Y109.827 E55.98173
G0 F7200 X116.114 Y110.027
G0 X116.076 Y110.027
G0 X116.014 Y110.026
G0 X119.02 Y110.021
G0 X120.234 Y110.002
G0 X120.324 Y110.07
G1 F1800 X119.885 Y110.283 E55.98785
G1 X119.886 Y109.827 E55.99357
G1 X120.325 Y109.614 E55.99969
G1 X120.324 Y110.07 E56.00541
G0 F7200 X120.144 Y110.157
G0 X120.14 Y110.148
G1 F1500 E49.50541
G0 F7200 X120.103 Y110.066
G0 X120.315 Y112.63
G1 F1500 E56.00541
G0 F7200 X120.324 Y113.07
G1 F1800 X119.885 Y113.283 E56.01152
G1 X119.886 Y112.827 E56.01724
G1 X120.325 Y112.614 E56.02336
G1 X120.324 Y113.07 E56.02908
G0 F7200 X120.144 Y113.157
G0 X120.14 Y113.148
G0 X120.103 Y113.066
G0 X120.315 Y115.63
G0 X120.325 Y116.069
G1 F1800 X119.885 Y116.283 E56.03522
G1 X119.886 Y115.827 E56.04093
G1 X120.325 Y115.614 E56.04705
G1 X120.325 Y116.069 E56.05276
G0 F7200 X120.146 Y116.156
G0 X120.141 Y116.148
G0 X120.104 Y116.066
G0 X120.315 Y118.63
G0 X120.325 Y119.069
G1 F1800 X119.885 Y119.283 E56.05889
G1 X119.885 Y118.828 E56.0646
G1 X120.325 Y118.614 E56.07074
G1 X120.325 Y119.069 E56.07644
G0 F7200 X120.146 Y119.156
G0 X120.142 Y119.147
G1 F1500 E49.57644
G0 F7200 X120.105 Y119.066
G0 X121.19 Y118.88
G0 X122.81 Y118.889
G0 X124.014 Y118.88
G1 F1500 E56.07644
G0 F7200 X124.114 Y118.827
G1 F1800 X124.114 Y119.282 E56.08215
G1 X123.675 Y119.069 E56.08827
G1 X123.676 Y118.614 E56.09397
G1 X124.114 Y118.827 E56.10008
G0 F7200 X124.114 Y119.027
G0 X124.075 Y119.027
G0 X124.014 Y119.027
G0 X124.105 Y116.267
G0 X124.114 Y115.827
G1 F1800 X124.115 Y116.283 E56.1058
G1 X123.676 Y116.07 E56.11192
G1 X123.675 Y115.614 E56.11764
G1 X124.114 Y115.827 E56.12376
G0 F7200 X124.114 Y116.027
G0 X124.076 Y116.027
G1 F1500 E49.62376
G0 F7200 X124.014 Y116.026
G0 X124.105 Y113.267
G1 F1500 E56.12376
G0 F7200 X124.114 Y112.827
G1 F1800 X124.115 Y113.283 E56.12947
G1 X123.676 Y113.07 E56.13559
G1 X123.675 Y112.614 E56.14131
G1 X124.114 Y112.827 E56.14743
G0 F7200 X124.114 Y113.027
G0 X124.076 Y113.027
G0 X124.014 Y113.026
G0 X124.105 Y110.267
G0 X124.114 Y109.827
G1 F1800 X124.115 Y110.283 E56.15315
G1 X123.676 Y110.07 E56.15927
G1 X123.675 Y109.614 E56.16499
G1 X124.114 Y109.827 E56.17111
G0 F7200 X124.114 Y110.027
G0 X124.076 Y110.027
G0 X124.014 Y110.026
G0 X127.02 Y110.021
G0 X128.234 Y110.002
G0 X128.324 Y110.07
G1 F1800 X127.885 Y110.283 E56.17722
G1 X127.886 Y109.827 E56.18294
G1 X128.325 Y109.614 E56.18906
G1 X128.324 Y110.07 E56.19478
G0 F7200 X128.144 Y110.157
G0 X128.14 Y110.148
G1 F1500 E49.69478
G0 F7200 X128.103 Y110.066
G0 X128.315 Y112.63
G1 F1500 E56.19478
G0 F7200 X128.324 Y113.07
G1 F1800 X127.885 Y113.283 E56.2009
G1 X127.886 Y112.827 E56.20662
G1 X128.325 Y112.614 E56.21274
G1 X128.324 Y113.07 E56.21846
G0 F7200 X128.144 Y113.157
G0 X128.14 Y113.148
G0 X128.103 Y113.066
G0 X128.315 Y115.63
G0 X128.324 Y116.07
G1 F1800 X127.885 Y116.283 E56.22457
G1 X127.886 Y115.827 E56.23029
G1 X128.325 Y115.614 E56.23641
G1 X128.324 Y116.07 E56.24213
G0 F7200 X128.144 Y116.157
G0 X128.14 Y116.148
G1 F1500 E49.74213
G0 F7200 X128.103 Y116.066
G0 X128.315 Y118.63
G1 F1500 E56.24213
G0 F7200 X128.325 Y119.069
G1 F1800 X127.886 Y119.283 E56.24825
G1 X127.885 Y118.828 E56.25396
G1 X128.325 Y118.614 E56.2601
G1 X128.325 Y119.069 E56.2658
G0 F7200 X128.146 Y119.156
G0 X128.142 Y119.147
G0 X128.105 Y119.066
G0 X129.19 Y118.88
G0 X130.81 Y118.889
G0 X132.014 Y118.88
G0 X132.114 Y118.827
G1 F1800 X132.114 Y119.282 E56.27151
G1 X131.675 Y119.069 E56.27763
G1 X131.676 Y118.614 E56.28333
G1 X132.114 Y118.827 E56.28944
G0 F7200 X132.114 Y119.027
G0 X132.075 Y119.027
G1 F1500 E49.78944
G0 F7200 X132.014 Y119.027
G0 X132.105 Y116.267
G1 F1500 E56.28944
G0 F7200 X132.114 Y115.827
G1 F1800 X132.115 Y116.283 E56.29516
G1 X131.676 Y116.07 E56.30128
G1 X131.675 Y115.614 E56.307
G1 X132.114 Y115.827 E56.31312
G0 F7200 X132.114 Y116.027
G0 X132.076 Y116.027
G0 X132.014 Y116.026
G0 X132.105 Y113.267
G0 X132.114 Y112.827
G1 F1800 X132.115 Y113.283 E56.31883
G1 X131.676 Y113.07 E56.32495
G1 X131.675 Y112.614 E56.33067
G1 X132.114 Y112.827 E56.33679
G0 F7200 X132.114 Y113.027
G0 X132.076 Y113.027
G0 X132.014 Y113.026
G0 X132.105 Y110.267
G0 X132.114 Y109.827
G1 F1800 X132.115 Y110.283 E56.34251
G1 X131.676 Y110.07 E56.34863
G1 X131.675 Y109.614 E56.35435
G1 X132.114 Y109.827 E56.36047
G0 F7200 X132.114 Y110.027
G0 X132.076 Y110.027
G1 F1500 E49.86047
;MESH:NONMESH
G0 F600 X132.076 Y110.027 Z11.6
G0 F7200 X132.014 Y110.026
G0 X130.811 Y109.926
G0 X129.172 Y108.262
G0 X114.828 Y108.262
G0 X113.19 Y109.881
G1 F1500 E56.36047
G0 F7200 X112.535 Y109.968
;TIME_ELAPSED:616.389811
;LAYER:57
;TYPE:WALL-OUTER
;MESH:output_v2\A_fina_suporte.stl
G1 F1800 X112.096 Y110.181 E56.36658
G1 X112.096 Y109.725 E56.3723
G1 X112.534 Y109.513 E56.3784
G1 X112.535 Y109.968 E56.38411
G0 F7200 X112.355 Y110.055
G0 X112.351 Y110.046
G0 X112.314 Y109.964
G0 X112.524 Y112.529
G0 X112.535 Y112.968
G1 F1800 X112.096 Y113.181 E56.39023
G1 X112.096 Y112.725 E56.39595
G1 X112.534 Y112.513 E56.40205
G1 X112.535 Y112.968 E56.40776
G0 F7200 X112.355 Y113.055
G0 X112.351 Y113.046
G1 F1500 E49.90776
G0 F7200 X112.314 Y112.964
G0 X112.524 Y115.529
G1 F1500 E56.40776
G0 F7200 X112.535 Y115.968
G1 F1800 X112.096 Y116.181 E56.41388
G1 X112.096 Y115.725 E56.41959
G1 X112.534 Y115.513 E56.4257
G1 X112.535 Y115.968 E56.4314
G0 F7200 X112.355 Y116.055
G0 X112.351 Y116.046
G0 X112.314 Y115.964
G0 X112.524 Y118.529
G0 X112.535 Y118.968
G1 F1800 X112.096 Y119.181 E56.43752
G1 X112.095 Y118.726 E56.44323
G1 X112.534 Y118.513 E56.44935
G1 X112.535 Y118.968 E56.45505
G0 F7200 X112.355 Y119.055
G0 X112.351 Y119.046
G0 X112.314 Y118.964
G0 X109.499 Y119.414
G0 X109.513 Y119.9
G1 F1800 X109.109 Y119.9 E56.46012
G1 X109.108 Y119.4 E56.46639
G1 X109.513 Y119.4 E56.47147
G1 X109.513 Y119.9 E56.47774
G0 F7200 X109.313 Y119.9
G0 X109.313 Y119.8
G1 F1500 E49.97774
G0 F7200 X110.378 Y119.414
G0 X111.251 Y120.53
G0 X114.601 Y118.961
G0 X115.804 Y118.778
G1 F1500 E56.47774
G0 F7200 X115.904 Y118.725
G1 F1800 X115.904 Y119.181 E56.48346
G1 X115.466 Y118.97 E56.48955
G1 X115.465 Y118.512 E56.4953
G1 X115.904 Y118.725 E56.50141
G0 F7200 X115.904 Y118.925
G0 X115.866 Y118.926
G0 X115.804 Y118.926
G0 X115.895 Y116.166
G0 X115.904 Y115.725
G1 F1800 X115.905 Y116.182 E56.50715
G1 X115.466 Y115.97 E56.51326
G1 X115.465 Y115.512 E56.519
G1 X115.904 Y115.725 E56.52512
G0 F7200 X115.904 Y115.925
G0 X115.866 Y115.925
G0 X115.804 Y115.924
G0 X115.895 Y113.166
G0 X115.904 Y112.725
G1 F1800 X115.905 Y113.182 E56.53085
G1 X115.466 Y112.97 E56.53697
G1 X115.465 Y112.512 E56.54271
G1 X115.904 Y112.725 E56.54883
G0 F7200 X115.904 Y112.925
G0 X115.866 Y112.925
G0 X115.804 Y112.924
G0 X115.895 Y110.166
G0 X115.904 Y109.725
G1 F1800 X115.905 Y110.182 E56.55456
G1 X115.466 Y109.97 E56.56067
G1 X115.465 Y109.512 E56.56642
G1 X115.904 Y109.725 E56.57254
G0 F7200 X115.904 Y109.925
G0 X115.866 Y109.925
G0 X115.804 Y109.924
G0 X119.231 Y109.923
G0 X120.434 Y109.914
G0 X120.535 Y109.968
G1 F1800 X120.096 Y110.181 E56.57865
G1 X120.096 Y109.725 E56.58437
G1 X120.534 Y109.513 E56.59048
G1 X120.535 Y109.968 E56.59618
G0 F7200 X120.355 Y110.055
G0 X120.351 Y110.046
G0 X120.314 Y109.964
G0 X120.524 Y112.529
G0 X120.535 Y112.968
G1 F1800 X120.096 Y113.181 E56.6023
G1 X120.096 Y112.725 E56.60802
G1 X120.534 Y112.513 E56.61412
G1 X120.535 Y112.968 E56.61983
G0 F7200 X120.355 Y113.055
G0 X120.351 Y113.046
G0 X120.314 Y112.964
G0 X120.524 Y115.529
G0 X120.535 Y115.968
G1 F1800 X120.096 Y116.181 E56.62595
G1 X120.096 Y115.725 E56.63166
G1 X120.534 Y115.513 E56.63777
G1 X120.535 Y115.968 E56.64347
G0 F7200 X120.355 Y116.055
G0 X120.351 Y116.046
G0 X120.314 Y115.964
G0 X120.524 Y118.529
G0 X120.535 Y118.968
G1 F1800 X120.096 Y119.181 E56.64959
G1 X120.095 Y118.726 E56.6553
G1 X120.534 Y118.513 E56.66142
G1 X120.535 Y118.968 E56.66712
G0 F7200 X120.355 Y119.055
G0 X120.351 Y119.046
G1 F1500 E50.16712
G0 F7200 X120.314 Y118.964
G0 X121.399 Y118.784
G0 X122.601 Y118.78
G0 X123.804 Y118.778
G1 F1500 E56.66712
G0 F7200 X123.904 Y118.725
G1 F1800 X123.904 Y119.181 E56.67284
G1 X123.466 Y118.97 E56.67894
G1 X123.465 Y118.512 E56.68468
G1 X123.904 Y118.725 E56.6908
G0 F7200 X123.904 Y118.925
G0 X123.866 Y118.926
G0 X123.804 Y118.926
G0 X123.895 Y116.166
G0 X123.904 Y115.725
G1 F1800 X123.905 Y116.182 E56.69653
G1 X123.466 Y115.97 E56.70264
G1 X123.465 Y115.512 E56.70839
G1 X123.904 Y115.725 E56.71451
G0 F7200 X123.904 Y115.925
G0 X123.866 Y115.925
G0 X123.804 Y115.924
G0 X123.895 Y113.166
G0 X123.904 Y112.725
G1 F1800 X123.905 Y113.182 E56.72024
G1 X123.466 Y112.97 E56.72635
G1 X123.465 Y112.512 E56.7321
G1 X123.904 Y112.725 E56.73821
G0 F7200 X123.904 Y112.925
G0 X123.866 Y112.925
G0 X123.804 Y112.924
G0 X123.895 Y110.166
G0 X123.904 Y109.725
G1 F1800 X123.905 Y110.182 E56.74395
G1 X123.466 Y109.97 E56.75006
G1 X123.465 Y109.512 E56.7558
G1 X123.904 Y109.725 E56.76192
G0 F7200 X123.904 Y109.925
G0 X123.866 Y109.925
G0 X123.804 Y109.924
G0 X127.231 Y109.923
G0 X128.434 Y109.914
G0 X128.535 Y109.968
G1 F1800 X128.096 Y110.181 E56.76804
G1 X128.096 Y109.725 E56.77376
G1 X128.534 Y109.513 E56.77986
G1 X128.535 Y109.968 E56.78557
G0 F7200 X128.355 Y110.055
G0 X128.351 Y110.046
G0 X128.314 Y109.964
G0 X128.524 Y112.529
G0 X128.535 Y112.968
G1 F1800 X128.096 Y113.181 E56.79169
G1 X128.096 Y112.725 E56.7974
G1 X128.534 Y112.513 E56.80351
G1 X128.535 Y112.968 E56.80921
G0 F7200 X128.355 Y113.055
G0 X128.351 Y113.046
G0 X128.314 Y112.964
G0 X128.524 Y115.529
G0 X128.535 Y115.968
G1 F1800 X128.096 Y116.181 E56.81533
G1 X128.096 Y115.725 E56.82105
G1 X128.534 Y115.513 E56.82715
G1 X128.535 Y115.968 E56.83286
G0 F7200 X128.355 Y116.055
G0 X128.351 Y116.046
G0 X128.314 Y115.964
G0 X128.524 Y118.529
G0 X128.535 Y118.968
G1 F1800 X128.096 Y119.181 E56.83898
G1 X128.095 Y118.726 E56.84468
G1 X128.534 Y118.513 E56.8508
G1 X128.535 Y118.968 E56.85651
G0 F7200 X128.355 Y119.055
G0 X128.351 Y119.046
G1 F1500 E50.35651
G0 F7200 X128.314 Y118.964
G0 X129.399 Y118.784
G0 X130.601 Y118.78
G0 X131.804 Y118.778
G1 F1500 E56.85651
G0 F7200 X131.904 Y118.725
G1 F1800 X131.904 Y119.181 E56.86223
G1 X131.466 Y118.97 E56.86832
G1 X131.465 Y118.512 E56.87407
G1 X131.904 Y118.725 E56.88019
G0 F7200 X131.904 Y118.925
G0 X131.866 Y118.926
G1 F1500 E50.38019
G0 F7200 X131.804 Y118.926
G0 X131.895 Y116.166
G1 F1500 E56.88019
G0 F7200 X131.904 Y115.725
G1 F1800 X131.905 Y116.182 E56.88592
G1 X131.466 Y115.97 E56.89203
G1 X131.465 Y115.512 E56.89777
G1 X131.904 Y115.725 E56.90389
G0 F7200 X131.904 Y115.925
G0 X131.866 Y115.925
G1 F1500 E50.40389
G0 F7200 X131.804 Y115.924
G0 X131.895 Y113.166
G1 F1500 E56.90389
G0 F7200 X131.904 Y112.725
G1 F1800 X131.905 Y113.182 E56.90962
G1 X131.466 Y112.97 E56.91574
G1 X131.465 Y112.512 E56.92148
G1 X131.904 Y112.725 E56.9276
G0 F7200 X131.904 Y112.925
G0 X131.866 Y112.925
G1 F1500 E50.4276
G0 F7200 X131.804 Y112.924
G0 X131.895 Y110.166
G1 F1500 E56.9276
G0 F7200 X131.904 Y109.725
G1 F1800 X131.905 Y110.182 E56.93333
G1 X131.466 Y109.97 E56.93944
G1 X131.465 Y109.512 E56.94519
G1 X131.904 Y109.725 E56.95131
G0 F7200 X131.904 Y109.925
G0 X131.866 Y109.925
;MESH:NONMESH
G0 F600 X131.866 Y109.925 Z11.8
G0 F7200 X131.804 Y109.924
G0 X130.601 Y109.869
G0 X129.38 Y108.257
G0 X124.768 Y109.898
G0 X124.752 Y111.531
G0 X120.97 Y110.717
G0 X119.25 Y111.531
G0 X116.752 Y111.531
G0 X113.399 Y109.957
G0 X112.62 Y109.926
;TIME_ELAPSED:624.039751
;LAYER:58
;TYPE:WALL-OUTER
;MESH:output_v2\A_fina_suporte.stl
G1 F1800 X112.306 Y110.079 E56.95569
G1 X112.306 Y109.623 E56.9614
G1 X112.744 Y109.411 E56.96751
G1 X112.745 Y109.878 E56.97336
G1 X112.62 Y109.926 E56.97504
G0 F7200 X112.441 Y110.013
G0 X112.706 Y109.654
G1 F1500 E50.47504
G0 F7200 X112.644 Y109.653
G0 X115.256 Y109.862
G1 F1500 E56.97504
G0 F7200 X115.38 Y109.926
G1 F1800 X115.256 Y109.878 E56.97671
G1 X115.255 Y109.411 E56.98257
G1 X115.694 Y109.623 E56.98614
G1 X115.695 Y110.079 E56.99166
G1 X115.38 Y109.926 E56.99343
G0 F7200 X115.256 Y109.878
G0 X115.256 Y109.81
G0 X115.294 Y109.81
G1 F1500 E50.49343
G0 F7200 X115.357 Y109.81
G0 X115.265 Y112.427
G1 F1500 E56.99343
G0 F7200 X115.38 Y112.926
G1 F1800 X115.256 Y112.878 E56.9951
G1 X115.255 Y112.411 E57.00096
G1 X115.694 Y112.623 E57.00453
G1 X115.695 Y113.079 E57.01005
G1 X115.38 Y112.926 E57.01182
G0 F7200 X115.256 Y112.878
G0 X115.256 Y112.81
G0 X115.294 Y112.81
G1 F1500 E50.51182
G0 F7200 X115.357 Y112.81
G0 X112.729 Y112.867
G1 F1500 E57.01182
G0 F7200 X112.62 Y112.926
G1 F1800 X112.306 Y113.079 E57.0162
G1 X112.306 Y112.623 E57.02192
G1 X112.744 Y112.411 E57.02802
G1 X112.745 Y112.878 E57.03388
G1 X112.62 Y112.926 E57.03556
G0 F7200 X112.441 Y113.013
G0 X112.706 Y112.654
G1 F1500 E50.53556
G0 F7200 X112.644 Y112.653
G0 X112.734 Y115.427
G1 F1500 E57.03556
G0 F7200 X112.62 Y115.926
G1 F1800 X112.306 Y116.079 E57.03994
G1 X112.306 Y115.623 E57.04566
G1 X112.744 Y115.411 E57.05176
G1 X112.745 Y115.878 E57.05762
G1 X112.62 Y115.926 E57.0593
G0 F7200 X112.441 Y116.013
G0 X112.706 Y115.654
G1 F1500 E50.5593
G0 F7200 X112.644 Y115.653
G0 X115.256 Y115.862
G1 F1500 E57.0593
G0 F7200 X115.38 Y115.926
G1 F1800 X115.256 Y115.878 E57.06096
G1 X115.255 Y115.411 E57.06682
G1 X115.694 Y115.623 E57.07039
G1 X115.695 Y116.079 E57.07591
G1 X115.38 Y115.926 E57.07769
G0 F7200 X115.256 Y115.878
G0 X115.256 Y115.81
G0 X115.294 Y115.81
G1 F1500 E50.57769
G0 F7200 X115.357 Y115.81
G0 X115.265 Y118.427
G1 F1500 E57.07769
G0 F7200 X115.38 Y118.926
G1 F1800 X115.256 Y118.878 E57.07935
G1 X115.255 Y118.411 E57.08521
G1 X115.694 Y118.623 E57.08879
G1 X115.694 Y119.079 E57.0943
G1 X115.38 Y118.926 E57.09607
G0 F7200 X115.256 Y118.878
G0 X115.256 Y118.81
G0 X115.294 Y118.811
G0 X115.357 Y118.811
G0 X112.729 Y118.867
G0 X112.62 Y118.926
G1 F1800 X112.306 Y119.079 E57.10045
G1 X112.305 Y118.624 E57.10615
G1 X112.744 Y118.411 E57.11227
G1 X112.745 Y118.878 E57.11813
G1 X112.62 Y118.926 E57.11981
G0 F7200 X112.441 Y119.013
G0 X112.706 Y118.654
G1 F1500 E50.61981
G0 F7200 X112.644 Y118.653
G0 X111.441 Y119.064
G0 X110.352 Y119.412
G0 X109.387 Y119.829
G1 F1500 E57.11981
G0 F7200 X109.488 Y119.9
G1 F1800 X109.083 Y119.9 E57.12488
G1 X109.083 Y119.4 E57.13115
G1 X109.487 Y119.4 E57.13622
G1 X109.488 Y119.9 E57.14249
G0 F7200 X109.288 Y119.9
G0 X109.288 Y119.8
G1 F1500 E50.64249
G0 F7200 X110.352 Y119.412
G0 X111.461 Y120.428
G0 X116.54 Y120.429
G0 X119.441 Y119.064
G0 X120.581 Y118.835
G1 F1500 E57.14249
G0 F7200 X120.62 Y118.926
G1 F1800 X120.306 Y119.079 E57.14687
G1 X120.305 Y118.624 E57.15258
G1 X120.744 Y118.411 E57.1587
G1 X120.745 Y118.878 E57.16455
G1 X120.62 Y118.926 E57.16623
G0 F7200 X120.441 Y119.013
G0 X120.706 Y118.654
G1 F1500 E50.66623
G0 F7200 X120.644 Y118.653
G0 X123.256 Y118.862
G1 F1500 E57.16623
G0 F7200 X123.38 Y118.926
G1 F1800 X123.256 Y118.878 E57.1679
G1 X123.255 Y118.411 E57.17376
G1 X123.694 Y118.623 E57.17733
G1 X123.694 Y119.079 E57.18284
G1 X123.38 Y118.926 E57.18461
G0 F7200 X123.256 Y118.878
G0 X123.256 Y118.81
G0 X123.294 Y118.811
G1 F1500 E50.68461
G0 F7200 X123.357 Y118.811
G0 X123.685 Y116.063
G1 F1500 E57.18461
G0 F7200 X123.38 Y115.926
G1 F1800 X123.256 Y115.878 E57.18628
G1 X123.255 Y115.411 E57.19213
G1 X123.694 Y115.623 E57.19571
G1 X123.695 Y116.079 E57.20122
G1 X123.38 Y115.926 E57.203
G0 F7200 X123.256 Y115.878
G0 X123.256 Y115.81
G0 X123.294 Y115.81
G1 F1500 E50.703
G0 F7200 X123.357 Y115.81
G0 X120.729 Y115.867
G1 F1500 E57.203
G0 F7200 X120.62 Y115.926
G1 F1800 X120.306 Y116.079 E57.20738
G1 X120.306 Y115.623 E57.2131
G1 X120.744 Y115.411 E57.2192
G1 X120.745 Y115.878 E57.22506
G1 X120.62 Y115.926 E57.22674
G0 F7200 X120.441 Y116.013
G0 X120.706 Y115.654
G1 F1500 E50.72674
G0 F7200 X120.644 Y115.653
G0 X120.316 Y113.063
G1 F1500 E57.22674
G0 F7200 X120.62 Y112.926
G1 F1800 X120.306 Y113.079 E57.23112
G1 X120.306 Y112.623 E57.23684
G1 X120.744 Y112.411 E57.24294
G1 X120.745 Y112.878 E57.24879
G1 X120.62 Y112.926 E57.25047
G0 F7200 X120.441 Y113.013
G0 X120.706 Y112.654
G1 F1500 E50.75047
G0 F7200 X120.644 Y112.653
G0 X123.256 Y112.835
G1 F1500 E57.25047
G0 F7200 X123.38 Y112.926
G1 F1800 X123.256 Y112.878 E57.25214
G1 X123.255 Y112.411 E57.258
G1 X123.694 Y112.623 E57.26157
G1 X123.695 Y113.079 E57.26709
G1 X123.38 Y112.926 E57.26886
G0 F7200 X123.256 Y112.878
G0 X123.256 Y112.81
G0 X123.294 Y112.81
G0 X123.357 Y112.81
G0 X123.685 Y110.063
G0 X123.38 Y109.926
G1 F1800 X123.256 Y109.878 E57.27053
G1 X123.255 Y109.411 E57.27639
G1 X123.694 Y109.623 E57.27996
G1 X123.695 Y110.079 E57.28548
G1 X123.38 Y109.926 E57.28725
G0 F7200 X123.256 Y109.878
G0 X123.256 Y109.81
G0 X123.294 Y109.81
G0 X123.357 Y109.81
G0 X120.729 Y109.867
G0 X120.62 Y109.926
G1 F1800 X120.306 Y110.079 E57.29163
G1 X120.306 Y109.623 E57.29735
G1 X120.744 Y109.411 E57.30346
G1 X120.745 Y109.878 E57.30931
G1 X120.62 Y109.926 E57.31099
G0 F7200 X120.441 Y110.013
G0 X120.706 Y109.654
G0 X120.644 Y109.653
G0 X122.399 Y110.467
G0 X124.542 Y111.431
G0 X127.441 Y109.867
G0 X128.581 Y109.835
G0 X128.62 Y109.926
G1 F1800 X128.306 Y110.079 E57.31537
G1 X128.306 Y109.623 E57.32109
G1 X128.744 Y109.411 E57.32719
G1 X128.745 Y109.878 E57.33305
G1 X128.62 Y109.926 E57.33473
G0 F7200 X128.441 Y110.013
G0 X128.706 Y109.654
G0 X128.644 Y109.653
G0 X131.256 Y109.862
G0 X131.38 Y109.926
G1 F1800 X131.256 Y109.878 E57.33639
G1 X131.255 Y109.411 E57.34225
G1 X131.694 Y109.623 E57.34583
G1 X131.695 Y110.079 E57.35134
G1 X131.38 Y109.926 E57.35312
G0 F7200 X131.256 Y109.878
G0 X131.256 Y109.81
G0 X131.294 Y109.81
G0 X131.357 Y109.81
G0 X131.265 Y112.427
G0 X131.38 Y112.926
G1 F1800 X131.256 Y112.878 E57.35479
G1 X131.255 Y112.411 E57.36064
G1 X131.694 Y112.623 E57.36422
G1 X131.695 Y113.079 E57.36973
G1 X131.38 Y112.926 E57.37151
G0 F7200 X131.256 Y112.878
G0 X131.256 Y112.81
G0 X131.294 Y112.81
G0 X131.357 Y112.81
G0 X128.729 Y112.867
G0 X128.62 Y112.926
G1 F1800 X128.306 Y113.079 E57.37589
G1 X128.306 Y112.623 E57.38161
G1 X128.744 Y112.411 E57.38771
G1 X128.745 Y112.878 E57.39357
G1 X128.62 Y112.926 E57.39524
G0 F7200 X128.441 Y113.013
G0 X128.706 Y112.654
G1 F1500 E50.89524
G0 F7200 X128.644 Y112.653
G0 X128.734 Y115.427
G1 F1500 E57.39524
G0 F7200 X128.62 Y115.926
G1 F1800 X128.306 Y116.079 E57.39963
G1 X128.306 Y115.623 E57.40534
G1 X128.744 Y115.411 E57.41145
G1 X128.745 Y115.878 E57.4173
G1 X128.62 Y115.926 E57.41898
G0 F7200 X128.441 Y116.013
G0 X128.706 Y115.654
G0 X128.644 Y115.653
G0 X131.256 Y115.862
G0 X131.38 Y115.926
G1 F1800 X131.256 Y115.878 E57.42065
G1 X131.255 Y115.411 E57.42651
G1 X131.694 Y115.623 E57.43008
G1 X131.695 Y116.079 E57.43559
G1 X131.38 Y115.926 E57.43737
G0 F7200 X131.256 Y115.878
G0 X131.256 Y115.81
G0 X131.294 Y115.81
G0 X131.357 Y115.81
G0 X131.265 Y118.427
G0 X131.38 Y118.926
G1 F1800 X131.256 Y118.878 E57.43904
G1 X131.255 Y118.411 E57.4449
G1 X131.694 Y118.623 E57.44847
G1 X131.694 Y119.079 E57.45398
G1 X131.38 Y118.926 E57.45575
G0 F7200 X131.256 Y118.878
G0 X131.256 Y118.81
G0 X131.294 Y118.811
G0 X131.357 Y118.811
G0 X128.729 Y118.867
G0 X128.62 Y118.926
G1 F1800 X128.306 Y119.079 E57.46013
G1 X128.305 Y118.624 E57.46584
G1 X128.744 Y118.411 E57.47196
G1 X128.745 Y118.878 E57.47781
G1 X128.62 Y118.926 E57.47949
G0 F7200 X128.441 Y119.013
G0 X128.706 Y118.654
;MESH:NONMESH
G0 F600 X128.706 Y118.654 Z12
G0 F7200 X128.644 Y118.653
G0 X127.441 Y118.635
G0 X124.542 Y117.431
G0 X122.399 Y116.467
G0 X121.59 Y114.174
G0 X119.46 Y114.429
G0 X114.697 Y110.555
G0 X113.609 Y109.866
G0 X112.581 Y109.835
G0 X112.62 Y109.926
;TIME_ELAPSED:635.618598
;LAYER:59
;TYPE:WALL-OUTER
;MESH:output_v2\A_fina_suporte.stl
G1 F1800 X112.516 Y109.977 E57.48094
G1 X112.516 Y109.521 E57.48666
G1 X112.775 Y109.396 E57.49027
G1 X112.954 Y109.327 E57.49267
G1 X112.955 Y109.798 E57.49858
G1 X112.62 Y109.926 E57.50308
G0 F7200 X112.516 Y109.977
G0 X112.516 Y109.892
G0 X112.747 Y109.448
G0 X112.773 Y109.508
G0 X115.062 Y109.787
G0 X115.38 Y109.926
G1 F1800 X115.046 Y109.798 E57.50756
G1 X115.045 Y109.327 E57.51347
G1 X115.225 Y109.396 E57.51589
G1 X115.484 Y109.521 E57.51949
G1 X115.485 Y109.977 E57.52521
G1 X115.38 Y109.926 E57.52668
G0 F7200 X115.193 Y109.855
G0 X115.175 Y109.815
G0 X115.2 Y109.751
G0 X115.056 Y112.343
G0 X115.38 Y112.926
G1 F1800 X115.046 Y112.798 E57.53116
G1 X115.045 Y112.327 E57.53707
G1 X115.225 Y112.396 E57.53949
G1 X115.484 Y112.521 E57.54309
G1 X115.485 Y112.977 E57.54881
G1 X115.38 Y112.926 E57.55027
G0 F7200 X115.193 Y112.855
G0 X115.175 Y112.815
G0 X115.2 Y112.751
G0 X112.939 Y112.787
G0 X112.62 Y112.926
G1 F1800 X112.516 Y112.977 E57.55173
G1 X112.516 Y112.521 E57.55745
G1 X112.775 Y112.396 E57.56105
G1 X112.954 Y112.327 E57.56346
G1 X112.955 Y112.798 E57.56936
G1 X112.62 Y112.926 E57.57386
G0 F7200 X112.516 Y112.977
G0 X112.516 Y112.892
G0 X112.747 Y112.448
G1 F1500 E51.07386
G0 F7200 X112.773 Y112.508
G0 X112.943 Y115.343
G1 F1500 E57.57386
G0 F7200 X112.62 Y115.926
G1 F1800 X112.516 Y115.977 E57.57531
G1 X112.516 Y115.521 E57.58103
G1 X112.775 Y115.396 E57.58464
G1 X112.954 Y115.327 E57.58704
G1 X112.955 Y115.798 E57.59295
G1 X112.62 Y115.926 E57.59745
G0 F7200 X112.516 Y115.977
G0 X112.516 Y115.892
G0 X112.747 Y115.448
G1 F1500 E51.09745
G0 F7200 X112.773 Y115.508
G0 X115.062 Y115.787
G1 F1500 E57.59745
G0 F7200 X115.38 Y115.926
G1 F1800 X115.046 Y115.798 E57.60193
G1 X115.045 Y115.327 E57.60784
G1 X115.225 Y115.396 E57.61026
G1 X115.484 Y115.521 E57.61386
G1 X115.485 Y115.977 E57.61958
G1 X115.38 Y115.926 E57.62105
G0 F7200 X115.193 Y115.855
G0 X115.175 Y115.815
G1 F1500 E51.12105
G0 F7200 X115.2 Y115.751
G0 X115.056 Y118.343
G1 F1500 E57.62105
G0 F7200 X115.38 Y118.926
G1 F1800 X115.046 Y118.798 E57.62553
G1 X115.045 Y118.327 E57.63144
G1 X115.225 Y118.396 E57.63386
G1 X115.484 Y118.521 E57.63746
G1 X115.484 Y118.977 E57.64318
G1 X115.38 Y118.926 E57.64463
G0 F7200 X115.193 Y118.855
G0 X115.175 Y118.815
G1 F1500 E51.14463
G0 F7200 X115.2 Y118.751
G0 X112.939 Y118.787
G1 F1500 E57.64463
G0 F7200 X112.62 Y118.926
G1 F1800 X112.516 Y118.977 E57.64609
G1 X112.515 Y118.522 E57.65179
G1 X112.775 Y118.396 E57.65541
G1 X112.954 Y118.327 E57.65782
G1 X112.955 Y118.798 E57.66373
G1 X112.62 Y118.926 E57.66822
G0 F7200 X112.516 Y118.977
G0 X112.516 Y118.892
G0 X112.747 Y118.449
G1 F1500 E51.16822
G0 F7200 X112.774 Y118.508
G0 X111.651 Y118.961
G0 X110.336 Y119.412
G0 X109.371 Y119.829
G1 F1500 E57.66822
G0 F7200 X109.472 Y119.9
G1 F1800 X109.066 Y119.9 E57.67332
G1 X109.066 Y119.4 E57.67959
G1 X109.471 Y119.4 E57.68466
G1 X109.472 Y119.9 E57.69093
G0 F7200 X109.272 Y119.9
G0 X109.272 Y119.8
G1 F1500 E51.19093
G0 F7200 X110.336 Y119.412
G0 X111.671 Y120.326
G0 X116.33 Y120.326
G0 X119.651 Y118.961
G1 F1500 E57.69093
G0 F7200 X120.62 Y118.926
G1 F1800 X120.516 Y118.977 E57.69239
G1 X120.515 Y118.522 E57.69809
G1 X120.775 Y118.396 E57.70172
G1 X120.954 Y118.327 E57.70412
G1 X120.955 Y118.798 E57.71003
G1 X120.62 Y118.926 E57.71453
G0 F7200 X120.516 Y118.977
G0 X120.516 Y118.892
G0 X120.747 Y118.449
G1 F1500 E51.21453
G0 F7200 X120.774 Y118.508
G0 X123.062 Y118.787
G1 F1500 E57.71453
G0 F7200 X123.38 Y118.926
G1 F1800 X123.046 Y118.798 E57.71901
G1 X123.045 Y118.327 E57.72492
G1 X123.225 Y118.396 E57.72734
G1 X123.484 Y118.521 E57.73094
G1 X123.484 Y118.977 E57.73666
G1 X123.38 Y118.926 E57.73811
G0 F7200 X123.193 Y118.855
G0 X123.175 Y118.815
G1 F1500 E51.23811
G0 F7200 X123.2 Y118.751
G0 X123.475 Y115.961
G1 F1500 E57.73811
G0 F7200 X123.38 Y115.926
G1 F1800 X123.046 Y115.798 E57.7426
G1 X123.045 Y115.327 E57.7485
G1 X123.225 Y115.396 E57.75092
G1 X123.484 Y115.521 E57.75453
G1 X123.485 Y115.977 E57.76025
G1 X123.38 Y115.926 E57.76171
G0 F7200 X123.193 Y115.855
G0 X123.175 Y115.815
G1 F1500 E51.26171
G0 F7200 X123.2 Y115.751
G0 X120.939 Y115.787
G1 F1500 E57.76171
G0 F7200 X120.62 Y115.926
G1 F1800 X120.516 Y115.977 E57.76316
G1 X120.516 Y115.521 E57.76888
G1 X120.775 Y115.396 E57.77249
G1 X120.954 Y115.327 E57.77489
G1 X120.955 Y115.798 E57.7808
G1 X120.62 Y115.926 E57.7853
G0 F7200 X120.516 Y115.977
G0 X120.516 Y115.892
G0 X120.747 Y115.448
G1 F1500 E51.2853
G0 F7200 X120.773 Y115.508
G0 X120.526 Y112.96
G1 F1500 E57.7853
G0 F7200 X120.62 Y112.926
G1 F1800 X120.516 Y112.977 E57.78675
G1 X120.516 Y112.521 E57.79247
G1 X120.775 Y112.396 E57.79608
G1 X120.954 Y112.327 E57.79848
G1 X120.955 Y112.798 E57.80439
G1 X120.62 Y112.926 E57.80888
G0 F7200 X120.516 Y112.977
G0 X120.516 Y112.892
G0 X120.747 Y112.448
G1 F1500 E51.30888
G0 F7200 X120.773 Y112.508
G0 X123.062 Y112.787
G1 F1500 E57.80888
G0 F7200 X123.38 Y112.926
G1 F1800 X123.046 Y112.798 E57.81337
G1 X123.045 Y112.327 E57.81928
G1 X123.225 Y112.396 E57.82169
G1 X123.484 Y112.521 E57.8253
G1 X123.485 Y112.977 E57.83102
G1 X123.38 Y112.926 E57.83248
G0 F7200 X123.193 Y112.855
G0 X123.175 Y112.815
G1 F1500 E51.33248
G0 F7200 X123.2 Y112.751
G0 X123.475 Y109.961
G1 F1500 E57.83248
G0 F7200 X123.38 Y109.926
G1 F1800 X123.046 Y109.798 E57.83697
G1 X123.045 Y109.327 E57.84288
G1 X123.225 Y109.396 E57.84529
G1 X123.484 Y109.521 E57.8489
G1 X123.485 Y109.977 E57.85462
G1 X123.38 Y109.926 E57.85608
G0 F7200 X123.193 Y109.855
G0 X123.175 Y109.815
G1 F1500 E51.35608
G0 F7200 X123.2 Y109.751
G0 X120.939 Y109.787
G1 F1500 E57.85608
G0 F7200 X120.62 Y109.926
G1 F1800 X120.516 Y109.977 E57.85753
G1 X120.516 Y109.521 E57.86325
G1 X120.775 Y109.396 E57.86686
G1 X120.954 Y109.327 E57.86926
G1 X120.955 Y109.798 E57.87517
G1 X120.62 Y109.926 E57.87967
G0 F7200 X120.516 Y109.977
G0 X120.516 Y109.892
G0 X120.747 Y109.448
G1 F1500 E51.37967
G0 F7200 X120.773 Y109.508
G0 X121.82 Y109.785
G0 X124.332 Y111.329
G0 X127.651 Y109.787
G1 F1500 E57.87967
G0 F7200 X128.62 Y109.926
G1 F1800 X128.516 Y109.977 E57.88112
G1 X128.516 Y109.521 E57.88684
G1 X128.775 Y109.396 E57.89045
G1 X128.954 Y109.327 E57.89285
G1 X128.955 Y109.798 E57.89876
G1 X128.62 Y109.926 E57.90326
G0 F7200 X128.516 Y109.977
G0 X128.516 Y109.892
G0 X128.747 Y109.448
G1 F1500 E51.40326
G0 F7200 X128.773 Y109.508
G0 X131.062 Y109.787
G1 F1500 E57.90326
G0 F7200 X131.38 Y109.926
G1 F1800 X131.046 Y109.798 E57.90774
G1 X131.045 Y109.327 E57.91365
G1 X131.225 Y109.396 E57.91606
G1 X131.484 Y109.521 E57.91967
G1 X131.485 Y109.977 E57.92539
G1 X131.38 Y109.926 E57.92685
G0 F7200 X131.193 Y109.855
G0 X131.175 Y109.815
G1 F1500 E51.42685
G0 F7200 X131.2 Y109.751
G0 X131.056 Y112.343
G1 F1500 E57.92685
G0 F7200 X131.38 Y112.926
G1 F1800 X131.046 Y112.798 E57.93134
G1 X131.045 Y112.327 E57.93725
G1 X131.225 Y112.396 E57.93966
G1 X131.484 Y112.521 E57.94327
G1 X131.485 Y112.977 E57.94899
G1 X131.38 Y112.926 E57.95045
G0 F7200 X131.193 Y112.855
G0 X131.175 Y112.815
G1 F1500 E51.45045
G0 F7200 X131.2 Y112.751
G0 X128.939 Y112.787
G1 F1500 E57.95045
G0 F7200 X128.62 Y112.926
G1 F1800 X128.516 Y112.977 E57.9519
G1 X128.516 Y112.521 E57.95762
G1 X128.775 Y112.396 E57.96123
G1 X128.954 Y112.327 E57.96363
G1 X128.955 Y112.798 E57.96954
G1 X128.62 Y112.926 E57.97404
G0 F7200 X128.516 Y112.977
G0 X128.516 Y112.892
G0 X128.747 Y112.448
G1 F1500 E51.47404
G0 F7200 X128.773 Y112.508
G0 X128.943 Y115.343
G1 F1500 E57.97404
G0 F7200 X128.62 Y115.926
G1 F1800 X128.516 Y115.977 E57.97549
G1 X128.516 Y115.521 E57.98121
G1 X128.775 Y115.396 E57.98482
G1 X128.954 Y115.327 E57.98722
G1 X128.955 Y115.798 E57.99313
G1 X128.62 Y115.926 E57.99763
G0 F7200 X128.516 Y115.977
G0 X128.516 Y115.892
G0 X128.747 Y115.448
G1 F1500 E51.49763
G0 F7200 X128.773 Y115.508
G0 X131.062 Y115.787
G1 F1500 E57.99763
G0 F7200 X131.38 Y115.926
G1 F1800 X131.046 Y115.798 E58.00211
G1 X131.045 Y115.327 E58.00802
G1 X131.225 Y115.396 E58.01043
G1 X131.484 Y115.521 E58.01404
G1 X131.485 Y115.977 E58.01976
G1 X131.38 Y115.926 E58.02122
G0 F7200 X131.193 Y115.855
G0 X131.175 Y115.815
G1 F1500 E51.52122
G0 F7200 X131.2 Y115.751
G0 X131.056 Y118.343
G1 F1500 E58.02122
G0 F7200 X131.38 Y118.926
G1 F1800 X131.046 Y118.798 E58.02571
G1 X131.045 Y118.327 E58.03162
G1 X131.225 Y118.396 E58.03403
G1 X131.484 Y118.521 E58.03764
G1 X131.484 Y118.977 E58.04336
G1 X131.38 Y118.926 E58.04481
G0 F7200 X131.193 Y118.855
G0 X131.175 Y118.815
G1 F1500 E51.54481
G0 F7200 X131.2 Y118.751
G0 X128.939 Y118.787
G1 F1500 E58.04481
G0 F7200 X128.62 Y118.926
G1 F1800 X128.516 Y118.977 E58.04626
G1 X128.515 Y118.522 E58.05197
G1 X128.775 Y118.396 E58.05559
G1 X128.954 Y118.327 E58.058
G1 X128.955 Y118.798 E58.0639
G1 X128.62 Y118.926 E58.0684
G0 F7200 X128.516 Y118.977
G0 X128.516 Y118.892
G0 X128.747 Y118.449
G1 F1500 E51.5684
;MESH:NONMESH
G0 F600 X128.747 Y118.449 Z12.2
G0 F7200 X128.774 Y118.508
G0 X127.651 Y118.533
G0 X124.332 Y117.329
G0 X122.191 Y116.45
G0 X121.802 Y114.204
G0 X119.67 Y114.326
G0 X114.191 Y110.45
G0 X112.939 Y109.787
G1 F1500 E58.0684
G0 F7200 X113.038 Y109.766
;TIME_ELAPSED:651.421056
;LAYER:60
;TYPE:WALL-OUTER
;MESH:output_v2\A_fina_suporte.stl
G1 F1800 X112.725 Y109.886 E58.07261
G1 X112.725 Y109.42 E58.07845
G1 X112.772 Y109.397 E58.07911
G1 X113.164 Y109.246 E58.08437
G1 X113.165 Y109.731 E58.09046
G1 X113.038 Y109.766 E58.09211
G0 F7200 X112.852 Y109.837
G0 X112.969 Y109.575
;TYPE:SKIN
G1 F1800 X112.936 Y109.542 E58.0924
G0 F7200 X112.881 Y109.398
G1 F1500 E51.5924
G0 F7200 X112.9 Y109.455
G0 X114.836 Y109.671
G1 F1500 E58.0924
G0 F7200 X114.962 Y109.766
;TYPE:WALL-OUTER
G1 F1800 X114.836 Y109.732 E58.09404
G1 X114.835 Y109.246 E58.10013
G1 X115.228 Y109.397 E58.10302
G1 X115.275 Y109.42 E58.10367
G1 X115.276 Y109.886 E58.10952
G1 X114.962 Y109.766 E58.11119
G0 F7200 X114.836 Y109.732
G0 X114.836 Y109.662
G0 X114.875 Y109.662
G1 F1500 E51.61119
G0 F7200 X114.938 Y109.657
G0 X114.846 Y112.262
G1 F1500 E58.11119
G0 F7200 X114.962 Y112.766
G1 F1800 X114.836 Y112.732 E58.11283
G1 X114.835 Y112.246 E58.11892
G1 X115.228 Y112.397 E58.12181
G1 X115.275 Y112.42 E58.12246
G1 X115.276 Y112.886 E58.12831
G1 X114.962 Y112.766 E58.12998
G0 F7200 X114.836 Y112.732
G0 X114.836 Y112.662
G0 X114.875 Y112.662
G1 F1500 E51.62998
G0 F7200 X114.938 Y112.657
G0 X113.164 Y112.671
G1 F1500 E58.12998
G0 F7200 X113.038 Y112.766
G1 F1800 X112.725 Y112.886 E58.13419
G1 X112.725 Y112.42 E58.14003
G1 X112.772 Y112.397 E58.14069
G1 X113.164 Y112.246 E58.14595
G1 X113.165 Y112.731 E58.15204
G1 X113.038 Y112.766 E58.15369
G0 F7200 X112.852 Y112.837
G0 X113.125 Y112.464
G1 F1500 E51.65369
G0 F7200 X113.064 Y112.463
G0 X113.153 Y115.262
G1 F1500 E58.15369
G0 F7200 X113.038 Y115.766
G1 F1800 X112.725 Y115.886 E58.15789
G1 X112.725 Y115.42 E58.16374
G1 X112.772 Y115.397 E58.16439
G1 X113.164 Y115.246 E58.16966
G1 X113.165 Y115.731 E58.17574
G1 X113.038 Y115.766 E58.17739
G0 F7200 X112.852 Y115.837
G0 X113.125 Y115.464
G1 F1500 E51.67739
G0 F7200 X113.064 Y115.463
G0 X114.836 Y115.671
G1 F1500 E58.17739
G0 F7200 X114.962 Y115.766
G1 F1800 X114.836 Y115.732 E58.17903
G1 X114.835 Y115.246 E58.18513
G1 X115.228 Y115.397 E58.18801
G1 X115.275 Y115.42 E58.18867
G1 X115.276 Y115.886 E58.19451
G1 X114.962 Y115.766 E58.19619
G0 F7200 X114.836 Y115.732
G0 X114.836 Y115.662
G0 X114.875 Y115.662
G1 F1500 E51.69619
G0 F7200 X114.938 Y115.657
G0 X114.846 Y118.262
G1 F1500 E58.19619
G0 F7200 X114.962 Y118.766
G1 F1800 X114.836 Y118.732 E58.19782
G1 X114.835 Y118.246 E58.20392
G1 X115.228 Y118.397 E58.2068
G1 X115.275 Y118.42 E58.20746
G1 X115.275 Y118.886 E58.2133
G1 X114.962 Y118.766 E58.21497
G0 F7200 X114.836 Y118.732
G0 X114.836 Y118.662
G0 X114.875 Y118.663
G1 F1500 E51.71497
G0 F7200 X114.939 Y118.657
G0 X113.164 Y118.671
G1 F1500 E58.21497
G0 F7200 X113.038 Y118.766
G1 F1800 X112.725 Y118.886 E58.21917
G1 X112.724 Y118.42 E58.22502
G1 X112.774 Y118.396 E58.22571
G1 X113.164 Y118.246 E58.23095
G1 X113.165 Y118.731 E58.23703
G1 X113.038 Y118.766 E58.23869
G0 F7200 X112.852 Y118.837
G0 X113.125 Y118.464
G1 F1500 E51.73869
G0 F7200 X113.064 Y118.463
G0 X111.86 Y118.871
G0 X110.32 Y119.412
G0 X109.355 Y119.829
G1 F1500 E58.23869
G0 F7200 X109.456 Y119.9
G1 F1800 X109.051 Y119.9 E58.24377
G1 X109.051 Y119.4 E58.25004
G1 X109.455 Y119.4 E58.2551
G1 X109.456 Y119.9 E58.26137
G0 F7200 X109.256 Y119.9
G0 X109.256 Y119.8
G1 F1500 E51.76137
G0 F7200 X110.32 Y119.412
G0 X111.88 Y120.22
G0 X116.121 Y120.22
G0 X119.86 Y118.871
G0 X121.007 Y118.671
G1 F1500 E58.26137
G0 F7200 X121.038 Y118.766
G1 F1800 X120.725 Y118.886 E58.26558
G1 X120.724 Y118.42 E58.27142
G1 X120.774 Y118.396 E58.27212
G1 X121.164 Y118.246 E58.27736
G1 X121.165 Y118.731 E58.28344
G1 X121.038 Y118.766 E58.28509
G0 F7200 X120.852 Y118.837
G0 X121.125 Y118.464
G1 F1500 E51.78509
G0 F7200 X121.064 Y118.463
G0 X122.836 Y118.671
G1 F1500 E58.28509
G0 F7200 X122.962 Y118.766
G1 F1800 X122.836 Y118.732 E58.28673
G1 X122.835 Y118.246 E58.29282
G1 X123.228 Y118.397 E58.29571
G1 X123.275 Y118.42 E58.29636
G1 X123.275 Y118.886 E58.30221
G1 X122.962 Y118.766 E58.30387
G0 F7200 X122.836 Y118.732
G0 X122.836 Y118.662
G0 X122.875 Y118.663
G1 F1500 E51.80387
G0 F7200 X122.939 Y118.657
G0 X123.265 Y115.87
G1 F1500 E58.30387
G0 F7200 X122.962 Y115.766
G1 F1800 X122.836 Y115.732 E58.30551
G1 X122.835 Y115.246 E58.3116
G1 X123.228 Y115.397 E58.31449
G1 X123.275 Y115.42 E58.31514
G1 X123.276 Y115.886 E58.32099
G1 X122.962 Y115.766 E58.32266
G0 F7200 X122.836 Y115.732
G0 X122.836 Y115.662
G0 X122.875 Y115.662
G1 F1500 E51.82266
G0 F7200 X122.938 Y115.657
G0 X121.164 Y115.671
G1 F1500 E58.32266
G0 F7200 X121.038 Y115.766
G1 F1800 X120.725 Y115.886 E58.32687
G1 X120.725 Y115.42 E58.33271
G1 X120.772 Y115.397 E58.33337
G1 X121.164 Y115.246 E58.33864
G1 X121.165 Y115.731 E58.34472
G1 X121.038 Y115.766 E58.34637
G0 F7200 X120.852 Y115.837
G0 X120.96 Y115.586
;TYPE:SKIN
G1 F1800 X120.922 Y115.548 E58.34671
G0 F7200 X120.866 Y115.404
G1 F1500 E51.84671
G0 F7200 X120.885 Y115.46
G0 X120.736 Y112.87
G1 F1500 E58.34671
G0 F7200 X121.038 Y112.766
;TYPE:WALL-OUTER
G1 F1800 X120.725 Y112.886 E58.35091
G1 X120.725 Y112.42 E58.35675
G1 X120.772 Y112.397 E58.35741
G1 X121.164 Y112.246 E58.36268
G1 X121.165 Y112.731 E58.36876
G1 X121.038 Y112.766 E58.37041
G0 F7200 X120.852 Y112.837
G0 X121.125 Y112.464
G1 F1500 E51.87041
G0 F7200 X121.064 Y112.463
G0 X122.836 Y112.671
G1 F1500 E58.37041
G0 F7200 X122.962 Y112.766
G1 F1800 X122.836 Y112.732 E58.37205
G1 X122.835 Y112.246 E58.37814
G1 X123.228 Y112.397 E58.38103
G1 X123.275 Y112.42 E58.38168
G1 X123.276 Y112.886 E58.38753
G1 X122.962 Y112.766 E58.3892
G0 F7200 X122.836 Y112.732
G0 X122.836 Y112.662
G0 X123.03 Y112.565
;TYPE:SKIN
G1 F1800 X123.06 Y112.595 E58.38947
G0 F7200 X123.004 Y112.739
G1 F1500 E51.88947
G0 F7200 X123.025 Y112.684
G0 X123.265 Y109.87
G1 F1500 E58.38947
G0 F7200 X122.962 Y109.766
;TYPE:WALL-OUTER
G1 F1800 X122.836 Y109.732 E58.39111
G1 X122.835 Y109.246 E58.3972
G1 X123.228 Y109.397 E58.40009
G1 X123.275 Y109.42 E58.40074
G1 X123.276 Y109.886 E58.40659
G1 X122.962 Y109.766 E58.40826
G0 F7200 X122.836 Y109.732
G0 X122.836 Y109.662
G0 X122.875 Y109.662
G1 F1500 E51.90826
G0 F7200 X122.938 Y109.657
G0 X121.164 Y109.671
G1 F1500 E58.40826
G0 F7200 X121.038 Y109.766
G1 F1800 X120.725 Y109.886 E58.41247
G1 X120.725 Y109.42 E58.41831
G1 X120.772 Y109.397 E58.41897
G1 X121.164 Y109.246 E58.42423
G1 X121.165 Y109.731 E58.43032
G1 X121.038 Y109.766 E58.43197
G0 F7200 X120.852 Y109.837
G0 X121.125 Y109.464
G1 F1500 E51.93197
G0 F7200 X121.064 Y109.463
G0 X127.86 Y109.687
G0 X129.007 Y109.671
G1 F1500 E58.43197
G0 F7200 X129.038 Y109.766
G1 F1800 X128.725 Y109.886 E58.43617
G1 X128.725 Y109.42 E58.44202
G1 X128.772 Y109.397 E58.44267
G1 X129.164 Y109.246 E58.44794
G1 X129.165 Y109.731 E58.45402
G1 X129.038 Y109.766 E58.45567
G0 F7200 X128.852 Y109.837
G0 X129.125 Y109.464
G1 F1500 E51.95567
G0 F7200 X129.064 Y109.463
G0 X130.836 Y109.671
G1 F1500 E58.45567
G0 F7200 X130.962 Y109.766
G1 F1800 X130.836 Y109.732 E58.45731
G1 X130.835 Y109.246 E58.46341
G1 X131.228 Y109.397 E58.46629
G1 X131.275 Y109.42 E58.46695
G1 X131.276 Y109.886 E58.47279
G1 X130.962 Y109.766 E58.47447
G0 F7200 X130.836 Y109.732
G0 X130.836 Y109.662
G0 X131.029 Y109.533
;TYPE:SKIN
G1 F1800 X131.079 Y109.583 E58.47491
G0 F7200 X131.236 Y109.583
G0 X131.175 Y109.582
G0 X130.846 Y112.262
G0 X130.962 Y112.766
;TYPE:WALL-OUTER
G1 F1800 X130.836 Y112.732 E58.47655
G1 X130.835 Y112.246 E58.48264
G1 X131.228 Y112.397 E58.48552
G1 X131.275 Y112.42 E58.48618
G1 X131.276 Y112.886 E58.49202
G1 X130.962 Y112.766 E58.4937
G0 F7200 X130.836 Y112.732
G0 X130.836 Y112.662
G0 X130.875 Y112.662
G0 X130.938 Y112.657
G0 X129.164 Y112.671
G0 X129.038 Y112.766
G1 F1800 X128.725 Y112.886 E58.4979
G1 X128.725 Y112.42 E58.50375
G1 X128.772 Y112.397 E58.5044
G1 X129.164 Y112.246 E58.50967
G1 X129.165 Y112.731 E58.51575
G1 X129.038 Y112.766 E58.51741
G0 F7200 X128.852 Y112.837
G0 X129.125 Y112.464
G0 X129.064 Y112.463
G0 X129.153 Y115.262
G0 X129.038 Y115.766
G1 F1800 X128.725 Y115.886 E58.52161
G1 X128.725 Y115.42 E58.52745
G1 X128.772 Y115.397 E58.52811
G1 X129.164 Y115.246 E58.53338
G1 X129.165 Y115.731 E58.53946
G1 X129.038 Y115.766 E58.54111
G0 F7200 X128.852 Y115.837
G0 X129.125 Y115.464
G0 X129.064 Y115.463
G0 X130.836 Y115.671
G0 X130.962 Y115.766
G1 F1800 X130.836 Y115.732 E58.54275
G1 X130.835 Y115.246 E58.54884
G1 X131.228 Y115.397 E58.55173
G1 X131.275 Y115.42 E58.55238
G1 X131.276 Y115.886 E58.55823
G1 X130.962 Y115.766 E58.5599
G0 F7200 X130.836 Y115.732
G0 X130.836 Y115.662
G0 X130.875 Y115.662
G1 F1500 E52.0599
G0 F7200 X130.938 Y115.657
G0 X130.846 Y118.262
G1 F1500 E58.5599
G0 F7200 X130.962 Y118.766
G1 F1800 X130.836 Y118.732 E58.56154
G1 X130.835 Y118.246 E58.56764
G1 X131.228 Y118.397 E58.57052
G1 X131.275 Y118.42 E58.57118
G1 X131.275 Y118.886 E58.57702
G1 X130.962 Y118.766 E58.57869
G0 F7200 X130.836 Y118.732
G0 X130.836 Y118.662
G0 X130.875 Y118.663
G0 X130.939 Y118.657
G0 X129.164 Y118.671
G0 X129.038 Y118.766
G1 F1800 X128.725 Y118.886 E58.58289
G1 X128.724 Y118.42 E58.58873
G1 X128.774 Y118.396 E58.58943
G1 X129.164 Y118.246 E58.59467
G1 X129.165 Y118.731 E58.60075
G1 X129.038 Y118.766 E58.6024
G0 F7200 X128.852 Y118.837
G0 X129.125 Y118.464
G1 F1500 E52.1024
;MESH:NONMESH
G0 F600 X129.125 Y118.464 Z12.4
G0 F7200 X129.064 Y118.463
G0 X127.86 Y118.431
G0 X124.133 Y114.88
G0 X123.107 Y114.423
G0 X122.012 Y114.139
G0 X119.879 Y114.22
G0 X114.03 Y109.717
G0 X113.007 Y109.671
G1 F1500 E58.6024
G0 F7200 X113.038 Y109.766
;TIME_ELAPSED:666.079227
;LAYER:61
;TYPE:WALL-OUTER
;MESH:output_v2\A_fina_suporte.stl
G1 F1800 X112.935 Y109.805 E58.60379
G1 X112.935 Y109.334 E58.60969
G1 X113.166 Y109.245 E58.6128
G1 X113.383 Y109.187 E58.61561
G1 X113.384 Y109.673 E58.62171
G1 X113.038 Y109.766 E58.6262
G0 F7200 X112.935 Y109.805
G0 X112.935 Y109.715
G0 X113.225 Y109.302
G0 X113.23 Y109.331
G0 X114.617 Y109.67
G0 X114.962 Y109.765
G1 F1800 X114.617 Y109.675 E58.63067
G1 X114.616 Y109.187 E58.63679
G1 X114.834 Y109.245 E58.63962
G1 X115.065 Y109.334 E58.64273
G1 X115.066 Y109.805 E58.64863
G1 X114.962 Y109.765 E58.65003
G0 F7200 X114.769 Y109.715
G0 X114.75 Y109.642
G0 X114.76 Y109.61
G0 X114.629 Y112.202
G0 X114.962 Y112.766
G1 F1800 X114.617 Y112.673 E58.65451
G1 X114.617 Y112.187 E58.6606
G1 X114.834 Y112.245 E58.66342
G1 X115.065 Y112.334 E58.66653
G1 X115.065 Y112.805 E58.67243
G1 X114.962 Y112.766 E58.67381
G0 F7200 X114.769 Y112.714
G0 X114.752 Y112.643
G1 F1500 E52.17381
G0 F7200 X114.762 Y112.609
G0 X113.369 Y112.661
G1 F1500 E58.67381
G0 F7200 X113.038 Y112.766
G1 F1800 X112.935 Y112.805 E58.67519
G1 X112.935 Y112.334 E58.6811
G1 X113.166 Y112.245 E58.68421
G1 X113.383 Y112.187 E58.68702
G1 X113.384 Y112.673 E58.69312
G1 X113.038 Y112.766 E58.69761
G0 F7200 X112.935 Y112.805
G0 X112.935 Y112.715
G0 X113.225 Y112.302
G1 F1500 E52.19761
G0 F7200 X113.23 Y112.331
G0 X113.371 Y115.202
G1 F1500 E58.69761
G0 F7200 X113.038 Y115.766
G1 F1800 X112.935 Y115.805 E58.69899
G1 X112.935 Y115.334 E58.7049
G1 X113.166 Y115.245 E58.708
G1 X113.383 Y115.187 E58.71082
G1 X113.384 Y115.673 E58.71691
G1 X113.038 Y115.766 E58.72141
G0 F7200 X112.935 Y115.805
G0 X112.935 Y115.715
G0 X113.225 Y115.302
G0 X113.23 Y115.331
G0 X114.617 Y115.659
G0 X114.962 Y115.765
G1 F1800 X114.617 Y115.675 E58.72588
G1 X114.616 Y115.187 E58.732
G1 X114.834 Y115.245 E58.73483
G1 X115.065 Y115.334 E58.73793
G1 X115.066 Y115.805 E58.74384
G1 X114.962 Y115.765 E58.74523
G0 F7200 X114.769 Y115.715
G0 X114.75 Y115.642
G0 X114.76 Y115.61
G0 X114.629 Y118.202
G0 X114.962 Y118.766
G1 F1800 X114.617 Y118.673 E58.74972
G1 X114.617 Y118.187 E58.75581
G1 X114.834 Y118.245 E58.75863
G1 X115.065 Y118.334 E58.76173
G1 X115.066 Y118.806 E58.76765
G1 X114.962 Y118.766 E58.76905
G0 F7200 X114.769 Y118.714
G0 X114.819 Y118.525
;TYPE:SKIN
G1 F1800 X114.869 Y118.475 E58.76949
G0 F7200 X115.017 Y118.474
G1 F1500 E52.26949
G0 F7200 X114.965 Y118.473
G0 X113.369 Y118.661
G1 F1500 E58.76949
G0 F7200 X113.038 Y118.766
;TYPE:WALL-OUTER
G1 F1800 X112.935 Y118.805 E58.77087
G1 X112.935 Y118.334 E58.77678
G1 X113.166 Y118.245 E58.77988
G1 X113.383 Y118.187 E58.7827
G1 X113.384 Y118.673 E58.78879
G1 X113.038 Y118.766 E58.79329
G0 F7200 X112.935 Y118.805
G0 X112.935 Y118.715
G0 X113.13 Y118.518
;TYPE:SKIN
G1 F1800 X113.188 Y118.459 E58.79381
G0 F7200 X113.335 Y118.458
G0 X113.283 Y118.457
G0 X112.07 Y118.789
G0 X110.303 Y119.412
G0 X109.338 Y119.829
G0 X109.439 Y119.9
;TYPE:WALL-OUTER
G1 F1800 X109.036 Y119.9 E58.79886
G1 X109.036 Y119.4 E58.80513
G1 X109.438 Y119.4 E58.81017
G1 X109.439 Y119.9 E58.81644
G0 F7200 X109.239 Y119.9
G0 X109.239 Y119.8
G0 X110.303 Y119.412
G0 X112.088 Y120.037
G0 X115.914 Y120.04
G0 X120.07 Y118.789
G0 X121.038 Y118.766
G1 F1800 X120.935 Y118.805 E58.81782
G1 X120.935 Y118.334 E58.82373
G1 X121.166 Y118.245 E58.82683
G1 X121.383 Y118.187 E58.82965
G1 X121.384 Y118.673 E58.83574
G1 X121.038 Y118.766 E58.84024
G0 F7200 X120.935 Y118.805
G0 X120.935 Y118.715
G0 X121.225 Y118.302
G0 X121.23 Y118.331
G0 X122.617 Y118.659
G0 X122.962 Y118.766
G1 F1800 X122.617 Y118.673 E58.84472
G1 X122.616 Y118.187 E58.85081
G1 X122.834 Y118.245 E58.85364
G1 X123.065 Y118.334 E58.85675
G1 X123.066 Y118.806 E58.86267
G1 X122.962 Y118.766 E58.86406
G0 F7200 X122.769 Y118.714
G0 X122.752 Y118.643
G1 F1500 E52.36406
G0 F7200 X122.762 Y118.609
G0 X123.055 Y115.79
G1 F1500 E58.86406
G0 F7200 X122.962 Y115.766
G1 F1800 X122.617 Y115.673 E58.86854
G1 X122.616 Y115.187 E58.87464
G1 X122.834 Y115.245 E58.87747
G1 X123.065 Y115.334 E58.88057
G1 X123.066 Y115.806 E58.88649
G1 X122.962 Y115.766 E58.88789
G0 F7200 X122.769 Y115.714
G0 X122.752 Y115.643
G1 F1500 E52.38789
G0 F7200 X122.762 Y115.609
G0 X121.369 Y115.661
G1 F1500 E58.88789
G0 F7200 X121.038 Y115.766
G1 F1800 X120.935 Y115.805 E58.88927
G1 X120.935 Y115.334 E58.89518
G1 X121.166 Y115.245 E58.89828
G1 X121.383 Y115.187 E58.9011
G1 X121.384 Y115.673 E58.90719
G1 X121.038 Y115.766 E58.91168
G0 F7200 X120.935 Y115.805
G0 X120.935 Y115.715
G0 X121.225 Y115.302
G0 X121.23 Y115.331
G0 X120.946 Y112.789
G0 X121.038 Y112.766
G1 F1800 X120.935 Y112.805 E58.91307
G1 X120.935 Y112.334 E58.91897
G1 X121.166 Y112.245 E58.92208
G1 X121.383 Y112.187 E58.92489
G1 X121.384 Y112.673 E58.93099
G1 X121.038 Y112.766 E58.93548
G0 F7200 X120.935 Y112.805
G0 X120.935 Y112.715
G0 X121.128 Y112.499
;TYPE:SKIN
G1 F1800 X121.179 Y112.448 E58.93593
G0 F7200 X121.167 Y112.317
G0 X121.178 Y112.348
G0 X122.617 Y112.659
G0 X122.962 Y112.766
;TYPE:WALL-OUTER
G1 F1800 X122.617 Y112.673 E58.94041
G1 X122.616 Y112.187 E58.94651
G1 X122.834 Y112.245 E58.94934
G1 X123.065 Y112.334 E58.95244
G1 X123.065 Y112.805 E58.95835
G1 X122.962 Y112.766 E58.95973
G0 F7200 X122.769 Y112.714
G0 X122.811 Y112.514
;TYPE:SKIN
G1 F1800 X122.86 Y112.464 E58.96017
G0 F7200 X122.875 Y112.329
G0 X122.86 Y112.362
G0 X123.055 Y109.79
G0 X122.962 Y109.766
;TYPE:WALL-OUTER
G1 F1800 X122.617 Y109.673 E58.96465
G1 X122.616 Y109.187 E58.97074
G1 X122.834 Y109.245 E58.97357
G1 X123.065 Y109.334 E58.97668
G1 X123.066 Y109.806 E58.9826
G1 X122.962 Y109.766 E58.98399
G0 F7200 X122.769 Y109.714
G0 X122.752 Y109.643
G0 X122.762 Y109.609
G0 X121.369 Y109.661
G0 X121.038 Y109.766
G1 F1800 X120.935 Y109.805 E58.98538
G1 X120.935 Y109.334 E58.99128
G1 X121.166 Y109.245 E58.99439
G1 X121.383 Y109.187 E58.9972
G1 X121.384 Y109.673 E59.0033
G1 X121.038 Y109.766 E59.00779
G0 F7200 X120.935 Y109.805
G0 X120.935 Y109.715
G0 X121.225 Y109.302
G0 X121.23 Y109.331
G0 X121.648 Y110.498
G0 X123.914 Y111.04
G0 X128.07 Y109.661
G0 X129.038 Y109.766
G1 F1800 X128.935 Y109.805 E59.00917
G1 X128.935 Y109.334 E59.01508
G1 X129.166 Y109.245 E59.01818
G1 X129.383 Y109.187 E59.021
G1 X129.384 Y109.673 E59.02709
G1 X129.038 Y109.766 E59.03159
G0 F7200 X128.935 Y109.805
G0 X128.935 Y109.715
G0 X129.225 Y109.302
G0 X129.23 Y109.331
G0 X130.617 Y109.659
G0 X130.962 Y109.766
G1 F1800 X130.617 Y109.673 E59.03607
G1 X130.616 Y109.187 E59.04216
G1 X130.834 Y109.245 E59.04499
G1 X131.065 Y109.334 E59.0481
G1 X131.066 Y109.806 E59.05401
G1 X130.962 Y109.766 E59.05541
G0 F7200 X130.769 Y109.714
G0 X130.752 Y109.643
G1 F1500 E52.55541
G0 F7200 X130.762 Y109.609
G0 X130.628 Y112.202
G1 F1500 E59.05541
G0 F7200 X130.962 Y112.766
G1 F1800 X130.617 Y112.673 E59.05989
G1 X130.616 Y112.187 E59.06599
G1 X130.834 Y112.245 E59.06882
G1 X131.065 Y112.334 E59.07192
G1 X131.065 Y112.805 E59.07783
G1 X130.962 Y112.766 E59.07921
G0 F7200 X130.769 Y112.714
G0 X130.752 Y112.643
G0 X130.762 Y112.609
G0 X129.363 Y112.668
G0 X129.038 Y112.766
G1 F1800 X128.935 Y112.805 E59.08059
G1 X128.935 Y112.334 E59.0865
G1 X129.166 Y112.245 E59.0896
G1 X129.383 Y112.187 E59.09242
G1 X129.383 Y112.673 E59.09851
G1 X129.038 Y112.766 E59.10299
G0 F7200 X128.935 Y112.805
G0 X128.935 Y112.715
G0 X129.224 Y112.301
G0 X129.23 Y112.331
G0 X129.371 Y115.202
G0 X129.038 Y115.766
G1 F1800 X128.935 Y115.805 E59.10437
G1 X128.935 Y115.334 E59.11028
G1 X129.166 Y115.245 E59.11338
G1 X129.383 Y115.187 E59.1162
G1 X129.384 Y115.673 E59.1223
G1 X129.038 Y115.766 E59.12679
G0 F7200 X128.935 Y115.805
G0 X128.935 Y115.715
G0 X129.129 Y115.529
;TYPE:SKIN
G1 F1800 X129.188 Y115.47 E59.12731
G0 F7200 X129.335 Y115.469
G0 X129.283 Y115.468
G0 X130.617 Y115.659
G0 X130.962 Y115.766
;TYPE:WALL-OUTER
G1 F1800 X130.617 Y115.673 E59.13179
G1 X130.616 Y115.187 E59.13789
G1 X130.834 Y115.245 E59.14072
G1 X131.065 Y115.334 E59.14382
G1 X131.066 Y115.806 E59.14974
G1 X130.962 Y115.766 E59.15114
G0 F7200 X130.769 Y115.714
G0 X130.827 Y115.528
;TYPE:SKIN
G1 F1800 X130.869 Y115.486 E59.15151
G0 F7200 X131.017 Y115.486
G0 X130.965 Y115.485
G0 X130.628 Y118.202
G0 X130.962 Y118.766
;TYPE:WALL-OUTER
G1 F1800 X130.617 Y118.673 E59.15599
G1 X130.616 Y118.187 E59.16209
G1 X130.834 Y118.245 E59.16491
G1 X131.065 Y118.334 E59.16802
G1 X131.066 Y118.806 E59.17394
G1 X130.962 Y118.766 E59.17534
G0 F7200 X130.769 Y118.714
G0 X130.752 Y118.643
G0 X130.762 Y118.609
G0 X129.363 Y118.668
G0 X129.038 Y118.766
G1 F1800 X128.935 Y118.805 E59.17672
G1 X128.935 Y118.334 E59.18262
G1 X129.166 Y118.245 E59.18573
G1 X129.383 Y118.187 E59.18854
G1 X129.383 Y118.673 E59.19464
G1 X129.038 Y118.766 E59.19912
G0 F7200 X128.935 Y118.805
G0 X128.935 Y118.715
G0 X129.224 Y118.301
;MESH:NONMESH
G0 F600 X129.224 Y118.301 Z12.6
G0 F7200 X129.23 Y118.331
G0 X128.07 Y118.345
G0 X123.922 Y114.744
G0 X122.64 Y114.298
G0 X120.888 Y114.436
G0 X113.648 Y110.498
G0 X113.459 Y109.653
;TIME_ELAPSED:673.294747
;LAYER:62
;TYPE:WALL-OUTER
;MESH:output_v2\A_fina_suporte.stl
G1 F1800 X113.145 Y109.737 E59.2032
G1 X113.145 Y109.253 E59.20927
G1 X113.163 Y109.246 E59.20951
G1 X113.536 Y109.146 E59.21435
G1 X113.731 Y109.116 E59.21682
G1 X113.812 Y109.108 E59.21785
G1 X114.092 Y109.102 E59.22136
G1 X114.188 Y109.108 E59.22256
G1 X114.269 Y109.116 E59.22358
G1 X114.464 Y109.146 E59.22606
G1 X114.837 Y109.246 E59.2309
G1 X114.855 Y109.253 E59.23114
G1 X114.856 Y109.737 E59.23721
G1 X114.541 Y109.653 E59.23883
G1 X114.325 Y109.62 E59.24157
G1 X114.216 Y109.609 E59.24294
G1 X114.104 Y109.602 E59.24435
G1 X113.788 Y109.608 E59.24831
G1 X113.675 Y109.62 E59.24974
G1 X113.459 Y109.653 E59.25248
G0 F7200 X113.266 Y109.704
G0 X113.388 Y109.428
;TYPE:SKIN
G1 F1800 X113.623 Y109.38 E59.25341
G1 X114.488 Y109.397 E59.25677
G0 F7200 X114.494 Y109.567
G1 F1500 E52.75677
G0 F7200 X114.499 Y109.546
G0 X113.455 Y109.634
G0 X113.733 Y112.135
G1 F1500 E59.25677
G0 F7200 X113.459 Y112.653
;TYPE:WALL-OUTER
G1 F1800 X113.145 Y112.737 E59.26085
G1 X113.145 Y112.253 E59.26692
G1 X113.163 Y112.246 E59.26716
G1 X113.536 Y112.146 E59.272
G1 X113.731 Y112.116 E59.27447
G1 X113.812 Y112.108 E59.2755
G1 X114.092 Y112.102 E59.27901
G1 X114.188 Y112.108 E59.28021
G1 X114.269 Y112.116 E59.28123
G1 X114.464 Y112.146 E59.28371
G1 X114.837 Y112.246 E59.28855
G1 X114.855 Y112.253 E59.28879
G1 X114.855 Y112.737 E59.29486
G1 X114.541 Y112.653 E59.29894
G1 X114.325 Y112.62 E59.30168
G1 X114.216 Y112.609 E59.30305
G1 X114.104 Y112.602 E59.30446
G1 X113.788 Y112.608 E59.30842
G1 X113.675 Y112.62 E59.30985
G1 X113.459 Y112.653 E59.31259
G0 F7200 X113.266 Y112.704
G0 X113.53 Y112.398
;TYPE:SKIN
G1 F1800 X113.776 Y112.362 E59.31364
G1 X114.357 Y112.377 E59.31608
G0 F7200 X114.4 Y112.54
G1 F1500 E52.81608
G0 F7200 X114.402 Y112.531
G0 X113.733 Y115.135
G1 F1500 E59.31608
G0 F7200 X113.459 Y115.653
;TYPE:WALL-OUTER
G1 F1800 X113.145 Y115.737 E59.32016
G1 X113.145 Y115.253 E59.32623
G1 X113.163 Y115.246 E59.32647
G1 X113.536 Y115.146 E59.33131
G1 X113.731 Y115.116 E59.33379
G1 X113.812 Y115.108 E59.33481
G1 X114.092 Y115.102 E59.33832
G1 X114.188 Y115.108 E59.33953
G1 X114.269 Y115.116 E59.34055
G1 X114.464 Y115.146 E59.34302
G1 X114.837 Y115.246 E59.34787
G1 X114.855 Y115.253 E59.34811
G1 X114.856 Y115.737 E59.35418
G1 X114.541 Y115.653 E59.35579
G1 X114.325 Y115.62 E59.35853
G1 X114.216 Y115.609 E59.35991
G1 X114.104 Y115.602 E59.36131
G1 X113.788 Y115.608 E59.36528
G1 X113.675 Y115.62 E59.3667
G1 X113.459 Y115.653 E59.36944
G0 F7200 X113.266 Y115.704
G0 X113.437 Y115.417
;TYPE:SKIN
G1 F1800 X113.675 Y115.372 E59.37036
G1 X114.567 Y115.415 E59.37376
G0 F7200 X114.591 Y115.593
G0 X114.598 Y115.566
G0 X114.168 Y118.126
G0 X113.459 Y118.653
;TYPE:WALL-OUTER
G1 F1800 X113.145 Y118.737 E59.37784
G1 X113.145 Y118.253 E59.38391
G1 X113.163 Y118.246 E59.38415
G1 X113.536 Y118.146 E59.38899
G1 X113.731 Y118.116 E59.39147
G1 X113.812 Y118.108 E59.39249
G1 X114.092 Y118.102 E59.396
G1 X114.188 Y118.108 E59.39721
G1 X114.269 Y118.116 E59.39823
G1 X114.464 Y118.146 E59.4007
G1 X114.837 Y118.246 E59.40554
G1 X114.855 Y118.253 E59.40579
G1 X114.856 Y118.737 E59.41186
G1 X114.541 Y118.653 E59.41347
G1 X114.325 Y118.62 E59.41621
G1 X114.216 Y118.609 E59.41759
G1 X114.104 Y118.602 E59.41899
G1 X113.788 Y118.608 E59.42296
G1 X113.675 Y118.62 E59.42438
G1 X113.459 Y118.653 E59.42712
G0 F7200 X113.266 Y118.704
G0 X113.359 Y118.45
;TYPE:SKIN
G1 F1800 X113.579 Y118.388 E59.42797
G1 X114.426 Y118.386 E59.43113
G0 F7200 X114.435 Y118.551
G0 X114.438 Y118.536
G0 X113.157 Y118.722
G0 X110.287 Y119.414
G0 X109.322 Y119.83
G0 X109.422 Y119.9
;TYPE:WALL-OUTER
G1 F1800 X109.024 Y119.9 E59.43612
G1 X109.024 Y119.4 E59.44239
G1 X109.422 Y119.4 E59.44738
G1 X109.422 Y119.9 E59.45362
G0 F7200 X109.222 Y119.9
G0 X109.222 Y119.8
G1 F1500 E52.95362
G0 F7200 X110.287 Y119.414
G0 X112.298 Y119.954
G0 X115.704 Y119.958
G0 X120.28 Y118.722
G0 X121.439 Y118.556
G1 F1500 E59.45362
G0 F7200 X121.459 Y118.653
G1 F1800 X121.145 Y118.737 E59.4577
G1 X121.145 Y118.253 E59.46377
G1 X121.163 Y118.246 E59.46401
G1 X121.536 Y118.146 E59.46885
G1 X121.731 Y118.116 E59.47133
G1 X121.812 Y118.108 E59.47235
G1 X122.092 Y118.102 E59.47586
G1 X122.188 Y118.108 E59.47707
G1 X122.269 Y118.116 E59.47809
G1 X122.464 Y118.146 E59.48056
G1 X122.837 Y118.246 E59.4854
G1 X122.855 Y118.253 E59.48564
G1 X122.856 Y118.737 E59.49171
G1 X122.541 Y118.653 E59.49333
G1 X122.325 Y118.62 E59.49607
G1 X122.216 Y118.609 E59.49744
G1 X122.104 Y118.602 E59.49885
G1 X121.788 Y118.608 E59.50282
G1 X121.675 Y118.62 E59.50424
G1 X121.459 Y118.653 E59.50698
G0 F7200 X121.266 Y118.704
G0 X121.513 Y118.402
;TYPE:SKIN
G1 F1800 X121.758 Y118.364 E59.50802
G1 X122.333 Y118.373 E59.51044
G0 F7200 X122.377 Y118.536
G1 F1500 E53.01044
G0 F7200 X122.379 Y118.527
G0 X121.157 Y115.722
G1 F1500 E59.51044
G0 F7200 X121.459 Y115.653
;TYPE:WALL-OUTER
G1 F1800 X121.145 Y115.737 E59.51452
G1 X121.145 Y115.253 E59.52059
G1 X121.163 Y115.246 E59.52083
G1 X121.536 Y115.146 E59.52568
G1 X121.731 Y115.116 E59.52815
G1 X121.812 Y115.108 E59.52917
G1 X121.908 Y115.102 E59.53038
G1 X122.189 Y115.108 E59.5339
G1 X122.269 Y115.116 E59.53491
G1 X122.464 Y115.146 E59.53738
G1 X122.837 Y115.246 E59.54223
G1 X122.855 Y115.253 E59.54247
G1 X122.856 Y115.737 E59.54854
G1 X122.541 Y115.653 E59.55015
G1 X122.325 Y115.62 E59.55289
G1 X122.212 Y115.608 E59.55432
G1 X121.896 Y115.602 E59.55828
G1 X121.784 Y115.609 E59.55969
G1 X121.675 Y115.62 E59.56106
G1 X121.459 Y115.653 E59.5638
G0 F7200 X121.266 Y115.704
G0 X121.372 Y115.432
;TYPE:SKIN
G1 F1800 X121.606 Y115.383 E59.56472
G1 X122.463 Y115.392 E59.568
G0 F7200 X122.47 Y115.561
G1 F1500 E53.068
G0 F7200 X122.473 Y115.542
G0 X121.157 Y112.722
G1 F1500 E59.568
G0 F7200 X121.459 Y112.653
;TYPE:WALL-OUTER
G1 F1800 X121.145 Y112.737 E59.57208
G1 X121.145 Y112.253 E59.57815
G1 X121.163 Y112.246 E59.57839
G1 X121.536 Y112.146 E59.58323
G1 X121.731 Y112.116 E59.5857
G1 X121.812 Y112.108 E59.58673
G1 X122.092 Y112.102 E59.59024
G1 X122.188 Y112.108 E59.59144
G1 X122.269 Y112.116 E59.59246
G1 X122.464 Y112.146 E59.59494
G1 X122.837 Y112.246 E59.59978
G1 X122.855 Y112.253 E59.60002
G1 X122.855 Y112.737 E59.60609
G1 X122.541 Y112.653 E59.61017
G1 X122.325 Y112.62 E59.61291
G1 X122.216 Y112.609 E59.61428
G1 X122.104 Y112.602 E59.61569
G1 X121.788 Y112.608 E59.61965
G1 X121.675 Y112.62 E59.62108
G1 X121.459 Y112.653 E59.62382
G0 F7200 X121.266 Y112.704
G0 X121.463 Y112.412
;TYPE:SKIN
G1 F1800 X121.703 Y112.369 E59.62473
G1 X122.607 Y112.425 E59.62812
G0 F7200 X122.491 Y112.241
G0 X122.487 Y112.255
G0 X121.157 Y109.722
G0 X121.459 Y109.653
;TYPE:WALL-OUTER
G1 F1800 X121.145 Y109.737 E59.6322
G1 X121.145 Y109.253 E59.63827
G1 X121.163 Y109.246 E59.63851
G1 X121.536 Y109.146 E59.64335
G1 X121.731 Y109.116 E59.64583
G1 X121.812 Y109.108 E59.64685
G1 X122.092 Y109.102 E59.65036
G1 X122.188 Y109.108 E59.65157
G1 X122.269 Y109.116 E59.65259
G1 X122.464 Y109.146 E59.65506
G1 X122.837 Y109.246 E59.65991
G1 X122.855 Y109.253 E59.66015
G1 X122.856 Y109.737 E59.66622
G1 X122.541 Y109.653 E59.66783
G1 X122.325 Y109.62 E59.67057
G1 X122.212 Y109.608 E59.672
G1 X121.896 Y109.602 E59.67596
G1 X121.784 Y109.609 E59.67737
G1 X121.675 Y109.62 E59.67874
G1 X121.459 Y109.653 E59.68148
G0 F7200 X121.266 Y109.704
G0 X121.555 Y109.393
;TYPE:SKIN
G1 F1800 X121.804 Y109.359 E59.68255
G1 X122.393 Y109.382 E59.68507
G0 F7200 X122.403 Y109.543
G1 F1500 E53.18507
G0 F7200 X122.405 Y109.531
G0 X123.72 Y109.568
G0 X128.28 Y109.569
G0 X129.439 Y109.556
G1 F1500 E59.68507
G0 F7200 X129.459 Y109.653
;TYPE:WALL-OUTER
G1 F1800 X129.145 Y109.737 E59.68915
G1 X129.145 Y109.253 E59.69521
G1 X129.163 Y109.246 E59.69546
G1 X129.536 Y109.146 E59.7003
G1 X129.731 Y109.116 E59.70277
G1 X129.812 Y109.108 E59.70379
G1 X129.908 Y109.102 E59.705
G1 X130.189 Y109.108 E59.70853
G1 X130.269 Y109.116 E59.70953
G1 X130.464 Y109.146 E59.71201
G1 X130.837 Y109.246 E59.71685
G1 X130.855 Y109.253 E59.71709
G1 X130.856 Y109.737 E59.72316
G1 X130.541 Y109.653 E59.72478
G1 X130.325 Y109.62 E59.72752
G1 X130.212 Y109.608 E59.72894
G1 X129.896 Y109.602 E59.73291
G1 X129.784 Y109.609 E59.73431
G1 X129.675 Y109.62 E59.73569
G1 X129.459 Y109.653 E59.73843
G0 F7200 X129.266 Y109.704
G0 X129.489 Y109.407
;TYPE:SKIN
G1 F1800 X129.731 Y109.366 E59.73928
G1 X130.628 Y109.414 E59.74241
G0 F7200 X130.486 Y109.24
G1 F1500 E53.24241
G0 F7200 X130.483 Y109.253
G0 X129.455 Y109.634
G0 X129.733 Y112.135
G1 F1500 E59.74241
G0 F7200 X129.459 Y112.653
;TYPE:WALL-OUTER
G1 F1800 X129.145 Y112.737 E59.74648
G1 X129.145 Y112.253 E59.75255
G1 X129.163 Y112.246 E59.7528
G1 X129.536 Y112.146 E59.75764
G1 X129.731 Y112.116 E59.76011
G1 X129.812 Y112.108 E59.76113
G1 X129.908 Y112.102 E59.76234
G1 X130.189 Y112.108 E59.76586
G1 X130.269 Y112.116 E59.76687
G1 X130.464 Y112.146 E59.76935
G1 X130.837 Y112.246 E59.77419
G1 X130.855 Y112.253 E59.77443
G1 X130.855 Y112.737 E59.7805
G1 X130.541 Y112.653 E59.78458
G1 X130.325 Y112.62 E59.78732
G1 X130.212 Y112.608 E59.78874
G1 X129.896 Y112.602 E59.79271
G1 X129.784 Y112.609 E59.79411
G1 X129.675 Y112.62 E59.79549
G1 X129.459 Y112.653 E59.79823
G0 F7200 X129.266 Y112.704
G0 X129.397 Y112.426
;TYPE:SKIN
G1 F1800 X129.632 Y112.378 E59.79915
G1 X130.502 Y112.4 E59.80248
G0 F7200 X130.506 Y112.571
G1 F1500 E53.30248
G0 F7200 X130.51 Y112.547
G0 X130.188 Y115.127
G1 F1500 E59.80248
G0 F7200 X129.459 Y115.653
;TYPE:WALL-OUTER
G1 F1800 X129.145 Y115.737 E59.80656
G1 X129.145 Y115.253 E59.81263
G1 X129.163 Y115.246 E59.81287
G1 X129.536 Y115.146 E59.81771
G1 X129.731 Y115.116 E59.82019
G1 X129.812 Y115.108 E59.82121
G1 X129.908 Y115.102 E59.82242
G1 X130.189 Y115.108 E59.82594
G1 X130.269 Y115.116 E59.82695
G1 X130.464 Y115.146 E59.82942
G1 X130.837 Y115.246 E59.83427
G1 X130.855 Y115.253 E59.83451
G1 X130.856 Y115.737 E59.84058
G1 X130.541 Y115.653 E59.84219
G1 X130.325 Y115.62 E59.84493
G1 X130.212 Y115.608 E59.84636
G1 X129.896 Y115.602 E59.85032
G1 X129.784 Y115.609 E59.85173
G1 X129.675 Y115.62 E59.8531
G1 X129.459 Y115.653 E59.85584
G0 F7200 X129.266 Y115.704
G0 X129.539 Y115.397
;TYPE:SKIN
G1 F1800 X129.785 Y115.36 E59.8569
G1 X130.369 Y115.378 E59.85938
G0 F7200 X130.379 Y115.537
G1 F1500 E53.35938
G0 F7200 X130.381 Y115.528
G0 X129.733 Y118.135
G1 F1500 E59.85938
G0 F7200 X129.459 Y118.653
;TYPE:WALL-OUTER
G1 F1800 X129.145 Y118.737 E59.86346
G1 X129.145 Y118.253 E59.86953
G1 X129.163 Y118.246 E59.86977
G1 X129.536 Y118.146 E59.87461
G1 X129.731 Y118.116 E59.87709
G1 X129.812 Y118.108 E59.87811
G1 X130.092 Y118.102 E59.88162
G1 X130.188 Y118.108 E59.88283
G1 X130.269 Y118.116 E59.88385
G1 X130.464 Y118.146 E59.88632
G1 X130.837 Y118.246 E59.89116
G1 X130.855 Y118.253 E59.89141
G1 X130.856 Y118.737 E59.89748
G1 X130.541 Y118.653 E59.89909
G1 X130.325 Y118.62 E59.90183
G1 X130.216 Y118.609 E59.90321
G1 X130.104 Y118.602 E59.90461
G1 X129.788 Y118.608 E59.90858
G1 X129.675 Y118.62 E59.91
G1 X129.459 Y118.653 E59.91274
G0 F7200 X129.266 Y118.704
G0 X129.447 Y118.416
;TYPE:SKIN
G1 F1800 X129.685 Y118.371 E59.91366
G1 X130.583 Y118.421 E59.91707
G0 F7200 X130.607 Y118.598
G1 F1500 E53.41707
;MESH:NONMESH
G0 F600 X130.607 Y118.598 Z12.8
G0 F7200 X130.614 Y118.57
G0 X129.161 Y118.264
G0 X123.712 Y114.662
G0 X121.299 Y113.591
G0 X120.298 Y113.954
G0 X115.72 Y109.721
G0 X114.339 Y109.6
G1 F1500 E59.91707
G0 F7200 X113.459 Y109.653
;TIME_ELAPSED:682.659283
;LAYER:63
;TYPE:WALL-OUTER
;MESH:output_v2\A_fina_suporte.stl
G1 F1800 X113.355 Y109.681 E59.91842
G1 X113.355 Y109.195 E59.92452
G1 X113.536 Y109.146 E59.92687
G1 X113.731 Y109.116 E59.92935
G1 X113.812 Y109.108 E59.93037
G1 X114.092 Y109.102 E59.93388
G1 X114.188 Y109.108 E59.93508
G1 X114.269 Y109.116 E59.93611
G1 X114.464 Y109.146 E59.93858
G1 X114.645 Y109.195 E59.94093
G1 X114.645 Y109.681 E59.94703
G1 X114.541 Y109.653 E59.94838
G1 X114.325 Y109.62 E59.95112
G1 X114.216 Y109.609 E59.95249
G1 X114.104 Y109.602 E59.9539
G1 X113.788 Y109.608 E59.95786
G1 X113.675 Y109.62 E59.95929
G1 X113.459 Y109.653 E59.96203
G0 F7200 X113.355 Y109.681
G0 X113.355 Y109.588
G0 X113.803 Y109.358
;TYPE:SKIN
G1 F1800 X114.09 Y109.354 E59.96353
G1 X114.35 Y109.377 E59.96489
G0 F7200 X114.412 Y109.229
G0 X114.41 Y109.238
G0 X113.455 Y109.634
G0 X113.733 Y112.135
G0 X113.459 Y112.653
;TYPE:WALL-OUTER
G1 F1800 X113.355 Y112.681 E59.96624
G1 X113.355 Y112.195 E59.97233
G1 X113.536 Y112.146 E59.97469
G1 X113.731 Y112.116 E59.97716
G1 X113.812 Y112.108 E59.97818
G1 X114.092 Y112.102 E59.98169
G1 X114.188 Y112.108 E59.9829
G1 X114.269 Y112.116 E59.98392
G1 X114.464 Y112.146 E59.98639
G1 X114.645 Y112.195 E59.98874
G1 X114.645 Y112.681 E59.99484
G1 X114.541 Y112.653 E59.99619
G1 X114.325 Y112.62 E59.99893
G1 X114.216 Y112.609 E60.0003
G1 X114.104 Y112.602 E60.00171
G1 X113.788 Y112.608 E60.00567
G1 X113.675 Y112.62 E60.0071
G1 X113.459 Y112.653 E60.00984
G0 F7200 X113.355 Y112.681
G0 X113.355 Y112.588
G0 X113.61 Y112.38
;TYPE:SKIN
G1 F1800 X113.918 Y112.355 E60.01115
G1 X114.426 Y112.413 E60.01332
G0 F7200 X114.263 Y112.21
G0 X114.262 Y112.215
G0 X113.733 Y115.135
G0 X113.459 Y115.653
;TYPE:WALL-OUTER
G1 F1800 X113.355 Y115.681 E60.01467
G1 X113.355 Y115.195 E60.02077
G1 X113.536 Y115.146 E60.02312
G1 X113.731 Y115.116 E60.02559
G1 X113.812 Y115.108 E60.02661
G1 X114.092 Y115.102 E60.03012
G1 X114.188 Y115.108 E60.03133
G1 X114.269 Y115.116 E60.03235
G1 X114.464 Y115.146 E60.03483
G1 X114.645 Y115.195 E60.03718
G1 X114.645 Y115.681 E60.04327
G1 X114.541 Y115.653 E60.04462
G1 X114.325 Y115.62 E60.04736
G1 X114.216 Y115.609 E60.04874
G1 X114.104 Y115.602 E60.05014
G1 X113.788 Y115.608 E60.05411
G1 X113.675 Y115.62 E60.05553
G1 X113.459 Y115.653 E60.05827
G0 F7200 X113.355 Y115.681
G0 X113.355 Y115.588
G0 X113.738 Y115.363
;TYPE:SKIN
G1 F1800 X114.032 Y115.352 E60.05985
G1 X114.298 Y115.369 E60.06127
G0 F7200 X114.345 Y115.218
G1 F1500 E53.56127
G0 F7200 X114.342 Y115.227
G0 X113.733 Y118.135
G1 F1500 E60.06127
G0 F7200 X113.459 Y118.653
;TYPE:WALL-OUTER
G1 F1800 X113.355 Y118.681 E60.06262
G1 X113.355 Y118.195 E60.06872
G1 X113.536 Y118.146 E60.07107
G1 X113.731 Y118.116 E60.07354
G1 X113.812 Y118.108 E60.07456
G1 X114.092 Y118.102 E60.07808
G1 X114.188 Y118.108 E60.07928
G1 X114.269 Y118.116 E60.0803
G1 X114.464 Y118.146 E60.08278
G1 X114.645 Y118.195 E60.08513
G1 X114.645 Y118.681 E60.09122
G1 X114.541 Y118.653 E60.09257
G1 X114.325 Y118.62 E60.09531
G1 X114.216 Y118.609 E60.09669
G1 X114.104 Y118.602 E60.0981
G1 X113.788 Y118.608 E60.10206
G1 X113.675 Y118.62 E60.10348
G1 X113.459 Y118.653 E60.10622
G0 F7200 X113.355 Y118.681
G0 X113.355 Y118.588
G0 X113.574 Y118.355
;TYPE:SKIN
G1 F1800 X113.857 Y118.356 E60.1073
G1 X114.395 Y118.383 E60.10935
G0 F7200 X114.431 Y118.231
G0 X114.429 Y118.241
G0 X113.367 Y118.666
G0 X110.286 Y119.412
G0 X109.321 Y119.829
G0 X109.422 Y119.9
;TYPE:WALL-OUTER
G1 F1800 X109.023 Y119.9 E60.11436
G1 X109.023 Y119.4 E60.12063
G1 X109.421 Y119.4 E60.12562
G1 X109.422 Y119.9 E60.13186
G0 F7200 X109.222 Y119.9
G0 X109.222 Y119.8
G0 X110.286 Y119.412
G0 X112.506 Y119.786
G0 X115.494 Y119.786
G0 X120.49 Y118.666
G0 X121.459 Y118.653
G1 F1800 X121.355 Y118.681 E60.13321
G1 X121.355 Y118.195 E60.13931
G1 X121.536 Y118.146 E60.14166
G1 X121.731 Y118.116 E60.14413
G1 X121.812 Y118.108 E60.14516
G1 X122.092 Y118.102 E60.14867
G1 X122.188 Y118.108 E60.14987
G1 X122.269 Y118.116 E60.15089
G1 X122.464 Y118.146 E60.15337
G1 X122.645 Y118.195 E60.15572
G1 X122.645 Y118.681 E60.16181
G1 X122.541 Y118.653 E60.16317
G1 X122.325 Y118.62 E60.16591
G1 X122.216 Y118.609 E60.16728
G1 X122.104 Y118.602 E60.16869
G1 X121.788 Y118.608 E60.17265
G1 X121.675 Y118.62 E60.17407
G1 X121.459 Y118.653 E60.17681
G0 F7200 X121.355 Y118.681
G0 X121.355 Y118.588
G0 X121.771 Y118.36
;TYPE:SKIN
G1 F1800 X122.062 Y118.353 E60.17835
G1 X122.325 Y118.373 E60.17975
G0 F7200 X122.387 Y118.225
G0 X122.385 Y118.234
G0 X121.367 Y115.666
G0 X121.459 Y115.653
;TYPE:WALL-OUTER
G1 F1800 X121.355 Y115.681 E60.1811
G1 X121.355 Y115.195 E60.18719
G1 X121.536 Y115.146 E60.18954
G1 X121.731 Y115.116 E60.19202
G1 X121.812 Y115.108 E60.19304
G1 X121.908 Y115.102 E60.19425
G1 X122.189 Y115.108 E60.19777
G1 X122.269 Y115.116 E60.19878
G1 X122.464 Y115.146 E60.20125
G1 X122.645 Y115.195 E60.2036
G1 X122.645 Y115.681 E60.2097
G1 X122.541 Y115.653 E60.21105
G1 X122.325 Y115.62 E60.21379
G1 X122.212 Y115.608 E60.21521
G1 X121.896 Y115.602 E60.21918
G1 X121.784 Y115.609 E60.22059
G1 X121.675 Y115.62 E60.22196
G1 X121.459 Y115.653 E60.2247
G0 F7200 X121.355 Y115.681
G0 X121.355 Y115.588
G0 X121.645 Y115.376
;TYPE:SKIN
G1 F1800 X121.951 Y115.352 E60.22629
G1 X122.224 Y115.362 E60.2277
G0 F7200 X122.275 Y115.211
G1 F1500 E53.7277
G0 F7200 X122.274 Y115.217
G0 X121.367 Y112.666
G1 F1500 E60.2277
G0 F7200 X121.459 Y112.653
;TYPE:WALL-OUTER
G1 F1800 X121.355 Y112.681 E60.22905
G1 X121.355 Y112.195 E60.23515
G1 X121.536 Y112.146 E60.2375
G1 X121.731 Y112.116 E60.23997
G1 X121.812 Y112.108 E60.24099
G1 X122.092 Y112.102 E60.24451
G1 X122.188 Y112.108 E60.24571
G1 X122.269 Y112.116 E60.24673
G1 X122.464 Y112.146 E60.24921
G1 X122.645 Y112.195 E60.25156
G1 X122.645 Y112.681 E60.25765
G1 X122.541 Y112.653 E60.259
G1 X122.325 Y112.62 E60.26174
G1 X122.216 Y112.609 E60.26312
G1 X122.104 Y112.602 E60.26453
G1 X121.788 Y112.608 E60.26849
G1 X121.675 Y112.62 E60.26991
G1 X121.459 Y112.653 E60.27265
G0 F7200 X121.355 Y112.681
G0 X121.355 Y112.588
G0 X121.836 Y112.356
;TYPE:SKIN
G1 F1800 X122.121 Y112.354 E60.27414
G1 X122.377 Y112.38 E60.27547
G0 F7200 X122.438 Y112.233
G1 F1500 E53.77547
G0 F7200 X122.436 Y112.242
G0 X121.367 Y109.666
G1 F1500 E60.27547
G0 F7200 X121.459 Y109.653
;TYPE:WALL-OUTER
G1 F1800 X121.355 Y109.681 E60.27682
G1 X121.355 Y109.195 E60.28292
G1 X121.536 Y109.146 E60.28527
G1 X121.731 Y109.116 E60.28774
G1 X121.812 Y109.108 E60.28877
G1 X122.092 Y109.102 E60.29228
G1 X122.188 Y109.108 E60.29348
G1 X122.269 Y109.116 E60.2945
G1 X122.464 Y109.146 E60.29698
G1 X122.645 Y109.195 E60.29933
G1 X122.645 Y109.681 E60.30542
G1 X122.541 Y109.653 E60.30678
G1 X122.325 Y109.62 E60.30952
G1 X122.212 Y109.608 E60.31094
G1 X121.896 Y109.602 E60.3149
G1 X121.784 Y109.609 E60.31631
G1 X121.675 Y109.62 E60.31769
G1 X121.459 Y109.653 E60.32043
G0 F7200 X121.355 Y109.681
G0 X121.355 Y109.588
G0 X121.715 Y109.366
;TYPE:SKIN
G1 F1800 X122.011 Y109.352 E60.32198
G1 X122.279 Y109.367 E60.32339
G0 F7200 X122.328 Y109.216
G0 X122.326 Y109.225
G0 X123.51 Y109.556
G0 X128.49 Y109.556
G0 X129.459 Y109.653
;TYPE:WALL-OUTER
G1 F1800 X129.355 Y109.681 E60.32474
G1 X129.355 Y109.195 E60.33084
G1 X129.536 Y109.146 E60.33319
G1 X129.731 Y109.116 E60.33566
G1 X129.812 Y109.108 E60.33669
G1 X129.908 Y109.102 E60.33789
G1 X130.189 Y109.108 E60.34142
G1 X130.269 Y109.116 E60.34242
G1 X130.464 Y109.146 E60.3449
G1 X130.645 Y109.195 E60.34725
G1 X130.645 Y109.681 E60.35334
G1 X130.541 Y109.653 E60.3547
G1 X130.325 Y109.62 E60.35744
G1 X130.212 Y109.608 E60.35886
G1 X129.896 Y109.602 E60.36282
G1 X129.784 Y109.609 E60.36423
G1 X129.675 Y109.62 E60.36561
G1 X129.459 Y109.653 E60.36835
G0 F7200 X129.355 Y109.681
G0 X129.355 Y109.588
G0 X129.621 Y109.379
;TYPE:SKIN
G1 F1800 X129.931 Y109.352 E60.36964
G1 X130.431 Y109.419 E60.37175
G0 F7200 X130.265 Y109.21
G0 X130.263 Y109.215
G0 X129.733 Y112.135
G0 X129.459 Y112.653
;TYPE:WALL-OUTER
G1 F1800 X129.355 Y112.681 E60.3731
G1 X129.355 Y112.195 E60.37919
G1 X129.536 Y112.146 E60.38154
G1 X129.731 Y112.116 E60.38402
G1 X129.812 Y112.108 E60.38504
G1 X129.908 Y112.102 E60.38625
G1 X130.189 Y112.108 E60.38977
G1 X130.269 Y112.116 E60.39078
G1 X130.464 Y112.146 E60.39325
G1 X130.645 Y112.195 E60.3956
G1 X130.645 Y112.681 E60.4017
G1 X130.541 Y112.653 E60.40305
G1 X130.325 Y112.62 E60.40579
G1 X130.212 Y112.608 E60.40721
G1 X129.896 Y112.602 E60.41118
G1 X129.784 Y112.609 E60.41258
G1 X129.675 Y112.62 E60.41396
G1 X129.459 Y112.653 E60.4167
G0 F7200 X129.355 Y112.681
G0 X129.355 Y112.588
G0 X129.749 Y112.362
;TYPE:SKIN
G1 F1800 X130.04 Y112.355 E60.41823
G1 X130.307 Y112.371 E60.41963
G0 F7200 X130.355 Y112.219
G0 X130.353 Y112.229
G0 X129.733 Y115.135
G0 X129.459 Y115.653
;TYPE:WALL-OUTER
G1 F1800 X129.355 Y115.681 E60.42098
G1 X129.355 Y115.195 E60.42707
G1 X129.536 Y115.146 E60.42942
G1 X129.731 Y115.116 E60.4319
G1 X129.812 Y115.108 E60.43292
G1 X129.908 Y115.102 E60.43413
G1 X130.189 Y115.108 E60.43765
G1 X130.269 Y115.116 E60.43866
G1 X130.464 Y115.146 E60.44113
G1 X130.645 Y115.195 E60.44348
G1 X130.645 Y115.681 E60.44958
G1 X130.541 Y115.653 E60.45093
G1 X130.325 Y115.62 E60.45367
G1 X130.212 Y115.608 E60.45509
G1 X129.896 Y115.602 E60.45906
G1 X129.784 Y115.609 E60.46047
G1 X129.675 Y115.62 E60.46184
G1 X129.459 Y115.653 E60.46458
G0 F7200 X129.355 Y115.681
G0 X129.355 Y115.588
G0 X129.58 Y115.361
;TYPE:SKIN
G1 F1800 X129.869 Y115.354 E60.46573
G1 X130.403 Y115.385 E60.46787
G0 F7200 X130.439 Y115.233
G1 F1500 E53.96787
G0 F7200 X130.437 Y115.242
G0 X129.455 Y115.634
G0 X129.733 Y118.135
G1 F1500 E60.46787
G0 F7200 X129.459 Y118.653
;TYPE:WALL-OUTER
G1 F1800 X129.355 Y118.681 E60.46922
G1 X129.355 Y118.195 E60.47531
G1 X129.536 Y118.146 E60.47767
G1 X129.731 Y118.116 E60.48014
G1 X129.812 Y118.108 E60.48116
G1 X130.092 Y118.102 E60.48467
G1 X130.188 Y118.108 E60.48588
G1 X130.269 Y118.116 E60.4869
G1 X130.464 Y118.146 E60.48937
G1 X130.645 Y118.195 E60.49172
G1 X130.645 Y118.681 E60.49782
G1 X130.541 Y118.653 E60.49917
G1 X130.325 Y118.62 E60.50191
G1 X130.216 Y118.609 E60.50328
G1 X130.104 Y118.602 E60.50469
G1 X129.788 Y118.608 E60.50865
G1 X129.675 Y118.62 E60.51008
G1 X129.459 Y118.653 E60.51282
G0 F7200 X129.355 Y118.681
G0 X129.355 Y118.588
G0 X129.681 Y118.37
;TYPE:SKIN
G1 F1800 X129.981 Y118.353 E60.51441
G1 X130.253 Y118.365 E60.51584
G0 F7200 X130.301 Y118.214
G1 F1500 E54.01584
;MESH:NONMESH
G0 F600 X130.301 Y118.214 Z13
G0 F7200 X130.299 Y118.221
G0 X128.49 Y118.207
G0 X123.501 Y114.537
G0 X120.506 Y113.786
G0 X115.51 Y109.666
G0 X113.663 Y109.521
G1 F1500 E60.51584
G0 F7200 X113.675 Y109.62
;TIME_ELAPSED:688.793122
;LAYER:64
;TYPE:WALL-OUTER
;MESH:output_v2\A_fina_suporte.stl
G1 F1800 X113.565 Y109.637 E60.51724
G1 X113.565 Y109.142 E60.52345
G1 X113.731 Y109.116 E60.52555
G1 X113.812 Y109.108 E60.52658
G1 X114.091 Y109.102 E60.53008
G1 X114.224 Y109.111 E60.53175
G1 X114.33 Y109.125 E60.53309
G1 X114.435 Y109.142 E60.53442
G1 X114.435 Y109.636 E60.54062
G1 X114.324 Y109.619 E60.54202
G1 X114.104 Y109.602 E60.54479
G1 X113.788 Y109.608 E60.54876
G1 X113.675 Y109.62 E60.55018
G0 F7200 X113.565 Y109.637
G0 X113.565 Y109.548
G0 X113.881 Y109.356
;TYPE:SKIN
G1 F1800 X114.165 Y109.357 E60.55215
G0 F7200 X114.198 Y109.514
G0 X114.198 Y109.509
G0 X113.813 Y112.127
G0 X113.675 Y112.62
;TYPE:WALL-OUTER
G1 F1800 X113.565 Y112.637 E60.55355
G1 X113.565 Y112.142 E60.55975
G1 X113.731 Y112.116 E60.56186
G1 X113.812 Y112.108 E60.56288
G1 X114.091 Y112.102 E60.56638
G1 X114.224 Y112.111 E60.56805
G1 X114.33 Y112.125 E60.56939
G1 X114.435 Y112.142 E60.57073
G1 X114.435 Y112.636 E60.57692
G1 X114.324 Y112.619 E60.57833
G1 X114.104 Y112.602 E60.5811
G1 X113.788 Y112.608 E60.58506
G1 X113.675 Y112.62 E60.58649
G0 F7200 X113.565 Y112.637
G0 X113.565 Y112.548
G0 X113.792 Y112.378
;TYPE:SKIN
G1 F1800 X114.049 Y112.352 E60.58802
G0 F7200 X114.094 Y112.504
G1 F1500 E54.08802
G0 F7200 X114.095 Y112.502
G0 X113.813 Y115.127
G1 F1500 E60.58802
G0 F7200 X113.675 Y115.62
;TYPE:WALL-OUTER
G1 F1800 X113.565 Y115.637 E60.58941
G1 X113.565 Y115.142 E60.59562
G1 X113.731 Y115.116 E60.59773
G1 X113.812 Y115.108 E60.59875
G1 X114.091 Y115.102 E60.60225
G1 X114.224 Y115.111 E60.60392
G1 X114.33 Y115.125 E60.60526
G1 X114.435 Y115.142 E60.60659
G1 X114.435 Y115.636 E60.61279
G1 X114.324 Y115.619 E60.6142
G1 X114.104 Y115.602 E60.61696
G1 X113.788 Y115.608 E60.62093
G1 X113.675 Y115.62 E60.62235
G0 F7200 X113.565 Y115.637
G0 X113.565 Y115.548
G0 X113.939 Y115.353
;TYPE:SKIN
G1 F1800 X114.205 Y115.336 E60.62391
G0 F7200 X114.033 Y115.203
G1 F1500 E54.12391
G0 F7200 X114.032 Y115.204
G0 X113.813 Y118.127
G1 F1500 E60.62391
G0 F7200 X113.675 Y118.62
;TYPE:WALL-OUTER
G1 F1800 X113.565 Y118.637 E60.62531
G1 X113.565 Y118.142 E60.63151
G1 X113.731 Y118.116 E60.63362
G1 X113.812 Y118.108 E60.63464
G1 X114.091 Y118.102 E60.63814
G1 X114.224 Y118.111 E60.63981
G1 X114.33 Y118.125 E60.64115
G1 X114.435 Y118.142 E60.64249
G1 X114.435 Y118.636 E60.64868
G1 X114.324 Y118.619 E60.65009
G1 X114.104 Y118.602 E60.65286
G1 X113.788 Y118.608 E60.65682
G1 X113.675 Y118.62 E60.65825
G0 F7200 X113.565 Y118.637
G0 X113.565 Y118.548
G0 X113.832 Y118.357
;TYPE:SKIN
G1 F1800 X114.111 Y118.353 E60.66016
G0 F7200 X114.162 Y118.508
G0 X114.162 Y118.506
G0 X112.7 Y118.622
G0 X110.285 Y119.412
G0 X109.32 Y119.829
G0 X109.421 Y119.9
;TYPE:WALL-OUTER
G1 F1800 X109.022 Y119.9 E60.66516
G1 X109.022 Y119.4 E60.67143
G1 X109.42 Y119.4 E60.67642
G1 X109.421 Y119.9 E60.68267
G0 F7200 X109.221 Y119.9
G0 X109.221 Y119.8
G0 X110.285 Y119.412
G0 X112.716 Y119.723
G0 X115.284 Y119.723
G0 X120.7 Y118.622
G0 X121.675 Y118.62
G1 F1800 X121.565 Y118.637 E60.68407
G1 X121.565 Y118.142 E60.69027
G1 X121.731 Y118.116 E60.69238
G1 X121.812 Y118.108 E60.6934
G1 X122.091 Y118.102 E60.6969
G1 X122.224 Y118.111 E60.69857
G1 X122.33 Y118.125 E60.69991
G1 X122.435 Y118.142 E60.70125
G1 X122.435 Y118.636 E60.70744
G1 X122.324 Y118.619 E60.70885
G1 X122.104 Y118.602 E60.71162
G1 X121.788 Y118.608 E60.71558
G1 X121.675 Y118.62 E60.71701
G0 F7200 X121.565 Y118.637
G0 X121.565 Y118.548
G0 X121.781 Y118.387
;TYPE:SKIN
G1 F1800 X122.03 Y118.353 E60.71838
G0 F7200 X122.086 Y118.503
G1 F1500 E54.21838
G0 F7200 X122.087 Y118.502
G0 X121.577 Y115.622
G1 F1500 E60.71838
G0 F7200 X121.674 Y115.62
;TYPE:WALL-OUTER
G1 F1800 X121.565 Y115.637 E60.71976
G1 X121.565 Y115.142 E60.72597
G1 X121.731 Y115.116 E60.72807
G1 X121.909 Y115.102 E60.73031
G1 X122.189 Y115.108 E60.73382
G1 X122.269 Y115.116 E60.73483
G1 X122.435 Y115.142 E60.73694
G1 X122.435 Y115.637 E60.74315
G1 X122.325 Y115.62 E60.74454
G1 X122.212 Y115.608 E60.74597
G1 X121.895 Y115.602 E60.74994
G1 X121.745 Y115.612 E60.75183
G1 X121.674 Y115.62 E60.75273
G0 F7200 X121.565 Y115.637
G0 X121.565 Y115.547
G0 X121.86 Y115.355
;TYPE:SKIN
G1 F1800 X122.144 Y115.356 E60.75461
G0 F7200 X122.173 Y115.51
G1 F1500 E54.25461
G0 F7200 X122.173 Y115.508
G0 X121.577 Y112.622
G1 F1500 E60.75461
G0 F7200 X121.675 Y112.62
;TYPE:WALL-OUTER
G1 F1800 X121.565 Y112.637 E60.75601
G1 X121.565 Y112.142 E60.76222
G1 X121.731 Y112.116 E60.76432
G1 X121.812 Y112.108 E60.76534
G1 X122.091 Y112.102 E60.76884
G1 X122.224 Y112.111 E60.77052
G1 X122.33 Y112.125 E60.77186
G1 X122.435 Y112.142 E60.77319
G1 X122.435 Y112.636 E60.77938
G1 X122.324 Y112.619 E60.78079
G1 X122.104 Y112.602 E60.78356
G1 X121.788 Y112.608 E60.78752
G1 X121.675 Y112.62 E60.78895
G0 F7200 X121.565 Y112.637
G0 X121.565 Y112.548
G0 X121.97 Y112.354
;TYPE:SKIN
G1 F1800 X122.221 Y112.322 E60.79019
G0 F7200 X122.037 Y112.504
G1 F1500 E54.29019
G0 F7200 X122.038 Y112.503
G0 X121.577 Y109.622
G1 F1500 E60.79019
G0 F7200 X121.674 Y109.62
;TYPE:WALL-OUTER
G1 F1800 X121.565 Y109.637 E60.79157
G1 X121.565 Y109.142 E60.79778
G1 X121.731 Y109.116 E60.79989
G1 X121.812 Y109.108 E60.80091
G1 X122.091 Y109.102 E60.80441
G1 X122.224 Y109.111 E60.80608
G1 X122.33 Y109.125 E60.80742
G1 X122.435 Y109.142 E60.80875
G1 X122.435 Y109.637 E60.81496
G1 X122.325 Y109.62 E60.81636
G1 X122.212 Y109.608 E60.81778
G1 X121.895 Y109.602 E60.82176
G1 X121.745 Y109.612 E60.82364
G1 X121.674 Y109.62 E60.82454
G0 F7200 X121.565 Y109.637
G0 X121.565 Y109.547
G0 X121.806 Y109.361
;TYPE:SKIN
G1 F1800 X122.082 Y109.354 E60.82637
G0 F7200 X122.121 Y109.505
G0 X123.3 Y109.521
G0 X128.7 Y109.521
G0 X129.674 Y109.62
;TYPE:WALL-OUTER
G1 F1800 X129.565 Y109.637 E60.82776
G1 X129.565 Y109.142 E60.83396
G1 X129.731 Y109.116 E60.83607
G1 X129.909 Y109.102 E60.83831
G1 X130.189 Y109.108 E60.84182
G1 X130.269 Y109.116 E60.84283
G1 X130.435 Y109.142 E60.84494
G1 X130.435 Y109.637 E60.85114
G1 X130.325 Y109.62 E60.85254
G1 X130.212 Y109.608 E60.85396
G1 X129.895 Y109.602 E60.85794
G1 X129.745 Y109.612 E60.85983
G1 X129.674 Y109.62 E60.86072
G0 F7200 X129.565 Y109.637
G0 X129.565 Y109.547
G0 X129.945 Y109.298
;TYPE:SKIN
G1 F1800 X130.057 Y109.409 E60.86171
G0 F7200 X130.055 Y109.505
G1 F1500 E54.36171
G0 F7200 X130.188 Y112.127
G1 F1500 E60.86171
G0 F7200 X130.435 Y112.142
;TYPE:WALL-OUTER
G1 F1800 X130.435 Y112.637 E60.86792
G1 X130.325 Y112.62 E60.86931
G1 X130.212 Y112.608 E60.87074
G1 X129.895 Y112.602 E60.87471
G1 X129.744 Y112.612 E60.87661
G1 X129.565 Y112.636 E60.87888
G1 X129.565 Y112.142 E60.88507
G1 X129.731 Y112.116 E60.88718
G1 X129.909 Y112.102 E60.88942
G1 X130.189 Y112.108 E60.89293
G1 X130.269 Y112.116 E60.89394
G1 X130.435 Y112.142 E60.89605
G0 F7200 X130.435 Y112.342
G0 X130.176 Y112.357
;TYPE:SKIN
G1 F1800 X129.89 Y112.354 E60.89795
G0 F7200 X129.834 Y112.204
G0 X129.833 Y112.209
G0 X129.733 Y115.135
G0 X129.674 Y115.62
;TYPE:WALL-OUTER
G1 F1800 X129.565 Y115.637 E60.89933
G1 X129.565 Y115.142 E60.90554
G1 X129.731 Y115.116 E60.90764
G1 X129.909 Y115.102 E60.90988
G1 X130.189 Y115.108 E60.9134
G1 X130.269 Y115.116 E60.9144
G1 X130.435 Y115.142 E60.91651
G1 X130.435 Y115.637 E60.92272
G1 X130.325 Y115.62 E60.92411
G1 X130.212 Y115.608 E60.92554
G1 X129.895 Y115.602 E60.92951
G1 X129.745 Y115.612 E60.9314
G1 X129.674 Y115.62 E60.9323
G0 F7200 X129.565 Y115.637
G0 X129.565 Y115.547
G0 X129.796 Y115.371
;TYPE:SKIN
G1 F1800 X130.062 Y115.354 E60.93394
G0 F7200 X130.116 Y115.506
G1 F1500 E54.43394
G0 F7200 X129.813 Y118.127
G1 F1500 E60.93394
G0 F7200 X129.675 Y118.62
;TYPE:WALL-OUTER
G1 F1800 X129.565 Y118.637 E60.93534
G1 X129.565 Y118.142 E60.94155
G1 X129.731 Y118.116 E60.94365
G1 X129.812 Y118.108 E60.94467
G1 X130.091 Y118.102 E60.94817
G1 X130.224 Y118.111 E60.94984
G1 X130.33 Y118.125 E60.95119
G1 X130.435 Y118.142 E60.95252
G1 X130.435 Y118.636 E60.95871
G1 X130.324 Y118.619 E60.96012
G1 X130.104 Y118.602 E60.96289
G1 X129.788 Y118.608 E60.96685
G1 X129.675 Y118.62 E60.96828
G0 F7200 X129.565 Y118.637
G0 X129.565 Y118.548
G0 X129.951 Y118.354
;TYPE:SKIN
G1 F1800 X130.211 Y118.332 E60.96972
G0 F7200 X130.033 Y118.203
;MESH:NONMESH
G0 F600 X130.033 Y118.203 Z13.2
G0 F7200 X130.032 Y118.204
G0 X128.7 Y118.155
G0 X123.291 Y114.476
G0 X120.716 Y113.723
G0 X115.3 Y109.621
G0 X114.106 Y109.503
G0 X114.105 Y109.602
;TIME_ELAPSED:695.393911
;LAYER:65
;TYPE:WALL-OUTER
;MESH:output_v2\A_fina_suporte.stl
G1 F1182.4 X113.784 Y109.608 E60.97375
G1 X113.784 Y109.111 E60.97998
G1 X113.812 Y109.108 E60.98033
G1 X114.102 Y109.102 E60.98397
G1 X114.216 Y109.11 E60.9854
G1 X114.216 Y109.61 E60.99167
G1 X114.105 Y109.602 E60.99307
G0 F7200 X113.905 Y109.605
G0 X113.904 Y109.507
G1 F1500 E54.49307
G0 F7200 X113.905 Y109.505
G0 X114.102 Y112.121
G1 F1500 E60.99307
G0 F7200 X114.105 Y112.602
G1 F1182.4 X113.784 Y112.608 E60.99709
G1 X113.784 Y112.111 E61.00333
G1 X113.812 Y112.108 E61.00368
G1 X114.102 Y112.102 E61.00732
G1 X114.216 Y112.11 E61.00875
G1 X114.216 Y112.61 E61.01502
G1 X114.105 Y112.602 E61.01642
G0 F7200 X113.905 Y112.605
G0 X113.904 Y112.507
G0 X113.905 Y112.505
G0 X114.102 Y115.121
G0 X114.105 Y115.602
G1 F1182.4 X113.784 Y115.608 E61.02044
G1 X113.784 Y115.111 E61.02667
G1 X113.812 Y115.108 E61.02703
G1 X114.102 Y115.102 E61.03066
G1 X114.216 Y115.11 E61.0321
G1 X114.216 Y115.61 E61.03837
G1 X114.105 Y115.602 E61.03976
G0 F7200 X113.905 Y115.605
G0 X113.979 Y115.406
;TYPE:SKIN
G1 F1182.4 X114.02 Y115.364 E61.04013
G0 F7200 X114.184 Y115.364
G0 X114.116 Y115.364
G0 X114.102 Y118.121
G0 X114.105 Y118.602
;TYPE:WALL-OUTER
G1 F1182.4 X113.784 Y118.608 E61.04416
G1 X113.784 Y118.111 E61.05039
G1 X113.812 Y118.108 E61.05074
G1 X114.102 Y118.102 E61.05438
G1 X114.216 Y118.11 E61.05581
G1 X114.216 Y118.61 E61.06208
G1 X114.105 Y118.602 E61.06348
G0 F7200 X113.905 Y118.605
G0 X113.904 Y118.507
G0 X113.905 Y118.505
G0 X110.284 Y119.412
G0 X109.319 Y119.829
G0 X109.42 Y119.9
G1 F1182.4 X109.021 Y119.9 E61.06848
G1 X109.021 Y119.4 E61.07475
G1 X109.419 Y119.4 E61.07974
G1 X109.42 Y119.9 E61.08599
G0 F7200 X109.22 Y119.9
G0 X109.22 Y119.8
G0 X110.284 Y119.412
G0 X112.933 Y119.588
G0 X115.067 Y119.584
G0 X120.919 Y118.594
G0 X122.107 Y118.503
G0 X122.105 Y118.602
G1 F1182.4 X121.784 Y118.608 E61.09002
G1 X121.784 Y118.111 E61.09625
G1 X121.811 Y118.108 E61.09659
G1 X122.102 Y118.102 E61.10024
G1 X122.216 Y118.11 E61.10167
G1 X122.216 Y118.61 E61.10794
G1 X122.105 Y118.602 E61.10934
G0 F7200 X121.905 Y118.605
G0 X121.904 Y118.507
G0 X121.905 Y118.505
G0 X121.797 Y115.595
G0 X121.883 Y115.602
G1 F1182.4 X121.784 Y115.609 E61.11058
G1 X121.784 Y115.111 E61.11683
G1 X121.91 Y115.102 E61.11841
G1 X122.189 Y115.108 E61.12191
G1 X122.216 Y115.111 E61.12225
G1 X122.216 Y115.608 E61.12849
G1 X121.883 Y115.602 E61.13266
G0 F7200 X121.784 Y115.609
G0 X121.784 Y115.508
G0 X121.978 Y115.326
;TYPE:SKIN
G1 F1182.4 X122.006 Y115.298 E61.13291
G0 F7200 X122.008 Y115.205
G0 X122.203 Y112.596
G0 X122.105 Y112.602
;TYPE:WALL-OUTER
G1 F1182.4 X121.784 Y112.608 E61.13694
G1 X121.784 Y112.111 E61.14317
G1 X121.811 Y112.108 E61.14351
G1 X122.102 Y112.102 E61.14716
G1 X122.216 Y112.11 E61.14859
G1 X122.216 Y112.61 E61.15486
G1 X122.105 Y112.602 E61.15626
G0 F7200 X121.905 Y112.605
G0 X121.904 Y112.507
G0 X121.905 Y112.505
G0 X121.797 Y109.595
G0 X121.883 Y109.602
G1 F1182.4 X121.784 Y109.609 E61.1575
G1 X121.784 Y109.111 E61.16375
G1 X121.811 Y109.108 E61.16409
G1 X122.102 Y109.102 E61.16774
G1 X122.216 Y109.11 E61.16917
G1 X122.216 Y109.608 E61.17542
G1 X121.883 Y109.602 E61.1796
G0 F7200 X121.784 Y109.609
G0 X121.784 Y109.508
G0 X121.978 Y109.386
;TYPE:SKIN
G1 F1182.4 X122.019 Y109.345 E61.17996
G0 F7200 X122.184 Y109.345
G1 F1500 E54.67996
G0 F7200 X122.116 Y109.345
G0 X128.919 Y109.503
G1 F1500 E61.17996
G0 F7200 X129.883 Y109.602
;TYPE:WALL-OUTER
G1 F1182.4 X129.784 Y109.609 E61.1812
G1 X129.784 Y109.111 E61.18745
G1 X129.91 Y109.102 E61.18903
G1 X130.189 Y109.108 E61.19253
G1 X130.216 Y109.111 E61.19287
G1 X130.216 Y109.608 E61.19911
G1 X129.883 Y109.602 E61.20328
G0 F7200 X129.784 Y109.609
G0 X129.784 Y109.508
G0 X129.816 Y109.508
G0 X129.881 Y109.503
G0 X129.91 Y112.121
G0 X129.883 Y112.602
G1 F1182.4 X129.784 Y112.609 E61.20453
G1 X129.784 Y112.111 E61.21077
G1 X129.91 Y112.102 E61.21236
G1 X130.189 Y112.108 E61.21586
G1 X130.216 Y112.111 E61.2162
G1 X130.216 Y112.608 E61.22243
G1 X129.883 Y112.602 E61.22661
G0 F7200 X129.784 Y112.609
G0 X129.784 Y112.508
G0 X129.986 Y112.409
;TYPE:SKIN
G1 F1182.4 X130.019 Y112.376 E61.2269
G0 F7200 X130.184 Y112.376
G0 X130.116 Y112.376
G0 X129.91 Y115.121
G0 X129.883 Y115.602
;TYPE:WALL-OUTER
G1 F1182.4 X129.784 Y115.609 E61.22814
G1 X129.784 Y115.111 E61.23439
G1 X129.91 Y115.102 E61.23597
G1 X130.189 Y115.108 E61.23947
G1 X130.216 Y115.111 E61.23981
G1 X130.216 Y115.608 E61.24604
G1 X129.883 Y115.602 E61.25022
G0 F7200 X129.784 Y115.609
G0 X129.784 Y115.508
G0 X129.816 Y115.508
G0 X129.881 Y115.503
G0 X130.102 Y118.121
G0 X130.105 Y118.602
G1 F1182.4 X129.784 Y118.608 E61.25425
G1 X129.784 Y118.111 E61.26048
G1 X129.811 Y118.108 E61.26082
G1 X130.102 Y118.102 E61.26447
G1 X130.216 Y118.11 E61.2659
G1 X130.216 Y118.61 E61.27217
G1 X130.105 Y118.602 E61.27357
G0 F7200 X129.905 Y118.605
G0 X129.978 Y118.356
;TYPE:SKIN
G1 F1182.4 X130.019 Y118.315 E61.27393
G0 F7200 X130.184 Y118.315
;MESH:NONMESH
G0 F600 X130.184 Y118.315 Z13.4
G0 F7200 X130.116 Y118.315
G0 X128.919 Y118.124
G0 X123.071 Y114.374
G0 X120.933 Y113.588
G0 X115.081 Y109.596
G0 X114.025 Y109.375
;TIME_ELAPSED:699.056322
;LAYER:66
;TYPE:WALL-OUTER
;MESH:output_v2\A_fina_suporte.stl
G1 F600 X113.975 Y109.375 E61.27456
G1 X113.975 Y109.325 E61.27519
G1 X114.025 Y109.325 E61.27527
G1 X114.025 Y109.375 E61.27534
G0 F7200 X113.975 Y109.375
G0 X113.975 Y109.325
G0 X114.025 Y109.325
G0 X114.025 Y109.375
G0 X114.025 Y109.36
G0 X114.011 Y111.46
G0 X114.025 Y112.375
G1 F600 X113.975 Y112.375 E61.27597
G1 X113.975 Y112.325 E61.2766
G1 X114.025 Y112.325 E61.27668
G1 X114.025 Y112.375 E61.27675
G0 F7200 X113.975 Y112.375
G0 X113.975 Y112.325
G0 X114.025 Y112.325
G0 X114.025 Y112.375
G0 X114.025 Y112.36
G0 X114.011 Y114.46
G0 X114.025 Y115.375
G1 F600 X113.975 Y115.375 E61.27738
G1 X113.975 Y115.325 E61.27801
G1 X114.025 Y115.325 E61.27809
G1 X114.025 Y115.375 E61.27817
G0 F7200 X113.975 Y115.375
G0 X113.975 Y115.325
G0 X114.025 Y115.325
G0 X114.025 Y115.375
G0 X114.025 Y115.36
G0 X114.011 Y117.46
G0 X114.025 Y118.375
G1 F600 X113.975 Y118.375 E61.27879
G1 X113.975 Y118.325 E61.27942
G1 X114.025 Y118.325 E61.2795
G1 X114.025 Y118.375 E61.27958
G0 F7200 X113.975 Y118.375
G0 X113.975 Y118.325
G0 X114.025 Y118.325
G0 X114.025 Y118.375
G0 X114.025 Y118.36
G0 X110.283 Y119.412
G0 X109.318 Y119.829
G0 X109.419 Y119.9
G1 F600 X109.02 Y119.9 E61.28458
G1 X109.02 Y119.4 E61.29085
G1 X109.418 Y119.4 E61.29584
G1 X109.419 Y119.9 E61.30209
G0 F7200 X109.219 Y119.9
G0 X109.219 Y119.8
G0 X110.283 Y119.412
G0 X114.878 Y119.228
G0 X121.11 Y118.361
G0 X122.025 Y118.375
G1 F600 X121.975 Y118.375 E61.30271
G1 X121.975 Y118.325 E61.30334
G1 X122.025 Y118.325 E61.30342
G1 X122.025 Y118.375 E61.3035
G0 F7200 X121.975 Y118.375
G0 X121.975 Y118.325
G0 X122.025 Y118.325
G0 X122.025 Y118.375
G0 X122.025 Y118.36
G0 X122.011 Y116.24
G0 X122.025 Y115.375
G1 F600 X121.975 Y115.375 E61.30413
G1 X121.975 Y115.325 E61.30475
G1 X122.025 Y115.325 E61.30483
G1 X122.025 Y115.375 E61.30491
G0 F7200 X121.975 Y115.375
G0 X121.975 Y115.325
G0 X122.025 Y115.325
G0 X122.025 Y115.375
G0 X122.025 Y115.36
G0 X122.011 Y113.24
G0 X122.025 Y112.375
G1 F600 X121.975 Y112.375 E61.30554
G1 X121.975 Y112.325 E61.30616
G1 X122.025 Y112.325 E61.30624
G1 X122.025 Y112.375 E61.30632
G0 F7200 X121.975 Y112.375
G0 X121.975 Y112.325
G0 X122.025 Y112.325
G0 X122.025 Y112.375
G0 X122.025 Y112.36
G0 X122.011 Y110.24
G0 X122.025 Y109.375
G1 F600 X121.975 Y109.375 E61.30695
G1 X121.975 Y109.325 E61.30757
G1 X122.025 Y109.325 E61.30765
G1 X122.025 Y109.375 E61.30773
G0 F7200 X121.975 Y109.375
G0 X121.975 Y109.325
G0 X122.025 Y109.325
G0 X122.025 Y109.375
G0 X122.025 Y109.36
G0 X129.11 Y109.36
G0 X130.025 Y109.375
G1 F600 X129.975 Y109.375 E61.30836
G1 X129.975 Y109.325 E61.30898
G1 X130.025 Y109.325 E61.30906
G1 X130.025 Y109.375 E61.30914
G0 F7200 X129.975 Y109.375
G0 X129.975 Y109.325
G0 X130.025 Y109.325
G0 X130.025 Y109.375
G0 X130.025 Y109.36
G0 X130.011 Y111.46
G0 X130.025 Y112.375
G1 F600 X129.975 Y112.375 E61.30977
G1 X129.975 Y112.325 E61.3104
G1 X130.025 Y112.325 E61.31047
G1 X130.025 Y112.375 E61.31055
G0 F7200 X129.975 Y112.375
G0 X129.975 Y112.325
G0 X130.025 Y112.325
G0 X130.025 Y112.375
G0 X130.025 Y112.36
G0 X130.011 Y114.46
G0 X130.025 Y115.375
G1 F600 X129.975 Y115.375 E61.31118
G1 X129.975 Y115.325 E61.31181
G1 X130.025 Y115.325 E61.31188
G1 X130.025 Y115.375 E61.31196
G0 F7200 X129.975 Y115.375
G0 X129.975 Y115.325
G0 X130.025 Y115.325
G0 X130.025 Y115.375
G0 X130.025 Y115.36
G0 X130.011 Y117.46
G0 X130.025 Y118.375
G1 F600 X129.975 Y118.375 E61.31259
G1 X129.975 Y118.325 E61.31322
G1 X130.025 Y118.325 E61.3133
G1 X130.025 Y118.375 E61.31337
G0 F7200 X129.975 Y118.375
G0 X129.975 Y118.325
G0 X130.025 Y118.325
G0 X130.025 Y118.375
;MESH:NONMESH
G0 F600 X130.025 Y118.375 Z13.6
G0 F7200 X130.025 Y118.36
G0 X114.89 Y109.361
G0 X114.025 Y109.375
;TIME_ELAPSED:700.686508
;LAYER:67
;TYPE:WALL-OUTER
;MESH:output_v2\A_fina_suporte.stl
G1 F600 X113.975 Y109.375 E61.314
G1 X113.975 Y109.325 E61.31463
G1 X114.025 Y109.325 E61.31471
G1 X114.025 Y109.375 E61.31478
G0 F7200 X113.975 Y109.375
G0 X113.975 Y109.325
G0 X114.025 Y109.325
G0 X114.025 Y109.375
G0 X114.025 Y109.36
G0 X114.011 Y111.46
G0 X114.025 Y112.375
G1 F600 X113.975 Y112.375 E61.31541
G1 X113.975 Y112.325 E61.31604
G1 X114.025 Y112.325 E61.31612
G1 X114.025 Y112.375 E61.3162
G0 F7200 X113.975 Y112.375
G0 X113.975 Y112.325
G0 X114.025 Y112.325
G0 X114.025 Y112.375
G0 X114.025 Y112.36
G0 X114.011 Y114.46
G0 X114.025 Y115.375
G1 F600 X113.975 Y115.375 E61.31682
G1 X113.975 Y115.325 E61.31745
G1 X114.025 Y115.325 E61.31753
G1 X114.025 Y115.375 E61.31761
G0 F7200 X113.975 Y115.375
G0 X113.975 Y115.325
G0 X114.025 Y115.325
G0 X114.025 Y115.375
G0 X114.025 Y115.36
G0 X114.011 Y117.46
G0 X114.025 Y118.375
G1 F600 X113.975 Y118.375 E61.31823
G1 X113.975 Y118.325 E61.31886
G1 X114.025 Y118.325 E61.31894
G1 X114.025 Y118.375 E61.31902
G0 F7200 X113.975 Y118.375
G0 X113.975 Y118.325
G0 X114.025 Y118.325
G0 X114.025 Y118.375
G0 X114.025 Y118.36
G0 X110.282 Y119.412
G0 X109.317 Y119.829
G0 X109.418 Y119.9
G1 F600 X109.019 Y119.9 E61.32402
G1 X109.019 Y119.4 E61.33029
G1 X109.417 Y119.4 E61.33528
G1 X109.418 Y119.9 E61.34153
G0 F7200 X109.218 Y119.9
G0 X109.218 Y119.8
G0 X110.282 Y119.412
G0 X114.878 Y119.228
G0 X121.11 Y118.361
G0 X122.025 Y118.375
G1 F600 X121.975 Y118.375 E61.34216
G1 X121.975 Y118.325 E61.34278
G1 X122.025 Y118.325 E61.34286
G1 X122.025 Y118.375 E61.34294
G0 F7200 X121.975 Y118.375
G0 X121.975 Y118.325
G0 X122.025 Y118.325
G0 X122.025 Y118.375
G0 X122.025 Y118.36
G0 X122.011 Y116.24
G0 X122.025 Y115.375
G1 F600 X121.975 Y115.375 E61.34357
G1 X121.975 Y115.325 E61.34419
G1 X122.025 Y115.325 E61.34427
G1 X122.025 Y115.375 E61.34435
G0 F7200 X121.975 Y115.375
G0 X121.975 Y115.325
G0 X122.025 Y115.325
G0 X122.025 Y115.375
G0 X122.025 Y115.36
G0 X122.011 Y113.24
G0 X122.025 Y112.375
G1 F600 X121.975 Y112.375 E61.34498
G1 X121.975 Y112.325 E61.3456
G1 X122.025 Y112.325 E61.34568
G1 X122.025 Y112.375 E61.34576
G0 F7200 X121.975 Y112.375
G0 X121.975 Y112.325
G0 X122.025 Y112.325
G0 X122.025 Y112.375
G0 X122.025 Y112.36
G0 X122.011 Y110.24
G0 X122.025 Y109.375
G1 F600 X121.975 Y109.375 E61.34639
G1 X121.975 Y109.325 E61.34702
G1 X122.025 Y109.325 E61.34709
G1 X122.025 Y109.375 E61.34717
G0 F7200 X121.975 Y109.375
G0 X121.975 Y109.325
G0 X122.025 Y109.325
G0 X122.025 Y109.375
G0 X122.025 Y109.36
G0 X129.11 Y109.36
G0 X130.025 Y109.375
G1 F600 X129.975 Y109.375 E61.3478
G1 X129.975 Y109.325 E61.34843
G1 X130.025 Y109.325 E61.3485
G1 X130.025 Y109.375 E61.34858
G0 F7200 X129.975 Y109.375
G0 X129.975 Y109.325
G0 X130.025 Y109.325
G0 X130.025 Y109.375
G0 X130.025 Y109.36
G0 X130.011 Y111.46
G0 X130.025 Y112.375
G1 F600 X129.975 Y112.375 E61.34921
G1 X129.975 Y112.325 E61.34984
G1 X130.025 Y112.325 E61.34991
G1 X130.025 Y112.375 E61.34999
G0 F7200 X129.975 Y112.375
G0 X129.975 Y112.325
G0 X130.025 Y112.325
G0 X130.025 Y112.375
G0 X130.025 Y112.36
G0 X130.011 Y114.46
G0 X130.025 Y115.375
G1 F600 X129.975 Y115.375 E61.35062
G1 X129.975 Y115.325 E61.35125
G1 X130.025 Y115.325 E61.35133
G1 X130.025 Y115.375 E61.3514
G0 F7200 X129.975 Y115.375
G0 X129.975 Y115.325
G0 X130.025 Y115.325
G0 X130.025 Y115.375
G0 X130.025 Y115.36
G0 X130.011 Y117.46
G0 X130.025 Y118.375
G1 F600 X129.975 Y118.375 E61.35203
G1 X129.975 Y118.325 E61.35266
G1 X130.025 Y118.325 E61.35274
G1 X130.025 Y118.375 E61.35281
G0 F7200 X129.975 Y118.375
G0 X129.975 Y118.325
G0 X130.025 Y118.325
G0 X130.025 Y118.375
;MESH:NONMESH
G0 F600 X130.025 Y118.375 Z13.8
G0 F7200 X130.025 Y118.36
G0 X114.89 Y109.361
G0 X114.104 Y109.602
;TIME_ELAPSED:702.319758
;LAYER:68
;TYPE:WALL-OUTER
;MESH:output_v2\A_fina_suporte.stl
G1 F1184.8 X113.783 Y109.608 E61.35684
G1 X113.782 Y109.111 E61.36307
G1 X113.812 Y109.108 E61.36345
G1 X114.092 Y109.102 E61.36696
G1 X114.217 Y109.111 E61.36854
G1 X114.218 Y109.609 E61.37478
G1 X114.104 Y109.602 E61.37621
G0 F7200 X113.904 Y109.605
G0 X113.903 Y109.507
G1 F1500 E54.87621
G0 F7200 X113.904 Y109.505
G0 X114.092 Y112.121
G1 F1500 E61.37621
G0 F7200 X114.104 Y112.602
G1 F1184.8 X113.783 Y112.609 E61.38024
G1 X113.782 Y112.111 E61.38648
G1 X113.812 Y112.108 E61.38686
G1 X114.092 Y112.102 E61.39037
G1 X114.217 Y112.111 E61.39195
G1 X114.218 Y112.609 E61.39819
G1 X114.104 Y112.602 E61.39962
G0 F7200 X113.904 Y112.606
G0 X113.902 Y112.507
G1 F1500 E54.89962
G0 F7200 X113.903 Y112.506
G0 X114.092 Y115.121
G1 F1500 E61.39962
G0 F7200 X114.104 Y115.602
G1 F1184.8 X113.783 Y115.609 E61.40365
G1 X113.782 Y115.111 E61.4099
G1 X113.812 Y115.108 E61.41027
G1 X114.092 Y115.102 E61.41379
G1 X114.217 Y115.111 E61.41536
G1 X114.218 Y115.609 E61.4216
G1 X114.104 Y115.602 E61.42303
G0 F7200 X113.904 Y115.606
G0 X113.902 Y115.507
G1 F1500 E54.92303
G0 F7200 X113.903 Y115.506
G0 X114.092 Y118.121
G1 F1500 E61.42303
G0 F7200 X114.104 Y118.602
G1 F1184.8 X113.783 Y118.609 E61.42706
G1 X113.782 Y118.111 E61.43331
G1 X113.812 Y118.108 E61.43368
G1 X114.092 Y118.102 E61.4372
G1 X114.217 Y118.111 E61.43877
G1 X114.218 Y118.609 E61.44501
G1 X114.104 Y118.602 E61.44645
G0 F7200 X113.904 Y118.606
G0 X113.902 Y118.507
G1 F1500 E54.94645
G0 F7200 X113.903 Y118.506
G0 X110.281 Y119.412
G0 X109.316 Y119.829
G1 F1500 E61.44645
G0 F7200 X109.417 Y119.9
G1 F1184.8 X109.018 Y119.9 E61.45145
G1 X109.018 Y119.4 E61.45772
G1 X109.416 Y119.4 E61.46271
G1 X109.417 Y119.9 E61.46896
G0 F7200 X109.217 Y119.9
G0 X109.217 Y119.8
G0 X110.281 Y119.412
G0 X112.933 Y119.594
G0 X115.069 Y119.601
G0 X120.918 Y118.597
G0 X122.105 Y118.503
G0 X122.104 Y118.602
G1 F1184.8 X121.783 Y118.609 E61.47298
G1 X121.782 Y118.111 E61.47923
G1 X121.812 Y118.108 E61.47961
G1 X122.092 Y118.102 E61.48312
G1 X122.217 Y118.111 E61.48469
G1 X122.218 Y118.609 E61.49094
G1 X122.104 Y118.602 E61.49237
G0 F7200 X121.904 Y118.606
G0 X122.021 Y118.344
;TYPE:SKIN
G1 F1184.8 X121.975 Y118.298 E61.49278
G0 F7200 X121.817 Y118.298
G1 F1500 E54.99278
G0 F7200 X121.883 Y118.299
G0 X122.005 Y115.585
G1 F1500 E61.49278
G0 F7200 X121.896 Y115.602
;TYPE:WALL-OUTER
G1 F1184.8 X121.783 Y115.609 E61.4942
G1 X121.782 Y115.111 E61.50044
G1 X121.908 Y115.102 E61.50202
G1 X122.189 Y115.108 E61.50555
G1 X122.217 Y115.111 E61.5059
G1 X122.218 Y115.609 E61.51215
G1 X121.896 Y115.602 E61.51619
G0 F7200 X121.783 Y115.609
G0 X121.783 Y115.522
G0 X121.817 Y115.522
G1 F1500 E55.01619
G0 F7200 X121.882 Y115.502
G0 X122.205 Y112.589
G1 F1500 E61.51619
G0 F7200 X122.104 Y112.602
G1 F1184.8 X121.783 Y112.609 E61.52021
G1 X121.782 Y112.111 E61.52646
G1 X121.812 Y112.108 E61.52684
G1 X122.092 Y112.102 E61.53035
G1 X122.217 Y112.111 E61.53192
G1 X122.218 Y112.609 E61.53816
G1 X122.104 Y112.602 E61.5396
G0 F7200 X121.904 Y112.606
G0 X122.022 Y112.405
;TYPE:SKIN
G1 F1184.8 X121.976 Y112.359 E61.54
G0 F7200 X121.817 Y112.359
G1 F1500 E55.04
G0 F7200 X121.883 Y112.36
G0 X122.005 Y109.585
G1 F1500 E61.54
G0 F7200 X121.896 Y109.602
;TYPE:WALL-OUTER
G1 F1184.8 X121.783 Y109.609 E61.54142
G1 X121.782 Y109.111 E61.54767
G1 X121.812 Y109.108 E61.54805
G1 X122.092 Y109.102 E61.55156
G1 X122.217 Y109.111 E61.55313
G1 X122.218 Y109.609 E61.55938
G1 X121.896 Y109.602 E61.56342
G0 F7200 X121.783 Y109.609
G0 X121.783 Y109.522
G0 X121.817 Y109.522
G1 F1500 E55.06342
G0 F7200 X121.882 Y109.502
G0 X123.082 Y109.516
G0 X128.918 Y109.505
G1 F1500 E61.56342
G0 F7200 X129.896 Y109.602
G1 F1184.8 X129.783 Y109.609 E61.56484
G1 X129.782 Y109.111 E61.57108
G1 X129.908 Y109.102 E61.57266
G1 X130.189 Y109.108 E61.57619
G1 X130.217 Y109.111 E61.57654
G1 X130.218 Y109.609 E61.58279
G1 X129.896 Y109.602 E61.58683
G0 F7200 X129.783 Y109.609
G0 X129.783 Y109.522
G0 X129.976 Y109.328
;TYPE:SKIN
G1 F1184.8 X130.022 Y109.374 E61.58723
G0 F7200 X130.183 Y109.374
G1 F1500 E55.08723
G0 F7200 X130.117 Y109.373
G0 X129.908 Y112.121
G1 F1500 E61.58723
G0 F7200 X129.896 Y112.602
;TYPE:WALL-OUTER
G1 F1184.8 X129.783 Y112.609 E61.58865
G1 X129.782 Y112.111 E61.5949
G1 X129.908 Y112.102 E61.59648
G1 X130.189 Y112.108 E61.60001
G1 X130.217 Y112.111 E61.60036
G1 X130.218 Y112.609 E61.60661
G1 X129.896 Y112.602 E61.61065
G0 F7200 X129.783 Y112.609
G0 X129.783 Y112.522
G0 X129.817 Y112.522
G1 F1500 E55.11065
G0 F7200 X129.882 Y112.502
G0 X129.908 Y115.121
G1 F1500 E61.61065
G0 F7200 X129.896 Y115.602
G1 F1184.8 X129.783 Y115.609 E61.61207
G1 X129.782 Y115.111 E61.61831
G1 X129.908 Y115.102 E61.61989
G1 X130.189 Y115.108 E61.62342
G1 X130.217 Y115.111 E61.62377
G1 X130.218 Y115.609 E61.63002
G1 X129.896 Y115.602 E61.63406
G0 F7200 X129.783 Y115.609
G0 X129.783 Y115.522
G0 X129.817 Y115.522
G1 F1500 E55.13406
G0 F7200 X129.882 Y115.502
G0 X130.092 Y118.121
G1 F1500 E61.63406
G0 F7200 X130.104 Y118.602
G1 F1184.8 X129.783 Y118.609 E61.63808
G1 X129.782 Y118.111 E61.64433
G1 X129.812 Y118.108 E61.64471
G1 X130.092 Y118.102 E61.64822
G1 X130.217 Y118.111 E61.64979
G1 X130.218 Y118.609 E61.65603
G1 X130.104 Y118.602 E61.65747
G0 F7200 X129.904 Y118.606
G0 X130.005 Y118.408
;TYPE:SKIN
G1 F1184.8 X129.976 Y118.38 E61.65772
G0 F7200 X129.817 Y118.38
G1 F1500 E55.15772
;MESH:NONMESH
G0 F600 X129.817 Y118.38 Z14
G0 F7200 X129.883 Y118.381
G0 X123.071 Y114.374
G0 X120.933 Y113.594
G0 X115.082 Y109.593
G0 X113.883 Y109.538
G1 F1500 E61.65772
G0 F7200 X113.675 Y109.62
;TIME_ELAPSED:711.322923
;LAYER:69
;TYPE:WALL-OUTER
;MESH:output_v2\A_fina_suporte.stl
G1 F1800 X113.565 Y109.637 E61.65912
G1 X113.564 Y109.142 E61.66532
G1 X113.731 Y109.116 E61.66744
G1 X113.812 Y109.108 E61.66846
G1 X114.092 Y109.102 E61.67198
G1 X114.188 Y109.108 E61.67318
G1 X114.269 Y109.116 E61.6742
G1 X114.435 Y109.142 E61.67631
G1 X114.436 Y109.637 E61.68252
G1 X114.325 Y109.62 E61.68392
G1 X114.216 Y109.609 E61.6853
G1 X114.104 Y109.602 E61.68671
G1 X113.788 Y109.608 E61.69067
G1 X113.675 Y109.62 E61.69209
G0 F7200 X113.565 Y109.637
G0 X113.565 Y109.548
G0 X113.81 Y109.352
;TYPE:SKIN
G1 F1800 X114.09 Y109.354 E61.69394
G0 F7200 X114.15 Y109.204
G1 F1500 E55.19394
G0 F7200 X114.15 Y109.206
G0 X113.813 Y112.127
G1 F1500 E61.69394
G0 F7200 X113.675 Y112.62
;TYPE:WALL-OUTER
G1 F1800 X113.565 Y112.637 E61.69533
G1 X113.564 Y112.142 E61.70154
G1 X113.731 Y112.116 E61.70366
G1 X113.812 Y112.108 E61.70468
G1 X114.092 Y112.102 E61.70819
G1 X114.188 Y112.108 E61.7094
G1 X114.269 Y112.116 E61.71042
G1 X114.435 Y112.142 E61.71253
G1 X114.436 Y112.637 E61.71874
G1 X114.325 Y112.62 E61.72014
G1 X114.216 Y112.609 E61.72152
G1 X114.104 Y112.602 E61.72292
G1 X113.788 Y112.608 E61.72689
G1 X113.675 Y112.62 E61.72831
G0 F7200 X113.565 Y112.637
G0 X113.565 Y112.548
G0 X113.918 Y112.355
;TYPE:SKIN
G1 F1800 X114.192 Y112.363 E61.73013
G0 F7200 X114.038 Y112.504
G1 F1500 E55.23013
G0 F7200 X114.039 Y112.503
G0 X113.813 Y115.127
G1 F1500 E61.73013
G0 F7200 X113.675 Y115.62
;TYPE:WALL-OUTER
G1 F1800 X113.565 Y115.637 E61.73153
G1 X113.564 Y115.142 E61.73774
G1 X113.731 Y115.116 E61.73985
G1 X113.812 Y115.108 E61.74088
G1 X114.092 Y115.102 E61.74439
G1 X114.188 Y115.108 E61.74559
G1 X114.269 Y115.116 E61.74661
G1 X114.435 Y115.142 E61.74872
G1 X114.436 Y115.637 E61.75493
G1 X114.325 Y115.62 E61.75634
G1 X114.216 Y115.609 E61.75771
G1 X114.104 Y115.602 E61.75912
G1 X113.788 Y115.608 E61.76308
G1 X113.675 Y115.62 E61.76451
G0 F7200 X113.565 Y115.637
G0 X113.565 Y115.548
G0 X113.778 Y115.323
;TYPE:SKIN
G1 F1800 X114.032 Y115.352 E61.76586
G0 F7200 X114.087 Y115.202
G1 F1500 E55.26586
G0 F7200 X114.086 Y115.203
G0 X113.813 Y118.127
G1 F1500 E61.76586
G0 F7200 X113.675 Y118.62
;TYPE:WALL-OUTER
G1 F1800 X113.565 Y118.637 E61.76725
G1 X113.564 Y118.142 E61.77346
G1 X113.731 Y118.116 E61.77558
G1 X113.812 Y118.108 E61.7766
G1 X114.092 Y118.102 E61.78011
G1 X114.188 Y118.108 E61.78132
G1 X114.269 Y118.116 E61.78234
G1 X114.435 Y118.142 E61.78445
G1 X114.436 Y118.637 E61.79066
G1 X114.325 Y118.62 E61.79206
G1 X114.216 Y118.609 E61.79344
G1 X114.104 Y118.602 E61.79485
G1 X113.788 Y118.608 E61.79881
G1 X113.675 Y118.62 E61.80023
G0 F7200 X113.565 Y118.637
G0 X113.565 Y118.548
G0 X113.857 Y118.356
;TYPE:SKIN
G1 F1800 X114.141 Y118.354 E61.80213
G0 F7200 X114.193 Y118.206
G1 F1500 E55.30213
G0 F7200 X114.193 Y118.209
G0 X112.7 Y118.624
G0 X110.28 Y119.412
G0 X109.315 Y119.829
G1 F1500 E61.80213
G0 F7200 X109.416 Y119.9
;TYPE:WALL-OUTER
G1 F1800 X109.017 Y119.9 E61.80714
G1 X109.017 Y119.4 E61.81341
G1 X109.415 Y119.4 E61.8184
G1 X109.416 Y119.9 E61.82464
G0 F7200 X109.216 Y119.9
G0 X109.216 Y119.8
G1 F1500 E55.32464
G0 F7200 X110.28 Y119.412
G0 X112.717 Y119.729
G0 X115.286 Y119.735
G0 X120.7 Y118.624
G1 F1500 E61.82464
G0 F7200 X121.675 Y118.62
G1 F1800 X121.565 Y118.637 E61.82604
G1 X121.564 Y118.142 E61.83225
G1 X121.731 Y118.116 E61.83437
G1 X121.812 Y118.108 E61.83539
G1 X122.092 Y118.102 E61.8389
G1 X122.188 Y118.108 E61.84011
G1 X122.269 Y118.116 E61.84113
G1 X122.435 Y118.142 E61.84323
G1 X122.436 Y118.637 E61.84944
G1 X122.325 Y118.62 E61.85085
G1 X122.216 Y118.609 E61.85222
G1 X122.104 Y118.602 E61.85363
G1 X121.788 Y118.608 E61.85759
G1 X121.675 Y118.62 E61.85902
G0 F7200 X121.565 Y118.637
G0 X121.565 Y118.548
G0 X121.794 Y118.338
;TYPE:SKIN
G1 F1800 X122.062 Y118.353 E61.86063
G0 F7200 X122.112 Y118.203
G0 X121.577 Y115.622
G0 X121.675 Y115.62
;TYPE:WALL-OUTER
G1 F1800 X121.565 Y115.637 E61.86202
G1 X121.564 Y115.142 E61.86823
G1 X121.731 Y115.116 E61.87035
G1 X121.812 Y115.108 E61.87137
G1 X121.908 Y115.102 E61.87258
G1 X122.189 Y115.108 E61.8761
G1 X122.269 Y115.116 E61.87711
G1 X122.435 Y115.142 E61.87922
G1 X122.436 Y115.637 E61.88542
G1 X122.325 Y115.62 E61.88683
G1 X122.212 Y115.608 E61.88826
G1 X121.896 Y115.602 E61.89222
G1 X121.784 Y115.609 E61.89363
G1 X121.675 Y115.62 E61.895
G0 F7200 X121.565 Y115.637
G0 X121.565 Y115.548
G0 X121.951 Y115.352
;TYPE:SKIN
G1 F1800 X122.207 Y115.379 E61.89652
G0 F7200 X122.032 Y115.504
G1 F1500 E55.39652
G0 F7200 X121.577 Y112.622
G1 F1500 E61.89652
G0 F7200 X121.675 Y112.62
;TYPE:WALL-OUTER
G1 F1800 X121.565 Y112.637 E61.89792
G1 X121.564 Y112.142 E61.90413
G1 X121.731 Y112.116 E61.90625
G1 X121.812 Y112.108 E61.90727
G1 X122.092 Y112.102 E61.91078
G1 X122.188 Y112.108 E61.91198
G1 X122.269 Y112.116 E61.913
G1 X122.435 Y112.142 E61.91511
G1 X122.436 Y112.637 E61.92132
G1 X122.325 Y112.62 E61.92273
G1 X122.216 Y112.609 E61.9241
G1 X122.104 Y112.602 E61.92551
G1 X121.788 Y112.608 E61.92947
G1 X121.675 Y112.62 E61.9309
G0 F7200 X121.565 Y112.637
G0 X121.565 Y112.548
G0 X121.836 Y112.356
;TYPE:SKIN
G1 F1800 X122.121 Y112.354 E61.93283
G0 F7200 X122.173 Y112.205
G0 X122.18 Y112.208
G0 X121.577 Y109.622
G0 X121.675 Y109.62
;TYPE:WALL-OUTER
G1 F1800 X121.565 Y109.637 E61.93423
G1 X121.564 Y109.142 E61.94044
G1 X121.731 Y109.116 E61.94256
G1 X121.812 Y109.108 E61.94358
G1 X122.092 Y109.102 E61.94709
G1 X122.188 Y109.108 E61.9483
G1 X122.269 Y109.116 E61.94932
G1 X122.435 Y109.142 E61.95142
G1 X122.436 Y109.637 E61.95763
G1 X122.325 Y109.62 E61.95904
G1 X122.212 Y109.608 E61.96047
G1 X121.896 Y109.602 E61.96443
G1 X121.784 Y109.609 E61.96584
G1 X121.675 Y109.62 E61.96721
G0 F7200 X121.565 Y109.637
G0 X121.565 Y109.548
G0 X121.956 Y109.408
;TYPE:SKIN
G1 F1800 X122.067 Y109.297 E61.96819
G0 F7200 X122.076 Y109.206
G0 X123.3 Y109.534
G0 X128.7 Y109.524
G0 X129.675 Y109.62
;TYPE:WALL-OUTER
G1 F1800 X129.565 Y109.637 E61.96959
G1 X129.564 Y109.142 E61.9758
G1 X129.731 Y109.116 E61.97792
G1 X129.812 Y109.108 E61.97894
G1 X129.908 Y109.102 E61.98014
G1 X130.189 Y109.108 E61.98367
G1 X130.269 Y109.116 E61.98468
G1 X130.435 Y109.142 E61.98678
G1 X130.436 Y109.637 E61.99299
G1 X130.325 Y109.62 E61.9944
G1 X130.212 Y109.608 E61.99582
G1 X129.896 Y109.602 E61.99979
G1 X129.784 Y109.609 E62.0012
G1 X129.675 Y109.62 E62.00257
G0 F7200 X129.565 Y109.637
G0 X129.565 Y109.548
G0 X129.931 Y109.352
;TYPE:SKIN
G1 F1800 X130.197 Y109.369 E62.00427
G0 F7200 X130.031 Y109.504
G0 X129.813 Y112.127
G0 X129.675 Y112.62
;TYPE:WALL-OUTER
G1 F1800 X129.565 Y112.637 E62.00567
G1 X129.564 Y112.142 E62.01188
G1 X129.731 Y112.116 E62.01399
G1 X129.812 Y112.108 E62.01502
G1 X129.908 Y112.102 E62.01622
G1 X130.189 Y112.108 E62.01975
G1 X130.269 Y112.116 E62.02075
G1 X130.435 Y112.142 E62.02286
G1 X130.436 Y112.637 E62.02907
G1 X130.325 Y112.62 E62.03048
G1 X130.212 Y112.608 E62.0319
G1 X129.896 Y112.602 E62.03587
G1 X129.784 Y112.609 E62.03727
G1 X129.675 Y112.62 E62.03865
G0 F7200 X129.565 Y112.637
G0 X129.565 Y112.548
G0 X129.784 Y112.328
;TYPE:SKIN
G1 F1800 X130.04 Y112.355 E62.04005
G0 F7200 X130.096 Y112.206
G0 X129.813 Y115.127
G0 X129.675 Y115.62
;TYPE:WALL-OUTER
G1 F1800 X129.565 Y115.637 E62.04144
G1 X129.564 Y115.142 E62.04765
G1 X129.731 Y115.116 E62.04977
G1 X129.812 Y115.108 E62.05079
G1 X129.908 Y115.102 E62.052
G1 X130.189 Y115.108 E62.05552
G1 X130.269 Y115.116 E62.05653
G1 X130.435 Y115.142 E62.05864
G1 X130.436 Y115.637 E62.06484
G1 X130.325 Y115.62 E62.06625
G1 X130.212 Y115.608 E62.06768
G1 X129.896 Y115.602 E62.07164
G1 X129.784 Y115.609 E62.07305
G1 X129.675 Y115.62 E62.07442
G0 F7200 X129.565 Y115.637
G0 X129.565 Y115.548
G0 X129.869 Y115.354
;TYPE:SKIN
G1 F1800 X130.149 Y115.358 E62.07637
G0 F7200 X130.187 Y115.208
G1 F1500 E55.57637
G0 F7200 X129.813 Y118.127
G1 F1500 E62.07637
G0 F7200 X129.675 Y118.62
;TYPE:WALL-OUTER
G1 F1800 X129.565 Y118.637 E62.07776
G1 X129.564 Y118.142 E62.08397
G1 X129.731 Y118.116 E62.08609
G1 X129.812 Y118.108 E62.08711
G1 X130.092 Y118.102 E62.09062
G1 X130.188 Y118.108 E62.09183
G1 X130.269 Y118.116 E62.09285
G1 X130.435 Y118.142 E62.09496
G1 X130.436 Y118.637 E62.10116
G1 X130.325 Y118.62 E62.10257
G1 X130.216 Y118.609 E62.10395
G1 X130.104 Y118.602 E62.10535
G1 X129.788 Y118.608 E62.10932
G1 X129.675 Y118.62 E62.11074
G0 F7200 X129.565 Y118.637
G0 X129.565 Y118.548
G0 X129.981 Y118.353
;TYPE:SKIN
G1 F1800 X130.222 Y118.395 E62.11204
G0 F7200 X130.033 Y118.203
G1 F1500 E55.61204
;MESH:NONMESH
G0 F600 X130.033 Y118.203 Z14.2
G0 F7200 X130.032 Y118.204
G0 X128.699 Y118.156
G0 X123.29 Y114.481
G0 X120.717 Y113.729
G0 X115.3 Y109.62
G0 X113.665 Y109.562
G1 F1500 E62.11204
G0 F7200 X113.459 Y109.653
;TIME_ELAPSED:718.488135
;LAYER:70
;TYPE:WALL-OUTER
;MESH:output_v2\A_fina_suporte.stl
G1 F1800 X113.355 Y109.681 E62.11339
G1 X113.354 Y109.195 E62.11949
G1 X113.537 Y109.146 E62.12186
G1 X113.731 Y109.116 E62.12433
G1 X113.812 Y109.108 E62.12535
G1 X114.091 Y109.102 E62.12885
G1 X114.224 Y109.111 E62.13052
G1 X114.369 Y109.13 E62.13235
G1 X114.455 Y109.144 E62.13344
G1 X114.645 Y109.195 E62.13591
G1 X114.646 Y109.681 E62.14201
G1 X114.541 Y109.653 E62.14337
G1 X114.324 Y109.619 E62.14612
G1 X114.104 Y109.602 E62.14889
G1 X113.788 Y109.608 E62.15285
G1 X113.675 Y109.62 E62.15428
G1 X113.459 Y109.653 E62.15702
G0 F7200 X113.355 Y109.681
G0 X113.355 Y109.588
G0 X113.623 Y109.38
;TYPE:SKIN
G1 F1800 X113.881 Y109.356 E62.15835
G1 X114.165 Y109.356 E62.15981
G0 F7200 X114.198 Y109.511
G1 F1500 E55.65981
G0 F7200 X114.198 Y109.509
G0 X113.733 Y112.135
G1 F1500 E62.15981
G0 F7200 X113.459 Y112.653
;TYPE:WALL-OUTER
G1 F1800 X113.355 Y112.681 E62.16116
G1 X113.354 Y112.195 E62.16726
G1 X113.537 Y112.146 E62.16963
G1 X113.731 Y112.116 E62.1721
G1 X113.812 Y112.108 E62.17312
G1 X114.091 Y112.102 E62.17662
G1 X114.224 Y112.111 E62.17829
G1 X114.369 Y112.13 E62.18012
G1 X114.455 Y112.144 E62.18121
G1 X114.645 Y112.195 E62.18368
G1 X114.646 Y112.681 E62.18978
G1 X114.541 Y112.653 E62.19114
G1 X114.324 Y112.619 E62.19389
G1 X114.104 Y112.602 E62.19666
G1 X113.788 Y112.608 E62.20062
G1 X113.675 Y112.62 E62.20205
G1 X113.459 Y112.653 E62.20479
G0 F7200 X113.355 Y112.681
G0 X113.355 Y112.588
G0 X113.776 Y112.362
;TYPE:SKIN
G1 F1800 X114.05 Y112.353 E62.20618
G1 X114.355 Y112.375 E62.20774
G0 F7200 X114.365 Y112.534
G1 F1500 E55.70774
G0 F7200 X114.367 Y112.525
G0 X113.733 Y115.135
G1 F1500 E62.20774
G0 F7200 X113.459 Y115.653
;TYPE:WALL-OUTER
G1 F1800 X113.355 Y115.681 E62.20909
G1 X113.354 Y115.195 E62.21518
G1 X113.537 Y115.146 E62.21756
G1 X113.731 Y115.116 E62.22002
G1 X113.812 Y115.108 E62.22104
G1 X114.091 Y115.102 E62.22454
G1 X114.224 Y115.111 E62.22621
G1 X114.369 Y115.13 E62.22805
G1 X114.455 Y115.144 E62.22914
G1 X114.645 Y115.195 E62.23161
G1 X114.646 Y115.681 E62.2377
G1 X114.541 Y115.653 E62.23906
G1 X114.324 Y115.619 E62.24182
G1 X114.104 Y115.602 E62.24459
G1 X113.788 Y115.608 E62.24855
G1 X113.675 Y115.62 E62.24997
G1 X113.459 Y115.653 E62.25271
G0 F7200 X113.355 Y115.681
G0 X113.355 Y115.588
G0 X113.675 Y115.372
;TYPE:SKIN
G1 F1800 X113.939 Y115.353 E62.25407
G1 X114.229 Y115.36 E62.25556
G0 F7200 X114.262 Y115.519
G1 F1500 E55.75556
G0 F7200 X114.262 Y115.514
G0 X113.733 Y118.135
G1 F1500 E62.25556
G0 F7200 X113.459 Y118.653
;TYPE:WALL-OUTER
G1 F1800 X113.355 Y118.681 E62.25691
G1 X113.354 Y118.195 E62.26301
G1 X113.537 Y118.146 E62.26538
G1 X113.731 Y118.116 E62.26784
G1 X113.812 Y118.108 E62.26886
G1 X114.091 Y118.102 E62.27236
G1 X114.224 Y118.111 E62.27404
G1 X114.369 Y118.13 E62.27587
G1 X114.455 Y118.144 E62.27696
G1 X114.645 Y118.195 E62.27943
G1 X114.646 Y118.681 E62.28552
G1 X114.541 Y118.653 E62.28689
G1 X114.324 Y118.619 E62.28964
G1 X114.104 Y118.602 E62.29241
G1 X113.788 Y118.608 E62.29637
G1 X113.675 Y118.62 E62.2978
G1 X113.459 Y118.653 E62.30054
G0 F7200 X113.355 Y118.681
G0 X113.355 Y118.588
G0 X113.584 Y118.392
;TYPE:SKIN
G1 F1800 X113.832 Y118.357 E62.30156
G1 X114.407 Y118.367 E62.3039
G0 F7200 X114.26 Y118.212
G1 F1500 E55.8039
G0 F7200 X114.258 Y118.216
G0 X112.49 Y118.668
G0 X110.28 Y119.414
G0 X109.315 Y119.83
G1 F1500 E62.3039
G0 F7200 X109.415 Y119.9
;TYPE:WALL-OUTER
G1 F1800 X109.016 Y119.9 E62.3089
G1 X109.016 Y119.4 E62.31517
G1 X109.415 Y119.4 E62.32018
G1 X109.415 Y119.9 E62.32643
G0 F7200 X109.215 Y119.9
G0 X109.215 Y119.8
G1 F1500 E55.82643
G0 F7200 X110.28 Y119.414
G0 X112.507 Y119.785
G0 X115.496 Y119.788
G0 X120.49 Y118.668
G1 F1500 E62.32643
G0 F7200 X121.459 Y118.653
G1 F1800 X121.355 Y118.681 E62.32778
G1 X121.354 Y118.195 E62.33388
G1 X121.537 Y118.146 E62.33625
G1 X121.731 Y118.116 E62.33871
G1 X121.812 Y118.108 E62.33974
G1 X122.091 Y118.102 E62.34323
G1 X122.224 Y118.111 E62.34491
G1 X122.369 Y118.13 E62.34674
G1 X122.455 Y118.144 E62.34783
G1 X122.645 Y118.195 E62.3503
G1 X122.646 Y118.681 E62.35639
G1 X122.541 Y118.653 E62.35776
G1 X122.324 Y118.619 E62.36051
G1 X122.104 Y118.602 E62.36328
G1 X121.788 Y118.608 E62.36724
G1 X121.675 Y118.62 E62.36867
G1 X121.459 Y118.653 E62.37141
G0 F7200 X121.355 Y118.681
G0 X121.355 Y118.588
G0 X121.758 Y118.364
;TYPE:SKIN
G1 F1800 X122.029 Y118.352 E62.37278
G1 X122.332 Y118.372 E62.37431
G0 F7200 X122.373 Y118.536
G1 F1500 E55.87431
G0 F7200 X122.375 Y118.526
G0 X121.367 Y115.666
G1 F1500 E62.37431
G0 F7200 X121.458 Y115.653
;TYPE:WALL-OUTER
G1 F1800 X121.355 Y115.681 E62.37565
G1 X121.354 Y115.195 E62.38175
G1 X121.537 Y115.146 E62.38412
G1 X121.731 Y115.116 E62.38658
G1 X121.909 Y115.102 E62.38882
G1 X122.189 Y115.108 E62.39234
G1 X122.269 Y115.116 E62.39334
G1 X122.464 Y115.146 E62.39582
G1 X122.645 Y115.195 E62.39817
G1 X122.646 Y115.681 E62.40426
G1 X122.541 Y115.653 E62.40563
G1 X122.325 Y115.62 E62.40837
G1 X122.212 Y115.608 E62.40979
G1 X121.895 Y115.602 E62.41377
G1 X121.743 Y115.612 E62.41568
G1 X121.576 Y115.634 E62.41779
G1 X121.458 Y115.653 E62.41929
G0 F7200 X121.355 Y115.681
G0 X121.355 Y115.587
G0 X121.605 Y115.383
;TYPE:SKIN
G1 F1800 X121.861 Y115.356 E62.42028
G1 X122.426 Y115.355 E62.42245
G0 F7200 X122.263 Y115.209
G1 F1500 E55.92245
G0 F7200 X122.262 Y115.215
G0 X121.367 Y112.666
G1 F1500 E62.42245
G0 F7200 X121.459 Y112.653
;TYPE:WALL-OUTER
G1 F1800 X121.355 Y112.681 E62.4238
G1 X121.354 Y112.195 E62.42989
G1 X121.537 Y112.146 E62.43227
G1 X121.731 Y112.116 E62.43473
G1 X121.812 Y112.108 E62.43575
G1 X122.091 Y112.102 E62.43925
G1 X122.224 Y112.111 E62.44092
G1 X122.369 Y112.13 E62.44276
G1 X122.455 Y112.144 E62.44385
G1 X122.645 Y112.195 E62.44631
G1 X122.646 Y112.681 E62.45241
G1 X122.541 Y112.653 E62.45377
G1 X122.324 Y112.619 E62.45653
G1 X122.104 Y112.602 E62.45929
G1 X121.788 Y112.608 E62.46326
G1 X121.675 Y112.62 E62.46468
G1 X121.459 Y112.653 E62.46742
G0 F7200 X121.355 Y112.681
G0 X121.355 Y112.588
G0 X121.703 Y112.369
;TYPE:SKIN
G1 F1800 X121.97 Y112.354 E62.46879
G1 X122.263 Y112.364 E62.47028
G0 F7200 X122.296 Y112.524
G1 F1500 E55.97028
G0 F7200 X122.296 Y112.517
G0 X121.367 Y109.666
G1 F1500 E62.47028
G0 F7200 X121.459 Y109.653
;TYPE:WALL-OUTER
G1 F1800 X121.355 Y109.681 E62.47163
G1 X121.354 Y109.195 E62.47773
G1 X121.537 Y109.146 E62.4801
G1 X121.731 Y109.116 E62.48257
G1 X121.812 Y109.108 E62.48359
G1 X122.091 Y109.102 E62.48709
G1 X122.224 Y109.111 E62.48876
G1 X122.369 Y109.13 E62.49059
G1 X122.455 Y109.144 E62.49168
G1 X122.645 Y109.195 E62.49415
G1 X122.646 Y109.681 E62.50025
G1 X122.541 Y109.653 E62.50161
G1 X122.325 Y109.62 E62.50435
G1 X122.212 Y109.608 E62.50577
G1 X121.895 Y109.602 E62.50975
G1 X121.745 Y109.612 E62.51164
G1 X121.674 Y109.62 E62.51253
G1 X121.459 Y109.653 E62.51526
G0 F7200 X121.355 Y109.681
G0 X121.355 Y109.588
G0 X121.572 Y109.409
;TYPE:SKIN
G1 F1800 X121.804 Y109.359 E62.51623
G1 X122.39 Y109.379 E62.51862
G0 F7200 X122.269 Y109.21
G1 F1500 E56.01862
G0 F7200 X122.266 Y109.217
G0 X123.51 Y109.569
G0 X128.49 Y109.56
G1 F1500 E62.51862
G0 F7200 X129.459 Y109.653
;TYPE:WALL-OUTER
G1 F1800 X129.355 Y109.681 E62.51997
G1 X129.354 Y109.195 E62.52606
G1 X129.537 Y109.146 E62.52844
G1 X129.731 Y109.116 E62.5309
G1 X129.909 Y109.102 E62.53314
G1 X130.189 Y109.108 E62.53665
G1 X130.269 Y109.116 E62.53766
G1 X130.464 Y109.146 E62.54013
G1 X130.645 Y109.195 E62.54248
G1 X130.646 Y109.681 E62.54858
G1 X130.541 Y109.653 E62.54994
G1 X130.325 Y109.62 E62.55268
G1 X130.212 Y109.608 E62.55411
G1 X129.895 Y109.602 E62.55808
G1 X129.745 Y109.612 E62.55997
G1 X129.674 Y109.62 E62.56086
G1 X129.459 Y109.653 E62.56359
G0 F7200 X129.355 Y109.681
G0 X129.355 Y109.588
G0 X129.731 Y109.367
;TYPE:SKIN
G1 F1800 X130.001 Y109.353 E62.56499
G1 X130.298 Y109.368 E62.56653
G0 F7200 X130.342 Y109.531
G1 F1500 E56.06653
G0 F7200 X130.337 Y109.521
G0 X129.733 Y112.135
G1 F1500 E62.56653
G0 F7200 X129.458 Y112.653
;TYPE:WALL-OUTER
G1 F1800 X129.355 Y112.681 E62.56787
G1 X129.354 Y112.195 E62.57397
G1 X129.537 Y112.146 E62.57634
G1 X129.731 Y112.116 E62.5788
G1 X129.909 Y112.102 E62.58104
G1 X130.189 Y112.108 E62.58455
G1 X130.269 Y112.116 E62.58556
G1 X130.464 Y112.146 E62.58804
G1 X130.645 Y112.195 E62.59039
G1 X130.646 Y112.681 E62.59648
G1 X130.541 Y112.653 E62.59785
G1 X130.325 Y112.62 E62.60059
G1 X130.212 Y112.608 E62.60201
G1 X129.895 Y112.602 E62.60599
G1 X129.743 Y112.612 E62.6079
G1 X129.576 Y112.634 E62.61001
G1 X129.458 Y112.653 E62.61151
G0 F7200 X129.355 Y112.681
G0 X129.355 Y112.587
G0 X129.632 Y112.379
;TYPE:SKIN
G1 F1800 X129.891 Y112.355 E62.61282
G1 X130.176 Y112.357 E62.61425
G0 F7200 X130.205 Y112.513
G1 F1500 E56.11425
G0 F7200 X130.205 Y112.508
G0 X129.733 Y115.135
G1 F1500 E62.61425
G0 F7200 X129.458 Y115.653
;TYPE:WALL-OUTER
G1 F1800 X129.355 Y115.681 E62.61559
G1 X129.354 Y115.195 E62.62168
G1 X129.537 Y115.146 E62.62406
G1 X129.731 Y115.116 E62.62652
G1 X129.909 Y115.102 E62.62876
G1 X130.189 Y115.108 E62.63227
G1 X130.269 Y115.116 E62.63328
G1 X130.464 Y115.146 E62.63576
G1 X130.645 Y115.195 E62.63811
G1 X130.646 Y115.681 E62.6442
G1 X130.541 Y115.653 E62.64556
G1 X130.325 Y115.62 E62.6483
G1 X130.212 Y115.608 E62.64973
G1 X129.895 Y115.602 E62.65371
G1 X129.743 Y115.612 E62.65562
G1 X129.576 Y115.634 E62.65773
G1 X129.458 Y115.653 E62.65923
G0 F7200 X129.355 Y115.681
G0 X129.355 Y115.587
G0 X129.563 Y115.421
;TYPE:SKIN
G1 F1800 X129.786 Y115.361 E62.66013
G1 X130.369 Y115.378 E62.66241
G0 F7200 X130.378 Y115.537
G1 F1500 E56.16241
G0 F7200 X130.381 Y115.528
G0 X129.733 Y118.135
G1 F1500 E62.66241
G0 F7200 X129.459 Y118.653
;TYPE:WALL-OUTER
G1 F1800 X129.355 Y118.681 E62.66376
G1 X129.354 Y118.195 E62.66985
G1 X129.537 Y118.146 E62.67223
G1 X129.731 Y118.116 E62.67469
G1 X129.812 Y118.108 E62.67571
G1 X130.091 Y118.102 E62.67921
G1 X130.224 Y118.111 E62.68088
G1 X130.369 Y118.13 E62.68272
G1 X130.455 Y118.144 E62.68381
G1 X130.645 Y118.195 E62.68628
G1 X130.646 Y118.681 E62.69237
G1 X130.541 Y118.653 E62.69373
G1 X130.324 Y118.619 E62.69649
G1 X130.104 Y118.602 E62.69926
G1 X129.788 Y118.608 E62.70322
G1 X129.675 Y118.62 E62.70464
G1 X129.459 Y118.653 E62.70738
G0 F7200 X129.355 Y118.681
G0 X129.355 Y118.588
G0 X129.685 Y118.371
;TYPE:SKIN
G1 F1800 X129.951 Y118.354 E62.70874
G1 X130.242 Y118.362 E62.71023
G0 F7200 X130.274 Y118.521
G1 F1500 E56.21023
;MESH:NONMESH
G0 F600 X130.274 Y118.521 Z14.4
G0 F7200 X130.274 Y118.515
G0 X128.489 Y118.209
G0 X123.5 Y114.537
G0 X120.507 Y113.785
G0 X115.51 Y109.664
G0 X114.335 Y109.609
G1 F1500 E62.71023
G0 F7200 X113.459 Y109.653
;TIME_ELAPSED:728.862354
;LAYER:71
;TYPE:WALL-OUTER
;MESH:output_v2\A_fina_suporte.stl
G1 F1800 X113.145 Y109.737 E62.71431
G1 X113.144 Y109.253 E62.72038
G1 X113.162 Y109.246 E62.72062
G1 X113.538 Y109.146 E62.7255
G1 X113.742 Y109.115 E62.72809
G1 X113.812 Y109.108 E62.72897
G1 X114.102 Y109.102 E62.73261
G1 X114.198 Y109.109 E62.73381
G1 X114.309 Y109.121 E62.73521
G1 X114.455 Y109.144 E62.73707
G1 X114.833 Y109.245 E62.74197
G1 X114.855 Y109.254 E62.74227
G1 X114.856 Y109.737 E62.74833
G1 X114.541 Y109.653 E62.74994
G1 X114.312 Y109.618 E62.75285
G1 X114.105 Y109.602 E62.75545
G1 X113.788 Y109.608 E62.75943
G1 X113.675 Y109.62 E62.76085
G1 X113.459 Y109.653 E62.76359
G0 F7200 X113.266 Y109.704
G0 X113.473 Y109.406
;TYPE:SKIN
G1 F1800 X113.803 Y109.358 E62.76494
G1 X114.586 Y109.424 E62.7681
G0 F7200 X114.652 Y109.27
G1 F1500 E56.2681
G0 F7200 X114.645 Y109.297
G0 X113.455 Y109.634
G0 X113.744 Y112.134
G1 F1500 E62.7681
G0 F7200 X113.458 Y112.653
;TYPE:WALL-OUTER
G1 F1800 X113.145 Y112.737 E62.77217
G1 X113.144 Y112.253 E62.77824
G1 X113.162 Y112.246 E62.77848
G1 X113.538 Y112.146 E62.78336
G1 X113.742 Y112.115 E62.78594
G1 X113.812 Y112.108 E62.78683
G1 X114.102 Y112.102 E62.79046
G1 X114.198 Y112.109 E62.79167
G1 X114.309 Y112.121 E62.79307
G1 X114.455 Y112.144 E62.79493
G1 X114.833 Y112.245 E62.79983
G1 X114.855 Y112.254 E62.80013
G1 X114.856 Y112.737 E62.80619
G1 X114.541 Y112.653 E62.8078
G1 X114.312 Y112.618 E62.81071
G1 X114.105 Y112.602 E62.81331
G1 X113.787 Y112.608 E62.8173
G1 X113.643 Y112.624 E62.81912
G1 X113.458 Y112.653 E62.82147
G0 F7200 X113.265 Y112.704
G0 X113.608 Y112.382
;TYPE:SKIN
G1 F1800 X113.918 Y112.355 E62.82287
G1 X114.444 Y112.394 E62.82525
G0 F7200 X114.48 Y112.239
G1 F1500 E56.32525
G0 F7200 X114.477 Y112.252
G0 X113.454 Y112.634
G0 X113.744 Y115.134
G1 F1500 E62.82525
G0 F7200 X113.458 Y115.653
;TYPE:WALL-OUTER
G1 F1800 X113.145 Y115.737 E62.82932
G1 X113.144 Y115.253 E62.83539
G1 X113.162 Y115.246 E62.83563
G1 X113.538 Y115.146 E62.84051
G1 X113.742 Y115.115 E62.8431
G1 X113.812 Y115.108 E62.84398
G1 X114.102 Y115.102 E62.84762
G1 X114.198 Y115.109 E62.84882
G1 X114.309 Y115.121 E62.85022
G1 X114.455 Y115.144 E62.85208
G1 X114.833 Y115.245 E62.85698
G1 X114.855 Y115.254 E62.85728
G1 X114.856 Y115.737 E62.86334
G1 X114.541 Y115.653 E62.86495
G1 X114.312 Y115.618 E62.86786
G1 X114.105 Y115.602 E62.87046
G1 X113.787 Y115.608 E62.87445
G1 X113.643 Y115.624 E62.87627
G1 X113.458 Y115.653 E62.87862
G0 F7200 X113.265 Y115.704
G0 X113.393 Y115.425
;TYPE:SKIN
G1 F1800 X113.738 Y115.363 E62.88003
G1 X114.537 Y115.412 E62.88325
G0 F7200 X114.569 Y115.253
G1 F1500 E56.38325
G0 F7200 X114.563 Y115.275
G0 X113.454 Y115.634
G0 X113.744 Y118.134
G1 F1500 E62.88325
G0 F7200 X113.458 Y118.653
;TYPE:WALL-OUTER
G1 F1800 X113.145 Y118.737 E62.88732
G1 X113.144 Y118.253 E62.89339
G1 X113.162 Y118.246 E62.89363
G1 X113.538 Y118.146 E62.89851
G1 X113.742 Y118.115 E62.90109
G1 X113.812 Y118.108 E62.90198
G1 X114.102 Y118.102 E62.90561
G1 X114.198 Y118.109 E62.90682
G1 X114.309 Y118.121 E62.90822
G1 X114.455 Y118.144 E62.91008
G1 X114.833 Y118.245 E62.91498
G1 X114.855 Y118.254 E62.91528
G1 X114.856 Y118.737 E62.92134
G1 X114.541 Y118.653 E62.92295
G1 X114.312 Y118.618 E62.92586
G1 X114.105 Y118.602 E62.92846
G1 X113.787 Y118.608 E62.93245
G1 X113.643 Y118.624 E62.93427
G1 X113.458 Y118.653 E62.93662
G0 F7200 X113.265 Y118.704
G0 X113.538 Y118.392
;TYPE:SKIN
G1 F1800 X113.857 Y118.356 E62.93791
G1 X114.628 Y118.433 E62.94104
G0 F7200 X114.48 Y118.239
G1 F1500 E56.44104
G0 F7200 X114.477 Y118.252
G0 X113.157 Y118.722
G0 X110.293 Y119.415
G0 X109.357 Y119.8
G1 F1500 E62.94104
G0 F7200 X109.427 Y119.9
;TYPE:WALL-OUTER
G1 F1800 X109.026 Y119.9 E62.94607
G1 X109.026 Y119.4 E62.95234
G1 X109.428 Y119.4 E62.95738
G1 X109.427 Y119.9 E62.96365
G0 F7200 X109.227 Y119.9
G0 X109.227 Y119.8
G1 F1500 E56.46365
G0 F7200 X110.293 Y119.415
G0 X112.299 Y119.961
G0 X115.704 Y119.966
G0 X120.28 Y118.723
G0 X121.438 Y118.556
G1 F1500 E62.96365
G0 F7200 X121.458 Y118.653
G1 F1800 X121.145 Y118.737 E62.96771
G1 X121.144 Y118.253 E62.97378
G1 X121.162 Y118.246 E62.97403
G1 X121.538 Y118.146 E62.9789
G1 X121.742 Y118.115 E62.98149
G1 X121.812 Y118.108 E62.98237
G1 X122.102 Y118.102 E62.98601
G1 X122.198 Y118.109 E62.98722
G1 X122.309 Y118.121 E62.98862
G1 X122.455 Y118.144 E62.99047
G1 X122.833 Y118.245 E62.99538
G1 X122.855 Y118.254 E62.99568
G1 X122.856 Y118.737 E63.00173
G1 X122.541 Y118.653 E63.00335
G1 X122.312 Y118.618 E63.00625
G1 X122.105 Y118.602 E63.00886
G1 X121.775 Y118.609 E63.013
G1 X121.642 Y118.624 E63.01468
G1 X121.458 Y118.653 E63.01701
G0 F7200 X121.265 Y118.704
G0 X121.434 Y118.415
;TYPE:SKIN
G1 F1800 X121.771 Y118.36 E63.01838
G1 X122.563 Y118.418 E63.02156
G0 F7200 X122.595 Y118.256
G1 F1500 E56.52156
G0 F7200 X122.588 Y118.282
G0 X121.157 Y115.722
G1 F1500 E63.02156
G0 F7200 X121.458 Y115.653
;TYPE:WALL-OUTER
G1 F1800 X121.145 Y115.737 E63.02563
G1 X121.144 Y115.253 E63.0317
G1 X121.162 Y115.246 E63.03194
G1 X121.538 Y115.146 E63.03682
G1 X121.742 Y115.115 E63.03941
G1 X121.91 Y115.102 E63.04152
G1 X122.187 Y115.108 E63.04499
G1 X122.31 Y115.121 E63.04654
G1 X122.455 Y115.144 E63.04839
G1 X122.833 Y115.245 E63.05329
G1 X122.855 Y115.254 E63.05359
G1 X122.856 Y115.737 E63.05965
G1 X122.541 Y115.653 E63.06126
G1 X122.313 Y115.619 E63.06415
G1 X122.212 Y115.608 E63.06543
G1 X121.883 Y115.602 E63.06956
G1 X121.77 Y115.61 E63.07098
G1 X121.642 Y115.624 E63.07259
G1 X121.458 Y115.653 E63.07493
G0 F7200 X121.265 Y115.704
G0 X121.645 Y115.376
;TYPE:SKIN
G1 F1800 X121.951 Y115.352 E63.07631
G1 X122.469 Y115.4 E63.07866
G0 F7200 X122.503 Y115.243
G1 F1500 E56.57866
G0 F7200 X122.499 Y115.258
G0 X121.157 Y112.722
G1 F1500 E63.07866
G0 F7200 X121.458 Y112.653
;TYPE:WALL-OUTER
G1 F1800 X121.145 Y112.737 E63.08273
G1 X121.144 Y112.253 E63.0888
G1 X121.162 Y112.246 E63.08904
G1 X121.538 Y112.146 E63.09392
G1 X121.742 Y112.115 E63.0965
G1 X121.812 Y112.108 E63.09739
G1 X122.102 Y112.102 E63.10102
G1 X122.198 Y112.109 E63.10223
G1 X122.309 Y112.121 E63.10363
G1 X122.455 Y112.144 E63.10549
G1 X122.833 Y112.245 E63.11039
G1 X122.855 Y112.254 E63.11069
G1 X122.856 Y112.737 E63.11675
G1 X122.541 Y112.653 E63.11836
G1 X122.312 Y112.618 E63.12127
G1 X122.105 Y112.602 E63.12387
G1 X121.775 Y112.609 E63.12801
G1 X121.642 Y112.624 E63.12969
G1 X121.458 Y112.653 E63.13203
G0 F7200 X121.265 Y112.704
G0 X121.513 Y112.397
;TYPE:SKIN
G1 F1800 X121.835 Y112.357 E63.13334
G1 X122.612 Y112.429 E63.13651
G0 F7200 X122.677 Y112.276
G1 F1500 E56.63651
G0 F7200 X122.67 Y112.304
G0 X122.545 Y109.634
G0 X121.439 Y109.556
G1 F1500 E63.13651
G0 F7200 X121.459 Y109.653
;TYPE:WALL-OUTER
G1 F1800 X121.145 Y109.737 E63.14058
G1 X121.144 Y109.253 E63.14665
G1 X121.162 Y109.246 E63.14689
G1 X121.538 Y109.146 E63.15177
G1 X121.742 Y109.115 E63.15436
G1 X121.812 Y109.108 E63.15524
G1 X122.102 Y109.102 E63.15888
G1 X122.198 Y109.109 E63.16009
G1 X122.309 Y109.121 E63.16149
G1 X122.455 Y109.144 E63.16334
G1 X122.833 Y109.245 E63.16825
G1 X122.855 Y109.254 E63.16855
G1 X122.856 Y109.737 E63.1746
G1 X122.541 Y109.653 E63.17622
G1 X122.313 Y109.619 E63.17911
G1 X122.212 Y109.608 E63.18038
G1 X121.883 Y109.602 E63.18451
G1 X121.771 Y109.61 E63.18592
G1 X121.674 Y109.62 E63.18714
G1 X121.459 Y109.653 E63.18987
G0 F7200 X121.266 Y109.704
G0 X121.379 Y109.419
;TYPE:SKIN
G1 F1800 X121.714 Y109.367 E63.19115
G1 X122.52 Y109.41 E63.19419
G0 F7200 X122.552 Y109.25
G1 F1500 E56.69419
G0 F7200 X122.546 Y109.271
G0 X123.72 Y109.568
G0 X128.28 Y109.558
G0 X129.439 Y109.556
G1 F1500 E63.19419
G0 F7200 X129.459 Y109.653
;TYPE:WALL-OUTER
G1 F1800 X129.145 Y109.737 E63.19827
G1 X129.144 Y109.253 E63.20433
G1 X129.162 Y109.246 E63.20458
G1 X129.538 Y109.146 E63.20946
G1 X129.742 Y109.115 E63.21204
G1 X129.91 Y109.102 E63.21416
G1 X130.187 Y109.108 E63.21763
G1 X130.31 Y109.121 E63.21918
G1 X130.455 Y109.144 E63.22102
G1 X130.833 Y109.245 E63.22593
G1 X130.855 Y109.254 E63.22623
G1 X130.856 Y109.737 E63.23228
G1 X130.541 Y109.653 E63.2339
G1 X130.313 Y109.619 E63.23679
G1 X130.212 Y109.608 E63.23807
G1 X129.883 Y109.602 E63.24219
G1 X129.771 Y109.61 E63.2436
G1 X129.674 Y109.62 E63.24482
G1 X129.459 Y109.653 E63.24755
G0 F7200 X129.266 Y109.704
G0 X129.62 Y109.38
;TYPE:SKIN
G1 F1800 X129.931 Y109.352 E63.24895
G1 X130.453 Y109.396 E63.25131
G0 F7200 X130.488 Y109.241
G1 F1500 E56.75131
G0 F7200 X130.484 Y109.254
G0 X129.455 Y109.634
G0 X129.744 Y112.134
G1 F1500 E63.25131
G0 F7200 X129.458 Y112.653
;TYPE:WALL-OUTER
G1 F1800 X129.145 Y112.737 E63.25537
G1 X129.144 Y112.253 E63.26144
G1 X129.162 Y112.246 E63.26168
G1 X129.538 Y112.146 E63.26656
G1 X129.742 Y112.115 E63.26915
G1 X129.91 Y112.102 E63.27126
G1 X130.187 Y112.108 E63.27474
G1 X130.31 Y112.121 E63.27629
G1 X130.455 Y112.144 E63.27813
G1 X130.833 Y112.245 E63.28304
G1 X130.855 Y112.254 E63.28333
G1 X130.856 Y112.737 E63.28939
G1 X130.541 Y112.653 E63.29101
G1 X130.313 Y112.619 E63.2939
G1 X130.212 Y112.608 E63.29517
G1 X129.883 Y112.602 E63.2993
G1 X129.77 Y112.61 E63.30072
G1 X129.642 Y112.624 E63.30233
G1 X129.458 Y112.653 E63.30467
G0 F7200 X129.265 Y112.704
G0 X129.406 Y112.422
;TYPE:SKIN
G1 F1800 X129.749 Y112.363 E63.30606
G1 X130.545 Y112.415 E63.30923
G0 F7200 X130.578 Y112.254
G1 F1500 E56.80923
G0 F7200 X130.572 Y112.278
G0 X129.454 Y112.634
G0 X129.744 Y115.134
G1 F1500 E63.30923
G0 F7200 X129.458 Y115.653
;TYPE:WALL-OUTER
G1 F1800 X129.145 Y115.737 E63.3133
G1 X129.144 Y115.253 E63.31937
G1 X129.162 Y115.246 E63.31961
G1 X129.538 Y115.146 E63.32449
G1 X129.742 Y115.115 E63.32707
G1 X129.91 Y115.102 E63.32919
G1 X130.187 Y115.108 E63.33266
G1 X130.31 Y115.121 E63.33421
G1 X130.455 Y115.144 E63.33605
G1 X130.833 Y115.245 E63.34096
G1 X130.855 Y115.254 E63.34126
G1 X130.856 Y115.737 E63.34732
G1 X130.541 Y115.653 E63.34893
G1 X130.313 Y115.619 E63.35182
G1 X130.212 Y115.608 E63.3531
G1 X129.883 Y115.602 E63.35722
G1 X129.77 Y115.61 E63.35864
G1 X129.642 Y115.624 E63.36026
G1 X129.458 Y115.653 E63.36259
G0 F7200 X129.265 Y115.704
G0 X129.55 Y115.391
;TYPE:SKIN
G1 F1800 X129.869 Y115.354 E63.36389
G1 X130.631 Y115.44 E63.36697
G0 F7200 X130.481 Y115.24
G1 F1500 E56.86697
G0 F7200 X130.478 Y115.252
G0 X129.454 Y115.634
G0 X129.744 Y118.134
G1 F1500 E63.36697
G0 F7200 X129.458 Y118.653
;TYPE:WALL-OUTER
G1 F1800 X129.145 Y118.737 E63.37104
G1 X129.144 Y118.253 E63.37711
G1 X129.162 Y118.246 E63.37735
G1 X129.538 Y118.146 E63.38223
G1 X129.742 Y118.115 E63.38481
G1 X129.812 Y118.108 E63.3857
G1 X130.102 Y118.102 E63.38933
G1 X130.198 Y118.109 E63.39054
G1 X130.309 Y118.121 E63.39194
G1 X130.455 Y118.144 E63.39379
G1 X130.833 Y118.245 E63.3987
G1 X130.855 Y118.254 E63.399
G1 X130.856 Y118.737 E63.40506
G1 X130.541 Y118.653 E63.40667
G1 X130.312 Y118.618 E63.40958
G1 X130.105 Y118.602 E63.41218
G1 X129.787 Y118.608 E63.41617
G1 X129.643 Y118.624 E63.41799
G1 X129.458 Y118.653 E63.42033
G0 F7200 X129.265 Y118.704
G0 X129.359 Y118.41
;TYPE:SKIN
G1 F1800 X129.681 Y118.371 E63.42146
G1 X130.496 Y118.405 E63.42429
G0 F7200 X130.53 Y118.247
G1 F1500 E56.92429
;MESH:NONMESH
G0 F600 X130.53 Y118.247 Z14.6
G0 F7200 X130.525 Y118.265
G0 X129.168 Y118.265
G0 X123.712 Y114.666
G0 X121.306 Y113.59
G0 X120.299 Y113.961
G0 X115.72 Y109.721
G0 X114.316 Y109.579
G0 X113.245 Y109.659
G1 F1500 E63.42429
G0 F7200 X113.038 Y109.766
;TIME_ELAPSED:739.936317
;LAYER:72
;TYPE:WALL-OUTER
;MESH:output_v2\A_fina_suporte.stl
G1 F1800 X112.935 Y109.805 E63.42567
G1 X112.934 Y109.335 E63.43156
G1 X113.168 Y109.244 E63.43471
G1 X113.382 Y109.188 E63.43749
G1 X113.382 Y109.674 E63.44358
G1 X113.038 Y109.766 E63.44805
G0 F7200 X112.935 Y109.805
G0 X112.935 Y109.715
G0 X113.186 Y109.509
;TYPE:SKIN
G1 F1800 X113.14 Y109.463 E63.44845
G0 F7200 X113.127 Y109.328
G1 F1500 E56.94845
G0 F7200 X113.14 Y109.362
G0 X114.638 Y109.67
G1 F1500 E63.44845
G0 F7200 X114.962 Y109.766
;TYPE:WALL-OUTER
G1 F1800 X114.618 Y109.674 E63.45292
G1 X114.618 Y109.187 E63.45903
G1 X114.834 Y109.245 E63.46183
G1 X115.065 Y109.334 E63.46494
G1 X115.066 Y109.806 E63.47086
G1 X114.962 Y109.766 E63.47225
G0 F7200 X114.769 Y109.715
G0 X114.869 Y109.495
;TYPE:SKIN
G1 F1800 X114.824 Y109.45 E63.47265
G0 F7200 X114.837 Y109.319
G1 F1500 E56.97265
G0 F7200 X114.824 Y109.348
G0 X114.629 Y112.202
G1 F1500 E63.47265
G0 F7200 X114.962 Y112.765
;TYPE:WALL-OUTER
G1 F1800 X114.618 Y112.675 E63.47711
G1 X114.617 Y112.187 E63.48323
G1 X114.834 Y112.245 E63.48605
G1 X115.065 Y112.334 E63.48915
G1 X115.066 Y112.805 E63.49506
G1 X114.962 Y112.765 E63.49646
G0 F7200 X114.769 Y112.715
G0 X114.75 Y112.642
G1 F1500 E56.99646
G0 F7200 X114.76 Y112.61
G0 X113.368 Y112.661
G1 F1500 E63.49646
G0 F7200 X113.038 Y112.766
G1 F1800 X112.935 Y112.805 E63.49784
G1 X112.934 Y112.335 E63.50373
G1 X113.168 Y112.244 E63.50688
G1 X113.382 Y112.188 E63.50965
G1 X113.383 Y112.673 E63.51574
G1 X113.038 Y112.766 E63.52022
G0 F7200 X112.935 Y112.805
G0 X112.935 Y112.715
G0 X113.224 Y112.301
G1 F1500 E57.02022
G0 F7200 X113.23 Y112.331
G0 X113.37 Y115.203
G1 F1500 E63.52022
G0 F7200 X113.038 Y115.766
G1 F1800 X112.935 Y115.805 E63.5216
G1 X112.934 Y115.335 E63.52749
G1 X113.168 Y115.244 E63.53064
G1 X113.382 Y115.188 E63.53341
G1 X113.383 Y115.673 E63.5395
G1 X113.038 Y115.766 E63.54398
G0 F7200 X112.935 Y115.805
G0 X112.935 Y115.715
G0 X113.224 Y115.301
G1 F1500 E57.04398
G0 F7200 X113.23 Y115.331
G0 X114.618 Y115.659
G1 F1500 E63.54398
G0 F7200 X114.962 Y115.765
G1 F1800 X114.618 Y115.675 E63.54844
G1 X114.617 Y115.187 E63.55456
G1 X114.834 Y115.245 E63.55737
G1 X115.065 Y115.334 E63.56048
G1 X115.066 Y115.805 E63.56638
G1 X114.962 Y115.765 E63.56778
G0 F7200 X114.769 Y115.715
G0 X114.75 Y115.642
G1 F1500 E57.06778
G0 F7200 X114.76 Y115.61
G0 X114.629 Y118.202
G1 F1500 E63.56778
G0 F7200 X114.962 Y118.765
G1 F1800 X114.618 Y118.675 E63.57224
G1 X114.617 Y118.187 E63.57836
G1 X114.834 Y118.245 E63.58118
G1 X115.065 Y118.334 E63.58428
G1 X115.066 Y118.805 E63.59019
G1 X114.962 Y118.765 E63.59158
G0 F7200 X114.769 Y118.715
G0 X114.86 Y118.537
;TYPE:SKIN
G1 F1800 X114.812 Y118.489 E63.59201
G0 F7200 X114.665 Y118.489
G1 F1500 E57.09201
G0 F7200 X114.718 Y118.49
G0 X113.368 Y118.661
G1 F1500 E63.59201
G0 F7200 X113.038 Y118.766
;TYPE:WALL-OUTER
G1 F1800 X112.935 Y118.805 E63.59339
G1 X112.934 Y118.335 E63.59929
G1 X113.168 Y118.244 E63.60243
G1 X113.382 Y118.188 E63.60521
G1 X113.383 Y118.673 E63.61129
G1 X113.038 Y118.766 E63.61577
G0 F7200 X112.935 Y118.805
G0 X112.935 Y118.715
G0 X113.224 Y118.301
G1 F1500 E57.11577
G0 F7200 X113.23 Y118.331
G0 X112.07 Y118.79
G0 X110.307 Y119.415
G0 X109.371 Y119.8
G1 F1500 E63.61577
G0 F7200 X109.441 Y119.9
G1 F1800 X109.038 Y119.9 E63.62082
G1 X109.038 Y119.4 E63.6271
G1 X109.442 Y119.4 E63.63216
G1 X109.441 Y119.9 E63.63843
G0 F7200 X109.241 Y119.9
G0 X109.241 Y119.8
G1 F1500 E57.13843
G0 F7200 X110.307 Y119.415
G0 X112.089 Y120.037
G0 X115.914 Y120.04
G0 X120.07 Y118.79
G1 F1500 E63.63843
G0 F7200 X121.038 Y118.766
G1 F1800 X120.935 Y118.805 E63.63981
G1 X120.934 Y118.335 E63.64571
G1 X121.168 Y118.244 E63.64886
G1 X121.382 Y118.188 E63.65163
G1 X121.383 Y118.673 E63.65771
G1 X121.038 Y118.766 E63.66219
G0 F7200 X120.935 Y118.805
G0 X120.935 Y118.715
G0 X121.224 Y118.301
G1 F1500 E57.16219
G0 F7200 X121.23 Y118.331
G0 X122.618 Y118.659
G1 F1500 E63.66219
G0 F7200 X122.962 Y118.766
G1 F1800 X122.618 Y118.674 E63.66666
G1 X122.617 Y118.187 E63.67276
G1 X122.834 Y118.245 E63.67558
G1 X123.065 Y118.334 E63.67869
G1 X123.066 Y118.806 E63.68461
G1 X122.962 Y118.766 E63.686
G0 F7200 X122.769 Y118.715
G0 X122.752 Y118.642
G1 F1500 E57.186
G0 F7200 X122.761 Y118.61
G0 X123.055 Y115.79
G1 F1500 E63.686
G0 F7200 X122.962 Y115.766
G1 F1800 X122.618 Y115.674 E63.69047
G1 X122.617 Y115.187 E63.69658
G1 X122.834 Y115.245 E63.69939
G1 X123.065 Y115.334 E63.7025
G1 X123.066 Y115.806 E63.70842
G1 X122.962 Y115.766 E63.70981
G0 F7200 X122.769 Y115.715
G0 X122.869 Y115.515
;TYPE:SKIN
G1 F1800 X122.811 Y115.457 E63.71033
G0 F7200 X122.665 Y115.457
G1 F1500 E57.21033
G0 F7200 X122.718 Y115.458
G0 X121.368 Y115.661
G1 F1500 E63.71033
G0 F7200 X121.038 Y115.766
;TYPE:WALL-OUTER
G1 F1800 X120.935 Y115.805 E63.71171
G1 X120.934 Y115.335 E63.7176
G1 X121.168 Y115.244 E63.72075
G1 X121.382 Y115.188 E63.72352
G1 X121.383 Y115.673 E63.72961
G1 X121.038 Y115.766 E63.73409
G0 F7200 X120.935 Y115.805
G0 X120.935 Y115.715
G0 X121.128 Y115.471
;TYPE:SKIN
G1 F1800 X121.181 Y115.524 E63.73456
G0 F7200 X121.251 Y115.641
G1 F1500 E57.23456
G0 F7200 X121.242 Y115.608
G0 X120.946 Y112.789
G1 F1500 E63.73456
G0 F7200 X121.038 Y112.766
;TYPE:WALL-OUTER
G1 F1800 X120.935 Y112.805 E63.73594
G1 X120.934 Y112.335 E63.74183
G1 X121.168 Y112.244 E63.74498
G1 X121.382 Y112.188 E63.74776
G1 X121.383 Y112.673 E63.75384
G1 X121.038 Y112.766 E63.75832
G0 F7200 X120.935 Y112.805
G0 X120.935 Y112.715
G0 X121.224 Y112.301
G1 F1500 E57.25832
G0 F7200 X121.23 Y112.331
G0 X122.618 Y112.659
G1 F1500 E63.75832
G0 F7200 X122.962 Y112.766
G1 F1800 X122.618 Y112.674 E63.76278
G1 X122.617 Y112.187 E63.76889
G1 X122.834 Y112.245 E63.77171
G1 X123.065 Y112.334 E63.77481
G1 X123.066 Y112.806 E63.78073
G1 X122.962 Y112.766 E63.78213
G0 F7200 X122.769 Y112.715
G0 X122.752 Y112.642
G1 F1500 E57.28213
G0 F7200 X122.761 Y112.61
G0 X123.055 Y109.79
G1 F1500 E63.78213
G0 F7200 X122.962 Y109.766
G1 F1800 X122.618 Y109.674 E63.78659
G1 X122.618 Y109.187 E63.7927
G1 X122.834 Y109.245 E63.79551
G1 X123.065 Y109.334 E63.79861
G1 X123.066 Y109.806 E63.80453
G1 X122.962 Y109.766 E63.80593
G0 F7200 X122.769 Y109.715
G0 X122.752 Y109.642
G1 F1500 E57.30593
G0 F7200 X122.761 Y109.61
G0 X121.362 Y109.672
G1 F1500 E63.80593
G0 F7200 X121.038 Y109.766
G1 F1800 X120.935 Y109.805 E63.80731
G1 X120.934 Y109.335 E63.8132
G1 X121.168 Y109.244 E63.81635
G1 X121.382 Y109.188 E63.81912
G1 X121.382 Y109.674 E63.82522
G1 X121.038 Y109.766 E63.82968
G0 F7200 X120.935 Y109.805
G0 X120.935 Y109.715
G0 X121.225 Y109.302
G1 F1500 E57.32968
G0 F7200 X121.231 Y109.33
G0 X121.641 Y110.5
G0 X123.914 Y111.04
G0 X128.07 Y109.657
G1 F1500 E63.82968
G0 F7200 X129.038 Y109.766
G1 F1800 X128.935 Y109.805 E63.83107
G1 X128.934 Y109.335 E63.83696
G1 X129.168 Y109.244 E63.84011
G1 X129.382 Y109.188 E63.84288
G1 X129.382 Y109.674 E63.84898
G1 X129.038 Y109.766 E63.85344
G0 F7200 X128.935 Y109.805
G0 X128.935 Y109.715
G0 X129.225 Y109.302
G1 F1500 E57.35344
G0 F7200 X129.231 Y109.33
G0 X130.638 Y109.67
G1 F1500 E63.85344
G0 F7200 X130.962 Y109.766
G1 F1800 X130.618 Y109.674 E63.85791
G1 X130.618 Y109.187 E63.86401
G1 X130.834 Y109.245 E63.86682
G1 X131.065 Y109.334 E63.86992
G1 X131.066 Y109.806 E63.87584
G1 X130.962 Y109.766 E63.87724
G0 F7200 X130.769 Y109.715
G0 X130.752 Y109.642
G1 F1500 E57.37724
G0 F7200 X130.761 Y109.61
G0 X130.629 Y112.202
G1 F1500 E63.87724
G0 F7200 X130.962 Y112.766
G1 F1800 X130.618 Y112.674 E63.88171
G1 X130.617 Y112.187 E63.88781
G1 X130.834 Y112.245 E63.89063
G1 X131.065 Y112.334 E63.89373
G1 X131.066 Y112.806 E63.89965
G1 X130.962 Y112.766 E63.90105
G0 F7200 X130.769 Y112.715
G0 X130.752 Y112.642
G1 F1500 E57.40105
G0 F7200 X130.761 Y112.61
G0 X129.368 Y112.661
G1 F1500 E63.90105
G0 F7200 X129.038 Y112.766
G1 F1800 X128.935 Y112.805 E63.90243
G1 X128.934 Y112.335 E63.90833
G1 X129.168 Y112.244 E63.91147
G1 X129.382 Y112.188 E63.91425
G1 X129.383 Y112.673 E63.92033
G1 X129.038 Y112.766 E63.92481
G0 F7200 X128.935 Y112.805
G0 X128.935 Y112.715
G0 X129.186 Y112.499
;TYPE:SKIN
G1 F1800 X129.148 Y112.461 E63.92515
G0 F7200 X129.135 Y112.326
G1 F1500 E57.42515
G0 F7200 X129.146 Y112.36
G0 X129.37 Y115.203
G1 F1500 E63.92515
G0 F7200 X129.038 Y115.766
;TYPE:WALL-OUTER
G1 F1800 X128.935 Y115.805 E63.92653
G1 X128.934 Y115.335 E63.93242
G1 X129.168 Y115.244 E63.93557
G1 X129.382 Y115.188 E63.93835
G1 X129.383 Y115.673 E63.94443
G1 X129.038 Y115.766 E63.94891
G0 F7200 X128.935 Y115.805
G0 X128.935 Y115.715
G0 X129.224 Y115.301
G1 F1500 E57.44891
G0 F7200 X129.23 Y115.331
G0 X130.618 Y115.659
G1 F1500 E63.94891
G0 F7200 X130.962 Y115.766
G1 F1800 X130.618 Y115.674 E63.95337
G1 X130.617 Y115.187 E63.95948
G1 X130.834 Y115.245 E63.9623
G1 X131.065 Y115.334 E63.9654
G1 X131.066 Y115.806 E63.97132
G1 X130.962 Y115.766 E63.97272
G0 F7200 X130.769 Y115.715
G0 X130.752 Y115.642
G1 F1500 E57.47272
G0 F7200 X130.761 Y115.61
G0 X130.629 Y118.202
G1 F1500 E63.97272
G0 F7200 X130.962 Y118.766
G1 F1800 X130.618 Y118.674 E63.97718
G1 X130.617 Y118.187 E63.98329
G1 X130.834 Y118.245 E63.98611
G1 X131.065 Y118.334 E63.98921
G1 X131.066 Y118.806 E63.99513
G1 X130.962 Y118.766 E63.99653
G0 F7200 X130.769 Y118.715
G0 X130.752 Y118.642
G0 X130.761 Y118.61
G0 X129.368 Y118.661
G0 X129.038 Y118.766
G1 F1800 X128.935 Y118.805 E63.99791
G1 X128.934 Y118.335 E64.0038
G1 X129.168 Y118.244 E64.00695
G1 X129.382 Y118.188 E64.00973
G1 X129.383 Y118.673 E64.01581
G1 X129.038 Y118.766 E64.02029
G0 F7200 X128.935 Y118.805
G0 X128.935 Y118.715
G0 X129.224 Y118.301
G1 F1500 E57.52029
;MESH:NONMESH
G0 F600 X129.224 Y118.301 Z14.8
G0 F7200 X129.23 Y118.331
G0 X128.07 Y118.347
G0 X123.922 Y114.744
G0 X122.637 Y114.298
G0 X120.882 Y114.437
G0 X113.641 Y110.5
G0 X113.035 Y109.672
G1 F1500 E64.02029
G0 F7200 X113.038 Y109.765
;TIME_ELAPSED:756.758735
;LAYER:73
;TYPE:WALL-OUTER
;MESH:output_v2\A_fina_suporte.stl
G1 F1800 X112.725 Y109.886 E64.0245
G1 X112.724 Y109.421 E64.03033
G1 X112.78 Y109.394 E64.03111
G1 X113.164 Y109.246 E64.03627
G1 X113.164 Y109.732 E64.04236
G1 X113.038 Y109.765 E64.044
G0 F7200 X112.852 Y109.837
G0 X113.125 Y109.463
G0 X113.064 Y109.463
G0 X114.856 Y109.67
G0 X114.962 Y109.765
G1 F1800 X114.836 Y109.732 E64.04563
G1 X114.836 Y109.246 E64.05173
G1 X115.225 Y109.396 E64.05455
G1 X115.275 Y109.42 E64.05524
G1 X115.276 Y109.886 E64.06109
G1 X114.962 Y109.765 E64.06276
G0 F7200 X114.836 Y109.732
G0 X114.836 Y109.662
G0 X114.875 Y109.661
G0 X114.938 Y109.656
G0 X114.847 Y112.262
G0 X114.962 Y112.765
G1 F1800 X114.836 Y112.732 E64.0644
G1 X114.836 Y112.246 E64.07049
G1 X115.225 Y112.396 E64.07331
G1 X115.275 Y112.42 E64.07401
G1 X115.275 Y112.886 E64.07985
G1 X114.962 Y112.765 E64.08152
G0 F7200 X114.836 Y112.732
G0 X114.836 Y112.662
G0 X114.875 Y112.662
G1 F1500 E57.58152
G0 F7200 X114.938 Y112.657
G0 X113.164 Y112.674
G1 F1500 E64.08152
G0 F7200 X113.038 Y112.766
G1 F1800 X112.725 Y112.886 E64.08572
G1 X112.724 Y112.421 E64.09155
G1 X112.78 Y112.394 E64.09233
G1 X113.164 Y112.246 E64.09749
G1 X113.165 Y112.732 E64.10359
G1 X113.038 Y112.766 E64.10524
G0 F7200 X112.852 Y112.837
G0 X113.125 Y112.464
G0 X113.064 Y112.463
G0 X113.153 Y115.262
G0 X113.038 Y115.765
G1 F1800 X112.725 Y115.886 E64.10945
G1 X112.724 Y115.421 E64.11528
G1 X112.78 Y115.394 E64.11606
G1 X113.164 Y115.246 E64.12122
G1 X113.164 Y115.732 E64.12731
G1 X113.038 Y115.765 E64.12895
G0 F7200 X112.852 Y115.837
G0 X113.125 Y115.463
G0 X113.064 Y115.463
G0 X114.856 Y115.67
G0 X114.962 Y115.765
G1 F1800 X114.836 Y115.732 E64.13058
G1 X114.836 Y115.246 E64.13667
G1 X115.225 Y115.396 E64.1395
G1 X115.275 Y115.42 E64.14019
G1 X115.275 Y115.886 E64.14604
G1 X114.962 Y115.765 E64.1477
G0 F7200 X114.836 Y115.732
G0 X114.836 Y115.662
G0 X114.875 Y115.662
G0 X114.938 Y115.657
G0 X114.847 Y118.262
G0 X114.962 Y118.765
G1 F1800 X114.836 Y118.732 E64.14933
G1 X114.836 Y118.246 E64.15543
G1 X115.225 Y118.396 E64.15825
G1 X115.275 Y118.42 E64.15895
G1 X115.276 Y118.886 E64.16479
G1 X114.962 Y118.765 E64.16647
G0 F7200 X114.836 Y118.732
G0 X114.836 Y118.662
G0 X115.041 Y118.586
;TYPE:SKIN
G1 F1800 X115.08 Y118.547 E64.16681
G0 F7200 X115.136 Y118.404
G0 X115.113 Y118.46
G0 X113.164 Y118.674
G0 X113.038 Y118.766
;TYPE:WALL-OUTER
G1 F1800 X112.725 Y118.886 E64.17102
G1 X112.724 Y118.421 E64.17685
G1 X112.78 Y118.394 E64.17763
G1 X113.164 Y118.246 E64.18279
G1 X113.165 Y118.732 E64.18888
G1 X113.038 Y118.766 E64.19053
G0 F7200 X112.852 Y118.837
G0 X113.125 Y118.464
G1 F1500 E57.69053
G0 F7200 X113.064 Y118.463
G0 X111.86 Y118.871
G0 X110.321 Y119.415
G0 X109.385 Y119.8
G1 F1500 E64.19053
G0 F7200 X109.455 Y119.9
G1 F1800 X109.051 Y119.9 E64.1956
G1 X109.051 Y119.4 E64.20187
G1 X109.456 Y119.4 E64.20695
G1 X109.455 Y119.9 E64.21322
G0 F7200 X109.255 Y119.9
G0 X109.255 Y119.8
G0 X110.321 Y119.415
G0 X111.88 Y120.226
G0 X116.123 Y120.231
G0 X119.86 Y118.871
G0 X121.008 Y118.671
G0 X121.038 Y118.766
G1 F1800 X120.725 Y118.886 E64.21742
G1 X120.724 Y118.421 E64.22325
G1 X120.78 Y118.394 E64.22403
G1 X121.164 Y118.246 E64.22919
G1 X121.165 Y118.732 E64.23529
G1 X121.038 Y118.766 E64.23693
G0 F7200 X120.852 Y118.837
G0 X121.125 Y118.464
G0 X121.064 Y118.463
G0 X122.856 Y118.673
G0 X122.962 Y118.765
G1 F1800 X122.836 Y118.732 E64.23857
G1 X122.836 Y118.246 E64.24466
G1 X123.225 Y118.396 E64.24749
G1 X123.275 Y118.42 E64.24818
G1 X123.275 Y118.886 E64.25403
G1 X122.962 Y118.765 E64.25569
G0 F7200 X122.836 Y118.732
G0 X122.836 Y118.662
G0 X122.875 Y118.662
G1 F1500 E57.75569
G0 F7200 X122.938 Y118.657
G0 X123.265 Y115.87
G1 F1500 E64.25569
G0 F7200 X122.962 Y115.765
G1 F1800 X122.836 Y115.732 E64.25732
G1 X122.836 Y115.246 E64.26342
G1 X123.225 Y115.396 E64.26624
G1 X123.275 Y115.42 E64.26694
G1 X123.276 Y115.886 E64.27278
G1 X122.962 Y115.765 E64.27446
G0 F7200 X122.836 Y115.732
G0 X122.836 Y115.662
G0 X122.875 Y115.661
G0 X122.938 Y115.656
G0 X121.144 Y115.67
G0 X121.038 Y115.765
G1 F1800 X120.725 Y115.886 E64.27866
G1 X120.724 Y115.421 E64.28449
G1 X120.78 Y115.394 E64.28527
G1 X121.164 Y115.246 E64.29044
G1 X121.164 Y115.732 E64.29653
G1 X121.038 Y115.765 E64.29816
G0 F7200 X120.852 Y115.837
G0 X121.125 Y115.463
G0 X121.064 Y115.463
G0 X120.736 Y112.87
G0 X121.038 Y112.766
G1 F1800 X120.725 Y112.886 E64.30237
G1 X120.724 Y112.421 E64.3082
G1 X120.78 Y112.394 E64.30898
G1 X121.164 Y112.246 E64.31414
G1 X121.165 Y112.732 E64.32023
G1 X121.038 Y112.766 E64.32188
G0 F7200 X120.852 Y112.837
G0 X121.125 Y112.464
G1 F1500 E57.82188
G0 F7200 X121.064 Y112.463
G0 X122.856 Y112.673
G1 F1500 E64.32188
G0 F7200 X122.962 Y112.765
G1 F1800 X122.836 Y112.732 E64.32352
G1 X122.836 Y112.246 E64.32961
G1 X123.225 Y112.396 E64.33243
G1 X123.275 Y112.42 E64.33313
G1 X123.275 Y112.886 E64.33897
G1 X122.962 Y112.765 E64.34064
G0 F7200 X122.836 Y112.732
G0 X122.836 Y112.662
G0 X123.03 Y112.577
;TYPE:SKIN
G1 F1800 X123.064 Y112.543 E64.34094
G0 F7200 X123.12 Y112.398
G0 X123.098 Y112.454
G0 X123.265 Y109.87
G0 X122.962 Y109.765
;TYPE:WALL-OUTER
G1 F1800 X122.836 Y109.732 E64.34257
G1 X122.836 Y109.246 E64.34867
G1 X123.225 Y109.396 E64.35149
G1 X123.275 Y109.42 E64.35219
G1 X123.276 Y109.886 E64.35803
G1 X122.962 Y109.765 E64.3597
G0 F7200 X122.836 Y109.732
G0 X122.836 Y109.662
G0 X122.875 Y109.661
G1 F1500 E57.8597
G0 F7200 X122.938 Y109.656
G0 X121.144 Y109.67
G1 F1500 E64.3597
G0 F7200 X121.038 Y109.765
G1 F1800 X120.725 Y109.886 E64.36391
G1 X120.724 Y109.421 E64.36974
G1 X120.78 Y109.394 E64.37052
G1 X121.164 Y109.246 E64.37568
G1 X121.164 Y109.732 E64.38178
G1 X121.038 Y109.765 E64.38341
G0 F7200 X120.852 Y109.837
G0 X120.918 Y109.598
;TYPE:SKIN
G1 F1800 X120.968 Y109.548 E64.38386
G0 F7200 X121.125 Y109.549
G0 X121.064 Y109.549
G0 X127.86 Y109.655
G0 X129.008 Y109.67
G0 X129.038 Y109.765
;TYPE:WALL-OUTER
G1 F1800 X128.725 Y109.886 E64.38806
G1 X128.724 Y109.421 E64.39389
G1 X128.78 Y109.394 E64.39467
G1 X129.164 Y109.246 E64.39984
G1 X129.164 Y109.732 E64.40593
G1 X129.038 Y109.765 E64.40756
G0 F7200 X128.852 Y109.837
G0 X129.125 Y109.463
G0 X129.064 Y109.463
G0 X130.856 Y109.67
G0 X130.962 Y109.765
G1 F1800 X130.836 Y109.732 E64.4092
G1 X130.836 Y109.246 E64.41529
G1 X131.225 Y109.396 E64.41811
G1 X131.275 Y109.42 E64.41881
G1 X131.276 Y109.886 E64.42465
G1 X130.962 Y109.765 E64.42633
G0 F7200 X130.836 Y109.732
G0 X130.836 Y109.662
G0 X130.875 Y109.661
G1 F1500 E57.92633
G0 F7200 X130.938 Y109.656
G0 X130.847 Y112.262
G1 F1500 E64.42633
G0 F7200 X130.962 Y112.765
G1 F1800 X130.836 Y112.732 E64.42796
G1 X130.836 Y112.246 E64.43406
G1 X131.225 Y112.396 E64.43688
G1 X131.275 Y112.42 E64.43757
G1 X131.275 Y112.886 E64.44342
G1 X130.962 Y112.765 E64.44508
G0 F7200 X130.836 Y112.732
G0 X130.836 Y112.662
G0 X130.875 Y112.662
G0 X130.938 Y112.657
G0 X129.144 Y112.67
G0 X129.038 Y112.765
G1 F1800 X128.725 Y112.886 E64.44929
G1 X128.725 Y112.42 E64.45514
G1 X128.775 Y112.396 E64.45583
G1 X129.164 Y112.246 E64.46106
G1 X129.164 Y112.732 E64.46715
G1 X129.038 Y112.765 E64.46879
G0 F7200 X128.852 Y112.837
G0 X129.125 Y112.463
G0 X129.064 Y112.463
G0 X129.153 Y115.262
G0 X129.038 Y115.765
G1 F1800 X128.725 Y115.886 E64.473
G1 X128.725 Y115.42 E64.47884
G1 X128.775 Y115.396 E64.47954
G1 X129.164 Y115.246 E64.48476
G1 X129.164 Y115.732 E64.49086
G1 X129.038 Y115.765 E64.49249
G0 F7200 X128.852 Y115.837
G0 X129.125 Y115.463
G0 X129.064 Y115.463
G0 X130.856 Y115.67
G0 X130.962 Y115.765
G1 F1800 X130.836 Y115.732 E64.49412
G1 X130.836 Y115.246 E64.50022
G1 X131.225 Y115.396 E64.50304
G1 X131.275 Y115.42 E64.50374
G1 X131.276 Y115.886 E64.50958
G1 X130.962 Y115.765 E64.51126
G0 F7200 X130.836 Y115.732
G0 X130.836 Y115.662
G0 X131.048 Y115.59
;TYPE:SKIN
G1 F1800 X131.079 Y115.558 E64.51154
G0 F7200 X131.236 Y115.557
G0 X131.175 Y115.556
G0 X130.847 Y118.262
G0 X130.962 Y118.765
;TYPE:WALL-OUTER
G1 F1800 X130.836 Y118.732 E64.51317
G1 X130.836 Y118.246 E64.51926
G1 X131.225 Y118.396 E64.52209
G1 X131.275 Y118.42 E64.52278
G1 X131.275 Y118.886 E64.52863
G1 X130.962 Y118.765 E64.53029
G0 F7200 X130.836 Y118.732
G0 X130.836 Y118.662
G0 X130.875 Y118.662
G0 X130.938 Y118.657
G0 X129.144 Y118.67
G0 X129.038 Y118.765
G1 F1800 X128.725 Y118.886 E64.5345
G1 X128.724 Y118.421 E64.54033
G1 X128.78 Y118.394 E64.54111
G1 X129.164 Y118.246 E64.54627
G1 X129.164 Y118.732 E64.55237
G1 X129.038 Y118.765 E64.554
G0 F7200 X128.852 Y118.837
G0 X128.918 Y118.569
;TYPE:SKIN
G1 F1800 X128.948 Y118.538 E64.55427
G0 F7200 X128.891 Y118.393
;MESH:NONMESH
G0 F600 X128.891 Y118.393 Z15
G0 F7200 X128.912 Y118.45
G0 X127.86 Y118.432
G0 X124.133 Y114.883
G0 X123.105 Y114.423
G0 X122.013 Y114.143
G0 X119.88 Y114.226
G0 X114.029 Y109.72
G0 X112.825 Y109.805
G0 X112.62 Y109.926
;TIME_ELAPSED:763.990656
;LAYER:74
;TYPE:WALL-OUTER
;MESH:output_v2\A_fina_suporte.stl
G1 F1800 X112.515 Y109.977 E64.55573
G1 X112.514 Y109.523 E64.56143
G1 X112.78 Y109.394 E64.56513
G1 X112.954 Y109.327 E64.56747
G1 X112.954 Y109.798 E64.57338
G1 X112.62 Y109.926 E64.57786
G0 F7200 X112.515 Y109.977
G0 X112.515 Y109.893
G0 X112.745 Y109.449
G1 F1500 E58.07786
G0 F7200 X112.773 Y109.509
G0 X115.066 Y109.787
G1 F1500 E64.57786
G0 F7200 X115.38 Y109.926
G1 F1800 X115.046 Y109.798 E64.58235
G1 X115.046 Y109.327 E64.58826
G1 X115.225 Y109.396 E64.59066
G1 X115.485 Y109.522 E64.59429
G1 X115.486 Y109.977 E64.59999
G1 X115.38 Y109.926 E64.60147
G0 F7200 X115.193 Y109.855
G0 X115.174 Y109.817
G0 X115.199 Y109.751
G0 X115.057 Y112.343
G0 X115.38 Y112.926
G1 F1800 X115.046 Y112.798 E64.60595
G1 X115.046 Y112.327 E64.61186
G1 X115.225 Y112.396 E64.61426
G1 X115.485 Y112.522 E64.61789
G1 X115.485 Y112.977 E64.62359
G1 X115.38 Y112.926 E64.62506
G0 F7200 X115.193 Y112.855
G0 X115.174 Y112.817
G0 X115.199 Y112.751
G0 X112.939 Y112.787
G0 X112.62 Y112.926
G1 F1800 X112.515 Y112.977 E64.62652
G1 X112.514 Y112.523 E64.63221
G1 X112.78 Y112.394 E64.63592
G1 X112.954 Y112.327 E64.63826
G1 X112.955 Y112.798 E64.64417
G1 X112.62 Y112.926 E64.64866
G0 F7200 X112.515 Y112.977
G0 X112.515 Y112.893
G0 X112.746 Y112.449
G0 X112.772 Y112.509
G0 X112.943 Y115.343
G0 X112.62 Y115.926
G1 F1800 X112.515 Y115.977 E64.65013
G1 X112.514 Y115.523 E64.65582
G1 X112.78 Y115.394 E64.65953
G1 X112.954 Y115.327 E64.66187
G1 X112.954 Y115.798 E64.66777
G1 X112.62 Y115.926 E64.67226
G0 F7200 X112.515 Y115.977
G0 X112.515 Y115.893
G0 X112.745 Y115.449
G0 X112.773 Y115.509
G0 X115.066 Y115.787
G0 X115.38 Y115.926
G1 F1800 X115.046 Y115.798 E64.67674
G1 X115.046 Y115.327 E64.68265
G1 X115.225 Y115.396 E64.68506
G1 X115.485 Y115.522 E64.68868
G1 X115.485 Y115.977 E64.69439
G1 X115.38 Y115.926 E64.69585
G0 F7200 X115.193 Y115.855
G0 X115.174 Y115.817
G0 X115.199 Y115.751
G0 X115.057 Y118.343
G0 X115.38 Y118.926
G1 F1800 X115.046 Y118.798 E64.70033
G1 X115.046 Y118.327 E64.70624
G1 X115.225 Y118.396 E64.70865
G1 X115.485 Y118.522 E64.71227
G1 X115.486 Y118.977 E64.71798
G1 X115.38 Y118.926 E64.71945
G0 F7200 X115.193 Y118.855
G0 X115.174 Y118.817
G0 X115.199 Y118.751
G0 X112.939 Y118.787
G0 X112.62 Y118.926
G1 F1800 X112.515 Y118.977 E64.72092
G1 X112.514 Y118.523 E64.72661
G1 X112.78 Y118.394 E64.73032
G1 X112.954 Y118.327 E64.73265
G1 X112.955 Y118.798 E64.73856
G1 X112.62 Y118.926 E64.74306
G0 F7200 X112.515 Y118.977
G0 X112.515 Y118.893
G0 X112.746 Y118.449
G1 F1500 E58.24306
G0 F7200 X112.772 Y118.509
G0 X111.65 Y118.961
G0 X110.335 Y119.415
G0 X109.399 Y119.8
G1 F1500 E64.74306
G0 F7200 X109.469 Y119.9
G1 F1800 X109.063 Y119.9 E64.74815
G1 X109.064 Y119.4 E64.75442
G1 X109.47 Y119.4 E64.75951
G1 X109.469 Y119.9 E64.76578
G0 F7200 X109.269 Y119.9
G0 X109.269 Y119.8
G0 X110.335 Y119.415
G0 X111.67 Y120.328
G0 X116.333 Y120.331
G0 X119.65 Y118.961
G0 X120.62 Y118.926
G1 F1800 X120.515 Y118.977 E64.76724
G1 X120.514 Y118.523 E64.77294
G1 X120.78 Y118.394 E64.77665
G1 X120.954 Y118.327 E64.77898
G1 X120.955 Y118.798 E64.78489
G1 X120.62 Y118.926 E64.78939
G0 F7200 X120.515 Y118.977
G0 X120.515 Y118.893
G0 X120.746 Y118.449
G1 F1500 E58.28939
G0 F7200 X120.772 Y118.509
G0 X123.066 Y118.787
G1 F1500 E64.78939
G0 F7200 X123.38 Y118.926
G1 F1800 X123.046 Y118.798 E64.79387
G1 X123.046 Y118.327 E64.79978
G1 X123.225 Y118.396 E64.80219
G1 X123.485 Y118.522 E64.80581
G1 X123.485 Y118.977 E64.81151
G1 X123.38 Y118.926 E64.81298
G0 F7200 X123.193 Y118.855
G0 X123.174 Y118.817
G0 X123.199 Y118.751
G0 X123.476 Y115.961
G0 X123.38 Y115.926
G1 F1800 X123.046 Y115.798 E64.81746
G1 X123.046 Y115.327 E64.82337
G1 X123.225 Y115.396 E64.82578
G1 X123.485 Y115.522 E64.8294
G1 X123.486 Y115.977 E64.8351
G1 X123.38 Y115.926 E64.83658
G0 F7200 X123.193 Y115.855
G0 X123.174 Y115.817
G0 X123.199 Y115.751
G0 X120.934 Y115.787
G0 X120.62 Y115.926
G1 F1800 X120.515 Y115.977 E64.83804
G1 X120.514 Y115.523 E64.84374
G1 X120.78 Y115.394 E64.84744
G1 X120.954 Y115.327 E64.84978
G1 X120.954 Y115.798 E64.85569
G1 X120.62 Y115.926 E64.86017
G0 F7200 X120.515 Y115.977
G0 X120.515 Y115.893
G0 X120.745 Y115.449
G0 X120.773 Y115.509
G0 X120.525 Y112.96
G0 X120.62 Y112.926
G1 F1800 X120.515 Y112.977 E64.86164
G1 X120.514 Y112.523 E64.86733
G1 X120.78 Y112.394 E64.87104
G1 X120.954 Y112.327 E64.87338
G1 X120.955 Y112.798 E64.87928
G1 X120.62 Y112.926 E64.88378
G0 F7200 X120.515 Y112.977
G0 X120.515 Y112.893
G0 X120.746 Y112.449
G0 X120.772 Y112.509
G0 X123.062 Y112.787
G0 X123.38 Y112.926
G1 F1800 X123.046 Y112.798 E64.88827
G1 X123.046 Y112.327 E64.89417
G1 X123.225 Y112.396 E64.89658
G1 X123.485 Y112.522 E64.9002
G1 X123.485 Y112.977 E64.90591
G1 X123.38 Y112.926 E64.90737
G0 F7200 X123.193 Y112.855
G0 X123.174 Y112.817
G0 X123.199 Y112.751
G0 X123.476 Y109.961
G0 X123.38 Y109.926
G1 F1800 X123.046 Y109.798 E64.91186
G1 X123.046 Y109.327 E64.91776
G1 X123.225 Y109.396 E64.92017
G1 X123.485 Y109.522 E64.92379
G1 X123.486 Y109.977 E64.9295
G1 X123.38 Y109.926 E64.93097
G0 F7200 X123.193 Y109.855
G0 X123.174 Y109.817
G0 X123.199 Y109.751
G0 X120.934 Y109.787
G0 X120.62 Y109.926
G1 F1800 X120.515 Y109.977 E64.93244
G1 X120.514 Y109.523 E64.93813
G1 X120.78 Y109.394 E64.94184
G1 X120.954 Y109.327 E64.94418
G1 X120.954 Y109.798 E64.95008
G1 X120.62 Y109.926 E64.95457
G0 F7200 X120.515 Y109.977
G0 X120.515 Y109.893
G0 X120.745 Y109.449
G0 X120.773 Y109.509
G0 X121.819 Y109.787
G0 X124.333 Y111.331
G0 X127.65 Y109.772
G0 X128.62 Y109.926
G1 F1800 X128.515 Y109.977 E64.95603
G1 X128.514 Y109.523 E64.96173
G1 X128.78 Y109.394 E64.96543
G1 X128.954 Y109.327 E64.96777
G1 X128.954 Y109.798 E64.97368
G1 X128.62 Y109.926 E64.97816
G0 F7200 X128.515 Y109.977
G0 X128.515 Y109.893
G0 X128.745 Y109.449
G1 F1500 E58.47816
G0 F7200 X128.773 Y109.509
G0 X131.066 Y109.787
G1 F1500 E64.97816
G0 F7200 X131.38 Y109.926
G1 F1800 X131.046 Y109.798 E64.98265
G1 X131.046 Y109.327 E64.98856
G1 X131.225 Y109.396 E64.99096
G1 X131.485 Y109.522 E64.99458
G1 X131.486 Y109.977 E65.00029
G1 X131.38 Y109.926 E65.00177
G0 F7200 X131.193 Y109.855
G0 X131.174 Y109.817
G0 X131.199 Y109.751
G0 X131.057 Y112.343
G0 X131.38 Y112.926
G1 F1800 X131.046 Y112.798 E65.00625
G1 X131.046 Y112.327 E65.01216
G1 X131.225 Y112.396 E65.01456
G1 X131.485 Y112.522 E65.01819
G1 X131.485 Y112.977 E65.02389
G1 X131.38 Y112.926 E65.02536
G0 F7200 X131.193 Y112.855
G0 X131.174 Y112.817
G1 F1500 E58.52536
G0 F7200 X131.199 Y112.751
G0 X128.938 Y112.787
G1 F1500 E65.02536
G0 F7200 X128.62 Y112.926
G1 F1800 X128.515 Y112.977 E65.02682
G1 X128.515 Y112.522 E65.03253
G1 X128.775 Y112.396 E65.03615
G1 X128.954 Y112.327 E65.03855
G1 X128.954 Y112.798 E65.04446
G1 X128.62 Y112.926 E65.04895
G0 F7200 X128.515 Y112.977
G0 X128.515 Y112.893
G0 X128.746 Y112.449
G0 X128.772 Y112.509
G0 X128.943 Y115.343
G0 X128.62 Y115.926
G1 F1800 X128.515 Y115.977 E65.05041
G1 X128.515 Y115.522 E65.05612
G1 X128.775 Y115.396 E65.05974
G1 X128.954 Y115.327 E65.06215
G1 X128.954 Y115.798 E65.06805
G1 X128.62 Y115.926 E65.07254
G0 F7200 X128.515 Y115.977
G0 X128.515 Y115.893
G0 X128.746 Y115.449
G0 X128.772 Y115.509
G0 X131.066 Y115.787
G0 X131.38 Y115.926
G1 F1800 X131.046 Y115.798 E65.07702
G1 X131.046 Y115.327 E65.08293
G1 X131.225 Y115.396 E65.08533
G1 X131.485 Y115.522 E65.08896
G1 X131.486 Y115.977 E65.09466
G1 X131.38 Y115.926 E65.09614
G0 F7200 X131.193 Y115.855
G0 X131.174 Y115.817
G1 F1500 E58.59614
G0 F7200 X131.199 Y115.751
G0 X131.057 Y118.343
G1 F1500 E65.09614
G0 F7200 X131.38 Y118.926
G1 F1800 X131.046 Y118.798 E65.10062
G1 X131.046 Y118.327 E65.10653
G1 X131.225 Y118.396 E65.10894
G1 X131.485 Y118.522 E65.11256
G1 X131.485 Y118.977 E65.11827
G1 X131.38 Y118.926 E65.11973
G0 F7200 X131.193 Y118.855
G0 X131.174 Y118.817
G0 X131.199 Y118.751
G0 X128.934 Y118.787
G0 X128.62 Y118.926
G1 F1800 X128.515 Y118.977 E65.12119
G1 X128.514 Y118.523 E65.12689
G1 X128.78 Y118.394 E65.13059
G1 X128.954 Y118.327 E65.13293
G1 X128.954 Y118.798 E65.13884
G1 X128.62 Y118.926 E65.14332
G0 F7200 X128.515 Y118.977
G0 X128.515 Y118.893
G0 X128.745 Y118.449
G1 F1500 E58.64332
;MESH:NONMESH
G0 F600 X128.745 Y118.449 Z15.2
G0 F7200 X128.773 Y118.509
G0 X127.65 Y118.534
G0 X124.333 Y117.331
G0 X122.19 Y116.45
G0 X121.803 Y114.203
G0 X119.67 Y114.328
G0 X114.19 Y110.45
G0 X112.938 Y109.787
G1 F1500 E65.14332
G0 F7200 X112.621 Y109.926
;TIME_ELAPSED:771.777035
;LAYER:75
;TYPE:WALL-OUTER
;MESH:output_v2\A_fina_suporte.stl
G1 F1800 X112.305 Y110.08 E65.14773
G1 X112.304 Y109.625 E65.15344
G1 X112.744 Y109.411 E65.15957
G1 X112.744 Y109.879 E65.16544
G1 X112.621 Y109.926 E65.16709
G0 F7200 X112.441 Y110.013
G0 X112.705 Y109.653
G0 X112.644 Y109.653
G0 X115.276 Y109.835
G0 X115.38 Y109.926
G1 F1800 X115.256 Y109.879 E65.16876
G1 X115.256 Y109.411 E65.17463
G1 X115.695 Y109.624 E65.1782
G1 X115.696 Y110.08 E65.18372
G1 X115.38 Y109.926 E65.18551
G0 F7200 X115.256 Y109.879
G0 X115.256 Y109.811
G0 X115.295 Y109.81
G0 X115.356 Y109.81
G0 X115.266 Y112.427
G0 X115.379 Y112.926
G1 F1800 X115.256 Y112.879 E65.18716
G1 X115.256 Y112.411 E65.19303
G1 X115.695 Y112.624 E65.19661
G1 X115.695 Y113.08 E65.20213
G1 X115.379 Y112.926 E65.20393
G0 F7200 X115.256 Y112.879
G0 X115.256 Y112.81
G0 X115.295 Y112.81
G0 X115.356 Y112.81
G0 X112.724 Y112.835
G0 X112.621 Y112.926
G1 F1800 X112.305 Y113.08 E65.20834
G1 X112.304 Y112.625 E65.21404
G1 X112.744 Y112.411 E65.22018
G1 X112.744 Y112.879 E65.22605
G1 X112.621 Y112.926 E65.2277
G0 F7200 X112.441 Y113.013
G0 X112.705 Y112.653
G1 F1500 E58.7277
G0 F7200 X112.644 Y112.653
G0 X112.734 Y115.427
G1 F1500 E65.2277
G0 F7200 X112.621 Y115.926
G1 F1800 X112.305 Y116.08 E65.23211
G1 X112.304 Y115.625 E65.23781
G1 X112.744 Y115.411 E65.24395
G1 X112.744 Y115.879 E65.24982
G1 X112.621 Y115.926 E65.25147
G0 F7200 X112.441 Y116.013
G0 X112.705 Y115.653
G0 X112.644 Y115.653
G0 X115.276 Y115.835
G0 X115.379 Y115.926
G1 F1800 X115.256 Y115.879 E65.25312
G1 X115.256 Y115.411 E65.25899
G1 X115.695 Y115.624 E65.26257
G1 X115.695 Y116.08 E65.26809
G1 X115.379 Y115.926 E65.26989
G0 F7200 X115.256 Y115.879
G0 X115.256 Y115.81
G0 X115.295 Y115.81
G1 F1500 E58.76989
G0 F7200 X115.356 Y115.81
G0 X115.266 Y118.427
G1 F1500 E65.26989
G0 F7200 X115.38 Y118.926
G1 F1800 X115.256 Y118.879 E65.27155
G1 X115.256 Y118.411 E65.27742
G1 X115.695 Y118.624 E65.28099
G1 X115.696 Y119.08 E65.28651
G1 X115.38 Y118.926 E65.28831
G0 F7200 X115.256 Y118.879
G0 X115.256 Y118.811
G0 X115.295 Y118.81
G0 X115.356 Y118.81
G0 X112.724 Y118.835
G0 X112.621 Y118.926
G1 F1800 X112.305 Y119.08 E65.29271
G1 X112.304 Y118.625 E65.29842
G1 X112.744 Y118.411 E65.30456
G1 X112.744 Y118.879 E65.31042
G1 X112.621 Y118.926 E65.31208
G0 F7200 X112.441 Y119.013
G0 X112.705 Y118.653
G1 F1500 E58.81208
G0 F7200 X112.644 Y118.653
G0 X111.44 Y119.065
G0 X110.355 Y119.415
G0 X109.419 Y119.8
G1 F1500 E65.31208
G0 F7200 X109.489 Y119.9
G1 F1800 X109.087 Y119.9 E65.31712
G1 X109.087 Y119.4 E65.32339
G1 X109.49 Y119.4 E65.32844
G1 X109.489 Y119.9 E65.33471
G0 F7200 X109.289 Y119.9
G0 X109.289 Y119.8
G0 X110.355 Y119.415
G0 X111.46 Y120.43
G0 X116.543 Y120.433
G0 X119.44 Y119.065
G0 X120.582 Y118.835
G0 X120.621 Y118.926
G1 F1800 X120.305 Y119.08 E65.33912
G1 X120.304 Y118.625 E65.34483
G1 X120.744 Y118.411 E65.35096
G1 X120.744 Y118.879 E65.35683
G1 X120.621 Y118.926 E65.35848
G0 F7200 X120.441 Y119.013
G0 X120.705 Y118.653
G0 X120.644 Y118.653
G0 X123.276 Y118.835
G0 X123.379 Y118.926
G1 F1800 X123.256 Y118.879 E65.36013
G1 X123.256 Y118.411 E65.366
G1 X123.695 Y118.624 E65.36958
G1 X123.695 Y119.08 E65.3751
G1 X123.379 Y118.926 E65.3769
G0 F7200 X123.256 Y118.879
G0 X123.256 Y118.81
G0 X123.295 Y118.81
G1 F1500 E58.8769
G0 F7200 X123.356 Y118.81
G0 X123.686 Y116.064
G1 F1500 E65.3769
G0 F7200 X123.38 Y115.926
G1 F1800 X123.256 Y115.879 E65.37856
G1 X123.256 Y115.411 E65.38443
G1 X123.695 Y115.624 E65.388
G1 X123.696 Y116.08 E65.39352
G1 X123.38 Y115.926 E65.39532
G0 F7200 X123.256 Y115.879
G0 X123.256 Y115.811
G0 X123.295 Y115.81
G0 X123.356 Y115.81
G0 X120.729 Y115.867
G0 X120.62 Y115.926
G1 F1800 X120.305 Y116.079 E65.39971
G1 X120.304 Y115.625 E65.4054
G1 X120.744 Y115.411 E65.41154
G1 X120.745 Y115.878 E65.41739
G1 X120.62 Y115.926 E65.41907
G0 F7200 X120.44 Y116.013
G0 X120.705 Y115.653
G0 X120.644 Y115.652
G0 X120.315 Y113.064
G0 X120.621 Y112.926
G1 F1800 X120.305 Y113.08 E65.42348
G1 X120.304 Y112.625 E65.42919
G1 X120.744 Y112.411 E65.43532
G1 X120.744 Y112.879 E65.44119
G1 X120.621 Y112.926 E65.44284
G0 F7200 X120.441 Y113.013
G0 X120.705 Y112.653
G1 F1500 E58.94284
G0 F7200 X120.644 Y112.653
G0 X123.276 Y112.835
G1 F1500 E65.44284
G0 F7200 X123.379 Y112.926
G1 F1800 X123.256 Y112.879 E65.44449
G1 X123.256 Y112.411 E65.45036
G1 X123.695 Y112.624 E65.45394
G1 X123.695 Y113.08 E65.45946
G1 X123.379 Y112.926 E65.46126
G0 F7200 X123.256 Y112.879
G0 X123.256 Y112.81
G0 X123.295 Y112.81
G0 X123.356 Y112.81
G0 X123.686 Y110.064
G0 X123.38 Y109.926
G1 F1800 X123.256 Y109.879 E65.46292
G1 X123.256 Y109.411 E65.46879
G1 X123.695 Y109.624 E65.47237
G1 X123.696 Y110.08 E65.47789
G1 X123.38 Y109.926 E65.47968
G0 F7200 X123.256 Y109.879
G0 X123.256 Y109.811
G0 X123.295 Y109.81
G0 X123.356 Y109.81
G0 X120.729 Y109.867
G0 X120.62 Y109.926
G1 F1800 X120.305 Y110.079 E65.48407
G1 X120.304 Y109.625 E65.48976
G1 X120.744 Y109.411 E65.4959
G1 X120.745 Y109.878 E65.50176
G1 X120.62 Y109.926 E65.50344
G0 F7200 X120.44 Y110.013
G0 X120.705 Y109.653
G1 F1500 E59.00344
G0 F7200 X120.644 Y109.652
G0 X122.399 Y110.47
G0 X124.543 Y111.433
G0 X127.44 Y109.852
G0 X128.581 Y109.835
G1 F1500 E65.50344
G0 F7200 X128.62 Y109.926
G1 F1800 X128.305 Y110.079 E65.50783
G1 X128.304 Y109.625 E65.51352
G1 X128.744 Y109.411 E65.51966
G1 X128.745 Y109.878 E65.52551
G1 X128.62 Y109.926 E65.52719
G0 F7200 X128.44 Y110.013
G0 X128.705 Y109.653
G0 X128.644 Y109.652
G0 X131.276 Y109.867
G0 X131.38 Y109.926
G1 F1800 X131.256 Y109.879 E65.52885
G1 X131.256 Y109.411 E65.53472
G1 X131.695 Y109.624 E65.5383
G1 X131.696 Y110.08 E65.54382
G1 X131.38 Y109.926 E65.54561
G0 F7200 X131.256 Y109.879
G0 X131.256 Y109.811
G0 X131.295 Y109.81
G0 X131.356 Y109.81
G0 X131.266 Y112.427
G0 X131.379 Y112.926
G1 F1800 X131.256 Y112.879 E65.54726
G1 X131.256 Y112.411 E65.55313
G1 X131.695 Y112.624 E65.55671
G1 X131.695 Y113.08 E65.56222
G1 X131.379 Y112.926 E65.56403
G0 F7200 X131.256 Y112.879
G0 X131.256 Y112.81
G0 X131.295 Y112.81
G0 X131.356 Y112.81
G0 X128.724 Y112.835
G0 X128.621 Y112.926
G1 F1800 X128.305 Y113.08 E65.56844
G1 X128.305 Y112.624 E65.57415
G1 X128.744 Y112.411 E65.58027
G1 X128.744 Y112.879 E65.58614
G1 X128.621 Y112.926 E65.58779
G0 F7200 X128.441 Y113.013
G0 X128.705 Y112.653
G0 X128.644 Y112.653
G0 X128.734 Y115.427
G0 X128.62 Y115.926
G1 F1800 X128.305 Y116.079 E65.59218
G1 X128.305 Y115.624 E65.59789
G1 X128.744 Y115.411 E65.60401
G1 X128.745 Y115.878 E65.60987
G1 X128.62 Y115.926 E65.61154
G0 F7200 X128.44 Y116.013
G0 X128.705 Y115.653
G0 X128.644 Y115.652
G0 X131.276 Y115.867
G0 X131.38 Y115.926
G1 F1800 X131.256 Y115.879 E65.61321
G1 X131.256 Y115.411 E65.61908
G1 X131.695 Y115.624 E65.62265
G1 X131.696 Y116.08 E65.62817
G1 X131.38 Y115.926 E65.62996
G0 F7200 X131.256 Y115.879
G0 X131.256 Y115.811
G0 X131.295 Y115.81
G0 X131.356 Y115.81
G0 X131.266 Y118.427
G0 X131.379 Y118.926
G1 F1800 X131.256 Y118.879 E65.63161
G1 X131.256 Y118.411 E65.63748
G1 X131.695 Y118.624 E65.64106
G1 X131.695 Y119.08 E65.64658
G1 X131.379 Y118.926 E65.64838
G0 F7200 X131.256 Y118.879
G0 X131.256 Y118.81
G0 X131.295 Y118.81
G0 X131.356 Y118.81
G0 X128.724 Y118.835
G0 X128.621 Y118.926
G1 F1800 X128.305 Y119.08 E65.65279
G1 X128.304 Y118.625 E65.65849
G1 X128.744 Y118.411 E65.66463
G1 X128.744 Y118.879 E65.6705
G1 X128.621 Y118.926 E65.67215
G0 F7200 X128.441 Y119.013
G0 X128.705 Y118.653
;MESH:NONMESH
G0 F600 X128.705 Y118.653 Z15.4
G0 F7200 X128.644 Y118.653
G0 X127.44 Y118.636
G0 X124.543 Y117.433
G0 X122.399 Y116.47
G0 X121.59 Y114.178
G0 X119.46 Y114.43
G0 X114.695 Y110.556
G0 X113.609 Y109.868
G0 X112.493 Y109.877
G0 X112.534 Y109.968
;TIME_ELAPSED:779.099197
;LAYER:76
;TYPE:WALL-OUTER
;MESH:output_v2\A_fina_suporte.stl
G1 F1800 X112.095 Y110.182 E65.67827
G1 X112.094 Y109.727 E65.68398
G1 X112.534 Y109.513 E65.69012
G1 X112.534 Y109.968 E65.69582
G0 F7200 X112.355 Y110.055
G0 X112.351 Y110.046
G1 F1500 E59.19582
G0 F7200 X112.314 Y109.965
G0 X112.524 Y112.529
G1 F1500 E65.69582
G0 F7200 X112.534 Y112.968
G1 F1800 X112.095 Y113.182 E65.70195
G1 X112.094 Y112.727 E65.70765
G1 X112.534 Y112.513 E65.71379
G1 X112.534 Y112.968 E65.71949
G0 F7200 X112.355 Y113.055
G0 X112.351 Y113.046
G0 X112.314 Y112.965
G0 X112.524 Y115.529
G0 X112.534 Y115.968
G1 F1800 X112.095 Y116.182 E65.72562
G1 X112.094 Y115.727 E65.73132
G1 X112.534 Y115.513 E65.73746
G1 X112.534 Y115.968 E65.74317
G0 F7200 X112.355 Y116.055
G0 X112.351 Y116.046
G0 X112.314 Y115.965
G0 X112.524 Y118.529
G0 X112.534 Y118.968
G1 F1800 X112.095 Y119.182 E65.74929
G1 X112.094 Y118.727 E65.755
G1 X112.534 Y118.513 E65.76113
G1 X112.534 Y118.968 E65.76684
G0 F7200 X112.355 Y119.055
G0 X112.351 Y119.046
G0 X112.314 Y118.965
G0 X109.502 Y119.414
G0 X109.515 Y119.9
G1 F1800 X109.109 Y119.9 E65.77193
G1 X109.109 Y119.4 E65.7782
G1 X109.516 Y119.4 E65.7833
G1 X109.515 Y119.9 E65.78957
G0 F7200 X109.315 Y119.9
G0 X109.315 Y119.8
G0 X110.381 Y119.415
G0 X111.25 Y120.532
G0 X114.601 Y118.958
G0 X115.805 Y118.778
G0 X115.905 Y118.726
G1 F1800 X115.906 Y119.182 E65.79529
G1 X115.466 Y118.968 E65.80143
G1 X115.466 Y118.513 E65.80713
G1 X115.905 Y118.726 E65.81325
G0 F7200 X115.905 Y118.926
G0 X115.866 Y118.925
G0 X115.805 Y118.924
G0 X115.895 Y116.165
G0 X115.905 Y115.726
G1 F1800 X115.905 Y116.181 E65.81896
G1 X115.466 Y115.968 E65.82508
G1 X115.466 Y115.513 E65.83078
G1 X115.905 Y115.726 E65.8369
G0 F7200 X115.905 Y115.926
G0 X115.866 Y115.926
G0 X115.805 Y115.926
G0 X115.895 Y113.165
G0 X115.905 Y112.726
G1 F1800 X115.905 Y113.181 E65.84261
G1 X115.466 Y112.968 E65.84873
G1 X115.466 Y112.513 E65.85443
G1 X115.905 Y112.726 E65.86055
G0 F7200 X115.905 Y112.926
G0 X115.866 Y112.926
G0 X115.805 Y112.926
G0 X115.896 Y110.166
G0 X115.905 Y109.726
G1 F1800 X115.906 Y110.182 E65.86627
G1 X115.466 Y109.968 E65.87241
G1 X115.466 Y109.513 E65.87811
G1 X115.905 Y109.726 E65.88423
G0 F7200 X115.905 Y109.926
G0 X115.866 Y109.925
G1 F1500 E59.38423
G0 F7200 X115.805 Y109.924
G0 X119.23 Y109.916
G0 X120.434 Y109.915
G1 F1500 E65.88423
G0 F7200 X120.535 Y109.968
G1 F1800 X120.095 Y110.182 E65.89037
G1 X120.094 Y109.727 E65.89607
G1 X120.534 Y109.513 E65.90221
G1 X120.535 Y109.968 E65.90792
G0 F7200 X120.356 Y110.055
G0 X120.352 Y110.046
G1 F1500 E59.40792
G0 F7200 X120.315 Y109.965
G0 X120.524 Y112.529
G1 F1500 E65.90792
G0 F7200 X120.534 Y112.968
G1 F1800 X120.095 Y113.182 E65.91404
G1 X120.094 Y112.727 E65.91975
G1 X120.534 Y112.513 E65.92588
G1 X120.534 Y112.968 E65.93159
G0 F7200 X120.355 Y113.055
G0 X120.351 Y113.046
G1 F1500 E59.43159
G0 F7200 X120.314 Y112.965
G0 X120.524 Y115.529
G1 F1500 E65.93159
G0 F7200 X120.535 Y115.968
G1 F1800 X120.095 Y116.182 E65.93772
G1 X120.094 Y115.727 E65.94343
G1 X120.534 Y115.513 E65.94956
G1 X120.535 Y115.968 E65.95527
G0 F7200 X120.356 Y116.055
G0 X120.352 Y116.046
G1 F1500 E59.45527
G0 F7200 X120.315 Y115.965
G0 X120.524 Y118.529
G1 F1500 E65.95527
G0 F7200 X120.534 Y118.968
G1 F1800 X120.095 Y119.182 E65.96139
G1 X120.094 Y118.727 E65.9671
G1 X120.534 Y118.513 E65.97324
G1 X120.534 Y118.968 E65.97894
G0 F7200 X120.355 Y119.055
G0 X120.351 Y119.046
G0 X120.314 Y118.965
G0 X121.399 Y118.779
G0 X122.601 Y118.779
G0 X123.805 Y118.779
G0 X123.905 Y118.726
G1 F1800 X123.905 Y119.181 E65.98465
G1 X123.466 Y118.968 E65.99077
G1 X123.466 Y118.513 E65.99647
G1 X123.905 Y118.726 E66.00259
G0 F7200 X123.905 Y118.926
G0 X123.866 Y118.926
G1 F1500 E59.50259
G0 F7200 X123.805 Y118.926
G0 X123.896 Y116.166
G1 F1500 E66.00259
G0 F7200 X123.905 Y115.726
G1 F1800 X123.906 Y116.182 E66.00831
G1 X123.466 Y115.968 E66.01445
G1 X123.466 Y115.513 E66.02015
G1 X123.905 Y115.726 E66.02627
G0 F7200 X123.905 Y115.926
G0 X123.866 Y115.925
G1 F1500 E59.52627
G0 F7200 X123.805 Y115.924
G0 X123.895 Y113.165
G1 F1500 E66.02627
G0 F7200 X123.905 Y112.726
G1 F1800 X123.905 Y113.181 E66.03198
G1 X123.466 Y112.968 E66.0381
G1 X123.466 Y112.513 E66.0438
G1 X123.905 Y112.726 E66.04992
G0 F7200 X123.905 Y112.926
G0 X123.866 Y112.926
G1 F1500 E59.54992
G0 F7200 X123.805 Y112.926
G0 X123.896 Y110.166
G1 F1500 E66.04992
G0 F7200 X123.905 Y109.726
G1 F1800 X123.906 Y110.182 E66.05564
G1 X123.466 Y109.968 E66.06178
G1 X123.466 Y109.513 E66.06748
G1 X123.905 Y109.726 E66.0736
G0 F7200 X123.905 Y109.926
G0 X123.866 Y109.925
G1 F1500 E59.5736
G0 F7200 X123.805 Y109.924
G0 X127.23 Y109.916
G0 X128.434 Y109.915
G1 F1500 E66.0736
G0 F7200 X128.535 Y109.968
G1 F1800 X128.095 Y110.182 E66.07974
G1 X128.094 Y109.727 E66.08544
G1 X128.534 Y109.513 E66.09158
G1 X128.535 Y109.968 E66.09728
G0 F7200 X128.356 Y110.055
G0 X128.352 Y110.046
G1 F1500 E59.59728
G0 F7200 X128.315 Y109.965
G0 X128.524 Y112.529
G1 F1500 E66.09728
G0 F7200 X128.534 Y112.968
G1 F1800 X128.095 Y113.181 E66.1034
G1 X128.095 Y112.726 E66.10911
G1 X128.534 Y112.513 E66.11523
G1 X128.534 Y112.968 E66.12093
G0 F7200 X128.354 Y113.055
G0 X128.35 Y113.047
G1 F1500 E59.62093
G0 F7200 X128.313 Y112.964
G0 X128.524 Y115.529
G1 F1500 E66.12093
G0 F7200 X128.535 Y115.968
G1 F1800 X128.095 Y116.182 E66.12707
G1 X128.095 Y115.726 E66.13279
G1 X128.534 Y115.513 E66.13891
G1 X128.535 Y115.968 E66.14461
G0 F7200 X128.356 Y116.055
G0 X128.351 Y116.047
G1 F1500 E59.64461
G0 F7200 X128.314 Y115.965
G0 X128.524 Y118.529
G1 F1500 E66.14461
G0 F7200 X128.534 Y118.968
G1 F1800 X128.095 Y119.182 E66.15074
G1 X128.094 Y118.727 E66.15644
G1 X128.534 Y118.513 E66.16258
G1 X128.534 Y118.968 E66.16828
G0 F7200 X128.355 Y119.055
G0 X128.351 Y119.046
G1 F1500 E59.66828
G0 F7200 X128.314 Y118.965
G0 X129.399 Y118.779
G0 X130.601 Y118.779
G0 X131.805 Y118.779
G1 F1500 E66.16828
G0 F7200 X131.905 Y118.726
G1 F1800 X131.905 Y119.181 E66.17399
G1 X131.466 Y118.968 E66.18011
G1 X131.466 Y118.513 E66.18581
G1 X131.905 Y118.726 E66.19193
G0 F7200 X131.905 Y118.926
G0 X131.866 Y118.926
G0 X131.805 Y118.926
G0 X131.896 Y116.166
G0 X131.905 Y115.726
G1 F1800 X131.906 Y116.182 E66.19765
G1 X131.466 Y115.968 E66.20379
G1 X131.466 Y115.513 E66.20949
G1 X131.905 Y115.726 E66.21561
G0 F7200 X131.905 Y115.926
G0 X131.866 Y115.925
G1 F1500 E59.71561
G0 F7200 X131.805 Y115.924
G0 X131.895 Y113.165
G1 F1500 E66.21561
G0 F7200 X131.905 Y112.726
G1 F1800 X131.905 Y113.181 E66.22132
G1 X131.466 Y112.968 E66.22744
G1 X131.466 Y112.513 E66.23314
G1 X131.905 Y112.726 E66.23926
G0 F7200 X131.905 Y112.926
G0 X131.866 Y112.926
G1 F1500 E59.73926
G0 F7200 X131.805 Y112.926
G0 X131.896 Y110.166
G1 F1500 E66.23926
G0 F7200 X131.905 Y109.726
G1 F1800 X131.906 Y110.182 E66.24498
G1 X131.466 Y109.968 E66.25112
G1 X131.466 Y109.513 E66.25682
G1 X131.905 Y109.726 E66.26294
G0 F7200 X131.905 Y109.926
G0 X131.866 Y109.925
;MESH:NONMESH
G0 F600 X131.866 Y109.925 Z15.6
G0 F7200 X131.805 Y109.924
G0 X130.601 Y109.958
G0 X127.25 Y111.532
G0 X124.753 Y111.535
G0 X120.97 Y110.717
G0 X119.25 Y111.532
G0 X116.753 Y111.535
G0 X113.399 Y109.958
G0 X112.283 Y109.98
G0 X112.325 Y110.07
;TIME_ELAPSED:790.986513
;LAYER:77
;TYPE:WALL-OUTER
;MESH:output_v2\A_fina_suporte.stl
G1 F1800 X111.885 Y110.284 E66.26908
G1 X111.884 Y109.829 E66.27478
G1 X112.324 Y109.615 E66.28092
G1 X112.325 Y110.07 E66.28663
G0 F7200 X112.146 Y110.157
G0 X112.142 Y110.148
G1 F1500 E59.78663
G0 F7200 X112.105 Y110.067
G0 X112.314 Y112.631
G1 F1500 E66.28663
G0 F7200 X112.325 Y113.07
G1 F1800 X111.885 Y113.284 E66.29276
G1 X111.884 Y112.829 E66.29847
G1 X112.324 Y112.615 E66.3046
G1 X112.325 Y113.07 E66.31031
G0 F7200 X112.146 Y113.157
G0 X112.142 Y113.148
G1 F1500 E59.81031
G0 F7200 X112.105 Y113.067
G0 X112.314 Y115.631
G1 F1500 E66.31031
G0 F7200 X112.325 Y116.07
G1 F1800 X111.884 Y116.284 E66.31646
G1 X111.884 Y115.829 E66.32216
G1 X112.324 Y115.615 E66.3283
G1 X112.325 Y116.07 E66.334
G0 F7200 X112.145 Y116.157
G0 X112.142 Y116.148
G1 F1500 E59.834
G0 F7200 X112.104 Y116.066
G0 X112.314 Y118.631
G1 F1500 E66.334
G0 F7200 X112.325 Y119.07
G1 F1800 X111.884 Y119.284 E66.34015
G1 X111.884 Y118.829 E66.34586
G1 X112.324 Y118.615 E66.35199
G1 X112.325 Y119.07 E66.3577
G0 F7200 X112.145 Y119.157
G0 X112.142 Y119.148
G0 X112.104 Y119.066
G0 X109.527 Y119.414
G0 X109.54 Y119.9
G1 F1800 X109.132 Y119.9 E66.36281
G1 X109.132 Y119.4 E66.36908
G1 X109.541 Y119.4 E66.37421
G1 X109.54 Y119.9 E66.38048
G0 F7200 X109.34 Y119.9
G0 X109.34 Y119.8
G0 X110.406 Y119.415
G0 X111.038 Y120.636
G0 X114.811 Y119.061
G0 X116.016 Y118.882
G0 X116.116 Y118.829
G1 F1800 X116.116 Y119.285 E66.3862
G1 X115.676 Y119.071 E66.39234
G1 X115.676 Y118.615 E66.39806
G1 X116.116 Y118.829 E66.40419
G0 F7200 X116.116 Y119.029
G0 X116.076 Y119.029
G1 F1500 E59.90419
G0 F7200 X116.016 Y119.029
G0 X116.105 Y116.268
G1 F1500 E66.40419
G0 F7200 X116.116 Y115.829
G1 F1800 X116.115 Y116.284 E66.4099
G1 X115.676 Y116.071 E66.41602
G1 X115.676 Y115.615 E66.42174
G1 X116.116 Y115.829 E66.42787
G0 F7200 X116.116 Y116.029
G0 X116.076 Y116.028
G0 X116.016 Y116.028
G0 X116.105 Y113.268
G0 X116.116 Y112.829
G1 F1800 X116.115 Y113.284 E66.43358
G1 X115.676 Y113.071 E66.4397
G1 X115.676 Y112.615 E66.44541
G1 X116.116 Y112.829 E66.45155
G0 F7200 X116.116 Y113.029
G0 X116.076 Y113.028
G0 X116.016 Y113.028
G0 X116.106 Y110.269
G0 X116.116 Y109.829
G1 F1800 X116.116 Y110.285 E66.45727
G1 X115.676 Y110.071 E66.4634
G1 X115.676 Y109.615 E66.46912
G1 X116.116 Y109.829 E66.47526
G0 F7200 X116.116 Y110.029
G0 X116.076 Y110.029
G0 X116.016 Y110.029
G0 X119.02 Y109.996
G0 X120.234 Y110.003
G0 X120.324 Y110.071
G1 F1800 X119.885 Y110.284 E66.48138
G1 X119.884 Y109.829 E66.48708
G1 X120.324 Y109.615 E66.49322
G1 X120.324 Y110.071 E66.49894
G0 F7200 X120.144 Y110.158
G0 X120.141 Y110.148
G0 X120.103 Y110.067
G0 X120.314 Y112.631
G0 X120.324 Y113.071
G1 F1800 X119.885 Y113.284 E66.50506
G1 X119.884 Y112.829 E66.51076
G1 X120.324 Y112.615 E66.5169
G1 X120.324 Y113.071 E66.52262
G0 F7200 X120.144 Y113.158
G0 X120.141 Y113.148
G0 X120.103 Y113.067
G0 X120.314 Y115.631
G0 X120.325 Y116.07
G1 F1800 X119.884 Y116.284 E66.52876
G1 X119.884 Y115.829 E66.53447
G1 X120.324 Y115.615 E66.54061
G1 X120.325 Y116.07 E66.54631
G0 F7200 X120.145 Y116.157
G0 X120.142 Y116.148
G0 X120.104 Y116.066
G0 X120.314 Y118.631
G0 X120.325 Y119.07
G1 F1800 X119.884 Y119.284 E66.55246
G1 X119.884 Y118.829 E66.55816
G1 X120.324 Y118.615 E66.5643
G1 X120.325 Y119.07 E66.57001
G0 F7200 X120.145 Y119.157
G0 X120.142 Y119.148
G0 X120.104 Y119.066
G0 X121.189 Y118.888
G0 X122.81 Y118.889
G0 X124.016 Y118.881
G0 X124.116 Y118.829
G1 F1800 X124.115 Y119.284 E66.57571
G1 X123.675 Y119.07 E66.58185
G1 X123.675 Y118.615 E66.58755
G1 X124.116 Y118.829 E66.5937
G0 F7200 X124.116 Y119.029
G0 X124.075 Y119.028
G1 F1500 E60.0937
G0 F7200 X124.016 Y119.028
G0 X124.106 Y116.268
G1 F1500 E66.5937
G0 F7200 X124.116 Y115.829
G1 F1800 X124.116 Y116.284 E66.59941
G1 X123.675 Y116.07 E66.60555
G1 X123.675 Y115.615 E66.61126
G1 X124.116 Y115.829 E66.61741
G0 F7200 X124.116 Y116.029
G0 X124.075 Y116.029
G1 F1500 E60.11741
G0 F7200 X124.016 Y116.029
G0 X124.105 Y113.268
G1 F1500 E66.61741
G0 F7200 X124.116 Y112.829
G1 F1800 X124.115 Y113.284 E66.62311
G1 X123.675 Y113.07 E66.62925
G1 X123.676 Y112.615 E66.63495
G1 X124.116 Y112.829 E66.64109
G0 F7200 X124.116 Y113.029
G0 X124.075 Y113.028
G0 X124.016 Y113.028
G0 X124.106 Y110.268
G0 X124.116 Y109.829
G1 F1800 X124.116 Y110.284 E66.6468
G1 X123.675 Y110.07 E66.65294
G1 X123.676 Y109.615 E66.65865
G1 X124.116 Y109.829 E66.66478
G0 F7200 X124.116 Y110.029
G0 X124.075 Y110.029
G1 F1500 E60.16478
G0 F7200 X124.016 Y110.029
G0 X127.019 Y110.017
G0 X128.224 Y110.017
G1 F1500 E66.66478
G0 F7200 X128.325 Y110.07
G1 F1800 X127.884 Y110.284 E66.67093
G1 X127.884 Y109.829 E66.67664
G1 X128.324 Y109.615 E66.68277
G1 X128.325 Y110.07 E66.68848
G0 F7200 X128.145 Y110.157
G0 X128.142 Y110.148
G0 X128.104 Y110.066
G0 X128.314 Y112.631
G0 X128.325 Y113.07
G1 F1800 X127.884 Y113.284 E66.69463
G1 X127.885 Y112.828 E66.70034
G1 X128.324 Y112.615 E66.70646
G1 X128.325 Y113.07 E66.71217
G0 F7200 X128.145 Y113.157
G0 X128.141 Y113.148
G1 F1500 E60.21217
G0 F7200 X128.104 Y113.066
G0 X128.314 Y115.631
G1 F1500 E66.71217
G0 F7200 X128.325 Y116.07
G1 F1800 X127.884 Y116.284 E66.71832
G1 X127.885 Y115.828 E66.72403
G1 X128.324 Y115.615 E66.73015
G1 X128.325 Y116.07 E66.73586
G0 F7200 X128.145 Y116.157
G0 X128.141 Y116.148
G0 X128.104 Y116.066
G0 X128.314 Y118.631
G0 X128.325 Y119.07
G1 F1800 X127.884 Y119.284 E66.74201
G1 X127.884 Y118.829 E66.74771
G1 X128.324 Y118.615 E66.75385
G1 X128.325 Y119.07 E66.75955
G0 F7200 X128.145 Y119.157
G0 X128.142 Y119.148
G1 F1500 E60.25955
G0 F7200 X128.104 Y119.066
G0 X129.189 Y118.888
G0 X130.81 Y118.889
G0 X132.016 Y118.881
G1 F1500 E66.75955
G0 F7200 X132.116 Y118.829
G1 F1800 X132.115 Y119.284 E66.76526
G1 X131.675 Y119.07 E66.7714
G1 X131.675 Y118.615 E66.7771
G1 X132.116 Y118.829 E66.78325
G0 F7200 X132.116 Y119.029
G0 X132.075 Y119.028
G0 X132.016 Y119.028
G0 X132.106 Y116.268
G0 X132.116 Y115.829
G1 F1800 X132.116 Y116.284 E66.78895
G1 X131.675 Y116.07 E66.7951
G1 X131.675 Y115.615 E66.80081
G1 X132.116 Y115.829 E66.80695
G0 F7200 X132.116 Y116.029
G0 X132.075 Y116.029
G1 F1500 E60.30695
G0 F7200 X132.016 Y116.029
G0 X132.105 Y113.268
G1 F1500 E66.80695
G0 F7200 X132.116 Y112.829
G1 F1800 X132.115 Y113.284 E66.81266
G1 X131.675 Y113.07 E66.8188
G1 X131.676 Y112.615 E66.8245
G1 X132.116 Y112.829 E66.83064
G0 F7200 X132.116 Y113.029
G0 X132.075 Y113.028
G1 F1500 E60.33064
G0 F7200 X132.016 Y113.028
G0 X132.106 Y110.268
G1 F1500 E66.83064
G0 F7200 X132.116 Y109.829
G1 F1800 X132.116 Y110.284 E66.83634
G1 X131.675 Y110.07 E66.84249
G1 X131.676 Y109.615 E66.8482
G1 X132.116 Y109.829 E66.85433
G0 F7200 X132.116 Y110.029
G0 X132.075 Y110.029
;MESH:NONMESH
G0 F600 X132.075 Y110.029 Z15.8
G0 F7200 X132.016 Y110.029
G0 X130.81 Y110.06
G0 X127.038 Y111.636
G0 X124.962 Y111.636
G0 X121.182 Y110.608
G0 X119.04 Y111.633
G0 X116.962 Y111.635
G0 X113.189 Y110.059
G0 X112.074 Y110.082
G0 X112.115 Y110.172
;TIME_ELAPSED:800.734324
;LAYER:78
;TYPE:WALL-OUTER
;MESH:output_v2\A_fina_suporte.stl
G1 F1800 X111.676 Y110.386 E66.86046
G1 X111.675 Y109.931 E66.86616
G1 X112.114 Y109.717 E66.87229
G1 X112.115 Y110.172 E66.87799
G0 F7200 X111.936 Y110.259
G0 X111.932 Y110.25
G1 F1500 E60.37799
G0 F7200 X111.895 Y110.169
G0 X112.104 Y112.733
G1 F1500 E66.87799
G0 F7200 X112.115 Y113.172
G1 F1800 X111.676 Y113.386 E66.88412
G1 X111.675 Y112.931 E66.88982
G1 X112.114 Y112.717 E66.89595
G1 X112.115 Y113.172 E66.90165
G0 F7200 X111.936 Y113.259
G0 X111.932 Y113.25
G0 X111.895 Y113.169
G0 X112.104 Y115.733
G0 X112.115 Y116.172
G1 F1800 X111.675 Y116.386 E66.90779
G1 X111.675 Y115.931 E66.9135
G1 X112.114 Y115.717 E66.91962
G1 X112.115 Y116.172 E66.92533
G0 F7200 X111.936 Y116.259
G0 X111.932 Y116.25
G1 F1500 E60.42533
G0 F7200 X111.895 Y116.169
G0 X112.104 Y118.733
G1 F1500 E66.92533
G0 F7200 X112.115 Y119.172
G1 F1800 X111.675 Y119.386 E66.93146
G1 X111.675 Y118.931 E66.93717
G1 X112.114 Y118.717 E66.94329
G1 X112.115 Y119.172 E66.949
G0 F7200 X111.936 Y119.259
G0 X111.932 Y119.25
G0 X111.895 Y119.169
G0 X109.558 Y119.414
G0 X109.572 Y119.9
G1 F1800 X109.162 Y119.9 E66.95414
G1 X109.163 Y119.4 E66.96041
G1 X109.572 Y119.4 E66.96554
G1 X109.572 Y119.9 E66.97181
G0 F7200 X109.372 Y119.9
G0 X109.372 Y119.8
G1 F1500 E60.47181
G0 F7200 X110.437 Y119.414
G0 X110.829 Y120.738
G0 X115.021 Y119.163
G0 X116.225 Y118.984
G1 F1500 E66.97181
G0 F7200 X116.325 Y118.931
G1 F1800 X116.325 Y119.386 E66.97751
G1 X115.886 Y119.173 E66.98363
G1 X115.886 Y118.718 E66.98934
G1 X116.325 Y118.931 E66.99546
G0 F7200 X116.325 Y119.131
G0 X116.286 Y119.131
G0 X116.225 Y119.131
G0 X116.314 Y116.37
G0 X116.325 Y115.931
G1 F1800 X116.324 Y116.386 E67.00116
G1 X115.886 Y116.173 E67.00727
G1 X115.886 Y115.718 E67.01298
G1 X116.325 Y115.931 E67.0191
G0 F7200 X116.325 Y116.131
G0 X116.286 Y116.13
G1 F1500 E60.5191
G0 F7200 X116.225 Y116.13
G0 X116.314 Y113.37
G1 F1500 E67.0191
G0 F7200 X116.325 Y112.931
G1 F1800 X116.324 Y113.386 E67.0248
G1 X115.886 Y113.173 E67.03091
G1 X115.886 Y112.718 E67.03662
G1 X116.325 Y112.931 E67.04274
G0 F7200 X116.325 Y113.131
G0 X116.286 Y113.13
G0 X116.225 Y113.13
G0 X116.315 Y110.37
G0 X116.325 Y109.931
G1 F1800 X116.325 Y110.386 E67.04844
G1 X115.886 Y110.173 E67.05456
G1 X115.886 Y109.718 E67.06027
G1 X116.325 Y109.931 E67.06638
G0 F7200 X116.325 Y110.131
G0 X116.286 Y110.131
G0 X116.225 Y110.131
G0 X118.811 Y110.1
G0 X120.024 Y110.106
G0 X120.114 Y110.173
G1 F1800 X119.676 Y110.386 E67.07249
G1 X119.675 Y109.931 E67.0782
G1 X120.114 Y109.718 E67.08432
G1 X120.114 Y110.173 E67.09002
G0 F7200 X119.935 Y110.26
G0 X119.931 Y110.252
G1 F1500 E60.59002
G0 F7200 X119.893 Y110.17
G0 X120.104 Y112.734
G1 F1500 E67.09002
G0 F7200 X120.114 Y113.173
G1 F1800 X119.676 Y113.386 E67.09613
G1 X119.675 Y112.931 E67.10184
G1 X120.114 Y112.718 E67.10796
G1 X120.114 Y113.173 E67.11366
G0 F7200 X119.935 Y113.26
G0 X119.931 Y113.252
G0 X119.893 Y113.17
G0 X120.104 Y115.733
G0 X120.115 Y116.172
G1 F1800 X119.675 Y116.386 E67.1198
G1 X119.675 Y115.931 E67.1255
G1 X120.114 Y115.717 E67.13163
G1 X120.115 Y116.172 E67.13733
G0 F7200 X119.936 Y116.259
G0 X119.932 Y116.25
G1 F1500 E60.63733
G0 F7200 X119.895 Y116.169
G0 X120.104 Y118.733
G1 F1500 E67.13733
G0 F7200 X120.115 Y119.172
G1 F1800 X119.675 Y119.386 E67.14347
G1 X119.675 Y118.931 E67.14918
G1 X120.114 Y118.717 E67.1553
G1 X120.115 Y119.172 E67.16101
G0 F7200 X119.936 Y119.259
G0 X119.932 Y119.25
G0 X119.895 Y119.169
G0 X120.979 Y118.991
G0 X123.02 Y118.992
G0 X124.225 Y118.983
G0 X124.325 Y118.931
G1 F1800 X124.324 Y119.386 E67.16671
G1 X123.885 Y119.172 E67.17284
G1 X123.885 Y118.717 E67.17854
G1 X124.325 Y118.931 E67.18468
G0 F7200 X124.325 Y119.131
G0 X124.285 Y119.13
G1 F1500 E60.68468
G0 F7200 X124.225 Y119.13
G0 X124.315 Y116.37
G1 F1500 E67.18468
G0 F7200 X124.325 Y115.931
G1 F1800 X124.325 Y116.386 E67.19038
G1 X123.885 Y116.172 E67.19652
G1 X123.885 Y115.717 E67.20223
G1 X124.325 Y115.931 E67.20836
G0 F7200 X124.325 Y116.131
G0 X124.285 Y116.131
G0 X124.225 Y116.131
G0 X124.314 Y113.37
G0 X124.325 Y112.931
G1 F1800 X124.324 Y113.386 E67.21407
G1 X123.885 Y113.172 E67.22019
G1 X123.886 Y112.717 E67.2259
G1 X124.325 Y112.931 E67.23202
G0 F7200 X124.325 Y113.131
G0 X124.285 Y113.13
G1 F1500 E60.73202
G0 F7200 X124.225 Y113.13
G0 X124.315 Y110.37
G1 F1500 E67.23202
G0 F7200 X124.325 Y109.931
G1 F1800 X124.325 Y110.386 E67.23773
G1 X123.885 Y110.172 E67.24386
G1 X123.886 Y109.717 E67.24957
G1 X124.325 Y109.931 E67.25569
G0 F7200 X124.325 Y110.131
G0 X124.285 Y110.131
G0 X124.225 Y110.131
G0 X126.81 Y110.119
G0 X128.014 Y110.119
G0 X128.115 Y110.172
G1 F1800 X127.675 Y110.386 E67.26183
G1 X127.675 Y109.931 E67.26754
G1 X128.114 Y109.717 E67.27366
G1 X128.115 Y110.172 E67.27937
G0 F7200 X127.936 Y110.259
G0 X127.932 Y110.25
G1 F1500 E60.77937
G0 F7200 X127.895 Y110.169
G0 X128.104 Y112.733
G1 F1500 E67.27937
G0 F7200 X128.115 Y113.172
G1 F1800 X127.675 Y113.386 E67.2855
G1 X127.676 Y112.93 E67.29122
G1 X128.114 Y112.717 E67.29733
G1 X128.115 Y113.172 E67.30303
G0 F7200 X127.936 Y113.259
G0 X127.931 Y113.25
G0 X127.894 Y113.169
G0 X128.104 Y115.733
G0 X128.115 Y116.172
G1 F1800 X127.675 Y116.386 E67.30917
G1 X127.676 Y115.93 E67.31489
G1 X128.114 Y115.717 E67.321
G1 X128.115 Y116.172 E67.3267
G0 F7200 X127.936 Y116.259
G0 X127.931 Y116.25
G1 F1500 E60.8267
G0 F7200 X127.894 Y116.169
G0 X128.104 Y118.733
G1 F1500 E67.3267
G0 F7200 X128.115 Y119.172
G1 F1800 X127.675 Y119.386 E67.33284
G1 X127.675 Y118.931 E67.33854
G1 X128.114 Y118.717 E67.34467
G1 X128.115 Y119.172 E67.35037
G0 F7200 X127.936 Y119.259
G0 X127.932 Y119.25
G0 X127.895 Y119.169
G0 X128.979 Y118.991
G0 X131.02 Y118.992
G0 X132.225 Y118.983
G0 X132.325 Y118.931
G1 F1800 X132.324 Y119.386 E67.35608
G1 X131.885 Y119.172 E67.3622
G1 X131.885 Y118.717 E67.36791
G1 X132.325 Y118.931 E67.37405
G0 F7200 X132.325 Y119.131
G0 X132.285 Y119.13
G0 X132.225 Y119.13
G0 X132.315 Y116.37
G0 X132.325 Y115.931
G1 F1800 X132.325 Y116.386 E67.37975
G1 X131.885 Y116.172 E67.38589
G1 X131.885 Y115.717 E67.39159
G1 X132.325 Y115.931 E67.39773
G0 F7200 X132.325 Y116.131
G0 X132.285 Y116.131
G1 F1500 E60.89773
G0 F7200 X132.225 Y116.131
G0 X132.314 Y113.37
G1 F1500 E67.39773
G0 F7200 X132.325 Y112.931
G1 F1800 X132.324 Y113.386 E67.40343
G1 X131.885 Y113.172 E67.40956
G1 X131.886 Y112.717 E67.41527
G1 X132.325 Y112.931 E67.42139
G0 F7200 X132.325 Y113.131
G0 X132.285 Y113.13
G0 X132.225 Y113.13
G0 X132.315 Y110.37
G0 X132.325 Y109.931
G1 F1800 X132.325 Y110.386 E67.4271
G1 X131.885 Y110.172 E67.43323
G1 X131.886 Y109.717 E67.43894
G1 X132.325 Y109.931 E67.44506
G0 F7200 X132.325 Y110.131
G0 X132.285 Y110.131
G1 F1500 E60.94506
;MESH:NONMESH
G0 F600 X132.285 Y110.131 Z16
G0 F7200 X132.225 Y110.131
G0 X131.02 Y110.162
G0 X126.829 Y111.738
G0 X125.171 Y111.738
G0 X120.972 Y110.71
G0 X118.831 Y111.736
G0 X117.171 Y111.738
G0 X112.979 Y110.161
G0 X111.864 Y110.184
G1 F1500 E67.44506
G0 F7200 X111.905 Y110.274
;TIME_ELAPSED:811.007499
;LAYER:79
;TYPE:WALL-OUTER
;MESH:output_v2\A_fina_suporte.stl
G1 F1800 X111.466 Y110.486 E67.45118
G1 X111.465 Y110.032 E67.45687
G1 X111.904 Y109.819 E67.46299
G1 X111.905 Y110.274 E67.46869
G0 F7200 X111.725 Y110.361
G0 X111.721 Y110.353
G1 F1500 E60.96869
G0 F7200 X111.682 Y110.27
G0 X111.894 Y112.835
G1 F1500 E67.46869
G0 F7200 X111.905 Y113.274
G1 F1800 X111.466 Y113.486 E67.47481
G1 X111.465 Y113.032 E67.4805
G1 X111.904 Y112.819 E67.48662
G1 X111.905 Y113.274 E67.49233
G0 F7200 X111.725 Y113.361
G0 X111.721 Y113.353
G0 X111.682 Y113.27
G0 X111.894 Y115.835
G0 X111.905 Y116.274
G1 F1800 X111.466 Y116.486 E67.49844
G1 X111.465 Y116.032 E67.50413
G1 X111.904 Y115.819 E67.51025
G1 X111.905 Y116.274 E67.51596
G0 F7200 X111.725 Y116.361
G0 X111.721 Y116.353
G0 X111.682 Y116.27
G0 X111.894 Y118.835
G0 X111.905 Y119.274
G1 F1800 X111.466 Y119.486 E67.52207
G1 X111.465 Y119.032 E67.52776
G1 X111.904 Y118.819 E67.53388
G1 X111.905 Y119.274 E67.53959
G0 F7200 X111.725 Y119.361
G0 X111.721 Y119.353
G1 F1500 E61.03959
G0 F7200 X111.682 Y119.27
G0 X109.59 Y119.47
G1 F1500 E67.53959
G0 F7200 X109.61 Y119.9
G1 F1800 X109.196 Y119.9 E67.54478
G1 X109.197 Y119.4 E67.55105
G1 X109.61 Y119.4 E67.55623
G1 X109.61 Y119.9 E67.5625
G0 F7200 X109.41 Y119.9
G0 X109.41 Y119.8
G0 X110.475 Y119.414
G0 X110.62 Y120.751
G0 X115.231 Y119.265
G0 X116.434 Y119.084
G0 X116.534 Y119.032
G1 F1800 X116.535 Y119.488 E67.56822
G1 X116.096 Y119.275 E67.57434
G1 X116.096 Y118.819 E67.58006
G1 X116.534 Y119.032 E67.58616
G0 F7200 X116.534 Y119.232
G0 X116.496 Y119.231
G1 F1500 E61.08616
G0 F7200 X116.434 Y119.23
G0 X116.525 Y116.472
G1 F1500 E67.58616
G0 F7200 X116.534 Y116.032
G1 F1800 X116.535 Y116.488 E67.59188
G1 X116.096 Y116.275 E67.598
G1 X116.096 Y115.819 E67.60372
G1 X116.534 Y116.032 E67.60983
G0 F7200 X116.534 Y116.232
G0 X116.496 Y116.231
G0 X116.434 Y116.23
G0 X116.525 Y113.472
G0 X116.534 Y113.032
G1 F1800 X116.535 Y113.488 E67.61555
G1 X116.096 Y113.275 E67.62166
G1 X116.096 Y112.819 E67.62738
G1 X116.534 Y113.032 E67.63349
G0 F7200 X116.534 Y113.232
G0 X116.496 Y113.231
G0 X116.434 Y113.23
G0 X116.525 Y110.472
G0 X116.534 Y110.032
G1 F1800 X116.535 Y110.488 E67.63921
G1 X116.096 Y110.275 E67.64533
G1 X116.096 Y109.819 E67.65105
G1 X116.534 Y110.032 E67.65715
G0 F7200 X116.534 Y110.232
G0 X116.496 Y110.231
G1 F1500 E61.15715
G0 F7200 X116.434 Y110.23
G0 X118.601 Y110.209
G0 X119.814 Y110.207
G1 F1500 E67.65715
G0 F7200 X119.904 Y110.275
G1 F1800 X119.466 Y110.487 E67.66326
G1 X119.465 Y110.032 E67.66896
G1 X119.904 Y109.819 E67.67508
G1 X119.904 Y110.275 E67.6808
G0 F7200 X119.724 Y110.362
G0 X119.72 Y110.353
G0 X119.682 Y110.271
G0 X119.894 Y112.835
G0 X119.904 Y113.275
G1 F1800 X119.466 Y113.487 E67.6869
G1 X119.465 Y113.032 E67.69261
G1 X119.904 Y112.819 E67.69873
G1 X119.904 Y113.275 E67.70445
G0 F7200 X119.724 Y113.362
G0 X119.72 Y113.353
G1 F1500 E61.20445
G0 F7200 X119.682 Y113.271
G0 X119.894 Y115.835
G1 F1500 E67.70445
G0 F7200 X119.905 Y116.274
G1 F1800 X119.466 Y116.486 E67.71056
G1 X119.465 Y116.032 E67.71625
G1 X119.904 Y115.819 E67.72237
G1 X119.905 Y116.274 E67.72808
G0 F7200 X119.725 Y116.361
G0 X119.721 Y116.353
G0 X119.682 Y116.27
G0 X119.894 Y118.835
G0 X119.905 Y119.274
G1 F1800 X119.466 Y119.486 E67.73419
G1 X119.465 Y119.032 E67.73988
G1 X119.904 Y118.819 E67.746
G1 X119.905 Y119.274 E67.75171
G0 F7200 X119.725 Y119.361
G0 X119.721 Y119.353
G1 F1500 E61.25171
G0 F7200 X119.682 Y119.27
G0 X120.769 Y119.092
G0 X123.231 Y119.085
G0 X124.434 Y119.084
G1 F1500 E67.75171
G0 F7200 X124.534 Y119.032
G1 F1800 X124.535 Y119.488 E67.75743
G1 X124.096 Y119.275 E67.76355
G1 X124.095 Y118.819 E67.76926
G1 X124.534 Y119.032 E67.77538
G0 F7200 X124.534 Y119.232
G0 X124.496 Y119.232
G0 X124.434 Y119.231
G0 X124.525 Y116.472
G0 X124.534 Y116.032
G1 F1800 X124.535 Y116.488 E67.7811
G1 X124.096 Y116.275 E67.78722
G1 X124.095 Y115.819 E67.79294
G1 X124.534 Y116.032 E67.79906
G0 F7200 X124.534 Y116.232
G0 X124.496 Y116.232
G0 X124.434 Y116.231
G0 X124.525 Y113.472
G0 X124.534 Y113.032
G1 F1800 X124.535 Y113.488 E67.80478
G1 X124.096 Y113.275 E67.8109
G1 X124.096 Y112.819 E67.81661
G1 X124.534 Y113.032 E67.82272
G0 F7200 X124.534 Y113.232
G0 X124.496 Y113.231
G1 F1500 E61.32272
G0 F7200 X124.434 Y113.23
G0 X124.525 Y110.472
G1 F1500 E67.82272
G0 F7200 X124.534 Y110.032
G1 F1800 X124.535 Y110.488 E67.82844
G1 X124.096 Y110.275 E67.83456
G1 X124.096 Y109.819 E67.84028
G1 X124.534 Y110.032 E67.84639
G0 F7200 X124.534 Y110.232
G0 X124.496 Y110.231
G0 X124.434 Y110.23
G0 X126.601 Y110.222
G0 X127.804 Y110.22
G0 X127.905 Y110.274
G1 F1800 X127.466 Y110.486 E67.8525
G1 X127.465 Y110.032 E67.85819
G1 X127.904 Y109.819 E67.86431
G1 X127.905 Y110.274 E67.87002
G0 F7200 X127.725 Y110.361
G0 X127.721 Y110.353
G1 F1500 E61.37002
G0 F7200 X127.682 Y110.27
G0 X127.894 Y112.835
G1 F1500 E67.87002
G0 F7200 X127.905 Y113.274
G1 F1800 X127.466 Y113.486 E67.87613
G1 X127.465 Y113.032 E67.88182
G1 X127.904 Y112.819 E67.88794
G1 X127.905 Y113.274 E67.89365
G0 F7200 X127.725 Y113.361
G0 X127.721 Y113.353
G0 X127.682 Y113.27
G0 X127.894 Y115.835
G0 X127.905 Y116.274
G1 F1800 X127.466 Y116.486 E67.89976
G1 X127.465 Y116.032 E67.90546
G1 X127.904 Y115.819 E67.91158
G1 X127.905 Y116.274 E67.91728
G0 F7200 X127.725 Y116.361
G0 X127.721 Y116.353
G0 X127.682 Y116.27
G0 X127.894 Y118.835
G0 X127.905 Y119.274
G1 F1800 X127.466 Y119.486 E67.92339
G1 X127.465 Y119.032 E67.92909
G1 X127.904 Y118.819 E67.93521
G1 X127.905 Y119.274 E67.94091
G0 F7200 X127.725 Y119.361
G0 X127.721 Y119.353
G1 F1500 E61.44091
G0 F7200 X127.682 Y119.27
G0 X128.769 Y119.092
G0 X131.231 Y119.085
G0 X132.434 Y119.084
G1 F1500 E67.94091
G0 F7200 X132.534 Y119.032
G1 F1800 X132.535 Y119.488 E67.94663
G1 X132.096 Y119.275 E67.95275
G1 X132.095 Y118.819 E67.95847
G1 X132.534 Y119.032 E67.96459
G0 F7200 X132.534 Y119.232
G0 X132.496 Y119.232
G1 F1500 E61.46459
G0 F7200 X132.434 Y119.231
G0 X132.525 Y116.472
G1 F1500 E67.96459
G0 F7200 X132.534 Y116.032
G1 F1800 X132.535 Y116.488 E67.97031
G1 X132.096 Y116.275 E67.97643
G1 X132.095 Y115.819 E67.98214
G1 X132.534 Y116.032 E67.98826
G0 F7200 X132.534 Y116.232
G0 X132.496 Y116.232
G1 F1500 E61.48826
G0 F7200 X132.434 Y116.231
G0 X132.525 Y113.472
G1 F1500 E67.98826
G0 F7200 X132.534 Y113.032
G1 F1800 X132.535 Y113.488 E67.99398
G1 X132.096 Y113.275 E68.0001
G1 X132.096 Y112.819 E68.00582
G1 X132.534 Y113.032 E68.01193
G0 F7200 X132.534 Y113.232
G0 X132.496 Y113.231
G1 F1500 E61.51193
G0 F7200 X132.434 Y113.23
G0 X132.525 Y110.472
G1 F1500 E68.01193
G0 F7200 X132.534 Y110.032
G1 F1800 X132.535 Y110.488 E68.01764
G1 X132.096 Y110.275 E68.02376
G1 X132.096 Y109.819 E68.02948
G1 X132.534 Y110.032 E68.03559
G0 F7200 X132.534 Y110.232
G0 X132.496 Y110.231
G1 F1500 E61.53559
;MESH:NONMESH
G0 F600 X132.496 Y110.231 Z16.2
G0 F7200 X132.434 Y110.23
G0 X131.231 Y110.091
G0 X126.62 Y111.751
G0 X125.383 Y111.761
G0 X120.762 Y110.813
G0 X119.555 Y111.403
G0 X117.383 Y111.761
G0 X112.769 Y110.263
G0 X111.573 Y110.091
G1 F1500 E68.03559
G0 F7200 X111.38 Y110.074
;TIME_ELAPSED:821.794852
;LAYER:80
;TYPE:WALL-OUTER
;MESH:output_v2\A_fina_suporte.stl
G1 F1800 X111.694 Y109.921 E68.03997
G1 X111.695 Y110.376 E68.04568
G1 X111.256 Y110.589 E68.05179
G1 X111.255 Y110.122 E68.05765
G1 X111.38 Y110.074 E68.05933
G0 F7200 X111.559 Y109.987
G0 X111.294 Y110.346
G1 F1500 E61.55933
G0 F7200 X111.356 Y110.347
G0 X111.684 Y112.937
G1 F1500 E68.05933
G0 F7200 X111.38 Y113.074
G1 F1800 X111.694 Y112.921 E68.06371
G1 X111.695 Y113.376 E68.06942
G1 X111.256 Y113.589 E68.07554
G1 X111.255 Y113.122 E68.08139
G1 X111.38 Y113.074 E68.08307
G0 F7200 X111.559 Y112.987
G0 X111.294 Y113.346
G1 F1500 E61.58307
G0 F7200 X111.356 Y113.347
G0 X111.684 Y115.937
G1 F1500 E68.08307
G0 F7200 X111.38 Y116.074
G1 F1800 X111.694 Y115.921 E68.08745
G1 X111.695 Y116.376 E68.09316
G1 X111.256 Y116.589 E68.09928
G1 X111.255 Y116.122 E68.10513
G1 X111.38 Y116.074 E68.10681
G0 F7200 X111.559 Y115.987
G0 X111.294 Y116.346
G1 F1500 E61.60681
G0 F7200 X111.356 Y116.347
G0 X111.684 Y118.937
G1 F1500 E68.10681
G0 F7200 X111.38 Y119.074
G1 F1800 X111.694 Y118.921 E68.11119
G1 X111.695 Y119.376 E68.1169
G1 X111.256 Y119.589 E68.12302
G1 X111.255 Y119.122 E68.12887
G1 X111.38 Y119.074 E68.13055
G0 F7200 X111.559 Y118.987
G0 X111.294 Y119.346
G1 F1500 E61.63055
G0 F7200 X111.356 Y119.347
G0 X109.628 Y119.573
G1 F1500 E68.13055
G0 F7200 X109.648 Y119.9
G1 F1800 X109.231 Y119.9 E68.13578
G1 X109.232 Y119.4 E68.14205
G1 X109.648 Y119.4 E68.14727
G1 X109.648 Y119.9 E68.15354
G0 F7200 X109.448 Y119.9
G0 X109.448 Y119.8
G1 F1500 E61.65354
G0 F7200 X109.634 Y118.535
G0 X112.539 Y117.572
G0 X115.441 Y119.367
G0 X116.581 Y119.165
G1 F1500 E68.15354
G0 F7200 X116.62 Y119.074
G1 F1800 X116.744 Y119.122 E68.15521
G1 X116.745 Y119.589 E68.16106
G1 X116.306 Y119.377 E68.16464
G1 X116.306 Y118.921 E68.17015
G1 X116.62 Y119.074 E68.17192
G0 F7200 X116.744 Y119.122
G0 X116.744 Y119.19
G0 X116.706 Y119.189
G1 F1500 E61.67192
G0 F7200 X116.643 Y119.189
G0 X119.271 Y119.133
G1 F1500 E68.17192
G0 F7200 X119.38 Y119.074
G1 F1800 X119.694 Y118.921 E68.1763
G1 X119.695 Y119.376 E68.182
G1 X119.256 Y119.589 E68.18812
G1 X119.255 Y119.122 E68.19398
G1 X119.38 Y119.074 E68.19566
G0 F7200 X119.559 Y118.987
G0 X119.294 Y119.346
G1 F1500 E61.69566
G0 F7200 X119.356 Y119.347
G0 X119.266 Y116.573
G1 F1500 E68.19566
G0 F7200 X119.38 Y116.074
G1 F1800 X119.694 Y115.921 E68.20004
G1 X119.695 Y116.376 E68.20574
G1 X119.256 Y116.589 E68.21186
G1 X119.255 Y116.122 E68.21772
G1 X119.38 Y116.074 E68.2194
G0 F7200 X119.559 Y115.987
G0 X119.294 Y116.346
G1 F1500 E61.7194
G0 F7200 X119.356 Y116.347
G0 X116.744 Y116.138
G1 F1500 E68.2194
G0 F7200 X116.62 Y116.074
G1 F1800 X116.744 Y116.122 E68.22107
G1 X116.745 Y116.589 E68.22692
G1 X116.306 Y116.377 E68.2305
G1 X116.306 Y115.921 E68.23601
G1 X116.62 Y116.074 E68.23778
G0 F7200 X116.744 Y116.122
G0 X116.744 Y116.19
G0 X116.706 Y116.189
G1 F1500 E61.73778
G0 F7200 X116.643 Y116.189
G0 X116.735 Y113.573
G1 F1500 E68.23778
G0 F7200 X116.62 Y113.074
G1 F1800 X116.744 Y113.122 E68.23944
G1 X116.745 Y113.589 E68.2453
G1 X116.306 Y113.377 E68.24887
G1 X116.306 Y112.921 E68.25439
G1 X116.62 Y113.074 E68.25615
G0 F7200 X116.744 Y113.122
G0 X116.744 Y113.19
G0 X116.706 Y113.189
G0 X116.643 Y113.189
G0 X119.271 Y113.133
G0 X119.38 Y113.074
G1 F1800 X119.694 Y112.921 E68.26053
G1 X119.694 Y113.377 E68.26625
G1 X119.256 Y113.589 E68.27236
G1 X119.255 Y113.122 E68.27821
G1 X119.38 Y113.074 E68.27989
G0 F7200 X119.559 Y112.987
G0 X119.294 Y113.346
G1 F1500 E61.77989
G0 F7200 X119.356 Y113.347
G0 X119.266 Y110.573
G1 F1500 E68.27989
G0 F7200 X119.38 Y110.074
G1 F1800 X119.694 Y109.921 E68.28427
G1 X119.694 Y110.377 E68.28999
G1 X119.256 Y110.589 E68.29609
G1 X119.255 Y110.122 E68.30195
G1 X119.38 Y110.074 E68.30363
G0 F7200 X119.559 Y109.987
G0 X119.294 Y110.346
G1 F1500 E61.80363
G0 F7200 X119.356 Y110.347
G0 X116.744 Y110.138
G1 F1500 E68.30363
G0 F7200 X116.62 Y110.074
G1 F1800 X116.744 Y110.122 E68.30529
G1 X116.745 Y110.589 E68.31115
G1 X116.306 Y110.377 E68.31473
G1 X116.306 Y109.921 E68.32024
G1 X116.62 Y110.074 E68.32201
G0 F7200 X116.744 Y110.122
G0 X116.744 Y110.19
G0 X116.706 Y110.189
G1 F1500 E61.82201
G0 F7200 X116.643 Y110.189
G0 X118.397 Y109.535
G0 X120.54 Y108.571
G0 X123.441 Y110.181
G0 X124.581 Y110.165
G1 F1500 E68.32201
G0 F7200 X124.62 Y110.074
G1 F1800 X124.744 Y110.122 E68.32367
G1 X124.745 Y110.589 E68.32953
G1 X124.306 Y110.377 E68.3331
G1 X124.306 Y109.921 E68.33862
G1 X124.62 Y110.074 E68.34038
G0 F7200 X124.744 Y110.122
G0 X124.744 Y110.19
G0 X124.706 Y110.189
G1 F1500 E61.84038
G0 F7200 X124.643 Y110.189
G0 X127.271 Y110.133
G1 F1500 E68.34038
G0 F7200 X127.38 Y110.074
G1 F1800 X127.694 Y109.921 E68.34476
G1 X127.695 Y110.376 E68.35047
G1 X127.256 Y110.589 E68.35659
G1 X127.255 Y110.122 E68.36245
G1 X127.38 Y110.074 E68.36412
G0 F7200 X127.559 Y109.987
G0 X127.294 Y110.346
G1 F1500 E61.86412
G0 F7200 X127.356 Y110.347
G0 X127.684 Y112.937
G1 F1500 E68.36412
G0 F7200 X127.38 Y113.074
G1 F1800 X127.694 Y112.921 E68.3685
G1 X127.695 Y113.376 E68.37421
G1 X127.256 Y113.589 E68.38033
G1 X127.255 Y113.122 E68.38619
G1 X127.38 Y113.074 E68.38787
G0 F7200 X127.559 Y112.987
G0 X127.294 Y113.346
G1 F1500 E61.88787
G0 F7200 X127.356 Y113.347
G0 X124.744 Y113.138
G1 F1500 E68.38787
G0 F7200 X124.62 Y113.074
G1 F1800 X124.744 Y113.122 E68.38953
G1 X124.745 Y113.589 E68.39539
G1 X124.306 Y113.377 E68.39896
G1 X124.306 Y112.921 E68.40447
G1 X124.62 Y113.074 E68.40624
G0 F7200 X124.744 Y113.122
G0 X124.744 Y113.19
G0 X124.706 Y113.189
G1 F1500 E61.90624
G0 F7200 X124.643 Y113.189
G0 X124.315 Y115.937
G1 F1500 E68.40624
G0 F7200 X124.62 Y116.074
G1 F1800 X124.744 Y116.122 E68.40791
G1 X124.745 Y116.589 E68.41377
G1 X124.306 Y116.377 E68.41734
G1 X124.305 Y115.921 E68.42286
G1 X124.62 Y116.074 E68.42463
G0 F7200 X124.744 Y116.122
G0 X124.744 Y116.19
G0 X124.706 Y116.19
G0 X124.643 Y116.19
G0 X127.271 Y116.133
G0 X127.38 Y116.074
G1 F1800 X127.694 Y115.921 E68.42901
G1 X127.695 Y116.376 E68.43472
G1 X127.256 Y116.589 E68.44084
G1 X127.255 Y116.122 E68.4467
G1 X127.38 Y116.074 E68.44837
G0 F7200 X127.559 Y115.987
G0 X127.294 Y116.346
G1 F1500 E61.94837
G0 F7200 X127.356 Y116.347
G0 X127.684 Y118.937
G1 F1500 E68.44837
G0 F7200 X127.38 Y119.074
G1 F1800 X127.694 Y118.921 E68.45275
G1 X127.695 Y119.376 E68.45846
G1 X127.256 Y119.589 E68.46458
G1 X127.255 Y119.122 E68.47044
G1 X127.38 Y119.074 E68.47212
G0 F7200 X127.559 Y118.987
G0 X127.294 Y119.346
G1 F1500 E61.97212
G0 F7200 X127.356 Y119.347
G0 X124.744 Y119.165
G1 F1500 E68.47212
G0 F7200 X124.62 Y119.074
G1 F1800 X124.744 Y119.122 E68.47378
G1 X124.745 Y119.589 E68.47964
G1 X124.306 Y119.377 E68.48321
G1 X124.305 Y118.921 E68.48873
G1 X124.62 Y119.074 E68.49051
G0 F7200 X124.744 Y119.122
G0 X124.744 Y119.19
G0 X124.706 Y119.19
G1 F1500 E61.99051
G0 F7200 X124.643 Y119.19
G0 X126.397 Y118.535
G0 X128.539 Y117.572
G0 X131.441 Y119.166
G0 X132.581 Y119.165
G1 F1500 E68.49051
G0 F7200 X132.62 Y119.074
G1 F1800 X132.744 Y119.122 E68.49217
G1 X132.745 Y119.589 E68.49803
G1 X132.306 Y119.377 E68.5016
G1 X132.305 Y118.921 E68.50712
G1 X132.62 Y119.074 E68.5089
G0 F7200 X132.744 Y119.122
G0 X132.744 Y119.19
G0 X132.706 Y119.19
G0 X132.643 Y119.19
G0 X132.735 Y116.573
G0 X132.62 Y116.074
G1 F1800 X132.744 Y116.122 E68.51056
G1 X132.745 Y116.589 E68.51642
G1 X132.306 Y116.377 E68.51999
G1 X132.305 Y115.921 E68.52551
G1 X132.62 Y116.074 E68.52729
G0 F7200 X132.744 Y116.122
G0 X132.744 Y116.19
G0 X132.706 Y116.19
G1 F1500 E62.02729
G0 F7200 X132.643 Y116.19
G0 X132.735 Y113.573
G1 F1500 E68.52729
G0 F7200 X132.62 Y113.074
G1 F1800 X132.744 Y113.122 E68.52895
G1 X132.745 Y113.589 E68.53481
G1 X132.306 Y113.377 E68.53839
G1 X132.306 Y112.921 E68.5439
G1 X132.62 Y113.074 E68.54566
G0 F7200 X132.744 Y113.122
G0 X132.744 Y113.19
G0 X132.706 Y113.189
G0 X132.643 Y113.189
G0 X132.735 Y110.573
G0 X132.62 Y110.074
G1 F1800 X132.744 Y110.122 E68.54733
G1 X132.745 Y110.589 E68.55319
G1 X132.306 Y110.377 E68.55676
G1 X132.306 Y109.921 E68.56227
G1 X132.62 Y110.074 E68.56404
G0 F7200 X132.744 Y110.122
G0 X132.744 Y110.19
G0 X132.706 Y110.189
;MESH:NONMESH
G0 F600 X132.706 Y110.189 Z16.4
G0 F7200 X132.643 Y110.189
G0 X131.441 Y110.165
G0 X128.539 Y108.572
G0 X115.46 Y108.571
G0 X112.559 Y110.209
G0 X111.419 Y110.165
G0 X111.38 Y110.074
;TIME_ELAPSED:836.616709
;LAYER:81
;TYPE:WALL-OUTER
;MESH:output_v2\A_fina_suporte.stl
G1 F1800 X111.484 Y110.023 E68.5655
G1 X111.485 Y110.478 E68.5712
G1 X111.225 Y110.604 E68.57482
G1 X111.046 Y110.673 E68.57723
G1 X111.045 Y110.202 E68.58314
G1 X111.38 Y110.074 E68.58763
G0 F7200 X111.484 Y110.023
G0 X111.484 Y110.108
G0 X111.253 Y110.551
G1 F1500 E62.08763
G0 F7200 X111.226 Y110.492
G0 X111.474 Y113.04
G1 F1500 E68.58763
G0 F7200 X111.38 Y113.074
G1 F1800 X111.484 Y113.023 E68.58909
G1 X111.485 Y113.478 E68.59479
G1 X111.225 Y113.604 E68.59842
G1 X111.046 Y113.673 E68.60082
G1 X111.045 Y113.202 E68.60673
G1 X111.38 Y113.074 E68.61123
G0 F7200 X111.484 Y113.023
G0 X111.484 Y113.108
G0 X111.253 Y113.551
G0 X111.226 Y113.492
G0 X111.474 Y116.04
G0 X111.38 Y116.074
G1 F1800 X111.484 Y116.023 E68.61268
G1 X111.485 Y116.478 E68.61838
G1 X111.225 Y116.604 E68.62201
G1 X111.046 Y116.673 E68.62441
G1 X111.045 Y116.202 E68.63032
G1 X111.38 Y116.074 E68.63482
G0 F7200 X111.484 Y116.023
G0 X111.484 Y116.108
G0 X111.253 Y116.551
G0 X111.226 Y116.492
G0 X111.474 Y119.04
G0 X111.38 Y119.074
G1 F1800 X111.484 Y119.023 E68.63627
G1 X111.485 Y119.478 E68.64197
G1 X111.225 Y119.604 E68.6456
G1 X111.046 Y119.673 E68.648
G1 X111.045 Y119.202 E68.65391
G1 X111.38 Y119.074 E68.65841
G0 F7200 X111.484 Y119.023
G0 X111.484 Y119.108
G0 X111.253 Y119.551
G0 X111.226 Y119.492
G0 X109.682 Y119.657
G0 X109.702 Y119.9
G1 F1800 X109.276 Y119.9 E68.66375
G1 X109.277 Y119.4 E68.67002
G1 X109.702 Y119.4 E68.67535
G1 X109.702 Y119.9 E68.68162
G0 F7200 X109.502 Y119.9
G0 X109.502 Y119.8
G0 X110.24 Y118.536
G0 X112.329 Y117.674
G0 X115.651 Y119.414
G0 X116.62 Y119.074
G1 F1800 X116.954 Y119.202 E68.68611
G1 X116.955 Y119.673 E68.69201
G1 X116.775 Y119.604 E68.69443
G1 X116.516 Y119.479 E68.69804
G1 X116.516 Y119.023 E68.70375
G1 X116.62 Y119.074 E68.70521
G0 F7200 X116.807 Y119.145
G0 X116.825 Y119.185
G1 F1500 E62.20521
G0 F7200 X116.8 Y119.249
G0 X119.061 Y119.213
G1 F1500 E68.70521
G0 F7200 X119.38 Y119.074
G1 F1800 X119.484 Y119.023 E68.70666
G1 X119.485 Y119.478 E68.71237
G1 X119.225 Y119.604 E68.71599
G1 X119.046 Y119.673 E68.71839
G1 X119.045 Y119.202 E68.7243
G1 X119.38 Y119.074 E68.7288
G0 F7200 X119.484 Y119.023
G0 X119.484 Y119.108
G0 X119.253 Y119.551
G0 X119.226 Y119.492
G0 X119.057 Y116.657
G0 X119.38 Y116.074
G1 F1800 X119.484 Y116.023 E68.73025
G1 X119.485 Y116.478 E68.73596
G1 X119.225 Y116.604 E68.73958
G1 X119.046 Y116.673 E68.74199
G1 X119.045 Y116.202 E68.74789
G1 X119.38 Y116.074 E68.75239
G0 F7200 X119.484 Y116.023
G0 X119.484 Y116.108
G0 X119.253 Y116.551
G0 X119.226 Y116.492
G0 X116.938 Y116.213
G0 X116.62 Y116.074
G1 F1800 X116.954 Y116.202 E68.75687
G1 X116.955 Y116.673 E68.76278
G1 X116.775 Y116.604 E68.7652
G1 X116.516 Y116.479 E68.76881
G1 X116.516 Y116.023 E68.77452
G1 X116.62 Y116.074 E68.77598
G0 F7200 X116.807 Y116.145
G0 X116.825 Y116.185
G1 F1500 E62.27598
G0 F7200 X116.8 Y116.249
G0 X116.944 Y113.657
G1 F1500 E68.77598
G0 F7200 X116.62 Y113.074
G1 F1800 X116.954 Y113.202 E68.78046
G1 X116.955 Y113.673 E68.78637
G1 X116.775 Y113.604 E68.78879
G1 X116.516 Y113.479 E68.79239
G1 X116.516 Y113.023 E68.79811
G1 X116.62 Y113.074 E68.79956
G0 F7200 X116.807 Y113.145
G0 X116.825 Y113.185
G0 X116.8 Y113.249
G0 X119.061 Y113.213
G0 X119.38 Y113.074
G1 F1800 X119.484 Y113.023 E68.80102
G1 X119.484 Y113.479 E68.80673
G1 X119.225 Y113.604 E68.81034
G1 X119.046 Y113.673 E68.81275
G1 X119.045 Y113.202 E68.81865
G1 X119.38 Y113.074 E68.82315
G0 F7200 X119.484 Y113.023
G0 X119.484 Y113.108
G0 X119.253 Y113.552
G1 F1500 E62.32315
G0 F7200 X119.227 Y113.492
G0 X119.057 Y110.657
G1 F1500 E68.82315
G0 F7200 X119.38 Y110.074
G1 F1800 X119.484 Y110.023 E68.8246
G1 X119.484 Y110.479 E68.83032
G1 X119.225 Y110.604 E68.83393
G1 X119.046 Y110.673 E68.83633
G1 X119.045 Y110.202 E68.84224
G1 X119.38 Y110.074 E68.84674
G0 F7200 X119.484 Y110.023
G0 X119.484 Y110.108
G0 X119.253 Y110.552
G0 X119.227 Y110.492
G0 X116.938 Y110.213
G0 X116.62 Y110.074
G1 F1800 X116.954 Y110.202 E68.85122
G1 X116.955 Y110.673 E68.85713
G1 X116.775 Y110.604 E68.85955
G1 X116.516 Y110.479 E68.86315
G1 X116.516 Y110.023 E68.86887
G1 X116.62 Y110.074 E68.87032
G0 F7200 X116.807 Y110.145
G0 X116.825 Y110.185
G1 F1500 E62.37032
G0 F7200 X116.8 Y110.249
G0 X117.818 Y110.211
G0 X120.33 Y108.674
G0 X123.651 Y110.213
G1 F1500 E68.87032
G0 F7200 X124.62 Y110.074
G1 F1800 X124.954 Y110.202 E68.87481
G1 X124.955 Y110.673 E68.88072
G1 X124.775 Y110.604 E68.88313
G1 X124.516 Y110.479 E68.88674
G1 X124.516 Y110.023 E68.89246
G1 X124.62 Y110.074 E68.89391
G0 F7200 X124.807 Y110.145
G0 X124.825 Y110.185
G0 X124.8 Y110.249
G0 X127.061 Y110.213
G0 X127.38 Y110.074
G1 F1800 X127.484 Y110.023 E68.89536
G1 X127.485 Y110.478 E68.90107
G1 X127.225 Y110.604 E68.90469
G1 X127.046 Y110.673 E68.9071
G1 X127.045 Y110.202 E68.913
G1 X127.38 Y110.074 E68.9175
G0 F7200 X127.484 Y110.023
G0 X127.484 Y110.108
G0 X127.253 Y110.551
G0 X127.226 Y110.492
G0 X127.474 Y113.04
G0 X127.38 Y113.074
G1 F1800 X127.484 Y113.023 E68.91895
G1 X127.485 Y113.478 E68.92466
G1 X127.225 Y113.604 E68.92828
G1 X127.046 Y113.673 E68.93069
G1 X127.045 Y113.202 E68.9366
G1 X127.38 Y113.074 E68.94109
G0 F7200 X127.484 Y113.023
G0 X127.484 Y113.108
G0 X127.253 Y113.551
G1 F1500 E62.44109
G0 F7200 X127.226 Y113.492
G0 X124.938 Y113.213
G1 F1500 E68.94109
G0 F7200 X124.62 Y113.074
G1 F1800 X124.954 Y113.202 E68.94558
G1 X124.955 Y113.673 E68.95148
G1 X124.775 Y113.604 E68.9539
G1 X124.516 Y113.479 E68.95751
G1 X124.516 Y113.023 E68.96323
G1 X124.62 Y113.074 E68.96468
G0 F7200 X124.807 Y113.145
G0 X124.825 Y113.185
G0 X124.8 Y113.249
G0 X124.525 Y116.039
G0 X124.62 Y116.074
G1 F1800 X124.954 Y116.202 E68.96917
G1 X124.955 Y116.673 E68.97507
G1 X124.775 Y116.604 E68.97749
G1 X124.516 Y116.479 E68.9811
G1 X124.515 Y116.023 E68.98681
G1 X124.62 Y116.074 E68.98828
G0 F7200 X124.807 Y116.145
G0 X124.825 Y116.185
G0 X124.8 Y116.249
G0 X127.061 Y116.213
G0 X127.38 Y116.074
G1 F1800 X127.484 Y116.023 E68.98973
G1 X127.485 Y116.478 E68.99544
G1 X127.225 Y116.604 E68.99906
G1 X127.046 Y116.673 E69.00147
G1 X127.045 Y116.202 E69.00737
G1 X127.38 Y116.074 E69.01187
G0 F7200 X127.484 Y116.023
G0 X127.484 Y116.108
G0 X127.253 Y116.551
G0 X127.226 Y116.492
G0 X127.474 Y119.04
G0 X127.38 Y119.074
G1 F1800 X127.484 Y119.023 E69.01332
G1 X127.485 Y119.478 E69.01903
G1 X127.225 Y119.604 E69.02265
G1 X127.046 Y119.673 E69.02506
G1 X127.045 Y119.202 E69.03096
G1 X127.38 Y119.074 E69.03546
G0 F7200 X127.484 Y119.023
G0 X127.484 Y119.108
G0 X127.253 Y119.551
G0 X127.226 Y119.492
G0 X124.938 Y119.213
G0 X124.62 Y119.074
G1 F1800 X124.954 Y119.202 E69.03995
G1 X124.955 Y119.673 E69.04585
G1 X124.775 Y119.604 E69.04827
G1 X124.516 Y119.479 E69.05188
G1 X124.515 Y119.023 E69.05759
G1 X124.62 Y119.074 E69.05906
G0 F7200 X124.807 Y119.145
G0 X124.825 Y119.185
G0 X124.8 Y119.249
G0 X125.818 Y119.211
G0 X128.329 Y117.674
G0 X131.651 Y119.198
G0 X132.62 Y119.074
G1 F1800 X132.954 Y119.202 E69.06354
G1 X132.954 Y119.673 E69.06945
G1 X132.775 Y119.604 E69.07186
G1 X132.516 Y119.479 E69.07546
G1 X132.515 Y119.023 E69.08118
G1 X132.62 Y119.074 E69.08264
G0 F7200 X132.807 Y119.145
G0 X132.825 Y119.185
G1 F1500 E62.58264
G0 F7200 X132.8 Y119.249
G0 X132.944 Y116.657
G1 F1500 E69.08264
G0 F7200 X132.62 Y116.074
G1 F1800 X132.954 Y116.202 E69.08713
G1 X132.955 Y116.673 E69.09304
G1 X132.775 Y116.604 E69.09545
G1 X132.516 Y116.479 E69.09906
G1 X132.515 Y116.023 E69.10478
G1 X132.62 Y116.074 E69.10624
G0 F7200 X132.807 Y116.145
G0 X132.825 Y116.185
G0 X132.8 Y116.249
G0 X132.943 Y113.657
G0 X132.62 Y113.074
G1 F1800 X132.954 Y113.202 E69.11073
G1 X132.954 Y113.673 E69.11664
G1 X132.775 Y113.604 E69.11904
G1 X132.516 Y113.479 E69.12265
G1 X132.516 Y113.023 E69.12837
G1 X132.62 Y113.074 E69.12982
G0 F7200 X132.807 Y113.145
G0 X132.825 Y113.185
G0 X132.8 Y113.249
G0 X132.944 Y110.657
G0 X132.62 Y110.074
G1 F1800 X132.954 Y110.202 E69.1343
G1 X132.955 Y110.673 E69.14021
G1 X132.775 Y110.604 E69.14263
G1 X132.516 Y110.479 E69.14623
G1 X132.516 Y110.023 E69.15195
G1 X132.62 Y110.074 E69.15341
G0 F7200 X132.807 Y110.145
G0 X132.825 Y110.185
;MESH:NONMESH
G0 F600 X132.825 Y110.185 Z16.6
G0 F7200 X132.8 Y110.249
G0 X131.651 Y110.266
G0 X126.198 Y111.796
G0 X119.564 Y111.4
G0 X118.198 Y111.796
G0 X112.349 Y110.311
G0 X111.157 Y110.266
G0 X110.962 Y110.234
;TIME_ELAPSED:844.455731
;LAYER:82
;TYPE:WALL-OUTER
;MESH:output_v2\A_fina_suporte.stl
G1 F1800 X111.275 Y110.114 E69.15761
G1 X111.276 Y110.58 E69.16345
G1 X111.226 Y110.604 E69.16415
G1 X110.836 Y110.754 E69.16939
G1 X110.835 Y110.269 E69.17547
G1 X110.962 Y110.234 E69.17712
G0 F7200 X111.148 Y110.163
G0 X110.875 Y110.536
G0 X110.936 Y110.537
G0 X111.264 Y113.13
G0 X110.962 Y113.234
G1 F1800 X111.275 Y113.114 E69.18133
G1 X111.276 Y113.58 E69.18717
G1 X111.226 Y113.604 E69.18787
G1 X110.836 Y113.754 E69.19311
G1 X110.835 Y113.269 E69.19919
G1 X110.962 Y113.234 E69.20084
G0 F7200 X111.148 Y113.163
G0 X110.875 Y113.536
G0 X110.936 Y113.537
G0 X111.264 Y116.13
G0 X110.962 Y116.234
G1 F1800 X111.275 Y116.114 E69.20504
G1 X111.276 Y116.58 E69.21089
G1 X111.226 Y116.604 E69.21158
G1 X110.836 Y116.754 E69.21682
G1 X110.835 Y116.269 E69.2229
G1 X110.962 Y116.234 E69.22456
G0 F7200 X111.148 Y116.163
G0 X111.038 Y116.412
;TYPE:SKIN
G1 F1800 X111.077 Y116.451 E69.2249
G0 F7200 X111.133 Y116.596
G0 X111.114 Y116.54
G0 X111.264 Y119.13
G0 X110.962 Y119.234
;TYPE:WALL-OUTER
G1 F1800 X111.275 Y119.114 E69.22911
G1 X111.276 Y119.58 E69.23495
G1 X111.226 Y119.604 E69.23565
G1 X110.836 Y119.754 E69.24089
G1 X110.835 Y119.269 E69.24697
G1 X110.962 Y119.234 E69.24862
G0 F7200 X111.148 Y119.163
G0 X110.875 Y119.536
G0 X110.936 Y119.537
G0 X109.739 Y119.738
G0 X109.759 Y119.9
G1 F1800 X109.328 Y119.9 E69.25402
G1 X109.329 Y119.4 E69.26029
G1 X109.759 Y119.4 E69.26569
G1 X109.759 Y119.9 E69.27196
G0 F7200 X109.559 Y119.9
G0 X109.559 Y119.8
G1 F1500 E62.77196
G0 F7200 X110.236 Y118.536
G0 X112.12 Y117.78
G0 X115.86 Y119.414
G0 X117.008 Y119.329
G1 F1500 E69.27196
G0 F7200 X117.038 Y119.234
G1 F1800 X117.164 Y119.268 E69.27359
G1 X117.165 Y119.754 E69.27969
G1 X116.772 Y119.603 E69.28257
G1 X116.725 Y119.58 E69.28323
G1 X116.725 Y119.114 E69.28907
G1 X117.038 Y119.234 E69.29074
G0 F7200 X117.164 Y119.268
G0 X117.164 Y119.338
G0 X117.125 Y119.337
G1 F1500 E62.79074
G0 F7200 X117.061 Y119.343
G0 X118.836 Y119.329
G1 F1500 E69.29074
G0 F7200 X118.962 Y119.234
G1 F1800 X119.275 Y119.114 E69.29494
G1 X119.276 Y119.58 E69.30079
G1 X119.226 Y119.604 E69.30148
G1 X118.836 Y119.754 E69.30672
G1 X118.835 Y119.269 E69.31281
G1 X118.962 Y119.234 E69.31446
G0 F7200 X119.148 Y119.163
G0 X118.875 Y119.536
G0 X118.936 Y119.537
G0 X118.847 Y116.738
G0 X118.962 Y116.234
G1 F1800 X119.275 Y116.114 E69.31866
G1 X119.276 Y116.58 E69.32451
G1 X119.226 Y116.604 E69.3252
G1 X118.836 Y116.754 E69.33044
G1 X118.835 Y116.269 E69.33652
G1 X118.962 Y116.234 E69.33817
G0 F7200 X119.148 Y116.163
G0 X118.875 Y116.536
G0 X118.936 Y116.537
G0 X117.164 Y116.329
G0 X117.038 Y116.234
G1 F1800 X117.164 Y116.268 E69.33981
G1 X117.165 Y116.754 E69.34591
G1 X116.772 Y116.603 E69.34879
G1 X116.725 Y116.58 E69.34945
G1 X116.725 Y116.114 E69.35529
G1 X117.038 Y116.234 E69.35696
G0 F7200 X117.164 Y116.268
G0 X117.164 Y116.338
G0 X117.125 Y116.337
G0 X117.061 Y116.343
G0 X117.154 Y113.738
G0 X117.038 Y113.234
G1 F1800 X117.164 Y113.268 E69.35859
G1 X117.165 Y113.754 E69.36469
G1 X116.772 Y113.603 E69.36757
G1 X116.725 Y113.58 E69.36823
G1 X116.725 Y113.114 E69.37407
G1 X117.038 Y113.234 E69.37574
G0 F7200 X117.164 Y113.268
G0 X117.164 Y113.338
G0 X117.125 Y113.337
G0 X117.061 Y113.343
G0 X118.836 Y113.329
G0 X118.962 Y113.234
G1 F1800 X119.275 Y113.114 E69.37995
G1 X119.275 Y113.58 E69.38579
G1 X119.228 Y113.603 E69.38645
G1 X118.836 Y113.754 E69.39171
G1 X118.835 Y113.269 E69.3978
G1 X118.962 Y113.234 E69.39945
G0 F7200 X119.148 Y113.163
G0 X118.875 Y113.536
G0 X118.936 Y113.537
G0 X118.847 Y110.738
G0 X118.962 Y110.234
G1 F1800 X119.275 Y110.114 E69.40365
G1 X119.275 Y110.58 E69.40949
G1 X119.228 Y110.603 E69.41015
G1 X118.836 Y110.754 E69.41542
G1 X118.835 Y110.269 E69.4215
G1 X118.962 Y110.234 E69.42315
G0 F7200 X119.148 Y110.163
G0 X118.875 Y110.536
G0 X118.936 Y110.537
G0 X117.164 Y110.329
G0 X117.038 Y110.234
G1 F1800 X117.164 Y110.268 E69.42479
G1 X117.165 Y110.754 E69.43088
G1 X116.772 Y110.603 E69.43377
G1 X116.725 Y110.58 E69.43442
G1 X116.725 Y110.114 E69.44027
G1 X117.038 Y110.234 E69.44194
G0 F7200 X117.164 Y110.268
G0 X117.164 Y110.338
G0 X116.968 Y110.463
;TYPE:SKIN
G1 F1800 X116.918 Y110.413 E69.44238
G0 F7200 X116.764 Y110.412
G0 X116.825 Y110.412
G0 X118.028 Y110.343
G0 X123.86 Y110.345
G0 X125.008 Y110.329
G0 X125.038 Y110.234
;TYPE:WALL-OUTER
G1 F1800 X125.164 Y110.268 E69.44402
G1 X125.165 Y110.754 E69.45011
G1 X124.772 Y110.603 E69.453
G1 X124.725 Y110.58 E69.45365
G1 X124.725 Y110.114 E69.4595
G1 X125.038 Y110.234 E69.46116
G0 F7200 X125.164 Y110.268
G0 X125.164 Y110.338
G0 X125.125 Y110.337
G0 X125.061 Y110.343
G0 X126.836 Y110.329
G0 X126.962 Y110.234
G1 F1800 X127.275 Y110.114 E69.46537
G1 X127.276 Y110.58 E69.47121
G1 X127.226 Y110.604 E69.47191
G1 X126.836 Y110.754 E69.47715
G1 X126.835 Y110.269 E69.48323
G1 X126.962 Y110.234 E69.48488
G0 F7200 X127.148 Y110.163
G0 X126.875 Y110.536
G1 F1500 E62.98488
G0 F7200 X126.936 Y110.537
G0 X127.264 Y113.13
G1 F1500 E69.48488
G0 F7200 X126.962 Y113.234
G1 F1800 X127.275 Y113.114 E69.48908
G1 X127.276 Y113.58 E69.49493
G1 X127.226 Y113.604 E69.49562
G1 X126.836 Y113.754 E69.50086
G1 X126.835 Y113.269 E69.50695
G1 X126.962 Y113.234 E69.5086
G0 F7200 X127.148 Y113.163
G0 X126.875 Y113.536
G0 X126.936 Y113.537
G0 X125.164 Y113.329
G0 X125.038 Y113.234
G1 F1800 X125.164 Y113.268 E69.51023
G1 X125.165 Y113.754 E69.51633
G1 X124.772 Y113.603 E69.51921
G1 X124.725 Y113.58 E69.51987
G1 X124.725 Y113.114 E69.52571
G1 X125.038 Y113.234 E69.52738
G0 F7200 X125.164 Y113.268
G0 X125.164 Y113.338
G0 X125.125 Y113.337
G1 F1500 E63.02738
G0 F7200 X125.061 Y113.343
G0 X124.735 Y116.13
G1 F1500 E69.52738
G0 F7200 X125.038 Y116.234
G1 F1800 X125.164 Y116.268 E69.52902
G1 X125.165 Y116.754 E69.53511
G1 X124.772 Y116.603 E69.538
G1 X124.725 Y116.58 E69.53865
G1 X124.724 Y116.114 E69.5445
G1 X125.038 Y116.234 E69.54617
G0 F7200 X125.164 Y116.268
G0 X125.164 Y116.338
G0 X125.125 Y116.338
G0 X125.062 Y116.343
G0 X126.836 Y116.329
G0 X126.962 Y116.234
G1 F1800 X127.275 Y116.114 E69.55038
G1 X127.276 Y116.58 E69.55622
G1 X127.226 Y116.604 E69.55692
G1 X126.836 Y116.754 E69.56216
G1 X126.835 Y116.269 E69.56824
G1 X126.962 Y116.234 E69.56989
G0 F7200 X127.148 Y116.163
G0 X126.875 Y116.536
G0 X126.936 Y116.537
G0 X127.264 Y119.13
G0 X126.962 Y119.234
G1 F1800 X127.275 Y119.114 E69.57409
G1 X127.276 Y119.58 E69.57994
G1 X127.226 Y119.604 E69.58063
G1 X126.836 Y119.754 E69.58587
G1 X126.835 Y119.269 E69.59195
G1 X126.962 Y119.234 E69.59361
G0 F7200 X127.148 Y119.163
G0 X127.046 Y119.409
;TYPE:SKIN
G1 F1800 X127.08 Y119.443 E69.59391
G0 F7200 X127.236 Y119.443
G0 X127.175 Y119.442
G0 X125.164 Y119.329
G0 X125.038 Y119.234
;TYPE:WALL-OUTER
G1 F1800 X125.164 Y119.268 E69.59554
G1 X125.165 Y119.754 E69.60164
G1 X124.772 Y119.603 E69.60452
G1 X124.725 Y119.58 E69.60518
G1 X124.724 Y119.114 E69.61102
G1 X125.038 Y119.234 E69.6127
G0 F7200 X125.164 Y119.268
G0 X125.164 Y119.338
G0 X125.125 Y119.338
G1 F1500 E63.1127
G0 F7200 X125.062 Y119.343
G0 X131.86 Y119.33
G0 X133.008 Y119.329
G1 F1500 E69.6127
G0 F7200 X133.038 Y119.234
G1 F1800 X133.164 Y119.268 E69.61434
G1 X133.164 Y119.754 E69.62043
G1 X132.772 Y119.603 E69.62331
G1 X132.725 Y119.58 E69.62397
G1 X132.724 Y119.114 E69.62981
G1 X133.038 Y119.234 E69.63149
G0 F7200 X133.164 Y119.268
G0 X133.164 Y119.338
G0 X133.125 Y119.339
G0 X133.062 Y119.343
G0 X133.154 Y116.738
G0 X133.038 Y116.234
G1 F1800 X133.164 Y116.268 E69.63312
G1 X133.165 Y116.754 E69.63922
G1 X132.772 Y116.603 E69.6421
G1 X132.725 Y116.58 E69.64276
G1 X132.724 Y116.114 E69.6486
G1 X133.038 Y116.234 E69.65028
G0 F7200 X133.164 Y116.268
G0 X133.164 Y116.338
G0 X133.125 Y116.338
G1 F1500 E63.15028
G0 F7200 X133.062 Y116.343
G0 X133.153 Y113.738
G1 F1500 E69.65028
G0 F7200 X133.038 Y113.234
G1 F1800 X133.164 Y113.268 E69.65191
G1 X133.164 Y113.754 E69.65801
G1 X132.772 Y113.603 E69.66089
G1 X132.725 Y113.58 E69.66154
G1 X132.725 Y113.114 E69.66739
G1 X133.038 Y113.234 E69.66906
G0 F7200 X133.164 Y113.268
G0 X133.164 Y113.338
G0 X132.968 Y113.452
;TYPE:SKIN
G1 F1800 X132.919 Y113.402 E69.66949
G0 F7200 X132.764 Y113.402
G0 X132.825 Y113.402
G0 X133.154 Y110.738
G0 X133.038 Y110.234
;TYPE:WALL-OUTER
G1 F1800 X133.164 Y110.268 E69.67113
G1 X133.165 Y110.754 E69.67723
G1 X132.772 Y110.603 E69.68011
G1 X132.725 Y110.58 E69.68077
G1 X132.725 Y110.114 E69.68661
G1 X133.038 Y110.234 E69.68828
G0 F7200 X133.164 Y110.268
G0 X133.164 Y110.338
G0 X133.125 Y110.337
;MESH:NONMESH
G0 F600 X133.125 Y110.337 Z16.8
G0 F7200 X133.061 Y110.343
G0 X131.86 Y110.329
G0 X125.988 Y111.861
G0 X119.106 Y111.577
G0 X118.015 Y111.865
G0 X112.14 Y110.374
G0 X110.993 Y110.329
G0 X110.962 Y110.234
;TIME_ELAPSED:851.721840
;LAYER:83
;TYPE:WALL-OUTER
;MESH:output_v2\A_fina_suporte.stl
G1 F1800 X111.065 Y110.195 E69.68966
G1 X111.066 Y110.665 E69.69555
G1 X110.834 Y110.755 E69.69867
G1 X110.617 Y110.813 E69.70149
G1 X110.616 Y110.327 E69.70758
G1 X110.962 Y110.234 E69.71208
G0 F7200 X111.065 Y110.195
G0 X111.065 Y110.285
G0 X110.775 Y110.698
G0 X110.77 Y110.669
G0 X111.054 Y113.211
G0 X110.962 Y113.234
G1 F1800 X111.065 Y113.195 E69.71346
G1 X111.065 Y113.666 E69.71937
G1 X110.832 Y113.755 E69.72249
G1 X110.617 Y113.812 E69.72528
G1 X110.616 Y113.327 E69.73136
G1 X110.962 Y113.234 E69.73586
G0 F7200 X111.065 Y113.195
G0 X111.065 Y113.285
G0 X110.775 Y113.698
G1 F1500 E63.23586
G0 F7200 X110.769 Y113.669
G0 X111.054 Y116.211
G1 F1500 E69.73586
G0 F7200 X110.962 Y116.234
G1 F1800 X111.065 Y116.195 E69.73724
G1 X111.066 Y116.665 E69.74313
G1 X110.834 Y116.755 E69.74625
G1 X110.617 Y116.813 E69.74907
G1 X110.616 Y116.327 E69.75516
G1 X110.962 Y116.234 E69.75966
G0 F7200 X111.065 Y116.195
G0 X111.065 Y116.285
G0 X110.775 Y116.698
G0 X110.77 Y116.669
G0 X111.054 Y119.211
G0 X110.962 Y119.234
G1 F1800 X111.065 Y119.195 E69.76104
G1 X111.066 Y119.665 E69.76693
G1 X110.832 Y119.756 E69.77008
G1 X110.617 Y119.812 E69.77287
G1 X110.616 Y119.327 E69.77895
G1 X110.962 Y119.234 E69.78344
G0 F7200 X111.065 Y119.195
G0 X111.065 Y119.285
G0 X110.775 Y119.698
G0 X109.843 Y119.9
G1 F1800 X109.381 Y119.9 E69.78924
G1 X109.382 Y119.4 E69.79551
G1 X109.843 Y119.4 E69.80129
G1 X109.843 Y119.9 E69.80756
G0 F7200 X109.643 Y119.9
G0 X109.643 Y119.8
G1 F1500 E63.30756
G0 F7200 X110.154 Y118.536
G0 X111.911 Y117.963
G0 X116.07 Y119.414
G1 F1500 E69.80756
G0 F7200 X117.038 Y119.234
G1 F1800 X117.383 Y119.327 E69.81204
G1 X117.384 Y119.813 E69.81813
G1 X117.166 Y119.755 E69.82096
G1 X116.935 Y119.666 E69.82407
G1 X116.935 Y119.195 E69.82997
G1 X117.038 Y119.234 E69.83135
G0 F7200 X117.231 Y119.286
G0 X117.248 Y119.357
G1 F1500 E63.33135
G0 F7200 X117.238 Y119.391
G0 X118.631 Y119.339
G1 F1500 E69.83135
G0 F7200 X118.962 Y119.234
G1 F1800 X119.065 Y119.195 E69.83274
G1 X119.066 Y119.665 E69.83863
G1 X118.834 Y119.755 E69.84175
G1 X118.617 Y119.813 E69.84457
G1 X118.616 Y119.327 E69.85066
G1 X118.962 Y119.234 E69.85515
G0 F7200 X119.065 Y119.195
G0 X119.065 Y119.285
G0 X118.775 Y119.698
G0 X118.77 Y119.669
G0 X118.629 Y116.798
G0 X118.962 Y116.234
G1 F1800 X119.065 Y116.195 E69.85654
G1 X119.066 Y116.665 E69.86243
G1 X118.834 Y116.755 E69.86555
G1 X118.617 Y116.813 E69.86837
G1 X118.616 Y116.327 E69.87446
G1 X118.962 Y116.234 E69.87895
G0 F7200 X119.065 Y116.195
G0 X119.065 Y116.285
G0 X118.863 Y116.461
;TYPE:SKIN
G1 F1800 X118.81 Y116.514 E69.87942
G0 F7200 X118.665 Y116.514
G1 F1500 E63.37942
G0 F7200 X118.717 Y116.515
G0 X117.383 Y116.341
G1 F1500 E69.87942
G0 F7200 X117.038 Y116.234
;TYPE:WALL-OUTER
G1 F1800 X117.383 Y116.327 E69.88391
G1 X117.384 Y116.813 E69.89
G1 X117.166 Y116.755 E69.89283
G1 X116.935 Y116.666 E69.89593
G1 X116.935 Y116.195 E69.90184
G1 X117.038 Y116.234 E69.90322
G0 F7200 X117.231 Y116.286
G0 X117.159 Y116.468
;TYPE:SKIN
G1 F1800 X117.129 Y116.498 E69.90349
G0 F7200 X116.983 Y116.497
G0 X117.035 Y116.497
G0 X117.372 Y113.798
G0 X117.038 Y113.234
;TYPE:WALL-OUTER
G1 F1800 X117.383 Y113.327 E69.90797
G1 X117.384 Y113.813 E69.91406
G1 X117.166 Y113.755 E69.91689
G1 X116.935 Y113.666 E69.92
G1 X116.935 Y113.195 E69.9259
G1 X117.038 Y113.234 E69.92728
G0 F7200 X117.231 Y113.286
G0 X117.248 Y113.357
G0 X117.238 Y113.391
G0 X118.631 Y113.339
G0 X118.962 Y113.234
G1 F1800 X119.065 Y113.195 E69.92866
G1 X119.065 Y113.666 E69.93457
G1 X118.834 Y113.755 E69.93768
G1 X118.617 Y113.813 E69.94049
G1 X118.616 Y113.327 E69.94659
G1 X118.962 Y113.234 E69.95108
G0 F7200 X119.065 Y113.195
G0 X119.065 Y113.285
G0 X118.775 Y113.698
G1 F1500 E63.45108
G0 F7200 X118.77 Y113.669
G0 X118.629 Y110.798
G1 F1500 E69.95108
G0 F7200 X118.962 Y110.234
G1 F1800 X119.065 Y110.195 E69.95246
G1 X119.066 Y110.665 E69.95835
G1 X118.834 Y110.755 E69.96148
G1 X118.617 Y110.813 E69.96429
G1 X118.616 Y110.327 E69.97039
G1 X118.962 Y110.234 E69.97488
G0 F7200 X119.065 Y110.195
G0 X119.065 Y110.285
G0 X118.87 Y110.515
;TYPE:SKIN
G1 F1800 X118.842 Y110.543 E69.97513
G0 F7200 X118.854 Y110.677
G0 X118.843 Y110.644
G0 X117.383 Y110.341
G0 X117.038 Y110.234
;TYPE:WALL-OUTER
G1 F1800 X117.383 Y110.327 E69.97961
G1 X117.384 Y110.813 E69.9857
G1 X117.166 Y110.755 E69.98853
G1 X116.935 Y110.666 E69.99164
G1 X116.935 Y110.195 E69.99754
G1 X117.038 Y110.234 E69.99892
G0 F7200 X117.231 Y110.286
G0 X117.186 Y110.501
;TYPE:SKIN
G1 F1800 X117.148 Y110.539 E69.99926
G0 F7200 X117.134 Y110.673
G0 X117.148 Y110.641
G0 X117.644 Y109.501
G0 X119.911 Y108.963
G0 X124.07 Y110.344
G0 X125.038 Y110.234
;TYPE:WALL-OUTER
G1 F1800 X125.383 Y110.327 E70.00374
G1 X125.384 Y110.813 E70.00984
G1 X125.166 Y110.755 E70.01267
G1 X124.935 Y110.666 E70.01577
G1 X124.935 Y110.195 E70.02168
G1 X125.038 Y110.234 E70.02306
G0 F7200 X125.231 Y110.286
G0 X125.248 Y110.357
G1 F1500 E63.52306
G0 F7200 X125.238 Y110.391
G0 X126.631 Y110.339
G1 F1500 E70.02306
G0 F7200 X126.962 Y110.234
G1 F1800 X127.065 Y110.195 E70.02444
G1 X127.066 Y110.665 E70.03033
G1 X126.834 Y110.755 E70.03345
G1 X126.617 Y110.813 E70.03627
G1 X126.616 Y110.327 E70.04237
G1 X126.962 Y110.234 E70.04686
G0 F7200 X127.065 Y110.195
G0 X127.065 Y110.285
G0 X126.775 Y110.698
G0 X126.77 Y110.669
G0 X127.054 Y113.211
G0 X126.962 Y113.234
G1 F1800 X127.065 Y113.195 E70.04824
G1 X127.065 Y113.666 E70.05415
G1 X126.832 Y113.755 E70.05727
G1 X126.617 Y113.812 E70.06006
G1 X126.616 Y113.327 E70.06614
G1 X126.962 Y113.234 E70.07064
G0 F7200 X127.065 Y113.195
G0 X127.065 Y113.285
G0 X126.775 Y113.698
G0 X126.769 Y113.669
G0 X125.383 Y113.341
G0 X125.038 Y113.234
G1 F1800 X125.383 Y113.327 E70.07512
G1 X125.384 Y113.813 E70.08121
G1 X125.166 Y113.755 E70.08404
G1 X124.935 Y113.666 E70.08715
G1 X124.935 Y113.195 E70.09305
G1 X125.038 Y113.234 E70.09443
G0 F7200 X125.231 Y113.286
G0 X125.248 Y113.357
G0 X125.238 Y113.391
G0 X124.946 Y116.211
G0 X125.038 Y116.234
G1 F1800 X125.383 Y116.327 E70.09892
G1 X125.384 Y116.813 E70.10501
G1 X125.166 Y116.755 E70.10784
G1 X124.935 Y116.666 E70.11094
G1 X124.935 Y116.195 E70.11685
G1 X125.038 Y116.234 E70.11823
G0 F7200 X125.231 Y116.286
G0 X125.248 Y116.357
G0 X125.238 Y116.391
G0 X126.631 Y116.339
G0 X126.962 Y116.234
G1 F1800 X127.065 Y116.195 E70.11961
G1 X127.066 Y116.665 E70.12551
G1 X126.834 Y116.755 E70.12863
G1 X126.617 Y116.813 E70.13144
G1 X126.616 Y116.327 E70.13754
G1 X126.962 Y116.234 E70.14203
G0 F7200 X127.065 Y116.195
G0 X127.065 Y116.285
G0 X126.775 Y116.698
G0 X126.77 Y116.669
G0 X127.054 Y119.211
G0 X126.962 Y119.234
G1 F1800 X127.065 Y119.195 E70.14341
G1 X127.066 Y119.665 E70.14931
G1 X126.832 Y119.756 E70.15245
G1 X126.617 Y119.812 E70.15524
G1 X126.616 Y119.327 E70.16132
G1 X126.962 Y119.234 E70.16582
G0 F7200 X127.065 Y119.195
G0 X127.065 Y119.285
G0 X126.87 Y119.485
;TYPE:SKIN
G1 F1800 X126.81 Y119.545 E70.16635
G0 F7200 X126.665 Y119.545
G0 X126.717 Y119.546
G0 X125.383 Y119.341
G0 X125.038 Y119.234
;TYPE:WALL-OUTER
G1 F1800 X125.383 Y119.327 E70.17083
G1 X125.384 Y119.813 E70.17692
G1 X125.166 Y119.755 E70.17975
G1 X124.935 Y119.666 E70.18286
G1 X124.935 Y119.195 E70.18876
G1 X125.038 Y119.234 E70.19014
G0 F7200 X125.231 Y119.286
G0 X125.183 Y119.475
;TYPE:SKIN
G1 F1800 X125.129 Y119.529 E70.19062
G0 F7200 X124.983 Y119.528
G0 X125.035 Y119.528
G0 X125.644 Y118.501
G0 X127.911 Y117.963
G0 X132.07 Y119.344
G0 X133.038 Y119.234
;TYPE:WALL-OUTER
G1 F1800 X133.383 Y119.327 E70.1951
G1 X133.384 Y119.813 E70.2012
G1 X133.166 Y119.755 E70.20403
G1 X132.935 Y119.666 E70.20713
G1 X132.935 Y119.195 E70.21304
G1 X133.038 Y119.234 E70.21442
G0 F7200 X133.231 Y119.286
G0 X133.248 Y119.357
G1 F1500 E63.71442
G0 F7200 X133.238 Y119.391
G0 X133.372 Y116.798
G1 F1500 E70.21442
G0 F7200 X133.038 Y116.234
G1 F1800 X133.383 Y116.327 E70.2189
G1 X133.384 Y116.813 E70.225
G1 X133.166 Y116.755 E70.22782
G1 X132.935 Y116.666 E70.23093
G1 X132.935 Y116.195 E70.23683
G1 X133.038 Y116.234 E70.23822
G0 F7200 X133.231 Y116.286
G0 X133.248 Y116.357
G0 X133.238 Y116.391
G0 X133.372 Y113.798
G0 X133.038 Y113.234
G1 F1800 X133.383 Y113.327 E70.2427
G1 X133.384 Y113.813 E70.24879
G1 X133.166 Y113.755 E70.25162
G1 X132.935 Y113.666 E70.25472
G1 X132.935 Y113.195 E70.26063
G1 X133.038 Y113.234 E70.26201
G0 F7200 X133.231 Y113.286
G0 X133.167 Y113.471
;TYPE:SKIN
G1 F1800 X133.129 Y113.509 E70.26235
G0 F7200 X132.983 Y113.508
G0 X133.035 Y113.508
G0 X133.372 Y110.798
G0 X133.038 Y110.234
;TYPE:WALL-OUTER
G1 F1800 X133.383 Y110.327 E70.26683
G1 X133.384 Y110.813 E70.27292
G1 X133.166 Y110.755 E70.27575
G1 X132.935 Y110.666 E70.27886
G1 X132.935 Y110.195 E70.28476
G1 X133.038 Y110.234 E70.28615
G0 F7200 X133.231 Y110.286
G0 X133.248 Y110.357
;MESH:NONMESH
G0 F600 X133.248 Y110.357 Z17
G0 F7200 X133.238 Y110.391
G0 X132.07 Y110.4
G0 X126.235 Y111.833
G0 X117.767 Y111.824
G0 X111.93 Y110.445
G0 X110.73 Y110.4
G0 X110.541 Y110.347
;TIME_ELAPSED:859.551101
;LAYER:84
;TYPE:WALL-OUTER
;MESH:output_v2\A_fina_suporte.stl
G1 F1800 X110.855 Y110.263 E70.29022
G1 X110.856 Y110.746 E70.29628
G1 X110.834 Y110.755 E70.29658
G1 X110.464 Y110.854 E70.30138
G1 X110.269 Y110.884 E70.30385
G1 X110.2 Y110.89 E70.30472
G1 X110.2 Y110.393 E70.31096
G1 X110.325 Y110.38 E70.31253
G1 X110.541 Y110.347 E70.31527
G0 F7200 X110.734 Y110.296
G0 X110.544 Y110.544
;TYPE:SKIN
G1 F1800 X110.611 Y110.611 E70.31587
G0 F7200 X110.622 Y110.738
G0 X110.617 Y110.71
G0 X110.545 Y113.366
G0 X109.328 Y114.046
G0 X108.723 Y114.953
G0 X109.027 Y115.976
G0 X109.61 Y116.34
;TYPE:WALL-OUTER
G1 F1800 X109.897 Y116.397 E70.31954
G1 X110.093 Y116.4 E70.32199
G1 X110.31 Y116.383 E70.32472
G1 X110.541 Y116.347 E70.32765
G1 X110.855 Y116.263 E70.33173
G1 X110.856 Y116.746 E70.33779
G1 X110.834 Y116.755 E70.33809
G1 X110.462 Y116.854 E70.34291
G1 X110.252 Y116.885 E70.34558
G1 X110.143 Y116.895 E70.34695
G1 X110.001 Y116.9 E70.34873
G1 X109.734 Y116.879 E70.35209
G1 X109.332 Y116.766 E70.35733
G1 X108.972 Y116.564 E70.3625
G1 X108.663 Y116.279 E70.36777
G1 X108.591 Y116.187 E70.36924
G1 X108.38 Y115.811 E70.37465
G1 X108.301 Y115.567 E70.37786
G1 X108.251 Y115.14 E70.38325
G1 X108.255 Y115.019 E70.38477
G1 X108.299 Y114.745 E70.38825
G1 X108.444 Y114.352 E70.3935
G1 X108.587 Y114.118 E70.39694
G1 X108.663 Y114.021 E70.39849
G1 X108.976 Y113.732 E70.40383
G1 X109.202 Y113.594 E70.40715
G1 X109.591 Y113.45 E70.41235
G1 X110.019 Y113.4 E70.41776
G1 X110.214 Y113.392 E70.4202
G1 X110.325 Y113.38 E70.4216
G1 X110.541 Y113.347 E70.42434
G1 X110.855 Y113.263 E70.42842
G1 X110.855 Y113.747 E70.43449
G1 X110.837 Y113.754 E70.43473
G1 X110.462 Y113.854 E70.4396
G1 X110.252 Y113.885 E70.44226
G1 X110.139 Y113.895 E70.44368
G1 X109.795 Y113.915 E70.44801
G1 X109.348 Y114.08 E70.45398
G1 X109.051 Y114.334 E70.45888
G1 X108.882 Y114.585 E70.46268
G1 X108.762 Y114.958 E70.46759
G1 X108.78 Y115.43 E70.47351
G1 X108.848 Y115.64 E70.47628
G1 X109.107 Y116.026 E70.48211
G1 X109.271 Y116.166 E70.48481
G1 X109.61 Y116.34 E70.48959
G0 F7200 X109.806 Y116.379
G0 X109.846 Y116.634
;TYPE:SKIN
G1 F1800 X110.138 Y116.643 E70.49087
G1 X110.626 Y116.566 E70.49304
G0 F7200 X110.658 Y116.598
G0 X109.554 Y116.625
G1 F1800 X109.358 Y116.429 E70.49477
G0 F7200 X108.609 Y115.68
G1 F1800 X108.521 Y115.309 E70.49626
G1 X108.627 Y114.567 E70.49919
G1 X108.977 Y114.068 E70.50157
G1 X109.507 Y113.75 E70.50399
G1 X110.485 Y113.596 E70.50786
G0 F7200 X110.519 Y113.756
G1 F1500 E64.00786
G0 F7200 X110.516 Y113.737
G0 X109.328 Y114.046
G0 X108.723 Y114.953
G0 X109.027 Y115.976
G0 X110.001 Y116.881
G0 X110.001 Y119.42
G1 F1500 E70.50786
G0 F7200 X109.905 Y119.9
;TYPE:WALL-OUTER
G1 F1800 X109.457 Y119.9 E70.51348
G1 X109.457 Y119.4 E70.51975
G1 X110.087 Y119.4 E70.52765
G1 X110.323 Y119.381 E70.53062
G1 X110.541 Y119.347 E70.53338
G1 X110.855 Y119.263 E70.53746
G1 X110.856 Y119.746 E70.54352
G1 X110.834 Y119.755 E70.54381
G1 X110.462 Y119.854 E70.54864
G1 X110.252 Y119.885 E70.5513
G1 X110.135 Y119.895 E70.55278
G1 X110.07 Y119.898 E70.55359
G1 X110 Y119.897 E70.55447
G1 X109.905 Y119.9 E70.55566
G0 F7200 X109.705 Y119.9
G0 X109.749 Y119.648
;TYPE:SKIN
G1 F1800 X110.03 Y119.647 E70.5568
G1 X110.534 Y119.585 E70.55887
G0 F7200 X110.567 Y119.749
G1 F1500 E64.05887
G0 F7200 X110.563 Y119.724
G0 X111.72 Y119.458
G0 X116.28 Y119.459
G0 X118.561 Y119.444
G1 F1500 E70.55887
G0 F7200 X118.541 Y119.347
;TYPE:WALL-OUTER
G1 F1800 X118.855 Y119.263 E70.56294
G1 X118.856 Y119.746 E70.569
G1 X118.834 Y119.755 E70.5693
G1 X118.464 Y119.854 E70.5741
G1 X118.269 Y119.884 E70.57658
G1 X118.189 Y119.892 E70.57758
G1 X117.908 Y119.898 E70.58111
G1 X117.812 Y119.892 E70.58232
G1 X117.731 Y119.884 E70.58334
G1 X117.536 Y119.854 E70.58581
G1 X117.163 Y119.754 E70.59065
G1 X117.145 Y119.747 E70.5909
G1 X117.145 Y119.263 E70.59696
G1 X117.459 Y119.347 E70.60104
G1 X117.675 Y119.38 E70.60378
G1 X117.784 Y119.391 E70.60515
G1 X117.896 Y119.398 E70.60656
G1 X118.212 Y119.392 E70.61053
G1 X118.325 Y119.38 E70.61195
G1 X118.541 Y119.347 E70.61469
G0 F7200 X118.734 Y119.296
G0 X118.468 Y119.599
;TYPE:SKIN
G1 F1800 X118.222 Y119.636 E70.61574
G1 X117.641 Y119.621 E70.61819
G0 F7200 X117.631 Y119.466
G1 F1500 E64.11819
G0 F7200 X117.629 Y119.474
G0 X118.267 Y116.865
G1 F1500 E70.61819
G0 F7200 X118.541 Y116.347
;TYPE:WALL-OUTER
G1 F1800 X118.855 Y116.263 E70.62226
G1 X118.856 Y116.746 E70.62832
G1 X118.834 Y116.755 E70.62862
G1 X118.464 Y116.854 E70.63342
G1 X118.269 Y116.884 E70.63589
G1 X118.189 Y116.892 E70.6369
G1 X117.908 Y116.898 E70.64043
G1 X117.812 Y116.892 E70.64163
G1 X117.731 Y116.884 E70.64265
G1 X117.536 Y116.854 E70.64513
G1 X117.163 Y116.754 E70.64997
G1 X117.145 Y116.747 E70.65021
G1 X117.145 Y116.263 E70.65628
G1 X117.459 Y116.347 E70.66036
G1 X117.675 Y116.38 E70.6631
G1 X117.784 Y116.391 E70.66447
G1 X117.896 Y116.398 E70.66588
G1 X118.212 Y116.392 E70.66984
G1 X118.325 Y116.38 E70.67127
G1 X118.541 Y116.347 E70.67401
G0 F7200 X118.734 Y116.296
G0 X118.56 Y116.58
;TYPE:SKIN
G1 F1800 X118.323 Y116.626 E70.67493
G1 X117.431 Y116.582 E70.67834
G0 F7200 X117.407 Y116.406
G1 F1500 E64.17834
G0 F7200 X117.4 Y116.434
G0 X117.832 Y113.874
G1 F1500 E70.67834
G0 F7200 X118.541 Y113.347
;TYPE:WALL-OUTER
G1 F1800 X118.855 Y113.263 E70.68241
G1 X118.855 Y113.747 E70.68848
G1 X118.837 Y113.754 E70.68873
G1 X118.464 Y113.854 E70.69357
G1 X118.269 Y113.884 E70.69604
G1 X118.189 Y113.892 E70.69705
G1 X117.908 Y113.898 E70.70058
G1 X117.812 Y113.892 E70.70178
G1 X117.731 Y113.884 E70.7028
G1 X117.536 Y113.854 E70.70528
G1 X117.163 Y113.754 E70.71012
G1 X117.145 Y113.747 E70.71036
G1 X117.145 Y113.263 E70.71643
G1 X117.459 Y113.347 E70.72051
G1 X117.675 Y113.38 E70.72325
G1 X117.784 Y113.391 E70.72462
G1 X117.896 Y113.398 E70.72603
G1 X118.212 Y113.392 E70.72999
G1 X118.325 Y113.38 E70.73142
G1 X118.541 Y113.347 E70.73416
G0 F7200 X118.734 Y113.296
G0 X118.638 Y113.547
;TYPE:SKIN
G1 F1800 X118.419 Y113.61 E70.73501
G1 X117.571 Y113.611 E70.73818
G0 F7200 X117.563 Y113.448
G1 F1500 E64.23818
G0 F7200 X117.56 Y113.463
G0 X118.267 Y110.865
G1 F1500 E70.73818
G0 F7200 X118.541 Y110.347
;TYPE:WALL-OUTER
G1 F1800 X118.855 Y110.263 E70.74225
G1 X118.856 Y110.746 E70.74831
G1 X118.834 Y110.755 E70.74861
G1 X118.464 Y110.854 E70.75341
G1 X118.269 Y110.884 E70.75588
G1 X118.189 Y110.892 E70.75689
G1 X117.908 Y110.898 E70.76042
G1 X117.812 Y110.892 E70.76162
G1 X117.731 Y110.884 E70.76264
G1 X117.536 Y110.854 E70.76512
G1 X117.163 Y110.754 E70.76996
G1 X117.145 Y110.747 E70.7702
G1 X117.145 Y110.263 E70.77627
G1 X117.459 Y110.347 E70.78035
G1 X117.675 Y110.38 E70.78309
G1 X117.784 Y110.391 E70.78446
G1 X117.896 Y110.398 E70.78587
G1 X118.212 Y110.392 E70.78983
G1 X118.325 Y110.38 E70.79126
G1 X118.541 Y110.347 E70.794
G0 F7200 X118.734 Y110.296
G0 X118.511 Y110.591
;TYPE:SKIN
G1 F1800 X118.27 Y110.633 E70.79485
G1 X117.372 Y110.583 E70.79796
G0 F7200 X117.513 Y110.76
G1 F1500 E64.29796
G0 F7200 X117.517 Y110.746
G0 X118.855 Y110.459
G0 X124.28 Y110.459
G0 X126.561 Y110.444
G1 F1500 E70.79796
G0 F7200 X126.541 Y110.347
;TYPE:WALL-OUTER
G1 F1800 X126.855 Y110.263 E70.80204
G1 X126.856 Y110.746 E70.80809
G1 X126.834 Y110.755 E70.80839
G1 X126.464 Y110.854 E70.8132
G1 X126.269 Y110.884 E70.81567
G1 X126.188 Y110.892 E70.81669
G1 X126.092 Y110.898 E70.8179
G1 X125.812 Y110.892 E70.82141
G1 X125.731 Y110.884 E70.82243
G1 X125.536 Y110.854 E70.8249
G1 X125.163 Y110.754 E70.82975
G1 X125.145 Y110.747 E70.82999
G1 X125.145 Y110.263 E70.83606
G1 X125.459 Y110.347 E70.84013
G1 X125.675 Y110.38 E70.84287
G1 X125.788 Y110.392 E70.8443
G1 X126.104 Y110.398 E70.84826
G1 X126.216 Y110.391 E70.84967
G1 X126.325 Y110.38 E70.85104
G1 X126.541 Y110.347 E70.85378
G0 F7200 X126.734 Y110.296
G0 X126.444 Y110.605
;TYPE:SKIN
G1 F1800 X126.196 Y110.639 E70.85484
G1 X125.607 Y110.617 E70.85734
G0 F7200 X125.599 Y110.458
G1 F1500 E64.35734
G0 F7200 X125.597 Y110.469
G0 X126.843 Y113.278
G1 F1500 E70.85734
G0 F7200 X126.541 Y113.347
;TYPE:WALL-OUTER
G1 F1800 X126.855 Y113.263 E70.86141
G1 X126.855 Y113.747 E70.86748
G1 X126.837 Y113.754 E70.86773
G1 X126.464 Y113.854 E70.87257
G1 X126.269 Y113.884 E70.87504
G1 X126.188 Y113.892 E70.87606
G1 X126.092 Y113.898 E70.87727
G1 X125.812 Y113.892 E70.88078
G1 X125.731 Y113.884 E70.8818
G1 X125.536 Y113.854 E70.88428
G1 X125.163 Y113.754 E70.88912
G1 X125.145 Y113.747 E70.88936
G1 X125.145 Y113.263 E70.89543
G1 X125.459 Y113.347 E70.89951
G1 X125.675 Y113.38 E70.90225
G1 X125.788 Y113.392 E70.90367
G1 X126.104 Y113.398 E70.90764
G1 X126.216 Y113.391 E70.90904
G1 X126.325 Y113.38 E70.91042
G1 X126.541 Y113.347 E70.91316
G0 F7200 X126.734 Y113.296
G0 X126.586 Y113.575
;TYPE:SKIN
G1 F1800 X126.35 Y113.622 E70.91407
G1 X125.473 Y113.593 E70.9174
G0 F7200 X125.463 Y113.421
G1 F1500 E64.4174
G0 F7200 X125.458 Y113.448
G0 X126.843 Y116.278
G1 F1500 E70.9174
G0 F7200 X126.541 Y116.347
;TYPE:WALL-OUTER
G1 F1800 X126.855 Y116.263 E70.92148
G1 X126.856 Y116.746 E70.92754
G1 X126.834 Y116.755 E70.92783
G1 X126.464 Y116.854 E70.93264
G1 X126.269 Y116.884 E70.93511
G1 X126.188 Y116.892 E70.93613
G1 X126.092 Y116.898 E70.93734
G1 X125.812 Y116.892 E70.94085
G1 X125.731 Y116.884 E70.94187
G1 X125.536 Y116.854 E70.94435
G1 X125.163 Y116.754 E70.94919
G1 X125.145 Y116.747 E70.94943
G1 X125.145 Y116.263 E70.9555
G1 X125.459 Y116.347 E70.95958
G1 X125.675 Y116.38 E70.96232
G1 X125.788 Y116.392 E70.96374
G1 X126.104 Y116.398 E70.9677
G1 X126.216 Y116.391 E70.96911
G1 X126.325 Y116.38 E70.97049
G1 X126.541 Y116.347 E70.97323
G0 F7200 X126.734 Y116.296
G0 X126.494 Y116.594
;TYPE:SKIN
G1 F1800 X126.251 Y116.634 E70.97405
G1 X125.357 Y116.589 E70.97706
G0 F7200 X125.516 Y116.76
G1 F1500 E64.47706
G0 F7200 X125.519 Y116.747
G0 X126.843 Y119.278
G1 F1500 E70.97706
G0 F7200 X126.541 Y119.347
;TYPE:WALL-OUTER
G1 F1800 X126.855 Y119.263 E70.98113
G1 X126.856 Y119.746 E70.98719
G1 X126.834 Y119.755 E70.98749
G1 X126.464 Y119.854 E70.99229
G1 X126.269 Y119.884 E70.99477
G1 X126.188 Y119.892 E70.99579
G1 X126.092 Y119.898 E70.99699
G1 X125.812 Y119.892 E71.00051
G1 X125.731 Y119.884 E71.00153
G1 X125.536 Y119.854 E71.004
G1 X125.163 Y119.754 E71.00884
G1 X125.145 Y119.747 E71.00908
G1 X125.145 Y119.263 E71.01515
G1 X125.459 Y119.347 E71.01923
G1 X125.675 Y119.38 E71.02197
G1 X125.788 Y119.392 E71.0234
G1 X126.104 Y119.398 E71.02736
G1 X126.216 Y119.391 E71.02877
G1 X126.325 Y119.38 E71.03014
G1 X126.541 Y119.347 E71.03288
G0 F7200 X126.734 Y119.296
G0 X126.631 Y119.56
;TYPE:SKIN
G1 F1800 X126.401 Y119.613 E71.03378
G1 X125.548 Y119.608 E71.03703
G0 F7200 X125.54 Y119.442
G1 F1500 E64.53703
G0 F7200 X125.537 Y119.46
G0 X126.843 Y119.278
G0 X132.28 Y116.735
G0 X134.62 Y116.947
G1 F1500 E71.03703
G0 F7200 X134.573 Y117.035
;TYPE:WALL-OUTER
G1 F1800 X134.201 Y116.915 E71.04193
G1 X133.842 Y116.894 E71.04644
G1 X133.731 Y116.884 E71.04784
G1 X133.536 Y116.854 E71.05031
G1 X133.163 Y116.754 E71.05516
G1 X133.145 Y116.747 E71.0554
G1 X133.145 Y116.263 E71.06147
G1 X133.459 Y116.347 E71.06554
G1 X133.676 Y116.381 E71.0683
G1 X133.878 Y116.398 E71.07084
G1 X133.971 Y116.398 E71.07201
G1 X134.266 Y116.421 E71.07572
G1 X134.675 Y116.536 E71.08105
G1 X134.919 Y116.661 E71.08448
G1 X135.019 Y116.727 E71.08599
G1 X135.337 Y117.021 E71.09142
G1 X135.409 Y117.113 E71.09288
G1 X135.616 Y117.482 E71.09819
G1 X135.727 Y117.878 E71.10335
G1 X135.743 Y118.293 E71.10855
G1 X135.729 Y118.416 E71.11011
G1 X135.616 Y118.818 E71.11534
G1 X135.409 Y119.187 E71.12065
G1 X135.337 Y119.279 E71.12211
G1 X135.019 Y119.573 E71.12755
G1 X134.925 Y119.636 E71.12896
G1 X134.532 Y119.817 E71.13439
G1 X134.417 Y119.849 E71.13589
G1 X133.988 Y119.899 E71.1413
G1 X133.838 Y119.894 E71.14319
G1 X133.731 Y119.884 E71.14453
G1 X133.536 Y119.854 E71.14701
G1 X133.163 Y119.754 E71.15185
G1 X133.145 Y119.747 E71.15209
G1 X133.145 Y119.263 E71.15816
G1 X133.459 Y119.347 E71.16224
G1 X133.675 Y119.38 E71.16498
G1 X133.786 Y119.392 E71.16638
G1 X133.995 Y119.4 E71.169
G1 X134.109 Y119.396 E71.17043
G1 X134.467 Y119.31 E71.17505
G1 X134.582 Y119.258 E71.17663
G1 X134.944 Y118.972 E71.18242
G1 X135.068 Y118.801 E71.18507
G1 X135.191 Y118.536 E71.18873
G1 X135.249 Y118.24 E71.19251
G1 X135.193 Y117.767 E71.19848
G1 X135.018 Y117.425 E71.2033
G1 X134.941 Y117.326 E71.20488
G1 X134.573 Y117.035 E71.21076
G0 F7200 X134.383 Y116.974
G0 X134.205 Y116.669
;TYPE:SKIN
G1 F1800 X133.901 Y116.648 E71.21237
G1 X133.584 Y116.614 E71.21405
G0 F7200 X134.512 Y116.693
G1 F1800 X134.731 Y116.912 E71.21599
G0 F7200 X135.341 Y117.522
G1 F1800 X135.467 Y117.931 E71.2177
G1 X135.39 Y118.702 E71.22078
G1 X135.046 Y119.207 E71.22322
G1 X134.533 Y119.543 E71.22566
G1 X133.781 Y119.639 E71.22869
G1 X133.445 Y119.586 E71.23004
G0 F7200 X133.422 Y119.41
G1 F1500 E64.73004
G0 F7200 X133.415 Y119.438
G0 X134.602 Y119.292
G0 X135.288 Y118.241
G0 X134.191 Y116.435
G0 X133.998 Y113.881
G0 X134.972 Y112.999
G0 X135.102 Y111.479
G1 F1500 E71.23004
G0 F7200 X134.573 Y111.035
;TYPE:WALL-OUTER
G1 F1800 X134.201 Y110.915 E71.23494
G1 X133.842 Y110.894 E71.23945
G1 X133.731 Y110.884 E71.24085
G1 X133.536 Y110.854 E71.24332
G1 X133.163 Y110.754 E71.24817
G1 X133.145 Y110.747 E71.24841
G1 X133.145 Y110.263 E71.25448
G1 X133.459 Y110.347 E71.25855
G1 X133.676 Y110.381 E71.26131
G1 X133.878 Y110.398 E71.26385
G1 X133.971 Y110.398 E71.26502
G1 X134.269 Y110.421 E71.26877
G1 X134.537 Y110.485 E71.27222
G1 X134.917 Y110.661 E71.27747
G1 X135.133 Y110.818 E71.28082
G1 X135.414 Y111.122 E71.28601
G1 X135.616 Y111.482 E71.29119
G1 X135.727 Y111.878 E71.29635
G1 X135.743 Y112.293 E71.30155
G1 X135.729 Y112.416 E71.30311
G1 X135.616 Y112.818 E71.30834
G1 X135.409 Y113.187 E71.31365
G1 X135.337 Y113.279 E71.31511
G1 X135.019 Y113.573 E71.32055
G1 X134.925 Y113.636 E71.32196
G1 X134.537 Y113.815 E71.32732
G1 X134.269 Y113.879 E71.33078
G1 X133.998 Y113.9 E71.33419
G1 X133.838 Y113.894 E71.33619
G1 X133.731 Y113.884 E71.33754
G1 X133.536 Y113.854 E71.34002
G1 X133.163 Y113.754 E71.34486
G1 X133.145 Y113.747 E71.3451
G1 X133.145 Y113.263 E71.35117
G1 X133.459 Y113.347 E71.35525
G1 X133.675 Y113.38 E71.35799
G1 X133.786 Y113.392 E71.35939
G1 X133.995 Y113.4 E71.36201
G1 X134.105 Y113.396 E71.36339
G1 X134.382 Y113.341 E71.36693
G1 X134.579 Y113.26 E71.3696
G1 X134.944 Y112.972 E71.37543
G1 X135.068 Y112.801 E71.37808
G1 X135.194 Y112.529 E71.38184
G1 X135.249 Y112.06 E71.38776
G1 X135.191 Y111.764 E71.39155
G1 X135.068 Y111.499 E71.39521
G1 X134.944 Y111.328 E71.39786
G1 X134.573 Y111.035 E71.40379
G0 F7200 X134.383 Y110.974
G0 X134.505 Y110.746
;TYPE:SKIN
G1 F1800 X134.136 Y110.66 E71.40564
G1 X133.513 Y110.602 E71.40871
G0 F7200 X133.455 Y110.544
G0 X134.477 Y110.954
G0 X135.303 Y111.544
G0 X135.391 Y111.633
G1 F1800 X135.481 Y112.005 E71.41015
G1 X135.369 Y112.741 E71.41296
G1 X135.013 Y113.234 E71.41525
G1 X134.492 Y113.562 E71.41757
G1 X133.714 Y113.633 E71.42052
G1 X133.379 Y113.58 E71.4218
G0 F7200 X133.511 Y113.76
G1 F1500 E64.9218
;MESH:NONMESH
G0 F600 X133.511 Y113.76 Z17.2
G0 F7200 X133.515 Y113.746
G0 X132.28 Y113.278
G0 X127.702 Y112.046
G0 X117.616 Y111.741
G0 X111.72 Y110.734
G0 X110.561 Y110.444
G1 F1500 E71.4218
G0 F7200 X110.541 Y110.347
;TIME_ELAPSED:871.647202
;LAYER:85
;TYPE:WALL-OUTER
;MESH:output_v2\A_fina_suporte.stl
G1 F1800 X110.645 Y110.319 E71.42315
G1 X110.645 Y110.805 E71.42924
G1 X110.464 Y110.854 E71.43159
G1 X110.269 Y110.884 E71.43407
G1 X110.2 Y110.891 E71.43494
G1 X110.2 Y110.393 E71.44118
G1 X110.325 Y110.38 E71.44276
G1 X110.541 Y110.347 E71.4455
G0 F7200 X110.645 Y110.319
G0 X110.645 Y110.412
G0 X110.283 Y110.789
G1 F1500 E64.9455
G0 F7200 X110.299 Y110.779
G0 X110.545 Y113.366
G0 X109.328 Y114.046
G0 X108.723 Y114.953
G0 X109.027 Y115.976
G1 F1500 E71.4455
G0 F7200 X109.61 Y116.34
G1 F1800 X109.896 Y116.397 E71.44916
G1 X110.068 Y116.4 E71.45131
G1 X110.282 Y116.385 E71.454
G1 X110.432 Y116.365 E71.4559
G1 X110.542 Y116.347 E71.4573
G1 X110.645 Y116.319 E71.45864
G1 X110.645 Y116.805 E71.46473
G1 X110.464 Y116.854 E71.46708
G1 X110.269 Y116.884 E71.46956
G1 X110.143 Y116.895 E71.47114
G1 X110.002 Y116.9 E71.47291
G1 X109.734 Y116.879 E71.47628
G1 X109.332 Y116.766 E71.48152
G1 X108.972 Y116.564 E71.4867
G1 X108.663 Y116.279 E71.49197
G1 X108.591 Y116.187 E71.49343
G1 X108.38 Y115.811 E71.49884
G1 X108.301 Y115.567 E71.50206
G1 X108.251 Y115.14 E71.50745
G1 X108.255 Y115.019 E71.50897
G1 X108.299 Y114.745 E71.51245
G1 X108.444 Y114.352 E71.5177
G1 X108.587 Y114.118 E71.52114
G1 X108.663 Y114.021 E71.52268
G1 X108.976 Y113.732 E71.52803
G1 X109.202 Y113.594 E71.53135
G1 X109.591 Y113.45 E71.53655
G1 X110.019 Y113.4 E71.54195
G1 X110.214 Y113.392 E71.5444
G1 X110.325 Y113.38 E71.5458
G1 X110.541 Y113.347 E71.54854
G1 X110.645 Y113.319 E71.54989
G1 X110.646 Y113.805 E71.55599
G1 X110.463 Y113.854 E71.55836
G1 X110.269 Y113.884 E71.56082
G1 X110.139 Y113.895 E71.56246
G1 X109.795 Y113.915 E71.56678
G1 X109.348 Y114.08 E71.57276
G1 X109.051 Y114.334 E71.57766
G1 X108.882 Y114.585 E71.58145
G1 X108.762 Y114.958 E71.58636
G1 X108.78 Y115.43 E71.59229
G1 X108.848 Y115.64 E71.59506
G1 X109.107 Y116.026 E71.60089
G1 X109.271 Y116.166 E71.60359
G1 X109.61 Y116.34 E71.60837
G0 F7200 X109.806 Y116.379
G0 X109.716 Y116.558
;TYPE:SKIN
G1 F1800 X109.627 Y116.646 E71.60915
G0 F7200 X109.45 Y116.54
G1 F1800 X109.265 Y116.442 E71.60985
G1 X108.811 Y116.047 E71.61185
G1 X108.538 Y115.472 E71.61396
G1 X108.523 Y114.921 E71.61579
G1 X108.673 Y114.489 E71.61731
G1 X109.356 Y113.806 E71.62052
G1 X110.08 Y113.647 E71.62299
G1 X110.392 Y113.618 E71.62403
G0 F7200 X110.45 Y113.56
G0 X109.328 Y114.046
G0 X108.723 Y114.953
G0 X109.078 Y116.052
G0 X110.258 Y116.581
G0 X110.199 Y116.64
G1 F1800 X109.914 Y116.642 E71.62596
G0 F7200 X109.854 Y116.794
G1 F1500 E65.12596
G0 F7200 X109.854 Y116.788
G0 X110.633 Y119.334
G1 F1500 E71.62596
G0 F7200 X110.541 Y119.347
;TYPE:WALL-OUTER
G1 F1800 X110.645 Y119.319 E71.62731
G1 X110.646 Y119.805 E71.63341
G1 X110.463 Y119.854 E71.63579
G1 X110.269 Y119.884 E71.63825
G1 X110.126 Y119.896 E71.64005
G1 X110.004 Y119.899 E71.64158
G1 X109.55 Y119.899 E71.64727
G1 X109.55 Y119.4 E71.65353
G1 X110.064 Y119.4 E71.65997
G1 X110.199 Y119.389 E71.66167
G1 X110.322 Y119.381 E71.66322
G1 X110.541 Y119.347 E71.666
G0 F7200 X110.645 Y119.319
G0 X110.645 Y119.412
G0 X110.323 Y119.627
;TYPE:SKIN
G1 F1800 X110.019 Y119.648 E71.6674
G1 X109.768 Y119.617 E71.66856
G0 F7200 X109.95 Y119.8
G1 F1500 E65.16856
G0 F7200 X109.95 Y119.799
G0 X111.51 Y119.457
G0 X116.49 Y119.459
G0 X118.545 Y119.443
G1 F1500 E71.66856
G0 F7200 X118.541 Y119.347
;TYPE:WALL-OUTER
G1 F1800 X118.645 Y119.319 E71.66991
G1 X118.646 Y119.805 E71.67601
G1 X118.463 Y119.854 E71.67838
G1 X118.269 Y119.884 E71.68084
G1 X118.189 Y119.892 E71.68185
G1 X117.908 Y119.898 E71.68538
G1 X117.812 Y119.892 E71.68658
G1 X117.731 Y119.884 E71.6876
G1 X117.536 Y119.854 E71.69008
G1 X117.355 Y119.805 E71.69243
G1 X117.355 Y119.319 E71.69852
G1 X117.459 Y119.347 E71.69988
G1 X117.675 Y119.38 E71.70262
G1 X117.784 Y119.391 E71.70399
G1 X117.896 Y119.398 E71.7054
G1 X118.212 Y119.392 E71.70936
G1 X118.325 Y119.38 E71.71079
G1 X118.541 Y119.347 E71.71353
G0 F7200 X118.645 Y119.319
G0 X118.645 Y119.412
G0 X118.232 Y119.637
;TYPE:SKIN
G1 F1800 X117.941 Y119.645 E71.71507
G1 X117.678 Y119.625 E71.71647
G0 F7200 X117.625 Y119.776
G1 F1500 E65.21647
G0 F7200 X117.627 Y119.768
G0 X118.545 Y119.366
G0 X118.267 Y116.865
G1 F1500 E71.71647
G0 F7200 X118.541 Y116.347
;TYPE:WALL-OUTER
G1 F1800 X118.645 Y116.319 E71.71782
G1 X118.645 Y116.805 E71.72392
G1 X118.464 Y116.854 E71.72627
G1 X118.269 Y116.884 E71.72874
G1 X118.189 Y116.892 E71.72975
G1 X117.908 Y116.898 E71.73327
G1 X117.812 Y116.892 E71.73448
G1 X117.731 Y116.884 E71.7355
G1 X117.536 Y116.854 E71.73798
G1 X117.355 Y116.805 E71.74033
G1 X117.355 Y116.319 E71.74642
G1 X117.459 Y116.347 E71.74777
G1 X117.675 Y116.38 E71.75051
G1 X117.784 Y116.391 E71.75189
G1 X117.896 Y116.398 E71.75329
G1 X118.212 Y116.392 E71.75726
G1 X118.325 Y116.38 E71.75868
G1 X118.541 Y116.347 E71.76142
G0 F7200 X118.645 Y116.319
G0 X118.645 Y116.412
G0 X118.409 Y116.631
;TYPE:SKIN
G1 F1800 X118.115 Y116.643 E71.76261
G1 X117.587 Y116.606 E71.76475
G0 F7200 X117.779 Y116.488
G1 F1500 E65.26475
G0 F7200 X117.776 Y116.49
G0 X118.267 Y113.865
G1 F1500 E71.76475
G0 F7200 X118.541 Y113.347
;TYPE:WALL-OUTER
G1 F1800 X118.645 Y113.319 E71.7661
G1 X118.646 Y113.805 E71.77219
G1 X118.463 Y113.854 E71.77457
G1 X118.269 Y113.884 E71.77703
G1 X118.189 Y113.892 E71.77804
G1 X117.908 Y113.898 E71.78156
G1 X117.812 Y113.892 E71.78277
G1 X117.731 Y113.884 E71.78379
G1 X117.536 Y113.854 E71.78627
G1 X117.355 Y113.805 E71.78862
G1 X117.355 Y113.319 E71.79471
G1 X117.459 Y113.347 E71.79606
G1 X117.675 Y113.38 E71.7988
G1 X117.784 Y113.391 E71.80018
G1 X117.896 Y113.398 E71.80158
G1 X118.212 Y113.392 E71.80555
G1 X118.325 Y113.38 E71.80697
G1 X118.541 Y113.347 E71.80971
G0 F7200 X118.645 Y113.319
G0 X118.645 Y113.412
G0 X118.299 Y113.631
;TYPE:SKIN
G1 F1800 X118.001 Y113.645 E71.81129
G1 X117.731 Y113.633 E71.81271
G0 F7200 X117.684 Y113.784
G1 F1500 E65.31271
G0 F7200 X117.686 Y113.777
G0 X118.267 Y110.865
G1 F1500 E71.81271
G0 F7200 X118.541 Y110.347
;TYPE:WALL-OUTER
G1 F1800 X118.645 Y110.319 E71.81406
G1 X118.645 Y110.805 E71.82016
G1 X118.464 Y110.854 E71.82251
G1 X118.269 Y110.884 E71.82498
G1 X118.189 Y110.892 E71.82599
G1 X117.908 Y110.898 E71.82951
G1 X117.812 Y110.892 E71.83072
G1 X117.731 Y110.884 E71.83174
G1 X117.536 Y110.854 E71.83422
G1 X117.355 Y110.805 E71.83657
G1 X117.355 Y110.319 E71.84266
G1 X117.459 Y110.347 E71.84401
G1 X117.675 Y110.38 E71.84675
G1 X117.784 Y110.391 E71.84813
G1 X117.896 Y110.398 E71.84953
G1 X118.212 Y110.392 E71.8535
G1 X118.325 Y110.38 E71.85492
G1 X118.541 Y110.347 E71.85766
G0 F7200 X118.645 Y110.319
G0 X118.645 Y110.412
G0 X118.177 Y110.641
;TYPE:SKIN
G1 F1800 X117.891 Y110.645 E71.85914
G1 X117.632 Y110.62 E71.86049
G0 F7200 X117.571 Y110.769
G1 F1500 E65.36049
G0 F7200 X117.574 Y110.76
G0 X118.625 Y110.444
G0 X124.49 Y110.444
G0 X126.545 Y110.444
G1 F1500 E71.86049
G0 F7200 X126.541 Y110.347
;TYPE:WALL-OUTER
G1 F1800 X126.645 Y110.319 E71.86184
G1 X126.645 Y110.805 E71.86793
G1 X126.464 Y110.854 E71.87029
G1 X126.269 Y110.884 E71.87276
G1 X126.188 Y110.892 E71.87378
G1 X126.092 Y110.898 E71.87499
G1 X125.812 Y110.892 E71.8785
G1 X125.731 Y110.884 E71.87952
G1 X125.536 Y110.854 E71.88199
G1 X125.355 Y110.805 E71.88435
G1 X125.355 Y110.319 E71.89044
G1 X125.459 Y110.347 E71.89179
G1 X125.675 Y110.38 E71.89453
G1 X125.788 Y110.392 E71.89596
G1 X126.104 Y110.398 E71.89992
G1 X126.216 Y110.391 E71.90133
G1 X126.325 Y110.38 E71.9027
G1 X126.541 Y110.347 E71.90544
G0 F7200 X126.645 Y110.319
G0 X126.645 Y110.412
G0 X126.397 Y110.624
;TYPE:SKIN
G1 F1800 X126.092 Y110.646 E71.90672
G1 X125.578 Y110.595 E71.90889
G0 F7200 X125.737 Y110.791
G1 F1500 E65.40889
G0 F7200 X125.738 Y110.785
G0 X126.633 Y113.334
G1 F1500 E71.90889
G0 F7200 X126.541 Y113.347
;TYPE:WALL-OUTER
G1 F1800 X126.645 Y113.319 E71.91024
G1 X126.646 Y113.805 E71.91633
G1 X126.463 Y113.854 E71.91871
G1 X126.269 Y113.884 E71.92117
G1 X126.188 Y113.892 E71.92219
G1 X126.092 Y113.898 E71.9234
G1 X125.812 Y113.892 E71.92691
G1 X125.731 Y113.884 E71.92793
G1 X125.536 Y113.854 E71.9304
G1 X125.355 Y113.805 E71.93275
G1 X125.355 Y113.319 E71.93885
G1 X125.459 Y113.347 E71.9402
G1 X125.675 Y113.38 E71.94294
G1 X125.788 Y113.392 E71.94436
G1 X126.104 Y113.398 E71.94833
G1 X126.216 Y113.391 E71.94974
G1 X126.325 Y113.38 E71.95111
G1 X126.541 Y113.347 E71.95385
G0 F7200 X126.645 Y113.319
G0 X126.645 Y113.412
G0 X126.21 Y113.639
;TYPE:SKIN
G1 F1800 X125.923 Y113.643 E71.95537
G1 X125.66 Y113.624 E71.95676
G0 F7200 X125.599 Y113.773
G1 F1500 E65.45676
G0 F7200 X125.601 Y113.764
G0 X126.633 Y116.334
G1 F1500 E71.95676
G0 F7200 X126.541 Y116.347
;TYPE:WALL-OUTER
G1 F1800 X126.645 Y116.319 E71.95811
G1 X126.645 Y116.805 E71.96421
G1 X126.464 Y116.854 E71.96656
G1 X126.269 Y116.884 E71.96903
G1 X126.188 Y116.892 E71.97005
G1 X126.092 Y116.898 E71.97126
G1 X125.812 Y116.892 E71.97477
G1 X125.731 Y116.884 E71.97579
G1 X125.536 Y116.854 E71.97827
G1 X125.355 Y116.805 E71.98062
G1 X125.355 Y116.319 E71.98671
G1 X125.459 Y116.347 E71.98806
G1 X125.675 Y116.38 E71.9908
G1 X125.788 Y116.392 E71.99223
G1 X126.104 Y116.398 E71.99619
G1 X126.216 Y116.391 E71.9976
G1 X126.325 Y116.38 E71.99897
G1 X126.541 Y116.347 E72.00171
G0 F7200 X126.645 Y116.319
G0 X126.645 Y116.412
G0 X126.335 Y116.625
;TYPE:SKIN
G1 F1800 X126.032 Y116.646 E72.0033
G1 X125.76 Y116.635 E72.00471
G0 F7200 X125.709 Y116.788
G1 F1500 E65.50471
G0 F7200 X125.711 Y116.781
G0 X126.633 Y119.334
G1 F1500 E72.00471
G0 F7200 X126.541 Y119.347
;TYPE:WALL-OUTER
G1 F1800 X126.645 Y119.319 E72.00607
G1 X126.646 Y119.805 E72.01216
G1 X126.463 Y119.854 E72.01454
G1 X126.269 Y119.884 E72.017
G1 X126.188 Y119.892 E72.01802
G1 X126.092 Y119.898 E72.01922
G1 X125.812 Y119.892 E72.02274
G1 X125.731 Y119.884 E72.02376
G1 X125.536 Y119.854 E72.02623
G1 X125.355 Y119.805 E72.02858
G1 X125.355 Y119.319 E72.03468
G1 X125.459 Y119.347 E72.03603
G1 X125.675 Y119.38 E72.03877
G1 X125.788 Y119.392 E72.04019
G1 X126.104 Y119.398 E72.04416
G1 X126.216 Y119.391 E72.04556
G1 X126.325 Y119.38 E72.04694
G1 X126.541 Y119.347 E72.04968
G0 F7200 X126.645 Y119.319
G0 X126.645 Y119.412
G0 X126.427 Y119.644
;TYPE:SKIN
G1 F1800 X126.145 Y119.644 E72.05076
G1 X125.608 Y119.616 E72.05283
G0 F7200 X125.571 Y119.769
G1 F1500 E65.55283
G0 F7200 X125.574 Y119.76
G0 X126.633 Y119.334
G0 X132.49 Y116.793
G0 X134.62 Y116.947
G1 F1500 E72.05283
G0 F7200 X134.573 Y117.035
;TYPE:WALL-OUTER
G1 F1800 X134.201 Y116.915 E72.05773
G1 X133.806 Y116.891 E72.06269
G1 X133.731 Y116.884 E72.06363
G1 X133.536 Y116.854 E72.06611
G1 X133.355 Y116.805 E72.06846
G1 X133.355 Y116.319 E72.07455
G1 X133.459 Y116.347 E72.07591
G1 X133.676 Y116.381 E72.07866
G1 X133.853 Y116.396 E72.08089
G1 X133.91 Y116.396 E72.0816
G1 X134.266 Y116.421 E72.08608
G1 X134.675 Y116.536 E72.09141
G1 X134.919 Y116.661 E72.09484
G1 X135.019 Y116.727 E72.09635
G1 X135.337 Y117.021 E72.10178
G1 X135.409 Y117.113 E72.10324
G1 X135.616 Y117.482 E72.10855
G1 X135.727 Y117.878 E72.11371
G1 X135.743 Y118.293 E72.11891
G1 X135.729 Y118.416 E72.12047
G1 X135.616 Y118.818 E72.1257
G1 X135.409 Y119.187 E72.13101
G1 X135.337 Y119.279 E72.13247
G1 X135.019 Y119.573 E72.1379
G1 X134.925 Y119.636 E72.13932
G1 X134.532 Y119.817 E72.14475
G1 X134.418 Y119.849 E72.14623
G1 X133.988 Y119.899 E72.15166
G1 X133.857 Y119.895 E72.15331
G1 X133.731 Y119.884 E72.15489
G1 X133.536 Y119.854 E72.15737
G1 X133.355 Y119.805 E72.15972
G1 X133.355 Y119.319 E72.16581
G1 X133.459 Y119.347 E72.16716
G1 X133.675 Y119.38 E72.1699
G1 X133.786 Y119.392 E72.1713
G1 X133.995 Y119.4 E72.17393
G1 X134.109 Y119.396 E72.17536
G1 X134.467 Y119.31 E72.17997
G1 X134.582 Y119.258 E72.18156
G1 X134.944 Y118.972 E72.18734
G1 X135.068 Y118.801 E72.18999
G1 X135.191 Y118.536 E72.19365
G1 X135.249 Y118.24 E72.19744
G1 X135.193 Y117.767 E72.20341
G1 X135.018 Y117.425 E72.20823
G1 X134.941 Y117.326 E72.2098
G1 X134.573 Y117.035 E72.21568
G0 F7200 X134.383 Y116.974
G0 X134.436 Y116.727
;TYPE:SKIN
G1 F1800 X134.645 Y116.8 E72.2165
G1 X135.246 Y117.331 E72.21943
G1 X135.473 Y117.953 E72.22186
G1 X135.434 Y118.557 E72.22408
G1 X135.048 Y119.226 E72.22691
G1 X134.408 Y119.583 E72.22959
G1 X133.787 Y119.638 E72.23187
G1 X133.565 Y119.578 E72.23272
G0 F7200 X133.549 Y119.595
G0 X134.602 Y119.292
G0 X135.288 Y118.241
G0 X134.663 Y117.057
G0 X133.949 Y116.648
G1 F1800 X134.211 Y116.669 E72.23364
G1 X133.687 Y116.627 E72.23549
G0 F7200 X133.646 Y116.781
G1 F1500 E65.73549
G0 F7200 X133.648 Y116.771
G0 X134.036 Y113.897
G0 X134.62 Y110.947
G1 F1500 E72.23549
G0 F7200 X134.573 Y111.035
;TYPE:WALL-OUTER
G1 F1800 X134.201 Y110.915 E72.2404
G1 X133.806 Y110.891 E72.24536
G1 X133.731 Y110.884 E72.2463
G1 X133.536 Y110.854 E72.24878
G1 X133.355 Y110.805 E72.25113
G1 X133.355 Y110.319 E72.25722
G1 X133.459 Y110.347 E72.25857
G1 X133.676 Y110.381 E72.26133
G1 X133.853 Y110.396 E72.26356
G1 X133.91 Y110.396 E72.26427
G1 X134.269 Y110.421 E72.26878
G1 X134.537 Y110.485 E72.27224
G1 X134.917 Y110.661 E72.27749
G1 X135.133 Y110.818 E72.28084
G1 X135.414 Y111.122 E72.28603
G1 X135.616 Y111.482 E72.29121
G1 X135.727 Y111.878 E72.29636
G1 X135.743 Y112.293 E72.30157
G1 X135.729 Y112.416 E72.30313
G1 X135.616 Y112.818 E72.30836
G1 X135.409 Y113.187 E72.31367
G1 X135.337 Y113.279 E72.31513
G1 X135.019 Y113.573 E72.32056
G1 X134.925 Y113.636 E72.32198
G1 X134.537 Y113.815 E72.32734
G1 X134.269 Y113.879 E72.3308
G1 X133.999 Y113.9 E72.33419
G1 X133.857 Y113.895 E72.33597
G1 X133.731 Y113.884 E72.33756
G1 X133.536 Y113.854 E72.34003
G1 X133.355 Y113.805 E72.34239
G1 X133.355 Y113.319 E72.34848
G1 X133.459 Y113.347 E72.34983
G1 X133.675 Y113.38 E72.35257
G1 X133.786 Y113.392 E72.35397
G1 X133.995 Y113.4 E72.35659
G1 X134.105 Y113.396 E72.35797
G1 X134.382 Y113.341 E72.36152
G1 X134.579 Y113.26 E72.36419
G1 X134.944 Y112.972 E72.37002
G1 X135.068 Y112.801 E72.37267
G1 X135.194 Y112.529 E72.37643
G1 X135.249 Y112.06 E72.38235
G1 X135.191 Y111.764 E72.38613
G1 X135.068 Y111.499 E72.38979
G1 X134.944 Y111.328 E72.39244
G1 X134.573 Y111.035 E72.39837
G0 F7200 X134.383 Y110.974
G0 X134.483 Y110.74
;TYPE:SKIN
G1 F1800 X134.686 Y110.82 E72.39903
G1 X135.272 Y111.366 E72.40147
G1 X135.488 Y111.998 E72.40349
G1 X135.395 Y112.657 E72.40551
G1 X135.179 Y113.156 E72.40717
G1 X134.496 Y113.556 E72.40957
G1 X133.844 Y113.642 E72.41156
G1 X133.591 Y113.612 E72.41234
G0 F7200 X133.549 Y113.655
G0 X134.599 Y113.294
G0 X135.288 Y112.059
G0 X134.665 Y111.058
G0 X133.694 Y110.682
G0 X133.741 Y110.634
G1 F1800 X134.006 Y110.652 E72.41367
G1 X134.265 Y110.675 E72.41498
G0 F7200 X134.355 Y110.544
G1 F1500 E65.91498
;MESH:NONMESH
G0 F600 X134.355 Y110.544 Z17.4
G0 F7200 X133.375 Y110.785
G0 X126.112 Y111.762
G0 X117.616 Y111.741
G0 X111.51 Y110.785
G0 X110.3 Y110.785
G1 F1500 E72.41498
G0 F7200 X110.269 Y110.884
;TIME_ELAPSED:883.823563
;LAYER:86
;TYPE:WALL-OUTER
;MESH:output_v2\A_fina_suporte.stl
G1 F1800 X110.2 Y110.891 E72.41585
G1 X110.2 Y110.393 E72.42209
G1 X110.325 Y110.38 E72.42367
G1 X110.435 Y110.363 E72.42507
G1 X110.435 Y110.858 E72.42887
G1 X110.269 Y110.884 E72.43097
G0 F7200 X110.2 Y110.891
G0 X110.2 Y110.76
G1 F1500 E65.93097
G0 F7200 X110.3 Y110.76
G0 X110.423 Y113.378
G0 X109.328 Y114.046
G0 X108.723 Y114.953
G0 X109.027 Y115.976
G1 F1500 E72.43097
G0 F7200 X109.61 Y116.34
G1 F1800 X109.896 Y116.397 E72.43463
G1 X110.042 Y116.4 E72.43646
G1 X110.255 Y116.388 E72.43914
G1 X110.435 Y116.364 E72.44142
G1 X110.435 Y116.858 E72.44761
G1 X110.269 Y116.884 E72.44972
G1 X110.143 Y116.895 E72.4513
G1 X110.003 Y116.9 E72.45306
G1 X109.734 Y116.879 E72.45644
G1 X109.332 Y116.766 E72.46168
G1 X108.972 Y116.564 E72.46686
G1 X108.663 Y116.279 E72.47213
G1 X108.591 Y116.187 E72.47359
G1 X108.38 Y115.811 E72.479
G1 X108.301 Y115.567 E72.48222
G1 X108.251 Y115.14 E72.48761
G1 X108.255 Y115.019 E72.48913
G1 X108.299 Y114.745 E72.49261
G1 X108.444 Y114.352 E72.49786
G1 X108.587 Y114.118 E72.5013
G1 X108.663 Y114.021 E72.50284
G1 X108.976 Y113.732 E72.50819
G1 X109.202 Y113.594 E72.51151
G1 X109.591 Y113.45 E72.51671
G1 X110.019 Y113.4 E72.52211
G1 X110.214 Y113.392 E72.52456
G1 X110.325 Y113.38 E72.52596
G1 X110.435 Y113.363 E72.52736
G1 X110.436 Y113.858 E72.53356
G1 X110.269 Y113.884 E72.53568
G1 X110.143 Y113.895 E72.53727
G1 X110.051 Y113.898 E72.53842
G1 X109.794 Y113.915 E72.54165
G1 X109.348 Y114.08 E72.54762
G1 X109.051 Y114.334 E72.55252
G1 X108.882 Y114.585 E72.55631
G1 X108.762 Y114.958 E72.56123
G1 X108.78 Y115.43 E72.56715
G1 X108.848 Y115.64 E72.56992
G1 X109.107 Y116.026 E72.57575
G1 X109.271 Y116.166 E72.57845
G1 X109.61 Y116.34 E72.58323
G0 F7200 X109.806 Y116.379
G0 X109.846 Y116.634
;TYPE:SKIN
G1 F1800 X110.137 Y116.642 E72.58439
G1 X109.456 Y116.527 E72.58715
G0 F7200 X108.609 Y115.68
G1 F1800 X108.521 Y115.309 E72.58864
G1 X108.627 Y114.567 E72.59156
G1 X108.977 Y114.068 E72.59393
G1 X109.507 Y113.75 E72.59634
G1 X110.216 Y113.61 E72.59915
G0 F7200 X110.053 Y113.8
G1 F1500 E66.09915
G0 F7200 X110.054 Y113.797
G0 X109.022 Y114.308
G0 X108.741 Y115.436
G0 X110.142 Y116.876
G0 X110.423 Y119.378
G1 F1500 E72.59915
G0 F7200 X110.323 Y119.381
;TYPE:WALL-OUTER
G1 F1800 X110.435 Y119.363 E72.60057
G1 X110.436 Y119.858 E72.60678
G1 X110.269 Y119.884 E72.6089
G1 X110.114 Y119.897 E72.61085
G1 X109.947 Y119.9 E72.61294
G1 X109.67 Y119.9 E72.61642
G1 X109.67 Y119.4 E72.62269
G1 X110.041 Y119.4 E72.62734
G1 X110.118 Y119.394 E72.62831
G1 X110.186 Y119.392 E72.62916
G1 X110.323 Y119.381 E72.63089
G0 F7200 X110.435 Y119.363
G0 X110.435 Y119.45
G0 X110.084 Y119.701
;TYPE:SKIN
G1 F1800 X109.977 Y119.594 E72.63183
G0 F7200 X109.972 Y119.499
G1 F1500 E66.13183
G0 F7200 X109.972 Y119.5
G0 X111.301 Y119.844
G0 X116.7 Y119.846
G0 X118.183 Y119.791
G1 F1500 E72.63183
G0 F7200 X118.189 Y119.892
;TYPE:WALL-OUTER
G1 F1800 X117.909 Y119.898 E72.63535
G1 X117.776 Y119.889 E72.63702
G1 X117.731 Y119.884 E72.63759
G1 X117.565 Y119.858 E72.63969
G1 X117.565 Y119.364 E72.64589
G1 X117.676 Y119.381 E72.6473
G1 X117.896 Y119.398 E72.65006
G1 X118.212 Y119.392 E72.65403
G1 X118.325 Y119.38 E72.65545
G1 X118.435 Y119.363 E72.65685
G1 X118.436 Y119.858 E72.66306
G1 X118.269 Y119.884 E72.66517
G1 X118.189 Y119.892 E72.66618
G0 F7200 X117.989 Y119.896
G0 X117.949 Y119.646
;TYPE:SKIN
G1 F1800 X118.206 Y119.621 E72.66773
G0 F7200 X118.033 Y119.495
G1 F1500 E66.16773
G0 F7200 X118.032 Y119.496
G0 X118.188 Y116.873
G1 F1500 E72.66773
G0 F7200 X118.189 Y116.892
;TYPE:WALL-OUTER
G1 F1800 X117.909 Y116.898 E72.67124
G1 X117.776 Y116.889 E72.67291
G1 X117.731 Y116.884 E72.67348
G1 X117.565 Y116.858 E72.67559
G1 X117.565 Y116.364 E72.68178
G1 X117.676 Y116.381 E72.68319
G1 X117.896 Y116.398 E72.68596
G1 X118.212 Y116.392 E72.68992
G1 X118.325 Y116.38 E72.69134
G1 X118.435 Y116.363 E72.69274
G1 X118.435 Y116.858 E72.69895
G1 X118.269 Y116.884 E72.70105
G1 X118.189 Y116.892 E72.70206
G0 F7200 X117.989 Y116.896
G0 X118.059 Y116.645
;TYPE:SKIN
G1 F1800 X117.793 Y116.662 E72.7036
G0 F7200 X117.967 Y116.797
G1 F1500 E66.2036
G0 F7200 X117.968 Y116.796
G0 X118.188 Y113.873
G1 F1500 E72.7036
G0 F7200 X118.189 Y113.892
;TYPE:WALL-OUTER
G1 F1800 X117.909 Y113.898 E72.70711
G1 X117.776 Y113.889 E72.70879
G1 X117.731 Y113.884 E72.70935
G1 X117.565 Y113.858 E72.71146
G1 X117.565 Y113.364 E72.71766
G1 X117.676 Y113.381 E72.71906
G1 X117.896 Y113.398 E72.72183
G1 X118.212 Y113.392 E72.72579
G1 X118.325 Y113.38 E72.72722
G1 X118.435 Y113.363 E72.72862
G1 X118.436 Y113.858 E72.73482
G1 X118.269 Y113.884 E72.73694
G1 X118.189 Y113.892 E72.73795
G0 F7200 X117.989 Y113.896
G0 X117.887 Y113.645
;TYPE:SKIN
G1 F1800 X118.166 Y113.64 E72.73988
G0 F7200 X118.203 Y113.793
G1 F1500 E66.23988
G0 F7200 X118.203 Y113.789
G0 X118.188 Y110.873
G1 F1500 E72.73988
G0 F7200 X118.189 Y110.892
;TYPE:WALL-OUTER
G1 F1800 X117.909 Y110.898 E72.74339
G1 X117.776 Y110.889 E72.74506
G1 X117.731 Y110.884 E72.74563
G1 X117.565 Y110.858 E72.74773
G1 X117.565 Y110.364 E72.75393
G1 X117.676 Y110.381 E72.75534
G1 X117.896 Y110.398 E72.7581
G1 X118.212 Y110.392 E72.76207
G1 X118.325 Y110.38 E72.76349
G1 X118.435 Y110.363 E72.76489
G1 X118.435 Y110.858 E72.7711
G1 X118.269 Y110.884 E72.7732
G1 X118.189 Y110.892 E72.77421
G0 F7200 X117.989 Y110.896
G0 X118.053 Y110.699
;TYPE:SKIN
G1 F1800 X117.946 Y110.592 E72.77516
G0 F7200 X117.944 Y110.497
G1 F1500 E66.27516
G0 F7200 X117.943 Y110.498
G0 X119.3 Y110.785
G0 X124.7 Y110.785
G0 X126.259 Y110.785
G1 F1500 E72.77516
G0 F7200 X126.269 Y110.884
;TYPE:WALL-OUTER
G1 F1800 X126.091 Y110.898 E72.7774
G1 X125.812 Y110.892 E72.7809
G1 X125.731 Y110.884 E72.78192
G1 X125.565 Y110.858 E72.78403
G1 X125.565 Y110.363 E72.79023
G1 X125.675 Y110.38 E72.79163
G1 X125.788 Y110.392 E72.79306
G1 X126.105 Y110.398 E72.79703
G1 X126.256 Y110.388 E72.79893
G1 X126.435 Y110.364 E72.80119
G1 X126.435 Y110.858 E72.80739
G1 X126.269 Y110.884 E72.8095
G0 F7200 X126.091 Y110.898
G0 X126.069 Y110.898
G0 X125.917 Y110.644
;TYPE:SKIN
G1 F1800 X126.193 Y110.636 E72.81129
G0 F7200 X126.039 Y110.497
G1 F1500 E66.31129
G0 F7200 X126.424 Y113.366
G1 F1500 E72.81129
G0 F7200 X126.269 Y113.884
;TYPE:WALL-OUTER
G1 F1800 X126.091 Y113.898 E72.81353
G1 X125.812 Y113.892 E72.81703
G1 X125.731 Y113.884 E72.81805
G1 X125.565 Y113.858 E72.82016
G1 X125.565 Y113.363 E72.82636
G1 X125.675 Y113.38 E72.82776
G1 X125.788 Y113.392 E72.82918
G1 X126.105 Y113.398 E72.83316
G1 X126.256 Y113.388 E72.83506
G1 X126.435 Y113.364 E72.83732
G1 X126.436 Y113.858 E72.84352
G1 X126.269 Y113.884 E72.84564
G0 F7200 X126.091 Y113.898
G0 X126.069 Y113.898
G0 X126.089 Y113.644
;TYPE:SKIN
G1 F1800 X125.808 Y113.646 E72.84747
G0 F7200 X125.961 Y113.795
G1 F1500 E66.34747
G0 F7200 X126.424 Y116.366
G1 F1500 E72.84747
G0 F7200 X126.269 Y116.884
;TYPE:WALL-OUTER
G1 F1800 X126.091 Y116.898 E72.84971
G1 X125.812 Y116.892 E72.85321
G1 X125.731 Y116.884 E72.85423
G1 X125.565 Y116.858 E72.85634
G1 X125.565 Y116.363 E72.86255
G1 X125.675 Y116.38 E72.86394
G1 X125.788 Y116.392 E72.86537
G1 X126.105 Y116.398 E72.86935
G1 X126.256 Y116.388 E72.87124
G1 X126.435 Y116.364 E72.87351
G1 X126.435 Y116.858 E72.8797
G1 X126.269 Y116.884 E72.88181
G0 F7200 X126.091 Y116.898
G0 X126.069 Y116.898
G0 X125.979 Y116.645
;TYPE:SKIN
G1 F1800 X126.221 Y116.605 E72.8831
G0 F7200 X126.032 Y116.796
G1 F1500 E66.3831
G0 F7200 X126.424 Y119.366
G1 F1500 E72.8831
G0 F7200 X126.269 Y119.884
;TYPE:WALL-OUTER
G1 F1800 X126.091 Y119.898 E72.88534
G1 X125.812 Y119.892 E72.88884
G1 X125.731 Y119.884 E72.88986
G1 X125.565 Y119.858 E72.89197
G1 X125.565 Y119.363 E72.89818
G1 X125.675 Y119.38 E72.89957
G1 X125.788 Y119.392 E72.901
G1 X126.105 Y119.398 E72.90497
G1 X126.256 Y119.388 E72.90687
G1 X126.435 Y119.364 E72.90914
G1 X126.436 Y119.858 E72.91533
G1 X126.269 Y119.884 E72.91745
G0 F7200 X126.091 Y119.898
G0 X126.069 Y119.898
G0 X126.148 Y119.642
;TYPE:SKIN
G1 F1800 X125.865 Y119.643 E72.9193
G0 F7200 X125.837 Y119.491
G1 F1500 E66.4193
G0 F7200 X125.837 Y119.492
G0 X127.3 Y119.377
G0 X132.7 Y116.845
G0 X134.62 Y116.947
G1 F1500 E72.9193
G0 F7200 X134.573 Y117.035
;TYPE:WALL-OUTER
G1 F1800 X134.201 Y116.915 E72.9242
G1 X133.862 Y116.895 E72.92846
G1 X133.731 Y116.884 E72.93011
G1 X133.565 Y116.858 E72.93222
G1 X133.565 Y116.364 E72.93841
G1 X133.676 Y116.381 E72.93982
G1 X133.825 Y116.394 E72.9417
G1 X133.993 Y116.4 E72.9438
G1 X134.266 Y116.421 E72.94724
G1 X134.675 Y116.536 E72.95257
G1 X134.919 Y116.661 E72.956
G1 X135.019 Y116.727 E72.95751
G1 X135.337 Y117.021 E72.96294
G1 X135.409 Y117.113 E72.9644
G1 X135.616 Y117.482 E72.96971
G1 X135.727 Y117.878 E72.97486
G1 X135.743 Y118.293 E72.98007
G1 X135.729 Y118.416 E72.98163
G1 X135.616 Y118.818 E72.98686
G1 X135.409 Y119.187 E72.99217
G1 X135.337 Y119.279 E72.99363
G1 X135.019 Y119.573 E72.99906
G1 X134.925 Y119.636 E73.00048
G1 X134.532 Y119.817 E73.00591
G1 X134.418 Y119.849 E73.00739
G1 X133.989 Y119.899 E73.01281
G1 X133.857 Y119.895 E73.01447
G1 X133.731 Y119.884 E73.01605
G1 X133.565 Y119.858 E73.01816
G1 X133.565 Y119.363 E73.02437
G1 X133.675 Y119.38 E73.02576
G1 X133.787 Y119.392 E73.02718
G1 X134.03 Y119.4 E73.03022
G1 X134.111 Y119.396 E73.03124
G1 X134.467 Y119.31 E73.03583
G1 X134.582 Y119.258 E73.03742
G1 X134.944 Y118.972 E73.0432
G1 X135.068 Y118.801 E73.04585
G1 X135.191 Y118.536 E73.04951
G1 X135.249 Y118.24 E73.0533
G1 X135.193 Y117.767 E73.05927
G1 X135.018 Y117.425 E73.06409
G1 X134.941 Y117.326 E73.06566
G1 X134.573 Y117.035 E73.07154
G0 F7200 X134.383 Y116.974
G0 X134.205 Y116.669
;TYPE:SKIN
G1 F1800 X133.9 Y116.647 E73.0728
G1 X134.621 Y116.802 E73.07582
G0 F7200 X135.341 Y117.522
G1 F1800 X135.467 Y117.931 E73.07754
G1 X135.39 Y118.702 E73.08065
G1 X135.046 Y119.207 E73.08311
G1 X134.533 Y119.543 E73.08557
G1 X133.799 Y119.657 E73.08855
G0 F7200 X133.959 Y119.798
G1 F1500 E66.58855
G0 F7200 X134.972 Y118.999
G0 X135.231 Y117.756
G0 X134.197 Y116.435
G0 X134 Y113.881
G0 X134.972 Y112.999
G0 X135.102 Y111.479
G1 F1500 E73.08855
G0 F7200 X134.573 Y111.035
;TYPE:WALL-OUTER
G1 F1800 X134.201 Y110.915 E73.09346
G1 X133.862 Y110.895 E73.09771
G1 X133.731 Y110.884 E73.09936
G1 X133.565 Y110.858 E73.10147
G1 X133.565 Y110.364 E73.10767
G1 X133.676 Y110.381 E73.10907
G1 X133.825 Y110.394 E73.11095
G1 X133.993 Y110.4 E73.11306
G1 X134.269 Y110.421 E73.11653
G1 X134.537 Y110.485 E73.11998
G1 X134.917 Y110.661 E73.12524
G1 X135.133 Y110.818 E73.12858
G1 X135.414 Y111.122 E73.13378
G1 X135.616 Y111.482 E73.13895
G1 X135.727 Y111.878 E73.14411
G1 X135.743 Y112.293 E73.14932
G1 X135.729 Y112.416 E73.15087
G1 X135.616 Y112.818 E73.15611
G1 X135.409 Y113.187 E73.16141
G1 X135.337 Y113.279 E73.16288
G1 X135.019 Y113.573 E73.16831
G1 X134.925 Y113.636 E73.16973
G1 X134.537 Y113.815 E73.17509
G1 X134.269 Y113.879 E73.17854
G1 X134 Y113.9 E73.18192
G1 X133.857 Y113.895 E73.18372
G1 X133.731 Y113.884 E73.18531
G1 X133.565 Y113.858 E73.18741
G1 X133.565 Y113.363 E73.19362
G1 X133.675 Y113.38 E73.19502
G1 X133.787 Y113.392 E73.19643
G1 X134.03 Y113.4 E73.19948
G1 X134.107 Y113.396 E73.20044
G1 X134.382 Y113.341 E73.20396
G1 X134.579 Y113.26 E73.20663
G1 X134.944 Y112.972 E73.21246
G1 X135.068 Y112.801 E73.21511
G1 X135.194 Y112.529 E73.21887
G1 X135.249 Y112.06 E73.22479
G1 X135.191 Y111.764 E73.22857
G1 X135.068 Y111.499 E73.23224
G1 X134.944 Y111.328 E73.23489
G1 X134.573 Y111.035 E73.24082
G0 F7200 X134.383 Y110.974
G0 X134.505 Y110.746
;TYPE:SKIN
G1 F1800 X134.136 Y110.66 E73.24294
G1 X133.836 Y110.643 E73.24462
G0 F7200 X133.779 Y110.586
G0 X135.303 Y111.544
G0 X135.391 Y111.633
G1 F1800 X135.481 Y112.005 E73.24614
G1 X135.369 Y112.741 E73.2491
G1 X135.013 Y113.234 E73.25152
G1 X134.492 Y113.562 E73.25397
G1 X134.01 Y113.645 E73.25592
G0 F7200 X133.96 Y113.499
G1 F1500 E66.75592
;MESH:NONMESH
G0 F600 X133.96 Y113.499 Z17.6
G0 F7200 X132.7 Y113.378
G0 X127.283 Y112.278
G0 X117.365 Y111.703
G0 X111.3 Y110.845
G0 X110.3 Y110.789
G1 F1500 E73.25592
G0 F7200 X110.216 Y110.889
;TIME_ELAPSED:895.291444
;LAYER:87
;TYPE:WALL-OUTER
;MESH:output_v2\A_fina_suporte.stl
G1 F1800 X110.2 Y110.891 E73.25612
G1 X110.2 Y110.392 E73.26238
G1 X110.216 Y110.391 E73.26258
G1 X110.216 Y110.889 E73.26284
G0 F7200 X110.2 Y110.891
G0 X110.2 Y110.707
G1 F1500 E66.76284
G0 F7200 X110.166 Y110.707
G0 X110.203 Y113.405
G0 X109.022 Y114.308
G0 X108.741 Y115.436
G0 X109.578 Y116.434
G1 F1500 E73.26284
G0 F7200 X109.61 Y116.34
G1 F1800 X109.905 Y116.396 E73.26661
G1 X110.004 Y116.4 E73.26785
G1 X110.216 Y116.391 E73.27051
G1 X110.216 Y116.889 E73.27676
G1 X110.143 Y116.895 E73.27767
G1 X110.003 Y116.9 E73.27943
G1 X109.734 Y116.879 E73.28281
G1 X109.332 Y116.766 E73.28805
G1 X108.972 Y116.564 E73.29323
G1 X108.663 Y116.279 E73.2985
G1 X108.591 Y116.187 E73.29996
G1 X108.38 Y115.811 E73.30537
G1 X108.301 Y115.567 E73.30859
G1 X108.251 Y115.14 E73.31398
G1 X108.255 Y115.019 E73.3155
G1 X108.299 Y114.745 E73.31898
G1 X108.444 Y114.352 E73.32423
G1 X108.587 Y114.118 E73.32767
G1 X108.663 Y114.021 E73.32921
G1 X108.976 Y113.732 E73.33456
G1 X109.202 Y113.594 E73.33788
G1 X109.591 Y113.45 E73.34308
G1 X110.02 Y113.4 E73.3485
G1 X110.216 Y113.391 E73.35096
G1 X110.216 Y113.889 E73.3572
G1 X110.144 Y113.895 E73.35811
G1 X110.015 Y113.899 E73.35973
G1 X109.793 Y113.916 E73.36252
G1 X109.348 Y114.08 E73.36847
G1 X109.051 Y114.334 E73.37337
G1 X108.882 Y114.585 E73.37716
G1 X108.762 Y114.958 E73.38207
G1 X108.78 Y115.43 E73.388
G1 X108.848 Y115.64 E73.39077
G1 X109.107 Y116.026 E73.3966
G1 X109.271 Y116.166 E73.3993
G1 X109.61 Y116.34 E73.40408
G0 F7200 X109.806 Y116.377
G0 X109.717 Y116.556
;TYPE:SKIN
G1 F1800 X109.627 Y116.646 E73.40488
G0 F7200 X109.45 Y116.54
G1 F1800 X109.265 Y116.442 E73.40557
G1 X108.811 Y116.047 E73.40758
G1 X108.538 Y115.472 E73.4097
G1 X108.523 Y114.921 E73.41154
G1 X108.673 Y114.489 E73.41307
G1 X109.356 Y113.806 E73.41629
G1 X109.765 Y113.678 E73.41772
G0 F7200 X109.827 Y113.617
G0 X109.022 Y114.308
G0 X108.741 Y115.436
G0 X109.964 Y116.592
G1 F1800 X109.863 Y116.693 E73.41861
G0 F7200 X109.822 Y116.787
G1 F1500 E66.91861
G0 F7200 X109.822 Y116.786
G0 X110.085 Y119.398
G1 F1500 E73.41861
G0 F7200 X110.103 Y119.897
;TYPE:WALL-OUTER
G1 F1800 X109.891 Y119.9 E73.42127
G1 X109.889 Y119.4 E73.42754
G1 X110.015 Y119.4 E73.42912
G1 X110.137 Y119.396 E73.43065
G1 X110.216 Y119.39 E73.43165
G1 X110.216 Y119.888 E73.43676
G1 X110.103 Y119.897 E73.43818
G0 F7200 X109.903 Y119.899
G1 F1500 E66.93818
G0 F7200 X109.991 Y119.8
G0 X111.081 Y119.497
G0 X116.919 Y119.497
G1 F1500 E73.43818
G0 F7200 X117.895 Y119.398
G1 F1800 X118.216 Y119.392 E73.44221
G1 X118.216 Y119.889 E73.44844
G1 X118.188 Y119.892 E73.44879
G1 X117.898 Y119.898 E73.45243
G1 X117.784 Y119.89 E73.45386
G1 X117.784 Y119.39 E73.46013
G1 X117.895 Y119.398 E73.46153
G0 F7200 X118.095 Y119.395
G0 X118.096 Y119.493
G1 F1500 E66.96153
G0 F7200 X118.095 Y119.495
G0 X117.898 Y116.879
G1 F1500 E73.46153
G0 F7200 X117.895 Y116.398
G1 F1800 X118.216 Y116.392 E73.46555
G1 X118.216 Y116.889 E73.47179
G1 X118.188 Y116.892 E73.47214
G1 X117.898 Y116.898 E73.47578
G1 X117.784 Y116.89 E73.47721
G1 X117.784 Y116.39 E73.48348
G1 X117.895 Y116.398 E73.48488
G0 F7200 X118.095 Y116.395
G0 X118.096 Y116.493
G1 F1500 E66.98488
G0 F7200 X118.095 Y116.495
G0 X117.898 Y113.879
G1 F1500 E73.48488
G0 F7200 X117.895 Y113.398
G1 F1800 X118.216 Y113.392 E73.4889
G1 X118.216 Y113.889 E73.49514
G1 X118.188 Y113.892 E73.49549
G1 X117.898 Y113.898 E73.49913
G1 X117.784 Y113.89 E73.50056
G1 X117.784 Y113.39 E73.50683
G1 X117.895 Y113.398 E73.50822
G0 F7200 X118.095 Y113.395
G0 X118.02 Y113.627
;TYPE:SKIN
G1 F1800 X117.978 Y113.669 E73.5086
G0 F7200 X117.816 Y113.669
G1 F1500 E67.0086
G0 F7200 X117.884 Y113.669
G0 X117.898 Y110.879
G1 F1500 E73.5086
G0 F7200 X117.895 Y110.398
;TYPE:WALL-OUTER
G1 F1800 X118.216 Y110.392 E73.51262
G1 X118.216 Y110.889 E73.51886
G1 X118.188 Y110.892 E73.51921
G1 X117.898 Y110.898 E73.52285
G1 X117.784 Y110.89 E73.52428
G1 X117.784 Y110.39 E73.53055
G1 X117.895 Y110.398 E73.53195
G0 F7200 X118.095 Y110.395
G0 X118.096 Y110.493
G1 F1500 E67.03195
G0 F7200 X118.095 Y110.495
G0 X124.919 Y110.497
G0 X126.116 Y110.497
G1 F1500 E73.53195
G0 F7200 X126.117 Y110.398
G1 F1800 X126.216 Y110.391 E73.53319
G1 X126.216 Y110.889 E73.53944
G1 X126.09 Y110.898 E73.54102
G1 X125.784 Y110.89 E73.54486
G1 X125.784 Y110.392 E73.5511
G1 X126.117 Y110.398 E73.55528
G0 F7200 X126.216 Y110.391
G0 X126.216 Y110.492
G0 X126.184 Y110.492
G1 F1500 E67.05528
G0 F7200 X126.119 Y110.497
G0 X126.203 Y113.405
G1 F1500 E73.55528
G0 F7200 X126.117 Y113.398
G1 F1800 X126.216 Y113.391 E73.55652
G1 X126.216 Y113.889 E73.56277
G1 X126.09 Y113.898 E73.56435
G1 X125.784 Y113.89 E73.56819
G1 X125.784 Y113.392 E73.57444
G1 X126.117 Y113.398 E73.57861
G0 F7200 X126.216 Y113.391
G0 X126.216 Y113.492
G0 X126.184 Y113.492
G1 F1500 E67.07861
G0 F7200 X126.119 Y113.497
G0 X126.203 Y116.405
G1 F1500 E73.57861
G0 F7200 X126.117 Y116.398
G1 F1800 X126.216 Y116.391 E73.57986
G1 X126.216 Y116.889 E73.5861
G1 X126.09 Y116.898 E73.58769
G1 X125.784 Y116.89 E73.59153
G1 X125.784 Y116.392 E73.59777
G1 X126.117 Y116.398 E73.60195
G0 F7200 X126.216 Y116.391
G0 X126.216 Y116.492
G0 X126.019 Y116.659
;TYPE:SKIN
G1 F1800 X125.983 Y116.695 E73.60227
G0 F7200 X125.816 Y116.695
G1 F1500 E67.10227
G0 F7200 X125.884 Y116.695
G0 X126.203 Y119.405
G1 F1500 E73.60227
G0 F7200 X126.117 Y119.398
;TYPE:WALL-OUTER
G1 F1800 X126.216 Y119.391 E73.60351
G1 X126.216 Y119.889 E73.60976
G1 X126.09 Y119.898 E73.61134
G1 X125.784 Y119.89 E73.61518
G1 X125.784 Y119.392 E73.62142
G1 X126.117 Y119.398 E73.6256
G0 F7200 X126.216 Y119.391
G0 X126.216 Y119.492
G0 X126.184 Y119.492
G1 F1500 E67.1256
G0 F7200 X126.119 Y119.497
G0 X132.919 Y116.876
G0 X134.62 Y116.947
G1 F1500 E73.6256
G0 F7200 X134.573 Y117.035
G1 F1800 X134.201 Y116.915 E73.6305
G1 X133.784 Y116.889 E73.63574
G1 X133.784 Y116.391 E73.64199
G1 X133.991 Y116.4 E73.64459
G1 X134.266 Y116.421 E73.64804
G1 X134.675 Y116.536 E73.65337
G1 X134.919 Y116.661 E73.65681
G1 X135.019 Y116.727 E73.65831
G1 X135.337 Y117.021 E73.66374
G1 X135.409 Y117.113 E73.66521
G1 X135.616 Y117.482 E73.67051
G1 X135.727 Y117.878 E73.67567
G1 X135.743 Y118.293 E73.68088
G1 X135.729 Y118.416 E73.68243
G1 X135.616 Y118.818 E73.68767
G1 X135.409 Y119.187 E73.69298
G1 X135.337 Y119.279 E73.69444
G1 X135.019 Y119.573 E73.69987
G1 X134.925 Y119.636 E73.70129
G1 X134.532 Y119.817 E73.70672
G1 X134.418 Y119.849 E73.7082
G1 X133.989 Y119.899 E73.71362
G1 X133.857 Y119.895 E73.71527
G1 X133.784 Y119.889 E73.71619
G1 X133.784 Y119.392 E73.72242
G1 X134.006 Y119.4 E73.72521
G1 X134.11 Y119.396 E73.72652
G1 X134.467 Y119.31 E73.73112
G1 X134.582 Y119.258 E73.7327
G1 X134.944 Y118.972 E73.73849
G1 X135.068 Y118.801 E73.74114
G1 X135.191 Y118.536 E73.7448
G1 X135.249 Y118.24 E73.74858
G1 X135.193 Y117.767 E73.75456
G1 X135.018 Y117.425 E73.75937
G1 X134.941 Y117.326 E73.76095
G1 X134.573 Y117.035 E73.76683
G0 F7200 X134.383 Y116.974
G0 X134.436 Y116.727
;TYPE:SKIN
G1 F1800 X134.645 Y116.8 E73.76768
G1 X135.246 Y117.331 E73.77075
G1 X135.473 Y117.953 E73.77328
G1 X135.434 Y118.557 E73.7756
G1 X135.048 Y119.226 E73.77855
G1 X134.408 Y119.583 E73.78136
G1 X134.064 Y119.644 E73.78269
G0 F7200 X134.01 Y119.699
G0 X134.972 Y118.999
G0 X135.231 Y117.756
G0 X134.163 Y116.717
G1 F1800 X134.26 Y116.621 E73.78355
G0 F7200 X134.223 Y116.515
G1 F1500 E67.28355
G0 F7200 X134.223 Y116.518
G0 X134 Y113.881
G0 X134.972 Y112.999
G0 X135.102 Y111.479
G1 F1500 E73.78355
G0 F7200 X134.573 Y111.035
;TYPE:WALL-OUTER
G1 F1800 X134.201 Y110.915 E73.78845
G1 X133.784 Y110.889 E73.79369
G1 X133.784 Y110.391 E73.79994
G1 X133.991 Y110.4 E73.80253
G1 X134.269 Y110.421 E73.80603
G1 X134.537 Y110.485 E73.80949
G1 X134.917 Y110.661 E73.81474
G1 X135.133 Y110.818 E73.81809
G1 X135.414 Y111.122 E73.82328
G1 X135.616 Y111.482 E73.82845
G1 X135.727 Y111.878 E73.83361
G1 X135.743 Y112.293 E73.83882
G1 X135.729 Y112.416 E73.84037
G1 X135.616 Y112.818 E73.84561
G1 X135.409 Y113.187 E73.85091
G1 X135.337 Y113.279 E73.85238
G1 X135.019 Y113.573 E73.85781
G1 X134.925 Y113.636 E73.85923
G1 X134.537 Y113.815 E73.86459
G1 X134.269 Y113.879 E73.86804
G1 X134 Y113.9 E73.87143
G1 X133.857 Y113.895 E73.87322
G1 X133.784 Y113.889 E73.87414
G1 X133.784 Y113.392 E73.88037
G1 X134.006 Y113.4 E73.88316
G1 X134.106 Y113.396 E73.88441
G1 X134.382 Y113.341 E73.88794
G1 X134.579 Y113.26 E73.89061
G1 X134.944 Y112.972 E73.89644
G1 X135.068 Y112.801 E73.89909
G1 X135.194 Y112.529 E73.90285
G1 X135.249 Y112.06 E73.90877
G1 X135.191 Y111.764 E73.91256
G1 X135.068 Y111.499 E73.91622
G1 X134.944 Y111.328 E73.91887
G1 X134.573 Y111.035 E73.9248
G0 F7200 X134.383 Y110.974
G0 X134.483 Y110.74
;TYPE:SKIN
G1 F1800 X134.686 Y110.82 E73.92546
G1 X135.272 Y111.366 E73.92789
G1 X135.488 Y111.998 E73.92991
G1 X135.395 Y112.657 E73.93193
G1 X135.179 Y113.156 E73.93358
G1 X134.496 Y113.556 E73.93598
G1 X134.132 Y113.637 E73.93711
G0 F7200 X134.07 Y113.699
G0 X134.972 Y112.999
G0 X135.102 Y111.479
G0 X134.22 Y110.72
G0 X134.265 Y110.675
G1 F1800 X134.018 Y110.639 E73.93862
G0 F7200 X134.194 Y110.514
;TIME_ELAPSED:905.430642
G1 F1500 E67.43862
M107

M82 ;absolute extrusion mode
M104 S0
;End of Gcode
