;FLAVOR:Marlin
;TIME:6666
;Filament used: 0m
;Layer height: 0.2
;MINX:2.14748e+06
;MINY:2.14748e+06
;MINZ:2.14748e+06
;MAXX:-2.14748e+06
;MAXY:-2.14748e+06
;MAXZ:-2.14748e+06

;Generated with Cura_SteamEngine 4.13.1
M104 S215
M105
M109 S215
M82 ;absolute extrusion mode

G92 E0
G92 E0
G1 F1500 E-6.5
;LAYER_COUNT:95
;LAYER:0
M107
;MESH:output_v2\A_fina_conjunto.stl
G0 F3600 X107.05 Y120.7 Z0.2
;TYPE:WALL-OUTER
G1 F1500 E0
G1 F1800 X106.25 Y120.7 E0.01003
G1 X106.25 Y108.3 E0.16553
G1 X107.05 Y108.3 E0.17557
G1 X107.05 Y120.7 E0.33107
G0 F3600 X106.85 Y120.7
G0 X106.65 Y120.226
;TYPE:SKIN
G1 F1800 X106.65 Y119.943 E0.33481
G1 X106.65 Y108.912 E0.4806
G1 X106.826 Y108.523 E0.48624
G0 F3600 X106.797 Y108.494
G0 X106.445 Y120.304
G1 F1800 X106.644 Y120.503 E0.488
G0 F3600 X106.65 Y120.3
G1 F1500 E-6.012
G0 F3600 X108.27 Y120.23
G0 X135.68 Y120.23
G1 F1500 E0.488
G0 F3600 X135.75 Y120.3
;TYPE:WALL-INNER
G1 F1800 X108.25 Y120.3 E0.83286
G1 X108.25 Y108.7 E0.97833
G1 X135.75 Y108.7 E1.32319
G1 X135.75 Y120.3 E1.46866
G0 F3600 X136.15 Y120.7
;TYPE:WALL-OUTER
G1 F1800 X107.85 Y120.7 E1.82355
G1 X107.85 Y108.3 E1.97905
G1 X136.15 Y108.3 E2.33395
G1 X136.15 Y120.7 E2.48945
G0 F3600 X135.95 Y120.7
G0 X135.36 Y119.91
;TYPE:SKIN
G1 F1800 X108.64 Y119.91 E2.82453
G1 X108.64 Y109.09 E2.96021
G1 X135.36 Y109.09 E3.29529
G1 X135.36 Y119.91 E3.43098
G0 F3600 X135.179 Y109.723
G1 F1800 X134.725 Y109.269 E3.43903
G0 F3600 X134.16 Y109.269
G1 F1800 X135.179 Y110.289 E3.45711
G0 F3600 X135.179 Y110.855
G1 F1800 X133.594 Y109.269 E3.48523
G0 F3600 X133.028 Y109.269
G1 F1800 X135.179 Y111.42 E3.52338
G0 F3600 X135.179 Y111.986
G1 F1800 X132.463 Y109.269 E3.57155
G0 F3600 X131.897 Y109.269
G1 F1800 X135.179 Y112.552 E3.62977
G0 F3600 X135.179 Y113.117
G1 F1800 X131.331 Y109.269 E3.69801
G0 F3600 X130.765 Y109.269
G1 F1800 X135.179 Y113.683 E3.77629
G0 F3600 X135.179 Y114.249
G1 F1800 X130.2 Y109.269 E3.8646
G0 F3600 X129.634 Y109.269
G1 F1800 X135.179 Y114.815 E3.96295
G0 F3600 X135.179 Y115.38
G1 F1800 X129.068 Y109.269 E4.07133
G0 F3600 X128.503 Y109.269
G1 F1800 X135.179 Y115.946 E4.18973
G0 F3600 X135.179 Y116.512
G1 F1800 X127.937 Y109.269 E4.31818
G0 F3600 X127.371 Y109.269
G1 F1800 X135.179 Y117.077 E4.45665
G0 F3600 X135.179 Y117.643
G1 F1800 X126.806 Y109.269 E4.60515
G0 F3600 X126.24 Y109.269
G1 F1800 X135.179 Y118.209 E4.76369
G0 F3600 X135.179 Y118.774
G1 F1800 X125.674 Y109.269 E4.93226
G0 F3600 X125.109 Y109.269
G1 F1800 X135.179 Y119.34 E5.11086
G0 F3600 X135.002 Y119.729
G1 F1800 X124.543 Y109.269 E5.29636
G0 F3600 X123.977 Y109.269
G1 F1800 X134.437 Y119.729 E5.48186
G0 F3600 X133.871 Y119.729
G1 F1800 X123.412 Y109.269 E5.66736
G0 F3600 X122.846 Y109.269
G1 F1800 X133.305 Y119.729 E5.85286
G0 F3600 X132.74 Y119.729
G1 F1800 X122.28 Y109.269 E6.03836
G0 F3600 X121.714 Y109.269
G1 F1800 X132.174 Y119.729 E6.22387
G0 F3600 X131.608 Y119.729
G1 F1800 X121.149 Y109.269 E6.40936
G0 F3600 X120.583 Y109.269
G1 F1800 X131.043 Y119.729 E6.59487
G0 F3600 X130.477 Y119.729
G1 F1800 X120.017 Y109.269 E6.78037
G0 F3600 X119.452 Y109.269
G1 F1800 X129.911 Y119.729 E6.96587
G0 F3600 X129.346 Y119.729
G1 F1800 X118.886 Y109.269 E7.15138
G0 F3600 X118.32 Y109.269
G1 F1800 X128.78 Y119.729 E7.33688
G0 F3600 X128.214 Y119.729
G1 F1800 X117.755 Y109.269 E7.52238
G0 F3600 X117.189 Y109.269
G1 F1800 X127.649 Y119.729 E7.70789
G0 F3600 X127.083 Y119.729
G1 F1800 X116.623 Y109.269 E7.89339
G0 F3600 X116.058 Y109.269
G1 F1800 X126.517 Y119.729 E8.07889
G0 F3600 X125.951 Y119.729
G1 F1800 X115.492 Y109.269 E8.26438
G0 F3600 X114.926 Y109.269
G1 F1800 X125.386 Y119.729 E8.44989
G0 F3600 X124.82 Y119.729
G1 F1800 X114.361 Y109.269 E8.63539
G0 F3600 X113.795 Y109.269
G1 F1800 X124.254 Y119.729 E8.82088
G0 F3600 X123.689 Y119.729
G1 F1800 X113.229 Y109.269 E9.00639
G0 F3600 X112.664 Y109.269
G1 F1800 X123.123 Y119.729 E9.19189
G0 F3600 X122.557 Y119.729
G1 F1800 X112.098 Y109.269 E9.37738
G0 F3600 X111.532 Y109.269
G1 F1800 X121.992 Y119.729 E9.56289
G0 F3600 X121.426 Y119.729
G1 F1800 X110.966 Y109.269 E9.74839
G0 F3600 X110.401 Y109.269
G1 F1800 X120.86 Y119.729 E9.93389
G0 F3600 X120.295 Y119.729
G1 F1800 X109.835 Y109.269 E10.1194
G0 F3600 X109.269 Y109.269
G1 F1800 X119.729 Y119.729 E10.3049
G0 F3600 X119.163 Y119.729
G1 F1800 X108.819 Y109.385 E10.48835
G0 F3600 X108.819 Y109.95
G1 F1800 X118.598 Y119.729 E10.66178
G0 F3600 X118.032 Y119.729
G1 F1800 X108.819 Y110.516 E10.82517
G0 F3600 X108.819 Y111.082
G1 F1800 X117.466 Y119.729 E10.97852
G0 F3600 X116.901 Y119.729
G1 F1800 X108.819 Y111.647 E11.12185
G0 F3600 X108.819 Y112.213
G1 F1800 X116.335 Y119.729 E11.25515
G0 F3600 X115.769 Y119.729
G1 F1800 X108.819 Y112.779 E11.3784
G0 F3600 X108.819 Y113.344
G1 F1800 X115.203 Y119.729 E11.49163
G0 F3600 X114.638 Y119.729
G1 F1800 X108.819 Y113.91 E11.59483
G0 F3600 X108.819 Y114.476
G1 F1800 X114.072 Y119.729 E11.68799
G0 F3600 X113.506 Y119.729
G1 F1800 X108.819 Y115.042 E11.77111
G0 F3600 X108.819 Y115.607
G1 F1800 X112.941 Y119.729 E11.84422
G0 F3600 X112.375 Y119.729
G1 F1800 X108.819 Y116.173 E11.90728
G0 F3600 X108.819 Y116.739
G1 F1800 X111.809 Y119.729 E11.96031
G0 F3600 X111.244 Y119.729
G1 F1800 X108.819 Y117.304 E12.00332
G0 F3600 X108.819 Y117.87
G1 F1800 X110.678 Y119.729 E12.03628
G0 F3600 X110.112 Y119.729
G1 F1800 X108.819 Y118.436 E12.05922
G0 F3600 X108.819 Y119.001
G1 F1800 X109.547 Y119.729 E12.07213
G0 F3600 X108.981 Y119.729
G1 F1800 X108.819 Y119.567 E12.075
G1 F1500 E5.575
G0 F3600 X135.736 Y120.286
G0 X136.97 Y120.286
G1 F1500 E12.075
G0 F3600 X137.75 Y120.7
M104 S210
;TYPE:WALL-OUTER
G1 F1800 X136.95 Y120.7 E12.08503
G1 X136.95 Y108.3 E12.24053
G1 X137.75 Y108.3 E12.25056
G1 X137.75 Y120.7 E12.40607
G0 F3600 X137.55 Y120.7
G0 X137.309 Y120.338
;TYPE:SKIN
G1 F1800 X137.349 Y120.095 E12.40933
G1 X137.349 Y108.781 E12.5594
G1 X137.449 Y108.599 E12.56215
G0 F3600 X137.344 Y108.494
G0 X137.144 Y120.456
G1 F1800 X137.192 Y120.504 E12.56258
G0 F3600 X137.35 Y120.3
G1 F1500 E6.06258
;MESH:NONMESH
G0 F600 X137.35 Y120.3 Z0.4
G0 F3600 X136.97 Y121.565
G0 X107.03 Y121.565
G1 F1500 E12.56258
G0 F3600 X107.05 Y120.7
;TIME_ELAPSED:43.202288
;LAYER:1
M106 S255
;TYPE:WALL-OUTER
;MESH:output_v2\A_fina_conjunto.stl
G1 F1800 X106.25 Y120.7 E12.57261
G1 X106.251 Y108.3 E12.72811
G1 X107.05 Y108.3 E12.73813
G1 X107.05 Y120.7 E12.89363
G0 F5400 X106.85 Y120.7
G0 X106.736 Y120.386
;TYPE:SKIN
G1 F1800 X106.649 Y120.189 E12.89645
G1 X106.65 Y111.704 E13.00781
G1 X106.65 Y108.875 E13.04493
G1 X106.597 Y108.645 E13.04803
G0 F5400 X106.65 Y108.7
G1 F1500 E6.54803
G0 F5400 X107.03 Y120.23
G0 X108.27 Y120.23
G0 X135.68 Y120.23
G1 F1500 E13.04803
G0 F5400 X135.75 Y120.3
;TYPE:WALL-INNER
G1 F2700 X108.25 Y120.3 E13.39289
G1 X108.25 Y108.7 E13.53836
G1 X135.75 Y108.7 E13.88322
G1 X135.75 Y120.3 E14.02869
G0 F5400 X136.15 Y120.7
;TYPE:WALL-OUTER
G1 F1800 X107.85 Y120.7 E14.38358
G1 X107.85 Y108.3 E14.53908
G1 X136.15 Y108.3 E14.89397
G1 X136.15 Y120.7 E15.04947
G0 F5400 X135.95 Y120.7
G0 X135.36 Y119.91
;TYPE:SKIN
G1 F1800 X108.64 Y119.91 E15.38455
G1 X108.64 Y109.09 E15.52024
G1 X135.36 Y109.09 E15.85532
G1 X135.36 Y119.91 E15.991
G0 F5400 X135.179 Y119.379
G1 F1800 X134.828 Y119.73 E15.99723
G0 F5400 X134.262 Y119.73
G1 F1800 X135.179 Y118.813 E16.01349
G0 F5400 X135.179 Y118.248
G1 F1800 X133.696 Y119.73 E16.03978
G0 F5400 X133.131 Y119.73
G1 F1800 X135.179 Y117.682 E16.0761
G0 F5400 X135.179 Y117.116
G1 F1800 X132.565 Y119.73 E16.12246
G0 F5400 X131.999 Y119.73
G1 F1800 X135.179 Y116.55 E16.17886
G0 F5400 X135.179 Y115.985
G1 F1800 X131.434 Y119.73 E16.24527
G0 F5400 X130.868 Y119.73
G1 F1800 X135.179 Y115.419 E16.32173
G0 F5400 X135.179 Y114.853
G1 F1800 X130.302 Y119.73 E16.40822
G0 F5400 X129.737 Y119.73
G1 F1800 X135.179 Y114.288 E16.50473
G0 F5400 X135.179 Y113.722
G1 F1800 X129.171 Y119.73 E16.61128
G0 F5400 X128.605 Y119.73
G1 F1800 X135.179 Y113.156 E16.72787
G0 F5400 X135.179 Y112.591
G1 F1800 X128.04 Y119.73 E16.85448
G0 F5400 X127.474 Y119.73
G1 F1800 X135.179 Y112.025 E16.99113
G0 F5400 X135.179 Y111.459
G1 F1800 X126.908 Y119.73 E17.13781
G0 F5400 X126.343 Y119.73
G1 F1800 X135.179 Y110.894 E17.29452
G0 F5400 X135.179 Y110.328
G1 F1800 X125.777 Y119.73 E17.46126
G0 F5400 X125.211 Y119.73
G1 F1800 X135.179 Y109.762 E17.63804
G0 F5400 X135.106 Y109.269
G1 F1800 X124.645 Y119.73 E17.82356
G0 F5400 X124.08 Y119.73
G1 F1800 X134.541 Y109.269 E18.00909
G0 F5400 X133.975 Y109.269
G1 F1800 X123.514 Y119.73 E18.19461
G0 F5400 X122.948 Y119.73
G1 F1800 X133.409 Y109.269 E18.38013
G0 F5400 X132.844 Y109.269
G1 F1800 X122.383 Y119.73 E18.56566
G0 F5400 X121.817 Y119.73
G1 F1800 X132.278 Y109.269 E18.75118
G0 F5400 X131.712 Y109.269
G1 F1800 X121.251 Y119.73 E18.9367
G0 F5400 X120.686 Y119.73
G1 F1800 X131.147 Y109.269 E19.12223
G0 F5400 X130.581 Y109.269
G1 F1800 X120.12 Y119.73 E19.30775
G0 F5400 X119.554 Y119.73
G1 F1800 X130.015 Y109.269 E19.49327
G0 F5400 X129.45 Y109.269
G1 F1800 X118.989 Y119.73 E19.6788
G0 F5400 X118.423 Y119.73
G1 F1800 X128.884 Y109.269 E19.86432
G0 F5400 X128.318 Y109.269
G1 F1800 X117.857 Y119.73 E20.04984
G0 F5400 X117.292 Y119.73
G1 F1800 X127.752 Y109.269 E20.23536
G0 F5400 X127.187 Y109.269
G1 F1800 X116.726 Y119.73 E20.42088
G0 F5400 X116.16 Y119.73
G1 F1800 X126.621 Y109.269 E20.6064
G0 F5400 X126.055 Y109.269
G1 F1800 X115.594 Y119.73 E20.79193
G0 F5400 X115.029 Y119.73
G1 F1800 X125.49 Y109.269 E20.97745
G0 F5400 X124.924 Y109.269
G1 F1800 X114.463 Y119.73 E21.16297
G0 F5400 X113.897 Y119.73
G1 F1800 X124.358 Y109.269 E21.3485
G0 F5400 X123.793 Y109.269
G1 F1800 X113.332 Y119.73 E21.53402
G0 F5400 X112.766 Y119.73
G1 F1800 X123.227 Y109.269 E21.71954
G0 F5400 X122.661 Y109.269
G1 F1800 X112.2 Y119.73 E21.90507
G0 F5400 X111.635 Y119.73
G1 F1800 X122.096 Y109.269 E22.09059
G0 F5400 X121.53 Y109.269
G1 F1800 X111.069 Y119.73 E22.27611
G0 F5400 X110.503 Y119.73
G1 F1800 X120.964 Y109.269 E22.46164
G0 F5400 X120.399 Y109.269
G1 F1800 X109.938 Y119.73 E22.64716
G0 F5400 X109.372 Y119.73
G1 F1800 X119.833 Y109.269 E22.83268
G0 F5400 X119.267 Y109.269
G1 F1800 X108.82 Y119.716 E23.01796
G0 F5400 X108.82 Y119.151
G1 F1800 X118.702 Y109.269 E23.19321
G0 F5400 X118.136 Y109.269
G1 F1800 X108.82 Y118.585 E23.35843
G0 F5400 X108.82 Y118.019
G1 F1800 X117.57 Y109.269 E23.51361
G0 F5400 X117.004 Y109.269
G1 F1800 X108.82 Y117.453 E23.65875
G0 F5400 X108.82 Y116.888
G1 F1800 X116.439 Y109.269 E23.79387
G0 F5400 X115.873 Y109.269
G1 F1800 X108.82 Y116.322 E23.91896
G0 F5400 X108.82 Y115.756
G1 F1800 X115.307 Y109.269 E24.034
G0 F5400 X114.742 Y109.269
G1 F1800 X108.82 Y115.191 E24.13903
G0 F5400 X108.82 Y114.625
G1 F1800 X114.176 Y109.269 E24.23401
G0 F5400 X113.61 Y109.269
G1 F1800 X108.82 Y114.059 E24.31896
G0 F5400 X108.82 Y113.494
G1 F1800 X113.045 Y109.269 E24.39389
G0 F5400 X112.479 Y109.269
G1 F1800 X108.82 Y112.928 E24.45878
G0 F5400 X108.82 Y112.362
G1 F1800 X111.913 Y109.269 E24.51364
G0 F5400 X111.348 Y109.269
G1 F1800 X108.82 Y111.797 E24.55847
G0 F5400 X108.82 Y111.231
G1 F1800 X110.782 Y109.269 E24.59327
G0 F5400 X110.216 Y109.269
G1 F1800 X108.82 Y110.665 E24.61802
G0 F5400 X108.82 Y110.1
G1 F1800 X109.651 Y109.269 E24.63276
G0 F5400 X109.085 Y109.269
G1 F1800 X108.82 Y109.534 E24.63746
G1 F1500 E18.13746
G0 F5400 X135.736 Y120.286
G0 X136.97 Y120.286
G1 F1500 E24.63746
G0 F5400 X137.75 Y120.7
;TYPE:WALL-OUTER
G1 F1800 X136.95 Y120.7 E24.64749
G1 X136.95 Y108.3 E24.80299
G1 X137.75 Y108.3 E24.81303
G1 X137.75 Y120.7 E24.96853
G0 F5400 X137.55 Y120.7
G0 X137.5 Y120.451
;TYPE:SKIN
G1 F1800 X137.359 Y120.31 E24.9711
G1 X137.349 Y114.945 E25.04033
G1 X137.349 Y108.723 E25.12062
G1 X137.219 Y108.569 E25.12322
G0 F5400 X137.35 Y108.7
G1 F1500 E18.62322
;MESH:NONMESH
G0 F600 X137.35 Y108.7 Z0.6
G0 F5400 X136.97 Y110.9
G0 X135.73 Y110.9
G0 X110.188 Y110.9
;TIME_ELAPSED:79.823126
;LAYER:2
;TYPE:WALL-OUTER
;MESH:output_v2\A_fina_conjunto.stl
G1 F1500 E25.12322
G1 F1800 X109.8 Y110.9 E25.12809
G1 X109.8 Y110.4 E25.13436
G1 X110.004 Y110.4 E25.13691
G1 X110.226 Y110.391 E25.1397
G1 X110.226 Y110.898 E25.14606
G1 X110.188 Y110.9 E25.14654
G0 F7200 X109.988 Y110.9
G0 X109.988 Y110.8
G1 F1500 E18.64654
G0 F7200 X109.877 Y113.42
G1 F1500 E25.14654
G0 F7200 X109.8 Y113.407
G1 F1800 X109.8 Y113.4 E25.14662
G1 X110.004 Y113.4 E25.14918
G1 X110.226 Y113.391 E25.15197
G1 X110.226 Y113.898 E25.15833
G1 X110.219 Y113.899 E25.15841
G1 X110.161 Y113.889 E25.15915
G1 X110.068 Y113.898 E25.16032
G1 X109.996 Y113.9 E25.16123
G1 X109.793 Y113.916 E25.16378
G1 X109.348 Y114.08 E25.16973
G1 X109.051 Y114.334 E25.17463
G1 X108.882 Y114.585 E25.17842
G1 X108.762 Y114.958 E25.18334
G1 X108.78 Y115.43 E25.18926
G1 X108.848 Y115.64 E25.19203
G1 X109.107 Y116.026 E25.19786
G1 X109.271 Y116.166 E25.20056
G1 X109.61 Y116.34 E25.20534
G1 X109.895 Y116.396 E25.20898
G1 X110.005 Y116.4 E25.21036
G1 X110.226 Y116.391 E25.21314
G1 X110.226 Y116.898 E25.2195
G1 X110.195 Y116.9 E25.21989
G1 X109.77 Y116.9 E25.22521
G1 X109.337 Y116.769 E25.23089
G1 X108.972 Y116.564 E25.23614
G1 X108.663 Y116.279 E25.24141
G1 X108.591 Y116.187 E25.24287
G1 X108.38 Y115.811 E25.24828
G1 X108.301 Y115.567 E25.2515
G1 X108.251 Y115.14 E25.25689
G1 X108.255 Y115.019 E25.25841
G1 X108.299 Y114.745 E25.26189
G1 X108.444 Y114.352 E25.26714
G1 X108.587 Y114.118 E25.27058
G1 X108.663 Y114.021 E25.27212
G1 X108.976 Y113.732 E25.27747
G1 X109.202 Y113.594 E25.28079
G1 X109.602 Y113.446 E25.28614
G1 X109.8 Y113.407 E25.28867
G0 F7200 X109.8 Y113.4
G0 X109.993 Y113.4
G0 X109.971 Y113.648
;TYPE:SKIN
G1 F1800 X109.716 Y113.676 E25.28968
G1 X108.977 Y114.068 E25.29299
G1 X108.627 Y114.567 E25.2954
G1 X108.521 Y115.309 E25.29837
G1 X108.609 Y115.68 E25.29988
G0 F7200 X109.459 Y116.53
G1 F1800 X109.849 Y116.637 E25.30286
G0 F7200 X109.905 Y116.796
G1 F1500 E18.80286
G0 F7200 X110.213 Y119.401
G1 F1500 E25.30286
G0 F7200 X110.216 Y119.9
;TYPE:WALL-OUTER
G1 F1800 X109.8 Y119.9 E25.30808
G1 X109.8 Y119.4 E25.31435
G1 X110.006 Y119.4 E25.31693
G1 X110.226 Y119.387 E25.31969
G1 X110.226 Y119.898 E25.3261
G1 X110.216 Y119.9 E25.32623
G0 F7200 X110.016 Y119.9
G0 X110.033 Y119.8
G1 F1500 E18.82623
G0 F7200 X107.03 Y119.886
G1 F1500 E25.32623
G0 F7200 X107.05 Y120.7
G1 F1800 X106.25 Y120.7 E25.33626
G1 X106.25 Y108.3 E25.49176
G1 X107.05 Y108.3 E25.5018
G1 X107.05 Y120.7 E25.6573
G0 F7200 X106.85 Y120.7
G0 X106.65 Y120.226
;TYPE:SKIN
G1 F1800 X106.65 Y119.943 E25.66104
G1 X106.65 Y108.912 E25.80683
G1 X106.826 Y108.523 E25.81247
G0 F7200 X106.797 Y108.494
G0 X106.445 Y120.304
G1 F1800 X106.644 Y120.503 E25.81423
G0 F7200 X106.65 Y120.3
G1 F1500 E19.31423
G0 F7200 X107.915 Y119.792
G0 X108.947 Y120.753
G0 X111.053 Y120.753
G0 X116.91 Y119.773
G0 X118.024 Y119.792
G1 F1500 E25.81423
G0 F7200 X118.032 Y119.891
;TYPE:WALL-OUTER
G1 F1800 X117.982 Y119.9 E25.81487
G1 X117.8 Y119.9 E25.81715
G1 X117.775 Y119.893 E25.81748
G1 X117.774 Y119.39 E25.82379
G1 X117.896 Y119.398 E25.82532
G1 X118.226 Y119.391 E25.82946
G1 X118.226 Y119.891 E25.83573
G1 X118.032 Y119.891 E25.83816
G0 F7200 X117.982 Y119.9
G0 X117.832 Y119.9
G0 X118 Y119.697
;TYPE:SKIN
G1 F1800 X117.969 Y119.666 E25.83844
G0 F7200 X117.826 Y119.667
G1 F1500 E19.33844
G0 F7200 X117.875 Y119.668
G0 X117.981 Y116.881
G1 F1500 E25.83844
G0 F7200 X118.032 Y116.891
;TYPE:WALL-OUTER
G1 F1800 X117.982 Y116.9 E25.83907
G1 X117.8 Y116.9 E25.84136
G1 X117.775 Y116.893 E25.84168
G1 X117.774 Y116.39 E25.84799
G1 X117.896 Y116.398 E25.84952
G1 X118.226 Y116.391 E25.85366
G1 X118.226 Y116.891 E25.85993
G1 X118.032 Y116.891 E25.86237
G0 F7200 X117.982 Y116.9
G0 X117.832 Y116.9
G0 X118.175 Y116.501
G1 F1500 E19.36237
G0 F7200 X118.126 Y116.501
G0 X117.981 Y113.881
G1 F1500 E25.86237
G0 F7200 X118.032 Y113.891
G1 F1800 X117.982 Y113.9 E25.863
G1 X117.8 Y113.9 E25.86529
G1 X117.775 Y113.893 E25.86561
G1 X117.774 Y113.39 E25.87192
G1 X117.896 Y113.398 E25.87345
G1 X118.226 Y113.391 E25.87759
G1 X118.226 Y113.891 E25.88386
G1 X118.032 Y113.891 E25.88629
G0 F7200 X117.982 Y113.9
G0 X117.832 Y113.9
G0 X118.175 Y113.501
G1 F1500 E19.38629
G0 F7200 X118.126 Y113.501
G0 X117.981 Y110.881
G1 F1500 E25.88629
G0 F7200 X118.032 Y110.891
G1 F1800 X117.982 Y110.9 E25.88693
G1 X117.8 Y110.9 E25.88921
G1 X117.775 Y110.893 E25.88954
G1 X117.774 Y110.39 E25.89585
G1 X117.896 Y110.398 E25.89738
G1 X118.226 Y110.391 E25.90152
G1 X118.226 Y110.891 E25.90779
G1 X118.032 Y110.891 E25.91022
G0 F7200 X117.982 Y110.9
G0 X117.832 Y110.9
G0 X118.03 Y110.676
;TYPE:SKIN
G1 F1800 X117.968 Y110.614 E25.91077
G0 F7200 X117.826 Y110.615
G1 F1500 E19.41077
G0 F7200 X117.875 Y110.616
G0 X119.091 Y110.792
G0 X124.91 Y110.779
G0 X126.024 Y110.792
G1 F1500 E25.91077
G0 F7200 X126.032 Y110.891
;TYPE:WALL-OUTER
G1 F1800 X125.982 Y110.9 E25.91141
G1 X125.8 Y110.9 E25.91369
G1 X125.775 Y110.893 E25.91402
G1 X125.774 Y110.391 E25.92031
G1 X126.104 Y110.398 E25.92445
G1 X126.226 Y110.39 E25.92598
G1 X126.226 Y110.891 E25.93227
G1 X126.032 Y110.891 E25.9347
G0 F7200 X125.982 Y110.9
G0 X125.832 Y110.9
G0 X126.175 Y110.501
G1 F1500 E19.4347
G0 F7200 X126.126 Y110.501
G0 X125.926 Y113.414
G1 F1500 E25.9347
G0 F7200 X126.032 Y113.891
G1 F1800 X125.982 Y113.9 E25.93534
G1 X125.8 Y113.9 E25.93762
G1 X125.775 Y113.893 E25.93795
G1 X125.774 Y113.391 E25.94424
G1 X126.104 Y113.398 E25.94838
G1 X126.226 Y113.39 E25.94991
G1 X126.226 Y113.891 E25.9562
G1 X126.032 Y113.891 E25.95863
G0 F7200 X125.982 Y113.9
G0 X125.832 Y113.9
G0 X126.175 Y113.501
G1 F1500 E19.45863
G0 F7200 X126.126 Y113.501
G0 X125.926 Y116.414
G1 F1500 E25.95863
G0 F7200 X126.032 Y116.891
G1 F1800 X125.982 Y116.9 E25.95927
G1 X125.8 Y116.9 E25.96155
G1 X125.775 Y116.893 E25.96187
G1 X125.774 Y116.391 E25.96817
G1 X126.104 Y116.398 E25.97231
G1 X126.226 Y116.39 E25.97384
G1 X126.226 Y116.891 E25.98012
G1 X126.032 Y116.891 E25.98256
G0 F7200 X125.982 Y116.9
G0 X125.832 Y116.9
G0 X126.026 Y116.693
;TYPE:SKIN
G1 F1800 X125.968 Y116.634 E25.98308
G0 F7200 X125.826 Y116.635
G1 F1500 E19.48308
G0 F7200 X125.875 Y116.636
G0 X125.926 Y119.414
G1 F1500 E25.98308
G0 F7200 X126.032 Y119.891
;TYPE:WALL-OUTER
G1 F1800 X125.982 Y119.9 E25.98371
G1 X125.8 Y119.9 E25.986
G1 X125.775 Y119.893 E25.98632
G1 X125.774 Y119.391 E25.99262
G1 X126.104 Y119.398 E25.99676
G1 X126.226 Y119.39 E25.99829
G1 X126.226 Y119.891 E26.00457
G1 X126.032 Y119.891 E26.007
G0 F7200 X125.982 Y119.9
G0 X125.832 Y119.9
G0 X126.175 Y119.501
G1 F1500 E19.507
G0 F7200 X126.126 Y119.501
G0 X132.911 Y116.881
G0 X134.62 Y116.947
G1 F1500 E26.007
G0 F7200 X134.573 Y117.035
G1 F1800 X134.203 Y116.915 E26.01188
G1 X134.004 Y116.9 E26.01438
G1 X133.932 Y116.898 E26.01529
G1 X133.838 Y116.889 E26.01647
G1 X133.775 Y116.893 E26.01726
G1 X133.774 Y116.391 E26.02356
G1 X133.996 Y116.4 E26.02635
G1 X134.23 Y116.4 E26.02928
G1 X134.67 Y116.533 E26.03504
G1 X134.919 Y116.661 E26.03856
G1 X135.019 Y116.727 E26.04006
G1 X135.337 Y117.021 E26.04549
G1 X135.409 Y117.113 E26.04695
G1 X135.616 Y117.482 E26.05226
G1 X135.727 Y117.878 E26.05742
G1 X135.743 Y118.293 E26.06262
G1 X135.729 Y118.416 E26.06418
G1 X135.616 Y118.818 E26.06941
G1 X135.409 Y119.187 E26.07472
G1 X135.339 Y119.276 E26.07614
G1 X135.019 Y119.573 E26.08161
G1 X134.925 Y119.636 E26.08303
G1 X134.535 Y119.816 E26.08842
G1 X134.21 Y119.899 E26.09263
G1 X134.135 Y119.898 E26.09357
G1 X134.041 Y119.889 E26.09475
G1 X133.981 Y119.9 E26.09552
G1 X133.8 Y119.9 E26.09779
G1 X133.775 Y119.893 E26.09811
G1 X133.774 Y119.391 E26.10441
G1 X133.995 Y119.4 E26.10718
G1 X134.109 Y119.396 E26.10861
G1 X134.467 Y119.31 E26.11323
G1 X134.582 Y119.258 E26.11481
G1 X134.944 Y118.972 E26.1206
G1 X135.068 Y118.801 E26.12325
G1 X135.191 Y118.536 E26.12691
G1 X135.249 Y118.24 E26.13069
G1 X135.193 Y117.767 E26.13666
G1 X135.018 Y117.425 E26.14148
G1 X134.941 Y117.326 E26.14306
G1 X134.573 Y117.035 E26.14894
G0 F7200 X134.383 Y116.974
G0 X134.199 Y116.663
;TYPE:SKIN
G1 F1800 X134.618 Y116.799 E26.15215
G0 F7200 X135.341 Y117.522
G1 F1800 X135.467 Y117.931 E26.15394
G1 X135.39 Y118.702 E26.15719
G1 X135.046 Y119.207 E26.15974
G1 X134.533 Y119.543 E26.16231
G1 X134.072 Y119.647 E26.16429
G0 F7200 X134.024 Y119.49
G1 F1500 E19.66429
G0 F7200 X134.023 Y119.5
G0 X134.972 Y118.999
G0 X135.231 Y117.756
G0 X134.126 Y116.42
G0 X134.187 Y113.886
G1 F1500 E26.16429
G0 F7200 X134.2 Y113.895
;TYPE:WALL-OUTER
G1 F1800 X134.2 Y113.9 E26.16435
G1 X134.135 Y113.898 E26.16479
G1 X134.041 Y113.889 E26.16554
G1 X133.981 Y113.9 E26.16631
G1 X133.8 Y113.9 E26.16832
G1 X133.775 Y113.893 E26.16865
G1 X133.774 Y113.391 E26.17494
G1 X133.995 Y113.4 E26.17772
G1 X134.105 Y113.396 E26.1791
G1 X134.382 Y113.341 E26.18264
G1 X134.579 Y113.26 E26.18531
G1 X134.944 Y112.972 E26.19114
G1 X135.068 Y112.801 E26.19379
G1 X135.194 Y112.529 E26.19755
G1 X135.249 Y112.06 E26.20347
G1 X135.191 Y111.764 E26.20725
G1 X135.068 Y111.499 E26.21092
G1 X134.944 Y111.328 E26.21357
G1 X134.573 Y111.035 E26.21949
G1 X134.203 Y110.915 E26.22437
G1 X134.004 Y110.9 E26.22687
G1 X133.932 Y110.898 E26.22778
G1 X133.838 Y110.889 E26.22896
G1 X133.775 Y110.893 E26.22975
G1 X133.774 Y110.391 E26.23605
G1 X133.996 Y110.4 E26.23884
G1 X134.208 Y110.4 E26.24149
G1 X134.535 Y110.484 E26.24573
G1 X134.917 Y110.661 E26.25101
G1 X135.133 Y110.818 E26.25436
G1 X135.414 Y111.122 E26.25955
G1 X135.616 Y111.482 E26.26472
G1 X135.727 Y111.878 E26.26988
G1 X135.743 Y112.293 E26.27509
G1 X135.729 Y112.416 E26.27664
G1 X135.616 Y112.818 E26.28188
G1 X135.409 Y113.187 E26.28718
G1 X135.339 Y113.276 E26.2886
G1 X135.019 Y113.573 E26.29408
G1 X134.925 Y113.636 E26.2955
G1 X134.531 Y113.818 E26.30094
G1 X134.386 Y113.855 E26.30282
G1 X134.2 Y113.895 E26.3052
G0 F7200 X134.2 Y113.9
G0 X134.135 Y113.898
G0 X134.041 Y113.889
G0 X134.006 Y113.895
G0 X134.013 Y113.648
;TYPE:SKIN
G1 F1800 X134.267 Y113.62 E26.30618
G1 X134.861 Y113.365 E26.30865
G1 X135.273 Y112.929 E26.31094
G1 X135.481 Y112.288 E26.31351
G1 X135.391 Y111.633 E26.31603
G0 F7200 X134.504 Y110.745
G1 F1800 X134.132 Y110.656 E26.31874
G0 F7200 X134.093 Y110.505
G1 F1500 E19.81874
G0 F7200 X135.102 Y111.479
G0 X135.238 Y112.491
G0 X134.525 Y113.8
G0 X136.97 Y113.8
G0 X137.65 Y120.63
G1 F1500 E26.31874
G0 F7200 X137.75 Y120.7
;TYPE:WALL-OUTER
G1 F1800 X136.95 Y120.7 E26.32878
G1 X136.95 Y108.3 E26.48428
G1 X137.75 Y108.3 E26.49431
G1 X137.75 Y120.7 E26.64981
G0 F7200 X137.55 Y120.7
G0 X137.309 Y120.338
;TYPE:SKIN
G1 F1800 X137.349 Y120.095 E26.65308
G1 X137.349 Y108.781 E26.80314
G1 X137.449 Y108.599 E26.80589
G0 F7200 X137.344 Y108.494
G0 X137.144 Y120.456
G1 F1800 X137.192 Y120.504 E26.80632
G0 F7200 X137.35 Y120.3
G1 F1500 E20.30632
;MESH:NONMESH
G0 F600 X137.35 Y120.3 Z0.8
G0 F7200 X136.97 Y110.8
G0 X135.709 Y110.169
G0 X132.932 Y109.399
G0 X127.05 Y111.878
G0 X119.05 Y111.878
G0 X117.158 Y111.766
G0 X111.091 Y110.8
G1 F1500 E26.80632
G0 F7200 X110.278 Y110.883
;TIME_ELAPSED:95.295979
;LAYER:3
;TYPE:WALL-OUTER
;MESH:output_v2\A_fina_conjunto.stl
G1 F1800 X110.2 Y110.887 E26.8073
G1 X110.2 Y110.393 E26.81349
G1 X110.325 Y110.38 E26.81507
G1 X110.435 Y110.363 E26.81647
G1 X110.436 Y110.858 E26.82028
G1 X110.278 Y110.883 E26.82228
G0 F7200 X110.2 Y110.887
G0 X110.2 Y110.765
G1 F1500 E20.32228
G0 F7200 X110.3 Y110.765
G0 X110.423 Y113.378
G0 X109.328 Y114.046
G0 X108.723 Y114.953
G0 X109.027 Y115.976
G1 F1500 E26.82228
G0 F7200 X109.61 Y116.34
G1 F1800 X109.895 Y116.396 E26.82592
G1 X110.005 Y116.4 E26.8273
G1 X110.214 Y116.392 E26.82993
G1 X110.325 Y116.38 E26.83133
G1 X110.435 Y116.363 E26.83272
G1 X110.436 Y116.858 E26.83893
G1 X110.269 Y116.884 E26.84105
G1 X110.145 Y116.895 E26.84261
G1 X109.978 Y116.899 E26.84471
G1 X109.866 Y116.894 E26.84611
G1 X109.719 Y116.877 E26.84797
G1 X109.671 Y116.868 E26.84858
G1 X109.477 Y116.807 E26.85113
G1 X109.335 Y116.768 E26.85298
G1 X108.972 Y116.564 E26.8582
G1 X108.663 Y116.279 E26.86347
G1 X108.591 Y116.187 E26.86494
G1 X108.38 Y115.811 E26.87034
G1 X108.301 Y115.567 E26.87356
G1 X108.251 Y115.14 E26.87895
G1 X108.255 Y115.019 E26.88047
G1 X108.299 Y114.745 E26.88395
G1 X108.444 Y114.352 E26.8892
G1 X108.587 Y114.118 E26.89264
G1 X108.663 Y114.021 E26.89419
G1 X108.976 Y113.732 E26.89953
G1 X109.202 Y113.594 E26.90285
G1 X109.595 Y113.449 E26.9081
G1 X109.818 Y113.414 E26.91093
G1 X109.94 Y113.409 E26.91246
G1 X110.011 Y113.4 E26.91336
G1 X110.214 Y113.392 E26.91591
G1 X110.325 Y113.38 E26.91731
G1 X110.435 Y113.363 E26.9187
G1 X110.436 Y113.858 E26.92491
G1 X110.269 Y113.884 E26.92703
G1 X110.143 Y113.895 E26.92862
G1 X109.995 Y113.9 E26.93047
G1 X109.793 Y113.916 E26.93302
G1 X109.348 Y114.08 E26.93896
G1 X109.051 Y114.334 E26.94386
G1 X108.882 Y114.585 E26.94766
G1 X108.762 Y114.958 E26.95257
G1 X108.78 Y115.43 E26.9585
G1 X108.848 Y115.64 E26.96126
G1 X109.107 Y116.026 E26.96709
G1 X109.271 Y116.166 E26.9698
G1 X109.61 Y116.34 E26.97458
G0 F7200 X109.806 Y116.378
G0 X109.716 Y116.557
;TYPE:SKIN
G1 F1800 X109.625 Y116.648 E26.97538
G0 F7200 X109.45 Y116.54
G1 F1800 X109.265 Y116.442 E26.97608
G1 X108.811 Y116.047 E26.97809
G1 X108.538 Y115.472 E26.98022
G1 X108.523 Y114.921 E26.98206
G1 X108.673 Y114.489 E26.98359
G1 X109.355 Y113.806 E26.98682
G1 X110.082 Y113.645 E26.98931
G0 F7200 X110.139 Y113.588
G0 X109.022 Y114.308
G0 X108.741 Y115.436
G0 X109.965 Y116.592
G0 X109.913 Y116.643
G1 F1800 X110.19 Y116.648 E26.9911
G0 F7200 X110.042 Y116.8
G1 F1500 E20.4911
G0 F7200 X110.043 Y116.797
G0 X110.121 Y119.394
G1 F1500 E26.9911
G0 F7200 X109.858 Y119.9
;TYPE:WALL-OUTER
G1 F1800 X109.671 Y119.9 E26.99344
G1 X109.672 Y119.4 E26.99971
G1 X110.006 Y119.4 E27.0039
G1 X110.199 Y119.389 E27.00633
G1 X110.231 Y119.389 E27.00673
G1 X110.324 Y119.381 E27.0079
G1 X110.435 Y119.364 E27.00931
G1 X110.436 Y119.858 E27.0155
G1 X110.269 Y119.884 E27.01762
G1 X110.128 Y119.896 E27.0194
G1 X109.858 Y119.9 E27.02278
G0 F7200 X109.671 Y119.9
G0 X109.671 Y119.887
G0 X109.965 Y119.703
;TYPE:SKIN
G1 F1800 X110.078 Y119.589 E27.02379
G0 F7200 X110.086 Y119.496
G1 F1500 E20.52379
G0 F7200 X107.03 Y119.886
G1 F1500 E27.02379
G0 F7200 X107.05 Y120.7
;TYPE:WALL-OUTER
G1 F1800 X106.25 Y120.7 E27.03382
G1 X106.25 Y108.3 E27.18932
G1 X107.05 Y108.3 E27.19935
G1 X107.05 Y120.7 E27.35486
G0 F7200 X106.85 Y120.7
G0 X106.736 Y120.386
;TYPE:SKIN
G1 F1800 X106.649 Y120.189 E27.35769
G1 X106.649 Y108.876 E27.50657
G1 X106.597 Y108.646 E27.50968
G0 F7200 X106.65 Y108.7
G1 F1500 E21.00968
G0 F7200 X107.03 Y119.781
G0 X108.817 Y120.753
G0 X110.221 Y120.744
G0 X116.7 Y119.762
G0 X118.276 Y119.781
G1 F1500 E27.50968
G0 F7200 X118.282 Y119.882
;TYPE:WALL-OUTER
G1 F1800 X117.711 Y119.882 E27.51684
G1 X117.565 Y119.859 E27.51869
G1 X117.564 Y119.363 E27.52491
G1 X117.675 Y119.38 E27.52632
G1 X117.784 Y119.391 E27.52769
G1 X117.896 Y119.398 E27.5291
G1 X118.212 Y119.392 E27.53306
G1 X118.325 Y119.38 E27.53449
G1 X118.435 Y119.363 E27.53588
G1 X118.436 Y119.858 E27.54209
G1 X118.282 Y119.882 E27.54404
G0 F7200 X118.082 Y119.882
G0 X118.212 Y119.658
;TYPE:SKIN
G1 F1800 X117.949 Y119.638 E27.54539
G0 F7200 X117.906 Y119.798
G1 F1500 E21.04539
G0 F7200 X117.906 Y119.782
G0 X118.281 Y116.863
G1 F1500 E27.54539
G0 F7200 X118.282 Y116.882
;TYPE:WALL-OUTER
G1 F1800 X117.714 Y116.882 E27.55251
G1 X117.565 Y116.859 E27.5544
G1 X117.564 Y116.363 E27.56062
G1 X117.675 Y116.38 E27.56203
G1 X117.784 Y116.391 E27.56341
G1 X117.896 Y116.398 E27.56481
G1 X118.212 Y116.392 E27.56878
G1 X118.325 Y116.38 E27.5702
G1 X118.435 Y116.363 E27.5716
G1 X118.436 Y116.858 E27.57781
G1 X118.282 Y116.882 E27.57976
G0 F7200 X118.082 Y116.882
G0 X118.121 Y116.637
;TYPE:SKIN
G1 F1800 X117.836 Y116.639 E27.58148
G0 F7200 X117.769 Y116.791
G1 F1500 E21.08148
G0 F7200 X117.769 Y116.782
G0 X118.281 Y113.863
G1 F1500 E27.58148
G0 F7200 X118.282 Y113.882
;TYPE:WALL-OUTER
G1 F1800 X117.711 Y113.882 E27.58864
G1 X117.565 Y113.859 E27.5905
G1 X117.564 Y113.363 E27.59672
G1 X117.675 Y113.38 E27.59813
G1 X117.784 Y113.391 E27.5995
G1 X117.896 Y113.398 E27.60091
G1 X118.212 Y113.392 E27.60487
G1 X118.325 Y113.38 E27.6063
G1 X118.435 Y113.363 E27.60769
G1 X118.436 Y113.858 E27.6139
G1 X118.282 Y113.882 E27.61585
G0 F7200 X118.082 Y113.882
G0 X117.961 Y113.686
;TYPE:SKIN
G1 F1800 X118.058 Y113.589 E27.61671
G0 F7200 X118.061 Y113.482
G1 F1500 E21.11671
G0 F7200 X118.06 Y113.495
G0 X118.281 Y110.863
G1 F1500 E27.61671
G0 F7200 X118.282 Y110.882
;TYPE:WALL-OUTER
G1 F1800 X117.711 Y110.882 E27.62387
G1 X117.565 Y110.859 E27.62573
G1 X117.564 Y110.363 E27.63195
G1 X117.675 Y110.38 E27.63336
G1 X117.784 Y110.391 E27.63473
G1 X117.896 Y110.398 E27.63614
G1 X118.212 Y110.392 E27.6401
G1 X118.325 Y110.38 E27.64153
G1 X118.435 Y110.363 E27.64292
G1 X118.436 Y110.858 E27.64913
G1 X118.282 Y110.882 E27.65108
G0 F7200 X118.082 Y110.882
G0 X118.182 Y110.636
;TYPE:SKIN
G1 F1800 X117.897 Y110.638 E27.65281
G0 F7200 X117.829 Y110.795
G1 F1500 E21.15281
G0 F7200 X117.829 Y110.782
G0 X119.301 Y110.843
G0 X124.701 Y110.833
G0 X126.276 Y110.781
G1 F1500 E27.65281
G0 F7200 X126.282 Y110.882
;TYPE:WALL-OUTER
G1 F1800 X125.714 Y110.882 E27.65993
G1 X125.565 Y110.859 E27.66182
G1 X125.564 Y110.363 E27.66804
G1 X125.675 Y110.38 E27.66945
G1 X125.788 Y110.392 E27.67087
G1 X126.104 Y110.398 E27.67484
G1 X126.216 Y110.391 E27.67625
G1 X126.325 Y110.38 E27.67762
G1 X126.435 Y110.363 E27.67902
G1 X126.436 Y110.858 E27.68522
G1 X126.282 Y110.882 E27.68718
G0 F7200 X126.082 Y110.882
G0 X126.1 Y110.638
;TYPE:SKIN
G1 F1800 X125.818 Y110.636 E27.68891
G0 F7200 X125.736 Y110.791
G1 F1500 E21.18891
G0 F7200 X125.736 Y110.782
G0 X126.423 Y113.378
G1 F1500 E27.68891
G0 F7200 X126.282 Y113.882
;TYPE:WALL-OUTER
G1 F1800 X125.714 Y113.882 E27.69603
G1 X125.565 Y113.859 E27.69792
G1 X125.564 Y113.363 E27.70414
G1 X125.675 Y113.38 E27.70555
G1 X125.788 Y113.392 E27.70697
G1 X126.104 Y113.398 E27.71094
G1 X126.216 Y113.391 E27.71235
G1 X126.325 Y113.38 E27.71372
G1 X126.435 Y113.363 E27.71512
G1 X126.436 Y113.858 E27.72132
G1 X126.282 Y113.882 E27.72328
G0 F7200 X126.082 Y113.882
G0 X126.201 Y113.649
;TYPE:SKIN
G1 F1800 X125.928 Y113.639 E27.7248
G0 F7200 X125.874 Y113.793
G1 F1500 E21.2248
G0 F7200 X125.874 Y113.782
G0 X126.423 Y116.378
G1 F1500 E27.7248
G0 F7200 X126.282 Y116.882
;TYPE:WALL-OUTER
G1 F1800 X125.714 Y116.882 E27.73192
G1 X125.565 Y116.859 E27.73381
G1 X125.564 Y116.363 E27.74003
G1 X125.675 Y116.38 E27.74144
G1 X125.788 Y116.392 E27.74286
G1 X126.104 Y116.398 E27.74683
G1 X126.216 Y116.391 E27.74823
G1 X126.325 Y116.38 E27.74961
G1 X126.435 Y116.363 E27.751
G1 X126.436 Y116.858 E27.75721
G1 X126.282 Y116.882 E27.75916
G0 F7200 X126.082 Y116.882
G0 X126.039 Y116.639
;TYPE:SKIN
G1 F1800 X125.783 Y116.612 E27.76045
G0 F7200 X125.962 Y116.795
G1 F1500 E21.26045
G0 F7200 X125.962 Y116.782
G0 X126.423 Y119.378
G1 F1500 E27.76045
G0 F7200 X126.282 Y119.882
;TYPE:WALL-OUTER
G1 F1800 X125.714 Y119.882 E27.76758
G1 X125.565 Y119.859 E27.76947
G1 X125.564 Y119.363 E27.77569
G1 X125.675 Y119.38 E27.77709
G1 X125.788 Y119.392 E27.77852
G1 X126.104 Y119.398 E27.78248
G1 X126.216 Y119.391 E27.78389
G1 X126.325 Y119.38 E27.78526
G1 X126.435 Y119.363 E27.78666
G1 X126.436 Y119.858 E27.79287
G1 X126.282 Y119.882 E27.79482
G0 F7200 X126.082 Y119.882
G0 X126.153 Y119.637
;TYPE:SKIN
G1 F1800 X125.869 Y119.638 E27.79657
G0 F7200 X125.814 Y119.792
G1 F1500 E21.29657
G0 F7200 X125.814 Y119.782
G0 X127.3 Y119.376
G0 X132.701 Y116.848
G0 X134.62 Y116.947
G1 F1500 E27.79657
G0 F7200 X134.573 Y117.035
;TYPE:WALL-OUTER
G1 F1800 X134.202 Y116.915 E27.80146
G1 X134.033 Y116.903 E27.80359
G1 X133.91 Y116.899 E27.80513
G1 X133.727 Y116.884 E27.80743
G1 X133.565 Y116.859 E27.80949
G1 X133.564 Y116.363 E27.81571
G1 X133.675 Y116.38 E27.81712
G1 X133.786 Y116.392 E27.81852
G1 X133.989 Y116.4 E27.82106
G1 X134.164 Y116.41 E27.82326
G1 X134.283 Y116.423 E27.82476
G1 X134.329 Y116.432 E27.82535
G1 X134.523 Y116.493 E27.8279
G1 X134.671 Y116.534 E27.82983
G1 X134.919 Y116.661 E27.83332
G1 X135.019 Y116.727 E27.83482
G1 X135.337 Y117.021 E27.84025
G1 X135.409 Y117.113 E27.84172
G1 X135.616 Y117.482 E27.84702
G1 X135.727 Y117.878 E27.85218
G1 X135.743 Y118.293 E27.85739
G1 X135.729 Y118.416 E27.85894
G1 X135.616 Y118.818 E27.86418
G1 X135.409 Y119.187 E27.86949
G1 X135.337 Y119.279 E27.87095
G1 X135.019 Y119.573 E27.87638
G1 X134.925 Y119.636 E27.8778
G1 X134.535 Y119.816 E27.88319
G1 X134.393 Y119.852 E27.88502
G1 X134.27 Y119.878 E27.8866
G1 X134.134 Y119.894 E27.88832
G1 X133.999 Y119.9 E27.89001
G1 X133.857 Y119.895 E27.89179
G1 X133.721 Y119.883 E27.89351
G1 X133.653 Y119.874 E27.89437
G1 X133.565 Y119.859 E27.89549
G1 X133.564 Y119.363 E27.90171
G1 X133.675 Y119.38 E27.90311
G1 X133.786 Y119.392 E27.90451
G1 X133.995 Y119.4 E27.90714
G1 X134.109 Y119.396 E27.90857
G1 X134.467 Y119.31 E27.91318
G1 X134.582 Y119.258 E27.91477
G1 X134.944 Y118.972 E27.92055
G1 X135.068 Y118.801 E27.9232
G1 X135.191 Y118.536 E27.92687
G1 X135.249 Y118.24 E27.93065
G1 X135.193 Y117.767 E27.93662
G1 X135.018 Y117.425 E27.94144
G1 X134.941 Y117.326 E27.94301
G1 X134.573 Y117.035 E27.94889
G0 F7200 X134.383 Y116.974
G0 X134.436 Y116.727
;TYPE:SKIN
G1 F1800 X134.646 Y116.8 E27.94973
G1 X135.246 Y117.331 E27.95276
G1 X135.473 Y117.953 E27.95525
G1 X135.434 Y118.557 E27.95754
G1 X135.048 Y119.226 E27.96045
G1 X134.406 Y119.585 E27.96323
G1 X133.798 Y119.627 E27.96552
G0 F7200 X133.759 Y119.667
G0 X134.972 Y118.999
G0 X135.231 Y117.756
G0 X133.895 Y116.703
G0 X133.948 Y116.649
G1 F1800 X134.214 Y116.666 E27.96735
G0 F7200 X134.278 Y116.523
G1 F1500 E21.46735
G0 F7200 X134.278 Y116.525
G0 X135.051 Y117.404
G0 X135.393 Y119.176
G0 X136.97 Y119.176
G0 X137.65 Y120.63
G1 F1500 E27.96735
G0 F7200 X137.75 Y120.7
;TYPE:WALL-OUTER
G1 F1800 X136.95 Y120.7 E27.97738
G1 X136.95 Y108.3 E28.13289
G1 X137.75 Y108.3 E28.14292
G1 X137.75 Y120.7 E28.29842
G0 F7200 X137.55 Y120.7
G0 X137.5 Y120.451
;TYPE:SKIN
G1 F1800 X137.359 Y120.31 E28.30099
G1 X137.349 Y114.945 E28.37022
G1 X137.349 Y108.723 E28.45051
G1 X137.219 Y108.569 E28.45311
G0 F7200 X137.35 Y108.7
G1 F1500 E21.95311
G0 F7200 X136.97 Y110.947
G0 X135.598 Y111.489
G0 X134.62 Y110.947
G1 F1500 E28.45311
G0 F7200 X134.573 Y111.035
;TYPE:WALL-OUTER
G1 F1800 X134.202 Y110.915 E28.458
G1 X134.033 Y110.903 E28.46013
G1 X133.91 Y110.899 E28.46167
G1 X133.721 Y110.883 E28.46405
G1 X133.653 Y110.874 E28.46491
G1 X133.565 Y110.859 E28.46603
G1 X133.564 Y110.363 E28.47225
G1 X133.675 Y110.38 E28.47366
G1 X133.786 Y110.392 E28.47506
G1 X133.989 Y110.4 E28.4776
G1 X134.164 Y110.41 E28.4798
G1 X134.283 Y110.423 E28.4813
G1 X134.335 Y110.433 E28.48197
G1 X134.533 Y110.484 E28.48453
G1 X134.917 Y110.661 E28.48983
G1 X135.133 Y110.818 E28.49318
G1 X135.414 Y111.122 E28.49837
G1 X135.616 Y111.482 E28.50355
G1 X135.727 Y111.878 E28.50871
G1 X135.743 Y112.293 E28.51391
G1 X135.729 Y112.416 E28.51547
G1 X135.616 Y112.818 E28.5207
G1 X135.409 Y113.187 E28.52601
G1 X135.337 Y113.279 E28.52747
G1 X135.019 Y113.573 E28.53291
G1 X134.925 Y113.636 E28.53432
G1 X134.535 Y113.816 E28.53971
G1 X134.393 Y113.852 E28.54155
G1 X134.27 Y113.878 E28.54313
G1 X134.134 Y113.894 E28.54484
G1 X133.999 Y113.9 E28.54654
G1 X133.857 Y113.895 E28.54832
G1 X133.721 Y113.883 E28.55003
G1 X133.653 Y113.874 E28.55089
G1 X133.565 Y113.859 E28.55201
G1 X133.564 Y113.363 E28.55823
G1 X133.675 Y113.38 E28.55964
G1 X133.786 Y113.392 E28.56104
G1 X133.995 Y113.4 E28.56366
G1 X134.105 Y113.396 E28.56504
G1 X134.382 Y113.341 E28.56858
G1 X134.579 Y113.26 E28.57125
G1 X134.944 Y112.972 E28.57709
G1 X135.068 Y112.801 E28.57973
G1 X135.194 Y112.529 E28.58349
G1 X135.249 Y112.06 E28.58941
G1 X135.191 Y111.764 E28.5932
G1 X135.068 Y111.499 E28.59686
G1 X134.944 Y111.328 E28.59951
G1 X134.573 Y111.035 E28.60544
G0 F7200 X134.383 Y110.974
G0 X134.483 Y110.74
;TYPE:SKIN
G1 F1800 X134.686 Y110.82 E28.6061
G1 X135.272 Y111.366 E28.60854
G1 X135.488 Y111.998 E28.61058
G1 X135.395 Y112.657 E28.61261
G1 X135.179 Y113.156 E28.61426
G1 X134.495 Y113.556 E28.61668
G1 X133.844 Y113.642 E28.61868
G0 F7200 X133.793 Y113.693
G0 X134.972 Y112.999
G0 X135.102 Y111.479
G0 X133.953 Y110.705
G0 X134.006 Y110.652
G1 F1800 X134.267 Y110.674 E28.61944
G1 X133.773 Y110.601 E28.6209
G0 F7200 X133.958 Y110.799
G1 F1500 E22.1209
;MESH:NONMESH
G0 F600 X133.958 Y110.799 Z1
G0 F7200 X132.7 Y110.394
G0 X126.351 Y111.746
G0 X117.517 Y111.728
G0 X111.3 Y110.436
G1 F1500 E28.6209
G0 F7200 X110.541 Y110.347
;TIME_ELAPSED:110.940566
;LAYER:4
;TYPE:WALL-OUTER
;MESH:output_v2\A_fina_conjunto.stl
G1 F1800 X110.645 Y110.319 E28.62225
G1 X110.646 Y110.805 E28.62835
G1 X110.463 Y110.854 E28.63073
G1 X110.278 Y110.883 E28.63307
G1 X110.2 Y110.887 E28.63405
G1 X110.2 Y110.393 E28.64025
G1 X110.325 Y110.38 E28.64182
G1 X110.541 Y110.347 E28.64456
G0 F7200 X110.645 Y110.319
G0 X110.645 Y110.412
G0 X110.283 Y110.789
G1 F1500 E22.14456
G0 F7200 X110.299 Y110.779
G0 X110.545 Y113.366
G0 X109.328 Y114.046
G0 X108.723 Y114.953
G0 X109.027 Y115.976
G1 F1500 E28.64456
G0 F7200 X109.61 Y116.34
G1 F1800 X109.895 Y116.396 E28.64821
G1 X110.005 Y116.4 E28.64959
G1 X110.214 Y116.392 E28.65221
G1 X110.325 Y116.38 E28.65361
G1 X110.541 Y116.347 E28.65635
G1 X110.645 Y116.319 E28.6577
G1 X110.646 Y116.805 E28.66379
G1 X110.463 Y116.854 E28.66617
G1 X110.269 Y116.884 E28.66863
G1 X110.143 Y116.895 E28.67022
G1 X110.002 Y116.9 E28.67199
G1 X109.866 Y116.894 E28.6737
G1 X109.702 Y116.874 E28.67577
G1 X109.587 Y116.838 E28.67728
G1 X109.335 Y116.768 E28.68056
G1 X108.972 Y116.564 E28.68578
G1 X108.663 Y116.279 E28.69105
G1 X108.591 Y116.187 E28.69252
G1 X108.38 Y115.811 E28.69792
G1 X108.301 Y115.567 E28.70114
G1 X108.251 Y115.14 E28.70653
G1 X108.255 Y115.019 E28.70805
G1 X108.299 Y114.745 E28.71153
G1 X108.444 Y114.352 E28.71678
G1 X108.587 Y114.118 E28.72022
G1 X108.663 Y114.021 E28.72177
G1 X108.976 Y113.732 E28.72711
G1 X109.202 Y113.594 E28.73043
G1 X109.595 Y113.449 E28.73568
G1 X109.715 Y113.431 E28.7372
G1 X109.788 Y113.428 E28.73812
G1 X110.019 Y113.4 E28.74104
G1 X110.214 Y113.392 E28.74349
G1 X110.325 Y113.38 E28.74489
G1 X110.541 Y113.347 E28.74763
G1 X110.645 Y113.319 E28.74898
G1 X110.646 Y113.805 E28.75507
G1 X110.463 Y113.854 E28.75745
G1 X110.269 Y113.884 E28.75991
G1 X110.143 Y113.895 E28.7615
G1 X109.996 Y113.9 E28.76334
G1 X109.793 Y113.916 E28.76589
G1 X109.348 Y114.08 E28.77184
G1 X109.051 Y114.334 E28.77674
G1 X108.882 Y114.585 E28.78054
G1 X108.762 Y114.958 E28.78545
G1 X108.78 Y115.43 E28.79137
G1 X108.848 Y115.64 E28.79414
G1 X109.107 Y116.026 E28.79997
G1 X109.271 Y116.166 E28.80267
G1 X109.61 Y116.34 E28.80745
G0 F7200 X109.806 Y116.378
G0 X109.847 Y116.635
;TYPE:SKIN
G1 F1800 X110.137 Y116.643 E28.80839
G1 X110.392 Y116.615 E28.80922
G1 X109.456 Y116.527 E28.81225
G0 F7200 X108.609 Y115.68
G1 F1800 X108.521 Y115.309 E28.81377
G1 X108.627 Y114.567 E28.81677
G1 X108.977 Y114.068 E28.81921
G1 X109.507 Y113.75 E28.82169
G1 X110.241 Y113.635 E28.82466
G0 F7200 X110.29 Y113.789
G1 F1500 E22.32466
G0 F7200 X110.29 Y113.78
G0 X109.022 Y114.308
G0 X108.741 Y115.436
G0 X110.267 Y116.865
G0 X110.633 Y119.334
G1 F1500 E28.82466
G0 F7200 X110.541 Y119.347
;TYPE:WALL-OUTER
G1 F1800 X110.645 Y119.319 E28.82601
G1 X110.646 Y119.805 E28.83211
G1 X110.463 Y119.854 E28.83448
G1 X110.269 Y119.884 E28.83694
G1 X110.098 Y119.897 E28.83909
G1 X109.959 Y119.899 E28.84084
G1 X109.692 Y119.898 E28.84418
G1 X109.549 Y119.9 E28.84598
G1 X109.548 Y119.4 E28.85225
G1 X110.004 Y119.4 E28.85797
G1 X110.183 Y119.393 E28.86021
G1 X110.324 Y119.381 E28.86199
G1 X110.541 Y119.347 E28.86474
G0 F7200 X110.645 Y119.319
G0 X110.645 Y119.412
G0 X110.295 Y119.628
;TYPE:SKIN
G1 F1800 X110.03 Y119.647 E28.86595
G1 X109.772 Y119.672 E28.86713
G0 F7200 X109.949 Y119.8
G1 F1500 E22.36713
G0 F7200 X109.949 Y119.799
G0 X107.03 Y119.886
G1 F1500 E28.86713
G0 F7200 X107.05 Y120.7
;TYPE:WALL-OUTER
G1 F1800 X106.25 Y120.7 E28.87716
G1 X106.25 Y108.3 E29.03266
G1 X107.05 Y108.3 E29.04269
G1 X107.05 Y120.7 E29.19819
G0 F7200 X106.85 Y120.7
G0 X106.65 Y120.226
;TYPE:SKIN
G1 F1800 X106.65 Y119.943 E29.20193
G1 X106.65 Y108.912 E29.34773
G1 X106.826 Y108.523 E29.35337
G0 F7200 X106.797 Y108.494
G0 X106.445 Y120.304
G1 F1800 X106.644 Y120.503 E29.35513
G0 F7200 X106.65 Y120.3
G1 F1500 E22.85513
G0 F7200 X107.915 Y119.443
G0 X108.694 Y118.547
G0 X111.493 Y118.215
G0 X116.49 Y119.336
G0 X117.665 Y119.391
G1 F1500 E29.35513
G0 F7200 X118.541 Y119.347
;TYPE:WALL-OUTER
G1 F1800 X118.645 Y119.319 E29.35648
G1 X118.646 Y119.805 E29.36258
G1 X118.463 Y119.854 E29.36495
G1 X118.282 Y119.882 E29.36725
G1 X117.718 Y119.882 E29.37432
G1 X117.536 Y119.854 E29.37663
G1 X117.355 Y119.805 E29.37898
G1 X117.354 Y119.319 E29.38508
G1 X117.459 Y119.347 E29.38644
G1 X117.676 Y119.381 E29.3892
G1 X117.896 Y119.398 E29.39196
G1 X118.212 Y119.392 E29.39593
G1 X118.325 Y119.38 E29.39735
G1 X118.541 Y119.347 E29.40009
G0 F7200 X118.645 Y119.319
G0 X118.645 Y119.412
G0 X118.222 Y119.636
;TYPE:SKIN
G1 F1800 X117.942 Y119.639 E29.40144
G1 X117.643 Y119.622 E29.40288
G0 F7200 X117.599 Y119.46
G1 F1500 E22.90288
G0 F7200 X117.597 Y119.47
G0 X118.281 Y116.863
G1 F1500 E29.40288
G0 F7200 X118.541 Y116.347
;TYPE:WALL-OUTER
G1 F1800 X118.645 Y116.319 E29.40424
G1 X118.646 Y116.805 E29.41033
G1 X118.463 Y116.854 E29.41271
G1 X118.282 Y116.882 E29.415
G1 X117.714 Y116.882 E29.42213
G1 X117.541 Y116.855 E29.42432
G1 X117.355 Y116.805 E29.42674
G1 X117.354 Y116.319 E29.43283
G1 X117.459 Y116.347 E29.43419
G1 X117.676 Y116.381 E29.43695
G1 X117.896 Y116.398 E29.43972
G1 X118.212 Y116.392 E29.44368
G1 X118.325 Y116.38 E29.4451
G1 X118.541 Y116.347 E29.44784
G0 F7200 X118.645 Y116.319
G0 X118.645 Y116.412
G0 X118.323 Y116.626
;TYPE:SKIN
G1 F1800 X118.052 Y116.638 E29.44913
G1 X117.764 Y116.632 E29.45049
G0 F7200 X117.743 Y116.482
G1 F1500 E22.95049
G0 F7200 X117.743 Y116.486
G0 X118.281 Y113.863
G1 F1500 E29.45049
G0 F7200 X118.541 Y113.347
;TYPE:WALL-OUTER
G1 F1800 X118.645 Y113.319 E29.45184
G1 X118.646 Y113.805 E29.45793
G1 X118.463 Y113.854 E29.46031
G1 X118.282 Y113.882 E29.46261
G1 X117.718 Y113.882 E29.46968
G1 X117.536 Y113.854 E29.47199
G1 X117.355 Y113.805 E29.47434
G1 X117.354 Y113.319 E29.48043
G1 X117.459 Y113.347 E29.4818
G1 X117.676 Y113.381 E29.48455
G1 X117.896 Y113.398 E29.48732
G1 X118.212 Y113.392 E29.49128
G1 X118.325 Y113.38 E29.49271
G1 X118.541 Y113.347 E29.49545
G0 F7200 X118.645 Y113.319
G0 X118.645 Y113.412
G0 X118.414 Y113.605
;TYPE:SKIN
G1 F1800 X118.162 Y113.637 E29.49641
G1 X117.59 Y113.63 E29.49859
G0 F7200 X117.74 Y113.788
G1 F1500 E22.99859
G0 F7200 X117.74 Y113.782
G0 X118.281 Y110.863
G1 F1500 E29.49859
G0 F7200 X118.541 Y110.347
;TYPE:WALL-OUTER
G1 F1800 X118.645 Y110.319 E29.49994
G1 X118.646 Y110.805 E29.50604
G1 X118.463 Y110.854 E29.50841
G1 X118.282 Y110.882 E29.51071
G1 X117.718 Y110.882 E29.51778
G1 X117.536 Y110.854 E29.52009
G1 X117.355 Y110.805 E29.52244
G1 X117.354 Y110.319 E29.52854
G1 X117.459 Y110.347 E29.5299
G1 X117.676 Y110.381 E29.53265
G1 X117.896 Y110.398 E29.53542
G1 X118.212 Y110.392 E29.53938
G1 X118.325 Y110.38 E29.54081
G1 X118.541 Y110.347 E29.54355
G0 F7200 X118.645 Y110.319
G0 X118.645 Y110.412
G0 X118.27 Y110.633
;TYPE:SKIN
G1 F1800 X117.993 Y110.639 E29.54486
G1 X117.701 Y110.63 E29.54624
G0 F7200 X117.66 Y110.469
G1 F1500 E23.04624
G0 F7200 X117.665 Y110.48
G0 X119.51 Y110.457
G0 X124.49 Y110.448
G0 X126.545 Y110.443
G1 F1500 E29.54624
G0 F7200 X126.542 Y110.347
;TYPE:WALL-OUTER
G1 F1800 X126.645 Y110.319 E29.54758
G1 X126.646 Y110.805 E29.55368
G1 X126.463 Y110.854 E29.55605
G1 X126.282 Y110.882 E29.55835
G1 X125.714 Y110.882 E29.56547
G1 X125.541 Y110.855 E29.56767
G1 X125.355 Y110.805 E29.57008
G1 X125.354 Y110.319 E29.57618
G1 X125.459 Y110.347 E29.57754
G1 X125.675 Y110.38 E29.58028
G1 X125.788 Y110.392 E29.58171
G1 X126.105 Y110.398 E29.58568
G1 X126.257 Y110.388 E29.58759
G1 X126.424 Y110.366 E29.58971
G1 X126.542 Y110.347 E29.5912
G0 F7200 X126.645 Y110.319
G0 X126.645 Y110.413
G0 X126.427 Y110.588
;TYPE:SKIN
G1 F1800 X126.195 Y110.638 E29.59213
G1 X125.608 Y110.617 E29.59441
G0 F7200 X125.73 Y110.79
G1 F1500 E23.09441
G0 F7200 X125.73 Y110.782
G0 X126.633 Y113.334
G1 F1500 E29.59441
G0 F7200 X126.542 Y113.347
;TYPE:WALL-OUTER
G1 F1800 X126.645 Y113.319 E29.59574
G1 X126.646 Y113.805 E29.60184
G1 X126.463 Y113.854 E29.60422
G1 X126.282 Y113.882 E29.60651
G1 X125.714 Y113.882 E29.61363
G1 X125.541 Y113.855 E29.61583
G1 X125.355 Y113.805 E29.61825
G1 X125.354 Y113.319 E29.62434
G1 X125.459 Y113.347 E29.6257
G1 X125.675 Y113.38 E29.62844
G1 X125.788 Y113.392 E29.62987
G1 X126.105 Y113.398 E29.63384
G1 X126.257 Y113.388 E29.63575
G1 X126.424 Y113.366 E29.63787
G1 X126.542 Y113.347 E29.63937
G0 F7200 X126.645 Y113.319
G0 X126.645 Y113.413
G0 X126.35 Y113.622
;TYPE:SKIN
G1 F1800 X126.084 Y113.639 E29.64062
G1 X125.797 Y113.635 E29.64197
G0 F7200 X125.724 Y113.482
G1 F1500 E23.14197
G0 F7200 X125.724 Y113.486
G0 X126.633 Y116.334
G1 F1500 E29.64197
G0 F7200 X126.542 Y116.347
;TYPE:WALL-OUTER
G1 F1800 X126.645 Y116.319 E29.64331
G1 X126.646 Y116.805 E29.64941
G1 X126.463 Y116.854 E29.65178
G1 X126.282 Y116.882 E29.65408
G1 X125.714 Y116.882 E29.6612
G1 X125.541 Y116.855 E29.6634
G1 X125.355 Y116.805 E29.66581
G1 X125.354 Y116.319 E29.67191
G1 X125.459 Y116.347 E29.67327
G1 X125.675 Y116.38 E29.67601
G1 X125.788 Y116.392 E29.67744
G1 X126.105 Y116.398 E29.68141
G1 X126.257 Y116.388 E29.68332
G1 X126.424 Y116.366 E29.68543
G1 X126.542 Y116.347 E29.68693
G0 F7200 X126.645 Y116.319
G0 X126.645 Y116.413
G0 X126.25 Y116.634
;TYPE:SKIN
G1 F1800 X125.971 Y116.637 E29.68829
G1 X125.678 Y116.627 E29.68972
G0 F7200 X125.636 Y116.466
G1 F1500 E23.18972
G0 F7200 X125.634 Y116.475
G0 X126.633 Y119.334
G1 F1500 E29.68972
G0 F7200 X126.542 Y119.347
;TYPE:WALL-OUTER
G1 F1800 X126.645 Y119.319 E29.69106
G1 X126.646 Y119.805 E29.69716
G1 X126.463 Y119.854 E29.69953
G1 X126.282 Y119.882 E29.70183
G1 X125.714 Y119.882 E29.70895
G1 X125.541 Y119.855 E29.71115
G1 X125.355 Y119.805 E29.71356
G1 X125.354 Y119.319 E29.71966
G1 X125.459 Y119.347 E29.72102
G1 X125.675 Y119.38 E29.72376
G1 X125.788 Y119.392 E29.72519
G1 X126.105 Y119.398 E29.72916
G1 X126.257 Y119.388 E29.73107
G1 X126.424 Y119.366 E29.73319
G1 X126.542 Y119.347 E29.73468
G0 F7200 X126.645 Y119.319
G0 X126.645 Y119.413
G0 X126.401 Y119.613
;TYPE:SKIN
G1 F1800 X126.145 Y119.639 E29.73565
G1 X125.578 Y119.638 E29.73778
G0 F7200 X125.736 Y119.79
G1 F1500 E23.23778
G0 F7200 X125.736 Y119.782
G0 X126.633 Y119.334
G0 X132.491 Y116.795
G0 X134.62 Y116.947
G1 F1500 E29.73778
G0 F7200 X134.573 Y117.035
;TYPE:WALL-OUTER
G1 F1800 X134.202 Y116.915 E29.74267
G1 X134.09 Y116.907 E29.74407
G1 X134.022 Y116.905 E29.74493
G1 X133.789 Y116.889 E29.74786
G1 X133.672 Y116.877 E29.74933
G1 X133.544 Y116.856 E29.75096
G1 X133.355 Y116.805 E29.75341
G1 X133.354 Y116.319 E29.75951
G1 X133.459 Y116.347 E29.76087
G1 X133.675 Y116.38 E29.76361
G1 X133.786 Y116.392 E29.76501
G1 X133.992 Y116.4 E29.7676
G1 X134.139 Y116.412 E29.76945
G1 X134.217 Y116.416 E29.77042
G1 X134.298 Y116.426 E29.77145
G1 X134.413 Y116.462 E29.77296
G1 X134.671 Y116.534 E29.77632
G1 X134.919 Y116.661 E29.77981
G1 X135.019 Y116.727 E29.78131
G1 X135.337 Y117.021 E29.78675
G1 X135.409 Y117.113 E29.78821
G1 X135.616 Y117.482 E29.79352
G1 X135.727 Y117.878 E29.79867
G1 X135.743 Y118.293 E29.80388
G1 X135.729 Y118.416 E29.80543
G1 X135.616 Y118.818 E29.81067
G1 X135.409 Y119.187 E29.81598
G1 X135.337 Y119.279 E29.81744
G1 X135.019 Y119.573 E29.82287
G1 X134.925 Y119.636 E29.82429
G1 X134.537 Y119.815 E29.82965
G1 X134.271 Y119.878 E29.83308
G1 X134.134 Y119.894 E29.83481
G1 X133.998 Y119.9 E29.83652
G1 X133.857 Y119.895 E29.83828
G1 X133.731 Y119.884 E29.83987
G1 X133.536 Y119.854 E29.84234
G1 X133.355 Y119.805 E29.8447
G1 X133.354 Y119.319 E29.85079
G1 X133.459 Y119.347 E29.85215
G1 X133.675 Y119.38 E29.85489
G1 X133.787 Y119.392 E29.85631
G1 X134.03 Y119.4 E29.85936
G1 X134.111 Y119.396 E29.86037
G1 X134.467 Y119.31 E29.86497
G1 X134.582 Y119.258 E29.86655
G1 X134.944 Y118.972 E29.87233
G1 X135.068 Y118.801 E29.87498
G1 X135.191 Y118.536 E29.87865
G1 X135.249 Y118.24 E29.88243
G1 X135.193 Y117.767 E29.8884
G1 X135.018 Y117.425 E29.89322
G1 X134.941 Y117.326 E29.89479
G1 X134.573 Y117.035 E29.90068
G0 F7200 X134.383 Y116.974
G0 X134.205 Y116.668
;TYPE:SKIN
G1 F1800 X133.9 Y116.647 E29.90222
G1 X133.597 Y116.626 E29.90376
G0 F7200 X134.511 Y116.692
G1 F1800 X134.731 Y116.912 E29.90571
G0 F7200 X135.341 Y117.522
G1 F1800 X135.467 Y117.931 E29.90747
G1 X135.39 Y118.702 E29.91066
G1 X135.046 Y119.207 E29.91317
G1 X134.533 Y119.543 E29.9157
G1 X133.781 Y119.639 E29.91882
G0 F7200 X133.748 Y119.483
G1 F1500 E23.41882
G0 F7200 X133.748 Y119.488
G0 X135.393 Y119.176
G0 X136.97 Y119.176
G0 X137.65 Y120.63
G1 F1500 E29.91882
G0 F7200 X137.75 Y120.7
;TYPE:WALL-OUTER
G1 F1800 X136.95 Y120.7 E29.92885
G1 X136.95 Y108.3 E30.08435
G1 X137.75 Y108.3 E30.09438
G1 X137.75 Y120.7 E30.24988
G0 F7200 X137.55 Y120.7
G0 X137.309 Y120.338
;TYPE:SKIN
G1 F1800 X137.349 Y120.095 E30.25315
G1 X137.349 Y108.781 E30.40321
G1 X137.449 Y108.599 E30.40597
G0 F7200 X137.344 Y108.494
G0 X137.144 Y120.456
G1 F1800 X137.192 Y120.504 E30.40639
G0 F7200 X137.35 Y120.3
G1 F1500 E23.90639
G0 F7200 X136.97 Y110.947
G0 X135.598 Y111.489
G0 X134.62 Y110.947
G1 F1500 E30.40639
G0 F7200 X134.573 Y111.035
;TYPE:WALL-OUTER
G1 F1800 X134.202 Y110.915 E30.41128
G1 X134.09 Y110.907 E30.41269
G1 X134.022 Y110.905 E30.41354
G1 X133.79 Y110.889 E30.41646
G1 X133.672 Y110.877 E30.41795
G1 X133.544 Y110.856 E30.41957
G1 X133.355 Y110.805 E30.42203
G1 X133.354 Y110.319 E30.42812
G1 X133.459 Y110.347 E30.42949
G1 X133.675 Y110.38 E30.43223
G1 X133.786 Y110.392 E30.43363
G1 X133.992 Y110.4 E30.43621
G1 X134.139 Y110.412 E30.43806
G1 X134.217 Y110.416 E30.43904
G1 X134.304 Y110.427 E30.44014
G1 X134.533 Y110.484 E30.4431
G1 X134.917 Y110.661 E30.4484
G1 X135.133 Y110.818 E30.45175
G1 X135.414 Y111.122 E30.45694
G1 X135.616 Y111.482 E30.46212
G1 X135.727 Y111.878 E30.46728
G1 X135.743 Y112.293 E30.47248
G1 X135.729 Y112.416 E30.47404
G1 X135.616 Y112.818 E30.47927
G1 X135.409 Y113.187 E30.48458
G1 X135.337 Y113.279 E30.48604
G1 X135.019 Y113.573 E30.49147
G1 X134.925 Y113.636 E30.49289
G1 X134.533 Y113.816 E30.4983
G1 X134.273 Y113.878 E30.50165
G1 X134.134 Y113.894 E30.50341
G1 X133.998 Y113.9 E30.50512
G1 X133.857 Y113.895 E30.50689
G1 X133.731 Y113.884 E30.50847
G1 X133.536 Y113.854 E30.51095
G1 X133.355 Y113.805 E30.5133
G1 X133.354 Y113.319 E30.51939
G1 X133.459 Y113.347 E30.52076
G1 X133.675 Y113.38 E30.5235
G1 X133.787 Y113.392 E30.52491
G1 X134.03 Y113.4 E30.52796
G1 X134.107 Y113.396 E30.52892
G1 X134.382 Y113.341 E30.53244
G1 X134.579 Y113.26 E30.53511
G1 X134.944 Y112.972 E30.54094
G1 X135.068 Y112.801 E30.54359
G1 X135.194 Y112.529 E30.54735
G1 X135.249 Y112.06 E30.55327
G1 X135.191 Y111.764 E30.55705
G1 X135.068 Y111.499 E30.56072
G1 X134.944 Y111.328 E30.56337
G1 X134.573 Y111.035 E30.5693
G0 F7200 X134.383 Y110.974
G0 X134.505 Y110.746
;TYPE:SKIN
G1 F1800 X134.136 Y110.66 E30.5714
G1 X133.837 Y110.643 E30.57307
G0 F7200 X133.781 Y110.587
G0 X135.303 Y111.544
G0 X135.391 Y111.633
G1 F1800 X135.481 Y112.005 E30.57457
G1 X135.369 Y112.741 E30.57751
G1 X135.013 Y113.234 E30.57991
G1 X134.492 Y113.562 E30.58234
G1 X133.714 Y113.633 E30.58542
G0 F7200 X133.68 Y113.472
G1 F1500 E24.08542
;MESH:NONMESH
G0 F600 X133.68 Y113.472 Z1.2
G0 F7200 X133.679 Y113.481
G0 X132.49 Y113.336
G0 X127.493 Y112.215
G0 X117.363 Y111.703
G0 X111.511 Y110.791
G0 X110.545 Y110.443
G1 F1500 E30.58542
G0 F7200 X110.542 Y110.347
;TIME_ELAPSED:127.144814
;LAYER:5
;TYPE:WALL-OUTER
;MESH:output_v2\A_fina_conjunto.stl
G1 F1800 X110.855 Y110.263 E30.58948
G1 X110.856 Y110.747 E30.59555
G1 X110.838 Y110.754 E30.5958
G1 X110.464 Y110.854 E30.60065
G1 X110.278 Y110.883 E30.60301
G1 X110.2 Y110.887 E30.60399
G1 X110.2 Y110.392 E30.6102
G1 X110.227 Y110.391 E30.61054
G1 X110.358 Y110.376 E30.61219
G1 X110.542 Y110.347 E30.61453
G0 F7200 X110.735 Y110.296
G0 X110.66 Y110.522
;TYPE:SKIN
G1 F1800 X110.556 Y110.626 E30.61545
G0 F7200 X110.554 Y110.75
G1 F1500 E24.11545
G0 F7200 X110.55 Y110.728
G0 X110.546 Y113.366
G0 X109.328 Y114.046
G0 X108.723 Y114.953
G0 X109.027 Y115.976
G1 F1500 E30.61545
G0 F7200 X109.61 Y116.34
;TYPE:WALL-OUTER
G1 F1800 X109.906 Y116.396 E30.61923
G1 X110.03 Y116.4 E30.62078
G1 X110.228 Y116.39 E30.62327
G1 X110.358 Y116.376 E30.62491
G1 X110.542 Y116.347 E30.62724
G1 X110.855 Y116.263 E30.63131
G1 X110.856 Y116.747 E30.63738
G1 X110.838 Y116.754 E30.63762
G1 X110.464 Y116.854 E30.64247
G1 X110.269 Y116.884 E30.64495
G1 X110.143 Y116.895 E30.64653
G1 X110.004 Y116.9 E30.64828
G1 X109.831 Y116.892 E30.65045
G1 X109.727 Y116.879 E30.65177
G1 X109.332 Y116.766 E30.65692
G1 X108.972 Y116.564 E30.66209
G1 X108.663 Y116.279 E30.66737
G1 X108.591 Y116.187 E30.66883
G1 X108.38 Y115.811 E30.67424
G1 X108.301 Y115.567 E30.67745
G1 X108.251 Y115.14 E30.68285
G1 X108.255 Y115.019 E30.68436
G1 X108.299 Y114.745 E30.68784
G1 X108.444 Y114.352 E30.6931
G1 X108.587 Y114.118 E30.69654
G1 X108.663 Y114.021 E30.69808
G1 X108.976 Y113.732 E30.70342
G1 X109.202 Y113.595 E30.70674
G1 X109.603 Y113.448 E30.71209
G1 X109.636 Y113.446 E30.71251
G1 X110.02 Y113.4 E30.71736
G1 X110.227 Y113.391 E30.71996
G1 X110.358 Y113.376 E30.72161
G1 X110.542 Y113.347 E30.72395
G1 X110.855 Y113.263 E30.72801
G1 X110.856 Y113.747 E30.73408
G1 X110.838 Y113.754 E30.73432
G1 X110.464 Y113.854 E30.73918
G1 X110.269 Y113.884 E30.74165
G1 X110.143 Y113.895 E30.74324
G1 X109.996 Y113.9 E30.74508
G1 X109.793 Y113.916 E30.74763
G1 X109.348 Y114.08 E30.75358
G1 X109.051 Y114.334 E30.75848
G1 X108.882 Y114.585 E30.76228
G1 X108.762 Y114.958 E30.76719
G1 X108.78 Y115.43 E30.77311
G1 X108.848 Y115.64 E30.77588
G1 X109.107 Y116.026 E30.78171
G1 X109.271 Y116.166 E30.78442
G1 X109.61 Y116.34 E30.78919
G0 F7200 X109.806 Y116.377
G0 X109.672 Y116.601
;TYPE:SKIN
G1 F1800 X109.45 Y116.54 E30.78996
G1 X108.811 Y116.047 E30.79265
G1 X108.538 Y115.472 E30.79478
G1 X108.523 Y114.921 E30.79662
G1 X108.673 Y114.489 E30.79814
G1 X109.355 Y113.807 E30.80136
G1 X110.082 Y113.645 E30.80384
G1 X110.394 Y113.617 E30.80489
G0 F7200 X110.454 Y113.557
G0 X109.328 Y114.046
G0 X108.723 Y114.953
G0 X109.078 Y116.052
G0 X110.585 Y116.537
G0 X110.529 Y116.593
G1 F1800 X110.2 Y116.639 E30.80652
G1 X109.912 Y116.644 E30.80793
G0 F7200 X109.813 Y116.785
G1 F1500 E24.30793
G0 F7200 X110.002 Y119.42
G1 F1500 E30.80793
G0 F7200 X109.906 Y119.9
;TYPE:WALL-OUTER
G1 F1800 X109.457 Y119.9 E30.81356
G1 X109.456 Y119.4 E30.81983
G1 X110.002 Y119.4 E30.82668
G1 X110.128 Y119.398 E30.82826
G1 X110.356 Y119.377 E30.83113
G1 X110.542 Y119.347 E30.83349
G1 X110.855 Y119.263 E30.83756
G1 X110.856 Y119.747 E30.84363
G1 X110.838 Y119.754 E30.84387
G1 X110.464 Y119.854 E30.84872
G1 X110.269 Y119.884 E30.8512
G1 X110.141 Y119.895 E30.85281
G1 X110.071 Y119.898 E30.85369
G1 X110.007 Y119.897 E30.85449
G1 X109.906 Y119.9 E30.85576
G0 F7200 X109.706 Y119.9
G0 X109.735 Y119.649
;TYPE:SKIN
G1 F1800 X110.02 Y119.647 E30.85685
G1 X110.642 Y119.59 E30.85924
G0 F7200 X110.484 Y119.762
G1 F1500 E24.35924
G0 F7200 X110.482 Y119.746
G0 X109.471 Y119.886
G0 X107.03 Y119.886
G1 F1500 E30.85924
G0 F7200 X107.05 Y120.7
;TYPE:WALL-OUTER
G1 F1800 X106.25 Y120.7 E30.86927
G1 X106.25 Y108.3 E31.02477
G1 X107.05 Y108.3 E31.03481
G1 X107.05 Y120.7 E31.19031
G0 F7200 X106.85 Y120.7
G0 X106.736 Y120.386
;TYPE:SKIN
G1 F1800 X106.649 Y120.189 E31.19314
G1 X106.649 Y108.876 E31.34202
G1 X106.597 Y108.646 E31.34513
G0 F7200 X106.65 Y108.7
G1 F1500 E24.84513
G0 F7200 X107.03 Y119.444
G0 X108.605 Y120.753
G0 X110.379 Y120.742
G0 X116.28 Y119.425
G0 X118.562 Y119.444
G1 F1500 E31.34513
G0 F7200 X118.542 Y119.347
;TYPE:WALL-OUTER
G1 F1800 X118.855 Y119.263 E31.34919
G1 X118.856 Y119.747 E31.35526
G1 X118.838 Y119.754 E31.3555
G1 X118.464 Y119.854 E31.36036
G1 X118.282 Y119.882 E31.36267
G1 X117.718 Y119.882 E31.36974
G1 X117.536 Y119.854 E31.37205
G1 X117.167 Y119.755 E31.37684
G1 X117.145 Y119.746 E31.37714
G1 X117.144 Y119.263 E31.38319
G1 X117.459 Y119.347 E31.38481
G1 X117.688 Y119.382 E31.38772
G1 X117.895 Y119.398 E31.39032
G1 X118.213 Y119.392 E31.39431
G1 X118.357 Y119.376 E31.39612
G1 X118.542 Y119.347 E31.39847
G0 F7200 X118.735 Y119.296
G0 X118.572 Y119.581
;TYPE:SKIN
G1 F1800 X118.237 Y119.632 E31.39977
G1 X117.44 Y119.581 E31.40283
G0 F7200 X117.408 Y119.744
G1 F1500 E24.90283
G0 F7200 X117.415 Y119.719
G0 X117.719 Y116.863
G1 F1500 E31.40283
G0 F7200 X118.542 Y116.347
;TYPE:WALL-OUTER
G1 F1800 X118.855 Y116.263 E31.40689
G1 X118.856 Y116.747 E31.41296
G1 X118.838 Y116.754 E31.4132
G1 X118.464 Y116.854 E31.41806
G1 X118.282 Y116.882 E31.42037
G1 X117.718 Y116.882 E31.42744
G1 X117.536 Y116.854 E31.42975
G1 X117.167 Y116.755 E31.43454
G1 X117.145 Y116.746 E31.43484
G1 X117.144 Y116.263 E31.44089
G1 X117.459 Y116.347 E31.44251
G1 X117.688 Y116.382 E31.44541
G1 X117.895 Y116.398 E31.44802
G1 X118.213 Y116.392 E31.45201
G1 X118.357 Y116.376 E31.45382
G1 X118.542 Y116.347 E31.45617
G0 F7200 X118.735 Y116.296
G0 X118.429 Y116.611
;TYPE:SKIN
G1 F1800 X118.121 Y116.637 E31.45734
G1 X117.36 Y116.55 E31.46024
G0 F7200 X117.516 Y116.761
G1 F1500 E24.96024
G0 F7200 X117.52 Y116.747
G0 X118.546 Y116.366
G0 X118.281 Y113.863
G1 F1500 E31.46024
G0 F7200 X118.542 Y113.347
;TYPE:WALL-OUTER
G1 F1800 X118.855 Y113.263 E31.46431
G1 X118.856 Y113.747 E31.47038
G1 X118.838 Y113.754 E31.47062
G1 X118.464 Y113.854 E31.47547
G1 X118.282 Y113.882 E31.47778
G1 X117.718 Y113.882 E31.48486
G1 X117.536 Y113.854 E31.48716
G1 X117.167 Y113.755 E31.49196
G1 X117.145 Y113.746 E31.49225
G1 X117.144 Y113.263 E31.49831
G1 X117.459 Y113.347 E31.49993
G1 X117.688 Y113.382 E31.50283
G1 X117.895 Y113.398 E31.50544
G1 X118.213 Y113.392 E31.50942
G1 X118.357 Y113.376 E31.51124
G1 X118.542 Y113.347 E31.51359
G0 F7200 X118.735 Y113.296
G0 X118.629 Y113.584
;TYPE:SKIN
G1 F1800 X118.301 Y113.629 E31.51475
G1 X117.49 Y113.591 E31.51759
G0 F7200 X117.456 Y113.751
G1 F1500 E25.01759
G0 F7200 X117.461 Y113.732
G0 X118.546 Y113.366
G0 X118.281 Y110.863
G1 F1500 E31.51759
G0 F7200 X118.542 Y110.347
;TYPE:WALL-OUTER
G1 F1800 X118.855 Y110.263 E31.52166
G1 X118.856 Y110.747 E31.52772
G1 X118.838 Y110.754 E31.52797
G1 X118.464 Y110.854 E31.53282
G1 X118.282 Y110.882 E31.53513
G1 X117.718 Y110.882 E31.5422
G1 X117.536 Y110.854 E31.54451
G1 X117.167 Y110.755 E31.5493
G1 X117.145 Y110.746 E31.5496
G1 X117.144 Y110.263 E31.55566
G1 X117.459 Y110.347 E31.55728
G1 X117.688 Y110.382 E31.56018
G1 X117.895 Y110.398 E31.56278
G1 X118.213 Y110.392 E31.56677
G1 X118.357 Y110.376 E31.56859
G1 X118.542 Y110.347 E31.57094
G0 F7200 X118.735 Y110.296
G0 X118.503 Y110.599
;TYPE:SKIN
G1 F1800 X118.182 Y110.635 E31.57218
G1 X117.397 Y110.572 E31.57522
G0 F7200 X117.332 Y110.726
G1 F1500 E25.07522
G0 F7200 X117.339 Y110.699
G0 X118.855 Y110.459
G0 X124.28 Y110.447
G0 X126.562 Y110.444
G1 F1500 E31.57522
G0 F7200 X126.542 Y110.347
;TYPE:WALL-OUTER
G1 F1800 X126.855 Y110.263 E31.57928
G1 X126.856 Y110.747 E31.58535
G1 X126.838 Y110.754 E31.58559
G1 X126.464 Y110.854 E31.59045
G1 X126.282 Y110.882 E31.59276
G1 X125.718 Y110.882 E31.59983
G1 X125.536 Y110.854 E31.60214
G1 X125.167 Y110.755 E31.60693
G1 X125.145 Y110.746 E31.60723
G1 X125.144 Y110.263 E31.61328
G1 X125.459 Y110.347 E31.6149
G1 X125.687 Y110.381 E31.61779
G1 X125.788 Y110.392 E31.61907
G1 X126.117 Y110.398 E31.62319
G1 X126.23 Y110.39 E31.62461
G1 X126.358 Y110.376 E31.62623
G1 X126.542 Y110.347 E31.62856
G0 F7200 X126.735 Y110.296
G0 X126.406 Y110.615
;TYPE:SKIN
G1 F1800 X126.1 Y110.638 E31.62989
G1 X125.565 Y110.607 E31.6322
G0 F7200 X125.53 Y110.762
G1 F1500 E25.1322
G0 F7200 X125.533 Y110.751
G0 X126.843 Y113.278
G1 F1500 E31.6322
G0 F7200 X126.542 Y113.347
;TYPE:WALL-OUTER
G1 F1800 X126.855 Y113.263 E31.63627
G1 X126.856 Y113.747 E31.64234
G1 X126.838 Y113.754 E31.64258
G1 X126.464 Y113.854 E31.64743
G1 X126.282 Y113.882 E31.64974
G1 X125.718 Y113.882 E31.65682
G1 X125.536 Y113.854 E31.65913
G1 X125.167 Y113.755 E31.66392
G1 X125.145 Y113.746 E31.66421
G1 X125.144 Y113.263 E31.67027
G1 X125.459 Y113.347 E31.67189
G1 X125.687 Y113.381 E31.67478
G1 X125.788 Y113.392 E31.67605
G1 X126.117 Y113.398 E31.68018
G1 X126.23 Y113.39 E31.6816
G1 X126.358 Y113.376 E31.68321
G1 X126.542 Y113.347 E31.68555
G0 F7200 X126.735 Y113.296
G0 X126.543 Y113.589
;TYPE:SKIN
G1 F1800 X126.216 Y113.634 E31.68682
G1 X125.423 Y113.577 E31.68988
G0 F7200 X125.378 Y113.738
G1 F1500 E25.18988
G0 F7200 X125.385 Y113.711
G0 X126.843 Y116.278
G1 F1500 E31.68988
G0 F7200 X126.542 Y116.347
;TYPE:WALL-OUTER
G1 F1800 X126.855 Y116.263 E31.69394
G1 X126.856 Y116.747 E31.70001
G1 X126.838 Y116.754 E31.70025
G1 X126.464 Y116.854 E31.70511
G1 X126.282 Y116.882 E31.70742
G1 X125.718 Y116.882 E31.71449
G1 X125.536 Y116.854 E31.7168
G1 X125.167 Y116.755 E31.72159
G1 X125.145 Y116.746 E31.72189
G1 X125.144 Y116.263 E31.72794
G1 X125.459 Y116.347 E31.72956
G1 X125.687 Y116.381 E31.73245
G1 X125.788 Y116.392 E31.73372
G1 X126.117 Y116.398 E31.73785
G1 X126.23 Y116.39 E31.73927
G1 X126.358 Y116.376 E31.74089
G1 X126.542 Y116.347 E31.74322
G0 F7200 X126.735 Y116.296
G0 X126.334 Y116.626
;TYPE:SKIN
G1 F1800 X126.039 Y116.639 E31.74452
G1 X125.516 Y116.596 E31.74682
G0 F7200 X125.481 Y116.755
G1 F1500 E25.24682
G0 F7200 X125.485 Y116.738
G0 X126.843 Y119.278
G1 F1500 E31.74682
G0 F7200 X126.542 Y119.347
;TYPE:WALL-OUTER
G1 F1800 X126.855 Y119.263 E31.75088
G1 X126.856 Y119.747 E31.75695
G1 X126.838 Y119.754 E31.7572
G1 X126.464 Y119.854 E31.76205
G1 X126.282 Y119.882 E31.76436
G1 X125.718 Y119.882 E31.77143
G1 X125.536 Y119.854 E31.77374
G1 X125.167 Y119.755 E31.77853
G1 X125.145 Y119.746 E31.77883
G1 X125.144 Y119.263 E31.78489
G1 X125.459 Y119.347 E31.7865
G1 X125.687 Y119.381 E31.78939
G1 X125.788 Y119.392 E31.79067
G1 X126.117 Y119.398 E31.7948
G1 X126.23 Y119.39 E31.79622
G1 X126.358 Y119.376 E31.79783
G1 X126.542 Y119.347 E31.80017
G0 F7200 X126.735 Y119.296
G0 X126.466 Y119.606
;TYPE:SKIN
G1 F1800 X126.153 Y119.636 E31.8014
G1 X125.373 Y119.567 E31.80449
G0 F7200 X125.309 Y119.72
G1 F1500 E25.30449
G0 F7200 X125.316 Y119.693
G0 X126.843 Y119.278
G0 X132.28 Y116.738
G0 X134.62 Y116.947
G1 F1500 E31.80449
G0 F7200 X134.573 Y117.035
;TYPE:WALL-OUTER
G1 F1800 X134.201 Y116.915 E31.80939
G1 X133.862 Y116.895 E31.81365
G1 X133.715 Y116.882 E31.8155
G1 X133.537 Y116.854 E31.81776
G1 X133.167 Y116.755 E31.82256
G1 X133.145 Y116.746 E31.82286
G1 X133.144 Y116.263 E31.82891
G1 X133.459 Y116.347 E31.83053
G1 X133.687 Y116.381 E31.83342
G1 X133.786 Y116.392 E31.83467
G1 X133.992 Y116.4 E31.83726
G1 X134.278 Y116.423 E31.84085
G1 X134.675 Y116.536 E31.84603
G1 X134.919 Y116.661 E31.84947
G1 X135.019 Y116.727 E31.85097
G1 X135.337 Y117.021 E31.8564
G1 X135.409 Y117.113 E31.85787
G1 X135.616 Y117.482 E31.86317
G1 X135.727 Y117.878 E31.86833
G1 X135.743 Y118.293 E31.87354
G1 X135.729 Y118.416 E31.87509
G1 X135.616 Y118.818 E31.88033
G1 X135.409 Y119.187 E31.88563
G1 X135.337 Y119.279 E31.8871
G1 X135.019 Y119.573 E31.89253
G1 X134.925 Y119.636 E31.89395
G1 X134.537 Y119.815 E31.89931
G1 X134.271 Y119.878 E31.90273
G1 X134.134 Y119.894 E31.90446
G1 X133.974 Y119.9 E31.90647
G1 X133.838 Y119.894 E31.90818
G1 X133.689 Y119.879 E31.91006
G1 X133.545 Y119.856 E31.91189
G1 X133.167 Y119.755 E31.91679
G1 X133.145 Y119.746 E31.91709
G1 X133.144 Y119.263 E31.92315
G1 X133.459 Y119.347 E31.92476
G1 X133.687 Y119.381 E31.92765
G1 X133.786 Y119.392 E31.9289
G1 X134.006 Y119.4 E31.93166
G1 X134.11 Y119.396 E31.93297
G1 X134.467 Y119.31 E31.93757
G1 X134.582 Y119.258 E31.93916
G1 X134.944 Y118.972 E31.94494
G1 X135.068 Y118.801 E31.94759
G1 X135.191 Y118.536 E31.95125
G1 X135.249 Y118.24 E31.95504
G1 X135.193 Y117.767 E31.96101
G1 X135.018 Y117.425 E31.96583
G1 X134.941 Y117.326 E31.9674
G1 X134.573 Y117.035 E31.97328
G0 F7200 X134.383 Y116.974
G0 X134.436 Y116.727
;TYPE:SKIN
G1 F1800 X134.645 Y116.8 E31.97411
G1 X135.246 Y117.331 E31.97712
G1 X135.473 Y117.953 E31.97961
G1 X135.434 Y118.557 E31.98188
G1 X135.048 Y119.226 E31.98477
G1 X134.408 Y119.584 E31.98752
G1 X133.788 Y119.638 E31.98986
G1 X133.541 Y119.602 E31.99079
G0 F7200 X133.501 Y119.643
G0 X134.602 Y119.292
G0 X135.288 Y118.241
G0 X134.663 Y117.057
G0 X133.949 Y116.649
G1 F1800 X134.211 Y116.669 E31.99167
G1 X133.449 Y116.583 E31.99422
G0 F7200 X133.417 Y116.745
G1 F1500 E25.49422
G0 F7200 X133.423 Y116.721
G0 X134.591 Y117
G0 X135.393 Y119.176
G0 X136.97 Y119.176
G0 X137.65 Y120.63
G1 F1500 E31.99422
G0 F7200 X137.75 Y120.7
;TYPE:WALL-OUTER
G1 F1800 X136.95 Y120.7 E32.00425
G1 X136.95 Y108.3 E32.15975
G1 X137.75 Y108.3 E32.16978
G1 X137.75 Y120.7 E32.32528
G0 F7200 X137.55 Y120.7
G0 X137.5 Y120.451
;TYPE:SKIN
G1 F1800 X137.359 Y120.31 E32.32786
G1 X137.349 Y114.945 E32.39709
G1 X137.349 Y108.723 E32.47737
G1 X137.219 Y108.569 E32.47998
G0 F7200 X137.35 Y108.7
G1 F1500 E25.97998
G0 F7200 X136.97 Y110.947
G0 X135.598 Y111.489
G0 X134.62 Y110.947
G1 F1500 E32.47998
G0 F7200 X134.573 Y111.035
;TYPE:WALL-OUTER
G1 F1800 X134.201 Y110.915 E32.48488
G1 X133.838 Y110.894 E32.48944
G1 X133.689 Y110.879 E32.49132
G1 X133.545 Y110.856 E32.49314
G1 X133.167 Y110.755 E32.49805
G1 X133.145 Y110.746 E32.49835
G1 X133.144 Y110.263 E32.50441
G1 X133.459 Y110.347 E32.50602
G1 X133.687 Y110.381 E32.50891
G1 X133.786 Y110.392 E32.51016
G1 X133.992 Y110.4 E32.51275
G1 X134.288 Y110.424 E32.51647
G1 X134.533 Y110.483 E32.51963
G1 X134.917 Y110.661 E32.52494
G1 X135.133 Y110.818 E32.52829
G1 X135.414 Y111.122 E32.53348
G1 X135.616 Y111.482 E32.53866
G1 X135.727 Y111.878 E32.54381
G1 X135.743 Y112.293 E32.54902
G1 X135.729 Y112.416 E32.55057
G1 X135.616 Y112.818 E32.55581
G1 X135.409 Y113.187 E32.56112
G1 X135.337 Y113.279 E32.56258
G1 X135.019 Y113.573 E32.56801
G1 X134.925 Y113.636 E32.56943
G1 X134.537 Y113.815 E32.57479
G1 X134.271 Y113.878 E32.57822
G1 X134.134 Y113.894 E32.57995
G1 X133.974 Y113.9 E32.58195
G1 X133.838 Y113.894 E32.58366
G1 X133.689 Y113.879 E32.58554
G1 X133.545 Y113.856 E32.58737
G1 X133.167 Y113.755 E32.59228
G1 X133.145 Y113.746 E32.59257
G1 X133.144 Y113.263 E32.59863
G1 X133.459 Y113.347 E32.60025
G1 X133.687 Y113.381 E32.60314
G1 X133.786 Y113.392 E32.60439
G1 X134.006 Y113.4 E32.60715
G1 X134.106 Y113.396 E32.6084
G1 X134.382 Y113.341 E32.61193
G1 X134.579 Y113.26 E32.6146
G1 X134.944 Y112.972 E32.62043
G1 X135.068 Y112.801 E32.62308
G1 X135.194 Y112.529 E32.62684
G1 X135.249 Y112.06 E32.63276
G1 X135.191 Y111.764 E32.63655
G1 X135.068 Y111.499 E32.64021
G1 X134.944 Y111.328 E32.64286
G1 X134.573 Y111.035 E32.64879
G0 F7200 X134.383 Y110.974
G0 X134.483 Y110.74
;TYPE:SKIN
G1 F1800 X134.686 Y110.82 E32.64944
G1 X135.272 Y111.366 E32.65183
G1 X135.488 Y111.998 E32.65383
G1 X135.395 Y112.657 E32.65582
G1 X135.179 Y113.156 E32.65745
G1 X134.496 Y113.556 E32.65981
G1 X133.844 Y113.642 E32.66178
G1 X133.364 Y113.556 E32.66324
G0 F7200 X133.339 Y113.582
G0 X134.599 Y113.294
G0 X135.288 Y112.059
G0 X134.665 Y111.058
G0 X133.693 Y110.682
G0 X133.74 Y110.634
G1 F1800 X134.005 Y110.652 E32.66439
G1 X133.498 Y110.593 E32.66661
G0 F7200 X133.465 Y110.752
G1 F1500 E26.16661
;MESH:NONMESH
G0 F600 X133.465 Y110.752 Z1.4
G0 F7200 X133.47 Y110.734
G0 X132.28 Y110.296
G0 X126.351 Y111.746
G0 X117.649 Y111.746
G0 X111.72 Y110.277
G1 F1500 E32.66661
G0 F7200 X110.962 Y110.234
;TIME_ELAPSED:143.999574
;LAYER:6
;TYPE:WALL-OUTER
;MESH:output_v2\A_fina_conjunto.stl
G1 F1800 X111.065 Y110.195 E32.66799
G1 X111.066 Y110.665 E32.67388
G1 X110.832 Y110.756 E32.67703
G1 X110.618 Y110.812 E32.67981
G1 X110.617 Y110.327 E32.68589
G1 X110.962 Y110.234 E32.69037
G0 F7200 X111.065 Y110.195
G0 X111.065 Y110.285
G0 X110.776 Y110.699
G1 F1500 E26.19037
G0 F7200 X110.77 Y110.669
G0 X111.054 Y113.211
G1 F1500 E32.69037
G0 F7200 X110.962 Y113.234
G1 F1800 X111.065 Y113.195 E32.69175
G1 X111.066 Y113.665 E32.69764
G1 X110.832 Y113.756 E32.70079
G1 X110.618 Y113.812 E32.70357
G1 X110.617 Y113.327 E32.70965
G1 X110.962 Y113.234 E32.71413
G0 F7200 X111.065 Y113.195
G0 X111.065 Y113.285
G0 X110.776 Y113.699
G1 F1500 E26.21413
G0 F7200 X110.77 Y113.669
G0 X111.054 Y116.211
G1 F1500 E32.71413
G0 F7200 X110.962 Y116.234
G1 F1800 X111.065 Y116.195 E32.71551
G1 X111.066 Y116.665 E32.7214
G1 X110.832 Y116.756 E32.72455
G1 X110.618 Y116.812 E32.72733
G1 X110.618 Y116.326 E32.73342
G1 X110.962 Y116.234 E32.73789
G0 F7200 X111.065 Y116.195
G0 X111.065 Y116.285
G0 X110.871 Y116.528
;TYPE:SKIN
G1 F1800 X110.816 Y116.473 E32.73837
G0 F7200 X110.748 Y116.36
G1 F1500 E26.23837
G0 F7200 X110.754 Y116.393
G0 X111.054 Y119.211
G1 F1500 E32.73837
G0 F7200 X110.962 Y119.234
;TYPE:WALL-OUTER
G1 F1800 X111.065 Y119.195 E32.73976
G1 X111.066 Y119.665 E32.74565
G1 X110.832 Y119.756 E32.7488
G1 X110.618 Y119.812 E32.75157
G1 X110.617 Y119.327 E32.75765
G1 X110.962 Y119.234 E32.76213
G0 F7200 X111.065 Y119.195
G0 X111.065 Y119.285
G0 X110.776 Y119.699
G0 X109.841 Y119.9
G1 F1800 X109.382 Y119.9 E32.76789
G1 X109.381 Y119.4 E32.77416
G1 X109.841 Y119.4 E32.77993
G1 X109.841 Y119.9 E32.7862
G0 F7200 X109.641 Y119.9
G0 X109.641 Y119.8
G1 F1500 E26.2862
G0 F7200 X107.03 Y119.886
G1 F1500 E32.7862
G0 F7200 X107.05 Y120.7
G1 F1800 X106.25 Y120.7 E32.79623
G1 X106.25 Y108.3 E32.95173
G1 X107.05 Y108.3 E32.96176
G1 X107.05 Y120.7 E33.11727
G0 F7200 X106.85 Y120.7
G0 X106.65 Y120.226
;TYPE:SKIN
G1 F1800 X106.65 Y119.943 E33.12101
G1 X106.65 Y108.912 E33.2668
G1 X106.826 Y108.523 E33.27244
G0 F7200 X106.797 Y108.494
G0 X106.445 Y120.304
G1 F1800 X106.644 Y120.503 E33.2742
G0 F7200 X106.65 Y120.3
G1 F1500 E26.7742
G0 F7200 X107.03 Y119.331
G0 X108.527 Y118.547
G0 X111.911 Y117.963
G0 X116.07 Y119.311
G1 F1500 E33.2742
G0 F7200 X117.038 Y119.235
;TYPE:WALL-OUTER
G1 F1800 X117.382 Y119.325 E33.27866
G1 X117.383 Y119.813 E33.28478
G1 X117.166 Y119.755 E33.2876
G1 X116.935 Y119.666 E33.2907
G1 X116.934 Y119.195 E33.29661
G1 X117.038 Y119.235 E33.29801
G0 F7200 X117.231 Y119.285
G0 X117.25 Y119.358
G1 F1500 E26.79801
G0 F7200 X117.24 Y119.39
G0 X118.638 Y119.331
G1 F1500 E33.29801
G0 F7200 X118.962 Y119.234
G1 F1800 X119.065 Y119.195 E33.29939
G1 X119.066 Y119.665 E33.30528
G1 X118.832 Y119.756 E33.30843
G1 X118.618 Y119.812 E33.31121
G1 X118.618 Y119.326 E33.3173
G1 X118.962 Y119.234 E33.32177
G0 F7200 X119.065 Y119.195
G0 X119.065 Y119.285
G0 X118.775 Y119.698
G1 F1500 E26.82177
G0 F7200 X118.769 Y119.67
G0 X118.63 Y116.797
G1 F1500 E33.32177
G0 F7200 X118.962 Y116.234
G1 F1800 X119.065 Y116.195 E33.32315
G1 X119.066 Y116.665 E33.32904
G1 X118.832 Y116.756 E33.33219
G1 X118.618 Y116.812 E33.33496
G1 X118.618 Y116.326 E33.34106
G1 X118.962 Y116.234 E33.34552
G0 F7200 X119.065 Y116.195
G0 X119.065 Y116.285
G0 X118.775 Y116.698
G1 F1500 E26.84552
G0 F7200 X118.769 Y116.67
G0 X117.362 Y116.331
G1 F1500 E33.34552
G0 F7200 X117.038 Y116.235
G1 F1800 X117.382 Y116.325 E33.34998
G1 X117.382 Y116.813 E33.3561
G1 X117.166 Y116.755 E33.35891
G1 X116.935 Y116.666 E33.36201
G1 X116.934 Y116.195 E33.36792
G1 X117.038 Y116.235 E33.36932
G0 F7200 X117.231 Y116.285
G0 X117.25 Y116.358
G1 F1500 E26.86932
G0 F7200 X117.24 Y116.39
G0 X117.371 Y113.798
G1 F1500 E33.36932
G0 F7200 X117.038 Y113.235
G1 F1800 X117.382 Y113.325 E33.37377
G1 X117.383 Y113.813 E33.37989
G1 X117.166 Y113.755 E33.38271
G1 X116.935 Y113.666 E33.38582
G1 X116.934 Y113.195 E33.39172
G1 X117.038 Y113.235 E33.39312
G0 F7200 X117.231 Y113.285
G0 X117.139 Y113.462
;TYPE:SKIN
G1 F1800 X117.186 Y113.509 E33.39354
G0 F7200 X117.335 Y113.509
G1 F1500 E26.89354
G0 F7200 X117.282 Y113.508
G0 X118.638 Y113.331
G1 F1500 E33.39354
G0 F7200 X118.962 Y113.234
;TYPE:WALL-OUTER
G1 F1800 X119.065 Y113.195 E33.39492
G1 X119.066 Y113.665 E33.40081
G1 X118.832 Y113.756 E33.40396
G1 X118.618 Y113.812 E33.40673
G1 X118.618 Y113.326 E33.41283
G1 X118.962 Y113.234 E33.41729
G0 F7200 X119.065 Y113.195
G0 X119.065 Y113.285
G0 X118.775 Y113.698
G1 F1500 E26.91729
G0 F7200 X118.769 Y113.67
G0 X118.63 Y110.797
G1 F1500 E33.41729
G0 F7200 X118.962 Y110.234
G1 F1800 X119.065 Y110.195 E33.41867
G1 X119.066 Y110.665 E33.42457
G1 X118.832 Y110.756 E33.42772
G1 X118.618 Y110.812 E33.43049
G1 X118.618 Y110.326 E33.43659
G1 X118.962 Y110.234 E33.44105
G0 F7200 X119.065 Y110.195
G0 X119.065 Y110.285
G0 X118.775 Y110.698
G1 F1500 E26.94105
G0 F7200 X118.769 Y110.67
G0 X117.382 Y110.333
G1 F1500 E33.44105
G0 F7200 X117.038 Y110.235
G1 F1800 X117.382 Y110.325 E33.44551
G1 X117.383 Y110.813 E33.45163
G1 X117.166 Y110.755 E33.45445
G1 X116.935 Y110.666 E33.45755
G1 X116.934 Y110.195 E33.46346
G1 X117.038 Y110.235 E33.46486
G0 F7200 X117.231 Y110.285
G0 X117.25 Y110.358
G1 F1500 E26.96486
G0 F7200 X117.24 Y110.39
G0 X119.911 Y108.963
G0 X124.07 Y110.331
G1 F1500 E33.46486
G0 F7200 X125.038 Y110.235
G1 F1800 X125.382 Y110.325 E33.46931
G1 X125.382 Y110.813 E33.47543
G1 X125.166 Y110.755 E33.47824
G1 X124.935 Y110.666 E33.48134
G1 X124.934 Y110.195 E33.48725
G1 X125.038 Y110.235 E33.48865
G0 F7200 X125.231 Y110.285
G0 X125.25 Y110.358
G1 F1500 E26.98865
G0 F7200 X125.24 Y110.39
G0 X126.632 Y110.339
G1 F1500 E33.48865
G0 F7200 X126.962 Y110.234
G1 F1800 X127.065 Y110.195 E33.49003
G1 X127.066 Y110.665 E33.49592
G1 X126.832 Y110.756 E33.49907
G1 X126.618 Y110.812 E33.50184
G1 X126.617 Y110.327 E33.50793
G1 X126.962 Y110.234 E33.51241
G0 F7200 X127.065 Y110.195
G0 X127.065 Y110.285
G0 X126.776 Y110.699
G1 F1500 E27.01241
G0 F7200 X126.77 Y110.669
G0 X127.054 Y113.211
G1 F1500 E33.51241
G0 F7200 X126.962 Y113.234
G1 F1800 X127.065 Y113.195 E33.51379
G1 X127.066 Y113.665 E33.51968
G1 X126.832 Y113.756 E33.52283
G1 X126.618 Y113.812 E33.52561
G1 X126.617 Y113.327 E33.53169
G1 X126.962 Y113.234 E33.53617
G0 F7200 X127.065 Y113.195
G0 X127.065 Y113.285
G0 X126.776 Y113.699
G1 F1500 E27.03617
G0 F7200 X126.77 Y113.669
G0 X125.362 Y113.339
G1 F1500 E33.53617
G0 F7200 X125.038 Y113.235
G1 F1800 X125.382 Y113.325 E33.54063
G1 X125.382 Y113.813 E33.54675
G1 X125.166 Y113.755 E33.54955
G1 X124.935 Y113.666 E33.55266
G1 X124.934 Y113.195 E33.55856
G1 X125.038 Y113.235 E33.55996
G0 F7200 X125.231 Y113.285
G0 X125.25 Y113.358
G1 F1500 E27.05996
G0 F7200 X125.24 Y113.39
G0 X124.945 Y116.211
G1 F1500 E33.55996
G0 F7200 X125.038 Y116.235
G1 F1800 X125.382 Y116.325 E33.56442
G1 X125.382 Y116.813 E33.57054
G1 X125.166 Y116.755 E33.57334
G1 X124.935 Y116.666 E33.57645
G1 X124.934 Y116.195 E33.58235
G1 X125.038 Y116.235 E33.58375
G0 F7200 X125.231 Y116.285
G0 X125.25 Y116.358
G1 F1500 E27.08375
G0 F7200 X125.24 Y116.39
G0 X126.638 Y116.328
G1 F1500 E33.58375
G0 F7200 X126.962 Y116.234
G1 F1800 X127.065 Y116.195 E33.58513
G1 X127.066 Y116.665 E33.59103
G1 X126.832 Y116.756 E33.59418
G1 X126.618 Y116.812 E33.59695
G1 X126.618 Y116.326 E33.60304
G1 X126.962 Y116.234 E33.60751
G0 F7200 X127.065 Y116.195
G0 X127.065 Y116.285
G0 X126.775 Y116.698
G1 F1500 E27.10751
G0 F7200 X126.769 Y116.67
G0 X127.054 Y119.211
G1 F1500 E33.60751
G0 F7200 X126.962 Y119.234
G1 F1800 X127.065 Y119.195 E33.60889
G1 X127.066 Y119.665 E33.61478
G1 X126.832 Y119.756 E33.61793
G1 X126.618 Y119.812 E33.62071
G1 X126.617 Y119.327 E33.62679
G1 X126.962 Y119.234 E33.63127
G0 F7200 X127.065 Y119.195
G0 X127.065 Y119.285
G0 X126.87 Y119.516
;TYPE:SKIN
G1 F1800 X126.827 Y119.473 E33.63165
G0 F7200 X126.758 Y119.356
G1 F1500 E27.13165
G0 F7200 X126.767 Y119.39
G0 X125.362 Y119.339
G1 F1500 E33.63165
G0 F7200 X125.038 Y119.235
;TYPE:WALL-OUTER
G1 F1800 X125.382 Y119.325 E33.63611
G1 X125.382 Y119.813 E33.64223
G1 X125.166 Y119.755 E33.64503
G1 X124.935 Y119.666 E33.64814
G1 X124.934 Y119.195 E33.65405
G1 X125.038 Y119.235 E33.65544
G0 F7200 X125.231 Y119.285
G0 X125.129 Y119.472
;TYPE:SKIN
G1 F1800 X125.186 Y119.529 E33.65595
G0 F7200 X125.335 Y119.53
G1 F1500 E27.15595
G0 F7200 X125.282 Y119.53
G0 X125.645 Y118.501
G0 X127.911 Y117.963
G0 X132.07 Y119.316
G1 F1500 E33.65595
G0 F7200 X133.038 Y119.235
;TYPE:WALL-OUTER
G1 F1800 X133.382 Y119.325 E33.66041
G1 X133.383 Y119.813 E33.66653
G1 X133.166 Y119.755 E33.66934
G1 X132.935 Y119.666 E33.67245
G1 X132.934 Y119.195 E33.67836
G1 X133.038 Y119.235 E33.67975
G0 F7200 X133.231 Y119.285
G0 X133.25 Y119.358
G1 F1500 E27.17975
G0 F7200 X133.24 Y119.39
G0 X133.37 Y116.798
G1 F1500 E33.67975
G0 F7200 X133.038 Y116.235
G1 F1800 X133.382 Y116.325 E33.68421
G1 X133.382 Y116.813 E33.69033
G1 X133.166 Y116.755 E33.69314
G1 X132.935 Y116.666 E33.69624
G1 X132.934 Y116.195 E33.70215
G1 X133.038 Y116.235 E33.70354
G0 F7200 X133.231 Y116.285
G0 X133.154 Y116.466
;TYPE:SKIN
G1 F1800 X133.186 Y116.498 E33.70383
G0 F7200 X133.335 Y116.499
G1 F1500 E27.20383
G0 F7200 X133.282 Y116.499
G0 X133.371 Y113.798
G1 F1500 E33.70383
G0 F7200 X133.038 Y113.235
;TYPE:WALL-OUTER
G1 F1800 X133.382 Y113.325 E33.70829
G1 X133.383 Y113.813 E33.71441
G1 X133.166 Y113.755 E33.71722
G1 X132.935 Y113.666 E33.72033
G1 X132.934 Y113.195 E33.72623
G1 X133.038 Y113.235 E33.72763
G0 F7200 X133.231 Y113.285
G0 X133.25 Y113.358
G1 F1500 E27.22763
G0 F7200 X133.24 Y113.39
G0 X133.371 Y110.798
G1 F1500 E33.72763
G0 F7200 X133.038 Y110.235
G1 F1800 X133.382 Y110.325 E33.73209
G1 X133.383 Y110.813 E33.73821
G1 X133.166 Y110.755 E33.74103
G1 X132.935 Y110.666 E33.74413
G1 X132.934 Y110.195 E33.75004
G1 X133.038 Y110.235 E33.75144
G0 F7200 X133.231 Y110.285
G0 X133.129 Y110.501
;TYPE:SKIN
G1 F1800 X133.178 Y110.551 E33.75187
G0 F7200 X133.168 Y110.682
G1 F1500 E27.25187
G0 F7200 X133.181 Y110.654
G0 X134.247 Y110.796
G0 X136.085 Y110.798
G0 X137.65 Y120.63
G1 F1500 E33.75187
G0 F7200 X137.75 Y120.7
;TYPE:WALL-OUTER
G1 F1800 X136.95 Y120.7 E33.76191
G1 X136.95 Y108.3 E33.91741
G1 X137.75 Y108.3 E33.92744
G1 X137.75 Y120.7 E34.08294
G0 F7200 X137.55 Y120.7
G0 X137.309 Y120.338
;TYPE:SKIN
G1 F1800 X137.349 Y120.095 E34.08621
G1 X137.349 Y108.781 E34.23627
G1 X137.449 Y108.599 E34.23902
G0 F7200 X137.344 Y108.494
G0 X137.144 Y120.456
G1 F1800 X137.192 Y120.504 E34.23945
G0 F7200 X137.35 Y120.3
G1 F1500 E27.73945
;MESH:NONMESH
G0 F600 X137.35 Y120.3 Z1.6
G0 F7200 X136.97 Y110.328
G0 X134.236 Y109.597
G0 X132.086 Y108.96
G0 X127.923 Y111.254
G0 X126.626 Y111.704
G0 X117.767 Y111.818
G0 X111.93 Y110.382
G1 F1500 E34.23945
G0 F7200 X110.962 Y110.235
;TIME_ELAPSED:165.262598
;LAYER:7
;TYPE:WALL-OUTER
;MESH:output_v2\A_fina_conjunto.stl
G1 F1800 X111.275 Y110.114 E34.24366
G1 X111.275 Y110.58 E34.2495
G1 X111.225 Y110.604 E34.2502
G1 X110.836 Y110.754 E34.25543
G1 X110.836 Y110.268 E34.26152
G1 X110.962 Y110.235 E34.26315
G0 F7200 X111.148 Y110.163
G0 X110.875 Y110.537
G1 F1500 E27.76315
G0 F7200 X110.936 Y110.537
G0 X111.264 Y113.13
G1 F1500 E34.26315
G0 F7200 X110.962 Y113.235
G1 F1800 X111.275 Y113.114 E34.26736
G1 X111.275 Y113.58 E34.27321
G1 X111.225 Y113.604 E34.2739
G1 X110.836 Y113.754 E34.27913
G1 X110.836 Y113.268 E34.28522
G1 X110.962 Y113.235 E34.28686
G0 F7200 X111.148 Y113.163
G0 X110.875 Y113.537
G1 F1500 E27.78686
G0 F7200 X110.936 Y113.537
G0 X111.264 Y116.13
G1 F1500 E34.28686
G0 F7200 X110.962 Y116.235
G1 F1800 X111.275 Y116.114 E34.29107
G1 X111.276 Y116.579 E34.2969
G1 X111.22 Y116.606 E34.29768
G1 X110.836 Y116.754 E34.30284
G1 X110.836 Y116.268 E34.30893
G1 X110.962 Y116.235 E34.31057
G0 F7200 X111.148 Y116.163
G0 X110.875 Y116.537
G1 F1500 E27.81057
G0 F7200 X110.936 Y116.537
G0 X111.264 Y119.13
G1 F1500 E34.31057
G0 F7200 X110.962 Y119.235
G1 F1800 X111.275 Y119.114 E34.31477
G1 X111.276 Y119.579 E34.32061
G1 X111.22 Y119.606 E34.32139
G1 X110.836 Y119.754 E34.32655
G1 X110.836 Y119.268 E34.33264
G1 X110.962 Y119.235 E34.33427
G0 F7200 X111.148 Y119.163
G0 X110.875 Y119.537
G0 X110.936 Y119.537
G0 X109.738 Y119.738
G0 X109.758 Y119.9
G1 F1800 X109.328 Y119.9 E34.33967
G1 X109.327 Y119.4 E34.34594
G1 X109.758 Y119.4 E34.35134
G1 X109.758 Y119.9 E34.35761
G0 F7200 X109.558 Y119.9
G0 X109.558 Y119.8
G1 F1500 E27.85761
G0 F7200 X107.03 Y119.886
G1 F1500 E34.35761
G0 F7200 X107.05 Y120.7
G1 F1800 X106.25 Y120.7 E34.36764
G1 X106.25 Y108.3 E34.52314
G1 X107.05 Y108.3 E34.53318
G1 X107.05 Y120.7 E34.68868
G0 F7200 X106.85 Y120.7
G0 X106.736 Y120.386
;TYPE:SKIN
G1 F1800 X106.649 Y120.189 E34.69151
G1 X106.649 Y108.876 E34.84039
G1 X106.597 Y108.646 E34.8435
G0 F7200 X106.65 Y108.7
G1 F1500 E28.3435
G0 F7200 X107.03 Y119.33
G0 X108.473 Y118.547
G0 X112.12 Y117.774
G0 X115.86 Y119.311
G0 X117.008 Y119.33
G1 F1500 E34.8435
G0 F7200 X117.038 Y119.235
;TYPE:WALL-OUTER
G1 F1800 X117.164 Y119.268 E34.84513
G1 X117.164 Y119.754 E34.85123
G1 X116.775 Y119.604 E34.85405
G1 X116.725 Y119.58 E34.85474
G1 X116.724 Y119.114 E34.86059
G1 X117.038 Y119.235 E34.86226
G0 F7200 X117.164 Y119.268
G0 X117.164 Y119.338
G0 X117.125 Y119.339
G1 F1500 E28.36226
G0 F7200 X117.062 Y119.344
G0 X118.856 Y119.33
G1 F1500 E34.86226
G0 F7200 X118.962 Y119.235
G1 F1800 X119.275 Y119.114 E34.86647
G1 X119.276 Y119.579 E34.8723
G1 X119.22 Y119.606 E34.87308
G1 X118.836 Y119.754 E34.87824
G1 X118.836 Y119.268 E34.88434
G1 X118.962 Y119.235 E34.88597
G0 F7200 X119.148 Y119.163
G0 X118.875 Y119.537
G1 F1500 E28.38597
G0 F7200 X118.936 Y119.537
G0 X118.847 Y116.738
G1 F1500 E34.88597
G0 F7200 X118.962 Y116.235
G1 F1800 X119.275 Y116.114 E34.89018
G1 X119.276 Y116.579 E34.89601
G1 X119.22 Y116.606 E34.89679
G1 X118.836 Y116.754 E34.90195
G1 X118.836 Y116.268 E34.90804
G1 X118.962 Y116.235 E34.90968
G0 F7200 X119.148 Y116.163
G0 X118.875 Y116.537
G1 F1500 E28.40968
G0 F7200 X118.936 Y116.537
G0 X117.144 Y116.33
G1 F1500 E34.90968
G0 F7200 X117.038 Y116.235
G1 F1800 X117.164 Y116.268 E34.91131
G1 X117.164 Y116.754 E34.91741
G1 X116.775 Y116.604 E34.92023
G1 X116.725 Y116.58 E34.92092
G1 X116.724 Y116.114 E34.92677
G1 X117.038 Y116.235 E34.92844
G0 F7200 X117.164 Y116.268
G0 X117.164 Y116.338
G0 X117.125 Y116.339
G1 F1500 E28.42844
G0 F7200 X117.062 Y116.344
G0 X117.153 Y113.738
G1 F1500 E34.92844
G0 F7200 X117.038 Y113.235
G1 F1800 X117.164 Y113.268 E34.93008
G1 X117.164 Y113.754 E34.93617
G1 X116.775 Y113.604 E34.93899
G1 X116.725 Y113.58 E34.93969
G1 X116.724 Y113.114 E34.94553
G1 X117.038 Y113.235 E34.94721
G0 F7200 X117.164 Y113.268
G0 X117.164 Y113.338
G0 X117.125 Y113.339
G1 F1500 E28.44721
G0 F7200 X117.062 Y113.344
G0 X118.856 Y113.33
G1 F1500 E34.94721
G0 F7200 X118.962 Y113.235
G1 F1800 X119.275 Y113.114 E34.95141
G1 X119.275 Y113.58 E34.95726
G1 X119.225 Y113.604 E34.95795
G1 X118.836 Y113.754 E34.96318
G1 X118.836 Y113.268 E34.96928
G1 X118.962 Y113.235 E34.97091
G0 F7200 X119.148 Y113.163
G0 X119.079 Y113.417
;TYPE:SKIN
G1 F1800 X119.03 Y113.466 E34.97135
G0 F7200 X118.875 Y113.466
G1 F1500 E28.47135
G0 F7200 X118.936 Y113.466
G0 X118.847 Y110.738
G1 F1500 E34.97135
G0 F7200 X118.962 Y110.235
;TYPE:WALL-OUTER
G1 F1800 X119.275 Y110.114 E34.97555
G1 X119.275 Y110.58 E34.9814
G1 X119.225 Y110.604 E34.98209
G1 X118.836 Y110.754 E34.98732
G1 X118.836 Y110.268 E34.99342
G1 X118.962 Y110.235 E34.99505
G0 F7200 X119.148 Y110.163
G0 X118.875 Y110.537
G1 F1500 E28.49505
G0 F7200 X118.936 Y110.537
G0 X117.144 Y110.33
G1 F1500 E34.99505
G0 F7200 X117.038 Y110.235
G1 F1800 X117.164 Y110.268 E34.99668
G1 X117.164 Y110.754 E35.00278
G1 X116.775 Y110.604 E35.0056
G1 X116.725 Y110.58 E35.0063
G1 X116.724 Y110.114 E35.01214
G1 X117.038 Y110.235 E35.01381
G0 F7200 X117.164 Y110.268
G0 X117.164 Y110.338
G0 X117.125 Y110.339
G1 F1500 E28.51381
G0 F7200 X117.062 Y110.344
G0 X123.86 Y110.315
G0 X125.008 Y110.33
G1 F1500 E35.01381
G0 F7200 X125.038 Y110.235
G1 F1800 X125.164 Y110.268 E35.01545
G1 X125.164 Y110.754 E35.02154
G1 X124.775 Y110.604 E35.02436
G1 X124.725 Y110.58 E35.02506
G1 X124.724 Y110.114 E35.0309
G1 X125.038 Y110.235 E35.03258
G0 F7200 X125.164 Y110.268
G0 X125.164 Y110.338
G0 X125.125 Y110.339
G1 F1500 E28.53258
G0 F7200 X125.062 Y110.344
G0 X126.856 Y110.33
G1 F1500 E35.03258
G0 F7200 X126.962 Y110.235
G1 F1800 X127.275 Y110.114 E35.03679
G1 X127.275 Y110.58 E35.04263
G1 X127.225 Y110.604 E35.04333
G1 X126.836 Y110.754 E35.04855
G1 X126.836 Y110.268 E35.05465
G1 X126.962 Y110.235 E35.05628
G0 F7200 X127.148 Y110.163
G0 X126.875 Y110.537
G1 F1500 E28.55628
G0 F7200 X126.936 Y110.537
G0 X127.264 Y113.13
G1 F1500 E35.05628
G0 F7200 X126.962 Y113.235
G1 F1800 X127.275 Y113.114 E35.06049
G1 X127.275 Y113.58 E35.06633
G1 X127.225 Y113.604 E35.06703
G1 X126.836 Y113.754 E35.07226
G1 X126.836 Y113.268 E35.07835
G1 X126.962 Y113.235 E35.07999
G0 F7200 X127.148 Y113.163
G0 X126.875 Y113.537
G1 F1500 E28.57999
G0 F7200 X126.936 Y113.537
G0 X125.144 Y113.33
G1 F1500 E35.07999
G0 F7200 X125.038 Y113.235
G1 F1800 X125.164 Y113.268 E35.08162
G1 X125.164 Y113.754 E35.08771
G1 X124.775 Y113.604 E35.09054
G1 X124.725 Y113.58 E35.09123
G1 X124.724 Y113.114 E35.09708
G1 X125.038 Y113.235 E35.09875
G0 F7200 X125.164 Y113.268
G0 X125.164 Y113.338
G0 X125.125 Y113.339
G1 F1500 E28.59875
G0 F7200 X125.062 Y113.344
G0 X124.735 Y116.13
G1 F1500 E35.09875
G0 F7200 X125.038 Y116.235
G1 F1800 X125.164 Y116.268 E35.10038
G1 X125.164 Y116.754 E35.10648
G1 X124.775 Y116.604 E35.1093
G1 X124.725 Y116.58 E35.11
G1 X124.724 Y116.114 E35.11584
G1 X125.038 Y116.235 E35.11751
G0 F7200 X125.164 Y116.268
G0 X125.164 Y116.338
G0 X125.125 Y116.339
G1 F1500 E28.61751
G0 F7200 X125.062 Y116.344
G0 X126.856 Y116.33
G1 F1500 E35.11751
G0 F7200 X126.962 Y116.235
G1 F1800 X127.275 Y116.114 E35.12172
G1 X127.275 Y116.58 E35.12757
G1 X127.225 Y116.604 E35.12826
G1 X126.836 Y116.754 E35.13349
G1 X126.836 Y116.268 E35.13959
G1 X126.962 Y116.235 E35.14122
G0 F7200 X127.148 Y116.163
G0 X126.875 Y116.537
G1 F1500 E28.64122
G0 F7200 X126.936 Y116.537
G0 X127.264 Y119.13
G1 F1500 E35.14122
G0 F7200 X126.962 Y119.235
G1 F1800 X127.275 Y119.114 E35.14543
G1 X127.276 Y119.579 E35.15126
G1 X127.22 Y119.606 E35.15204
G1 X126.836 Y119.754 E35.1572
G1 X126.836 Y119.268 E35.16329
G1 X126.962 Y119.235 E35.16493
G0 F7200 X127.148 Y119.163
G0 X126.875 Y119.537
G1 F1500 E28.66493
G0 F7200 X126.936 Y119.537
G0 X125.144 Y119.33
G1 F1500 E35.16493
G0 F7200 X125.038 Y119.235
G1 F1800 X125.164 Y119.268 E35.16656
G1 X125.164 Y119.754 E35.17265
G1 X124.775 Y119.604 E35.17548
G1 X124.725 Y119.58 E35.17617
G1 X124.725 Y119.114 E35.18202
G1 X125.038 Y119.235 E35.18368
G0 F7200 X125.164 Y119.268
G0 X125.164 Y119.338
G0 X124.962 Y119.414
;TYPE:SKIN
G1 F1800 X124.923 Y119.452 E35.18402
G0 F7200 X124.867 Y119.597
G1 F1500 E28.68402
G0 F7200 X124.889 Y119.541
G0 X126.029 Y119.33
G0 X131.86 Y119.315
G0 X133.008 Y119.33
G1 F1500 E35.18402
G0 F7200 X133.038 Y119.235
;TYPE:WALL-OUTER
G1 F1800 X133.164 Y119.268 E35.18566
G1 X133.164 Y119.754 E35.19175
G1 X132.775 Y119.604 E35.19458
G1 X132.725 Y119.58 E35.19527
G1 X132.724 Y119.114 E35.20111
G1 X133.038 Y119.235 E35.20279
G0 F7200 X133.164 Y119.268
G0 X133.164 Y119.338
G0 X133.125 Y119.339
G1 F1500 E28.70279
G0 F7200 X133.062 Y119.344
G0 X133.153 Y116.738
G1 F1500 E35.20279
G0 F7200 X133.038 Y116.235
G1 F1800 X133.164 Y116.268 E35.20442
G1 X133.164 Y116.754 E35.21052
G1 X132.775 Y116.604 E35.21334
G1 X132.725 Y116.58 E35.21404
G1 X132.724 Y116.114 E35.21988
G1 X133.038 Y116.235 E35.22155
G0 F7200 X133.164 Y116.268
G0 X133.164 Y116.338
G0 X133.125 Y116.339
G1 F1500 E28.72155
G0 F7200 X133.062 Y116.344
G0 X133.153 Y113.738
G1 F1500 E35.22155
G0 F7200 X133.038 Y113.235
G1 F1800 X133.164 Y113.268 E35.22319
G1 X133.164 Y113.754 E35.22928
G1 X132.775 Y113.604 E35.2321
G1 X132.725 Y113.58 E35.2328
G1 X132.724 Y113.114 E35.23864
G1 X133.038 Y113.235 E35.24032
G0 F7200 X133.164 Y113.268
G0 X133.164 Y113.338
G0 X133.125 Y113.339
G1 F1500 E28.74032
G0 F7200 X133.062 Y113.344
G0 X133.153 Y110.738
G1 F1500 E35.24032
G0 F7200 X133.038 Y110.235
G1 F1800 X133.164 Y110.268 E35.24195
G1 X133.164 Y110.754 E35.24805
G1 X132.775 Y110.604 E35.25087
G1 X132.725 Y110.58 E35.25156
G1 X132.724 Y110.114 E35.25741
G1 X133.038 Y110.235 E35.25908
G0 F7200 X133.164 Y110.268
G0 X133.164 Y110.338
G0 X133.125 Y110.339
G1 F1500 E28.75908
G0 F7200 X133.062 Y110.344
G0 X134.029 Y110.738
G0 X136.085 Y110.738
G0 X137.65 Y120.63
G1 F1500 E35.25908
G0 F7200 X137.75 Y120.7
G1 F1800 X136.95 Y120.7 E35.26911
G1 X136.95 Y108.3 E35.42461
G1 X137.75 Y108.3 E35.43465
G1 X137.75 Y120.7 E35.59015
G0 F7200 X137.55 Y120.7
G0 X137.5 Y120.451
;TYPE:SKIN
G1 F1800 X137.359 Y120.31 E35.59272
G1 X137.349 Y114.945 E35.66195
G1 X137.349 Y108.723 E35.74224
G1 X137.219 Y108.569 E35.74484
G0 F7200 X137.35 Y108.7
G1 F1500 E29.24484
;MESH:NONMESH
G0 F600 X137.35 Y108.7 Z1.8
G0 F7200 X136.97 Y110.196
G0 X131.877 Y108.769
G0 X115.877 Y108.769
G0 X112.14 Y110.196
G1 F1500 E35.74484
G0 F7200 X111.38 Y110.074
;TIME_ELAPSED:186.180722
;LAYER:8
;TYPE:WALL-OUTER
;MESH:output_v2\A_fina_conjunto.stl
G1 F1800 X111.485 Y110.023 E35.7463
G1 X111.485 Y110.478 E35.75201
G1 X111.225 Y110.604 E35.75563
G1 X111.046 Y110.673 E35.75804
G1 X111.046 Y110.202 E35.76395
G1 X111.38 Y110.074 E35.76843
G0 F7200 X111.485 Y110.023
G0 X111.485 Y110.107
G0 X111.254 Y110.551
G1 F1500 E29.26843
G0 F7200 X111.228 Y110.491
G0 X111.475 Y113.04
G1 F1500 E35.76843
G0 F7200 X111.38 Y113.074
G1 F1800 X111.485 Y113.023 E35.76989
G1 X111.485 Y113.478 E35.7756
G1 X111.225 Y113.604 E35.77922
G1 X111.046 Y113.673 E35.78163
G1 X111.046 Y113.202 E35.78754
G1 X111.38 Y113.074 E35.79202
G0 F7200 X111.485 Y113.023
G0 X111.485 Y113.107
G0 X111.254 Y113.551
G1 F1500 E29.29202
G0 F7200 X111.228 Y113.491
G0 X111.475 Y116.04
G1 F1500 E35.79202
G0 F7200 X111.38 Y116.074
G1 F1800 X111.485 Y116.023 E35.79349
G1 X111.486 Y116.477 E35.79918
G1 X111.22 Y116.606 E35.80289
G1 X111.046 Y116.673 E35.80522
G1 X111.046 Y116.202 E35.81113
G1 X111.38 Y116.074 E35.81562
G0 F7200 X111.485 Y116.023
G0 X111.485 Y116.107
G0 X111.255 Y116.551
G1 F1500 E29.31562
G0 F7200 X111.227 Y116.491
G0 X111.475 Y119.04
G1 F1500 E35.81562
G0 F7200 X111.38 Y119.074
G1 F1800 X111.485 Y119.023 E35.81708
G1 X111.486 Y119.477 E35.82277
G1 X111.22 Y119.606 E35.82648
G1 X111.046 Y119.673 E35.82882
G1 X111.046 Y119.202 E35.83473
G1 X111.38 Y119.074 E35.83921
G0 F7200 X111.485 Y119.023
G0 X111.485 Y119.107
G0 X111.255 Y119.551
G1 F1500 E29.33921
G0 F7200 X111.227 Y119.491
G0 X109.681 Y119.657
G1 F1500 E35.83921
G0 F7200 X109.701 Y119.9
G1 F1800 X109.277 Y119.9 E35.84453
G1 X109.276 Y119.4 E35.8508
G1 X109.701 Y119.4 E35.85613
G1 X109.701 Y119.9 E35.8624
G0 F7200 X109.501 Y119.9
G0 X109.501 Y119.8
G1 F1500 E29.3624
G0 F7200 X107.03 Y119.886
G1 F1500 E35.8624
G0 F7200 X107.05 Y120.7
G1 F1800 X106.25 Y120.7 E35.87243
G1 X106.25 Y108.3 E36.02793
G1 X107.05 Y108.3 E36.03796
G1 X107.05 Y120.7 E36.19346
G0 F7200 X106.85 Y120.7
G0 X106.65 Y120.226
;TYPE:SKIN
G1 F1800 X106.65 Y119.943 E36.1972
G1 X106.65 Y108.912 E36.343
G1 X106.826 Y108.523 E36.34864
G0 F7200 X106.797 Y108.494
G0 X106.445 Y120.304
G1 F1800 X106.644 Y120.503 E36.3504
G0 F7200 X106.65 Y120.3
G1 F1500 E29.8504
G0 F7200 X107.03 Y119.166
G0 X108.422 Y118.547
G0 X112.33 Y117.672
G0 X115.65 Y119.148
G1 F1500 E36.3504
G0 F7200 X116.62 Y119.074
;TYPE:WALL-OUTER
G1 F1800 X116.954 Y119.202 E36.35489
G1 X116.954 Y119.673 E36.36079
G1 X116.775 Y119.604 E36.3632
G1 X116.515 Y119.478 E36.36682
G1 X116.514 Y119.022 E36.37254
G1 X116.62 Y119.074 E36.37402
G0 F7200 X116.807 Y119.145
G0 X116.826 Y119.183
G1 F1500 E29.87402
G0 F7200 X116.801 Y119.249
G0 X119.062 Y119.213
G1 F1500 E36.37402
G0 F7200 X119.38 Y119.074
G1 F1800 X119.485 Y119.023 E36.37549
G1 X119.486 Y119.477 E36.38118
G1 X119.22 Y119.606 E36.38489
G1 X119.046 Y119.673 E36.38723
G1 X119.046 Y119.202 E36.39313
G1 X119.38 Y119.074 E36.39762
G0 F7200 X119.485 Y119.023
G0 X119.485 Y119.107
G0 X119.255 Y119.551
G1 F1500 E29.89762
G0 F7200 X119.227 Y119.491
G0 X119.057 Y116.657
G1 F1500 E36.39762
G0 F7200 X119.38 Y116.074
G1 F1800 X119.485 Y116.023 E36.39908
G1 X119.486 Y116.477 E36.40477
G1 X119.22 Y116.606 E36.40848
G1 X119.046 Y116.673 E36.41082
G1 X119.046 Y116.202 E36.41673
G1 X119.38 Y116.074 E36.42121
G0 F7200 X119.485 Y116.023
G0 X119.485 Y116.107
G0 X119.255 Y116.551
G1 F1500 E29.92121
G0 F7200 X119.227 Y116.491
G0 X116.934 Y116.213
G1 F1500 E36.42121
G0 F7200 X116.62 Y116.074
G1 F1800 X116.954 Y116.202 E36.4257
G1 X116.954 Y116.673 E36.4316
G1 X116.775 Y116.604 E36.43401
G1 X116.515 Y116.478 E36.43763
G1 X116.514 Y116.023 E36.44334
G1 X116.62 Y116.074 E36.44481
G0 F7200 X116.807 Y116.145
G0 X116.826 Y116.183
G1 F1500 E29.94481
G0 F7200 X116.801 Y116.249
G0 X116.943 Y113.657
G1 F1500 E36.44481
G0 F7200 X116.62 Y113.074
G1 F1800 X116.954 Y113.202 E36.4493
G1 X116.954 Y113.673 E36.45521
G1 X116.775 Y113.604 E36.45761
G1 X116.515 Y113.478 E36.46124
G1 X116.514 Y113.023 E36.46694
G1 X116.62 Y113.074 E36.46842
G0 F7200 X116.807 Y113.145
G0 X116.826 Y113.183
G1 F1500 E29.96842
G0 F7200 X116.801 Y113.249
G0 X119.066 Y113.213
G1 F1500 E36.46842
G0 F7200 X119.38 Y113.074
G1 F1800 X119.485 Y113.023 E36.46988
G1 X119.485 Y113.478 E36.47559
G1 X119.225 Y113.604 E36.47921
G1 X119.046 Y113.673 E36.48161
G1 X119.046 Y113.202 E36.48752
G1 X119.38 Y113.074 E36.49201
G0 F7200 X119.485 Y113.023
G0 X119.485 Y113.107
G0 X119.254 Y113.551
G1 F1500 E29.99201
G0 F7200 X119.228 Y113.491
G0 X119.057 Y110.657
G1 F1500 E36.49201
G0 F7200 X119.38 Y110.074
G1 F1800 X119.485 Y110.023 E36.49347
G1 X119.485 Y110.478 E36.49918
G1 X119.225 Y110.604 E36.5028
G1 X119.046 Y110.673 E36.50521
G1 X119.046 Y110.202 E36.51111
G1 X119.38 Y110.074 E36.5156
G0 F7200 X119.485 Y110.023
G0 X119.485 Y110.107
G0 X119.254 Y110.551
G1 F1500 E30.0156
G0 F7200 X119.228 Y110.491
G0 X116.934 Y110.213
G1 F1500 E36.5156
G0 F7200 X116.62 Y110.074
G1 F1800 X116.954 Y110.202 E36.52008
G1 X116.954 Y110.673 E36.52599
G1 X116.775 Y110.604 E36.5284
G1 X116.515 Y110.478 E36.53202
G1 X116.514 Y110.023 E36.53772
G1 X116.62 Y110.074 E36.5392
G0 F7200 X116.807 Y110.145
G0 X116.826 Y110.183
G1 F1500 E30.0392
G0 F7200 X116.801 Y110.249
G0 X117.819 Y110.213
G0 X120.331 Y108.672
G0 X123.65 Y110.198
G1 F1500 E36.5392
G0 F7200 X124.62 Y110.074
G1 F1800 X124.954 Y110.202 E36.54368
G1 X124.954 Y110.673 E36.54959
G1 X124.775 Y110.604 E36.552
G1 X124.515 Y110.478 E36.55562
G1 X124.514 Y110.023 E36.56133
G1 X124.62 Y110.074 E36.5628
G0 F7200 X124.807 Y110.145
G0 X124.826 Y110.183
G1 F1500 E30.0628
G0 F7200 X124.801 Y110.249
G0 X127.066 Y110.213
G1 F1500 E36.5628
G0 F7200 X127.38 Y110.074
G1 F1800 X127.485 Y110.023 E36.56427
G1 X127.485 Y110.478 E36.56997
G1 X127.225 Y110.604 E36.57359
G1 X127.046 Y110.673 E36.576
G1 X127.046 Y110.202 E36.58191
G1 X127.38 Y110.074 E36.58639
G0 F7200 X127.485 Y110.023
G0 X127.485 Y110.107
G0 X127.254 Y110.551
G1 F1500 E30.08639
G0 F7200 X127.228 Y110.491
G0 X127.475 Y113.04
G1 F1500 E36.58639
G0 F7200 X127.38 Y113.074
G1 F1800 X127.485 Y113.023 E36.58786
G1 X127.485 Y113.478 E36.59356
G1 X127.225 Y113.604 E36.59718
G1 X127.046 Y113.673 E36.59959
G1 X127.046 Y113.202 E36.6055
G1 X127.38 Y113.074 E36.60998
G0 F7200 X127.485 Y113.023
G0 X127.485 Y113.107
G0 X127.254 Y113.551
G1 F1500 E30.10998
G0 F7200 X127.228 Y113.491
G0 X124.934 Y113.213
G1 F1500 E36.60998
G0 F7200 X124.62 Y113.074
G1 F1800 X124.954 Y113.202 E36.61447
G1 X124.954 Y113.673 E36.62037
G1 X124.775 Y113.604 E36.62278
G1 X124.515 Y113.478 E36.6264
G1 X124.514 Y113.023 E36.63211
G1 X124.62 Y113.074 E36.63358
G0 F7200 X124.807 Y113.145
G0 X124.826 Y113.183
G1 F1500 E30.13358
G0 F7200 X124.801 Y113.249
G0 X124.524 Y116.039
G1 F1500 E36.63358
G0 F7200 X124.62 Y116.074
G1 F1800 X124.954 Y116.202 E36.63807
G1 X124.954 Y116.673 E36.64398
G1 X124.775 Y116.604 E36.64638
G1 X124.515 Y116.478 E36.65001
G1 X124.514 Y116.023 E36.65571
G1 X124.62 Y116.074 E36.65719
G0 F7200 X124.807 Y116.145
G0 X124.826 Y116.183
G1 F1500 E30.15719
G0 F7200 X124.801 Y116.249
G0 X127.066 Y116.213
G1 F1500 E36.65719
G0 F7200 X127.38 Y116.074
G1 F1800 X127.485 Y116.023 E36.65865
G1 X127.485 Y116.478 E36.66436
G1 X127.225 Y116.604 E36.66798
G1 X127.046 Y116.673 E36.67039
G1 X127.046 Y116.202 E36.67629
G1 X127.38 Y116.074 E36.68078
G0 F7200 X127.485 Y116.023
G0 X127.485 Y116.107
G0 X127.254 Y116.551
G1 F1500 E30.18078
G0 F7200 X127.228 Y116.491
G0 X127.475 Y119.04
G1 F1500 E36.68078
G0 F7200 X127.38 Y119.074
G1 F1800 X127.485 Y119.023 E36.68224
G1 X127.486 Y119.477 E36.68793
G1 X127.22 Y119.606 E36.69164
G1 X127.046 Y119.673 E36.69398
G1 X127.046 Y119.202 E36.69989
G1 X127.38 Y119.074 E36.70437
G0 F7200 X127.485 Y119.023
G0 X127.485 Y119.107
G0 X127.255 Y119.551
G1 F1500 E30.20437
G0 F7200 X127.227 Y119.491
G0 X124.938 Y119.213
G1 F1500 E36.70437
G0 F7200 X124.62 Y119.074
G1 F1800 X124.954 Y119.202 E36.70886
G1 X124.954 Y119.673 E36.71476
G1 X124.775 Y119.604 E36.71717
G1 X124.515 Y119.478 E36.72079
G1 X124.515 Y119.023 E36.7265
G1 X124.62 Y119.074 E36.72796
G0 F7200 X124.807 Y119.145
G0 X124.826 Y119.183
G1 F1500 E30.22796
G0 F7200 X124.801 Y119.249
G0 X125.819 Y119.213
G0 X128.33 Y117.672
G0 X131.65 Y119.199
G1 F1500 E36.72796
G0 F7200 X132.62 Y119.074
G1 F1800 X132.954 Y119.202 E36.73245
G1 X132.954 Y119.673 E36.73835
G1 X132.775 Y119.604 E36.74076
G1 X132.515 Y119.478 E36.74438
G1 X132.514 Y119.022 E36.7501
G1 X132.62 Y119.074 E36.75158
G0 F7200 X132.807 Y119.145
G0 X132.826 Y119.183
G1 F1500 E30.25158
G0 F7200 X132.801 Y119.249
G0 X132.943 Y116.657
G1 F1500 E36.75158
G0 F7200 X132.62 Y116.074
G1 F1800 X132.954 Y116.202 E36.75607
G1 X132.954 Y116.673 E36.76197
G1 X132.775 Y116.604 E36.76438
G1 X132.515 Y116.478 E36.768
G1 X132.514 Y116.023 E36.77371
G1 X132.62 Y116.074 E36.77518
G0 F7200 X132.807 Y116.145
G0 X132.826 Y116.183
G1 F1500 E30.27518
G0 F7200 X132.801 Y116.249
G0 X132.943 Y113.657
G1 F1500 E36.77518
G0 F7200 X132.62 Y113.074
G1 F1800 X132.954 Y113.202 E36.77967
G1 X132.954 Y113.673 E36.78558
G1 X132.775 Y113.604 E36.78798
G1 X132.515 Y113.478 E36.79161
G1 X132.514 Y113.023 E36.79731
G1 X132.62 Y113.074 E36.79879
G0 F7200 X132.807 Y113.145
G0 X132.826 Y113.183
G1 F1500 E30.29879
G0 F7200 X132.801 Y113.249
G0 X132.943 Y110.657
G1 F1500 E36.79879
G0 F7200 X132.62 Y110.074
G1 F1800 X132.954 Y110.202 E36.80327
G1 X132.954 Y110.673 E36.80918
G1 X132.775 Y110.604 E36.81158
G1 X132.515 Y110.478 E36.81521
G1 X132.514 Y110.023 E36.82091
G1 X132.62 Y110.074 E36.82239
G0 F7200 X132.807 Y110.145
G0 X132.826 Y110.183
G1 F1500 E30.32239
G0 F7200 X132.801 Y110.249
G0 X133.819 Y110.657
G0 X136.085 Y110.657
G0 X137.65 Y120.63
G1 F1500 E36.82239
G0 F7200 X137.75 Y120.7
G1 F1800 X136.95 Y120.7 E36.83242
G1 X136.95 Y108.3 E36.98792
G1 X137.75 Y108.3 E36.99795
G1 X137.75 Y120.7 E37.15345
G0 F7200 X137.55 Y120.7
G0 X137.309 Y120.338
;TYPE:SKIN
G1 F1800 X137.349 Y120.095 E37.15672
G1 X137.349 Y108.781 E37.30678
G1 X137.449 Y108.599 E37.30954
G0 F7200 X137.344 Y108.494
G0 X137.144 Y120.456
G1 F1800 X137.192 Y120.504 E37.30996
G0 F7200 X137.35 Y120.3
G1 F1500 E30.80996
;MESH:NONMESH
G0 F600 X137.35 Y120.3 Z2
G0 F7200 X136.97 Y110.168
G0 X131.667 Y108.669
G0 X115.667 Y108.669
G0 X112.35 Y110.168
G1 F1500 E37.30996
G0 F7200 X111.379 Y110.074
;TIME_ELAPSED:207.983381
;LAYER:9
;TYPE:WALL-OUTER
;MESH:output_v2\A_fina_conjunto.stl
G1 F1800 X111.695 Y109.92 E37.31437
G1 X111.695 Y110.376 E37.32009
G1 X111.256 Y110.589 E37.32621
G1 X111.256 Y110.121 E37.33208
G1 X111.379 Y110.074 E37.33373
G0 F7200 X111.559 Y109.987
G0 X111.295 Y110.347
G1 F1500 E30.83373
G0 F7200 X111.356 Y110.347
G0 X111.685 Y112.936
G1 F1500 E37.33373
G0 F7200 X111.379 Y113.074
G1 F1800 X111.695 Y112.92 E37.33814
G1 X111.695 Y113.376 E37.34386
G1 X111.256 Y113.589 E37.34998
G1 X111.256 Y113.121 E37.35584
G1 X111.379 Y113.074 E37.3575
G0 F7200 X111.559 Y112.987
G0 X111.295 Y113.347
G1 F1500 E30.8575
G0 F7200 X111.356 Y113.347
G0 X111.685 Y115.936
G1 F1500 E37.3575
G0 F7200 X111.379 Y116.074
G1 F1800 X111.695 Y115.92 E37.3619
G1 X111.696 Y116.375 E37.36761
G1 X111.256 Y116.589 E37.37375
G1 X111.256 Y116.121 E37.37961
G1 X111.379 Y116.074 E37.38127
G0 F7200 X111.559 Y115.987
G0 X111.295 Y116.347
G1 F1500 E30.88127
G0 F7200 X111.356 Y116.347
G0 X111.685 Y118.936
G1 F1500 E37.38127
G0 F7200 X111.379 Y119.074
G1 F1800 X111.695 Y118.92 E37.38567
G1 X111.696 Y119.375 E37.39138
G1 X111.256 Y119.589 E37.39752
G1 X111.256 Y119.121 E37.40339
G1 X111.379 Y119.074 E37.40504
G0 F7200 X111.559 Y118.987
G0 X111.295 Y119.347
G1 F1500 E30.90504
G0 F7200 X111.356 Y119.347
G0 X109.647 Y119.576
G1 F1500 E37.40504
G0 F7200 X109.648 Y119.9
G1 F1800 X109.231 Y119.9 E37.41027
G1 X109.23 Y119.4 E37.41654
G1 X109.647 Y119.4 E37.42177
G1 X109.648 Y119.9 E37.42804
G0 F7200 X109.448 Y119.9
G0 X109.448 Y119.8
G1 F1500 E30.92804
G0 F7200 X107.03 Y119.886
G1 F1500 E37.42804
G0 F7200 X107.05 Y120.7
G1 F1800 X106.25 Y120.7 E37.43807
G1 X106.25 Y108.3 E37.59357
G1 X107.05 Y108.3 E37.6036
G1 X107.05 Y120.7 E37.7591
G0 F7200 X106.85 Y120.7
G0 X106.736 Y120.386
;TYPE:SKIN
G1 F1800 X106.649 Y120.189 E37.76194
G1 X106.649 Y108.876 E37.91082
G1 X106.597 Y108.646 E37.91392
G0 F7200 X106.65 Y108.7
G1 F1500 E31.41392
G0 F7200 X107.03 Y119.165
G0 X108.376 Y118.547
G0 X112.54 Y117.57
G0 X115.44 Y119.147
G0 X116.582 Y119.165
G1 F1500 E37.91392
G0 F7200 X116.621 Y119.074
;TYPE:WALL-OUTER
G1 F1800 X116.744 Y119.121 E37.91557
G1 X116.744 Y119.589 E37.92144
G1 X116.305 Y119.376 E37.92502
G1 X116.304 Y118.92 E37.93054
G1 X116.621 Y119.074 E37.93235
G0 F7200 X116.744 Y119.121
G0 X116.744 Y119.19
G0 X116.705 Y119.191
G1 F1500 E31.43235
G0 F7200 X116.644 Y119.191
G0 X119.276 Y119.165
G1 F1500 E37.93235
G0 F7200 X119.379 Y119.074
G1 F1800 X119.695 Y118.92 E37.93676
G1 X119.696 Y119.375 E37.94246
G1 X119.256 Y119.589 E37.9486
G1 X119.256 Y119.121 E37.95447
G1 X119.379 Y119.074 E37.95612
G0 F7200 X119.559 Y118.987
G0 X119.295 Y119.347
G1 F1500 E31.45612
G0 F7200 X119.356 Y119.347
G0 X119.266 Y116.573
G1 F1500 E37.95612
G0 F7200 X119.379 Y116.074
G1 F1800 X119.695 Y115.92 E37.96053
G1 X119.696 Y116.375 E37.96623
G1 X119.256 Y116.589 E37.97237
G1 X119.256 Y116.121 E37.97824
G1 X119.379 Y116.074 E37.97989
G0 F7200 X119.559 Y115.987
G0 X119.295 Y116.347
G1 F1500 E31.47989
G0 F7200 X119.356 Y116.347
G0 X116.724 Y116.165
G1 F1500 E37.97989
G0 F7200 X116.62 Y116.074
G1 F1800 X116.744 Y116.121 E37.98155
G1 X116.744 Y116.589 E37.98742
G1 X116.305 Y116.376 E37.991
G1 X116.304 Y115.92 E37.99652
G1 X116.62 Y116.074 E37.99831
G0 F7200 X116.744 Y116.121
G0 X116.744 Y116.189
G0 X116.705 Y116.19
G1 F1500 E31.49831
G0 F7200 X116.644 Y116.19
G0 X116.734 Y113.573
G1 F1500 E37.99831
G0 F7200 X116.62 Y113.074
G1 F1800 X116.744 Y113.121 E37.99997
G1 X116.744 Y113.589 E38.00584
G1 X116.305 Y113.376 E38.00942
G1 X116.304 Y112.92 E38.01493
G1 X116.62 Y113.074 E38.01673
G0 F7200 X116.744 Y113.121
G0 X116.744 Y113.189
G0 X116.705 Y113.19
G1 F1500 E31.51673
G0 F7200 X116.644 Y113.19
G0 X119.276 Y113.165
G1 F1500 E38.01673
G0 F7200 X119.379 Y113.074
G1 F1800 X119.695 Y112.92 E38.02114
G1 X119.695 Y113.376 E38.02685
G1 X119.256 Y113.589 E38.03297
G1 X119.256 Y113.121 E38.03884
G1 X119.379 Y113.074 E38.04049
G0 F7200 X119.559 Y112.987
G0 X119.295 Y113.347
G1 F1500 E31.54049
G0 F7200 X119.356 Y113.347
G0 X119.266 Y110.573
G1 F1500 E38.04049
G0 F7200 X119.379 Y110.074
G1 F1800 X119.695 Y109.92 E38.0449
G1 X119.695 Y110.376 E38.05062
G1 X119.256 Y110.589 E38.05674
G1 X119.256 Y110.121 E38.06261
G1 X119.379 Y110.074 E38.06426
G0 F7200 X119.559 Y109.987
G0 X119.295 Y110.347
G1 F1500 E31.56426
G0 F7200 X119.356 Y110.347
G0 X116.724 Y110.165
G1 F1500 E38.06426
G0 F7200 X116.62 Y110.074
G1 F1800 X116.744 Y110.121 E38.06592
G1 X116.744 Y110.589 E38.07179
G1 X116.305 Y110.376 E38.07537
G1 X116.304 Y109.92 E38.08089
G1 X116.62 Y110.074 E38.08268
G0 F7200 X116.744 Y110.121
G0 X116.744 Y110.189
G0 X116.705 Y110.19
G1 F1500 E31.58268
G0 F7200 X116.644 Y110.19
G0 X118.399 Y109.53
G0 X120.541 Y108.57
G0 X123.44 Y110.15
G0 X124.581 Y110.165
G1 F1500 E38.08268
G0 F7200 X124.62 Y110.074
G1 F1800 X124.744 Y110.121 E38.08434
G1 X124.744 Y110.589 E38.09021
G1 X124.305 Y110.376 E38.09378
G1 X124.304 Y109.92 E38.0993
G1 X124.62 Y110.074 E38.1011
G0 F7200 X124.744 Y110.121
G0 X124.744 Y110.189
G0 X124.705 Y110.19
G1 F1500 E31.6011
G0 F7200 X124.644 Y110.19
G0 X127.276 Y110.165
G1 F1500 E38.1011
G0 F7200 X127.379 Y110.074
G1 F1800 X127.695 Y109.92 E38.10551
G1 X127.695 Y110.376 E38.11122
G1 X127.256 Y110.589 E38.11734
G1 X127.256 Y110.121 E38.12321
G1 X127.379 Y110.074 E38.12486
G0 F7200 X127.559 Y109.987
G0 X127.295 Y110.347
G1 F1500 E31.62486
G0 F7200 X127.356 Y110.347
G0 X127.685 Y112.936
G1 F1500 E38.12486
G0 F7200 X127.379 Y113.074
G1 F1800 X127.695 Y112.92 E38.12927
G1 X127.695 Y113.376 E38.13499
G1 X127.256 Y113.589 E38.14111
G1 X127.256 Y113.121 E38.14698
G1 X127.379 Y113.074 E38.14863
G0 F7200 X127.559 Y112.987
G0 X127.295 Y113.347
G1 F1500 E31.64863
G0 F7200 X127.356 Y113.347
G0 X124.724 Y113.165
G1 F1500 E38.14863
G0 F7200 X124.62 Y113.074
G1 F1800 X124.744 Y113.121 E38.15029
G1 X124.744 Y113.589 E38.15616
G1 X124.305 Y113.376 E38.15974
G1 X124.304 Y112.92 E38.16525
G1 X124.62 Y113.074 E38.16705
G0 F7200 X124.744 Y113.121
G0 X124.744 Y113.189
G0 X124.705 Y113.19
G1 F1500 E31.66705
G0 F7200 X124.644 Y113.19
G0 X124.314 Y115.936
G1 F1500 E38.16705
G0 F7200 X124.62 Y116.074
G1 F1800 X124.744 Y116.121 E38.16871
G1 X124.744 Y116.589 E38.17458
G1 X124.305 Y116.376 E38.17815
G1 X124.304 Y115.92 E38.18367
G1 X124.62 Y116.074 E38.18547
G0 F7200 X124.744 Y116.121
G0 X124.744 Y116.189
G0 X124.705 Y116.19
G1 F1500 E31.68547
G0 F7200 X124.644 Y116.19
G0 X127.276 Y116.165
G1 F1500 E38.18547
G0 F7200 X127.379 Y116.074
G1 F1800 X127.695 Y115.92 E38.18987
G1 X127.695 Y116.376 E38.19559
G1 X127.256 Y116.589 E38.20171
G1 X127.256 Y116.121 E38.20758
G1 X127.379 Y116.074 E38.20923
G0 F7200 X127.559 Y115.987
G0 X127.295 Y116.347
G1 F1500 E31.70923
G0 F7200 X127.356 Y116.347
G0 X127.685 Y118.936
G1 F1500 E38.20923
G0 F7200 X127.379 Y119.074
G1 F1800 X127.695 Y118.92 E38.21364
G1 X127.696 Y119.375 E38.21935
G1 X127.256 Y119.589 E38.22548
G1 X127.256 Y119.121 E38.23135
G1 X127.379 Y119.074 E38.233
G0 F7200 X127.559 Y118.987
G0 X127.295 Y119.347
G1 F1500 E31.733
G0 F7200 X127.356 Y119.347
G0 X124.724 Y119.165
G1 F1500 E38.233
G0 F7200 X124.621 Y119.074
G1 F1800 X124.744 Y119.121 E38.23465
G1 X124.744 Y119.589 E38.24052
G1 X124.305 Y119.376 E38.2441
G1 X124.304 Y118.92 E38.24962
G1 X124.621 Y119.074 E38.25143
G0 F7200 X124.744 Y119.121
G0 X124.744 Y119.19
G0 X124.705 Y119.191
G1 F1500 E31.75143
G0 F7200 X124.644 Y119.191
G0 X126.399 Y118.53
G0 X128.54 Y117.57
G0 X131.44 Y119.151
G0 X132.582 Y119.165
G1 F1500 E38.25143
G0 F7200 X132.621 Y119.074
G1 F1800 X132.744 Y119.121 E38.25308
G1 X132.744 Y119.589 E38.25895
G1 X132.305 Y119.376 E38.26253
G1 X132.304 Y118.92 E38.26805
G1 X132.621 Y119.074 E38.26986
G0 F7200 X132.744 Y119.121
G0 X132.744 Y119.19
G0 X132.705 Y119.191
G1 F1500 E31.76986
G0 F7200 X132.644 Y119.191
G0 X132.734 Y116.573
G1 F1500 E38.26986
G0 F7200 X132.62 Y116.074
G1 F1800 X132.744 Y116.121 E38.27152
G1 X132.744 Y116.589 E38.27739
G1 X132.305 Y116.376 E38.28097
G1 X132.304 Y115.92 E38.28649
G1 X132.62 Y116.074 E38.28828
G0 F7200 X132.744 Y116.121
G0 X132.744 Y116.189
G0 X132.705 Y116.19
G1 F1500 E31.78828
G0 F7200 X132.644 Y116.19
G0 X132.734 Y113.573
G1 F1500 E38.28828
G0 F7200 X132.62 Y113.074
G1 F1800 X132.744 Y113.121 E38.28994
G1 X132.744 Y113.589 E38.29581
G1 X132.305 Y113.376 E38.29939
G1 X132.304 Y112.92 E38.3049
G1 X132.62 Y113.074 E38.3067
G0 F7200 X132.744 Y113.121
G0 X132.744 Y113.189
G0 X132.705 Y113.19
G1 F1500 E31.8067
G0 F7200 X132.644 Y113.19
G0 X132.734 Y110.573
G1 F1500 E38.3067
G0 F7200 X132.62 Y110.074
G1 F1800 X132.744 Y110.121 E38.30836
G1 X132.744 Y110.589 E38.31423
G1 X132.305 Y110.376 E38.3178
G1 X132.304 Y109.92 E38.32332
G1 X132.62 Y110.074 E38.32512
G0 F7200 X132.744 Y110.121
G0 X132.744 Y110.189
G0 X132.705 Y110.19
G1 F1500 E31.82512
G0 F7200 X132.644 Y110.19
G0 X133.609 Y110.573
G0 X136.085 Y110.573
G0 X137.65 Y120.63
G1 F1500 E38.32512
G0 F7200 X137.75 Y120.7
G1 F1800 X136.95 Y120.7 E38.33515
G1 X136.95 Y108.3 E38.49065
G1 X137.75 Y108.3 E38.50068
G1 X137.75 Y120.7 E38.65618
G0 F7200 X137.55 Y120.7
G0 X137.5 Y120.451
;TYPE:SKIN
G1 F1800 X137.359 Y120.31 E38.65876
G1 X137.349 Y114.945 E38.72799
G1 X137.349 Y108.723 E38.80827
G1 X137.219 Y108.569 E38.81088
G0 F7200 X137.35 Y108.7
G1 F1500 E32.31088
;MESH:NONMESH
G0 F600 X137.35 Y108.7 Z2.2
G0 F7200 X136.97 Y110.274
G0 X133.591 Y111.822
G0 X128.553 Y110.913
G0 X127.563 Y111.4
G0 X126.409 Y111.822
G0 X120.553 Y110.913
G0 X119.563 Y111.4
G0 X118.409 Y111.822
G0 X112.56 Y110.274
G1 F1500 E38.81088
G0 F7200 X111.905 Y110.274
;TIME_ELAPSED:229.609313
;LAYER:10
;TYPE:WALL-OUTER
;MESH:output_v2\A_fina_conjunto.stl
G1 F1800 X111.466 Y110.487 E38.81699
G1 X111.466 Y110.032 E38.8227
G1 X111.905 Y109.819 E38.82882
G1 X111.905 Y110.274 E38.83452
G0 F7200 X111.725 Y110.361
G0 X111.721 Y110.353
G1 F1500 E32.33452
G0 F7200 X111.684 Y110.27
G0 X111.895 Y112.835
G1 F1500 E38.83452
G0 F7200 X111.905 Y113.274
G1 F1800 X111.466 Y113.487 E38.84064
G1 X111.466 Y113.032 E38.84635
G1 X111.905 Y112.819 E38.85247
G1 X111.905 Y113.274 E38.85817
G0 F7200 X111.725 Y113.361
G0 X111.721 Y113.353
G1 F1500 E32.35817
G0 F7200 X111.684 Y113.27
G0 X111.895 Y115.834
G1 F1500 E38.85817
G0 F7200 X111.906 Y116.273
G1 F1800 X111.466 Y116.487 E38.86431
G1 X111.466 Y116.032 E38.87002
G1 X111.905 Y115.818 E38.87614
G1 X111.906 Y116.273 E38.88185
G0 F7200 X111.727 Y116.36
G0 X111.723 Y116.351
G1 F1500 E32.38185
G0 F7200 X111.686 Y116.27
G0 X111.895 Y118.834
G1 F1500 E38.88185
G0 F7200 X111.906 Y119.273
G1 F1800 X111.466 Y119.487 E38.88798
G1 X111.466 Y119.032 E38.89369
G1 X111.905 Y118.818 E38.89981
G1 X111.906 Y119.273 E38.90552
G0 F7200 X111.727 Y119.36
G0 X111.723 Y119.351
G1 F1500 E32.40552
G0 F7200 X111.686 Y119.27
G0 X109.609 Y119.474
G1 F1500 E38.90552
G0 F7200 X109.61 Y119.9
G1 F1800 X109.197 Y119.9 E38.9107
G1 X109.196 Y119.4 E38.91697
G1 X109.609 Y119.4 E38.92215
G1 X109.61 Y119.9 E38.92842
G0 F7200 X109.41 Y119.9
G0 X109.41 Y119.8
G1 F1500 E32.42842
G0 F7200 X107.03 Y119.886
G1 F1500 E38.92842
G0 F7200 X107.05 Y120.7
G1 F1800 X106.25 Y120.7 E38.93845
G1 X106.25 Y108.3 E39.09395
G1 X107.05 Y108.3 E39.10398
G1 X107.05 Y120.7 E39.25948
G0 F7200 X106.85 Y120.7
G0 X106.65 Y120.226
;TYPE:SKIN
G1 F1800 X106.65 Y119.943 E39.26322
G1 X106.65 Y108.912 E39.40901
G1 X106.826 Y108.523 E39.41466
G0 F7200 X106.797 Y108.494
G0 X106.445 Y120.304
G1 F1800 X106.644 Y120.503 E39.41642
G0 F7200 X106.65 Y120.3
G1 F1500 E32.91642
G0 F7200 X107.03 Y119.084
G0 X108.342 Y118.547
G0 X112.75 Y117.468
G0 X115.23 Y119.068
G0 X116.434 Y119.084
G1 F1500 E39.41642
G0 F7200 X116.534 Y119.031
;TYPE:WALL-OUTER
G1 F1800 X116.534 Y119.487 E39.42214
G1 X116.095 Y119.274 E39.42826
G1 X116.094 Y118.818 E39.43398
G1 X116.534 Y119.031 E39.44011
G0 F7200 X116.534 Y119.231
G0 X116.495 Y119.232
G1 F1500 E32.94011
G0 F7200 X116.434 Y119.232
G0 X116.524 Y116.471
G1 F1500 E39.44011
G0 F7200 X116.534 Y116.031
G1 F1800 X116.534 Y116.487 E39.44583
G1 X116.095 Y116.274 E39.45195
G1 X116.094 Y115.817 E39.45768
G1 X116.534 Y116.031 E39.46381
G0 F7200 X116.534 Y116.231
G0 X116.495 Y116.232
G1 F1500 E32.96381
G0 F7200 X116.434 Y116.232
G0 X116.524 Y113.471
G1 F1500 E39.46381
G0 F7200 X116.534 Y113.032
G1 F1800 X116.534 Y113.487 E39.46952
G1 X116.095 Y113.274 E39.47564
G1 X116.094 Y112.818 E39.48136
G1 X116.534 Y113.032 E39.48749
G0 F7200 X116.534 Y113.232
G0 X116.495 Y113.233
G1 F1500 E32.98749
G0 F7200 X116.434 Y113.233
G0 X116.524 Y110.471
G1 F1500 E39.48749
G0 F7200 X116.534 Y110.032
G1 F1800 X116.534 Y110.487 E39.4932
G1 X116.095 Y110.274 E39.49932
G1 X116.094 Y109.818 E39.50503
G1 X116.534 Y110.032 E39.51117
G0 F7200 X116.534 Y110.232
G0 X116.495 Y110.233
G1 F1500 E33.01117
G0 F7200 X116.434 Y110.233
G0 X118.601 Y110.206
G0 X119.815 Y110.206
G1 F1500 E39.51117
G0 F7200 X119.905 Y110.274
G1 F1800 X119.466 Y110.487 E39.51729
G1 X119.466 Y110.032 E39.52299
G1 X119.905 Y109.819 E39.52911
G1 X119.905 Y110.274 E39.53482
G0 F7200 X119.725 Y110.361
G0 X119.721 Y110.353
G1 F1500 E33.03482
G0 F7200 X119.684 Y110.27
G0 X119.895 Y112.835
G1 F1500 E39.53482
G0 F7200 X119.905 Y113.274
G1 F1800 X119.466 Y113.487 E39.54094
G1 X119.466 Y113.032 E39.54664
G1 X119.905 Y112.819 E39.55276
G1 X119.905 Y113.274 E39.55847
G0 F7200 X119.725 Y113.361
G0 X119.721 Y113.353
G1 F1500 E33.05847
G0 F7200 X119.684 Y113.27
G0 X119.895 Y115.834
G1 F1500 E39.55847
G0 F7200 X119.906 Y116.273
G1 F1800 X119.466 Y116.487 E39.56461
G1 X119.466 Y116.032 E39.57031
G1 X119.905 Y115.818 E39.57644
G1 X119.906 Y116.273 E39.58214
G0 F7200 X119.727 Y116.36
G0 X119.723 Y116.351
G1 F1500 E33.08214
G0 F7200 X119.686 Y116.27
G0 X119.895 Y118.834
G1 F1500 E39.58214
G0 F7200 X119.906 Y119.273
G1 F1800 X119.466 Y119.487 E39.58828
G1 X119.466 Y119.032 E39.59398
G1 X119.905 Y118.818 E39.60011
G1 X119.906 Y119.273 E39.60581
G0 F7200 X119.727 Y119.36
G0 X119.723 Y119.351
G1 F1500 E33.10581
G0 F7200 X119.686 Y119.27
G0 X120.77 Y119.092
G0 X123.23 Y119.087
G0 X124.434 Y119.084
G1 F1500 E39.60581
G0 F7200 X124.534 Y119.031
G1 F1800 X124.534 Y119.487 E39.61153
G1 X124.095 Y119.274 E39.61765
G1 X124.094 Y118.818 E39.62337
G1 X124.534 Y119.031 E39.6295
G0 F7200 X124.534 Y119.231
G0 X124.495 Y119.232
G1 F1500 E33.1295
G0 F7200 X124.434 Y119.232
G0 X124.524 Y116.471
G1 F1500 E39.6295
G0 F7200 X124.534 Y116.031
G1 F1800 X124.534 Y116.487 E39.63522
G1 X124.095 Y116.274 E39.64134
G1 X124.094 Y115.817 E39.64707
G1 X124.534 Y116.031 E39.6532
G0 F7200 X124.534 Y116.231
G0 X124.495 Y116.232
G1 F1500 E33.1532
G0 F7200 X124.434 Y116.232
G0 X124.524 Y113.471
G1 F1500 E39.6532
G0 F7200 X124.534 Y113.032
G1 F1800 X124.534 Y113.487 E39.65891
G1 X124.095 Y113.274 E39.66503
G1 X124.094 Y112.818 E39.67075
G1 X124.534 Y113.032 E39.67688
G0 F7200 X124.534 Y113.232
G0 X124.495 Y113.233
G1 F1500 E33.17688
G0 F7200 X124.434 Y113.233
G0 X124.524 Y110.471
G1 F1500 E39.67688
G0 F7200 X124.534 Y110.032
G1 F1800 X124.534 Y110.487 E39.68259
G1 X124.095 Y110.274 E39.68871
G1 X124.094 Y109.818 E39.69443
G1 X124.534 Y110.032 E39.70056
G0 F7200 X124.534 Y110.232
G0 X124.495 Y110.233
G1 F1500 E33.20056
G0 F7200 X124.434 Y110.233
G0 X126.601 Y110.206
G0 X127.815 Y110.206
G1 F1500 E39.70056
G0 F7200 X127.905 Y110.274
G1 F1800 X127.466 Y110.487 E39.70668
G1 X127.466 Y110.032 E39.71239
G1 X127.905 Y109.819 E39.71851
G1 X127.905 Y110.274 E39.72421
G0 F7200 X127.725 Y110.361
G0 X127.721 Y110.353
G1 F1500 E33.22421
G0 F7200 X127.684 Y110.27
G0 X127.895 Y112.835
G1 F1500 E39.72421
G0 F7200 X127.905 Y113.274
G1 F1800 X127.466 Y113.487 E39.73033
G1 X127.466 Y113.032 E39.73604
G1 X127.905 Y112.819 E39.74216
G1 X127.905 Y113.274 E39.74786
G0 F7200 X127.725 Y113.361
G0 X127.721 Y113.353
G1 F1500 E33.24786
G0 F7200 X127.684 Y113.27
G0 X127.895 Y115.835
G1 F1500 E39.74786
G0 F7200 X127.905 Y116.274
G1 F1800 X127.466 Y116.487 E39.75398
G1 X127.466 Y116.032 E39.75969
G1 X127.905 Y115.819 E39.76581
G1 X127.905 Y116.274 E39.77151
G0 F7200 X127.725 Y116.361
G0 X127.721 Y116.353
G1 F1500 E33.27151
G0 F7200 X127.684 Y116.27
G0 X127.895 Y118.834
G1 F1500 E39.77151
G0 F7200 X127.906 Y119.273
G1 F1800 X127.466 Y119.487 E39.77765
G1 X127.466 Y119.032 E39.78335
G1 X127.905 Y118.818 E39.78948
G1 X127.906 Y119.273 E39.79518
G0 F7200 X127.727 Y119.36
G0 X127.723 Y119.351
G1 F1500 E33.29518
G0 F7200 X127.686 Y119.27
G0 X128.77 Y119.092
G0 X131.23 Y119.087
G0 X132.434 Y119.084
G1 F1500 E39.79518
G0 F7200 X132.534 Y119.031
G1 F1800 X132.534 Y119.487 E39.8009
G1 X132.095 Y119.274 E39.80702
G1 X132.094 Y118.818 E39.81274
G1 X132.534 Y119.031 E39.81887
G0 F7200 X132.534 Y119.231
G0 X132.495 Y119.232
G1 F1500 E33.31887
G0 F7200 X132.434 Y119.232
G0 X132.524 Y116.471
G1 F1500 E39.81887
G0 F7200 X132.534 Y116.031
G1 F1800 X132.534 Y116.487 E39.82459
G1 X132.095 Y116.274 E39.83071
G1 X132.094 Y115.817 E39.83644
G1 X132.534 Y116.031 E39.84257
G0 F7200 X132.534 Y116.231
G0 X132.495 Y116.232
G1 F1500 E33.34257
G0 F7200 X132.434 Y116.232
G0 X132.524 Y113.471
G1 F1500 E39.84257
G0 F7200 X132.534 Y113.032
G1 F1800 X132.534 Y113.487 E39.84828
G1 X132.095 Y113.274 E39.8544
G1 X132.094 Y112.818 E39.86012
G1 X132.534 Y113.032 E39.86625
G0 F7200 X132.534 Y113.232
G0 X132.495 Y113.233
G1 F1500 E33.36625
G0 F7200 X132.434 Y113.233
G0 X132.524 Y110.471
G1 F1500 E39.86625
G0 F7200 X132.534 Y110.032
G1 F1800 X132.534 Y110.487 E39.87196
G1 X132.095 Y110.274 E39.87808
G1 X132.094 Y109.818 E39.8838
G1 X132.534 Y110.032 E39.88993
G0 F7200 X132.534 Y110.232
G0 X132.495 Y110.233
G1 F1500 E33.38993
G0 F7200 X132.434 Y110.233
G0 X136.085 Y110.471
G0 X137.65 Y120.63
G1 F1500 E39.88993
G0 F7200 X137.75 Y120.7
G1 F1800 X136.95 Y120.7 E39.89996
G1 X136.95 Y108.3 E40.05546
G1 X137.75 Y108.3 E40.0655
G1 X137.75 Y120.7 E40.221
G0 F7200 X137.55 Y120.7
G0 X137.309 Y120.338
;TYPE:SKIN
G1 F1800 X137.349 Y120.095 E40.22426
G1 X137.349 Y108.781 E40.37433
G1 X137.449 Y108.599 E40.37708
G0 F7200 X137.344 Y108.494
G0 X137.144 Y120.456
G1 F1800 X137.192 Y120.504 E40.37751
G0 F7200 X137.35 Y120.3
G1 F1500 E33.87751
;MESH:NONMESH
G0 F600 X137.35 Y120.3 Z2.4
G0 F7200 X136.97 Y110.172
G0 X133.381 Y111.743
G0 X128.763 Y110.811
G0 X127.564 Y111.4
G0 X126.619 Y111.743
G0 X125.381 Y111.743
G0 X120.763 Y110.811
G0 X119.564 Y111.4
G0 X118.619 Y111.743
G0 X117.381 Y111.743
G0 X112.77 Y110.172
G1 F1500 E40.37751
G0 F7200 X112.115 Y110.172
;TIME_ELAPSED:251.247140
;LAYER:11
;TYPE:WALL-OUTER
;MESH:output_v2\A_fina_conjunto.stl
G1 F1800 X111.675 Y110.385 E40.38364
G1 X111.676 Y109.929 E40.38936
G1 X112.116 Y109.716 E40.39549
G1 X112.115 Y110.172 E40.4012
G0 F7200 X111.935 Y110.259
G0 X111.931 Y110.25
G1 F1500 E33.9012
G0 F7200 X111.893 Y110.168
G0 X112.106 Y112.732
G1 F1500 E40.4012
G0 F7200 X112.115 Y113.172
G1 F1800 X111.675 Y113.385 E40.40734
G1 X111.676 Y112.929 E40.41305
G1 X112.116 Y112.716 E40.41918
G1 X112.115 Y113.172 E40.4249
G0 F7200 X111.935 Y113.259
G0 X111.931 Y113.25
G1 F1500 E33.9249
G0 F7200 X111.893 Y113.168
G0 X112.106 Y115.731
G1 F1500 E40.4249
G0 F7200 X112.116 Y116.171
G1 F1800 X111.675 Y116.385 E40.43105
G1 X111.676 Y115.929 E40.43677
G1 X112.116 Y115.715 E40.4429
G1 X112.116 Y116.171 E40.44862
G0 F7200 X111.936 Y116.258
G0 X111.933 Y116.248
G1 F1500 E33.94862
G0 F7200 X111.895 Y116.167
G0 X112.106 Y118.732
G1 F1500 E40.44862
G0 F7200 X112.116 Y119.171
G1 F1800 X111.675 Y119.385 E40.45477
G1 X111.675 Y118.93 E40.46047
G1 X112.116 Y118.716 E40.46662
G1 X112.116 Y119.171 E40.47233
G0 F7200 X111.936 Y119.258
G0 X111.932 Y119.25
G1 F1500 E33.97233
G0 F7200 X111.895 Y119.167
G0 X109.557 Y119.414
G1 F1500 E40.47233
G0 F7200 X109.572 Y119.9
G1 F1800 X109.162 Y119.9 E40.47747
G1 X109.161 Y119.4 E40.48374
G1 X109.571 Y119.4 E40.48888
G1 X109.572 Y119.9 E40.49515
G0 F7200 X109.372 Y119.9
G0 X109.372 Y119.8
G1 F1500 E33.99515
G0 F7200 X107.03 Y119.886
G1 F1500 E40.49515
G0 F7200 X107.05 Y120.7
G1 F1800 X106.25 Y120.7 E40.50518
G1 X106.25 Y108.3 E40.66068
G1 X107.05 Y108.3 E40.67072
G1 X107.05 Y120.7 E40.82622
G0 F7200 X106.85 Y120.7
G0 X106.736 Y120.386
;TYPE:SKIN
G1 F1800 X106.649 Y120.189 E40.82905
G1 X106.649 Y108.876 E40.97793
G1 X106.597 Y108.646 E40.98104
G0 F7200 X106.65 Y108.7
G1 F1500 E34.48104
G0 F7200 X107.03 Y118.982
G0 X108.307 Y118.547
G0 X112.962 Y117.364
G0 X115.02 Y118.982
G0 X116.224 Y118.982
G1 F1500 E40.98104
G0 F7200 X116.324 Y118.929
;TYPE:WALL-OUTER
G1 F1800 X116.324 Y119.385 E40.98676
G1 X115.885 Y119.172 E40.99287
G1 X115.885 Y118.716 E40.99859
G1 X116.324 Y118.929 E41.00471
G0 F7200 X116.324 Y119.129
G0 X116.285 Y119.129
G1 F1500 E34.50471
G0 F7200 X116.224 Y119.129
G0 X116.315 Y116.369
G1 F1500 E41.00471
G0 F7200 X116.324 Y115.929
G1 F1800 X116.325 Y116.385 E41.01043
G1 X115.885 Y116.172 E41.01656
G1 X115.884 Y115.716 E41.02228
G1 X116.324 Y115.929 E41.02841
G0 F7200 X116.324 Y116.129
G0 X116.285 Y116.129
G1 F1500 E34.52841
G0 F7200 X116.224 Y116.128
G0 X116.315 Y113.369
G1 F1500 E41.02841
G0 F7200 X116.324 Y112.929
G1 F1800 X116.325 Y113.385 E41.03413
G1 X115.885 Y113.172 E41.04026
G1 X115.884 Y112.716 E41.04598
G1 X116.324 Y112.929 E41.05211
G0 F7200 X116.324 Y113.129
G0 X116.285 Y113.129
G1 F1500 E34.55211
G0 F7200 X116.224 Y113.128
G0 X116.315 Y110.369
G1 F1500 E41.05211
G0 F7200 X116.324 Y109.929
G1 F1800 X116.325 Y110.385 E41.05783
G1 X115.885 Y110.172 E41.06396
G1 X115.884 Y109.716 E41.06967
G1 X116.324 Y109.929 E41.0758
G0 F7200 X116.324 Y110.129
G0 X116.285 Y110.129
G1 F1500 E34.5758
G0 F7200 X116.224 Y110.128
G0 X118.81 Y110.121
G0 X120.025 Y110.104
G1 F1500 E41.0758
G0 F7200 X120.115 Y110.172
G1 F1800 X119.675 Y110.385 E41.08193
G1 X119.676 Y109.929 E41.08765
G1 X120.116 Y109.716 E41.09378
G1 X120.115 Y110.172 E41.0995
G0 F7200 X119.935 Y110.259
G0 X119.931 Y110.25
G1 F1500 E34.5995
G0 F7200 X119.893 Y110.168
G0 X120.106 Y112.732
G1 F1500 E41.0995
G0 F7200 X120.115 Y113.172
G1 F1800 X119.675 Y113.385 E41.10563
G1 X119.676 Y112.929 E41.11135
G1 X120.116 Y112.716 E41.11748
G1 X120.115 Y113.172 E41.1232
G0 F7200 X119.935 Y113.259
G0 X119.931 Y113.25
G1 F1500 E34.6232
G0 F7200 X119.893 Y113.168
G0 X120.106 Y115.731
G1 F1500 E41.1232
G0 F7200 X120.116 Y116.171
G1 F1800 X119.675 Y116.385 E41.12935
G1 X119.676 Y115.929 E41.13506
G1 X120.116 Y115.715 E41.1412
G1 X120.116 Y116.171 E41.14692
G0 F7200 X119.936 Y116.258
G0 X119.933 Y116.248
G1 F1500 E34.64692
G0 F7200 X119.895 Y116.167
G0 X120.106 Y118.732
G1 F1500 E41.14692
G0 F7200 X120.116 Y119.171
G1 F1800 X119.675 Y119.385 E41.15307
G1 X119.675 Y118.93 E41.15877
G1 X120.116 Y118.716 E41.16492
G1 X120.116 Y119.171 E41.17062
G0 F7200 X119.936 Y119.258
G0 X119.932 Y119.25
G1 F1500 E34.67062
G0 F7200 X119.895 Y119.167
G0 X120.981 Y118.982
G0 X123.019 Y118.992
G0 X124.224 Y118.982
G1 F1500 E41.17062
G0 F7200 X124.324 Y118.929
G1 F1800 X124.324 Y119.385 E41.17634
G1 X123.884 Y119.171 E41.18248
G1 X123.885 Y118.716 E41.18818
G1 X124.324 Y118.929 E41.1943
G0 F7200 X124.324 Y119.129
G0 X124.284 Y119.129
G1 F1500 E34.6943
G0 F7200 X124.224 Y119.129
G0 X124.315 Y116.369
G1 F1500 E41.1943
G0 F7200 X124.324 Y115.929
G1 F1800 X124.325 Y116.385 E41.20002
G1 X123.885 Y116.172 E41.20615
G1 X123.884 Y115.716 E41.21187
G1 X124.324 Y115.929 E41.218
G0 F7200 X124.324 Y116.129
G0 X124.285 Y116.129
G1 F1500 E34.718
G0 F7200 X124.224 Y116.128
G0 X124.315 Y113.369
G1 F1500 E41.218
G0 F7200 X124.324 Y112.929
G1 F1800 X124.325 Y113.385 E41.22372
G1 X123.885 Y113.172 E41.22985
G1 X123.884 Y112.716 E41.23557
G1 X124.324 Y112.929 E41.2417
G0 F7200 X124.324 Y113.129
G0 X124.285 Y113.129
G1 F1500 E34.7417
G0 F7200 X124.224 Y113.128
G0 X124.315 Y110.369
G1 F1500 E41.2417
G0 F7200 X124.324 Y109.929
G1 F1800 X124.325 Y110.385 E41.24742
G1 X123.885 Y110.172 E41.25355
G1 X123.884 Y109.716 E41.25927
G1 X124.324 Y109.929 E41.2654
G0 F7200 X124.324 Y110.129
G0 X124.285 Y110.129
G1 F1500 E34.7654
G0 F7200 X124.224 Y110.128
G0 X126.81 Y110.121
G0 X128.025 Y110.104
G1 F1500 E41.2654
G0 F7200 X128.115 Y110.172
G1 F1800 X127.675 Y110.385 E41.27153
G1 X127.676 Y109.929 E41.27724
G1 X128.116 Y109.716 E41.28337
G1 X128.115 Y110.172 E41.28909
G0 F7200 X127.935 Y110.259
G0 X127.931 Y110.25
G1 F1500 E34.78909
G0 F7200 X127.893 Y110.168
G0 X128.106 Y112.732
G1 F1500 E41.28909
G0 F7200 X128.115 Y113.172
G1 F1800 X127.675 Y113.385 E41.29522
G1 X127.676 Y112.929 E41.30094
G1 X128.116 Y112.716 E41.30707
G1 X128.115 Y113.172 E41.31279
G0 F7200 X127.935 Y113.259
G0 X127.931 Y113.25
G1 F1500 E34.81279
G0 F7200 X127.893 Y113.168
G0 X128.106 Y115.732
G1 F1500 E41.31279
G0 F7200 X128.115 Y116.172
G1 F1800 X127.675 Y116.385 E41.31892
G1 X127.676 Y115.929 E41.32464
G1 X128.116 Y115.716 E41.33077
G1 X128.115 Y116.172 E41.33649
G0 F7200 X127.935 Y116.259
G0 X127.931 Y116.25
G1 F1500 E34.83649
G0 F7200 X127.893 Y116.168
G0 X128.106 Y118.732
G1 F1500 E41.33649
G0 F7200 X128.116 Y119.171
G1 F1800 X127.676 Y119.385 E41.34262
G1 X127.675 Y118.93 E41.34833
G1 X128.116 Y118.716 E41.35448
G1 X128.116 Y119.171 E41.36018
G0 F7200 X127.937 Y119.258
G0 X127.932 Y119.25
G1 F1500 E34.86018
G0 F7200 X127.895 Y119.168
G0 X128.981 Y118.982
G0 X131.019 Y118.992
G0 X132.224 Y118.982
G1 F1500 E41.36018
G0 F7200 X132.324 Y118.929
G1 F1800 X132.324 Y119.385 E41.3659
G1 X131.884 Y119.171 E41.37204
G1 X131.885 Y118.716 E41.37774
G1 X132.324 Y118.929 E41.38386
G0 F7200 X132.324 Y119.129
G0 X132.284 Y119.129
G1 F1500 E34.88386
G0 F7200 X132.224 Y119.129
G0 X132.315 Y116.369
G1 F1500 E41.38386
G0 F7200 X132.324 Y115.929
G1 F1800 X132.325 Y116.385 E41.38958
G1 X131.885 Y116.172 E41.39571
G1 X131.884 Y115.716 E41.40143
G1 X132.324 Y115.929 E41.40756
G0 F7200 X132.324 Y116.129
G0 X132.285 Y116.129
G1 F1500 E34.90756
G0 F7200 X132.224 Y116.128
G0 X132.315 Y113.369
G1 F1500 E41.40756
G0 F7200 X132.324 Y112.929
G1 F1800 X132.325 Y113.385 E41.41328
G1 X131.885 Y113.172 E41.41941
G1 X131.884 Y112.716 E41.42513
G1 X132.324 Y112.929 E41.43126
G0 F7200 X132.324 Y113.129
G0 X132.285 Y113.129
G1 F1500 E34.93126
G0 F7200 X132.224 Y113.128
G0 X132.315 Y110.369
G1 F1500 E41.43126
G0 F7200 X132.324 Y109.929
G1 F1800 X132.325 Y110.385 E41.43698
G1 X131.885 Y110.172 E41.44311
G1 X131.884 Y109.716 E41.44882
G1 X132.324 Y109.929 E41.45495
G0 F7200 X132.324 Y110.129
G0 X132.285 Y110.129
G1 F1500 E34.95495
G0 F7200 X132.224 Y110.128
G0 X136.085 Y110.369
G0 X137.65 Y120.63
G1 F1500 E41.45495
G0 F7200 X137.75 Y120.7
G1 F1800 X136.95 Y120.7 E41.46499
G1 X136.95 Y108.3 E41.62049
G1 X137.75 Y108.3 E41.63052
G1 X137.75 Y120.7 E41.78602
G0 F7200 X137.55 Y120.7
G0 X137.5 Y120.451
;TYPE:SKIN
G1 F1800 X137.359 Y120.31 E41.78859
G1 X137.349 Y114.945 E41.85782
G1 X137.349 Y108.723 E41.93811
G1 X137.219 Y108.569 E41.94071
G0 F7200 X137.35 Y108.7
G1 F1500 E35.44071
;MESH:NONMESH
G0 F600 X137.35 Y108.7 Z2.6
G0 F7200 X136.97 Y110.069
G0 X133.172 Y111.737
G0 X128.979 Y110.05
G0 X128.963 Y108.364
G0 X115.037 Y108.364
G0 X112.981 Y110.013
G1 F1500 E41.94071
G0 F7200 X112.324 Y110.07
;TIME_ELAPSED:272.635790
;LAYER:12
;TYPE:WALL-OUTER
;MESH:output_v2\A_fina_conjunto.stl
G1 F1800 X111.885 Y110.283 E41.94683
G1 X111.886 Y109.827 E41.95255
G1 X112.325 Y109.614 E41.95867
G1 X112.324 Y110.07 E41.96439
G0 F7200 X112.144 Y110.157
G0 X112.14 Y110.148
G1 F1500 E35.46439
G0 F7200 X112.103 Y110.066
G0 X112.315 Y112.63
G1 F1500 E41.96439
G0 F7200 X112.324 Y113.07
G1 F1800 X111.885 Y113.283 E41.97051
G1 X111.886 Y112.827 E41.97622
G1 X112.325 Y112.614 E41.98234
G1 X112.324 Y113.07 E41.98806
G0 F7200 X112.144 Y113.157
G0 X112.14 Y113.148
G1 F1500 E35.48806
G0 F7200 X112.103 Y113.066
G0 X112.315 Y115.63
G1 F1500 E41.98806
G0 F7200 X112.325 Y116.069
G1 F1800 X111.885 Y116.283 E41.9942
G1 X111.886 Y115.827 E41.99992
G1 X112.325 Y115.614 E42.00604
G1 X112.325 Y116.069 E42.01174
G0 F7200 X112.146 Y116.156
G0 X112.141 Y116.148
G1 F1500 E35.51174
G0 F7200 X112.104 Y116.066
G0 X112.315 Y118.63
G1 F1500 E42.01174
G0 F7200 X112.325 Y119.069
G1 F1800 X111.885 Y119.283 E42.01788
G1 X111.885 Y118.828 E42.02358
G1 X112.325 Y118.614 E42.02972
G1 X112.325 Y119.069 E42.03542
G0 F7200 X112.146 Y119.156
G0 X112.142 Y119.147
G1 F1500 E35.53542
G0 F7200 X112.105 Y119.066
G0 X109.525 Y119.414
G1 F1500 E42.03542
G0 F7200 X109.539 Y119.9
G1 F1800 X109.132 Y119.9 E42.04053
G1 X109.131 Y119.4 E42.0468
G1 X109.539 Y119.4 E42.05192
G1 X109.539 Y119.9 E42.05819
G0 F7200 X109.339 Y119.9
G0 X109.339 Y119.8
G1 F1500 E35.55819
G0 F7200 X107.03 Y119.886
G1 F1500 E42.05819
G0 F7200 X107.05 Y120.7
G1 F1800 X106.25 Y120.7 E42.06822
G1 X106.25 Y108.3 E42.22372
G1 X107.05 Y108.3 E42.23375
G1 X107.05 Y120.7 E42.38925
G0 F7200 X106.85 Y120.7
G0 X106.65 Y120.226
;TYPE:SKIN
G1 F1800 X106.65 Y119.943 E42.39299
G1 X106.65 Y108.912 E42.53878
G1 X106.826 Y108.523 E42.54443
G0 F7200 X106.797 Y108.494
G0 X106.445 Y120.304
G1 F1800 X106.644 Y120.503 E42.54619
G0 F7200 X106.65 Y120.3
G1 F1500 E36.04619
G0 F7200 X107.03 Y118.88
G0 X108.277 Y118.547
G0 X113.171 Y117.262
G0 X114.811 Y118.88
G0 X116.014 Y118.88
G1 F1500 E42.54619
G0 F7200 X116.114 Y118.827
;TYPE:WALL-OUTER
G1 F1800 X116.114 Y119.283 E42.55191
G1 X115.676 Y119.07 E42.55802
G1 X115.676 Y118.614 E42.56373
G1 X116.114 Y118.827 E42.56984
G0 F7200 X116.114 Y119.027
G0 X116.076 Y119.027
G1 F1500 E36.06984
G0 F7200 X116.014 Y119.027
G0 X116.105 Y116.267
G1 F1500 E42.56984
G0 F7200 X116.114 Y115.827
G1 F1800 X116.115 Y116.283 E42.57556
G1 X115.676 Y116.07 E42.58168
G1 X115.675 Y115.614 E42.5874
G1 X116.114 Y115.827 E42.59352
G0 F7200 X116.114 Y116.027
G0 X116.076 Y116.027
G1 F1500 E36.09352
G0 F7200 X116.014 Y116.026
G0 X116.105 Y113.267
G1 F1500 E42.59352
G0 F7200 X116.114 Y112.827
G1 F1800 X116.115 Y113.283 E42.59924
G1 X115.676 Y113.07 E42.60535
G1 X115.675 Y112.614 E42.61107
G1 X116.114 Y112.827 E42.61719
G0 F7200 X116.114 Y113.027
G0 X116.076 Y113.027
G1 F1500 E36.11719
G0 F7200 X116.014 Y113.026
G0 X116.105 Y110.267
G1 F1500 E42.61719
G0 F7200 X116.114 Y109.827
G1 F1800 X116.115 Y110.283 E42.62291
G1 X115.676 Y110.07 E42.62903
G1 X115.675 Y109.614 E42.63475
G1 X116.114 Y109.827 E42.64087
G0 F7200 X116.114 Y110.027
G0 X116.076 Y110.027
G1 F1500 E36.14087
G0 F7200 X116.014 Y110.026
G0 X119.02 Y110.021
G0 X120.234 Y110.002
G1 F1500 E42.64087
G0 F7200 X120.324 Y110.07
G1 F1800 X119.885 Y110.283 E42.64699
G1 X119.886 Y109.827 E42.6527
G1 X120.325 Y109.614 E42.65882
G1 X120.324 Y110.07 E42.66454
G0 F7200 X120.144 Y110.157
G0 X120.14 Y110.148
G1 F1500 E36.16454
G0 F7200 X120.103 Y110.066
G0 X120.315 Y112.63
G1 F1500 E42.66454
G0 F7200 X120.324 Y113.07
G1 F1800 X119.885 Y113.283 E42.67066
G1 X119.886 Y112.827 E42.67638
G1 X120.325 Y112.614 E42.6825
G1 X120.324 Y113.07 E42.68822
G0 F7200 X120.144 Y113.157
G0 X120.14 Y113.148
G1 F1500 E36.18822
G0 F7200 X120.103 Y113.066
G0 X120.315 Y115.63
G1 F1500 E42.68822
G0 F7200 X120.325 Y116.069
G1 F1800 X119.885 Y116.283 E42.69435
G1 X119.886 Y115.827 E42.70007
G1 X120.325 Y115.614 E42.70619
G1 X120.325 Y116.069 E42.7119
G0 F7200 X120.146 Y116.156
G0 X120.141 Y116.148
G1 F1500 E36.2119
G0 F7200 X120.104 Y116.066
G0 X120.315 Y118.63
G1 F1500 E42.7119
G0 F7200 X120.325 Y119.069
G1 F1800 X119.885 Y119.283 E42.71803
G1 X119.885 Y118.828 E42.72374
G1 X120.325 Y118.614 E42.72987
G1 X120.325 Y119.069 E42.73558
G0 F7200 X120.146 Y119.156
G0 X120.142 Y119.147
G1 F1500 E36.23558
G0 F7200 X120.105 Y119.066
G0 X121.19 Y118.88
G0 X122.81 Y118.889
G0 X124.014 Y118.88
G1 F1500 E42.73558
G0 F7200 X124.114 Y118.827
G1 F1800 X124.114 Y119.282 E42.74128
G1 X123.675 Y119.069 E42.7474
G1 X123.676 Y118.614 E42.75311
G1 X124.114 Y118.827 E42.75922
G0 F7200 X124.114 Y119.027
G0 X124.075 Y119.027
G1 F1500 E36.25922
G0 F7200 X124.014 Y119.027
G0 X124.105 Y116.267
G1 F1500 E42.75922
G0 F7200 X124.114 Y115.827
G1 F1800 X124.115 Y116.283 E42.76494
G1 X123.676 Y116.07 E42.77105
G1 X123.675 Y115.614 E42.77677
G1 X124.114 Y115.827 E42.78289
G0 F7200 X124.114 Y116.027
G0 X124.076 Y116.027
G1 F1500 E36.28289
G0 F7200 X124.014 Y116.026
G0 X124.105 Y113.267
G1 F1500 E42.78289
G0 F7200 X124.114 Y112.827
G1 F1800 X124.115 Y113.283 E42.78861
G1 X123.676 Y113.07 E42.79473
G1 X123.675 Y112.614 E42.80045
G1 X124.114 Y112.827 E42.80657
G0 F7200 X124.114 Y113.027
G0 X124.076 Y113.027
G1 F1500 E36.30657
G0 F7200 X124.014 Y113.026
G0 X124.105 Y110.267
G1 F1500 E42.80657
G0 F7200 X124.114 Y109.827
G1 F1800 X124.115 Y110.283 E42.81229
G1 X123.676 Y110.07 E42.8184
G1 X123.675 Y109.614 E42.82412
G1 X124.114 Y109.827 E42.83024
G0 F7200 X124.114 Y110.027
G0 X124.076 Y110.027
G1 F1500 E36.33024
G0 F7200 X124.014 Y110.026
G0 X127.02 Y110.021
G0 X128.234 Y110.002
G1 F1500 E42.83024
G0 F7200 X128.324 Y110.07
G1 F1800 X127.885 Y110.283 E42.83636
G1 X127.886 Y109.827 E42.84208
G1 X128.325 Y109.614 E42.8482
G1 X128.324 Y110.07 E42.85392
G0 F7200 X128.144 Y110.157
G0 X128.14 Y110.148
G1 F1500 E36.35392
G0 F7200 X128.103 Y110.066
G0 X128.315 Y112.63
G1 F1500 E42.85392
G0 F7200 X128.324 Y113.07
G1 F1800 X127.885 Y113.283 E42.86004
G1 X127.886 Y112.827 E42.86575
G1 X128.325 Y112.614 E42.87187
G1 X128.324 Y113.07 E42.87759
G0 F7200 X128.144 Y113.157
G0 X128.14 Y113.148
G1 F1500 E36.37759
G0 F7200 X128.103 Y113.066
G0 X128.315 Y115.63
G1 F1500 E42.87759
G0 F7200 X128.324 Y116.07
G1 F1800 X127.885 Y116.283 E42.88371
G1 X127.886 Y115.827 E42.88943
G1 X128.325 Y115.614 E42.89555
G1 X128.324 Y116.07 E42.90127
G0 F7200 X128.144 Y116.157
G0 X128.14 Y116.148
G1 F1500 E36.40127
G0 F7200 X128.103 Y116.066
G0 X128.315 Y118.63
G1 F1500 E42.90127
G0 F7200 X128.325 Y119.069
G1 F1800 X127.886 Y119.283 E42.90739
G1 X127.885 Y118.828 E42.9131
G1 X128.325 Y118.614 E42.91923
G1 X128.325 Y119.069 E42.92494
G0 F7200 X128.146 Y119.156
G0 X128.142 Y119.147
G1 F1500 E36.42494
G0 F7200 X128.105 Y119.066
G0 X129.19 Y118.88
G0 X130.81 Y118.889
G0 X132.014 Y118.88
G1 F1500 E42.92494
G0 F7200 X132.114 Y118.827
G1 F1800 X132.114 Y119.282 E42.93064
G1 X131.675 Y119.069 E42.93676
G1 X131.676 Y118.614 E42.94247
G1 X132.114 Y118.827 E42.94858
G0 F7200 X132.114 Y119.027
G0 X132.075 Y119.027
G1 F1500 E36.44858
G0 F7200 X132.014 Y119.027
G0 X132.105 Y116.267
G1 F1500 E42.94858
G0 F7200 X132.114 Y115.827
G1 F1800 X132.115 Y116.283 E42.9543
G1 X131.676 Y116.07 E42.96041
G1 X131.675 Y115.614 E42.96613
G1 X132.114 Y115.827 E42.97225
G0 F7200 X132.114 Y116.027
G0 X132.076 Y116.027
G1 F1500 E36.47225
G0 F7200 X132.014 Y116.026
G0 X132.105 Y113.267
G1 F1500 E42.97225
G0 F7200 X132.114 Y112.827
G1 F1800 X132.115 Y113.283 E42.97797
G1 X131.676 Y113.07 E42.98409
G1 X131.675 Y112.614 E42.98981
G1 X132.114 Y112.827 E42.99593
G0 F7200 X132.114 Y113.027
G0 X132.076 Y113.027
G1 F1500 E36.49593
G0 F7200 X132.014 Y113.026
G0 X132.105 Y110.267
G1 F1500 E42.99593
G0 F7200 X132.114 Y109.827
G1 F1800 X132.115 Y110.283 E43.00164
G1 X131.676 Y110.07 E43.00776
G1 X131.675 Y109.614 E43.01348
G1 X132.114 Y109.827 E43.0196
G0 F7200 X132.114 Y110.027
G0 X132.076 Y110.027
G1 F1500 E36.5196
G0 F7200 X132.014 Y110.026
G0 X136.085 Y110.267
G0 X137.65 Y120.63
G1 F1500 E43.0196
G0 F7200 X137.75 Y120.7
G1 F1800 X136.95 Y120.7 E43.02963
G1 X136.95 Y108.3 E43.18513
G1 X137.75 Y108.3 E43.19517
G1 X137.75 Y120.7 E43.35067
G0 F7200 X137.55 Y120.7
G0 X137.309 Y120.338
;TYPE:SKIN
G1 F1800 X137.349 Y120.095 E43.35393
G1 X137.349 Y108.781 E43.504
G1 X137.449 Y108.599 E43.50675
G0 F7200 X137.344 Y108.494
G0 X137.144 Y120.456
G1 F1800 X137.192 Y120.504 E43.50718
G0 F7200 X137.35 Y120.3
G1 F1500 E37.00718
;MESH:NONMESH
G0 F600 X137.35 Y120.3 Z2.8
G0 F7200 X136.97 Y109.967
G0 X132.962 Y111.635
G0 X129.188 Y109.949
G0 X129.172 Y108.262
G0 X114.828 Y108.262
G0 X113.19 Y109.911
G1 F1500 E43.50718
G0 F7200 X112.535 Y109.968
;TIME_ELAPSED:294.312547
;LAYER:13
;TYPE:WALL-OUTER
;MESH:output_v2\A_fina_conjunto.stl
G1 F1800 X112.096 Y110.181 E43.5133
G1 X112.096 Y109.725 E43.51901
G1 X112.534 Y109.513 E43.52512
G1 X112.535 Y109.968 E43.53082
G0 F7200 X112.355 Y110.055
G0 X112.351 Y110.046
G1 F1500 E37.03082
G0 F7200 X112.314 Y109.964
G0 X112.524 Y112.529
G1 F1500 E43.53082
G0 F7200 X112.535 Y112.968
G1 F1800 X112.096 Y113.181 E43.53694
G1 X112.096 Y112.725 E43.54266
G1 X112.534 Y112.513 E43.54876
G1 X112.535 Y112.968 E43.55447
G0 F7200 X112.355 Y113.055
G0 X112.351 Y113.046
G1 F1500 E37.05447
G0 F7200 X112.314 Y112.964
G0 X112.524 Y115.529
G1 F1500 E43.55447
G0 F7200 X112.535 Y115.968
G1 F1800 X112.096 Y116.181 E43.56059
G1 X112.096 Y115.725 E43.56631
G1 X112.534 Y115.513 E43.57241
G1 X112.535 Y115.968 E43.57811
G0 F7200 X112.355 Y116.055
G0 X112.351 Y116.046
G1 F1500 E37.07811
G0 F7200 X112.314 Y115.964
G0 X112.524 Y118.529
G1 F1500 E43.57811
G0 F7200 X112.535 Y118.968
G1 F1800 X112.096 Y119.181 E43.58423
G1 X112.095 Y118.726 E43.58994
G1 X112.534 Y118.513 E43.59606
G1 X112.535 Y118.968 E43.60176
G0 F7200 X112.355 Y119.055
G0 X112.351 Y119.046
G1 F1500 E37.10176
G0 F7200 X112.314 Y118.964
G0 X109.5 Y119.414
G1 F1500 E43.60176
G0 F7200 X109.514 Y119.9
G1 F1800 X109.109 Y119.9 E43.60684
G1 X109.108 Y119.4 E43.61311
G1 X109.514 Y119.4 E43.6182
G1 X109.514 Y119.9 E43.62447
G0 F7200 X109.314 Y119.9
G0 X109.314 Y119.8
G1 F1500 E37.12447
G0 F7200 X107.03 Y119.886
G1 F1500 E43.62447
G0 F7200 X107.05 Y120.7
G1 F1800 X106.25 Y120.7 E43.63451
G1 X106.25 Y108.3 E43.79001
G1 X107.05 Y108.3 E43.80004
G1 X107.05 Y120.7 E43.95554
G0 F7200 X106.85 Y120.7
G0 X106.736 Y120.386
;TYPE:SKIN
G1 F1800 X106.649 Y120.189 E43.95837
G1 X106.649 Y108.876 E44.10726
G1 X106.597 Y108.646 E44.11036
G0 F7200 X106.65 Y108.7
G1 F1500 E37.61036
G0 F7200 X107.03 Y118.778
G0 X108.254 Y118.547
G0 X113.38 Y117.257
G0 X114.601 Y118.761
G0 X115.804 Y118.778
G1 F1500 E44.11036
G0 F7200 X115.904 Y118.725
;TYPE:WALL-OUTER
G1 F1800 X115.904 Y119.181 E44.11608
G1 X115.466 Y118.97 E44.12218
G1 X115.465 Y118.512 E44.12792
G1 X115.904 Y118.725 E44.13404
G0 F7200 X115.904 Y118.925
G0 X115.866 Y118.926
G1 F1500 E37.63404
G0 F7200 X115.804 Y118.926
G0 X115.895 Y116.166
G1 F1500 E44.13404
G0 F7200 X115.904 Y115.725
G1 F1800 X115.905 Y116.182 E44.13977
G1 X115.466 Y115.97 E44.14588
G1 X115.465 Y115.512 E44.15163
G1 X115.904 Y115.725 E44.15774
G0 F7200 X115.904 Y115.925
G0 X115.866 Y115.925
G1 F1500 E37.65774
G0 F7200 X115.804 Y115.924
G0 X115.895 Y113.166
G1 F1500 E44.15774
G0 F7200 X115.904 Y112.725
G1 F1800 X115.905 Y113.182 E44.16348
G1 X115.466 Y112.97 E44.16959
G1 X115.465 Y112.512 E44.17533
G1 X115.904 Y112.725 E44.18145
G0 F7200 X115.904 Y112.925
G0 X115.866 Y112.925
G1 F1500 E37.68145
G0 F7200 X115.804 Y112.924
G0 X115.895 Y110.166
G1 F1500 E44.18145
G0 F7200 X115.904 Y109.725
G1 F1800 X115.905 Y110.182 E44.18718
G1 X115.466 Y109.97 E44.1933
G1 X115.465 Y109.512 E44.19904
G1 X115.904 Y109.725 E44.20516
G0 F7200 X115.904 Y109.925
G0 X115.866 Y109.925
G1 F1500 E37.70516
G0 F7200 X115.804 Y109.924
G0 X119.231 Y109.923
G0 X120.434 Y109.914
G1 F1500 E44.20516
G0 F7200 X120.535 Y109.968
G1 F1800 X120.096 Y110.181 E44.21128
G1 X120.096 Y109.725 E44.217
G1 X120.534 Y109.513 E44.2231
G1 X120.535 Y109.968 E44.2288
G0 F7200 X120.355 Y110.055
G0 X120.351 Y110.046
G1 F1500 E37.7288
G0 F7200 X120.314 Y109.964
G0 X120.524 Y112.529
G1 F1500 E44.2288
G0 F7200 X120.535 Y112.968
G1 F1800 X120.096 Y113.181 E44.23492
G1 X120.096 Y112.725 E44.24064
G1 X120.534 Y112.513 E44.24674
G1 X120.535 Y112.968 E44.25245
G0 F7200 X120.355 Y113.055
G0 X120.351 Y113.046
G1 F1500 E37.75245
G0 F7200 X120.314 Y112.964
G0 X120.524 Y115.529
G1 F1500 E44.25245
G0 F7200 X120.535 Y115.968
G1 F1800 X120.096 Y116.181 E44.25857
G1 X120.096 Y115.725 E44.26429
G1 X120.534 Y115.513 E44.27039
G1 X120.535 Y115.968 E44.2761
G0 F7200 X120.355 Y116.055
G0 X120.351 Y116.046
G1 F1500 E37.7761
G0 F7200 X120.314 Y115.964
G0 X120.524 Y118.529
G1 F1500 E44.2761
G0 F7200 X120.535 Y118.968
G1 F1800 X120.096 Y119.181 E44.28221
G1 X120.095 Y118.726 E44.28792
G1 X120.534 Y118.513 E44.29404
G1 X120.535 Y118.968 E44.29975
G0 F7200 X120.355 Y119.055
G0 X120.351 Y119.046
G1 F1500 E37.79975
G0 F7200 X120.314 Y118.964
G0 X121.399 Y118.784
G0 X122.601 Y118.78
G0 X123.804 Y118.778
G1 F1500 E44.29975
G0 F7200 X123.904 Y118.725
G1 F1800 X123.904 Y119.181 E44.30546
G1 X123.466 Y118.97 E44.31156
G1 X123.465 Y118.512 E44.3173
G1 X123.904 Y118.725 E44.32342
G0 F7200 X123.904 Y118.925
G0 X123.866 Y118.926
G1 F1500 E37.82342
G0 F7200 X123.804 Y118.926
G0 X123.895 Y116.166
G1 F1500 E44.32342
G0 F7200 X123.904 Y115.725
G1 F1800 X123.905 Y116.182 E44.32915
G1 X123.466 Y115.97 E44.33527
G1 X123.465 Y115.512 E44.34101
G1 X123.904 Y115.725 E44.34713
G0 F7200 X123.904 Y115.925
G0 X123.866 Y115.925
G1 F1500 E37.84713
G0 F7200 X123.804 Y115.924
G0 X123.895 Y113.166
G1 F1500 E44.34713
G0 F7200 X123.904 Y112.725
G1 F1800 X123.905 Y113.182 E44.35286
G1 X123.466 Y112.97 E44.35897
G1 X123.465 Y112.512 E44.36472
G1 X123.904 Y112.725 E44.37084
G0 F7200 X123.904 Y112.925
G0 X123.866 Y112.925
G1 F1500 E37.87084
G0 F7200 X123.804 Y112.924
G0 X123.895 Y110.166
G1 F1500 E44.37084
G0 F7200 X123.904 Y109.725
G1 F1800 X123.905 Y110.182 E44.37657
G1 X123.466 Y109.97 E44.38268
G1 X123.465 Y109.512 E44.38843
G1 X123.904 Y109.725 E44.39454
G0 F7200 X123.904 Y109.925
G0 X123.866 Y109.925
G1 F1500 E37.89454
G0 F7200 X123.804 Y109.924
G0 X127.231 Y109.923
G0 X128.434 Y109.914
G1 F1500 E44.39454
G0 F7200 X128.535 Y109.968
G1 F1800 X128.096 Y110.181 E44.40066
G1 X128.096 Y109.725 E44.40638
G1 X128.534 Y109.513 E44.41248
G1 X128.535 Y109.968 E44.41819
G0 F7200 X128.355 Y110.055
G0 X128.351 Y110.046
G1 F1500 E37.91819
G0 F7200 X128.314 Y109.964
G0 X128.524 Y112.529
G1 F1500 E44.41819
G0 F7200 X128.535 Y112.968
G1 F1800 X128.096 Y113.181 E44.42431
G1 X128.096 Y112.725 E44.43003
G1 X128.534 Y112.513 E44.43613
G1 X128.535 Y112.968 E44.44184
G0 F7200 X128.355 Y113.055
G0 X128.351 Y113.046
G1 F1500 E37.94184
G0 F7200 X128.314 Y112.964
G0 X128.524 Y115.529
G1 F1500 E44.44184
G0 F7200 X128.535 Y115.968
G1 F1800 X128.096 Y116.181 E44.44795
G1 X128.096 Y115.725 E44.45367
G1 X128.534 Y115.513 E44.45977
G1 X128.535 Y115.968 E44.46548
G0 F7200 X128.355 Y116.055
G0 X128.351 Y116.046
G1 F1500 E37.96548
G0 F7200 X128.314 Y115.964
G0 X128.524 Y118.529
G1 F1500 E44.46548
G0 F7200 X128.535 Y118.968
G1 F1800 X128.096 Y119.181 E44.4716
G1 X128.095 Y118.726 E44.47731
G1 X128.534 Y118.513 E44.48342
G1 X128.535 Y118.968 E44.48913
G0 F7200 X128.355 Y119.055
G0 X128.351 Y119.046
G1 F1500 E37.98913
G0 F7200 X128.314 Y118.964
G0 X129.399 Y118.784
G0 X130.601 Y118.78
G0 X131.804 Y118.778
G1 F1500 E44.48913
G0 F7200 X131.904 Y118.725
G1 F1800 X131.904 Y119.181 E44.49485
G1 X131.466 Y118.97 E44.50095
G1 X131.465 Y118.512 E44.50669
G1 X131.904 Y118.725 E44.51281
G0 F7200 X131.904 Y118.925
G0 X131.866 Y118.926
G1 F1500 E38.01281
G0 F7200 X131.804 Y118.926
G0 X131.895 Y116.166
G1 F1500 E44.51281
G0 F7200 X131.904 Y115.725
G1 F1800 X131.905 Y116.182 E44.51854
G1 X131.466 Y115.97 E44.52465
G1 X131.465 Y115.512 E44.5304
G1 X131.904 Y115.725 E44.53652
G0 F7200 X131.904 Y115.925
G0 X131.866 Y115.925
G1 F1500 E38.03652
G0 F7200 X131.804 Y115.924
G0 X131.895 Y113.166
G1 F1500 E44.53652
G0 F7200 X131.904 Y112.725
G1 F1800 X131.905 Y113.182 E44.54225
G1 X131.466 Y112.97 E44.54836
G1 X131.465 Y112.512 E44.5541
G1 X131.904 Y112.725 E44.56022
G0 F7200 X131.904 Y112.925
G0 X131.866 Y112.925
G1 F1500 E38.06022
G0 F7200 X131.804 Y112.924
G0 X131.895 Y110.166
G1 F1500 E44.56022
G0 F7200 X131.904 Y109.725
G1 F1800 X131.905 Y110.182 E44.56595
G1 X131.466 Y109.97 E44.57207
G1 X131.465 Y109.512 E44.57781
G1 X131.904 Y109.725 E44.58393
G0 F7200 X131.904 Y109.925
G0 X131.866 Y109.925
G1 F1500 E38.08393
G0 F7200 X131.804 Y109.924
G0 X136.085 Y110.166
G0 X137.65 Y120.63
G1 F1500 E44.58393
G0 F7200 X137.75 Y120.7
G1 F1800 X136.95 Y120.7 E44.59396
G1 X136.95 Y108.3 E44.74946
G1 X137.75 Y108.3 E44.75949
G1 X137.75 Y120.7 E44.915
G0 F7200 X137.55 Y120.7
G0 X137.5 Y120.451
;TYPE:SKIN
G1 F1800 X137.359 Y120.31 E44.91757
G1 X137.349 Y114.945 E44.9868
G1 X137.349 Y108.723 E45.06709
G1 X137.219 Y108.569 E45.06969
G0 F7200 X137.35 Y108.7
G1 F1500 E38.56969
;MESH:NONMESH
G0 F600 X137.35 Y108.7 Z3
G0 F7200 X136.97 Y109.909
G0 X132.752 Y111.531
G0 X128.97 Y110.717
G0 X127.25 Y111.531
G0 X124.752 Y111.531
G0 X120.97 Y110.717
G0 X119.25 Y111.531
G0 X116.752 Y111.531
G0 X113.399 Y109.957
G1 F1500 E45.06969
G0 F7200 X112.62 Y109.926
;TIME_ELAPSED:315.693283
;LAYER:14
;TYPE:WALL-OUTER
;MESH:output_v2\A_fina_conjunto.stl
G1 F1800 X112.306 Y110.079 E45.07407
G1 X112.306 Y109.623 E45.07979
G1 X112.744 Y109.411 E45.08589
G1 X112.745 Y109.878 E45.09174
G1 X112.62 Y109.926 E45.09342
G0 F7200 X112.441 Y110.013
G0 X112.706 Y109.654
G1 F1500 E38.59342
G0 F7200 X112.644 Y109.653
G0 X115.256 Y109.862
G1 F1500 E45.09342
G0 F7200 X115.38 Y109.926
G1 F1800 X115.256 Y109.878 E45.09509
G1 X115.255 Y109.411 E45.10095
G1 X115.694 Y109.623 E45.10452
G1 X115.695 Y110.079 E45.11004
G1 X115.38 Y109.926 E45.11181
G0 F7200 X115.256 Y109.878
G0 X115.256 Y109.81
G0 X115.294 Y109.81
G1 F1500 E38.61181
G0 F7200 X115.357 Y109.81
G0 X115.265 Y112.427
G1 F1500 E45.11181
G0 F7200 X115.38 Y112.926
G1 F1800 X115.256 Y112.878 E45.11348
G1 X115.255 Y112.411 E45.11934
G1 X115.694 Y112.623 E45.12291
G1 X115.695 Y113.079 E45.12843
G1 X115.38 Y112.926 E45.13021
G0 F7200 X115.256 Y112.878
G0 X115.256 Y112.81
G0 X115.294 Y112.81
G1 F1500 E38.63021
G0 F7200 X115.357 Y112.81
G0 X112.729 Y112.867
G1 F1500 E45.13021
G0 F7200 X112.62 Y112.926
G1 F1800 X112.306 Y113.079 E45.13459
G1 X112.306 Y112.623 E45.1403
G1 X112.744 Y112.411 E45.14641
G1 X112.745 Y112.878 E45.15226
G1 X112.62 Y112.926 E45.15394
G0 F7200 X112.441 Y113.013
G0 X112.706 Y112.654
G1 F1500 E38.65394
G0 F7200 X112.644 Y112.653
G0 X112.734 Y115.427
G1 F1500 E45.15394
G0 F7200 X112.62 Y115.926
G1 F1800 X112.306 Y116.079 E45.15832
G1 X112.306 Y115.623 E45.16404
G1 X112.744 Y115.411 E45.17014
G1 X112.745 Y115.878 E45.176
G1 X112.62 Y115.926 E45.17768
G0 F7200 X112.441 Y116.013
G0 X112.706 Y115.654
G1 F1500 E38.67768
G0 F7200 X112.644 Y115.653
G0 X115.256 Y115.862
G1 F1500 E45.17768
G0 F7200 X115.38 Y115.926
G1 F1800 X115.256 Y115.878 E45.17935
G1 X115.255 Y115.411 E45.1852
G1 X115.694 Y115.623 E45.18878
G1 X115.695 Y116.079 E45.19429
G1 X115.38 Y115.926 E45.19607
G0 F7200 X115.256 Y115.878
G0 X115.256 Y115.81
G0 X115.294 Y115.81
G1 F1500 E38.69607
G0 F7200 X115.357 Y115.81
G0 X115.265 Y118.427
G1 F1500 E45.19607
G0 F7200 X115.38 Y118.926
G1 F1800 X115.256 Y118.878 E45.19774
G1 X115.255 Y118.411 E45.20359
G1 X115.694 Y118.623 E45.20717
G1 X115.694 Y119.079 E45.21268
G1 X115.38 Y118.926 E45.21445
G0 F7200 X115.256 Y118.878
G0 X115.256 Y118.81
G0 X115.294 Y118.811
G1 F1500 E38.71445
G0 F7200 X115.357 Y118.811
G0 X112.729 Y118.867
G1 F1500 E45.21445
G0 F7200 X112.62 Y118.926
G1 F1800 X112.306 Y119.079 E45.21883
G1 X112.305 Y118.624 E45.22453
G1 X112.744 Y118.411 E45.23065
G1 X112.745 Y118.878 E45.23651
G1 X112.62 Y118.926 E45.23819
G0 F7200 X112.441 Y119.013
G0 X112.706 Y118.654
G1 F1500 E38.73819
G0 F7200 X112.644 Y118.653
G0 X111.441 Y119.064
G0 X110.354 Y119.414
G0 X109.389 Y119.83
G1 F1500 E45.23819
G0 F7200 X109.489 Y119.9
G1 F1800 X109.086 Y119.9 E45.24324
G1 X109.085 Y119.4 E45.24951
G1 X109.489 Y119.4 E45.25458
G1 X109.489 Y119.9 E45.26085
G0 F7200 X109.289 Y119.9
G0 X109.289 Y119.8
G1 F1500 E38.76085
G0 F7200 X107.03 Y119.886
G1 F1500 E45.26085
G0 F7200 X107.05 Y120.7
G1 F1800 X106.25 Y120.7 E45.27088
G1 X106.25 Y108.3 E45.42638
G1 X107.05 Y108.3 E45.43641
G1 X107.05 Y120.7 E45.59191
G0 F7200 X106.85 Y120.7
G0 X106.65 Y120.226
;TYPE:SKIN
G1 F1800 X106.65 Y119.943 E45.59565
G1 X106.65 Y108.912 E45.74144
G1 X106.826 Y108.523 E45.74709
G0 F7200 X106.797 Y108.494
G0 X106.445 Y120.304
G1 F1800 X106.644 Y120.503 E45.74885
G0 F7200 X106.65 Y120.3
G1 F1500 E39.24885
G0 F7200 X107.03 Y118.835
G0 X108.231 Y118.547
G0 X110.342 Y118.547
G0 X111.461 Y120.428
G0 X116.54 Y120.429
G0 X119.441 Y118.807
G0 X120.581 Y118.835
G1 F1500 E45.74885
G0 F7200 X120.62 Y118.926
;TYPE:WALL-OUTER
G1 F1800 X120.306 Y119.079 E45.75323
G1 X120.305 Y118.624 E45.75894
G1 X120.744 Y118.411 E45.76506
G1 X120.745 Y118.878 E45.77091
G1 X120.62 Y118.926 E45.77259
G0 F7200 X120.441 Y119.013
G0 X120.706 Y118.654
G1 F1500 E39.27259
G0 F7200 X120.644 Y118.653
G0 X123.256 Y118.862
G1 F1500 E45.77259
G0 F7200 X123.38 Y118.926
G1 F1800 X123.256 Y118.878 E45.77426
G1 X123.255 Y118.411 E45.78012
G1 X123.694 Y118.623 E45.78369
G1 X123.694 Y119.079 E45.7892
G1 X123.38 Y118.926 E45.79097
G0 F7200 X123.256 Y118.878
G0 X123.256 Y118.81
G0 X123.294 Y118.811
G1 F1500 E39.29097
G0 F7200 X123.357 Y118.811
G0 X123.685 Y116.063
G1 F1500 E45.79097
G0 F7200 X123.38 Y115.926
G1 F1800 X123.256 Y115.878 E45.79264
G1 X123.255 Y115.411 E45.79849
G1 X123.694 Y115.623 E45.80207
G1 X123.695 Y116.079 E45.80758
G1 X123.38 Y115.926 E45.80936
G0 F7200 X123.256 Y115.878
G0 X123.256 Y115.81
G0 X123.294 Y115.81
G1 F1500 E39.30936
G0 F7200 X123.357 Y115.81
G0 X120.729 Y115.867
G1 F1500 E45.80936
G0 F7200 X120.62 Y115.926
G1 F1800 X120.306 Y116.079 E45.81374
G1 X120.306 Y115.623 E45.81946
G1 X120.744 Y115.411 E45.82556
G1 X120.745 Y115.878 E45.83142
G1 X120.62 Y115.926 E45.8331
G0 F7200 X120.441 Y116.013
G0 X120.706 Y115.654
G1 F1500 E39.3331
G0 F7200 X120.644 Y115.653
G0 X120.316 Y113.063
G1 F1500 E45.8331
G0 F7200 X120.62 Y112.926
G1 F1800 X120.306 Y113.079 E45.83748
G1 X120.306 Y112.623 E45.8432
G1 X120.744 Y112.411 E45.8493
G1 X120.745 Y112.878 E45.85516
G1 X120.62 Y112.926 E45.85683
G0 F7200 X120.441 Y113.013
G0 X120.706 Y112.654
G1 F1500 E39.35683
G0 F7200 X120.644 Y112.653
G0 X123.256 Y112.835
G1 F1500 E45.85683
G0 F7200 X123.38 Y112.926
G1 F1800 X123.256 Y112.878 E45.8585
G1 X123.255 Y112.411 E45.86436
G1 X123.694 Y112.623 E45.86793
G1 X123.695 Y113.079 E45.87345
G1 X123.38 Y112.926 E45.87522
G0 F7200 X123.256 Y112.878
G0 X123.256 Y112.81
G0 X123.294 Y112.81
G1 F1500 E39.37522
G0 F7200 X123.357 Y112.81
G0 X123.685 Y110.063
G1 F1500 E45.87522
G0 F7200 X123.38 Y109.926
G1 F1800 X123.256 Y109.878 E45.87689
G1 X123.255 Y109.411 E45.88275
G1 X123.694 Y109.623 E45.88632
G1 X123.695 Y110.079 E45.89184
G1 X123.38 Y109.926 E45.89362
G0 F7200 X123.256 Y109.878
G0 X123.256 Y109.81
G0 X123.294 Y109.81
G1 F1500 E39.39362
G0 F7200 X123.357 Y109.81
G0 X120.729 Y109.867
G1 F1500 E45.89362
G0 F7200 X120.62 Y109.926
G1 F1800 X120.306 Y110.079 E45.898
G1 X120.306 Y109.623 E45.90371
G1 X120.744 Y109.411 E45.90982
G1 X120.745 Y109.878 E45.91567
G1 X120.62 Y109.926 E45.91735
G0 F7200 X120.441 Y110.013
G0 X120.706 Y109.654
G1 F1500 E39.41735
G0 F7200 X120.644 Y109.653
G0 X122.399 Y110.467
G0 X124.542 Y111.431
G0 X127.441 Y109.867
G0 X128.581 Y109.835
G1 F1500 E45.91735
G0 F7200 X128.62 Y109.926
G1 F1800 X128.306 Y110.079 E45.92173
G1 X128.306 Y109.623 E45.92745
G1 X128.744 Y109.411 E45.93355
G1 X128.745 Y109.878 E45.93941
G1 X128.62 Y109.926 E45.94109
G0 F7200 X128.441 Y110.013
G0 X128.706 Y109.654
G1 F1500 E39.44109
G0 F7200 X128.644 Y109.653
G0 X131.256 Y109.862
G1 F1500 E45.94109
G0 F7200 X131.38 Y109.926
G1 F1800 X131.256 Y109.878 E45.94276
G1 X131.255 Y109.411 E45.94861
G1 X131.694 Y109.623 E45.95219
G1 X131.695 Y110.079 E45.9577
G1 X131.38 Y109.926 E45.95948
G0 F7200 X131.256 Y109.878
G0 X131.256 Y109.81
G0 X131.294 Y109.81
G1 F1500 E39.45948
G0 F7200 X131.357 Y109.81
G0 X131.265 Y112.427
G1 F1500 E45.95948
G0 F7200 X131.38 Y112.926
G1 F1800 X131.256 Y112.878 E45.96115
G1 X131.255 Y112.411 E45.967
G1 X131.694 Y112.623 E45.97058
G1 X131.695 Y113.079 E45.97609
G1 X131.38 Y112.926 E45.97787
G0 F7200 X131.256 Y112.878
G0 X131.256 Y112.81
G0 X131.294 Y112.81
G1 F1500 E39.47787
G0 F7200 X131.357 Y112.81
G0 X128.729 Y112.867
G1 F1500 E45.97787
G0 F7200 X128.62 Y112.926
G1 F1800 X128.306 Y113.079 E45.98225
G1 X128.306 Y112.623 E45.98797
G1 X128.744 Y112.411 E45.99407
G1 X128.745 Y112.878 E45.99993
G1 X128.62 Y112.926 E46.00161
G0 F7200 X128.441 Y113.013
G0 X128.706 Y112.654
G1 F1500 E39.50161
G0 F7200 X128.644 Y112.653
G0 X128.734 Y115.427
G1 F1500 E46.00161
G0 F7200 X128.62 Y115.926
G1 F1800 X128.306 Y116.079 E46.00599
G1 X128.306 Y115.623 E46.0117
G1 X128.744 Y115.411 E46.01781
G1 X128.745 Y115.878 E46.02366
G1 X128.62 Y115.926 E46.02534
G0 F7200 X128.441 Y116.013
G0 X128.706 Y115.654
G1 F1500 E39.52534
G0 F7200 X128.644 Y115.653
G0 X131.256 Y115.862
G1 F1500 E46.02534
G0 F7200 X131.38 Y115.926
G1 F1800 X131.256 Y115.878 E46.02701
G1 X131.255 Y115.411 E46.03287
G1 X131.694 Y115.623 E46.03644
G1 X131.695 Y116.079 E46.04196
G1 X131.38 Y115.926 E46.04373
G0 F7200 X131.256 Y115.878
G0 X131.256 Y115.81
G0 X131.294 Y115.81
G1 F1500 E39.54373
G0 F7200 X131.357 Y115.81
G0 X131.265 Y118.427
G1 F1500 E46.04373
G0 F7200 X131.38 Y118.926
G1 F1800 X131.256 Y118.878 E46.0454
G1 X131.255 Y118.411 E46.05126
G1 X131.694 Y118.623 E46.05483
G1 X131.694 Y119.079 E46.06034
G1 X131.38 Y118.926 E46.06211
G0 F7200 X131.256 Y118.878
G0 X131.256 Y118.81
G0 X131.294 Y118.811
G1 F1500 E39.56211
G0 F7200 X131.357 Y118.811
G0 X128.729 Y118.867
G1 F1500 E46.06211
G0 F7200 X128.62 Y118.926
G1 F1800 X128.306 Y119.079 E46.06649
G1 X128.305 Y118.624 E46.0722
G1 X128.744 Y118.411 E46.07832
G1 X128.745 Y118.878 E46.08417
G1 X128.62 Y118.926 E46.08585
G0 F7200 X128.441 Y119.013
G0 X128.706 Y118.654
G1 F1500 E39.58585
G0 F7200 X128.644 Y118.653
G0 X130.399 Y119.467
G0 X132.54 Y120.429
G0 X136.085 Y118.867
G0 X137.65 Y120.63
G1 F1500 E46.08585
G0 F7200 X137.75 Y120.7
G1 F1800 X136.95 Y120.7 E46.09588
G1 X136.95 Y108.3 E46.25138
G1 X137.75 Y108.3 E46.26142
G1 X137.75 Y120.7 E46.41692
G0 F7200 X137.55 Y120.7
G0 X137.309 Y120.338
;TYPE:SKIN
G1 F1800 X137.349 Y120.095 E46.42018
G1 X137.349 Y108.781 E46.57025
G1 X137.449 Y108.599 E46.573
G0 F7200 X137.344 Y108.494
G0 X137.144 Y120.456
G1 F1800 X137.192 Y120.504 E46.57343
G0 F7200 X137.35 Y120.3
G1 F1500 E40.07343
;MESH:NONMESH
G0 F600 X137.35 Y120.3 Z3.2
G0 F7200 X136.97 Y109.835
G0 X132.542 Y111.431
G0 X128.96 Y110.722
G0 X127.46 Y111.429
G0 X124.542 Y111.431
G0 X120.96 Y110.722
G0 X119.46 Y111.429
G0 X116.542 Y111.431
G0 X114.399 Y110.467
G0 X112.729 Y109.867
G1 F1500 E46.57343
G0 F7200 X112.62 Y109.926
;TIME_ELAPSED:337.560463
;LAYER:15
;TYPE:WALL-OUTER
;MESH:output_v2\A_fina_conjunto.stl
G1 F1800 X112.516 Y109.977 E46.57488
G1 X112.516 Y109.521 E46.5806
G1 X112.775 Y109.396 E46.5842
G1 X112.954 Y109.327 E46.58661
G1 X112.955 Y109.798 E46.59252
G1 X112.62 Y109.926 E46.59701
G0 F7200 X112.516 Y109.977
G0 X112.516 Y109.892
G0 X112.747 Y109.448
G1 F1500 E40.09701
G0 F7200 X112.773 Y109.508
G0 X115.062 Y109.787
G1 F1500 E46.59701
G0 F7200 X115.38 Y109.926
G1 F1800 X115.046 Y109.798 E46.6015
G1 X115.045 Y109.327 E46.60741
G1 X115.225 Y109.396 E46.60982
G1 X115.484 Y109.521 E46.61343
G1 X115.485 Y109.977 E46.61915
G1 X115.38 Y109.926 E46.62061
G0 F7200 X115.193 Y109.855
G0 X115.175 Y109.815
G1 F1500 E40.12061
G0 F7200 X115.2 Y109.751
G0 X115.056 Y112.343
G1 F1500 E46.62061
G0 F7200 X115.38 Y112.926
G1 F1800 X115.046 Y112.798 E46.6251
G1 X115.045 Y112.327 E46.631
G1 X115.225 Y112.396 E46.63342
G1 X115.484 Y112.521 E46.63703
G1 X115.485 Y112.977 E46.64275
G1 X115.38 Y112.926 E46.64421
G0 F7200 X115.193 Y112.855
G0 X115.175 Y112.815
G1 F1500 E40.14421
G0 F7200 X115.2 Y112.751
G0 X112.939 Y112.787
G1 F1500 E46.64421
G0 F7200 X112.62 Y112.926
G1 F1800 X112.516 Y112.977 E46.64566
G1 X112.516 Y112.521 E46.65138
G1 X112.775 Y112.396 E46.65499
G1 X112.954 Y112.327 E46.65739
G1 X112.955 Y112.798 E46.6633
G1 X112.62 Y112.926 E46.6678
G0 F7200 X112.516 Y112.977
G0 X112.516 Y112.892
G0 X112.747 Y112.448
G1 F1500 E40.1678
G0 F7200 X112.773 Y112.508
G0 X112.943 Y115.343
G1 F1500 E46.6678
G0 F7200 X112.62 Y115.926
G1 F1800 X112.516 Y115.977 E46.66925
G1 X112.516 Y115.521 E46.67497
G1 X112.775 Y115.396 E46.67857
G1 X112.954 Y115.327 E46.68098
G1 X112.955 Y115.798 E46.68689
G1 X112.62 Y115.926 E46.69138
G0 F7200 X112.516 Y115.977
G0 X112.516 Y115.892
G0 X112.747 Y115.448
G1 F1500 E40.19138
G0 F7200 X112.773 Y115.508
G0 X115.062 Y115.787
G1 F1500 E46.69138
G0 F7200 X115.38 Y115.926
G1 F1800 X115.046 Y115.798 E46.69587
G1 X115.045 Y115.327 E46.70178
G1 X115.225 Y115.396 E46.70419
G1 X115.484 Y115.521 E46.7078
G1 X115.485 Y115.977 E46.71352
G1 X115.38 Y115.926 E46.71498
G0 F7200 X115.193 Y115.855
G0 X115.175 Y115.815
G1 F1500 E40.21498
G0 F7200 X115.2 Y115.751
G0 X115.056 Y118.343
G1 F1500 E46.71498
G0 F7200 X115.38 Y118.926
G1 F1800 X115.046 Y118.798 E46.71947
G1 X115.045 Y118.327 E46.72537
G1 X115.225 Y118.396 E46.72779
G1 X115.484 Y118.521 E46.7314
G1 X115.484 Y118.977 E46.73712
G1 X115.38 Y118.926 E46.73857
G0 F7200 X115.193 Y118.855
G0 X115.175 Y118.815
G1 F1500 E40.23857
G0 F7200 X115.2 Y118.751
G0 X112.939 Y118.787
G1 F1500 E46.73857
G0 F7200 X112.62 Y118.926
G1 F1800 X112.516 Y118.977 E46.74002
G1 X112.515 Y118.522 E46.74573
G1 X112.775 Y118.396 E46.74935
G1 X112.954 Y118.327 E46.75176
G1 X112.955 Y118.798 E46.75766
G1 X112.62 Y118.926 E46.76216
G0 F7200 X112.516 Y118.977
G0 X112.516 Y118.892
G0 X112.747 Y118.449
G1 F1500 E40.26216
G0 F7200 X112.774 Y118.508
G0 X111.651 Y118.961
G0 X110.333 Y119.412
G0 X109.368 Y119.829
G1 F1500 E46.76216
G0 F7200 X109.469 Y119.9
G1 F1800 X109.063 Y119.9 E46.76725
G1 X109.063 Y119.4 E46.77352
G1 X109.468 Y119.4 E46.7786
G1 X109.469 Y119.9 E46.78487
G0 F7200 X109.269 Y119.9
G0 X109.269 Y119.8
G1 F1500 E40.28487
G0 F7200 X107.03 Y119.886
G1 F1500 E46.78487
G0 F7200 X107.05 Y120.7
G1 F1800 X106.25 Y120.7 E46.7949
G1 X106.25 Y108.3 E46.9504
G1 X107.05 Y108.3 E46.96044
G1 X107.05 Y120.7 E47.11594
G0 F7200 X106.85 Y120.7
G0 X106.736 Y120.386
;TYPE:SKIN
G1 F1800 X106.649 Y120.189 E47.11877
G1 X106.649 Y108.876 E47.26765
G1 X106.597 Y108.646 E47.27076
G0 F7200 X106.65 Y108.7
G1 F1500 E40.77076
G0 F7200 X107.03 Y118.836
G0 X108.21 Y118.547
G0 X110.32 Y118.547
G0 X111.671 Y120.326
G0 X116.33 Y120.326
G0 X119.651 Y118.808
G1 F1500 E47.27076
G0 F7200 X120.62 Y118.926
;TYPE:WALL-OUTER
G1 F1800 X120.516 Y118.977 E47.27221
G1 X120.515 Y118.522 E47.27792
G1 X120.775 Y118.396 E47.28154
G1 X120.954 Y118.327 E47.28394
G1 X120.955 Y118.798 E47.28985
G1 X120.62 Y118.926 E47.29435
G0 F7200 X120.516 Y118.977
G0 X120.516 Y118.892
G0 X120.747 Y118.449
G1 F1500 E40.79435
G0 F7200 X120.774 Y118.508
G0 X123.062 Y118.787
G1 F1500 E47.29435
G0 F7200 X123.38 Y118.926
G1 F1800 X123.046 Y118.798 E47.29883
G1 X123.045 Y118.327 E47.30474
G1 X123.225 Y118.396 E47.30716
G1 X123.484 Y118.521 E47.31076
G1 X123.484 Y118.977 E47.31648
G1 X123.38 Y118.926 E47.31794
G0 F7200 X123.193 Y118.855
G0 X123.175 Y118.815
G1 F1500 E40.81794
G0 F7200 X123.2 Y118.751
G0 X123.475 Y115.961
G1 F1500 E47.31794
G0 F7200 X123.38 Y115.926
G1 F1800 X123.046 Y115.798 E47.32242
G1 X123.045 Y115.327 E47.32833
G1 X123.225 Y115.396 E47.33074
G1 X123.484 Y115.521 E47.33435
G1 X123.485 Y115.977 E47.34007
G1 X123.38 Y115.926 E47.34153
G0 F7200 X123.193 Y115.855
G0 X123.175 Y115.815
G1 F1500 E40.84153
G0 F7200 X123.2 Y115.751
G0 X120.939 Y115.787
G1 F1500 E47.34153
G0 F7200 X120.62 Y115.926
G1 F1800 X120.516 Y115.977 E47.34299
G1 X120.516 Y115.521 E47.3487
G1 X120.775 Y115.396 E47.35231
G1 X120.954 Y115.327 E47.35472
G1 X120.955 Y115.798 E47.36062
G1 X120.62 Y115.926 E47.36512
G0 F7200 X120.516 Y115.977
G0 X120.516 Y115.892
G0 X120.747 Y115.448
G1 F1500 E40.86512
G0 F7200 X120.773 Y115.508
G0 X120.526 Y112.96
G1 F1500 E47.36512
G0 F7200 X120.62 Y112.926
G1 F1800 X120.516 Y112.977 E47.36657
G1 X120.516 Y112.521 E47.37229
G1 X120.775 Y112.396 E47.3759
G1 X120.954 Y112.327 E47.3783
G1 X120.955 Y112.798 E47.38421
G1 X120.62 Y112.926 E47.38871
G0 F7200 X120.516 Y112.977
G0 X120.516 Y112.892
G0 X120.747 Y112.448
G1 F1500 E40.88871
G0 F7200 X120.773 Y112.508
G0 X123.062 Y112.787
G1 F1500 E47.38871
G0 F7200 X123.38 Y112.926
G1 F1800 X123.046 Y112.798 E47.39319
G1 X123.045 Y112.327 E47.3991
G1 X123.225 Y112.396 E47.40152
G1 X123.484 Y112.521 E47.40512
G1 X123.485 Y112.977 E47.41084
G1 X123.38 Y112.926 E47.41231
G0 F7200 X123.193 Y112.855
G0 X123.175 Y112.815
G1 F1500 E40.91231
G0 F7200 X123.2 Y112.751
G0 X123.475 Y109.961
G1 F1500 E47.41231
G0 F7200 X123.38 Y109.926
G1 F1800 X123.046 Y109.798 E47.41679
G1 X123.045 Y109.327 E47.4227
G1 X123.225 Y109.396 E47.42511
G1 X123.484 Y109.521 E47.42872
G1 X123.485 Y109.977 E47.43444
G1 X123.38 Y109.926 E47.4359
G0 F7200 X123.193 Y109.855
G0 X123.175 Y109.815
G1 F1500 E40.9359
G0 F7200 X123.2 Y109.751
G0 X120.939 Y109.787
G1 F1500 E47.4359
G0 F7200 X120.62 Y109.926
G1 F1800 X120.516 Y109.977 E47.43736
G1 X120.516 Y109.521 E47.44307
G1 X120.775 Y109.396 E47.44668
G1 X120.954 Y109.327 E47.44909
G1 X120.955 Y109.798 E47.45499
G1 X120.62 Y109.926 E47.45949
G0 F7200 X120.516 Y109.977
G0 X120.516 Y109.892
G0 X120.747 Y109.448
G1 F1500 E40.95949
G0 F7200 X120.773 Y109.508
G0 X121.82 Y109.785
G0 X124.332 Y111.329
G0 X127.651 Y109.787
G1 F1500 E47.45949
G0 F7200 X128.62 Y109.926
G1 F1800 X128.516 Y109.977 E47.46094
G1 X128.516 Y109.521 E47.46666
G1 X128.775 Y109.396 E47.47027
G1 X128.954 Y109.327 E47.47267
G1 X128.955 Y109.798 E47.47858
G1 X128.62 Y109.926 E47.48308
G0 F7200 X128.516 Y109.977
G0 X128.516 Y109.892
G0 X128.747 Y109.448
G1 F1500 E40.98308
G0 F7200 X128.773 Y109.508
G0 X131.062 Y109.787
G1 F1500 E47.48308
G0 F7200 X131.38 Y109.926
G1 F1800 X131.046 Y109.798 E47.48756
G1 X131.045 Y109.327 E47.49347
G1 X131.225 Y109.396 E47.49589
G1 X131.484 Y109.521 E47.49949
G1 X131.485 Y109.977 E47.50521
G1 X131.38 Y109.926 E47.50668
G0 F7200 X131.193 Y109.855
G0 X131.175 Y109.815
G1 F1500 E41.00668
G0 F7200 X131.2 Y109.751
G0 X131.056 Y112.343
G1 F1500 E47.50668
G0 F7200 X131.38 Y112.926
G1 F1800 X131.046 Y112.798 E47.51116
G1 X131.045 Y112.327 E47.51707
G1 X131.225 Y112.396 E47.51948
G1 X131.484 Y112.521 E47.52309
G1 X131.485 Y112.977 E47.52881
G1 X131.38 Y112.926 E47.53027
G0 F7200 X131.193 Y112.855
G0 X131.175 Y112.815
G1 F1500 E41.03027
G0 F7200 X131.2 Y112.751
G0 X128.939 Y112.787
G1 F1500 E47.53027
G0 F7200 X128.62 Y112.926
G1 F1800 X128.516 Y112.977 E47.53173
G1 X128.516 Y112.521 E47.53744
G1 X128.775 Y112.396 E47.54105
G1 X128.954 Y112.327 E47.54346
G1 X128.955 Y112.798 E47.54936
G1 X128.62 Y112.926 E47.55386
G0 F7200 X128.516 Y112.977
G0 X128.516 Y112.892
G0 X128.747 Y112.448
G1 F1500 E41.05386
G0 F7200 X128.773 Y112.508
G0 X128.943 Y115.343
G1 F1500 E47.55386
G0 F7200 X128.62 Y115.926
G1 F1800 X128.516 Y115.977 E47.55531
G1 X128.516 Y115.521 E47.56103
G1 X128.775 Y115.396 E47.56464
G1 X128.954 Y115.327 E47.56704
G1 X128.955 Y115.798 E47.57295
G1 X128.62 Y115.926 E47.57745
G0 F7200 X128.516 Y115.977
G0 X128.516 Y115.892
G0 X128.747 Y115.448
G1 F1500 E41.07745
G0 F7200 X128.773 Y115.508
G0 X131.062 Y115.787
G1 F1500 E47.57745
G0 F7200 X131.38 Y115.926
G1 F1800 X131.046 Y115.798 E47.58193
G1 X131.045 Y115.327 E47.58784
G1 X131.225 Y115.396 E47.59026
G1 X131.484 Y115.521 E47.59386
G1 X131.485 Y115.977 E47.59958
G1 X131.38 Y115.926 E47.60105
G0 F7200 X131.193 Y115.855
G0 X131.175 Y115.815
G1 F1500 E41.10105
G0 F7200 X131.2 Y115.751
G0 X131.056 Y118.343
G1 F1500 E47.60105
G0 F7200 X131.38 Y118.926
G1 F1800 X131.046 Y118.798 E47.60553
G1 X131.045 Y118.327 E47.61144
G1 X131.225 Y118.396 E47.61386
G1 X131.484 Y118.521 E47.61746
G1 X131.484 Y118.977 E47.62318
G1 X131.38 Y118.926 E47.62463
G0 F7200 X131.193 Y118.855
G0 X131.175 Y118.815
G1 F1500 E41.12463
G0 F7200 X131.2 Y118.751
G0 X128.939 Y118.787
G1 F1500 E47.62463
G0 F7200 X128.62 Y118.926
G1 F1800 X128.516 Y118.977 E47.62609
G1 X128.515 Y118.522 E47.63179
G1 X128.775 Y118.396 E47.63541
G1 X128.954 Y118.327 E47.63782
G1 X128.955 Y118.798 E47.64373
G1 X128.62 Y118.926 E47.64822
G0 F7200 X128.516 Y118.977
G0 X128.516 Y118.892
G0 X128.747 Y118.449
G1 F1500 E41.14822
G0 F7200 X128.774 Y118.508
G0 X129.82 Y118.785
G0 X132.33 Y120.326
G0 X136.085 Y118.787
G0 X137.65 Y120.63
G1 F1500 E47.64822
G0 F7200 X137.75 Y120.7
G1 F1800 X136.95 Y120.7 E47.65826
G1 X136.95 Y108.3 E47.81376
G1 X137.75 Y108.3 E47.82379
G1 X137.75 Y120.7 E47.97929
G0 F7200 X137.55 Y120.7
G0 X137.5 Y120.451
;TYPE:SKIN
G1 F1800 X137.359 Y120.31 E47.98186
G1 X137.349 Y114.945 E48.05109
G1 X137.349 Y108.723 E48.13138
G1 X137.219 Y108.569 E48.13398
G0 F7200 X137.35 Y108.7
G1 F1500 E41.63398
;MESH:NONMESH
G0 F600 X137.35 Y108.7 Z3.4
G0 F7200 X136.97 Y109.734
G0 X132.332 Y111.329
G0 X128.958 Y110.722
G0 X127.67 Y111.326
G0 X124.332 Y111.329
G0 X120.958 Y110.722
G0 X119.67 Y111.326
G0 X116.332 Y111.329
G0 X114.191 Y110.45
G0 X112.939 Y109.787
G1 F1500 E48.13398
G0 F7200 X113.038 Y109.766
;TIME_ELAPSED:359.104629
;LAYER:16
;TYPE:WALL-OUTER
;MESH:output_v2\A_fina_conjunto.stl
G1 F1800 X112.725 Y109.886 E48.13819
G1 X112.725 Y109.42 E48.14403
G1 X112.772 Y109.397 E48.14469
G1 X113.164 Y109.246 E48.14995
G1 X113.165 Y109.731 E48.15604
G1 X113.038 Y109.766 E48.15769
G0 F7200 X112.852 Y109.837
G0 X112.969 Y109.575
;TYPE:SKIN
G1 F1800 X112.936 Y109.542 E48.15798
G0 F7200 X112.881 Y109.398
G1 F1500 E41.65798
G0 F7200 X112.9 Y109.455
G0 X114.836 Y109.671
G1 F1500 E48.15798
G0 F7200 X114.962 Y109.766
;TYPE:WALL-OUTER
G1 F1800 X114.836 Y109.732 E48.15962
G1 X114.835 Y109.246 E48.16571
G1 X115.228 Y109.397 E48.1686
G1 X115.275 Y109.42 E48.16925
G1 X115.276 Y109.886 E48.1751
G1 X114.962 Y109.766 E48.17677
G0 F7200 X114.836 Y109.732
G0 X114.836 Y109.662
G0 X114.875 Y109.662
G1 F1500 E41.67677
G0 F7200 X114.938 Y109.657
G0 X114.846 Y112.262
G1 F1500 E48.17677
G0 F7200 X114.962 Y112.766
G1 F1800 X114.836 Y112.732 E48.17841
G1 X114.835 Y112.246 E48.1845
G1 X115.228 Y112.397 E48.18739
G1 X115.275 Y112.42 E48.18804
G1 X115.276 Y112.886 E48.19389
G1 X114.962 Y112.766 E48.19556
G0 F7200 X114.836 Y112.732
G0 X114.836 Y112.662
G0 X114.875 Y112.662
G1 F1500 E41.69556
G0 F7200 X114.938 Y112.657
G0 X113.164 Y112.671
G1 F1500 E48.19556
G0 F7200 X113.038 Y112.766
G1 F1800 X112.725 Y112.886 E48.19977
G1 X112.725 Y112.42 E48.20561
G1 X112.772 Y112.397 E48.20627
G1 X113.164 Y112.246 E48.21154
G1 X113.165 Y112.731 E48.21762
G1 X113.038 Y112.766 E48.21927
G0 F7200 X112.852 Y112.837
G0 X113.125 Y112.464
G1 F1500 E41.71927
G0 F7200 X113.064 Y112.463
G0 X113.153 Y115.262
G1 F1500 E48.21927
G0 F7200 X113.038 Y115.766
G1 F1800 X112.725 Y115.886 E48.22347
G1 X112.725 Y115.42 E48.22932
G1 X112.772 Y115.397 E48.22997
G1 X113.164 Y115.246 E48.23524
G1 X113.165 Y115.731 E48.24132
G1 X113.038 Y115.766 E48.24298
G0 F7200 X112.852 Y115.837
G0 X113.125 Y115.464
G1 F1500 E41.74298
G0 F7200 X113.064 Y115.463
G0 X114.836 Y115.671
G1 F1500 E48.24298
G0 F7200 X114.962 Y115.766
G1 F1800 X114.836 Y115.732 E48.24461
G1 X114.835 Y115.246 E48.25071
G1 X115.228 Y115.397 E48.25359
G1 X115.275 Y115.42 E48.25425
G1 X115.276 Y115.886 E48.26009
G1 X114.962 Y115.766 E48.26177
G0 F7200 X114.836 Y115.732
G0 X114.836 Y115.662
G0 X114.875 Y115.662
G1 F1500 E41.76177
G0 F7200 X114.938 Y115.657
G0 X114.846 Y118.262
G1 F1500 E48.26177
G0 F7200 X114.962 Y118.766
G1 F1800 X114.836 Y118.732 E48.2634
G1 X114.835 Y118.246 E48.2695
G1 X115.228 Y118.397 E48.27238
G1 X115.275 Y118.42 E48.27304
G1 X115.275 Y118.886 E48.27888
G1 X114.962 Y118.766 E48.28055
G0 F7200 X114.836 Y118.732
G0 X114.836 Y118.662
G0 X114.875 Y118.663
G1 F1500 E41.78055
G0 F7200 X114.939 Y118.657
G0 X113.164 Y118.671
G1 F1500 E48.28055
G0 F7200 X113.038 Y118.766
G1 F1800 X112.725 Y118.886 E48.28475
G1 X112.724 Y118.42 E48.2906
G1 X112.774 Y118.396 E48.29129
G1 X113.164 Y118.246 E48.29653
G1 X113.165 Y118.731 E48.30262
G1 X113.038 Y118.766 E48.30427
G0 F7200 X112.852 Y118.837
G0 X113.125 Y118.464
G1 F1500 E41.80427
G0 F7200 X113.064 Y118.463
G0 X111.86 Y118.871
G0 X110.319 Y119.412
G0 X109.354 Y119.829
G1 F1500 E48.30427
G0 F7200 X109.455 Y119.9
G1 F1800 X109.049 Y119.9 E48.30936
G1 X109.049 Y119.4 E48.31563
G1 X109.454 Y119.4 E48.32071
G1 X109.455 Y119.9 E48.32698
G0 F7200 X109.255 Y119.9
G0 X109.255 Y119.8
G1 F1500 E41.82698
G0 F7200 X107.03 Y119.886
G1 F1500 E48.32698
G0 F7200 X107.05 Y120.7
G1 F1800 X106.25 Y120.7 E48.33701
G1 X106.25 Y108.3 E48.49251
G1 X107.05 Y108.3 E48.50254
G1 X107.05 Y120.7 E48.65804
G0 F7200 X106.85 Y120.7
G0 X106.65 Y120.226
;TYPE:SKIN
G1 F1800 X106.65 Y119.943 E48.66178
G1 X106.65 Y108.912 E48.80758
G1 X106.826 Y108.523 E48.81322
G0 F7200 X106.797 Y108.494
G0 X106.445 Y120.304
G1 F1800 X106.644 Y120.503 E48.81498
G0 F7200 X106.65 Y120.3
G1 F1500 E42.31498
G0 F7200 X107.03 Y118.671
G0 X108.196 Y118.547
G0 X114.012 Y117.139
G0 X119.86 Y118.643
G0 X121.007 Y118.671
G1 F1500 E48.81498
G0 F7200 X121.038 Y118.766
;TYPE:WALL-OUTER
G1 F1800 X120.725 Y118.886 E48.81919
G1 X120.724 Y118.42 E48.82503
G1 X120.774 Y118.396 E48.82573
G1 X121.164 Y118.246 E48.83097
G1 X121.165 Y118.731 E48.83705
G1 X121.038 Y118.766 E48.8387
G0 F7200 X120.852 Y118.837
G0 X121.125 Y118.464
G1 F1500 E42.3387
G0 F7200 X121.064 Y118.463
G0 X122.836 Y118.671
G1 F1500 E48.8387
G0 F7200 X122.962 Y118.766
G1 F1800 X122.836 Y118.732 E48.84034
G1 X122.835 Y118.246 E48.84643
G1 X123.228 Y118.397 E48.84932
G1 X123.275 Y118.42 E48.84997
G1 X123.275 Y118.886 E48.85582
G1 X122.962 Y118.766 E48.85748
G0 F7200 X122.836 Y118.732
G0 X122.836 Y118.662
G0 X122.875 Y118.663
G1 F1500 E42.35748
G0 F7200 X122.939 Y118.657
G0 X123.265 Y115.87
G1 F1500 E48.85748
G0 F7200 X122.962 Y115.766
G1 F1800 X122.836 Y115.732 E48.85912
G1 X122.835 Y115.246 E48.86521
G1 X123.228 Y115.397 E48.8681
G1 X123.275 Y115.42 E48.86875
G1 X123.276 Y115.886 E48.8746
G1 X122.962 Y115.766 E48.87627
G0 F7200 X122.836 Y115.732
G0 X122.836 Y115.662
G0 X122.875 Y115.662
G1 F1500 E42.37627
G0 F7200 X122.938 Y115.657
G0 X121.164 Y115.671
G1 F1500 E48.87627
G0 F7200 X121.038 Y115.766
G1 F1800 X120.725 Y115.886 E48.88048
G1 X120.725 Y115.42 E48.88632
G1 X120.772 Y115.397 E48.88698
G1 X121.164 Y115.246 E48.89225
G1 X121.165 Y115.731 E48.89833
G1 X121.038 Y115.766 E48.89998
G0 F7200 X120.852 Y115.837
G0 X120.96 Y115.586
;TYPE:SKIN
G1 F1800 X120.922 Y115.548 E48.90032
G0 F7200 X120.866 Y115.404
G1 F1500 E42.40032
G0 F7200 X120.885 Y115.46
G0 X120.736 Y112.87
G1 F1500 E48.90032
G0 F7200 X121.038 Y112.766
;TYPE:WALL-OUTER
G1 F1800 X120.725 Y112.886 E48.90452
G1 X120.725 Y112.42 E48.91036
G1 X120.772 Y112.397 E48.91102
G1 X121.164 Y112.246 E48.91629
G1 X121.165 Y112.731 E48.92237
G1 X121.038 Y112.766 E48.92402
G0 F7200 X120.852 Y112.837
G0 X121.125 Y112.464
G1 F1500 E42.42402
G0 F7200 X121.064 Y112.463
G0 X122.836 Y112.671
G1 F1500 E48.92402
G0 F7200 X122.962 Y112.766
G1 F1800 X122.836 Y112.732 E48.92566
G1 X122.835 Y112.246 E48.93175
G1 X123.228 Y112.397 E48.93464
G1 X123.275 Y112.42 E48.9353
G1 X123.276 Y112.886 E48.94114
G1 X122.962 Y112.766 E48.94281
G0 F7200 X122.836 Y112.732
G0 X122.836 Y112.662
G0 X123.03 Y112.565
;TYPE:SKIN
G1 F1800 X123.06 Y112.595 E48.94308
G0 F7200 X123.004 Y112.739
G1 F1500 E42.44308
G0 F7200 X123.025 Y112.684
G0 X123.265 Y109.87
G1 F1500 E48.94308
G0 F7200 X122.962 Y109.766
;TYPE:WALL-OUTER
G1 F1800 X122.836 Y109.732 E48.94472
G1 X122.835 Y109.246 E48.95081
G1 X123.228 Y109.397 E48.9537
G1 X123.275 Y109.42 E48.95435
G1 X123.276 Y109.886 E48.9602
G1 X122.962 Y109.766 E48.96187
G0 F7200 X122.836 Y109.732
G0 X122.836 Y109.662
G0 X122.875 Y109.662
G1 F1500 E42.46187
G0 F7200 X122.938 Y109.657
G0 X121.164 Y109.671
G1 F1500 E48.96187
G0 F7200 X121.038 Y109.766
G1 F1800 X120.725 Y109.886 E48.96608
G1 X120.725 Y109.42 E48.97192
G1 X120.772 Y109.397 E48.97258
G1 X121.164 Y109.246 E48.97784
G1 X121.165 Y109.731 E48.98393
G1 X121.038 Y109.766 E48.98558
G0 F7200 X120.852 Y109.837
G0 X121.125 Y109.464
G1 F1500 E42.48558
G0 F7200 X121.064 Y109.463
G0 X127.86 Y109.687
G0 X129.007 Y109.671
G1 F1500 E48.98558
G0 F7200 X129.038 Y109.766
G1 F1800 X128.725 Y109.886 E48.98978
G1 X128.725 Y109.42 E48.99563
G1 X128.772 Y109.397 E48.99628
G1 X129.164 Y109.246 E49.00155
G1 X129.165 Y109.731 E49.00763
G1 X129.038 Y109.766 E49.00928
G0 F7200 X128.852 Y109.837
G0 X129.125 Y109.464
G1 F1500 E42.50928
G0 F7200 X129.064 Y109.463
G0 X130.836 Y109.671
G1 F1500 E49.00928
G0 F7200 X130.962 Y109.766
G1 F1800 X130.836 Y109.732 E49.01092
G1 X130.835 Y109.246 E49.01702
G1 X131.228 Y109.397 E49.0199
G1 X131.275 Y109.42 E49.02056
G1 X131.276 Y109.886 E49.0264
G1 X130.962 Y109.766 E49.02808
G0 F7200 X130.836 Y109.732
G0 X130.836 Y109.662
G0 X131.029 Y109.533
;TYPE:SKIN
G1 F1800 X131.079 Y109.583 E49.02852
G0 F7200 X131.236 Y109.583
G1 F1500 E42.52852
G0 F7200 X131.175 Y109.582
G0 X130.846 Y112.262
G1 F1500 E49.02852
G0 F7200 X130.962 Y112.766
;TYPE:WALL-OUTER
G1 F1800 X130.836 Y112.732 E49.03016
G1 X130.835 Y112.246 E49.03625
G1 X131.228 Y112.397 E49.03913
G1 X131.275 Y112.42 E49.03979
G1 X131.276 Y112.886 E49.04563
G1 X130.962 Y112.766 E49.04731
G0 F7200 X130.836 Y112.732
G0 X130.836 Y112.662
G0 X130.875 Y112.662
G1 F1500 E42.54731
G0 F7200 X130.938 Y112.657
G0 X129.164 Y112.671
G1 F1500 E49.04731
G0 F7200 X129.038 Y112.766
G1 F1800 X128.725 Y112.886 E49.05151
G1 X128.725 Y112.42 E49.05736
G1 X128.772 Y112.397 E49.05801
G1 X129.164 Y112.246 E49.06328
G1 X129.165 Y112.731 E49.06936
G1 X129.038 Y112.766 E49.07102
G0 F7200 X128.852 Y112.837
G0 X129.125 Y112.464
G1 F1500 E42.57102
G0 F7200 X129.064 Y112.463
G0 X129.153 Y115.262
G1 F1500 E49.07102
G0 F7200 X129.038 Y115.766
G1 F1800 X128.725 Y115.886 E49.07522
G1 X128.725 Y115.42 E49.08106
G1 X128.772 Y115.397 E49.08172
G1 X129.164 Y115.246 E49.08699
G1 X129.165 Y115.731 E49.09307
G1 X129.038 Y115.766 E49.09472
G0 F7200 X128.852 Y115.837
G0 X129.125 Y115.464
G1 F1500 E42.59472
G0 F7200 X129.064 Y115.463
G0 X130.836 Y115.671
G1 F1500 E49.09472
G0 F7200 X130.962 Y115.766
G1 F1800 X130.836 Y115.732 E49.09636
G1 X130.835 Y115.246 E49.10245
G1 X131.228 Y115.397 E49.10534
G1 X131.275 Y115.42 E49.10599
G1 X131.276 Y115.886 E49.11184
G1 X130.962 Y115.766 E49.11351
G0 F7200 X130.836 Y115.732
G0 X130.836 Y115.662
G0 X130.875 Y115.662
G1 F1500 E42.61351
G0 F7200 X130.938 Y115.657
G0 X130.846 Y118.262
G1 F1500 E49.11351
G0 F7200 X130.962 Y118.766
G1 F1800 X130.836 Y118.732 E49.11515
G1 X130.835 Y118.246 E49.12125
G1 X131.228 Y118.397 E49.12413
G1 X131.275 Y118.42 E49.12479
G1 X131.275 Y118.886 E49.13063
G1 X130.962 Y118.766 E49.1323
G0 F7200 X130.836 Y118.732
G0 X130.836 Y118.662
G0 X130.875 Y118.663
G1 F1500 E42.6323
G0 F7200 X130.939 Y118.657
G0 X129.164 Y118.671
G1 F1500 E49.1323
G0 F7200 X129.038 Y118.766
G1 F1800 X128.725 Y118.886 E49.1365
G1 X128.724 Y118.42 E49.14234
G1 X128.774 Y118.396 E49.14304
G1 X129.164 Y118.246 E49.14828
G1 X129.165 Y118.731 E49.15436
G1 X129.038 Y118.766 E49.15601
G0 F7200 X128.852 Y118.837
G0 X129.125 Y118.464
G1 F1500 E42.65601
G0 F7200 X129.064 Y118.463
G0 X136.085 Y118.719
G0 X137.65 Y120.63
G1 F1500 E49.15601
G0 F7200 X137.75 Y120.7
G1 F1800 X136.95 Y120.7 E49.16605
G1 X136.95 Y108.3 E49.32155
G1 X137.75 Y108.3 E49.33158
G1 X137.75 Y120.7 E49.48708
G0 F7200 X137.55 Y120.7
G0 X137.309 Y120.338
;TYPE:SKIN
G1 F1800 X137.349 Y120.095 E49.49035
G1 X137.349 Y108.781 E49.64041
G1 X137.449 Y108.599 E49.64316
G0 F7200 X137.344 Y108.494
G0 X137.144 Y120.456
G1 F1800 X137.192 Y120.504 E49.64359
G0 F7200 X137.35 Y120.3
G1 F1500 E43.14359
;MESH:NONMESH
G0 F600 X137.35 Y120.3 Z3.6
G0 F7200 X136.97 Y109.671
G0 X132.123 Y111.224
G0 X128.957 Y110.722
G0 X127.879 Y111.22
G0 X124.123 Y111.224
G0 X120.957 Y110.722
G0 X119.879 Y111.22
G0 X119.859 Y109.704
G0 X114.03 Y109.717
G0 X113.007 Y109.671
G1 F1500 E49.64359
G0 F7200 X113.038 Y109.766
;TIME_ELAPSED:380.835929
;LAYER:17
;TYPE:WALL-OUTER
;MESH:output_v2\A_fina_conjunto.stl
G1 F1800 X112.935 Y109.805 E49.64497
G1 X112.935 Y109.334 E49.65088
G1 X113.166 Y109.245 E49.65398
G1 X113.383 Y109.187 E49.6568
G1 X113.384 Y109.673 E49.66289
G1 X113.038 Y109.766 E49.66739
G0 F7200 X112.935 Y109.805
G0 X112.935 Y109.715
G0 X113.225 Y109.302
G1 F1500 E43.16739
G0 F7200 X113.23 Y109.331
G0 X114.617 Y109.67
G1 F1500 E49.66739
G0 F7200 X114.962 Y109.765
G1 F1800 X114.617 Y109.675 E49.67186
G1 X114.616 Y109.187 E49.67798
G1 X114.834 Y109.245 E49.68081
G1 X115.065 Y109.334 E49.68391
G1 X115.066 Y109.805 E49.68982
G1 X114.962 Y109.765 E49.69121
G0 F7200 X114.769 Y109.715
G0 X114.75 Y109.642
G1 F1500 E43.19121
G0 F7200 X114.76 Y109.61
G0 X114.629 Y112.202
G1 F1500 E49.69121
G0 F7200 X114.962 Y112.766
G1 F1800 X114.617 Y112.673 E49.6957
G1 X114.617 Y112.187 E49.70179
G1 X114.834 Y112.245 E49.70461
G1 X115.065 Y112.334 E49.70771
G1 X115.065 Y112.805 E49.71362
G1 X114.962 Y112.766 E49.715
G0 F7200 X114.769 Y112.714
G0 X114.752 Y112.643
G1 F1500 E43.215
G0 F7200 X114.762 Y112.609
G0 X113.369 Y112.661
G1 F1500 E49.715
G0 F7200 X113.038 Y112.766
G1 F1800 X112.935 Y112.805 E49.71638
G1 X112.935 Y112.334 E49.72229
G1 X113.166 Y112.245 E49.72539
G1 X113.383 Y112.187 E49.72821
G1 X113.384 Y112.673 E49.7343
G1 X113.038 Y112.766 E49.7388
G0 F7200 X112.935 Y112.805
G0 X112.935 Y112.715
G0 X113.225 Y112.302
G1 F1500 E43.2388
G0 F7200 X113.23 Y112.331
G0 X113.371 Y115.202
G1 F1500 E49.7388
G0 F7200 X113.038 Y115.766
G1 F1800 X112.935 Y115.805 E49.74018
G1 X112.935 Y115.334 E49.74608
G1 X113.166 Y115.245 E49.74919
G1 X113.383 Y115.187 E49.752
G1 X113.384 Y115.673 E49.7581
G1 X113.038 Y115.766 E49.76259
G0 F7200 X112.935 Y115.805
G0 X112.935 Y115.715
G0 X113.225 Y115.302
G1 F1500 E43.26259
G0 F7200 X113.23 Y115.331
G0 X114.617 Y115.659
G1 F1500 E49.76259
G0 F7200 X114.962 Y115.765
G1 F1800 X114.617 Y115.675 E49.76706
G1 X114.616 Y115.187 E49.77318
G1 X114.834 Y115.245 E49.77601
G1 X115.065 Y115.334 E49.77912
G1 X115.066 Y115.805 E49.78502
G1 X114.962 Y115.765 E49.78642
G0 F7200 X114.769 Y115.715
G0 X114.75 Y115.642
G1 F1500 E43.28642
G0 F7200 X114.76 Y115.61
G0 X114.629 Y118.202
G1 F1500 E49.78642
G0 F7200 X114.962 Y118.766
G1 F1800 X114.617 Y118.673 E49.7909
G1 X114.617 Y118.187 E49.797
G1 X114.834 Y118.245 E49.79981
G1 X115.065 Y118.334 E49.80292
G1 X115.066 Y118.806 E49.80884
G1 X114.962 Y118.766 E49.81023
G0 F7200 X114.769 Y118.714
G0 X114.819 Y118.525
;TYPE:SKIN
G1 F1800 X114.869 Y118.475 E49.81068
G0 F7200 X115.017 Y118.474
G1 F1500 E43.31068
G0 F7200 X114.965 Y118.473
G0 X113.369 Y118.661
G1 F1500 E49.81068
G0 F7200 X113.038 Y118.766
;TYPE:WALL-OUTER
G1 F1800 X112.935 Y118.805 E49.81206
G1 X112.935 Y118.334 E49.81796
G1 X113.166 Y118.245 E49.82107
G1 X113.383 Y118.187 E49.82389
G1 X113.384 Y118.673 E49.82998
G1 X113.038 Y118.766 E49.83447
G0 F7200 X112.935 Y118.805
G0 X112.935 Y118.715
G0 X113.13 Y118.518
;TYPE:SKIN
G1 F1800 X113.188 Y118.459 E49.83499
G0 F7200 X113.335 Y118.458
G1 F1500 E43.33499
G0 F7200 X113.283 Y118.457
G0 X112.07 Y118.789
G0 X110.305 Y119.412
G0 X109.34 Y119.829
G1 F1500 E49.83499
G0 F7200 X109.441 Y119.9
;TYPE:WALL-OUTER
G1 F1800 X109.037 Y119.9 E49.84006
G1 X109.037 Y119.4 E49.84633
G1 X109.44 Y119.4 E49.85138
G1 X109.441 Y119.9 E49.85765
G0 F7200 X109.241 Y119.9
G0 X109.241 Y119.8
G1 F1500 E43.35765
G0 F7200 X107.03 Y119.886
G1 F1500 E49.85765
G0 F7200 X107.05 Y120.7
G1 F1800 X106.25 Y120.7 E49.86768
G1 X106.25 Y108.3 E50.02319
G1 X107.05 Y108.3 E50.03322
G1 X107.05 Y120.7 E50.18872
G0 F7200 X106.85 Y120.7
G0 X106.736 Y120.386
;TYPE:SKIN
G1 F1800 X106.649 Y120.189 E50.19155
G1 X106.649 Y108.876 E50.34043
G1 X106.597 Y108.646 E50.34354
G0 F7200 X106.65 Y108.7
G1 F1500 E43.84354
G0 F7200 X107.03 Y118.671
G0 X108.184 Y118.547
G0 X113.767 Y117.175
G0 X120.07 Y118.671
G1 F1500 E50.34354
G0 F7200 X121.038 Y118.766
;TYPE:WALL-OUTER
G1 F1800 X120.935 Y118.805 E50.34492
G1 X120.935 Y118.334 E50.35083
G1 X121.166 Y118.245 E50.35393
G1 X121.383 Y118.187 E50.35675
G1 X121.384 Y118.673 E50.36284
G1 X121.038 Y118.766 E50.36733
G0 F7200 X120.935 Y118.805
G0 X120.935 Y118.715
G0 X121.225 Y118.302
G1 F1500 E43.86733
G0 F7200 X121.23 Y118.331
G0 X122.617 Y118.659
G1 F1500 E50.36733
G0 F7200 X122.962 Y118.766
G1 F1800 X122.617 Y118.673 E50.37182
G1 X122.616 Y118.187 E50.37791
G1 X122.834 Y118.245 E50.38074
G1 X123.065 Y118.334 E50.38384
G1 X123.066 Y118.806 E50.38976
G1 X122.962 Y118.766 E50.39116
G0 F7200 X122.769 Y118.714
G0 X122.752 Y118.643
G1 F1500 E43.89116
G0 F7200 X122.762 Y118.609
G0 X123.055 Y115.79
G1 F1500 E50.39116
G0 F7200 X122.962 Y115.766
G1 F1800 X122.617 Y115.673 E50.39564
G1 X122.616 Y115.187 E50.40174
G1 X122.834 Y115.245 E50.40456
G1 X123.065 Y115.334 E50.40767
G1 X123.066 Y115.806 E50.41359
G1 X122.962 Y115.766 E50.41498
G0 F7200 X122.769 Y115.714
G0 X122.752 Y115.643
G1 F1500 E43.91498
G0 F7200 X122.762 Y115.609
G0 X121.369 Y115.661
G1 F1500 E50.41498
G0 F7200 X121.038 Y115.766
G1 F1800 X120.935 Y115.805 E50.41637
G1 X120.935 Y115.334 E50.42227
G1 X121.166 Y115.245 E50.42538
G1 X121.383 Y115.187 E50.42819
G1 X121.384 Y115.673 E50.43429
G1 X121.038 Y115.766 E50.43878
G0 F7200 X120.935 Y115.805
G0 X120.935 Y115.715
G0 X121.225 Y115.302
G1 F1500 E43.93878
G0 F7200 X121.23 Y115.331
G0 X120.946 Y112.789
G1 F1500 E50.43878
G0 F7200 X121.038 Y112.766
G1 F1800 X120.935 Y112.805 E50.44016
G1 X120.935 Y112.334 E50.44607
G1 X121.166 Y112.245 E50.44917
G1 X121.383 Y112.187 E50.45199
G1 X121.384 Y112.673 E50.45808
G1 X121.038 Y112.766 E50.46258
G0 F7200 X120.935 Y112.805
G0 X120.935 Y112.715
G0 X121.128 Y112.499
;TYPE:SKIN
G1 F1800 X121.179 Y112.448 E50.46303
G0 F7200 X121.167 Y112.317
G1 F1500 E43.96303
G0 F7200 X121.178 Y112.348
G0 X122.617 Y112.659
G1 F1500 E50.46303
G0 F7200 X122.962 Y112.766
;TYPE:WALL-OUTER
G1 F1800 X122.617 Y112.673 E50.46751
G1 X122.616 Y112.187 E50.47361
G1 X122.834 Y112.245 E50.47643
G1 X123.065 Y112.334 E50.47954
G1 X123.065 Y112.805 E50.48545
G1 X122.962 Y112.766 E50.48683
G0 F7200 X122.769 Y112.714
G0 X122.811 Y112.514
;TYPE:SKIN
G1 F1800 X122.86 Y112.464 E50.48727
G0 F7200 X122.875 Y112.329
G1 F1500 E43.98727
G0 F7200 X122.86 Y112.362
G0 X123.055 Y109.79
G1 F1500 E50.48727
G0 F7200 X122.962 Y109.766
;TYPE:WALL-OUTER
G1 F1800 X122.617 Y109.673 E50.49175
G1 X122.616 Y109.187 E50.49784
G1 X122.834 Y109.245 E50.50067
G1 X123.065 Y109.334 E50.50377
G1 X123.066 Y109.806 E50.50969
G1 X122.962 Y109.766 E50.51109
G0 F7200 X122.769 Y109.714
G0 X122.752 Y109.643
G1 F1500 E44.01109
G0 F7200 X122.762 Y109.609
G0 X121.369 Y109.661
G1 F1500 E50.51109
G0 F7200 X121.038 Y109.766
G1 F1800 X120.935 Y109.805 E50.51247
G1 X120.935 Y109.334 E50.51838
G1 X121.166 Y109.245 E50.52148
G1 X121.383 Y109.187 E50.5243
G1 X121.384 Y109.673 E50.53039
G1 X121.038 Y109.766 E50.53489
G0 F7200 X120.935 Y109.805
G0 X120.935 Y109.715
G0 X121.225 Y109.302
G1 F1500 E44.03489
G0 F7200 X121.23 Y109.331
G0 X121.648 Y110.498
G0 X123.914 Y111.04
G0 X128.07 Y109.661
G1 F1500 E50.53489
G0 F7200 X129.038 Y109.766
G1 F1800 X128.935 Y109.805 E50.53627
G1 X128.935 Y109.334 E50.54217
G1 X129.166 Y109.245 E50.54528
G1 X129.383 Y109.187 E50.5481
G1 X129.384 Y109.673 E50.55419
G1 X129.038 Y109.766 E50.55868
G0 F7200 X128.935 Y109.805
G0 X128.935 Y109.715
G0 X129.225 Y109.302
G1 F1500 E44.05868
G0 F7200 X129.23 Y109.331
G0 X130.617 Y109.659
G1 F1500 E50.55868
G0 F7200 X130.962 Y109.766
G1 F1800 X130.617 Y109.673 E50.56316
G1 X130.616 Y109.187 E50.56926
G1 X130.834 Y109.245 E50.57209
G1 X131.065 Y109.334 E50.57519
G1 X131.066 Y109.806 E50.58111
G1 X130.962 Y109.766 E50.58251
G0 F7200 X130.769 Y109.714
G0 X130.752 Y109.643
G1 F1500 E44.08251
G0 F7200 X130.762 Y109.609
G0 X130.628 Y112.202
G1 F1500 E50.58251
G0 F7200 X130.962 Y112.766
G1 F1800 X130.617 Y112.673 E50.58699
G1 X130.616 Y112.187 E50.59308
G1 X130.834 Y112.245 E50.59591
G1 X131.065 Y112.334 E50.59902
G1 X131.065 Y112.805 E50.60492
G1 X130.962 Y112.766 E50.60631
G0 F7200 X130.769 Y112.714
G0 X130.752 Y112.643
G1 F1500 E44.10631
G0 F7200 X130.762 Y112.609
G0 X129.363 Y112.668
G1 F1500 E50.60631
G0 F7200 X129.038 Y112.766
G1 F1800 X128.935 Y112.805 E50.60769
G1 X128.935 Y112.334 E50.61359
G1 X129.166 Y112.245 E50.6167
G1 X129.383 Y112.187 E50.61951
G1 X129.383 Y112.673 E50.62561
G1 X129.038 Y112.766 E50.63009
G0 F7200 X128.935 Y112.805
G0 X128.935 Y112.715
G0 X129.224 Y112.301
G1 F1500 E44.13009
G0 F7200 X129.23 Y112.331
G0 X129.371 Y115.202
G1 F1500 E50.63009
G0 F7200 X129.038 Y115.766
G1 F1800 X128.935 Y115.805 E50.63147
G1 X128.935 Y115.334 E50.63738
G1 X129.166 Y115.245 E50.64048
G1 X129.383 Y115.187 E50.6433
G1 X129.384 Y115.673 E50.64939
G1 X129.038 Y115.766 E50.65389
G0 F7200 X128.935 Y115.805
G0 X128.935 Y115.715
G0 X129.129 Y115.529
;TYPE:SKIN
G1 F1800 X129.188 Y115.47 E50.65441
G0 F7200 X129.335 Y115.469
G1 F1500 E44.15441
G0 F7200 X129.283 Y115.468
G0 X130.617 Y115.659
G1 F1500 E50.65441
G0 F7200 X130.962 Y115.766
;TYPE:WALL-OUTER
G1 F1800 X130.617 Y115.673 E50.65889
G1 X130.616 Y115.187 E50.66498
G1 X130.834 Y115.245 E50.66781
G1 X131.065 Y115.334 E50.67092
G1 X131.066 Y115.806 E50.67684
G1 X130.962 Y115.766 E50.67823
G0 F7200 X130.769 Y115.714
G0 X130.827 Y115.528
;TYPE:SKIN
G1 F1800 X130.869 Y115.486 E50.67861
G0 F7200 X131.017 Y115.486
G1 F1500 E44.17861
G0 F7200 X130.965 Y115.485
G0 X130.628 Y118.202
G1 F1500 E50.67861
G0 F7200 X130.962 Y118.766
;TYPE:WALL-OUTER
G1 F1800 X130.617 Y118.673 E50.68309
G1 X130.616 Y118.187 E50.68918
G1 X130.834 Y118.245 E50.69201
G1 X131.065 Y118.334 E50.69512
G1 X131.066 Y118.806 E50.70103
G1 X130.962 Y118.766 E50.70243
G0 F7200 X130.769 Y118.714
G0 X130.752 Y118.643
G1 F1500 E44.20243
G0 F7200 X130.762 Y118.609
G0 X129.363 Y118.668
G1 F1500 E50.70243
G0 F7200 X129.038 Y118.766
G1 F1800 X128.935 Y118.805 E50.70381
G1 X128.935 Y118.334 E50.70972
G1 X129.166 Y118.245 E50.71282
G1 X129.383 Y118.187 E50.71564
G1 X129.383 Y118.673 E50.72174
G1 X129.038 Y118.766 E50.72622
G0 F7200 X128.935 Y118.805
G0 X128.935 Y118.715
G0 X129.224 Y118.301
G1 F1500 E44.22622
G0 F7200 X129.23 Y118.331
G0 X129.644 Y119.499
G0 X131.914 Y120.04
G0 X136.085 Y118.661
G0 X137.65 Y120.63
G1 F1500 E50.72622
G0 F7200 X137.75 Y120.7
G1 F1800 X136.95 Y120.7 E50.73625
G1 X136.95 Y108.3 E50.89175
G1 X137.75 Y108.3 E50.90178
G1 X137.75 Y120.7 E51.05728
G0 F7200 X137.55 Y120.7
G0 X137.5 Y120.451
;TYPE:SKIN
G1 F1800 X137.359 Y120.31 E51.05986
G1 X137.349 Y114.945 E51.12909
G1 X137.349 Y108.723 E51.20937
G1 X137.219 Y108.569 E51.21197
G0 F7200 X137.35 Y108.7
G1 F1500 E44.71197
;MESH:NONMESH
G0 F600 X137.35 Y108.7 Z3.8
G0 F7200 X136.085 Y109.6
G0 X130.233 Y108.176
G0 X123.931 Y110.085
G0 X115.914 Y111.04
G0 X113.648 Y110.498
G1 F1500 E51.21197
G0 F7200 X113.459 Y109.653
;TIME_ELAPSED:402.271634
;LAYER:18
;TYPE:WALL-OUTER
;MESH:output_v2\A_fina_conjunto.stl
G1 F1800 X113.145 Y109.737 E51.21605
G1 X113.145 Y109.253 E51.22212
G1 X113.163 Y109.246 E51.22236
G1 X113.536 Y109.146 E51.22721
G1 X113.731 Y109.116 E51.22968
G1 X113.812 Y109.108 E51.2307
G1 X114.092 Y109.102 E51.23421
G1 X114.188 Y109.108 E51.23542
G1 X114.269 Y109.116 E51.23644
G1 X114.464 Y109.146 E51.23891
G1 X114.837 Y109.246 E51.24376
G1 X114.855 Y109.253 E51.244
G1 X114.856 Y109.737 E51.25007
G1 X114.541 Y109.653 E51.25168
G1 X114.325 Y109.62 E51.25442
G1 X114.216 Y109.609 E51.2558
G1 X114.104 Y109.602 E51.25721
G1 X113.788 Y109.608 E51.26117
G1 X113.675 Y109.62 E51.26259
G1 X113.459 Y109.653 E51.26533
G0 F7200 X113.266 Y109.704
G0 X113.388 Y109.428
;TYPE:SKIN
G1 F1800 X113.623 Y109.38 E51.26627
G1 X114.488 Y109.397 E51.26963
G0 F7200 X114.494 Y109.567
G1 F1500 E44.76963
G0 F7200 X114.499 Y109.546
G0 X113.455 Y109.634
G0 X113.733 Y112.135
G1 F1500 E51.26963
G0 F7200 X113.459 Y112.653
;TYPE:WALL-OUTER
G1 F1800 X113.145 Y112.737 E51.2737
G1 X113.145 Y112.253 E51.27977
G1 X113.163 Y112.246 E51.28001
G1 X113.536 Y112.146 E51.28486
G1 X113.731 Y112.116 E51.28733
G1 X113.812 Y112.108 E51.28835
G1 X114.092 Y112.102 E51.29186
G1 X114.188 Y112.108 E51.29307
G1 X114.269 Y112.116 E51.29409
G1 X114.464 Y112.146 E51.29656
G1 X114.837 Y112.246 E51.30141
G1 X114.855 Y112.253 E51.30165
G1 X114.855 Y112.737 E51.30772
G1 X114.541 Y112.653 E51.31179
G1 X114.325 Y112.62 E51.31453
G1 X114.216 Y112.609 E51.31591
G1 X114.104 Y112.602 E51.31732
G1 X113.788 Y112.608 E51.32128
G1 X113.675 Y112.62 E51.3227
G1 X113.459 Y112.653 E51.32544
G0 F7200 X113.266 Y112.704
G0 X113.53 Y112.398
;TYPE:SKIN
G1 F1800 X113.776 Y112.362 E51.32649
G1 X114.357 Y112.377 E51.32894
G0 F7200 X114.4 Y112.54
G1 F1500 E44.82894
G0 F7200 X114.402 Y112.531
G0 X113.733 Y115.135
G1 F1500 E51.32894
G0 F7200 X113.459 Y115.653
;TYPE:WALL-OUTER
G1 F1800 X113.145 Y115.737 E51.33302
G1 X113.145 Y115.253 E51.33908
G1 X113.163 Y115.246 E51.33933
G1 X113.536 Y115.146 E51.34417
G1 X113.731 Y115.116 E51.34664
G1 X113.812 Y115.108 E51.34766
G1 X114.092 Y115.102 E51.35118
G1 X114.188 Y115.108 E51.35238
G1 X114.269 Y115.116 E51.3534
G1 X114.464 Y115.146 E51.35588
G1 X114.837 Y115.246 E51.36072
G1 X114.855 Y115.253 E51.36096
G1 X114.856 Y115.737 E51.36703
G1 X114.541 Y115.653 E51.36865
G1 X114.325 Y115.62 E51.37139
G1 X114.216 Y115.609 E51.37276
G1 X114.104 Y115.602 E51.37417
G1 X113.788 Y115.608 E51.37813
G1 X113.675 Y115.62 E51.37956
G1 X113.459 Y115.653 E51.3823
G0 F7200 X113.266 Y115.704
G0 X113.437 Y115.417
;TYPE:SKIN
G1 F1800 X113.675 Y115.372 E51.38322
G1 X114.567 Y115.415 E51.38662
G0 F7200 X114.591 Y115.593
G1 F1500 E44.88662
G0 F7200 X114.598 Y115.566
G0 X114.168 Y118.126
G1 F1500 E51.38662
G0 F7200 X113.459 Y118.653
;TYPE:WALL-OUTER
G1 F1800 X113.145 Y118.737 E51.39069
G1 X113.145 Y118.253 E51.39676
G1 X113.163 Y118.246 E51.39701
G1 X113.536 Y118.146 E51.40185
G1 X113.731 Y118.116 E51.40432
G1 X113.812 Y118.108 E51.40534
G1 X114.092 Y118.102 E51.40886
G1 X114.188 Y118.108 E51.41006
G1 X114.269 Y118.116 E51.41108
G1 X114.464 Y118.146 E51.41356
G1 X114.837 Y118.246 E51.4184
G1 X114.855 Y118.253 E51.41864
G1 X114.856 Y118.737 E51.42471
G1 X114.541 Y118.653 E51.42633
G1 X114.325 Y118.62 E51.42907
G1 X114.216 Y118.609 E51.43044
G1 X114.104 Y118.602 E51.43185
G1 X113.788 Y118.608 E51.43581
G1 X113.675 Y118.62 E51.43724
G1 X113.459 Y118.653 E51.43998
G0 F7200 X113.266 Y118.704
G0 X113.359 Y118.45
;TYPE:SKIN
G1 F1800 X113.579 Y118.388 E51.44083
G1 X114.426 Y118.386 E51.44399
G0 F7200 X114.435 Y118.551
G1 F1500 E44.94399
G0 F7200 X114.438 Y118.536
G0 X113.157 Y118.722
G0 X110.291 Y119.412
G0 X109.326 Y119.829
G1 F1500 E51.44399
G0 F7200 X109.427 Y119.9
;TYPE:WALL-OUTER
G1 F1800 X109.024 Y119.9 E51.44904
G1 X109.024 Y119.4 E51.45531
G1 X109.426 Y119.4 E51.46035
G1 X109.427 Y119.9 E51.46662
G0 F7200 X109.227 Y119.9
G0 X109.227 Y119.8
G1 F1500 E44.96662
G0 F7200 X107.03 Y119.886
G1 F1500 E51.46662
G0 F7200 X107.05 Y120.7
G1 F1800 X106.25 Y120.7 E51.47665
G1 X106.25 Y108.3 E51.63215
G1 X107.05 Y108.3 E51.64219
G1 X107.05 Y120.7 E51.79769
G0 F7200 X106.85 Y120.7
G0 X106.65 Y120.226
;TYPE:SKIN
G1 F1800 X106.65 Y119.943 E51.80143
G1 X106.65 Y108.912 E51.94722
G1 X106.826 Y108.523 E51.95286
G0 F7200 X106.797 Y108.494
G0 X106.445 Y120.304
G1 F1800 X106.644 Y120.503 E51.95463
G0 F7200 X106.65 Y120.3
G1 F1500 E45.45463
G0 F7200 X107.03 Y118.556
G0 X113.761 Y117.245
G0 X120.28 Y118.556
G0 X121.439 Y118.556
G1 F1500 E51.95463
G0 F7200 X121.459 Y118.653
;TYPE:WALL-OUTER
G1 F1800 X121.145 Y118.737 E51.9587
G1 X121.145 Y118.253 E51.96477
G1 X121.163 Y118.246 E51.96501
G1 X121.536 Y118.146 E51.96986
G1 X121.731 Y118.116 E51.97233
G1 X121.812 Y118.108 E51.97335
G1 X122.092 Y118.102 E51.97686
G1 X122.188 Y118.108 E51.97807
G1 X122.269 Y118.116 E51.97909
G1 X122.464 Y118.146 E51.98156
G1 X122.837 Y118.246 E51.98641
G1 X122.855 Y118.253 E51.98665
G1 X122.856 Y118.737 E51.99272
G1 X122.541 Y118.653 E51.99433
G1 X122.325 Y118.62 E51.99707
G1 X122.216 Y118.609 E51.99845
G1 X122.104 Y118.602 E51.99986
G1 X121.788 Y118.608 E52.00382
G1 X121.675 Y118.62 E52.00524
G1 X121.459 Y118.653 E52.00798
G0 F7200 X121.266 Y118.704
G0 X121.513 Y118.402
;TYPE:SKIN
G1 F1800 X121.758 Y118.364 E52.00903
G1 X122.333 Y118.373 E52.01145
G0 F7200 X122.377 Y118.536
G1 F1500 E45.51145
G0 F7200 X122.379 Y118.527
G0 X121.157 Y115.722
G1 F1500 E52.01145
G0 F7200 X121.459 Y115.653
;TYPE:WALL-OUTER
G1 F1800 X121.145 Y115.737 E52.01552
G1 X121.145 Y115.253 E52.02159
G1 X121.163 Y115.246 E52.02184
G1 X121.536 Y115.146 E52.02668
G1 X121.731 Y115.116 E52.02915
G1 X121.812 Y115.108 E52.03017
G1 X121.908 Y115.102 E52.03138
G1 X122.189 Y115.108 E52.0349
G1 X122.269 Y115.116 E52.03591
G1 X122.464 Y115.146 E52.03839
G1 X122.837 Y115.246 E52.04323
G1 X122.855 Y115.253 E52.04347
G1 X122.856 Y115.737 E52.04954
G1 X122.541 Y115.653 E52.05116
G1 X122.325 Y115.62 E52.0539
G1 X122.212 Y115.608 E52.05532
G1 X121.896 Y115.602 E52.05929
G1 X121.784 Y115.609 E52.06069
G1 X121.675 Y115.62 E52.06207
G1 X121.459 Y115.653 E52.06481
G0 F7200 X121.266 Y115.704
G0 X121.372 Y115.432
;TYPE:SKIN
G1 F1800 X121.606 Y115.383 E52.06572
G1 X122.463 Y115.392 E52.069
G0 F7200 X122.47 Y115.561
G1 F1500 E45.569
G0 F7200 X122.473 Y115.542
G0 X121.157 Y112.722
G1 F1500 E52.069
G0 F7200 X121.459 Y112.653
;TYPE:WALL-OUTER
G1 F1800 X121.145 Y112.737 E52.07308
G1 X121.145 Y112.253 E52.07915
G1 X121.163 Y112.246 E52.07939
G1 X121.536 Y112.146 E52.08423
G1 X121.731 Y112.116 E52.08671
G1 X121.812 Y112.108 E52.08773
G1 X122.092 Y112.102 E52.09124
G1 X122.188 Y112.108 E52.09245
G1 X122.269 Y112.116 E52.09347
G1 X122.464 Y112.146 E52.09594
G1 X122.837 Y112.246 E52.10079
G1 X122.855 Y112.253 E52.10103
G1 X122.855 Y112.737 E52.1071
G1 X122.541 Y112.653 E52.11117
G1 X122.325 Y112.62 E52.11391
G1 X122.216 Y112.609 E52.11529
G1 X122.104 Y112.602 E52.11669
G1 X121.788 Y112.608 E52.12066
G1 X121.675 Y112.62 E52.12208
G1 X121.459 Y112.653 E52.12482
G0 F7200 X121.266 Y112.704
G0 X121.463 Y112.412
;TYPE:SKIN
G1 F1800 X121.703 Y112.369 E52.12574
G1 X122.607 Y112.425 E52.12913
G0 F7200 X122.491 Y112.241
G1 F1500 E45.62913
G0 F7200 X122.487 Y112.255
G0 X121.157 Y109.722
G1 F1500 E52.12913
G0 F7200 X121.459 Y109.653
;TYPE:WALL-OUTER
G1 F1800 X121.145 Y109.737 E52.1332
G1 X121.145 Y109.253 E52.13927
G1 X121.163 Y109.246 E52.13952
G1 X121.536 Y109.146 E52.14436
G1 X121.731 Y109.116 E52.14683
G1 X121.812 Y109.108 E52.14785
G1 X122.092 Y109.102 E52.15137
G1 X122.188 Y109.108 E52.15257
G1 X122.269 Y109.116 E52.15359
G1 X122.464 Y109.146 E52.15607
G1 X122.837 Y109.246 E52.16091
G1 X122.855 Y109.253 E52.16115
G1 X122.856 Y109.737 E52.16722
G1 X122.541 Y109.653 E52.16884
G1 X122.325 Y109.62 E52.17158
G1 X122.212 Y109.608 E52.173
G1 X121.896 Y109.602 E52.17697
G1 X121.784 Y109.609 E52.17837
G1 X121.675 Y109.62 E52.17975
G1 X121.459 Y109.653 E52.18249
G0 F7200 X121.266 Y109.704
G0 X121.555 Y109.393
;TYPE:SKIN
G1 F1800 X121.804 Y109.359 E52.18356
G1 X122.393 Y109.382 E52.18607
G0 F7200 X122.403 Y109.543
G1 F1500 E45.68607
G0 F7200 X122.405 Y109.531
G0 X123.72 Y109.568
G0 X128.28 Y109.569
G0 X129.439 Y109.556
G1 F1500 E52.18607
G0 F7200 X129.459 Y109.653
;TYPE:WALL-OUTER
G1 F1800 X129.145 Y109.737 E52.19015
G1 X129.145 Y109.253 E52.19622
G1 X129.163 Y109.246 E52.19646
G1 X129.536 Y109.146 E52.2013
G1 X129.731 Y109.116 E52.20378
G1 X129.812 Y109.108 E52.2048
G1 X129.908 Y109.102 E52.206
G1 X130.189 Y109.108 E52.20953
G1 X130.269 Y109.116 E52.21054
G1 X130.464 Y109.146 E52.21301
G1 X130.837 Y109.246 E52.21785
G1 X130.855 Y109.253 E52.2181
G1 X130.856 Y109.737 E52.22417
G1 X130.541 Y109.653 E52.22578
G1 X130.325 Y109.62 E52.22852
G1 X130.212 Y109.608 E52.22995
G1 X129.896 Y109.602 E52.23391
G1 X129.784 Y109.609 E52.23532
G1 X129.675 Y109.62 E52.23669
G1 X129.459 Y109.653 E52.23943
G0 F7200 X129.266 Y109.704
G0 X129.489 Y109.407
;TYPE:SKIN
G1 F1800 X129.731 Y109.366 E52.24029
G1 X130.628 Y109.414 E52.24341
G0 F7200 X130.486 Y109.24
G1 F1500 E45.74341
G0 F7200 X130.483 Y109.253
G0 X129.455 Y109.634
G0 X129.733 Y112.135
G1 F1500 E52.24341
G0 F7200 X129.459 Y112.653
;TYPE:WALL-OUTER
G1 F1800 X129.145 Y112.737 E52.24749
G1 X129.145 Y112.253 E52.25356
G1 X129.163 Y112.246 E52.2538
G1 X129.536 Y112.146 E52.25864
G1 X129.731 Y112.116 E52.26112
G1 X129.812 Y112.108 E52.26214
G1 X129.908 Y112.102 E52.26334
G1 X130.189 Y112.108 E52.26687
G1 X130.269 Y112.116 E52.26788
G1 X130.464 Y112.146 E52.27035
G1 X130.837 Y112.246 E52.27519
G1 X130.855 Y112.253 E52.27544
G1 X130.855 Y112.737 E52.2815
G1 X130.541 Y112.653 E52.28558
G1 X130.325 Y112.62 E52.28832
G1 X130.212 Y112.608 E52.28975
G1 X129.896 Y112.602 E52.29371
G1 X129.784 Y112.609 E52.29512
G1 X129.675 Y112.62 E52.29649
G1 X129.459 Y112.653 E52.29923
G0 F7200 X129.266 Y112.704
G0 X129.397 Y112.426
;TYPE:SKIN
G1 F1800 X129.632 Y112.378 E52.30015
G1 X130.502 Y112.4 E52.30349
G0 F7200 X130.506 Y112.571
G1 F1500 E45.80349
G0 F7200 X130.51 Y112.547
G0 X130.188 Y115.127
G1 F1500 E52.30349
G0 F7200 X129.459 Y115.653
;TYPE:WALL-OUTER
G1 F1800 X129.145 Y115.737 E52.30756
G1 X129.145 Y115.253 E52.31363
G1 X129.163 Y115.246 E52.31388
G1 X129.536 Y115.146 E52.31872
G1 X129.731 Y115.116 E52.32119
G1 X129.812 Y115.108 E52.32221
G1 X129.908 Y115.102 E52.32342
G1 X130.189 Y115.108 E52.32694
G1 X130.269 Y115.116 E52.32795
G1 X130.464 Y115.146 E52.33043
G1 X130.837 Y115.246 E52.33527
G1 X130.855 Y115.253 E52.33551
G1 X130.856 Y115.737 E52.34158
G1 X130.541 Y115.653 E52.3432
G1 X130.325 Y115.62 E52.34594
G1 X130.212 Y115.608 E52.34736
G1 X129.896 Y115.602 E52.35133
G1 X129.784 Y115.609 E52.35273
G1 X129.675 Y115.62 E52.35411
G1 X129.459 Y115.653 E52.35685
G0 F7200 X129.266 Y115.704
G0 X129.539 Y115.397
;TYPE:SKIN
G1 F1800 X129.785 Y115.36 E52.3579
G1 X130.369 Y115.378 E52.36039
G0 F7200 X130.379 Y115.537
G1 F1500 E45.86039
G0 F7200 X130.381 Y115.528
G0 X129.733 Y118.135
G1 F1500 E52.36039
G0 F7200 X129.459 Y118.653
;TYPE:WALL-OUTER
G1 F1800 X129.145 Y118.737 E52.36446
G1 X129.145 Y118.253 E52.37053
G1 X129.163 Y118.246 E52.37077
G1 X129.536 Y118.146 E52.37562
G1 X129.731 Y118.116 E52.37809
G1 X129.812 Y118.108 E52.37911
G1 X130.092 Y118.102 E52.38262
G1 X130.188 Y118.108 E52.38383
G1 X130.269 Y118.116 E52.38485
G1 X130.464 Y118.146 E52.38732
G1 X130.837 Y118.246 E52.39217
G1 X130.855 Y118.253 E52.39241
G1 X130.856 Y118.737 E52.39848
G1 X130.541 Y118.653 E52.4001
G1 X130.325 Y118.62 E52.40284
G1 X130.216 Y118.609 E52.40421
G1 X130.104 Y118.602 E52.40562
G1 X129.788 Y118.608 E52.40958
G1 X129.675 Y118.62 E52.411
G1 X129.459 Y118.653 E52.41374
G0 F7200 X129.266 Y118.704
G0 X129.447 Y118.416
;TYPE:SKIN
G1 F1800 X129.685 Y118.371 E52.41466
G1 X130.583 Y118.421 E52.41808
G0 F7200 X130.607 Y118.598
G1 F1500 E45.91808
G0 F7200 X130.614 Y118.57
G0 X131.72 Y118.721
G0 X136.085 Y118.722
G0 X137.65 Y120.63
G1 F1500 E52.41808
G0 F7200 X137.75 Y120.7
;TYPE:WALL-OUTER
G1 F1800 X136.95 Y120.7 E52.42811
G1 X136.95 Y108.3 E52.58361
G1 X137.75 Y108.3 E52.59364
G1 X137.75 Y120.7 E52.74914
G0 F7200 X137.55 Y120.7
G0 X137.309 Y120.338
;TYPE:SKIN
G1 F1800 X137.349 Y120.095 E52.75241
G1 X137.349 Y108.781 E52.90247
G1 X137.449 Y108.599 E52.90523
G0 F7200 X137.344 Y108.494
G0 X137.144 Y120.456
G1 F1800 X137.192 Y120.504 E52.90565
G0 F7200 X137.35 Y120.3
G1 F1500 E46.40565
;MESH:NONMESH
G0 F600 X137.35 Y120.3 Z4
G0 F7200 X136.97 Y109.556
G0 X130.239 Y108.245
G0 X121.616 Y108.259
G0 X115.72 Y109.6
G0 X113.439 Y109.556
G1 F1500 E52.90565
G0 F7200 X113.459 Y109.653
;TIME_ELAPSED:417.493948
;LAYER:19
;TYPE:WALL-OUTER
;MESH:output_v2\A_fina_conjunto.stl
G1 F1800 X113.355 Y109.681 E52.907
G1 X113.355 Y109.195 E52.9131
G1 X113.536 Y109.146 E52.91545
G1 X113.731 Y109.116 E52.91792
G1 X113.812 Y109.108 E52.91895
G1 X114.092 Y109.102 E52.92246
G1 X114.188 Y109.108 E52.92366
G1 X114.269 Y109.116 E52.92468
G1 X114.464 Y109.146 E52.92716
G1 X114.645 Y109.195 E52.92951
G1 X114.645 Y109.681 E52.9356
G1 X114.541 Y109.653 E52.93696
G1 X114.325 Y109.62 E52.9397
G1 X114.216 Y109.609 E52.94107
G1 X114.104 Y109.602 E52.94248
G1 X113.788 Y109.608 E52.94644
G1 X113.675 Y109.62 E52.94787
G1 X113.459 Y109.653 E52.95061
G0 F7200 X113.355 Y109.681
G0 X113.355 Y109.588
G0 X113.803 Y109.358
;TYPE:SKIN
G1 F1800 X114.09 Y109.354 E52.9521
G1 X114.35 Y109.377 E52.95347
G0 F7200 X114.412 Y109.229
G1 F1500 E46.45347
G0 F7200 X114.41 Y109.238
G0 X113.455 Y109.634
G0 X113.733 Y112.135
G1 F1500 E52.95347
G0 F7200 X113.459 Y112.653
;TYPE:WALL-OUTER
G1 F1800 X113.355 Y112.681 E52.95482
G1 X113.355 Y112.195 E52.96091
G1 X113.536 Y112.146 E52.96326
G1 X113.731 Y112.116 E52.96574
G1 X113.812 Y112.108 E52.96676
G1 X114.092 Y112.102 E52.97027
G1 X114.188 Y112.108 E52.97148
G1 X114.269 Y112.116 E52.9725
G1 X114.464 Y112.146 E52.97497
G1 X114.645 Y112.195 E52.97732
G1 X114.645 Y112.681 E52.98342
G1 X114.541 Y112.653 E52.98477
G1 X114.325 Y112.62 E52.98751
G1 X114.216 Y112.609 E52.98888
G1 X114.104 Y112.602 E52.99029
G1 X113.788 Y112.608 E52.99425
G1 X113.675 Y112.62 E52.99568
G1 X113.459 Y112.653 E52.99842
G0 F7200 X113.355 Y112.681
G0 X113.355 Y112.588
G0 X113.61 Y112.38
;TYPE:SKIN
G1 F1800 X113.918 Y112.355 E52.99973
G1 X114.426 Y112.413 E53.0019
G0 F7200 X114.263 Y112.21
G1 F1500 E46.5019
G0 F7200 X114.262 Y112.215
G0 X113.733 Y115.135
G1 F1500 E53.0019
G0 F7200 X113.459 Y115.653
;TYPE:WALL-OUTER
G1 F1800 X113.355 Y115.681 E53.00325
G1 X113.355 Y115.195 E53.00935
G1 X113.536 Y115.146 E53.0117
G1 X113.731 Y115.116 E53.01417
G1 X113.812 Y115.108 E53.01519
G1 X114.092 Y115.102 E53.0187
G1 X114.188 Y115.108 E53.01991
G1 X114.269 Y115.116 E53.02093
G1 X114.464 Y115.146 E53.02341
G1 X114.645 Y115.195 E53.02576
G1 X114.645 Y115.681 E53.03185
G1 X114.541 Y115.653 E53.0332
G1 X114.325 Y115.62 E53.03594
G1 X114.216 Y115.609 E53.03732
G1 X114.104 Y115.602 E53.03872
G1 X113.788 Y115.608 E53.04269
G1 X113.675 Y115.62 E53.04411
G1 X113.459 Y115.653 E53.04685
G0 F7200 X113.355 Y115.681
G0 X113.355 Y115.588
G0 X113.738 Y115.363
;TYPE:SKIN
G1 F1800 X114.032 Y115.352 E53.04843
G1 X114.298 Y115.369 E53.04985
G0 F7200 X114.345 Y115.218
G1 F1500 E46.54985
G0 F7200 X114.342 Y115.227
G0 X113.733 Y118.135
G1 F1500 E53.04985
G0 F7200 X113.459 Y118.653
;TYPE:WALL-OUTER
G1 F1800 X113.355 Y118.681 E53.0512
G1 X113.355 Y118.195 E53.0573
G1 X113.536 Y118.146 E53.05965
G1 X113.731 Y118.116 E53.06212
G1 X113.812 Y118.108 E53.06314
G1 X114.092 Y118.102 E53.06666
G1 X114.188 Y118.108 E53.06786
G1 X114.269 Y118.116 E53.06888
G1 X114.464 Y118.146 E53.07136
G1 X114.645 Y118.195 E53.07371
G1 X114.645 Y118.681 E53.0798
G1 X114.541 Y118.653 E53.08115
G1 X114.325 Y118.62 E53.08389
G1 X114.216 Y118.609 E53.08527
G1 X114.104 Y118.602 E53.08667
G1 X113.788 Y118.608 E53.09064
G1 X113.675 Y118.62 E53.09206
G1 X113.459 Y118.653 E53.0948
G0 F7200 X113.355 Y118.681
G0 X113.355 Y118.588
G0 X113.574 Y118.355
;TYPE:SKIN
G1 F1800 X113.857 Y118.356 E53.09588
G1 X114.395 Y118.383 E53.09793
G0 F7200 X114.431 Y118.231
G1 F1500 E46.59793
G0 F7200 X114.429 Y118.241
G0 X113.367 Y118.666
G0 X110.281 Y119.415
G0 X109.345 Y119.8
G1 F1500 E53.09793
G0 F7200 X109.415 Y119.9
;TYPE:WALL-OUTER
G1 F1800 X109.017 Y119.9 E53.10292
G1 X109.017 Y119.4 E53.10919
G1 X109.416 Y119.4 E53.1142
G1 X109.415 Y119.9 E53.12044
G0 F7200 X109.215 Y119.9
G0 X109.215 Y119.8
G1 F1500 E46.62044
G0 F7200 X107.03 Y119.886
G1 F1500 E53.12044
G0 F7200 X107.05 Y120.7
G1 F1800 X106.25 Y120.7 E53.13048
G1 X106.25 Y108.3 E53.28598
G1 X107.05 Y108.3 E53.29601
G1 X107.05 Y120.7 E53.45151
G0 F7200 X106.85 Y120.7
G0 X106.736 Y120.386
;TYPE:SKIN
G1 F1800 X106.649 Y120.189 E53.45434
G1 X106.649 Y108.876 E53.60323
G1 X106.597 Y108.646 E53.60633
G0 F7200 X106.65 Y108.7
G1 F1500 E47.10633
G0 F7200 X107.03 Y118.556
G0 X113.761 Y117.245
G0 X120.49 Y118.556
G1 F1500 E53.60633
G0 F7200 X121.459 Y118.653
;TYPE:WALL-OUTER
G1 F1800 X121.355 Y118.681 E53.60768
G1 X121.355 Y118.195 E53.61377
G1 X121.536 Y118.146 E53.61613
G1 X121.731 Y118.116 E53.6186
G1 X121.812 Y118.108 E53.61962
G1 X122.092 Y118.102 E53.62313
G1 X122.188 Y118.108 E53.62434
G1 X122.269 Y118.116 E53.62536
G1 X122.464 Y118.146 E53.62783
G1 X122.645 Y118.195 E53.63019
G1 X122.645 Y118.681 E53.63628
G1 X122.541 Y118.653 E53.63763
G1 X122.325 Y118.62 E53.64037
G1 X122.216 Y118.609 E53.64174
G1 X122.104 Y118.602 E53.64315
G1 X121.788 Y118.608 E53.64712
G1 X121.675 Y118.62 E53.64854
G1 X121.459 Y118.653 E53.65128
G0 F7200 X121.355 Y118.681
G0 X121.355 Y118.588
G0 X121.771 Y118.36
;TYPE:SKIN
G1 F1800 X122.062 Y118.353 E53.65282
G1 X122.325 Y118.373 E53.65421
G0 F7200 X122.387 Y118.225
G1 F1500 E47.15421
G0 F7200 X122.385 Y118.234
G0 X121.367 Y115.666
G1 F1500 E53.65421
G0 F7200 X121.459 Y115.653
;TYPE:WALL-OUTER
G1 F1800 X121.355 Y115.681 E53.65556
G1 X121.355 Y115.195 E53.66166
G1 X121.536 Y115.146 E53.66401
G1 X121.731 Y115.116 E53.66648
G1 X121.812 Y115.108 E53.6675
G1 X121.908 Y115.102 E53.66871
G1 X122.189 Y115.108 E53.67224
G1 X122.269 Y115.116 E53.67324
G1 X122.464 Y115.146 E53.67572
G1 X122.645 Y115.195 E53.67807
G1 X122.645 Y115.681 E53.68416
G1 X122.541 Y115.653 E53.68551
G1 X122.325 Y115.62 E53.68826
G1 X122.212 Y115.608 E53.68968
G1 X121.896 Y115.602 E53.69364
G1 X121.784 Y115.609 E53.69505
G1 X121.675 Y115.62 E53.69642
G1 X121.459 Y115.653 E53.69916
G0 F7200 X121.355 Y115.681
G0 X121.355 Y115.588
G0 X121.645 Y115.376
;TYPE:SKIN
G1 F1800 X121.951 Y115.352 E53.70075
G1 X122.224 Y115.362 E53.70217
G0 F7200 X122.275 Y115.211
G1 F1500 E47.20217
G0 F7200 X122.274 Y115.217
G0 X121.367 Y112.666
G1 F1500 E53.70217
G0 F7200 X121.459 Y112.653
;TYPE:WALL-OUTER
G1 F1800 X121.355 Y112.681 E53.70352
G1 X121.355 Y112.195 E53.70961
G1 X121.536 Y112.146 E53.71196
G1 X121.731 Y112.116 E53.71444
G1 X121.812 Y112.108 E53.71546
G1 X122.092 Y112.102 E53.71897
G1 X122.188 Y112.108 E53.72018
G1 X122.269 Y112.116 E53.7212
G1 X122.464 Y112.146 E53.72367
G1 X122.645 Y112.195 E53.72602
G1 X122.645 Y112.681 E53.73212
G1 X122.541 Y112.653 E53.73347
G1 X122.325 Y112.62 E53.73621
G1 X122.216 Y112.609 E53.73758
G1 X122.104 Y112.602 E53.73899
G1 X121.788 Y112.608 E53.74295
G1 X121.675 Y112.62 E53.74438
G1 X121.459 Y112.653 E53.74712
G0 F7200 X121.355 Y112.681
G0 X121.355 Y112.588
G0 X121.836 Y112.356
;TYPE:SKIN
G1 F1800 X122.121 Y112.354 E53.7486
G1 X122.377 Y112.38 E53.74994
G0 F7200 X122.438 Y112.233
G1 F1500 E47.24994
G0 F7200 X122.436 Y112.242
G0 X121.367 Y109.666
G1 F1500 E53.74994
G0 F7200 X121.459 Y109.653
;TYPE:WALL-OUTER
G1 F1800 X121.355 Y109.681 E53.75129
G1 X121.355 Y109.195 E53.75738
G1 X121.536 Y109.146 E53.75974
G1 X121.731 Y109.116 E53.76221
G1 X121.812 Y109.108 E53.76323
G1 X122.092 Y109.102 E53.76674
G1 X122.188 Y109.108 E53.76795
G1 X122.269 Y109.116 E53.76897
G1 X122.464 Y109.146 E53.77144
G1 X122.645 Y109.195 E53.7738
G1 X122.645 Y109.681 E53.77989
G1 X122.541 Y109.653 E53.78124
G1 X122.325 Y109.62 E53.78398
G1 X122.212 Y109.608 E53.78541
G1 X121.896 Y109.602 E53.78937
G1 X121.784 Y109.609 E53.79078
G1 X121.675 Y109.62 E53.79215
G1 X121.459 Y109.653 E53.79489
G0 F7200 X121.355 Y109.681
G0 X121.355 Y109.588
G0 X121.715 Y109.366
;TYPE:SKIN
G1 F1800 X122.011 Y109.352 E53.79645
G1 X122.279 Y109.367 E53.79786
G0 F7200 X122.328 Y109.216
G1 F1500 E47.29786
G0 F7200 X122.326 Y109.225
G0 X123.51 Y109.556
G0 X128.49 Y109.556
G1 F1500 E53.79786
G0 F7200 X129.459 Y109.653
;TYPE:WALL-OUTER
G1 F1800 X129.355 Y109.681 E53.79921
G1 X129.355 Y109.195 E53.8053
G1 X129.536 Y109.146 E53.80766
G1 X129.731 Y109.116 E53.81013
G1 X129.812 Y109.108 E53.81115
G1 X129.908 Y109.102 E53.81236
G1 X130.189 Y109.108 E53.81588
G1 X130.269 Y109.116 E53.81689
G1 X130.464 Y109.146 E53.81936
G1 X130.645 Y109.195 E53.82172
G1 X130.645 Y109.681 E53.82781
G1 X130.541 Y109.653 E53.82916
G1 X130.325 Y109.62 E53.8319
G1 X130.212 Y109.608 E53.83333
G1 X129.896 Y109.602 E53.83729
G1 X129.784 Y109.609 E53.8387
G1 X129.675 Y109.62 E53.84007
G1 X129.459 Y109.653 E53.84281
G0 F7200 X129.355 Y109.681
G0 X129.355 Y109.588
G0 X129.621 Y109.379
;TYPE:SKIN
G1 F1800 X129.931 Y109.352 E53.84411
G1 X130.431 Y109.419 E53.84621
G0 F7200 X130.265 Y109.21
G1 F1500 E47.34621
G0 F7200 X130.263 Y109.215
G0 X129.733 Y112.135
G1 F1500 E53.84621
G0 F7200 X129.459 Y112.653
;TYPE:WALL-OUTER
G1 F1800 X129.355 Y112.681 E53.84756
G1 X129.355 Y112.195 E53.85366
G1 X129.536 Y112.146 E53.85601
G1 X129.731 Y112.116 E53.85848
G1 X129.812 Y112.108 E53.8595
G1 X129.908 Y112.102 E53.86071
G1 X130.189 Y112.108 E53.86424
G1 X130.269 Y112.116 E53.86524
G1 X130.464 Y112.146 E53.86772
G1 X130.645 Y112.195 E53.87007
G1 X130.645 Y112.681 E53.87616
G1 X130.541 Y112.653 E53.87751
G1 X130.325 Y112.62 E53.88025
G1 X130.212 Y112.608 E53.88168
G1 X129.896 Y112.602 E53.88564
G1 X129.784 Y112.609 E53.88705
G1 X129.675 Y112.62 E53.88842
G1 X129.459 Y112.653 E53.89116
G0 F7200 X129.355 Y112.681
G0 X129.355 Y112.588
G0 X129.749 Y112.362
;TYPE:SKIN
G1 F1800 X130.04 Y112.355 E53.89269
G1 X130.307 Y112.371 E53.89409
G0 F7200 X130.355 Y112.219
G1 F1500 E47.39409
G0 F7200 X130.353 Y112.229
G0 X129.733 Y115.135
G1 F1500 E53.89409
G0 F7200 X129.459 Y115.653
;TYPE:WALL-OUTER
G1 F1800 X129.355 Y115.681 E53.89544
G1 X129.355 Y115.195 E53.90154
G1 X129.536 Y115.146 E53.90389
G1 X129.731 Y115.116 E53.90636
G1 X129.812 Y115.108 E53.90738
G1 X129.908 Y115.102 E53.90859
G1 X130.189 Y115.108 E53.91212
G1 X130.269 Y115.116 E53.91312
G1 X130.464 Y115.146 E53.9156
G1 X130.645 Y115.195 E53.91795
G1 X130.645 Y115.681 E53.92404
G1 X130.541 Y115.653 E53.92539
G1 X130.325 Y115.62 E53.92813
G1 X130.212 Y115.608 E53.92956
G1 X129.896 Y115.602 E53.93352
G1 X129.784 Y115.609 E53.93493
G1 X129.675 Y115.62 E53.9363
G1 X129.459 Y115.653 E53.93904
G0 F7200 X129.355 Y115.681
G0 X129.355 Y115.588
G0 X129.58 Y115.361
;TYPE:SKIN
G1 F1800 X129.869 Y115.354 E53.9402
G1 X130.403 Y115.385 E53.94233
G0 F7200 X130.439 Y115.233
G1 F1500 E47.44233
G0 F7200 X130.437 Y115.242
G0 X129.455 Y115.634
G0 X129.733 Y118.135
G1 F1500 E53.94233
G0 F7200 X129.459 Y118.653
;TYPE:WALL-OUTER
G1 F1800 X129.355 Y118.681 E53.94368
G1 X129.355 Y118.195 E53.94978
G1 X129.536 Y118.146 E53.95213
G1 X129.731 Y118.116 E53.9546
G1 X129.812 Y118.108 E53.95563
G1 X130.092 Y118.102 E53.95914
G1 X130.188 Y118.108 E53.96034
G1 X130.269 Y118.116 E53.96136
G1 X130.464 Y118.146 E53.96384
G1 X130.645 Y118.195 E53.96619
G1 X130.645 Y118.681 E53.97228
G1 X130.541 Y118.653 E53.97364
G1 X130.325 Y118.62 E53.97638
G1 X130.216 Y118.609 E53.97775
G1 X130.104 Y118.602 E53.97916
G1 X129.788 Y118.608 E53.98312
G1 X129.675 Y118.62 E53.98455
G1 X129.459 Y118.653 E53.98729
G0 F7200 X129.355 Y118.681
G0 X129.355 Y118.588
G0 X129.681 Y118.37
;TYPE:SKIN
G1 F1800 X129.981 Y118.353 E53.98887
G1 X130.253 Y118.365 E53.99031
G0 F7200 X130.301 Y118.214
G1 F1500 E47.49031
G0 F7200 X130.299 Y118.221
G0 X131.51 Y118.666
G0 X136.085 Y118.666
G0 X137.65 Y120.63
G1 F1500 E53.99031
G0 F7200 X137.75 Y120.7
;TYPE:WALL-OUTER
G1 F1800 X136.95 Y120.7 E54.00034
G1 X136.95 Y108.3 E54.15584
G1 X137.75 Y108.3 E54.16588
G1 X137.75 Y120.7 E54.32138
G0 F7200 X137.55 Y120.7
G0 X137.5 Y120.451
;TYPE:SKIN
G1 F1800 X137.359 Y120.31 E54.32395
G1 X137.349 Y114.945 E54.39318
G1 X137.349 Y108.723 E54.47347
G1 X137.219 Y108.569 E54.47607
G0 F7200 X137.35 Y108.7
G1 F1500 E47.97607
;MESH:NONMESH
G0 F600 X137.35 Y108.7 Z4.2
G0 F7200 X136.085 Y109.521
G0 X130.239 Y108.245
G0 X121.617 Y108.259
G0 X115.51 Y109.521
G0 X113.663 Y109.521
G1 F1500 E54.47607
G0 F7200 X113.675 Y109.62
;TIME_ELAPSED:431.917853
;LAYER:20
;TYPE:WALL-OUTER
;MESH:output_v2\A_fina_conjunto.stl
G1 F1800 X113.565 Y109.637 E54.47746
G1 X113.565 Y109.142 E54.48367
G1 X113.731 Y109.116 E54.48578
G1 X113.812 Y109.108 E54.4868
G1 X114.091 Y109.102 E54.4903
G1 X114.224 Y109.111 E54.49197
G1 X114.33 Y109.125 E54.49331
G1 X114.435 Y109.142 E54.49465
G1 X114.435 Y109.636 E54.50084
G1 X114.324 Y109.619 E54.50225
G1 X114.104 Y109.602 E54.50502
G1 X113.788 Y109.608 E54.50898
G1 X113.675 Y109.62 E54.5104
G0 F7200 X113.565 Y109.637
G0 X113.565 Y109.548
G0 X113.881 Y109.356
;TYPE:SKIN
G1 F1800 X114.165 Y109.357 E54.51237
G0 F7200 X114.198 Y109.514
G1 F1500 E48.01237
G0 F7200 X114.198 Y109.509
G0 X113.813 Y112.127
G1 F1500 E54.51237
G0 F7200 X113.675 Y112.62
;TYPE:WALL-OUTER
G1 F1800 X113.565 Y112.637 E54.51377
G1 X113.565 Y112.142 E54.51998
G1 X113.731 Y112.116 E54.52208
G1 X113.812 Y112.108 E54.5231
G1 X114.091 Y112.102 E54.5266
G1 X114.224 Y112.111 E54.52828
G1 X114.33 Y112.125 E54.52962
G1 X114.435 Y112.142 E54.53095
G1 X114.435 Y112.636 E54.53715
G1 X114.324 Y112.619 E54.53855
G1 X114.104 Y112.602 E54.54132
G1 X113.788 Y112.608 E54.54528
G1 X113.675 Y112.62 E54.54671
G0 F7200 X113.565 Y112.637
G0 X113.565 Y112.548
G0 X113.792 Y112.378
;TYPE:SKIN
G1 F1800 X114.049 Y112.352 E54.54824
G0 F7200 X114.094 Y112.504
G1 F1500 E48.04824
G0 F7200 X114.095 Y112.502
G0 X113.813 Y115.127
G1 F1500 E54.54824
G0 F7200 X113.675 Y115.62
;TYPE:WALL-OUTER
G1 F1800 X113.565 Y115.637 E54.54964
G1 X113.565 Y115.142 E54.55584
G1 X113.731 Y115.116 E54.55795
G1 X113.812 Y115.108 E54.55897
G1 X114.091 Y115.102 E54.56247
G1 X114.224 Y115.111 E54.56414
G1 X114.33 Y115.125 E54.56548
G1 X114.435 Y115.142 E54.56682
G1 X114.435 Y115.636 E54.57301
G1 X114.324 Y115.619 E54.57442
G1 X114.104 Y115.602 E54.57719
G1 X113.788 Y115.608 E54.58115
G1 X113.675 Y115.62 E54.58258
G0 F7200 X113.565 Y115.637
G0 X113.565 Y115.548
G0 X113.939 Y115.353
;TYPE:SKIN
G1 F1800 X114.205 Y115.336 E54.58413
G0 F7200 X114.033 Y115.203
G1 F1500 E48.08413
G0 F7200 X114.032 Y115.204
G0 X113.813 Y118.127
G1 F1500 E54.58413
G0 F7200 X113.675 Y118.62
;TYPE:WALL-OUTER
G1 F1800 X113.565 Y118.637 E54.58553
G1 X113.565 Y118.142 E54.59174
G1 X113.731 Y118.116 E54.59385
G1 X113.812 Y118.108 E54.59487
G1 X114.091 Y118.102 E54.59837
G1 X114.224 Y118.111 E54.60004
G1 X114.33 Y118.125 E54.60138
G1 X114.435 Y118.142 E54.60271
G1 X114.435 Y118.636 E54.60891
G1 X114.324 Y118.619 E54.61031
G1 X114.104 Y118.602 E54.61308
G1 X113.788 Y118.608 E54.61705
G1 X113.675 Y118.62 E54.61847
G0 F7200 X113.565 Y118.637
G0 X113.565 Y118.548
G0 X113.832 Y118.357
;TYPE:SKIN
G1 F1800 X114.111 Y118.353 E54.62038
G0 F7200 X114.162 Y118.508
G1 F1500 E48.12038
G0 F7200 X114.162 Y118.506
G0 X112.7 Y118.622
G0 X110.282 Y119.415
G0 X109.346 Y119.8
G1 F1500 E54.62038
G0 F7200 X109.416 Y119.9
;TYPE:WALL-OUTER
G1 F1800 X109.018 Y119.9 E54.62537
G1 X109.018 Y119.4 E54.63164
G1 X109.417 Y119.4 E54.63665
G1 X109.416 Y119.9 E54.64289
G0 F7200 X109.216 Y119.9
G0 X109.216 Y119.8
G1 F1500 E48.14289
G0 F7200 X107.03 Y119.886
G1 F1500 E54.64289
G0 F7200 X107.05 Y120.7
G1 F1800 X106.25 Y120.7 E54.65293
G1 X106.25 Y108.3 E54.80843
G1 X107.05 Y108.3 E54.81846
G1 X107.05 Y120.7 E54.97396
G0 F7200 X106.85 Y120.7
G0 X106.65 Y120.226
;TYPE:SKIN
G1 F1800 X106.65 Y119.943 E54.9777
G1 X106.65 Y108.912 E55.12349
G1 X106.826 Y108.523 E55.12913
G0 F7200 X106.797 Y108.494
G0 X106.445 Y120.304
G1 F1800 X106.644 Y120.503 E55.1309
G0 F7200 X106.65 Y120.3
G1 F1500 E48.6309
G0 F7200 X107.03 Y118.521
G0 X113.761 Y117.245
G0 X120.7 Y118.521
G1 F1500 E55.1309
G0 F7200 X121.675 Y118.62
;TYPE:WALL-OUTER
G1 F1800 X121.565 Y118.637 E55.13229
G1 X121.565 Y118.142 E55.1385
G1 X121.731 Y118.116 E55.14061
G1 X121.812 Y118.108 E55.14163
G1 X122.091 Y118.102 E55.14513
G1 X122.224 Y118.111 E55.1468
G1 X122.33 Y118.125 E55.14814
G1 X122.435 Y118.142 E55.14948
G1 X122.435 Y118.636 E55.15567
G1 X122.324 Y118.619 E55.15708
G1 X122.104 Y118.602 E55.15985
G1 X121.788 Y118.608 E55.16381
G1 X121.675 Y118.62 E55.16523
G0 F7200 X121.565 Y118.637
G0 X121.565 Y118.548
G0 X121.781 Y118.387
;TYPE:SKIN
G1 F1800 X122.03 Y118.353 E55.1666
G0 F7200 X122.086 Y118.503
G1 F1500 E48.6666
G0 F7200 X122.087 Y118.502
G0 X121.577 Y115.622
G1 F1500 E55.1666
G0 F7200 X121.674 Y115.62
;TYPE:WALL-OUTER
G1 F1800 X121.565 Y115.637 E55.16799
G1 X121.565 Y115.142 E55.17419
G1 X121.731 Y115.116 E55.1763
G1 X121.909 Y115.102 E55.17854
G1 X122.189 Y115.108 E55.18205
G1 X122.269 Y115.116 E55.18306
G1 X122.435 Y115.142 E55.18517
G1 X122.435 Y115.637 E55.19138
G1 X122.325 Y115.62 E55.19277
G1 X122.212 Y115.608 E55.1942
G1 X121.895 Y115.602 E55.19817
G1 X121.745 Y115.612 E55.20006
G1 X121.674 Y115.62 E55.20095
G0 F7200 X121.565 Y115.637
G0 X121.565 Y115.547
G0 X121.86 Y115.355
;TYPE:SKIN
G1 F1800 X122.144 Y115.356 E55.20284
G0 F7200 X122.173 Y115.51
G1 F1500 E48.70284
G0 F7200 X122.173 Y115.508
G0 X121.577 Y112.622
G1 F1500 E55.20284
G0 F7200 X121.675 Y112.62
;TYPE:WALL-OUTER
G1 F1800 X121.565 Y112.637 E55.20424
G1 X121.565 Y112.142 E55.21044
G1 X121.731 Y112.116 E55.21255
G1 X121.812 Y112.108 E55.21357
G1 X122.091 Y112.102 E55.21707
G1 X122.224 Y112.111 E55.21874
G1 X122.33 Y112.125 E55.22008
G1 X122.435 Y112.142 E55.22142
G1 X122.435 Y112.636 E55.22761
G1 X122.324 Y112.619 E55.22902
G1 X122.104 Y112.602 E55.23179
G1 X121.788 Y112.608 E55.23575
G1 X121.675 Y112.62 E55.23718
G0 F7200 X121.565 Y112.637
G0 X121.565 Y112.548
G0 X121.97 Y112.354
;TYPE:SKIN
G1 F1800 X122.221 Y112.322 E55.23842
G0 F7200 X122.037 Y112.504
G1 F1500 E48.73842
G0 F7200 X122.038 Y112.503
G0 X121.577 Y109.622
G1 F1500 E55.23842
G0 F7200 X121.674 Y109.62
;TYPE:WALL-OUTER
G1 F1800 X121.565 Y109.637 E55.2398
G1 X121.565 Y109.142 E55.24601
G1 X121.731 Y109.116 E55.24812
G1 X121.812 Y109.108 E55.24914
G1 X122.091 Y109.102 E55.25264
G1 X122.224 Y109.111 E55.25431
G1 X122.33 Y109.125 E55.25565
G1 X122.435 Y109.142 E55.25698
G1 X122.435 Y109.637 E55.26319
G1 X122.325 Y109.62 E55.26459
G1 X122.212 Y109.608 E55.26601
G1 X121.895 Y109.602 E55.26999
G1 X121.745 Y109.612 E55.27187
G1 X121.674 Y109.62 E55.27277
G0 F7200 X121.565 Y109.637
G0 X121.565 Y109.547
G0 X121.806 Y109.361
;TYPE:SKIN
G1 F1800 X122.082 Y109.354 E55.2746
G0 F7200 X122.121 Y109.505
G1 F1500 E48.7746
G0 F7200 X123.3 Y109.521
G0 X128.7 Y109.521
G1 F1500 E55.2746
G0 F7200 X129.674 Y109.62
;TYPE:WALL-OUTER
G1 F1800 X129.565 Y109.637 E55.27598
G1 X129.565 Y109.142 E55.28219
G1 X129.731 Y109.116 E55.2843
G1 X129.909 Y109.102 E55.28654
G1 X130.189 Y109.108 E55.29005
G1 X130.269 Y109.116 E55.29106
G1 X130.435 Y109.142 E55.29316
G1 X130.435 Y109.637 E55.29937
G1 X130.325 Y109.62 E55.30077
G1 X130.212 Y109.608 E55.30219
G1 X129.895 Y109.602 E55.30617
G1 X129.745 Y109.612 E55.30805
G1 X129.674 Y109.62 E55.30895
G0 F7200 X129.565 Y109.637
G0 X129.565 Y109.547
G0 X129.945 Y109.298
;TYPE:SKIN
G1 F1800 X130.057 Y109.409 E55.30994
G0 F7200 X130.055 Y109.505
G1 F1500 E48.80994
G0 F7200 X130.188 Y112.127
G1 F1500 E55.30994
G0 F7200 X130.435 Y112.142
;TYPE:WALL-OUTER
G1 F1800 X130.435 Y112.637 E55.31615
G1 X130.325 Y112.62 E55.31754
G1 X130.212 Y112.608 E55.31897
G1 X129.895 Y112.602 E55.32294
G1 X129.744 Y112.612 E55.32484
G1 X129.565 Y112.636 E55.32711
G1 X129.565 Y112.142 E55.3333
G1 X129.731 Y112.116 E55.33541
G1 X129.909 Y112.102 E55.33765
G1 X130.189 Y112.108 E55.34116
G1 X130.269 Y112.116 E55.34217
G1 X130.435 Y112.142 E55.34427
G0 F7200 X130.435 Y112.342
G0 X130.176 Y112.357
;TYPE:SKIN
G1 F1800 X129.89 Y112.354 E55.34617
G0 F7200 X129.834 Y112.204
G1 F1500 E48.84617
G0 F7200 X129.833 Y112.209
G0 X129.733 Y115.135
G1 F1500 E55.34617
G0 F7200 X129.674 Y115.62
;TYPE:WALL-OUTER
G1 F1800 X129.565 Y115.637 E55.34756
G1 X129.565 Y115.142 E55.35377
G1 X129.731 Y115.116 E55.35587
G1 X129.909 Y115.102 E55.35811
G1 X130.189 Y115.108 E55.36162
G1 X130.269 Y115.116 E55.36263
G1 X130.435 Y115.142 E55.36474
G1 X130.435 Y115.637 E55.37095
G1 X130.325 Y115.62 E55.37234
G1 X130.212 Y115.608 E55.37377
G1 X129.895 Y115.602 E55.37774
G1 X129.745 Y115.612 E55.37963
G1 X129.674 Y115.62 E55.38052
G0 F7200 X129.565 Y115.637
G0 X129.565 Y115.547
G0 X129.796 Y115.371
;TYPE:SKIN
G1 F1800 X130.062 Y115.354 E55.38217
G0 F7200 X130.116 Y115.506
G1 F1500 E48.88217
G0 F7200 X129.813 Y118.127
G1 F1500 E55.38217
G0 F7200 X129.675 Y118.62
;TYPE:WALL-OUTER
G1 F1800 X129.565 Y118.637 E55.38357
G1 X129.565 Y118.142 E55.38977
G1 X129.731 Y118.116 E55.39188
G1 X129.812 Y118.108 E55.3929
G1 X130.091 Y118.102 E55.3964
G1 X130.224 Y118.111 E55.39807
G1 X130.33 Y118.125 E55.39941
G1 X130.435 Y118.142 E55.40075
G1 X130.435 Y118.636 E55.40694
G1 X130.324 Y118.619 E55.40835
G1 X130.104 Y118.602 E55.41112
G1 X129.788 Y118.608 E55.41508
G1 X129.675 Y118.62 E55.41651
G0 F7200 X129.565 Y118.637
G0 X129.565 Y118.548
G0 X129.951 Y118.354
;TYPE:SKIN
G1 F1800 X130.211 Y118.332 E55.41795
G0 F7200 X130.033 Y118.203
G1 F1500 E48.91795
G0 F7200 X130.032 Y118.204
G0 X131.3 Y118.621
G0 X136.085 Y118.621
G0 X137.65 Y120.63
G1 F1500 E55.41795
G0 F7200 X137.75 Y120.7
;TYPE:WALL-OUTER
G1 F1800 X136.95 Y120.7 E55.42798
G1 X136.95 Y108.3 E55.58348
G1 X137.75 Y108.3 E55.59351
G1 X137.75 Y120.7 E55.74901
G0 F7200 X137.55 Y120.7
G0 X137.309 Y120.338
;TYPE:SKIN
G1 F1800 X137.349 Y120.095 E55.75228
G1 X137.349 Y108.781 E55.90234
G1 X137.449 Y108.599 E55.9051
G0 F7200 X137.344 Y108.494
G0 X137.144 Y120.456
G1 F1800 X137.192 Y120.504 E55.90552
G0 F7200 X137.35 Y120.3
G1 F1500 E49.40552
;MESH:NONMESH
G0 F600 X137.35 Y120.3 Z4.4
G0 F7200 X136.97 Y109.503
G0 X130.239 Y108.245
G0 X121.617 Y108.259
G0 X115.3 Y109.503
G0 X114.106 Y109.503
G1 F1500 E55.90552
G0 F7200 X114.105 Y109.602
;TIME_ELAPSED:446.062616
;LAYER:21
;TYPE:WALL-OUTER
;MESH:output_v2\A_fina_conjunto.stl
G1 F1800 X113.784 Y109.608 E55.90955
G1 X113.784 Y109.111 E55.91578
G1 X113.812 Y109.108 E55.91613
G1 X114.102 Y109.102 E55.91977
G1 X114.216 Y109.11 E55.92121
G1 X114.216 Y109.61 E55.92748
G1 X114.105 Y109.602 E55.92887
G0 F7200 X113.905 Y109.605
G0 X113.904 Y109.507
G1 F1500 E49.42887
G0 F7200 X113.905 Y109.505
G0 X114.102 Y112.121
G1 F1500 E55.92887
G0 F7200 X114.105 Y112.602
G1 F1800 X113.784 Y112.608 E55.9329
G1 X113.784 Y112.111 E55.93913
G1 X113.812 Y112.108 E55.93948
G1 X114.102 Y112.102 E55.94312
G1 X114.216 Y112.11 E55.94455
G1 X114.216 Y112.61 E55.95082
G1 X114.105 Y112.602 E55.95222
G0 F7200 X113.905 Y112.605
G0 X113.904 Y112.507
G1 F1500 E49.45222
G0 F7200 X113.905 Y112.505
G0 X114.102 Y115.121
G1 F1500 E55.95222
G0 F7200 X114.105 Y115.602
G1 F1800 X113.784 Y115.608 E55.95625
G1 X113.784 Y115.111 E55.96248
G1 X113.812 Y115.108 E55.96283
G1 X114.102 Y115.102 E55.96647
G1 X114.216 Y115.11 E55.9679
G1 X114.216 Y115.61 E55.97417
G1 X114.105 Y115.602 E55.97557
G0 F7200 X113.905 Y115.605
G0 X113.979 Y115.406
;TYPE:SKIN
G1 F1800 X114.02 Y115.364 E55.97594
G0 F7200 X114.184 Y115.364
G1 F1500 E49.47594
G0 F7200 X114.116 Y115.364
G0 X114.102 Y118.121
G1 F1500 E55.97594
G0 F7200 X114.105 Y118.602
;TYPE:WALL-OUTER
G1 F1800 X113.784 Y118.608 E55.97996
G1 X113.784 Y118.111 E55.98619
G1 X113.812 Y118.108 E55.98655
G1 X114.102 Y118.102 E55.99019
G1 X114.216 Y118.11 E55.99162
G1 X114.216 Y118.61 E55.99789
G1 X114.105 Y118.602 E55.99928
G0 F7200 X113.905 Y118.605
G0 X113.904 Y118.507
G1 F1500 E49.49928
G0 F7200 X113.905 Y118.505
G0 X110.283 Y119.415
G0 X109.347 Y119.8
G1 F1500 E55.99928
G0 F7200 X109.417 Y119.9
G1 F1800 X109.019 Y119.9 E56.00428
G1 X109.019 Y119.4 E56.01055
G1 X109.418 Y119.4 E56.01555
G1 X109.417 Y119.9 E56.0218
G0 F7200 X109.217 Y119.9
G0 X109.217 Y119.8
G1 F1500 E49.5218
G0 F7200 X107.03 Y119.886
G1 F1500 E56.0218
G0 F7200 X107.05 Y120.7
G1 F1800 X106.25 Y120.7 E56.03183
G1 X106.25 Y108.3 E56.18733
G1 X107.05 Y108.3 E56.19736
G1 X107.05 Y120.7 E56.35286
G0 F7200 X106.85 Y120.7
G0 X106.736 Y120.386
;TYPE:SKIN
G1 F1800 X106.649 Y120.189 E56.3557
G1 X106.649 Y108.876 E56.50458
G1 X106.597 Y108.646 E56.50768
G0 F7200 X106.65 Y108.7
G1 F1500 E50.00768
G0 F7200 X107.03 Y118.503
G0 X112.921 Y118.612
G0 X115.067 Y119.584
G0 X120.919 Y118.503
G0 X122.107 Y118.503
G1 F1500 E56.50768
G0 F7200 X122.105 Y118.602
;TYPE:WALL-OUTER
G1 F1800 X121.784 Y118.608 E56.51171
G1 X121.784 Y118.111 E56.51794
G1 X121.811 Y118.108 E56.51828
G1 X122.102 Y118.102 E56.52193
G1 X122.216 Y118.11 E56.52336
G1 X122.216 Y118.61 E56.52963
G1 X122.105 Y118.602 E56.53103
G0 F7200 X121.905 Y118.605
G0 X121.904 Y118.507
G1 F1500 E50.03103
G0 F7200 X121.905 Y118.505
G0 X121.797 Y115.595
G1 F1500 E56.53103
G0 F7200 X121.883 Y115.602
G1 F1800 X121.784 Y115.609 E56.53227
G1 X121.784 Y115.111 E56.53852
G1 X121.91 Y115.102 E56.5401
G1 X122.189 Y115.108 E56.5436
G1 X122.216 Y115.111 E56.54394
G1 X122.216 Y115.608 E56.55018
G1 X121.883 Y115.602 E56.55435
G0 F7200 X121.784 Y115.609
G0 X121.784 Y115.508
G0 X121.978 Y115.326
;TYPE:SKIN
G1 F1800 X122.006 Y115.298 E56.5546
G0 F7200 X122.008 Y115.205
G1 F1500 E50.0546
G0 F7200 X122.203 Y112.596
G1 F1500 E56.5546
G0 F7200 X122.105 Y112.602
;TYPE:WALL-OUTER
G1 F1800 X121.784 Y112.608 E56.55863
G1 X121.784 Y112.111 E56.56486
G1 X121.811 Y112.108 E56.5652
G1 X122.102 Y112.102 E56.56885
G1 X122.216 Y112.11 E56.57028
G1 X122.216 Y112.61 E56.57655
G1 X122.105 Y112.602 E56.57795
G0 F7200 X121.905 Y112.605
G0 X121.904 Y112.507
G1 F1500 E50.07795
G0 F7200 X121.905 Y112.505
G0 X121.797 Y109.595
G1 F1500 E56.57795
G0 F7200 X121.883 Y109.602
G1 F1800 X121.784 Y109.609 E56.57919
G1 X121.784 Y109.111 E56.58544
G1 X121.811 Y109.108 E56.58578
G1 X122.102 Y109.102 E56.58943
G1 X122.216 Y109.11 E56.59086
G1 X122.216 Y109.608 E56.59711
G1 X121.883 Y109.602 E56.60128
G0 F7200 X121.784 Y109.609
G0 X121.784 Y109.508
G0 X121.978 Y109.386
;TYPE:SKIN
G1 F1800 X122.019 Y109.345 E56.60165
G0 F7200 X122.184 Y109.345
G1 F1500 E50.10165
G0 F7200 X122.116 Y109.345
G0 X128.919 Y109.503
G1 F1500 E56.60165
G0 F7200 X129.883 Y109.602
;TYPE:WALL-OUTER
G1 F1800 X129.784 Y109.609 E56.60289
G1 X129.784 Y109.111 E56.60914
G1 X129.91 Y109.102 E56.61072
G1 X130.189 Y109.108 E56.61422
G1 X130.216 Y109.111 E56.61456
G1 X130.216 Y109.608 E56.62079
G1 X129.883 Y109.602 E56.62497
G0 F7200 X129.784 Y109.609
G0 X129.784 Y109.508
G0 X129.816 Y109.508
G1 F1500 E50.12497
G0 F7200 X129.881 Y109.503
G0 X129.91 Y112.121
G1 F1500 E56.62497
G0 F7200 X129.883 Y112.602
G1 F1800 X129.784 Y112.609 E56.62622
G1 X129.784 Y112.111 E56.63246
G1 X129.91 Y112.102 E56.63405
G1 X130.189 Y112.108 E56.63754
G1 X130.216 Y112.111 E56.63789
G1 X130.216 Y112.608 E56.64412
G1 X129.883 Y112.602 E56.64829
G0 F7200 X129.784 Y112.609
G0 X129.784 Y112.508
G0 X129.986 Y112.409
;TYPE:SKIN
G1 F1800 X130.019 Y112.376 E56.64859
G0 F7200 X130.184 Y112.376
G1 F1500 E50.14859
G0 F7200 X130.116 Y112.376
G0 X129.91 Y115.121
G1 F1500 E56.64859
G0 F7200 X129.883 Y115.602
;TYPE:WALL-OUTER
G1 F1800 X129.784 Y115.609 E56.64983
G1 X129.784 Y115.111 E56.65608
G1 X129.91 Y115.102 E56.65766
G1 X130.189 Y115.108 E56.66116
G1 X130.216 Y115.111 E56.6615
G1 X130.216 Y115.608 E56.66773
G1 X129.883 Y115.602 E56.67191
G0 F7200 X129.784 Y115.609
G0 X129.784 Y115.508
G0 X129.816 Y115.508
G1 F1500 E50.17191
G0 F7200 X129.881 Y115.503
G0 X130.102 Y118.121
G1 F1500 E56.67191
G0 F7200 X130.105 Y118.602
G1 F1800 X129.784 Y118.608 E56.67594
G1 X129.784 Y118.111 E56.68217
G1 X129.811 Y118.108 E56.68251
G1 X130.102 Y118.102 E56.68616
G1 X130.216 Y118.11 E56.68759
G1 X130.216 Y118.61 E56.69386
G1 X130.105 Y118.602 E56.69526
G0 F7200 X129.905 Y118.605
G0 X129.978 Y118.356
;TYPE:SKIN
G1 F1800 X130.019 Y118.315 E56.69562
G0 F7200 X130.184 Y118.315
G1 F1500 E50.19562
G0 F7200 X130.116 Y118.315
G0 X131.081 Y118.596
G0 X136.085 Y118.596
G0 X137.65 Y120.63
G1 F1500 E56.69562
G0 F7200 X137.75 Y120.7
;TYPE:WALL-OUTER
G1 F1800 X136.95 Y120.7 E56.70565
G1 X136.95 Y108.3 E56.86116
G1 X137.75 Y108.3 E56.87119
G1 X137.75 Y120.7 E57.02669
G0 F7200 X137.55 Y120.7
G0 X137.5 Y120.451
;TYPE:SKIN
G1 F1800 X137.359 Y120.31 E57.02926
G1 X137.349 Y114.945 E57.09849
G1 X137.349 Y108.723 E57.17878
G1 X137.219 Y108.569 E57.18138
G0 F7200 X137.35 Y108.7
G1 F1500 E50.68138
;MESH:NONMESH
G0 F600 X137.35 Y108.7 Z4.6
G0 F7200 X136.085 Y109.375
G0 X130.404 Y108.261
G0 X121.62 Y108.259
G0 X115.081 Y109.375
G0 X114.025 Y109.375
;TIME_ELAPSED:459.046754
;LAYER:22
;TYPE:WALL-OUTER
;MESH:output_v2\A_fina_conjunto.stl
G1 F1500 E57.18138
G1 F1800 X113.975 Y109.375 E57.18201
G1 X113.975 Y109.325 E57.18264
G1 X114.025 Y109.325 E57.18271
G1 X114.025 Y109.375 E57.18279
G0 F7200 X113.975 Y109.375
G0 X113.975 Y109.325
G0 X114.025 Y109.325
G0 X114.025 Y109.375
G1 F1500 E50.68279
G0 F7200 X114.025 Y109.36
G0 X114.011 Y111.46
G1 F1500 E57.18279
G0 F7200 X114.025 Y112.375
G1 F1800 X113.975 Y112.375 E57.18342
G1 X113.975 Y112.325 E57.18405
G1 X114.025 Y112.325 E57.18412
G1 X114.025 Y112.375 E57.1842
G0 F7200 X113.975 Y112.375
G0 X113.975 Y112.325
G0 X114.025 Y112.325
G0 X114.025 Y112.375
G1 F1500 E50.6842
G0 F7200 X114.025 Y112.36
G0 X114.011 Y114.46
G1 F1500 E57.1842
G0 F7200 X114.025 Y115.375
G1 F1800 X113.975 Y115.375 E57.18483
G1 X113.975 Y115.325 E57.18546
G1 X114.025 Y115.325 E57.18553
G1 X114.025 Y115.375 E57.18561
G0 F7200 X113.975 Y115.375
G0 X113.975 Y115.325
G0 X114.025 Y115.325
G0 X114.025 Y115.375
G1 F1500 E50.68561
G0 F7200 X114.025 Y115.36
G0 X114.011 Y117.46
G1 F1500 E57.18561
G0 F7200 X114.025 Y118.375
G1 F1800 X113.975 Y118.375 E57.18624
G1 X113.975 Y118.325 E57.18687
G1 X114.025 Y118.325 E57.18695
G1 X114.025 Y118.375 E57.18702
G0 F7200 X113.975 Y118.375
G0 X113.975 Y118.325
G0 X114.025 Y118.325
G0 X114.025 Y118.375
G1 F1500 E50.68702
G0 F7200 X114.025 Y118.36
G0 X110.284 Y119.415
G0 X109.348 Y119.8
G1 F1500 E57.18702
G0 F7200 X109.418 Y119.9
G1 F1800 X109.02 Y119.9 E57.19202
G1 X109.02 Y119.4 E57.19829
G1 X109.419 Y119.4 E57.20329
G1 X109.418 Y119.9 E57.20954
G0 F7200 X109.218 Y119.9
G0 X109.218 Y119.8
G1 F1500 E50.70954
G0 F7200 X107.03 Y119.886
G1 F1500 E57.20954
G0 F7200 X107.05 Y120.7
G1 F1800 X106.25 Y120.7 E57.21957
G1 X106.25 Y108.3 E57.37507
G1 X107.05 Y108.3 E57.3851
G1 X107.05 Y120.7 E57.5406
G0 F7200 X106.85 Y120.7
G0 X106.65 Y120.226
;TYPE:SKIN
G1 F1800 X106.65 Y119.943 E57.54434
G1 X106.65 Y108.912 E57.69013
G1 X106.826 Y108.523 E57.69578
G0 F7200 X106.797 Y108.494
G0 X106.445 Y120.304
G1 F1800 X106.644 Y120.503 E57.69754
G0 F7200 X106.65 Y120.3
G1 F1500 E51.19754
G0 F7200 X107.03 Y118.36
G0 X113.116 Y118.737
G0 X114.702 Y119.228
G0 X121.11 Y118.36
G1 F1500 E57.69754
G0 F7200 X122.025 Y118.375
;TYPE:WALL-OUTER
G1 F1800 X121.975 Y118.375 E57.69817
G1 X121.975 Y118.325 E57.69879
G1 X122.025 Y118.325 E57.69887
G1 X122.025 Y118.375 E57.69895
G0 F7200 X121.975 Y118.375
G0 X121.975 Y118.325
G0 X122.025 Y118.325
G0 X122.025 Y118.375
G1 F1500 E51.19895
G0 F7200 X122.025 Y118.36
G0 X122.011 Y116.24
G1 F1500 E57.69895
G0 F7200 X122.025 Y115.375
G1 F1800 X121.975 Y115.375 E57.69958
G1 X121.975 Y115.325 E57.7002
G1 X122.025 Y115.325 E57.70028
G1 X122.025 Y115.375 E57.70036
G0 F7200 X121.975 Y115.375
G0 X121.975 Y115.325
G0 X122.025 Y115.325
G0 X122.025 Y115.375
G1 F1500 E51.20036
G0 F7200 X122.025 Y115.36
G0 X122.011 Y113.24
G1 F1500 E57.70036
G0 F7200 X122.025 Y112.375
G1 F1800 X121.975 Y112.375 E57.70099
G1 X121.975 Y112.325 E57.70162
G1 X122.025 Y112.325 E57.70169
G1 X122.025 Y112.375 E57.70177
G0 F7200 X121.975 Y112.375
G0 X121.975 Y112.325
G0 X122.025 Y112.325
G0 X122.025 Y112.375
G1 F1500 E51.20177
G0 F7200 X122.025 Y112.36
G0 X122.011 Y110.24
G1 F1500 E57.70177
G0 F7200 X122.025 Y109.375
G1 F1800 X121.975 Y109.375 E57.7024
G1 X121.975 Y109.325 E57.70303
G1 X122.025 Y109.325 E57.7031
G1 X122.025 Y109.375 E57.70318
G0 F7200 X121.975 Y109.375
G0 X121.975 Y109.325
G0 X122.025 Y109.325
G0 X122.025 Y109.375
G1 F1500 E51.20318
G0 F7200 X122.025 Y109.36
G0 X129.11 Y109.36
G1 F1500 E57.70318
G0 F7200 X130.025 Y109.375
G1 F1800 X129.975 Y109.375 E57.70381
G1 X129.975 Y109.325 E57.70444
G1 X130.025 Y109.325 E57.70452
G1 X130.025 Y109.375 E57.70459
G0 F7200 X129.975 Y109.375
G0 X129.975 Y109.325
G0 X130.025 Y109.325
G0 X130.025 Y109.375
G1 F1500 E51.20459
G0 F7200 X130.025 Y109.36
G0 X130.011 Y111.46
G1 F1500 E57.70459
G0 F7200 X130.025 Y112.375
G1 F1800 X129.975 Y112.375 E57.70522
G1 X129.975 Y112.325 E57.70585
G1 X130.025 Y112.325 E57.70593
G1 X130.025 Y112.375 E57.706
G0 F7200 X129.975 Y112.375
G0 X129.975 Y112.325
G0 X130.025 Y112.325
G0 X130.025 Y112.375
G1 F1500 E51.206
G0 F7200 X130.025 Y112.36
G0 X130.011 Y114.46
G1 F1500 E57.706
G0 F7200 X130.025 Y115.375
G1 F1800 X129.975 Y115.375 E57.70663
G1 X129.975 Y115.325 E57.70726
G1 X130.025 Y115.325 E57.70734
G1 X130.025 Y115.375 E57.70742
G0 F7200 X129.975 Y115.375
G0 X129.975 Y115.325
G0 X130.025 Y115.325
G0 X130.025 Y115.375
G1 F1500 E51.20742
G0 F7200 X130.025 Y115.36
G0 X130.011 Y117.46
G1 F1500 E57.70742
G0 F7200 X130.025 Y118.375
G1 F1800 X129.975 Y118.375 E57.70804
G1 X129.975 Y118.325 E57.70867
G1 X130.025 Y118.325 E57.70875
G1 X130.025 Y118.375 E57.70883
G0 F7200 X129.975 Y118.375
G0 X129.975 Y118.325
G0 X130.025 Y118.325
G0 X130.025 Y118.375
G1 F1500 E51.20883
G0 F7200 X130.025 Y118.36
G0 X136.085 Y118.361
G0 X137.65 Y120.63
G1 F1500 E57.70883
G0 F7200 X137.75 Y120.7
G1 F1800 X136.95 Y120.7 E57.71886
G1 X136.95 Y108.3 E57.87436
G1 X137.75 Y108.3 E57.88439
G1 X137.75 Y120.7 E58.03989
G0 F7200 X137.55 Y120.7
G0 X137.309 Y120.338
;TYPE:SKIN
G1 F1800 X137.349 Y120.095 E58.04316
G1 X137.349 Y108.781 E58.19322
G1 X137.449 Y108.599 E58.19598
G0 F7200 X137.344 Y108.494
G0 X137.144 Y120.456
G1 F1800 X137.192 Y120.504 E58.1964
G0 F7200 X137.35 Y120.3
G1 F1500 E51.6964
;MESH:NONMESH
G0 F600 X137.35 Y120.3 Z4.8
G0 F7200 X136.97 Y109.36
G0 X130.878 Y110.228
G0 X121.122 Y110.228
G0 X114.89 Y109.36
G1 F1500 E58.1964
G0 F7200 X114.025 Y109.375
;TIME_ELAPSED:472.103953
;LAYER:23
;TYPE:WALL-OUTER
;MESH:output_v2\A_fina_conjunto.stl
G1 F1800 X113.975 Y109.375 E58.19703
G1 X113.975 Y109.325 E58.19766
G1 X114.025 Y109.325 E58.19773
G1 X114.025 Y109.375 E58.19781
G0 F7200 X113.975 Y109.375
G0 X113.975 Y109.325
G0 X114.025 Y109.325
G0 X114.025 Y109.375
G1 F1500 E51.69781
G0 F7200 X114.025 Y109.36
G0 X114.011 Y111.46
G1 F1500 E58.19781
G0 F7200 X114.025 Y112.375
G1 F1800 X113.975 Y112.375 E58.19844
G1 X113.975 Y112.325 E58.19907
G1 X114.025 Y112.325 E58.19915
G1 X114.025 Y112.375 E58.19922
G0 F7200 X113.975 Y112.375
G0 X113.975 Y112.325
G0 X114.025 Y112.325
G0 X114.025 Y112.375
G1 F1500 E51.69922
G0 F7200 X114.025 Y112.36
G0 X114.011 Y114.46
G1 F1500 E58.19922
G0 F7200 X114.025 Y115.375
G1 F1800 X113.975 Y115.375 E58.19985
G1 X113.975 Y115.325 E58.20048
G1 X114.025 Y115.325 E58.20056
G1 X114.025 Y115.375 E58.20063
G0 F7200 X113.975 Y115.375
G0 X113.975 Y115.325
G0 X114.025 Y115.325
G0 X114.025 Y115.375
G1 F1500 E51.70063
G0 F7200 X114.025 Y115.36
G0 X114.011 Y117.46
G1 F1500 E58.20063
G0 F7200 X114.025 Y118.375
G1 F1800 X113.975 Y118.375 E58.20126
G1 X113.975 Y118.325 E58.20189
G1 X114.025 Y118.325 E58.20197
G1 X114.025 Y118.375 E58.20205
G0 F7200 X113.975 Y118.375
G0 X113.975 Y118.325
G0 X114.025 Y118.325
G0 X114.025 Y118.375
G1 F1500 E51.70205
G0 F7200 X114.025 Y118.36
G0 X110.285 Y119.415
G0 X109.349 Y119.8
G1 F1500 E58.20205
G0 F7200 X109.419 Y119.9
G1 F1800 X109.021 Y119.9 E58.20704
G1 X109.021 Y119.4 E58.21331
G1 X109.42 Y119.4 E58.21831
G1 X109.419 Y119.9 E58.22456
G0 F7200 X109.219 Y119.9
G0 X109.219 Y119.8
G1 F1500 E51.72456
G0 F7200 X107.03 Y119.886
G1 F1500 E58.22456
G0 F7200 X107.05 Y120.7
G1 F1800 X106.25 Y120.7 E58.23459
G1 X106.25 Y108.3 E58.39009
G1 X107.05 Y108.3 E58.40012
G1 X107.05 Y120.7 E58.55562
G0 F7200 X106.85 Y120.7
G0 X106.736 Y120.386
;TYPE:SKIN
G1 F1800 X106.649 Y120.189 E58.55846
G1 X106.649 Y108.876 E58.70734
G1 X106.597 Y108.646 E58.71044
G0 F7200 X106.65 Y108.7
G1 F1500 E52.21044
G0 F7200 X107.03 Y118.36
G0 X113.116 Y118.737
G0 X114.702 Y119.228
G0 X121.11 Y118.36
G1 F1500 E58.71044
G0 F7200 X122.025 Y118.375
;TYPE:WALL-OUTER
G1 F1800 X121.975 Y118.375 E58.71107
G1 X121.975 Y118.325 E58.7117
G1 X122.025 Y118.325 E58.71178
G1 X122.025 Y118.375 E58.71185
G0 F7200 X121.975 Y118.375
G0 X121.975 Y118.325
G0 X122.025 Y118.325
G0 X122.025 Y118.375
G1 F1500 E52.21185
G0 F7200 X122.025 Y118.36
G0 X122.011 Y116.24
G1 F1500 E58.71185
G0 F7200 X122.025 Y115.375
G1 F1800 X121.975 Y115.375 E58.71248
G1 X121.975 Y115.325 E58.71311
G1 X122.025 Y115.325 E58.71319
G1 X122.025 Y115.375 E58.71326
G0 F7200 X121.975 Y115.375
G0 X121.975 Y115.325
G0 X122.025 Y115.325
G0 X122.025 Y115.375
G1 F1500 E52.21326
G0 F7200 X122.025 Y115.36
G0 X122.011 Y113.24
G1 F1500 E58.71326
G0 F7200 X122.025 Y112.375
G1 F1800 X121.975 Y112.375 E58.71389
G1 X121.975 Y112.325 E58.71452
G1 X122.025 Y112.325 E58.7146
G1 X122.025 Y112.375 E58.71468
G0 F7200 X121.975 Y112.375
G0 X121.975 Y112.325
G0 X122.025 Y112.325
G0 X122.025 Y112.375
G1 F1500 E52.21468
G0 F7200 X122.025 Y112.36
G0 X122.011 Y110.24
G1 F1500 E58.71468
G0 F7200 X122.025 Y109.375
G1 F1800 X121.975 Y109.375 E58.7153
G1 X121.975 Y109.325 E58.71593
G1 X122.025 Y109.325 E58.71601
G1 X122.025 Y109.375 E58.71609
G0 F7200 X121.975 Y109.375
G0 X121.975 Y109.325
G0 X122.025 Y109.325
G0 X122.025 Y109.375
G1 F1500 E52.21609
G0 F7200 X122.025 Y109.36
G0 X129.11 Y109.36
G1 F1500 E58.71609
G0 F7200 X130.025 Y109.375
G1 F1800 X129.975 Y109.375 E58.71671
G1 X129.975 Y109.325 E58.71734
G1 X130.025 Y109.325 E58.71742
G1 X130.025 Y109.375 E58.7175
G0 F7200 X129.975 Y109.375
G0 X129.975 Y109.325
G0 X130.025 Y109.325
G0 X130.025 Y109.375
G1 F1500 E52.2175
G0 F7200 X130.025 Y109.36
G0 X130.011 Y111.46
G1 F1500 E58.7175
G0 F7200 X130.025 Y112.375
G1 F1800 X129.975 Y112.375 E58.71812
G1 X129.975 Y112.325 E58.71875
G1 X130.025 Y112.325 E58.71883
G1 X130.025 Y112.375 E58.71891
G0 F7200 X129.975 Y112.375
G0 X129.975 Y112.325
G0 X130.025 Y112.325
G0 X130.025 Y112.375
G1 F1500 E52.21891
G0 F7200 X130.025 Y112.36
G0 X130.011 Y114.46
G1 F1500 E58.71891
G0 F7200 X130.025 Y115.375
G1 F1800 X129.975 Y115.375 E58.71953
G1 X129.975 Y115.325 E58.72016
G1 X130.025 Y115.325 E58.72024
G1 X130.025 Y115.375 E58.72032
G0 F7200 X129.975 Y115.375
G0 X129.975 Y115.325
G0 X130.025 Y115.325
G0 X130.025 Y115.375
G1 F1500 E52.22032
G0 F7200 X130.025 Y115.36
G0 X130.011 Y117.46
G1 F1500 E58.72032
G0 F7200 X130.025 Y118.375
G1 F1800 X129.975 Y118.375 E58.72095
G1 X129.975 Y118.325 E58.72157
G1 X130.025 Y118.325 E58.72165
G1 X130.025 Y118.375 E58.72173
G0 F7200 X129.975 Y118.375
G0 X129.975 Y118.325
G0 X130.025 Y118.325
G0 X130.025 Y118.375
G1 F1500 E52.22173
G0 F7200 X130.025 Y118.36
G0 X136.085 Y118.361
G0 X137.65 Y120.63
G1 F1500 E58.72173
G0 F7200 X137.75 Y120.7
G1 F1800 X136.95 Y120.7 E58.73176
G1 X136.95 Y108.3 E58.88726
G1 X137.75 Y108.3 E58.89729
G1 X137.75 Y120.7 E59.05279
G0 F7200 X137.55 Y120.7
G0 X137.5 Y120.451
;TYPE:SKIN
G1 F1800 X137.359 Y120.31 E59.05537
G1 X137.349 Y114.945 E59.1246
G1 X137.349 Y108.723 E59.20489
G1 X137.219 Y108.569 E59.20749
G0 F7200 X137.35 Y108.7
G1 F1500 E52.70749
;MESH:NONMESH
G0 F600 X137.35 Y108.7 Z5
G0 F7200 X136.085 Y109.36
G0 X130.878 Y110.228
G0 X121.122 Y110.228
G0 X114.89 Y109.36
G1 F1500 E59.20749
G0 F7200 X114.104 Y109.602
;TIME_ELAPSED:484.574084
;LAYER:24
;TYPE:WALL-OUTER
;MESH:output_v2\A_fina_conjunto.stl
G1 F1800 X113.783 Y109.608 E59.21151
G1 X113.782 Y109.111 E59.21775
G1 X113.812 Y109.108 E59.21812
G1 X114.092 Y109.102 E59.22164
G1 X114.217 Y109.111 E59.22321
G1 X114.218 Y109.609 E59.22945
G1 X114.104 Y109.602 E59.23089
G0 F7200 X113.904 Y109.605
G0 X113.903 Y109.507
G1 F1500 E52.73089
G0 F7200 X113.904 Y109.505
G0 X114.092 Y112.121
G1 F1500 E59.23089
G0 F7200 X114.104 Y112.602
G1 F1800 X113.783 Y112.609 E59.23491
G1 X113.782 Y112.111 E59.24116
G1 X113.812 Y112.108 E59.24154
G1 X114.092 Y112.102 E59.24505
G1 X114.217 Y112.111 E59.24662
G1 X114.218 Y112.609 E59.25286
G1 X114.104 Y112.602 E59.2543
G0 F7200 X113.904 Y112.606
G0 X113.902 Y112.507
G1 F1500 E52.7543
G0 F7200 X113.903 Y112.506
G0 X114.092 Y115.121
G1 F1500 E59.2543
G0 F7200 X114.104 Y115.602
G1 F1800 X113.783 Y115.609 E59.25832
G1 X113.782 Y115.111 E59.26457
G1 X113.812 Y115.108 E59.26495
G1 X114.092 Y115.102 E59.26846
G1 X114.217 Y115.111 E59.27003
G1 X114.218 Y115.609 E59.27627
G1 X114.104 Y115.602 E59.27771
G0 F7200 X113.904 Y115.606
G0 X113.902 Y115.507
G1 F1500 E52.77771
G0 F7200 X113.903 Y115.506
G0 X114.092 Y118.121
G1 F1500 E59.27771
G0 F7200 X114.104 Y118.602
G1 F1800 X113.783 Y118.609 E59.28173
G1 X113.782 Y118.111 E59.28798
G1 X113.812 Y118.108 E59.28836
G1 X114.092 Y118.102 E59.29187
G1 X114.217 Y118.111 E59.29344
G1 X114.218 Y118.609 E59.29969
G1 X114.104 Y118.602 E59.30112
G0 F7200 X113.904 Y118.606
G0 X113.902 Y118.507
G1 F1500 E52.80112
G0 F7200 X113.903 Y118.506
G0 X110.286 Y119.415
G0 X109.35 Y119.8
G1 F1500 E59.30112
G0 F7200 X109.42 Y119.9
G1 F1800 X109.022 Y119.9 E59.30611
G1 X109.022 Y119.4 E59.31238
G1 X109.421 Y119.4 E59.31738
G1 X109.42 Y119.9 E59.32363
G0 F7200 X109.22 Y119.9
G0 X109.22 Y119.8
G1 F1500 E52.82363
G0 F7200 X107.03 Y119.886
G1 F1500 E59.32363
G0 F7200 X107.05 Y120.7
G1 F1800 X106.25 Y120.7 E59.33366
G1 X106.25 Y108.3 E59.48916
G1 X107.05 Y108.3 E59.49919
G1 X107.05 Y120.7 E59.6547
G0 F7200 X106.85 Y120.7
G0 X106.65 Y120.226
;TYPE:SKIN
G1 F1800 X106.65 Y119.943 E59.65844
G1 X106.65 Y108.912 E59.80423
G1 X106.826 Y108.523 E59.80987
G0 F7200 X106.797 Y108.494
G0 X106.445 Y120.304
G1 F1800 X106.644 Y120.503 E59.81163
G0 F7200 X106.65 Y120.3
G1 F1500 E53.31163
G0 F7200 X107.03 Y118.503
G0 X112.918 Y118.602
G0 X115.069 Y119.601
G0 X120.918 Y118.476
G0 X122.105 Y118.503
G1 F1500 E59.81163
G0 F7200 X122.104 Y118.602
;TYPE:WALL-OUTER
G1 F1800 X121.783 Y118.609 E59.81566
G1 X121.782 Y118.111 E59.82191
G1 X121.812 Y118.108 E59.82228
G1 X122.092 Y118.102 E59.8258
G1 X122.217 Y118.111 E59.82737
G1 X122.218 Y118.609 E59.83361
G1 X122.104 Y118.602 E59.83504
G0 F7200 X121.904 Y118.606
G0 X122.021 Y118.344
;TYPE:SKIN
G1 F1800 X121.975 Y118.298 E59.83545
G0 F7200 X121.817 Y118.298
G1 F1500 E53.33545
G0 F7200 X121.883 Y118.299
G0 X122.005 Y115.585
G1 F1500 E59.83545
G0 F7200 X121.896 Y115.602
;TYPE:WALL-OUTER
G1 F1800 X121.783 Y115.609 E59.83687
G1 X121.782 Y115.111 E59.84312
G1 X121.908 Y115.102 E59.8447
G1 X122.189 Y115.108 E59.84823
G1 X122.217 Y115.111 E59.84858
G1 X122.218 Y115.609 E59.85482
G1 X121.896 Y115.602 E59.85886
G0 F7200 X121.783 Y115.609
G0 X121.783 Y115.522
G0 X121.817 Y115.522
G1 F1500 E53.35886
G0 F7200 X121.882 Y115.502
G0 X122.205 Y112.589
G1 F1500 E59.85886
G0 F7200 X122.104 Y112.602
G1 F1800 X121.783 Y112.609 E59.86289
G1 X121.782 Y112.111 E59.86913
G1 X121.812 Y112.108 E59.86951
G1 X122.092 Y112.102 E59.87302
G1 X122.217 Y112.111 E59.8746
G1 X122.218 Y112.609 E59.88084
G1 X122.104 Y112.602 E59.88227
G0 F7200 X121.904 Y112.606
G0 X122.022 Y112.405
;TYPE:SKIN
G1 F1800 X121.976 Y112.359 E59.88268
G0 F7200 X121.817 Y112.359
G1 F1500 E53.38268
G0 F7200 X121.883 Y112.36
G0 X122.005 Y109.585
G1 F1500 E59.88268
G0 F7200 X121.896 Y109.602
;TYPE:WALL-OUTER
G1 F1800 X121.783 Y109.609 E59.8841
G1 X121.782 Y109.111 E59.89035
G1 X121.812 Y109.108 E59.89072
G1 X122.092 Y109.102 E59.89424
G1 X122.217 Y109.111 E59.89581
G1 X122.218 Y109.609 E59.90205
G1 X121.896 Y109.602 E59.90609
G0 F7200 X121.783 Y109.609
G0 X121.783 Y109.522
G0 X121.817 Y109.522
G1 F1500 E53.40609
G0 F7200 X121.882 Y109.502
G0 X123.082 Y109.516
G0 X128.918 Y109.505
G1 F1500 E59.90609
G0 F7200 X129.896 Y109.602
G1 F1800 X129.783 Y109.609 E59.90751
G1 X129.782 Y109.111 E59.91376
G1 X129.908 Y109.102 E59.91534
G1 X130.189 Y109.108 E59.91887
G1 X130.217 Y109.111 E59.91922
G1 X130.218 Y109.609 E59.92546
G1 X129.896 Y109.602 E59.9295
G0 F7200 X129.783 Y109.609
G0 X129.783 Y109.522
G0 X129.976 Y109.328
;TYPE:SKIN
G1 F1800 X130.022 Y109.374 E59.92991
G0 F7200 X130.183 Y109.374
G1 F1500 E53.42991
G0 F7200 X130.117 Y109.373
G0 X129.908 Y112.121
G1 F1500 E59.92991
G0 F7200 X129.896 Y112.602
;TYPE:WALL-OUTER
G1 F1800 X129.783 Y112.609 E59.93133
G1 X129.782 Y112.111 E59.93758
G1 X129.908 Y112.102 E59.93916
G1 X130.189 Y112.108 E59.94268
G1 X130.217 Y112.111 E59.94304
G1 X130.218 Y112.609 E59.94928
G1 X129.896 Y112.602 E59.95332
G0 F7200 X129.783 Y112.609
G0 X129.783 Y112.522
G0 X129.817 Y112.522
G1 F1500 E53.45332
G0 F7200 X129.882 Y112.502
G0 X129.908 Y115.121
G1 F1500 E59.95332
G0 F7200 X129.896 Y115.602
G1 F1800 X129.783 Y115.609 E59.95474
G1 X129.782 Y115.111 E59.96099
G1 X129.908 Y115.102 E59.96257
G1 X130.189 Y115.108 E59.9661
G1 X130.217 Y115.111 E59.96645
G1 X130.218 Y115.609 E59.97269
G1 X129.896 Y115.602 E59.97673
G0 F7200 X129.783 Y115.609
G0 X129.783 Y115.522
G0 X129.817 Y115.522
G1 F1500 E53.47673
G0 F7200 X129.882 Y115.502
G0 X130.092 Y118.121
G1 F1500 E59.97673
G0 F7200 X130.104 Y118.602
G1 F1800 X129.783 Y118.609 E59.98076
G1 X129.782 Y118.111 E59.987
G1 X129.812 Y118.108 E59.98738
G1 X130.092 Y118.102 E59.99089
G1 X130.217 Y118.111 E59.99247
G1 X130.218 Y118.609 E59.99871
G1 X130.104 Y118.602 E60.00014
G0 F7200 X129.904 Y118.606
G0 X130.005 Y118.408
;TYPE:SKIN
G1 F1800 X129.976 Y118.38 E60.0004
G0 F7200 X129.817 Y118.38
G1 F1500 E53.5004
G0 F7200 X129.883 Y118.381
G0 X131.082 Y118.593
G0 X136.085 Y118.595
G0 X137.65 Y120.63
G1 F1500 E60.0004
G0 F7200 X137.75 Y120.7
;TYPE:WALL-OUTER
G1 F1800 X136.95 Y120.7 E60.01043
G1 X136.95 Y108.3 E60.16593
G1 X137.75 Y108.3 E60.17596
G1 X137.75 Y120.7 E60.33146
G0 F7200 X137.55 Y120.7
G0 X137.309 Y120.338
;TYPE:SKIN
G1 F1800 X137.349 Y120.095 E60.33473
G1 X137.349 Y108.781 E60.48479
G1 X137.449 Y108.599 E60.48755
G0 F7200 X137.344 Y108.494
G0 X137.144 Y120.456
G1 F1800 X137.192 Y120.504 E60.48797
G0 F7200 X137.35 Y120.3
G1 F1500 E53.98797
;MESH:NONMESH
G0 F600 X137.35 Y120.3 Z5.2
G0 F7200 X136.97 Y109.538
G0 X131.069 Y110.601
G0 X120.933 Y110.595
G0 X115.082 Y109.581
G0 X113.883 Y109.538
G1 F1500 E60.48797
G0 F7200 X113.675 Y109.62
;TIME_ELAPSED:498.131418
;LAYER:25
;TYPE:WALL-OUTER
;MESH:output_v2\A_fina_conjunto.stl
G1 F1800 X113.565 Y109.637 E60.48937
G1 X113.564 Y109.142 E60.49558
G1 X113.731 Y109.116 E60.4977
G1 X113.812 Y109.108 E60.49872
G1 X114.092 Y109.102 E60.50223
G1 X114.188 Y109.108 E60.50343
G1 X114.269 Y109.116 E60.50445
G1 X114.435 Y109.142 E60.50656
G1 X114.436 Y109.637 E60.51277
G1 X114.325 Y109.62 E60.51418
G1 X114.216 Y109.609 E60.51555
G1 X114.104 Y109.602 E60.51696
G1 X113.788 Y109.608 E60.52092
G1 X113.675 Y109.62 E60.52235
G0 F7200 X113.565 Y109.637
G0 X113.565 Y109.548
G0 X113.81 Y109.352
;TYPE:SKIN
G1 F1800 X114.09 Y109.354 E60.52419
G0 F7200 X114.15 Y109.204
G1 F1500 E54.02419
G0 F7200 X114.15 Y109.206
G0 X113.813 Y112.127
G1 F1500 E60.52419
G0 F7200 X113.675 Y112.62
;TYPE:WALL-OUTER
G1 F1800 X113.565 Y112.637 E60.52559
G1 X113.564 Y112.142 E60.53179
G1 X113.731 Y112.116 E60.53391
G1 X113.812 Y112.108 E60.53493
G1 X114.092 Y112.102 E60.53845
G1 X114.188 Y112.108 E60.53965
G1 X114.269 Y112.116 E60.54067
G1 X114.435 Y112.142 E60.54278
G1 X114.436 Y112.637 E60.54899
G1 X114.325 Y112.62 E60.5504
G1 X114.216 Y112.609 E60.55177
G1 X114.104 Y112.602 E60.55318
G1 X113.788 Y112.608 E60.55714
G1 X113.675 Y112.62 E60.55857
G0 F7200 X113.565 Y112.637
G0 X113.565 Y112.548
G0 X113.918 Y112.355
;TYPE:SKIN
G1 F1800 X114.192 Y112.363 E60.56038
G0 F7200 X114.038 Y112.504
G1 F1500 E54.06038
G0 F7200 X114.039 Y112.503
G0 X113.813 Y115.127
G1 F1500 E60.56038
G0 F7200 X113.675 Y115.62
;TYPE:WALL-OUTER
G1 F1800 X113.565 Y115.637 E60.56178
G1 X113.564 Y115.142 E60.56799
G1 X113.731 Y115.116 E60.57011
G1 X113.812 Y115.108 E60.57113
G1 X114.092 Y115.102 E60.57464
G1 X114.188 Y115.108 E60.57585
G1 X114.269 Y115.116 E60.57687
G1 X114.435 Y115.142 E60.57897
G1 X114.436 Y115.637 E60.58518
G1 X114.325 Y115.62 E60.58659
G1 X114.216 Y115.609 E60.58796
G1 X114.104 Y115.602 E60.58937
G1 X113.788 Y115.608 E60.59333
G1 X113.675 Y115.62 E60.59476
G0 F7200 X113.565 Y115.637
G0 X113.565 Y115.548
G0 X113.778 Y115.323
;TYPE:SKIN
G1 F1800 X114.032 Y115.352 E60.59611
G0 F7200 X114.087 Y115.202
G1 F1500 E54.09611
G0 F7200 X114.086 Y115.203
G0 X113.813 Y118.127
G1 F1500 E60.59611
G0 F7200 X113.675 Y118.62
;TYPE:WALL-OUTER
G1 F1800 X113.565 Y118.637 E60.59751
G1 X113.564 Y118.142 E60.60371
G1 X113.731 Y118.116 E60.60583
G1 X113.812 Y118.108 E60.60685
G1 X114.092 Y118.102 E60.61037
G1 X114.188 Y118.108 E60.61157
G1 X114.269 Y118.116 E60.61259
G1 X114.435 Y118.142 E60.6147
G1 X114.436 Y118.637 E60.62091
G1 X114.325 Y118.62 E60.62232
G1 X114.216 Y118.609 E60.62369
G1 X114.104 Y118.602 E60.6251
G1 X113.788 Y118.608 E60.62906
G1 X113.675 Y118.62 E60.63049
G0 F7200 X113.565 Y118.637
G0 X113.565 Y118.548
G0 X113.857 Y118.356
;TYPE:SKIN
G1 F1800 X114.141 Y118.354 E60.63239
G0 F7200 X114.193 Y118.206
G1 F1500 E54.13239
G0 F7200 X114.193 Y118.209
G0 X112.7 Y118.624
G0 X110.287 Y119.415
G0 X109.351 Y119.8
G1 F1500 E60.63239
G0 F7200 X109.421 Y119.9
;TYPE:WALL-OUTER
G1 F1800 X109.023 Y119.9 E60.63738
G1 X109.023 Y119.4 E60.64365
G1 X109.422 Y119.4 E60.64865
G1 X109.421 Y119.9 E60.6549
G0 F7200 X109.221 Y119.9
G0 X109.221 Y119.8
G1 F1500 E54.1549
G0 F7200 X107.03 Y119.886
G1 F1500 E60.6549
G0 F7200 X107.05 Y120.7
G1 F1800 X106.25 Y120.7 E60.66493
G1 X106.25 Y108.3 E60.82043
G1 X107.05 Y108.3 E60.83046
G1 X107.05 Y120.7 E60.98596
G0 F7200 X106.85 Y120.7
G0 X106.736 Y120.386
;TYPE:SKIN
G1 F1800 X106.649 Y120.189 E60.9888
G1 X106.649 Y108.876 E61.13768
G1 X106.597 Y108.646 E61.14078
G0 F7200 X106.65 Y108.7
G1 F1500 E54.64078
G0 F7200 X107.03 Y118.522
G0 X113.761 Y117.245
G0 X120.7 Y118.495
G1 F1500 E61.14078
G0 F7200 X121.675 Y118.62
;TYPE:WALL-OUTER
G1 F1800 X121.565 Y118.637 E61.14218
G1 X121.564 Y118.142 E61.14839
G1 X121.731 Y118.116 E61.15051
G1 X121.812 Y118.108 E61.15153
G1 X122.092 Y118.102 E61.15504
G1 X122.188 Y118.108 E61.15625
G1 X122.269 Y118.116 E61.15727
G1 X122.435 Y118.142 E61.15937
G1 X122.436 Y118.637 E61.16558
G1 X122.325 Y118.62 E61.16699
G1 X122.216 Y118.609 E61.16836
G1 X122.104 Y118.602 E61.16977
G1 X121.788 Y118.608 E61.17373
G1 X121.675 Y118.62 E61.17516
G0 F7200 X121.565 Y118.637
G0 X121.565 Y118.548
G0 X121.794 Y118.338
;TYPE:SKIN
G1 F1800 X122.062 Y118.353 E61.17677
G0 F7200 X122.112 Y118.203
G1 F1500 E54.67677
G0 F7200 X121.577 Y115.622
G1 F1500 E61.17677
G0 F7200 X121.675 Y115.62
;TYPE:WALL-OUTER
G1 F1800 X121.565 Y115.637 E61.17816
G1 X121.564 Y115.142 E61.18437
G1 X121.731 Y115.116 E61.18649
G1 X121.812 Y115.108 E61.18751
G1 X121.908 Y115.102 E61.18872
G1 X122.189 Y115.108 E61.19224
G1 X122.269 Y115.116 E61.19325
G1 X122.435 Y115.142 E61.19536
G1 X122.436 Y115.637 E61.20156
G1 X122.325 Y115.62 E61.20297
G1 X122.212 Y115.608 E61.2044
G1 X121.896 Y115.602 E61.20836
G1 X121.784 Y115.609 E61.20977
G1 X121.675 Y115.62 E61.21114
G0 F7200 X121.565 Y115.637
G0 X121.565 Y115.548
G0 X121.951 Y115.352
;TYPE:SKIN
G1 F1800 X122.207 Y115.379 E61.21266
G0 F7200 X122.032 Y115.504
G1 F1500 E54.71266
G0 F7200 X121.577 Y112.622
G1 F1500 E61.21266
G0 F7200 X121.675 Y112.62
;TYPE:WALL-OUTER
G1 F1800 X121.565 Y112.637 E61.21406
G1 X121.564 Y112.142 E61.22026
G1 X121.731 Y112.116 E61.22238
G1 X121.812 Y112.108 E61.2234
G1 X122.092 Y112.102 E61.22692
G1 X122.188 Y112.108 E61.22812
G1 X122.269 Y112.116 E61.22914
G1 X122.435 Y112.142 E61.23125
G1 X122.436 Y112.637 E61.23746
G1 X122.325 Y112.62 E61.23887
G1 X122.216 Y112.609 E61.24024
G1 X122.104 Y112.602 E61.24165
G1 X121.788 Y112.608 E61.24561
G1 X121.675 Y112.62 E61.24704
G0 F7200 X121.565 Y112.637
G0 X121.565 Y112.548
G0 X121.836 Y112.356
;TYPE:SKIN
G1 F1800 X122.121 Y112.354 E61.24897
G0 F7200 X122.173 Y112.205
G1 F1500 E54.74897
G0 F7200 X122.18 Y112.208
G0 X121.577 Y109.622
G1 F1500 E61.24897
G0 F7200 X121.675 Y109.62
;TYPE:WALL-OUTER
G1 F1800 X121.565 Y109.637 E61.25037
G1 X121.564 Y109.142 E61.25658
G1 X121.731 Y109.116 E61.2587
G1 X121.812 Y109.108 E61.25972
G1 X122.092 Y109.102 E61.26323
G1 X122.188 Y109.108 E61.26444
G1 X122.269 Y109.116 E61.26546
G1 X122.435 Y109.142 E61.26756
G1 X122.436 Y109.637 E61.27377
G1 X122.325 Y109.62 E61.27518
G1 X122.212 Y109.608 E61.2766
G1 X121.896 Y109.602 E61.28057
G1 X121.784 Y109.609 E61.28197
G1 X121.675 Y109.62 E61.28335
G0 F7200 X121.565 Y109.637
G0 X121.565 Y109.548
G0 X121.956 Y109.408
;TYPE:SKIN
G1 F1800 X122.067 Y109.297 E61.28433
G0 F7200 X122.076 Y109.206
G1 F1500 E54.78433
G0 F7200 X123.3 Y109.534
G0 X128.7 Y109.524
G1 F1500 E61.28433
G0 F7200 X129.675 Y109.62
;TYPE:WALL-OUTER
G1 F1800 X129.565 Y109.637 E61.28573
G1 X129.564 Y109.142 E61.29194
G1 X129.731 Y109.116 E61.29406
G1 X129.812 Y109.108 E61.29508
G1 X129.908 Y109.102 E61.29628
G1 X130.189 Y109.108 E61.29981
G1 X130.269 Y109.116 E61.30082
G1 X130.435 Y109.142 E61.30292
G1 X130.436 Y109.637 E61.30913
G1 X130.325 Y109.62 E61.31054
G1 X130.212 Y109.608 E61.31196
G1 X129.896 Y109.602 E61.31593
G1 X129.784 Y109.609 E61.31733
G1 X129.675 Y109.62 E61.31871
G0 F7200 X129.565 Y109.637
G0 X129.565 Y109.548
G0 X129.931 Y109.352
;TYPE:SKIN
G1 F1800 X130.197 Y109.369 E61.32041
G0 F7200 X130.031 Y109.504
G1 F1500 E54.82041
G0 F7200 X129.813 Y112.127
G1 F1500 E61.32041
G0 F7200 X129.675 Y112.62
;TYPE:WALL-OUTER
G1 F1800 X129.565 Y112.637 E61.32181
G1 X129.564 Y112.142 E61.32801
G1 X129.731 Y112.116 E61.33013
G1 X129.812 Y112.108 E61.33115
G1 X129.908 Y112.102 E61.33236
G1 X130.189 Y112.108 E61.33588
G1 X130.269 Y112.116 E61.33689
G1 X130.435 Y112.142 E61.339
G1 X130.436 Y112.637 E61.34521
G1 X130.325 Y112.62 E61.34662
G1 X130.212 Y112.608 E61.34804
G1 X129.896 Y112.602 E61.352
G1 X129.784 Y112.609 E61.35341
G1 X129.675 Y112.62 E61.35479
G0 F7200 X129.565 Y112.637
G0 X129.565 Y112.548
G0 X129.784 Y112.328
;TYPE:SKIN
G1 F1800 X130.04 Y112.355 E61.35619
G0 F7200 X130.096 Y112.206
G1 F1500 E54.85619
G0 F7200 X129.813 Y115.127
G1 F1500 E61.35619
G0 F7200 X129.675 Y115.62
;TYPE:WALL-OUTER
G1 F1800 X129.565 Y115.637 E61.35758
G1 X129.564 Y115.142 E61.36379
G1 X129.731 Y115.116 E61.36591
G1 X129.812 Y115.108 E61.36693
G1 X129.908 Y115.102 E61.36814
G1 X130.189 Y115.108 E61.37166
G1 X130.269 Y115.116 E61.37267
G1 X130.435 Y115.142 E61.37478
G1 X130.436 Y115.637 E61.38098
G1 X130.325 Y115.62 E61.38239
G1 X130.212 Y115.608 E61.38382
G1 X129.896 Y115.602 E61.38778
G1 X129.784 Y115.609 E61.38919
G1 X129.675 Y115.62 E61.39056
G0 F7200 X129.565 Y115.637
G0 X129.565 Y115.548
G0 X129.869 Y115.354
;TYPE:SKIN
G1 F1800 X130.149 Y115.358 E61.3925
G0 F7200 X130.187 Y115.208
G1 F1500 E54.8925
G0 F7200 X129.813 Y118.127
G1 F1500 E61.3925
G0 F7200 X129.675 Y118.62
;TYPE:WALL-OUTER
G1 F1800 X129.565 Y118.637 E61.3939
G1 X129.564 Y118.142 E61.40011
G1 X129.731 Y118.116 E61.40223
G1 X129.812 Y118.108 E61.40325
G1 X130.092 Y118.102 E61.40676
G1 X130.188 Y118.108 E61.40797
G1 X130.269 Y118.116 E61.40899
G1 X130.435 Y118.142 E61.41109
G1 X130.436 Y118.637 E61.4173
G1 X130.325 Y118.62 E61.41871
G1 X130.216 Y118.609 E61.42008
G1 X130.104 Y118.602 E61.42149
G1 X129.788 Y118.608 E61.42545
G1 X129.675 Y118.62 E61.42688
G0 F7200 X129.565 Y118.637
G0 X129.565 Y118.548
G0 X129.981 Y118.353
;TYPE:SKIN
G1 F1800 X130.222 Y118.395 E61.42818
G0 F7200 X130.033 Y118.203
G1 F1500 E54.92818
G0 F7200 X130.032 Y118.204
G0 X131.3 Y118.62
G0 X136.085 Y118.622
G0 X137.65 Y120.63
G1 F1500 E61.42818
G0 F7200 X137.75 Y120.7
;TYPE:WALL-OUTER
G1 F1800 X136.95 Y120.7 E61.43821
G1 X136.95 Y108.3 E61.59371
G1 X137.75 Y108.3 E61.60375
G1 X137.75 Y120.7 E61.75925
G0 F7200 X137.55 Y120.7
G0 X137.5 Y120.451
;TYPE:SKIN
G1 F1800 X137.359 Y120.31 E61.76182
G1 X137.349 Y114.945 E61.83105
G1 X137.349 Y108.723 E61.91134
G1 X137.219 Y108.569 E61.91394
G0 F7200 X137.35 Y108.7
G1 F1500 E55.41394
;MESH:NONMESH
G0 F600 X137.35 Y108.7 Z5.4
G0 F7200 X136.085 Y109.562
G0 X130.239 Y108.245
G0 X121.616 Y108.259
G0 X115.3 Y109.605
G0 X113.665 Y109.562
G1 F1500 E61.91394
G0 F7200 X113.459 Y109.653
;TIME_ELAPSED:512.002922
;LAYER:26
;TYPE:WALL-OUTER
;MESH:output_v2\A_fina_conjunto.stl
G1 F1800 X113.355 Y109.681 E61.91529
G1 X113.354 Y109.195 E61.92138
G1 X113.537 Y109.146 E61.92376
G1 X113.731 Y109.116 E61.92622
G1 X113.812 Y109.108 E61.92724
G1 X114.091 Y109.102 E61.93074
G1 X114.224 Y109.111 E61.93241
G1 X114.369 Y109.13 E61.93425
G1 X114.455 Y109.144 E61.93534
G1 X114.645 Y109.195 E61.93781
G1 X114.646 Y109.681 E61.9439
G1 X114.541 Y109.653 E61.94527
G1 X114.324 Y109.619 E61.94802
G1 X114.104 Y109.602 E61.95079
G1 X113.788 Y109.608 E61.95475
G1 X113.675 Y109.62 E61.95618
G1 X113.459 Y109.653 E61.95892
G0 F7200 X113.355 Y109.681
G0 X113.355 Y109.588
G0 X113.623 Y109.38
;TYPE:SKIN
G1 F1800 X113.881 Y109.356 E61.96025
G1 X114.165 Y109.356 E61.96171
G0 F7200 X114.198 Y109.511
G1 F1500 E55.46171
G0 F7200 X114.198 Y109.509
G0 X113.733 Y112.135
G1 F1500 E61.96171
G0 F7200 X113.459 Y112.653
;TYPE:WALL-OUTER
G1 F1800 X113.355 Y112.681 E61.96306
G1 X113.354 Y112.195 E61.96916
G1 X113.537 Y112.146 E61.97153
G1 X113.731 Y112.116 E61.97399
G1 X113.812 Y112.108 E61.97501
G1 X114.091 Y112.102 E61.97851
G1 X114.224 Y112.111 E61.98019
G1 X114.369 Y112.13 E61.98202
G1 X114.455 Y112.144 E61.98311
G1 X114.645 Y112.195 E61.98558
G1 X114.646 Y112.681 E61.99167
G1 X114.541 Y112.653 E61.99304
G1 X114.324 Y112.619 E61.99579
G1 X114.104 Y112.602 E61.99856
G1 X113.788 Y112.608 E62.00252
G1 X113.675 Y112.62 E62.00395
G1 X113.459 Y112.653 E62.00669
G0 F7200 X113.355 Y112.681
G0 X113.355 Y112.588
G0 X113.776 Y112.362
;TYPE:SKIN
G1 F1800 X114.05 Y112.353 E62.00808
G1 X114.355 Y112.375 E62.00964
G0 F7200 X114.365 Y112.534
G1 F1500 E55.50964
G0 F7200 X114.367 Y112.525
G0 X113.733 Y115.135
G1 F1500 E62.00964
G0 F7200 X113.459 Y115.653
;TYPE:WALL-OUTER
G1 F1800 X113.355 Y115.681 E62.01099
G1 X113.354 Y115.195 E62.01708
G1 X113.537 Y115.146 E62.01946
G1 X113.731 Y115.116 E62.02192
G1 X113.812 Y115.108 E62.02294
G1 X114.091 Y115.102 E62.02644
G1 X114.224 Y115.111 E62.02811
G1 X114.369 Y115.13 E62.02994
G1 X114.455 Y115.144 E62.03104
G1 X114.645 Y115.195 E62.0335
G1 X114.646 Y115.681 E62.0396
G1 X114.541 Y115.653 E62.04096
G1 X114.324 Y115.619 E62.04372
G1 X114.104 Y115.602 E62.04648
G1 X113.788 Y115.608 E62.05045
G1 X113.675 Y115.62 E62.05187
G1 X113.459 Y115.653 E62.05461
G0 F7200 X113.355 Y115.681
G0 X113.355 Y115.588
G0 X113.675 Y115.372
;TYPE:SKIN
G1 F1800 X113.939 Y115.353 E62.05597
G1 X114.229 Y115.36 E62.05746
G0 F7200 X114.262 Y115.519
G1 F1500 E55.55746
G0 F7200 X114.262 Y115.514
G0 X113.733 Y118.135
G1 F1500 E62.05746
G0 F7200 X113.459 Y118.653
;TYPE:WALL-OUTER
G1 F1800 X113.355 Y118.681 E62.05881
G1 X113.354 Y118.195 E62.0649
G1 X113.537 Y118.146 E62.06728
G1 X113.731 Y118.116 E62.06974
G1 X113.812 Y118.108 E62.07076
G1 X114.091 Y118.102 E62.07426
G1 X114.224 Y118.111 E62.07593
G1 X114.369 Y118.13 E62.07777
G1 X114.455 Y118.144 E62.07886
G1 X114.645 Y118.195 E62.08133
G1 X114.646 Y118.681 E62.08742
G1 X114.541 Y118.653 E62.08878
G1 X114.324 Y118.619 E62.09154
G1 X114.104 Y118.602 E62.09431
G1 X113.788 Y118.608 E62.09827
G1 X113.675 Y118.62 E62.09969
G1 X113.459 Y118.653 E62.10243
G0 F7200 X113.355 Y118.681
G0 X113.355 Y118.588
G0 X113.584 Y118.392
;TYPE:SKIN
G1 F1800 X113.832 Y118.357 E62.10345
G1 X114.407 Y118.367 E62.1058
G0 F7200 X114.26 Y118.212
G1 F1500 E55.6058
G0 F7200 X114.258 Y118.216
G0 X112.49 Y118.668
G0 X110.288 Y119.415
G0 X109.352 Y119.8
G1 F1500 E62.1058
G0 F7200 X109.422 Y119.9
;TYPE:WALL-OUTER
G1 F1800 X109.024 Y119.9 E62.11079
G1 X109.024 Y119.4 E62.11706
G1 X109.423 Y119.4 E62.12206
G1 X109.422 Y119.9 E62.12831
G0 F7200 X109.222 Y119.9
G0 X109.222 Y119.8
G1 F1500 E55.62831
G0 F7200 X107.03 Y119.886
G1 F1500 E62.12831
G0 F7200 X107.05 Y120.7
G1 F1800 X106.25 Y120.7 E62.13834
G1 X106.25 Y108.3 E62.29384
G1 X107.05 Y108.3 E62.30387
G1 X107.05 Y120.7 E62.45937
G0 F7200 X106.85 Y120.7
G0 X106.65 Y120.226
;TYPE:SKIN
G1 F1800 X106.65 Y119.943 E62.46311
G1 X106.65 Y108.912 E62.60891
G1 X106.826 Y108.523 E62.61455
G0 F7200 X106.797 Y108.494
G0 X106.445 Y120.304
G1 F1800 X106.644 Y120.503 E62.61631
G0 F7200 X106.65 Y120.3
G1 F1500 E56.11631
G0 F7200 X107.03 Y118.557
G0 X113.761 Y117.245
G0 X120.49 Y118.53
G1 F1500 E62.61631
G0 F7200 X121.459 Y118.653
;TYPE:WALL-OUTER
G1 F1800 X121.355 Y118.681 E62.61766
G1 X121.354 Y118.195 E62.62376
G1 X121.537 Y118.146 E62.62613
G1 X121.731 Y118.116 E62.6286
G1 X121.812 Y118.108 E62.62962
G1 X122.091 Y118.102 E62.63312
G1 X122.224 Y118.111 E62.63479
G1 X122.369 Y118.13 E62.63662
G1 X122.455 Y118.144 E62.63771
G1 X122.645 Y118.195 E62.64018
G1 X122.646 Y118.681 E62.64628
G1 X122.541 Y118.653 E62.64764
G1 X122.324 Y118.619 E62.65039
G1 X122.104 Y118.602 E62.65316
G1 X121.788 Y118.608 E62.65712
G1 X121.675 Y118.62 E62.65855
G1 X121.459 Y118.653 E62.66129
G0 F7200 X121.355 Y118.681
G0 X121.355 Y118.588
G0 X121.758 Y118.364
;TYPE:SKIN
G1 F1800 X122.029 Y118.352 E62.66266
G1 X122.332 Y118.372 E62.66419
G0 F7200 X122.373 Y118.536
G1 F1500 E56.16419
G0 F7200 X122.375 Y118.526
G0 X121.367 Y115.666
G1 F1500 E62.66419
G0 F7200 X121.458 Y115.653
;TYPE:WALL-OUTER
G1 F1800 X121.355 Y115.681 E62.66553
G1 X121.354 Y115.195 E62.67163
G1 X121.537 Y115.146 E62.674
G1 X121.731 Y115.116 E62.67647
G1 X121.909 Y115.102 E62.6787
G1 X122.189 Y115.108 E62.68222
G1 X122.269 Y115.116 E62.68322
G1 X122.464 Y115.146 E62.6857
G1 X122.645 Y115.195 E62.68805
G1 X122.646 Y115.681 E62.69414
G1 X122.541 Y115.653 E62.69551
G1 X122.325 Y115.62 E62.69825
G1 X122.212 Y115.608 E62.69967
G1 X121.895 Y115.602 E62.70365
G1 X121.743 Y115.612 E62.70556
G1 X121.576 Y115.634 E62.70767
G1 X121.458 Y115.653 E62.70917
G0 F7200 X121.355 Y115.681
G0 X121.355 Y115.587
G0 X121.605 Y115.383
;TYPE:SKIN
G1 F1800 X121.861 Y115.356 E62.71016
G1 X122.426 Y115.355 E62.71233
G0 F7200 X122.263 Y115.209
G1 F1500 E56.21233
G0 F7200 X122.262 Y115.215
G0 X121.367 Y112.666
G1 F1500 E62.71233
G0 F7200 X121.459 Y112.653
;TYPE:WALL-OUTER
G1 F1800 X121.355 Y112.681 E62.71368
G1 X121.354 Y112.195 E62.71977
G1 X121.537 Y112.146 E62.72215
G1 X121.731 Y112.116 E62.72461
G1 X121.812 Y112.108 E62.72563
G1 X122.091 Y112.102 E62.72913
G1 X122.224 Y112.111 E62.7308
G1 X122.369 Y112.13 E62.73264
G1 X122.455 Y112.144 E62.73373
G1 X122.645 Y112.195 E62.7362
G1 X122.646 Y112.681 E62.74229
G1 X122.541 Y112.653 E62.74365
G1 X122.324 Y112.619 E62.74641
G1 X122.104 Y112.602 E62.74917
G1 X121.788 Y112.608 E62.75314
G1 X121.675 Y112.62 E62.75456
G1 X121.459 Y112.653 E62.7573
G0 F7200 X121.355 Y112.681
G0 X121.355 Y112.588
G0 X121.703 Y112.369
;TYPE:SKIN
G1 F1800 X121.97 Y112.354 E62.75867
G1 X122.263 Y112.364 E62.76016
G0 F7200 X122.296 Y112.524
G1 F1500 E56.26016
G0 F7200 X122.296 Y112.517
G0 X121.367 Y109.666
G1 F1500 E62.76016
G0 F7200 X121.459 Y109.653
;TYPE:WALL-OUTER
G1 F1800 X121.355 Y109.681 E62.76151
G1 X121.354 Y109.195 E62.76761
G1 X121.537 Y109.146 E62.76999
G1 X121.731 Y109.116 E62.77245
G1 X121.812 Y109.108 E62.77347
G1 X122.091 Y109.102 E62.77697
G1 X122.224 Y109.111 E62.77864
G1 X122.369 Y109.13 E62.78047
G1 X122.455 Y109.144 E62.78157
G1 X122.645 Y109.195 E62.78403
G1 X122.646 Y109.681 E62.79013
G1 X122.541 Y109.653 E62.79149
G1 X122.325 Y109.62 E62.79423
G1 X122.212 Y109.608 E62.79566
G1 X121.895 Y109.602 E62.79963
G1 X121.745 Y109.612 E62.80152
G1 X121.674 Y109.62 E62.80241
G1 X121.459 Y109.653 E62.80514
G0 F7200 X121.355 Y109.681
G0 X121.355 Y109.588
G0 X121.572 Y109.409
;TYPE:SKIN
G1 F1800 X121.804 Y109.359 E62.80611
G1 X122.39 Y109.379 E62.8085
G0 F7200 X122.269 Y109.21
G1 F1500 E56.3085
G0 F7200 X122.266 Y109.217
G0 X123.51 Y109.569
G0 X128.49 Y109.56
G1 F1500 E62.8085
G0 F7200 X129.459 Y109.653
;TYPE:WALL-OUTER
G1 F1800 X129.355 Y109.681 E62.80985
G1 X129.354 Y109.195 E62.81594
G1 X129.537 Y109.146 E62.81832
G1 X129.731 Y109.116 E62.82078
G1 X129.909 Y109.102 E62.82302
G1 X130.189 Y109.108 E62.82653
G1 X130.269 Y109.116 E62.82754
G1 X130.464 Y109.146 E62.83001
G1 X130.645 Y109.195 E62.83237
G1 X130.646 Y109.681 E62.83846
G1 X130.541 Y109.653 E62.83982
G1 X130.325 Y109.62 E62.84256
G1 X130.212 Y109.608 E62.84399
G1 X129.895 Y109.602 E62.84796
G1 X129.745 Y109.612 E62.84985
G1 X129.674 Y109.62 E62.85074
G1 X129.459 Y109.653 E62.85347
G0 F7200 X129.355 Y109.681
G0 X129.355 Y109.588
G0 X129.731 Y109.367
;TYPE:SKIN
G1 F1800 X130.001 Y109.353 E62.85487
G1 X130.298 Y109.368 E62.85641
G0 F7200 X130.342 Y109.531
G1 F1500 E56.35641
G0 F7200 X130.337 Y109.521
G0 X129.733 Y112.135
G1 F1500 E62.85641
G0 F7200 X129.458 Y112.653
;TYPE:WALL-OUTER
G1 F1800 X129.355 Y112.681 E62.85775
G1 X129.354 Y112.195 E62.86385
G1 X129.537 Y112.146 E62.86622
G1 X129.731 Y112.116 E62.86868
G1 X129.909 Y112.102 E62.87092
G1 X130.189 Y112.108 E62.87443
G1 X130.269 Y112.116 E62.87544
G1 X130.464 Y112.146 E62.87792
G1 X130.645 Y112.195 E62.88027
G1 X130.646 Y112.681 E62.88636
G1 X130.541 Y112.653 E62.88773
G1 X130.325 Y112.62 E62.89047
G1 X130.212 Y112.608 E62.89189
G1 X129.895 Y112.602 E62.89587
G1 X129.743 Y112.612 E62.89778
G1 X129.576 Y112.634 E62.89989
G1 X129.458 Y112.653 E62.90139
G0 F7200 X129.355 Y112.681
G0 X129.355 Y112.587
G0 X129.632 Y112.379
;TYPE:SKIN
G1 F1800 X129.891 Y112.355 E62.9027
G1 X130.176 Y112.357 E62.90413
G0 F7200 X130.205 Y112.513
G1 F1500 E56.40413
G0 F7200 X130.205 Y112.508
G0 X129.733 Y115.135
G1 F1500 E62.90413
G0 F7200 X129.458 Y115.653
;TYPE:WALL-OUTER
G1 F1800 X129.355 Y115.681 E62.90547
G1 X129.354 Y115.195 E62.91157
G1 X129.537 Y115.146 E62.91394
G1 X129.731 Y115.116 E62.9164
G1 X129.909 Y115.102 E62.91864
G1 X130.189 Y115.108 E62.92215
G1 X130.269 Y115.116 E62.92316
G1 X130.464 Y115.146 E62.92564
G1 X130.645 Y115.195 E62.92799
G1 X130.646 Y115.681 E62.93408
G1 X130.541 Y115.653 E62.93545
G1 X130.325 Y115.62 E62.93819
G1 X130.212 Y115.608 E62.93961
G1 X129.895 Y115.602 E62.94359
G1 X129.743 Y115.612 E62.9455
G1 X129.576 Y115.634 E62.94761
G1 X129.458 Y115.653 E62.94911
G0 F7200 X129.355 Y115.681
G0 X129.355 Y115.587
G0 X129.563 Y115.421
;TYPE:SKIN
G1 F1800 X129.786 Y115.361 E62.95001
G1 X130.369 Y115.378 E62.95229
G0 F7200 X130.378 Y115.537
G1 F1500 E56.45229
G0 F7200 X130.381 Y115.528
G0 X129.733 Y118.135
G1 F1500 E62.95229
G0 F7200 X129.459 Y118.653
;TYPE:WALL-OUTER
G1 F1800 X129.355 Y118.681 E62.95364
G1 X129.354 Y118.195 E62.95973
G1 X129.537 Y118.146 E62.96211
G1 X129.731 Y118.116 E62.96457
G1 X129.812 Y118.108 E62.96559
G1 X130.091 Y118.102 E62.96909
G1 X130.224 Y118.111 E62.97076
G1 X130.369 Y118.13 E62.9726
G1 X130.455 Y118.144 E62.97369
G1 X130.645 Y118.195 E62.97616
G1 X130.646 Y118.681 E62.98225
G1 X130.541 Y118.653 E62.98361
G1 X130.324 Y118.619 E62.98637
G1 X130.104 Y118.602 E62.98914
G1 X129.788 Y118.608 E62.9931
G1 X129.675 Y118.62 E62.99452
G1 X129.459 Y118.653 E62.99726
G0 F7200 X129.355 Y118.681
G0 X129.355 Y118.588
G0 X129.685 Y118.371
;TYPE:SKIN
G1 F1800 X129.951 Y118.354 E62.99863
G1 X130.242 Y118.362 E63.00011
G0 F7200 X130.274 Y118.521
G1 F1500 E56.50011
G0 F7200 X130.274 Y118.515
G0 X131.51 Y118.664
G0 X136.085 Y118.666
G0 X137.65 Y120.63
G1 F1500 E63.00011
G0 F7200 X137.75 Y120.7
;TYPE:WALL-OUTER
G1 F1800 X136.95 Y120.7 E63.01014
G1 X136.95 Y108.3 E63.16564
G1 X137.75 Y108.3 E63.17568
G1 X137.75 Y120.7 E63.33118
G0 F7200 X137.55 Y120.7
G0 X137.309 Y120.338
;TYPE:SKIN
G1 F1800 X137.349 Y120.095 E63.33444
G1 X137.349 Y108.781 E63.48451
G1 X137.449 Y108.599 E63.48726
G0 F7200 X137.344 Y108.494
G0 X137.144 Y120.456
G1 F1800 X137.192 Y120.504 E63.48769
G0 F7200 X137.35 Y120.3
G1 F1500 E56.98769
;MESH:NONMESH
G0 F600 X137.35 Y120.3 Z5.6
G0 F7200 X136.97 Y109.557
G0 X130.239 Y108.245
G0 X121.616 Y108.259
G0 X115.51 Y109.6
G0 X113.455 Y109.557
G1 F1500 E63.48769
G0 F7200 X113.459 Y109.653
;TIME_ELAPSED:526.674921
;LAYER:27
;TYPE:WALL-OUTER
;MESH:output_v2\A_fina_conjunto.stl
G1 F1800 X113.145 Y109.737 E63.49176
G1 X113.144 Y109.253 E63.49783
G1 X113.162 Y109.246 E63.49808
G1 X113.538 Y109.146 E63.50295
G1 X113.742 Y109.115 E63.50554
G1 X113.812 Y109.108 E63.50642
G1 X114.102 Y109.102 E63.51006
G1 X114.198 Y109.109 E63.51127
G1 X114.309 Y109.121 E63.51267
G1 X114.455 Y109.144 E63.51452
G1 X114.833 Y109.245 E63.51943
G1 X114.855 Y109.254 E63.51973
G1 X114.856 Y109.737 E63.52578
G1 X114.541 Y109.653 E63.5274
G1 X114.312 Y109.618 E63.53031
G1 X114.105 Y109.602 E63.53291
G1 X113.788 Y109.608 E63.53689
G1 X113.675 Y109.62 E63.53831
G1 X113.459 Y109.653 E63.54105
G0 F7200 X113.266 Y109.704
G0 X113.473 Y109.406
;TYPE:SKIN
G1 F1800 X113.803 Y109.358 E63.54239
G1 X114.586 Y109.424 E63.54556
G0 F7200 X114.652 Y109.27
G1 F1500 E57.04556
G0 F7200 X114.645 Y109.297
G0 X113.455 Y109.634
G0 X113.744 Y112.134
G1 F1500 E63.54556
G0 F7200 X113.458 Y112.653
;TYPE:WALL-OUTER
G1 F1800 X113.145 Y112.737 E63.54962
G1 X113.144 Y112.253 E63.55569
G1 X113.162 Y112.246 E63.55593
G1 X113.538 Y112.146 E63.56081
G1 X113.742 Y112.115 E63.5634
G1 X113.812 Y112.108 E63.56428
G1 X114.102 Y112.102 E63.56792
G1 X114.198 Y112.109 E63.56913
G1 X114.309 Y112.121 E63.57053
G1 X114.455 Y112.144 E63.57238
G1 X114.833 Y112.245 E63.57729
G1 X114.855 Y112.254 E63.57759
G1 X114.856 Y112.737 E63.58364
G1 X114.541 Y112.653 E63.58526
G1 X114.312 Y112.618 E63.58816
G1 X114.105 Y112.602 E63.59077
G1 X113.787 Y112.608 E63.59476
G1 X113.643 Y112.624 E63.59657
G1 X113.458 Y112.653 E63.59892
G0 F7200 X113.265 Y112.704
G0 X113.608 Y112.382
;TYPE:SKIN
G1 F1800 X113.918 Y112.355 E63.60033
G1 X114.444 Y112.394 E63.60271
G0 F7200 X114.48 Y112.239
G1 F1500 E57.10271
G0 F7200 X114.477 Y112.252
G0 X113.454 Y112.634
G0 X113.744 Y115.134
G1 F1500 E63.60271
G0 F7200 X113.458 Y115.653
;TYPE:WALL-OUTER
G1 F1800 X113.145 Y115.737 E63.60677
G1 X113.144 Y115.253 E63.61284
G1 X113.162 Y115.246 E63.61309
G1 X113.538 Y115.146 E63.61797
G1 X113.742 Y115.115 E63.62055
G1 X113.812 Y115.108 E63.62144
G1 X114.102 Y115.102 E63.62507
G1 X114.198 Y115.109 E63.62628
G1 X114.309 Y115.121 E63.62768
G1 X114.455 Y115.144 E63.62953
G1 X114.833 Y115.245 E63.63444
G1 X114.855 Y115.254 E63.63474
G1 X114.856 Y115.737 E63.64079
G1 X114.541 Y115.653 E63.64241
G1 X114.312 Y115.618 E63.64532
G1 X114.105 Y115.602 E63.64792
G1 X113.787 Y115.608 E63.65191
G1 X113.643 Y115.624 E63.65373
G1 X113.458 Y115.653 E63.65607
G0 F7200 X113.265 Y115.704
G0 X113.393 Y115.425
;TYPE:SKIN
G1 F1800 X113.738 Y115.363 E63.65749
G1 X114.537 Y115.412 E63.66071
G0 F7200 X114.569 Y115.253
G1 F1500 E57.16071
G0 F7200 X114.563 Y115.275
G0 X113.454 Y115.634
G0 X113.744 Y118.134
G1 F1500 E63.66071
G0 F7200 X113.458 Y118.653
;TYPE:WALL-OUTER
G1 F1800 X113.145 Y118.737 E63.66477
G1 X113.144 Y118.253 E63.67084
G1 X113.162 Y118.246 E63.67109
G1 X113.538 Y118.146 E63.67596
G1 X113.742 Y118.115 E63.67855
G1 X113.812 Y118.108 E63.67943
G1 X114.102 Y118.102 E63.68307
G1 X114.198 Y118.109 E63.68428
G1 X114.309 Y118.121 E63.68568
G1 X114.455 Y118.144 E63.68753
G1 X114.833 Y118.245 E63.69244
G1 X114.855 Y118.254 E63.69274
G1 X114.856 Y118.737 E63.69879
G1 X114.541 Y118.653 E63.70041
G1 X114.312 Y118.618 E63.70331
G1 X114.105 Y118.602 E63.70592
G1 X113.787 Y118.608 E63.70991
G1 X113.643 Y118.624 E63.71172
G1 X113.458 Y118.653 E63.71407
G0 F7200 X113.265 Y118.704
G0 X113.538 Y118.392
;TYPE:SKIN
G1 F1800 X113.857 Y118.356 E63.71537
G1 X114.628 Y118.433 E63.7185
G0 F7200 X114.48 Y118.239
G1 F1500 E57.2185
G0 F7200 X114.477 Y118.252
G0 X113.157 Y118.722
G0 X110.287 Y119.412
G0 X109.322 Y119.829
G1 F1500 E63.7185
G0 F7200 X109.423 Y119.9
;TYPE:WALL-OUTER
G1 F1800 X109.025 Y119.9 E63.72349
G1 X109.025 Y119.4 E63.72976
G1 X109.422 Y119.4 E63.73474
G1 X109.423 Y119.9 E63.74097
G0 F7200 X109.223 Y119.9
G0 X109.223 Y119.8
G1 F1500 E57.24097
G0 F7200 X107.03 Y119.886
G1 F1500 E63.74097
G0 F7200 X107.05 Y120.7
G1 F1800 X106.25 Y120.7 E63.751
G1 X106.25 Y108.3 E63.9065
G1 X107.05 Y108.3 E63.91653
G1 X107.05 Y120.7 E64.07203
G0 F7200 X106.85 Y120.7
G0 X106.736 Y120.386
;TYPE:SKIN
G1 F1800 X106.649 Y120.189 E64.07487
G1 X106.649 Y108.876 E64.22375
G1 X106.597 Y108.646 E64.22685
G0 F7200 X106.65 Y108.7
G1 F1500 E57.72685
G0 F7200 X107.03 Y118.556
G0 X113.76 Y117.245
G0 X120.28 Y118.528
G0 X121.438 Y118.556
G1 F1500 E64.22685
G0 F7200 X121.458 Y118.653
;TYPE:WALL-OUTER
G1 F1800 X121.145 Y118.737 E64.23092
G1 X121.144 Y118.253 E64.23699
G1 X121.162 Y118.246 E64.23723
G1 X121.538 Y118.146 E64.24211
G1 X121.742 Y118.115 E64.24469
G1 X121.812 Y118.108 E64.24558
G1 X122.102 Y118.102 E64.24921
G1 X122.198 Y118.109 E64.25042
G1 X122.309 Y118.121 E64.25182
G1 X122.455 Y118.144 E64.25368
G1 X122.833 Y118.245 E64.25858
G1 X122.855 Y118.254 E64.25888
G1 X122.856 Y118.737 E64.26494
G1 X122.541 Y118.653 E64.26655
G1 X122.312 Y118.618 E64.26946
G1 X122.105 Y118.602 E64.27206
G1 X121.775 Y118.609 E64.2762
G1 X121.642 Y118.624 E64.27788
G1 X121.458 Y118.653 E64.28022
G0 F7200 X121.265 Y118.704
G0 X121.434 Y118.415
;TYPE:SKIN
G1 F1800 X121.771 Y118.36 E64.28158
G1 X122.563 Y118.418 E64.28477
G0 F7200 X122.595 Y118.256
G1 F1500 E57.78477
G0 F7200 X122.588 Y118.282
G0 X121.157 Y115.722
G1 F1500 E64.28477
G0 F7200 X121.458 Y115.653
;TYPE:WALL-OUTER
G1 F1800 X121.145 Y115.737 E64.28883
G1 X121.144 Y115.253 E64.2949
G1 X121.162 Y115.246 E64.29514
G1 X121.538 Y115.146 E64.30002
G1 X121.742 Y115.115 E64.30261
G1 X121.91 Y115.102 E64.30472
G1 X122.187 Y115.108 E64.3082
G1 X122.31 Y115.121 E64.30975
G1 X122.455 Y115.144 E64.31159
G1 X122.833 Y115.245 E64.3165
G1 X122.855 Y115.254 E64.31679
G1 X122.856 Y115.737 E64.32285
G1 X122.541 Y115.653 E64.32447
G1 X122.313 Y115.619 E64.32736
G1 X122.212 Y115.608 E64.32863
G1 X121.883 Y115.602 E64.33276
G1 X121.77 Y115.61 E64.33418
G1 X121.642 Y115.624 E64.33579
G1 X121.458 Y115.653 E64.33813
G0 F7200 X121.265 Y115.704
G0 X121.645 Y115.376
;TYPE:SKIN
G1 F1800 X121.951 Y115.352 E64.33952
G1 X122.469 Y115.4 E64.34187
G0 F7200 X122.503 Y115.243
G1 F1500 E57.84187
G0 F7200 X122.499 Y115.258
G0 X121.157 Y112.722
G1 F1500 E64.34187
G0 F7200 X121.458 Y112.653
;TYPE:WALL-OUTER
G1 F1800 X121.145 Y112.737 E64.34593
G1 X121.144 Y112.253 E64.352
G1 X121.162 Y112.246 E64.35224
G1 X121.538 Y112.146 E64.35712
G1 X121.742 Y112.115 E64.35971
G1 X121.812 Y112.108 E64.36059
G1 X122.102 Y112.102 E64.36423
G1 X122.198 Y112.109 E64.36543
G1 X122.309 Y112.121 E64.36683
G1 X122.455 Y112.144 E64.36869
G1 X122.833 Y112.245 E64.37359
G1 X122.855 Y112.254 E64.37389
G1 X122.856 Y112.737 E64.37995
G1 X122.541 Y112.653 E64.38157
G1 X122.312 Y112.618 E64.38447
G1 X122.105 Y112.602 E64.38707
G1 X121.775 Y112.609 E64.39121
G1 X121.642 Y112.624 E64.39289
G1 X121.458 Y112.653 E64.39523
G0 F7200 X121.265 Y112.704
G0 X121.513 Y112.397
;TYPE:SKIN
G1 F1800 X121.835 Y112.357 E64.39654
G1 X122.612 Y112.429 E64.39971
G0 F7200 X122.677 Y112.276
G1 F1500 E57.89971
G0 F7200 X122.67 Y112.304
G0 X122.545 Y109.634
G0 X121.439 Y109.556
G1 F1500 E64.39971
G0 F7200 X121.459 Y109.653
;TYPE:WALL-OUTER
G1 F1800 X121.145 Y109.737 E64.40378
G1 X121.144 Y109.253 E64.40985
G1 X121.162 Y109.246 E64.4101
G1 X121.538 Y109.146 E64.41498
G1 X121.742 Y109.115 E64.41756
G1 X121.812 Y109.108 E64.41845
G1 X122.102 Y109.102 E64.42208
G1 X122.198 Y109.109 E64.42329
G1 X122.309 Y109.121 E64.42469
G1 X122.455 Y109.144 E64.42654
G1 X122.833 Y109.245 E64.43145
G1 X122.855 Y109.254 E64.43175
G1 X122.856 Y109.737 E64.43781
G1 X122.541 Y109.653 E64.43942
G1 X122.313 Y109.619 E64.44231
G1 X122.212 Y109.608 E64.44359
G1 X121.883 Y109.602 E64.44771
G1 X121.771 Y109.61 E64.44912
G1 X121.674 Y109.62 E64.45034
G1 X121.459 Y109.653 E64.45307
G0 F7200 X121.266 Y109.704
G0 X121.379 Y109.419
;TYPE:SKIN
G1 F1800 X121.714 Y109.367 E64.45435
G1 X122.52 Y109.41 E64.45739
G0 F7200 X122.552 Y109.25
G1 F1500 E57.95739
G0 F7200 X122.546 Y109.271
G0 X123.72 Y109.568
G0 X128.28 Y109.558
G0 X129.439 Y109.556
G1 F1500 E64.45739
G0 F7200 X129.459 Y109.653
;TYPE:WALL-OUTER
G1 F1800 X129.145 Y109.737 E64.46147
G1 X129.144 Y109.253 E64.46754
G1 X129.162 Y109.246 E64.46778
G1 X129.538 Y109.146 E64.47266
G1 X129.742 Y109.115 E64.47525
G1 X129.91 Y109.102 E64.47736
G1 X130.187 Y109.108 E64.48083
G1 X130.31 Y109.121 E64.48239
G1 X130.455 Y109.144 E64.48423
G1 X130.833 Y109.245 E64.48913
G1 X130.855 Y109.254 E64.48943
G1 X130.856 Y109.737 E64.49549
G1 X130.541 Y109.653 E64.4971
G1 X130.313 Y109.619 E64.49999
G1 X130.212 Y109.608 E64.50127
G1 X129.883 Y109.602 E64.5054
G1 X129.771 Y109.61 E64.5068
G1 X129.674 Y109.62 E64.50803
G1 X129.459 Y109.653 E64.51075
G0 F7200 X129.266 Y109.704
G0 X129.62 Y109.38
;TYPE:SKIN
G1 F1800 X129.931 Y109.352 E64.51216
G1 X130.453 Y109.396 E64.51451
G0 F7200 X130.488 Y109.241
G1 F1500 E58.01451
G0 F7200 X130.484 Y109.254
G0 X129.455 Y109.634
G0 X129.744 Y112.134
G1 F1500 E64.51451
G0 F7200 X129.458 Y112.653
;TYPE:WALL-OUTER
G1 F1800 X129.145 Y112.737 E64.51857
G1 X129.144 Y112.253 E64.52464
G1 X129.162 Y112.246 E64.52489
G1 X129.538 Y112.146 E64.52977
G1 X129.742 Y112.115 E64.53235
G1 X129.91 Y112.102 E64.53447
G1 X130.187 Y112.108 E64.53794
G1 X130.31 Y112.121 E64.53949
G1 X130.455 Y112.144 E64.54133
G1 X130.833 Y112.245 E64.54624
G1 X130.855 Y112.254 E64.54654
G1 X130.856 Y112.737 E64.55259
G1 X130.541 Y112.653 E64.55421
G1 X130.313 Y112.619 E64.5571
G1 X130.212 Y112.608 E64.55838
G1 X129.883 Y112.602 E64.5625
G1 X129.77 Y112.61 E64.56392
G1 X129.642 Y112.624 E64.56554
G1 X129.458 Y112.653 E64.56787
G0 F7200 X129.265 Y112.704
G0 X129.406 Y112.422
;TYPE:SKIN
G1 F1800 X129.749 Y112.363 E64.56926
G1 X130.545 Y112.415 E64.57244
G0 F7200 X130.578 Y112.254
G1 F1500 E58.07244
G0 F7200 X130.572 Y112.278
G0 X129.454 Y112.634
G0 X129.744 Y115.134
G1 F1500 E64.57244
G0 F7200 X129.458 Y115.653
;TYPE:WALL-OUTER
G1 F1800 X129.145 Y115.737 E64.5765
G1 X129.144 Y115.253 E64.58257
G1 X129.162 Y115.246 E64.58281
G1 X129.538 Y115.146 E64.58769
G1 X129.742 Y115.115 E64.59028
G1 X129.91 Y115.102 E64.59239
G1 X130.187 Y115.108 E64.59587
G1 X130.31 Y115.121 E64.59742
G1 X130.455 Y115.144 E64.59926
G1 X130.833 Y115.245 E64.60416
G1 X130.855 Y115.254 E64.60446
G1 X130.856 Y115.737 E64.61052
G1 X130.541 Y115.653 E64.61214
G1 X130.313 Y115.619 E64.61503
G1 X130.212 Y115.608 E64.6163
G1 X129.883 Y115.602 E64.62043
G1 X129.77 Y115.61 E64.62185
G1 X129.642 Y115.624 E64.62346
G1 X129.458 Y115.653 E64.6258
G0 F7200 X129.265 Y115.704
G0 X129.55 Y115.391
;TYPE:SKIN
G1 F1800 X129.869 Y115.354 E64.62709
G1 X130.631 Y115.44 E64.63017
G0 F7200 X130.481 Y115.24
G1 F1500 E58.13017
G0 F7200 X130.478 Y115.252
G0 X129.454 Y115.634
G0 X129.744 Y118.134
G1 F1500 E64.63017
G0 F7200 X129.458 Y118.653
;TYPE:WALL-OUTER
G1 F1800 X129.145 Y118.737 E64.63424
G1 X129.144 Y118.253 E64.64031
G1 X129.162 Y118.246 E64.64055
G1 X129.538 Y118.146 E64.64543
G1 X129.742 Y118.115 E64.64802
G1 X129.812 Y118.108 E64.6489
G1 X130.102 Y118.102 E64.65254
G1 X130.198 Y118.109 E64.65374
G1 X130.309 Y118.121 E64.65514
G1 X130.455 Y118.144 E64.657
G1 X130.833 Y118.245 E64.6619
G1 X130.855 Y118.254 E64.6622
G1 X130.856 Y118.737 E64.66826
G1 X130.541 Y118.653 E64.66988
G1 X130.312 Y118.618 E64.67278
G1 X130.105 Y118.602 E64.67538
G1 X129.787 Y118.608 E64.67937
G1 X129.643 Y118.624 E64.68119
G1 X129.458 Y118.653 E64.68354
G0 F7200 X129.265 Y118.704
G0 X129.359 Y118.41
;TYPE:SKIN
G1 F1800 X129.681 Y118.371 E64.68466
G1 X130.496 Y118.405 E64.68749
G0 F7200 X130.53 Y118.247
G1 F1500 E58.18749
G0 F7200 X130.525 Y118.265
G0 X131.72 Y118.721
G0 X136.085 Y118.722
G0 X137.65 Y120.63
G1 F1500 E64.68749
G0 F7200 X137.75 Y120.7
;TYPE:WALL-OUTER
G1 F1800 X136.95 Y120.7 E64.69752
G1 X136.95 Y108.3 E64.85303
G1 X137.75 Y108.3 E64.86306
G1 X137.75 Y120.7 E65.01856
G0 F7200 X137.55 Y120.7
G0 X137.5 Y120.451
;TYPE:SKIN
G1 F1800 X137.359 Y120.31 E65.02113
G1 X137.349 Y114.945 E65.09036
G1 X137.349 Y108.723 E65.17065
G1 X137.219 Y108.569 E65.17325
G0 F7200 X137.35 Y108.7
G1 F1500 E58.67325
;MESH:NONMESH
G0 F600 X137.35 Y108.7 Z5.8
G0 F7200 X136.97 Y109.659
G0 X130.419 Y108.263
G0 X121.63 Y108.258
G0 X115.72 Y109.721
G0 X114.316 Y109.579
G0 X113.245 Y109.659
G1 F1500 E65.17325
G0 F7200 X113.038 Y109.766
;TIME_ELAPSED:541.742353
;LAYER:28
;TYPE:WALL-OUTER
;MESH:output_v2\A_fina_conjunto.stl
G1 F1800 X112.935 Y109.805 E65.17463
G1 X112.934 Y109.335 E65.18053
G1 X113.168 Y109.244 E65.18367
G1 X113.382 Y109.188 E65.18645
G1 X113.382 Y109.674 E65.19254
G1 X113.038 Y109.766 E65.19701
G0 F7200 X112.935 Y109.805
G0 X112.935 Y109.715
G0 X113.186 Y109.509
;TYPE:SKIN
G1 F1800 X113.14 Y109.463 E65.19742
G0 F7200 X113.127 Y109.328
G1 F1500 E58.69742
G0 F7200 X113.14 Y109.362
G0 X114.638 Y109.67
G1 F1500 E65.19742
G0 F7200 X114.962 Y109.766
;TYPE:WALL-OUTER
G1 F1800 X114.618 Y109.674 E65.20188
G1 X114.618 Y109.187 E65.20799
G1 X114.834 Y109.245 E65.21079
G1 X115.065 Y109.334 E65.2139
G1 X115.066 Y109.806 E65.21982
G1 X114.962 Y109.766 E65.22121
G0 F7200 X114.769 Y109.715
G0 X114.869 Y109.495
;TYPE:SKIN
G1 F1800 X114.824 Y109.45 E65.22161
G0 F7200 X114.837 Y109.319
G1 F1500 E58.72161
G0 F7200 X114.824 Y109.348
G0 X114.629 Y112.202
G1 F1500 E65.22161
G0 F7200 X114.962 Y112.765
;TYPE:WALL-OUTER
G1 F1800 X114.618 Y112.675 E65.22607
G1 X114.617 Y112.187 E65.23219
G1 X114.834 Y112.245 E65.23501
G1 X115.065 Y112.334 E65.23811
G1 X115.066 Y112.805 E65.24402
G1 X114.962 Y112.765 E65.24542
G0 F7200 X114.769 Y112.715
G0 X114.75 Y112.642
G1 F1500 E58.74542
G0 F7200 X114.76 Y112.61
G0 X113.368 Y112.661
G1 F1500 E65.24542
G0 F7200 X113.038 Y112.766
G1 F1800 X112.935 Y112.805 E65.2468
G1 X112.934 Y112.335 E65.25269
G1 X113.168 Y112.244 E65.25584
G1 X113.382 Y112.188 E65.25862
G1 X113.383 Y112.673 E65.2647
G1 X113.038 Y112.766 E65.26918
G0 F7200 X112.935 Y112.805
G0 X112.935 Y112.715
G0 X113.224 Y112.301
G1 F1500 E58.76918
G0 F7200 X113.23 Y112.331
G0 X113.37 Y115.203
G1 F1500 E65.26918
G0 F7200 X113.038 Y115.766
G1 F1800 X112.935 Y115.805 E65.27056
G1 X112.934 Y115.335 E65.27645
G1 X113.168 Y115.244 E65.2796
G1 X113.382 Y115.188 E65.28238
G1 X113.383 Y115.673 E65.28846
G1 X113.038 Y115.766 E65.29294
G0 F7200 X112.935 Y115.805
G0 X112.935 Y115.715
G0 X113.224 Y115.301
G1 F1500 E58.79294
G0 F7200 X113.23 Y115.331
G0 X114.618 Y115.659
G1 F1500 E65.29294
G0 F7200 X114.962 Y115.765
G1 F1800 X114.618 Y115.675 E65.2974
G1 X114.617 Y115.187 E65.30352
G1 X114.834 Y115.245 E65.30633
G1 X115.065 Y115.334 E65.30944
G1 X115.066 Y115.805 E65.31535
G1 X114.962 Y115.765 E65.31674
G0 F7200 X114.769 Y115.715
G0 X114.75 Y115.642
G1 F1500 E58.81674
G0 F7200 X114.76 Y115.61
G0 X114.629 Y118.202
G1 F1500 E65.31674
G0 F7200 X114.962 Y118.765
G1 F1800 X114.618 Y118.675 E65.3212
G1 X114.617 Y118.187 E65.32732
G1 X114.834 Y118.245 E65.33014
G1 X115.065 Y118.334 E65.33324
G1 X115.066 Y118.805 E65.33915
G1 X114.962 Y118.765 E65.34055
G0 F7200 X114.769 Y118.715
G0 X114.86 Y118.537
;TYPE:SKIN
G1 F1800 X114.812 Y118.489 E65.34097
G0 F7200 X114.665 Y118.489
G1 F1500 E58.84097
G0 F7200 X114.718 Y118.49
G0 X113.368 Y118.661
G1 F1500 E65.34097
G0 F7200 X113.038 Y118.766
;TYPE:WALL-OUTER
G1 F1800 X112.935 Y118.805 E65.34235
G1 X112.934 Y118.335 E65.34825
G1 X113.168 Y118.244 E65.3514
G1 X113.382 Y118.188 E65.35417
G1 X113.383 Y118.673 E65.36025
G1 X113.038 Y118.766 E65.36473
G0 F7200 X112.935 Y118.805
G0 X112.935 Y118.715
G0 X113.224 Y118.301
G1 F1500 E58.86473
G0 F7200 X113.23 Y118.331
G0 X112.07 Y118.79
G0 X110.305 Y119.415
G0 X109.369 Y119.8
G1 F1500 E65.36473
G0 F7200 X109.439 Y119.9
G1 F1800 X109.037 Y119.9 E65.36977
G1 X109.037 Y119.4 E65.37604
G1 X109.44 Y119.4 E65.3811
G1 X109.439 Y119.9 E65.38737
G0 F7200 X109.239 Y119.9
G0 X109.239 Y119.8
G1 F1500 E58.88737
G0 F7200 X107.03 Y119.886
G1 F1500 E65.38737
G0 F7200 X107.05 Y120.7
G1 F1800 X106.25 Y120.7 E65.3974
G1 X106.25 Y108.3 E65.5529
G1 X107.05 Y108.3 E65.56293
G1 X107.05 Y120.7 E65.71843
G0 F7200 X106.85 Y120.7
G0 X106.65 Y120.226
;TYPE:SKIN
G1 F1800 X106.65 Y119.943 E65.72217
G1 X106.65 Y108.912 E65.86796
G1 X106.826 Y108.523 E65.87361
G0 F7200 X106.797 Y108.494
G0 X106.445 Y120.304
G1 F1800 X106.644 Y120.503 E65.87537
G0 F7200 X106.65 Y120.3
G1 F1500 E59.37537
G0 F7200 X107.03 Y118.672
G0 X108.184 Y118.547
G0 X113.766 Y117.175
G0 X120.07 Y118.644
G1 F1500 E65.87537
G0 F7200 X121.038 Y118.766
;TYPE:WALL-OUTER
G1 F1800 X120.935 Y118.805 E65.87675
G1 X120.934 Y118.335 E65.88265
G1 X121.168 Y118.244 E65.8858
G1 X121.382 Y118.188 E65.88857
G1 X121.383 Y118.673 E65.89465
G1 X121.038 Y118.766 E65.89913
G0 F7200 X120.935 Y118.805
G0 X120.935 Y118.715
G0 X121.224 Y118.301
G1 F1500 E59.39913
G0 F7200 X121.23 Y118.331
G0 X122.618 Y118.659
G1 F1500 E65.89913
G0 F7200 X122.962 Y118.766
G1 F1800 X122.618 Y118.674 E65.9036
G1 X122.617 Y118.187 E65.90971
G1 X122.834 Y118.245 E65.91252
G1 X123.065 Y118.334 E65.91563
G1 X123.066 Y118.806 E65.92155
G1 X122.962 Y118.766 E65.92294
G0 F7200 X122.769 Y118.715
G0 X122.752 Y118.642
G1 F1500 E59.42294
G0 F7200 X122.761 Y118.61
G0 X123.055 Y115.79
G1 F1500 E65.92294
G0 F7200 X122.962 Y115.766
G1 F1800 X122.618 Y115.674 E65.92741
G1 X122.617 Y115.187 E65.93352
G1 X122.834 Y115.245 E65.93633
G1 X123.065 Y115.334 E65.93944
G1 X123.066 Y115.806 E65.94536
G1 X122.962 Y115.766 E65.94675
G0 F7200 X122.769 Y115.715
G0 X122.869 Y115.515
;TYPE:SKIN
G1 F1800 X122.811 Y115.457 E65.94727
G0 F7200 X122.665 Y115.457
G1 F1500 E59.44727
G0 F7200 X122.718 Y115.458
G0 X121.368 Y115.661
G1 F1500 E65.94727
G0 F7200 X121.038 Y115.766
;TYPE:WALL-OUTER
G1 F1800 X120.935 Y115.805 E65.94865
G1 X120.934 Y115.335 E65.95454
G1 X121.168 Y115.244 E65.95769
G1 X121.382 Y115.188 E65.96047
G1 X121.383 Y115.673 E65.96655
G1 X121.038 Y115.766 E65.97103
G0 F7200 X120.935 Y115.805
G0 X120.935 Y115.715
G0 X121.128 Y115.471
;TYPE:SKIN
G1 F1800 X121.181 Y115.524 E65.9715
G0 F7200 X121.251 Y115.641
G1 F1500 E59.4715
G0 F7200 X121.242 Y115.608
G0 X120.946 Y112.789
G1 F1500 E65.9715
G0 F7200 X121.038 Y112.766
;TYPE:WALL-OUTER
G1 F1800 X120.935 Y112.805 E65.97288
G1 X120.934 Y112.335 E65.97877
G1 X121.168 Y112.244 E65.98192
G1 X121.382 Y112.188 E65.9847
G1 X121.383 Y112.673 E65.99078
G1 X121.038 Y112.766 E65.99526
G0 F7200 X120.935 Y112.805
G0 X120.935 Y112.715
G0 X121.224 Y112.301
G1 F1500 E59.49526
G0 F7200 X121.23 Y112.331
G0 X122.618 Y112.659
G1 F1500 E65.99526
G0 F7200 X122.962 Y112.766
G1 F1800 X122.618 Y112.674 E65.99972
G1 X122.617 Y112.187 E66.00583
G1 X122.834 Y112.245 E66.00865
G1 X123.065 Y112.334 E66.01175
G1 X123.066 Y112.806 E66.01767
G1 X122.962 Y112.766 E66.01907
G0 F7200 X122.769 Y112.715
G0 X122.752 Y112.642
G1 F1500 E59.51907
G0 F7200 X122.761 Y112.61
G0 X123.055 Y109.79
G1 F1500 E66.01907
G0 F7200 X122.962 Y109.766
G1 F1800 X122.618 Y109.674 E66.02353
G1 X122.618 Y109.187 E66.02964
G1 X122.834 Y109.245 E66.03245
G1 X123.065 Y109.334 E66.03555
G1 X123.066 Y109.806 E66.04147
G1 X122.962 Y109.766 E66.04287
G0 F7200 X122.769 Y109.715
G0 X122.752 Y109.642
G1 F1500 E59.54287
G0 F7200 X122.761 Y109.61
G0 X121.362 Y109.672
G1 F1500 E66.04287
G0 F7200 X121.038 Y109.766
G1 F1800 X120.935 Y109.805 E66.04425
G1 X120.934 Y109.335 E66.05014
G1 X121.168 Y109.244 E66.05329
G1 X121.382 Y109.188 E66.05607
G1 X121.382 Y109.674 E66.06216
G1 X121.038 Y109.766 E66.06663
G0 F7200 X120.935 Y109.805
G0 X120.935 Y109.715
G0 X121.225 Y109.302
G1 F1500 E59.56663
G0 F7200 X121.231 Y109.33
G0 X121.641 Y110.5
G0 X123.914 Y111.04
G0 X128.07 Y109.657
G1 F1500 E66.06663
G0 F7200 X129.038 Y109.766
G1 F1800 X128.935 Y109.805 E66.06801
G1 X128.934 Y109.335 E66.0739
G1 X129.168 Y109.244 E66.07705
G1 X129.382 Y109.188 E66.07982
G1 X129.382 Y109.674 E66.08592
G1 X129.038 Y109.766 E66.09038
G0 F7200 X128.935 Y109.805
G0 X128.935 Y109.715
G0 X129.225 Y109.302
G1 F1500 E59.59038
G0 F7200 X129.231 Y109.33
G0 X130.638 Y109.67
G1 F1500 E66.09038
G0 F7200 X130.962 Y109.766
G1 F1800 X130.618 Y109.674 E66.09485
G1 X130.618 Y109.187 E66.10096
G1 X130.834 Y109.245 E66.10376
G1 X131.065 Y109.334 E66.10686
G1 X131.066 Y109.806 E66.11278
G1 X130.962 Y109.766 E66.11418
G0 F7200 X130.769 Y109.715
G0 X130.752 Y109.642
G1 F1500 E59.61418
G0 F7200 X130.761 Y109.61
G0 X130.629 Y112.202
G1 F1500 E66.11418
G0 F7200 X130.962 Y112.766
G1 F1800 X130.618 Y112.674 E66.11865
G1 X130.617 Y112.187 E66.12475
G1 X130.834 Y112.245 E66.12757
G1 X131.065 Y112.334 E66.13068
G1 X131.066 Y112.806 E66.13659
G1 X130.962 Y112.766 E66.13799
G0 F7200 X130.769 Y112.715
G0 X130.752 Y112.642
G1 F1500 E59.63799
G0 F7200 X130.761 Y112.61
G0 X129.368 Y112.661
G1 F1500 E66.13799
G0 F7200 X129.038 Y112.766
G1 F1800 X128.935 Y112.805 E66.13937
G1 X128.934 Y112.335 E66.14527
G1 X129.168 Y112.244 E66.14842
G1 X129.382 Y112.188 E66.15119
G1 X129.383 Y112.673 E66.15727
G1 X129.038 Y112.766 E66.16175
G0 F7200 X128.935 Y112.805
G0 X128.935 Y112.715
G0 X129.186 Y112.499
;TYPE:SKIN
G1 F1800 X129.148 Y112.461 E66.16209
G0 F7200 X129.135 Y112.326
G1 F1500 E59.66209
G0 F7200 X129.146 Y112.36
G0 X129.37 Y115.203
G1 F1500 E66.16209
G0 F7200 X129.038 Y115.766
;TYPE:WALL-OUTER
G1 F1800 X128.935 Y115.805 E66.16347
G1 X128.934 Y115.335 E66.16936
G1 X129.168 Y115.244 E66.17251
G1 X129.382 Y115.188 E66.17529
G1 X129.383 Y115.673 E66.18137
G1 X129.038 Y115.766 E66.18585
G0 F7200 X128.935 Y115.805
G0 X128.935 Y115.715
G0 X129.224 Y115.301
G1 F1500 E59.68585
G0 F7200 X129.23 Y115.331
G0 X130.618 Y115.659
G1 F1500 E66.18585
G0 F7200 X130.962 Y115.766
G1 F1800 X130.618 Y115.674 E66.19032
G1 X130.617 Y115.187 E66.19642
G1 X130.834 Y115.245 E66.19924
G1 X131.065 Y115.334 E66.20234
G1 X131.066 Y115.806 E66.20826
G1 X130.962 Y115.766 E66.20966
G0 F7200 X130.769 Y115.715
G0 X130.752 Y115.642
G1 F1500 E59.70966
G0 F7200 X130.761 Y115.61
G0 X130.629 Y118.202
G1 F1500 E66.20966
G0 F7200 X130.962 Y118.766
G1 F1800 X130.618 Y118.674 E66.21413
G1 X130.617 Y118.187 E66.22023
G1 X130.834 Y118.245 E66.22305
G1 X131.065 Y118.334 E66.22615
G1 X131.066 Y118.806 E66.23207
G1 X130.962 Y118.766 E66.23347
G0 F7200 X130.769 Y118.715
G0 X130.752 Y118.642
G1 F1500 E59.73347
G0 F7200 X130.761 Y118.61
G0 X129.368 Y118.661
G1 F1500 E66.23347
G0 F7200 X129.038 Y118.766
G1 F1800 X128.935 Y118.805 E66.23485
G1 X128.934 Y118.335 E66.24075
G1 X129.168 Y118.244 E66.24389
G1 X129.382 Y118.188 E66.24667
G1 X129.383 Y118.673 E66.25275
G1 X129.038 Y118.766 E66.25723
G0 F7200 X128.935 Y118.805
G0 X128.935 Y118.715
G0 X129.224 Y118.301
G1 F1500 E59.75723
G0 F7200 X129.23 Y118.331
G0 X129.644 Y119.499
G0 X131.914 Y120.04
G0 X136.085 Y118.661
G0 X137.65 Y120.63
G1 F1500 E66.25723
G0 F7200 X137.75 Y120.7
G1 F1800 X136.95 Y120.7 E66.26726
G1 X136.95 Y108.3 E66.42276
G1 X137.75 Y108.3 E66.4328
G1 X137.75 Y120.7 E66.5883
G0 F7200 X137.55 Y120.7
G0 X137.309 Y120.338
;TYPE:SKIN
G1 F1800 X137.349 Y120.095 E66.59156
G1 X137.349 Y108.781 E66.74163
G1 X137.449 Y108.599 E66.74438
G0 F7200 X137.344 Y108.494
G0 X137.144 Y120.456
G1 F1800 X137.192 Y120.504 E66.74481
G0 F7200 X137.35 Y120.3
G1 F1500 E60.24481
;MESH:NONMESH
G0 F600 X137.35 Y120.3 Z6
G0 F7200 X136.97 Y109.672
G0 X131.914 Y111.04
G0 X115.914 Y111.04
G0 X113.641 Y110.5
G0 X113.035 Y109.672
G1 F1500 E66.74481
G0 F7200 X113.038 Y109.765
;TIME_ELAPSED:563.463884
;LAYER:29
;TYPE:WALL-OUTER
;MESH:output_v2\A_fina_conjunto.stl
G1 F1800 X112.725 Y109.886 E66.74901
G1 X112.724 Y109.421 E66.75485
G1 X112.78 Y109.394 E66.75563
G1 X113.164 Y109.246 E66.76079
G1 X113.164 Y109.732 E66.76688
G1 X113.038 Y109.765 E66.76851
G0 F7200 X112.852 Y109.837
G0 X113.125 Y109.463
G1 F1500 E60.26851
G0 F7200 X113.064 Y109.463
G0 X114.856 Y109.67
G1 F1500 E66.76851
G0 F7200 X114.962 Y109.765
G1 F1800 X114.836 Y109.732 E66.77015
G1 X114.836 Y109.246 E66.77624
G1 X115.225 Y109.396 E66.77907
G1 X115.275 Y109.42 E66.77976
G1 X115.276 Y109.886 E66.7856
G1 X114.962 Y109.765 E66.78728
G0 F7200 X114.836 Y109.732
G0 X114.836 Y109.662
G0 X114.875 Y109.661
G1 F1500 E60.28728
G0 F7200 X114.938 Y109.656
G0 X114.847 Y112.262
G1 F1500 E66.78728
G0 F7200 X114.962 Y112.765
G1 F1800 X114.836 Y112.732 E66.78891
G1 X114.836 Y112.246 E66.79501
G1 X115.225 Y112.396 E66.79783
G1 X115.275 Y112.42 E66.79853
G1 X115.275 Y112.886 E66.80437
G1 X114.962 Y112.765 E66.80604
G0 F7200 X114.836 Y112.732
G0 X114.836 Y112.662
G0 X114.875 Y112.662
G1 F1500 E60.30604
G0 F7200 X114.938 Y112.657
G0 X113.164 Y112.674
G1 F1500 E66.80604
G0 F7200 X113.038 Y112.766
G1 F1800 X112.725 Y112.886 E66.81024
G1 X112.724 Y112.421 E66.81607
G1 X112.78 Y112.394 E66.81685
G1 X113.164 Y112.246 E66.82201
G1 X113.165 Y112.732 E66.82811
G1 X113.038 Y112.766 E66.82975
G0 F7200 X112.852 Y112.837
G0 X113.125 Y112.464
G1 F1500 E60.32975
G0 F7200 X113.064 Y112.463
G0 X113.153 Y115.262
G1 F1500 E66.82975
G0 F7200 X113.038 Y115.765
G1 F1800 X112.725 Y115.886 E66.83396
G1 X112.724 Y115.421 E66.83979
G1 X112.78 Y115.394 E66.84057
G1 X113.164 Y115.246 E66.84573
G1 X113.164 Y115.732 E66.85183
G1 X113.038 Y115.765 E66.85346
G0 F7200 X112.852 Y115.837
G0 X113.125 Y115.463
G1 F1500 E60.35346
G0 F7200 X113.064 Y115.463
G0 X114.856 Y115.67
G1 F1500 E66.85346
G0 F7200 X114.962 Y115.765
G1 F1800 X114.836 Y115.732 E66.8551
G1 X114.836 Y115.246 E66.86119
G1 X115.225 Y115.396 E66.86401
G1 X115.275 Y115.42 E66.86471
G1 X115.275 Y115.886 E66.87055
G1 X114.962 Y115.765 E66.87222
G0 F7200 X114.836 Y115.732
G0 X114.836 Y115.662
G0 X114.875 Y115.662
G1 F1500 E60.37222
G0 F7200 X114.938 Y115.657
G0 X114.847 Y118.262
G1 F1500 E66.87222
G0 F7200 X114.962 Y118.765
G1 F1800 X114.836 Y118.732 E66.87385
G1 X114.836 Y118.246 E66.87995
G1 X115.225 Y118.396 E66.88277
G1 X115.275 Y118.42 E66.88346
G1 X115.276 Y118.886 E66.88931
G1 X114.962 Y118.765 E66.89098
G0 F7200 X114.836 Y118.732
G0 X114.836 Y118.662
G0 X115.041 Y118.586
;TYPE:SKIN
G1 F1800 X115.08 Y118.547 E66.89133
G0 F7200 X115.136 Y118.404
G1 F1500 E60.39133
G0 F7200 X115.113 Y118.46
G0 X113.164 Y118.674
G1 F1500 E66.89133
G0 F7200 X113.038 Y118.766
;TYPE:WALL-OUTER
G1 F1800 X112.725 Y118.886 E66.89553
G1 X112.724 Y118.421 E66.90136
G1 X112.78 Y118.394 E66.90214
G1 X113.164 Y118.246 E66.9073
G1 X113.165 Y118.732 E66.9134
G1 X113.038 Y118.766 E66.91505
G0 F7200 X112.852 Y118.837
G0 X113.125 Y118.464
G1 F1500 E60.41505
G0 F7200 X113.064 Y118.463
G0 X111.86 Y118.871
G0 X110.321 Y119.415
G0 X109.385 Y119.8
G1 F1500 E66.91505
G0 F7200 X109.455 Y119.9
G1 F1800 X109.052 Y119.9 E66.9201
G1 X109.052 Y119.4 E66.92637
G1 X109.456 Y119.4 E66.93144
G1 X109.455 Y119.9 E66.93771
G0 F7200 X109.255 Y119.9
G0 X109.255 Y119.8
G1 F1500 E60.43771
G0 F7200 X107.03 Y119.886
G1 F1500 E66.93771
G0 F7200 X107.05 Y120.7
G1 F1800 X106.25 Y120.7 E66.94774
G1 X106.25 Y108.3 E67.10324
G1 X107.05 Y108.3 E67.11327
G1 X107.05 Y120.7 E67.26877
G0 F7200 X106.85 Y120.7
G0 X106.736 Y120.386
;TYPE:SKIN
G1 F1800 X106.649 Y120.189 E67.27161
G1 X106.649 Y108.876 E67.42049
G1 X106.597 Y108.646 E67.42359
G0 F7200 X106.65 Y108.7
G1 F1500 E60.92359
G0 F7200 X107.03 Y118.671
G0 X108.199 Y118.547
G0 X114.012 Y117.143
G0 X119.86 Y118.643
G0 X121.008 Y118.671
G1 F1500 E67.42359
G0 F7200 X121.038 Y118.766
;TYPE:WALL-OUTER
G1 F1800 X120.725 Y118.886 E67.4278
G1 X120.724 Y118.421 E67.43363
G1 X120.78 Y118.394 E67.43441
G1 X121.164 Y118.246 E67.43957
G1 X121.165 Y118.732 E67.44566
G1 X121.038 Y118.766 E67.44731
G0 F7200 X120.852 Y118.837
G0 X121.125 Y118.464
G1 F1500 E60.94731
G0 F7200 X121.064 Y118.463
G0 X122.856 Y118.673
G1 F1500 E67.44731
G0 F7200 X122.962 Y118.765
G1 F1800 X122.836 Y118.732 E67.44895
G1 X122.836 Y118.246 E67.45504
G1 X123.225 Y118.396 E67.45786
G1 X123.275 Y118.42 E67.45856
G1 X123.275 Y118.886 E67.4644
G1 X122.962 Y118.765 E67.46607
G0 F7200 X122.836 Y118.732
G0 X122.836 Y118.662
G0 X122.875 Y118.662
G1 F1500 E60.96607
G0 F7200 X122.938 Y118.657
G0 X123.265 Y115.87
G1 F1500 E67.46607
G0 F7200 X122.962 Y115.765
G1 F1800 X122.836 Y115.732 E67.4677
G1 X122.836 Y115.246 E67.4738
G1 X123.225 Y115.396 E67.47662
G1 X123.275 Y115.42 E67.47731
G1 X123.276 Y115.886 E67.48316
G1 X122.962 Y115.765 E67.48483
G0 F7200 X122.836 Y115.732
G0 X122.836 Y115.662
G0 X122.875 Y115.661
G1 F1500 E60.98483
G0 F7200 X122.938 Y115.656
G0 X121.144 Y115.67
G1 F1500 E67.48483
G0 F7200 X121.038 Y115.765
G1 F1800 X120.725 Y115.886 E67.48904
G1 X120.724 Y115.421 E67.49487
G1 X120.78 Y115.394 E67.49565
G1 X121.164 Y115.246 E67.50081
G1 X121.164 Y115.732 E67.50691
G1 X121.038 Y115.765 E67.50854
G0 F7200 X120.852 Y115.837
G0 X121.125 Y115.463
G1 F1500 E61.00854
G0 F7200 X121.064 Y115.463
G0 X120.736 Y112.87
G1 F1500 E67.50854
G0 F7200 X121.038 Y112.766
G1 F1800 X120.725 Y112.886 E67.51274
G1 X120.724 Y112.421 E67.51858
G1 X120.78 Y112.394 E67.51936
G1 X121.164 Y112.246 E67.52452
G1 X121.165 Y112.732 E67.53061
G1 X121.038 Y112.766 E67.53226
G0 F7200 X120.852 Y112.837
G0 X121.125 Y112.464
G1 F1500 E61.03226
G0 F7200 X121.064 Y112.463
G0 X122.856 Y112.673
G1 F1500 E67.53226
G0 F7200 X122.962 Y112.765
G1 F1800 X122.836 Y112.732 E67.53389
G1 X122.836 Y112.246 E67.53999
G1 X123.225 Y112.396 E67.54281
G1 X123.275 Y112.42 E67.54351
G1 X123.275 Y112.886 E67.54935
G1 X122.962 Y112.765 E67.55102
G0 F7200 X122.836 Y112.732
G0 X122.836 Y112.662
G0 X123.03 Y112.577
;TYPE:SKIN
G1 F1800 X123.064 Y112.543 E67.55132
G0 F7200 X123.12 Y112.398
G1 F1500 E61.05132
G0 F7200 X123.098 Y112.454
G0 X123.265 Y109.87
G1 F1500 E67.55132
G0 F7200 X122.962 Y109.765
;TYPE:WALL-OUTER
G1 F1800 X122.836 Y109.732 E67.55295
G1 X122.836 Y109.246 E67.55904
G1 X123.225 Y109.396 E67.56187
G1 X123.275 Y109.42 E67.56256
G1 X123.276 Y109.886 E67.56841
G1 X122.962 Y109.765 E67.57008
G0 F7200 X122.836 Y109.732
G0 X122.836 Y109.662
G0 X122.875 Y109.661
G1 F1500 E61.07008
G0 F7200 X122.938 Y109.656
G0 X121.144 Y109.67
G1 F1500 E67.57008
G0 F7200 X121.038 Y109.765
G1 F1800 X120.725 Y109.886 E67.57429
G1 X120.724 Y109.421 E67.58012
G1 X120.78 Y109.394 E67.5809
G1 X121.164 Y109.246 E67.58606
G1 X121.164 Y109.732 E67.59216
G1 X121.038 Y109.765 E67.59379
G0 F7200 X120.852 Y109.837
G0 X120.918 Y109.598
;TYPE:SKIN
G1 F1800 X120.968 Y109.548 E67.59423
G0 F7200 X121.125 Y109.549
G1 F1500 E61.09423
G0 F7200 X121.064 Y109.549
G0 X127.86 Y109.655
G0 X129.008 Y109.67
G1 F1500 E67.59423
G0 F7200 X129.038 Y109.765
;TYPE:WALL-OUTER
G1 F1800 X128.725 Y109.886 E67.59844
G1 X128.724 Y109.421 E67.60427
G1 X128.78 Y109.394 E67.60505
G1 X129.164 Y109.246 E67.61021
G1 X129.164 Y109.732 E67.61631
G1 X129.038 Y109.765 E67.61794
G0 F7200 X128.852 Y109.837
G0 X129.125 Y109.463
G1 F1500 E61.11794
G0 F7200 X129.064 Y109.463
G0 X130.856 Y109.67
G1 F1500 E67.61794
G0 F7200 X130.962 Y109.765
G1 F1800 X130.836 Y109.732 E67.61957
G1 X130.836 Y109.246 E67.62567
G1 X131.225 Y109.396 E67.62849
G1 X131.275 Y109.42 E67.62919
G1 X131.276 Y109.886 E67.63503
G1 X130.962 Y109.765 E67.6367
G0 F7200 X130.836 Y109.732
G0 X130.836 Y109.662
G0 X130.875 Y109.661
G1 F1500 E61.1367
G0 F7200 X130.938 Y109.656
G0 X130.847 Y112.262
G1 F1500 E67.6367
G0 F7200 X130.962 Y112.765
G1 F1800 X130.836 Y112.732 E67.63834
G1 X130.836 Y112.246 E67.64443
G1 X131.225 Y112.396 E67.64726
G1 X131.275 Y112.42 E67.64795
G1 X131.275 Y112.886 E67.6538
G1 X130.962 Y112.765 E67.65546
G0 F7200 X130.836 Y112.732
G0 X130.836 Y112.662
G0 X130.875 Y112.662
G1 F1500 E61.15546
G0 F7200 X130.938 Y112.657
G0 X129.144 Y112.67
G1 F1500 E67.65546
G0 F7200 X129.038 Y112.765
G1 F1800 X128.725 Y112.886 E67.65967
G1 X128.725 Y112.42 E67.66551
G1 X128.775 Y112.396 E67.66621
G1 X129.164 Y112.246 E67.67144
G1 X129.164 Y112.732 E67.67753
G1 X129.038 Y112.765 E67.67916
G0 F7200 X128.852 Y112.837
G0 X129.125 Y112.463
G1 F1500 E61.17916
G0 F7200 X129.064 Y112.463
G0 X129.153 Y115.262
G1 F1500 E67.67916
G0 F7200 X129.038 Y115.765
G1 F1800 X128.725 Y115.886 E67.68337
G1 X128.725 Y115.42 E67.68922
G1 X128.775 Y115.396 E67.68991
G1 X129.164 Y115.246 E67.69514
G1 X129.164 Y115.732 E67.70124
G1 X129.038 Y115.765 E67.70287
G0 F7200 X128.852 Y115.837
G0 X129.125 Y115.463
G1 F1500 E61.20287
G0 F7200 X129.064 Y115.463
G0 X130.856 Y115.67
G1 F1500 E67.70287
G0 F7200 X130.962 Y115.765
G1 F1800 X130.836 Y115.732 E67.7045
G1 X130.836 Y115.246 E67.7106
G1 X131.225 Y115.396 E67.71342
G1 X131.275 Y115.42 E67.71412
G1 X131.276 Y115.886 E67.71996
G1 X130.962 Y115.765 E67.72163
G0 F7200 X130.836 Y115.732
G0 X130.836 Y115.662
G0 X131.048 Y115.59
;TYPE:SKIN
G1 F1800 X131.079 Y115.558 E67.72191
G0 F7200 X131.236 Y115.557
G1 F1500 E61.22191
G0 F7200 X131.175 Y115.556
G0 X130.847 Y118.262
G1 F1500 E67.72191
G0 F7200 X130.962 Y118.765
;TYPE:WALL-OUTER
G1 F1800 X130.836 Y118.732 E67.72355
G1 X130.836 Y118.246 E67.72964
G1 X131.225 Y118.396 E67.73246
G1 X131.275 Y118.42 E67.73316
G1 X131.275 Y118.886 E67.739
G1 X130.962 Y118.765 E67.74067
G0 F7200 X130.836 Y118.732
G0 X130.836 Y118.662
G0 X130.875 Y118.662
G1 F1500 E61.24067
G0 F7200 X130.938 Y118.657
G0 X129.144 Y118.67
G1 F1500 E67.74067
G0 F7200 X129.038 Y118.765
G1 F1800 X128.725 Y118.886 E67.74488
G1 X128.724 Y118.421 E67.75071
G1 X128.78 Y118.394 E67.75149
G1 X129.164 Y118.246 E67.75665
G1 X129.164 Y118.732 E67.76274
G1 X129.038 Y118.765 E67.76438
G0 F7200 X128.852 Y118.837
G0 X128.918 Y118.569
;TYPE:SKIN
G1 F1800 X128.948 Y118.538 E67.76465
G0 F7200 X128.891 Y118.393
G1 F1500 E61.26465
G0 F7200 X128.912 Y118.45
G0 X130.029 Y118.72
G0 X136.085 Y118.72
G0 X137.65 Y120.63
G1 F1500 E67.76465
G0 F7200 X137.75 Y120.7
;TYPE:WALL-OUTER
G1 F1800 X136.95 Y120.7 E67.77468
G1 X136.95 Y108.3 E67.93018
G1 X137.75 Y108.3 E67.94021
G1 X137.75 Y120.7 E68.09571
G0 F7200 X137.55 Y120.7
G0 X137.5 Y120.451
;TYPE:SKIN
G1 F1800 X137.359 Y120.31 E68.09829
G1 X137.349 Y114.945 E68.16752
G1 X137.349 Y108.723 E68.2478
G1 X137.219 Y108.569 E68.25041
G0 F7200 X137.35 Y108.7
G1 F1500 E61.75041
;MESH:NONMESH
G0 F600 X137.35 Y108.7 Z6.2
G0 F7200 X136.97 Y109.805
G0 X132.123 Y111.231
G0 X128.963 Y110.72
G0 X127.88 Y111.226
G0 X124.123 Y111.231
G0 X120.963 Y110.72
G0 X119.88 Y111.226
G0 X119.859 Y109.741
G0 X114.029 Y109.72
G0 X112.825 Y109.805
G1 F1500 E68.25041
G0 F7200 X112.62 Y109.926
;TIME_ELAPSED:584.917525
;LAYER:30
;TYPE:WALL-OUTER
;MESH:output_v2\A_fina_conjunto.stl
G1 F1800 X112.515 Y109.977 E68.25187
G1 X112.514 Y109.523 E68.25756
G1 X112.78 Y109.394 E68.26127
G1 X112.954 Y109.327 E68.26361
G1 X112.954 Y109.798 E68.26951
G1 X112.62 Y109.926 E68.274
G0 F7200 X112.515 Y109.977
G0 X112.515 Y109.893
G0 X112.745 Y109.449
G1 F1500 E61.774
G0 F7200 X112.773 Y109.509
G0 X115.066 Y109.787
G1 F1500 E68.274
G0 F7200 X115.38 Y109.926
G1 F1800 X115.046 Y109.798 E68.27849
G1 X115.046 Y109.327 E68.28439
G1 X115.225 Y109.396 E68.2868
G1 X115.485 Y109.522 E68.29042
G1 X115.486 Y109.977 E68.29613
G1 X115.38 Y109.926 E68.2976
G0 F7200 X115.193 Y109.855
G0 X115.174 Y109.817
G1 F1500 E61.7976
G0 F7200 X115.199 Y109.751
G0 X115.057 Y112.343
G1 F1500 E68.2976
G0 F7200 X115.38 Y112.926
G1 F1800 X115.046 Y112.798 E68.30209
G1 X115.046 Y112.327 E68.30799
G1 X115.225 Y112.396 E68.3104
G1 X115.485 Y112.522 E68.31402
G1 X115.485 Y112.977 E68.31973
G1 X115.38 Y112.926 E68.32119
G0 F7200 X115.193 Y112.855
G0 X115.174 Y112.817
G1 F1500 E61.82119
G0 F7200 X115.199 Y112.751
G0 X112.939 Y112.787
G1 F1500 E68.32119
G0 F7200 X112.62 Y112.926
G1 F1800 X112.515 Y112.977 E68.32266
G1 X112.514 Y112.523 E68.32835
G1 X112.78 Y112.394 E68.33206
G1 X112.954 Y112.327 E68.3344
G1 X112.955 Y112.798 E68.3403
G1 X112.62 Y112.926 E68.3448
G0 F7200 X112.515 Y112.977
G0 X112.515 Y112.893
G0 X112.746 Y112.449
G1 F1500 E61.8448
G0 F7200 X112.772 Y112.509
G0 X112.943 Y115.343
G1 F1500 E68.3448
G0 F7200 X112.62 Y115.926
G1 F1800 X112.515 Y115.977 E68.34626
G1 X112.514 Y115.523 E68.35196
G1 X112.78 Y115.394 E68.35566
G1 X112.954 Y115.327 E68.358
G1 X112.954 Y115.798 E68.36391
G1 X112.62 Y115.926 E68.36839
G0 F7200 X112.515 Y115.977
G0 X112.515 Y115.893
G0 X112.745 Y115.449
G1 F1500 E61.86839
G0 F7200 X112.773 Y115.509
G0 X115.066 Y115.787
G1 F1500 E68.36839
G0 F7200 X115.38 Y115.926
G1 F1800 X115.046 Y115.798 E68.37288
G1 X115.046 Y115.327 E68.37879
G1 X115.225 Y115.396 E68.38119
G1 X115.485 Y115.522 E68.38482
G1 X115.485 Y115.977 E68.39052
G1 X115.38 Y115.926 E68.39198
G0 F7200 X115.193 Y115.855
G0 X115.174 Y115.817
G1 F1500 E61.89198
G0 F7200 X115.199 Y115.751
G0 X115.057 Y118.343
G1 F1500 E68.39198
G0 F7200 X115.38 Y118.926
G1 F1800 X115.046 Y118.798 E68.39647
G1 X115.046 Y118.327 E68.40238
G1 X115.225 Y118.396 E68.40478
G1 X115.485 Y118.522 E68.40841
G1 X115.486 Y118.977 E68.41411
G1 X115.38 Y118.926 E68.41559
G0 F7200 X115.193 Y118.855
G0 X115.174 Y118.817
G1 F1500 E61.91559
G0 F7200 X115.199 Y118.751
G0 X112.939 Y118.787
G1 F1500 E68.41559
G0 F7200 X112.62 Y118.926
G1 F1800 X112.515 Y118.977 E68.41705
G1 X112.514 Y118.523 E68.42274
G1 X112.78 Y118.394 E68.42645
G1 X112.954 Y118.327 E68.42879
G1 X112.955 Y118.798 E68.4347
G1 X112.62 Y118.926 E68.43919
G0 F7200 X112.515 Y118.977
G0 X112.515 Y118.893
G0 X112.746 Y118.449
G1 F1500 E61.93919
G0 F7200 X112.772 Y118.509
G0 X111.65 Y118.961
G0 X110.338 Y119.415
G0 X109.402 Y119.8
G1 F1500 E68.43919
G0 F7200 X109.472 Y119.9
G1 F1800 X109.067 Y119.9 E68.44427
G1 X109.067 Y119.4 E68.45054
G1 X109.473 Y119.4 E68.45563
G1 X109.472 Y119.9 E68.4619
G0 F7200 X109.272 Y119.9
G0 X109.272 Y119.8
G1 F1500 E61.9619
G0 F7200 X107.03 Y119.886
G1 F1500 E68.4619
G0 F7200 X107.05 Y120.7
G1 F1800 X106.25 Y120.7 E68.47194
G1 X106.25 Y108.3 E68.62744
G1 X107.05 Y108.3 E68.63747
G1 X107.05 Y120.7 E68.79297
G0 F7200 X106.85 Y120.7
G0 X106.65 Y120.226
;TYPE:SKIN
G1 F1800 X106.65 Y119.943 E68.79671
G1 X106.65 Y108.912 E68.9425
G1 X106.826 Y108.523 E68.94814
G0 F7200 X106.797 Y108.494
G0 X106.445 Y120.304
G1 F1800 X106.644 Y120.503 E68.94991
G0 F7200 X106.65 Y120.3
G1 F1500 E62.44991
G0 F7200 X107.03 Y118.836
G0 X108.214 Y118.547
G0 X110.327 Y118.547
G0 X111.67 Y120.328
G0 X116.333 Y120.331
G0 X119.65 Y118.808
G1 F1500 E68.94991
G0 F7200 X120.62 Y118.926
;TYPE:WALL-OUTER
G1 F1800 X120.515 Y118.977 E68.95137
G1 X120.514 Y118.523 E68.95707
G1 X120.78 Y118.394 E68.96077
G1 X120.954 Y118.327 E68.96311
G1 X120.955 Y118.798 E68.96902
G1 X120.62 Y118.926 E68.97351
G0 F7200 X120.515 Y118.977
G0 X120.515 Y118.893
G0 X120.746 Y118.449
G1 F1500 E62.47351
G0 F7200 X120.772 Y118.509
G0 X123.066 Y118.787
G1 F1500 E68.97351
G0 F7200 X123.38 Y118.926
G1 F1800 X123.046 Y118.798 E68.978
G1 X123.046 Y118.327 E68.98391
G1 X123.225 Y118.396 E68.98631
G1 X123.485 Y118.522 E68.98994
G1 X123.485 Y118.977 E68.99564
G1 X123.38 Y118.926 E68.99711
G0 F7200 X123.193 Y118.855
G0 X123.174 Y118.817
G1 F1500 E62.49711
G0 F7200 X123.199 Y118.751
G0 X123.476 Y115.961
G1 F1500 E68.99711
G0 F7200 X123.38 Y115.926
G1 F1800 X123.046 Y115.798 E69.00159
G1 X123.046 Y115.327 E69.0075
G1 X123.225 Y115.396 E69.0099
G1 X123.485 Y115.522 E69.01353
G1 X123.486 Y115.977 E69.01923
G1 X123.38 Y115.926 E69.02071
G0 F7200 X123.193 Y115.855
G0 X123.174 Y115.817
G1 F1500 E62.52071
G0 F7200 X123.199 Y115.751
G0 X120.934 Y115.787
G1 F1500 E69.02071
G0 F7200 X120.62 Y115.926
G1 F1800 X120.515 Y115.977 E69.02217
G1 X120.514 Y115.523 E69.02786
G1 X120.78 Y115.394 E69.03157
G1 X120.954 Y115.327 E69.03391
G1 X120.954 Y115.798 E69.03982
G1 X120.62 Y115.926 E69.0443
G0 F7200 X120.515 Y115.977
G0 X120.515 Y115.893
G0 X120.745 Y115.449
G1 F1500 E62.5443
G0 F7200 X120.773 Y115.509
G0 X120.525 Y112.96
G1 F1500 E69.0443
G0 F7200 X120.62 Y112.926
G1 F1800 X120.515 Y112.977 E69.04577
G1 X120.514 Y112.523 E69.05146
G1 X120.78 Y112.394 E69.05517
G1 X120.954 Y112.327 E69.0575
G1 X120.955 Y112.798 E69.06341
G1 X120.62 Y112.926 E69.06791
G0 F7200 X120.515 Y112.977
G0 X120.515 Y112.893
G0 X120.746 Y112.449
G1 F1500 E62.56791
G0 F7200 X120.772 Y112.509
G0 X123.062 Y112.787
G1 F1500 E69.06791
G0 F7200 X123.38 Y112.926
G1 F1800 X123.046 Y112.798 E69.07239
G1 X123.046 Y112.327 E69.0783
G1 X123.225 Y112.396 E69.08071
G1 X123.485 Y112.522 E69.08433
G1 X123.485 Y112.977 E69.09004
G1 X123.38 Y112.926 E69.0915
G0 F7200 X123.193 Y112.855
G0 X123.174 Y112.817
G1 F1500 E62.5915
G0 F7200 X123.199 Y112.751
G0 X123.476 Y109.961
G1 F1500 E69.0915
G0 F7200 X123.38 Y109.926
G1 F1800 X123.046 Y109.798 E69.09598
G1 X123.046 Y109.327 E69.10189
G1 X123.225 Y109.396 E69.1043
G1 X123.485 Y109.522 E69.10792
G1 X123.486 Y109.977 E69.11363
G1 X123.38 Y109.926 E69.1151
G0 F7200 X123.193 Y109.855
G0 X123.174 Y109.817
G1 F1500 E62.6151
G0 F7200 X123.199 Y109.751
G0 X120.934 Y109.787
G1 F1500 E69.1151
G0 F7200 X120.62 Y109.926
G1 F1800 X120.515 Y109.977 E69.11657
G1 X120.514 Y109.523 E69.12226
G1 X120.78 Y109.394 E69.12597
G1 X120.954 Y109.327 E69.1283
G1 X120.954 Y109.798 E69.13421
G1 X120.62 Y109.926 E69.1387
G0 F7200 X120.515 Y109.977
G0 X120.515 Y109.893
G0 X120.745 Y109.449
G1 F1500 E62.6387
G0 F7200 X120.773 Y109.509
G0 X121.819 Y109.787
G0 X124.333 Y111.331
G0 X127.65 Y109.772
G1 F1500 E69.1387
G0 F7200 X128.62 Y109.926
G1 F1800 X128.515 Y109.977 E69.14016
G1 X128.514 Y109.523 E69.14585
G1 X128.78 Y109.394 E69.14956
G1 X128.954 Y109.327 E69.1519
G1 X128.954 Y109.798 E69.15781
G1 X128.62 Y109.926 E69.16229
G0 F7200 X128.515 Y109.977
G0 X128.515 Y109.893
G0 X128.745 Y109.449
G1 F1500 E62.66229
G0 F7200 X128.773 Y109.509
G0 X131.066 Y109.787
G1 F1500 E69.16229
G0 F7200 X131.38 Y109.926
G1 F1800 X131.046 Y109.798 E69.16678
G1 X131.046 Y109.327 E69.17268
G1 X131.225 Y109.396 E69.17509
G1 X131.485 Y109.522 E69.17871
G1 X131.486 Y109.977 E69.18442
G1 X131.38 Y109.926 E69.18589
G0 F7200 X131.193 Y109.855
G0 X131.174 Y109.817
G1 F1500 E62.68589
G0 F7200 X131.199 Y109.751
G0 X131.057 Y112.343
G1 F1500 E69.18589
G0 F7200 X131.38 Y112.926
G1 F1800 X131.046 Y112.798 E69.19038
G1 X131.046 Y112.327 E69.19628
G1 X131.225 Y112.396 E69.19869
G1 X131.485 Y112.522 E69.20231
G1 X131.485 Y112.977 E69.20802
G1 X131.38 Y112.926 E69.20948
G0 F7200 X131.193 Y112.855
G0 X131.174 Y112.817
G1 F1500 E62.70948
G0 F7200 X131.199 Y112.751
G0 X128.938 Y112.787
G1 F1500 E69.20948
G0 F7200 X128.62 Y112.926
G1 F1800 X128.515 Y112.977 E69.21095
G1 X128.515 Y112.522 E69.21665
G1 X128.775 Y112.396 E69.22028
G1 X128.954 Y112.327 E69.22268
G1 X128.954 Y112.798 E69.22859
G1 X128.62 Y112.926 E69.23307
G0 F7200 X128.515 Y112.977
G0 X128.515 Y112.893
G0 X128.746 Y112.449
G1 F1500 E62.73307
G0 F7200 X128.772 Y112.509
G0 X128.943 Y115.343
G1 F1500 E69.23307
G0 F7200 X128.62 Y115.926
G1 F1800 X128.515 Y115.977 E69.23454
G1 X128.515 Y115.522 E69.24024
G1 X128.775 Y115.396 E69.24387
G1 X128.954 Y115.327 E69.24627
G1 X128.954 Y115.798 E69.25218
G1 X128.62 Y115.926 E69.25666
G0 F7200 X128.515 Y115.977
G0 X128.515 Y115.893
G0 X128.746 Y115.449
G1 F1500 E62.75666
G0 F7200 X128.772 Y115.509
G0 X131.066 Y115.787
G1 F1500 E69.25666
G0 F7200 X131.38 Y115.926
G1 F1800 X131.046 Y115.798 E69.26115
G1 X131.046 Y115.327 E69.26706
G1 X131.225 Y115.396 E69.26946
G1 X131.485 Y115.522 E69.27309
G1 X131.486 Y115.977 E69.27879
G1 X131.38 Y115.926 E69.28027
G0 F7200 X131.193 Y115.855
G0 X131.174 Y115.817
G1 F1500 E62.78027
G0 F7200 X131.199 Y115.751
G0 X131.057 Y118.343
G1 F1500 E69.28027
G0 F7200 X131.38 Y118.926
G1 F1800 X131.046 Y118.798 E69.28475
G1 X131.046 Y118.327 E69.29066
G1 X131.225 Y118.396 E69.29306
G1 X131.485 Y118.522 E69.29669
G1 X131.485 Y118.977 E69.30239
G1 X131.38 Y118.926 E69.30386
G0 F7200 X131.193 Y118.855
G0 X131.174 Y118.817
G1 F1500 E62.80386
G0 F7200 X131.199 Y118.751
G0 X128.934 Y118.787
G1 F1500 E69.30386
G0 F7200 X128.62 Y118.926
G1 F1800 X128.515 Y118.977 E69.30532
G1 X128.514 Y118.523 E69.31101
G1 X128.78 Y118.394 E69.31472
G1 X128.954 Y118.327 E69.31706
G1 X128.954 Y118.798 E69.32297
G1 X128.62 Y118.926 E69.32745
G0 F7200 X128.515 Y118.977
G0 X128.515 Y118.893
G0 X128.745 Y118.449
G1 F1500 E62.82745
G0 F7200 X128.773 Y118.509
G0 X129.819 Y118.787
G0 X132.331 Y120.328
G0 X136.085 Y118.787
G0 X137.65 Y120.63
G1 F1500 E69.32745
G0 F7200 X137.75 Y120.7
G1 F1800 X136.95 Y120.7 E69.33748
G1 X136.95 Y108.3 E69.49299
G1 X137.75 Y108.3 E69.50302
G1 X137.75 Y120.7 E69.65852
G0 F7200 X137.55 Y120.7
G0 X137.309 Y120.338
;TYPE:SKIN
G1 F1800 X137.349 Y120.095 E69.66178
G1 X137.349 Y108.781 E69.81185
G1 X137.449 Y108.599 E69.8146
G0 F7200 X137.344 Y108.494
G0 X137.144 Y120.456
G1 F1800 X137.192 Y120.504 E69.81503
G0 F7200 X137.35 Y120.3
G1 F1500 E63.31503
;MESH:NONMESH
G0 F600 X137.35 Y120.3 Z6.4
G0 F7200 X136.97 Y109.836
G0 X132.333 Y111.331
G0 X128.963 Y110.72
G0 X127.67 Y111.328
G0 X124.333 Y111.331
G0 X120.963 Y110.72
G0 X119.67 Y111.328
G0 X116.333 Y111.331
G0 X114.19 Y110.45
G0 X112.938 Y109.787
G1 F1500 E69.81503
G0 F7200 X112.621 Y109.926
;TIME_ELAPSED:606.760486
;LAYER:31
;TYPE:WALL-OUTER
;MESH:output_v2\A_fina_conjunto.stl
G1 F1800 X112.305 Y110.08 E69.81944
G1 X112.304 Y109.625 E69.82514
G1 X112.744 Y109.411 E69.83128
G1 X112.744 Y109.879 E69.83715
G1 X112.621 Y109.926 E69.8388
G0 F7200 X112.441 Y110.013
G0 X112.705 Y109.653
G1 F1500 E63.3388
G0 F7200 X112.644 Y109.653
G0 X115.276 Y109.835
G1 F1500 E69.8388
G0 F7200 X115.38 Y109.926
G1 F1800 X115.256 Y109.879 E69.84046
G1 X115.256 Y109.411 E69.84633
G1 X115.695 Y109.624 E69.8499
G1 X115.696 Y110.08 E69.85542
G1 X115.38 Y109.926 E69.85722
G0 F7200 X115.256 Y109.879
G0 X115.256 Y109.811
G0 X115.295 Y109.81
G1 F1500 E63.35722
G0 F7200 X115.356 Y109.81
G0 X115.266 Y112.427
G1 F1500 E69.85722
G0 F7200 X115.379 Y112.926
G1 F1800 X115.256 Y112.879 E69.85887
G1 X115.256 Y112.411 E69.86474
G1 X115.695 Y112.624 E69.86831
G1 X115.695 Y113.08 E69.87383
G1 X115.379 Y112.926 E69.87563
G0 F7200 X115.256 Y112.879
G0 X115.256 Y112.81
G0 X115.295 Y112.81
G1 F1500 E63.37563
G0 F7200 X115.356 Y112.81
G0 X112.724 Y112.835
G1 F1500 E69.87563
G0 F7200 X112.621 Y112.926
G1 F1800 X112.305 Y113.08 E69.88004
G1 X112.304 Y112.625 E69.88575
G1 X112.744 Y112.411 E69.89188
G1 X112.744 Y112.879 E69.89775
G1 X112.621 Y112.926 E69.8994
G0 F7200 X112.441 Y113.013
G0 X112.705 Y112.653
G1 F1500 E63.3994
G0 F7200 X112.644 Y112.653
G0 X112.734 Y115.427
G1 F1500 E69.8994
G0 F7200 X112.621 Y115.926
G1 F1800 X112.305 Y116.08 E69.90381
G1 X112.304 Y115.625 E69.90952
G1 X112.744 Y115.411 E69.91565
G1 X112.744 Y115.879 E69.92152
G1 X112.621 Y115.926 E69.92317
G0 F7200 X112.441 Y116.013
G0 X112.705 Y115.653
G1 F1500 E63.42317
G0 F7200 X112.644 Y115.653
G0 X115.276 Y115.835
G1 F1500 E69.92317
G0 F7200 X115.379 Y115.926
G1 F1800 X115.256 Y115.879 E69.92482
G1 X115.256 Y115.411 E69.93069
G1 X115.695 Y115.624 E69.93427
G1 X115.695 Y116.08 E69.93979
G1 X115.379 Y115.926 E69.94159
G0 F7200 X115.256 Y115.879
G0 X115.256 Y115.81
G0 X115.295 Y115.81
G1 F1500 E63.44159
G0 F7200 X115.356 Y115.81
G0 X115.266 Y118.427
G1 F1500 E69.94159
G0 F7200 X115.38 Y118.926
G1 F1800 X115.256 Y118.879 E69.94325
G1 X115.256 Y118.411 E69.94912
G1 X115.695 Y118.624 E69.9527
G1 X115.696 Y119.08 E69.95822
G1 X115.38 Y118.926 E69.96001
G0 F7200 X115.256 Y118.879
G0 X115.256 Y118.811
G0 X115.295 Y118.81
G1 F1500 E63.46001
G0 F7200 X115.356 Y118.81
G0 X112.724 Y118.835
G1 F1500 E69.96001
G0 F7200 X112.621 Y118.926
G1 F1800 X112.305 Y119.08 E69.96442
G1 X112.304 Y118.625 E69.97012
G1 X112.744 Y118.411 E69.97626
G1 X112.744 Y118.879 E69.98213
G1 X112.621 Y118.926 E69.98378
G0 F7200 X112.441 Y119.013
G0 X112.705 Y118.653
G1 F1500 E63.48378
G0 F7200 X112.644 Y118.653
G0 X111.44 Y119.065
G0 X110.354 Y119.415
G0 X109.418 Y119.8
G1 F1500 E69.98378
G0 F7200 X109.488 Y119.9
G1 F1800 X109.083 Y119.9 E69.98886
G1 X109.084 Y119.4 E69.99513
G1 X109.489 Y119.4 E70.00021
G1 X109.488 Y119.9 E70.00648
G0 F7200 X109.288 Y119.9
G0 X109.288 Y119.8
G1 F1500 E63.50648
G0 F7200 X107.03 Y119.886
G1 F1500 E70.00648
G0 F7200 X107.05 Y120.7
G1 F1800 X106.25 Y120.7 E70.01651
G1 X106.25 Y108.3 E70.17201
G1 X107.05 Y108.3 E70.18204
G1 X107.05 Y120.7 E70.33754
G0 F7200 X106.85 Y120.7
G0 X106.736 Y120.386
;TYPE:SKIN
G1 F1800 X106.649 Y120.189 E70.34038
G1 X106.649 Y108.876 E70.48926
G1 X106.597 Y108.646 E70.49236
G0 F7200 X106.65 Y108.7
G1 F1500 E63.99236
G0 F7200 X107.03 Y118.835
G0 X108.232 Y118.547
G0 X110.343 Y118.547
G0 X111.46 Y120.43
G0 X116.543 Y120.433
G0 X119.44 Y118.807
G0 X120.582 Y118.835
G1 F1500 E70.49236
G0 F7200 X120.621 Y118.926
;TYPE:WALL-OUTER
G1 F1800 X120.305 Y119.08 E70.49677
G1 X120.304 Y118.625 E70.50248
G1 X120.744 Y118.411 E70.50861
G1 X120.744 Y118.879 E70.51448
G1 X120.621 Y118.926 E70.51613
G0 F7200 X120.441 Y119.013
G0 X120.705 Y118.653
G1 F1500 E64.01613
G0 F7200 X120.644 Y118.653
G0 X123.276 Y118.835
G1 F1500 E70.51613
G0 F7200 X123.379 Y118.926
G1 F1800 X123.256 Y118.879 E70.51778
G1 X123.256 Y118.411 E70.52365
G1 X123.695 Y118.624 E70.52723
G1 X123.695 Y119.08 E70.53275
G1 X123.379 Y118.926 E70.53455
G0 F7200 X123.256 Y118.879
G0 X123.256 Y118.81
G0 X123.295 Y118.81
G1 F1500 E64.03455
G0 F7200 X123.356 Y118.81
G0 X123.686 Y116.064
G1 F1500 E70.53455
G0 F7200 X123.38 Y115.926
G1 F1800 X123.256 Y115.879 E70.53621
G1 X123.256 Y115.411 E70.54208
G1 X123.695 Y115.624 E70.54566
G1 X123.696 Y116.08 E70.55118
G1 X123.38 Y115.926 E70.55297
G0 F7200 X123.256 Y115.879
G0 X123.256 Y115.811
G0 X123.295 Y115.81
G1 F1500 E64.05297
G0 F7200 X123.356 Y115.81
G0 X120.729 Y115.867
G1 F1500 E70.55297
G0 F7200 X120.62 Y115.926
G1 F1800 X120.305 Y116.079 E70.55736
G1 X120.304 Y115.625 E70.56305
G1 X120.744 Y115.411 E70.56919
G1 X120.745 Y115.878 E70.57505
G1 X120.62 Y115.926 E70.57673
G0 F7200 X120.44 Y116.013
G0 X120.705 Y115.653
G1 F1500 E64.07673
G0 F7200 X120.644 Y115.652
G0 X120.315 Y113.064
G1 F1500 E70.57673
G0 F7200 X120.621 Y112.926
G1 F1800 X120.305 Y113.08 E70.58113
G1 X120.304 Y112.625 E70.58684
G1 X120.744 Y112.411 E70.59298
G1 X120.744 Y112.879 E70.59884
G1 X120.621 Y112.926 E70.6005
G0 F7200 X120.441 Y113.013
G0 X120.705 Y112.653
G1 F1500 E64.1005
G0 F7200 X120.644 Y112.653
G0 X123.276 Y112.835
G1 F1500 E70.6005
G0 F7200 X123.379 Y112.926
G1 F1800 X123.256 Y112.879 E70.60215
G1 X123.256 Y112.411 E70.60802
G1 X123.695 Y112.624 E70.61159
G1 X123.695 Y113.08 E70.61711
G1 X123.379 Y112.926 E70.61891
G0 F7200 X123.256 Y112.879
G0 X123.256 Y112.81
G0 X123.295 Y112.81
G1 F1500 E64.11891
G0 F7200 X123.356 Y112.81
G0 X123.686 Y110.064
G1 F1500 E70.61891
G0 F7200 X123.38 Y109.926
G1 F1800 X123.256 Y109.879 E70.62057
G1 X123.256 Y109.411 E70.62644
G1 X123.695 Y109.624 E70.63002
G1 X123.696 Y110.08 E70.63554
G1 X123.38 Y109.926 E70.63733
G0 F7200 X123.256 Y109.879
G0 X123.256 Y109.811
G0 X123.295 Y109.81
G1 F1500 E64.13733
G0 F7200 X123.356 Y109.81
G0 X120.729 Y109.867
G1 F1500 E70.63733
G0 F7200 X120.62 Y109.926
G1 F1800 X120.305 Y110.079 E70.64172
G1 X120.304 Y109.625 E70.64742
G1 X120.744 Y109.411 E70.65355
G1 X120.745 Y109.878 E70.65941
G1 X120.62 Y109.926 E70.66109
G0 F7200 X120.44 Y110.013
G0 X120.705 Y109.653
G1 F1500 E64.16109
G0 F7200 X120.644 Y109.652
G0 X122.399 Y110.47
G0 X124.543 Y111.433
G0 X127.44 Y109.852
G0 X128.581 Y109.835
G1 F1500 E70.66109
G0 F7200 X128.62 Y109.926
G1 F1800 X128.305 Y110.079 E70.66548
G1 X128.304 Y109.625 E70.67117
G1 X128.744 Y109.411 E70.67731
G1 X128.745 Y109.878 E70.68316
G1 X128.62 Y109.926 E70.68484
G0 F7200 X128.44 Y110.013
G0 X128.705 Y109.653
G1 F1500 E64.18484
G0 F7200 X128.644 Y109.652
G0 X131.276 Y109.867
G1 F1500 E70.68484
G0 F7200 X131.38 Y109.926
G1 F1800 X131.256 Y109.879 E70.68651
G1 X131.256 Y109.411 E70.69237
G1 X131.695 Y109.624 E70.69595
G1 X131.696 Y110.08 E70.70147
G1 X131.38 Y109.926 E70.70326
G0 F7200 X131.256 Y109.879
G0 X131.256 Y109.811
G0 X131.295 Y109.81
G1 F1500 E64.20326
G0 F7200 X131.356 Y109.81
G0 X131.266 Y112.427
G1 F1500 E70.70326
G0 F7200 X131.379 Y112.926
G1 F1800 X131.256 Y112.879 E70.70491
G1 X131.256 Y112.411 E70.71078
G1 X131.695 Y112.624 E70.71436
G1 X131.695 Y113.08 E70.71988
G1 X131.379 Y112.926 E70.72168
G0 F7200 X131.256 Y112.879
G0 X131.256 Y112.81
G0 X131.295 Y112.81
G1 F1500 E64.22168
G0 F7200 X131.356 Y112.81
G0 X128.724 Y112.835
G1 F1500 E70.72168
G0 F7200 X128.621 Y112.926
G1 F1800 X128.305 Y113.08 E70.72609
G1 X128.305 Y112.624 E70.73181
G1 X128.744 Y112.411 E70.73792
G1 X128.744 Y112.879 E70.74379
G1 X128.621 Y112.926 E70.74544
G0 F7200 X128.441 Y113.013
G0 X128.705 Y112.653
G1 F1500 E64.24544
G0 F7200 X128.644 Y112.653
G0 X128.734 Y115.427
G1 F1500 E70.74544
G0 F7200 X128.62 Y115.926
G1 F1800 X128.305 Y116.079 E70.74984
G1 X128.305 Y115.624 E70.75554
G1 X128.744 Y115.411 E70.76166
G1 X128.745 Y115.878 E70.76752
G1 X128.62 Y115.926 E70.7692
G0 F7200 X128.44 Y116.013
G0 X128.705 Y115.653
G1 F1500 E64.2692
G0 F7200 X128.644 Y115.652
G0 X131.276 Y115.867
G1 F1500 E70.7692
G0 F7200 X131.38 Y115.926
G1 F1800 X131.256 Y115.879 E70.77086
G1 X131.256 Y115.411 E70.77673
G1 X131.695 Y115.624 E70.7803
G1 X131.696 Y116.08 E70.78582
G1 X131.38 Y115.926 E70.78762
G0 F7200 X131.256 Y115.879
G0 X131.256 Y115.811
G0 X131.295 Y115.81
G1 F1500 E64.28762
G0 F7200 X131.356 Y115.81
G0 X131.266 Y118.427
G1 F1500 E70.78762
G0 F7200 X131.379 Y118.926
G1 F1800 X131.256 Y118.879 E70.78927
G1 X131.256 Y118.411 E70.79514
G1 X131.695 Y118.624 E70.79871
G1 X131.695 Y119.08 E70.80423
G1 X131.379 Y118.926 E70.80603
G0 F7200 X131.256 Y118.879
G0 X131.256 Y118.81
G0 X131.295 Y118.81
G1 F1500 E64.30603
G0 F7200 X131.356 Y118.81
G0 X128.724 Y118.835
G1 F1500 E70.80603
G0 F7200 X128.621 Y118.926
G1 F1800 X128.305 Y119.08 E70.81044
G1 X128.304 Y118.625 E70.81615
G1 X128.744 Y118.411 E70.82228
G1 X128.744 Y118.879 E70.82815
G1 X128.621 Y118.926 E70.8298
G0 F7200 X128.441 Y119.013
G0 X128.705 Y118.653
G1 F1500 E64.3298
G0 F7200 X128.644 Y118.653
G0 X130.399 Y119.47
G0 X132.541 Y120.43
G0 X136.085 Y118.868
G0 X137.65 Y120.63
G1 F1500 E70.8298
G0 F7200 X137.75 Y120.7
G1 F1800 X136.95 Y120.7 E70.83983
G1 X136.95 Y108.3 E70.99534
G1 X137.75 Y108.3 E71.00537
G1 X137.75 Y120.7 E71.16087
G0 F7200 X137.55 Y120.7
G0 X137.5 Y120.451
;TYPE:SKIN
G1 F1800 X137.359 Y120.31 E71.16344
G1 X137.349 Y114.945 E71.23267
G1 X137.349 Y108.723 E71.31296
G1 X137.219 Y108.569 E71.31556
G0 F7200 X137.35 Y108.7
G1 F1500 E64.81556
;MESH:NONMESH
G0 F600 X137.35 Y108.7 Z6.6
G0 F7200 X136.97 Y109.877
G0 X132.543 Y111.433
G0 X128.957 Y110.723
G0 X127.46 Y111.43
G0 X124.543 Y111.433
G0 X120.957 Y110.723
G0 X119.46 Y111.43
G0 X116.543 Y111.433
G0 X114.399 Y110.47
G0 X112.724 Y109.877
G1 F1500 E71.31556
G0 F7200 X112.534 Y109.968
;TIME_ELAPSED:628.343323
;LAYER:32
;TYPE:WALL-OUTER
;MESH:output_v2\A_fina_conjunto.stl
G1 F1800 X112.095 Y110.182 E71.32169
G1 X112.094 Y109.727 E71.32739
G1 X112.534 Y109.513 E71.33353
G1 X112.534 Y109.968 E71.33923
G0 F7200 X112.355 Y110.055
G0 X112.351 Y110.046
G1 F1500 E64.83923
G0 F7200 X112.314 Y109.965
G0 X112.524 Y112.529
G1 F1500 E71.33923
G0 F7200 X112.534 Y112.968
G1 F1800 X112.095 Y113.182 E71.34536
G1 X112.094 Y112.727 E71.35106
G1 X112.534 Y112.513 E71.3572
G1 X112.534 Y112.968 E71.3629
G0 F7200 X112.355 Y113.055
G0 X112.351 Y113.046
G1 F1500 E64.8629
G0 F7200 X112.314 Y112.965
G0 X112.524 Y115.529
G1 F1500 E71.3629
G0 F7200 X112.534 Y115.968
G1 F1800 X112.095 Y116.182 E71.36903
G1 X112.094 Y115.727 E71.37473
G1 X112.534 Y115.513 E71.38087
G1 X112.534 Y115.968 E71.38658
G0 F7200 X112.355 Y116.055
G0 X112.351 Y116.046
G1 F1500 E64.88658
G0 F7200 X112.314 Y115.965
G0 X112.524 Y118.529
G1 F1500 E71.38658
G0 F7200 X112.534 Y118.968
G1 F1800 X112.095 Y119.182 E71.3927
G1 X112.094 Y118.727 E71.39841
G1 X112.534 Y118.513 E71.40454
G1 X112.534 Y118.968 E71.41025
G0 F7200 X112.355 Y119.055
G0 X112.351 Y119.046
G1 F1500 E64.91025
G0 F7200 X112.314 Y118.965
G0 X109.5 Y119.414
G1 F1500 E71.41025
G0 F7200 X109.513 Y119.9
G1 F1800 X109.108 Y119.9 E71.41533
G1 X109.109 Y119.4 E71.4216
G1 X109.514 Y119.4 E71.42668
G1 X109.513 Y119.9 E71.43295
G0 F7200 X109.313 Y119.9
G0 X109.313 Y119.8
G1 F1500 E64.93295
G0 F7200 X107.03 Y119.886
G1 F1500 E71.43295
G0 F7200 X107.05 Y120.7
G1 F1800 X106.25 Y120.7 E71.44298
G1 X106.25 Y108.3 E71.59848
G1 X107.05 Y108.3 E71.60851
G1 X107.05 Y120.7 E71.76401
G0 F7200 X106.85 Y120.7
G0 X106.65 Y120.226
;TYPE:SKIN
G1 F1800 X106.65 Y119.943 E71.76775
G1 X106.65 Y108.912 E71.91354
G1 X106.826 Y108.523 E71.91919
G0 F7200 X106.797 Y108.494
G0 X106.445 Y120.304
G1 F1800 X106.644 Y120.503 E71.92095
G0 F7200 X106.65 Y120.3
G1 F1500 E65.42095
G0 F7200 X107.03 Y118.778
G0 X108.257 Y118.547
G0 X113.381 Y117.257
G0 X114.601 Y118.778
G0 X115.805 Y118.778
G1 F1500 E71.92095
G0 F7200 X115.905 Y118.726
;TYPE:WALL-OUTER
G1 F1800 X115.906 Y119.182 E71.92667
G1 X115.466 Y118.968 E71.93281
G1 X115.466 Y118.513 E71.93851
G1 X115.905 Y118.726 E71.94463
G0 F7200 X115.905 Y118.926
G0 X115.866 Y118.925
G1 F1500 E65.44463
G0 F7200 X115.805 Y118.924
G0 X115.895 Y116.165
G1 F1500 E71.94463
G0 F7200 X115.905 Y115.726
G1 F1800 X115.905 Y116.181 E71.95034
G1 X115.466 Y115.968 E71.95646
G1 X115.466 Y115.513 E71.96216
G1 X115.905 Y115.726 E71.96828
G0 F7200 X115.905 Y115.926
G0 X115.866 Y115.926
G1 F1500 E65.46828
G0 F7200 X115.805 Y115.926
G0 X115.895 Y113.165
G1 F1500 E71.96828
G0 F7200 X115.905 Y112.726
G1 F1800 X115.905 Y113.181 E71.97399
G1 X115.466 Y112.968 E71.9801
G1 X115.466 Y112.513 E71.98581
G1 X115.905 Y112.726 E71.99193
G0 F7200 X115.905 Y112.926
G0 X115.866 Y112.926
G1 F1500 E65.49193
G0 F7200 X115.805 Y112.926
G0 X115.896 Y110.166
G1 F1500 E71.99193
G0 F7200 X115.905 Y109.726
G1 F1800 X115.906 Y110.182 E71.99765
G1 X115.466 Y109.968 E72.00378
G1 X115.466 Y109.513 E72.00949
G1 X115.905 Y109.726 E72.01561
G0 F7200 X115.905 Y109.926
G0 X115.866 Y109.925
G1 F1500 E65.51561
G0 F7200 X115.805 Y109.924
G0 X119.23 Y109.916
G0 X120.434 Y109.915
G1 F1500 E72.01561
G0 F7200 X120.535 Y109.968
G1 F1800 X120.095 Y110.182 E72.02174
G1 X120.094 Y109.727 E72.02745
G1 X120.534 Y109.513 E72.03359
G1 X120.535 Y109.968 E72.03929
G0 F7200 X120.356 Y110.055
G0 X120.352 Y110.046
G1 F1500 E65.53929
G0 F7200 X120.315 Y109.965
G0 X120.524 Y112.529
G1 F1500 E72.03929
G0 F7200 X120.534 Y112.968
G1 F1800 X120.095 Y113.182 E72.04542
G1 X120.094 Y112.727 E72.05112
G1 X120.534 Y112.513 E72.05726
G1 X120.534 Y112.968 E72.06296
G0 F7200 X120.355 Y113.055
G0 X120.351 Y113.046
G1 F1500 E65.56296
G0 F7200 X120.314 Y112.965
G0 X120.524 Y115.529
G1 F1500 E72.06296
G0 F7200 X120.535 Y115.968
G1 F1800 X120.095 Y116.182 E72.0691
G1 X120.094 Y115.727 E72.07481
G1 X120.534 Y115.513 E72.08094
G1 X120.535 Y115.968 E72.08665
G0 F7200 X120.356 Y116.055
G0 X120.352 Y116.046
G1 F1500 E65.58665
G0 F7200 X120.315 Y115.965
G0 X120.524 Y118.529
G1 F1500 E72.08665
G0 F7200 X120.534 Y118.968
G1 F1800 X120.095 Y119.182 E72.09277
G1 X120.094 Y118.727 E72.09848
G1 X120.534 Y118.513 E72.10461
G1 X120.534 Y118.968 E72.11032
G0 F7200 X120.355 Y119.055
G0 X120.351 Y119.046
G1 F1500 E65.61032
G0 F7200 X120.314 Y118.965
G0 X121.399 Y118.779
G0 X122.601 Y118.779
G0 X123.805 Y118.779
G1 F1500 E72.11032
G0 F7200 X123.905 Y118.726
G1 F1800 X123.905 Y119.181 E72.11603
G1 X123.466 Y118.968 E72.12214
G1 X123.466 Y118.513 E72.12785
G1 X123.905 Y118.726 E72.13397
G0 F7200 X123.905 Y118.926
G0 X123.866 Y118.926
G1 F1500 E65.63397
G0 F7200 X123.805 Y118.926
G0 X123.896 Y116.166
G1 F1500 E72.13397
G0 F7200 X123.905 Y115.726
G1 F1800 X123.906 Y116.182 E72.13969
G1 X123.466 Y115.968 E72.14582
G1 X123.466 Y115.513 E72.15153
G1 X123.905 Y115.726 E72.15765
G0 F7200 X123.905 Y115.926
G0 X123.866 Y115.925
G1 F1500 E65.65765
G0 F7200 X123.805 Y115.924
G0 X123.895 Y113.165
G1 F1500 E72.15765
G0 F7200 X123.905 Y112.726
G1 F1800 X123.905 Y113.181 E72.16335
G1 X123.466 Y112.968 E72.16947
G1 X123.466 Y112.513 E72.17518
G1 X123.905 Y112.726 E72.1813
G0 F7200 X123.905 Y112.926
G0 X123.866 Y112.926
G1 F1500 E65.6813
G0 F7200 X123.805 Y112.926
G0 X123.896 Y110.166
G1 F1500 E72.1813
G0 F7200 X123.905 Y109.726
G1 F1800 X123.906 Y110.182 E72.18702
G1 X123.466 Y109.968 E72.19315
G1 X123.466 Y109.513 E72.19886
G1 X123.905 Y109.726 E72.20498
G0 F7200 X123.905 Y109.926
G0 X123.866 Y109.925
G1 F1500 E65.70498
G0 F7200 X123.805 Y109.924
G0 X127.23 Y109.916
G0 X128.434 Y109.915
G1 F1500 E72.20498
G0 F7200 X128.535 Y109.968
G1 F1800 X128.095 Y110.182 E72.21111
G1 X128.094 Y109.727 E72.21682
G1 X128.534 Y109.513 E72.22295
G1 X128.535 Y109.968 E72.22866
G0 F7200 X128.356 Y110.055
G0 X128.352 Y110.046
G1 F1500 E65.72866
G0 F7200 X128.315 Y109.965
G0 X128.524 Y112.529
G1 F1500 E72.22866
G0 F7200 X128.534 Y112.968
G1 F1800 X128.095 Y113.181 E72.23478
G1 X128.095 Y112.726 E72.24049
G1 X128.534 Y112.513 E72.2466
G1 X128.534 Y112.968 E72.25231
G0 F7200 X128.354 Y113.055
G0 X128.35 Y113.047
G1 F1500 E65.75231
G0 F7200 X128.313 Y112.964
G0 X128.524 Y115.529
G1 F1500 E72.25231
G0 F7200 X128.535 Y115.968
G1 F1800 X128.095 Y116.182 E72.25845
G1 X128.095 Y115.726 E72.26416
G1 X128.534 Y115.513 E72.27028
G1 X128.535 Y115.968 E72.27599
G0 F7200 X128.356 Y116.055
G0 X128.351 Y116.047
G1 F1500 E65.77599
G0 F7200 X128.314 Y115.965
G0 X128.524 Y118.529
G1 F1500 E72.27599
G0 F7200 X128.534 Y118.968
G1 F1800 X128.095 Y119.182 E72.28211
G1 X128.094 Y118.727 E72.28782
G1 X128.534 Y118.513 E72.29396
G1 X128.534 Y118.968 E72.29966
G0 F7200 X128.355 Y119.055
G0 X128.351 Y119.046
G1 F1500 E65.79966
G0 F7200 X128.314 Y118.965
G0 X129.399 Y118.779
G0 X130.601 Y118.779
G0 X131.805 Y118.779
G1 F1500 E72.29966
G0 F7200 X131.905 Y118.726
G1 F1800 X131.905 Y119.181 E72.30537
G1 X131.466 Y118.968 E72.31149
G1 X131.466 Y118.513 E72.31719
G1 X131.905 Y118.726 E72.32331
G0 F7200 X131.905 Y118.926
G0 X131.866 Y118.926
G1 F1500 E65.82331
G0 F7200 X131.805 Y118.926
G0 X131.896 Y116.166
G1 F1500 E72.32331
G0 F7200 X131.905 Y115.726
G1 F1800 X131.906 Y116.182 E72.32903
G1 X131.466 Y115.968 E72.33517
G1 X131.466 Y115.513 E72.34087
G1 X131.905 Y115.726 E72.34699
G0 F7200 X131.905 Y115.926
G0 X131.866 Y115.925
G1 F1500 E65.84699
G0 F7200 X131.805 Y115.924
G0 X131.895 Y113.165
G1 F1500 E72.34699
G0 F7200 X131.905 Y112.726
G1 F1800 X131.905 Y113.181 E72.3527
G1 X131.466 Y112.968 E72.35881
G1 X131.466 Y112.513 E72.36452
G1 X131.905 Y112.726 E72.37064
G0 F7200 X131.905 Y112.926
G0 X131.866 Y112.926
G1 F1500 E65.87064
G0 F7200 X131.805 Y112.926
G0 X131.896 Y110.166
G1 F1500 E72.37064
G0 F7200 X131.905 Y109.726
G1 F1800 X131.906 Y110.182 E72.37636
G1 X131.466 Y109.968 E72.38249
G1 X131.466 Y109.513 E72.3882
G1 X131.905 Y109.726 E72.39432
G0 F7200 X131.905 Y109.926
G0 X131.866 Y109.925
G1 F1500 E65.89432
G0 F7200 X131.805 Y109.924
G0 X136.085 Y110.166
G0 X137.65 Y120.63
G1 F1500 E72.39432
G0 F7200 X137.75 Y120.7
G1 F1800 X136.95 Y120.7 E72.40435
G1 X136.95 Y108.3 E72.55985
G1 X137.75 Y108.3 E72.56988
G1 X137.75 Y120.7 E72.72538
G0 F7200 X137.55 Y120.7
G0 X137.309 Y120.338
;TYPE:SKIN
G1 F1800 X137.349 Y120.095 E72.72865
G1 X137.349 Y108.781 E72.87871
G1 X137.449 Y108.599 E72.88147
G0 F7200 X137.344 Y108.494
G0 X137.144 Y120.456
G1 F1800 X137.192 Y120.504 E72.88189
G0 F7200 X137.35 Y120.3
G1 F1500 E66.38189
;MESH:NONMESH
G0 F600 X137.35 Y120.3 Z6.8
G0 F7200 X136.97 Y109.98
G0 X132.753 Y111.535
G0 X128.97 Y110.717
G0 X127.25 Y111.532
G0 X124.753 Y111.535
G0 X120.97 Y110.717
G0 X119.25 Y111.532
G0 X116.753 Y111.535
G0 X113.399 Y109.958
G0 X112.283 Y109.98
G1 F1500 E72.88189
G0 F7200 X112.325 Y110.07
;TIME_ELAPSED:650.013659
;LAYER:33
;TYPE:WALL-OUTER
;MESH:output_v2\A_fina_conjunto.stl
G1 F1800 X111.885 Y110.284 E72.88803
G1 X111.884 Y109.829 E72.89374
G1 X112.324 Y109.615 E72.89987
G1 X112.325 Y110.07 E72.90558
G0 F7200 X112.146 Y110.157
G0 X112.142 Y110.148
G1 F1500 E66.40558
G0 F7200 X112.105 Y110.067
G0 X112.314 Y112.631
G1 F1500 E72.90558
G0 F7200 X112.325 Y113.07
G1 F1800 X111.885 Y113.284 E72.91171
G1 X111.884 Y112.829 E72.91742
G1 X112.324 Y112.615 E72.92356
G1 X112.325 Y113.07 E72.92926
G0 F7200 X112.146 Y113.157
G0 X112.142 Y113.148
G1 F1500 E66.42926
G0 F7200 X112.105 Y113.067
G0 X112.314 Y115.631
G1 F1500 E72.92926
G0 F7200 X112.325 Y116.07
G1 F1800 X111.884 Y116.284 E72.93541
G1 X111.884 Y115.829 E72.94111
G1 X112.324 Y115.615 E72.94725
G1 X112.325 Y116.07 E72.95296
G0 F7200 X112.145 Y116.157
G0 X112.142 Y116.148
G1 F1500 E66.45296
G0 F7200 X112.104 Y116.066
G0 X112.314 Y118.631
G1 F1500 E72.95296
G0 F7200 X112.325 Y119.07
G1 F1800 X111.884 Y119.284 E72.9591
G1 X111.884 Y118.829 E72.96481
G1 X112.324 Y118.615 E72.97094
G1 X112.325 Y119.07 E72.97665
G0 F7200 X112.145 Y119.157
G0 X112.142 Y119.148
G1 F1500 E66.47665
G0 F7200 X112.104 Y119.066
G0 X109.529 Y119.414
G1 F1500 E72.97665
G0 F7200 X109.542 Y119.9
G1 F1800 X109.133 Y119.9 E72.98178
G1 X109.134 Y119.4 E72.98805
G1 X109.543 Y119.4 E72.99318
G1 X109.542 Y119.9 E72.99945
G0 F7200 X109.342 Y119.9
G0 X109.342 Y119.8
G1 F1500 E66.49945
G0 F7200 X107.03 Y119.886
G1 F1500 E72.99945
G0 F7200 X107.05 Y120.7
G1 F1800 X106.25 Y120.7 E73.00948
G1 X106.25 Y108.3 E73.16498
G1 X107.05 Y108.3 E73.17501
G1 X107.05 Y120.7 E73.33051
G0 F7200 X106.85 Y120.7
G0 X106.736 Y120.386
;TYPE:SKIN
G1 F1800 X106.649 Y120.189 E73.33335
G1 X106.649 Y108.876 E73.48223
G1 X106.597 Y108.646 E73.48533
G0 F7200 X106.65 Y108.7
G1 F1500 E66.98533
G0 F7200 X107.03 Y118.882
G0 X108.282 Y118.547
G0 X113.169 Y117.265
G0 X114.811 Y118.882
G0 X116.016 Y118.882
G1 F1500 E73.48533
G0 F7200 X116.116 Y118.829
;TYPE:WALL-OUTER
G1 F1800 X116.116 Y119.285 E73.49105
G1 X115.676 Y119.071 E73.49719
G1 X115.676 Y118.615 E73.50291
G1 X116.116 Y118.829 E73.50904
G0 F7200 X116.116 Y119.029
G0 X116.076 Y119.029
G1 F1500 E67.00904
G0 F7200 X116.016 Y119.029
G0 X116.105 Y116.268
G1 F1500 E73.50904
G0 F7200 X116.116 Y115.829
G1 F1800 X116.115 Y116.284 E73.51475
G1 X115.676 Y116.071 E73.52087
G1 X115.676 Y115.615 E73.52659
G1 X116.116 Y115.829 E73.53272
G0 F7200 X116.116 Y116.029
G0 X116.076 Y116.028
G1 F1500 E67.03272
G0 F7200 X116.016 Y116.028
G0 X116.105 Y113.268
G1 F1500 E73.53272
G0 F7200 X116.116 Y112.829
G1 F1800 X116.115 Y113.284 E73.53843
G1 X115.676 Y113.071 E73.54455
G1 X115.676 Y112.615 E73.55027
G1 X116.116 Y112.829 E73.5564
G0 F7200 X116.116 Y113.029
G0 X116.076 Y113.028
G1 F1500 E67.0564
G0 F7200 X116.016 Y113.028
G0 X116.106 Y110.269
G1 F1500 E73.5564
G0 F7200 X116.116 Y109.829
G1 F1800 X116.116 Y110.285 E73.56212
G1 X115.676 Y110.071 E73.56826
G1 X115.676 Y109.615 E73.57397
G1 X116.116 Y109.829 E73.58011
G0 F7200 X116.116 Y110.029
G0 X116.076 Y110.029
G1 F1500 E67.08011
G0 F7200 X116.016 Y110.029
G0 X119.02 Y109.996
G0 X120.234 Y110.003
G1 F1500 E73.58011
G0 F7200 X120.324 Y110.071
G1 F1800 X119.885 Y110.284 E73.58623
G1 X119.884 Y109.829 E73.59193
G1 X120.324 Y109.615 E73.59807
G1 X120.324 Y110.071 E73.60379
G0 F7200 X120.144 Y110.158
G0 X120.141 Y110.148
G1 F1500 E67.10379
G0 F7200 X120.103 Y110.067
G0 X120.314 Y112.631
G1 F1500 E73.60379
G0 F7200 X120.324 Y113.071
G1 F1800 X119.885 Y113.284 E73.60991
G1 X119.884 Y112.829 E73.61561
G1 X120.324 Y112.615 E73.62175
G1 X120.324 Y113.071 E73.62747
G0 F7200 X120.144 Y113.158
G0 X120.141 Y113.148
G1 F1500 E67.12747
G0 F7200 X120.103 Y113.067
G0 X120.314 Y115.631
G1 F1500 E73.62747
G0 F7200 X120.325 Y116.07
G1 F1800 X119.884 Y116.284 E73.63361
G1 X119.884 Y115.829 E73.63932
G1 X120.324 Y115.615 E73.64546
G1 X120.325 Y116.07 E73.65116
G0 F7200 X120.145 Y116.157
G0 X120.142 Y116.148
G1 F1500 E67.15116
G0 F7200 X120.104 Y116.066
G0 X120.314 Y118.631
G1 F1500 E73.65116
G0 F7200 X120.325 Y119.07
G1 F1800 X119.884 Y119.284 E73.65731
G1 X119.884 Y118.829 E73.66301
G1 X120.324 Y118.615 E73.66915
G1 X120.325 Y119.07 E73.67486
G0 F7200 X120.145 Y119.157
G0 X120.142 Y119.148
G1 F1500 E67.17486
G0 F7200 X120.104 Y119.066
G0 X121.189 Y118.888
G0 X122.81 Y118.889
G0 X124.016 Y118.881
G1 F1500 E73.67486
G0 F7200 X124.116 Y118.829
G1 F1800 X124.115 Y119.284 E73.68056
G1 X123.675 Y119.07 E73.6867
G1 X123.675 Y118.615 E73.6924
G1 X124.116 Y118.829 E73.69855
G0 F7200 X124.116 Y119.029
G0 X124.075 Y119.028
G1 F1500 E67.19855
G0 F7200 X124.016 Y119.028
G0 X124.106 Y116.268
G1 F1500 E73.69855
G0 F7200 X124.116 Y115.829
G1 F1800 X124.116 Y116.284 E73.70426
G1 X123.675 Y116.07 E73.7104
G1 X123.675 Y115.615 E73.71611
G1 X124.116 Y115.829 E73.72226
G0 F7200 X124.116 Y116.029
G0 X124.075 Y116.029
G1 F1500 E67.22226
G0 F7200 X124.016 Y116.029
G0 X124.105 Y113.268
G1 F1500 E73.72226
G0 F7200 X124.116 Y112.829
G1 F1800 X124.115 Y113.284 E73.72796
G1 X123.675 Y113.07 E73.7341
G1 X123.676 Y112.615 E73.7398
G1 X124.116 Y112.829 E73.74594
G0 F7200 X124.116 Y113.029
G0 X124.075 Y113.028
G1 F1500 E67.24594
G0 F7200 X124.016 Y113.028
G0 X124.106 Y110.268
G1 F1500 E73.74594
G0 F7200 X124.116 Y109.829
G1 F1800 X124.116 Y110.284 E73.75165
G1 X123.675 Y110.07 E73.75779
G1 X123.676 Y109.615 E73.7635
G1 X124.116 Y109.829 E73.76963
G0 F7200 X124.116 Y110.029
G0 X124.075 Y110.029
G1 F1500 E67.26963
G0 F7200 X124.016 Y110.029
G0 X127.019 Y110.017
G0 X128.224 Y110.017
G1 F1500 E73.76963
G0 F7200 X128.325 Y110.07
G1 F1800 X127.884 Y110.284 E73.77578
G1 X127.884 Y109.829 E73.78149
G1 X128.324 Y109.615 E73.78762
G1 X128.325 Y110.07 E73.79333
G0 F7200 X128.145 Y110.157
G0 X128.142 Y110.148
G1 F1500 E67.29333
G0 F7200 X128.104 Y110.066
G0 X128.314 Y112.631
G1 F1500 E73.79333
G0 F7200 X128.325 Y113.07
G1 F1800 X127.884 Y113.284 E73.79948
G1 X127.885 Y112.828 E73.80519
G1 X128.324 Y112.615 E73.81131
G1 X128.325 Y113.07 E73.81702
G0 F7200 X128.145 Y113.157
G0 X128.141 Y113.148
G1 F1500 E67.31702
G0 F7200 X128.104 Y113.066
G0 X128.314 Y115.631
G1 F1500 E73.81702
G0 F7200 X128.325 Y116.07
G1 F1800 X127.884 Y116.284 E73.82317
G1 X127.885 Y115.828 E73.82889
G1 X128.324 Y115.615 E73.835
G1 X128.325 Y116.07 E73.84071
G0 F7200 X128.145 Y116.157
G0 X128.141 Y116.148
G1 F1500 E67.34071
G0 F7200 X128.104 Y116.066
G0 X128.314 Y118.631
G1 F1500 E73.84071
G0 F7200 X128.325 Y119.07
G1 F1800 X127.884 Y119.284 E73.84686
G1 X127.884 Y118.829 E73.85256
G1 X128.324 Y118.615 E73.8587
G1 X128.325 Y119.07 E73.8644
G0 F7200 X128.145 Y119.157
G0 X128.142 Y119.148
G1 F1500 E67.3644
G0 F7200 X128.104 Y119.066
G0 X129.189 Y118.888
G0 X130.81 Y118.889
G0 X132.016 Y118.881
G1 F1500 E73.8644
G0 F7200 X132.116 Y118.829
G1 F1800 X132.115 Y119.284 E73.87011
G1 X131.675 Y119.07 E73.87625
G1 X131.675 Y118.615 E73.88195
G1 X132.116 Y118.829 E73.8881
G0 F7200 X132.116 Y119.029
G0 X132.075 Y119.028
G1 F1500 E67.3881
G0 F7200 X132.016 Y119.028
G0 X132.106 Y116.268
G1 F1500 E73.8881
G0 F7200 X132.116 Y115.829
G1 F1800 X132.116 Y116.284 E73.89381
G1 X131.675 Y116.07 E73.89995
G1 X131.675 Y115.615 E73.90566
G1 X132.116 Y115.829 E73.91181
G0 F7200 X132.116 Y116.029
G0 X132.075 Y116.029
G1 F1500 E67.41181
G0 F7200 X132.016 Y116.029
G0 X132.105 Y113.268
G1 F1500 E73.91181
G0 F7200 X132.116 Y112.829
G1 F1800 X132.115 Y113.284 E73.91751
G1 X131.675 Y113.07 E73.92365
G1 X131.676 Y112.615 E73.92935
G1 X132.116 Y112.829 E73.93549
G0 F7200 X132.116 Y113.029
G0 X132.075 Y113.028
G1 F1500 E67.43549
G0 F7200 X132.016 Y113.028
G0 X132.106 Y110.268
G1 F1500 E73.93549
G0 F7200 X132.116 Y109.829
G1 F1800 X132.116 Y110.284 E73.94119
G1 X131.675 Y110.07 E73.94734
G1 X131.676 Y109.615 E73.95305
G1 X132.116 Y109.829 E73.95918
G0 F7200 X132.116 Y110.029
G0 X132.075 Y110.029
G1 F1500 E67.45918
G0 F7200 X132.016 Y110.029
G0 X136.085 Y110.268
G0 X137.65 Y120.63
G1 F1500 E73.95918
G0 F7200 X137.75 Y120.7
G1 F1800 X136.95 Y120.7 E73.96922
G1 X136.95 Y108.3 E74.12472
G1 X137.75 Y108.3 E74.13475
G1 X137.75 Y120.7 E74.29025
G0 F7200 X137.55 Y120.7
G0 X137.5 Y120.451
;TYPE:SKIN
G1 F1800 X137.359 Y120.31 E74.29282
G1 X137.349 Y114.945 E74.36205
G1 X137.349 Y108.723 E74.44234
G1 X137.219 Y108.569 E74.44494
G0 F7200 X137.35 Y108.7
G1 F1500 E67.94494
;MESH:NONMESH
G0 F600 X137.35 Y108.7 Z7
G0 F7200 X136.97 Y110.082
G0 X132.962 Y111.636
G0 X129.183 Y110.607
G0 X127.038 Y111.636
G0 X124.962 Y111.636
G0 X121.182 Y110.608
G0 X119.04 Y111.633
G0 X116.962 Y111.635
G0 X113.189 Y110.059
G0 X112.074 Y110.082
G1 F1500 E74.44494
G0 F7200 X112.115 Y110.172
;TIME_ELAPSED:671.403513
;LAYER:34
;TYPE:WALL-OUTER
;MESH:output_v2\A_fina_conjunto.stl
G1 F1800 X111.676 Y110.386 E74.45107
G1 X111.675 Y109.931 E74.45677
G1 X112.114 Y109.717 E74.4629
G1 X112.115 Y110.172 E74.4686
G0 F7200 X111.936 Y110.259
G0 X111.932 Y110.25
G1 F1500 E67.9686
G0 F7200 X111.895 Y110.169
G0 X112.104 Y112.733
G1 F1500 E74.4686
G0 F7200 X112.115 Y113.172
G1 F1800 X111.676 Y113.386 E74.47473
G1 X111.675 Y112.931 E74.48043
G1 X112.114 Y112.717 E74.48656
G1 X112.115 Y113.172 E74.49226
G0 F7200 X111.936 Y113.259
G0 X111.932 Y113.25
G1 F1500 E67.99226
G0 F7200 X111.895 Y113.169
G0 X112.104 Y115.733
G1 F1500 E74.49226
G0 F7200 X112.115 Y116.172
G1 F1800 X111.675 Y116.386 E74.4984
G1 X111.675 Y115.931 E74.5041
G1 X112.114 Y115.717 E74.51023
G1 X112.115 Y116.172 E74.51593
G0 F7200 X111.936 Y116.259
G0 X111.932 Y116.25
G1 F1500 E68.01593
G0 F7200 X111.895 Y116.169
G0 X112.104 Y118.733
G1 F1500 E74.51593
G0 F7200 X112.115 Y119.172
G1 F1800 X111.675 Y119.386 E74.52207
G1 X111.675 Y118.931 E74.52778
G1 X112.114 Y118.717 E74.5339
G1 X112.115 Y119.172 E74.53961
G0 F7200 X111.936 Y119.259
G0 X111.932 Y119.25
G1 F1500 E68.03961
G0 F7200 X111.895 Y119.169
G0 X109.557 Y119.414
G1 F1500 E74.53961
G0 F7200 X109.57 Y119.9
G1 F1800 X109.159 Y119.9 E74.54476
G1 X109.16 Y119.4 E74.55103
G1 X109.571 Y119.4 E74.55619
G1 X109.57 Y119.9 E74.56246
G0 F7200 X109.37 Y119.9
G0 X109.37 Y119.8
G1 F1500 E68.06246
G0 F7200 X107.03 Y119.886
G1 F1500 E74.56246
G0 F7200 X107.05 Y120.7
G1 F1800 X106.25 Y120.7 E74.57249
G1 X106.25 Y108.3 E74.72799
G1 X107.05 Y108.3 E74.73802
G1 X107.05 Y120.7 E74.89352
G0 F7200 X106.85 Y120.7
G0 X106.65 Y120.226
;TYPE:SKIN
G1 F1800 X106.65 Y119.943 E74.89726
G1 X106.65 Y108.912 E75.04305
G1 X106.826 Y108.523 E75.0487
G0 F7200 X106.797 Y108.494
G0 X106.445 Y120.304
G1 F1800 X106.644 Y120.503 E75.05046
G0 F7200 X106.65 Y120.3
G1 F1500 E68.55046
G0 F7200 X107.03 Y118.984
G0 X108.308 Y118.547
G0 X112.959 Y117.367
G0 X115.021 Y118.984
G0 X116.225 Y118.984
G1 F1500 E75.05046
G0 F7200 X116.325 Y118.931
;TYPE:WALL-OUTER
G1 F1800 X116.325 Y119.386 E75.05617
G1 X115.886 Y119.173 E75.06228
G1 X115.886 Y118.718 E75.06799
G1 X116.325 Y118.931 E75.07411
G0 F7200 X116.325 Y119.131
G0 X116.286 Y119.131
G1 F1500 E68.57411
G0 F7200 X116.225 Y119.131
G0 X116.314 Y116.37
G1 F1500 E75.07411
G0 F7200 X116.325 Y115.931
G1 F1800 X116.324 Y116.386 E75.07982
G1 X115.886 Y116.173 E75.08592
G1 X115.886 Y115.718 E75.09163
G1 X116.325 Y115.931 E75.09775
G0 F7200 X116.325 Y116.131
G0 X116.286 Y116.13
G1 F1500 E68.59775
G0 F7200 X116.225 Y116.13
G0 X116.314 Y113.37
G1 F1500 E75.09775
G0 F7200 X116.325 Y112.931
G1 F1800 X116.324 Y113.386 E75.10345
G1 X115.886 Y113.173 E75.10956
G1 X115.886 Y112.718 E75.11527
G1 X116.325 Y112.931 E75.12139
G0 F7200 X116.325 Y113.131
G0 X116.286 Y113.13
G1 F1500 E68.62139
G0 F7200 X116.225 Y113.13
G0 X116.315 Y110.37
G1 F1500 E75.12139
G0 F7200 X116.325 Y109.931
G1 F1800 X116.325 Y110.386 E75.12709
G1 X115.886 Y110.173 E75.13321
G1 X115.886 Y109.718 E75.13892
G1 X116.325 Y109.931 E75.14504
G0 F7200 X116.325 Y110.131
G0 X116.286 Y110.131
G1 F1500 E68.64504
G0 F7200 X116.225 Y110.131
G0 X118.811 Y110.1
G0 X120.024 Y110.106
G1 F1500 E75.14504
G0 F7200 X120.114 Y110.173
G1 F1800 X119.676 Y110.386 E75.15114
G1 X119.675 Y109.931 E75.15685
G1 X120.114 Y109.718 E75.16297
G1 X120.114 Y110.173 E75.16867
G0 F7200 X119.935 Y110.26
G0 X119.931 Y110.252
G1 F1500 E68.66867
G0 F7200 X119.893 Y110.17
G0 X120.104 Y112.734
G1 F1500 E75.16867
G0 F7200 X120.114 Y113.173
G1 F1800 X119.676 Y113.386 E75.17478
G1 X119.675 Y112.931 E75.18049
G1 X120.114 Y112.718 E75.18661
G1 X120.114 Y113.173 E75.19231
G0 F7200 X119.935 Y113.26
G0 X119.931 Y113.252
G1 F1500 E68.69231
G0 F7200 X119.893 Y113.17
G0 X120.104 Y115.733
G1 F1500 E75.19231
G0 F7200 X120.115 Y116.172
G1 F1800 X119.675 Y116.386 E75.19845
G1 X119.675 Y115.931 E75.20415
G1 X120.114 Y115.717 E75.21028
G1 X120.115 Y116.172 E75.21599
G0 F7200 X119.936 Y116.259
G0 X119.932 Y116.25
G1 F1500 E68.71599
G0 F7200 X119.895 Y116.169
G0 X120.104 Y118.733
G1 F1500 E75.21599
G0 F7200 X120.115 Y119.172
G1 F1800 X119.675 Y119.386 E75.22212
G1 X119.675 Y118.931 E75.22783
G1 X120.114 Y118.717 E75.23395
G1 X120.115 Y119.172 E75.23966
G0 F7200 X119.936 Y119.259
G0 X119.932 Y119.25
G1 F1500 E68.73966
G0 F7200 X119.895 Y119.169
G0 X120.979 Y118.991
G0 X123.02 Y118.992
G0 X124.225 Y118.983
G1 F1500 E75.23966
G0 F7200 X124.325 Y118.931
G1 F1800 X124.324 Y119.386 E75.24536
G1 X123.885 Y119.172 E75.25149
G1 X123.885 Y118.717 E75.25719
G1 X124.325 Y118.931 E75.26333
G0 F7200 X124.325 Y119.131
G0 X124.285 Y119.13
G1 F1500 E68.76333
G0 F7200 X124.225 Y119.13
G0 X124.315 Y116.37
G1 F1500 E75.26333
G0 F7200 X124.325 Y115.931
G1 F1800 X124.325 Y116.386 E75.26904
G1 X123.885 Y116.172 E75.27517
G1 X123.885 Y115.717 E75.28088
G1 X124.325 Y115.931 E75.28701
G0 F7200 X124.325 Y116.131
G0 X124.285 Y116.131
G1 F1500 E68.78701
G0 F7200 X124.225 Y116.131
G0 X124.314 Y113.37
G1 F1500 E75.28701
G0 F7200 X124.325 Y112.931
G1 F1800 X124.324 Y113.386 E75.29272
G1 X123.885 Y113.172 E75.29884
G1 X123.886 Y112.717 E75.30455
G1 X124.325 Y112.931 E75.31067
G0 F7200 X124.325 Y113.131
G0 X124.285 Y113.13
G1 F1500 E68.81067
G0 F7200 X124.225 Y113.13
G0 X124.315 Y110.37
G1 F1500 E75.31067
G0 F7200 X124.325 Y109.931
G1 F1800 X124.325 Y110.386 E75.31638
G1 X123.885 Y110.172 E75.32252
G1 X123.886 Y109.717 E75.32822
G1 X124.325 Y109.931 E75.33435
G0 F7200 X124.325 Y110.131
G0 X124.285 Y110.131
G1 F1500 E68.83435
G0 F7200 X124.225 Y110.131
G0 X126.81 Y110.119
G0 X128.014 Y110.119
G1 F1500 E75.33435
G0 F7200 X128.115 Y110.172
G1 F1800 X127.675 Y110.386 E75.34048
G1 X127.675 Y109.931 E75.34619
G1 X128.114 Y109.717 E75.35231
G1 X128.115 Y110.172 E75.35802
G0 F7200 X127.936 Y110.259
G0 X127.932 Y110.25
G1 F1500 E68.85802
G0 F7200 X127.895 Y110.169
G0 X128.104 Y112.733
G1 F1500 E75.35802
G0 F7200 X128.115 Y113.172
G1 F1800 X127.675 Y113.386 E75.36415
G1 X127.676 Y112.93 E75.36987
G1 X128.114 Y112.717 E75.37598
G1 X128.115 Y113.172 E75.38169
G0 F7200 X127.936 Y113.259
G0 X127.931 Y113.25
G1 F1500 E68.88169
G0 F7200 X127.894 Y113.169
G0 X128.104 Y115.733
G1 F1500 E75.38169
G0 F7200 X128.115 Y116.172
G1 F1800 X127.675 Y116.386 E75.38782
G1 X127.676 Y115.93 E75.39354
G1 X128.114 Y115.717 E75.39965
G1 X128.115 Y116.172 E75.40535
G0 F7200 X127.936 Y116.259
G0 X127.931 Y116.25
G1 F1500 E68.90535
G0 F7200 X127.894 Y116.169
G0 X128.104 Y118.733
G1 F1500 E75.40535
G0 F7200 X128.115 Y119.172
G1 F1800 X127.675 Y119.386 E75.41149
G1 X127.675 Y118.931 E75.41719
G1 X128.114 Y118.717 E75.42332
G1 X128.115 Y119.172 E75.42903
G0 F7200 X127.936 Y119.259
G0 X127.932 Y119.25
G1 F1500 E68.92903
G0 F7200 X127.895 Y119.169
G0 X128.979 Y118.991
G0 X131.02 Y118.992
G0 X132.225 Y118.983
G1 F1500 E75.42903
G0 F7200 X132.325 Y118.931
G1 F1800 X132.324 Y119.386 E75.43473
G1 X131.885 Y119.172 E75.44086
G1 X131.885 Y118.717 E75.44656
G1 X132.325 Y118.931 E75.4527
G0 F7200 X132.325 Y119.131
G0 X132.285 Y119.13
G1 F1500 E68.9527
G0 F7200 X132.225 Y119.13
G0 X132.315 Y116.37
G1 F1500 E75.4527
G0 F7200 X132.325 Y115.931
G1 F1800 X132.325 Y116.386 E75.4584
G1 X131.885 Y116.172 E75.46454
G1 X131.885 Y115.717 E75.47024
G1 X132.325 Y115.931 E75.47638
G0 F7200 X132.325 Y116.131
G0 X132.285 Y116.131
G1 F1500 E68.97638
G0 F7200 X132.225 Y116.131
G0 X132.314 Y113.37
G1 F1500 E75.47638
G0 F7200 X132.325 Y112.931
G1 F1800 X132.324 Y113.386 E75.48209
G1 X131.885 Y113.172 E75.48821
G1 X131.886 Y112.717 E75.49392
G1 X132.325 Y112.931 E75.50004
G0 F7200 X132.325 Y113.131
G0 X132.285 Y113.13
G1 F1500 E69.00004
G0 F7200 X132.225 Y113.13
G0 X132.315 Y110.37
G1 F1500 E75.50004
G0 F7200 X132.325 Y109.931
G1 F1800 X132.325 Y110.386 E75.50575
G1 X131.885 Y110.172 E75.51188
G1 X131.886 Y109.717 E75.51759
G1 X132.325 Y109.931 E75.52371
G0 F7200 X132.325 Y110.131
G0 X132.285 Y110.131
G1 F1500 E69.02371
G0 F7200 X132.225 Y110.131
G0 X136.085 Y110.37
G0 X137.65 Y120.63
G1 F1500 E75.52371
G0 F7200 X137.75 Y120.7
G1 F1800 X136.95 Y120.7 E75.53375
G1 X136.95 Y108.3 E75.68925
G1 X137.75 Y108.3 E75.69928
G1 X137.75 Y120.7 E75.85478
G0 F7200 X137.55 Y120.7
G0 X137.309 Y120.338
;TYPE:SKIN
G1 F1800 X137.349 Y120.095 E75.85805
G1 X137.349 Y108.781 E76.00811
G1 X137.449 Y108.599 E76.01086
G0 F7200 X137.344 Y108.494
G0 X137.144 Y120.456
G1 F1800 X137.192 Y120.504 E76.01129
G0 F7200 X137.35 Y120.3
G1 F1500 E69.51129
;MESH:NONMESH
G0 F600 X137.35 Y120.3 Z7.2
G0 F7200 X136.97 Y110.184
G0 X133.171 Y111.738
G0 X128.973 Y110.709
G0 X126.829 Y111.738
G0 X125.171 Y111.738
G0 X120.972 Y110.71
G0 X118.831 Y111.736
G0 X117.171 Y111.738
G0 X112.979 Y110.161
G0 X111.864 Y110.184
G1 F1500 E76.01129
G0 F7200 X111.905 Y110.274
;TIME_ELAPSED:693.061851
;LAYER:35
;TYPE:WALL-OUTER
;MESH:output_v2\A_fina_conjunto.stl
G1 F1800 X111.466 Y110.486 E76.0174
G1 X111.465 Y110.032 E76.0231
G1 X111.904 Y109.819 E76.02921
G1 X111.905 Y110.274 E76.03492
G0 F7200 X111.725 Y110.361
G0 X111.721 Y110.353
G1 F1500 E69.53492
G0 F7200 X111.682 Y110.27
G0 X111.894 Y112.835
G1 F1500 E76.03492
G0 F7200 X111.905 Y113.274
G1 F1800 X111.466 Y113.486 E76.04103
G1 X111.465 Y113.032 E76.04673
G1 X111.904 Y112.819 E76.05285
G1 X111.905 Y113.274 E76.05855
G0 F7200 X111.725 Y113.361
G0 X111.721 Y113.353
G1 F1500 E69.55855
G0 F7200 X111.682 Y113.27
G0 X111.894 Y115.835
G1 F1500 E76.05855
G0 F7200 X111.905 Y116.274
G1 F1800 X111.466 Y116.486 E76.06467
G1 X111.465 Y116.032 E76.07036
G1 X111.904 Y115.819 E76.07648
G1 X111.905 Y116.274 E76.08218
G0 F7200 X111.725 Y116.361
G0 X111.721 Y116.353
G1 F1500 E69.58218
G0 F7200 X111.682 Y116.27
G0 X111.894 Y118.835
G1 F1500 E76.08218
G0 F7200 X111.905 Y119.274
G1 F1800 X111.466 Y119.486 E76.0883
G1 X111.465 Y119.032 E76.09399
G1 X111.904 Y118.819 E76.10011
G1 X111.905 Y119.274 E76.10582
G0 F7200 X111.725 Y119.361
G0 X111.721 Y119.353
G1 F1500 E69.60582
G0 F7200 X111.682 Y119.27
G0 X109.59 Y119.47
G1 F1500 E76.10582
G0 F7200 X109.61 Y119.9
G1 F1800 X109.195 Y119.9 E76.11102
G1 X109.196 Y119.4 E76.11729
G1 X109.61 Y119.4 E76.12248
G1 X109.61 Y119.9 E76.12875
G0 F7200 X109.41 Y119.9
G0 X109.41 Y119.8
G1 F1500 E69.62875
G0 F7200 X107.03 Y119.886
G1 F1500 E76.12875
G0 F7200 X107.05 Y120.7
G1 F1800 X106.25 Y120.7 E76.13878
G1 X106.25 Y108.3 E76.29429
G1 X107.05 Y108.3 E76.30432
G1 X107.05 Y120.7 E76.45982
G0 F7200 X106.85 Y120.7
G0 X106.736 Y120.386
;TYPE:SKIN
G1 F1800 X106.649 Y120.189 E76.46265
G1 X106.649 Y108.876 E76.61153
G1 X106.597 Y108.646 E76.61464
G0 F7200 X106.65 Y108.7
G1 F1500 E70.11464
G0 F7200 X107.03 Y119.084
G0 X108.344 Y118.547
G0 X112.749 Y117.47
G0 X115.231 Y119.084
G0 X116.434 Y119.084
G1 F1500 E76.61464
G0 F7200 X116.534 Y119.032
;TYPE:WALL-OUTER
G1 F1800 X116.535 Y119.488 E76.62036
G1 X116.096 Y119.275 E76.62648
G1 X116.096 Y118.819 E76.63219
G1 X116.534 Y119.032 E76.6383
G0 F7200 X116.534 Y119.232
G0 X116.496 Y119.231
G1 F1500 E70.1383
G0 F7200 X116.434 Y119.23
G0 X116.525 Y116.472
G1 F1500 E76.6383
G0 F7200 X116.534 Y116.032
G1 F1800 X116.535 Y116.488 E76.64402
G1 X116.096 Y116.275 E76.65014
G1 X116.096 Y115.819 E76.65586
G1 X116.534 Y116.032 E76.66197
G0 F7200 X116.534 Y116.232
G0 X116.496 Y116.231
G1 F1500 E70.16197
G0 F7200 X116.434 Y116.23
G0 X116.525 Y113.472
G1 F1500 E76.66197
G0 F7200 X116.534 Y113.032
G1 F1800 X116.535 Y113.488 E76.66768
G1 X116.096 Y113.275 E76.6738
G1 X116.096 Y112.819 E76.67952
G1 X116.534 Y113.032 E76.68563
G0 F7200 X116.534 Y113.232
G0 X116.496 Y113.231
G1 F1500 E70.18563
G0 F7200 X116.434 Y113.23
G0 X116.525 Y110.472
G1 F1500 E76.68563
G0 F7200 X116.534 Y110.032
G1 F1800 X116.535 Y110.488 E76.69135
G1 X116.096 Y110.275 E76.69747
G1 X116.096 Y109.819 E76.70318
G1 X116.534 Y110.032 E76.70929
G0 F7200 X116.534 Y110.232
G0 X116.496 Y110.231
G1 F1500 E70.20929
G0 F7200 X116.434 Y110.23
G0 X118.601 Y110.209
G0 X119.814 Y110.207
G1 F1500 E76.70929
G0 F7200 X119.904 Y110.275
G1 F1800 X119.466 Y110.487 E76.71539
G1 X119.465 Y110.032 E76.7211
G1 X119.904 Y109.819 E76.72722
G1 X119.904 Y110.275 E76.73294
G0 F7200 X119.724 Y110.362
G0 X119.72 Y110.353
G1 F1500 E70.23294
G0 F7200 X119.682 Y110.271
G0 X119.894 Y112.835
G1 F1500 E76.73294
G0 F7200 X119.904 Y113.275
G1 F1800 X119.466 Y113.487 E76.73904
G1 X119.465 Y113.032 E76.74475
G1 X119.904 Y112.819 E76.75087
G1 X119.904 Y113.275 E76.75658
G0 F7200 X119.724 Y113.362
G0 X119.72 Y113.353
G1 F1500 E70.25658
G0 F7200 X119.682 Y113.271
G0 X119.894 Y115.835
G1 F1500 E76.75658
G0 F7200 X119.905 Y116.274
G1 F1800 X119.466 Y116.486 E76.7627
G1 X119.465 Y116.032 E76.76839
G1 X119.904 Y115.819 E76.77451
G1 X119.905 Y116.274 E76.78022
G0 F7200 X119.725 Y116.361
G0 X119.721 Y116.353
G1 F1500 E70.28022
G0 F7200 X119.682 Y116.27
G0 X119.894 Y118.835
G1 F1500 E76.78022
G0 F7200 X119.905 Y119.274
G1 F1800 X119.466 Y119.486 E76.78633
G1 X119.465 Y119.032 E76.79202
G1 X119.904 Y118.819 E76.79814
G1 X119.905 Y119.274 E76.80385
G0 F7200 X119.725 Y119.361
G0 X119.721 Y119.353
G1 F1500 E70.30385
G0 F7200 X119.682 Y119.27
G0 X120.769 Y119.092
G0 X123.231 Y119.085
G0 X124.434 Y119.084
G1 F1500 E76.80385
G0 F7200 X124.534 Y119.032
G1 F1800 X124.535 Y119.488 E76.80957
G1 X124.096 Y119.275 E76.81568
G1 X124.095 Y118.819 E76.8214
G1 X124.534 Y119.032 E76.82752
G0 F7200 X124.534 Y119.232
G0 X124.496 Y119.232
G1 F1500 E70.32752
G0 F7200 X124.434 Y119.231
G0 X124.525 Y116.472
G1 F1500 E76.82752
G0 F7200 X124.534 Y116.032
G1 F1800 X124.535 Y116.488 E76.83324
G1 X124.096 Y116.275 E76.83936
G1 X124.095 Y115.819 E76.84508
G1 X124.534 Y116.032 E76.8512
G0 F7200 X124.534 Y116.232
G0 X124.496 Y116.232
G1 F1500 E70.3512
G0 F7200 X124.434 Y116.231
G0 X124.525 Y113.472
G1 F1500 E76.8512
G0 F7200 X124.534 Y113.032
G1 F1800 X124.535 Y113.488 E76.85692
G1 X124.096 Y113.275 E76.86303
G1 X124.096 Y112.819 E76.86875
G1 X124.534 Y113.032 E76.87486
G0 F7200 X124.534 Y113.232
G0 X124.496 Y113.231
G1 F1500 E70.37486
G0 F7200 X124.434 Y113.23
G0 X124.525 Y110.472
G1 F1500 E76.87486
G0 F7200 X124.534 Y110.032
G1 F1800 X124.535 Y110.488 E76.88058
G1 X124.096 Y110.275 E76.8867
G1 X124.096 Y109.819 E76.89242
G1 X124.534 Y110.032 E76.89852
G0 F7200 X124.534 Y110.232
G0 X124.496 Y110.231
G1 F1500 E70.39852
G0 F7200 X124.434 Y110.23
G0 X126.601 Y110.222
G0 X127.804 Y110.22
G1 F1500 E76.89852
G0 F7200 X127.905 Y110.274
G1 F1800 X127.466 Y110.486 E76.90464
G1 X127.465 Y110.032 E76.91033
G1 X127.904 Y109.819 E76.91645
G1 X127.905 Y110.274 E76.92216
G0 F7200 X127.725 Y110.361
G0 X127.721 Y110.353
G1 F1500 E70.42216
G0 F7200 X127.682 Y110.27
G0 X127.894 Y112.835
G1 F1500 E76.92216
G0 F7200 X127.905 Y113.274
G1 F1800 X127.466 Y113.486 E76.92827
G1 X127.465 Y113.032 E76.93396
G1 X127.904 Y112.819 E76.94008
G1 X127.905 Y113.274 E76.94579
G0 F7200 X127.725 Y113.361
G0 X127.721 Y113.353
G1 F1500 E70.44579
G0 F7200 X127.682 Y113.27
G0 X127.894 Y115.835
G1 F1500 E76.94579
G0 F7200 X127.905 Y116.274
G1 F1800 X127.466 Y116.486 E76.9519
G1 X127.465 Y116.032 E76.95759
G1 X127.904 Y115.819 E76.96371
G1 X127.905 Y116.274 E76.96942
G0 F7200 X127.725 Y116.361
G0 X127.721 Y116.353
G1 F1500 E70.46942
G0 F7200 X127.682 Y116.27
G0 X127.894 Y118.835
G1 F1500 E76.96942
G0 F7200 X127.905 Y119.274
G1 F1800 X127.466 Y119.486 E76.97553
G1 X127.465 Y119.032 E76.98123
G1 X127.904 Y118.819 E76.98735
G1 X127.905 Y119.274 E76.99305
G0 F7200 X127.725 Y119.361
G0 X127.721 Y119.353
G1 F1500 E70.49305
G0 F7200 X127.682 Y119.27
G0 X128.769 Y119.092
G0 X131.231 Y119.085
G0 X132.434 Y119.084
G1 F1500 E76.99305
G0 F7200 X132.534 Y119.032
G1 F1800 X132.535 Y119.488 E76.99877
G1 X132.096 Y119.275 E77.00489
G1 X132.095 Y118.819 E77.01061
G1 X132.534 Y119.032 E77.01673
G0 F7200 X132.534 Y119.232
G0 X132.496 Y119.232
G1 F1500 E70.51673
G0 F7200 X132.434 Y119.231
G0 X132.525 Y116.472
G1 F1500 E77.01673
G0 F7200 X132.534 Y116.032
G1 F1800 X132.535 Y116.488 E77.02244
G1 X132.096 Y116.275 E77.02856
G1 X132.095 Y115.819 E77.03428
G1 X132.534 Y116.032 E77.0404
G0 F7200 X132.534 Y116.232
G0 X132.496 Y116.232
G1 F1500 E70.5404
G0 F7200 X132.434 Y116.231
G0 X132.525 Y113.472
G1 F1500 E77.0404
G0 F7200 X132.534 Y113.032
G1 F1800 X132.535 Y113.488 E77.04612
G1 X132.096 Y113.275 E77.05224
G1 X132.096 Y112.819 E77.05796
G1 X132.534 Y113.032 E77.06406
G0 F7200 X132.534 Y113.232
G0 X132.496 Y113.231
G1 F1500 E70.56406
G0 F7200 X132.434 Y113.23
G0 X132.525 Y110.472
G1 F1500 E77.06406
G0 F7200 X132.534 Y110.032
G1 F1800 X132.535 Y110.488 E77.06978
G1 X132.096 Y110.275 E77.0759
G1 X132.096 Y109.819 E77.08162
G1 X132.534 Y110.032 E77.08773
G0 F7200 X132.534 Y110.232
G0 X132.496 Y110.231
G1 F1500 E70.58773
G0 F7200 X132.434 Y110.23
G0 X136.085 Y110.472
G0 X137.65 Y120.63
G1 F1500 E77.08773
G0 F7200 X137.75 Y120.7
G1 F1800 X136.95 Y120.7 E77.09776
G1 X136.95 Y108.3 E77.25326
G1 X137.75 Y108.3 E77.26329
G1 X137.75 Y120.7 E77.41879
G0 F7200 X137.55 Y120.7
G0 X137.5 Y120.451
;TYPE:SKIN
G1 F1800 X137.359 Y120.31 E77.42137
G1 X137.349 Y114.945 E77.4906
G1 X137.349 Y108.723 E77.57089
G1 X137.219 Y108.569 E77.57349
G0 F7200 X137.35 Y108.7
G1 F1500 E71.07349
;MESH:NONMESH
G0 F600 X137.35 Y108.7 Z7.4
G0 F7200 X136.97 Y110.091
G0 X131.25 Y108.469
G0 X128.763 Y110.812
G0 X127.555 Y111.403
G0 X125.383 Y111.761
G0 X120.762 Y110.813
G0 X119.555 Y111.403
G0 X117.383 Y111.761
G0 X112.769 Y110.263
G0 X111.573 Y110.091
G1 F1500 E77.57349
G0 F7200 X111.38 Y110.074
;TIME_ELAPSED:714.432801
;LAYER:36
;TYPE:WALL-OUTER
;MESH:output_v2\A_fina_conjunto.stl
G1 F1800 X111.694 Y109.921 E77.57787
G1 X111.695 Y110.376 E77.58357
G1 X111.256 Y110.589 E77.58969
G1 X111.255 Y110.122 E77.59555
G1 X111.38 Y110.074 E77.59723
G0 F7200 X111.559 Y109.987
G0 X111.294 Y110.346
G1 F1500 E71.09723
G0 F7200 X111.356 Y110.347
G0 X111.684 Y112.937
G1 F1500 E77.59723
G0 F7200 X111.38 Y113.074
G1 F1800 X111.694 Y112.921 E77.60161
G1 X111.695 Y113.376 E77.60731
G1 X111.256 Y113.589 E77.61343
G1 X111.255 Y113.122 E77.61929
G1 X111.38 Y113.074 E77.62097
G0 F7200 X111.559 Y112.987
G0 X111.294 Y113.346
G1 F1500 E71.12097
G0 F7200 X111.356 Y113.347
G0 X111.684 Y115.937
G1 F1500 E77.62097
G0 F7200 X111.38 Y116.074
G1 F1800 X111.694 Y115.921 E77.62535
G1 X111.695 Y116.376 E77.63105
G1 X111.256 Y116.589 E77.63717
G1 X111.255 Y116.122 E77.64303
G1 X111.38 Y116.074 E77.64471
G0 F7200 X111.559 Y115.987
G0 X111.294 Y116.346
G1 F1500 E71.14471
G0 F7200 X111.356 Y116.347
G0 X111.684 Y118.937
G1 F1500 E77.64471
G0 F7200 X111.38 Y119.074
G1 F1800 X111.694 Y118.921 E77.64909
G1 X111.695 Y119.376 E77.65479
G1 X111.256 Y119.589 E77.66091
G1 X111.255 Y119.122 E77.66677
G1 X111.38 Y119.074 E77.66845
G0 F7200 X111.559 Y118.987
G0 X111.294 Y119.346
G1 F1500 E71.16845
G0 F7200 X111.356 Y119.347
G0 X109.632 Y119.573
G1 F1500 E77.66845
G0 F7200 X109.652 Y119.9
G1 F1800 X109.233 Y119.9 E77.6737
G1 X109.234 Y119.4 E77.67997
G1 X109.652 Y119.4 E77.68522
G1 X109.652 Y119.9 E77.69149
G0 F7200 X109.452 Y119.9
G0 X109.452 Y119.8
G1 F1500 E71.19149
G0 F7200 X107.03 Y119.886
G1 F1500 E77.69149
G0 F7200 X107.05 Y120.7
G1 F1800 X106.25 Y120.7 E77.70152
G1 X106.25 Y108.3 E77.85702
G1 X107.05 Y108.3 E77.86705
G1 X107.05 Y120.7 E78.02255
G0 F7200 X106.85 Y120.7
G0 X106.65 Y120.226
;TYPE:SKIN
G1 F1800 X106.65 Y119.943 E78.02629
G1 X106.65 Y108.912 E78.17208
G1 X106.826 Y108.523 E78.17773
G0 F7200 X106.797 Y108.494
G0 X106.445 Y120.304
G1 F1800 X106.644 Y120.503 E78.17949
G0 F7200 X106.65 Y120.3
G1 F1500 E71.67949
G0 F7200 X107.03 Y119.165
G0 X108.382 Y118.547
G0 X112.539 Y117.572
G0 X115.441 Y119.165
G0 X116.581 Y119.165
G1 F1500 E78.17949
G0 F7200 X116.62 Y119.074
;TYPE:WALL-OUTER
G1 F1800 X116.744 Y119.122 E78.18116
G1 X116.745 Y119.589 E78.18701
G1 X116.306 Y119.377 E78.19059
G1 X116.306 Y118.921 E78.1961
G1 X116.62 Y119.074 E78.19787
G0 F7200 X116.744 Y119.122
G0 X116.744 Y119.19
G0 X116.706 Y119.189
G1 F1500 E71.69787
G0 F7200 X116.643 Y119.189
G0 X119.271 Y119.133
G1 F1500 E78.19787
G0 F7200 X119.38 Y119.074
G1 F1800 X119.694 Y118.921 E78.20225
G1 X119.695 Y119.376 E78.20795
G1 X119.256 Y119.589 E78.21407
G1 X119.255 Y119.122 E78.21993
G1 X119.38 Y119.074 E78.22161
G0 F7200 X119.559 Y118.987
G0 X119.294 Y119.346
G1 F1500 E71.72161
G0 F7200 X119.356 Y119.347
G0 X119.266 Y116.573
G1 F1500 E78.22161
G0 F7200 X119.38 Y116.074
G1 F1800 X119.694 Y115.921 E78.22599
G1 X119.695 Y116.376 E78.23169
G1 X119.256 Y116.589 E78.23781
G1 X119.255 Y116.122 E78.24367
G1 X119.38 Y116.074 E78.24535
G0 F7200 X119.559 Y115.987
G0 X119.294 Y116.346
G1 F1500 E71.74535
G0 F7200 X119.356 Y116.347
G0 X116.744 Y116.138
G1 F1500 E78.24535
G0 F7200 X116.62 Y116.074
G1 F1800 X116.744 Y116.122 E78.24702
G1 X116.745 Y116.589 E78.25287
G1 X116.306 Y116.377 E78.25645
G1 X116.306 Y115.921 E78.26196
G1 X116.62 Y116.074 E78.26373
G0 F7200 X116.744 Y116.122
G0 X116.744 Y116.19
G0 X116.706 Y116.189
G1 F1500 E71.76373
G0 F7200 X116.643 Y116.189
G0 X116.735 Y113.573
G1 F1500 E78.26373
G0 F7200 X116.62 Y113.074
G1 F1800 X116.744 Y113.122 E78.2654
G1 X116.745 Y113.589 E78.27125
G1 X116.306 Y113.377 E78.27483
G1 X116.306 Y112.921 E78.28034
G1 X116.62 Y113.074 E78.28211
G0 F7200 X116.744 Y113.122
G0 X116.744 Y113.19
G0 X116.706 Y113.189
G1 F1500 E71.78211
G0 F7200 X116.643 Y113.189
G0 X119.271 Y113.133
G1 F1500 E78.28211
G0 F7200 X119.38 Y113.074
G1 F1800 X119.694 Y112.921 E78.28649
G1 X119.694 Y113.377 E78.2922
G1 X119.256 Y113.589 E78.29831
G1 X119.255 Y113.122 E78.30416
G1 X119.38 Y113.074 E78.30584
G0 F7200 X119.559 Y112.987
G0 X119.294 Y113.346
G1 F1500 E71.80584
G0 F7200 X119.356 Y113.347
G0 X119.266 Y110.573
G1 F1500 E78.30584
G0 F7200 X119.38 Y110.074
G1 F1800 X119.694 Y109.921 E78.31022
G1 X119.694 Y110.377 E78.31594
G1 X119.256 Y110.589 E78.32204
G1 X119.255 Y110.122 E78.3279
G1 X119.38 Y110.074 E78.32958
G0 F7200 X119.559 Y109.987
G0 X119.294 Y110.346
G1 F1500 E71.82958
G0 F7200 X119.356 Y110.347
G0 X116.744 Y110.138
G1 F1500 E78.32958
G0 F7200 X116.62 Y110.074
G1 F1800 X116.744 Y110.122 E78.33125
G1 X116.745 Y110.589 E78.3371
G1 X116.306 Y110.377 E78.34068
G1 X116.306 Y109.921 E78.34619
G1 X116.62 Y110.074 E78.34796
G0 F7200 X116.744 Y110.122
G0 X116.744 Y110.19
G0 X116.706 Y110.189
G1 F1500 E71.84796
G0 F7200 X116.643 Y110.189
G0 X118.397 Y109.535
G0 X120.54 Y108.571
G0 X123.441 Y110.181
G0 X124.581 Y110.165
G1 F1500 E78.34796
G0 F7200 X124.62 Y110.074
G1 F1800 X124.744 Y110.122 E78.34962
G1 X124.745 Y110.589 E78.35548
G1 X124.306 Y110.377 E78.35906
G1 X124.306 Y109.921 E78.36457
G1 X124.62 Y110.074 E78.36634
G0 F7200 X124.744 Y110.122
G0 X124.744 Y110.19
G0 X124.706 Y110.189
G1 F1500 E71.86634
G0 F7200 X124.643 Y110.189
G0 X127.271 Y110.133
G1 F1500 E78.36634
G0 F7200 X127.38 Y110.074
G1 F1800 X127.694 Y109.921 E78.37072
G1 X127.695 Y110.376 E78.37642
G1 X127.256 Y110.589 E78.38254
G1 X127.255 Y110.122 E78.3884
G1 X127.38 Y110.074 E78.39008
G0 F7200 X127.559 Y109.987
G0 X127.294 Y110.346
G1 F1500 E71.89008
G0 F7200 X127.356 Y110.347
G0 X127.684 Y112.937
G1 F1500 E78.39008
G0 F7200 X127.38 Y113.074
G1 F1800 X127.694 Y112.921 E78.39446
G1 X127.695 Y113.376 E78.40016
G1 X127.256 Y113.589 E78.40628
G1 X127.255 Y113.122 E78.41214
G1 X127.38 Y113.074 E78.41382
G0 F7200 X127.559 Y112.987
G0 X127.294 Y113.346
G1 F1500 E71.91382
G0 F7200 X127.356 Y113.347
G0 X124.744 Y113.138
G1 F1500 E78.41382
G0 F7200 X124.62 Y113.074
G1 F1800 X124.744 Y113.122 E78.41548
G1 X124.745 Y113.589 E78.42134
G1 X124.306 Y113.377 E78.42491
G1 X124.306 Y112.921 E78.43043
G1 X124.62 Y113.074 E78.43219
G0 F7200 X124.744 Y113.122
G0 X124.744 Y113.19
G0 X124.706 Y113.189
G1 F1500 E71.93219
G0 F7200 X124.643 Y113.189
G0 X124.315 Y115.937
G1 F1500 E78.43219
G0 F7200 X124.62 Y116.074
G1 F1800 X124.744 Y116.122 E78.43386
G1 X124.745 Y116.589 E78.43972
G1 X124.306 Y116.377 E78.44329
G1 X124.305 Y115.921 E78.44881
G1 X124.62 Y116.074 E78.45059
G0 F7200 X124.744 Y116.122
G0 X124.744 Y116.19
G0 X124.706 Y116.19
G1 F1500 E71.95059
G0 F7200 X124.643 Y116.19
G0 X127.271 Y116.133
G1 F1500 E78.45059
G0 F7200 X127.38 Y116.074
G1 F1800 X127.694 Y115.921 E78.45497
G1 X127.695 Y116.376 E78.46067
G1 X127.256 Y116.589 E78.46679
G1 X127.255 Y116.122 E78.47265
G1 X127.38 Y116.074 E78.47433
G0 F7200 X127.559 Y115.987
G0 X127.294 Y116.346
G1 F1500 E71.97433
G0 F7200 X127.356 Y116.347
G0 X127.684 Y118.937
G1 F1500 E78.47433
G0 F7200 X127.38 Y119.074
G1 F1800 X127.694 Y118.921 E78.47871
G1 X127.695 Y119.376 E78.48441
G1 X127.256 Y119.589 E78.49053
G1 X127.255 Y119.122 E78.49639
G1 X127.38 Y119.074 E78.49807
G0 F7200 X127.559 Y118.987
G0 X127.294 Y119.346
G1 F1500 E71.99807
G0 F7200 X127.356 Y119.347
G0 X124.744 Y119.165
G1 F1500 E78.49807
G0 F7200 X124.62 Y119.074
G1 F1800 X124.744 Y119.122 E78.49973
G1 X124.745 Y119.589 E78.50559
G1 X124.306 Y119.377 E78.50916
G1 X124.305 Y118.921 E78.51468
G1 X124.62 Y119.074 E78.51646
G0 F7200 X124.744 Y119.122
G0 X124.744 Y119.19
G0 X124.706 Y119.19
G1 F1500 E72.01646
G0 F7200 X124.643 Y119.19
G0 X126.397 Y118.535
G0 X128.539 Y117.572
G0 X131.441 Y119.166
G0 X132.581 Y119.165
G1 F1500 E78.51646
G0 F7200 X132.62 Y119.074
G1 F1800 X132.744 Y119.122 E78.51812
G1 X132.745 Y119.589 E78.52398
G1 X132.306 Y119.377 E78.52756
G1 X132.305 Y118.921 E78.53307
G1 X132.62 Y119.074 E78.53485
G0 F7200 X132.744 Y119.122
G0 X132.744 Y119.19
G0 X132.706 Y119.19
G1 F1500 E72.03485
G0 F7200 X132.643 Y119.19
G0 X132.735 Y116.573
G1 F1500 E78.53485
G0 F7200 X132.62 Y116.074
G1 F1800 X132.744 Y116.122 E78.53651
G1 X132.745 Y116.589 E78.54237
G1 X132.306 Y116.377 E78.54595
G1 X132.305 Y115.921 E78.55146
G1 X132.62 Y116.074 E78.55324
G0 F7200 X132.744 Y116.122
G0 X132.744 Y116.19
G0 X132.706 Y116.19
G1 F1500 E72.05324
G0 F7200 X132.643 Y116.19
G0 X132.735 Y113.573
G1 F1500 E78.55324
G0 F7200 X132.62 Y113.074
G1 F1800 X132.744 Y113.122 E78.55491
G1 X132.745 Y113.589 E78.56076
G1 X132.306 Y113.377 E78.56434
G1 X132.306 Y112.921 E78.56985
G1 X132.62 Y113.074 E78.57162
G0 F7200 X132.744 Y113.122
G0 X132.744 Y113.19
G0 X132.706 Y113.189
G1 F1500 E72.07162
G0 F7200 X132.643 Y113.189
G0 X132.735 Y110.573
G1 F1500 E78.57162
G0 F7200 X132.62 Y110.074
G1 F1800 X132.744 Y110.122 E78.57328
G1 X132.745 Y110.589 E78.57914
G1 X132.306 Y110.377 E78.58271
G1 X132.306 Y109.921 E78.58823
G1 X132.62 Y110.074 E78.58999
G0 F7200 X132.744 Y110.122
G0 X132.744 Y110.19
G0 X132.706 Y110.189
G1 F1500 E72.08999
G0 F7200 X132.643 Y110.189
G0 X133.609 Y110.572
G0 X136.085 Y110.573
G0 X137.65 Y120.63
G1 F1500 E78.58999
G0 F7200 X137.75 Y120.7
G1 F1800 X136.95 Y120.7 E78.60003
G1 X136.95 Y108.3 E78.75553
G1 X137.75 Y108.3 E78.76556
G1 X137.75 Y120.7 E78.92106
G0 F7200 X137.55 Y120.7
G0 X137.309 Y120.338
;TYPE:SKIN
G1 F1800 X137.349 Y120.095 E78.92433
G1 X137.349 Y108.781 E79.07439
G1 X137.449 Y108.599 E79.07714
G0 F7200 X137.344 Y108.494
G0 X137.144 Y120.456
G1 F1800 X137.192 Y120.504 E79.07757
G0 F7200 X137.35 Y120.3
G1 F1500 E72.57757
;MESH:NONMESH
G0 F600 X137.35 Y120.3 Z7.6
G0 F7200 X136.97 Y110.165
G0 X131.46 Y108.571
G0 X128.553 Y110.913
G0 X127.564 Y111.4
G0 X126.41 Y111.826
G0 X120.552 Y110.915
G0 X119.564 Y111.4
G0 X118.41 Y111.826
G0 X112.559 Y110.365
G0 X111.419 Y110.165
G1 F1500 E79.07757
G0 F7200 X111.38 Y110.074
;TIME_ELAPSED:736.318941
;LAYER:37
;TYPE:WALL-OUTER
;MESH:output_v2\A_fina_conjunto.stl
G1 F1800 X111.484 Y110.023 E79.07902
G1 X111.485 Y110.478 E79.08473
G1 X111.225 Y110.604 E79.08835
G1 X111.046 Y110.673 E79.09076
G1 X111.045 Y110.202 E79.09666
G1 X111.38 Y110.074 E79.10116
G0 F7200 X111.484 Y110.023
G0 X111.484 Y110.108
G0 X111.253 Y110.551
G1 F1500 E72.60116
G0 F7200 X111.226 Y110.492
G0 X111.474 Y113.04
G1 F1500 E79.10116
G0 F7200 X111.38 Y113.074
G1 F1800 X111.484 Y113.023 E79.10261
G1 X111.485 Y113.478 E79.10832
G1 X111.225 Y113.604 E79.11194
G1 X111.046 Y113.673 E79.11435
G1 X111.045 Y113.202 E79.12026
G1 X111.38 Y113.074 E79.12475
G0 F7200 X111.484 Y113.023
G0 X111.484 Y113.108
G0 X111.253 Y113.551
G1 F1500 E72.62475
G0 F7200 X111.226 Y113.492
G0 X111.474 Y116.04
G1 F1500 E79.12475
G0 F7200 X111.38 Y116.074
G1 F1800 X111.484 Y116.023 E79.1262
G1 X111.485 Y116.478 E79.13191
G1 X111.225 Y116.604 E79.13553
G1 X111.046 Y116.673 E79.13794
G1 X111.045 Y116.202 E79.14385
G1 X111.38 Y116.074 E79.14834
G0 F7200 X111.484 Y116.023
G0 X111.484 Y116.108
G0 X111.253 Y116.551
G1 F1500 E72.64834
G0 F7200 X111.226 Y116.492
G0 X111.474 Y119.04
G1 F1500 E79.14834
G0 F7200 X111.38 Y119.074
G1 F1800 X111.484 Y119.023 E79.1498
G1 X111.485 Y119.478 E79.1555
G1 X111.225 Y119.604 E79.15913
G1 X111.046 Y119.673 E79.16153
G1 X111.045 Y119.202 E79.16744
G1 X111.38 Y119.074 E79.17193
G0 F7200 X111.484 Y119.023
G0 X111.484 Y119.108
G0 X111.253 Y119.551
G1 F1500 E72.67193
G0 F7200 X111.226 Y119.492
G0 X109.699 Y119.659
G1 F1500 E79.17193
G0 F7200 X109.7 Y119.9
G1 F1800 X109.273 Y119.9 E79.17729
G1 X109.273 Y119.4 E79.18356
G1 X109.699 Y119.4 E79.1889
G1 X109.7 Y119.9 E79.19517
G0 F7200 X109.5 Y119.9
G0 X109.5 Y119.8
G1 F1500 E72.69517
G0 F7200 X107.03 Y119.886
G1 F1500 E79.19517
G0 F7200 X107.05 Y120.7
G1 F1800 X106.25 Y120.7 E79.2052
G1 X106.25 Y108.3 E79.3607
G1 X107.05 Y108.3 E79.37074
G1 X107.05 Y120.7 E79.52624
G0 F7200 X106.85 Y120.7
G0 X106.736 Y120.386
;TYPE:SKIN
G1 F1800 X106.649 Y120.189 E79.52907
G1 X106.649 Y108.876 E79.67795
G1 X106.597 Y108.646 E79.68106
G0 F7200 X106.65 Y108.7
G1 F1500 E73.18106
G0 F7200 X107.03 Y119.165
G0 X108.42 Y118.547
G0 X112.329 Y117.674
G0 X115.651 Y119.165
G1 F1500 E79.68106
G0 F7200 X116.62 Y119.074
;TYPE:WALL-OUTER
G1 F1800 X116.954 Y119.202 E79.68554
G1 X116.955 Y119.673 E79.69145
G1 X116.775 Y119.604 E79.69387
G1 X116.516 Y119.479 E79.69747
G1 X116.516 Y119.023 E79.70319
G1 X116.62 Y119.074 E79.70464
G0 F7200 X116.807 Y119.145
G0 X116.825 Y119.185
G1 F1500 E73.20464
G0 F7200 X116.8 Y119.249
G0 X119.061 Y119.213
G1 F1500 E79.70464
G0 F7200 X119.38 Y119.074
G1 F1800 X119.484 Y119.023 E79.7061
G1 X119.485 Y119.478 E79.7118
G1 X119.225 Y119.604 E79.71543
G1 X119.046 Y119.673 E79.71783
G1 X119.045 Y119.202 E79.72374
G1 X119.38 Y119.074 E79.72824
G0 F7200 X119.484 Y119.023
G0 X119.484 Y119.108
G0 X119.253 Y119.551
G1 F1500 E73.22824
G0 F7200 X119.226 Y119.492
G0 X119.057 Y116.657
G1 F1500 E79.72824
G0 F7200 X119.38 Y116.074
G1 F1800 X119.484 Y116.023 E79.72969
G1 X119.485 Y116.478 E79.73539
G1 X119.225 Y116.604 E79.73902
G1 X119.046 Y116.673 E79.74142
G1 X119.045 Y116.202 E79.74733
G1 X119.38 Y116.074 E79.75183
G0 F7200 X119.484 Y116.023
G0 X119.484 Y116.108
G0 X119.253 Y116.551
G1 F1500 E73.25183
G0 F7200 X119.226 Y116.492
G0 X116.938 Y116.213
G1 F1500 E79.75183
G0 F7200 X116.62 Y116.074
G1 F1800 X116.954 Y116.202 E79.75631
G1 X116.955 Y116.673 E79.76222
G1 X116.775 Y116.604 E79.76464
G1 X116.516 Y116.479 E79.76824
G1 X116.516 Y116.023 E79.77396
G1 X116.62 Y116.074 E79.77541
G0 F7200 X116.807 Y116.145
G0 X116.825 Y116.185
G1 F1500 E73.27541
G0 F7200 X116.8 Y116.249
G0 X116.944 Y113.657
G1 F1500 E79.77541
G0 F7200 X116.62 Y113.074
G1 F1800 X116.954 Y113.202 E79.7799
G1 X116.955 Y113.673 E79.78581
G1 X116.775 Y113.604 E79.78822
G1 X116.516 Y113.479 E79.79183
G1 X116.516 Y113.023 E79.79755
G1 X116.62 Y113.074 E79.799
G0 F7200 X116.807 Y113.145
G0 X116.825 Y113.185
G1 F1500 E73.299
G0 F7200 X116.8 Y113.249
G0 X119.061 Y113.213
G1 F1500 E79.799
G0 F7200 X119.38 Y113.074
G1 F1800 X119.484 Y113.023 E79.80045
G1 X119.484 Y113.479 E79.80617
G1 X119.225 Y113.604 E79.80978
G1 X119.046 Y113.673 E79.81218
G1 X119.045 Y113.202 E79.81809
G1 X119.38 Y113.074 E79.82259
G0 F7200 X119.484 Y113.023
G0 X119.484 Y113.108
G0 X119.253 Y113.552
G1 F1500 E73.32259
G0 F7200 X119.227 Y113.492
G0 X119.057 Y110.657
G1 F1500 E79.82259
G0 F7200 X119.38 Y110.074
G1 F1800 X119.484 Y110.023 E79.82404
G1 X119.484 Y110.479 E79.82976
G1 X119.225 Y110.604 E79.83337
G1 X119.046 Y110.673 E79.83577
G1 X119.045 Y110.202 E79.84168
G1 X119.38 Y110.074 E79.84617
G0 F7200 X119.484 Y110.023
G0 X119.484 Y110.108
G0 X119.253 Y110.552
G1 F1500 E73.34617
G0 F7200 X119.227 Y110.492
G0 X116.938 Y110.213
G1 F1500 E79.84617
G0 F7200 X116.62 Y110.074
G1 F1800 X116.954 Y110.202 E79.85066
G1 X116.955 Y110.673 E79.85657
G1 X116.775 Y110.604 E79.85898
G1 X116.516 Y110.479 E79.86259
G1 X116.516 Y110.023 E79.86831
G1 X116.62 Y110.074 E79.86976
G0 F7200 X116.807 Y110.145
G0 X116.825 Y110.185
G1 F1500 E73.36976
G0 F7200 X116.8 Y110.249
G0 X117.818 Y110.211
G0 X120.33 Y108.674
G0 X123.651 Y110.213
G1 F1500 E79.86976
G0 F7200 X124.62 Y110.074
G1 F1800 X124.954 Y110.202 E79.87425
G1 X124.955 Y110.673 E79.88015
G1 X124.775 Y110.604 E79.88257
G1 X124.516 Y110.479 E79.88618
G1 X124.516 Y110.023 E79.8919
G1 X124.62 Y110.074 E79.89335
G0 F7200 X124.807 Y110.145
G0 X124.825 Y110.185
G1 F1500 E73.39335
G0 F7200 X124.8 Y110.249
G0 X127.061 Y110.213
G1 F1500 E79.89335
G0 F7200 X127.38 Y110.074
G1 F1800 X127.484 Y110.023 E79.8948
G1 X127.485 Y110.478 E79.90051
G1 X127.225 Y110.604 E79.90413
G1 X127.046 Y110.673 E79.90654
G1 X127.045 Y110.202 E79.91244
G1 X127.38 Y110.074 E79.91694
G0 F7200 X127.484 Y110.023
G0 X127.484 Y110.108
G0 X127.253 Y110.551
G1 F1500 E73.41694
G0 F7200 X127.226 Y110.492
G0 X127.474 Y113.04
G1 F1500 E79.91694
G0 F7200 X127.38 Y113.074
G1 F1800 X127.484 Y113.023 E79.91839
G1 X127.485 Y113.478 E79.9241
G1 X127.225 Y113.604 E79.92772
G1 X127.046 Y113.673 E79.93013
G1 X127.045 Y113.202 E79.93603
G1 X127.38 Y113.074 E79.94053
G0 F7200 X127.484 Y113.023
G0 X127.484 Y113.108
G0 X127.253 Y113.551
G1 F1500 E73.44053
G0 F7200 X127.226 Y113.492
G0 X124.938 Y113.213
G1 F1500 E79.94053
G0 F7200 X124.62 Y113.074
G1 F1800 X124.954 Y113.202 E79.94502
G1 X124.955 Y113.673 E79.95092
G1 X124.775 Y113.604 E79.95334
G1 X124.516 Y113.479 E79.95695
G1 X124.516 Y113.023 E79.96266
G1 X124.62 Y113.074 E79.96412
G0 F7200 X124.807 Y113.145
G0 X124.825 Y113.185
G1 F1500 E73.46412
G0 F7200 X124.8 Y113.249
G0 X124.525 Y116.039
G1 F1500 E79.96412
G0 F7200 X124.62 Y116.074
G1 F1800 X124.954 Y116.202 E79.9686
G1 X124.955 Y116.673 E79.97451
G1 X124.775 Y116.604 E79.97693
G1 X124.516 Y116.479 E79.98053
G1 X124.515 Y116.023 E79.98625
G1 X124.62 Y116.074 E79.98772
G0 F7200 X124.807 Y116.145
G0 X124.825 Y116.185
G1 F1500 E73.48772
G0 F7200 X124.8 Y116.249
G0 X127.061 Y116.213
G1 F1500 E79.98772
G0 F7200 X127.38 Y116.074
G1 F1800 X127.484 Y116.023 E79.98917
G1 X127.485 Y116.478 E79.99487
G1 X127.225 Y116.604 E79.9985
G1 X127.046 Y116.673 E80.0009
G1 X127.045 Y116.202 E80.00681
G1 X127.38 Y116.074 E80.01131
G0 F7200 X127.484 Y116.023
G0 X127.484 Y116.108
G0 X127.253 Y116.551
G1 F1500 E73.51131
G0 F7200 X127.226 Y116.492
G0 X127.474 Y119.04
G1 F1500 E80.01131
G0 F7200 X127.38 Y119.074
G1 F1800 X127.484 Y119.023 E80.01276
G1 X127.485 Y119.478 E80.01847
G1 X127.225 Y119.604 E80.02209
G1 X127.046 Y119.673 E80.02449
G1 X127.045 Y119.202 E80.0304
G1 X127.38 Y119.074 E80.0349
G0 F7200 X127.484 Y119.023
G0 X127.484 Y119.108
G0 X127.253 Y119.551
G1 F1500 E73.5349
G0 F7200 X127.226 Y119.492
G0 X124.938 Y119.213
G1 F1500 E80.0349
G0 F7200 X124.62 Y119.074
G1 F1800 X124.954 Y119.202 E80.03938
G1 X124.955 Y119.673 E80.04529
G1 X124.775 Y119.604 E80.04771
G1 X124.516 Y119.479 E80.05131
G1 X124.515 Y119.023 E80.05703
G1 X124.62 Y119.074 E80.0585
G0 F7200 X124.807 Y119.145
G0 X124.825 Y119.185
G1 F1500 E73.5585
G0 F7200 X124.8 Y119.249
G0 X125.818 Y119.211
G0 X128.329 Y117.674
G0 X131.651 Y119.198
G1 F1500 E80.0585
G0 F7200 X132.62 Y119.074
G1 F1800 X132.954 Y119.202 E80.06298
G1 X132.954 Y119.673 E80.06889
G1 X132.775 Y119.604 E80.07129
G1 X132.516 Y119.479 E80.0749
G1 X132.515 Y119.023 E80.08062
G1 X132.62 Y119.074 E80.08208
G0 F7200 X132.807 Y119.145
G0 X132.825 Y119.185
G1 F1500 E73.58208
G0 F7200 X132.8 Y119.249
G0 X132.944 Y116.657
G1 F1500 E80.08208
G0 F7200 X132.62 Y116.074
G1 F1800 X132.954 Y116.202 E80.08657
G1 X132.955 Y116.673 E80.09247
G1 X132.775 Y116.604 E80.09489
G1 X132.516 Y116.479 E80.0985
G1 X132.515 Y116.023 E80.10422
G1 X132.62 Y116.074 E80.10568
G0 F7200 X132.807 Y116.145
G0 X132.825 Y116.185
G1 F1500 E73.60568
G0 F7200 X132.8 Y116.249
G0 X132.943 Y113.657
G1 F1500 E80.10568
G0 F7200 X132.62 Y113.074
G1 F1800 X132.954 Y113.202 E80.11017
G1 X132.954 Y113.673 E80.11607
G1 X132.775 Y113.604 E80.11848
G1 X132.516 Y113.479 E80.12209
G1 X132.516 Y113.023 E80.1278
G1 X132.62 Y113.074 E80.12926
G0 F7200 X132.807 Y113.145
G0 X132.825 Y113.185
G1 F1500 E73.62926
G0 F7200 X132.8 Y113.249
G0 X132.944 Y110.657
G1 F1500 E80.12926
G0 F7200 X132.62 Y110.074
G1 F1800 X132.954 Y110.202 E80.13374
G1 X132.955 Y110.673 E80.13965
G1 X132.775 Y110.604 E80.14207
G1 X132.516 Y110.479 E80.14567
G1 X132.516 Y110.023 E80.15139
G1 X132.62 Y110.074 E80.15284
G0 F7200 X132.807 Y110.145
G0 X132.825 Y110.185
G1 F1500 E73.65284
G0 F7200 X132.8 Y110.249
G0 X133.819 Y110.655
G0 X136.085 Y110.657
G0 X137.65 Y120.63
G1 F1500 E80.15284
G0 F7200 X137.75 Y120.7
G1 F1800 X136.95 Y120.7 E80.16288
G1 X136.95 Y108.3 E80.31838
G1 X137.75 Y108.3 E80.32841
G1 X137.75 Y120.7 E80.48391
G0 F7200 X137.55 Y120.7
G0 X137.5 Y120.451
;TYPE:SKIN
G1 F1800 X137.359 Y120.31 E80.48648
G1 X137.349 Y114.945 E80.55571
G1 X137.349 Y108.723 E80.636
G1 X137.219 Y108.569 E80.6386
G0 F7200 X137.35 Y108.7
G1 F1500 E74.1386
;MESH:NONMESH
G0 F600 X137.35 Y108.7 Z7.8
G0 F7200 X136.97 Y110.266
G0 X133.805 Y111.809
G0 X127.564 Y111.4
G0 X126.198 Y111.796
G0 X119.564 Y111.4
G0 X118.198 Y111.796
G0 X112.349 Y110.321
G0 X111.157 Y110.266
G1 F1500 E80.6386
G0 F7200 X110.962 Y110.234
;TIME_ELAPSED:757.876413
;LAYER:38
;TYPE:WALL-OUTER
;MESH:output_v2\A_fina_conjunto.stl
G1 F1800 X111.275 Y110.114 E80.64281
G1 X111.276 Y110.58 E80.64865
G1 X111.226 Y110.604 E80.64934
G1 X110.836 Y110.754 E80.65458
G1 X110.835 Y110.269 E80.66067
G1 X110.962 Y110.234 E80.66232
G0 F7200 X111.148 Y110.163
G0 X110.875 Y110.536
G1 F1500 E74.16232
G0 F7200 X110.936 Y110.537
G0 X111.264 Y113.13
G1 F1500 E80.66232
G0 F7200 X110.962 Y113.234
G1 F1800 X111.275 Y113.114 E80.66652
G1 X111.276 Y113.58 E80.67237
G1 X111.226 Y113.604 E80.67306
G1 X110.836 Y113.754 E80.6783
G1 X110.835 Y113.269 E80.68438
G1 X110.962 Y113.234 E80.68604
G0 F7200 X111.148 Y113.163
G0 X110.875 Y113.536
G1 F1500 E74.18604
G0 F7200 X110.936 Y113.537
G0 X111.264 Y116.13
G1 F1500 E80.68604
G0 F7200 X110.962 Y116.234
G1 F1800 X111.275 Y116.114 E80.69024
G1 X111.276 Y116.58 E80.69608
G1 X111.226 Y116.604 E80.69678
G1 X110.836 Y116.754 E80.70202
G1 X110.835 Y116.269 E80.7081
G1 X110.962 Y116.234 E80.70975
G0 F7200 X111.148 Y116.163
G0 X111.038 Y116.412
;TYPE:SKIN
G1 F1800 X111.077 Y116.451 E80.7101
G0 F7200 X111.133 Y116.596
G1 F1500 E74.2101
G0 F7200 X111.114 Y116.54
G0 X111.264 Y119.13
G1 F1500 E80.7101
G0 F7200 X110.962 Y119.234
;TYPE:WALL-OUTER
G1 F1800 X111.275 Y119.114 E80.7143
G1 X111.276 Y119.58 E80.72015
G1 X111.226 Y119.604 E80.72084
G1 X110.836 Y119.754 E80.72608
G1 X110.835 Y119.269 E80.73216
G1 X110.962 Y119.234 E80.73382
G0 F7200 X111.148 Y119.163
G0 X110.875 Y119.536
G0 X110.936 Y119.537
G0 X109.743 Y119.738
G0 X109.763 Y119.9
G1 F1800 X109.328 Y119.9 E80.73927
G1 X109.329 Y119.4 E80.74554
G1 X109.763 Y119.4 E80.75098
G1 X109.763 Y119.9 E80.75725
G0 F7200 X109.563 Y119.9
G0 X109.563 Y119.8
G1 F1500 E74.25725
G0 F7200 X107.03 Y119.886
G1 F1500 E80.75725
G0 F7200 X107.05 Y120.7
G1 F1800 X106.25 Y120.7 E80.76729
G1 X106.25 Y108.3 E80.92279
G1 X107.05 Y108.3 E80.93282
G1 X107.05 Y120.7 E81.08832
G0 F7200 X106.85 Y120.7
G0 X106.65 Y120.226
;TYPE:SKIN
G1 F1800 X106.65 Y119.943 E81.09206
G1 X106.65 Y108.912 E81.23785
G1 X106.826 Y108.523 E81.24349
G0 F7200 X106.797 Y108.494
G0 X106.445 Y120.304
G1 F1800 X106.644 Y120.503 E81.24526
G0 F7200 X106.65 Y120.3
G1 F1500 E74.74526
G0 F7200 X107.03 Y119.329
G0 X108.477 Y118.547
G0 X112.12 Y117.78
G0 X115.86 Y119.329
G0 X117.008 Y119.329
G1 F1500 E81.24526
G0 F7200 X117.038 Y119.234
;TYPE:WALL-OUTER
G1 F1800 X117.164 Y119.268 E81.24689
G1 X117.165 Y119.754 E81.25299
G1 X116.772 Y119.603 E81.25587
G1 X116.725 Y119.58 E81.25653
G1 X116.725 Y119.114 E81.26237
G1 X117.038 Y119.234 E81.26404
G0 F7200 X117.164 Y119.268
G0 X117.164 Y119.338
G0 X117.125 Y119.337
G1 F1500 E74.76404
G0 F7200 X117.061 Y119.343
G0 X118.836 Y119.329
G1 F1500 E81.26404
G0 F7200 X118.962 Y119.234
G1 F1800 X119.275 Y119.114 E81.26825
G1 X119.276 Y119.58 E81.27409
G1 X119.226 Y119.604 E81.27478
G1 X118.836 Y119.754 E81.28002
G1 X118.835 Y119.269 E81.28611
G1 X118.962 Y119.234 E81.28776
G0 F7200 X119.148 Y119.163
G0 X118.875 Y119.536
G1 F1500 E74.78776
G0 F7200 X118.936 Y119.537
G0 X118.847 Y116.738
G1 F1500 E81.28776
G0 F7200 X118.962 Y116.234
G1 F1800 X119.275 Y116.114 E81.29196
G1 X119.276 Y116.58 E81.29781
G1 X119.226 Y116.604 E81.2985
G1 X118.836 Y116.754 E81.30374
G1 X118.835 Y116.269 E81.30982
G1 X118.962 Y116.234 E81.31148
G0 F7200 X119.148 Y116.163
G0 X118.875 Y116.536
G1 F1500 E74.81148
G0 F7200 X118.936 Y116.537
G0 X117.164 Y116.329
G1 F1500 E81.31148
G0 F7200 X117.038 Y116.234
G1 F1800 X117.164 Y116.268 E81.31311
G1 X117.165 Y116.754 E81.31921
G1 X116.772 Y116.603 E81.32209
G1 X116.725 Y116.58 E81.32275
G1 X116.725 Y116.114 E81.32859
G1 X117.038 Y116.234 E81.33026
G0 F7200 X117.164 Y116.268
G0 X117.164 Y116.338
G0 X117.125 Y116.337
G1 F1500 E74.83026
G0 F7200 X117.061 Y116.343
G0 X117.154 Y113.738
G1 F1500 E81.33026
G0 F7200 X117.038 Y113.234
G1 F1800 X117.164 Y113.268 E81.3319
G1 X117.165 Y113.754 E81.33799
G1 X116.772 Y113.603 E81.34087
G1 X116.725 Y113.58 E81.34153
G1 X116.725 Y113.114 E81.34737
G1 X117.038 Y113.234 E81.34904
G0 F7200 X117.164 Y113.268
G0 X117.164 Y113.338
G0 X117.125 Y113.337
G1 F1500 E74.84904
G0 F7200 X117.061 Y113.343
G0 X118.836 Y113.329
G1 F1500 E81.34904
G0 F7200 X118.962 Y113.234
G1 F1800 X119.275 Y113.114 E81.35325
G1 X119.275 Y113.58 E81.35909
G1 X119.228 Y113.603 E81.35975
G1 X118.836 Y113.754 E81.36501
G1 X118.835 Y113.269 E81.3711
G1 X118.962 Y113.234 E81.37275
G0 F7200 X119.148 Y113.163
G0 X118.875 Y113.536
G1 F1500 E74.87275
G0 F7200 X118.936 Y113.537
G0 X118.847 Y110.738
G1 F1500 E81.37275
G0 F7200 X118.962 Y110.234
G1 F1800 X119.275 Y110.114 E81.37695
G1 X119.275 Y110.58 E81.3828
G1 X119.228 Y110.603 E81.38345
G1 X118.836 Y110.754 E81.38872
G1 X118.835 Y110.269 E81.3948
G1 X118.962 Y110.234 E81.39645
G0 F7200 X119.148 Y110.163
G0 X118.875 Y110.536
G1 F1500 E74.89645
G0 F7200 X118.936 Y110.537
G0 X117.164 Y110.329
G1 F1500 E81.39645
G0 F7200 X117.038 Y110.234
G1 F1800 X117.164 Y110.268 E81.39809
G1 X117.165 Y110.754 E81.40419
G1 X116.772 Y110.603 E81.40707
G1 X116.725 Y110.58 E81.40773
G1 X116.725 Y110.114 E81.41357
G1 X117.038 Y110.234 E81.41524
G0 F7200 X117.164 Y110.268
G0 X117.164 Y110.338
G0 X116.968 Y110.463
;TYPE:SKIN
G1 F1800 X116.918 Y110.413 E81.41568
G0 F7200 X116.764 Y110.412
G1 F1500 E74.91568
G0 F7200 X116.825 Y110.412
G0 X118.028 Y110.343
G0 X123.86 Y110.345
G0 X125.008 Y110.329
G1 F1500 E81.41568
G0 F7200 X125.038 Y110.234
;TYPE:WALL-OUTER
G1 F1800 X125.164 Y110.268 E81.41732
G1 X125.165 Y110.754 E81.42341
G1 X124.772 Y110.603 E81.4263
G1 X124.725 Y110.58 E81.42695
G1 X124.725 Y110.114 E81.4328
G1 X125.038 Y110.234 E81.43446
G0 F7200 X125.164 Y110.268
G0 X125.164 Y110.338
G0 X125.125 Y110.337
G1 F1500 E74.93446
G0 F7200 X125.061 Y110.343
G0 X126.836 Y110.329
G1 F1500 E81.43446
G0 F7200 X126.962 Y110.234
G1 F1800 X127.275 Y110.114 E81.43867
G1 X127.276 Y110.58 E81.44451
G1 X127.226 Y110.604 E81.44521
G1 X126.836 Y110.754 E81.45045
G1 X126.835 Y110.269 E81.45653
G1 X126.962 Y110.234 E81.45818
G0 F7200 X127.148 Y110.163
G0 X126.875 Y110.536
G1 F1500 E74.95818
G0 F7200 X126.936 Y110.537
G0 X127.264 Y113.13
G1 F1500 E81.45818
G0 F7200 X126.962 Y113.234
G1 F1800 X127.275 Y113.114 E81.46238
G1 X127.276 Y113.58 E81.46823
G1 X127.226 Y113.604 E81.46892
G1 X126.836 Y113.754 E81.47416
G1 X126.835 Y113.269 E81.48025
G1 X126.962 Y113.234 E81.4819
G0 F7200 X127.148 Y113.163
G0 X126.875 Y113.536
G1 F1500 E74.9819
G0 F7200 X126.936 Y113.537
G0 X125.164 Y113.329
G1 F1500 E81.4819
G0 F7200 X125.038 Y113.234
G1 F1800 X125.164 Y113.268 E81.48353
G1 X125.165 Y113.754 E81.48963
G1 X124.772 Y113.603 E81.49251
G1 X124.725 Y113.58 E81.49317
G1 X124.725 Y113.114 E81.49901
G1 X125.038 Y113.234 E81.50068
G0 F7200 X125.164 Y113.268
G0 X125.164 Y113.338
G0 X125.125 Y113.337
G1 F1500 E75.00068
G0 F7200 X125.061 Y113.343
G0 X124.735 Y116.13
G1 F1500 E81.50068
G0 F7200 X125.038 Y116.234
G1 F1800 X125.164 Y116.268 E81.50232
G1 X125.165 Y116.754 E81.50841
G1 X124.772 Y116.603 E81.5113
G1 X124.725 Y116.58 E81.51195
G1 X124.724 Y116.114 E81.5178
G1 X125.038 Y116.234 E81.51947
G0 F7200 X125.164 Y116.268
G0 X125.164 Y116.338
G0 X125.125 Y116.338
G1 F1500 E75.01947
G0 F7200 X125.062 Y116.343
G0 X126.836 Y116.329
G1 F1500 E81.51947
G0 F7200 X126.962 Y116.234
G1 F1800 X127.275 Y116.114 E81.52368
G1 X127.276 Y116.58 E81.52952
G1 X127.226 Y116.604 E81.53022
G1 X126.836 Y116.754 E81.53546
G1 X126.835 Y116.269 E81.54154
G1 X126.962 Y116.234 E81.54319
G0 F7200 X127.148 Y116.163
G0 X126.875 Y116.536
G1 F1500 E75.04319
G0 F7200 X126.936 Y116.537
G0 X127.264 Y119.13
G1 F1500 E81.54319
G0 F7200 X126.962 Y119.234
G1 F1800 X127.275 Y119.114 E81.54739
G1 X127.276 Y119.58 E81.55324
G1 X127.226 Y119.604 E81.55393
G1 X126.836 Y119.754 E81.55917
G1 X126.835 Y119.269 E81.56526
G1 X126.962 Y119.234 E81.56691
G0 F7200 X127.148 Y119.163
G0 X127.046 Y119.409
;TYPE:SKIN
G1 F1800 X127.08 Y119.443 E81.56721
G0 F7200 X127.236 Y119.443
G1 F1500 E75.06721
G0 F7200 X127.175 Y119.442
G0 X125.164 Y119.329
G1 F1500 E81.56721
G0 F7200 X125.038 Y119.234
;TYPE:WALL-OUTER
G1 F1800 X125.164 Y119.268 E81.56885
G1 X125.165 Y119.754 E81.57494
G1 X124.772 Y119.603 E81.57782
G1 X124.725 Y119.58 E81.57848
G1 X124.724 Y119.114 E81.58432
G1 X125.038 Y119.234 E81.586
G0 F7200 X125.164 Y119.268
G0 X125.164 Y119.338
G0 X125.125 Y119.338
G1 F1500 E75.086
G0 F7200 X125.062 Y119.343
G0 X131.86 Y119.33
G0 X133.008 Y119.329
G1 F1500 E81.586
G0 F7200 X133.038 Y119.234
G1 F1800 X133.164 Y119.268 E81.58764
G1 X133.164 Y119.754 E81.59373
G1 X132.772 Y119.603 E81.59661
G1 X132.725 Y119.58 E81.59727
G1 X132.724 Y119.114 E81.60311
G1 X133.038 Y119.234 E81.60479
G0 F7200 X133.164 Y119.268
G0 X133.164 Y119.338
G0 X133.125 Y119.339
G1 F1500 E75.10479
G0 F7200 X133.062 Y119.343
G0 X133.154 Y116.738
G1 F1500 E81.60479
G0 F7200 X133.038 Y116.234
G1 F1800 X133.164 Y116.268 E81.60642
G1 X133.165 Y116.754 E81.61252
G1 X132.772 Y116.603 E81.6154
G1 X132.725 Y116.58 E81.61606
G1 X132.724 Y116.114 E81.6219
G1 X133.038 Y116.234 E81.62358
G0 F7200 X133.164 Y116.268
G0 X133.164 Y116.338
G0 X133.125 Y116.338
G1 F1500 E75.12358
G0 F7200 X133.062 Y116.343
G0 X133.153 Y113.738
G1 F1500 E81.62358
G0 F7200 X133.038 Y113.234
G1 F1800 X133.164 Y113.268 E81.62522
G1 X133.164 Y113.754 E81.63131
G1 X132.772 Y113.603 E81.63419
G1 X132.725 Y113.58 E81.63484
G1 X132.725 Y113.114 E81.64069
G1 X133.038 Y113.234 E81.64236
G0 F7200 X133.164 Y113.268
G0 X133.164 Y113.338
G0 X132.968 Y113.452
;TYPE:SKIN
G1 F1800 X132.919 Y113.402 E81.64279
G0 F7200 X132.764 Y113.402
G1 F1500 E75.14279
G0 F7200 X132.825 Y113.402
G0 X133.154 Y110.738
G1 F1500 E81.64279
G0 F7200 X133.038 Y110.234
;TYPE:WALL-OUTER
G1 F1800 X133.164 Y110.268 E81.64443
G1 X133.165 Y110.754 E81.65053
G1 X132.772 Y110.603 E81.65341
G1 X132.725 Y110.58 E81.65407
G1 X132.725 Y110.114 E81.65991
G1 X133.038 Y110.234 E81.66158
G0 F7200 X133.164 Y110.268
G0 X133.164 Y110.338
G0 X133.125 Y110.337
G1 F1500 E75.16158
G0 F7200 X133.061 Y110.343
G0 X134.029 Y110.736
G0 X136.085 Y110.738
G0 X137.65 Y120.63
G1 F1500 E81.66158
G0 F7200 X137.75 Y120.7
G1 F1800 X136.95 Y120.7 E81.67161
G1 X136.95 Y108.3 E81.82711
G1 X137.75 Y108.3 E81.83714
G1 X137.75 Y120.7 E81.99264
G0 F7200 X137.55 Y120.7
G0 X137.309 Y120.338
;TYPE:SKIN
G1 F1800 X137.349 Y120.095 E81.99591
G1 X137.349 Y108.781 E82.14597
G1 X137.449 Y108.599 E82.14873
G0 F7200 X137.344 Y108.494
G0 X137.144 Y120.456
G1 F1800 X137.192 Y120.504 E82.14915
G0 F7200 X137.35 Y120.3
G1 F1500 E75.64915
;MESH:NONMESH
G0 F600 X137.35 Y120.3 Z8
G0 F7200 X136.97 Y110.329
G0 X131.879 Y108.78
G0 X128.134 Y111.118
G0 X127.106 Y111.577
G0 X126.015 Y111.865
G0 X119.106 Y111.577
G0 X117.988 Y111.861
G0 X112.14 Y110.383
G0 X110.993 Y110.329
G1 F1500 E82.14915
G0 F7200 X110.962 Y110.234
;TIME_ELAPSED:779.112584
;LAYER:39
;TYPE:WALL-OUTER
;MESH:output_v2\A_fina_conjunto.stl
G1 F1800 X111.065 Y110.195 E82.15054
G1 X111.066 Y110.665 E82.15643
G1 X110.834 Y110.755 E82.15955
G1 X110.617 Y110.813 E82.16237
G1 X110.616 Y110.327 E82.16846
G1 X110.962 Y110.234 E82.17295
G0 F7200 X111.065 Y110.195
G0 X111.065 Y110.285
G0 X110.775 Y110.698
G1 F1500 E75.67295
G0 F7200 X110.77 Y110.669
G0 X111.054 Y113.211
G1 F1500 E82.17295
G0 F7200 X110.962 Y113.234
G1 F1800 X111.065 Y113.195 E82.17434
G1 X111.065 Y113.666 E82.18024
G1 X110.832 Y113.755 E82.18337
G1 X110.617 Y113.812 E82.18616
G1 X110.616 Y113.327 E82.19224
G1 X110.962 Y113.234 E82.19673
G0 F7200 X111.065 Y113.195
G0 X111.065 Y113.285
G0 X110.775 Y113.698
G1 F1500 E75.69673
G0 F7200 X110.769 Y113.669
G0 X111.054 Y116.211
G1 F1500 E82.19673
G0 F7200 X110.962 Y116.234
G1 F1800 X111.065 Y116.195 E82.19812
G1 X111.066 Y116.665 E82.20401
G1 X110.834 Y116.755 E82.20713
G1 X110.617 Y116.813 E82.20995
G1 X110.616 Y116.327 E82.21604
G1 X110.962 Y116.234 E82.22053
G0 F7200 X111.065 Y116.195
G0 X111.065 Y116.285
G0 X110.775 Y116.698
G1 F1500 E75.72053
G0 F7200 X110.77 Y116.669
G0 X111.054 Y119.211
G1 F1500 E82.22053
G0 F7200 X110.962 Y119.234
G1 F1800 X111.065 Y119.195 E82.22192
G1 X111.066 Y119.665 E82.22781
G1 X110.832 Y119.756 E82.23096
G1 X110.617 Y119.812 E82.23374
G1 X110.616 Y119.327 E82.23983
G1 X110.962 Y119.234 E82.24432
G0 F7200 X111.065 Y119.195
G0 X111.065 Y119.285
G0 X110.775 Y119.698
G0 X109.843 Y119.898
G1 F1800 X109.386 Y119.9 E82.25005
G1 X109.386 Y119.4 E82.25632
G1 X109.842 Y119.4 E82.26204
G1 X109.843 Y119.898 E82.26828
G0 F7200 X109.643 Y119.898
G0 X109.643 Y119.8
G1 F1500 E75.76828
G0 F7200 X109.644 Y119.798
G0 X107.03 Y119.886
G1 F1500 E82.26828
G0 F7200 X107.05 Y120.7
G1 F1800 X106.25 Y120.7 E82.27832
G1 X106.25 Y108.3 E82.43382
G1 X107.05 Y108.3 E82.44385
G1 X107.05 Y120.7 E82.59935
G0 F7200 X106.85 Y120.7
G0 X106.736 Y120.386
;TYPE:SKIN
G1 F1800 X106.649 Y120.189 E82.60218
G1 X106.649 Y108.876 E82.75107
G1 X106.597 Y108.646 E82.75417
G0 F7200 X106.65 Y108.7
G1 F1500 E76.25417
G0 F7200 X107.03 Y119.329
G0 X108.533 Y118.547
G0 X111.911 Y117.963
G0 X116.07 Y119.329
G1 F1500 E82.75417
G0 F7200 X117.038 Y119.234
;TYPE:WALL-OUTER
G1 F1800 X117.383 Y119.327 E82.75865
G1 X117.384 Y119.813 E82.76474
G1 X117.166 Y119.755 E82.76757
G1 X116.935 Y119.666 E82.77068
G1 X116.935 Y119.195 E82.77658
G1 X117.038 Y119.234 E82.77797
G0 F7200 X117.231 Y119.286
G0 X117.248 Y119.357
G1 F1500 E76.27797
G0 F7200 X117.238 Y119.391
G0 X118.631 Y119.339
G1 F1500 E82.77797
G0 F7200 X118.962 Y119.234
G1 F1800 X119.065 Y119.195 E82.77935
G1 X119.066 Y119.665 E82.78524
G1 X118.834 Y119.755 E82.78836
G1 X118.617 Y119.813 E82.79118
G1 X118.616 Y119.327 E82.79727
G1 X118.962 Y119.234 E82.80177
G0 F7200 X119.065 Y119.195
G0 X119.065 Y119.285
G0 X118.775 Y119.698
G1 F1500 E76.30177
G0 F7200 X118.77 Y119.669
G0 X118.629 Y116.798
G1 F1500 E82.80177
G0 F7200 X118.962 Y116.234
G1 F1800 X119.065 Y116.195 E82.80315
G1 X119.066 Y116.665 E82.80904
G1 X118.834 Y116.755 E82.81216
G1 X118.617 Y116.813 E82.81498
G1 X118.616 Y116.327 E82.82107
G1 X118.962 Y116.234 E82.82557
G0 F7200 X119.065 Y116.195
G0 X119.065 Y116.285
G0 X118.863 Y116.461
;TYPE:SKIN
G1 F1800 X118.81 Y116.514 E82.82604
G0 F7200 X118.665 Y116.514
G1 F1500 E76.32604
G0 F7200 X118.717 Y116.515
G0 X117.383 Y116.341
G1 F1500 E82.82604
G0 F7200 X117.038 Y116.234
;TYPE:WALL-OUTER
G1 F1800 X117.383 Y116.327 E82.83052
G1 X117.384 Y116.813 E82.83661
G1 X117.166 Y116.755 E82.83944
G1 X116.935 Y116.666 E82.84255
G1 X116.935 Y116.195 E82.84845
G1 X117.038 Y116.234 E82.84983
G0 F7200 X117.231 Y116.286
G0 X117.159 Y116.468
;TYPE:SKIN
G1 F1800 X117.129 Y116.498 E82.8501
G0 F7200 X116.983 Y116.497
G1 F1500 E76.3501
G0 F7200 X117.035 Y116.497
G0 X117.372 Y113.798
G1 F1500 E82.8501
G0 F7200 X117.038 Y113.234
;TYPE:WALL-OUTER
G1 F1800 X117.383 Y113.327 E82.85458
G1 X117.384 Y113.813 E82.86067
G1 X117.166 Y113.755 E82.8635
G1 X116.935 Y113.666 E82.86661
G1 X116.935 Y113.195 E82.87251
G1 X117.038 Y113.234 E82.8739
G0 F7200 X117.231 Y113.286
G0 X117.248 Y113.357
G1 F1500 E76.3739
G0 F7200 X117.238 Y113.391
G0 X118.631 Y113.339
G1 F1500 E82.8739
G0 F7200 X118.962 Y113.234
G1 F1800 X119.065 Y113.195 E82.87528
G1 X119.065 Y113.666 E82.88118
G1 X118.834 Y113.755 E82.88429
G1 X118.617 Y113.813 E82.8871
G1 X118.616 Y113.327 E82.8932
G1 X118.962 Y113.234 E82.89769
G0 F7200 X119.065 Y113.195
G0 X119.065 Y113.285
G0 X118.775 Y113.698
G1 F1500 E76.39769
G0 F7200 X118.77 Y113.669
G0 X118.629 Y110.798
G1 F1500 E82.89769
G0 F7200 X118.962 Y110.234
G1 F1800 X119.065 Y110.195 E82.89907
G1 X119.066 Y110.665 E82.90497
G1 X118.834 Y110.755 E82.90809
G1 X118.617 Y110.813 E82.9109
G1 X118.616 Y110.327 E82.917
G1 X118.962 Y110.234 E82.92149
G0 F7200 X119.065 Y110.195
G0 X119.065 Y110.285
G0 X118.87 Y110.515
;TYPE:SKIN
G1 F1800 X118.842 Y110.543 E82.92174
G0 F7200 X118.854 Y110.677
G1 F1500 E76.42174
G0 F7200 X118.843 Y110.644
G0 X117.383 Y110.341
G1 F1500 E82.92174
G0 F7200 X117.038 Y110.234
;TYPE:WALL-OUTER
G1 F1800 X117.383 Y110.327 E82.92622
G1 X117.384 Y110.813 E82.93232
G1 X117.166 Y110.755 E82.93514
G1 X116.935 Y110.666 E82.93825
G1 X116.935 Y110.195 E82.94416
G1 X117.038 Y110.234 E82.94554
G0 F7200 X117.231 Y110.286
G0 X117.186 Y110.501
;TYPE:SKIN
G1 F1800 X117.148 Y110.539 E82.94587
G0 F7200 X117.134 Y110.673
G1 F1500 E76.44587
G0 F7200 X117.148 Y110.641
G0 X117.644 Y109.501
G0 X119.911 Y108.963
G0 X124.07 Y110.344
G1 F1500 E82.94587
G0 F7200 X125.038 Y110.234
;TYPE:WALL-OUTER
G1 F1800 X125.383 Y110.327 E82.95035
G1 X125.384 Y110.813 E82.95645
G1 X125.166 Y110.755 E82.95928
G1 X124.935 Y110.666 E82.96238
G1 X124.935 Y110.195 E82.96829
G1 X125.038 Y110.234 E82.96967
G0 F7200 X125.231 Y110.286
G0 X125.248 Y110.357
G1 F1500 E76.46967
G0 F7200 X125.238 Y110.391
G0 X126.631 Y110.339
G1 F1500 E82.96967
G0 F7200 X126.962 Y110.234
G1 F1800 X127.065 Y110.195 E82.97105
G1 X127.066 Y110.665 E82.97695
G1 X126.834 Y110.755 E82.98007
G1 X126.617 Y110.813 E82.98288
G1 X126.616 Y110.327 E82.98898
G1 X126.962 Y110.234 E82.99347
G0 F7200 X127.065 Y110.195
G0 X127.065 Y110.285
G0 X126.775 Y110.698
G1 F1500 E76.49347
G0 F7200 X126.77 Y110.669
G0 X127.054 Y113.211
G1 F1500 E82.99347
G0 F7200 X126.962 Y113.234
G1 F1800 X127.065 Y113.195 E82.99485
G1 X127.065 Y113.666 E83.00076
G1 X126.832 Y113.755 E83.00389
G1 X126.617 Y113.812 E83.00667
G1 X126.616 Y113.327 E83.01276
G1 X126.962 Y113.234 E83.01725
G0 F7200 X127.065 Y113.195
G0 X127.065 Y113.285
G0 X126.775 Y113.698
G1 F1500 E76.51725
G0 F7200 X126.769 Y113.669
G0 X125.383 Y113.341
G1 F1500 E83.01725
G0 F7200 X125.038 Y113.234
G1 F1800 X125.383 Y113.327 E83.02173
G1 X125.384 Y113.813 E83.02783
G1 X125.166 Y113.755 E83.03065
G1 X124.935 Y113.666 E83.03376
G1 X124.935 Y113.195 E83.03967
G1 X125.038 Y113.234 E83.04105
G0 F7200 X125.231 Y113.286
G0 X125.248 Y113.357
G1 F1500 E76.54105
G0 F7200 X125.238 Y113.391
G0 X124.946 Y116.211
G1 F1500 E83.04105
G0 F7200 X125.038 Y116.234
G1 F1800 X125.383 Y116.327 E83.04553
G1 X125.384 Y116.813 E83.05162
G1 X125.166 Y116.755 E83.05445
G1 X124.935 Y116.666 E83.05756
G1 X124.935 Y116.195 E83.06346
G1 X125.038 Y116.234 E83.06484
G0 F7200 X125.231 Y116.286
G0 X125.248 Y116.357
G1 F1500 E76.56484
G0 F7200 X125.238 Y116.391
G0 X126.631 Y116.339
G1 F1500 E83.06484
G0 F7200 X126.962 Y116.234
G1 F1800 X127.065 Y116.195 E83.06622
G1 X127.066 Y116.665 E83.07212
G1 X126.834 Y116.755 E83.07524
G1 X126.617 Y116.813 E83.07806
G1 X126.616 Y116.327 E83.08415
G1 X126.962 Y116.234 E83.08864
G0 F7200 X127.065 Y116.195
G0 X127.065 Y116.285
G0 X126.775 Y116.698
G1 F1500 E76.58864
G0 F7200 X126.77 Y116.669
G0 X127.054 Y119.211
G1 F1500 E83.08864
G0 F7200 X126.962 Y119.234
G1 F1800 X127.065 Y119.195 E83.09002
G1 X127.066 Y119.665 E83.09592
G1 X126.832 Y119.756 E83.09907
G1 X126.617 Y119.812 E83.10185
G1 X126.616 Y119.327 E83.10793
G1 X126.962 Y119.234 E83.11243
G0 F7200 X127.065 Y119.195
G0 X127.065 Y119.285
G0 X126.87 Y119.485
;TYPE:SKIN
G1 F1800 X126.81 Y119.545 E83.11296
G0 F7200 X126.665 Y119.545
G1 F1500 E76.61296
G0 F7200 X126.717 Y119.546
G0 X125.383 Y119.341
G1 F1500 E83.11296
G0 F7200 X125.038 Y119.234
;TYPE:WALL-OUTER
G1 F1800 X125.383 Y119.327 E83.11744
G1 X125.384 Y119.813 E83.12354
G1 X125.166 Y119.755 E83.12636
G1 X124.935 Y119.666 E83.12947
G1 X124.935 Y119.195 E83.13538
G1 X125.038 Y119.234 E83.13676
G0 F7200 X125.231 Y119.286
G0 X125.183 Y119.475
;TYPE:SKIN
G1 F1800 X125.129 Y119.529 E83.13724
G0 F7200 X124.983 Y119.528
G1 F1500 E76.63724
G0 F7200 X125.035 Y119.528
G0 X125.644 Y118.501
G0 X127.911 Y117.963
G0 X132.07 Y119.344
G1 F1500 E83.13724
G0 F7200 X133.038 Y119.234
;TYPE:WALL-OUTER
G1 F1800 X133.383 Y119.327 E83.14172
G1 X133.384 Y119.813 E83.14781
G1 X133.166 Y119.755 E83.15064
G1 X132.935 Y119.666 E83.15374
G1 X132.935 Y119.195 E83.15965
G1 X133.038 Y119.234 E83.16103
G0 F7200 X133.231 Y119.286
G0 X133.248 Y119.357
G1 F1500 E76.66103
G0 F7200 X133.238 Y119.391
G0 X133.372 Y116.798
G1 F1500 E83.16103
G0 F7200 X133.038 Y116.234
G1 F1800 X133.383 Y116.327 E83.16551
G1 X133.384 Y116.813 E83.17161
G1 X133.166 Y116.755 E83.17444
G1 X132.935 Y116.666 E83.17754
G1 X132.935 Y116.195 E83.18345
G1 X133.038 Y116.234 E83.18483
G0 F7200 X133.231 Y116.286
G0 X133.248 Y116.357
G1 F1500 E76.68483
G0 F7200 X133.238 Y116.391
G0 X133.372 Y113.798
G1 F1500 E83.18483
G0 F7200 X133.038 Y113.234
G1 F1800 X133.383 Y113.327 E83.18931
G1 X133.384 Y113.813 E83.1954
G1 X133.166 Y113.755 E83.19823
G1 X132.935 Y113.666 E83.20134
G1 X132.935 Y113.195 E83.20724
G1 X133.038 Y113.234 E83.20862
G0 F7200 X133.231 Y113.286
G0 X133.167 Y113.471
;TYPE:SKIN
G1 F1800 X133.129 Y113.509 E83.20896
G0 F7200 X132.983 Y113.508
G1 F1500 E76.70896
G0 F7200 X133.035 Y113.508
G0 X133.372 Y110.798
G1 F1500 E83.20896
G0 F7200 X133.038 Y110.234
;TYPE:WALL-OUTER
G1 F1800 X133.383 Y110.327 E83.21344
G1 X133.384 Y110.813 E83.21954
G1 X133.166 Y110.755 E83.22237
G1 X132.935 Y110.666 E83.22547
G1 X132.935 Y110.195 E83.23138
G1 X133.038 Y110.234 E83.23276
G0 F7200 X133.231 Y110.286
G0 X133.248 Y110.357
G1 F1500 E76.73276
G0 F7200 X133.238 Y110.391
G0 X134.248 Y110.796
G0 X136.085 Y110.798
G0 X137.65 Y120.63
G1 F1500 E83.23276
G0 F7200 X137.75 Y120.7
G1 F1800 X136.95 Y120.7 E83.24279
G1 X136.95 Y108.3 E83.39829
G1 X137.75 Y108.3 E83.40832
G1 X137.75 Y120.7 E83.56382
G0 F7200 X137.55 Y120.7
G0 X137.5 Y120.451
;TYPE:SKIN
G1 F1800 X137.359 Y120.31 E83.5664
G1 X137.349 Y114.945 E83.63563
G1 X137.349 Y108.723 E83.71592
G1 X137.219 Y108.569 E83.71852
G0 F7200 X137.35 Y108.7
G1 F1500 E77.21852
;MESH:NONMESH
G0 F600 X137.35 Y108.7 Z8.2
G0 F7200 X136.97 Y110.4
G0 X134.237 Y109.603
G0 X132.088 Y108.963
G0 X127.923 Y111.254
G0 X126.637 Y111.702
G0 X117.767 Y111.824
G0 X111.93 Y110.454
G0 X110.73 Y110.4
G1 F1500 E83.71852
G0 F7200 X110.541 Y110.347
;TIME_ELAPSED:800.132127
;LAYER:40
;TYPE:WALL-OUTER
;MESH:output_v2\A_fina_conjunto.stl
G1 F1800 X110.855 Y110.263 E83.72259
G1 X110.856 Y110.746 E83.72865
G1 X110.834 Y110.755 E83.72895
G1 X110.462 Y110.854 E83.73377
G1 X110.252 Y110.885 E83.73644
G1 X110.143 Y110.895 E83.73781
G1 X109.993 Y110.9 E83.73969
G1 X109.765 Y110.9 E83.74255
G1 X109.764 Y110.4 E83.74882
G1 X110.004 Y110.4 E83.75183
G1 X110.214 Y110.392 E83.75447
G1 X110.325 Y110.38 E83.75587
G1 X110.541 Y110.347 E83.75861
G0 F7200 X110.734 Y110.296
G0 X110.578 Y110.578
;TYPE:SKIN
G1 F1800 X110.339 Y110.622 E83.75972
G1 X110.08 Y110.646 E83.7609
G0 F7200 X110.025 Y110.498
G1 F1500 E77.2609
G0 F7200 X110.024 Y110.5
G0 X110.02 Y113.419
G0 X109.024 Y114.303
G0 X108.741 Y115.436
G0 X109.578 Y116.434
G1 F1500 E83.7609
G0 F7200 X109.61 Y116.34
;TYPE:WALL-OUTER
G1 F1800 X109.897 Y116.397 E83.76457
G1 X110.093 Y116.4 E83.76703
G1 X110.31 Y116.383 E83.76976
G1 X110.541 Y116.347 E83.77269
G1 X110.855 Y116.263 E83.77677
G1 X110.856 Y116.746 E83.78283
G1 X110.834 Y116.755 E83.78313
G1 X110.462 Y116.854 E83.78795
G1 X110.252 Y116.885 E83.79061
G1 X110.143 Y116.895 E83.79199
G1 X110 Y116.9 E83.79378
G1 X109.734 Y116.879 E83.79713
G1 X109.332 Y116.766 E83.80236
G1 X108.972 Y116.564 E83.80754
G1 X108.663 Y116.279 E83.81281
G1 X108.591 Y116.187 E83.81428
G1 X108.38 Y115.811 E83.81968
G1 X108.301 Y115.567 E83.8229
G1 X108.251 Y115.14 E83.82829
G1 X108.255 Y115.019 E83.82981
G1 X108.299 Y114.745 E83.83329
G1 X108.444 Y114.352 E83.83854
G1 X108.587 Y114.118 E83.84198
G1 X108.663 Y114.021 E83.84353
G1 X108.976 Y113.732 E83.84887
G1 X109.202 Y113.594 E83.85219
G1 X109.591 Y113.45 E83.85739
G1 X110.019 Y113.4 E83.8628
G1 X110.214 Y113.392 E83.86524
G1 X110.325 Y113.38 E83.86664
G1 X110.541 Y113.347 E83.86938
G1 X110.855 Y113.263 E83.87346
G1 X110.855 Y113.747 E83.87953
G1 X110.837 Y113.754 E83.87977
G1 X110.462 Y113.854 E83.88464
G1 X110.252 Y113.885 E83.8873
G1 X110.139 Y113.895 E83.88872
G1 X109.799 Y113.915 E83.89299
G1 X109.427 Y114.035 E83.8979
G1 X109.053 Y114.33 E83.90387
G1 X108.882 Y114.585 E83.90772
G1 X108.762 Y114.958 E83.91263
G1 X108.78 Y115.43 E83.91856
G1 X108.848 Y115.64 E83.92133
G1 X109.107 Y116.026 E83.92715
G1 X109.271 Y116.166 E83.92986
G1 X109.61 Y116.34 E83.93464
G0 F7200 X109.806 Y116.379
G0 X109.846 Y116.634
;TYPE:SKIN
G1 F1800 X110.138 Y116.643 E83.93592
G1 X110.626 Y116.566 E83.93808
G0 F7200 X110.658 Y116.598
G0 X109.554 Y116.625
G1 F1800 X109.358 Y116.429 E83.93982
G0 F7200 X108.609 Y115.68
G1 F1800 X108.521 Y115.309 E83.9413
G1 X108.627 Y114.567 E83.94421
G1 X108.978 Y114.069 E83.94658
G1 X109.504 Y113.747 E83.94898
G1 X110.485 Y113.596 E83.95284
G0 F7200 X110.519 Y113.756
G1 F1500 E77.45284
G0 F7200 X110.516 Y113.737
G0 X109.409 Y114
G0 X108.723 Y114.953
G0 X109.027 Y115.976
G0 X110 Y116.881
G0 X110 Y119.42
G1 F1500 E83.95284
G0 F7200 X109.942 Y119.899
;TYPE:WALL-OUTER
G1 F1800 X109.457 Y119.9 E83.95892
G1 X109.457 Y119.4 E83.96519
G1 X110.087 Y119.4 E83.97309
G1 X110.323 Y119.381 E83.97606
G1 X110.541 Y119.347 E83.97883
G1 X110.855 Y119.263 E83.9829
G1 X110.856 Y119.746 E83.98896
G1 X110.834 Y119.755 E83.98926
G1 X110.462 Y119.854 E83.99409
G1 X110.252 Y119.885 E83.99675
G1 X110.135 Y119.895 E83.99822
G1 X110.07 Y119.898 E83.99904
G1 X110 Y119.897 E83.99991
G1 X109.942 Y119.899 E84.00064
G0 F7200 X109.742 Y119.899
G0 X109.748 Y119.648
;TYPE:SKIN
G1 F1800 X110.03 Y119.647 E84.00179
G1 X110.534 Y119.585 E84.00385
G0 F7200 X110.567 Y119.749
G1 F1500 E77.50385
G0 F7200 X110.563 Y119.724
G0 X109.471 Y119.886
G0 X107.03 Y119.886
G1 F1500 E84.00385
G0 F7200 X107.05 Y120.7
;TYPE:WALL-OUTER
G1 F1800 X106.25 Y120.7 E84.01389
G1 X106.25 Y108.3 E84.16939
G1 X107.05 Y108.3 E84.17942
G1 X107.05 Y120.7 E84.33492
G0 F7200 X106.85 Y120.7
G0 X106.65 Y120.226
;TYPE:SKIN
G1 F1800 X106.65 Y119.943 E84.33866
G1 X106.65 Y108.912 E84.48445
G1 X106.826 Y108.523 E84.49009
G0 F7200 X106.797 Y108.494
G0 X106.445 Y120.304
G1 F1800 X106.644 Y120.503 E84.49186
G0 F7200 X106.65 Y120.3
G1 F1500 E77.99186
G0 F7200 X107.915 Y119.444
G0 X108.604 Y120.754
G0 X110.358 Y120.743
G0 X116.28 Y119.444
G0 X118.561 Y119.444
G1 F1500 E84.49186
G0 F7200 X118.541 Y119.347
;TYPE:WALL-OUTER
G1 F1800 X118.855 Y119.263 E84.49594
G1 X118.856 Y119.746 E84.50199
G1 X118.834 Y119.755 E84.50229
G1 X118.464 Y119.854 E84.50709
G1 X118.269 Y119.884 E84.50957
G1 X118.189 Y119.892 E84.51058
G1 X117.908 Y119.898 E84.5141
G1 X117.812 Y119.892 E84.51531
G1 X117.731 Y119.884 E84.51633
G1 X117.536 Y119.854 E84.5188
G1 X117.163 Y119.754 E84.52364
G1 X117.145 Y119.747 E84.52389
G1 X117.145 Y119.263 E84.52996
G1 X117.459 Y119.347 E84.53403
G1 X117.675 Y119.38 E84.53677
G1 X117.784 Y119.391 E84.53815
G1 X117.896 Y119.398 E84.53955
G1 X118.212 Y119.392 E84.54352
G1 X118.325 Y119.38 E84.54494
G1 X118.541 Y119.347 E84.54768
G0 F7200 X118.734 Y119.296
G0 X118.468 Y119.599
;TYPE:SKIN
G1 F1800 X118.222 Y119.636 E84.54873
G1 X117.641 Y119.621 E84.55118
G0 F7200 X117.631 Y119.466
G1 F1500 E78.05118
G0 F7200 X117.629 Y119.474
G0 X118.267 Y116.865
G1 F1500 E84.55118
G0 F7200 X118.541 Y116.347
;TYPE:WALL-OUTER
G1 F1800 X118.855 Y116.263 E84.55525
G1 X118.856 Y116.746 E84.56131
G1 X118.834 Y116.755 E84.56161
G1 X118.464 Y116.854 E84.56641
G1 X118.269 Y116.884 E84.56889
G1 X118.189 Y116.892 E84.56989
G1 X117.908 Y116.898 E84.57342
G1 X117.812 Y116.892 E84.57463
G1 X117.731 Y116.884 E84.57565
G1 X117.536 Y116.854 E84.57812
G1 X117.163 Y116.754 E84.58296
G1 X117.145 Y116.747 E84.58321
G1 X117.145 Y116.263 E84.58927
G1 X117.459 Y116.347 E84.59335
G1 X117.675 Y116.38 E84.59609
G1 X117.784 Y116.391 E84.59746
G1 X117.896 Y116.398 E84.59887
G1 X118.212 Y116.392 E84.60284
G1 X118.325 Y116.38 E84.60426
G1 X118.541 Y116.347 E84.607
G0 F7200 X118.734 Y116.296
G0 X118.56 Y116.58
;TYPE:SKIN
G1 F1800 X118.323 Y116.626 E84.60792
G1 X117.431 Y116.582 E84.61133
G0 F7200 X117.407 Y116.406
G1 F1500 E78.11133
G0 F7200 X117.4 Y116.434
G0 X117.832 Y113.874
G1 F1500 E84.61133
G0 F7200 X118.541 Y113.347
;TYPE:WALL-OUTER
G1 F1800 X118.855 Y113.263 E84.61541
G1 X118.855 Y113.747 E84.62148
G1 X118.837 Y113.754 E84.62172
G1 X118.464 Y113.854 E84.62656
G1 X118.269 Y113.884 E84.62903
G1 X118.189 Y113.892 E84.63004
G1 X117.908 Y113.898 E84.63357
G1 X117.812 Y113.892 E84.63477
G1 X117.731 Y113.884 E84.63579
G1 X117.536 Y113.854 E84.63827
G1 X117.163 Y113.754 E84.64311
G1 X117.145 Y113.747 E84.64335
G1 X117.145 Y113.263 E84.64942
G1 X117.459 Y113.347 E84.6535
G1 X117.675 Y113.38 E84.65624
G1 X117.784 Y113.391 E84.65761
G1 X117.896 Y113.398 E84.65902
G1 X118.212 Y113.392 E84.66298
G1 X118.325 Y113.38 E84.66441
G1 X118.541 Y113.347 E84.66715
G0 F7200 X118.734 Y113.296
G0 X118.638 Y113.547
;TYPE:SKIN
G1 F1800 X118.419 Y113.61 E84.668
G1 X117.571 Y113.611 E84.67117
G0 F7200 X117.563 Y113.448
G1 F1500 E78.17117
G0 F7200 X117.56 Y113.463
G0 X118.267 Y110.865
G1 F1500 E84.67117
G0 F7200 X118.541 Y110.347
;TYPE:WALL-OUTER
G1 F1800 X118.855 Y110.263 E84.67524
G1 X118.856 Y110.746 E84.6813
G1 X118.834 Y110.755 E84.6816
G1 X118.464 Y110.854 E84.6864
G1 X118.269 Y110.884 E84.68888
G1 X118.189 Y110.892 E84.68988
G1 X117.908 Y110.898 E84.69341
G1 X117.812 Y110.892 E84.69462
G1 X117.731 Y110.884 E84.69564
G1 X117.536 Y110.854 E84.69811
G1 X117.163 Y110.754 E84.70295
G1 X117.145 Y110.747 E84.7032
G1 X117.145 Y110.263 E84.70926
G1 X117.459 Y110.347 E84.71334
G1 X117.675 Y110.38 E84.71608
G1 X117.784 Y110.391 E84.71745
G1 X117.896 Y110.398 E84.71886
G1 X118.212 Y110.392 E84.72283
G1 X118.325 Y110.38 E84.72425
G1 X118.541 Y110.347 E84.72699
G0 F7200 X118.734 Y110.296
G0 X118.511 Y110.591
;TYPE:SKIN
G1 F1800 X118.27 Y110.633 E84.72784
G1 X117.372 Y110.583 E84.73095
G0 F7200 X117.513 Y110.76
G1 F1500 E78.23095
G0 F7200 X117.517 Y110.746
G0 X118.855 Y110.459
G0 X124.28 Y110.459
G0 X126.561 Y110.444
G1 F1500 E84.73095
G0 F7200 X126.541 Y110.347
;TYPE:WALL-OUTER
G1 F1800 X126.855 Y110.263 E84.73503
G1 X126.856 Y110.746 E84.74109
G1 X126.834 Y110.755 E84.74138
G1 X126.464 Y110.854 E84.74619
G1 X126.269 Y110.884 E84.74866
G1 X126.188 Y110.892 E84.74968
G1 X126.092 Y110.898 E84.75089
G1 X125.812 Y110.892 E84.7544
G1 X125.731 Y110.884 E84.75542
G1 X125.536 Y110.854 E84.75789
G1 X125.163 Y110.754 E84.76274
G1 X125.145 Y110.747 E84.76298
G1 X125.145 Y110.263 E84.76905
G1 X125.459 Y110.347 E84.77313
G1 X125.675 Y110.38 E84.77587
G1 X125.788 Y110.392 E84.77729
G1 X126.104 Y110.398 E84.78125
G1 X126.216 Y110.391 E84.78266
G1 X126.325 Y110.38 E84.78404
G1 X126.541 Y110.347 E84.78678
G0 F7200 X126.734 Y110.296
G0 X126.444 Y110.605
;TYPE:SKIN
G1 F1800 X126.196 Y110.639 E84.78783
G1 X125.607 Y110.617 E84.79033
G0 F7200 X125.599 Y110.458
G1 F1500 E78.29033
G0 F7200 X125.597 Y110.469
G0 X126.843 Y113.278
G1 F1500 E84.79033
G0 F7200 X126.541 Y113.347
;TYPE:WALL-OUTER
G1 F1800 X126.855 Y113.263 E84.79441
G1 X126.855 Y113.747 E84.80047
G1 X126.837 Y113.754 E84.80072
G1 X126.464 Y113.854 E84.80556
G1 X126.269 Y113.884 E84.80803
G1 X126.188 Y113.892 E84.80905
G1 X126.092 Y113.898 E84.81026
G1 X125.812 Y113.892 E84.81377
G1 X125.731 Y113.884 E84.81479
G1 X125.536 Y113.854 E84.81727
G1 X125.163 Y113.754 E84.82211
G1 X125.145 Y113.747 E84.82235
G1 X125.145 Y113.263 E84.82842
G1 X125.459 Y113.347 E84.8325
G1 X125.675 Y113.38 E84.83524
G1 X125.788 Y113.392 E84.83666
G1 X126.104 Y113.398 E84.84063
G1 X126.216 Y113.391 E84.84203
G1 X126.325 Y113.38 E84.84341
G1 X126.541 Y113.347 E84.84615
G0 F7200 X126.734 Y113.296
G0 X126.586 Y113.575
;TYPE:SKIN
G1 F1800 X126.35 Y113.622 E84.84706
G1 X125.473 Y113.593 E84.85039
G0 F7200 X125.463 Y113.421
G1 F1500 E78.35039
G0 F7200 X125.458 Y113.448
G0 X126.843 Y116.278
G1 F1500 E84.85039
G0 F7200 X126.541 Y116.347
;TYPE:WALL-OUTER
G1 F1800 X126.855 Y116.263 E84.85447
G1 X126.856 Y116.746 E84.86053
G1 X126.834 Y116.755 E84.86083
G1 X126.464 Y116.854 E84.86563
G1 X126.269 Y116.884 E84.8681
G1 X126.188 Y116.892 E84.86912
G1 X126.092 Y116.898 E84.87033
G1 X125.812 Y116.892 E84.87384
G1 X125.731 Y116.884 E84.87486
G1 X125.536 Y116.854 E84.87734
G1 X125.163 Y116.754 E84.88218
G1 X125.145 Y116.747 E84.88242
G1 X125.145 Y116.263 E84.88849
G1 X125.459 Y116.347 E84.89257
G1 X125.675 Y116.38 E84.89531
G1 X125.788 Y116.392 E84.89673
G1 X126.104 Y116.398 E84.9007
G1 X126.216 Y116.391 E84.9021
G1 X126.325 Y116.38 E84.90348
G1 X126.541 Y116.347 E84.90622
G0 F7200 X126.734 Y116.296
G0 X126.494 Y116.594
;TYPE:SKIN
G1 F1800 X126.251 Y116.634 E84.90704
G1 X125.357 Y116.589 E84.91005
G0 F7200 X125.516 Y116.76
G1 F1500 E78.41005
G0 F7200 X125.519 Y116.747
G0 X126.843 Y119.278
G1 F1500 E84.91005
G0 F7200 X126.541 Y119.347
;TYPE:WALL-OUTER
G1 F1800 X126.855 Y119.263 E84.91413
G1 X126.856 Y119.746 E84.92018
G1 X126.834 Y119.755 E84.92048
G1 X126.464 Y119.854 E84.92528
G1 X126.269 Y119.884 E84.92776
G1 X126.188 Y119.892 E84.92878
G1 X126.092 Y119.898 E84.92998
G1 X125.812 Y119.892 E84.9335
G1 X125.731 Y119.884 E84.93452
G1 X125.536 Y119.854 E84.93699
G1 X125.163 Y119.754 E84.94183
G1 X125.145 Y119.747 E84.94208
G1 X125.145 Y119.263 E84.94815
G1 X125.459 Y119.347 E84.95222
G1 X125.675 Y119.38 E84.95496
G1 X125.788 Y119.392 E84.95639
G1 X126.104 Y119.398 E84.96035
G1 X126.216 Y119.391 E84.96176
G1 X126.325 Y119.38 E84.96313
G1 X126.541 Y119.347 E84.96587
G0 F7200 X126.734 Y119.296
G0 X126.631 Y119.56
;TYPE:SKIN
G1 F1800 X126.401 Y119.613 E84.96677
G1 X125.548 Y119.608 E84.97002
G0 F7200 X125.54 Y119.442
G1 F1500 E78.47002
G0 F7200 X125.537 Y119.46
G0 X126.843 Y119.278
G0 X132.28 Y116.735
G0 X134.62 Y116.947
G1 F1500 E84.97002
G0 F7200 X134.573 Y117.035
;TYPE:WALL-OUTER
G1 F1800 X134.201 Y116.915 E84.97492
G1 X133.861 Y116.895 E84.9792
G1 X133.731 Y116.884 E84.98083
G1 X133.536 Y116.854 E84.98331
G1 X133.163 Y116.754 E84.98815
G1 X133.145 Y116.747 E84.98839
G1 X133.145 Y116.263 E84.99446
G1 X133.459 Y116.347 E84.99854
G1 X133.676 Y116.381 E85.00129
G1 X133.878 Y116.398 E85.00383
G1 X133.971 Y116.398 E85.005
G1 X134.266 Y116.421 E85.00871
G1 X134.675 Y116.536 E85.01404
G1 X134.919 Y116.661 E85.01748
G1 X135.019 Y116.727 E85.01898
G1 X135.337 Y117.021 E85.02441
G1 X135.409 Y117.113 E85.02587
G1 X135.616 Y117.482 E85.03118
G1 X135.727 Y117.878 E85.03634
G1 X135.743 Y118.293 E85.04155
G1 X135.729 Y118.416 E85.0431
G1 X135.616 Y118.818 E85.04833
G1 X135.409 Y119.187 E85.05364
G1 X135.337 Y119.279 E85.05511
G1 X135.019 Y119.573 E85.06054
G1 X134.925 Y119.636 E85.06196
G1 X134.532 Y119.817 E85.06738
G1 X134.417 Y119.849 E85.06888
G1 X133.987 Y119.899 E85.07431
G1 X133.857 Y119.895 E85.07594
G1 X133.731 Y119.884 E85.07752
G1 X133.536 Y119.854 E85.08
G1 X133.163 Y119.754 E85.08484
G1 X133.145 Y119.747 E85.08508
G1 X133.145 Y119.263 E85.09115
G1 X133.459 Y119.347 E85.09523
G1 X133.675 Y119.38 E85.09797
G1 X133.786 Y119.392 E85.09937
G1 X133.995 Y119.4 E85.10199
G1 X134.109 Y119.396 E85.10342
G1 X134.467 Y119.31 E85.10804
G1 X134.582 Y119.258 E85.10962
G1 X134.944 Y118.972 E85.11541
G1 X135.068 Y118.801 E85.11806
G1 X135.191 Y118.536 E85.12172
G1 X135.249 Y118.24 E85.1255
G1 X135.193 Y117.767 E85.13148
G1 X135.018 Y117.425 E85.13629
G1 X134.941 Y117.326 E85.13787
G1 X134.573 Y117.035 E85.14375
G0 F7200 X134.383 Y116.974
G0 X134.205 Y116.669
;TYPE:SKIN
G1 F1800 X133.9 Y116.647 E85.14536
G1 X133.584 Y116.614 E85.14703
G0 F7200 X134.512 Y116.693
G1 F1800 X134.731 Y116.912 E85.14898
G0 F7200 X135.341 Y117.522
G1 F1800 X135.467 Y117.931 E85.15068
G1 X135.39 Y118.702 E85.15377
G1 X135.046 Y119.207 E85.1562
G1 X134.533 Y119.543 E85.15864
G1 X133.781 Y119.639 E85.16167
G1 X133.445 Y119.586 E85.16302
G0 F7200 X133.422 Y119.41
G1 F1500 E78.66302
G0 F7200 X133.415 Y119.438
G0 X135.393 Y119.176
G0 X136.97 Y119.176
G0 X137.65 Y120.63
G1 F1500 E85.16302
G0 F7200 X137.75 Y120.7
;TYPE:WALL-OUTER
G1 F1800 X136.95 Y120.7 E85.17305
G1 X136.95 Y108.3 E85.32855
G1 X137.75 Y108.3 E85.33859
G1 X137.75 Y120.7 E85.49409
G0 F7200 X137.55 Y120.7
G0 X137.309 Y120.338
;TYPE:SKIN
G1 F1800 X137.349 Y120.095 E85.49735
G1 X137.349 Y108.781 E85.64742
G1 X137.449 Y108.599 E85.65017
G0 F7200 X137.344 Y108.494
G0 X137.144 Y120.456
G1 F1800 X137.192 Y120.504 E85.6506
G0 F7200 X137.35 Y120.3
G1 F1500 E79.1506
G0 F7200 X136.97 Y110.947
G0 X135.598 Y111.489
G0 X134.62 Y110.947
G1 F1500 E85.6506
G0 F7200 X134.573 Y111.035
;TYPE:WALL-OUTER
G1 F1800 X134.201 Y110.915 E85.6555
G1 X133.861 Y110.895 E85.65977
G1 X133.731 Y110.884 E85.6614
G1 X133.536 Y110.854 E85.66388
G1 X133.163 Y110.754 E85.66872
G1 X133.145 Y110.747 E85.66896
G1 X133.145 Y110.263 E85.67503
G1 X133.459 Y110.347 E85.67911
G1 X133.676 Y110.381 E85.68186
G1 X133.878 Y110.398 E85.68441
G1 X133.971 Y110.398 E85.68557
G1 X134.269 Y110.421 E85.68932
G1 X134.537 Y110.485 E85.69278
G1 X134.917 Y110.661 E85.69803
G1 X135.133 Y110.818 E85.70138
G1 X135.414 Y111.122 E85.70657
G1 X135.616 Y111.482 E85.71174
G1 X135.727 Y111.878 E85.7169
G1 X135.743 Y112.293 E85.72211
G1 X135.729 Y112.416 E85.72366
G1 X135.616 Y112.818 E85.7289
G1 X135.409 Y113.187 E85.7342
G1 X135.337 Y113.279 E85.73567
G1 X135.019 Y113.573 E85.7411
G1 X134.925 Y113.636 E85.74252
G1 X134.537 Y113.815 E85.74788
G1 X134.269 Y113.879 E85.75133
G1 X133.981 Y113.9 E85.75495
G1 X133.858 Y113.895 E85.7565
G1 X133.731 Y113.884 E85.7581
G1 X133.536 Y113.854 E85.76057
G1 X133.163 Y113.754 E85.76541
G1 X133.145 Y113.747 E85.76566
G1 X133.145 Y113.263 E85.77173
G1 X133.459 Y113.347 E85.7758
G1 X133.675 Y113.38 E85.77854
G1 X133.786 Y113.392 E85.77994
G1 X133.995 Y113.4 E85.78256
G1 X134.105 Y113.396 E85.78395
G1 X134.382 Y113.341 E85.78749
G1 X134.579 Y113.26 E85.79016
G1 X134.944 Y112.972 E85.79599
G1 X135.068 Y112.801 E85.79864
G1 X135.194 Y112.529 E85.8024
G1 X135.249 Y112.06 E85.80832
G1 X135.191 Y111.764 E85.8121
G1 X135.068 Y111.499 E85.81576
G1 X134.944 Y111.328 E85.81841
G1 X134.573 Y111.035 E85.82434
G0 F7200 X134.383 Y110.974
G0 X134.505 Y110.746
;TYPE:SKIN
G1 F1800 X134.136 Y110.66 E85.8262
G1 X133.513 Y110.602 E85.82926
G0 F7200 X133.455 Y110.544
G0 X134.477 Y110.954
G0 X135.303 Y111.544
G0 X135.391 Y111.633
G1 F1800 X135.481 Y112.005 E85.83071
G1 X135.369 Y112.741 E85.83351
G1 X135.013 Y113.234 E85.83581
G1 X134.492 Y113.562 E85.83813
G1 X133.714 Y113.632 E85.84107
G1 X133.379 Y113.58 E85.84235
G0 F7200 X133.511 Y113.76
G1 F1500 E79.34235
;MESH:NONMESH
G0 F600 X133.511 Y113.76 Z8.4
G0 F7200 X133.515 Y113.746
G0 X132.28 Y113.278
G0 X127.702 Y112.046
G0 X117.616 Y111.741
G0 X111.72 Y110.734
G0 X110.561 Y110.444
G1 F1500 E85.84235
G0 F7200 X110.541 Y110.347
;TIME_ELAPSED:816.972152
;LAYER:41
;TYPE:WALL-OUTER
;MESH:output_v2\A_fina_conjunto.stl
G1 F1800 X110.645 Y110.319 E85.8437
G1 X110.645 Y110.805 E85.8498
G1 X110.464 Y110.854 E85.85215
G1 X110.269 Y110.884 E85.85462
G1 X110.143 Y110.895 E85.85621
G1 X109.993 Y110.9 E85.85809
G1 X109.504 Y110.9 E85.86422
G1 X109.503 Y110.4 E85.87049
G1 X110.004 Y110.4 E85.87677
G1 X110.214 Y110.392 E85.87941
G1 X110.325 Y110.38 E85.88081
G1 X110.541 Y110.347 E85.88355
G0 F7200 X110.645 Y110.319
G0 X110.645 Y110.412
G0 X110.265 Y110.633
;TYPE:SKIN
G1 F1800 X109.967 Y110.648 E85.88493
G1 X109.719 Y110.615 E85.88609
G0 F7200 X109.904 Y110.8
G1 F1500 E79.38609
G0 F7200 X109.874 Y113.417
G0 X109.578 Y116.434
G1 F1500 E85.88609
G0 F7200 X109.61 Y116.34
;TYPE:WALL-OUTER
G1 F1800 X109.896 Y116.397 E85.88975
G1 X110.068 Y116.4 E85.89191
G1 X110.282 Y116.385 E85.8946
G1 X110.432 Y116.365 E85.8965
G1 X110.542 Y116.347 E85.89789
G1 X110.645 Y116.319 E85.89923
G1 X110.645 Y116.805 E85.90533
G1 X110.464 Y116.854 E85.90768
G1 X110.269 Y116.884 E85.91015
G1 X110.143 Y116.895 E85.91174
G1 X110.001 Y116.9 E85.91352
G1 X109.734 Y116.879 E85.91688
G1 X109.332 Y116.766 E85.92212
G1 X108.972 Y116.564 E85.92729
G1 X108.663 Y116.279 E85.93257
G1 X108.591 Y116.187 E85.93403
G1 X108.38 Y115.811 E85.93944
G1 X108.301 Y115.567 E85.94265
G1 X108.251 Y115.14 E85.94804
G1 X108.255 Y115.019 E85.94956
G1 X108.299 Y114.745 E85.95304
G1 X108.444 Y114.352 E85.9583
G1 X108.587 Y114.118 E85.96173
G1 X108.663 Y114.021 E85.96328
G1 X108.976 Y113.732 E85.96862
G1 X109.202 Y113.594 E85.97194
G1 X109.591 Y113.45 E85.97715
G1 X110.019 Y113.4 E85.98255
G1 X110.214 Y113.392 E85.985
G1 X110.325 Y113.38 E85.9864
G1 X110.541 Y113.347 E85.98914
G1 X110.645 Y113.319 E85.99049
G1 X110.646 Y113.805 E85.99658
G1 X110.463 Y113.854 E85.99896
G1 X110.269 Y113.884 E86.00142
G1 X110.139 Y113.895 E86.00306
G1 X109.799 Y113.915 E86.00733
G1 X109.427 Y114.035 E86.01223
G1 X109.053 Y114.33 E86.0182
G1 X108.882 Y114.585 E86.02205
G1 X108.762 Y114.958 E86.02697
G1 X108.78 Y115.43 E86.03289
G1 X108.848 Y115.64 E86.03566
G1 X109.107 Y116.026 E86.04149
G1 X109.271 Y116.166 E86.04419
G1 X109.61 Y116.34 E86.04897
G0 F7200 X109.806 Y116.379
G0 X109.716 Y116.558
;TYPE:SKIN
G1 F1800 X109.627 Y116.646 E86.04975
G0 F7200 X109.45 Y116.54
G1 F1800 X109.265 Y116.442 E86.05048
G1 X108.811 Y116.047 E86.05256
G1 X108.538 Y115.472 E86.05475
G1 X108.523 Y114.921 E86.05666
G1 X108.672 Y114.489 E86.05824
G1 X109.323 Y113.838 E86.06142
G1 X110.08 Y113.647 E86.06412
G1 X110.392 Y113.618 E86.0652
G0 F7200 X110.45 Y113.56
G0 X109.409 Y114
G0 X108.723 Y114.953
G0 X109.078 Y116.052
G0 X110.258 Y116.581
G0 X110.199 Y116.64
G1 F1800 X109.914 Y116.642 E86.06714
G0 F7200 X109.854 Y116.794
G1 F1500 E79.56714
G0 F7200 X109.854 Y116.788
G0 X110.633 Y119.334
G1 F1500 E86.06714
G0 F7200 X110.541 Y119.347
;TYPE:WALL-OUTER
G1 F1800 X110.645 Y119.319 E86.06849
G1 X110.646 Y119.805 E86.07458
G1 X110.463 Y119.854 E86.07696
G1 X110.269 Y119.884 E86.07942
G1 X110.126 Y119.896 E86.08122
G1 X110.002 Y119.899 E86.08277
G1 X109.542 Y119.899 E86.08854
G1 X109.542 Y119.4 E86.0948
G1 X110.063 Y119.4 E86.10133
G1 X110.323 Y119.381 E86.1046
G1 X110.541 Y119.347 E86.10737
G0 F7200 X110.645 Y119.319
G0 X110.645 Y119.412
G0 X110.323 Y119.627
;TYPE:SKIN
G1 F1800 X110.019 Y119.648 E86.10879
G1 X109.764 Y119.621 E86.10999
G0 F7200 X109.942 Y119.8
G1 F1500 E79.60999
G0 F7200 X109.942 Y119.799
G0 X107.03 Y119.885
G1 F1500 E86.10999
G0 F7200 X107.05 Y120.7
;TYPE:WALL-OUTER
G1 F1800 X106.25 Y120.7 E86.12002
G1 X106.25 Y108.3 E86.27552
G1 X107.05 Y108.3 E86.28556
G1 X107.05 Y120.7 E86.44106
G0 F7200 X106.85 Y120.7
G0 X106.736 Y120.386
;TYPE:SKIN
G1 F1800 X106.649 Y120.189 E86.44389
G1 X106.649 Y108.876 E86.59277
G1 X106.597 Y108.646 E86.59588
G0 F7200 X106.65 Y108.7
G1 F1500 E80.09588
G0 F7200 X107.03 Y119.443
G0 X108.689 Y118.547
G0 X111.493 Y118.215
G0 X116.49 Y119.443
G0 X118.545 Y119.443
G1 F1500 E86.59588
G0 F7200 X118.541 Y119.347
;TYPE:WALL-OUTER
G1 F1800 X118.645 Y119.319 E86.59723
G1 X118.646 Y119.805 E86.60332
G1 X118.463 Y119.854 E86.6057
G1 X118.269 Y119.884 E86.60816
G1 X118.189 Y119.892 E86.60917
G1 X117.908 Y119.898 E86.61269
G1 X117.812 Y119.892 E86.6139
G1 X117.731 Y119.884 E86.61492
G1 X117.536 Y119.854 E86.61739
G1 X117.355 Y119.805 E86.61974
G1 X117.355 Y119.319 E86.62584
G1 X117.459 Y119.347 E86.62719
G1 X117.675 Y119.38 E86.62993
G1 X117.784 Y119.391 E86.6313
G1 X117.896 Y119.398 E86.63271
G1 X118.212 Y119.392 E86.63667
G1 X118.325 Y119.38 E86.6381
G1 X118.541 Y119.347 E86.64084
G0 F7200 X118.645 Y119.319
G0 X118.645 Y119.412
G0 X118.232 Y119.637
;TYPE:SKIN
G1 F1800 X117.941 Y119.645 E86.64238
G1 X117.678 Y119.625 E86.64378
G0 F7200 X117.625 Y119.776
G1 F1500 E80.14378
G0 F7200 X117.627 Y119.768
G0 X118.545 Y119.366
G0 X118.267 Y116.865
G1 F1500 E86.64378
G0 F7200 X118.541 Y116.347
;TYPE:WALL-OUTER
G1 F1800 X118.645 Y116.319 E86.64513
G1 X118.645 Y116.805 E86.65123
G1 X118.464 Y116.854 E86.65358
G1 X118.269 Y116.884 E86.65606
G1 X118.189 Y116.892 E86.65706
G1 X117.908 Y116.898 E86.66059
G1 X117.812 Y116.892 E86.66179
G1 X117.731 Y116.884 E86.66282
G1 X117.536 Y116.854 E86.66529
G1 X117.355 Y116.805 E86.66764
G1 X117.355 Y116.319 E86.67374
G1 X117.459 Y116.347 E86.67509
G1 X117.675 Y116.38 E86.67783
G1 X117.784 Y116.391 E86.6792
G1 X117.896 Y116.398 E86.68061
G1 X118.212 Y116.392 E86.68457
G1 X118.325 Y116.38 E86.686
G1 X118.541 Y116.347 E86.68874
G0 F7200 X118.645 Y116.319
G0 X118.645 Y116.412
G0 X118.409 Y116.631
;TYPE:SKIN
G1 F1800 X118.115 Y116.643 E86.68992
G1 X117.587 Y116.606 E86.69206
G0 F7200 X117.779 Y116.488
G1 F1500 E80.19206
G0 F7200 X117.776 Y116.49
G0 X118.267 Y113.865
G1 F1500 E86.69206
G0 F7200 X118.541 Y113.347
;TYPE:WALL-OUTER
G1 F1800 X118.645 Y113.319 E86.69341
G1 X118.646 Y113.805 E86.69951
G1 X118.463 Y113.854 E86.70188
G1 X118.269 Y113.884 E86.70435
G1 X118.189 Y113.892 E86.70535
G1 X117.908 Y113.898 E86.70888
G1 X117.812 Y113.892 E86.71008
G1 X117.731 Y113.884 E86.71111
G1 X117.536 Y113.854 E86.71358
G1 X117.355 Y113.805 E86.71593
G1 X117.355 Y113.319 E86.72203
G1 X117.459 Y113.347 E86.72338
G1 X117.675 Y113.38 E86.72612
G1 X117.784 Y113.391 E86.72749
G1 X117.896 Y113.398 E86.7289
G1 X118.212 Y113.392 E86.73286
G1 X118.325 Y113.38 E86.73429
G1 X118.541 Y113.347 E86.73703
G0 F7200 X118.645 Y113.319
G0 X118.645 Y113.412
G0 X118.299 Y113.631
;TYPE:SKIN
G1 F1800 X118.001 Y113.645 E86.7386
G1 X117.731 Y113.633 E86.74002
G0 F7200 X117.684 Y113.784
G1 F1500 E80.24002
G0 F7200 X117.686 Y113.777
G0 X118.267 Y110.865
G1 F1500 E86.74002
G0 F7200 X118.541 Y110.347
;TYPE:WALL-OUTER
G1 F1800 X118.645 Y110.319 E86.74138
G1 X118.645 Y110.805 E86.74747
G1 X118.464 Y110.854 E86.74982
G1 X118.269 Y110.884 E86.7523
G1 X118.189 Y110.892 E86.7533
G1 X117.908 Y110.898 E86.75683
G1 X117.812 Y110.892 E86.75803
G1 X117.731 Y110.884 E86.75906
G1 X117.536 Y110.854 E86.76153
G1 X117.355 Y110.805 E86.76388
G1 X117.355 Y110.319 E86.76998
G1 X117.459 Y110.347 E86.77133
G1 X117.675 Y110.38 E86.77407
G1 X117.784 Y110.391 E86.77544
G1 X117.896 Y110.398 E86.77685
G1 X118.212 Y110.392 E86.78081
G1 X118.325 Y110.38 E86.78224
G1 X118.541 Y110.347 E86.78498
G0 F7200 X118.645 Y110.319
G0 X118.645 Y110.412
G0 X118.177 Y110.641
;TYPE:SKIN
G1 F1800 X117.891 Y110.645 E86.78646
G1 X117.632 Y110.62 E86.7878
G0 F7200 X117.571 Y110.769
G1 F1500 E80.2878
G0 F7200 X117.574 Y110.76
G0 X118.625 Y110.444
G0 X124.49 Y110.444
G0 X126.545 Y110.444
G1 F1500 E86.7878
G0 F7200 X126.541 Y110.347
;TYPE:WALL-OUTER
G1 F1800 X126.645 Y110.319 E86.78915
G1 X126.645 Y110.805 E86.79525
G1 X126.464 Y110.854 E86.7976
G1 X126.269 Y110.884 E86.80007
G1 X126.188 Y110.892 E86.80109
G1 X126.092 Y110.898 E86.8023
G1 X125.812 Y110.892 E86.80581
G1 X125.731 Y110.884 E86.80683
G1 X125.536 Y110.854 E86.80931
G1 X125.355 Y110.805 E86.81166
G1 X125.355 Y110.319 E86.81775
G1 X125.459 Y110.347 E86.8191
G1 X125.675 Y110.38 E86.82184
G1 X125.788 Y110.392 E86.82327
G1 X126.104 Y110.398 E86.82723
G1 X126.216 Y110.391 E86.82864
G1 X126.325 Y110.38 E86.83001
G1 X126.541 Y110.347 E86.83275
G0 F7200 X126.645 Y110.319
G0 X126.645 Y110.412
G0 X126.397 Y110.624
;TYPE:SKIN
G1 F1800 X126.092 Y110.646 E86.83404
G1 X125.578 Y110.595 E86.8362
G0 F7200 X125.737 Y110.791
G1 F1500 E80.3362
G0 F7200 X125.738 Y110.785
G0 X126.633 Y113.334
G1 F1500 E86.8362
G0 F7200 X126.541 Y113.347
;TYPE:WALL-OUTER
G1 F1800 X126.645 Y113.319 E86.83755
G1 X126.646 Y113.805 E86.84365
G1 X126.463 Y113.854 E86.84602
G1 X126.269 Y113.884 E86.84848
G1 X126.188 Y113.892 E86.8495
G1 X126.092 Y113.898 E86.85071
G1 X125.812 Y113.892 E86.85422
G1 X125.731 Y113.884 E86.85524
G1 X125.536 Y113.854 E86.85772
G1 X125.355 Y113.805 E86.86007
G1 X125.355 Y113.319 E86.86616
G1 X125.459 Y113.347 E86.86751
G1 X125.675 Y113.38 E86.87025
G1 X125.788 Y113.392 E86.87168
G1 X126.104 Y113.398 E86.87564
G1 X126.216 Y113.391 E86.87705
G1 X126.325 Y113.38 E86.87842
G1 X126.541 Y113.347 E86.88116
G0 F7200 X126.645 Y113.319
G0 X126.645 Y113.412
G0 X126.21 Y113.639
;TYPE:SKIN
G1 F1800 X125.923 Y113.643 E86.88268
G1 X125.66 Y113.624 E86.88408
G0 F7200 X125.599 Y113.773
G1 F1500 E80.38408
G0 F7200 X125.601 Y113.764
G0 X126.633 Y116.334
G1 F1500 E86.88408
G0 F7200 X126.541 Y116.347
;TYPE:WALL-OUTER
G1 F1800 X126.645 Y116.319 E86.88543
G1 X126.645 Y116.805 E86.89152
G1 X126.464 Y116.854 E86.89387
G1 X126.269 Y116.884 E86.89635
G1 X126.188 Y116.892 E86.89737
G1 X126.092 Y116.898 E86.89858
G1 X125.812 Y116.892 E86.90209
G1 X125.731 Y116.884 E86.90311
G1 X125.536 Y116.854 E86.90558
G1 X125.355 Y116.805 E86.90793
G1 X125.355 Y116.319 E86.91403
G1 X125.459 Y116.347 E86.91538
G1 X125.675 Y116.38 E86.91812
G1 X125.788 Y116.392 E86.91954
G1 X126.104 Y116.398 E86.92351
G1 X126.216 Y116.391 E86.92491
G1 X126.325 Y116.38 E86.92629
G1 X126.541 Y116.347 E86.92903
G0 F7200 X126.645 Y116.319
G0 X126.645 Y116.412
G0 X126.335 Y116.625
;TYPE:SKIN
G1 F1800 X126.032 Y116.646 E86.93061
G1 X125.76 Y116.635 E86.93203
G0 F7200 X125.709 Y116.788
G1 F1500 E80.43203
G0 F7200 X125.711 Y116.781
G0 X126.633 Y119.334
G1 F1500 E86.93203
G0 F7200 X126.541 Y119.347
;TYPE:WALL-OUTER
G1 F1800 X126.645 Y119.319 E86.93338
G1 X126.646 Y119.805 E86.93947
G1 X126.463 Y119.854 E86.94185
G1 X126.269 Y119.884 E86.94431
G1 X126.188 Y119.892 E86.94533
G1 X126.092 Y119.898 E86.94654
G1 X125.812 Y119.892 E86.95005
G1 X125.731 Y119.884 E86.95107
G1 X125.536 Y119.854 E86.95355
G1 X125.355 Y119.805 E86.9559
G1 X125.355 Y119.319 E86.96199
G1 X125.459 Y119.347 E86.96334
G1 X125.675 Y119.38 E86.96608
G1 X125.788 Y119.392 E86.96751
G1 X126.104 Y119.398 E86.97147
G1 X126.216 Y119.391 E86.97288
G1 X126.325 Y119.38 E86.97425
G1 X126.541 Y119.347 E86.97699
G0 F7200 X126.645 Y119.319
G0 X126.645 Y119.412
G0 X126.427 Y119.644
;TYPE:SKIN
G1 F1800 X126.145 Y119.644 E86.97807
G1 X125.608 Y119.616 E86.98014
G0 F7200 X125.571 Y119.769
G1 F1500 E80.48014
G0 F7200 X125.574 Y119.76
G0 X126.633 Y119.334
G0 X132.49 Y116.793
G0 X134.62 Y116.947
G1 F1500 E86.98014
G0 F7200 X134.573 Y117.035
;TYPE:WALL-OUTER
G1 F1800 X134.201 Y116.915 E86.98504
G1 X133.769 Y116.888 E86.99047
G1 X133.731 Y116.884 E86.99095
G1 X133.536 Y116.854 E86.99342
G1 X133.355 Y116.805 E86.99577
G1 X133.355 Y116.319 E87.00187
G1 X133.459 Y116.347 E87.00322
G1 X133.676 Y116.381 E87.00597
G1 X133.853 Y116.396 E87.0082
G1 X133.91 Y116.396 E87.00892
G1 X134.265 Y116.421 E87.01338
G1 X134.675 Y116.536 E87.01872
G1 X134.919 Y116.661 E87.02216
G1 X135.019 Y116.727 E87.02366
G1 X135.337 Y117.021 E87.02909
G1 X135.409 Y117.113 E87.03056
G1 X135.616 Y117.482 E87.03586
G1 X135.727 Y117.878 E87.04102
G1 X135.743 Y118.293 E87.04623
G1 X135.729 Y118.416 E87.04778
G1 X135.616 Y118.818 E87.05302
G1 X135.409 Y119.187 E87.05832
G1 X135.337 Y119.279 E87.05979
G1 X135.019 Y119.573 E87.06522
G1 X134.925 Y119.636 E87.06664
G1 X134.532 Y119.817 E87.07206
G1 X134.417 Y119.849 E87.07356
G1 X133.988 Y119.899 E87.07898
G1 X133.857 Y119.895 E87.08062
G1 X133.731 Y119.884 E87.08221
G1 X133.536 Y119.854 E87.08468
G1 X133.355 Y119.805 E87.08703
G1 X133.355 Y119.319 E87.09313
G1 X133.459 Y119.347 E87.09448
G1 X133.675 Y119.38 E87.09722
G1 X133.786 Y119.392 E87.09862
G1 X133.995 Y119.4 E87.10124
G1 X134.109 Y119.396 E87.10267
G1 X134.467 Y119.31 E87.10729
G1 X134.582 Y119.258 E87.10887
G1 X134.944 Y118.972 E87.11466
G1 X135.068 Y118.801 E87.1173
G1 X135.191 Y118.536 E87.12097
G1 X135.249 Y118.24 E87.12475
G1 X135.193 Y117.767 E87.13072
G1 X135.018 Y117.425 E87.13554
G1 X134.941 Y117.326 E87.13711
G1 X134.573 Y117.035 E87.143
G0 F7200 X134.383 Y116.974
G0 X134.436 Y116.727
;TYPE:SKIN
G1 F1800 X134.645 Y116.8 E87.14381
G1 X135.246 Y117.331 E87.14675
G1 X135.473 Y117.953 E87.14917
G1 X135.434 Y118.557 E87.15139
G1 X135.048 Y119.226 E87.15422
G1 X134.408 Y119.583 E87.1569
G1 X133.787 Y119.638 E87.15919
G1 X133.565 Y119.578 E87.16003
G0 F7200 X133.549 Y119.595
G0 X134.602 Y119.292
G0 X135.288 Y118.241
G0 X134.663 Y117.057
G0 X133.949 Y116.648
G1 F1800 X134.211 Y116.669 E87.16095
G1 X133.687 Y116.627 E87.16278
G0 F7200 X133.646 Y116.781
G1 F1500 E80.66278
G0 F7200 X133.648 Y116.771
G0 X135.051 Y117.404
G0 X135.393 Y119.176
G0 X136.97 Y119.176
G0 X137.65 Y120.63
G1 F1500 E87.16278
G0 F7200 X137.75 Y120.7
;TYPE:WALL-OUTER
G1 F1800 X136.95 Y120.7 E87.17281
G1 X136.95 Y108.3 E87.32831
G1 X137.75 Y108.3 E87.33835
G1 X137.75 Y120.7 E87.49385
G0 F7200 X137.55 Y120.7
G0 X137.5 Y120.451
;TYPE:SKIN
G1 F1800 X137.359 Y120.31 E87.49642
G1 X137.349 Y114.945 E87.56565
G1 X137.349 Y108.723 E87.64594
G1 X137.219 Y108.569 E87.64854
G0 F7200 X137.35 Y108.7
G1 F1500 E81.14854
G0 F7200 X136.97 Y110.947
G0 X135.598 Y111.489
G0 X134.62 Y110.947
G1 F1500 E87.64854
G0 F7200 X134.573 Y111.035
;TYPE:WALL-OUTER
G1 F1800 X134.201 Y110.915 E87.65344
G1 X133.769 Y110.888 E87.65887
G1 X133.731 Y110.884 E87.65935
G1 X133.536 Y110.854 E87.66182
G1 X133.355 Y110.805 E87.66417
G1 X133.355 Y110.319 E87.67027
G1 X133.459 Y110.347 E87.67162
G1 X133.676 Y110.381 E87.67437
G1 X133.853 Y110.396 E87.6766
G1 X133.91 Y110.396 E87.67732
G1 X134.269 Y110.421 E87.68183
G1 X134.537 Y110.485 E87.68528
G1 X134.917 Y110.661 E87.69054
G1 X135.133 Y110.818 E87.69388
G1 X135.414 Y111.122 E87.69908
G1 X135.616 Y111.482 E87.70425
G1 X135.727 Y111.878 E87.70941
G1 X135.743 Y112.293 E87.71462
G1 X135.729 Y112.416 E87.71617
G1 X135.616 Y112.818 E87.72141
G1 X135.409 Y113.187 E87.72671
G1 X135.337 Y113.279 E87.72818
G1 X135.019 Y113.573 E87.73361
G1 X134.925 Y113.636 E87.73503
G1 X134.537 Y113.815 E87.74039
G1 X134.269 Y113.879 E87.74384
G1 X133.998 Y113.9 E87.74725
G1 X133.857 Y113.895 E87.74902
G1 X133.731 Y113.884 E87.75061
G1 X133.536 Y113.854 E87.75308
G1 X133.355 Y113.805 E87.75543
G1 X133.355 Y113.319 E87.76153
G1 X133.459 Y113.347 E87.76288
G1 X133.675 Y113.38 E87.76562
G1 X133.786 Y113.392 E87.76702
G1 X133.995 Y113.4 E87.76964
G1 X134.105 Y113.396 E87.77102
G1 X134.382 Y113.341 E87.77456
G1 X134.579 Y113.26 E87.77723
G1 X134.944 Y112.972 E87.78306
G1 X135.068 Y112.801 E87.78571
G1 X135.194 Y112.529 E87.78947
G1 X135.249 Y112.06 E87.79539
G1 X135.191 Y111.764 E87.79918
G1 X135.068 Y111.499 E87.80284
G1 X134.944 Y111.328 E87.80549
G1 X134.573 Y111.035 E87.81142
G0 F7200 X134.383 Y110.974
G0 X134.483 Y110.74
;TYPE:SKIN
G1 F1800 X134.686 Y110.82 E87.81208
G1 X135.272 Y111.366 E87.81451
G1 X135.488 Y111.998 E87.81654
G1 X135.395 Y112.657 E87.81856
G1 X135.179 Y113.156 E87.82021
G1 X134.496 Y113.556 E87.82261
G1 X133.844 Y113.642 E87.82461
G1 X133.591 Y113.612 E87.82538
G0 F7200 X133.549 Y113.655
G0 X134.599 Y113.294
G0 X135.288 Y112.059
G0 X134.665 Y111.058
G0 X133.694 Y110.682
G0 X133.741 Y110.634
G1 F1800 X134.006 Y110.652 E87.82672
G1 X134.265 Y110.675 E87.82802
G0 F7200 X134.355 Y110.544
G1 F1500 E81.32802
;MESH:NONMESH
G0 F600 X134.355 Y110.544 Z8.6
G0 F7200 X133.375 Y110.8
G0 X126.112 Y111.762
G0 X117.616 Y111.741
G0 X111.51 Y110.8
G0 X109.922 Y110.8
G1 F1500 E87.82802
G0 F7200 X109.922 Y110.9
;TIME_ELAPSED:833.244959
;LAYER:42
;TYPE:WALL-OUTER
;MESH:output_v2\A_fina_conjunto.stl
G1 F1800 X109.342 Y110.9 E87.8353
G1 X109.341 Y110.4 E87.84157
G1 X110.004 Y110.4 E87.84988
G1 X110.214 Y110.392 E87.85252
G1 X110.325 Y110.38 E87.85392
G1 X110.435 Y110.363 E87.85531
G1 X110.435 Y110.858 E87.86152
G1 X110.269 Y110.884 E87.86363
G1 X110.144 Y110.895 E87.8652
G1 X109.922 Y110.9 E87.86799
G0 F7200 X109.722 Y110.9
G0 X109.8 Y110.648
;TYPE:SKIN
G1 F1800 X109.554 Y110.685 E87.86873
G1 X110.08 Y110.646 E87.8703
G0 F7200 X110.127 Y110.796
G1 F1500 E81.3703
G0 F7200 X110.128 Y110.795
G0 X109.874 Y113.417
G0 X109.578 Y116.434
G1 F1500 E87.8703
G0 F7200 X109.61 Y116.34
;TYPE:WALL-OUTER
G1 F1800 X109.896 Y116.397 E87.87396
G1 X110.042 Y116.4 E87.87579
G1 X110.255 Y116.388 E87.87847
G1 X110.435 Y116.364 E87.88074
G1 X110.435 Y116.858 E87.88694
G1 X110.269 Y116.884 E87.88904
G1 X110.143 Y116.895 E87.89063
G1 X110.002 Y116.9 E87.8924
G1 X109.734 Y116.879 E87.89577
G1 X109.332 Y116.766 E87.90101
G1 X108.972 Y116.564 E87.90618
G1 X108.663 Y116.279 E87.91146
G1 X108.591 Y116.187 E87.91292
G1 X108.38 Y115.811 E87.91833
G1 X108.301 Y115.567 E87.92154
G1 X108.251 Y115.14 E87.92694
G1 X108.255 Y115.019 E87.92845
G1 X108.299 Y114.745 E87.93193
G1 X108.444 Y114.352 E87.93719
G1 X108.587 Y114.118 E87.94063
G1 X108.663 Y114.021 E87.94217
G1 X108.976 Y113.732 E87.94751
G1 X109.202 Y113.594 E87.95083
G1 X109.591 Y113.45 E87.95604
G1 X110.019 Y113.4 E87.96144
G1 X110.214 Y113.392 E87.96389
G1 X110.325 Y113.38 E87.96529
G1 X110.435 Y113.363 E87.96668
G1 X110.436 Y113.858 E87.97289
G1 X110.269 Y113.884 E87.97501
G1 X110.143 Y113.895 E87.9766
G1 X110.051 Y113.898 E87.97775
G1 X109.798 Y113.915 E87.98093
G1 X109.427 Y114.035 E87.98582
G1 X109.053 Y114.33 E87.99179
G1 X108.882 Y114.585 E87.99564
G1 X108.762 Y114.958 E88.00056
G1 X108.78 Y115.43 E88.00648
G1 X108.848 Y115.64 E88.00925
G1 X109.107 Y116.026 E88.01508
G1 X109.271 Y116.166 E88.01778
G1 X109.61 Y116.34 E88.02256
G0 F7200 X109.806 Y116.379
G0 X109.846 Y116.634
;TYPE:SKIN
G1 F1800 X110.137 Y116.642 E88.02373
G1 X109.456 Y116.527 E88.02649
G0 F7200 X108.609 Y115.68
G1 F1800 X108.521 Y115.309 E88.02796
G1 X108.627 Y114.567 E88.03085
G1 X108.978 Y114.069 E88.0332
G1 X109.504 Y113.747 E88.03559
G1 X110.216 Y113.61 E88.03838
G0 F7200 X110.053 Y113.8
G1 F1500 E81.53838
G0 F7200 X110.054 Y113.797
G0 X109.024 Y114.303
G0 X108.741 Y115.436
G0 X110.142 Y116.876
G0 X110.423 Y119.378
G1 F1500 E88.03838
G0 F7200 X110.322 Y119.381
;TYPE:WALL-OUTER
G1 F1800 X110.435 Y119.363 E88.03982
G1 X110.436 Y119.858 E88.04603
G1 X110.269 Y119.884 E88.04815
G1 X110.114 Y119.897 E88.0501
G1 X109.67 Y119.9 E88.05566
G1 X109.67 Y119.4 E88.06193
G1 X110.04 Y119.4 E88.06657
G1 X110.322 Y119.381 E88.07012
G0 F7200 X110.435 Y119.363
G0 X110.435 Y119.449
G0 X110.084 Y119.701
;TYPE:SKIN
G1 F1800 X109.977 Y119.594 E88.07107
G0 F7200 X109.976 Y119.497
G1 F1500 E81.57107
G0 F7200 X109.976 Y119.5
G0 X107.03 Y119.886
G1 F1500 E88.07107
G0 F7200 X107.05 Y120.7
;TYPE:WALL-OUTER
G1 F1800 X106.25 Y120.7 E88.0811
G1 X106.25 Y108.3 E88.2366
G1 X107.05 Y108.3 E88.24663
G1 X107.05 Y120.7 E88.40213
G0 F7200 X106.85 Y120.7
G0 X106.65 Y120.226
;TYPE:SKIN
G1 F1800 X106.65 Y119.943 E88.40587
G1 X106.65 Y108.912 E88.55166
G1 X106.826 Y108.523 E88.55731
G0 F7200 X106.797 Y108.494
G0 X106.445 Y120.304
G1 F1800 X106.644 Y120.503 E88.55907
G0 F7200 X106.65 Y120.3
G1 F1500 E82.05907
G0 F7200 X107.915 Y119.791
G0 X108.817 Y120.754
G0 X110.221 Y120.744
G0 X116.7 Y119.791
G0 X118.183 Y119.791
G1 F1500 E88.55907
G0 F7200 X118.189 Y119.892
;TYPE:WALL-OUTER
G1 F1800 X117.909 Y119.898 E88.56258
G1 X117.776 Y119.889 E88.56426
G1 X117.731 Y119.884 E88.56482
G1 X117.565 Y119.858 E88.56693
G1 X117.565 Y119.364 E88.57313
G1 X117.676 Y119.381 E88.57453
G1 X117.896 Y119.398 E88.5773
G1 X118.212 Y119.392 E88.58126
G1 X118.325 Y119.38 E88.58269
G1 X118.435 Y119.363 E88.58409
G1 X118.436 Y119.858 E88.59029
G1 X118.269 Y119.884 E88.59241
G1 X118.189 Y119.892 E88.59342
G0 F7200 X117.989 Y119.896
G0 X117.949 Y119.646
;TYPE:SKIN
G1 F1800 X118.206 Y119.621 E88.59496
G0 F7200 X118.033 Y119.495
G1 F1500 E82.09496
G0 F7200 X118.032 Y119.496
G0 X118.188 Y116.873
G1 F1500 E88.59496
G0 F7200 X118.189 Y116.892
;TYPE:WALL-OUTER
G1 F1800 X117.909 Y116.898 E88.59848
G1 X117.776 Y116.889 E88.60015
G1 X117.731 Y116.884 E88.60072
G1 X117.565 Y116.858 E88.60282
G1 X117.565 Y116.364 E88.60902
G1 X117.676 Y116.381 E88.61043
G1 X117.896 Y116.398 E88.61319
G1 X118.212 Y116.392 E88.61716
G1 X118.325 Y116.38 E88.61858
G1 X118.435 Y116.363 E88.61998
G1 X118.435 Y116.858 E88.62619
G1 X118.269 Y116.884 E88.62829
G1 X118.189 Y116.892 E88.6293
G0 F7200 X117.989 Y116.896
G0 X118.059 Y116.645
;TYPE:SKIN
G1 F1800 X117.793 Y116.662 E88.63084
G0 F7200 X117.967 Y116.797
G1 F1500 E82.13084
G0 F7200 X117.968 Y116.796
G0 X118.188 Y113.873
G1 F1500 E88.63084
G0 F7200 X118.189 Y113.892
;TYPE:WALL-OUTER
G1 F1800 X117.909 Y113.898 E88.63435
G1 X117.776 Y113.889 E88.63602
G1 X117.731 Y113.884 E88.63659
G1 X117.565 Y113.858 E88.6387
G1 X117.565 Y113.364 E88.64489
G1 X117.676 Y113.381 E88.6463
G1 X117.896 Y113.398 E88.64907
G1 X118.212 Y113.392 E88.65303
G1 X118.325 Y113.38 E88.65446
G1 X118.435 Y113.363 E88.65585
G1 X118.436 Y113.858 E88.66206
G1 X118.269 Y113.884 E88.66418
G1 X118.189 Y113.892 E88.66519
G0 F7200 X117.989 Y113.896
G0 X117.887 Y113.645
;TYPE:SKIN
G1 F1800 X118.166 Y113.64 E88.66711
G0 F7200 X118.203 Y113.793
G1 F1500 E82.16711
G0 F7200 X118.203 Y113.789
G0 X118.188 Y110.873
G1 F1500 E88.66711
G0 F7200 X118.189 Y110.892
;TYPE:WALL-OUTER
G1 F1800 X117.909 Y110.898 E88.67063
G1 X117.776 Y110.889 E88.6723
G1 X117.731 Y110.884 E88.67287
G1 X117.565 Y110.858 E88.67497
G1 X117.565 Y110.364 E88.68117
G1 X117.676 Y110.381 E88.68258
G1 X117.896 Y110.398 E88.68534
G1 X118.212 Y110.392 E88.68931
G1 X118.325 Y110.38 E88.69073
G1 X118.435 Y110.363 E88.69213
G1 X118.435 Y110.858 E88.69833
G1 X118.269 Y110.884 E88.70044
G1 X118.189 Y110.892 E88.70145
G0 F7200 X117.989 Y110.896
G0 X118.053 Y110.699
;TYPE:SKIN
G1 F1800 X117.946 Y110.592 E88.7024
G0 F7200 X117.944 Y110.497
G1 F1500 E82.2024
G0 F7200 X117.943 Y110.498
G0 X119.3 Y110.785
G0 X124.7 Y110.785
G0 X126.259 Y110.785
G1 F1500 E88.7024
G0 F7200 X126.269 Y110.884
;TYPE:WALL-OUTER
G1 F1800 X126.091 Y110.898 E88.70464
G1 X125.812 Y110.892 E88.70814
G1 X125.731 Y110.884 E88.70916
G1 X125.565 Y110.858 E88.71126
G1 X125.565 Y110.363 E88.71747
G1 X125.675 Y110.38 E88.71887
G1 X125.788 Y110.392 E88.72029
G1 X126.105 Y110.398 E88.72427
G1 X126.256 Y110.388 E88.72617
G1 X126.435 Y110.364 E88.72843
G1 X126.435 Y110.858 E88.73463
G1 X126.269 Y110.884 E88.73673
G0 F7200 X126.091 Y110.898
G0 X126.069 Y110.898
G0 X125.917 Y110.644
;TYPE:SKIN
G1 F1800 X126.193 Y110.636 E88.73853
G0 F7200 X126.039 Y110.497
G1 F1500 E82.23853
G0 F7200 X126.424 Y113.366
G1 F1500 E88.73853
G0 F7200 X126.269 Y113.884
;TYPE:WALL-OUTER
G1 F1800 X126.091 Y113.898 E88.74077
G1 X125.812 Y113.892 E88.74427
G1 X125.731 Y113.884 E88.74529
G1 X125.565 Y113.858 E88.74739
G1 X125.565 Y113.363 E88.7536
G1 X125.675 Y113.38 E88.755
G1 X125.788 Y113.392 E88.75642
G1 X126.105 Y113.398 E88.7604
G1 X126.256 Y113.388 E88.7623
G1 X126.435 Y113.364 E88.76456
G1 X126.436 Y113.858 E88.77076
G1 X126.269 Y113.884 E88.77288
G0 F7200 X126.091 Y113.898
G0 X126.069 Y113.898
G0 X126.089 Y113.644
;TYPE:SKIN
G1 F1800 X125.808 Y113.646 E88.77471
G0 F7200 X125.961 Y113.795
G1 F1500 E82.27471
G0 F7200 X126.424 Y116.366
G1 F1500 E88.77471
G0 F7200 X126.269 Y116.884
;TYPE:WALL-OUTER
G1 F1800 X126.091 Y116.898 E88.77695
G1 X125.812 Y116.892 E88.78045
G1 X125.731 Y116.884 E88.78147
G1 X125.565 Y116.858 E88.78358
G1 X125.565 Y116.363 E88.78979
G1 X125.675 Y116.38 E88.79118
G1 X125.788 Y116.392 E88.79261
G1 X126.105 Y116.398 E88.79658
G1 X126.256 Y116.388 E88.79848
G1 X126.435 Y116.364 E88.80075
G1 X126.435 Y116.858 E88.80694
G1 X126.269 Y116.884 E88.80905
G0 F7200 X126.091 Y116.898
G0 X126.069 Y116.898
G0 X125.979 Y116.645
;TYPE:SKIN
G1 F1800 X126.221 Y116.605 E88.81034
G0 F7200 X126.032 Y116.796
G1 F1500 E82.31034
G0 F7200 X126.424 Y119.366
G1 F1500 E88.81034
G0 F7200 X126.269 Y119.884
;TYPE:WALL-OUTER
G1 F1800 X126.091 Y119.898 E88.81258
G1 X125.812 Y119.892 E88.81608
G1 X125.731 Y119.884 E88.8171
G1 X125.565 Y119.858 E88.81921
G1 X125.565 Y119.363 E88.82542
G1 X125.675 Y119.38 E88.82681
G1 X125.788 Y119.392 E88.82824
G1 X126.105 Y119.398 E88.83221
G1 X126.256 Y119.388 E88.83411
G1 X126.435 Y119.364 E88.83637
G1 X126.436 Y119.858 E88.84257
G1 X126.269 Y119.884 E88.84469
G0 F7200 X126.091 Y119.898
G0 X126.069 Y119.898
G0 X126.148 Y119.642
;TYPE:SKIN
G1 F1800 X125.865 Y119.643 E88.84654
G0 F7200 X125.837 Y119.491
G1 F1500 E82.34654
G0 F7200 X125.837 Y119.492
G0 X127.3 Y119.377
G0 X132.7 Y116.845
G0 X134.62 Y116.947
G1 F1500 E88.84654
G0 F7200 X134.573 Y117.035
;TYPE:WALL-OUTER
G1 F1800 X134.201 Y116.915 E88.85144
G1 X133.806 Y116.891 E88.8564
G1 X133.731 Y116.884 E88.85735
G1 X133.565 Y116.858 E88.85945
G1 X133.565 Y116.364 E88.86565
G1 X133.676 Y116.381 E88.86706
G1 X133.825 Y116.394 E88.86893
G1 X133.993 Y116.4 E88.87104
G1 X134.266 Y116.421 E88.87448
G1 X134.675 Y116.536 E88.8798
G1 X134.919 Y116.661 E88.88324
G1 X135.019 Y116.727 E88.88474
G1 X135.337 Y117.021 E88.89017
G1 X135.409 Y117.113 E88.89164
G1 X135.616 Y117.482 E88.89695
G1 X135.727 Y117.878 E88.9021
G1 X135.743 Y118.293 E88.90731
G1 X135.729 Y118.416 E88.90886
G1 X135.616 Y118.818 E88.9141
G1 X135.409 Y119.187 E88.91941
G1 X135.337 Y119.279 E88.92087
G1 X135.019 Y119.573 E88.9263
G1 X134.925 Y119.636 E88.92772
G1 X134.532 Y119.817 E88.93315
G1 X134.418 Y119.849 E88.93463
G1 X133.988 Y119.899 E88.94006
G1 X133.857 Y119.895 E88.9417
G1 X133.731 Y119.884 E88.94329
G1 X133.565 Y119.858 E88.9454
G1 X133.565 Y119.363 E88.9516
G1 X133.675 Y119.38 E88.953
G1 X133.787 Y119.392 E88.95441
G1 X134.03 Y119.4 E88.95746
G1 X134.111 Y119.396 E88.95848
G1 X134.467 Y119.31 E88.96307
G1 X134.582 Y119.258 E88.96465
G1 X134.944 Y118.972 E88.97044
G1 X135.068 Y118.801 E88.97309
G1 X135.191 Y118.536 E88.97675
G1 X135.249 Y118.24 E88.98054
G1 X135.193 Y117.767 E88.98651
G1 X135.018 Y117.425 E88.99133
G1 X134.941 Y117.326 E88.9929
G1 X134.573 Y117.035 E88.99878
G0 F7200 X134.383 Y116.974
G0 X134.205 Y116.669
;TYPE:SKIN
G1 F1800 X133.9 Y116.647 E89.00003
G1 X134.621 Y116.802 E89.00305
G0 F7200 X135.341 Y117.522
G1 F1800 X135.467 Y117.931 E89.00476
G1 X135.39 Y118.702 E89.00788
G1 X135.046 Y119.207 E89.01033
G1 X134.533 Y119.543 E89.01279
G1 X133.799 Y119.657 E89.01577
G0 F7200 X133.959 Y119.798
G1 F1500 E82.51577
G0 F7200 X135.323 Y119.266
G0 X136.97 Y119.266
G0 X137.65 Y120.63
G1 F1500 E89.01577
G0 F7200 X137.75 Y120.7
;TYPE:WALL-OUTER
G1 F1800 X136.95 Y120.7 E89.02581
G1 X136.95 Y108.3 E89.18131
G1 X137.75 Y108.3 E89.19134
G1 X137.75 Y120.7 E89.34684
G0 F7200 X137.55 Y120.7
G0 X137.309 Y120.338
;TYPE:SKIN
G1 F1800 X137.349 Y120.095 E89.35011
G1 X137.349 Y108.781 E89.50017
G1 X137.449 Y108.599 E89.50292
G0 F7200 X137.344 Y108.494
G0 X137.144 Y120.456
G1 F1800 X137.192 Y120.504 E89.50335
G0 F7200 X137.35 Y120.3
G1 F1500 E83.00335
G0 F7200 X136.97 Y110.947
G0 X135.598 Y111.489
G0 X134.62 Y110.947
G1 F1500 E89.50335
G0 F7200 X134.573 Y111.035
;TYPE:WALL-OUTER
G1 F1800 X134.201 Y110.915 E89.50825
G1 X133.806 Y110.891 E89.51321
G1 X133.731 Y110.884 E89.51416
G1 X133.565 Y110.858 E89.51627
G1 X133.565 Y110.364 E89.52246
G1 X133.676 Y110.381 E89.52387
G1 X133.825 Y110.394 E89.52575
G1 X133.993 Y110.4 E89.52785
G1 X134.269 Y110.421 E89.53132
G1 X134.537 Y110.485 E89.53478
G1 X134.917 Y110.661 E89.54003
G1 X135.133 Y110.818 E89.54338
G1 X135.414 Y111.122 E89.54857
G1 X135.616 Y111.482 E89.55375
G1 X135.727 Y111.878 E89.55891
G1 X135.743 Y112.293 E89.56411
G1 X135.729 Y112.416 E89.56567
G1 X135.616 Y112.818 E89.5709
G1 X135.409 Y113.187 E89.57621
G1 X135.337 Y113.279 E89.57767
G1 X135.019 Y113.573 E89.5831
G1 X134.925 Y113.636 E89.58452
G1 X134.537 Y113.815 E89.58988
G1 X134.269 Y113.879 E89.59334
G1 X133.999 Y113.9 E89.59673
G1 X133.857 Y113.895 E89.59852
G1 X133.731 Y113.884 E89.6001
G1 X133.565 Y113.858 E89.60221
G1 X133.565 Y113.363 E89.60842
G1 X133.675 Y113.38 E89.60981
G1 X133.787 Y113.392 E89.61122
G1 X134.03 Y113.4 E89.61427
G1 X134.107 Y113.396 E89.61524
G1 X134.382 Y113.341 E89.61876
G1 X134.579 Y113.26 E89.62143
G1 X134.944 Y112.972 E89.62726
G1 X135.068 Y112.801 E89.62991
G1 X135.194 Y112.529 E89.63367
G1 X135.249 Y112.06 E89.63959
G1 X135.191 Y111.764 E89.64337
G1 X135.068 Y111.499 E89.64703
G1 X134.944 Y111.328 E89.64968
G1 X134.573 Y111.035 E89.65561
G0 F7200 X134.383 Y110.974
G0 X134.505 Y110.746
;TYPE:SKIN
G1 F1800 X134.136 Y110.66 E89.65773
G1 X133.836 Y110.643 E89.65941
G0 F7200 X133.779 Y110.586
G0 X135.303 Y111.544
G0 X135.391 Y111.633
G1 F1800 X135.481 Y112.005 E89.66093
G1 X135.369 Y112.741 E89.66389
G1 X135.013 Y113.234 E89.66631
G1 X134.492 Y113.562 E89.66876
G1 X134.01 Y113.645 E89.67071
G0 F7200 X133.961 Y113.499
G1 F1500 E83.17071
;MESH:NONMESH
G0 F600 X133.961 Y113.499 Z8.8
G0 F7200 X132.7 Y113.378
G0 X127.283 Y112.278
G0 X117.365 Y111.703
G0 X111.3 Y110.845
G0 X109.969 Y110.798
G1 F1500 E89.67071
G0 F7200 X109.971 Y110.9
;TIME_ELAPSED:848.924384
;LAYER:43
;TYPE:WALL-OUTER
;MESH:output_v2\A_fina_conjunto.stl
G1 F1800 X109.261 Y110.9 E89.67961
G1 X109.26 Y110.4 E89.68588
G1 X110.005 Y110.4 E89.69523
G1 X110.216 Y110.391 E89.69787
G1 X110.216 Y110.888 E89.70411
G1 X110.126 Y110.895 E89.70524
G1 X109.971 Y110.9 E89.70718
G0 F7200 X109.771 Y110.9
G0 X109.965 Y110.65
;TYPE:SKIN
G1 F1800 X109.684 Y110.649 E89.70913
G0 F7200 X109.629 Y110.8
G1 F1500 E83.20913
G0 F7200 X109.873 Y113.418
G0 X109.578 Y116.434
G1 F1500 E89.70913
G0 F7200 X109.61 Y116.34
;TYPE:WALL-OUTER
G1 F1800 X109.905 Y116.396 E89.71289
G1 X110.004 Y116.4 E89.71414
G1 X110.216 Y116.391 E89.7168
G1 X110.216 Y116.888 E89.72303
G1 X110.124 Y116.895 E89.72419
G1 X110.002 Y116.9 E89.72572
G1 X109.734 Y116.879 E89.72909
G1 X109.332 Y116.766 E89.73433
G1 X108.972 Y116.564 E89.7395
G1 X108.663 Y116.279 E89.74477
G1 X108.591 Y116.187 E89.74624
G1 X108.38 Y115.811 E89.75165
G1 X108.301 Y115.567 E89.75486
G1 X108.251 Y115.14 E89.76025
G1 X108.255 Y115.019 E89.76177
G1 X108.299 Y114.745 E89.76525
G1 X108.444 Y114.352 E89.7705
G1 X108.587 Y114.118 E89.77394
G1 X108.663 Y114.021 E89.77549
G1 X108.976 Y113.732 E89.78083
G1 X109.202 Y113.594 E89.78415
G1 X109.591 Y113.45 E89.78935
G1 X110.02 Y113.4 E89.79477
G1 X110.216 Y113.391 E89.79723
G1 X110.216 Y113.889 E89.80348
G1 X110.144 Y113.895 E89.80438
G1 X110.015 Y113.899 E89.806
G1 X109.797 Y113.915 E89.80874
G1 X109.427 Y114.035 E89.81362
G1 X109.053 Y114.33 E89.81959
G1 X108.882 Y114.585 E89.82344
G1 X108.762 Y114.958 E89.82836
G1 X108.78 Y115.43 E89.83428
G1 X108.848 Y115.64 E89.83705
G1 X109.107 Y116.026 E89.84288
G1 X109.271 Y116.166 E89.84558
G1 X109.61 Y116.34 E89.85036
G0 F7200 X109.806 Y116.377
G0 X109.717 Y116.556
;TYPE:SKIN
G1 F1800 X109.627 Y116.646 E89.85116
G0 F7200 X109.45 Y116.54
G1 F1800 X109.265 Y116.442 E89.85189
G1 X108.811 Y116.047 E89.85398
G1 X108.538 Y115.472 E89.85619
G1 X108.523 Y114.921 E89.85811
G1 X108.672 Y114.489 E89.8597
G1 X109.323 Y113.838 E89.86291
G1 X109.767 Y113.677 E89.86455
G0 F7200 X109.827 Y113.617
G0 X109.024 Y114.303
G0 X108.741 Y115.436
G0 X109.964 Y116.592
G1 F1800 X109.863 Y116.693 E89.86544
G0 F7200 X109.822 Y116.787
G1 F1500 E83.36544
G0 F7200 X109.822 Y116.786
G0 X110.165 Y119.391
G1 F1500 E89.86544
G0 F7200 X110.103 Y119.897
;TYPE:WALL-OUTER
G1 F1800 X109.891 Y119.9 E89.8681
G1 X109.889 Y119.4 E89.87437
G1 X110.017 Y119.4 E89.87598
G1 X110.216 Y119.387 E89.87848
G1 X110.216 Y119.888 E89.88363
G1 X110.103 Y119.897 E89.88505
G0 F7200 X109.903 Y119.899
G1 F1500 E83.38505
G0 F7200 X109.991 Y119.8
G0 X107.915 Y119.886
G0 X106.95 Y120.63
G1 F1500 E89.88505
G0 F7200 X107.05 Y120.7
G1 F1800 X106.25 Y120.7 E89.89508
G1 X106.25 Y108.3 E90.05058
G1 X107.05 Y108.3 E90.06062
G1 X107.05 Y120.7 E90.21612
G0 F7200 X106.85 Y120.7
G0 X106.736 Y120.386
;TYPE:SKIN
G1 F1800 X106.649 Y120.189 E90.21895
G1 X106.649 Y108.876 E90.36783
G1 X106.597 Y108.646 E90.37094
G0 F7200 X106.65 Y108.7
G1 F1500 E83.87094
G0 F7200 X107.03 Y119.497
G0 X109.036 Y118.547
G0 X111.067 Y118.405
G0 X116.919 Y119.497
G1 F1500 E90.37094
G0 F7200 X117.895 Y119.398
;TYPE:WALL-OUTER
G1 F1800 X118.216 Y119.392 E90.37496
G1 X118.216 Y119.889 E90.38119
G1 X118.188 Y119.892 E90.38155
G1 X117.898 Y119.898 E90.38519
G1 X117.784 Y119.89 E90.38662
G1 X117.784 Y119.39 E90.39289
G1 X117.895 Y119.398 E90.39428
G0 F7200 X118.095 Y119.395
G0 X118.096 Y119.493
G1 F1500 E83.89428
G0 F7200 X118.095 Y119.495
G0 X117.898 Y116.879
G1 F1500 E90.39428
G0 F7200 X117.895 Y116.398
G1 F1800 X118.216 Y116.392 E90.39831
G1 X118.216 Y116.889 E90.40454
G1 X118.188 Y116.892 E90.4049
G1 X117.898 Y116.898 E90.40853
G1 X117.784 Y116.89 E90.40997
G1 X117.784 Y116.39 E90.41624
G1 X117.895 Y116.398 E90.41763
G0 F7200 X118.095 Y116.395
G0 X118.096 Y116.493
G1 F1500 E83.91763
G0 F7200 X118.095 Y116.495
G0 X117.898 Y113.879
G1 F1500 E90.41763
G0 F7200 X117.895 Y113.398
G1 F1800 X118.216 Y113.392 E90.42166
G1 X118.216 Y113.889 E90.42789
G1 X118.188 Y113.892 E90.42824
G1 X117.898 Y113.898 E90.43188
G1 X117.784 Y113.89 E90.43331
G1 X117.784 Y113.39 E90.43959
G1 X117.895 Y113.398 E90.44098
G0 F7200 X118.095 Y113.395
G0 X118.02 Y113.627
;TYPE:SKIN
G1 F1800 X117.978 Y113.669 E90.44135
G0 F7200 X117.816 Y113.669
G1 F1500 E83.94135
G0 F7200 X117.884 Y113.669
G0 X117.898 Y110.879
G1 F1500 E90.44135
G0 F7200 X117.895 Y110.398
;TYPE:WALL-OUTER
G1 F1800 X118.216 Y110.392 E90.44538
G1 X118.216 Y110.889 E90.45161
G1 X118.188 Y110.892 E90.45196
G1 X117.898 Y110.898 E90.4556
G1 X117.784 Y110.89 E90.45704
G1 X117.784 Y110.39 E90.46331
G1 X117.895 Y110.398 E90.4647
G0 F7200 X118.095 Y110.395
G0 X118.096 Y110.493
G1 F1500 E83.9647
G0 F7200 X118.095 Y110.495
G0 X124.919 Y110.497
G0 X126.116 Y110.497
G1 F1500 E90.4647
G0 F7200 X126.117 Y110.398
G1 F1800 X126.216 Y110.391 E90.46595
G1 X126.216 Y110.889 E90.47219
G1 X126.09 Y110.898 E90.47378
G1 X125.812 Y110.892 E90.47726
G1 X125.784 Y110.889 E90.47762
G1 X125.784 Y110.392 E90.48385
G1 X126.117 Y110.398 E90.48802
G0 F7200 X126.216 Y110.391
G0 X126.216 Y110.492
G0 X126.184 Y110.492
G1 F1500 E83.98802
G0 F7200 X126.119 Y110.497
G0 X126.203 Y113.405
G1 F1500 E90.48802
G0 F7200 X126.117 Y113.398
G1 F1800 X126.216 Y113.391 E90.48927
G1 X126.216 Y113.889 E90.49551
G1 X126.09 Y113.898 E90.4971
G1 X125.812 Y113.892 E90.50059
G1 X125.784 Y113.889 E90.50094
G1 X125.784 Y113.392 E90.50717
G1 X126.117 Y113.398 E90.51135
G0 F7200 X126.216 Y113.391
G0 X126.216 Y113.492
G0 X126.184 Y113.492
G1 F1500 E84.01135
G0 F7200 X126.119 Y113.497
G0 X126.203 Y116.405
G1 F1500 E90.51135
G0 F7200 X126.117 Y116.398
G1 F1800 X126.216 Y116.391 E90.51259
G1 X126.216 Y116.889 E90.51884
G1 X126.09 Y116.898 E90.52042
G1 X125.812 Y116.892 E90.52391
G1 X125.784 Y116.889 E90.52426
G1 X125.784 Y116.392 E90.53049
G1 X126.117 Y116.398 E90.53467
G0 F7200 X126.216 Y116.391
G0 X126.216 Y116.492
G0 X126.02 Y116.658
;TYPE:SKIN
G1 F1800 X125.978 Y116.7 E90.53504
G0 F7200 X125.816 Y116.7
G1 F1500 E84.03504
G0 F7200 X125.884 Y116.7
G0 X126.203 Y119.405
G1 F1500 E90.53504
G0 F7200 X126.117 Y119.398
;TYPE:WALL-OUTER
G1 F1800 X126.216 Y119.391 E90.53629
G1 X126.216 Y119.889 E90.54253
G1 X126.09 Y119.898 E90.54412
G1 X125.812 Y119.892 E90.5476
G1 X125.784 Y119.889 E90.54796
G1 X125.784 Y119.392 E90.55419
G1 X126.117 Y119.398 E90.55837
G0 F7200 X126.216 Y119.391
G0 X126.216 Y119.492
G0 X126.184 Y119.492
G1 F1500 E84.05837
G0 F7200 X126.119 Y119.497
G0 X132.919 Y116.876
G0 X134.62 Y116.947
G1 F1500 E90.55837
G0 F7200 X134.573 Y117.035
G1 F1800 X134.201 Y116.915 E90.56327
G1 X133.784 Y116.889 E90.56851
G1 X133.784 Y116.391 E90.57475
G1 X134.028 Y116.402 E90.57782
G1 X134.265 Y116.421 E90.5808
G1 X134.675 Y116.536 E90.58614
G1 X134.919 Y116.661 E90.58958
G1 X135.019 Y116.727 E90.59108
G1 X135.337 Y117.021 E90.59651
G1 X135.409 Y117.113 E90.59797
G1 X135.616 Y117.482 E90.60328
G1 X135.727 Y117.878 E90.60844
G1 X135.743 Y118.293 E90.61365
G1 X135.729 Y118.416 E90.6152
G1 X135.616 Y118.818 E90.62043
G1 X135.409 Y119.187 E90.62574
G1 X135.337 Y119.279 E90.62721
G1 X135.019 Y119.573 E90.63264
G1 X134.925 Y119.636 E90.63406
G1 X134.532 Y119.817 E90.63948
G1 X134.418 Y119.849 E90.64097
G1 X133.989 Y119.899 E90.64638
G1 X133.839 Y119.894 E90.64826
G1 X133.784 Y119.889 E90.64896
G1 X133.784 Y119.392 E90.65519
G1 X134.006 Y119.4 E90.65798
G1 X134.11 Y119.396 E90.65928
G1 X134.467 Y119.31 E90.66389
G1 X134.582 Y119.258 E90.66547
G1 X134.944 Y118.972 E90.67125
G1 X135.068 Y118.801 E90.6739
G1 X135.191 Y118.536 E90.67757
G1 X135.249 Y118.24 E90.68135
G1 X135.193 Y117.767 E90.68732
G1 X135.018 Y117.425 E90.69214
G1 X134.941 Y117.326 E90.69371
G1 X134.573 Y117.035 E90.6996
G0 F7200 X134.383 Y116.974
G0 X134.436 Y116.727
;TYPE:SKIN
G1 F1800 X134.645 Y116.8 E90.70044
G1 X135.246 Y117.331 E90.70351
G1 X135.473 Y117.953 E90.70605
G1 X135.434 Y118.557 E90.70836
G1 X135.048 Y119.226 E90.71132
G1 X134.408 Y119.583 E90.71412
G1 X134.064 Y119.644 E90.71546
G0 F7200 X134.01 Y119.699
G0 X134.972 Y118.999
G0 X135.231 Y117.756
G0 X134.163 Y116.717
G1 F1800 X134.259 Y116.621 E90.71631
G0 F7200 X134.222 Y116.515
G1 F1500 E84.21631
G0 F7200 X134.221 Y116.518
G0 X135.051 Y117.404
G0 X135.393 Y119.176
G0 X136.97 Y119.176
G0 X137.65 Y120.63
G1 F1500 E90.71631
G0 F7200 X137.75 Y120.7
;TYPE:WALL-OUTER
G1 F1800 X136.95 Y120.7 E90.72634
G1 X136.95 Y108.3 E90.88184
G1 X137.75 Y108.3 E90.89187
G1 X137.75 Y120.7 E91.04738
G0 F7200 X137.55 Y120.7
G0 X137.5 Y120.451
;TYPE:SKIN
G1 F1800 X137.359 Y120.31 E91.04995
G1 X137.349 Y114.945 E91.11918
G1 X137.349 Y108.723 E91.19947
G1 X137.219 Y108.569 E91.20207
G0 F7200 X137.35 Y108.7
G1 F1500 E84.70207
G0 F7200 X136.97 Y110.947
G0 X135.598 Y111.489
G0 X134.62 Y110.947
G1 F1500 E91.20207
G0 F7200 X134.573 Y111.035
;TYPE:WALL-OUTER
G1 F1800 X134.201 Y110.915 E91.20697
G1 X133.784 Y110.889 E91.21221
G1 X133.784 Y110.391 E91.21845
G1 X134.028 Y110.402 E91.22152
G1 X134.269 Y110.421 E91.22455
G1 X134.537 Y110.485 E91.228
G1 X134.917 Y110.661 E91.23326
G1 X135.133 Y110.818 E91.2366
G1 X135.414 Y111.122 E91.2418
G1 X135.616 Y111.482 E91.24697
G1 X135.727 Y111.878 E91.25213
G1 X135.743 Y112.293 E91.25734
G1 X135.729 Y112.416 E91.25889
G1 X135.616 Y112.818 E91.26413
G1 X135.409 Y113.187 E91.26943
G1 X135.337 Y113.279 E91.2709
G1 X135.019 Y113.573 E91.27633
G1 X134.925 Y113.636 E91.27775
G1 X134.537 Y113.815 E91.28311
G1 X134.269 Y113.879 E91.28656
G1 X133.999 Y113.9 E91.28996
G1 X133.839 Y113.894 E91.29197
G1 X133.784 Y113.889 E91.29266
G1 X133.784 Y113.392 E91.29889
G1 X134.006 Y113.4 E91.30168
G1 X134.106 Y113.396 E91.30293
G1 X134.382 Y113.341 E91.30646
G1 X134.579 Y113.26 E91.30913
G1 X134.944 Y112.972 E91.31496
G1 X135.068 Y112.801 E91.31761
G1 X135.194 Y112.529 E91.32137
G1 X135.249 Y112.06 E91.32729
G1 X135.191 Y111.764 E91.33107
G1 X135.068 Y111.499 E91.33474
G1 X134.944 Y111.328 E91.33739
G1 X134.573 Y111.035 E91.34332
G0 F7200 X134.383 Y110.974
G0 X134.483 Y110.74
;TYPE:SKIN
G1 F1800 X134.686 Y110.82 E91.34398
G1 X135.272 Y111.366 E91.34641
G1 X135.488 Y111.998 E91.34843
G1 X135.395 Y112.657 E91.35045
G1 X135.179 Y113.156 E91.3521
G1 X134.496 Y113.556 E91.3545
G1 X134.132 Y113.637 E91.35563
G0 F7200 X134.07 Y113.699
G0 X134.972 Y112.999
G0 X135.102 Y111.479
G0 X134.22 Y110.72
G0 X134.265 Y110.675
G1 F1800 X134.018 Y110.639 E91.35713
G0 F7200 X134.194 Y110.514
G1 F1500 E84.85713
;MESH:NONMESH
G0 F600 X134.194 Y110.514 Z9
G0 F7200 X134.194 Y110.515
G0 X132.919 Y110.675
G0 X126.115 Y111.762
G0 X117.618 Y111.741
G0 X111.081 Y110.675
G0 X109.629 Y110.675
;TIME_ELAPSED:863.683159
;LAYER:44
;TYPE:WALL-OUTER
;MESH:output_v2\A_fina_conjunto.stl
G1 F1500 E91.35713
G1 F1800 X109.628 Y110.9 E91.35996
G1 X109.206 Y110.9 E91.36525
G1 X109.205 Y110.4 E91.37152
G1 X109.627 Y110.4 E91.37681
G1 X109.627 Y110.625 E91.37963
G1 X110.025 Y110.625 E91.38417
G1 X110.025 Y110.675 E91.3848
G1 X109.629 Y110.675 E91.38541
G0 F7200 X109.629 Y110.875
G0 X109.606 Y110.874
G1 F1500 E84.88541
G0 F7200 X109.529 Y110.8
G0 X109.989 Y113.639
G1 F1500 E91.38541
G0 F7200 X110.025 Y113.675
G1 F1800 X109.975 Y113.675 E91.38603
G1 X109.975 Y113.625 E91.38666
G1 X110.025 Y113.625 E91.38674
G1 X110.025 Y113.675 E91.38682
G0 F7200 X109.975 Y113.675
G0 X109.975 Y113.625
G0 X110.025 Y113.625
G0 X110.025 Y113.675
G1 F1500 E84.88682
G0 F7200 X110.025 Y113.66
G0 X110.011 Y115.76
G1 F1500 E91.38682
G0 F7200 X110.025 Y116.675
G1 F1800 X109.975 Y116.675 E91.38745
G1 X109.975 Y116.625 E91.38807
G1 X110.025 Y116.625 E91.38815
G1 X110.025 Y116.675 E91.38823
G0 F7200 X109.975 Y116.675
G0 X109.975 Y116.625
G0 X110.025 Y116.625
G0 X110.025 Y116.675
G1 F1500 E84.88823
G0 F7200 X110.025 Y116.66
G0 X110.011 Y118.76
G1 F1500 E91.38823
G0 F7200 X110.025 Y119.675
G1 F1800 X109.975 Y119.675 E91.38886
G1 X109.975 Y119.625 E91.38948
G1 X110.025 Y119.625 E91.38956
G1 X110.025 Y119.675 E91.38964
G0 F7200 X109.975 Y119.675
G0 X109.975 Y119.625
G0 X110.025 Y119.625
G0 X110.025 Y119.675
G1 F1500 E84.88964
G0 F7200 X110.025 Y119.66
G0 X107.915 Y119.661
G0 X106.95 Y120.63
G1 F1500 E91.38964
G0 F7200 X107.05 Y120.7
G1 F1800 X106.25 Y120.7 E91.39967
G1 X106.25 Y108.3 E91.55517
G1 X107.05 Y108.3 E91.56521
G1 X107.05 Y120.7 E91.72071
G0 F7200 X106.85 Y120.7
G0 X106.65 Y120.226
;TYPE:SKIN
G1 F1800 X106.65 Y119.943 E91.72445
G1 X106.65 Y108.912 E91.87024
G1 X106.826 Y108.523 E91.87588
G0 F7200 X106.797 Y108.494
G0 X106.445 Y120.304
G1 F1800 X106.644 Y120.503 E91.87764
G0 F7200 X106.65 Y120.3
G1 F1500 E85.37764
G0 F7200 X107.915 Y119.66
G0 X109.122 Y120.528
G0 X110.702 Y120.528
G0 X117.11 Y119.66
G1 F1500 E91.87764
G0 F7200 X118.025 Y119.675
;TYPE:WALL-OUTER
G1 F1800 X117.975 Y119.675 E91.87827
G1 X117.975 Y119.625 E91.8789
G1 X118.025 Y119.625 E91.87898
G1 X118.025 Y119.675 E91.87906
G0 F7200 X117.975 Y119.675
G0 X117.975 Y119.625
G0 X118.025 Y119.625
G0 X118.025 Y119.675
G1 F1500 E85.37906
G0 F7200 X118.025 Y119.66
G0 X118.011 Y117.54
G1 F1500 E91.87906
G0 F7200 X118.025 Y116.675
G1 F1800 X117.975 Y116.675 E91.87968
G1 X117.975 Y116.625 E91.88031
G1 X118.025 Y116.625 E91.88039
G1 X118.025 Y116.675 E91.88047
G0 F7200 X117.975 Y116.675
G0 X117.975 Y116.625
G0 X118.025 Y116.625
G0 X118.025 Y116.675
G1 F1500 E85.38047
G0 F7200 X118.025 Y116.66
G0 X118.011 Y114.54
G1 F1500 E91.88047
G0 F7200 X118.025 Y113.675
G1 F1800 X117.975 Y113.675 E91.88109
G1 X117.975 Y113.625 E91.88172
G1 X118.025 Y113.625 E91.8818
G1 X118.025 Y113.675 E91.88188
G0 F7200 X117.975 Y113.675
G0 X117.975 Y113.625
G0 X118.025 Y113.625
G0 X118.025 Y113.675
G1 F1500 E85.38188
G0 F7200 X118.025 Y113.66
G0 X118.011 Y111.54
G1 F1500 E91.88188
G0 F7200 X118.025 Y110.675
G1 F1800 X117.975 Y110.675 E91.8825
G1 X117.975 Y110.625 E91.88313
G1 X118.025 Y110.625 E91.88321
G1 X118.025 Y110.675 E91.88329
G0 F7200 X117.975 Y110.675
G0 X117.975 Y110.625
G0 X118.025 Y110.625
G0 X118.025 Y110.675
G1 F1500 E85.38329
G0 F7200 X118.025 Y110.66
G0 X125.11 Y110.66
G1 F1500 E91.88329
G0 F7200 X126.025 Y110.675
G1 F1800 X125.975 Y110.675 E91.88391
G1 X125.975 Y110.625 E91.88454
G1 X126.025 Y110.625 E91.88462
G1 X126.025 Y110.675 E91.8847
G0 F7200 X125.975 Y110.675
G0 X125.975 Y110.625
G0 X126.025 Y110.625
G0 X126.025 Y110.675
G1 F1500 E85.3847
G0 F7200 X126.025 Y110.66
G0 X126.011 Y112.76
G1 F1500 E91.8847
G0 F7200 X126.025 Y113.675
G1 F1800 X125.975 Y113.675 E91.88533
G1 X125.975 Y113.625 E91.88595
G1 X126.025 Y113.625 E91.88603
G1 X126.025 Y113.675 E91.88611
G0 F7200 X125.975 Y113.675
G0 X125.975 Y113.625
G0 X126.025 Y113.625
G0 X126.025 Y113.675
G1 F1500 E85.38611
G0 F7200 X126.025 Y113.66
G0 X126.011 Y115.76
G1 F1500 E91.88611
G0 F7200 X126.025 Y116.675
G1 F1800 X125.975 Y116.675 E91.88674
G1 X125.975 Y116.625 E91.88736
G1 X126.025 Y116.625 E91.88744
G1 X126.025 Y116.675 E91.88752
G0 F7200 X125.975 Y116.675
G0 X125.975 Y116.625
G0 X126.025 Y116.625
G0 X126.025 Y116.675
G1 F1500 E85.38752
G0 F7200 X126.025 Y116.66
G0 X126.011 Y118.76
G1 F1500 E91.88752
G0 F7200 X126.025 Y119.675
G1 F1800 X125.975 Y119.675 E91.88815
G1 X125.975 Y119.625 E91.88877
G1 X126.025 Y119.625 E91.88885
G1 X126.025 Y119.675 E91.88893
G0 F7200 X125.975 Y119.675
G0 X125.975 Y119.625
G0 X126.025 Y119.625
G0 X126.025 Y119.675
G1 F1500 E85.38893
G0 F7200 X126.025 Y119.66
G0 X133.11 Y119.66
G1 F1500 E91.88893
G0 F7200 X134.025 Y119.675
G1 F1800 X133.975 Y119.675 E91.88956
G1 X133.975 Y119.625 E91.89018
G1 X134.025 Y119.625 E91.89026
G1 X134.025 Y119.675 E91.89034
G0 F7200 X133.975 Y119.675
G0 X133.975 Y119.625
G0 X134.025 Y119.625
G0 X134.025 Y119.675
G1 F1500 E85.39034
G0 F7200 X134.025 Y119.66
G0 X134.011 Y117.54
G1 F1500 E91.89034
G0 F7200 X134.025 Y116.675
G1 F1800 X133.975 Y116.675 E91.89097
G1 X133.975 Y116.625 E91.8916
G1 X134.025 Y116.625 E91.89167
G1 X134.025 Y116.675 E91.89175
G0 F7200 X133.975 Y116.675
G0 X133.975 Y116.625
G0 X134.025 Y116.625
G0 X134.025 Y116.675
G1 F1500 E85.39175
G0 F7200 X134.025 Y116.66
G0 X134.011 Y114.54
G1 F1500 E91.89175
G0 F7200 X134.025 Y113.675
G1 F1800 X133.975 Y113.675 E91.89238
G1 X133.975 Y113.625 E91.89301
G1 X134.025 Y113.625 E91.89308
G1 X134.025 Y113.675 E91.89316
G0 F7200 X133.975 Y113.675
G0 X133.975 Y113.625
G0 X134.025 Y113.625
G0 X134.025 Y113.675
G1 F1500 E85.39316
G0 F7200 X134.025 Y113.66
G0 X134.011 Y111.54
G1 F1500 E91.89316
G0 F7200 X134.025 Y110.675
G1 F1800 X133.975 Y110.675 E91.89379
G1 X133.975 Y110.625 E91.89442
G1 X134.025 Y110.625 E91.8945
G1 X134.025 Y110.675 E91.89457
G0 F7200 X133.975 Y110.675
G0 X133.975 Y110.625
G0 X134.025 Y110.625
G0 X134.025 Y110.675
G1 F1500 E85.39457
G0 F7200 X134.025 Y110.66
G0 X136.085 Y110.661
G0 X137.65 Y120.63
G1 F1500 E91.89457
G0 F7200 X137.75 Y120.7
G1 F1800 X136.95 Y120.7 E91.90461
G1 X136.95 Y108.3 E92.06011
G1 X137.75 Y108.3 E92.07014
G1 X137.75 Y120.7 E92.22564
G0 F7200 X137.55 Y120.7
G0 X137.309 Y120.338
;TYPE:SKIN
G1 F1800 X137.349 Y120.095 E92.22891
G1 X137.349 Y108.781 E92.37897
G1 X137.449 Y108.599 E92.38172
G0 F7200 X137.344 Y108.494
G0 X137.144 Y120.456
G1 F1800 X137.192 Y120.504 E92.38215
G0 F7200 X137.35 Y120.3
G1 F1500 E85.88215
;MESH:NONMESH
G0 F600 X137.35 Y120.3 Z9.2
G0 F7200 X136.97 Y110.605
G0 X134.878 Y109.772
G0 X117.122 Y109.772
G0 X110.89 Y110.639
G0 X109.527 Y110.605
G1 F1500 E92.38215
G0 F7200 X109.626 Y110.675
;TIME_ELAPSED:878.659477
;LAYER:45
;TYPE:WALL-OUTER
;MESH:output_v2\A_fina_conjunto.stl
G1 F1800 X109.627 Y110.9 E92.38497
G1 X109.215 Y110.9 E92.39014
G1 X109.215 Y110.4 E92.39641
G1 X109.628 Y110.4 E92.40159
G1 X109.629 Y110.625 E92.40441
G1 X110.025 Y110.625 E92.40938
G1 X110.025 Y110.675
G1 X109.626 Y110.675 E92.41002
G0 F7200 X109.626 Y110.875
G0 X109.615 Y110.875
G1 F1500 E85.91002
G0 F7200 X109.526 Y110.8
G0 X109.989 Y113.639
G1 F1500 E92.41002
G0 F7200 X110.025 Y113.675
G1 F1800 X109.975 Y113.675 E92.41064
G1 X109.975 Y113.625 E92.41127
G1 X110.025 Y113.625 E92.41135
G1 X110.025 Y113.675 E92.41143
G0 F7200 X109.975 Y113.675
G0 X109.975 Y113.625
G0 X110.025 Y113.625
G0 X110.025 Y113.675
G1 F1500 E85.91143
G0 F7200 X110.025 Y113.66
G0 X110.011 Y115.76
G1 F1500 E92.41143
G0 F7200 X110.025 Y116.675
G1 F1800 X109.975 Y116.675 E92.41205
G1 X109.975 Y116.625 E92.41268
G1 X110.025 Y116.625 E92.41276
G1 X110.025 Y116.675 E92.41284
G0 F7200 X109.975 Y116.675
G0 X109.975 Y116.625
G0 X110.025 Y116.625
G0 X110.025 Y116.675
G1 F1500 E85.91284
G0 F7200 X110.025 Y116.66
G0 X110.011 Y118.76
G1 F1500 E92.41284
G0 F7200 X110.025 Y119.675
G1 F1800 X109.975 Y119.675 E92.41347
G1 X109.975 Y119.625 E92.41409
G1 X110.025 Y119.625 E92.41417
G1 X110.025 Y119.675 E92.41425
G0 F7200 X109.975 Y119.675
G0 X109.975 Y119.625
G0 X110.025 Y119.625
G0 X110.025 Y119.675
G1 F1500 E85.91425
G0 F7200 X110.025 Y119.66
G0 X107.915 Y119.661
G0 X106.95 Y120.63
G1 F1500 E92.41425
G0 F7200 X107.05 Y120.7
G1 F1800 X106.25 Y120.7 E92.42428
G1 X106.25 Y108.3 E92.57978
G1 X107.05 Y108.3 E92.58981
G1 X107.05 Y120.7 E92.74532
G0 F7200 X106.85 Y120.7
G0 X106.736 Y120.386
;TYPE:SKIN
G1 F1800 X106.649 Y120.189 E92.74815
G1 X106.649 Y108.876 E92.89703
G1 X106.597 Y108.646 E92.90014
G0 F7200 X106.65 Y108.7
G1 F1500 E86.40014
G0 F7200 X107.03 Y119.66
G0 X109.122 Y120.528
G0 X110.702 Y120.528
G0 X117.11 Y119.66
G1 F1500 E92.90014
G0 F7200 X118.025 Y119.675
;TYPE:WALL-OUTER
G1 F1800 X117.975 Y119.675 E92.90076
G1 X117.975 Y119.625 E92.90139
G1 X118.025 Y119.625 E92.90147
G1 X118.025 Y119.675 E92.90155
G0 F7200 X117.975 Y119.675
G0 X117.975 Y119.625
G0 X118.025 Y119.625
G0 X118.025 Y119.675
G1 F1500 E86.40155
G0 F7200 X118.025 Y119.66
G0 X118.011 Y117.54
G1 F1500 E92.90155
G0 F7200 X118.025 Y116.675
G1 F1800 X117.975 Y116.675 E92.90217
G1 X117.975 Y116.625 E92.9028
G1 X118.025 Y116.625 E92.90288
G1 X118.025 Y116.675 E92.90296
G0 F7200 X117.975 Y116.675
G0 X117.975 Y116.625
G0 X118.025 Y116.625
G0 X118.025 Y116.675
G1 F1500 E86.40296
G0 F7200 X118.025 Y116.66
G0 X118.011 Y114.54
G1 F1500 E92.90296
G0 F7200 X118.025 Y113.675
G1 F1800 X117.975 Y113.675 E92.90358
G1 X117.975 Y113.625 E92.90421
G1 X118.025 Y113.625 E92.90429
G1 X118.025 Y113.675 E92.90437
G0 F7200 X117.975 Y113.675
G0 X117.975 Y113.625
G0 X118.025 Y113.625
G0 X118.025 Y113.675
G1 F1500 E86.40437
G0 F7200 X118.025 Y113.66
G0 X118.011 Y111.54
G1 F1500 E92.90437
G0 F7200 X118.025 Y110.675
G1 F1800 X117.975 Y110.675 E92.90499
G1 X117.975 Y110.625 E92.90562
G1 X118.025 Y110.625 E92.9057
G1 X118.025 Y110.675 E92.90578
G0 F7200 X117.975 Y110.675
G0 X117.975 Y110.625
G0 X118.025 Y110.625
G0 X118.025 Y110.675
G1 F1500 E86.40578
G0 F7200 X118.025 Y110.66
G0 X125.11 Y110.66
G1 F1500 E92.90578
G0 F7200 X126.025 Y110.675
G1 F1800 X125.975 Y110.675 E92.90641
G1 X125.975 Y110.625 E92.90703
G1 X126.025 Y110.625 E92.90711
G1 X126.025 Y110.675 E92.90719
G0 F7200 X125.975 Y110.675
G0 X125.975 Y110.625
G0 X126.025 Y110.625
G0 X126.025 Y110.675
G1 F1500 E86.40719
G0 F7200 X126.025 Y110.66
G0 X126.011 Y112.76
G1 F1500 E92.90719
G0 F7200 X126.025 Y113.675
G1 F1800 X125.975 Y113.675 E92.90782
G1 X125.975 Y113.625 E92.90844
G1 X126.025 Y113.625 E92.90852
G1 X126.025 Y113.675 E92.9086
G0 F7200 X125.975 Y113.675
G0 X125.975 Y113.625
G0 X126.025 Y113.625
G0 X126.025 Y113.675
G1 F1500 E86.4086
G0 F7200 X126.025 Y113.66
G0 X126.011 Y115.76
G1 F1500 E92.9086
G0 F7200 X126.025 Y116.675
G1 F1800 X125.975 Y116.675 E92.90923
G1 X125.975 Y116.625 E92.90985
G1 X126.025 Y116.625 E92.90993
G1 X126.025 Y116.675 E92.91001
G0 F7200 X125.975 Y116.675
G0 X125.975 Y116.625
G0 X126.025 Y116.625
G0 X126.025 Y116.675
G1 F1500 E86.41001
G0 F7200 X126.025 Y116.66
G0 X126.011 Y118.76
G1 F1500 E92.91001
G0 F7200 X126.025 Y119.675
G1 F1800 X125.975 Y119.675 E92.91064
G1 X125.975 Y119.625 E92.91126
G1 X126.025 Y119.625 E92.91134
G1 X126.025 Y119.675 E92.91142
G0 F7200 X125.975 Y119.675
G0 X125.975 Y119.625
G0 X126.025 Y119.625
G0 X126.025 Y119.675
G1 F1500 E86.41142
G0 F7200 X126.025 Y119.66
G0 X133.11 Y119.66
G1 F1500 E92.91142
G0 F7200 X134.025 Y119.675
G1 F1800 X133.975 Y119.675 E92.91205
G1 X133.975 Y119.625 E92.91268
G1 X134.025 Y119.625 E92.91275
G1 X134.025 Y119.675 E92.91283
G0 F7200 X133.975 Y119.675
G0 X133.975 Y119.625
G0 X134.025 Y119.625
G0 X134.025 Y119.675
G1 F1500 E86.41283
G0 F7200 X134.025 Y119.66
G0 X134.011 Y117.54
G1 F1500 E92.91283
G0 F7200 X134.025 Y116.675
G1 F1800 X133.975 Y116.675 E92.91346
G1 X133.975 Y116.625 E92.91409
G1 X134.025 Y116.625 E92.91416
G1 X134.025 Y116.675 E92.91424
G0 F7200 X133.975 Y116.675
G0 X133.975 Y116.625
G0 X134.025 Y116.625
G0 X134.025 Y116.675
G1 F1500 E86.41424
G0 F7200 X134.025 Y116.66
G0 X134.011 Y114.54
G1 F1500 E92.91424
G0 F7200 X134.025 Y113.675
G1 F1800 X133.975 Y113.675 E92.91487
G1 X133.975 Y113.625 E92.9155
G1 X134.025 Y113.625 E92.91558
G1 X134.025 Y113.675 E92.91565
G0 F7200 X133.975 Y113.675
G0 X133.975 Y113.625
G0 X134.025 Y113.625
G0 X134.025 Y113.675
G1 F1500 E86.41565
G0 F7200 X134.025 Y113.66
G0 X134.011 Y111.54
G1 F1500 E92.91565
G0 F7200 X134.025 Y110.675
G1 F1800 X133.975 Y110.675 E92.91628
G1 X133.975 Y110.625 E92.91691
G1 X134.025 Y110.625 E92.91699
G1 X134.025 Y110.675 E92.91706
G0 F7200 X133.975 Y110.675
G0 X133.975 Y110.625
G0 X134.025 Y110.625
G0 X134.025 Y110.675
G1 F1500 E86.41706
G0 F7200 X134.025 Y110.66
G0 X136.085 Y110.661
G0 X137.65 Y120.63
G1 F1500 E92.91706
G0 F7200 X137.75 Y120.7
G1 F1800 X136.95 Y120.7 E92.9271
G1 X136.95 Y108.3 E93.0826
G1 X137.75 Y108.3 E93.09263
G1 X137.75 Y120.7 E93.24813
G0 F7200 X137.55 Y120.7
G0 X137.5 Y120.451
;TYPE:SKIN
G1 F1800 X137.359 Y120.31 E93.2507
G1 X137.349 Y114.945 E93.31993
G1 X137.349 Y108.723 E93.40022
G1 X137.219 Y108.569 E93.40282
G0 F7200 X137.35 Y108.7
G1 F1500 E86.90282
;MESH:NONMESH
G0 F600 X137.35 Y108.7 Z9.4
G0 F7200 X136.97 Y110.605
G0 X134.878 Y109.772
G0 X117.122 Y109.772
G0 X110.89 Y110.639
G0 X109.556 Y110.605
G1 F1500 E93.40282
G0 F7200 X109.943 Y110.9
;TIME_ELAPSED:893.120273
;LAYER:46
;TYPE:WALL-OUTER
;MESH:output_v2\A_fina_conjunto.stl
G1 F1800 X109.251 Y110.9 E93.4115
G1 X109.251 Y110.4 E93.41777
G1 X110.005 Y110.4 E93.42723
G1 X110.217 Y110.392 E93.42989
G1 X110.218 Y110.889 E93.43612
G1 X110.145 Y110.895 E93.43704
G1 X109.943 Y110.9 E93.43957
G0 F7200 X109.743 Y110.9
G0 X109.8 Y110.648
;TYPE:SKIN
G1 F1800 X109.517 Y110.648 E93.4415
G0 F7200 X109.462 Y110.5
G1 F1500 E86.9415
G0 F7200 X109.874 Y113.417
G0 X109.578 Y116.434
G1 F1500 E93.4415
G0 F7200 X109.61 Y116.34
;TYPE:WALL-OUTER
G1 F1800 X109.897 Y116.397 E93.44517
G1 X110.093 Y116.4 E93.44763
G1 X110.217 Y116.39 E93.44919
G1 X110.218 Y116.889 E93.45545
G1 X110.143 Y116.895 E93.45639
G1 X110 Y116.9 E93.45819
G1 X109.734 Y116.879 E93.46153
G1 X109.332 Y116.766 E93.46677
G1 X108.972 Y116.564 E93.47195
G1 X108.663 Y116.279 E93.47722
G1 X108.591 Y116.187 E93.47868
G1 X108.38 Y115.811 E93.48409
G1 X108.301 Y115.567 E93.48731
G1 X108.251 Y115.14 E93.4927
G1 X108.255 Y115.019 E93.49422
G1 X108.299 Y114.745 E93.4977
G1 X108.444 Y114.352 E93.50295
G1 X108.587 Y114.118 E93.50639
G1 X108.663 Y114.021 E93.50793
G1 X108.976 Y113.732 E93.51328
G1 X109.202 Y113.594 E93.5166
G1 X109.591 Y113.45 E93.5218
G1 X110.019 Y113.4 E93.5272
G1 X110.217 Y113.392 E93.52969
G1 X110.218 Y113.888 E93.53591
G1 X110.099 Y113.897 E93.5374
G1 X109.799 Y113.915 E93.54117
G1 X109.427 Y114.035 E93.54607
G1 X109.053 Y114.33 E93.55205
G1 X108.882 Y114.585 E93.5559
G1 X108.762 Y114.958 E93.56081
G1 X108.78 Y115.43 E93.56673
G1 X108.848 Y115.64 E93.5695
G1 X109.107 Y116.026 E93.57533
G1 X109.271 Y116.166 E93.57804
G1 X109.61 Y116.34 E93.58281
G0 F7200 X109.806 Y116.379
G0 X109.846 Y116.634
;TYPE:SKIN
G1 F1800 X109.456 Y116.527 E93.58565
G0 F7200 X108.609 Y115.68
G1 F1800 X108.521 Y115.309 E93.58719
G1 X108.627 Y114.567 E93.59022
G1 X108.978 Y114.069 E93.59268
G1 X109.504 Y113.747 E93.59517
G1 X109.976 Y113.653 E93.59711
G0 F7200 X109.806 Y113.513
G1 F1500 E87.09711
G0 F7200 X109.805 Y113.526
G0 X109.024 Y114.303
G0 X108.741 Y115.436
G0 X110 Y116.881
G0 X110.163 Y119.391
G1 F1500 E93.59711
G0 F7200 X110.143 Y119.895
;TYPE:WALL-OUTER
G1 F1800 X110 Y119.9 E93.59891
G1 X109.875 Y119.899 E93.60047
G1 X109.884 Y119.4 E93.60673
G1 X110.017 Y119.4 E93.6084
G1 X110.217 Y119.387 E93.61091
G1 X110.218 Y119.889 E93.61627
G1 X110.143 Y119.895 E93.61721
G0 F7200 X110 Y119.9
G0 X109.943 Y119.9
G1 F1500 E87.11721
G0 F7200 X109.976 Y119.8
G0 X107.915 Y119.886
G0 X106.95 Y120.63
G1 F1500 E93.61721
G0 F7200 X107.05 Y120.7
G1 F1800 X106.25 Y120.7 E93.62724
G1 X106.25 Y108.3 E93.78274
G1 X107.05 Y108.3 E93.79277
G1 X107.05 Y120.7 E93.94827
G0 F7200 X106.85 Y120.7
G0 X106.65 Y120.226
;TYPE:SKIN
G1 F1800 X106.65 Y119.943 E93.95202
G1 X106.65 Y108.912 E94.09781
G1 X106.826 Y108.523 E94.10345
G0 F7200 X106.797 Y108.494
G0 X106.445 Y120.304
G1 F1800 X106.644 Y120.503 E94.10521
G0 F7200 X106.65 Y120.3
G1 F1500 E87.60521
G0 F7200 X107.915 Y119.497
G0 X109.047 Y118.547
G0 X111.067 Y118.406
G0 X116.918 Y119.407
G1 F1500 E94.10521
G0 F7200 X117.896 Y119.398
;TYPE:WALL-OUTER
G1 F1800 X118.217 Y119.391 E94.10924
G1 X118.218 Y119.889 E94.11549
G1 X118.189 Y119.892 E94.11585
G1 X117.908 Y119.898 E94.11938
G1 X117.783 Y119.889 E94.12095
G1 X117.782 Y119.391 E94.12719
G1 X117.896 Y119.398 E94.12862
G0 F7200 X118.096 Y119.394
G0 X118.098 Y119.493
G1 F1500 E87.62862
G0 F7200 X118.097 Y119.494
G0 X117.908 Y116.879
G1 F1500 E94.12862
G0 F7200 X117.896 Y116.398
G1 F1800 X118.217 Y116.391 E94.13265
G1 X118.218 Y116.889 E94.1389
G1 X118.189 Y116.892 E94.13926
G1 X117.908 Y116.898 E94.14279
G1 X117.783 Y116.889 E94.14436
G1 X117.782 Y116.391 E94.1506
G1 X117.896 Y116.398 E94.15204
G0 F7200 X118.096 Y116.394
G0 X118.098 Y116.493
G1 F1500 E87.65204
G0 F7200 X118.097 Y116.494
G0 X117.908 Y113.879
G1 F1500 E94.15204
G0 F7200 X117.896 Y113.398
G1 F1800 X118.217 Y113.391 E94.15606
G1 X118.218 Y113.889 E94.16231
G1 X118.189 Y113.892 E94.16267
G1 X117.908 Y113.898 E94.1662
G1 X117.783 Y113.889 E94.16777
G1 X117.782 Y113.391 E94.17401
G1 X117.896 Y113.398 E94.17545
G0 F7200 X118.096 Y113.394
G0 X118.098 Y113.493
G1 F1500 E87.67545
G0 F7200 X118.097 Y113.494
G0 X117.908 Y110.879
G1 F1500 E94.17545
G0 F7200 X117.896 Y110.398
G1 F1800 X118.217 Y110.391 E94.17947
G1 X118.218 Y110.889 E94.18572
G1 X118.189 Y110.892 E94.18608
G1 X117.908 Y110.898 E94.18961
G1 X117.783 Y110.889 E94.19118
G1 X117.782 Y110.391 E94.19742
G1 X117.896 Y110.398 E94.19886
G0 F7200 X118.096 Y110.394
G0 X117.975 Y110.621
;TYPE:SKIN
G1 F1800 X118.022 Y110.668 E94.19927
G0 F7200 X118.183 Y110.668
G1 F1500 E87.69927
G0 F7200 X118.117 Y110.667
G0 X124.918 Y110.499
G0 X126.106 Y110.497
G1 F1500 E94.19927
G0 F7200 X126.104 Y110.398
;TYPE:WALL-OUTER
G1 F1800 X126.217 Y110.391 E94.20069
G1 X126.218 Y110.889 E94.20694
G1 X126.092 Y110.898 E94.20852
G1 X125.812 Y110.892 E94.21203
G1 X125.783 Y110.889 E94.2124
G1 X125.782 Y110.391 E94.21865
G1 X126.104 Y110.398 E94.22268
G0 F7200 X126.217 Y110.391
G0 X126.217 Y110.478
G0 X126.183 Y110.478
G1 F1500 E87.72268
G0 F7200 X126.118 Y110.498
G0 X126.204 Y113.405
G1 F1500 E94.22268
G0 F7200 X126.104 Y113.398
G1 F1800 X126.217 Y113.391 E94.2241
G1 X126.218 Y113.889 E94.23035
G1 X126.092 Y113.898 E94.23193
G1 X125.812 Y113.892 E94.23545
G1 X125.783 Y113.889 E94.23581
G1 X125.782 Y113.391 E94.24206
G1 X126.104 Y113.398 E94.2461
G0 F7200 X126.217 Y113.391
G0 X126.217 Y113.478
G0 X126.183 Y113.478
G1 F1500 E87.7461
G0 F7200 X126.118 Y113.498
G0 X126.204 Y116.405
G1 F1500 E94.2461
G0 F7200 X126.104 Y116.398
G1 F1800 X126.217 Y116.391 E94.24751
G1 X126.218 Y116.889 E94.25376
G1 X126.092 Y116.898 E94.25534
G1 X125.812 Y116.892 E94.25886
G1 X125.783 Y116.889 E94.25922
G1 X125.782 Y116.391 E94.26547
G1 X126.104 Y116.398 E94.26951
G0 F7200 X126.217 Y116.391
G0 X126.217 Y116.478
G0 X126.021 Y116.688
;TYPE:SKIN
G1 F1800 X125.976 Y116.642 E94.26991
G0 F7200 X125.817 Y116.642
G1 F1500 E87.76991
G0 F7200 X125.883 Y116.643
G0 X126.204 Y119.405
G1 F1500 E94.26991
G0 F7200 X126.104 Y119.398
;TYPE:WALL-OUTER
G1 F1800 X126.217 Y119.391 E94.27133
G1 X126.218 Y119.889 E94.27757
G1 X126.092 Y119.898 E94.27916
G1 X125.812 Y119.892 E94.28267
G1 X125.783 Y119.889 E94.28304
G1 X125.782 Y119.391 E94.28928
G1 X126.104 Y119.398 E94.29332
G0 F7200 X126.217 Y119.391
G0 X126.217 Y119.478
G0 X126.183 Y119.478
G1 F1500 E87.79332
G0 F7200 X126.118 Y119.498
G0 X132.918 Y116.877
G0 X134.62 Y116.947
G1 F1500 E94.29332
G0 F7200 X134.573 Y117.035
G1 F1800 X134.201 Y116.915 E94.29822
G1 X133.842 Y116.894 E94.30273
G1 X133.783 Y116.888 E94.30348
G1 X133.782 Y116.39 E94.30972
G1 X133.878 Y116.398 E94.31093
G1 X133.971 Y116.398 E94.31209
G1 X134.266 Y116.421 E94.31581
G1 X134.675 Y116.536 E94.32113
G1 X134.919 Y116.661 E94.32457
G1 X135.019 Y116.727 E94.32607
G1 X135.337 Y117.021 E94.3315
G1 X135.409 Y117.113 E94.33297
G1 X135.616 Y117.482 E94.33828
G1 X135.727 Y117.878 E94.34343
G1 X135.743 Y118.293 E94.34864
G1 X135.729 Y118.416 E94.35019
G1 X135.616 Y118.818 E94.35543
G1 X135.409 Y119.187 E94.36074
G1 X135.337 Y119.279 E94.3622
G1 X135.019 Y119.573 E94.36763
G1 X134.925 Y119.636 E94.36905
G1 X134.532 Y119.817 E94.37448
G1 X134.418 Y119.849 E94.37596
G1 X133.988 Y119.9 E94.38139
G1 X133.86 Y119.896 E94.383
G1 X133.783 Y119.889 E94.38397
G1 X133.782 Y119.39 E94.39023
G1 X133.811 Y119.393 E94.39059
G1 X133.995 Y119.4 E94.3929
G1 X134.109 Y119.396 E94.39433
G1 X134.467 Y119.31 E94.39895
G1 X134.582 Y119.258 E94.40053
G1 X134.944 Y118.972 E94.40632
G1 X135.068 Y118.801 E94.40896
G1 X135.191 Y118.536 E94.41263
G1 X135.249 Y118.24 E94.41641
G1 X135.193 Y117.767 E94.42238
G1 X135.018 Y117.425 E94.4272
G1 X134.941 Y117.326 E94.42877
G1 X134.573 Y117.035 E94.43466
G0 F7200 X134.383 Y116.974
G0 X134.205 Y116.669
;TYPE:SKIN
G1 F1800 X134.621 Y116.802 E94.43772
G0 F7200 X135.341 Y117.522
G1 F1800 X135.467 Y117.931 E94.43949
G1 X135.39 Y118.702 E94.44269
G1 X135.046 Y119.207 E94.44522
G1 X134.533 Y119.543 E94.44776
G1 X134.066 Y119.641 E94.44973
G0 F7200 X133.992 Y119.497
G1 F1500 E87.94973
G0 F7200 X133.995 Y119.5
G0 X135.393 Y119.176
G0 X136.97 Y119.176
G0 X137.65 Y120.63
G1 F1500 E94.44973
G0 F7200 X137.75 Y120.7
;TYPE:WALL-OUTER
G1 F1800 X136.95 Y120.7 E94.45976
G1 X136.95 Y108.3 E94.61526
G1 X137.75 Y108.3 E94.6253
G1 X137.75 Y120.7 E94.7808
G0 F7200 X137.55 Y120.7
G0 X137.309 Y120.338
;TYPE:SKIN
G1 F1800 X137.349 Y120.095 E94.78406
G1 X137.349 Y108.781 E94.93413
G1 X137.449 Y108.599 E94.93688
G0 F7200 X137.344 Y108.494
G0 X137.144 Y120.456
G1 F1800 X137.192 Y120.504 E94.93731
G0 F7200 X137.35 Y120.3
G1 F1500 E88.43731
G0 F7200 X136.97 Y110.947
G0 X135.598 Y111.489
G0 X134.62 Y110.947
G1 F1500 E94.93731
G0 F7200 X134.573 Y111.035
;TYPE:WALL-OUTER
G1 F1800 X134.201 Y110.915 E94.94221
G1 X133.783 Y110.889 E94.94746
G1 X133.782 Y110.39 E94.95372
G1 X133.878 Y110.398 E94.95493
G1 X133.971 Y110.398 E94.95609
G1 X134.269 Y110.421 E94.95984
G1 X134.537 Y110.485 E94.9633
G1 X134.917 Y110.661 E94.96855
G1 X135.133 Y110.818 E94.9719
G1 X135.414 Y111.122 E94.97709
G1 X135.616 Y111.482 E94.98226
G1 X135.727 Y111.878 E94.98742
G1 X135.743 Y112.293 E94.99263
G1 X135.729 Y112.416 E94.99418
G1 X135.616 Y112.818 E94.99942
G1 X135.409 Y113.187 E95.00472
G1 X135.337 Y113.279 E95.00619
G1 X135.019 Y113.573 E95.01162
G1 X134.925 Y113.636 E95.01304
G1 X134.537 Y113.815 E95.0184
G1 X134.269 Y113.879 E95.02185
G1 X133.982 Y113.9 E95.02546
G1 X133.859 Y113.896 E95.02701
G1 X133.783 Y113.889 E95.02796
G1 X133.782 Y113.39 E95.03422
G1 X133.811 Y113.393 E95.03459
G1 X133.995 Y113.4 E95.0369
G1 X134.105 Y113.396 E95.03828
G1 X134.382 Y113.341 E95.04182
G1 X134.579 Y113.26 E95.04449
G1 X134.944 Y112.972 E95.05032
G1 X135.068 Y112.801 E95.05297
G1 X135.194 Y112.529 E95.05673
G1 X135.249 Y112.06 E95.06265
G1 X135.191 Y111.764 E95.06643
G1 X135.068 Y111.499 E95.07009
G1 X134.944 Y111.328 E95.07274
G1 X134.573 Y111.035 E95.07867
G0 F7200 X134.383 Y110.974
G0 X134.505 Y110.746
;TYPE:SKIN
G1 F1800 X134.136 Y110.66 E95.08131
G0 F7200 X134.078 Y110.602
G0 X135.303 Y111.544
G0 X135.391 Y111.633
G1 F1800 X135.481 Y112.005 E95.08282
G1 X135.369 Y112.741 E95.08575
G1 X135.013 Y113.234 E95.08815
G1 X134.492 Y113.562 E95.09058
G1 X134.019 Y113.655 E95.09248
G0 F7200 X134.216 Y113.782
G1 F1500 E88.59248
;MESH:NONMESH
G0 F600 X134.216 Y113.782 Z9.6
G0 F7200 X132.918 Y113.406
G0 X127.067 Y112.406
G0 X117.616 Y111.741
G0 X111.082 Y110.874
G0 X109.922 Y110.8
G1 F1500 E95.09248
G0 F7200 X109.922 Y110.9
;TIME_ELAPSED:908.153490
;LAYER:47
;TYPE:WALL-OUTER
;MESH:output_v2\A_fina_conjunto.stl
G1 F1800 X109.348 Y110.9 E95.09968
G1 X109.348 Y110.4 E95.10595
G1 X110.005 Y110.4 E95.11419
G1 X110.214 Y110.392 E95.11681
G1 X110.325 Y110.38 E95.11821
G1 X110.435 Y110.363 E95.11961
G1 X110.436 Y110.858 E95.12582
G1 X110.269 Y110.884 E95.12794
G1 X110.144 Y110.895 E95.12951
G1 X109.922 Y110.9 E95.1323
G0 F7200 X109.722 Y110.9
G0 X109.684 Y110.649
;TYPE:SKIN
G1 F1800 X109.967 Y110.648 E95.13355
G1 X110.223 Y110.676 E95.13469
G0 F7200 X110.032 Y110.497
G1 F1500 E88.63469
G0 F7200 X110.031 Y110.5
G0 X109.874 Y113.417
G0 X109.578 Y116.434
G1 F1500 E95.13469
G0 F7200 X109.61 Y116.34
;TYPE:WALL-OUTER
G1 F1800 X109.896 Y116.397 E95.13835
G1 X110.068 Y116.4 E95.14051
G1 X110.326 Y116.38 E95.14375
G1 X110.435 Y116.363 E95.14514
G1 X110.436 Y116.858 E95.15134
G1 X110.269 Y116.884 E95.15346
G1 X110.143 Y116.895 E95.15505
G1 X110 Y116.9 E95.15684
G1 X109.734 Y116.879 E95.16019
G1 X109.332 Y116.766 E95.16543
G1 X108.972 Y116.564 E95.1706
G1 X108.663 Y116.279 E95.17588
G1 X108.591 Y116.187 E95.17734
G1 X108.38 Y115.811 E95.18275
G1 X108.301 Y115.567 E95.18596
G1 X108.251 Y115.14 E95.19136
G1 X108.255 Y115.019 E95.19287
G1 X108.299 Y114.745 E95.19635
G1 X108.444 Y114.352 E95.20161
G1 X108.587 Y114.118 E95.20505
G1 X108.663 Y114.021 E95.20659
G1 X108.976 Y113.732 E95.21193
G1 X109.202 Y113.594 E95.21525
G1 X109.591 Y113.45 E95.22046
G1 X110.019 Y113.4 E95.22586
G1 X110.214 Y113.392 E95.22831
G1 X110.325 Y113.38 E95.22971
G1 X110.435 Y113.363 E95.2311
G1 X110.436 Y113.858 E95.23731
G1 X110.269 Y113.884 E95.23943
G1 X110.139 Y113.895 E95.24107
G1 X109.799 Y113.915 E95.24534
G1 X109.427 Y114.035 E95.25024
G1 X109.053 Y114.33 E95.25621
G1 X108.882 Y114.585 E95.26006
G1 X108.762 Y114.958 E95.26498
G1 X108.78 Y115.43 E95.2709
G1 X108.848 Y115.64 E95.27367
G1 X109.107 Y116.026 E95.2795
G1 X109.271 Y116.166 E95.2822
G1 X109.61 Y116.34 E95.28698
G0 F7200 X109.806 Y116.379
G0 X109.716 Y116.558
;TYPE:SKIN
G1 F1800 X109.627 Y116.646 E95.28776
G0 F7200 X109.45 Y116.54
G1 F1800 X109.265 Y116.442 E95.28849
G1 X108.811 Y116.047 E95.29058
G1 X108.538 Y115.472 E95.29279
G1 X108.523 Y114.921 E95.2947
G1 X108.672 Y114.489 E95.29629
G1 X109.323 Y113.838 E95.29949
G1 X110.08 Y113.647 E95.3022
G0 F7200 X110.139 Y113.588
G0 X109.024 Y114.303
G0 X108.741 Y115.436
G0 X109.965 Y116.592
G0 X109.914 Y116.642
G1 F1800 X110.19 Y116.648 E95.30397
G0 F7200 X110.032 Y116.799
G1 F1500 E88.80397
G0 F7200 X110.033 Y116.798
G0 X110.423 Y119.379
G1 F1500 E95.30397
G0 F7200 X110.324 Y119.381
;TYPE:WALL-OUTER
G1 F1800 X110.435 Y119.364 E95.30538
G1 X110.436 Y119.858 E95.31157
G1 X110.269 Y119.884 E95.31369
G1 X110.143 Y119.895 E95.31528
G1 X110.027 Y119.899 E95.31673
G1 X109.67 Y119.9 E95.32121
G1 X109.669 Y119.4 E95.32748
G1 X110.04 Y119.4 E95.33213
G1 X110.324 Y119.381 E95.3357
G0 F7200 X110.435 Y119.364
G0 X110.435 Y119.452
G0 X110.076 Y119.592
;TYPE:SKIN
G1 F1800 X109.965 Y119.703 E95.33669
G0 F7200 X109.965 Y119.8
G1 F1500 E88.83669
G0 F7200 X109.966 Y119.799
G0 X107.03 Y119.886
G1 F1500 E95.33669
G0 F7200 X107.05 Y120.7
;TYPE:WALL-OUTER
G1 F1800 X106.25 Y120.7 E95.34672
G1 X106.25 Y108.3 E95.50222
G1 X107.05 Y108.3 E95.51225
G1 X107.05 Y120.7 E95.66775
G0 F7200 X106.85 Y120.7
G0 X106.736 Y120.386
;TYPE:SKIN
G1 F1800 X106.649 Y120.189 E95.67059
G1 X106.649 Y108.876 E95.81947
G1 X106.597 Y108.646 E95.82257
G0 F7200 X106.65 Y108.7
G1 F1500 E89.32257
G0 F7200 X107.03 Y119.791
G0 X108.818 Y120.754
G0 X110.222 Y120.744
G0 X116.701 Y119.772
G0 X118.183 Y119.791
G1 F1500 E95.82257
G0 F7200 X118.189 Y119.892
;TYPE:WALL-OUTER
G1 F1800 X117.908 Y119.898 E95.8261
G1 X117.812 Y119.892 E95.8273
G1 X117.731 Y119.884 E95.82833
G1 X117.565 Y119.858 E95.83043
G1 X117.564 Y119.363 E95.83664
G1 X117.675 Y119.38 E95.83805
G1 X117.784 Y119.391 E95.83942
G1 X117.896 Y119.398 E95.84083
G1 X118.212 Y119.392 E95.84479
G1 X118.325 Y119.38 E95.84622
G1 X118.435 Y119.363 E95.84761
G1 X118.436 Y119.858 E95.85382
G1 X118.269 Y119.884 E95.85594
G1 X118.189 Y119.892 E95.85695
G0 F7200 X117.989 Y119.896
G0 X117.941 Y119.645
;TYPE:SKIN
G1 F1800 X118.206 Y119.663 E95.85852
G0 F7200 X118.037 Y119.796
G1 F1500 E89.35852
G0 F7200 X118.038 Y119.795
G0 X118.188 Y116.873
G1 F1500 E95.85852
G0 F7200 X118.189 Y116.892
;TYPE:WALL-OUTER
G1 F1800 X117.908 Y116.898 E95.86204
G1 X117.812 Y116.892 E95.86325
G1 X117.731 Y116.884 E95.86427
G1 X117.565 Y116.858 E95.86638
G1 X117.564 Y116.363 E95.87259
G1 X117.675 Y116.38 E95.87399
G1 X117.784 Y116.391 E95.87537
G1 X117.896 Y116.398 E95.87678
G1 X118.212 Y116.392 E95.88074
G1 X118.325 Y116.38 E95.88216
G1 X118.435 Y116.363 E95.88356
G1 X118.436 Y116.858 E95.88977
G1 X118.269 Y116.884 E95.89189
G1 X118.189 Y116.892 E95.8929
G0 F7200 X117.989 Y116.896
G0 X118.115 Y116.643
;TYPE:SKIN
G1 F1800 X117.833 Y116.642 E95.89478
G0 F7200 X117.782 Y116.792
G1 F1500 E89.39478
G0 F7200 X117.782 Y116.789
G0 X118.188 Y113.873
G1 F1500 E95.89478
G0 F7200 X118.189 Y113.892
;TYPE:WALL-OUTER
G1 F1800 X117.908 Y113.898 E95.89831
G1 X117.812 Y113.892 E95.89951
G1 X117.731 Y113.884 E95.90053
G1 X117.565 Y113.858 E95.90264
G1 X117.564 Y113.363 E95.90885
G1 X117.675 Y113.38 E95.91026
G1 X117.784 Y113.391 E95.91163
G1 X117.896 Y113.398 E95.91304
G1 X118.212 Y113.392 E95.917
G1 X118.325 Y113.38 E95.91843
G1 X118.435 Y113.363 E95.91982
G1 X118.436 Y113.858 E95.92603
G1 X118.269 Y113.884 E95.92815
G1 X118.189 Y113.892 E95.92916
G0 F7200 X117.989 Y113.896
G0 X117.945 Y113.702
;TYPE:SKIN
G1 F1800 X118.058 Y113.589 E95.93016
G0 F7200 X118.056 Y113.494
G1 F1500 E89.43016
G0 F7200 X118.054 Y113.496
G0 X118.188 Y110.873
G1 F1500 E95.93016
G0 F7200 X118.189 Y110.892
;TYPE:WALL-OUTER
G1 F1800 X117.908 Y110.898 E95.93368
G1 X117.812 Y110.892 E95.93489
G1 X117.731 Y110.884 E95.93591
G1 X117.565 Y110.858 E95.93802
G1 X117.564 Y110.363 E95.94423
G1 X117.675 Y110.38 E95.94563
G1 X117.784 Y110.391 E95.94701
G1 X117.896 Y110.398 E95.94841
G1 X118.212 Y110.392 E95.95238
G1 X118.325 Y110.38 E95.9538
G1 X118.435 Y110.363 E95.9552
G1 X118.436 Y110.858 E95.96141
G1 X118.269 Y110.884 E95.96353
G1 X118.189 Y110.892 E95.96453
G0 F7200 X117.989 Y110.896
G0 X118.176 Y110.642
;TYPE:SKIN
G1 F1800 X117.891 Y110.644 E95.96646
G0 F7200 X117.832 Y110.795
G1 F1500 E89.46646
G0 F7200 X117.832 Y110.793
G0 X119.301 Y110.844
G0 X124.701 Y110.834
G0 X126.181 Y110.791
G1 F1500 E95.96646
G0 F7200 X126.188 Y110.892
;TYPE:WALL-OUTER
G1 F1800 X126.092 Y110.898 E95.96767
G1 X125.812 Y110.892 E95.97118
G1 X125.731 Y110.884 E95.9722
G1 X125.565 Y110.858 E95.97431
G1 X125.564 Y110.363 E95.98051
G1 X125.675 Y110.38 E95.98192
G1 X125.788 Y110.392 E95.98335
G1 X126.104 Y110.398 E95.98731
G1 X126.216 Y110.391 E95.98872
G1 X126.325 Y110.38 E95.99009
G1 X126.435 Y110.363 E95.99149
G1 X126.436 Y110.858 E95.99769
G1 X126.269 Y110.884 E95.99981
G1 X126.188 Y110.892 E96.00083
G0 F7200 X126.092 Y110.898
G0 X125.988 Y110.896
G0 X126.092 Y110.646
;TYPE:SKIN
G1 F1800 X125.816 Y110.639 E96.00275
G0 F7200 X125.764 Y110.791
G1 F1500 E89.50275
G0 F7200 X125.764 Y110.787
G0 X126.423 Y113.378
G1 F1500 E96.00275
G0 F7200 X126.188 Y113.892
;TYPE:WALL-OUTER
G1 F1800 X126.092 Y113.898 E96.00396
G1 X125.812 Y113.892 E96.00747
G1 X125.731 Y113.884 E96.00849
G1 X125.565 Y113.858 E96.0106
G1 X125.564 Y113.363 E96.01681
G1 X125.675 Y113.38 E96.01822
G1 X125.788 Y113.392 E96.01964
G1 X126.104 Y113.398 E96.0236
G1 X126.216 Y113.391 E96.02501
G1 X126.325 Y113.38 E96.02639
G1 X126.435 Y113.363 E96.02778
G1 X126.436 Y113.858 E96.03399
G1 X126.269 Y113.884 E96.03611
G1 X126.188 Y113.892 E96.03713
G0 F7200 X126.092 Y113.898
G0 X125.988 Y113.896
G0 X125.922 Y113.644
;TYPE:SKIN
G1 F1800 X126.195 Y113.655 E96.03885
G0 F7200 X126.032 Y113.796
G1 F1500 E89.53885
G0 F7200 X126.423 Y116.378
G1 F1500 E96.03885
G0 F7200 X126.188 Y116.892
;TYPE:WALL-OUTER
G1 F1800 X126.092 Y116.898 E96.04005
G1 X125.812 Y116.892 E96.04357
G1 X125.731 Y116.884 E96.04459
G1 X125.565 Y116.858 E96.04669
G1 X125.564 Y116.363 E96.0529
G1 X125.675 Y116.38 E96.05431
G1 X125.788 Y116.392 E96.05573
G1 X126.104 Y116.398 E96.0597
G1 X126.216 Y116.391 E96.06111
G1 X126.325 Y116.38 E96.06248
G1 X126.435 Y116.363 E96.06388
G1 X126.436 Y116.858 E96.07008
G1 X126.269 Y116.884 E96.0722
G1 X126.188 Y116.892 E96.07322
G0 F7200 X126.092 Y116.898
G0 X125.988 Y116.896
G0 X126.032 Y116.646
;TYPE:SKIN
G1 F1800 X125.783 Y116.612 E96.07462
G0 F7200 X125.962 Y116.795
G1 F1500 E89.57462
G0 F7200 X126.423 Y119.378
G1 F1500 E96.07462
G0 F7200 X126.188 Y119.892
;TYPE:WALL-OUTER
G1 F1800 X126.092 Y119.898 E96.07583
G1 X125.812 Y119.892 E96.07934
G1 X125.731 Y119.884 E96.08036
G1 X125.565 Y119.858 E96.08247
G1 X125.564 Y119.363 E96.08868
G1 X125.675 Y119.38 E96.09008
G1 X125.788 Y119.392 E96.09151
G1 X126.104 Y119.398 E96.09547
G1 X126.216 Y119.391 E96.09688
G1 X126.325 Y119.38 E96.09825
G1 X126.435 Y119.363 E96.09965
G1 X126.436 Y119.858 E96.10586
G1 X126.269 Y119.884 E96.10798
G1 X126.188 Y119.892 E96.109
G0 F7200 X126.092 Y119.898
G0 X125.988 Y119.896
G0 X126.145 Y119.645
;TYPE:SKIN
G1 F1800 X125.864 Y119.642 E96.11097
G0 F7200 X125.825 Y119.792
G1 F1500 E89.61097
G0 F7200 X127.3 Y119.376
G0 X132.701 Y116.847
G0 X134.62 Y116.947
G1 F1500 E96.11097
G0 F7200 X134.573 Y117.035
;TYPE:WALL-OUTER
G1 F1800 X134.201 Y116.915 E96.11587
G1 X133.806 Y116.891 E96.12084
G1 X133.731 Y116.884 E96.12178
G1 X133.565 Y116.858 E96.12389
G1 X133.564 Y116.364 E96.13008
G1 X133.676 Y116.381 E96.1315
G1 X133.853 Y116.396 E96.13373
G1 X133.91 Y116.396 E96.13445
G1 X134.266 Y116.421 E96.13892
G1 X134.675 Y116.536 E96.14425
G1 X134.919 Y116.661 E96.14769
G1 X135.019 Y116.727 E96.14919
G1 X135.337 Y117.021 E96.15462
G1 X135.409 Y117.113 E96.15609
G1 X135.616 Y117.482 E96.16139
G1 X135.727 Y117.878 E96.16655
G1 X135.743 Y118.293 E96.17176
G1 X135.729 Y118.416 E96.17331
G1 X135.616 Y118.818 E96.17855
G1 X135.409 Y119.187 E96.18385
G1 X135.337 Y119.279 E96.18532
G1 X135.019 Y119.573 E96.19075
G1 X134.925 Y119.636 E96.19217
G1 X134.532 Y119.817 E96.19759
G1 X134.418 Y119.849 E96.19908
G1 X133.985 Y119.9 E96.20455
G1 X133.863 Y119.898 E96.20608
G1 X133.731 Y119.884 E96.20774
G1 X133.565 Y119.858 E96.20985
G1 X133.564 Y119.363 E96.21606
G1 X133.675 Y119.38 E96.21746
G1 X133.786 Y119.392 E96.21886
G1 X133.995 Y119.4 E96.22149
G1 X134.109 Y119.396 E96.22292
G1 X134.467 Y119.31 E96.22753
G1 X134.582 Y119.258 E96.22912
G1 X134.944 Y118.972 E96.2349
G1 X135.068 Y118.801 E96.23755
G1 X135.191 Y118.536 E96.24122
G1 X135.249 Y118.24 E96.245
G1 X135.193 Y117.767 E96.25097
G1 X135.018 Y117.425 E96.25579
G1 X134.941 Y117.326 E96.25736
G1 X134.573 Y117.035 E96.26324
G0 F7200 X134.383 Y116.974
G0 X134.436 Y116.727
;TYPE:SKIN
G1 F1800 X134.645 Y116.8 E96.26408
G1 X135.246 Y117.331 E96.26709
G1 X135.473 Y117.953 E96.26957
G1 X135.434 Y118.557 E96.27185
G1 X135.048 Y119.226 E96.27475
G1 X134.408 Y119.583 E96.2775
G1 X133.798 Y119.627 E96.2798
G0 F7200 X133.759 Y119.667
G0 X134.972 Y118.999
G0 X135.231 Y117.756
G0 X133.897 Y116.701
G0 X133.949 Y116.648
G1 F1800 X134.211 Y116.669 E96.28158
G0 F7200 X134.223 Y116.515
G1 F1500 E89.78158
G0 F7200 X134.222 Y116.518
G0 X135.051 Y117.404
G0 X135.393 Y119.176
G0 X136.97 Y119.176
G0 X137.65 Y120.63
G1 F1500 E96.28158
G0 F7200 X137.75 Y120.7
;TYPE:WALL-OUTER
G1 F1800 X136.95 Y120.7 E96.29162
G1 X136.95 Y108.3 E96.44712
G1 X137.75 Y108.3 E96.45715
G1 X137.75 Y120.7 E96.61265
G0 F7200 X137.55 Y120.7
G0 X137.5 Y120.451
;TYPE:SKIN
G1 F1800 X137.359 Y120.31 E96.61522
G1 X137.349 Y114.945 E96.68445
G1 X137.349 Y108.723 E96.76474
G1 X137.219 Y108.569 E96.76734
G0 F7200 X137.35 Y108.7
G1 F1500 E90.26734
G0 F7200 X136.97 Y110.947
G0 X135.598 Y111.489
G0 X134.62 Y110.947
G1 F1500 E96.76734
G0 F7200 X134.573 Y111.035
;TYPE:WALL-OUTER
G1 F1800 X134.201 Y110.915 E96.77224
G1 X133.769 Y110.888 E96.77767
G1 X133.731 Y110.884 E96.77815
G1 X133.565 Y110.858 E96.78026
G1 X133.564 Y110.364 E96.78645
G1 X133.676 Y110.381 E96.78787
G1 X133.853 Y110.396 E96.7901
G1 X133.91 Y110.396 E96.79082
G1 X134.269 Y110.421 E96.79533
G1 X134.537 Y110.485 E96.79878
G1 X134.917 Y110.661 E96.80404
G1 X135.133 Y110.818 E96.80738
G1 X135.414 Y111.122 E96.81258
G1 X135.616 Y111.482 E96.81775
G1 X135.727 Y111.878 E96.82291
G1 X135.743 Y112.293 E96.82812
G1 X135.729 Y112.416 E96.82967
G1 X135.616 Y112.818 E96.83491
G1 X135.409 Y113.187 E96.84021
G1 X135.337 Y113.279 E96.84168
G1 X135.019 Y113.573 E96.84711
G1 X134.925 Y113.636 E96.84853
G1 X134.537 Y113.815 E96.85389
G1 X134.269 Y113.879 E96.85734
G1 X133.997 Y113.9 E96.86076
G1 X133.863 Y113.898 E96.86244
G1 X133.731 Y113.884 E96.86411
G1 X133.565 Y113.858 E96.86622
G1 X133.564 Y113.363 E96.87242
G1 X133.675 Y113.38 E96.87383
G1 X133.786 Y113.392 E96.87523
G1 X133.995 Y113.4 E96.87785
G1 X134.105 Y113.396 E96.87923
G1 X134.382 Y113.341 E96.88278
G1 X134.579 Y113.26 E96.88545
G1 X134.944 Y112.972 E96.89128
G1 X135.068 Y112.801 E96.89393
G1 X135.194 Y112.529 E96.89769
G1 X135.249 Y112.06 E96.90361
G1 X135.191 Y111.764 E96.90739
G1 X135.068 Y111.499 E96.91105
G1 X134.944 Y111.328 E96.9137
G1 X134.573 Y111.035 E96.91963
G0 F7200 X134.383 Y110.974
G0 X134.483 Y110.74
;TYPE:SKIN
G1 F1800 X134.686 Y110.82 E96.9203
G1 X135.272 Y111.366 E96.92273
G1 X135.488 Y111.998 E96.92477
G1 X135.395 Y112.657 E96.92679
G1 X135.179 Y113.156 E96.92845
G1 X134.496 Y113.556 E96.93086
G1 X133.844 Y113.642 E96.93286
G0 F7200 X133.792 Y113.694
G0 X134.972 Y112.999
G0 X135.102 Y111.479
G0 X133.954 Y110.704
G0 X134.006 Y110.652
G1 F1800 X134.265 Y110.675 E96.93361
G1 X133.774 Y110.6 E96.93503
G0 F7200 X133.953 Y110.8
G1 F1500 E90.43503
;MESH:NONMESH
G0 F600 X133.953 Y110.8 Z9.8
G0 F7200 X132.7 Y110.393
G0 X126.253 Y111.754
G0 X117.616 Y111.741
G0 X111.3 Y110.435
G1 F1500 E96.93503
G0 F7200 X110.541 Y110.347
;TIME_ELAPSED:923.827930
;LAYER:48
;TYPE:WALL-OUTER
;MESH:output_v2\A_fina_conjunto.stl
G1 F1800 X110.645 Y110.319 E96.93638
G1 X110.646 Y110.805 E96.94248
G1 X110.463 Y110.854 E96.94485
G1 X110.269 Y110.884 E96.94731
G1 X110.143 Y110.895 E96.9489
G1 X109.994 Y110.9 E96.95077
G1 X109.489 Y110.9 E96.9571
G1 X109.489 Y110.4 E96.96337
G1 X110.005 Y110.4 E96.96984
G1 X110.214 Y110.392 E96.97247
G1 X110.325 Y110.38 E96.97387
G1 X110.541 Y110.347 E96.97661
G0 F7200 X110.645 Y110.319
G0 X110.645 Y110.412
G0 X110.34 Y110.623
;TYPE:SKIN
G1 F1800 X110.08 Y110.645 E96.97794
G1 X109.8 Y110.648 E96.97937
G0 F7200 X109.745 Y110.5
G1 F1500 E90.47937
G0 F7200 X109.874 Y113.417
G0 X109.578 Y116.434
G1 F1500 E96.97937
G0 F7200 X109.61 Y116.34
;TYPE:WALL-OUTER
G1 F1800 X109.896 Y116.397 E96.98303
G1 X110.042 Y116.4 E96.98486
G1 X110.256 Y116.388 E96.98755
G1 X110.424 Y116.366 E96.98967
G1 X110.542 Y116.347 E96.99117
G1 X110.645 Y116.319 E96.99251
G1 X110.646 Y116.805 E96.99861
G1 X110.463 Y116.854 E97.00098
G1 X110.269 Y116.884 E97.00344
G1 X110.143 Y116.895 E97.00503
G1 X110 Y116.9 E97.00682
G1 X109.734 Y116.879 E97.01017
G1 X109.332 Y116.766 E97.01541
G1 X108.972 Y116.564 E97.02058
G1 X108.663 Y116.279 E97.02585
G1 X108.591 Y116.187 E97.02732
G1 X108.38 Y115.811 E97.03273
G1 X108.301 Y115.567 E97.03594
G1 X108.251 Y115.14 E97.04133
G1 X108.255 Y115.019 E97.04285
G1 X108.299 Y114.745 E97.04633
G1 X108.444 Y114.352 E97.05159
G1 X108.587 Y114.118 E97.05502
G1 X108.663 Y114.021 E97.05657
G1 X108.976 Y113.732 E97.06191
G1 X109.202 Y113.594 E97.06523
G1 X109.591 Y113.45 E97.07044
G1 X110.019 Y113.4 E97.07584
G1 X110.214 Y113.392 E97.07829
G1 X110.325 Y113.38 E97.07969
G1 X110.541 Y113.347 E97.08243
G1 X110.645 Y113.319 E97.08378
G1 X110.646 Y113.805 E97.08987
G1 X110.463 Y113.854 E97.09225
G1 X110.269 Y113.884 E97.09471
G1 X110.143 Y113.895 E97.0963
G1 X110.051 Y113.898 E97.09745
G1 X109.798 Y113.915 E97.10063
G1 X109.427 Y114.035 E97.10552
G1 X109.053 Y114.33 E97.11149
G1 X108.882 Y114.585 E97.11534
G1 X108.762 Y114.958 E97.12026
G1 X108.78 Y115.43 E97.12618
G1 X108.848 Y115.64 E97.12895
G1 X109.107 Y116.026 E97.13478
G1 X109.271 Y116.166 E97.13748
G1 X109.61 Y116.34 E97.14226
G0 F7200 X109.806 Y116.379
G0 X109.846 Y116.634
;TYPE:SKIN
G1 F1800 X110.137 Y116.643 E97.14319
G1 X110.392 Y116.615 E97.14401
G1 X109.456 Y116.527 E97.14701
G0 F7200 X108.609 Y115.68
G1 F1800 X108.521 Y115.309 E97.14852
G1 X108.627 Y114.567 E97.15149
G1 X108.978 Y114.069 E97.15391
G1 X109.504 Y113.747 E97.15635
G1 X110.241 Y113.635 E97.1593
G0 F7200 X110.29 Y113.789
G1 F1500 E90.6593
G0 F7200 X110.29 Y113.78
G0 X109.024 Y114.303
G0 X108.741 Y115.436
G0 X109.913 Y116.873
G0 X109.913 Y119.42
G1 F1500 E97.1593
G0 F7200 X109.685 Y119.898
;TYPE:WALL-OUTER
G1 F1800 X109.663 Y119.9 E97.15958
G1 X109.542 Y119.9 E97.1611
G1 X109.541 Y119.4 E97.16737
G1 X110.062 Y119.4 E97.1739
G1 X110.183 Y119.394 E97.17542
G1 X110.324 Y119.381 E97.1772
G1 X110.541 Y119.347 E97.17995
G1 X110.645 Y119.319 E97.1813
G1 X110.646 Y119.805 E97.1874
G1 X110.463 Y119.854 E97.18977
G1 X110.269 Y119.884 E97.19223
G1 X110.142 Y119.895 E97.19383
G1 X110.025 Y119.9 E97.1953
G1 X109.685 Y119.898 E97.19957
G0 F7200 X109.663 Y119.9
G0 X109.542 Y119.9
G0 X109.542 Y119.843
G0 X109.769 Y119.668
;TYPE:SKIN
G1 F1800 X110.03 Y119.647 E97.20076
G1 X110.295 Y119.629 E97.20198
G0 F7200 X110.337 Y119.784
G1 F1500 E90.70198
G0 F7200 X110.337 Y119.773
G0 X107.03 Y119.886
G1 F1500 E97.20198
G0 F7200 X107.05 Y120.7
;TYPE:WALL-OUTER
G1 F1800 X106.25 Y120.7 E97.21201
G1 X106.25 Y108.3 E97.36751
G1 X107.05 Y108.3 E97.37754
G1 X107.05 Y120.7 E97.53304
G0 F7200 X106.85 Y120.7
G0 X106.65 Y120.226
;TYPE:SKIN
G1 F1800 X106.65 Y119.943 E97.53678
G1 X106.65 Y108.912 E97.68257
G1 X106.826 Y108.523 E97.68822
G0 F7200 X106.797 Y108.494
G0 X106.445 Y120.304
G1 F1800 X106.644 Y120.503 E97.68998
G0 F7200 X106.65 Y120.3
G1 F1500 E91.18998
G0 F7200 X107.915 Y119.443
G0 X108.687 Y118.547
G0 X111.493 Y118.215
G0 X116.49 Y119.336
G0 X117.665 Y119.391
G1 F1500 E97.68998
G0 F7200 X118.541 Y119.347
;TYPE:WALL-OUTER
G1 F1800 X118.645 Y119.319 E97.69133
G1 X118.646 Y119.805 E97.69743
G1 X118.463 Y119.854 E97.6998
G1 X118.269 Y119.884 E97.70226
G1 X118.189 Y119.892 E97.70327
G1 X117.909 Y119.898 E97.70678
G1 X117.776 Y119.889 E97.70845
G1 X117.631 Y119.87 E97.71029
G1 X117.545 Y119.856 E97.71138
G1 X117.355 Y119.805 E97.71385
G1 X117.354 Y119.319 E97.71994
G1 X117.459 Y119.347 E97.72131
G1 X117.676 Y119.381 E97.72406
G1 X117.896 Y119.398 E97.72683
G1 X118.212 Y119.392 E97.73079
G1 X118.325 Y119.38 E97.73222
G1 X118.541 Y119.347 E97.73496
G0 F7200 X118.645 Y119.319
G0 X118.645 Y119.412
G0 X118.222 Y119.636
;TYPE:SKIN
G1 F1800 X117.949 Y119.646 E97.73634
G1 X117.643 Y119.622 E97.73789
G0 F7200 X117.634 Y119.465
G1 F1500 E91.23789
G0 F7200 X117.632 Y119.475
G0 X118.267 Y116.865
G1 F1500 E97.73789
G0 F7200 X118.541 Y116.347
;TYPE:WALL-OUTER
G1 F1800 X118.645 Y116.319 E97.73925
G1 X118.646 Y116.805 E97.74534
G1 X118.463 Y116.854 E97.74772
G1 X118.269 Y116.884 E97.75018
G1 X118.189 Y116.892 E97.75119
G1 X117.909 Y116.898 E97.7547
G1 X117.776 Y116.889 E97.75637
G1 X117.731 Y116.884 E97.75694
G1 X117.536 Y116.854 E97.75941
G1 X117.355 Y116.805 E97.76176
G1 X117.354 Y116.319 E97.76786
G1 X117.459 Y116.347 E97.76922
G1 X117.676 Y116.381 E97.77197
G1 X117.896 Y116.398 E97.77474
G1 X118.212 Y116.392 E97.77871
G1 X118.325 Y116.38 E97.78013
G1 X118.541 Y116.347 E97.78287
G0 F7200 X118.645 Y116.319
G0 X118.645 Y116.412
G0 X118.323 Y116.626
;TYPE:SKIN
G1 F1800 X118.058 Y116.644 E97.78423
G1 X117.769 Y116.637 E97.78572
G0 F7200 X117.742 Y116.482
G1 F1500 E91.28572
G0 F7200 X117.742 Y116.486
G0 X118.267 Y113.865
G1 F1500 E97.78572
G0 F7200 X118.541 Y113.347
;TYPE:WALL-OUTER
G1 F1800 X118.645 Y113.319 E97.78707
G1 X118.646 Y113.805 E97.79316
G1 X118.463 Y113.854 E97.79554
G1 X118.269 Y113.884 E97.798
G1 X118.189 Y113.892 E97.79901
G1 X117.909 Y113.898 E97.80252
G1 X117.776 Y113.889 E97.80419
G1 X117.631 Y113.87 E97.80603
G1 X117.545 Y113.856 E97.80712
G1 X117.355 Y113.805 E97.80958
G1 X117.354 Y113.319 E97.81568
G1 X117.459 Y113.347 E97.81704
G1 X117.676 Y113.381 E97.8198
G1 X117.896 Y113.398 E97.82256
G1 X118.212 Y113.392 E97.82653
G1 X118.325 Y113.38 E97.82795
G1 X118.541 Y113.347 E97.83069
G0 F7200 X118.645 Y113.319
G0 X118.645 Y113.412
G0 X118.414 Y113.605
;TYPE:SKIN
G1 F1800 X118.166 Y113.64 E97.83171
G1 X117.591 Y113.631 E97.83406
G0 F7200 X117.74 Y113.788
G1 F1500 E91.33406
G0 F7200 X117.742 Y113.784
G0 X118.267 Y110.865
G1 F1500 E97.83406
G0 F7200 X118.541 Y110.347
;TYPE:WALL-OUTER
G1 F1800 X118.645 Y110.319 E97.83541
G1 X118.646 Y110.805 E97.84151
G1 X118.463 Y110.854 E97.84388
G1 X118.269 Y110.884 E97.84634
G1 X118.189 Y110.892 E97.84735
G1 X117.909 Y110.898 E97.85086
G1 X117.776 Y110.889 E97.85254
G1 X117.631 Y110.87 E97.85437
G1 X117.545 Y110.856 E97.85546
G1 X117.355 Y110.805 E97.85793
G1 X117.354 Y110.319 E97.86402
G1 X117.459 Y110.347 E97.86539
G1 X117.676 Y110.381 E97.86814
G1 X117.896 Y110.398 E97.87091
G1 X118.212 Y110.392 E97.87487
G1 X118.325 Y110.38 E97.8763
G1 X118.541 Y110.347 E97.87904
G0 F7200 X118.645 Y110.319
G0 X118.645 Y110.412
G0 X118.27 Y110.633
;TYPE:SKIN
G1 F1800 X117.999 Y110.645 E97.8804
G1 X117.703 Y110.632 E97.88189
G0 F7200 X117.663 Y110.47
G1 F1500 E91.38189
G0 F7200 X117.665 Y110.48
G0 X119.51 Y110.457
G0 X124.49 Y110.448
G0 X126.545 Y110.443
G1 F1500 E97.88189
G0 F7200 X126.542 Y110.347
;TYPE:WALL-OUTER
G1 F1800 X126.645 Y110.319 E97.88323
G1 X126.646 Y110.805 E97.88933
G1 X126.463 Y110.854 E97.8917
G1 X126.269 Y110.884 E97.89416
G1 X126.091 Y110.898 E97.8964
G1 X125.812 Y110.892 E97.8999
G1 X125.731 Y110.884 E97.90092
G1 X125.536 Y110.854 E97.9034
G1 X125.355 Y110.805 E97.90575
G1 X125.354 Y110.319 E97.91184
G1 X125.459 Y110.347 E97.91321
G1 X125.675 Y110.38 E97.91595
G1 X125.788 Y110.392 E97.91737
G1 X126.105 Y110.398 E97.92135
G1 X126.257 Y110.388 E97.92326
G1 X126.424 Y110.366 E97.92537
G1 X126.542 Y110.347 E97.92687
G0 F7200 X126.645 Y110.319
G0 X126.645 Y110.413
G0 X126.427 Y110.588
;TYPE:SKIN
G1 F1800 X126.196 Y110.639 E97.92783
G1 X125.607 Y110.617 E97.93021
G0 F7200 X125.73 Y110.79
G1 F1500 E91.43021
G0 F7200 X125.731 Y110.784
G0 X126.633 Y113.334
G1 F1500 E97.93021
G0 F7200 X126.542 Y113.347
;TYPE:WALL-OUTER
G1 F1800 X126.645 Y113.319 E97.93155
G1 X126.646 Y113.805 E97.93765
G1 X126.463 Y113.854 E97.94002
G1 X126.269 Y113.884 E97.94248
G1 X126.091 Y113.898 E97.94472
G1 X125.812 Y113.892 E97.94822
G1 X125.731 Y113.884 E97.94924
G1 X125.536 Y113.854 E97.95172
G1 X125.355 Y113.805 E97.95407
G1 X125.354 Y113.319 E97.96016
G1 X125.459 Y113.347 E97.96153
G1 X125.675 Y113.38 E97.96427
G1 X125.788 Y113.392 E97.96569
G1 X126.105 Y113.398 E97.96967
G1 X126.257 Y113.388 E97.97158
G1 X126.424 Y113.366 E97.97369
G1 X126.542 Y113.347 E97.97519
G0 F7200 X126.645 Y113.319
G0 X126.645 Y113.413
G0 X126.35 Y113.622
;TYPE:SKIN
G1 F1800 X126.089 Y113.644 E97.97653
G1 X125.802 Y113.64 E97.97799
G0 F7200 X125.77 Y113.486
G1 F1500 E91.47799
G0 F7200 X125.77 Y113.491
G0 X126.633 Y116.334
G1 F1500 E97.97799
G0 F7200 X126.542 Y116.347
;TYPE:WALL-OUTER
G1 F1800 X126.645 Y116.319 E97.97933
G1 X126.646 Y116.805 E97.98543
G1 X126.463 Y116.854 E97.9878
G1 X126.269 Y116.884 E97.99026
G1 X126.091 Y116.898 E97.9925
G1 X125.812 Y116.892 E97.996
G1 X125.731 Y116.884 E97.99702
G1 X125.536 Y116.854 E97.9995
G1 X125.355 Y116.805 E98.00185
G1 X125.354 Y116.319 E98.00794
G1 X125.459 Y116.347 E98.00931
G1 X125.675 Y116.38 E98.01205
G1 X125.788 Y116.392 E98.01347
G1 X126.105 Y116.398 E98.01745
G1 X126.257 Y116.388 E98.01936
G1 X126.424 Y116.366 E98.02147
G1 X126.542 Y116.347 E98.02297
G0 F7200 X126.645 Y116.319
G0 X126.645 Y116.413
G0 X126.25 Y116.634
;TYPE:SKIN
G1 F1800 X125.979 Y116.645 E98.02437
G1 X125.678 Y116.627 E98.02593
G0 F7200 X125.635 Y116.465
G1 F1500 E91.52593
G0 F7200 X125.632 Y116.474
G0 X126.633 Y119.334
G1 F1500 E98.02593
G0 F7200 X126.542 Y119.347
;TYPE:WALL-OUTER
G1 F1800 X126.645 Y119.319 E98.02726
G1 X126.646 Y119.805 E98.03336
G1 X126.463 Y119.854 E98.03573
G1 X126.269 Y119.884 E98.0382
G1 X126.091 Y119.898 E98.04044
G1 X125.812 Y119.892 E98.04393
G1 X125.731 Y119.884 E98.04496
G1 X125.536 Y119.854 E98.04743
G1 X125.355 Y119.805 E98.04978
G1 X125.354 Y119.319 E98.05588
G1 X125.459 Y119.347 E98.05724
G1 X125.675 Y119.38 E98.05998
G1 X125.788 Y119.392 E98.0614
G1 X126.105 Y119.398 E98.06538
G1 X126.257 Y119.388 E98.06729
G1 X126.424 Y119.366 E98.0694
G1 X126.542 Y119.347 E98.0709
G0 F7200 X126.645 Y119.319
G0 X126.645 Y119.413
G0 X126.401 Y119.613
;TYPE:SKIN
G1 F1800 X126.148 Y119.642 E98.0719
G1 X125.578 Y119.638 E98.07415
G0 F7200 X125.736 Y119.79
G1 F1500 E91.57415
G0 F7200 X125.737 Y119.785
G0 X126.633 Y119.334
G0 X132.491 Y116.795
G0 X134.62 Y116.947
G1 F1500 E98.07415
G0 F7200 X134.573 Y117.035
;TYPE:WALL-OUTER
G1 F1800 X134.201 Y116.915 E98.07905
G1 X133.862 Y116.895 E98.08331
G1 X133.731 Y116.884 E98.08496
G1 X133.536 Y116.854 E98.08743
G1 X133.355 Y116.805 E98.08978
G1 X133.354 Y116.319 E98.09588
G1 X133.459 Y116.347 E98.09724
G1 X133.676 Y116.381 E98.1
G1 X133.825 Y116.394 E98.10187
G1 X133.993 Y116.4 E98.10398
G1 X134.266 Y116.421 E98.10741
G1 X134.675 Y116.536 E98.11274
G1 X134.919 Y116.661 E98.11618
G1 X135.019 Y116.727 E98.11768
G1 X135.337 Y117.021 E98.12311
G1 X135.409 Y117.113 E98.12458
G1 X135.616 Y117.482 E98.12988
G1 X135.727 Y117.878 E98.13504
G1 X135.743 Y118.293 E98.14025
G1 X135.729 Y118.416 E98.1418
G1 X135.616 Y118.818 E98.14704
G1 X135.409 Y119.187 E98.15234
G1 X135.337 Y119.279 E98.15381
G1 X135.019 Y119.573 E98.15924
G1 X134.925 Y119.636 E98.16066
G1 X134.532 Y119.817 E98.16608
G1 X134.417 Y119.849 E98.16758
G1 X133.984 Y119.9 E98.17305
G1 X133.865 Y119.899 E98.17454
G1 X133.729 Y119.884 E98.17626
G1 X133.536 Y119.854 E98.17871
G1 X133.355 Y119.805 E98.18106
G1 X133.354 Y119.319 E98.18715
G1 X133.459 Y119.347 E98.18852
G1 X133.675 Y119.38 E98.19126
G1 X133.787 Y119.392 E98.19267
G1 X134.03 Y119.4 E98.19572
G1 X134.111 Y119.396 E98.19673
G1 X134.467 Y119.31 E98.20133
G1 X134.582 Y119.258 E98.20291
G1 X134.944 Y118.972 E98.2087
G1 X135.068 Y118.801 E98.21134
G1 X135.191 Y118.536 E98.21501
G1 X135.249 Y118.24 E98.21879
G1 X135.193 Y117.767 E98.22476
G1 X135.018 Y117.425 E98.22958
G1 X134.941 Y117.326 E98.23115
G1 X134.573 Y117.035 E98.23704
G0 F7200 X134.383 Y116.974
G0 X134.205 Y116.669
;TYPE:SKIN
G1 F1800 X133.9 Y116.647 E98.2386
G1 X133.596 Y116.626 E98.24015
G0 F7200 X134.512 Y116.693
G1 F1800 X134.731 Y116.912 E98.24209
G0 F7200 X135.341 Y117.522
G1 F1800 X135.467 Y117.931 E98.24385
G1 X135.39 Y118.702 E98.24702
G1 X135.046 Y119.207 E98.24952
G1 X134.533 Y119.543 E98.25204
G1 X133.782 Y119.64 E98.25514
G0 F7200 X133.748 Y119.483
G1 F1500 E91.75514
G0 F7200 X133.748 Y119.488
G0 X135.393 Y119.176
G0 X136.97 Y119.176
G0 X137.65 Y120.63
G1 F1500 E98.25514
G0 F7200 X137.75 Y120.7
;TYPE:WALL-OUTER
G1 F1800 X136.95 Y120.7 E98.26517
G1 X136.95 Y108.3 E98.42067
G1 X137.75 Y108.3 E98.4307
G1 X137.75 Y120.7 E98.5862
G0 F7200 X137.55 Y120.7
G0 X137.309 Y120.338
;TYPE:SKIN
G1 F1800 X137.349 Y120.095 E98.58947
G1 X137.349 Y108.781 E98.73953
G1 X137.449 Y108.599 E98.74229
G0 F7200 X137.344 Y108.494
G0 X137.144 Y120.456
G1 F1800 X137.192 Y120.504 E98.74271
G0 F7200 X137.35 Y120.3
G1 F1500 E92.24271
G0 F7200 X136.97 Y110.947
G0 X135.598 Y111.489
G0 X134.62 Y110.947
G1 F1500 E98.74271
G0 F7200 X134.573 Y111.035
;TYPE:WALL-OUTER
G1 F1800 X134.201 Y110.915 E98.74762
G1 X133.807 Y110.891 E98.75257
G1 X133.731 Y110.884 E98.75352
G1 X133.536 Y110.854 E98.756
G1 X133.355 Y110.805 E98.75835
G1 X133.354 Y110.319 E98.76444
G1 X133.459 Y110.347 E98.76581
G1 X133.676 Y110.381 E98.76856
G1 X133.825 Y110.394 E98.77044
G1 X133.993 Y110.4 E98.77254
G1 X134.269 Y110.421 E98.77602
G1 X134.537 Y110.485 E98.77947
G1 X134.917 Y110.661 E98.78472
G1 X135.133 Y110.818 E98.78807
G1 X135.414 Y111.122 E98.79326
G1 X135.616 Y111.482 E98.79844
G1 X135.727 Y111.878 E98.8036
G1 X135.743 Y112.293 E98.8088
G1 X135.729 Y112.416 E98.81036
G1 X135.616 Y112.818 E98.81559
G1 X135.409 Y113.187 E98.8209
G1 X135.337 Y113.279 E98.82236
G1 X135.019 Y113.573 E98.8278
G1 X134.925 Y113.636 E98.82921
G1 X134.537 Y113.815 E98.83457
G1 X134.269 Y113.879 E98.83803
G1 X133.995 Y113.9 E98.84147
G1 X133.865 Y113.899 E98.84311
G1 X133.729 Y113.884 E98.84482
G1 X133.536 Y113.854 E98.84727
G1 X133.355 Y113.805 E98.84962
G1 X133.354 Y113.319 E98.85572
G1 X133.459 Y113.347 E98.85708
G1 X133.675 Y113.38 E98.85982
G1 X133.787 Y113.392 E98.86123
G1 X134.03 Y113.4 E98.86428
G1 X134.107 Y113.396 E98.86525
G1 X134.382 Y113.341 E98.86876
G1 X134.579 Y113.26 E98.87144
G1 X134.944 Y112.972 E98.87727
G1 X135.068 Y112.801 E98.87992
G1 X135.194 Y112.529 E98.88367
G1 X135.249 Y112.06 E98.8896
G1 X135.191 Y111.764 E98.89338
G1 X135.068 Y111.499 E98.89704
G1 X134.944 Y111.328 E98.89969
G1 X134.573 Y111.035 E98.90562
G0 F7200 X134.383 Y110.974
G0 X134.505 Y110.746
;TYPE:SKIN
G1 F1800 X134.136 Y110.66 E98.90774
G1 X133.836 Y110.643 E98.90942
G0 F7200 X133.779 Y110.586
G0 X135.303 Y111.544
G0 X135.391 Y111.633
G1 F1800 X135.481 Y112.005 E98.91092
G1 X135.369 Y112.741 E98.91385
G1 X135.013 Y113.234 E98.91625
G1 X134.492 Y113.562 E98.91867
G1 X133.714 Y113.633 E98.92175
G0 F7200 X133.681 Y113.472
G1 F1500 E92.42175
;MESH:NONMESH
G0 F600 X133.681 Y113.472 Z10
G0 F7200 X133.68 Y113.481
G0 X132.49 Y113.336
G0 X127.493 Y112.215
G0 X117.361 Y111.702
G0 X111.511 Y110.791
G0 X110.545 Y110.443
G1 F1500 E98.92175
G0 F7200 X110.542 Y110.347
;TIME_ELAPSED:940.053877
;LAYER:49
;TYPE:WALL-OUTER
;MESH:output_v2\A_fina_conjunto.stl
G1 F1800 X110.855 Y110.263 E98.92581
G1 X110.856 Y110.747 E98.93188
G1 X110.838 Y110.754 E98.93212
G1 X110.464 Y110.854 E98.93698
G1 X110.269 Y110.884 E98.93945
G1 X110.124 Y110.895 E98.94128
G1 X109.992 Y110.9 E98.94293
G1 X109.78 Y110.9 E98.94559
G1 X109.78 Y110.4 E98.95186
G1 X110.029 Y110.4 E98.95498
G1 X110.228 Y110.39 E98.95748
G1 X110.358 Y110.376 E98.95912
G1 X110.542 Y110.347 E98.96146
G0 F7200 X110.735 Y110.296
G0 X110.607 Y110.574
;TYPE:SKIN
G1 F1800 X110.265 Y110.633 E98.96287
G1 X109.998 Y110.617 E98.96396
G0 F7200 X110.187 Y110.794
G1 F1500 E92.46396
G0 F7200 X110.188 Y110.789
G0 X110.021 Y113.419
G0 X109.024 Y114.303
G0 X108.741 Y115.436
G0 X109.578 Y116.434
G1 F1500 E98.96396
G0 F7200 X109.61 Y116.34
;TYPE:WALL-OUTER
G1 F1800 X109.906 Y116.396 E98.96773
G1 X110.03 Y116.4 E98.96929
G1 X110.228 Y116.39 E98.97178
G1 X110.358 Y116.376 E98.97342
G1 X110.542 Y116.347 E98.97575
G1 X110.855 Y116.263 E98.97982
G1 X110.856 Y116.747 E98.98589
G1 X110.838 Y116.754 E98.98613
G1 X110.464 Y116.854 E98.99098
G1 X110.269 Y116.884 E98.99346
G1 X110.124 Y116.895 E98.99528
G1 X110 Y116.9 E98.99684
G1 X109.734 Y116.879 E99.00018
G1 X109.332 Y116.766 E99.00542
G1 X108.972 Y116.564 E99.0106
G1 X108.663 Y116.279 E99.01587
G1 X108.591 Y116.187 E99.01733
G1 X108.38 Y115.811 E99.02274
G1 X108.301 Y115.567 E99.02596
G1 X108.251 Y115.14 E99.03135
G1 X108.255 Y115.019 E99.03287
G1 X108.299 Y114.745 E99.03635
G1 X108.444 Y114.352 E99.0416
G1 X108.587 Y114.118 E99.04504
G1 X108.663 Y114.021 E99.04658
G1 X108.976 Y113.732 E99.05192
G1 X109.202 Y113.594 E99.05525
G1 X109.591 Y113.45 E99.06045
G1 X110.02 Y113.4 E99.06586
G1 X110.227 Y113.391 E99.06846
G1 X110.358 Y113.376 E99.07012
G1 X110.542 Y113.347 E99.07245
G1 X110.855 Y113.263 E99.07652
G1 X110.856 Y113.747 E99.08258
G1 X110.838 Y113.754 E99.08283
G1 X110.464 Y113.854 E99.08768
G1 X110.269 Y113.884 E99.09016
G1 X110.144 Y113.895 E99.09173
G1 X110.015 Y113.899 E99.09335
G1 X109.797 Y113.915 E99.09609
G1 X109.427 Y114.035 E99.10097
G1 X109.053 Y114.33 E99.10694
G1 X108.882 Y114.585 E99.11079
G1 X108.762 Y114.958 E99.1157
G1 X108.78 Y115.43 E99.12163
G1 X108.848 Y115.64 E99.1244
G1 X109.107 Y116.026 E99.13023
G1 X109.271 Y116.166 E99.13293
G1 X109.61 Y116.34 E99.13771
G0 F7200 X109.806 Y116.377
G0 X109.717 Y116.556
;TYPE:SKIN
G1 F1800 X109.627 Y116.646 E99.13851
G0 F7200 X109.45 Y116.54
G1 F1800 X109.265 Y116.442 E99.13923
G1 X108.811 Y116.047 E99.14131
G1 X108.538 Y115.472 E99.14351
G1 X108.523 Y114.921 E99.14541
G1 X108.672 Y114.489 E99.14699
G1 X109.323 Y113.838 E99.15017
G1 X110.082 Y113.645 E99.15287
G1 X110.394 Y113.617 E99.15395
G0 F7200 X110.454 Y113.557
G0 X109.409 Y114
G0 X108.723 Y114.953
G0 X109.078 Y116.052
G0 X110.585 Y116.537
G0 X110.529 Y116.593
G1 F1800 X110.2 Y116.639 E99.15557
G1 X109.914 Y116.642 E99.15697
G0 F7200 X109.822 Y116.787
G1 F1500 E92.65697
G0 F7200 X109.822 Y116.786
G0 X110 Y119.42
G1 F1500 E99.15697
G0 F7200 X109.942 Y119.899
;TYPE:WALL-OUTER
G1 F1800 X109.457 Y119.9 E99.16305
G1 X109.456 Y119.4 E99.16932
G1 X110.087 Y119.4 E99.17723
G1 X110.323 Y119.381 E99.1802
G1 X110.541 Y119.347 E99.18297
G1 X110.855 Y119.263 E99.18705
G1 X110.856 Y119.747 E99.19312
G1 X110.838 Y119.754 E99.19336
G1 X110.464 Y119.854 E99.19821
G1 X110.269 Y119.884 E99.20069
G1 X110.123 Y119.895 E99.20252
G1 X110.06 Y119.898 E99.20331
G1 X110.001 Y119.897 E99.20405
G1 X109.942 Y119.899 E99.20479
G0 F7200 X109.742 Y119.899
G0 X109.736 Y119.648
;TYPE:SKIN
G1 F1800 X110.019 Y119.648 E99.20588
G1 X110.642 Y119.59 E99.20827
G0 F7200 X110.483 Y119.762
G1 F1500 E92.70827
G0 F7200 X110.481 Y119.746
G0 X109.471 Y119.886
G0 X107.03 Y119.886
G1 F1500 E99.20827
G0 F7200 X107.05 Y120.7
;TYPE:WALL-OUTER
G1 F1800 X106.25 Y120.7 E99.2183
G1 X106.25 Y108.3 E99.3738
G1 X107.05 Y108.3 E99.38383
G1 X107.05 Y120.7 E99.53933
G0 F7200 X106.85 Y120.7
G0 X106.736 Y120.386
;TYPE:SKIN
G1 F1800 X106.649 Y120.189 E99.54217
G1 X106.649 Y108.876 E99.69105
G1 X106.597 Y108.646 E99.69415
G0 F7200 X106.65 Y108.7
G1 F1500 E93.19415
G0 F7200 X107.03 Y119.444
G0 X108.605 Y120.754
G0 X110.172 Y120.758
G0 X116.28 Y119.425
G0 X118.562 Y119.444
G1 F1500 E99.69415
G0 F7200 X118.542 Y119.347
;TYPE:WALL-OUTER
G1 F1800 X118.855 Y119.263 E99.69822
G1 X118.856 Y119.747 E99.70428
G1 X118.838 Y119.754 E99.70453
G1 X118.462 Y119.854 E99.70941
G1 X118.258 Y119.885 E99.71199
G1 X118.188 Y119.892 E99.71288
G1 X117.898 Y119.898 E99.71651
G1 X117.802 Y119.891 E99.71772
G1 X117.691 Y119.879 E99.71912
G1 X117.545 Y119.856 E99.72097
G1 X117.167 Y119.755 E99.72588
G1 X117.145 Y119.746 E99.72618
G1 X117.144 Y119.263 E99.73224
G1 X117.459 Y119.347 E99.73385
G1 X117.688 Y119.382 E99.73676
G1 X117.895 Y119.398 E99.73936
G1 X118.213 Y119.392 E99.74335
G1 X118.357 Y119.376 E99.74517
G1 X118.542 Y119.347 E99.74751
G0 F7200 X118.735 Y119.296
G0 X118.572 Y119.581
;TYPE:SKIN
G1 F1800 X118.232 Y119.637 E99.7489
G1 X117.44 Y119.581 E99.75208
G0 F7200 X117.408 Y119.744
G1 F1500 E93.25208
G0 F7200 X117.415 Y119.719
G0 X117.898 Y116.878
G1 F1500 E99.75208
G0 F7200 X118.542 Y116.347
;TYPE:WALL-OUTER
G1 F1800 X118.855 Y116.263 E99.75614
G1 X118.856 Y116.747 E99.76221
G1 X118.838 Y116.754 E99.76246
G1 X118.462 Y116.854 E99.76734
G1 X118.258 Y116.885 E99.76992
G1 X118.188 Y116.892 E99.7708
G1 X117.898 Y116.898 E99.77444
G1 X117.731 Y116.884 E99.77654
G1 X117.536 Y116.854 E99.77902
G1 X117.167 Y116.755 E99.78381
G1 X117.145 Y116.746 E99.78411
G1 X117.144 Y116.263 E99.79016
G1 X117.459 Y116.347 E99.79178
G1 X117.688 Y116.382 E99.79469
G1 X117.895 Y116.398 E99.79729
G1 X118.213 Y116.392 E99.80128
G1 X118.357 Y116.376 E99.80309
G1 X118.542 Y116.347 E99.80544
G0 F7200 X118.735 Y116.296
G0 X118.43 Y116.611
;TYPE:SKIN
G1 F1800 X118.115 Y116.643 E99.80669
G1 X117.36 Y116.55 E99.80967
G0 F7200 X117.516 Y116.761
G1 F1500 E93.30967
G0 F7200 X117.52 Y116.747
G0 X118.546 Y116.366
G0 X118.256 Y113.866
G1 F1500 E99.80967
G0 F7200 X118.542 Y113.347
;TYPE:WALL-OUTER
G1 F1800 X118.855 Y113.263 E99.81374
G1 X118.856 Y113.747 E99.8198
G1 X118.838 Y113.754 E99.82005
G1 X118.462 Y113.854 E99.82493
G1 X118.258 Y113.885 E99.82751
G1 X118.188 Y113.892 E99.8284
G1 X117.898 Y113.898 E99.83203
G1 X117.802 Y113.891 E99.83324
G1 X117.691 Y113.879 E99.83464
G1 X117.545 Y113.856 E99.83649
G1 X117.167 Y113.755 E99.8414
G1 X117.145 Y113.746 E99.8417
G1 X117.144 Y113.263 E99.84776
G1 X117.459 Y113.347 E99.84937
G1 X117.688 Y113.382 E99.85228
G1 X117.895 Y113.398 E99.85488
G1 X118.213 Y113.392 E99.85887
G1 X118.357 Y113.376 E99.86069
G1 X118.542 Y113.347 E99.86303
G0 F7200 X118.735 Y113.296
G0 X118.629 Y113.584
;TYPE:SKIN
G1 F1800 X118.299 Y113.63 E99.86425
G1 X117.49 Y113.591 E99.8672
G0 F7200 X117.456 Y113.751
G1 F1500 E93.3672
G0 F7200 X117.461 Y113.731
G0 X118.546 Y113.366
G0 X118.256 Y110.866
G1 F1500 E99.8672
G0 F7200 X118.542 Y110.347
;TYPE:WALL-OUTER
G1 F1800 X118.855 Y110.263 E99.87126
G1 X118.856 Y110.747 E99.87733
G1 X118.838 Y110.754 E99.87757
G1 X118.462 Y110.854 E99.88245
G1 X118.258 Y110.885 E99.88504
G1 X118.188 Y110.892 E99.88592
G1 X117.898 Y110.898 E99.88956
G1 X117.802 Y110.891 E99.89077
G1 X117.691 Y110.879 E99.89217
G1 X117.545 Y110.856 E99.89402
G1 X117.167 Y110.755 E99.89893
G1 X117.145 Y110.746 E99.89923
G1 X117.144 Y110.263 E99.90528
G1 X117.459 Y110.347 E99.9069
G1 X117.688 Y110.382 E99.9098
G1 X117.895 Y110.398 E99.91241
G1 X118.213 Y110.392 E99.9164
G1 X118.357 Y110.376 E99.91821
G1 X118.542 Y110.347 E99.92056
G0 F7200 X118.735 Y110.296
G0 X118.503 Y110.598
;TYPE:SKIN
G1 F1800 X118.177 Y110.641 E99.92189
G1 X117.397 Y110.572 E99.92504
G0 F7200 X117.332 Y110.726
G1 F1500 E93.42504
G0 F7200 X117.339 Y110.699
G0 X118.855 Y110.459
G0 X124.28 Y110.447
G0 X126.562 Y110.444
G1 F1500 E99.92504
G0 F7200 X126.542 Y110.347
;TYPE:WALL-OUTER
G1 F1800 X126.855 Y110.263 E99.9291
G1 X126.856 Y110.747 E99.93517
G1 X126.838 Y110.754 E99.93541
G1 X126.462 Y110.854 E99.94029
G1 X126.258 Y110.885 E99.94288
G1 X126.09 Y110.898 E99.94499
G1 X125.813 Y110.892 E99.94847
G1 X125.69 Y110.879 E99.95002
G1 X125.545 Y110.856 E99.95186
G1 X125.167 Y110.755 E99.95677
G1 X125.145 Y110.746 E99.95707
G1 X125.144 Y110.263 E99.96312
G1 X125.459 Y110.347 E99.96474
G1 X125.687 Y110.381 E99.96763
G1 X125.788 Y110.392 E99.9689
G1 X126.117 Y110.398 E99.97303
G1 X126.23 Y110.39 E99.97445
G1 X126.358 Y110.376 E99.97607
G1 X126.542 Y110.347 E99.9784
G0 F7200 X126.735 Y110.296
G0 X126.406 Y110.614
;TYPE:SKIN
G1 F1800 X126.092 Y110.646 E99.97983
G1 X125.565 Y110.607 E99.98222
G0 F7200 X125.53 Y110.762
G1 F1500 E93.48222
G0 F7200 X125.533 Y110.75
G0 X126.843 Y113.278
G1 F1500 E99.98222
G0 F7200 X126.542 Y113.347
;TYPE:WALL-OUTER
G1 F1800 X126.855 Y113.263 E99.98628
G1 X126.856 Y113.747 E99.99235
G1 X126.838 Y113.754 E99.9926
G1 X126.462 Y113.854 E99.99748
G1 X126.258 Y113.885 E100.00006
G1 X126.09 Y113.898 E100.00218
G1 X125.813 Y113.892 E100.00565
G1 X125.69 Y113.879 E100.0072
G1 X125.545 Y113.856 E100.00904
G1 X125.167 Y113.755 E100.01395
G1 X125.145 Y113.746 E100.01425
G1 X125.144 Y113.263 E100.0203
G1 X125.459 Y113.347 E100.02192
G1 X125.687 Y113.381 E100.02481
G1 X125.788 Y113.392 E100.02608
G1 X126.117 Y113.398 E100.03021
G1 X126.23 Y113.39 E100.03163
G1 X126.358 Y113.376 E100.03325
G1 X126.542 Y113.347 E100.03558
G0 F7200 X126.735 Y113.296
G0 X126.544 Y113.588
;TYPE:SKIN
G1 F1800 X126.21 Y113.639 E100.03694
G1 X125.423 Y113.577 E100.0401
G0 F7200 X125.378 Y113.738
G1 F1500 E93.5401
G0 F7200 X125.385 Y113.711
G0 X126.843 Y116.278
G1 F1500 E100.0401
G0 F7200 X126.542 Y116.347
;TYPE:WALL-OUTER
G1 F1800 X126.855 Y116.263 E100.04417
G1 X126.856 Y116.747 E100.05024
G1 X126.838 Y116.754 E100.05048
G1 X126.462 Y116.854 E100.05536
G1 X126.258 Y116.885 E100.05794
G1 X126.09 Y116.898 E100.06006
G1 X125.803 Y116.891 E100.06366
G1 X125.691 Y116.879 E100.06507
G1 X125.545 Y116.856 E100.06692
G1 X125.167 Y116.755 E100.07183
G1 X125.145 Y116.746 E100.07213
G1 X125.144 Y116.263 E100.07819
G1 X125.459 Y116.347 E100.0798
G1 X125.687 Y116.381 E100.08269
G1 X125.788 Y116.392 E100.08397
G1 X126.117 Y116.398 E100.08809
G1 X126.23 Y116.39 E100.08951
G1 X126.358 Y116.376 E100.09113
G1 X126.542 Y116.347 E100.09346
G0 F7200 X126.735 Y116.296
G0 X126.335 Y116.625
;TYPE:SKIN
G1 F1800 X126.032 Y116.646 E100.09483
G1 X125.516 Y116.596 E100.09716
G0 F7200 X125.481 Y116.755
G1 F1500 E93.59716
G0 F7200 X125.486 Y116.738
G0 X126.843 Y119.278
G1 F1500 E100.09716
G0 F7200 X126.542 Y119.347
;TYPE:WALL-OUTER
G1 F1800 X126.855 Y119.263 E100.10123
G1 X126.856 Y119.747 E100.1073
G1 X126.838 Y119.754 E100.10754
G1 X126.462 Y119.854 E100.11242
G1 X126.258 Y119.885 E100.115
G1 X126.09 Y119.898 E100.11712
G1 X125.813 Y119.892 E100.12059
G1 X125.69 Y119.879 E100.12214
G1 X125.545 Y119.856 E100.12398
G1 X125.167 Y119.755 E100.12889
G1 X125.145 Y119.746 E100.12919
G1 X125.144 Y119.263 E100.13525
G1 X125.459 Y119.347 E100.13686
G1 X125.687 Y119.381 E100.13975
G1 X125.788 Y119.392 E100.14103
G1 X126.117 Y119.398 E100.14515
G1 X126.23 Y119.39 E100.14657
G1 X126.358 Y119.376 E100.14819
G1 X126.542 Y119.347 E100.15052
G0 F7200 X126.735 Y119.296
G0 X126.467 Y119.605
;TYPE:SKIN
G1 F1800 X126.145 Y119.644 E100.15186
G1 X125.373 Y119.567 E100.15505
G0 F7200 X125.309 Y119.72
G1 F1500 E93.65505
G0 F7200 X125.316 Y119.693
G0 X126.843 Y119.278
G0 X132.28 Y116.738
G0 X134.62 Y116.947
G1 F1500 E100.15505
G0 F7200 X134.573 Y117.035
;TYPE:WALL-OUTER
G1 F1800 X134.201 Y116.915 E100.15995
G1 X133.862 Y116.895 E100.16421
G1 X133.731 Y116.884 E100.16586
G1 X133.536 Y116.854 E100.16833
G1 X133.167 Y116.755 E100.17312
G1 X133.145 Y116.746 E100.17342
G1 X133.144 Y116.263 E100.17948
G1 X133.459 Y116.347 E100.18109
G1 X133.688 Y116.382 E100.184
G1 X133.799 Y116.392 E100.18539
G1 X133.991 Y116.4 E100.1878
G1 X134.266 Y116.421 E100.19126
G1 X134.675 Y116.536 E100.19659
G1 X134.919 Y116.661 E100.20003
G1 X135.019 Y116.727 E100.20153
G1 X135.337 Y117.021 E100.20696
G1 X135.409 Y117.113 E100.20843
G1 X135.616 Y117.482 E100.21373
G1 X135.727 Y117.878 E100.21889
G1 X135.743 Y118.293 E100.2241
G1 X135.729 Y118.416 E100.22565
G1 X135.616 Y118.818 E100.23089
G1 X135.409 Y119.187 E100.23619
G1 X135.337 Y119.279 E100.23766
G1 X135.019 Y119.573 E100.24309
G1 X134.925 Y119.636 E100.24451
G1 X134.532 Y119.817 E100.24993
G1 X134.417 Y119.849 E100.25143
G1 X133.983 Y119.9 E100.25691
G1 X133.866 Y119.9 E100.25838
G1 X133.693 Y119.88 E100.26056
G1 X133.545 Y119.856 E100.26244
G1 X133.167 Y119.755 E100.26735
G1 X133.145 Y119.746 E100.26765
G1 X133.144 Y119.263 E100.2737
G1 X133.459 Y119.347 E100.27532
G1 X133.687 Y119.381 E100.27821
G1 X133.786 Y119.392 E100.27946
G1 X134.006 Y119.4 E100.28222
G1 X134.11 Y119.396 E100.28353
G1 X134.467 Y119.31 E100.28813
G1 X134.582 Y119.258 E100.28971
G1 X134.944 Y118.972 E100.2955
G1 X135.068 Y118.801 E100.29815
G1 X135.191 Y118.536 E100.30181
G1 X135.249 Y118.24 E100.30559
G1 X135.193 Y117.767 E100.31157
G1 X135.018 Y117.425 E100.31639
G1 X134.941 Y117.326 E100.31796
G1 X134.573 Y117.035 E100.32384
G0 F7200 X134.383 Y116.974
G0 X134.436 Y116.727
;TYPE:SKIN
G1 F1800 X134.645 Y116.8 E100.32467
G1 X135.246 Y117.331 E100.32767
G1 X135.473 Y117.953 E100.33015
G1 X135.434 Y118.557 E100.33241
G1 X135.048 Y119.226 E100.3353
G1 X134.408 Y119.583 E100.33804
G1 X133.787 Y119.638 E100.34037
G1 X133.541 Y119.601 E100.3413
G0 F7200 X133.501 Y119.642
G0 X134.602 Y119.292
G0 X135.288 Y118.241
G0 X134.663 Y117.057
G0 X133.949 Y116.649
G1 F1800 X134.211 Y116.669 E100.34217
G1 X133.448 Y116.583 E100.34472
G0 F7200 X133.417 Y116.745
G1 F1500 E93.84472
G0 F7200 X133.423 Y116.721
G0 X134.591 Y117
G0 X135.393 Y119.176
G0 X136.97 Y119.176
G0 X137.65 Y120.63
G1 F1500 E100.34472
G0 F7200 X137.75 Y120.7
;TYPE:WALL-OUTER
G1 F1800 X136.95 Y120.7 E100.35475
G1 X136.95 Y108.3 E100.51025
G1 X137.75 Y108.3 E100.52029
G1 X137.75 Y120.7 E100.67579
G0 F7200 X137.55 Y120.7
G0 X137.5 Y120.451
;TYPE:SKIN
G1 F1800 X137.359 Y120.31 E100.67836
G1 X137.349 Y114.945 E100.74759
G1 X137.349 Y108.723 E100.82788
G1 X137.219 Y108.569 E100.83048
G0 F7200 X137.35 Y108.7
G1 F1500 E94.33048
G0 F7200 X136.97 Y110.947
G0 X135.598 Y111.489
G0 X134.62 Y110.947
G1 F1500 E100.83048
G0 F7200 X134.573 Y111.035
;TYPE:WALL-OUTER
G1 F1800 X134.201 Y110.915 E100.83538
G1 X133.844 Y110.894 E100.83987
G1 X133.688 Y110.879 E100.84183
G1 X133.545 Y110.856 E100.84365
G1 X133.167 Y110.755 E100.84855
G1 X133.145 Y110.746 E100.84885
G1 X133.144 Y110.263 E100.85491
G1 X133.459 Y110.347 E100.85653
G1 X133.688 Y110.382 E100.85943
G1 X133.799 Y110.392 E100.86083
G1 X133.991 Y110.4 E100.86324
G1 X134.269 Y110.421 E100.86673
G1 X134.537 Y110.485 E100.87019
G1 X134.917 Y110.661 E100.87544
G1 X135.133 Y110.818 E100.87879
G1 X135.414 Y111.122 E100.88398
G1 X135.616 Y111.482 E100.88916
G1 X135.727 Y111.878 E100.89432
G1 X135.743 Y112.293 E100.89952
G1 X135.729 Y112.416 E100.90108
G1 X135.616 Y112.818 E100.90631
G1 X135.409 Y113.187 E100.91162
G1 X135.337 Y113.279 E100.91308
G1 X135.019 Y113.573 E100.91851
G1 X134.925 Y113.636 E100.91993
G1 X134.537 Y113.815 E100.92529
G1 X134.269 Y113.879 E100.92875
G1 X133.995 Y113.9 E100.93219
G1 X133.866 Y113.9 E100.93381
G1 X133.693 Y113.88 E100.936
G1 X133.545 Y113.856 E100.93788
G1 X133.167 Y113.755 E100.94278
G1 X133.145 Y113.746 E100.94308
G1 X133.144 Y113.263 E100.94914
G1 X133.459 Y113.347 E100.95075
G1 X133.687 Y113.381 E100.95364
G1 X133.786 Y113.392 E100.95489
G1 X134.006 Y113.4 E100.95765
G1 X134.106 Y113.396 E100.95891
G1 X134.382 Y113.341 E100.96244
G1 X134.579 Y113.26 E100.96511
G1 X134.944 Y112.972 E100.97094
G1 X135.068 Y112.801 E100.97359
G1 X135.194 Y112.529 E100.97735
G1 X135.249 Y112.06 E100.98327
G1 X135.191 Y111.764 E100.98705
G1 X135.068 Y111.499 E100.99072
G1 X134.944 Y111.328 E100.99336
G1 X134.573 Y111.035 E100.99929
G0 F7200 X134.383 Y110.974
G0 X134.483 Y110.74
;TYPE:SKIN
G1 F1800 X134.686 Y110.82 E100.99995
G1 X135.272 Y111.366 E101.00234
G1 X135.488 Y111.998 E101.00434
G1 X135.395 Y112.657 E101.00632
G1 X135.179 Y113.156 E101.00795
G1 X134.496 Y113.556 E101.01031
G1 X133.843 Y113.643 E101.01228
G1 X133.364 Y113.556 E101.01374
G0 F7200 X133.339 Y113.582
G0 X134.599 Y113.294
G0 X135.288 Y112.059
G0 X134.665 Y111.058
G0 X133.693 Y110.682
G0 X133.74 Y110.634
G1 F1800 X134.005 Y110.652 E101.01488
G1 X133.499 Y110.593 E101.01708
G0 F7200 X133.465 Y110.753
G1 F1500 E94.51708
;MESH:NONMESH
G0 F600 X133.465 Y110.753 Z10.2
G0 F7200 X133.47 Y110.734
G0 X132.28 Y110.296
G0 X126.367 Y111.743
G0 X117.581 Y111.737
G0 X111.72 Y110.277
G1 F1500 E101.01708
G0 F7200 X110.962 Y110.234
;TIME_ELAPSED:956.956712
;LAYER:50
;TYPE:WALL-OUTER
;MESH:output_v2\A_fina_conjunto.stl
G1 F1800 X111.065 Y110.195 E101.01846
G1 X111.066 Y110.665 E101.02435
G1 X110.834 Y110.755 E101.02747
G1 X110.618 Y110.813 E101.03028
G1 X110.617 Y110.327 E101.03637
G1 X110.962 Y110.234 E101.04085
G0 F7200 X111.065 Y110.195
G0 X111.065 Y110.285
G0 X110.776 Y110.699
G1 F1500 E94.54085
G0 F7200 X110.768 Y110.669
G0 X111.054 Y113.211
G1 F1500 E101.04085
G0 F7200 X110.962 Y113.234
G1 F1800 X111.065 Y113.195 E101.04224
G1 X111.066 Y113.665 E101.04813
G1 X110.834 Y113.755 E101.05125
G1 X110.618 Y113.813 E101.05406
G1 X110.617 Y113.327 E101.06015
G1 X110.962 Y113.234 E101.06463
G0 F7200 X111.065 Y113.195
G0 X111.065 Y113.285
G0 X110.776 Y113.699
G1 F1500 E94.56463
G0 F7200 X110.768 Y113.669
G0 X111.054 Y116.211
G1 F1500 E101.06463
G0 F7200 X110.962 Y116.234
G1 F1800 X111.065 Y116.195 E101.06601
G1 X111.066 Y116.665 E101.07191
G1 X110.834 Y116.755 E101.07503
G1 X110.618 Y116.813 E101.07783
G1 X110.618 Y116.326 E101.08394
G1 X110.962 Y116.234 E101.0884
G0 F7200 X111.065 Y116.195
G0 X111.065 Y116.285
G0 X110.871 Y116.528
;TYPE:SKIN
G1 F1800 X110.816 Y116.473 E101.08889
G0 F7200 X110.748 Y116.358
G1 F1500 E94.58889
G0 F7200 X110.755 Y116.392
G0 X111.054 Y119.211
G1 F1500 E101.08889
G0 F7200 X110.962 Y119.234
;TYPE:WALL-OUTER
G1 F1800 X111.065 Y119.195 E101.09027
G1 X111.066 Y119.665 E101.09617
G1 X110.834 Y119.755 E101.09929
G1 X110.618 Y119.813 E101.10209
G1 X110.617 Y119.327 E101.10819
G1 X110.962 Y119.234 E101.11267
G0 F7200 X111.065 Y119.195
G0 X111.065 Y119.285
G0 X110.776 Y119.699
G0 X109.842 Y119.899
G1 F1800 X109.385 Y119.9 E101.1184
G1 X109.384 Y119.4 E101.12467
G1 X109.841 Y119.4 E101.1304
G1 X109.842 Y119.899 E101.13666
G0 F7200 X109.642 Y119.899
G0 X109.643 Y119.8
G1 F1500 E94.63666
G0 F7200 X109.644 Y119.799
G0 X107.03 Y119.886
G1 F1500 E101.13666
G0 F7200 X107.05 Y120.7
G1 F1800 X106.25 Y120.7 E101.14669
G1 X106.25 Y108.3 E101.30219
G1 X107.05 Y108.3 E101.31222
G1 X107.05 Y120.7 E101.46772
G0 F7200 X106.85 Y120.7
G0 X106.65 Y120.226
;TYPE:SKIN
G1 F1800 X106.65 Y119.943 E101.47146
G1 X106.65 Y108.912 E101.61725
G1 X106.826 Y108.523 E101.6229
G0 F7200 X106.797 Y108.494
G0 X106.445 Y120.304
G1 F1800 X106.644 Y120.503 E101.62466
G0 F7200 X106.65 Y120.3
G1 F1500 E95.12466
G0 F7200 X107.03 Y119.331
G0 X108.53 Y118.547
G0 X111.911 Y117.963
G0 X116.07 Y119.311
G1 F1500 E101.62466
G0 F7200 X117.038 Y119.235
;TYPE:WALL-OUTER
G1 F1800 X117.382 Y119.325 E101.62912
G1 X117.383 Y119.813 E101.63524
G1 X117.166 Y119.755 E101.63806
G1 X116.935 Y119.666 E101.64116
G1 X116.934 Y119.195 E101.64707
G1 X117.038 Y119.235 E101.64847
G0 F7200 X117.231 Y119.285
G0 X117.25 Y119.358
G1 F1500 E95.14847
G0 F7200 X117.24 Y119.39
G0 X118.638 Y119.331
G1 F1500 E101.64847
G0 F7200 X118.962 Y119.234
G1 F1800 X119.065 Y119.195 E101.64985
G1 X119.066 Y119.665 E101.65574
G1 X118.834 Y119.755 E101.65886
G1 X118.618 Y119.813 E101.66167
G1 X118.618 Y119.326 E101.66777
G1 X118.962 Y119.234 E101.67224
G0 F7200 X119.065 Y119.195
G0 X119.065 Y119.285
G0 X118.775 Y119.698
G1 F1500 E95.17224
G0 F7200 X118.768 Y119.669
G0 X118.63 Y116.798
G1 F1500 E101.67224
G0 F7200 X118.962 Y116.234
G1 F1800 X119.065 Y116.195 E101.67362
G1 X119.066 Y116.665 E101.67951
G1 X118.834 Y116.755 E101.68263
G1 X118.618 Y116.813 E101.68544
G1 X118.618 Y116.326 E101.69155
G1 X118.962 Y116.234 E101.69601
G0 F7200 X119.065 Y116.195
G0 X119.065 Y116.285
G0 X118.775 Y116.698
G1 F1500 E95.19601
G0 F7200 X118.768 Y116.669
G0 X117.362 Y116.331
G1 F1500 E101.69601
G0 F7200 X117.038 Y116.235
G1 F1800 X117.382 Y116.325 E101.70047
G1 X117.382 Y116.813 E101.70659
G1 X117.166 Y116.755 E101.7094
G1 X116.935 Y116.666 E101.7125
G1 X116.934 Y116.195 E101.71841
G1 X117.038 Y116.235 E101.7198
G0 F7200 X117.231 Y116.285
G0 X117.25 Y116.358
G1 F1500 E95.2198
G0 F7200 X117.24 Y116.39
G0 X117.371 Y113.798
G1 F1500 E101.7198
G0 F7200 X117.038 Y113.235
G1 F1800 X117.382 Y113.325 E101.72426
G1 X117.383 Y113.813 E101.73038
G1 X117.166 Y113.755 E101.7332
G1 X116.935 Y113.666 E101.7363
G1 X116.934 Y113.195 E101.74221
G1 X117.038 Y113.235 E101.74361
G0 F7200 X117.231 Y113.285
G0 X117.139 Y113.462
;TYPE:SKIN
G1 F1800 X117.186 Y113.509 E101.74402
G0 F7200 X117.335 Y113.509
G1 F1500 E95.24402
G0 F7200 X117.282 Y113.508
G0 X118.638 Y113.331
G1 F1500 E101.74402
G0 F7200 X118.962 Y113.234
;TYPE:WALL-OUTER
G1 F1800 X119.065 Y113.195 E101.74541
G1 X119.066 Y113.665 E101.7513
G1 X118.834 Y113.755 E101.75442
G1 X118.618 Y113.813 E101.75722
G1 X118.618 Y113.326 E101.76333
G1 X118.962 Y113.234 E101.7678
G0 F7200 X119.065 Y113.195
G0 X119.065 Y113.285
G0 X118.775 Y113.698
G1 F1500 E95.2678
G0 F7200 X118.768 Y113.669
G0 X118.63 Y110.798
G1 F1500 E101.7678
G0 F7200 X118.962 Y110.234
G1 F1800 X119.065 Y110.195 E101.76918
G1 X119.066 Y110.665 E101.77507
G1 X118.834 Y110.755 E101.77819
G1 X118.618 Y110.813 E101.781
G1 X118.618 Y110.326 E101.7871
G1 X118.962 Y110.234 E101.79157
G0 F7200 X119.065 Y110.195
G0 X119.065 Y110.285
G0 X118.775 Y110.698
G1 F1500 E95.29157
G0 F7200 X118.768 Y110.669
G0 X117.382 Y110.333
G1 F1500 E101.79157
G0 F7200 X117.038 Y110.235
G1 F1800 X117.382 Y110.325 E101.79603
G1 X117.383 Y110.813 E101.80215
G1 X117.166 Y110.755 E101.80497
G1 X116.935 Y110.666 E101.80807
G1 X116.934 Y110.195 E101.81398
G1 X117.038 Y110.235 E101.81537
G0 F7200 X117.231 Y110.285
G0 X117.25 Y110.358
G1 F1500 E95.31537
G0 F7200 X117.24 Y110.39
G0 X119.911 Y108.963
G0 X124.07 Y110.331
G1 F1500 E101.81537
G0 F7200 X125.038 Y110.235
G1 F1800 X125.382 Y110.325 E101.81983
G1 X125.382 Y110.813 E101.82595
G1 X125.166 Y110.755 E101.82876
G1 X124.935 Y110.666 E101.83186
G1 X124.934 Y110.195 E101.83777
G1 X125.038 Y110.235 E101.83917
G0 F7200 X125.231 Y110.285
G0 X125.25 Y110.358
G1 F1500 E95.33917
G0 F7200 X125.24 Y110.39
G0 X126.632 Y110.339
G1 F1500 E101.83917
G0 F7200 X126.962 Y110.234
G1 F1800 X127.065 Y110.195 E101.84055
G1 X127.066 Y110.665 E101.84644
G1 X126.834 Y110.755 E101.84956
G1 X126.618 Y110.813 E101.85237
G1 X126.617 Y110.327 E101.85846
G1 X126.962 Y110.234 E101.86294
G0 F7200 X127.065 Y110.195
G0 X127.065 Y110.285
G0 X126.776 Y110.699
G1 F1500 E95.36294
G0 F7200 X126.768 Y110.669
G0 X127.054 Y113.211
G1 F1500 E101.86294
G0 F7200 X126.962 Y113.234
G1 F1800 X127.065 Y113.195 E101.86432
G1 X127.066 Y113.665 E101.87022
G1 X126.834 Y113.755 E101.87334
G1 X126.618 Y113.813 E101.87614
G1 X126.617 Y113.327 E101.88224
G1 X126.962 Y113.234 E101.88672
G0 F7200 X127.065 Y113.195
G0 X127.065 Y113.285
G0 X126.776 Y113.699
G1 F1500 E95.38672
G0 F7200 X126.768 Y113.669
G0 X125.362 Y113.339
G1 F1500 E101.88672
G0 F7200 X125.038 Y113.235
G1 F1800 X125.382 Y113.325 E101.89118
G1 X125.382 Y113.813 E101.8973
G1 X125.166 Y113.755 E101.9001
G1 X124.935 Y113.666 E101.90321
G1 X124.934 Y113.195 E101.90911
G1 X125.038 Y113.235 E101.91051
G0 F7200 X125.231 Y113.285
G0 X125.25 Y113.358
G1 F1500 E95.41051
G0 F7200 X125.24 Y113.39
G0 X124.945 Y116.211
G1 F1500 E101.91051
G0 F7200 X125.038 Y116.235
G1 F1800 X125.382 Y116.325 E101.91497
G1 X125.382 Y116.813 E101.92109
G1 X125.166 Y116.755 E101.92389
G1 X124.935 Y116.666 E101.927
G1 X124.934 Y116.195 E101.9329
G1 X125.038 Y116.235 E101.9343
G0 F7200 X125.231 Y116.285
G0 X125.25 Y116.358
G1 F1500 E95.4343
G0 F7200 X125.24 Y116.39
G0 X126.638 Y116.328
G1 F1500 E101.9343
G0 F7200 X126.962 Y116.234
G1 F1800 X127.065 Y116.195 E101.93568
G1 X127.066 Y116.665 E101.94158
G1 X126.834 Y116.755 E101.9447
G1 X126.618 Y116.813 E101.9475
G1 X126.618 Y116.326 E101.95361
G1 X126.962 Y116.234 E101.95807
G0 F7200 X127.065 Y116.195
G0 X127.065 Y116.285
G0 X126.775 Y116.698
G1 F1500 E95.45807
G0 F7200 X126.768 Y116.669
G0 X127.054 Y119.211
G1 F1500 E101.95807
G0 F7200 X126.962 Y119.234
G1 F1800 X127.065 Y119.195 E101.95946
G1 X127.066 Y119.665 E101.96535
G1 X126.834 Y119.755 E101.96847
G1 X126.618 Y119.813 E101.97127
G1 X126.617 Y119.327 E101.97737
G1 X126.962 Y119.234 E101.98185
G0 F7200 X127.065 Y119.195
G0 X127.065 Y119.285
G0 X126.87 Y119.516
;TYPE:SKIN
G1 F1800 X126.827 Y119.473 E101.98223
G0 F7200 X126.758 Y119.354
G1 F1500 E95.48223
G0 F7200 X126.767 Y119.39
G0 X125.362 Y119.339
G1 F1500 E101.98223
G0 F7200 X125.038 Y119.235
;TYPE:WALL-OUTER
G1 F1800 X125.382 Y119.325 E101.98669
G1 X125.382 Y119.813 E101.99281
G1 X125.166 Y119.755 E101.99561
G1 X124.935 Y119.666 E101.99872
G1 X124.934 Y119.195 E102.00463
G1 X125.038 Y119.235 E102.00602
G0 F7200 X125.231 Y119.285
G0 X125.129 Y119.472
;TYPE:SKIN
G1 F1800 X125.186 Y119.529 E102.00653
G0 F7200 X125.335 Y119.53
G1 F1500 E95.50653
G0 F7200 X125.282 Y119.53
G0 X125.645 Y118.501
G0 X127.911 Y117.963
G0 X132.07 Y119.316
G1 F1500 E102.00653
G0 F7200 X133.038 Y119.235
;TYPE:WALL-OUTER
G1 F1800 X133.382 Y119.325 E102.01099
G1 X133.383 Y119.813 E102.01711
G1 X133.166 Y119.755 E102.01992
G1 X132.935 Y119.666 E102.02303
G1 X132.934 Y119.195 E102.02894
G1 X133.038 Y119.235 E102.03033
G0 F7200 X133.231 Y119.285
G0 X133.25 Y119.358
G1 F1500 E95.53033
G0 F7200 X133.24 Y119.39
G0 X133.37 Y116.798
G1 F1500 E102.03033
G0 F7200 X133.038 Y116.235
G1 F1800 X133.382 Y116.325 E102.03479
G1 X133.382 Y116.813 E102.04091
G1 X133.166 Y116.755 E102.04372
G1 X132.935 Y116.666 E102.04682
G1 X132.934 Y116.195 E102.05273
G1 X133.038 Y116.235 E102.05412
G0 F7200 X133.231 Y116.285
G0 X133.154 Y116.466
;TYPE:SKIN
G1 F1800 X133.186 Y116.498 E102.05441
G0 F7200 X133.335 Y116.499
G1 F1500 E95.55441
G0 F7200 X133.282 Y116.499
G0 X133.371 Y113.798
G1 F1500 E102.05441
G0 F7200 X133.038 Y113.235
;TYPE:WALL-OUTER
G1 F1800 X133.382 Y113.325 E102.05887
G1 X133.383 Y113.813 E102.06499
G1 X133.166 Y113.755 E102.0678
G1 X132.935 Y113.666 E102.07091
G1 X132.934 Y113.195 E102.07681
G1 X133.038 Y113.235 E102.07821
G0 F7200 X133.231 Y113.285
G0 X133.25 Y113.358
G1 F1500 E95.57821
G0 F7200 X133.24 Y113.39
G0 X133.371 Y110.798
G1 F1500 E102.07821
G0 F7200 X133.038 Y110.235
G1 F1800 X133.382 Y110.325 E102.08267
G1 X133.383 Y110.813 E102.08879
G1 X133.166 Y110.755 E102.09161
G1 X132.935 Y110.666 E102.09471
G1 X132.934 Y110.195 E102.10062
G1 X133.038 Y110.235 E102.10202
G0 F7200 X133.231 Y110.285
G0 X133.129 Y110.501
;TYPE:SKIN
G1 F1800 X133.178 Y110.551 E102.10245
G0 F7200 X133.168 Y110.682
G1 F1500 E95.60245
G0 F7200 X133.181 Y110.654
G0 X134.247 Y110.796
G0 X136.085 Y110.798
G0 X137.65 Y120.63
G1 F1500 E102.10245
G0 F7200 X137.75 Y120.7
;TYPE:WALL-OUTER
G1 F1800 X136.95 Y120.7 E102.11249
G1 X136.95 Y108.3 E102.26799
G1 X137.75 Y108.3 E102.27802
G1 X137.75 Y120.7 E102.43352
G0 F7200 X137.55 Y120.7
G0 X137.309 Y120.338
;TYPE:SKIN
G1 F1800 X137.349 Y120.095 E102.43679
G1 X137.349 Y108.781 E102.58685
G1 X137.449 Y108.599 E102.5896
G0 F7200 X137.344 Y108.494
G0 X137.144 Y120.456
G1 F1800 X137.192 Y120.504 E102.59003
G0 F7200 X137.35 Y120.3
G1 F1500 E96.09003
;MESH:NONMESH
G0 F600 X137.35 Y120.3 Z10.4
G0 F7200 X136.97 Y110.328
G0 X134.236 Y109.597
G0 X132.086 Y108.96
G0 X127.923 Y111.254
G0 X126.634 Y111.703
G0 X117.767 Y111.816
G0 X111.93 Y110.382
G1 F1500 E102.59003
G0 F7200 X110.962 Y110.235
;TIME_ELAPSED:978.223075
;LAYER:51
;TYPE:WALL-OUTER
;MESH:output_v2\A_fina_conjunto.stl
G1 F1800 X111.275 Y110.114 E102.59424
G1 X111.275 Y110.58 E102.60008
G1 X111.225 Y110.604 E102.60078
G1 X110.836 Y110.754 E102.60601
G1 X110.836 Y110.268 E102.6121
G1 X110.962 Y110.235 E102.61373
G0 F7200 X111.148 Y110.163
G0 X110.875 Y110.537
G1 F1500 E96.11373
G0 F7200 X110.936 Y110.537
G0 X111.264 Y113.13
G1 F1500 E102.61373
G0 F7200 X110.962 Y113.235
G1 F1800 X111.275 Y113.114 E102.61794
G1 X111.275 Y113.58 E102.62379
G1 X111.225 Y113.604 E102.62448
G1 X110.836 Y113.754 E102.62971
G1 X110.836 Y113.268 E102.6358
G1 X110.962 Y113.235 E102.63744
G0 F7200 X111.148 Y113.163
G0 X110.875 Y113.537
G1 F1500 E96.13744
G0 F7200 X110.936 Y113.537
G0 X111.264 Y116.13
G1 F1500 E102.63744
G0 F7200 X110.962 Y116.235
G1 F1800 X111.275 Y116.114 E102.64165
G1 X111.276 Y116.579 E102.64748
G1 X111.22 Y116.606 E102.64826
G1 X110.836 Y116.754 E102.65342
G1 X110.836 Y116.268 E102.65951
G1 X110.962 Y116.235 E102.66115
G0 F7200 X111.148 Y116.163
G0 X110.875 Y116.537
G1 F1500 E96.16115
G0 F7200 X110.936 Y116.537
G0 X111.264 Y119.13
G1 F1500 E102.66115
G0 F7200 X110.962 Y119.235
G1 F1800 X111.275 Y119.114 E102.66535
G1 X111.276 Y119.579 E102.67119
G1 X111.22 Y119.606 E102.67197
G1 X110.836 Y119.754 E102.67713
G1 X110.836 Y119.268 E102.68322
G1 X110.962 Y119.235 E102.68485
G0 F7200 X111.148 Y119.163
G0 X110.875 Y119.537
G0 X110.936 Y119.537
G0 X109.741 Y119.738
G0 X109.761 Y119.9
G1 F1800 X109.328 Y119.9 E102.69028
G1 X109.327 Y119.4 E102.69655
G1 X109.761 Y119.4 E102.702
G1 X109.761 Y119.9 E102.70827
G0 F7200 X109.561 Y119.9
G0 X109.561 Y119.8
G1 F1500 E96.20827
G0 F7200 X107.03 Y119.886
G1 F1500 E102.70827
G0 F7200 X107.05 Y120.7
G1 F1800 X106.25 Y120.7 E102.7183
G1 X106.25 Y108.3 E102.8738
G1 X107.05 Y108.3 E102.88383
G1 X107.05 Y120.7 E103.03933
G0 F7200 X106.85 Y120.7
G0 X106.736 Y120.386
;TYPE:SKIN
G1 F1800 X106.649 Y120.189 E103.04217
G1 X106.649 Y108.876 E103.19105
G1 X106.597 Y108.646 E103.19415
G0 F7200 X106.65 Y108.7
G1 F1500 E96.69415
G0 F7200 X107.03 Y119.33
G0 X108.473 Y118.547
G0 X112.12 Y117.774
G0 X115.86 Y119.311
G0 X117.008 Y119.33
G1 F1500 E103.19415
G0 F7200 X117.038 Y119.235
;TYPE:WALL-OUTER
G1 F1800 X117.164 Y119.268 E103.19579
G1 X117.164 Y119.754 E103.20188
G1 X116.775 Y119.604 E103.2047
G1 X116.725 Y119.58 E103.2054
G1 X116.724 Y119.114 E103.21124
G1 X117.038 Y119.235 E103.21292
G0 F7200 X117.164 Y119.268
G0 X117.164 Y119.338
G0 X117.125 Y119.339
G1 F1500 E96.71292
G0 F7200 X117.062 Y119.344
G0 X118.856 Y119.33
G1 F1500 E103.21292
G0 F7200 X118.962 Y119.235
G1 F1800 X119.275 Y119.114 E103.21713
G1 X119.276 Y119.579 E103.22296
G1 X119.22 Y119.606 E103.22374
G1 X118.836 Y119.754 E103.2289
G1 X118.836 Y119.268 E103.23499
G1 X118.962 Y119.235 E103.23662
G0 F7200 X119.148 Y119.163
G0 X118.875 Y119.537
G1 F1500 E96.73662
G0 F7200 X118.936 Y119.537
G0 X118.847 Y116.738
G1 F1500 E103.23662
G0 F7200 X118.962 Y116.235
G1 F1800 X119.275 Y116.114 E103.24083
G1 X119.276 Y116.579 E103.24666
G1 X119.22 Y116.606 E103.24744
G1 X118.836 Y116.754 E103.2526
G1 X118.836 Y116.268 E103.2587
G1 X118.962 Y116.235 E103.26033
G0 F7200 X119.148 Y116.163
G0 X118.875 Y116.537
G1 F1500 E96.76033
G0 F7200 X118.936 Y116.537
G0 X117.144 Y116.33
G1 F1500 E103.26033
G0 F7200 X117.038 Y116.235
G1 F1800 X117.164 Y116.268 E103.26197
G1 X117.164 Y116.754 E103.26806
G1 X116.775 Y116.604 E103.27088
G1 X116.725 Y116.58 E103.27158
G1 X116.724 Y116.114 E103.27742
G1 X117.038 Y116.235 E103.2791
G0 F7200 X117.164 Y116.268
G0 X117.164 Y116.338
G0 X117.125 Y116.339
G1 F1500 E96.7791
G0 F7200 X117.062 Y116.344
G0 X117.153 Y113.738
G1 F1500 E103.2791
G0 F7200 X117.038 Y113.235
G1 F1800 X117.164 Y113.268 E103.28073
G1 X117.164 Y113.754 E103.28683
G1 X116.775 Y113.604 E103.28965
G1 X116.725 Y113.58 E103.29034
G1 X116.724 Y113.114 E103.29619
G1 X117.038 Y113.235 E103.29786
G0 F7200 X117.164 Y113.268
G0 X117.164 Y113.338
G0 X117.125 Y113.339
G1 F1500 E96.79786
G0 F7200 X117.062 Y113.344
G0 X118.856 Y113.33
G1 F1500 E103.29786
G0 F7200 X118.962 Y113.235
G1 F1800 X119.275 Y113.114 E103.30207
G1 X119.275 Y113.58 E103.30791
G1 X119.225 Y113.604 E103.30861
G1 X118.836 Y113.754 E103.31384
G1 X118.836 Y113.268 E103.31993
G1 X118.962 Y113.235 E103.32157
G0 F7200 X119.148 Y113.163
G0 X119.079 Y113.417
;TYPE:SKIN
G1 F1800 X119.03 Y113.466 E103.322
G0 F7200 X118.875 Y113.466
G1 F1500 E96.822
G0 F7200 X118.936 Y113.466
G0 X118.847 Y110.738
G1 F1500 E103.322
G0 F7200 X118.962 Y110.235
;TYPE:WALL-OUTER
G1 F1800 X119.275 Y110.114 E103.32621
G1 X119.275 Y110.58 E103.33205
G1 X119.225 Y110.604 E103.33275
G1 X118.836 Y110.754 E103.33798
G1 X118.836 Y110.268 E103.34407
G1 X118.962 Y110.235 E103.3457
G0 F7200 X119.148 Y110.163
G0 X118.875 Y110.537
G1 F1500 E96.8457
G0 F7200 X118.936 Y110.537
G0 X117.144 Y110.33
G1 F1500 E103.3457
G0 F7200 X117.038 Y110.235
G1 F1800 X117.164 Y110.268 E103.34734
G1 X117.164 Y110.754 E103.35343
G1 X116.775 Y110.604 E103.35626
G1 X116.725 Y110.58 E103.35695
G1 X116.724 Y110.114 E103.36279
G1 X117.038 Y110.235 E103.36447
G0 F7200 X117.164 Y110.268
G0 X117.164 Y110.338
G0 X117.125 Y110.339
G1 F1500 E96.86447
G0 F7200 X117.062 Y110.344
G0 X123.86 Y110.315
G0 X125.008 Y110.33
G1 F1500 E103.36447
G0 F7200 X125.038 Y110.235
G1 F1800 X125.164 Y110.268 E103.3661
G1 X125.164 Y110.754 E103.3722
G1 X124.775 Y110.604 E103.37502
G1 X124.725 Y110.58 E103.37572
G1 X124.724 Y110.114 E103.38156
G1 X125.038 Y110.235 E103.38323
G0 F7200 X125.164 Y110.268
G0 X125.164 Y110.338
G0 X125.125 Y110.339
G1 F1500 E96.88323
G0 F7200 X125.062 Y110.344
G0 X126.856 Y110.33
G1 F1500 E103.38323
G0 F7200 X126.962 Y110.235
G1 F1800 X127.275 Y110.114 E103.38744
G1 X127.275 Y110.58 E103.39329
G1 X127.225 Y110.604 E103.39398
G1 X126.836 Y110.754 E103.39921
G1 X126.836 Y110.268 E103.4053
G1 X126.962 Y110.235 E103.40694
G0 F7200 X127.148 Y110.163
G0 X126.875 Y110.537
G1 F1500 E96.90694
G0 F7200 X126.936 Y110.537
G0 X127.264 Y113.13
G1 F1500 E103.40694
G0 F7200 X126.962 Y113.235
G1 F1800 X127.275 Y113.114 E103.41115
G1 X127.275 Y113.58 E103.41699
G1 X127.225 Y113.604 E103.41768
G1 X126.836 Y113.754 E103.42291
G1 X126.836 Y113.268 E103.42901
G1 X126.962 Y113.235 E103.43064
G0 F7200 X127.148 Y113.163
G0 X126.875 Y113.537
G1 F1500 E96.93064
G0 F7200 X126.936 Y113.537
G0 X125.144 Y113.33
G1 F1500 E103.43064
G0 F7200 X125.038 Y113.235
G1 F1800 X125.164 Y113.268 E103.43227
G1 X125.164 Y113.754 E103.43837
G1 X124.775 Y113.604 E103.44119
G1 X124.725 Y113.58 E103.44189
G1 X124.724 Y113.114 E103.44773
G1 X125.038 Y113.235 E103.44941
G0 F7200 X125.164 Y113.268
G0 X125.164 Y113.338
G0 X125.125 Y113.339
G1 F1500 E96.94941
G0 F7200 X125.062 Y113.344
G0 X124.735 Y116.13
G1 F1500 E103.44941
G0 F7200 X125.038 Y116.235
G1 F1800 X125.164 Y116.268 E103.45104
G1 X125.164 Y116.754 E103.45713
G1 X124.775 Y116.604 E103.45996
G1 X124.725 Y116.58 E103.46065
G1 X124.724 Y116.114 E103.4665
G1 X125.038 Y116.235 E103.46817
G0 F7200 X125.164 Y116.268
G0 X125.164 Y116.338
G0 X125.125 Y116.339
G1 F1500 E96.96817
G0 F7200 X125.062 Y116.344
G0 X126.856 Y116.33
G1 F1500 E103.46817
G0 F7200 X126.962 Y116.235
G1 F1800 X127.275 Y116.114 E103.47238
G1 X127.275 Y116.58 E103.47822
G1 X127.225 Y116.604 E103.47892
G1 X126.836 Y116.754 E103.48415
G1 X126.836 Y116.268 E103.49024
G1 X126.962 Y116.235 E103.49187
G0 F7200 X127.148 Y116.163
G0 X126.875 Y116.537
G1 F1500 E96.99187
G0 F7200 X126.936 Y116.537
G0 X127.264 Y119.13
G1 F1500 E103.49187
G0 F7200 X126.962 Y119.235
G1 F1800 X127.275 Y119.114 E103.49608
G1 X127.276 Y119.579 E103.50191
G1 X127.22 Y119.606 E103.50269
G1 X126.836 Y119.754 E103.50785
G1 X126.836 Y119.268 E103.51395
G1 X126.962 Y119.235 E103.51558
G0 F7200 X127.148 Y119.163
G0 X126.875 Y119.537
G1 F1500 E97.01558
G0 F7200 X126.936 Y119.537
G0 X125.144 Y119.33
G1 F1500 E103.51558
G0 F7200 X125.038 Y119.235
G1 F1800 X125.164 Y119.268 E103.51721
G1 X125.164 Y119.754 E103.52331
G1 X124.775 Y119.604 E103.52613
G1 X124.725 Y119.58 E103.52683
G1 X124.725 Y119.114 E103.53267
G1 X125.038 Y119.235 E103.53434
G0 F7200 X125.164 Y119.268
G0 X125.164 Y119.338
G0 X124.962 Y119.414
;TYPE:SKIN
G1 F1800 X124.923 Y119.452 E103.53468
G0 F7200 X124.867 Y119.597
G1 F1500 E97.03468
G0 F7200 X124.889 Y119.541
G0 X126.029 Y119.33
G0 X131.86 Y119.315
G0 X133.008 Y119.33
G1 F1500 E103.53468
G0 F7200 X133.038 Y119.235
;TYPE:WALL-OUTER
G1 F1800 X133.164 Y119.268 E103.53631
G1 X133.164 Y119.754 E103.54241
G1 X132.775 Y119.604 E103.54523
G1 X132.725 Y119.58 E103.54593
G1 X132.724 Y119.114 E103.55177
G1 X133.038 Y119.235 E103.55344
G0 F7200 X133.164 Y119.268
G0 X133.164 Y119.338
G0 X133.125 Y119.339
G1 F1500 E97.05344
G0 F7200 X133.062 Y119.344
G0 X133.153 Y116.738
G1 F1500 E103.55344
G0 F7200 X133.038 Y116.235
G1 F1800 X133.164 Y116.268 E103.55508
G1 X133.164 Y116.754 E103.56117
G1 X132.775 Y116.604 E103.56399
G1 X132.725 Y116.58 E103.56469
G1 X132.724 Y116.114 E103.57053
G1 X133.038 Y116.235 E103.57221
G0 F7200 X133.164 Y116.268
G0 X133.164 Y116.338
G0 X133.125 Y116.339
G1 F1500 E97.07221
G0 F7200 X133.062 Y116.344
G0 X133.153 Y113.738
G1 F1500 E103.57221
G0 F7200 X133.038 Y113.235
G1 F1800 X133.164 Y113.268 E103.57384
G1 X133.164 Y113.754 E103.57994
G1 X132.775 Y113.604 E103.58276
G1 X132.725 Y113.58 E103.58345
G1 X132.724 Y113.114 E103.5893
G1 X133.038 Y113.235 E103.59097
G0 F7200 X133.164 Y113.268
G0 X133.164 Y113.338
G0 X133.125 Y113.339
G1 F1500 E97.09097
G0 F7200 X133.062 Y113.344
G0 X133.153 Y110.738
G1 F1500 E103.59097
G0 F7200 X133.038 Y110.235
G1 F1800 X133.164 Y110.268 E103.59261
G1 X133.164 Y110.754 E103.5987
G1 X132.775 Y110.604 E103.60152
G1 X132.725 Y110.58 E103.60222
G1 X132.724 Y110.114 E103.60806
G1 X133.038 Y110.235 E103.60974
G0 F7200 X133.164 Y110.268
G0 X133.164 Y110.338
G0 X133.125 Y110.339
G1 F1500 E97.10974
G0 F7200 X133.062 Y110.344
G0 X134.029 Y110.738
G0 X136.085 Y110.738
G0 X137.65 Y120.63
G1 F1500 E103.60974
G0 F7200 X137.75 Y120.7
G1 F1800 X136.95 Y120.7 E103.61977
G1 X136.95 Y108.3 E103.77527
G1 X137.75 Y108.3 E103.7853
G1 X137.75 Y120.7 E103.9408
G0 F7200 X137.55 Y120.7
G0 X137.5 Y120.451
;TYPE:SKIN
G1 F1800 X137.359 Y120.31 E103.94338
G1 X137.349 Y114.945 E104.01261
G1 X137.349 Y108.723 E104.09289
G1 X137.219 Y108.569 E104.0955
G0 F7200 X137.35 Y108.7
G1 F1500 E97.5955
;MESH:NONMESH
G0 F600 X137.35 Y108.7 Z10.6
G0 F7200 X136.97 Y110.196
G0 X131.877 Y108.769
G0 X115.877 Y108.769
G0 X112.14 Y110.196
G1 F1500 E104.0955
G0 F7200 X111.38 Y110.074
;TIME_ELAPSED:999.141386
;LAYER:52
;TYPE:WALL-OUTER
;MESH:output_v2\A_fina_conjunto.stl
G1 F1800 X111.485 Y110.023 E104.09696
G1 X111.485 Y110.478 E104.10267
G1 X111.225 Y110.604 E104.10629
G1 X111.046 Y110.673 E104.10869
G1 X111.046 Y110.202 E104.1146
G1 X111.38 Y110.074 E104.11909
G0 F7200 X111.485 Y110.023
G0 X111.485 Y110.107
G0 X111.254 Y110.551
G1 F1500 E97.61909
G0 F7200 X111.228 Y110.491
G0 X111.475 Y113.04
G1 F1500 E104.11909
G0 F7200 X111.38 Y113.074
G1 F1800 X111.485 Y113.023 E104.12055
G1 X111.485 Y113.478 E104.12626
G1 X111.225 Y113.604 E104.12988
G1 X111.046 Y113.673 E104.13228
G1 X111.046 Y113.202 E104.13819
G1 X111.38 Y113.074 E104.14268
G0 F7200 X111.485 Y113.023
G0 X111.485 Y113.107
G0 X111.254 Y113.551
G1 F1500 E97.64268
G0 F7200 X111.228 Y113.491
G0 X111.475 Y116.04
G1 F1500 E104.14268
G0 F7200 X111.38 Y116.074
G1 F1800 X111.485 Y116.023 E104.14414
G1 X111.486 Y116.477 E104.14983
G1 X111.22 Y116.606 E104.15354
G1 X111.046 Y116.673 E104.15588
G1 X111.046 Y116.202 E104.16179
G1 X111.38 Y116.074 E104.16627
G0 F7200 X111.485 Y116.023
G0 X111.485 Y116.107
G0 X111.255 Y116.551
G1 F1500 E97.66627
G0 F7200 X111.227 Y116.491
G0 X111.475 Y119.04
G1 F1500 E104.16627
G0 F7200 X111.38 Y119.074
G1 F1800 X111.485 Y119.023 E104.16774
G1 X111.486 Y119.477 E104.17343
G1 X111.22 Y119.606 E104.17714
G1 X111.046 Y119.673 E104.17947
G1 X111.046 Y119.202 E104.18538
G1 X111.38 Y119.074 E104.18987
G0 F7200 X111.485 Y119.023
G0 X111.485 Y119.107
G0 X111.255 Y119.551
G1 F1500 E97.68987
G0 F7200 X111.227 Y119.491
G0 X109.679 Y119.657
G1 F1500 E104.18987
G0 F7200 X109.699 Y119.9
G1 F1800 X109.272 Y119.9 E104.19522
G1 X109.271 Y119.4 E104.20149
G1 X109.699 Y119.4 E104.20686
G1 X109.699 Y119.9 E104.21313
G0 F7200 X109.499 Y119.9
G0 X109.499 Y119.8
G1 F1500 E97.71313
G0 F7200 X107.03 Y119.886
G1 F1500 E104.21313
G0 F7200 X107.05 Y120.7
G1 F1800 X106.25 Y120.7 E104.22316
G1 X106.25 Y108.3 E104.37866
G1 X107.05 Y108.3 E104.38869
G1 X107.05 Y120.7 E104.54419
G0 F7200 X106.85 Y120.7
G0 X106.65 Y120.226
;TYPE:SKIN
G1 F1800 X106.65 Y119.943 E104.54793
G1 X106.65 Y108.912 E104.69373
G1 X106.826 Y108.523 E104.69937
G0 F7200 X106.797 Y108.494
G0 X106.445 Y120.304
G1 F1800 X106.644 Y120.503 E104.70113
G0 F7200 X106.65 Y120.3
G1 F1500 E98.20113
G0 F7200 X107.03 Y119.166
G0 X108.417 Y118.547
G0 X112.33 Y117.672
G0 X115.65 Y119.148
G1 F1500 E104.70113
G0 F7200 X116.62 Y119.074
;TYPE:WALL-OUTER
G1 F1800 X116.954 Y119.202 E104.70562
G1 X116.954 Y119.673 E104.71153
G1 X116.775 Y119.604 E104.71393
G1 X116.515 Y119.478 E104.71755
G1 X116.514 Y119.022 E104.72327
G1 X116.62 Y119.074 E104.72475
G0 F7200 X116.807 Y119.145
G0 X116.826 Y119.183
G1 F1500 E98.22475
G0 F7200 X116.801 Y119.249
G0 X119.062 Y119.213
G1 F1500 E104.72475
G0 F7200 X119.38 Y119.074
G1 F1800 X119.485 Y119.023 E104.72622
G1 X119.486 Y119.477 E104.73191
G1 X119.22 Y119.606 E104.73562
G1 X119.046 Y119.673 E104.73796
G1 X119.046 Y119.202 E104.74386
G1 X119.38 Y119.074 E104.74835
G0 F7200 X119.485 Y119.023
G0 X119.485 Y119.107
G0 X119.255 Y119.551
G1 F1500 E98.24835
G0 F7200 X119.227 Y119.491
G0 X119.057 Y116.657
G1 F1500 E104.74835
G0 F7200 X119.38 Y116.074
G1 F1800 X119.485 Y116.023 E104.74981
G1 X119.486 Y116.477 E104.75551
G1 X119.22 Y116.606 E104.75921
G1 X119.046 Y116.673 E104.76155
G1 X119.046 Y116.202 E104.76746
G1 X119.38 Y116.074 E104.77194
G0 F7200 X119.485 Y116.023
G0 X119.485 Y116.107
G0 X119.255 Y116.551
G1 F1500 E98.27194
G0 F7200 X119.227 Y116.491
G0 X116.934 Y116.213
G1 F1500 E104.77194
G0 F7200 X116.62 Y116.074
G1 F1800 X116.954 Y116.202 E104.77643
G1 X116.954 Y116.673 E104.78233
G1 X116.775 Y116.604 E104.78474
G1 X116.515 Y116.478 E104.78836
G1 X116.514 Y116.023 E104.79407
G1 X116.62 Y116.074 E104.79554
G0 F7200 X116.807 Y116.145
G0 X116.826 Y116.183
G1 F1500 E98.29554
G0 F7200 X116.801 Y116.249
G0 X116.943 Y113.657
G1 F1500 E104.79554
G0 F7200 X116.62 Y113.074
G1 F1800 X116.954 Y113.202 E104.80003
G1 X116.954 Y113.673 E104.80594
G1 X116.775 Y113.604 E104.80834
G1 X116.515 Y113.478 E104.81197
G1 X116.514 Y113.023 E104.81767
G1 X116.62 Y113.074 E104.81915
G0 F7200 X116.807 Y113.145
G0 X116.826 Y113.183
G1 F1500 E98.31915
G0 F7200 X116.801 Y113.249
G0 X119.066 Y113.213
G1 F1500 E104.81915
G0 F7200 X119.38 Y113.074
G1 F1800 X119.485 Y113.023 E104.82061
G1 X119.485 Y113.478 E104.82632
G1 X119.225 Y113.604 E104.82994
G1 X119.046 Y113.673 E104.83235
G1 X119.046 Y113.202 E104.83825
G1 X119.38 Y113.074 E104.84274
G0 F7200 X119.485 Y113.023
G0 X119.485 Y113.107
G0 X119.254 Y113.551
G1 F1500 E98.34274
G0 F7200 X119.228 Y113.491
G0 X119.057 Y110.657
G1 F1500 E104.84274
G0 F7200 X119.38 Y110.074
G1 F1800 X119.485 Y110.023 E104.8442
G1 X119.485 Y110.478 E104.84991
G1 X119.225 Y110.604 E104.85353
G1 X119.046 Y110.673 E104.85594
G1 X119.046 Y110.202 E104.86184
G1 X119.38 Y110.074 E104.86633
G0 F7200 X119.485 Y110.023
G0 X119.485 Y110.107
G0 X119.254 Y110.551
G1 F1500 E98.36633
G0 F7200 X119.228 Y110.491
G0 X116.934 Y110.213
G1 F1500 E104.86633
G0 F7200 X116.62 Y110.074
G1 F1800 X116.954 Y110.202 E104.87081
G1 X116.954 Y110.673 E104.87672
G1 X116.775 Y110.604 E104.87913
G1 X116.515 Y110.478 E104.88275
G1 X116.514 Y110.023 E104.88845
G1 X116.62 Y110.074 E104.88993
G0 F7200 X116.807 Y110.145
G0 X116.826 Y110.183
G1 F1500 E98.38993
G0 F7200 X116.801 Y110.249
G0 X117.819 Y110.213
G0 X120.331 Y108.672
G0 X123.65 Y110.198
G1 F1500 E104.88993
G0 F7200 X124.62 Y110.074
G1 F1800 X124.954 Y110.202 E104.89442
G1 X124.954 Y110.673 E104.90032
G1 X124.775 Y110.604 E104.90273
G1 X124.515 Y110.478 E104.90635
G1 X124.514 Y110.023 E104.91206
G1 X124.62 Y110.074 E104.91353
G0 F7200 X124.807 Y110.145
G0 X124.826 Y110.183
G1 F1500 E98.41353
G0 F7200 X124.801 Y110.249
G0 X127.066 Y110.213
G1 F1500 E104.91353
G0 F7200 X127.38 Y110.074
G1 F1800 X127.485 Y110.023 E104.915
G1 X127.485 Y110.478 E104.9207
G1 X127.225 Y110.604 E104.92432
G1 X127.046 Y110.673 E104.92673
G1 X127.046 Y110.202 E104.93264
G1 X127.38 Y110.074 E104.93712
G0 F7200 X127.485 Y110.023
G0 X127.485 Y110.107
G0 X127.254 Y110.551
G1 F1500 E98.43712
G0 F7200 X127.228 Y110.491
G0 X127.475 Y113.04
G1 F1500 E104.93712
G0 F7200 X127.38 Y113.074
G1 F1800 X127.485 Y113.023 E104.93859
G1 X127.485 Y113.478 E104.94429
G1 X127.225 Y113.604 E104.94792
G1 X127.046 Y113.673 E104.95032
G1 X127.046 Y113.202 E104.95623
G1 X127.38 Y113.074 E104.96071
G0 F7200 X127.485 Y113.023
G0 X127.485 Y113.107
G0 X127.254 Y113.551
G1 F1500 E98.46071
G0 F7200 X127.228 Y113.491
G0 X124.934 Y113.213
G1 F1500 E104.96071
G0 F7200 X124.62 Y113.074
G1 F1800 X124.954 Y113.202 E104.9652
G1 X124.954 Y113.673 E104.97111
G1 X124.775 Y113.604 E104.97351
G1 X124.515 Y113.478 E104.97713
G1 X124.514 Y113.023 E104.98284
G1 X124.62 Y113.074 E104.98432
G0 F7200 X124.807 Y113.145
G0 X124.826 Y113.183
G1 F1500 E98.48432
G0 F7200 X124.801 Y113.249
G0 X124.524 Y116.039
G1 F1500 E104.98432
G0 F7200 X124.62 Y116.074
G1 F1800 X124.954 Y116.202 E104.9888
G1 X124.954 Y116.673 E104.99471
G1 X124.775 Y116.604 E104.99711
G1 X124.515 Y116.478 E105.00074
G1 X124.514 Y116.023 E105.00644
G1 X124.62 Y116.074 E105.00792
G0 F7200 X124.807 Y116.145
G0 X124.826 Y116.183
G1 F1500 E98.50792
G0 F7200 X124.801 Y116.249
G0 X127.066 Y116.213
G1 F1500 E105.00792
G0 F7200 X127.38 Y116.074
G1 F1800 X127.485 Y116.023 E105.00938
G1 X127.485 Y116.478 E105.01509
G1 X127.225 Y116.604 E105.01871
G1 X127.046 Y116.673 E105.02112
G1 X127.046 Y116.202 E105.02702
G1 X127.38 Y116.074 E105.03151
G0 F7200 X127.485 Y116.023
G0 X127.485 Y116.107
G0 X127.254 Y116.551
G1 F1500 E98.53151
G0 F7200 X127.228 Y116.491
G0 X127.475 Y119.04
G1 F1500 E105.03151
G0 F7200 X127.38 Y119.074
G1 F1800 X127.485 Y119.023 E105.03297
G1 X127.486 Y119.477 E105.03866
G1 X127.22 Y119.606 E105.04237
G1 X127.046 Y119.673 E105.04471
G1 X127.046 Y119.202 E105.05062
G1 X127.38 Y119.074 E105.0551
G0 F7200 X127.485 Y119.023
G0 X127.485 Y119.107
G0 X127.255 Y119.551
G1 F1500 E98.5551
G0 F7200 X127.227 Y119.491
G0 X124.938 Y119.213
G1 F1500 E105.0551
G0 F7200 X124.62 Y119.074
G1 F1800 X124.954 Y119.202 E105.05959
G1 X124.954 Y119.673 E105.06549
G1 X124.775 Y119.604 E105.0679
G1 X124.515 Y119.478 E105.07152
G1 X124.515 Y119.023 E105.07723
G1 X124.62 Y119.074 E105.07869
G0 F7200 X124.807 Y119.145
G0 X124.826 Y119.183
G1 F1500 E98.57869
G0 F7200 X124.801 Y119.249
G0 X125.819 Y119.213
G0 X128.33 Y117.672
G0 X131.65 Y119.199
G1 F1500 E105.07869
G0 F7200 X132.62 Y119.074
G1 F1800 X132.954 Y119.202 E105.08318
G1 X132.954 Y119.673 E105.08909
G1 X132.775 Y119.604 E105.09149
G1 X132.515 Y119.478 E105.09511
G1 X132.514 Y119.022 E105.10083
G1 X132.62 Y119.074 E105.10231
G0 F7200 X132.807 Y119.145
G0 X132.826 Y119.183
G1 F1500 E98.60231
G0 F7200 X132.801 Y119.249
G0 X132.943 Y116.657
G1 F1500 E105.10231
G0 F7200 X132.62 Y116.074
G1 F1800 X132.954 Y116.202 E105.1068
G1 X132.954 Y116.673 E105.11271
G1 X132.775 Y116.604 E105.11511
G1 X132.515 Y116.478 E105.11873
G1 X132.514 Y116.023 E105.12444
G1 X132.62 Y116.074 E105.12592
G0 F7200 X132.807 Y116.145
G0 X132.826 Y116.183
G1 F1500 E98.62592
G0 F7200 X132.801 Y116.249
G0 X132.943 Y113.657
G1 F1500 E105.12592
G0 F7200 X132.62 Y113.074
G1 F1800 X132.954 Y113.202 E105.1304
G1 X132.954 Y113.673 E105.13631
G1 X132.775 Y113.604 E105.13871
G1 X132.515 Y113.478 E105.14234
G1 X132.514 Y113.023 E105.14804
G1 X132.62 Y113.074 E105.14952
G0 F7200 X132.807 Y113.145
G0 X132.826 Y113.183
G1 F1500 E98.64952
G0 F7200 X132.801 Y113.249
G0 X132.943 Y110.657
G1 F1500 E105.14952
G0 F7200 X132.62 Y110.074
G1 F1800 X132.954 Y110.202 E105.154
G1 X132.954 Y110.673 E105.15991
G1 X132.775 Y110.604 E105.16231
G1 X132.515 Y110.478 E105.16594
G1 X132.514 Y110.023 E105.17164
G1 X132.62 Y110.074 E105.17312
G0 F7200 X132.807 Y110.145
G0 X132.826 Y110.183
G1 F1500 E98.67312
G0 F7200 X132.801 Y110.249
G0 X133.819 Y110.657
G0 X136.085 Y110.657
G0 X137.65 Y120.63
G1 F1500 E105.17312
G0 F7200 X137.75 Y120.7
G1 F1800 X136.95 Y120.7 E105.18315
G1 X136.95 Y108.3 E105.33865
G1 X137.75 Y108.3 E105.34868
G1 X137.75 Y120.7 E105.50418
G0 F7200 X137.55 Y120.7
G0 X137.309 Y120.338
;TYPE:SKIN
G1 F1800 X137.349 Y120.095 E105.50745
G1 X137.349 Y108.781 E105.65751
G1 X137.449 Y108.599 E105.66027
G0 F7200 X137.344 Y108.494
G0 X137.144 Y120.456
G1 F1800 X137.192 Y120.504 E105.66069
G0 F7200 X137.35 Y120.3
G1 F1500 E99.16069
;MESH:NONMESH
G0 F600 X137.35 Y120.3 Z10.8
G0 F7200 X136.97 Y110.168
G0 X131.667 Y108.669
G0 X115.667 Y108.669
G0 X112.35 Y110.168
G1 F1500 E105.66069
G0 F7200 X111.379 Y110.074
;TIME_ELAPSED:1020.944274
;LAYER:53
;TYPE:WALL-OUTER
;MESH:output_v2\A_fina_conjunto.stl
G1 F1800 X111.695 Y109.92 E105.6651
G1 X111.695 Y110.376 E105.67082
G1 X111.256 Y110.589 E105.67694
G1 X111.256 Y110.121 E105.68281
G1 X111.379 Y110.074 E105.68446
G0 F7200 X111.559 Y109.987
G0 X111.295 Y110.347
G1 F1500 E99.18446
G0 F7200 X111.356 Y110.347
G0 X111.685 Y112.936
G1 F1500 E105.68446
G0 F7200 X111.379 Y113.074
G1 F1800 X111.695 Y112.92 E105.68887
G1 X111.695 Y113.376 E105.69459
G1 X111.256 Y113.589 E105.70071
G1 X111.256 Y113.121 E105.70658
G1 X111.379 Y113.074 E105.70823
G0 F7200 X111.559 Y112.987
G0 X111.295 Y113.347
G1 F1500 E99.20823
G0 F7200 X111.356 Y113.347
G0 X111.685 Y115.936
G1 F1500 E105.70823
G0 F7200 X111.379 Y116.074
G1 F1800 X111.695 Y115.92 E105.71263
G1 X111.696 Y116.375 E105.71834
G1 X111.256 Y116.589 E105.72448
G1 X111.256 Y116.121 E105.73035
G1 X111.379 Y116.074 E105.732
G0 F7200 X111.559 Y115.987
G0 X111.295 Y116.347
G1 F1500 E99.232
G0 F7200 X111.356 Y116.347
G0 X111.685 Y118.936
G1 F1500 E105.732
G0 F7200 X111.379 Y119.074
G1 F1800 X111.695 Y118.92 E105.7364
G1 X111.696 Y119.375 E105.74211
G1 X111.256 Y119.589 E105.74825
G1 X111.256 Y119.121 E105.75412
G1 X111.379 Y119.074 E105.75577
G0 F7200 X111.559 Y118.987
G0 X111.295 Y119.347
G1 F1500 E99.25577
G0 F7200 X111.356 Y119.347
G0 X109.63 Y119.573
G1 F1500 E105.75577
G0 F7200 X109.65 Y119.9
G1 F1800 X109.234 Y119.9 E105.76098
G1 X109.233 Y119.4 E105.76725
G1 X109.65 Y119.4 E105.77248
G1 X109.65 Y119.9 E105.77875
G0 F7200 X109.45 Y119.9
G0 X109.45 Y119.8
G1 F1500 E99.27875
G0 F7200 X107.03 Y119.886
G1 F1500 E105.77875
G0 F7200 X107.05 Y120.7
G1 F1800 X106.25 Y120.7 E105.78879
G1 X106.25 Y108.3 E105.94429
G1 X107.05 Y108.3 E105.95432
G1 X107.05 Y120.7 E106.10982
G0 F7200 X106.85 Y120.7
G0 X106.736 Y120.386
;TYPE:SKIN
G1 F1800 X106.649 Y120.189 E106.11265
G1 X106.649 Y108.876 E106.26154
G1 X106.597 Y108.646 E106.26464
G0 F7200 X106.65 Y108.7
G1 F1500 E99.76464
G0 F7200 X107.03 Y119.165
G0 X108.379 Y118.547
G0 X112.54 Y117.57
G0 X115.44 Y119.147
G0 X116.582 Y119.165
G1 F1500 E106.26464
G0 F7200 X116.621 Y119.074
;TYPE:WALL-OUTER
G1 F1800 X116.744 Y119.121 E106.26629
G1 X116.744 Y119.589 E106.27216
G1 X116.305 Y119.376 E106.27573
G1 X116.304 Y118.92 E106.28126
G1 X116.621 Y119.074 E106.28307
G0 F7200 X116.744 Y119.121
G0 X116.744 Y119.19
G0 X116.705 Y119.191
G1 F1500 E99.78307
G0 F7200 X116.644 Y119.191
G0 X119.276 Y119.165
G1 F1500 E106.28307
G0 F7200 X119.379 Y119.074
G1 F1800 X119.695 Y118.92 E106.28748
G1 X119.696 Y119.375 E106.29318
G1 X119.256 Y119.589 E106.29932
G1 X119.256 Y119.121 E106.30519
G1 X119.379 Y119.074 E106.30684
G0 F7200 X119.559 Y118.987
G0 X119.295 Y119.347
G1 F1500 E99.80684
G0 F7200 X119.356 Y119.347
G0 X119.266 Y116.573
G1 F1500 E106.30684
G0 F7200 X119.379 Y116.074
G1 F1800 X119.695 Y115.92 E106.31125
G1 X119.696 Y116.375 E106.31695
G1 X119.256 Y116.589 E106.32309
G1 X119.256 Y116.121 E106.32896
G1 X119.379 Y116.074 E106.33061
G0 F7200 X119.559 Y115.987
G0 X119.295 Y116.347
G1 F1500 E99.83061
G0 F7200 X119.356 Y116.347
G0 X116.724 Y116.165
G1 F1500 E106.33061
G0 F7200 X116.62 Y116.074
G1 F1800 X116.744 Y116.121 E106.33227
G1 X116.744 Y116.589 E106.33814
G1 X116.305 Y116.376 E106.34171
G1 X116.304 Y115.92 E106.34723
G1 X116.62 Y116.074 E106.34903
G0 F7200 X116.744 Y116.121
G0 X116.744 Y116.189
G0 X116.705 Y116.19
G1 F1500 E99.84903
G0 F7200 X116.644 Y116.19
G0 X116.734 Y113.573
G1 F1500 E106.34903
G0 F7200 X116.62 Y113.074
G1 F1800 X116.744 Y113.121 E106.35069
G1 X116.744 Y113.589 E106.35656
G1 X116.305 Y113.376 E106.36013
G1 X116.304 Y112.92 E106.36565
G1 X116.62 Y113.074 E106.36745
G0 F7200 X116.744 Y113.121
G0 X116.744 Y113.189
G0 X116.705 Y113.19
G1 F1500 E99.86745
G0 F7200 X116.644 Y113.19
G0 X119.276 Y113.165
G1 F1500 E106.36745
G0 F7200 X119.379 Y113.074
G1 F1800 X119.695 Y112.92 E106.37185
G1 X119.695 Y113.376 E106.37757
G1 X119.256 Y113.589 E106.38369
G1 X119.256 Y113.121 E106.38956
G1 X119.379 Y113.074 E106.39121
G0 F7200 X119.559 Y112.987
G0 X119.295 Y113.347
G1 F1500 E99.89121
G0 F7200 X119.356 Y113.347
G0 X119.266 Y110.573
G1 F1500 E106.39121
G0 F7200 X119.379 Y110.074
G1 F1800 X119.695 Y109.92 E106.39562
G1 X119.695 Y110.376 E106.40134
G1 X119.256 Y110.589 E106.40746
G1 X119.256 Y110.121 E106.41333
G1 X119.379 Y110.074 E106.41498
G0 F7200 X119.559 Y109.987
G0 X119.295 Y110.347
G1 F1500 E99.91498
G0 F7200 X119.356 Y110.347
G0 X116.724 Y110.165
G1 F1500 E106.41498
G0 F7200 X116.62 Y110.074
G1 F1800 X116.744 Y110.121 E106.41664
G1 X116.744 Y110.589 E106.42251
G1 X116.305 Y110.376 E106.42608
G1 X116.304 Y109.92 E106.4316
G1 X116.62 Y110.074 E106.4334
G0 F7200 X116.744 Y110.121
G0 X116.744 Y110.189
G0 X116.705 Y110.19
G1 F1500 E99.9334
G0 F7200 X116.644 Y110.19
G0 X118.399 Y109.53
G0 X120.541 Y108.57
G0 X123.44 Y110.15
G0 X124.581 Y110.165
G1 F1500 E106.4334
G0 F7200 X124.62 Y110.074
G1 F1800 X124.744 Y110.121 E106.43506
G1 X124.744 Y110.589 E106.44093
G1 X124.305 Y110.376 E106.4445
G1 X124.304 Y109.92 E106.45002
G1 X124.62 Y110.074 E106.45182
G0 F7200 X124.744 Y110.121
G0 X124.744 Y110.189
G0 X124.705 Y110.19
G1 F1500 E99.95182
G0 F7200 X124.644 Y110.19
G0 X127.276 Y110.165
G1 F1500 E106.45182
G0 F7200 X127.379 Y110.074
G1 F1800 X127.695 Y109.92 E106.45622
G1 X127.695 Y110.376 E106.46194
G1 X127.256 Y110.589 E106.46806
G1 X127.256 Y110.121 E106.47393
G1 X127.379 Y110.074 E106.47558
G0 F7200 X127.559 Y109.987
G0 X127.295 Y110.347
G1 F1500 E99.97558
G0 F7200 X127.356 Y110.347
G0 X127.685 Y112.936
G1 F1500 E106.47558
G0 F7200 X127.379 Y113.074
G1 F1800 X127.695 Y112.92 E106.47999
G1 X127.695 Y113.376 E106.48571
G1 X127.256 Y113.589 E106.49183
G1 X127.256 Y113.121 E106.4977
G1 X127.379 Y113.074 E106.49935
G0 F7200 X127.559 Y112.987
G0 X127.295 Y113.347
G1 F1500 E99.99935
G0 F7200 X127.356 Y113.347
G0 X124.724 Y113.165
G1 F1500 E106.49935
G0 F7200 X124.62 Y113.074
G1 F1800 X124.744 Y113.121 E106.50101
G1 X124.744 Y113.589 E106.50688
G1 X124.305 Y113.376 E106.51045
G1 X124.304 Y112.92 E106.51597
G1 X124.62 Y113.074 E106.51777
G0 F7200 X124.744 Y113.121
G0 X124.744 Y113.189
G0 X124.705 Y113.19
G1 F1500 E100.01777
G0 F7200 X124.644 Y113.19
G0 X124.314 Y115.936
G1 F1500 E106.51777
G0 F7200 X124.62 Y116.074
G1 F1800 X124.744 Y116.121 E106.51943
G1 X124.744 Y116.589 E106.5253
G1 X124.305 Y116.376 E106.52887
G1 X124.304 Y115.92 E106.53439
G1 X124.62 Y116.074 E106.53618
G0 F7200 X124.744 Y116.121
G0 X124.744 Y116.189
G0 X124.705 Y116.19
G1 F1500 E100.03618
G0 F7200 X124.644 Y116.19
G0 X127.276 Y116.165
G1 F1500 E106.53618
G0 F7200 X127.379 Y116.074
G1 F1800 X127.695 Y115.92 E106.54059
G1 X127.695 Y116.376 E106.54631
G1 X127.256 Y116.589 E106.55243
G1 X127.256 Y116.121 E106.5583
G1 X127.379 Y116.074 E106.55995
G0 F7200 X127.559 Y115.987
G0 X127.295 Y116.347
G1 F1500 E100.05995
G0 F7200 X127.356 Y116.347
G0 X127.685 Y118.936
G1 F1500 E106.55995
G0 F7200 X127.379 Y119.074
G1 F1800 X127.695 Y118.92 E106.56436
G1 X127.696 Y119.375 E106.57006
G1 X127.256 Y119.589 E106.5762
G1 X127.256 Y119.121 E106.58207
G1 X127.379 Y119.074 E106.58372
G0 F7200 X127.559 Y118.987
G0 X127.295 Y119.347
G1 F1500 E100.08372
G0 F7200 X127.356 Y119.347
G0 X124.724 Y119.165
G1 F1500 E106.58372
G0 F7200 X124.621 Y119.074
G1 F1800 X124.744 Y119.121 E106.58537
G1 X124.744 Y119.589 E106.59124
G1 X124.305 Y119.376 E106.59482
G1 X124.304 Y118.92 E106.60034
G1 X124.621 Y119.074 E106.60215
G0 F7200 X124.744 Y119.121
G0 X124.744 Y119.19
G0 X124.705 Y119.191
G1 F1500 E100.10215
G0 F7200 X124.644 Y119.191
G0 X126.399 Y118.53
G0 X128.54 Y117.57
G0 X131.44 Y119.151
G0 X132.582 Y119.165
G1 F1500 E106.60215
G0 F7200 X132.621 Y119.074
G1 F1800 X132.744 Y119.121 E106.6038
G1 X132.744 Y119.589 E106.60967
G1 X132.305 Y119.376 E106.61324
G1 X132.304 Y118.92 E106.61877
G1 X132.621 Y119.074 E106.62058
G0 F7200 X132.744 Y119.121
G0 X132.744 Y119.19
G0 X132.705 Y119.191
G1 F1500 E100.12058
G0 F7200 X132.644 Y119.191
G0 X132.734 Y116.573
G1 F1500 E106.62058
G0 F7200 X132.62 Y116.074
G1 F1800 X132.744 Y116.121 E106.62224
G1 X132.744 Y116.589 E106.62811
G1 X132.305 Y116.376 E106.63168
G1 X132.304 Y115.92 E106.6372
G1 X132.62 Y116.074 E106.639
G0 F7200 X132.744 Y116.121
G0 X132.744 Y116.189
G0 X132.705 Y116.19
G1 F1500 E100.139
G0 F7200 X132.644 Y116.19
G0 X132.734 Y113.573
G1 F1500 E106.639
G0 F7200 X132.62 Y113.074
G1 F1800 X132.744 Y113.121 E106.64066
G1 X132.744 Y113.589 E106.64653
G1 X132.305 Y113.376 E106.6501
G1 X132.304 Y112.92 E106.65562
G1 X132.62 Y113.074 E106.65742
G0 F7200 X132.744 Y113.121
G0 X132.744 Y113.189
G0 X132.705 Y113.19
G1 F1500 E100.15742
G0 F7200 X132.644 Y113.19
G0 X132.734 Y110.573
G1 F1500 E106.65742
G0 F7200 X132.62 Y110.074
G1 F1800 X132.744 Y110.121 E106.65908
G1 X132.744 Y110.589 E106.66495
G1 X132.305 Y110.376 E106.66852
G1 X132.304 Y109.92 E106.67404
G1 X132.62 Y110.074 E106.67583
G0 F7200 X132.744 Y110.121
G0 X132.744 Y110.189
G0 X132.705 Y110.19
G1 F1500 E100.17583
G0 F7200 X132.644 Y110.19
G0 X133.609 Y110.573
G0 X136.085 Y110.573
G0 X137.65 Y120.63
G1 F1500 E106.67583
G0 F7200 X137.75 Y120.7
G1 F1800 X136.95 Y120.7 E106.68587
G1 X136.95 Y108.3 E106.84137
G1 X137.75 Y108.3 E106.8514
G1 X137.75 Y120.7 E107.0069
G0 F7200 X137.55 Y120.7
G0 X137.5 Y120.451
;TYPE:SKIN
G1 F1800 X137.359 Y120.31 E107.00947
G1 X137.349 Y114.945 E107.0787
G1 X137.349 Y108.723 E107.15899
G1 X137.219 Y108.569 E107.16159
G0 F7200 X137.35 Y108.7
G1 F1500 E100.66159
;MESH:NONMESH
G0 F600 X137.35 Y108.7 Z11
G0 F7200 X136.97 Y110.274
G0 X133.591 Y111.822
G0 X128.553 Y110.913
G0 X127.563 Y111.4
G0 X126.409 Y111.822
G0 X120.553 Y110.913
G0 X119.563 Y111.4
G0 X118.409 Y111.822
G0 X112.56 Y110.274
G1 F1500 E107.16159
G0 F7200 X111.905 Y110.274
;TIME_ELAPSED:1042.570489
;LAYER:54
;TYPE:WALL-OUTER
;MESH:output_v2\A_fina_conjunto.stl
G1 F1800 X111.466 Y110.487 E107.16771
G1 X111.466 Y110.032 E107.17342
G1 X111.905 Y109.819 E107.17954
G1 X111.905 Y110.274 E107.18524
G0 F7200 X111.725 Y110.361
G0 X111.721 Y110.353
G1 F1500 E100.68524
G0 F7200 X111.684 Y110.27
G0 X111.895 Y112.835
G1 F1500 E107.18524
G0 F7200 X111.905 Y113.274
G1 F1800 X111.466 Y113.487 E107.19136
G1 X111.466 Y113.032 E107.19707
G1 X111.905 Y112.819 E107.20319
G1 X111.905 Y113.274 E107.20889
G0 F7200 X111.725 Y113.361
G0 X111.721 Y113.353
G1 F1500 E100.70889
G0 F7200 X111.684 Y113.27
G0 X111.895 Y115.834
G1 F1500 E107.20889
G0 F7200 X111.906 Y116.273
G1 F1800 X111.466 Y116.487 E107.21503
G1 X111.466 Y116.032 E107.22073
G1 X111.905 Y115.818 E107.22686
G1 X111.906 Y116.273 E107.23256
G0 F7200 X111.727 Y116.36
G0 X111.723 Y116.351
G1 F1500 E100.73256
G0 F7200 X111.686 Y116.27
G0 X111.895 Y118.834
G1 F1500 E107.23256
G0 F7200 X111.906 Y119.273
G1 F1800 X111.466 Y119.487 E107.2387
G1 X111.466 Y119.032 E107.24441
G1 X111.905 Y118.818 E107.25053
G1 X111.906 Y119.273 E107.25624
G0 F7200 X111.727 Y119.36
G0 X111.723 Y119.351
G1 F1500 E100.75624
G0 F7200 X111.686 Y119.27
G0 X109.588 Y119.471
G1 F1500 E107.25624
G0 F7200 X109.608 Y119.9
G1 F1800 X109.196 Y119.9 E107.2614
G1 X109.195 Y119.4 E107.26767
G1 X109.608 Y119.4 E107.27285
G1 X109.608 Y119.9 E107.27912
G0 F7200 X109.408 Y119.9
G0 X109.408 Y119.8
G1 F1500 E100.77912
G0 F7200 X107.03 Y119.886
G1 F1500 E107.27912
G0 F7200 X107.05 Y120.7
G1 F1800 X106.25 Y120.7 E107.28915
G1 X106.25 Y108.3 E107.44466
G1 X107.05 Y108.3 E107.45469
G1 X107.05 Y120.7 E107.61019
G0 F7200 X106.85 Y120.7
G0 X106.65 Y120.226
;TYPE:SKIN
G1 F1800 X106.65 Y119.943 E107.61393
G1 X106.65 Y108.912 E107.75972
G1 X106.826 Y108.523 E107.76536
G0 F7200 X106.797 Y108.494
G0 X106.445 Y120.304
G1 F1800 X106.644 Y120.503 E107.76713
G0 F7200 X106.65 Y120.3
G1 F1500 E101.26713
G0 F7200 X107.03 Y119.084
G0 X108.341 Y118.547
G0 X112.75 Y117.468
G0 X115.23 Y119.068
G0 X116.434 Y119.084
G1 F1500 E107.76713
G0 F7200 X116.534 Y119.031
;TYPE:WALL-OUTER
G1 F1800 X116.534 Y119.487 E107.77285
G1 X116.095 Y119.274 E107.77896
G1 X116.094 Y118.818 E107.78468
G1 X116.534 Y119.031 E107.79081
G0 F7200 X116.534 Y119.231
G0 X116.495 Y119.232
G1 F1500 E101.29081
G0 F7200 X116.434 Y119.232
G0 X116.524 Y116.471
G1 F1500 E107.79081
G0 F7200 X116.534 Y116.031
G1 F1800 X116.534 Y116.487 E107.79653
G1 X116.095 Y116.274 E107.80265
G1 X116.094 Y115.817 E107.80838
G1 X116.534 Y116.031 E107.81452
G0 F7200 X116.534 Y116.231
G0 X116.495 Y116.232
G1 F1500 E101.31452
G0 F7200 X116.434 Y116.232
G0 X116.524 Y113.471
G1 F1500 E107.81452
G0 F7200 X116.534 Y113.032
G1 F1800 X116.534 Y113.487 E107.82022
G1 X116.095 Y113.274 E107.82634
G1 X116.094 Y112.818 E107.83206
G1 X116.534 Y113.032 E107.8382
G0 F7200 X116.534 Y113.232
G0 X116.495 Y113.233
G1 F1500 E101.3382
G0 F7200 X116.434 Y113.233
G0 X116.524 Y110.471
G1 F1500 E107.8382
G0 F7200 X116.534 Y110.032
G1 F1800 X116.534 Y110.487 E107.8439
G1 X116.095 Y110.274 E107.85002
G1 X116.094 Y109.818 E107.85574
G1 X116.534 Y110.032 E107.86188
G0 F7200 X116.534 Y110.232
G0 X116.495 Y110.233
G1 F1500 E101.36188
G0 F7200 X116.434 Y110.233
G0 X118.601 Y110.206
G0 X119.815 Y110.206
G1 F1500 E107.86188
G0 F7200 X119.905 Y110.274
G1 F1800 X119.466 Y110.487 E107.86799
G1 X119.466 Y110.032 E107.8737
G1 X119.905 Y109.819 E107.87982
G1 X119.905 Y110.274 E107.88553
G0 F7200 X119.725 Y110.361
G0 X119.721 Y110.353
G1 F1500 E101.38553
G0 F7200 X119.684 Y110.27
G0 X119.895 Y112.835
G1 F1500 E107.88553
G0 F7200 X119.905 Y113.274
G1 F1800 X119.466 Y113.487 E107.89164
G1 X119.466 Y113.032 E107.89735
G1 X119.905 Y112.819 E107.90347
G1 X119.905 Y113.274 E107.90917
G0 F7200 X119.725 Y113.361
G0 X119.721 Y113.353
G1 F1500 E101.40917
G0 F7200 X119.684 Y113.27
G0 X119.895 Y115.834
G1 F1500 E107.90917
G0 F7200 X119.906 Y116.273
G1 F1800 X119.466 Y116.487 E107.91531
G1 X119.466 Y116.032 E107.92102
G1 X119.905 Y115.818 E107.92714
G1 X119.906 Y116.273 E107.93285
G0 F7200 X119.727 Y116.36
G0 X119.723 Y116.351
G1 F1500 E101.43285
G0 F7200 X119.686 Y116.27
G0 X119.895 Y118.834
G1 F1500 E107.93285
G0 F7200 X119.906 Y119.273
G1 F1800 X119.466 Y119.487 E107.93898
G1 X119.466 Y119.032 E107.94469
G1 X119.905 Y118.818 E107.95081
G1 X119.906 Y119.273 E107.95652
G0 F7200 X119.727 Y119.36
G0 X119.723 Y119.351
G1 F1500 E101.45652
G0 F7200 X119.686 Y119.27
G0 X120.77 Y119.092
G0 X123.23 Y119.087
G0 X124.434 Y119.084
G1 F1500 E107.95652
G0 F7200 X124.534 Y119.031
G1 F1800 X124.534 Y119.487 E107.96224
G1 X124.095 Y119.274 E107.96836
G1 X124.094 Y118.818 E107.97407
G1 X124.534 Y119.031 E107.98021
G0 F7200 X124.534 Y119.231
G0 X124.495 Y119.232
G1 F1500 E101.48021
G0 F7200 X124.434 Y119.232
G0 X124.524 Y116.471
G1 F1500 E107.98021
G0 F7200 X124.534 Y116.031
G1 F1800 X124.534 Y116.487 E107.98592
G1 X124.095 Y116.274 E107.99204
G1 X124.094 Y115.817 E107.99777
G1 X124.534 Y116.031 E108.00391
G0 F7200 X124.534 Y116.231
G0 X124.495 Y116.232
G1 F1500 E101.50391
G0 F7200 X124.434 Y116.232
G0 X124.524 Y113.471
G1 F1500 E108.00391
G0 F7200 X124.534 Y113.032
G1 F1800 X124.534 Y113.487 E108.00962
G1 X124.095 Y113.274 E108.01573
G1 X124.094 Y112.818 E108.02145
G1 X124.534 Y113.032 E108.02759
G0 F7200 X124.534 Y113.232
G0 X124.495 Y113.233
G1 F1500 E101.52759
G0 F7200 X124.434 Y113.233
G0 X124.524 Y110.471
G1 F1500 E108.02759
G0 F7200 X124.534 Y110.032
G1 F1800 X124.534 Y110.487 E108.03329
G1 X124.095 Y110.274 E108.03941
G1 X124.094 Y109.818 E108.04513
G1 X124.534 Y110.032 E108.05127
G0 F7200 X124.534 Y110.232
G0 X124.495 Y110.233
G1 F1500 E101.55127
G0 F7200 X124.434 Y110.233
G0 X126.601 Y110.206
G0 X127.815 Y110.206
G1 F1500 E108.05127
G0 F7200 X127.905 Y110.274
G1 F1800 X127.466 Y110.487 E108.05739
G1 X127.466 Y110.032 E108.06309
G1 X127.905 Y109.819 E108.06921
G1 X127.905 Y110.274 E108.07492
G0 F7200 X127.725 Y110.361
G0 X127.721 Y110.353
G1 F1500 E101.57492
G0 F7200 X127.684 Y110.27
G0 X127.895 Y112.835
G1 F1500 E108.07492
G0 F7200 X127.905 Y113.274
G1 F1800 X127.466 Y113.487 E108.08104
G1 X127.466 Y113.032 E108.08674
G1 X127.905 Y112.819 E108.09286
G1 X127.905 Y113.274 E108.09857
G0 F7200 X127.725 Y113.361
G0 X127.721 Y113.353
G1 F1500 E101.59857
G0 F7200 X127.684 Y113.27
G0 X127.895 Y115.835
G1 F1500 E108.09857
G0 F7200 X127.905 Y116.274
G1 F1800 X127.466 Y116.487 E108.10469
G1 X127.466 Y116.032 E108.11039
G1 X127.905 Y115.819 E108.11651
G1 X127.905 Y116.274 E108.12222
G0 F7200 X127.725 Y116.361
G0 X127.721 Y116.353
G1 F1500 E101.62222
G0 F7200 X127.684 Y116.27
G0 X127.895 Y118.834
G1 F1500 E108.12222
G0 F7200 X127.906 Y119.273
G1 F1800 X127.466 Y119.487 E108.12835
G1 X127.466 Y119.032 E108.13406
G1 X127.905 Y118.818 E108.14018
G1 X127.906 Y119.273 E108.14589
G0 F7200 X127.727 Y119.36
G0 X127.723 Y119.351
G1 F1500 E101.64589
G0 F7200 X127.686 Y119.27
G0 X128.77 Y119.092
G0 X131.23 Y119.087
G0 X132.434 Y119.084
G1 F1500 E108.14589
G0 F7200 X132.534 Y119.031
G1 F1800 X132.534 Y119.487 E108.15161
G1 X132.095 Y119.274 E108.15773
G1 X132.094 Y118.818 E108.16344
G1 X132.534 Y119.031 E108.16957
G0 F7200 X132.534 Y119.231
G0 X132.495 Y119.232
G1 F1500 E101.66957
G0 F7200 X132.434 Y119.232
G0 X132.524 Y116.471
G1 F1500 E108.16957
G0 F7200 X132.534 Y116.031
G1 F1800 X132.534 Y116.487 E108.17529
G1 X132.095 Y116.274 E108.18141
G1 X132.094 Y115.817 E108.18714
G1 X132.534 Y116.031 E108.19328
G0 F7200 X132.534 Y116.231
G0 X132.495 Y116.232
G1 F1500 E101.69328
G0 F7200 X132.434 Y116.232
G0 X132.524 Y113.471
G1 F1500 E108.19328
G0 F7200 X132.534 Y113.032
G1 F1800 X132.534 Y113.487 E108.19898
G1 X132.095 Y113.274 E108.2051
G1 X132.094 Y112.818 E108.21082
G1 X132.534 Y113.032 E108.21696
G0 F7200 X132.534 Y113.232
G0 X132.495 Y113.233
G1 F1500 E101.71696
G0 F7200 X132.434 Y113.233
G0 X132.524 Y110.471
G1 F1500 E108.21696
G0 F7200 X132.534 Y110.032
G1 F1800 X132.534 Y110.487 E108.22266
G1 X132.095 Y110.274 E108.22878
G1 X132.094 Y109.818 E108.2345
G1 X132.534 Y110.032 E108.24064
G0 F7200 X132.534 Y110.232
G0 X132.495 Y110.233
G1 F1500 E101.74064
G0 F7200 X132.434 Y110.233
G0 X136.085 Y110.471
G0 X137.65 Y120.63
G1 F1500 E108.24064
G0 F7200 X137.75 Y120.7
G1 F1800 X136.95 Y120.7 E108.25067
G1 X136.95 Y108.3 E108.40617
G1 X137.75 Y108.3 E108.4162
G1 X137.75 Y120.7 E108.5717
G0 F7200 X137.55 Y120.7
G0 X137.309 Y120.338
;TYPE:SKIN
G1 F1800 X137.349 Y120.095 E108.57497
G1 X137.349 Y108.781 E108.72503
G1 X137.449 Y108.599 E108.72779
G0 F7200 X137.344 Y108.494
G0 X137.144 Y120.456
G1 F1800 X137.192 Y120.504 E108.72821
G0 F7200 X137.35 Y120.3
G1 F1500 E102.22821
;MESH:NONMESH
G0 F600 X137.35 Y120.3 Z11.2
G0 F7200 X136.97 Y110.172
G0 X133.381 Y111.743
G0 X128.763 Y110.811
G0 X127.564 Y111.4
G0 X126.619 Y111.743
G0 X125.381 Y111.743
G0 X120.763 Y110.811
G0 X119.564 Y111.4
G0 X118.619 Y111.743
G0 X117.381 Y111.743
G0 X112.77 Y110.172
G1 F1500 E108.72821
G0 F7200 X112.115 Y110.172
;TIME_ELAPSED:1064.208576
;LAYER:55
;TYPE:WALL-OUTER
;MESH:output_v2\A_fina_conjunto.stl
G1 F1800 X111.675 Y110.385 E108.73434
G1 X111.676 Y109.929 E108.74006
G1 X112.116 Y109.716 E108.74619
G1 X112.115 Y110.172 E108.75191
G0 F7200 X111.935 Y110.259
G0 X111.931 Y110.25
G1 F1500 E102.25191
G0 F7200 X111.893 Y110.168
G0 X112.106 Y112.732
G1 F1500 E108.75191
G0 F7200 X112.115 Y113.172
G1 F1800 X111.675 Y113.385 E108.75804
G1 X111.676 Y112.929 E108.76376
G1 X112.116 Y112.716 E108.76989
G1 X112.115 Y113.172 E108.77561
G0 F7200 X111.935 Y113.259
G0 X111.931 Y113.25
G1 F1500 E102.27561
G0 F7200 X111.893 Y113.168
G0 X112.106 Y115.731
G1 F1500 E108.77561
G0 F7200 X112.116 Y116.171
G1 F1800 X111.675 Y116.385 E108.78175
G1 X111.676 Y115.929 E108.78747
G1 X112.116 Y115.715 E108.79361
G1 X112.116 Y116.171 E108.79933
G0 F7200 X111.936 Y116.258
G0 X111.933 Y116.248
G1 F1500 E102.29933
G0 F7200 X111.895 Y116.167
G0 X112.106 Y118.732
G1 F1500 E108.79933
G0 F7200 X112.116 Y119.171
G1 F1800 X111.675 Y119.385 E108.80547
G1 X111.675 Y118.93 E108.81118
G1 X112.116 Y118.716 E108.81733
G1 X112.116 Y119.171 E108.82303
G0 F7200 X111.936 Y119.258
G0 X111.932 Y119.25
G1 F1500 E102.32303
G0 F7200 X111.895 Y119.167
G0 X109.555 Y119.414
G1 F1500 E108.82303
G0 F7200 X109.569 Y119.9
G1 F1800 X109.159 Y119.9 E108.82817
G1 X109.158 Y119.4 E108.83444
G1 X109.569 Y119.4 E108.8396
G1 X109.569 Y119.9 E108.84587
G0 F7200 X109.369 Y119.9
G0 X109.369 Y119.8
G1 F1500 E102.34587
G0 F7200 X107.03 Y119.886
G1 F1500 E108.84587
G0 F7200 X107.05 Y120.7
G1 F1800 X106.25 Y120.7 E108.8559
G1 X106.25 Y108.3 E109.0114
G1 X107.05 Y108.3 E109.02143
G1 X107.05 Y120.7 E109.17693
G0 F7200 X106.85 Y120.7
G0 X106.736 Y120.386
;TYPE:SKIN
G1 F1800 X106.649 Y120.189 E109.17977
G1 X106.649 Y108.876 E109.32865
G1 X106.597 Y108.646 E109.33175
G0 F7200 X106.65 Y108.7
G1 F1500 E102.83175
G0 F7200 X107.03 Y118.982
G0 X108.304 Y118.547
G0 X112.962 Y117.364
G0 X115.02 Y118.982
G0 X116.224 Y118.982
G1 F1500 E109.33175
G0 F7200 X116.324 Y118.929
;TYPE:WALL-OUTER
G1 F1800 X116.324 Y119.385 E109.33747
G1 X115.885 Y119.172 E109.34359
G1 X115.885 Y118.716 E109.34931
G1 X116.324 Y118.929 E109.35543
G0 F7200 X116.324 Y119.129
G0 X116.285 Y119.129
G1 F1500 E102.85543
G0 F7200 X116.224 Y119.129
G0 X116.315 Y116.369
G1 F1500 E109.35543
G0 F7200 X116.324 Y115.929
G1 F1800 X116.325 Y116.385 E109.36115
G1 X115.885 Y116.172 E109.36728
G1 X115.884 Y115.716 E109.373
G1 X116.324 Y115.929 E109.37913
G0 F7200 X116.324 Y116.129
G0 X116.285 Y116.129
G1 F1500 E102.87913
G0 F7200 X116.224 Y116.128
G0 X116.315 Y113.369
G1 F1500 E109.37913
G0 F7200 X116.324 Y112.929
G1 F1800 X116.325 Y113.385 E109.38485
G1 X115.885 Y113.172 E109.39098
G1 X115.884 Y112.716 E109.39669
G1 X116.324 Y112.929 E109.40282
G0 F7200 X116.324 Y113.129
G0 X116.285 Y113.129
G1 F1500 E102.90282
G0 F7200 X116.224 Y113.128
G0 X116.315 Y110.369
G1 F1500 E109.40282
G0 F7200 X116.324 Y109.929
G1 F1800 X116.325 Y110.385 E109.40854
G1 X115.885 Y110.172 E109.41467
G1 X115.884 Y109.716 E109.42039
G1 X116.324 Y109.929 E109.42652
G0 F7200 X116.324 Y110.129
G0 X116.285 Y110.129
G1 F1500 E102.92652
G0 F7200 X116.224 Y110.128
G0 X118.81 Y110.121
G0 X120.025 Y110.104
G1 F1500 E109.42652
G0 F7200 X120.115 Y110.172
G1 F1800 X119.675 Y110.385 E109.43265
G1 X119.676 Y109.929 E109.43837
G1 X120.116 Y109.716 E109.4445
G1 X120.115 Y110.172 E109.45022
G0 F7200 X119.935 Y110.259
G0 X119.931 Y110.25
G1 F1500 E102.95022
G0 F7200 X119.893 Y110.168
G0 X120.106 Y112.732
G1 F1500 E109.45022
G0 F7200 X120.115 Y113.172
G1 F1800 X119.675 Y113.385 E109.45635
G1 X119.676 Y112.929 E109.46207
G1 X120.116 Y112.716 E109.4682
G1 X120.115 Y113.172 E109.47392
G0 F7200 X119.935 Y113.259
G0 X119.931 Y113.25
G1 F1500 E102.97392
G0 F7200 X119.893 Y113.168
G0 X120.106 Y115.731
G1 F1500 E109.47392
G0 F7200 X120.116 Y116.171
G1 F1800 X119.675 Y116.385 E109.48006
G1 X119.676 Y115.929 E109.48578
G1 X120.116 Y115.715 E109.49192
G1 X120.116 Y116.171 E109.49764
G0 F7200 X119.936 Y116.258
G0 X119.933 Y116.248
G1 F1500 E102.99764
G0 F7200 X119.895 Y116.167
G0 X120.106 Y118.732
G1 F1500 E109.49764
G0 F7200 X120.116 Y119.171
G1 F1800 X119.675 Y119.385 E109.50378
G1 X119.675 Y118.93 E109.50949
G1 X120.116 Y118.716 E109.51564
G1 X120.116 Y119.171 E109.52134
G0 F7200 X119.936 Y119.258
G0 X119.932 Y119.25
G1 F1500 E103.02134
G0 F7200 X119.895 Y119.167
G0 X120.981 Y118.982
G0 X123.019 Y118.992
G0 X124.224 Y118.982
G1 F1500 E109.52134
G0 F7200 X124.324 Y118.929
G1 F1800 X124.324 Y119.385 E109.52706
G1 X123.884 Y119.171 E109.5332
G1 X123.885 Y118.716 E109.5389
G1 X124.324 Y118.929 E109.54502
G0 F7200 X124.324 Y119.129
G0 X124.284 Y119.129
G1 F1500 E103.04502
G0 F7200 X124.224 Y119.129
G0 X124.315 Y116.369
G1 F1500 E109.54502
G0 F7200 X124.324 Y115.929
G1 F1800 X124.325 Y116.385 E109.55074
G1 X123.885 Y116.172 E109.55687
G1 X123.884 Y115.716 E109.56259
G1 X124.324 Y115.929 E109.56872
G0 F7200 X124.324 Y116.129
G0 X124.285 Y116.129
G1 F1500 E103.06872
G0 F7200 X124.224 Y116.128
G0 X124.315 Y113.369
G1 F1500 E109.56872
G0 F7200 X124.324 Y112.929
G1 F1800 X124.325 Y113.385 E109.57444
G1 X123.885 Y113.172 E109.58057
G1 X123.884 Y112.716 E109.58629
G1 X124.324 Y112.929 E109.59242
G0 F7200 X124.324 Y113.129
G0 X124.285 Y113.129
G1 F1500 E103.09242
G0 F7200 X124.224 Y113.128
G0 X124.315 Y110.369
G1 F1500 E109.59242
G0 F7200 X124.324 Y109.929
G1 F1800 X124.325 Y110.385 E109.59813
G1 X123.885 Y110.172 E109.60427
G1 X123.884 Y109.716 E109.60998
G1 X124.324 Y109.929 E109.61611
G0 F7200 X124.324 Y110.129
G0 X124.285 Y110.129
G1 F1500 E103.11611
G0 F7200 X124.224 Y110.128
G0 X126.81 Y110.121
G0 X128.025 Y110.104
G1 F1500 E109.61611
G0 F7200 X128.115 Y110.172
G1 F1800 X127.675 Y110.385 E109.62224
G1 X127.676 Y109.929 E109.62796
G1 X128.116 Y109.716 E109.63409
G1 X128.115 Y110.172 E109.63981
G0 F7200 X127.935 Y110.259
G0 X127.931 Y110.25
G1 F1500 E103.13981
G0 F7200 X127.893 Y110.168
G0 X128.106 Y112.732
G1 F1500 E109.63981
G0 F7200 X128.115 Y113.172
G1 F1800 X127.675 Y113.385 E109.64594
G1 X127.676 Y112.929 E109.65166
G1 X128.116 Y112.716 E109.65779
G1 X128.115 Y113.172 E109.66351
G0 F7200 X127.935 Y113.259
G0 X127.931 Y113.25
G1 F1500 E103.16351
G0 F7200 X127.893 Y113.168
G0 X128.106 Y115.732
G1 F1500 E109.66351
G0 F7200 X128.115 Y116.172
G1 F1800 X127.675 Y116.385 E109.66964
G1 X127.676 Y115.929 E109.67536
G1 X128.116 Y115.716 E109.68149
G1 X128.115 Y116.172 E109.68721
G0 F7200 X127.935 Y116.259
G0 X127.931 Y116.25
G1 F1500 E103.18721
G0 F7200 X127.893 Y116.168
G0 X128.106 Y118.732
G1 F1500 E109.68721
G0 F7200 X128.116 Y119.171
G1 F1800 X127.676 Y119.385 E109.69334
G1 X127.675 Y118.93 E109.69905
G1 X128.116 Y118.716 E109.70519
G1 X128.116 Y119.171 E109.7109
G0 F7200 X127.937 Y119.258
G0 X127.932 Y119.25
G1 F1500 E103.2109
G0 F7200 X127.895 Y119.168
G0 X128.981 Y118.982
G0 X131.019 Y118.992
G0 X132.224 Y118.982
G1 F1500 E109.7109
G0 F7200 X132.324 Y118.929
G1 F1800 X132.324 Y119.385 E109.71662
G1 X131.884 Y119.171 E109.72275
G1 X131.885 Y118.716 E109.72846
G1 X132.324 Y118.929 E109.73458
G0 F7200 X132.324 Y119.129
G0 X132.284 Y119.129
G1 F1500 E103.23458
G0 F7200 X132.224 Y119.129
G0 X132.315 Y116.369
G1 F1500 E109.73458
G0 F7200 X132.324 Y115.929
G1 F1800 X132.325 Y116.385 E109.7403
G1 X131.885 Y116.172 E109.74643
G1 X131.884 Y115.716 E109.75215
G1 X132.324 Y115.929 E109.75828
G0 F7200 X132.324 Y116.129
G0 X132.285 Y116.129
G1 F1500 E103.25828
G0 F7200 X132.224 Y116.128
G0 X132.315 Y113.369
G1 F1500 E109.75828
G0 F7200 X132.324 Y112.929
G1 F1800 X132.325 Y113.385 E109.764
G1 X131.885 Y113.172 E109.77013
G1 X131.884 Y112.716 E109.77584
G1 X132.324 Y112.929 E109.78197
G0 F7200 X132.324 Y113.129
G0 X132.285 Y113.129
G1 F1500 E103.28197
G0 F7200 X132.224 Y113.128
G0 X132.315 Y110.369
G1 F1500 E109.78197
G0 F7200 X132.324 Y109.929
G1 F1800 X132.325 Y110.385 E109.78769
G1 X131.885 Y110.172 E109.79382
G1 X131.884 Y109.716 E109.79954
G1 X132.324 Y109.929 E109.80567
G0 F7200 X132.324 Y110.129
G0 X132.285 Y110.129
G1 F1500 E103.30567
G0 F7200 X132.224 Y110.128
G0 X136.085 Y110.369
G0 X137.65 Y120.63
G1 F1500 E109.80567
G0 F7200 X137.75 Y120.7
G1 F1800 X136.95 Y120.7 E109.8157
G1 X136.95 Y108.3 E109.9712
G1 X137.75 Y108.3 E109.98124
G1 X137.75 Y120.7 E110.13674
G0 F7200 X137.55 Y120.7
G0 X137.5 Y120.451
;TYPE:SKIN
G1 F1800 X137.359 Y120.31 E110.13931
G1 X137.349 Y114.945 E110.20854
G1 X137.349 Y108.723 E110.28883
G1 X137.219 Y108.569 E110.29143
G0 F7200 X137.35 Y108.7
G1 F1500 E103.79143
;MESH:NONMESH
G0 F600 X137.35 Y108.7 Z11.4
G0 F7200 X136.97 Y110.069
G0 X133.172 Y111.737
G0 X128.979 Y110.05
G0 X128.963 Y108.364
G0 X115.037 Y108.364
G0 X112.981 Y110.013
G1 F1500 E110.29143
G0 F7200 X112.324 Y110.07
;TIME_ELAPSED:1085.597250
;LAYER:56
;TYPE:WALL-OUTER
;MESH:output_v2\A_fina_conjunto.stl
G1 F1800 X111.885 Y110.283 E110.29755
G1 X111.886 Y109.827 E110.30327
G1 X112.325 Y109.614 E110.30939
G1 X112.324 Y110.07 E110.31511
G0 F7200 X112.144 Y110.157
G0 X112.14 Y110.148
G1 F1500 E103.81511
G0 F7200 X112.103 Y110.066
G0 X112.315 Y112.63
G1 F1500 E110.31511
G0 F7200 X112.324 Y113.07
G1 F1800 X111.885 Y113.283 E110.32122
G1 X111.886 Y112.827 E110.32694
G1 X112.325 Y112.614 E110.33306
G1 X112.324 Y113.07 E110.33878
G0 F7200 X112.144 Y113.157
G0 X112.14 Y113.148
G1 F1500 E103.83878
G0 F7200 X112.103 Y113.066
G0 X112.315 Y115.63
G1 F1500 E110.33878
G0 F7200 X112.325 Y116.069
G1 F1800 X111.885 Y116.283 E110.34492
G1 X111.886 Y115.827 E110.35063
G1 X112.325 Y115.614 E110.35675
G1 X112.325 Y116.069 E110.36246
G0 F7200 X112.146 Y116.156
G0 X112.141 Y116.148
G1 F1500 E103.86246
G0 F7200 X112.104 Y116.066
G0 X112.315 Y118.63
G1 F1500 E110.36246
G0 F7200 X112.325 Y119.069
G1 F1800 X111.885 Y119.283 E110.36859
G1 X111.885 Y118.828 E110.3743
G1 X112.325 Y118.614 E110.38044
G1 X112.325 Y119.069 E110.38614
G0 F7200 X112.146 Y119.156
G0 X112.142 Y119.147
G1 F1500 E103.88614
G0 F7200 X112.105 Y119.066
G0 X109.527 Y119.414
G1 F1500 E110.38614
G0 F7200 X109.541 Y119.9
G1 F1800 X109.134 Y119.9 E110.39125
G1 X109.133 Y119.4 E110.39752
G1 X109.541 Y119.4 E110.40263
G1 X109.541 Y119.9 E110.4089
G0 F7200 X109.341 Y119.9
G0 X109.341 Y119.8
G1 F1500 E103.9089
G0 F7200 X107.03 Y119.886
G1 F1500 E110.4089
G0 F7200 X107.05 Y120.7
G1 F1800 X106.25 Y120.7 E110.41894
G1 X106.25 Y108.3 E110.57444
G1 X107.05 Y108.3 E110.58447
G1 X107.05 Y120.7 E110.73997
G0 F7200 X106.85 Y120.7
G0 X106.65 Y120.226
;TYPE:SKIN
G1 F1800 X106.65 Y119.943 E110.74371
G1 X106.65 Y108.912 E110.8895
G1 X106.826 Y108.523 E110.89514
G0 F7200 X106.797 Y108.494
G0 X106.445 Y120.304
G1 F1800 X106.644 Y120.503 E110.89691
G0 F7200 X106.65 Y120.3
G1 F1500 E104.39691
G0 F7200 X107.03 Y118.88
G0 X108.279 Y118.547
G0 X113.171 Y117.262
G0 X114.811 Y118.88
G0 X116.014 Y118.88
G1 F1500 E110.89691
G0 F7200 X116.114 Y118.827
;TYPE:WALL-OUTER
G1 F1800 X116.114 Y119.283 E110.90263
G1 X115.676 Y119.07 E110.90873
G1 X115.676 Y118.614 E110.91445
G1 X116.114 Y118.827 E110.92056
G0 F7200 X116.114 Y119.027
G0 X116.076 Y119.027
G1 F1500 E104.42056
G0 F7200 X116.014 Y119.027
G0 X116.105 Y116.267
G1 F1500 E110.92056
G0 F7200 X116.114 Y115.827
G1 F1800 X116.115 Y116.283 E110.92628
G1 X115.676 Y116.07 E110.9324
G1 X115.675 Y115.614 E110.93812
G1 X116.114 Y115.827 E110.94423
G0 F7200 X116.114 Y116.027
G0 X116.076 Y116.027
G1 F1500 E104.44423
G0 F7200 X116.014 Y116.026
G0 X116.105 Y113.267
G1 F1500 E110.94423
G0 F7200 X116.114 Y112.827
G1 F1800 X116.115 Y113.283 E110.94995
G1 X115.676 Y113.07 E110.95607
G1 X115.675 Y112.614 E110.96179
G1 X116.114 Y112.827 E110.96791
G0 F7200 X116.114 Y113.027
G0 X116.076 Y113.027
G1 F1500 E104.46791
G0 F7200 X116.014 Y113.026
G0 X116.105 Y110.267
G1 F1500 E110.96791
G0 F7200 X116.114 Y109.827
G1 F1800 X116.115 Y110.283 E110.97363
G1 X115.676 Y110.07 E110.97975
G1 X115.675 Y109.614 E110.98547
G1 X116.114 Y109.827 E110.99158
G0 F7200 X116.114 Y110.027
G0 X116.076 Y110.027
G1 F1500 E104.49158
G0 F7200 X116.014 Y110.026
G0 X119.02 Y110.021
G0 X120.234 Y110.002
G1 F1500 E110.99158
G0 F7200 X120.324 Y110.07
G1 F1800 X119.885 Y110.283 E110.9977
G1 X119.886 Y109.827 E111.00342
G1 X120.325 Y109.614 E111.00954
G1 X120.324 Y110.07 E111.01526
G0 F7200 X120.144 Y110.157
G0 X120.14 Y110.148
G1 F1500 E104.51526
G0 F7200 X120.103 Y110.066
G0 X120.315 Y112.63
G1 F1500 E111.01526
G0 F7200 X120.324 Y113.07
G1 F1800 X119.885 Y113.283 E111.02138
G1 X119.886 Y112.827 E111.0271
G1 X120.325 Y112.614 E111.03322
G1 X120.324 Y113.07 E111.03893
G0 F7200 X120.144 Y113.157
G0 X120.14 Y113.148
G1 F1500 E104.53893
G0 F7200 X120.103 Y113.066
G0 X120.315 Y115.63
G1 F1500 E111.03893
G0 F7200 X120.325 Y116.069
G1 F1800 X119.885 Y116.283 E111.04507
G1 X119.886 Y115.827 E111.05079
G1 X120.325 Y115.614 E111.05691
G1 X120.325 Y116.069 E111.06261
G0 F7200 X120.146 Y116.156
G0 X120.141 Y116.148
G1 F1500 E104.56261
G0 F7200 X120.104 Y116.066
G0 X120.315 Y118.63
G1 F1500 E111.06261
G0 F7200 X120.325 Y119.069
G1 F1800 X119.885 Y119.283 E111.06875
G1 X119.885 Y118.828 E111.07445
G1 X120.325 Y118.614 E111.08059
G1 X120.325 Y119.069 E111.0863
G0 F7200 X120.146 Y119.156
G0 X120.142 Y119.147
G1 F1500 E104.5863
G0 F7200 X120.105 Y119.066
G0 X121.19 Y118.88
G0 X122.81 Y118.889
G0 X124.014 Y118.88
G1 F1500 E111.0863
G0 F7200 X124.114 Y118.827
G1 F1800 X124.114 Y119.282 E111.092
G1 X123.675 Y119.069 E111.09812
G1 X123.676 Y118.614 E111.10383
G1 X124.114 Y118.827 E111.10993
G0 F7200 X124.114 Y119.027
G0 X124.075 Y119.027
G1 F1500 E104.60993
G0 F7200 X124.014 Y119.027
G0 X124.105 Y116.267
G1 F1500 E111.10993
G0 F7200 X124.114 Y115.827
G1 F1800 X124.115 Y116.283 E111.11565
G1 X123.676 Y116.07 E111.12177
G1 X123.675 Y115.614 E111.12749
G1 X124.114 Y115.827 E111.13361
G0 F7200 X124.114 Y116.027
G0 X124.076 Y116.027
G1 F1500 E104.63361
G0 F7200 X124.014 Y116.026
G0 X124.105 Y113.267
G1 F1500 E111.13361
G0 F7200 X124.114 Y112.827
G1 F1800 X124.115 Y113.283 E111.13933
G1 X123.676 Y113.07 E111.14545
G1 X123.675 Y112.614 E111.15117
G1 X124.114 Y112.827 E111.15728
G0 F7200 X124.114 Y113.027
G0 X124.076 Y113.027
G1 F1500 E104.65728
G0 F7200 X124.014 Y113.026
G0 X124.105 Y110.267
G1 F1500 E111.15728
G0 F7200 X124.114 Y109.827
G1 F1800 X124.115 Y110.283 E111.163
G1 X123.676 Y110.07 E111.16912
G1 X123.675 Y109.614 E111.17484
G1 X124.114 Y109.827 E111.18096
G0 F7200 X124.114 Y110.027
G0 X124.076 Y110.027
G1 F1500 E104.68096
G0 F7200 X124.014 Y110.026
G0 X127.02 Y110.021
G0 X128.234 Y110.002
G1 F1500 E111.18096
G0 F7200 X128.324 Y110.07
G1 F1800 X127.885 Y110.283 E111.18708
G1 X127.886 Y109.827 E111.1928
G1 X128.325 Y109.614 E111.19892
G1 X128.324 Y110.07 E111.20463
G0 F7200 X128.144 Y110.157
G0 X128.14 Y110.148
G1 F1500 E104.70463
G0 F7200 X128.103 Y110.066
G0 X128.315 Y112.63
G1 F1500 E111.20463
G0 F7200 X128.324 Y113.07
G1 F1800 X127.885 Y113.283 E111.21075
G1 X127.886 Y112.827 E111.21647
G1 X128.325 Y112.614 E111.22259
G1 X128.324 Y113.07 E111.22831
G0 F7200 X128.144 Y113.157
G0 X128.14 Y113.148
G1 F1500 E104.72831
G0 F7200 X128.103 Y113.066
G0 X128.315 Y115.63
G1 F1500 E111.22831
G0 F7200 X128.324 Y116.07
G1 F1800 X127.885 Y116.283 E111.23443
G1 X127.886 Y115.827 E111.24015
G1 X128.325 Y115.614 E111.24627
G1 X128.324 Y116.07 E111.25198
G0 F7200 X128.144 Y116.157
G0 X128.14 Y116.148
G1 F1500 E104.75198
G0 F7200 X128.103 Y116.066
G0 X128.315 Y118.63
G1 F1500 E111.25198
G0 F7200 X128.325 Y119.069
G1 F1800 X127.886 Y119.283 E111.25811
G1 X127.885 Y118.828 E111.26381
G1 X128.325 Y118.614 E111.26995
G1 X128.325 Y119.069 E111.27566
G0 F7200 X128.146 Y119.156
G0 X128.142 Y119.147
G1 F1500 E104.77566
G0 F7200 X128.105 Y119.066
G0 X129.19 Y118.88
G0 X130.81 Y118.889
G0 X132.014 Y118.88
G1 F1500 E111.27566
G0 F7200 X132.114 Y118.827
G1 F1800 X132.114 Y119.282 E111.28136
G1 X131.675 Y119.069 E111.28748
G1 X131.676 Y118.614 E111.29319
G1 X132.114 Y118.827 E111.29929
G0 F7200 X132.114 Y119.027
G0 X132.075 Y119.027
G1 F1500 E104.79929
G0 F7200 X132.014 Y119.027
G0 X132.105 Y116.267
G1 F1500 E111.29929
G0 F7200 X132.114 Y115.827
G1 F1800 X132.115 Y116.283 E111.30501
G1 X131.676 Y116.07 E111.31113
G1 X131.675 Y115.614 E111.31685
G1 X132.114 Y115.827 E111.32297
G0 F7200 X132.114 Y116.027
G0 X132.076 Y116.027
G1 F1500 E104.82297
G0 F7200 X132.014 Y116.026
G0 X132.105 Y113.267
G1 F1500 E111.32297
G0 F7200 X132.114 Y112.827
G1 F1800 X132.115 Y113.283 E111.32869
G1 X131.676 Y113.07 E111.33481
G1 X131.675 Y112.614 E111.34053
G1 X132.114 Y112.827 E111.34664
G0 F7200 X132.114 Y113.027
G0 X132.076 Y113.027
G1 F1500 E104.84664
G0 F7200 X132.014 Y113.026
G0 X132.105 Y110.267
G1 F1500 E111.34664
G0 F7200 X132.114 Y109.827
G1 F1800 X132.115 Y110.283 E111.35236
G1 X131.676 Y110.07 E111.35848
G1 X131.675 Y109.614 E111.3642
G1 X132.114 Y109.827 E111.37032
G0 F7200 X132.114 Y110.027
G0 X132.076 Y110.027
G1 F1500 E104.87032
G0 F7200 X132.014 Y110.026
G0 X136.085 Y110.267
G0 X137.65 Y120.63
G1 F1500 E111.37032
G0 F7200 X137.75 Y120.7
G1 F1800 X136.95 Y120.7 E111.38035
G1 X136.95 Y108.3 E111.53585
G1 X137.75 Y108.3 E111.54588
G1 X137.75 Y120.7 E111.70139
G0 F7200 X137.55 Y120.7
G0 X137.309 Y120.338
;TYPE:SKIN
G1 F1800 X137.349 Y120.095 E111.70465
G1 X137.349 Y108.781 E111.85472
G1 X137.449 Y108.599 E111.85747
G0 F7200 X137.344 Y108.494
G0 X137.144 Y120.456
G1 F1800 X137.192 Y120.504 E111.8579
G0 F7200 X137.35 Y120.3
G1 F1500 E105.3579
;MESH:NONMESH
G0 F600 X137.35 Y120.3 Z11.6
G0 F7200 X136.97 Y109.967
G0 X132.962 Y111.635
G0 X129.188 Y109.949
G0 X129.172 Y108.262
G0 X114.828 Y108.262
G0 X113.19 Y109.911
G1 F1500 E111.8579
G0 F7200 X112.535 Y109.968
;TIME_ELAPSED:1107.274012
;LAYER:57
;TYPE:WALL-OUTER
;MESH:output_v2\A_fina_conjunto.stl
G1 F1800 X112.096 Y110.181 E111.86401
G1 X112.096 Y109.725 E111.86973
G1 X112.534 Y109.513 E111.87583
G1 X112.535 Y109.968 E111.88154
G0 F7200 X112.355 Y110.055
G0 X112.351 Y110.046
G1 F1500 E105.38154
G0 F7200 X112.314 Y109.964
G0 X112.524 Y112.529
G1 F1500 E111.88154
G0 F7200 X112.535 Y112.968
G1 F1800 X112.096 Y113.181 E111.88766
G1 X112.096 Y112.725 E111.89338
G1 X112.534 Y112.513 E111.89948
G1 X112.535 Y112.968 E111.90519
G0 F7200 X112.355 Y113.055
G0 X112.351 Y113.046
G1 F1500 E105.40519
G0 F7200 X112.314 Y112.964
G0 X112.524 Y115.529
G1 F1500 E111.90519
G0 F7200 X112.535 Y115.968
G1 F1800 X112.096 Y116.181 E111.91131
G1 X112.096 Y115.725 E111.91702
G1 X112.534 Y115.513 E111.92313
G1 X112.535 Y115.968 E111.92883
G0 F7200 X112.355 Y116.055
G0 X112.351 Y116.046
G1 F1500 E105.42883
G0 F7200 X112.314 Y115.964
G0 X112.524 Y118.529
G1 F1500 E111.92883
G0 F7200 X112.535 Y118.968
G1 F1800 X112.096 Y119.181 E111.93495
G1 X112.095 Y118.726 E111.94066
G1 X112.534 Y118.513 E111.94678
G1 X112.535 Y118.968 E111.95248
G0 F7200 X112.355 Y119.055
G0 X112.351 Y119.046
G1 F1500 E105.45248
G0 F7200 X112.314 Y118.964
G0 X109.499 Y119.414
G1 F1500 E111.95248
G0 F7200 X109.513 Y119.9
G1 F1800 X109.109 Y119.9 E111.95755
G1 X109.108 Y119.4 E111.96382
G1 X109.513 Y119.4 E111.9689
G1 X109.513 Y119.9 E111.97517
G0 F7200 X109.313 Y119.9
G0 X109.313 Y119.8
G1 F1500 E105.47517
G0 F7200 X107.03 Y119.886
G1 F1500 E111.97517
G0 F7200 X107.05 Y120.7
G1 F1800 X106.25 Y120.7 E111.9852
G1 X106.25 Y108.3 E112.1407
G1 X107.05 Y108.3 E112.15073
G1 X107.05 Y120.7 E112.30623
G0 F7200 X106.85 Y120.7
G0 X106.736 Y120.386
;TYPE:SKIN
G1 F1800 X106.649 Y120.189 E112.30907
G1 X106.649 Y108.876 E112.45795
G1 X106.597 Y108.646 E112.46105
G0 F7200 X106.65 Y108.7
G1 F1500 E105.96105
G0 F7200 X107.03 Y118.778
G0 X108.254 Y118.547
G0 X113.38 Y117.257
G0 X114.601 Y118.761
G0 X115.804 Y118.778
G1 F1500 E112.46105
G0 F7200 X115.904 Y118.725
;TYPE:WALL-OUTER
G1 F1800 X115.904 Y119.181 E112.46677
G1 X115.466 Y118.97 E112.47287
G1 X115.465 Y118.512 E112.47861
G1 X115.904 Y118.725 E112.48473
G0 F7200 X115.904 Y118.925
G0 X115.866 Y118.926
G1 F1500 E105.98473
G0 F7200 X115.804 Y118.926
G0 X115.895 Y116.166
G1 F1500 E112.48473
G0 F7200 X115.904 Y115.725
G1 F1800 X115.905 Y116.182 E112.49046
G1 X115.466 Y115.97 E112.49657
G1 X115.465 Y115.512 E112.50232
G1 X115.904 Y115.725 E112.50844
G0 F7200 X115.904 Y115.925
G0 X115.866 Y115.925
G1 F1500 E106.00844
G0 F7200 X115.804 Y115.924
G0 X115.895 Y113.166
G1 F1500 E112.50844
G0 F7200 X115.904 Y112.725
G1 F1800 X115.905 Y113.182 E112.51417
G1 X115.466 Y112.97 E112.52028
G1 X115.465 Y112.512 E112.52603
G1 X115.904 Y112.725 E112.53214
G0 F7200 X115.904 Y112.925
G0 X115.866 Y112.925
G1 F1500 E106.03214
G0 F7200 X115.804 Y112.924
G0 X115.895 Y110.166
G1 F1500 E112.53214
G0 F7200 X115.904 Y109.725
G1 F1800 X115.905 Y110.182 E112.53788
G1 X115.466 Y109.97 E112.54399
G1 X115.465 Y109.512 E112.54973
G1 X115.904 Y109.725 E112.55585
G0 F7200 X115.904 Y109.925
G0 X115.866 Y109.925
G1 F1500 E106.05585
G0 F7200 X115.804 Y109.924
G0 X119.231 Y109.923
G0 X120.434 Y109.914
G1 F1500 E112.55585
G0 F7200 X120.535 Y109.968
G1 F1800 X120.096 Y110.181 E112.56197
G1 X120.096 Y109.725 E112.56769
G1 X120.534 Y109.513 E112.57379
G1 X120.535 Y109.968 E112.5795
G0 F7200 X120.355 Y110.055
G0 X120.351 Y110.046
G1 F1500 E106.0795
G0 F7200 X120.314 Y109.964
G0 X120.524 Y112.529
G1 F1500 E112.5795
G0 F7200 X120.535 Y112.968
G1 F1800 X120.096 Y113.181 E112.58562
G1 X120.096 Y112.725 E112.59133
G1 X120.534 Y112.513 E112.59744
G1 X120.535 Y112.968 E112.60314
G0 F7200 X120.355 Y113.055
G0 X120.351 Y113.046
G1 F1500 E106.10314
G0 F7200 X120.314 Y112.964
G0 X120.524 Y115.529
G1 F1500 E112.60314
G0 F7200 X120.535 Y115.968
G1 F1800 X120.096 Y116.181 E112.60926
G1 X120.096 Y115.725 E112.61498
G1 X120.534 Y115.513 E112.62108
G1 X120.535 Y115.968 E112.62679
G0 F7200 X120.355 Y116.055
G0 X120.351 Y116.046
G1 F1500 E106.12679
G0 F7200 X120.314 Y115.964
G0 X120.524 Y118.529
G1 F1500 E112.62679
G0 F7200 X120.535 Y118.968
G1 F1800 X120.096 Y119.181 E112.63291
G1 X120.095 Y118.726 E112.63861
G1 X120.534 Y118.513 E112.64473
G1 X120.535 Y118.968 E112.65044
G0 F7200 X120.355 Y119.055
G0 X120.351 Y119.046
G1 F1500 E106.15044
G0 F7200 X120.314 Y118.964
G0 X121.399 Y118.784
G0 X122.601 Y118.78
G0 X123.804 Y118.778
G1 F1500 E112.65044
G0 F7200 X123.904 Y118.725
G1 F1800 X123.904 Y119.181 E112.65616
G1 X123.466 Y118.97 E112.66225
G1 X123.465 Y118.512 E112.668
G1 X123.904 Y118.725 E112.67412
G0 F7200 X123.904 Y118.925
G0 X123.866 Y118.926
G1 F1500 E106.17412
G0 F7200 X123.804 Y118.926
G0 X123.895 Y116.166
G1 F1500 E112.67412
G0 F7200 X123.904 Y115.725
G1 F1800 X123.905 Y116.182 E112.67985
G1 X123.466 Y115.97 E112.68596
G1 X123.465 Y115.512 E112.6917
G1 X123.904 Y115.725 E112.69782
G0 F7200 X123.904 Y115.925
G0 X123.866 Y115.925
G1 F1500 E106.19782
G0 F7200 X123.804 Y115.924
G0 X123.895 Y113.166
G1 F1500 E112.69782
G0 F7200 X123.904 Y112.725
G1 F1800 X123.905 Y113.182 E112.70355
G1 X123.466 Y112.97 E112.70967
G1 X123.465 Y112.512 E112.71541
G1 X123.904 Y112.725 E112.72153
G0 F7200 X123.904 Y112.925
G0 X123.866 Y112.925
G1 F1500 E106.22153
G0 F7200 X123.804 Y112.924
G0 X123.895 Y110.166
G1 F1500 E112.72153
G0 F7200 X123.904 Y109.725
G1 F1800 X123.905 Y110.182 E112.72726
G1 X123.466 Y109.97 E112.73337
G1 X123.465 Y109.512 E112.73912
G1 X123.904 Y109.725 E112.74524
G0 F7200 X123.904 Y109.925
G0 X123.866 Y109.925
G1 F1500 E106.24524
G0 F7200 X123.804 Y109.924
G0 X127.231 Y109.923
G0 X128.434 Y109.914
G1 F1500 E112.74524
G0 F7200 X128.535 Y109.968
G1 F1800 X128.096 Y110.181 E112.75136
G1 X128.096 Y109.725 E112.75707
G1 X128.534 Y109.513 E112.76318
G1 X128.535 Y109.968 E112.76888
G0 F7200 X128.355 Y110.055
G0 X128.351 Y110.046
G1 F1500 E106.26888
G0 F7200 X128.314 Y109.964
G0 X128.524 Y112.529
G1 F1500 E112.76888
G0 F7200 X128.535 Y112.968
G1 F1800 X128.096 Y113.181 E112.775
G1 X128.096 Y112.725 E112.78072
G1 X128.534 Y112.513 E112.78682
G1 X128.535 Y112.968 E112.79253
G0 F7200 X128.355 Y113.055
G0 X128.351 Y113.046
G1 F1500 E106.29253
G0 F7200 X128.314 Y112.964
G0 X128.524 Y115.529
G1 F1500 E112.79253
G0 F7200 X128.535 Y115.968
G1 F1800 X128.096 Y116.181 E112.79865
G1 X128.096 Y115.725 E112.80437
G1 X128.534 Y115.513 E112.81047
G1 X128.535 Y115.968 E112.81617
G0 F7200 X128.355 Y116.055
G0 X128.351 Y116.046
G1 F1500 E106.31617
G0 F7200 X128.314 Y115.964
G0 X128.524 Y118.529
G1 F1500 E112.81617
G0 F7200 X128.535 Y118.968
G1 F1800 X128.096 Y119.181 E112.82229
G1 X128.095 Y118.726 E112.828
G1 X128.534 Y118.513 E112.83412
G1 X128.535 Y118.968 E112.83982
G0 F7200 X128.355 Y119.055
G0 X128.351 Y119.046
G1 F1500 E106.33982
G0 F7200 X128.314 Y118.964
G0 X129.399 Y118.784
G0 X130.601 Y118.78
G0 X131.804 Y118.778
G1 F1500 E112.83982
G0 F7200 X131.904 Y118.725
G1 F1800 X131.904 Y119.181 E112.84554
G1 X131.466 Y118.97 E112.85164
G1 X131.465 Y118.512 E112.85738
G1 X131.904 Y118.725 E112.8635
G0 F7200 X131.904 Y118.925
G0 X131.866 Y118.926
G1 F1500 E106.3635
G0 F7200 X131.804 Y118.926
G0 X131.895 Y116.166
G1 F1500 E112.8635
G0 F7200 X131.904 Y115.725
G1 F1800 X131.905 Y116.182 E112.86923
G1 X131.466 Y115.97 E112.87535
G1 X131.465 Y115.512 E112.88109
G1 X131.904 Y115.725 E112.88721
G0 F7200 X131.904 Y115.925
G0 X131.866 Y115.925
G1 F1500 E106.38721
G0 F7200 X131.804 Y115.924
G0 X131.895 Y113.166
G1 F1500 E112.88721
G0 F7200 X131.904 Y112.725
G1 F1800 X131.905 Y113.182 E112.89294
G1 X131.466 Y112.97 E112.89905
G1 X131.465 Y112.512 E112.9048
G1 X131.904 Y112.725 E112.91091
G0 F7200 X131.904 Y112.925
G0 X131.866 Y112.925
G1 F1500 E106.41091
G0 F7200 X131.804 Y112.924
G0 X131.895 Y110.166
G1 F1500 E112.91091
G0 F7200 X131.904 Y109.725
G1 F1800 X131.905 Y110.182 E112.91665
G1 X131.466 Y109.97 E112.92276
G1 X131.465 Y109.512 E112.9285
G1 X131.904 Y109.725 E112.93462
G0 F7200 X131.904 Y109.925
G0 X131.866 Y109.925
G1 F1500 E106.43462
G0 F7200 X131.804 Y109.924
G0 X136.085 Y110.166
G0 X137.65 Y120.63
G1 F1500 E112.93462
G0 F7200 X137.75 Y120.7
G1 F1800 X136.95 Y120.7 E112.94465
G1 X136.95 Y108.3 E113.10015
G1 X137.75 Y108.3 E113.11019
G1 X137.75 Y120.7 E113.26569
G0 F7200 X137.55 Y120.7
G0 X137.5 Y120.451
;TYPE:SKIN
G1 F1800 X137.359 Y120.31 E113.26826
G1 X137.349 Y114.945 E113.33749
G1 X137.349 Y108.723 E113.41778
G1 X137.219 Y108.569 E113.42038
G0 F7200 X137.35 Y108.7
G1 F1500 E106.92038
;MESH:NONMESH
G0 F600 X137.35 Y108.7 Z11.8
G0 F7200 X136.97 Y109.909
G0 X132.752 Y111.531
G0 X128.97 Y110.717
G0 X127.25 Y111.531
G0 X124.752 Y111.531
G0 X120.97 Y110.717
G0 X119.25 Y111.531
G0 X116.752 Y111.531
G0 X113.399 Y109.957
G1 F1500 E113.42038
G0 F7200 X112.62 Y109.926
;TIME_ELAPSED:1128.654680
;LAYER:58
;TYPE:WALL-OUTER
;MESH:output_v2\A_fina_conjunto.stl
G1 F1800 X112.306 Y110.079 E113.42476
G1 X112.306 Y109.623 E113.43048
G1 X112.744 Y109.411 E113.43658
G1 X112.745 Y109.878 E113.44244
G1 X112.62 Y109.926 E113.44412
G0 F7200 X112.441 Y110.013
G0 X112.706 Y109.654
G1 F1500 E106.94412
G0 F7200 X112.644 Y109.653
G0 X115.256 Y109.862
G1 F1500 E113.44412
G0 F7200 X115.38 Y109.926
G1 F1800 X115.256 Y109.878 E113.44578
G1 X115.255 Y109.411 E113.45164
G1 X115.694 Y109.623 E113.45522
G1 X115.695 Y110.079 E113.46073
G1 X115.38 Y109.926 E113.46251
G0 F7200 X115.256 Y109.878
G0 X115.256 Y109.81
G0 X115.294 Y109.81
G1 F1500 E106.96251
G0 F7200 X115.357 Y109.81
G0 X115.265 Y112.427
G1 F1500 E113.46251
G0 F7200 X115.38 Y112.926
G1 F1800 X115.256 Y112.878 E113.46417
G1 X115.255 Y112.411 E113.47003
G1 X115.694 Y112.623 E113.47361
G1 X115.695 Y113.079 E113.47912
G1 X115.38 Y112.926 E113.4809
G0 F7200 X115.256 Y112.878
G0 X115.256 Y112.81
G0 X115.294 Y112.81
G1 F1500 E106.9809
G0 F7200 X115.357 Y112.81
G0 X112.729 Y112.867
G1 F1500 E113.4809
G0 F7200 X112.62 Y112.926
G1 F1800 X112.306 Y113.079 E113.48528
G1 X112.306 Y112.623 E113.491
G1 X112.744 Y112.411 E113.4971
G1 X112.745 Y112.878 E113.50296
G1 X112.62 Y112.926 E113.50463
G0 F7200 X112.441 Y113.013
G0 X112.706 Y112.654
G1 F1500 E107.00463
G0 F7200 X112.644 Y112.653
G0 X112.734 Y115.427
G1 F1500 E113.50463
G0 F7200 X112.62 Y115.926
G1 F1800 X112.306 Y116.079 E113.50901
G1 X112.306 Y115.623 E113.51473
G1 X112.744 Y115.411 E113.52084
G1 X112.745 Y115.878 E113.52669
G1 X112.62 Y115.926 E113.52837
G0 F7200 X112.441 Y116.013
G0 X112.706 Y115.654
G1 F1500 E107.02837
G0 F7200 X112.644 Y115.653
G0 X115.256 Y115.862
G1 F1500 E113.52837
G0 F7200 X115.38 Y115.926
G1 F1800 X115.256 Y115.878 E113.53004
G1 X115.255 Y115.411 E113.53589
G1 X115.694 Y115.623 E113.53947
G1 X115.695 Y116.079 E113.54498
G1 X115.38 Y115.926 E113.54676
G0 F7200 X115.256 Y115.878
G0 X115.256 Y115.81
G0 X115.294 Y115.81
G1 F1500 E107.04676
G0 F7200 X115.357 Y115.81
G0 X115.265 Y118.427
G1 F1500 E113.54676
G0 F7200 X115.38 Y118.926
G1 F1800 X115.256 Y118.878 E113.54843
G1 X115.255 Y118.411 E113.55428
G1 X115.694 Y118.623 E113.55786
G1 X115.694 Y119.079 E113.56337
G1 X115.38 Y118.926 E113.56514
G0 F7200 X115.256 Y118.878
G0 X115.256 Y118.81
G0 X115.294 Y118.811
G1 F1500 E107.06514
G0 F7200 X115.357 Y118.811
G0 X112.729 Y118.867
G1 F1500 E113.56514
G0 F7200 X112.62 Y118.926
G1 F1800 X112.306 Y119.079 E113.56952
G1 X112.305 Y118.624 E113.57523
G1 X112.744 Y118.411 E113.58134
G1 X112.745 Y118.878 E113.5872
G1 X112.62 Y118.926 E113.58888
G0 F7200 X112.441 Y119.013
G0 X112.706 Y118.654
G1 F1500 E107.08888
G0 F7200 X112.644 Y118.653
G0 X111.441 Y119.064
G0 X110.352 Y119.412
G0 X109.387 Y119.829
G1 F1500 E113.58888
G0 F7200 X109.488 Y119.9
G1 F1800 X109.083 Y119.9 E113.59396
G1 X109.083 Y119.4 E113.60023
G1 X109.487 Y119.4 E113.6053
G1 X109.488 Y119.9 E113.61157
G0 F7200 X109.288 Y119.9
G0 X109.288 Y119.8
G1 F1500 E107.11157
G0 F7200 X107.03 Y119.886
G1 F1500 E113.61157
G0 F7200 X107.05 Y120.7
G1 F1800 X106.25 Y120.7 E113.6216
G1 X106.25 Y108.3 E113.7771
G1 X107.05 Y108.3 E113.78713
G1 X107.05 Y120.7 E113.94263
G0 F7200 X106.85 Y120.7
G0 X106.65 Y120.226
;TYPE:SKIN
G1 F1800 X106.65 Y119.943 E113.94637
G1 X106.65 Y108.912 E114.09216
G1 X106.826 Y108.523 E114.09781
G0 F7200 X106.797 Y108.494
G0 X106.445 Y120.304
G1 F1800 X106.644 Y120.503 E114.09957
G0 F7200 X106.65 Y120.3
G1 F1500 E107.59957
G0 F7200 X107.03 Y118.835
G0 X108.23 Y118.547
G0 X110.339 Y118.547
G0 X111.461 Y120.428
G0 X116.54 Y120.429
G0 X119.441 Y118.807
G0 X120.581 Y118.835
G1 F1500 E114.09957
G0 F7200 X120.62 Y118.926
;TYPE:WALL-OUTER
G1 F1800 X120.306 Y119.079 E114.10395
G1 X120.305 Y118.624 E114.10966
G1 X120.744 Y118.411 E114.11578
G1 X120.745 Y118.878 E114.12163
G1 X120.62 Y118.926 E114.12331
G0 F7200 X120.441 Y119.013
G0 X120.706 Y118.654
G1 F1500 E107.62331
G0 F7200 X120.644 Y118.653
G0 X123.256 Y118.862
G1 F1500 E114.12331
G0 F7200 X123.38 Y118.926
G1 F1800 X123.256 Y118.878 E114.12498
G1 X123.255 Y118.411 E114.13083
G1 X123.694 Y118.623 E114.13441
G1 X123.694 Y119.079 E114.13992
G1 X123.38 Y118.926 E114.14169
G0 F7200 X123.256 Y118.878
G0 X123.256 Y118.81
G0 X123.294 Y118.811
G1 F1500 E107.64169
G0 F7200 X123.357 Y118.811
G0 X123.685 Y116.063
G1 F1500 E114.14169
G0 F7200 X123.38 Y115.926
G1 F1800 X123.256 Y115.878 E114.14336
G1 X123.255 Y115.411 E114.14921
G1 X123.694 Y115.623 E114.15279
G1 X123.695 Y116.079 E114.1583
G1 X123.38 Y115.926 E114.16008
G0 F7200 X123.256 Y115.878
G0 X123.256 Y115.81
G0 X123.294 Y115.81
G1 F1500 E107.66008
G0 F7200 X123.357 Y115.81
G0 X120.729 Y115.867
G1 F1500 E114.16008
G0 F7200 X120.62 Y115.926
G1 F1800 X120.306 Y116.079 E114.16446
G1 X120.306 Y115.623 E114.17018
G1 X120.744 Y115.411 E114.17628
G1 X120.745 Y115.878 E114.18214
G1 X120.62 Y115.926 E114.18382
G0 F7200 X120.441 Y116.013
G0 X120.706 Y115.654
G1 F1500 E107.68382
G0 F7200 X120.644 Y115.653
G0 X120.316 Y113.063
G1 F1500 E114.18382
G0 F7200 X120.62 Y112.926
G1 F1800 X120.306 Y113.079 E114.1882
G1 X120.306 Y112.623 E114.19391
G1 X120.744 Y112.411 E114.20002
G1 X120.745 Y112.878 E114.20587
G1 X120.62 Y112.926 E114.20755
G0 F7200 X120.441 Y113.013
G0 X120.706 Y112.654
G1 F1500 E107.70755
G0 F7200 X120.644 Y112.653
G0 X123.256 Y112.835
G1 F1500 E114.20755
G0 F7200 X123.38 Y112.926
G1 F1800 X123.256 Y112.878 E114.20922
G1 X123.255 Y112.411 E114.21508
G1 X123.694 Y112.623 E114.21865
G1 X123.695 Y113.079 E114.22417
G1 X123.38 Y112.926 E114.22594
G0 F7200 X123.256 Y112.878
G0 X123.256 Y112.81
G0 X123.294 Y112.81
G1 F1500 E107.72594
G0 F7200 X123.357 Y112.81
G0 X123.685 Y110.063
G1 F1500 E114.22594
G0 F7200 X123.38 Y109.926
G1 F1800 X123.256 Y109.878 E114.22761
G1 X123.255 Y109.411 E114.23347
G1 X123.694 Y109.623 E114.23704
G1 X123.695 Y110.079 E114.24256
G1 X123.38 Y109.926 E114.24433
G0 F7200 X123.256 Y109.878
G0 X123.256 Y109.81
G0 X123.294 Y109.81
G1 F1500 E107.74433
G0 F7200 X123.357 Y109.81
G0 X120.729 Y109.867
G1 F1500 E114.24433
G0 F7200 X120.62 Y109.926
G1 F1800 X120.306 Y110.079 E114.24871
G1 X120.306 Y109.623 E114.25443
G1 X120.744 Y109.411 E114.26053
G1 X120.745 Y109.878 E114.26639
G1 X120.62 Y109.926 E114.26807
G0 F7200 X120.441 Y110.013
G0 X120.706 Y109.654
G1 F1500 E107.76807
G0 F7200 X120.644 Y109.653
G0 X122.399 Y110.467
G0 X124.542 Y111.431
G0 X127.441 Y109.867
G0 X128.581 Y109.835
G1 F1500 E114.26807
G0 F7200 X128.62 Y109.926
G1 F1800 X128.306 Y110.079 E114.27245
G1 X128.306 Y109.623 E114.27817
G1 X128.744 Y109.411 E114.28427
G1 X128.745 Y109.878 E114.29013
G1 X128.62 Y109.926 E114.29181
G0 F7200 X128.441 Y110.013
G0 X128.706 Y109.654
G1 F1500 E107.79181
G0 F7200 X128.644 Y109.653
G0 X131.256 Y109.862
G1 F1500 E114.29181
G0 F7200 X131.38 Y109.926
G1 F1800 X131.256 Y109.878 E114.29347
G1 X131.255 Y109.411 E114.29933
G1 X131.694 Y109.623 E114.3029
G1 X131.695 Y110.079 E114.30842
G1 X131.38 Y109.926 E114.3102
G0 F7200 X131.256 Y109.878
G0 X131.256 Y109.81
G0 X131.294 Y109.81
G1 F1500 E107.8102
G0 F7200 X131.357 Y109.81
G0 X131.265 Y112.427
G1 F1500 E114.3102
G0 F7200 X131.38 Y112.926
G1 F1800 X131.256 Y112.878 E114.31186
G1 X131.255 Y112.411 E114.31772
G1 X131.694 Y112.623 E114.32129
G1 X131.695 Y113.079 E114.32681
G1 X131.38 Y112.926 E114.32859
G0 F7200 X131.256 Y112.878
G0 X131.256 Y112.81
G0 X131.294 Y112.81
G1 F1500 E107.82859
G0 F7200 X131.357 Y112.81
G0 X128.729 Y112.867
G1 F1500 E114.32859
G0 F7200 X128.62 Y112.926
G1 F1800 X128.306 Y113.079 E114.33297
G1 X128.306 Y112.623 E114.33869
G1 X128.744 Y112.411 E114.34479
G1 X128.745 Y112.878 E114.35064
G1 X128.62 Y112.926 E114.35232
G0 F7200 X128.441 Y113.013
G0 X128.706 Y112.654
G1 F1500 E107.85232
G0 F7200 X128.644 Y112.653
G0 X128.734 Y115.427
G1 F1500 E114.35232
G0 F7200 X128.62 Y115.926
G1 F1800 X128.306 Y116.079 E114.3567
G1 X128.306 Y115.623 E114.36242
G1 X128.744 Y115.411 E114.36852
G1 X128.745 Y115.878 E114.37438
G1 X128.62 Y115.926 E114.37606
G0 F7200 X128.441 Y116.013
G0 X128.706 Y115.654
G1 F1500 E107.87606
G0 F7200 X128.644 Y115.653
G0 X131.256 Y115.862
G1 F1500 E114.37606
G0 F7200 X131.38 Y115.926
G1 F1800 X131.256 Y115.878 E114.37773
G1 X131.255 Y115.411 E114.38358
G1 X131.694 Y115.623 E114.38716
G1 X131.695 Y116.079 E114.39267
G1 X131.38 Y115.926 E114.39445
G0 F7200 X131.256 Y115.878
G0 X131.256 Y115.81
G0 X131.294 Y115.81
G1 F1500 E107.89445
G0 F7200 X131.357 Y115.81
G0 X131.265 Y118.427
G1 F1500 E114.39445
G0 F7200 X131.38 Y118.926
G1 F1800 X131.256 Y118.878 E114.39612
G1 X131.255 Y118.411 E114.40197
G1 X131.694 Y118.623 E114.40555
G1 X131.694 Y119.079 E114.41106
G1 X131.38 Y118.926 E114.41283
G0 F7200 X131.256 Y118.878
G0 X131.256 Y118.81
G0 X131.294 Y118.811
G1 F1500 E107.91283
G0 F7200 X131.357 Y118.811
G0 X128.729 Y118.867
G1 F1500 E114.41283
G0 F7200 X128.62 Y118.926
G1 F1800 X128.306 Y119.079 E114.41721
G1 X128.305 Y118.624 E114.42291
G1 X128.744 Y118.411 E114.42903
G1 X128.745 Y118.878 E114.43489
G1 X128.62 Y118.926 E114.43657
G0 F7200 X128.441 Y119.013
G0 X128.706 Y118.654
G1 F1500 E107.93657
G0 F7200 X128.644 Y118.653
G0 X130.399 Y119.467
G0 X132.54 Y120.429
G0 X136.085 Y118.867
G0 X137.65 Y120.63
G1 F1500 E114.43657
G0 F7200 X137.75 Y120.7
G1 F1800 X136.95 Y120.7 E114.4466
G1 X136.95 Y108.3 E114.6021
G1 X137.75 Y108.3 E114.61213
G1 X137.75 Y120.7 E114.76764
G0 F7200 X137.55 Y120.7
G0 X137.309 Y120.338
;TYPE:SKIN
G1 F1800 X137.349 Y120.095 E114.7709
G1 X137.349 Y108.781 E114.92097
G1 X137.449 Y108.599 E114.92372
G0 F7200 X137.344 Y108.494
G0 X137.144 Y120.456
G1 F1800 X137.192 Y120.504 E114.92414
G0 F7200 X137.35 Y120.3
G1 F1500 E108.42414
;MESH:NONMESH
G0 F600 X137.35 Y120.3 Z12
G0 F7200 X136.97 Y109.835
G0 X132.542 Y111.431
G0 X128.96 Y110.722
G0 X127.46 Y111.429
G0 X124.542 Y111.431
G0 X120.96 Y110.722
G0 X119.46 Y111.429
G0 X116.542 Y111.431
G0 X114.399 Y110.467
G0 X112.729 Y109.867
G1 F1500 E114.92414
G0 F7200 X112.62 Y109.926
;TIME_ELAPSED:1150.521956
;LAYER:59
;TYPE:WALL-OUTER
;MESH:output_v2\A_fina_conjunto.stl
G1 F1800 X112.516 Y109.977 E114.9256
G1 X112.516 Y109.521 E114.93132
G1 X112.775 Y109.396 E114.93492
G1 X112.954 Y109.327 E114.93733
G1 X112.955 Y109.798 E114.94323
G1 X112.62 Y109.926 E114.94773
G0 F7200 X112.516 Y109.977
G0 X112.516 Y109.892
G0 X112.747 Y109.448
G1 F1500 E108.44773
G0 F7200 X112.773 Y109.508
G0 X115.062 Y109.787
G1 F1500 E114.94773
G0 F7200 X115.38 Y109.926
G1 F1800 X115.046 Y109.798 E114.95222
G1 X115.045 Y109.327 E114.95812
G1 X115.225 Y109.396 E114.96054
G1 X115.484 Y109.521 E114.96415
G1 X115.485 Y109.977 E114.96987
G1 X115.38 Y109.926 E114.97133
G0 F7200 X115.193 Y109.855
G0 X115.175 Y109.815
G1 F1500 E108.47133
G0 F7200 X115.2 Y109.751
G0 X115.056 Y112.343
G1 F1500 E114.97133
G0 F7200 X115.38 Y112.926
G1 F1800 X115.046 Y112.798 E114.97582
G1 X115.045 Y112.327 E114.98172
G1 X115.225 Y112.396 E114.98414
G1 X115.484 Y112.521 E114.98775
G1 X115.485 Y112.977 E114.99346
G1 X115.38 Y112.926 E114.99493
G0 F7200 X115.193 Y112.855
G0 X115.175 Y112.815
G1 F1500 E108.49493
G0 F7200 X115.2 Y112.751
G0 X112.939 Y112.787
G1 F1500 E114.99493
G0 F7200 X112.62 Y112.926
G1 F1800 X112.516 Y112.977 E114.99638
G1 X112.516 Y112.521 E115.0021
G1 X112.775 Y112.396 E115.00571
G1 X112.954 Y112.327 E115.00811
G1 X112.955 Y112.798 E115.01402
G1 X112.62 Y112.926 E115.01852
G0 F7200 X112.516 Y112.977
G0 X112.516 Y112.892
G0 X112.747 Y112.448
G1 F1500 E108.51852
G0 F7200 X112.773 Y112.508
G0 X112.943 Y115.343
G1 F1500 E115.01852
G0 F7200 X112.62 Y115.926
G1 F1800 X112.516 Y115.977 E115.01997
G1 X112.516 Y115.521 E115.02569
G1 X112.775 Y115.396 E115.02929
G1 X112.954 Y115.327 E115.0317
G1 X112.955 Y115.798 E115.0376
G1 X112.62 Y115.926 E115.0421
G0 F7200 X112.516 Y115.977
G0 X112.516 Y115.892
G0 X112.747 Y115.448
G1 F1500 E108.5421
G0 F7200 X112.773 Y115.508
G0 X115.062 Y115.787
G1 F1500 E115.0421
G0 F7200 X115.38 Y115.926
G1 F1800 X115.046 Y115.798 E115.04659
G1 X115.045 Y115.327 E115.05249
G1 X115.225 Y115.396 E115.05491
G1 X115.484 Y115.521 E115.05852
G1 X115.485 Y115.977 E115.06424
G1 X115.38 Y115.926 E115.0657
G0 F7200 X115.193 Y115.855
G0 X115.175 Y115.815
G1 F1500 E108.5657
G0 F7200 X115.2 Y115.751
G0 X115.056 Y118.343
G1 F1500 E115.0657
G0 F7200 X115.38 Y118.926
G1 F1800 X115.046 Y118.798 E115.07019
G1 X115.045 Y118.327 E115.07609
G1 X115.225 Y118.396 E115.07851
G1 X115.484 Y118.521 E115.08212
G1 X115.484 Y118.977 E115.08783
G1 X115.38 Y118.926 E115.08929
G0 F7200 X115.193 Y118.855
G0 X115.175 Y118.815
G1 F1500 E108.58929
G0 F7200 X115.2 Y118.751
G0 X112.939 Y118.787
G1 F1500 E115.08929
G0 F7200 X112.62 Y118.926
G1 F1800 X112.516 Y118.977 E115.09074
G1 X112.515 Y118.522 E115.09645
G1 X112.775 Y118.396 E115.10007
G1 X112.954 Y118.327 E115.10247
G1 X112.955 Y118.798 E115.10838
G1 X112.62 Y118.926 E115.11288
G0 F7200 X112.516 Y118.977
G0 X112.516 Y118.892
G0 X112.747 Y118.449
G1 F1500 E108.61288
G0 F7200 X112.774 Y118.508
G0 X111.651 Y118.961
G0 X110.336 Y119.412
G0 X109.371 Y119.829
G1 F1500 E115.11288
G0 F7200 X109.472 Y119.9
G1 F1800 X109.066 Y119.9 E115.11797
G1 X109.066 Y119.4 E115.12424
G1 X109.471 Y119.4 E115.12932
G1 X109.472 Y119.9 E115.13559
G0 F7200 X109.272 Y119.9
G0 X109.272 Y119.8
G1 F1500 E108.63559
G0 F7200 X107.03 Y119.886
G1 F1500 E115.13559
G0 F7200 X107.05 Y120.7
G1 F1800 X106.25 Y120.7 E115.14562
G1 X106.25 Y108.3 E115.30112
G1 X107.05 Y108.3 E115.31115
G1 X107.05 Y120.7 E115.46665
G0 F7200 X106.85 Y120.7
G0 X106.736 Y120.386
;TYPE:SKIN
G1 F1800 X106.649 Y120.189 E115.46949
G1 X106.649 Y108.876 E115.61837
G1 X106.597 Y108.646 E115.62147
G0 F7200 X106.65 Y108.7
G1 F1500 E109.12147
G0 F7200 X107.03 Y118.836
G0 X108.213 Y118.547
G0 X110.323 Y118.547
G0 X111.671 Y120.326
G0 X116.33 Y120.326
G0 X119.651 Y118.808
G1 F1500 E115.62147
G0 F7200 X120.62 Y118.926
;TYPE:WALL-OUTER
G1 F1800 X120.516 Y118.977 E115.62293
G1 X120.515 Y118.522 E115.62863
G1 X120.775 Y118.396 E115.63226
G1 X120.954 Y118.327 E115.63466
G1 X120.955 Y118.798 E115.64057
G1 X120.62 Y118.926 E115.64507
G0 F7200 X120.516 Y118.977
G0 X120.516 Y118.892
G0 X120.747 Y118.449
G1 F1500 E109.14507
G0 F7200 X120.774 Y118.508
G0 X123.062 Y118.787
G1 F1500 E115.64507
G0 F7200 X123.38 Y118.926
G1 F1800 X123.046 Y118.798 E115.64955
G1 X123.045 Y118.327 E115.65546
G1 X123.225 Y118.396 E115.65788
G1 X123.484 Y118.521 E115.66148
G1 X123.484 Y118.977 E115.6672
G1 X123.38 Y118.926 E115.66865
G0 F7200 X123.193 Y118.855
G0 X123.175 Y118.815
G1 F1500 E109.16865
G0 F7200 X123.2 Y118.751
G0 X123.475 Y115.961
G1 F1500 E115.66865
G0 F7200 X123.38 Y115.926
G1 F1800 X123.046 Y115.798 E115.67314
G1 X123.045 Y115.327 E115.67904
G1 X123.225 Y115.396 E115.68146
G1 X123.484 Y115.521 E115.68507
G1 X123.485 Y115.977 E115.69079
G1 X123.38 Y115.926 E115.69225
G0 F7200 X123.193 Y115.855
G0 X123.175 Y115.815
G1 F1500 E109.19225
G0 F7200 X123.2 Y115.751
G0 X120.939 Y115.787
G1 F1500 E115.69225
G0 F7200 X120.62 Y115.926
G1 F1800 X120.516 Y115.977 E115.6937
G1 X120.516 Y115.521 E115.69942
G1 X120.775 Y115.396 E115.70303
G1 X120.954 Y115.327 E115.70543
G1 X120.955 Y115.798 E115.71134
G1 X120.62 Y115.926 E115.71584
G0 F7200 X120.516 Y115.977
G0 X120.516 Y115.892
G0 X120.747 Y115.448
G1 F1500 E109.21584
G0 F7200 X120.773 Y115.508
G0 X120.526 Y112.96
G1 F1500 E115.71584
G0 F7200 X120.62 Y112.926
G1 F1800 X120.516 Y112.977 E115.71729
G1 X120.516 Y112.521 E115.72301
G1 X120.775 Y112.396 E115.72662
G1 X120.954 Y112.327 E115.72902
G1 X120.955 Y112.798 E115.73493
G1 X120.62 Y112.926 E115.73942
G0 F7200 X120.516 Y112.977
G0 X120.516 Y112.892
G0 X120.747 Y112.448
G1 F1500 E109.23942
G0 F7200 X120.773 Y112.508
G0 X123.062 Y112.787
G1 F1500 E115.73942
G0 F7200 X123.38 Y112.926
G1 F1800 X123.046 Y112.798 E115.74391
G1 X123.045 Y112.327 E115.74982
G1 X123.225 Y112.396 E115.75223
G1 X123.484 Y112.521 E115.75584
G1 X123.485 Y112.977 E115.76156
G1 X123.38 Y112.926 E115.76302
G0 F7200 X123.193 Y112.855
G0 X123.175 Y112.815
G1 F1500 E109.26302
G0 F7200 X123.2 Y112.751
G0 X123.475 Y109.961
G1 F1500 E115.76302
G0 F7200 X123.38 Y109.926
G1 F1800 X123.046 Y109.798 E115.76751
G1 X123.045 Y109.327 E115.77342
G1 X123.225 Y109.396 E115.77583
G1 X123.484 Y109.521 E115.77944
G1 X123.485 Y109.977 E115.78516
G1 X123.38 Y109.926 E115.78662
G0 F7200 X123.193 Y109.855
G0 X123.175 Y109.815
G1 F1500 E109.28662
G0 F7200 X123.2 Y109.751
G0 X120.939 Y109.787
G1 F1500 E115.78662
G0 F7200 X120.62 Y109.926
G1 F1800 X120.516 Y109.977 E115.78807
G1 X120.516 Y109.521 E115.79379
G1 X120.775 Y109.396 E115.7974
G1 X120.954 Y109.327 E115.7998
G1 X120.955 Y109.798 E115.80571
G1 X120.62 Y109.926 E115.81021
G0 F7200 X120.516 Y109.977
G0 X120.516 Y109.892
G0 X120.747 Y109.448
G1 F1500 E109.31021
G0 F7200 X120.773 Y109.508
G0 X121.82 Y109.785
G0 X124.332 Y111.329
G0 X127.651 Y109.787
G1 F1500 E115.81021
G0 F7200 X128.62 Y109.926
G1 F1800 X128.516 Y109.977 E115.81166
G1 X128.516 Y109.521 E115.81738
G1 X128.775 Y109.396 E115.82099
G1 X128.954 Y109.327 E115.82339
G1 X128.955 Y109.798 E115.8293
G1 X128.62 Y109.926 E115.8338
G0 F7200 X128.516 Y109.977
G0 X128.516 Y109.892
G0 X128.747 Y109.448
G1 F1500 E109.3338
G0 F7200 X128.773 Y109.508
G0 X131.062 Y109.787
G1 F1500 E115.8338
G0 F7200 X131.38 Y109.926
G1 F1800 X131.046 Y109.798 E115.83828
G1 X131.045 Y109.327 E115.84419
G1 X131.225 Y109.396 E115.8466
G1 X131.484 Y109.521 E115.85021
G1 X131.485 Y109.977 E115.85593
G1 X131.38 Y109.926 E115.85739
G0 F7200 X131.193 Y109.855
G0 X131.175 Y109.815
G1 F1500 E109.35739
G0 F7200 X131.2 Y109.751
G0 X131.056 Y112.343
G1 F1500 E115.85739
G0 F7200 X131.38 Y112.926
G1 F1800 X131.046 Y112.798 E115.86188
G1 X131.045 Y112.327 E115.86779
G1 X131.225 Y112.396 E115.8702
G1 X131.484 Y112.521 E115.87381
G1 X131.485 Y112.977 E115.87953
G1 X131.38 Y112.926 E115.88099
G0 F7200 X131.193 Y112.855
G0 X131.175 Y112.815
G1 F1500 E109.38099
G0 F7200 X131.2 Y112.751
G0 X128.939 Y112.787
G1 F1500 E115.88099
G0 F7200 X128.62 Y112.926
G1 F1800 X128.516 Y112.977 E115.88244
G1 X128.516 Y112.521 E115.88816
G1 X128.775 Y112.396 E115.89177
G1 X128.954 Y112.327 E115.89417
G1 X128.955 Y112.798 E115.90008
G1 X128.62 Y112.926 E115.90458
G0 F7200 X128.516 Y112.977
G0 X128.516 Y112.892
G0 X128.747 Y112.448
G1 F1500 E109.40458
G0 F7200 X128.773 Y112.508
G0 X128.943 Y115.343
G1 F1500 E115.90458
G0 F7200 X128.62 Y115.926
G1 F1800 X128.516 Y115.977 E115.90603
G1 X128.516 Y115.521 E115.91175
G1 X128.775 Y115.396 E115.91536
G1 X128.954 Y115.327 E115.91776
G1 X128.955 Y115.798 E115.92367
G1 X128.62 Y115.926 E115.92817
G0 F7200 X128.516 Y115.977
G0 X128.516 Y115.892
G0 X128.747 Y115.448
G1 F1500 E109.42817
G0 F7200 X128.773 Y115.508
G0 X131.062 Y115.787
G1 F1500 E115.92817
G0 F7200 X131.38 Y115.926
G1 F1800 X131.046 Y115.798 E115.93265
G1 X131.045 Y115.327 E115.93856
G1 X131.225 Y115.396 E115.94097
G1 X131.484 Y115.521 E115.94458
G1 X131.485 Y115.977 E115.9503
G1 X131.38 Y115.926 E115.95176
G0 F7200 X131.193 Y115.855
G0 X131.175 Y115.815
G1 F1500 E109.45176
G0 F7200 X131.2 Y115.751
G0 X131.056 Y118.343
G1 F1500 E115.95176
G0 F7200 X131.38 Y118.926
G1 F1800 X131.046 Y118.798 E115.95625
G1 X131.045 Y118.327 E115.96216
G1 X131.225 Y118.396 E115.96457
G1 X131.484 Y118.521 E115.96818
G1 X131.484 Y118.977 E115.9739
G1 X131.38 Y118.926 E115.97535
G0 F7200 X131.193 Y118.855
G0 X131.175 Y118.815
G1 F1500 E109.47535
G0 F7200 X131.2 Y118.751
G0 X128.939 Y118.787
G1 F1500 E115.97535
G0 F7200 X128.62 Y118.926
G1 F1800 X128.516 Y118.977 E115.9768
G1 X128.515 Y118.522 E115.98251
G1 X128.775 Y118.396 E115.98613
G1 X128.954 Y118.327 E115.98854
G1 X128.955 Y118.798 E115.99444
G1 X128.62 Y118.926 E115.99894
G0 F7200 X128.516 Y118.977
G0 X128.516 Y118.892
G0 X128.747 Y118.449
G1 F1500 E109.49894
G0 F7200 X128.774 Y118.508
G0 X129.82 Y118.785
G0 X132.33 Y120.326
G0 X136.085 Y118.787
G0 X137.65 Y120.63
G1 F1500 E115.99894
G0 F7200 X137.75 Y120.7
G1 F1800 X136.95 Y120.7 E116.00897
G1 X136.95 Y108.3 E116.16447
G1 X137.75 Y108.3 E116.17451
G1 X137.75 Y120.7 E116.33001
G0 F7200 X137.55 Y120.7
G0 X137.5 Y120.451
;TYPE:SKIN
G1 F1800 X137.359 Y120.31 E116.33258
G1 X137.349 Y114.945 E116.40181
G1 X137.349 Y108.723 E116.4821
G1 X137.219 Y108.569 E116.4847
G0 F7200 X137.35 Y108.7
G1 F1500 E109.9847
;MESH:NONMESH
G0 F600 X137.35 Y108.7 Z12.2
G0 F7200 X136.97 Y109.734
G0 X132.332 Y111.329
G0 X128.958 Y110.722
G0 X127.67 Y111.326
G0 X124.332 Y111.329
G0 X120.958 Y110.722
G0 X119.67 Y111.326
G0 X116.332 Y111.329
G0 X114.191 Y110.45
G0 X112.939 Y109.787
G1 F1500 E116.4847
G0 F7200 X113.038 Y109.766
;TIME_ELAPSED:1172.066143
;LAYER:60
;TYPE:WALL-OUTER
;MESH:output_v2\A_fina_conjunto.stl
G1 F1800 X112.725 Y109.886 E116.4889
G1 X112.725 Y109.42 E116.49475
G1 X112.772 Y109.397 E116.4954
G1 X113.164 Y109.246 E116.50067
G1 X113.165 Y109.731 E116.50675
G1 X113.038 Y109.766 E116.50841
G0 F7200 X112.852 Y109.837
G0 X112.969 Y109.575
;TYPE:SKIN
G1 F1800 X112.936 Y109.542 E116.5087
G0 F7200 X112.881 Y109.398
G1 F1500 E110.0087
G0 F7200 X112.9 Y109.455
G0 X114.836 Y109.671
G1 F1500 E116.5087
G0 F7200 X114.962 Y109.766
;TYPE:WALL-OUTER
G1 F1800 X114.836 Y109.732 E116.51033
G1 X114.835 Y109.246 E116.51643
G1 X115.228 Y109.397 E116.51931
G1 X115.275 Y109.42 E116.51997
G1 X115.276 Y109.886 E116.52581
G1 X114.962 Y109.766 E116.52749
G0 F7200 X114.836 Y109.732
G0 X114.836 Y109.662
G0 X114.875 Y109.662
G1 F1500 E110.02749
G0 F7200 X114.938 Y109.657
G0 X114.846 Y112.262
G1 F1500 E116.52749
G0 F7200 X114.962 Y112.766
G1 F1800 X114.836 Y112.732 E116.52913
G1 X114.835 Y112.246 E116.53522
G1 X115.228 Y112.397 E116.53811
G1 X115.275 Y112.42 E116.53876
G1 X115.276 Y112.886 E116.54461
G1 X114.962 Y112.766 E116.54628
G0 F7200 X114.836 Y112.732
G0 X114.836 Y112.662
G0 X114.875 Y112.662
G1 F1500 E110.04628
G0 F7200 X114.938 Y112.657
G0 X113.164 Y112.671
G1 F1500 E116.54628
G0 F7200 X113.038 Y112.766
G1 F1800 X112.725 Y112.886 E116.55049
G1 X112.725 Y112.42 E116.55633
G1 X112.772 Y112.397 E116.55699
G1 X113.164 Y112.246 E116.56225
G1 X113.165 Y112.731 E116.56834
G1 X113.038 Y112.766 E116.56999
G0 F7200 X112.852 Y112.837
G0 X113.125 Y112.464
G1 F1500 E110.06999
G0 F7200 X113.064 Y112.463
G0 X113.153 Y115.262
G1 F1500 E116.56999
G0 F7200 X113.038 Y115.766
G1 F1800 X112.725 Y115.886 E116.57419
G1 X112.725 Y115.42 E116.58004
G1 X112.772 Y115.397 E116.58069
G1 X113.164 Y115.246 E116.58596
G1 X113.165 Y115.731 E116.59204
G1 X113.038 Y115.766 E116.59369
G0 F7200 X112.852 Y115.837
G0 X113.125 Y115.464
G1 F1500 E110.09369
G0 F7200 X113.064 Y115.463
G0 X114.836 Y115.671
G1 F1500 E116.59369
G0 F7200 X114.962 Y115.766
G1 F1800 X114.836 Y115.732 E116.59533
G1 X114.835 Y115.246 E116.60142
G1 X115.228 Y115.397 E116.60431
G1 X115.275 Y115.42 E116.60497
G1 X115.276 Y115.886 E116.61081
G1 X114.962 Y115.766 E116.61248
G0 F7200 X114.836 Y115.732
G0 X114.836 Y115.662
G0 X114.875 Y115.662
G1 F1500 E110.11248
G0 F7200 X114.938 Y115.657
G0 X114.846 Y118.262
G1 F1500 E116.61248
G0 F7200 X114.962 Y118.766
G1 F1800 X114.836 Y118.732 E116.61412
G1 X114.835 Y118.246 E116.62022
G1 X115.228 Y118.397 E116.6231
G1 X115.275 Y118.42 E116.62376
G1 X115.275 Y118.886 E116.6296
G1 X114.962 Y118.766 E116.63127
G0 F7200 X114.836 Y118.732
G0 X114.836 Y118.662
G0 X114.875 Y118.663
G1 F1500 E110.13127
G0 F7200 X114.939 Y118.657
G0 X113.164 Y118.671
G1 F1500 E116.63127
G0 F7200 X113.038 Y118.766
G1 F1800 X112.725 Y118.886 E116.63547
G1 X112.724 Y118.42 E116.64132
G1 X112.774 Y118.396 E116.64201
G1 X113.164 Y118.246 E116.64725
G1 X113.165 Y118.731 E116.65333
G1 X113.038 Y118.766 E116.65499
G0 F7200 X112.852 Y118.837
G0 X113.125 Y118.464
G1 F1500 E110.15499
G0 F7200 X113.064 Y118.463
G0 X111.86 Y118.871
G0 X110.32 Y119.412
G0 X109.355 Y119.829
G1 F1500 E116.65499
G0 F7200 X109.456 Y119.9
G1 F1800 X109.051 Y119.9 E116.66006
G1 X109.051 Y119.4 E116.66633
G1 X109.455 Y119.4 E116.6714
G1 X109.456 Y119.9 E116.67767
G0 F7200 X109.256 Y119.9
G0 X109.256 Y119.8
G1 F1500 E110.17767
G0 F7200 X107.03 Y119.886
G1 F1500 E116.67767
G0 F7200 X107.05 Y120.7
G1 F1800 X106.25 Y120.7 E116.6877
G1 X106.25 Y108.3 E116.8432
G1 X107.05 Y108.3 E116.85324
G1 X107.05 Y120.7 E117.00874
G0 F7200 X106.85 Y120.7
G0 X106.65 Y120.226
;TYPE:SKIN
G1 F1800 X106.65 Y119.943 E117.01248
G1 X106.65 Y108.912 E117.15827
G1 X106.826 Y108.523 E117.16391
G0 F7200 X106.797 Y108.494
G0 X106.445 Y120.304
G1 F1800 X106.644 Y120.503 E117.16568
G0 F7200 X106.65 Y120.3
G1 F1500 E110.66568
G0 F7200 X107.03 Y118.671
G0 X108.198 Y118.547
G0 X114.012 Y117.139
G0 X119.86 Y118.643
G0 X121.007 Y118.671
G1 F1500 E117.16568
G0 F7200 X121.038 Y118.766
;TYPE:WALL-OUTER
G1 F1800 X120.725 Y118.886 E117.16988
G1 X120.724 Y118.42 E117.17572
G1 X120.774 Y118.396 E117.17642
G1 X121.164 Y118.246 E117.18166
G1 X121.165 Y118.731 E117.18774
G1 X121.038 Y118.766 E117.18939
G0 F7200 X120.852 Y118.837
G0 X121.125 Y118.464
G1 F1500 E110.68939
G0 F7200 X121.064 Y118.463
G0 X122.836 Y118.671
G1 F1500 E117.18939
G0 F7200 X122.962 Y118.766
G1 F1800 X122.836 Y118.732 E117.19103
G1 X122.835 Y118.246 E117.19712
G1 X123.228 Y118.397 E117.20001
G1 X123.275 Y118.42 E117.20066
G1 X123.275 Y118.886 E117.20651
G1 X122.962 Y118.766 E117.20818
G0 F7200 X122.836 Y118.732
G0 X122.836 Y118.662
G0 X122.875 Y118.663
G1 F1500 E110.70818
G0 F7200 X122.939 Y118.657
G0 X123.265 Y115.87
G1 F1500 E117.20818
G0 F7200 X122.962 Y115.766
G1 F1800 X122.836 Y115.732 E117.20981
G1 X122.835 Y115.246 E117.21591
G1 X123.228 Y115.397 E117.21879
G1 X123.275 Y115.42 E117.21945
G1 X123.276 Y115.886 E117.22529
G1 X122.962 Y115.766 E117.22697
G0 F7200 X122.836 Y115.732
G0 X122.836 Y115.662
G0 X122.875 Y115.662
G1 F1500 E110.72697
G0 F7200 X122.938 Y115.657
G0 X121.164 Y115.671
G1 F1500 E117.22697
G0 F7200 X121.038 Y115.766
G1 F1800 X120.725 Y115.886 E117.23117
G1 X120.725 Y115.42 E117.23702
G1 X120.772 Y115.397 E117.23767
G1 X121.164 Y115.246 E117.24294
G1 X121.165 Y115.731 E117.24902
G1 X121.038 Y115.766 E117.25067
G0 F7200 X120.852 Y115.837
G0 X120.96 Y115.586
;TYPE:SKIN
G1 F1800 X120.922 Y115.548 E117.25101
G0 F7200 X120.866 Y115.404
G1 F1500 E110.75101
G0 F7200 X120.885 Y115.46
G0 X120.736 Y112.87
G1 F1500 E117.25101
G0 F7200 X121.038 Y112.766
;TYPE:WALL-OUTER
G1 F1800 X120.725 Y112.886 E117.25521
G1 X120.725 Y112.42 E117.26106
G1 X120.772 Y112.397 E117.26171
G1 X121.164 Y112.246 E117.26698
G1 X121.165 Y112.731 E117.27306
G1 X121.038 Y112.766 E117.27472
G0 F7200 X120.852 Y112.837
G0 X121.125 Y112.464
G1 F1500 E110.77472
G0 F7200 X121.064 Y112.463
G0 X122.836 Y112.671
G1 F1500 E117.27472
G0 F7200 X122.962 Y112.766
G1 F1800 X122.836 Y112.732 E117.27635
G1 X122.835 Y112.246 E117.28245
G1 X123.228 Y112.397 E117.28533
G1 X123.275 Y112.42 E117.28599
G1 X123.276 Y112.886 E117.29183
G1 X122.962 Y112.766 E117.29351
G0 F7200 X122.836 Y112.732
G0 X122.836 Y112.662
G0 X123.03 Y112.565
;TYPE:SKIN
G1 F1800 X123.06 Y112.595 E117.29377
G0 F7200 X123.004 Y112.739
G1 F1500 E110.79377
G0 F7200 X123.025 Y112.684
G0 X123.265 Y109.87
G1 F1500 E117.29377
G0 F7200 X122.962 Y109.766
;TYPE:WALL-OUTER
G1 F1800 X122.836 Y109.732 E117.29541
G1 X122.835 Y109.246 E117.3015
G1 X123.228 Y109.397 E117.30439
G1 X123.275 Y109.42 E117.30505
G1 X123.276 Y109.886 E117.31089
G1 X122.962 Y109.766 E117.31257
G0 F7200 X122.836 Y109.732
G0 X122.836 Y109.662
G0 X122.875 Y109.662
G1 F1500 E110.81257
G0 F7200 X122.938 Y109.657
G0 X121.164 Y109.671
G1 F1500 E117.31257
G0 F7200 X121.038 Y109.766
G1 F1800 X120.725 Y109.886 E117.31677
G1 X120.725 Y109.42 E117.32261
G1 X120.772 Y109.397 E117.32327
G1 X121.164 Y109.246 E117.32854
G1 X121.165 Y109.731 E117.33462
G1 X121.038 Y109.766 E117.33627
G0 F7200 X120.852 Y109.837
G0 X121.125 Y109.464
G1 F1500 E110.83627
G0 F7200 X121.064 Y109.463
G0 X127.86 Y109.687
G0 X129.007 Y109.671
G1 F1500 E117.33627
G0 F7200 X129.038 Y109.766
G1 F1800 X128.725 Y109.886 E117.34047
G1 X128.725 Y109.42 E117.34632
G1 X128.772 Y109.397 E117.34697
G1 X129.164 Y109.246 E117.35224
G1 X129.165 Y109.731 E117.35832
G1 X129.038 Y109.766 E117.35998
G0 F7200 X128.852 Y109.837
G0 X129.125 Y109.464
G1 F1500 E110.85998
G0 F7200 X129.064 Y109.463
G0 X130.836 Y109.671
G1 F1500 E117.35998
G0 F7200 X130.962 Y109.766
G1 F1800 X130.836 Y109.732 E117.36161
G1 X130.835 Y109.246 E117.36771
G1 X131.228 Y109.397 E117.37059
G1 X131.275 Y109.42 E117.37125
G1 X131.276 Y109.886 E117.37709
G1 X130.962 Y109.766 E117.37877
G0 F7200 X130.836 Y109.732
G0 X130.836 Y109.662
G0 X131.029 Y109.533
;TYPE:SKIN
G1 F1800 X131.079 Y109.583 E117.37921
G0 F7200 X131.236 Y109.583
G1 F1500 E110.87921
G0 F7200 X131.175 Y109.582
G0 X130.846 Y112.262
G1 F1500 E117.37921
G0 F7200 X130.962 Y112.766
;TYPE:WALL-OUTER
G1 F1800 X130.836 Y112.732 E117.38085
G1 X130.835 Y112.246 E117.38694
G1 X131.228 Y112.397 E117.38983
G1 X131.275 Y112.42 E117.39048
G1 X131.276 Y112.886 E117.39633
G1 X130.962 Y112.766 E117.398
G0 F7200 X130.836 Y112.732
G0 X130.836 Y112.662
G0 X130.875 Y112.662
G1 F1500 E110.898
G0 F7200 X130.938 Y112.657
G0 X129.164 Y112.671
G1 F1500 E117.398
G0 F7200 X129.038 Y112.766
G1 F1800 X128.725 Y112.886 E117.40221
G1 X128.725 Y112.42 E117.40805
G1 X128.772 Y112.397 E117.40871
G1 X129.164 Y112.246 E117.41398
G1 X129.165 Y112.731 E117.42006
G1 X129.038 Y112.766 E117.42171
G0 F7200 X128.852 Y112.837
G0 X129.125 Y112.464
G1 F1500 E110.92171
G0 F7200 X129.064 Y112.463
G0 X129.153 Y115.262
G1 F1500 E117.42171
G0 F7200 X129.038 Y115.766
G1 F1800 X128.725 Y115.886 E117.42591
G1 X128.725 Y115.42 E117.43176
G1 X128.772 Y115.397 E117.43241
G1 X129.164 Y115.246 E117.43768
G1 X129.165 Y115.731 E117.44376
G1 X129.038 Y115.766 E117.44542
G0 F7200 X128.852 Y115.837
G0 X129.125 Y115.464
G1 F1500 E110.94542
G0 F7200 X129.064 Y115.463
G0 X130.836 Y115.671
G1 F1500 E117.44542
G0 F7200 X130.962 Y115.766
G1 F1800 X130.836 Y115.732 E117.44705
G1 X130.835 Y115.246 E117.45315
G1 X131.228 Y115.397 E117.45603
G1 X131.275 Y115.42 E117.45669
G1 X131.276 Y115.886 E117.46253
G1 X130.962 Y115.766 E117.46421
G0 F7200 X130.836 Y115.732
G0 X130.836 Y115.662
G0 X130.875 Y115.662
G1 F1500 E110.96421
G0 F7200 X130.938 Y115.657
G0 X130.846 Y118.262
G1 F1500 E117.46421
G0 F7200 X130.962 Y118.766
G1 F1800 X130.836 Y118.732 E117.46584
G1 X130.835 Y118.246 E117.47194
G1 X131.228 Y118.397 E117.47482
G1 X131.275 Y118.42 E117.47548
G1 X131.275 Y118.886 E117.48132
G1 X130.962 Y118.766 E117.48299
G0 F7200 X130.836 Y118.732
G0 X130.836 Y118.662
G0 X130.875 Y118.663
G1 F1500 E110.98299
G0 F7200 X130.939 Y118.657
G0 X129.164 Y118.671
G1 F1500 E117.48299
G0 F7200 X129.038 Y118.766
G1 F1800 X128.725 Y118.886 E117.48719
G1 X128.724 Y118.42 E117.49304
G1 X128.774 Y118.396 E117.49373
G1 X129.164 Y118.246 E117.49897
G1 X129.165 Y118.731 E117.50506
G1 X129.038 Y118.766 E117.50671
G0 F7200 X128.852 Y118.837
G0 X129.125 Y118.464
G1 F1500 E111.00671
G0 F7200 X129.064 Y118.463
G0 X136.085 Y118.719
G0 X137.65 Y120.63
G1 F1500 E117.50671
G0 F7200 X137.75 Y120.7
G1 F1800 X136.95 Y120.7 E117.51674
G1 X136.95 Y108.3 E117.67224
G1 X137.75 Y108.3 E117.68227
G1 X137.75 Y120.7 E117.83777
G0 F7200 X137.55 Y120.7
G0 X137.309 Y120.338
;TYPE:SKIN
G1 F1800 X137.349 Y120.095 E117.84104
G1 X137.349 Y108.781 E117.9911
G1 X137.449 Y108.599 E117.99386
G0 F7200 X137.344 Y108.494
G0 X137.144 Y120.456
G1 F1800 X137.192 Y120.504 E117.99428
G0 F7200 X137.35 Y120.3
G1 F1500 E111.49428
;MESH:NONMESH
G0 F600 X137.35 Y120.3 Z12.4
G0 F7200 X136.97 Y109.671
G0 X132.123 Y111.224
G0 X128.957 Y110.722
G0 X127.879 Y111.22
G0 X124.123 Y111.224
G0 X120.957 Y110.722
G0 X119.879 Y111.22
G0 X119.859 Y109.704
G0 X114.03 Y109.717
G0 X113.007 Y109.671
G1 F1500 E117.99428
G0 F7200 X113.038 Y109.766
;TIME_ELAPSED:1193.797383
;LAYER:61
;TYPE:WALL-OUTER
;MESH:output_v2\A_fina_conjunto.stl
G1 F1800 X112.935 Y109.805 E117.99566
G1 X112.935 Y109.334 E118.00157
G1 X113.166 Y109.245 E118.00468
G1 X113.383 Y109.187 E118.00749
G1 X113.384 Y109.673 E118.01359
G1 X113.038 Y109.766 E118.01808
G0 F7200 X112.935 Y109.805
G0 X112.935 Y109.715
G0 X113.225 Y109.302
G1 F1500 E111.51808
G0 F7200 X113.23 Y109.331
G0 X114.617 Y109.67
G1 F1500 E118.01808
G0 F7200 X114.962 Y109.765
G1 F1800 X114.617 Y109.675 E118.02255
G1 X114.616 Y109.187 E118.02867
G1 X114.834 Y109.245 E118.0315
G1 X115.065 Y109.334 E118.0346
G1 X115.066 Y109.805 E118.04051
G1 X114.962 Y109.765 E118.04191
G0 F7200 X114.769 Y109.715
G0 X114.75 Y109.642
G1 F1500 E111.54191
G0 F7200 X114.76 Y109.61
G0 X114.629 Y112.202
G1 F1500 E118.04191
G0 F7200 X114.962 Y112.766
G1 F1800 X114.617 Y112.673 E118.04639
G1 X114.617 Y112.187 E118.05248
G1 X114.834 Y112.245 E118.0553
G1 X115.065 Y112.334 E118.0584
G1 X115.065 Y112.805 E118.06431
G1 X114.962 Y112.766 E118.06569
G0 F7200 X114.769 Y112.714
G0 X114.752 Y112.643
G1 F1500 E111.56569
G0 F7200 X114.762 Y112.609
G0 X113.369 Y112.661
G1 F1500 E118.06569
G0 F7200 X113.038 Y112.766
G1 F1800 X112.935 Y112.805 E118.06707
G1 X112.935 Y112.334 E118.07298
G1 X113.166 Y112.245 E118.07608
G1 X113.383 Y112.187 E118.0789
G1 X113.384 Y112.673 E118.085
G1 X113.038 Y112.766 E118.08949
G0 F7200 X112.935 Y112.805
G0 X112.935 Y112.715
G0 X113.225 Y112.302
G1 F1500 E111.58949
G0 F7200 X113.23 Y112.331
G0 X113.371 Y115.202
G1 F1500 E118.08949
G0 F7200 X113.038 Y115.766
G1 F1800 X112.935 Y115.805 E118.09087
G1 X112.935 Y115.334 E118.09678
G1 X113.166 Y115.245 E118.09988
G1 X113.383 Y115.187 E118.1027
G1 X113.384 Y115.673 E118.10879
G1 X113.038 Y115.766 E118.11328
G0 F7200 X112.935 Y115.805
G0 X112.935 Y115.715
G0 X113.225 Y115.302
G1 F1500 E111.61328
G0 F7200 X113.23 Y115.331
G0 X114.617 Y115.659
G1 F1500 E118.11328
G0 F7200 X114.962 Y115.765
G1 F1800 X114.617 Y115.675 E118.11776
G1 X114.616 Y115.187 E118.12388
G1 X114.834 Y115.245 E118.1267
G1 X115.065 Y115.334 E118.12981
G1 X115.066 Y115.805 E118.13572
G1 X114.962 Y115.765 E118.13711
G0 F7200 X114.769 Y115.715
G0 X114.75 Y115.642
G1 F1500 E111.63711
G0 F7200 X114.76 Y115.61
G0 X114.629 Y118.202
G1 F1500 E118.13711
G0 F7200 X114.962 Y118.766
G1 F1800 X114.617 Y118.673 E118.14159
G1 X114.617 Y118.187 E118.14769
G1 X114.834 Y118.245 E118.15051
G1 X115.065 Y118.334 E118.15361
G1 X115.066 Y118.806 E118.15953
G1 X114.962 Y118.766 E118.16093
G0 F7200 X114.769 Y118.714
G0 X114.819 Y118.525
;TYPE:SKIN
G1 F1800 X114.869 Y118.475 E118.16137
G0 F7200 X115.017 Y118.474
G1 F1500 E111.66137
G0 F7200 X114.965 Y118.473
G0 X113.369 Y118.661
G1 F1500 E118.16137
G0 F7200 X113.038 Y118.766
;TYPE:WALL-OUTER
G1 F1800 X112.935 Y118.805 E118.16275
G1 X112.935 Y118.334 E118.16866
G1 X113.166 Y118.245 E118.17176
G1 X113.383 Y118.187 E118.17458
G1 X113.384 Y118.673 E118.18067
G1 X113.038 Y118.766 E118.18517
G0 F7200 X112.935 Y118.805
G0 X112.935 Y118.715
G0 X113.13 Y118.518
;TYPE:SKIN
G1 F1800 X113.188 Y118.459 E118.18568
G0 F7200 X113.335 Y118.458
G1 F1500 E111.68568
G0 F7200 X113.283 Y118.457
G0 X112.07 Y118.789
G0 X110.303 Y119.412
G0 X109.338 Y119.829
G1 F1500 E118.18568
G0 F7200 X109.439 Y119.9
;TYPE:WALL-OUTER
G1 F1800 X109.036 Y119.9 E118.19074
G1 X109.036 Y119.4 E118.19701
G1 X109.438 Y119.4 E118.20205
G1 X109.439 Y119.9 E118.20832
G0 F7200 X109.239 Y119.9
G0 X109.239 Y119.8
G1 F1500 E111.70832
G0 F7200 X107.03 Y119.886
G1 F1500 E118.20832
G0 F7200 X107.05 Y120.7
G1 F1800 X106.25 Y120.7 E118.21835
G1 X106.25 Y108.3 E118.37385
G1 X107.05 Y108.3 E118.38389
G1 X107.05 Y120.7 E118.53939
G0 F7200 X106.85 Y120.7
G0 X106.736 Y120.386
;TYPE:SKIN
G1 F1800 X106.649 Y120.189 E118.54222
G1 X106.649 Y108.876 E118.6911
G1 X106.597 Y108.646 E118.69421
G0 F7200 X106.65 Y108.7
G1 F1500 E112.19421
G0 F7200 X107.03 Y118.671
G0 X108.183 Y118.547
G0 X113.767 Y117.175
G0 X120.07 Y118.671
G1 F1500 E118.69421
G0 F7200 X121.038 Y118.766
;TYPE:WALL-OUTER
G1 F1800 X120.935 Y118.805 E118.69559
G1 X120.935 Y118.334 E118.70149
G1 X121.166 Y118.245 E118.7046
G1 X121.383 Y118.187 E118.70741
G1 X121.384 Y118.673 E118.71351
G1 X121.038 Y118.766 E118.718
G0 F7200 X120.935 Y118.805
G0 X120.935 Y118.715
G0 X121.225 Y118.302
G1 F1500 E112.218
G0 F7200 X121.23 Y118.331
G0 X122.617 Y118.659
G1 F1500 E118.718
G0 F7200 X122.962 Y118.766
G1 F1800 X122.617 Y118.673 E118.72248
G1 X122.616 Y118.187 E118.72858
G1 X122.834 Y118.245 E118.73141
G1 X123.065 Y118.334 E118.73451
G1 X123.066 Y118.806 E118.74043
G1 X122.962 Y118.766 E118.74183
G0 F7200 X122.769 Y118.714
G0 X122.752 Y118.643
G1 F1500 E112.24183
G0 F7200 X122.762 Y118.609
G0 X123.055 Y115.79
G1 F1500 E118.74183
G0 F7200 X122.962 Y115.766
G1 F1800 X122.617 Y115.673 E118.74631
G1 X122.616 Y115.187 E118.7524
G1 X122.834 Y115.245 E118.75523
G1 X123.065 Y115.334 E118.75834
G1 X123.066 Y115.806 E118.76426
G1 X122.962 Y115.766 E118.76565
G0 F7200 X122.769 Y115.714
G0 X122.752 Y115.643
G1 F1500 E112.26565
G0 F7200 X122.762 Y115.609
G0 X121.369 Y115.661
G1 F1500 E118.76565
G0 F7200 X121.038 Y115.766
G1 F1800 X120.935 Y115.805 E118.76703
G1 X120.935 Y115.334 E118.77294
G1 X121.166 Y115.245 E118.77604
G1 X121.383 Y115.187 E118.77886
G1 X121.384 Y115.673 E118.78496
G1 X121.038 Y115.766 E118.78945
G0 F7200 X120.935 Y115.805
G0 X120.935 Y115.715
G0 X121.225 Y115.302
G1 F1500 E112.28945
G0 F7200 X121.23 Y115.331
G0 X120.946 Y112.789
G1 F1500 E118.78945
G0 F7200 X121.038 Y112.766
G1 F1800 X120.935 Y112.805 E118.79083
G1 X120.935 Y112.334 E118.79674
G1 X121.166 Y112.245 E118.79984
G1 X121.383 Y112.187 E118.80266
G1 X121.384 Y112.673 E118.80875
G1 X121.038 Y112.766 E118.81325
G0 F7200 X120.935 Y112.805
G0 X120.935 Y112.715
G0 X121.128 Y112.499
;TYPE:SKIN
G1 F1800 X121.179 Y112.448 E118.8137
G0 F7200 X121.167 Y112.317
G1 F1500 E112.3137
G0 F7200 X121.178 Y112.348
G0 X122.617 Y112.659
G1 F1500 E118.8137
G0 F7200 X122.962 Y112.766
;TYPE:WALL-OUTER
G1 F1800 X122.617 Y112.673 E118.81818
G1 X122.616 Y112.187 E118.82427
G1 X122.834 Y112.245 E118.8271
G1 X123.065 Y112.334 E118.83021
G1 X123.065 Y112.805 E118.83611
G1 X122.962 Y112.766 E118.83749
G0 F7200 X122.769 Y112.714
G0 X122.811 Y112.514
;TYPE:SKIN
G1 F1800 X122.86 Y112.464 E118.83793
G0 F7200 X122.875 Y112.329
G1 F1500 E112.33793
G0 F7200 X122.86 Y112.362
G0 X123.055 Y109.79
G1 F1500 E118.83793
G0 F7200 X122.962 Y109.766
;TYPE:WALL-OUTER
G1 F1800 X122.617 Y109.673 E118.84241
G1 X122.616 Y109.187 E118.84851
G1 X122.834 Y109.245 E118.85134
G1 X123.065 Y109.334 E118.85444
G1 X123.066 Y109.806 E118.86036
G1 X122.962 Y109.766 E118.86176
G0 F7200 X122.769 Y109.714
G0 X122.752 Y109.643
G1 F1500 E112.36176
G0 F7200 X122.762 Y109.609
G0 X121.369 Y109.661
G1 F1500 E118.86176
G0 F7200 X121.038 Y109.766
G1 F1800 X120.935 Y109.805 E118.86314
G1 X120.935 Y109.334 E118.86905
G1 X121.166 Y109.245 E118.87215
G1 X121.383 Y109.187 E118.87497
G1 X121.384 Y109.673 E118.88106
G1 X121.038 Y109.766 E118.88555
G0 F7200 X120.935 Y109.805
G0 X120.935 Y109.715
G0 X121.225 Y109.302
G1 F1500 E112.38555
G0 F7200 X121.23 Y109.331
G0 X121.648 Y110.498
G0 X123.914 Y111.04
G0 X128.07 Y109.661
G1 F1500 E118.88555
G0 F7200 X129.038 Y109.766
G1 F1800 X128.935 Y109.805 E118.88694
G1 X128.935 Y109.334 E118.89284
G1 X129.166 Y109.245 E118.89595
G1 X129.383 Y109.187 E118.89876
G1 X129.384 Y109.673 E118.90486
G1 X129.038 Y109.766 E118.90935
G0 F7200 X128.935 Y109.805
G0 X128.935 Y109.715
G0 X129.225 Y109.302
G1 F1500 E112.40935
G0 F7200 X129.23 Y109.331
G0 X130.617 Y109.659
G1 F1500 E118.90935
G0 F7200 X130.962 Y109.766
G1 F1800 X130.617 Y109.673 E118.91383
G1 X130.616 Y109.187 E118.91993
G1 X130.834 Y109.245 E118.92276
G1 X131.065 Y109.334 E118.92586
G1 X131.066 Y109.806 E118.93178
G1 X130.962 Y109.766 E118.93318
G0 F7200 X130.769 Y109.714
G0 X130.752 Y109.643
G1 F1500 E112.43318
G0 F7200 X130.762 Y109.609
G0 X130.628 Y112.202
G1 F1500 E118.93318
G0 F7200 X130.962 Y112.766
G1 F1800 X130.617 Y112.673 E118.93766
G1 X130.616 Y112.187 E118.94375
G1 X130.834 Y112.245 E118.94658
G1 X131.065 Y112.334 E118.94969
G1 X131.065 Y112.805 E118.95559
G1 X130.962 Y112.766 E118.95697
G0 F7200 X130.769 Y112.714
G0 X130.752 Y112.643
G1 F1500 E112.45697
G0 F7200 X130.762 Y112.609
G0 X129.363 Y112.668
G1 F1500 E118.95697
G0 F7200 X129.038 Y112.766
G1 F1800 X128.935 Y112.805 E118.95835
G1 X128.935 Y112.334 E118.96426
G1 X129.166 Y112.245 E118.96736
G1 X129.383 Y112.187 E118.97018
G1 X129.383 Y112.673 E118.97628
G1 X129.038 Y112.766 E118.98076
G0 F7200 X128.935 Y112.805
G0 X128.935 Y112.715
G0 X129.224 Y112.301
G1 F1500 E112.48076
G0 F7200 X129.23 Y112.331
G0 X129.371 Y115.202
G1 F1500 E118.98076
G0 F7200 X129.038 Y115.766
G1 F1800 X128.935 Y115.805 E118.98214
G1 X128.935 Y115.334 E118.98804
G1 X129.166 Y115.245 E118.99115
G1 X129.383 Y115.187 E118.99397
G1 X129.384 Y115.673 E119.00006
G1 X129.038 Y115.766 E119.00455
G0 F7200 X128.935 Y115.805
G0 X128.935 Y115.715
G0 X129.129 Y115.529
;TYPE:SKIN
G1 F1800 X129.188 Y115.47 E119.00508
G0 F7200 X129.335 Y115.469
G1 F1500 E112.50508
G0 F7200 X129.283 Y115.468
G0 X130.617 Y115.659
G1 F1500 E119.00508
G0 F7200 X130.962 Y115.766
;TYPE:WALL-OUTER
G1 F1800 X130.617 Y115.673 E119.00956
G1 X130.616 Y115.187 E119.01565
G1 X130.834 Y115.245 E119.01848
G1 X131.065 Y115.334 E119.02159
G1 X131.066 Y115.806 E119.0275
G1 X130.962 Y115.766 E119.0289
G0 F7200 X130.769 Y115.714
G0 X130.827 Y115.528
;TYPE:SKIN
G1 F1800 X130.869 Y115.486 E119.02927
G0 F7200 X131.017 Y115.486
G1 F1500 E112.52927
G0 F7200 X130.965 Y115.485
G0 X130.628 Y118.202
G1 F1500 E119.02927
G0 F7200 X130.962 Y118.766
;TYPE:WALL-OUTER
G1 F1800 X130.617 Y118.673 E119.03376
G1 X130.616 Y118.187 E119.03985
G1 X130.834 Y118.245 E119.04268
G1 X131.065 Y118.334 E119.04578
G1 X131.066 Y118.806 E119.0517
G1 X130.962 Y118.766 E119.0531
G0 F7200 X130.769 Y118.714
G0 X130.752 Y118.643
G1 F1500 E112.5531
G0 F7200 X130.762 Y118.609
G0 X129.363 Y118.668
G1 F1500 E119.0531
G0 F7200 X129.038 Y118.766
G1 F1800 X128.935 Y118.805 E119.05448
G1 X128.935 Y118.334 E119.06039
G1 X129.166 Y118.245 E119.06349
G1 X129.383 Y118.187 E119.06631
G1 X129.383 Y118.673 E119.0724
G1 X129.038 Y118.766 E119.07688
G0 F7200 X128.935 Y118.805
G0 X128.935 Y118.715
G0 X129.224 Y118.301
G1 F1500 E112.57688
G0 F7200 X129.23 Y118.331
G0 X129.644 Y119.499
G0 X131.914 Y120.04
G0 X136.085 Y118.661
G0 X137.65 Y120.63
G1 F1500 E119.07688
G0 F7200 X137.75 Y120.7
G1 F1800 X136.95 Y120.7 E119.08692
G1 X136.95 Y108.3 E119.24242
G1 X137.75 Y108.3 E119.25245
G1 X137.75 Y120.7 E119.40795
G0 F7200 X137.55 Y120.7
G0 X137.5 Y120.451
;TYPE:SKIN
G1 F1800 X137.359 Y120.31 E119.41052
G1 X137.349 Y114.945 E119.47975
G1 X137.349 Y108.723 E119.56004
G1 X137.219 Y108.569 E119.56264
G0 F7200 X137.35 Y108.7
G1 F1500 E113.06264
;MESH:NONMESH
G0 F600 X137.35 Y108.7 Z12.6
G0 F7200 X136.085 Y109.6
G0 X130.233 Y108.176
G0 X123.931 Y110.085
G0 X115.914 Y111.04
G0 X113.648 Y110.498
G1 F1500 E119.56264
G0 F7200 X113.459 Y109.653
;TIME_ELAPSED:1215.233014
;LAYER:62
;TYPE:WALL-OUTER
;MESH:output_v2\A_fina_conjunto.stl
G1 F1800 X113.145 Y109.737 E119.56672
G1 X113.145 Y109.253 E119.57279
G1 X113.163 Y109.246 E119.57303
G1 X113.536 Y109.146 E119.57787
G1 X113.731 Y109.116 E119.58035
G1 X113.812 Y109.108 E119.58137
G1 X114.092 Y109.102 E119.58488
G1 X114.188 Y109.108 E119.58609
G1 X114.269 Y109.116 E119.58711
G1 X114.464 Y109.146 E119.58958
G1 X114.837 Y109.246 E119.59442
G1 X114.855 Y109.253 E119.59467
G1 X114.856 Y109.737 E119.60074
G1 X114.541 Y109.653 E119.60235
G1 X114.325 Y109.62 E119.60509
G1 X114.216 Y109.609 E119.60647
G1 X114.104 Y109.602 E119.60787
G1 X113.788 Y109.608 E119.61184
G1 X113.675 Y109.62 E119.61326
G1 X113.459 Y109.653 E119.616
G0 F7200 X113.266 Y109.704
G0 X113.388 Y109.428
;TYPE:SKIN
G1 F1800 X113.623 Y109.38 E119.61693
G1 X114.488 Y109.397 E119.62029
G0 F7200 X114.494 Y109.567
G1 F1500 E113.12029
G0 F7200 X114.499 Y109.546
G0 X113.455 Y109.634
G0 X113.733 Y112.135
G1 F1500 E119.62029
G0 F7200 X113.459 Y112.653
;TYPE:WALL-OUTER
G1 F1800 X113.145 Y112.737 E119.62437
G1 X113.145 Y112.253 E119.63044
G1 X113.163 Y112.246 E119.63068
G1 X113.536 Y112.146 E119.63552
G1 X113.731 Y112.116 E119.638
G1 X113.812 Y112.108 E119.63902
G1 X114.092 Y112.102 E119.64253
G1 X114.188 Y112.108 E119.64374
G1 X114.269 Y112.116 E119.64476
G1 X114.464 Y112.146 E119.64723
G1 X114.837 Y112.246 E119.65207
G1 X114.855 Y112.253 E119.65232
G1 X114.855 Y112.737 E119.65839
G1 X114.541 Y112.653 E119.66246
G1 X114.325 Y112.62 E119.6652
G1 X114.216 Y112.609 E119.66658
G1 X114.104 Y112.602 E119.66798
G1 X113.788 Y112.608 E119.67195
G1 X113.675 Y112.62 E119.67337
G1 X113.459 Y112.653 E119.67611
G0 F7200 X113.266 Y112.704
G0 X113.53 Y112.398
;TYPE:SKIN
G1 F1800 X113.776 Y112.362 E119.67716
G1 X114.357 Y112.377 E119.67961
G0 F7200 X114.4 Y112.54
G1 F1500 E113.17961
G0 F7200 X114.402 Y112.531
G0 X113.733 Y115.135
G1 F1500 E119.67961
G0 F7200 X113.459 Y115.653
;TYPE:WALL-OUTER
G1 F1800 X113.145 Y115.737 E119.68368
G1 X113.145 Y115.253 E119.68975
G1 X113.163 Y115.246 E119.68999
G1 X113.536 Y115.146 E119.69484
G1 X113.731 Y115.116 E119.69731
G1 X113.812 Y115.108 E119.69833
G1 X114.092 Y115.102 E119.70184
G1 X114.188 Y115.108 E119.70305
G1 X114.269 Y115.116 E119.70407
G1 X114.464 Y115.146 E119.70655
G1 X114.837 Y115.246 E119.71139
G1 X114.855 Y115.253 E119.71163
G1 X114.856 Y115.737 E119.7177
G1 X114.541 Y115.653 E119.71932
G1 X114.325 Y115.62 E119.72206
G1 X114.216 Y115.609 E119.72343
G1 X114.104 Y115.602 E119.72484
G1 X113.788 Y115.608 E119.7288
G1 X113.675 Y115.62 E119.73023
G1 X113.459 Y115.653 E119.73297
G0 F7200 X113.266 Y115.704
G0 X113.437 Y115.417
;TYPE:SKIN
G1 F1800 X113.675 Y115.372 E119.73389
G1 X114.567 Y115.415 E119.73729
G0 F7200 X114.591 Y115.593
G1 F1500 E113.23729
G0 F7200 X114.598 Y115.566
G0 X114.168 Y118.126
G1 F1500 E119.73729
G0 F7200 X113.459 Y118.653
;TYPE:WALL-OUTER
G1 F1800 X113.145 Y118.737 E119.74136
G1 X113.145 Y118.253 E119.74743
G1 X113.163 Y118.246 E119.74767
G1 X113.536 Y118.146 E119.75252
G1 X113.731 Y118.116 E119.75499
G1 X113.812 Y118.108 E119.75601
G1 X114.092 Y118.102 E119.75952
G1 X114.188 Y118.108 E119.76073
G1 X114.269 Y118.116 E119.76175
G1 X114.464 Y118.146 E119.76422
G1 X114.837 Y118.246 E119.76907
G1 X114.855 Y118.253 E119.76931
G1 X114.856 Y118.737 E119.77538
G1 X114.541 Y118.653 E119.77699
G1 X114.325 Y118.62 E119.77973
G1 X114.216 Y118.609 E119.78111
G1 X114.104 Y118.602 E119.78252
G1 X113.788 Y118.608 E119.78648
G1 X113.675 Y118.62 E119.7879
G1 X113.459 Y118.653 E119.79064
G0 F7200 X113.266 Y118.704
G0 X113.359 Y118.45
;TYPE:SKIN
G1 F1800 X113.579 Y118.388 E119.7915
G1 X114.426 Y118.386 E119.79465
G0 F7200 X114.435 Y118.551
G1 F1500 E113.29465
G0 F7200 X114.438 Y118.536
G0 X113.157 Y118.722
G0 X110.287 Y119.414
G0 X109.322 Y119.83
G1 F1500 E119.79465
G0 F7200 X109.422 Y119.9
;TYPE:WALL-OUTER
G1 F1800 X109.024 Y119.9 E119.79964
G1 X109.024 Y119.4 E119.80591
G1 X109.422 Y119.4 E119.81091
G1 X109.422 Y119.9 E119.81714
G0 F7200 X109.222 Y119.9
G0 X109.222 Y119.8
G1 F1500 E113.31714
G0 F7200 X107.03 Y119.886
G1 F1500 E119.81714
G0 F7200 X107.05 Y120.7
G1 F1800 X106.25 Y120.7 E119.82718
G1 X106.25 Y108.3 E119.98268
G1 X107.05 Y108.3 E119.99271
G1 X107.05 Y120.7 E120.14821
G0 F7200 X106.85 Y120.7
G0 X106.65 Y120.226
;TYPE:SKIN
G1 F1800 X106.65 Y119.943 E120.15195
G1 X106.65 Y108.912 E120.29774
G1 X106.826 Y108.523 E120.30338
G0 F7200 X106.797 Y108.494
G0 X106.445 Y120.304
G1 F1800 X106.644 Y120.503 E120.30515
G0 F7200 X106.65 Y120.3
G1 F1500 E113.80515
G0 F7200 X107.03 Y118.556
G0 X113.761 Y117.245
G0 X120.28 Y118.556
G0 X121.439 Y118.556
G1 F1500 E120.30515
G0 F7200 X121.459 Y118.653
;TYPE:WALL-OUTER
G1 F1800 X121.145 Y118.737 E120.30922
G1 X121.145 Y118.253 E120.31529
G1 X121.163 Y118.246 E120.31554
G1 X121.536 Y118.146 E120.32038
G1 X121.731 Y118.116 E120.32285
G1 X121.812 Y118.108 E120.32387
G1 X122.092 Y118.102 E120.32739
G1 X122.188 Y118.108 E120.32859
G1 X122.269 Y118.116 E120.32961
G1 X122.464 Y118.146 E120.33209
G1 X122.837 Y118.246 E120.33693
G1 X122.855 Y118.253 E120.33717
G1 X122.856 Y118.737 E120.34324
G1 X122.541 Y118.653 E120.34486
G1 X122.325 Y118.62 E120.3476
G1 X122.216 Y118.609 E120.34897
G1 X122.104 Y118.602 E120.35038
G1 X121.788 Y118.608 E120.35434
G1 X121.675 Y118.62 E120.35577
G1 X121.459 Y118.653 E120.35851
G0 F7200 X121.266 Y118.704
G0 X121.513 Y118.402
;TYPE:SKIN
G1 F1800 X121.758 Y118.364 E120.35955
G1 X122.333 Y118.373 E120.36197
G0 F7200 X122.377 Y118.536
G1 F1500 E113.86197
G0 F7200 X122.379 Y118.527
G0 X121.157 Y115.722
G1 F1500 E120.36197
G0 F7200 X121.459 Y115.653
;TYPE:WALL-OUTER
G1 F1800 X121.145 Y115.737 E120.36605
G1 X121.145 Y115.253 E120.37212
G1 X121.163 Y115.246 E120.37236
G1 X121.536 Y115.146 E120.3772
G1 X121.731 Y115.116 E120.37968
G1 X121.812 Y115.108 E120.3807
G1 X121.908 Y115.102 E120.3819
G1 X122.189 Y115.108 E120.38543
G1 X122.269 Y115.116 E120.38644
G1 X122.464 Y115.146 E120.38891
G1 X122.837 Y115.246 E120.39375
G1 X122.855 Y115.253 E120.394
G1 X122.856 Y115.737 E120.40006
G1 X122.541 Y115.653 E120.40168
G1 X122.325 Y115.62 E120.40442
G1 X122.212 Y115.608 E120.40585
G1 X121.896 Y115.602 E120.40981
G1 X121.784 Y115.609 E120.41122
G1 X121.675 Y115.62 E120.41259
G1 X121.459 Y115.653 E120.41533
G0 F7200 X121.266 Y115.704
G0 X121.372 Y115.432
;TYPE:SKIN
G1 F1800 X121.606 Y115.383 E120.41625
G1 X122.463 Y115.392 E120.41953
G0 F7200 X122.47 Y115.561
G1 F1500 E113.91953
G0 F7200 X122.473 Y115.542
G0 X121.157 Y112.722
G1 F1500 E120.41953
G0 F7200 X121.459 Y112.653
;TYPE:WALL-OUTER
G1 F1800 X121.145 Y112.737 E120.4236
G1 X121.145 Y112.253 E120.42967
G1 X121.163 Y112.246 E120.42992
G1 X121.536 Y112.146 E120.43476
G1 X121.731 Y112.116 E120.43723
G1 X121.812 Y112.108 E120.43825
G1 X122.092 Y112.102 E120.44177
G1 X122.188 Y112.108 E120.44297
G1 X122.269 Y112.116 E120.44399
G1 X122.464 Y112.146 E120.44647
G1 X122.837 Y112.246 E120.45131
G1 X122.855 Y112.253 E120.45155
G1 X122.855 Y112.737 E120.45762
G1 X122.541 Y112.653 E120.4617
G1 X122.325 Y112.62 E120.46444
G1 X122.216 Y112.609 E120.46581
G1 X122.104 Y112.602 E120.46722
G1 X121.788 Y112.608 E120.47118
G1 X121.675 Y112.62 E120.47261
G1 X121.459 Y112.653 E120.47535
G0 F7200 X121.266 Y112.704
G0 X121.463 Y112.412
;TYPE:SKIN
G1 F1800 X121.703 Y112.369 E120.47626
G1 X122.607 Y112.425 E120.47965
G0 F7200 X122.491 Y112.241
G1 F1500 E113.97965
G0 F7200 X122.487 Y112.255
G0 X121.157 Y109.722
G1 F1500 E120.47965
G0 F7200 X121.459 Y109.653
;TYPE:WALL-OUTER
G1 F1800 X121.145 Y109.737 E120.48373
G1 X121.145 Y109.253 E120.4898
G1 X121.163 Y109.246 E120.49004
G1 X121.536 Y109.146 E120.49488
G1 X121.731 Y109.116 E120.49736
G1 X121.812 Y109.108 E120.49838
G1 X122.092 Y109.102 E120.50189
G1 X122.188 Y109.108 E120.50309
G1 X122.269 Y109.116 E120.50412
G1 X122.464 Y109.146 E120.50659
G1 X122.837 Y109.246 E120.51143
G1 X122.855 Y109.253 E120.51167
G1 X122.856 Y109.737 E120.51774
G1 X122.541 Y109.653 E120.51936
G1 X122.325 Y109.62 E120.5221
G1 X122.212 Y109.608 E120.52353
G1 X121.896 Y109.602 E120.52749
G1 X121.784 Y109.609 E120.5289
G1 X121.675 Y109.62 E120.53027
G1 X121.459 Y109.653 E120.53301
G0 F7200 X121.266 Y109.704
G0 X121.555 Y109.393
;TYPE:SKIN
G1 F1800 X121.804 Y109.359 E120.53408
G1 X122.393 Y109.382 E120.5366
G0 F7200 X122.403 Y109.543
G1 F1500 E114.0366
G0 F7200 X122.405 Y109.531
G0 X123.72 Y109.568
G0 X128.28 Y109.569
G0 X129.439 Y109.556
G1 F1500 E120.5366
G0 F7200 X129.459 Y109.653
;TYPE:WALL-OUTER
G1 F1800 X129.145 Y109.737 E120.54067
G1 X129.145 Y109.253 E120.54674
G1 X129.163 Y109.246 E120.54698
G1 X129.536 Y109.146 E120.55183
G1 X129.731 Y109.116 E120.5543
G1 X129.812 Y109.108 E120.55532
G1 X129.908 Y109.102 E120.55653
G1 X130.189 Y109.108 E120.56005
G1 X130.269 Y109.116 E120.56106
G1 X130.464 Y109.146 E120.56353
G1 X130.837 Y109.246 E120.56838
G1 X130.855 Y109.253 E120.56862
G1 X130.856 Y109.737 E120.57469
G1 X130.541 Y109.653 E120.57631
G1 X130.325 Y109.62 E120.57905
G1 X130.212 Y109.608 E120.58047
G1 X129.896 Y109.602 E120.58443
G1 X129.784 Y109.609 E120.58584
G1 X129.675 Y109.62 E120.58722
G1 X129.459 Y109.653 E120.58996
G0 F7200 X129.266 Y109.704
G0 X129.489 Y109.407
;TYPE:SKIN
G1 F1800 X129.731 Y109.366 E120.59081
G1 X130.628 Y109.414 E120.59394
G0 F7200 X130.486 Y109.24
G1 F1500 E114.09394
G0 F7200 X130.483 Y109.253
G0 X129.455 Y109.634
G0 X129.733 Y112.135
G1 F1500 E120.59394
G0 F7200 X129.459 Y112.653
;TYPE:WALL-OUTER
G1 F1800 X129.145 Y112.737 E120.59801
G1 X129.145 Y112.253 E120.60408
G1 X129.163 Y112.246 E120.60432
G1 X129.536 Y112.146 E120.60917
G1 X129.731 Y112.116 E120.61164
G1 X129.812 Y112.108 E120.61266
G1 X129.908 Y112.102 E120.61387
G1 X130.189 Y112.108 E120.61739
G1 X130.269 Y112.116 E120.6184
G1 X130.464 Y112.146 E120.62087
G1 X130.837 Y112.246 E120.62572
G1 X130.855 Y112.253 E120.62596
G1 X130.855 Y112.737 E120.63203
G1 X130.541 Y112.653 E120.6361
G1 X130.325 Y112.62 E120.63884
G1 X130.212 Y112.608 E120.64027
G1 X129.896 Y112.602 E120.64423
G1 X129.784 Y112.609 E120.64564
G1 X129.675 Y112.62 E120.64701
G1 X129.459 Y112.653 E120.64975
G0 F7200 X129.266 Y112.704
G0 X129.397 Y112.426
;TYPE:SKIN
G1 F1800 X129.632 Y112.378 E120.65067
G1 X130.502 Y112.4 E120.65401
G0 F7200 X130.506 Y112.571
G1 F1500 E114.15401
G0 F7200 X130.51 Y112.547
G0 X130.188 Y115.127
G1 F1500 E120.65401
G0 F7200 X129.459 Y115.653
;TYPE:WALL-OUTER
G1 F1800 X129.145 Y115.737 E120.65809
G1 X129.145 Y115.253 E120.66416
G1 X129.163 Y115.246 E120.6644
G1 X129.536 Y115.146 E120.66924
G1 X129.731 Y115.116 E120.67172
G1 X129.812 Y115.108 E120.67274
G1 X129.908 Y115.102 E120.67394
G1 X130.189 Y115.108 E120.67747
G1 X130.269 Y115.116 E120.67848
G1 X130.464 Y115.146 E120.68095
G1 X130.837 Y115.246 E120.68579
G1 X130.855 Y115.253 E120.68604
G1 X130.856 Y115.737 E120.6921
G1 X130.541 Y115.653 E120.69372
G1 X130.325 Y115.62 E120.69646
G1 X130.212 Y115.608 E120.69789
G1 X129.896 Y115.602 E120.70185
G1 X129.784 Y115.609 E120.70326
G1 X129.675 Y115.62 E120.70463
G1 X129.459 Y115.653 E120.70737
G0 F7200 X129.266 Y115.704
G0 X129.539 Y115.397
;TYPE:SKIN
G1 F1800 X129.785 Y115.36 E120.70843
G1 X130.369 Y115.378 E120.71091
G0 F7200 X130.379 Y115.537
G1 F1500 E114.21091
G0 F7200 X130.381 Y115.528
G0 X129.733 Y118.135
G1 F1500 E120.71091
G0 F7200 X129.459 Y118.653
;TYPE:WALL-OUTER
G1 F1800 X129.145 Y118.737 E120.71499
G1 X129.145 Y118.253 E120.72105
G1 X129.163 Y118.246 E120.7213
G1 X129.536 Y118.146 E120.72614
G1 X129.731 Y118.116 E120.72861
G1 X129.812 Y118.108 E120.72963
G1 X130.092 Y118.102 E120.73315
G1 X130.188 Y118.108 E120.73435
G1 X130.269 Y118.116 E120.73537
G1 X130.464 Y118.146 E120.73785
G1 X130.837 Y118.246 E120.74269
G1 X130.855 Y118.253 E120.74293
G1 X130.856 Y118.737 E120.749
G1 X130.541 Y118.653 E120.75062
G1 X130.325 Y118.62 E120.75336
G1 X130.216 Y118.609 E120.75473
G1 X130.104 Y118.602 E120.75614
G1 X129.788 Y118.608 E120.7601
G1 X129.675 Y118.62 E120.76153
G1 X129.459 Y118.653 E120.76427
G0 F7200 X129.266 Y118.704
G0 X129.447 Y118.416
;TYPE:SKIN
G1 F1800 X129.685 Y118.371 E120.76519
G1 X130.583 Y118.421 E120.7686
G0 F7200 X130.607 Y118.598
G1 F1500 E114.2686
G0 F7200 X130.614 Y118.57
G0 X131.72 Y118.721
G0 X136.085 Y118.722
G0 X137.65 Y120.63
G1 F1500 E120.7686
G0 F7200 X137.75 Y120.7
;TYPE:WALL-OUTER
G1 F1800 X136.95 Y120.7 E120.77863
G1 X136.95 Y108.3 E120.93413
G1 X137.75 Y108.3 E120.94417
G1 X137.75 Y120.7 E121.09967
G0 F7200 X137.55 Y120.7
G0 X137.309 Y120.338
;TYPE:SKIN
G1 F1800 X137.349 Y120.095 E121.10293
G1 X137.349 Y108.781 E121.253
G1 X137.449 Y108.599 E121.25575
G0 F7200 X137.344 Y108.494
G0 X137.144 Y120.456
G1 F1800 X137.192 Y120.504 E121.25618
G0 F7200 X137.35 Y120.3
G1 F1500 E114.75618
;MESH:NONMESH
G0 F600 X137.35 Y120.3 Z12.8
G0 F7200 X136.97 Y109.556
G0 X130.239 Y108.245
G0 X121.616 Y108.259
G0 X115.72 Y109.6
G0 X113.439 Y109.556
G1 F1500 E121.25618
G0 F7200 X113.459 Y109.653
;TIME_ELAPSED:1230.454959
;LAYER:63
;TYPE:WALL-OUTER
;MESH:output_v2\A_fina_conjunto.stl
G1 F1800 X113.355 Y109.681 E121.25753
G1 X113.355 Y109.195 E121.26362
G1 X113.536 Y109.146 E121.26597
G1 X113.731 Y109.116 E121.26845
G1 X113.812 Y109.108 E121.26947
G1 X114.092 Y109.102 E121.27298
G1 X114.188 Y109.108 E121.27419
G1 X114.269 Y109.116 E121.27521
G1 X114.464 Y109.146 E121.27768
G1 X114.645 Y109.195 E121.28003
G1 X114.645 Y109.681 E121.28613
G1 X114.541 Y109.653 E121.28748
G1 X114.325 Y109.62 E121.29022
G1 X114.216 Y109.609 E121.29159
G1 X114.104 Y109.602 E121.293
G1 X113.788 Y109.608 E121.29696
G1 X113.675 Y109.62 E121.29839
G1 X113.459 Y109.653 E121.30113
G0 F7200 X113.355 Y109.681
G0 X113.355 Y109.588
G0 X113.803 Y109.358
;TYPE:SKIN
G1 F1800 X114.09 Y109.354 E121.30263
G1 X114.35 Y109.377 E121.30399
G0 F7200 X114.412 Y109.229
G1 F1500 E114.80399
G0 F7200 X114.41 Y109.238
G0 X113.455 Y109.634
G0 X113.733 Y112.135
G1 F1500 E121.30399
G0 F7200 X113.459 Y112.653
;TYPE:WALL-OUTER
G1 F1800 X113.355 Y112.681 E121.30534
G1 X113.355 Y112.195 E121.31144
G1 X113.536 Y112.146 E121.31379
G1 X113.731 Y112.116 E121.31626
G1 X113.812 Y112.108 E121.31728
G1 X114.092 Y112.102 E121.3208
G1 X114.188 Y112.108 E121.322
G1 X114.269 Y112.116 E121.32302
G1 X114.464 Y112.146 E121.3255
G1 X114.645 Y112.195 E121.32785
G1 X114.645 Y112.681 E121.33394
G1 X114.541 Y112.653 E121.33529
G1 X114.325 Y112.62 E121.33803
G1 X114.216 Y112.609 E121.33941
G1 X114.104 Y112.602 E121.34081
G1 X113.788 Y112.608 E121.34478
G1 X113.675 Y112.62 E121.3462
G1 X113.459 Y112.653 E121.34894
G0 F7200 X113.355 Y112.681
G0 X113.355 Y112.588
G0 X113.61 Y112.38
;TYPE:SKIN
G1 F1800 X113.918 Y112.355 E121.35025
G1 X114.426 Y112.413 E121.35242
G0 F7200 X114.263 Y112.21
G1 F1500 E114.85242
G0 F7200 X114.262 Y112.215
G0 X113.733 Y115.135
G1 F1500 E121.35242
G0 F7200 X113.459 Y115.653
;TYPE:WALL-OUTER
G1 F1800 X113.355 Y115.681 E121.35377
G1 X113.355 Y115.195 E121.35987
G1 X113.536 Y115.146 E121.36222
G1 X113.731 Y115.116 E121.36469
G1 X113.812 Y115.108 E121.36572
G1 X114.092 Y115.102 E121.36923
G1 X114.188 Y115.108 E121.37043
G1 X114.269 Y115.116 E121.37145
G1 X114.464 Y115.146 E121.37393
G1 X114.645 Y115.195 E121.37628
G1 X114.645 Y115.681 E121.38237
G1 X114.541 Y115.653 E121.38373
G1 X114.325 Y115.62 E121.38647
G1 X114.216 Y115.609 E121.38784
G1 X114.104 Y115.602 E121.38925
G1 X113.788 Y115.608 E121.39321
G1 X113.675 Y115.62 E121.39464
G1 X113.459 Y115.653 E121.39738
G0 F7200 X113.355 Y115.681
G0 X113.355 Y115.588
G0 X113.738 Y115.363
;TYPE:SKIN
G1 F1800 X114.032 Y115.352 E121.39895
G1 X114.298 Y115.369 E121.40038
G0 F7200 X114.345 Y115.218
G1 F1500 E114.90038
G0 F7200 X114.342 Y115.227
G0 X113.733 Y118.135
G1 F1500 E121.40038
G0 F7200 X113.459 Y118.653
;TYPE:WALL-OUTER
G1 F1800 X113.355 Y118.681 E121.40173
G1 X113.355 Y118.195 E121.40782
G1 X113.536 Y118.146 E121.41017
G1 X113.731 Y118.116 E121.41265
G1 X113.812 Y118.108 E121.41367
G1 X114.092 Y118.102 E121.41718
G1 X114.188 Y118.108 E121.41839
G1 X114.269 Y118.116 E121.41941
G1 X114.464 Y118.146 E121.42188
G1 X114.645 Y118.195 E121.42423
G1 X114.645 Y118.681 E121.43033
G1 X114.541 Y118.653 E121.43168
G1 X114.325 Y118.62 E121.43442
G1 X114.216 Y118.609 E121.43579
G1 X114.104 Y118.602 E121.4372
G1 X113.788 Y118.608 E121.44116
G1 X113.675 Y118.62 E121.44259
G1 X113.459 Y118.653 E121.44533
G0 F7200 X113.355 Y118.681
G0 X113.355 Y118.588
G0 X113.574 Y118.355
;TYPE:SKIN
G1 F1800 X113.857 Y118.356 E121.4464
G1 X114.395 Y118.383 E121.44845
G0 F7200 X114.431 Y118.231
G1 F1500 E114.94845
G0 F7200 X114.429 Y118.241
G0 X113.367 Y118.666
G0 X110.286 Y119.412
G0 X109.321 Y119.829
G1 F1500 E121.44845
G0 F7200 X109.422 Y119.9
;TYPE:WALL-OUTER
G1 F1800 X109.023 Y119.9 E121.45346
G1 X109.023 Y119.4 E121.45973
G1 X109.421 Y119.4 E121.46472
G1 X109.422 Y119.9 E121.47097
G0 F7200 X109.222 Y119.9
G0 X109.222 Y119.8
G1 F1500 E114.97097
G0 F7200 X107.03 Y119.886
G1 F1500 E121.47097
G0 F7200 X107.05 Y120.7
G1 F1800 X106.25 Y120.7 E121.481
G1 X106.25 Y108.3 E121.6365
G1 X107.05 Y108.3 E121.64653
G1 X107.05 Y120.7 E121.80203
G0 F7200 X106.85 Y120.7
G0 X106.736 Y120.386
;TYPE:SKIN
G1 F1800 X106.649 Y120.189 E121.80487
G1 X106.649 Y108.876 E121.95375
G1 X106.597 Y108.646 E121.95685
G0 F7200 X106.65 Y108.7
G1 F1500 E115.45685
G0 F7200 X107.03 Y118.556
G0 X113.761 Y117.245
G0 X120.49 Y118.556
G1 F1500 E121.95685
G0 F7200 X121.459 Y118.653
;TYPE:WALL-OUTER
G1 F1800 X121.355 Y118.681 E121.9582
G1 X121.355 Y118.195 E121.9643
G1 X121.536 Y118.146 E121.96665
G1 X121.731 Y118.116 E121.96912
G1 X121.812 Y118.108 E121.97014
G1 X122.092 Y118.102 E121.97366
G1 X122.188 Y118.108 E121.97486
G1 X122.269 Y118.116 E121.97588
G1 X122.464 Y118.146 E121.97836
G1 X122.645 Y118.195 E121.98071
G1 X122.645 Y118.681 E121.9868
G1 X122.541 Y118.653 E121.98815
G1 X122.325 Y118.62 E121.99089
G1 X122.216 Y118.609 E121.99227
G1 X122.104 Y118.602 E121.99368
G1 X121.788 Y118.608 E121.99764
G1 X121.675 Y118.62 E121.99906
G1 X121.459 Y118.653 E122.0018
G0 F7200 X121.355 Y118.681
G0 X121.355 Y118.588
G0 X121.771 Y118.36
;TYPE:SKIN
G1 F1800 X122.062 Y118.353 E122.00334
G1 X122.325 Y118.373 E122.00474
G0 F7200 X122.387 Y118.225
G1 F1500 E115.50474
G0 F7200 X122.385 Y118.234
G0 X121.367 Y115.666
G1 F1500 E122.00474
G0 F7200 X121.459 Y115.653
;TYPE:WALL-OUTER
G1 F1800 X121.355 Y115.681 E122.00609
G1 X121.355 Y115.195 E122.01218
G1 X121.536 Y115.146 E122.01453
G1 X121.731 Y115.116 E122.01701
G1 X121.812 Y115.108 E122.01803
G1 X121.908 Y115.102 E122.01923
G1 X122.189 Y115.108 E122.02276
G1 X122.269 Y115.116 E122.02377
G1 X122.464 Y115.146 E122.02624
G1 X122.645 Y115.195 E122.02859
G1 X122.645 Y115.681 E122.03469
G1 X122.541 Y115.653 E122.03604
G1 X122.325 Y115.62 E122.03878
G1 X122.212 Y115.608 E122.0402
G1 X121.896 Y115.602 E122.04417
G1 X121.784 Y115.609 E122.04557
G1 X121.675 Y115.62 E122.04695
G1 X121.459 Y115.653 E122.04969
G0 F7200 X121.355 Y115.681
G0 X121.355 Y115.588
G0 X121.645 Y115.376
;TYPE:SKIN
G1 F1800 X121.951 Y115.352 E122.05128
G1 X122.224 Y115.362 E122.05269
G0 F7200 X122.275 Y115.211
G1 F1500 E115.55269
G0 F7200 X122.274 Y115.217
G0 X121.367 Y112.666
G1 F1500 E122.05269
G0 F7200 X121.459 Y112.653
;TYPE:WALL-OUTER
G1 F1800 X121.355 Y112.681 E122.05404
G1 X121.355 Y112.195 E122.06014
G1 X121.536 Y112.146 E122.06249
G1 X121.731 Y112.116 E122.06496
G1 X121.812 Y112.108 E122.06598
G1 X122.092 Y112.102 E122.0695
G1 X122.188 Y112.108 E122.0707
G1 X122.269 Y112.116 E122.07172
G1 X122.464 Y112.146 E122.0742
G1 X122.645 Y112.195 E122.07655
G1 X122.645 Y112.681 E122.08264
G1 X122.541 Y112.653 E122.08399
G1 X122.325 Y112.62 E122.08673
G1 X122.216 Y112.609 E122.08811
G1 X122.104 Y112.602 E122.08951
G1 X121.788 Y112.608 E122.09348
G1 X121.675 Y112.62 E122.0949
G1 X121.459 Y112.653 E122.09764
G0 F7200 X121.355 Y112.681
G0 X121.355 Y112.588
G0 X121.836 Y112.356
;TYPE:SKIN
G1 F1800 X122.121 Y112.354 E122.09912
G1 X122.377 Y112.38 E122.10046
G0 F7200 X122.438 Y112.233
G1 F1500 E115.60046
G0 F7200 X122.436 Y112.242
G0 X121.367 Y109.666
G1 F1500 E122.10046
G0 F7200 X121.459 Y109.653
;TYPE:WALL-OUTER
G1 F1800 X121.355 Y109.681 E122.10181
G1 X121.355 Y109.195 E122.10791
G1 X121.536 Y109.146 E122.11026
G1 X121.731 Y109.116 E122.11273
G1 X121.812 Y109.108 E122.11375
G1 X122.092 Y109.102 E122.11727
G1 X122.188 Y109.108 E122.11847
G1 X122.269 Y109.116 E122.11949
G1 X122.464 Y109.146 E122.12197
G1 X122.645 Y109.195 E122.12432
G1 X122.645 Y109.681 E122.13041
G1 X122.541 Y109.653 E122.13176
G1 X122.325 Y109.62 E122.1345
G1 X122.212 Y109.608 E122.13593
G1 X121.896 Y109.602 E122.13989
G1 X121.784 Y109.609 E122.1413
G1 X121.675 Y109.62 E122.14267
G1 X121.459 Y109.653 E122.14541
G0 F7200 X121.355 Y109.681
G0 X121.355 Y109.588
G0 X121.715 Y109.366
;TYPE:SKIN
G1 F1800 X122.011 Y109.352 E122.14697
G1 X122.279 Y109.367 E122.14838
G0 F7200 X122.328 Y109.216
G1 F1500 E115.64838
G0 F7200 X122.326 Y109.225
G0 X123.51 Y109.556
G0 X128.49 Y109.556
G1 F1500 E122.14838
G0 F7200 X129.459 Y109.653
;TYPE:WALL-OUTER
G1 F1800 X129.355 Y109.681 E122.14973
G1 X129.355 Y109.195 E122.15583
G1 X129.536 Y109.146 E122.15818
G1 X129.731 Y109.116 E122.16065
G1 X129.812 Y109.108 E122.16167
G1 X129.908 Y109.102 E122.16288
G1 X130.189 Y109.108 E122.16641
G1 X130.269 Y109.116 E122.16741
G1 X130.464 Y109.146 E122.16989
G1 X130.645 Y109.195 E122.17224
G1 X130.645 Y109.681 E122.17833
G1 X130.541 Y109.653 E122.17968
G1 X130.325 Y109.62 E122.18242
G1 X130.212 Y109.608 E122.18385
G1 X129.896 Y109.602 E122.18781
G1 X129.784 Y109.609 E122.18922
G1 X129.675 Y109.62 E122.19059
G1 X129.459 Y109.653 E122.19333
G0 F7200 X129.355 Y109.681
G0 X129.355 Y109.588
G0 X129.621 Y109.379
;TYPE:SKIN
G1 F1800 X129.931 Y109.352 E122.19463
G1 X130.431 Y109.419 E122.19674
G0 F7200 X130.265 Y109.21
G1 F1500 E115.69674
G0 F7200 X130.263 Y109.215
G0 X129.733 Y112.135
G1 F1500 E122.19674
G0 F7200 X129.459 Y112.653
;TYPE:WALL-OUTER
G1 F1800 X129.355 Y112.681 E122.19809
G1 X129.355 Y112.195 E122.20418
G1 X129.536 Y112.146 E122.20653
G1 X129.731 Y112.116 E122.20901
G1 X129.812 Y112.108 E122.21003
G1 X129.908 Y112.102 E122.21123
G1 X130.189 Y112.108 E122.21476
G1 X130.269 Y112.116 E122.21577
G1 X130.464 Y112.146 E122.21824
G1 X130.645 Y112.195 E122.22059
G1 X130.645 Y112.681 E122.22669
G1 X130.541 Y112.653 E122.22804
G1 X130.325 Y112.62 E122.23078
G1 X130.212 Y112.608 E122.2322
G1 X129.896 Y112.602 E122.23617
G1 X129.784 Y112.609 E122.23757
G1 X129.675 Y112.62 E122.23895
G1 X129.459 Y112.653 E122.24169
G0 F7200 X129.355 Y112.681
G0 X129.355 Y112.588
G0 X129.749 Y112.362
;TYPE:SKIN
G1 F1800 X130.04 Y112.355 E122.24321
G1 X130.307 Y112.371 E122.24462
G0 F7200 X130.355 Y112.219
G1 F1500 E115.74462
G0 F7200 X130.353 Y112.229
G0 X129.733 Y115.135
G1 F1500 E122.24462
G0 F7200 X129.459 Y115.653
;TYPE:WALL-OUTER
G1 F1800 X129.355 Y115.681 E122.24597
G1 X129.355 Y115.195 E122.25206
G1 X129.536 Y115.146 E122.25441
G1 X129.731 Y115.116 E122.25689
G1 X129.812 Y115.108 E122.25791
G1 X129.908 Y115.102 E122.25911
G1 X130.189 Y115.108 E122.26264
G1 X130.269 Y115.116 E122.26365
G1 X130.464 Y115.146 E122.26612
G1 X130.645 Y115.195 E122.26847
G1 X130.645 Y115.681 E122.27457
G1 X130.541 Y115.653 E122.27592
G1 X130.325 Y115.62 E122.27866
G1 X130.212 Y115.608 E122.28008
G1 X129.896 Y115.602 E122.28405
G1 X129.784 Y115.609 E122.28545
G1 X129.675 Y115.62 E122.28683
G1 X129.459 Y115.653 E122.28957
G0 F7200 X129.355 Y115.681
G0 X129.355 Y115.588
G0 X129.58 Y115.361
;TYPE:SKIN
G1 F1800 X129.869 Y115.354 E122.29072
G1 X130.403 Y115.385 E122.29286
G0 F7200 X130.439 Y115.233
G1 F1500 E115.79286
G0 F7200 X130.437 Y115.242
G0 X129.455 Y115.634
G0 X129.733 Y118.135
G1 F1500 E122.29286
G0 F7200 X129.459 Y118.653
;TYPE:WALL-OUTER
G1 F1800 X129.355 Y118.681 E122.29421
G1 X129.355 Y118.195 E122.3003
G1 X129.536 Y118.146 E122.30265
G1 X129.731 Y118.116 E122.30513
G1 X129.812 Y118.108 E122.30615
G1 X130.092 Y118.102 E122.30966
G1 X130.188 Y118.108 E122.31087
G1 X130.269 Y118.116 E122.31189
G1 X130.464 Y118.146 E122.31436
G1 X130.645 Y118.195 E122.31671
G1 X130.645 Y118.681 E122.32281
G1 X130.541 Y118.653 E122.32416
G1 X130.325 Y118.62 E122.3269
G1 X130.216 Y118.609 E122.32827
G1 X130.104 Y118.602 E122.32968
G1 X129.788 Y118.608 E122.33364
G1 X129.675 Y118.62 E122.33507
G1 X129.459 Y118.653 E122.33781
G0 F7200 X129.355 Y118.681
G0 X129.355 Y118.588
G0 X129.681 Y118.37
;TYPE:SKIN
G1 F1800 X129.981 Y118.353 E122.3394
G1 X130.253 Y118.365 E122.34083
G0 F7200 X130.301 Y118.214
G1 F1500 E115.84083
G0 F7200 X130.299 Y118.221
G0 X131.51 Y118.666
G0 X136.085 Y118.666
G0 X137.65 Y120.63
G1 F1500 E122.34083
G0 F7200 X137.75 Y120.7
;TYPE:WALL-OUTER
G1 F1800 X136.95 Y120.7 E122.35087
G1 X136.95 Y108.3 E122.50637
G1 X137.75 Y108.3 E122.5164
G1 X137.75 Y120.7 E122.6719
G0 F7200 X137.55 Y120.7
G0 X137.5 Y120.451
;TYPE:SKIN
G1 F1800 X137.359 Y120.31 E122.67447
G1 X137.349 Y114.945 E122.7437
G1 X137.349 Y108.723 E122.82399
G1 X137.219 Y108.569 E122.82659
G0 F7200 X137.35 Y108.7
G1 F1500 E116.32659
;MESH:NONMESH
G0 F600 X137.35 Y108.7 Z13
G0 F7200 X136.085 Y109.521
G0 X130.239 Y108.245
G0 X121.617 Y108.259
G0 X115.51 Y109.521
G0 X113.663 Y109.521
G1 F1500 E122.82659
G0 F7200 X113.675 Y109.62
;TIME_ELAPSED:1244.879343
;LAYER:64
;TYPE:WALL-OUTER
;MESH:output_v2\A_fina_conjunto.stl
G1 F1800 X113.565 Y109.637 E122.82799
G1 X113.565 Y109.142 E122.8342
G1 X113.731 Y109.116 E122.8363
G1 X113.812 Y109.108 E122.83732
G1 X114.091 Y109.102 E122.84082
G1 X114.224 Y109.111 E122.84249
G1 X114.33 Y109.125 E122.84383
G1 X114.435 Y109.142 E122.84517
G1 X114.435 Y109.636 E122.85136
G1 X114.324 Y109.619 E122.85277
G1 X114.104 Y109.602 E122.85554
G1 X113.788 Y109.608 E122.8595
G1 X113.675 Y109.62 E122.86093
G0 F7200 X113.565 Y109.637
G0 X113.565 Y109.548
G0 X113.881 Y109.356
;TYPE:SKIN
G1 F1800 X114.165 Y109.357 E122.8629
G0 F7200 X114.198 Y109.514
G1 F1500 E116.3629
G0 F7200 X114.198 Y109.509
G0 X113.813 Y112.127
G1 F1500 E122.8629
G0 F7200 X113.675 Y112.62
;TYPE:WALL-OUTER
G1 F1800 X113.565 Y112.637 E122.86429
G1 X113.565 Y112.142 E122.8705
G1 X113.731 Y112.116 E122.87261
G1 X113.812 Y112.108 E122.87363
G1 X114.091 Y112.102 E122.87713
G1 X114.224 Y112.111 E122.8788
G1 X114.33 Y112.125 E122.88014
G1 X114.435 Y112.142 E122.88147
G1 X114.435 Y112.636 E122.88767
G1 X114.324 Y112.619 E122.88908
G1 X114.104 Y112.602 E122.89184
G1 X113.788 Y112.608 E122.89581
G1 X113.675 Y112.62 E122.89723
G0 F7200 X113.565 Y112.637
G0 X113.565 Y112.548
G0 X113.792 Y112.378
;TYPE:SKIN
G1 F1800 X114.049 Y112.352 E122.89876
G0 F7200 X114.094 Y112.504
G1 F1500 E116.39876
G0 F7200 X114.095 Y112.502
G0 X113.813 Y115.127
G1 F1500 E122.89876
G0 F7200 X113.675 Y115.62
;TYPE:WALL-OUTER
G1 F1800 X113.565 Y115.637 E122.90016
G1 X113.565 Y115.142 E122.90637
G1 X113.731 Y115.116 E122.90847
G1 X113.812 Y115.108 E122.9095
G1 X114.091 Y115.102 E122.91299
G1 X114.224 Y115.111 E122.91467
G1 X114.33 Y115.125 E122.91601
G1 X114.435 Y115.142 E122.91734
G1 X114.435 Y115.636 E122.92354
G1 X114.324 Y115.619 E122.92494
G1 X114.104 Y115.602 E122.92771
G1 X113.788 Y115.608 E122.93167
G1 X113.675 Y115.62 E122.9331
G0 F7200 X113.565 Y115.637
G0 X113.565 Y115.548
G0 X113.939 Y115.353
;TYPE:SKIN
G1 F1800 X114.205 Y115.336 E122.93466
G0 F7200 X114.033 Y115.203
G1 F1500 E116.43466
G0 F7200 X114.032 Y115.204
G0 X113.813 Y118.127
G1 F1500 E122.93466
G0 F7200 X113.675 Y118.62
;TYPE:WALL-OUTER
G1 F1800 X113.565 Y118.637 E122.93605
G1 X113.565 Y118.142 E122.94226
G1 X113.731 Y118.116 E122.94437
G1 X113.812 Y118.108 E122.94539
G1 X114.091 Y118.102 E122.94889
G1 X114.224 Y118.111 E122.95056
G1 X114.33 Y118.125 E122.9519
G1 X114.435 Y118.142 E122.95324
G1 X114.435 Y118.636 E122.95943
G1 X114.324 Y118.619 E122.96084
G1 X114.104 Y118.602 E122.96361
G1 X113.788 Y118.608 E122.96757
G1 X113.675 Y118.62 E122.96899
G0 F7200 X113.565 Y118.637
G0 X113.565 Y118.548
G0 X113.832 Y118.357
;TYPE:SKIN
G1 F1800 X114.111 Y118.353 E122.97091
G0 F7200 X114.162 Y118.508
G1 F1500 E116.47091
G0 F7200 X114.162 Y118.506
G0 X112.7 Y118.622
G0 X110.285 Y119.412
G0 X109.32 Y119.829
G1 F1500 E122.97091
G0 F7200 X109.421 Y119.9
;TYPE:WALL-OUTER
G1 F1800 X109.022 Y119.9 E122.97591
G1 X109.022 Y119.4 E122.98218
G1 X109.42 Y119.4 E122.98717
G1 X109.421 Y119.9 E122.99342
G0 F7200 X109.221 Y119.9
G0 X109.221 Y119.8
G1 F1500 E116.49342
G0 F7200 X107.03 Y119.886
G1 F1500 E122.99342
G0 F7200 X107.05 Y120.7
G1 F1800 X106.25 Y120.7 E123.00345
G1 X106.25 Y108.3 E123.15895
G1 X107.05 Y108.3 E123.16898
G1 X107.05 Y120.7 E123.32448
G0 F7200 X106.85 Y120.7
G0 X106.65 Y120.226
;TYPE:SKIN
G1 F1800 X106.65 Y119.943 E123.32822
G1 X106.65 Y108.912 E123.47401
G1 X106.826 Y108.523 E123.47966
G0 F7200 X106.797 Y108.494
G0 X106.445 Y120.304
G1 F1800 X106.644 Y120.503 E123.48142
G0 F7200 X106.65 Y120.3
G1 F1500 E116.98142
G0 F7200 X107.03 Y118.521
G0 X113.761 Y117.245
G0 X120.7 Y118.521
G1 F1500 E123.48142
G0 F7200 X121.675 Y118.62
;TYPE:WALL-OUTER
G1 F1800 X121.565 Y118.637 E123.48282
G1 X121.565 Y118.142 E123.48903
G1 X121.731 Y118.116 E123.49113
G1 X121.812 Y118.108 E123.49215
G1 X122.091 Y118.102 E123.49565
G1 X122.224 Y118.111 E123.49732
G1 X122.33 Y118.125 E123.49867
G1 X122.435 Y118.142 E123.5
G1 X122.435 Y118.636 E123.50619
G1 X122.324 Y118.619 E123.5076
G1 X122.104 Y118.602 E123.51037
G1 X121.788 Y118.608 E123.51433
G1 X121.675 Y118.62 E123.51576
G0 F7200 X121.565 Y118.637
G0 X121.565 Y118.548
G0 X121.781 Y118.387
;TYPE:SKIN
G1 F1800 X122.03 Y118.353 E123.51713
G0 F7200 X122.086 Y118.503
G1 F1500 E117.01713
G0 F7200 X122.087 Y118.502
G0 X121.577 Y115.622
G1 F1500 E123.51713
G0 F7200 X121.674 Y115.62
;TYPE:WALL-OUTER
G1 F1800 X121.565 Y115.637 E123.51851
G1 X121.565 Y115.142 E123.52472
G1 X121.731 Y115.116 E123.52682
G1 X121.909 Y115.102 E123.52906
G1 X122.189 Y115.108 E123.53258
G1 X122.269 Y115.116 E123.53358
G1 X122.435 Y115.142 E123.53569
G1 X122.435 Y115.637 E123.5419
G1 X122.325 Y115.62 E123.54329
G1 X122.212 Y115.608 E123.54472
G1 X121.895 Y115.602 E123.5487
G1 X121.745 Y115.612 E123.55058
G1 X121.674 Y115.62 E123.55148
G0 F7200 X121.565 Y115.637
G0 X121.565 Y115.547
G0 X121.86 Y115.355
;TYPE:SKIN
G1 F1800 X122.144 Y115.356 E123.55336
G0 F7200 X122.173 Y115.51
G1 F1500 E117.05336
G0 F7200 X122.173 Y115.508
G0 X121.577 Y112.622
G1 F1500 E123.55336
G0 F7200 X121.675 Y112.62
;TYPE:WALL-OUTER
G1 F1800 X121.565 Y112.637 E123.55476
G1 X121.565 Y112.142 E123.56097
G1 X121.731 Y112.116 E123.56307
G1 X121.812 Y112.108 E123.5641
G1 X122.091 Y112.102 E123.56759
G1 X122.224 Y112.111 E123.56927
G1 X122.33 Y112.125 E123.57061
G1 X122.435 Y112.142 E123.57194
G1 X122.435 Y112.636 E123.57814
G1 X122.324 Y112.619 E123.57954
G1 X122.104 Y112.602 E123.58231
G1 X121.788 Y112.608 E123.58628
G1 X121.675 Y112.62 E123.5877
G0 F7200 X121.565 Y112.637
G0 X121.565 Y112.548
G0 X121.97 Y112.354
;TYPE:SKIN
G1 F1800 X122.221 Y112.322 E123.58894
G0 F7200 X122.037 Y112.504
G1 F1500 E117.08894
G0 F7200 X122.038 Y112.503
G0 X121.577 Y109.622
G1 F1500 E123.58894
G0 F7200 X121.674 Y109.62
;TYPE:WALL-OUTER
G1 F1800 X121.565 Y109.637 E123.59033
G1 X121.565 Y109.142 E123.59653
G1 X121.731 Y109.116 E123.59864
G1 X121.812 Y109.108 E123.59966
G1 X122.091 Y109.102 E123.60316
G1 X122.224 Y109.111 E123.60483
G1 X122.33 Y109.125 E123.60617
G1 X122.435 Y109.142 E123.60751
G1 X122.435 Y109.637 E123.61371
G1 X122.325 Y109.62 E123.61511
G1 X122.212 Y109.608 E123.61653
G1 X121.895 Y109.602 E123.62051
G1 X121.745 Y109.612 E123.6224
G1 X121.674 Y109.62 E123.62329
G0 F7200 X121.565 Y109.637
G0 X121.565 Y109.547
G0 X121.806 Y109.361
;TYPE:SKIN
G1 F1800 X122.082 Y109.354 E123.62512
G0 F7200 X122.121 Y109.505
G1 F1500 E117.12512
G0 F7200 X123.3 Y109.521
G0 X128.7 Y109.521
G1 F1500 E123.62512
G0 F7200 X129.674 Y109.62
;TYPE:WALL-OUTER
G1 F1800 X129.565 Y109.637 E123.62651
G1 X129.565 Y109.142 E123.63271
G1 X129.731 Y109.116 E123.63482
G1 X129.909 Y109.102 E123.63706
G1 X130.189 Y109.108 E123.64057
G1 X130.269 Y109.116 E123.64158
G1 X130.435 Y109.142 E123.64369
G1 X130.435 Y109.637 E123.6499
G1 X130.325 Y109.62 E123.65129
G1 X130.212 Y109.608 E123.65272
G1 X129.895 Y109.602 E123.65669
G1 X129.745 Y109.612 E123.65858
G1 X129.674 Y109.62 E123.65947
G0 F7200 X129.565 Y109.637
G0 X129.565 Y109.547
G0 X129.945 Y109.298
;TYPE:SKIN
G1 F1800 X130.057 Y109.409 E123.66046
G0 F7200 X130.055 Y109.505
G1 F1500 E117.16046
G0 F7200 X130.188 Y112.127
G1 F1500 E123.66046
G0 F7200 X130.435 Y112.142
;TYPE:WALL-OUTER
G1 F1800 X130.435 Y112.637 E123.66667
G1 X130.325 Y112.62 E123.66807
G1 X130.212 Y112.608 E123.66949
G1 X129.895 Y112.602 E123.67347
G1 X129.744 Y112.612 E123.67536
G1 X129.565 Y112.636 E123.67763
G1 X129.565 Y112.142 E123.68382
G1 X129.731 Y112.116 E123.68593
G1 X129.909 Y112.102 E123.68817
G1 X130.189 Y112.108 E123.69168
G1 X130.269 Y112.116 E123.69269
G1 X130.435 Y112.142 E123.6948
G0 F7200 X130.435 Y112.342
G0 X130.176 Y112.357
;TYPE:SKIN
G1 F1800 X129.89 Y112.354 E123.6967
G0 F7200 X129.834 Y112.204
G1 F1500 E117.1967
G0 F7200 X129.833 Y112.209
G0 X129.733 Y115.135
G1 F1500 E123.6967
G0 F7200 X129.674 Y115.62
;TYPE:WALL-OUTER
G1 F1800 X129.565 Y115.637 E123.69808
G1 X129.565 Y115.142 E123.70429
G1 X129.731 Y115.116 E123.7064
G1 X129.909 Y115.102 E123.70863
G1 X130.189 Y115.108 E123.71215
G1 X130.269 Y115.116 E123.71316
G1 X130.435 Y115.142 E123.71526
G1 X130.435 Y115.637 E123.72147
G1 X130.325 Y115.62 E123.72287
G1 X130.212 Y115.608 E123.72429
G1 X129.895 Y115.602 E123.72827
G1 X129.745 Y115.612 E123.73015
G1 X129.674 Y115.62 E123.73105
G0 F7200 X129.565 Y115.637
G0 X129.565 Y115.547
G0 X129.796 Y115.371
;TYPE:SKIN
G1 F1800 X130.062 Y115.354 E123.73269
G0 F7200 X130.116 Y115.506
G1 F1500 E117.23269
G0 F7200 X129.813 Y118.127
G1 F1500 E123.73269
G0 F7200 X129.675 Y118.62
;TYPE:WALL-OUTER
G1 F1800 X129.565 Y118.637 E123.73409
G1 X129.565 Y118.142 E123.7403
G1 X129.731 Y118.116 E123.7424
G1 X129.812 Y118.108 E123.74342
G1 X130.091 Y118.102 E123.74692
G1 X130.224 Y118.111 E123.7486
G1 X130.33 Y118.125 E123.74994
G1 X130.435 Y118.142 E123.75127
G1 X130.435 Y118.636 E123.75747
G1 X130.324 Y118.619 E123.75887
G1 X130.104 Y118.602 E123.76164
G1 X129.788 Y118.608 E123.7656
G1 X129.675 Y118.62 E123.76703
G0 F7200 X129.565 Y118.637
G0 X129.565 Y118.548
G0 X129.951 Y118.354
;TYPE:SKIN
G1 F1800 X130.211 Y118.332 E123.76847
G0 F7200 X130.033 Y118.203
G1 F1500 E117.26847
G0 F7200 X130.032 Y118.204
G0 X131.3 Y118.621
G0 X136.085 Y118.621
G0 X137.65 Y120.63
G1 F1500 E123.76847
G0 F7200 X137.75 Y120.7
;TYPE:WALL-OUTER
G1 F1800 X136.95 Y120.7 E123.7785
G1 X136.95 Y108.3 E123.934
G1 X137.75 Y108.3 E123.94404
G1 X137.75 Y120.7 E124.09954
G0 F7200 X137.55 Y120.7
G0 X137.309 Y120.338
;TYPE:SKIN
G1 F1800 X137.349 Y120.095 E124.1028
G1 X137.349 Y108.781 E124.25287
G1 X137.449 Y108.599 E124.25562
G0 F7200 X137.344 Y108.494
G0 X137.144 Y120.456
G1 F1800 X137.192 Y120.504 E124.25605
G0 F7200 X137.35 Y120.3
G1 F1500 E117.75605
;MESH:NONMESH
G0 F600 X137.35 Y120.3 Z13.2
G0 F7200 X136.97 Y109.503
G0 X130.239 Y108.245
G0 X121.617 Y108.259
G0 X115.3 Y109.503
G0 X114.106 Y109.503
G1 F1500 E124.25605
G0 F7200 X114.105 Y109.602
;TIME_ELAPSED:1259.024551
;LAYER:65
;TYPE:WALL-OUTER
;MESH:output_v2\A_fina_conjunto.stl
G1 F1800 X113.784 Y109.608 E124.26007
G1 X113.784 Y109.111 E124.26631
G1 X113.812 Y109.108 E124.26666
G1 X114.102 Y109.102 E124.2703
G1 X114.216 Y109.11 E124.27173
G1 X114.216 Y109.61 E124.278
G1 X114.105 Y109.602 E124.27939
G0 F7200 X113.905 Y109.605
G0 X113.904 Y109.507
G1 F1500 E117.77939
G0 F7200 X113.905 Y109.505
G0 X114.102 Y112.121
G1 F1500 E124.27939
G0 F7200 X114.105 Y112.602
G1 F1800 X113.784 Y112.608 E124.28342
G1 X113.784 Y112.111 E124.28965
G1 X113.812 Y112.108 E124.29001
G1 X114.102 Y112.102 E124.29364
G1 X114.216 Y112.11 E124.29508
G1 X114.216 Y112.61 E124.30135
G1 X114.105 Y112.602 E124.30274
G0 F7200 X113.905 Y112.605
G0 X113.904 Y112.507
G1 F1500 E117.80274
G0 F7200 X113.905 Y112.505
G0 X114.102 Y115.121
G1 F1500 E124.30274
G0 F7200 X114.105 Y115.602
G1 F1800 X113.784 Y115.608 E124.30677
G1 X113.784 Y115.111 E124.313
G1 X113.812 Y115.108 E124.31335
G1 X114.102 Y115.102 E124.31699
G1 X114.216 Y115.11 E124.31843
G1 X114.216 Y115.61 E124.3247
G1 X114.105 Y115.602 E124.32609
G0 F7200 X113.905 Y115.605
G0 X113.979 Y115.406
;TYPE:SKIN
G1 F1800 X114.02 Y115.364 E124.32646
G0 F7200 X114.184 Y115.364
G1 F1500 E117.82646
G0 F7200 X114.116 Y115.364
G0 X114.102 Y118.121
G1 F1500 E124.32646
G0 F7200 X114.105 Y118.602
;TYPE:WALL-OUTER
G1 F1800 X113.784 Y118.608 E124.33049
G1 X113.784 Y118.111 E124.33672
G1 X113.812 Y118.108 E124.33707
G1 X114.102 Y118.102 E124.34071
G1 X114.216 Y118.11 E124.34214
G1 X114.216 Y118.61 E124.34841
G1 X114.105 Y118.602 E124.34981
G0 F7200 X113.905 Y118.605
G0 X113.904 Y118.507
G1 F1500 E117.84981
G0 F7200 X113.905 Y118.505
G0 X110.284 Y119.412
G0 X109.319 Y119.829
G1 F1500 E124.34981
G0 F7200 X109.42 Y119.9
G1 F1800 X109.021 Y119.9 E124.35481
G1 X109.021 Y119.4 E124.36108
G1 X109.419 Y119.4 E124.36607
G1 X109.42 Y119.9 E124.37232
G0 F7200 X109.22 Y119.9
G0 X109.22 Y119.8
G1 F1500 E117.87232
G0 F7200 X107.03 Y119.886
G1 F1500 E124.37232
G0 F7200 X107.05 Y120.7
G1 F1800 X106.25 Y120.7 E124.38235
G1 X106.25 Y108.3 E124.53785
G1 X107.05 Y108.3 E124.54788
G1 X107.05 Y120.7 E124.70338
G0 F7200 X106.85 Y120.7
G0 X106.736 Y120.386
;TYPE:SKIN
G1 F1800 X106.649 Y120.189 E124.70622
G1 X106.649 Y108.876 E124.8551
G1 X106.597 Y108.646 E124.8582
G0 F7200 X106.65 Y108.7
G1 F1500 E118.3582
G0 F7200 X107.03 Y118.503
G0 X112.921 Y118.612
G0 X115.067 Y119.584
G0 X120.919 Y118.503
G0 X122.107 Y118.503
G1 F1500 E124.8582
G0 F7200 X122.105 Y118.602
;TYPE:WALL-OUTER
G1 F1800 X121.784 Y118.608 E124.86223
G1 X121.784 Y118.111 E124.86846
G1 X121.811 Y118.108 E124.8688
G1 X122.102 Y118.102 E124.87245
G1 X122.216 Y118.11 E124.87389
G1 X122.216 Y118.61 E124.88016
G1 X122.105 Y118.602 E124.88155
G0 F7200 X121.905 Y118.605
G0 X121.904 Y118.507
G1 F1500 E118.38155
G0 F7200 X121.905 Y118.505
G0 X121.797 Y115.595
G1 F1500 E124.88155
G0 F7200 X121.883 Y115.602
G1 F1800 X121.784 Y115.609 E124.8828
G1 X121.784 Y115.111 E124.88904
G1 X121.91 Y115.102 E124.89063
G1 X122.189 Y115.108 E124.89413
G1 X122.216 Y115.111 E124.89447
G1 X122.216 Y115.608 E124.9007
G1 X121.883 Y115.602 E124.90488
G0 F7200 X121.784 Y115.609
G0 X121.784 Y115.508
G0 X121.978 Y115.326
;TYPE:SKIN
G1 F1800 X122.006 Y115.298 E124.90512
G0 F7200 X122.008 Y115.205
G1 F1500 E118.40512
G0 F7200 X122.203 Y112.596
G1 F1500 E124.90512
G0 F7200 X122.105 Y112.602
;TYPE:WALL-OUTER
G1 F1800 X121.784 Y112.608 E124.90915
G1 X121.784 Y112.111 E124.91538
G1 X121.811 Y112.108 E124.91572
G1 X122.102 Y112.102 E124.91937
G1 X122.216 Y112.11 E124.92081
G1 X122.216 Y112.61 E124.92708
G1 X122.105 Y112.602 E124.92847
G0 F7200 X121.905 Y112.605
G0 X121.904 Y112.507
G1 F1500 E118.42847
G0 F7200 X121.905 Y112.505
G0 X121.797 Y109.595
G1 F1500 E124.92847
G0 F7200 X121.883 Y109.602
G1 F1800 X121.784 Y109.609 E124.92972
G1 X121.784 Y109.111 E124.93596
G1 X121.811 Y109.108 E124.9363
G1 X122.102 Y109.102 E124.93995
G1 X122.216 Y109.11 E124.94139
G1 X122.216 Y109.608 E124.94763
G1 X121.883 Y109.602 E124.95181
G0 F7200 X121.784 Y109.609
G0 X121.784 Y109.508
G0 X121.978 Y109.386
;TYPE:SKIN
G1 F1800 X122.019 Y109.345 E124.95217
G0 F7200 X122.184 Y109.345
G1 F1500 E118.45217
G0 F7200 X122.116 Y109.345
G0 X128.919 Y109.503
G1 F1500 E124.95217
G0 F7200 X129.883 Y109.602
;TYPE:WALL-OUTER
G1 F1800 X129.784 Y109.609 E124.95342
G1 X129.784 Y109.111 E124.95966
G1 X129.91 Y109.102 E124.96125
G1 X130.189 Y109.108 E124.96475
G1 X130.216 Y109.111 E124.96509
G1 X130.216 Y109.608 E124.97132
G1 X129.883 Y109.602 E124.9755
G0 F7200 X129.784 Y109.609
G0 X129.784 Y109.508
G0 X129.816 Y109.508
G1 F1500 E118.4755
G0 F7200 X129.881 Y109.503
G0 X129.91 Y112.121
G1 F1500 E124.9755
G0 F7200 X129.883 Y112.602
G1 F1800 X129.784 Y112.609 E124.97674
G1 X129.784 Y112.111 E124.98298
G1 X129.91 Y112.102 E124.98457
G1 X130.189 Y112.108 E124.98807
G1 X130.216 Y112.111 E124.98841
G1 X130.216 Y112.608 E124.99464
G1 X129.883 Y112.602 E124.99882
G0 F7200 X129.784 Y112.609
G0 X129.784 Y112.508
G0 X129.986 Y112.409
;TYPE:SKIN
G1 F1800 X130.019 Y112.376 E124.99911
G0 F7200 X130.184 Y112.376
G1 F1500 E118.49911
G0 F7200 X130.116 Y112.376
G0 X129.91 Y115.121
G1 F1500 E124.99911
G0 F7200 X129.883 Y115.602
;TYPE:WALL-OUTER
G1 F1800 X129.784 Y115.609 E125.00036
G1 X129.784 Y115.111 E125.0066
G1 X129.91 Y115.102 E125.00818
G1 X130.189 Y115.108 E125.01168
G1 X130.216 Y115.111 E125.01202
G1 X130.216 Y115.608 E125.01826
G1 X129.883 Y115.602 E125.02243
G0 F7200 X129.784 Y115.609
G0 X129.784 Y115.508
G0 X129.816 Y115.508
G1 F1500 E118.52243
G0 F7200 X129.881 Y115.503
G0 X130.102 Y118.121
G1 F1500 E125.02243
G0 F7200 X130.105 Y118.602
G1 F1800 X129.784 Y118.608 E125.02646
G1 X129.784 Y118.111 E125.03269
G1 X129.811 Y118.108 E125.03303
G1 X130.102 Y118.102 E125.03668
G1 X130.216 Y118.11 E125.03812
G1 X130.216 Y118.61 E125.04439
G1 X130.105 Y118.602 E125.04578
G0 F7200 X129.905 Y118.605
G0 X129.978 Y118.356
;TYPE:SKIN
G1 F1800 X130.019 Y118.315 E125.04615
G0 F7200 X130.184 Y118.315
G1 F1500 E118.54615
G0 F7200 X130.116 Y118.315
G0 X131.081 Y118.596
G0 X136.085 Y118.596
G0 X137.65 Y120.63
G1 F1500 E125.04615
G0 F7200 X137.75 Y120.7
;TYPE:WALL-OUTER
G1 F1800 X136.95 Y120.7 E125.05618
G1 X136.95 Y108.3 E125.21168
G1 X137.75 Y108.3 E125.22171
G1 X137.75 Y120.7 E125.37721
G0 F7200 X137.55 Y120.7
G0 X137.5 Y120.451
;TYPE:SKIN
G1 F1800 X137.359 Y120.31 E125.37978
G1 X137.349 Y114.945 E125.44902
G1 X137.349 Y108.723 E125.5293
G1 X137.219 Y108.569 E125.5319
G0 F7200 X137.35 Y108.7
G1 F1500 E119.0319
;MESH:NONMESH
G0 F600 X137.35 Y108.7 Z13.4
G0 F7200 X136.085 Y109.375
G0 X130.404 Y108.261
G0 X121.62 Y108.259
G0 X115.081 Y109.375
G0 X114.025 Y109.375
;TIME_ELAPSED:1272.009159
;LAYER:66
;TYPE:WALL-OUTER
;MESH:output_v2\A_fina_conjunto.stl
G1 F1500 E125.5319
G1 F1800 X113.975 Y109.375 E125.53253
G1 X113.975 Y109.325 E125.53316
G1 X114.025 Y109.325 E125.53324
G1 X114.025 Y109.375 E125.53332
G0 F7200 X113.975 Y109.375
G0 X113.975 Y109.325
G0 X114.025 Y109.325
G0 X114.025 Y109.375
G1 F1500 E119.03332
G0 F7200 X114.025 Y109.36
G0 X114.011 Y111.46
G1 F1500 E125.53332
G0 F7200 X114.025 Y112.375
G1 F1800 X113.975 Y112.375 E125.53394
G1 X113.975 Y112.325 E125.53457
G1 X114.025 Y112.325 E125.53465
G1 X114.025 Y112.375 E125.53473
G0 F7200 X113.975 Y112.375
G0 X113.975 Y112.325
G0 X114.025 Y112.325
G0 X114.025 Y112.375
G1 F1500 E119.03473
G0 F7200 X114.025 Y112.36
G0 X114.011 Y114.46
G1 F1500 E125.53473
G0 F7200 X114.025 Y115.375
G1 F1800 X113.975 Y115.375 E125.53535
G1 X113.975 Y115.325 E125.53598
G1 X114.025 Y115.325 E125.53606
G1 X114.025 Y115.375 E125.53614
G0 F7200 X113.975 Y115.375
G0 X113.975 Y115.325
G0 X114.025 Y115.325
G0 X114.025 Y115.375
G1 F1500 E119.03614
G0 F7200 X114.025 Y115.36
G0 X114.011 Y117.46
G1 F1500 E125.53614
G0 F7200 X114.025 Y118.375
G1 F1800 X113.975 Y118.375 E125.53676
G1 X113.975 Y118.325 E125.53739
G1 X114.025 Y118.325 E125.53747
G1 X114.025 Y118.375 E125.53755
G0 F7200 X113.975 Y118.375
G0 X113.975 Y118.325
G0 X114.025 Y118.325
G0 X114.025 Y118.375
G1 F1500 E119.03755
G0 F7200 X114.025 Y118.36
G0 X110.283 Y119.412
G0 X109.318 Y119.829
G1 F1500 E125.53755
G0 F7200 X109.419 Y119.9
G1 F1800 X109.02 Y119.9 E125.54255
G1 X109.02 Y119.4 E125.54882
G1 X109.418 Y119.4 E125.55381
G1 X109.419 Y119.9 E125.56006
G0 F7200 X109.219 Y119.9
G0 X109.219 Y119.8
G1 F1500 E119.06006
G0 F7200 X107.03 Y119.886
G1 F1500 E125.56006
G0 F7200 X107.05 Y120.7
G1 F1800 X106.25 Y120.7 E125.57009
G1 X106.25 Y108.3 E125.72559
G1 X107.05 Y108.3 E125.73562
G1 X107.05 Y120.7 E125.89112
G0 F7200 X106.85 Y120.7
G0 X106.65 Y120.226
;TYPE:SKIN
G1 F1800 X106.65 Y119.943 E125.89487
G1 X106.65 Y108.912 E126.04066
G1 X106.826 Y108.523 E126.0463
G0 F7200 X106.797 Y108.494
G0 X106.445 Y120.304
G1 F1800 X106.644 Y120.503 E126.04806
G0 F7200 X106.65 Y120.3
G1 F1500 E119.54806
G0 F7200 X107.03 Y118.36
G0 X113.116 Y118.737
G0 X114.702 Y119.228
G0 X121.11 Y118.36
G1 F1500 E126.04806
G0 F7200 X122.025 Y118.375
;TYPE:WALL-OUTER
G1 F1800 X121.975 Y118.375 E126.04869
G1 X121.975 Y118.325 E126.04932
G1 X122.025 Y118.325 E126.0494
G1 X122.025 Y118.375 E126.04947
G0 F7200 X121.975 Y118.375
G0 X121.975 Y118.325
G0 X122.025 Y118.325
G0 X122.025 Y118.375
G1 F1500 E119.54947
G0 F7200 X122.025 Y118.36
G0 X122.011 Y116.24
G1 F1500 E126.04947
G0 F7200 X122.025 Y115.375
G1 F1800 X121.975 Y115.375 E126.0501
G1 X121.975 Y115.325 E126.05073
G1 X122.025 Y115.325 E126.05081
G1 X122.025 Y115.375 E126.05089
G0 F7200 X121.975 Y115.375
G0 X121.975 Y115.325
G0 X122.025 Y115.325
G0 X122.025 Y115.375
G1 F1500 E119.55089
G0 F7200 X122.025 Y115.36
G0 X122.011 Y113.24
G1 F1500 E126.05089
G0 F7200 X122.025 Y112.375
G1 F1800 X121.975 Y112.375 E126.05151
G1 X121.975 Y112.325 E126.05214
G1 X122.025 Y112.325 E126.05222
G1 X122.025 Y112.375 E126.0523
G0 F7200 X121.975 Y112.375
G0 X121.975 Y112.325
G0 X122.025 Y112.325
G0 X122.025 Y112.375
G1 F1500 E119.5523
G0 F7200 X122.025 Y112.36
G0 X122.011 Y110.24
G1 F1500 E126.0523
G0 F7200 X122.025 Y109.375
G1 F1800 X121.975 Y109.375 E126.05292
G1 X121.975 Y109.325 E126.05355
G1 X122.025 Y109.325 E126.05363
G1 X122.025 Y109.375 E126.05371
G0 F7200 X121.975 Y109.375
G0 X121.975 Y109.325
G0 X122.025 Y109.325
G0 X122.025 Y109.375
G1 F1500 E119.55371
G0 F7200 X122.025 Y109.36
G0 X129.11 Y109.36
G1 F1500 E126.05371
G0 F7200 X130.025 Y109.375
G1 F1800 X129.975 Y109.375 E126.05433
G1 X129.975 Y109.325 E126.05496
G1 X130.025 Y109.325 E126.05504
G1 X130.025 Y109.375 E126.05512
G0 F7200 X129.975 Y109.375
G0 X129.975 Y109.325
G0 X130.025 Y109.325
G0 X130.025 Y109.375
G1 F1500 E119.55512
G0 F7200 X130.025 Y109.36
G0 X130.011 Y111.46
G1 F1500 E126.05512
G0 F7200 X130.025 Y112.375
G1 F1800 X129.975 Y112.375 E126.05574
G1 X129.975 Y112.325 E126.05637
G1 X130.025 Y112.325 E126.05645
G1 X130.025 Y112.375 E126.05653
G0 F7200 X129.975 Y112.375
G0 X129.975 Y112.325
G0 X130.025 Y112.325
G0 X130.025 Y112.375
G1 F1500 E119.55653
G0 F7200 X130.025 Y112.36
G0 X130.011 Y114.46
G1 F1500 E126.05653
G0 F7200 X130.025 Y115.375
G1 F1800 X129.975 Y115.375 E126.05716
G1 X129.975 Y115.325 E126.05778
G1 X130.025 Y115.325 E126.05786
G1 X130.025 Y115.375 E126.05794
G0 F7200 X129.975 Y115.375
G0 X129.975 Y115.325
G0 X130.025 Y115.325
G0 X130.025 Y115.375
G1 F1500 E119.55794
G0 F7200 X130.025 Y115.36
G0 X130.011 Y117.46
G1 F1500 E126.05794
G0 F7200 X130.025 Y118.375
G1 F1800 X129.975 Y118.375 E126.05857
G1 X129.975 Y118.325 E126.05919
G1 X130.025 Y118.325 E126.05927
G1 X130.025 Y118.375 E126.05935
G0 F7200 X129.975 Y118.375
G0 X129.975 Y118.325
G0 X130.025 Y118.325
G0 X130.025 Y118.375
G1 F1500 E119.55935
G0 F7200 X130.025 Y118.36
G0 X136.085 Y118.361
G0 X137.65 Y120.63
G1 F1500 E126.05935
G0 F7200 X137.75 Y120.7
G1 F1800 X136.95 Y120.7 E126.06938
G1 X136.95 Y108.3 E126.22488
G1 X137.75 Y108.3 E126.23492
G1 X137.75 Y120.7 E126.39042
G0 F7200 X137.55 Y120.7
G0 X137.309 Y120.338
;TYPE:SKIN
G1 F1800 X137.349 Y120.095 E126.39368
G1 X137.349 Y108.781 E126.54375
G1 X137.449 Y108.599 E126.5465
G0 F7200 X137.344 Y108.494
G0 X137.144 Y120.456
G1 F1800 X137.192 Y120.504 E126.54693
G0 F7200 X137.35 Y120.3
G1 F1500 E120.04693
;MESH:NONMESH
G0 F600 X137.35 Y120.3 Z13.6
G0 F7200 X136.97 Y109.36
G0 X130.878 Y110.228
G0 X121.122 Y110.228
G0 X114.89 Y109.36
G1 F1500 E126.54693
G0 F7200 X114.025 Y109.375
;TIME_ELAPSED:1285.066821
;LAYER:67
;TYPE:WALL-OUTER
;MESH:output_v2\A_fina_conjunto.stl
G1 F1800 X113.975 Y109.375 E126.54755
G1 X113.975 Y109.325 E126.54818
G1 X114.025 Y109.325 E126.54826
G1 X114.025 Y109.375 E126.54834
G0 F7200 X113.975 Y109.375
G0 X113.975 Y109.325
G0 X114.025 Y109.325
G0 X114.025 Y109.375
G1 F1500 E120.04834
G0 F7200 X114.025 Y109.36
G0 X114.011 Y111.46
G1 F1500 E126.54834
G0 F7200 X114.025 Y112.375
G1 F1800 X113.975 Y112.375 E126.54896
G1 X113.975 Y112.325 E126.54959
G1 X114.025 Y112.325 E126.54967
G1 X114.025 Y112.375 E126.54975
G0 F7200 X113.975 Y112.375
G0 X113.975 Y112.325
G0 X114.025 Y112.325
G0 X114.025 Y112.375
G1 F1500 E120.04975
G0 F7200 X114.025 Y112.36
G0 X114.011 Y114.46
G1 F1500 E126.54975
G0 F7200 X114.025 Y115.375
G1 F1800 X113.975 Y115.375 E126.55037
G1 X113.975 Y115.325 E126.551
G1 X114.025 Y115.325 E126.55108
G1 X114.025 Y115.375 E126.55116
G0 F7200 X113.975 Y115.375
G0 X113.975 Y115.325
G0 X114.025 Y115.325
G0 X114.025 Y115.375
G1 F1500 E120.05116
G0 F7200 X114.025 Y115.36
G0 X114.011 Y117.46
G1 F1500 E126.55116
G0 F7200 X114.025 Y118.375
G1 F1800 X113.975 Y118.375 E126.55179
G1 X113.975 Y118.325 E126.55241
G1 X114.025 Y118.325 E126.55249
G1 X114.025 Y118.375 E126.55257
G0 F7200 X113.975 Y118.375
G0 X113.975 Y118.325
G0 X114.025 Y118.325
G0 X114.025 Y118.375
G1 F1500 E120.05257
G0 F7200 X114.025 Y118.36
G0 X110.282 Y119.412
G0 X109.317 Y119.829
G1 F1500 E126.55257
G0 F7200 X109.418 Y119.9
G1 F1800 X109.019 Y119.9 E126.55757
G1 X109.019 Y119.4 E126.56384
G1 X109.417 Y119.4 E126.56883
G1 X109.418 Y119.9 E126.57508
G0 F7200 X109.218 Y119.9
G0 X109.218 Y119.8
G1 F1500 E120.07508
G0 F7200 X107.03 Y119.886
G1 F1500 E126.57508
G0 F7200 X107.05 Y120.7
G1 F1800 X106.25 Y120.7 E126.58511
G1 X106.25 Y108.3 E126.74061
G1 X107.05 Y108.3 E126.75065
G1 X107.05 Y120.7 E126.90615
G0 F7200 X106.85 Y120.7
G0 X106.736 Y120.386
;TYPE:SKIN
G1 F1800 X106.649 Y120.189 E126.90898
G1 X106.649 Y108.876 E127.05786
G1 X106.597 Y108.646 E127.06097
G0 F7200 X106.65 Y108.7
G1 F1500 E120.56097
G0 F7200 X107.03 Y118.36
G0 X113.116 Y118.737
G0 X114.702 Y119.228
G0 X121.11 Y118.36
G1 F1500 E127.06097
G0 F7200 X122.025 Y118.375
;TYPE:WALL-OUTER
G1 F1800 X121.975 Y118.375 E127.06159
G1 X121.975 Y118.325 E127.06222
G1 X122.025 Y118.325 E127.0623
G1 X122.025 Y118.375 E127.06238
G0 F7200 X121.975 Y118.375
G0 X121.975 Y118.325
G0 X122.025 Y118.325
G0 X122.025 Y118.375
G1 F1500 E120.56238
G0 F7200 X122.025 Y118.36
G0 X122.011 Y116.24
G1 F1500 E127.06238
G0 F7200 X122.025 Y115.375
G1 F1800 X121.975 Y115.375 E127.063
G1 X121.975 Y115.325 E127.06363
G1 X122.025 Y115.325 E127.06371
G1 X122.025 Y115.375 E127.06379
G0 F7200 X121.975 Y115.375
G0 X121.975 Y115.325
G0 X122.025 Y115.325
G0 X122.025 Y115.375
G1 F1500 E120.56379
G0 F7200 X122.025 Y115.36
G0 X122.011 Y113.24
G1 F1500 E127.06379
G0 F7200 X122.025 Y112.375
G1 F1800 X121.975 Y112.375 E127.06441
G1 X121.975 Y112.325 E127.06504
G1 X122.025 Y112.325 E127.06512
G1 X122.025 Y112.375 E127.0652
G0 F7200 X121.975 Y112.375
G0 X121.975 Y112.325
G0 X122.025 Y112.325
G0 X122.025 Y112.375
G1 F1500 E120.5652
G0 F7200 X122.025 Y112.36
G0 X122.011 Y110.24
G1 F1500 E127.0652
G0 F7200 X122.025 Y109.375
G1 F1800 X121.975 Y109.375 E127.06583
G1 X121.975 Y109.325 E127.06645
G1 X122.025 Y109.325 E127.06653
G1 X122.025 Y109.375 E127.06661
G0 F7200 X121.975 Y109.375
G0 X121.975 Y109.325
G0 X122.025 Y109.325
G0 X122.025 Y109.375
G1 F1500 E120.56661
G0 F7200 X122.025 Y109.36
G0 X129.11 Y109.36
G1 F1500 E127.06661
G0 F7200 X130.025 Y109.375
G1 F1800 X129.975 Y109.375 E127.06724
G1 X129.975 Y109.325 E127.06786
G1 X130.025 Y109.325 E127.06794
G1 X130.025 Y109.375 E127.06802
G0 F7200 X129.975 Y109.375
G0 X129.975 Y109.325
G0 X130.025 Y109.325
G0 X130.025 Y109.375
G1 F1500 E120.56802
G0 F7200 X130.025 Y109.36
G0 X130.011 Y111.46
G1 F1500 E127.06802
G0 F7200 X130.025 Y112.375
G1 F1800 X129.975 Y112.375 E127.06865
G1 X129.975 Y112.325 E127.06927
G1 X130.025 Y112.325 E127.06935
G1 X130.025 Y112.375 E127.06943
G0 F7200 X129.975 Y112.375
G0 X129.975 Y112.325
G0 X130.025 Y112.325
G0 X130.025 Y112.375
G1 F1500 E120.56943
G0 F7200 X130.025 Y112.36
G0 X130.011 Y114.46
G1 F1500 E127.06943
G0 F7200 X130.025 Y115.375
G1 F1800 X129.975 Y115.375 E127.07006
G1 X129.975 Y115.325 E127.07068
G1 X130.025 Y115.325 E127.07076
G1 X130.025 Y115.375 E127.07084
G0 F7200 X129.975 Y115.375
G0 X129.975 Y115.325
G0 X130.025 Y115.325
G0 X130.025 Y115.375
G1 F1500 E120.57084
G0 F7200 X130.025 Y115.36
G0 X130.011 Y117.46
G1 F1500 E127.07084
G0 F7200 X130.025 Y118.375
G1 F1800 X129.975 Y118.375 E127.07147
G1 X129.975 Y118.325 E127.0721
G1 X130.025 Y118.325 E127.07217
G1 X130.025 Y118.375 E127.07225
G0 F7200 X129.975 Y118.375
G0 X129.975 Y118.325
G0 X130.025 Y118.325
G0 X130.025 Y118.375
G1 F1500 E120.57225
G0 F7200 X130.025 Y118.36
G0 X136.085 Y118.361
G0 X137.65 Y120.63
G1 F1500 E127.07225
G0 F7200 X137.75 Y120.7
G1 F1800 X136.95 Y120.7 E127.08228
G1 X136.95 Y108.3 E127.23779
G1 X137.75 Y108.3 E127.24782
G1 X137.75 Y120.7 E127.40332
G0 F7200 X137.55 Y120.7
G0 X137.5 Y120.451
;TYPE:SKIN
G1 F1800 X137.359 Y120.31 E127.40589
G1 X137.349 Y114.945 E127.47512
G1 X137.349 Y108.723 E127.55541
G1 X137.219 Y108.569 E127.55801
G0 F7200 X137.35 Y108.7
G1 F1500 E121.05801
;MESH:NONMESH
G0 F600 X137.35 Y108.7 Z13.8
G0 F7200 X136.085 Y109.36
G0 X130.878 Y110.228
G0 X121.122 Y110.228
G0 X114.89 Y109.36
G1 F1500 E127.55801
G0 F7200 X114.104 Y109.602
;TIME_ELAPSED:1297.537410
;LAYER:68
;TYPE:WALL-OUTER
;MESH:output_v2\A_fina_conjunto.stl
G1 F1800 X113.783 Y109.608 E127.56204
G1 X113.782 Y109.111 E127.56827
G1 X113.812 Y109.108 E127.56865
G1 X114.092 Y109.102 E127.57216
G1 X114.217 Y109.111 E127.57373
G1 X114.218 Y109.609 E127.57998
G1 X114.104 Y109.602 E127.58141
G0 F7200 X113.904 Y109.605
G0 X113.903 Y109.507
G1 F1500 E121.08141
G0 F7200 X113.904 Y109.505
G0 X114.092 Y112.121
G1 F1500 E127.58141
G0 F7200 X114.104 Y112.602
G1 F1800 X113.783 Y112.609 E127.58544
G1 X113.782 Y112.111 E127.59168
G1 X113.812 Y112.108 E127.59206
G1 X114.092 Y112.102 E127.59557
G1 X114.217 Y112.111 E127.59714
G1 X114.218 Y112.609 E127.60339
G1 X114.104 Y112.602 E127.60482
G0 F7200 X113.904 Y112.606
G0 X113.902 Y112.507
G1 F1500 E121.10482
G0 F7200 X113.903 Y112.506
G0 X114.092 Y115.121
G1 F1500 E127.60482
G0 F7200 X114.104 Y115.602
G1 F1800 X113.783 Y115.609 E127.60885
G1 X113.782 Y115.111 E127.61509
G1 X113.812 Y115.108 E127.61547
G1 X114.092 Y115.102 E127.61898
G1 X114.217 Y115.111 E127.62055
G1 X114.218 Y115.609 E127.6268
G1 X114.104 Y115.602 E127.62823
G0 F7200 X113.904 Y115.606
G0 X113.902 Y115.507
G1 F1500 E121.12823
G0 F7200 X113.903 Y115.506
G0 X114.092 Y118.121
G1 F1500 E127.62823
G0 F7200 X114.104 Y118.602
G1 F1800 X113.783 Y118.609 E127.63226
G1 X113.782 Y118.111 E127.6385
G1 X113.812 Y118.108 E127.63888
G1 X114.092 Y118.102 E127.64239
G1 X114.217 Y118.111 E127.64396
G1 X114.218 Y118.609 E127.65021
G1 X114.104 Y118.602 E127.65164
G0 F7200 X113.904 Y118.606
G0 X113.902 Y118.507
G1 F1500 E121.15164
G0 F7200 X113.903 Y118.506
G0 X110.281 Y119.412
G0 X109.316 Y119.829
G1 F1500 E127.65164
G0 F7200 X109.417 Y119.9
G1 F1800 X109.018 Y119.9 E127.65664
G1 X109.018 Y119.4 E127.66291
G1 X109.416 Y119.4 E127.66791
G1 X109.417 Y119.9 E127.67415
G0 F7200 X109.217 Y119.9
G0 X109.217 Y119.8
G1 F1500 E121.17415
G0 F7200 X107.03 Y119.886
G1 F1500 E127.67415
G0 F7200 X107.05 Y120.7
G1 F1800 X106.25 Y120.7 E127.68418
G1 X106.25 Y108.3 E127.83969
G1 X107.05 Y108.3 E127.84972
G1 X107.05 Y120.7 E128.00522
G0 F7200 X106.85 Y120.7
G0 X106.65 Y120.226
;TYPE:SKIN
G1 F1800 X106.65 Y119.943 E128.00896
G1 X106.65 Y108.912 E128.15475
G1 X106.826 Y108.523 E128.16039
G0 F7200 X106.797 Y108.494
G0 X106.445 Y120.304
G1 F1800 X106.644 Y120.503 E128.16216
G0 F7200 X106.65 Y120.3
G1 F1500 E121.66216
G0 F7200 X107.03 Y118.503
G0 X112.918 Y118.602
G0 X115.069 Y119.601
G0 X120.918 Y118.476
G0 X122.105 Y118.503
G1 F1500 E128.16216
G0 F7200 X122.104 Y118.602
;TYPE:WALL-OUTER
G1 F1800 X121.783 Y118.609 E128.16618
G1 X121.782 Y118.111 E128.17243
G1 X121.812 Y118.108 E128.17281
G1 X122.092 Y118.102 E128.17632
G1 X122.217 Y118.111 E128.17789
G1 X122.218 Y118.609 E128.18414
G1 X122.104 Y118.602 E128.18557
G0 F7200 X121.904 Y118.606
G0 X122.021 Y118.344
;TYPE:SKIN
G1 F1800 X121.975 Y118.298 E128.18598
G0 F7200 X121.817 Y118.298
G1 F1500 E121.68598
G0 F7200 X121.883 Y118.299
G0 X122.005 Y115.585
G1 F1500 E128.18598
G0 F7200 X121.896 Y115.602
;TYPE:WALL-OUTER
G1 F1800 X121.783 Y115.609 E128.1874
G1 X121.782 Y115.111 E128.19364
G1 X121.908 Y115.102 E128.19522
G1 X122.189 Y115.108 E128.19875
G1 X122.217 Y115.111 E128.1991
G1 X122.218 Y115.609 E128.20535
G1 X121.896 Y115.602 E128.20939
G0 F7200 X121.783 Y115.609
G0 X121.783 Y115.522
G0 X121.817 Y115.522
G1 F1500 E121.70939
G0 F7200 X121.882 Y115.502
G0 X122.205 Y112.589
G1 F1500 E128.20939
G0 F7200 X122.104 Y112.602
G1 F1800 X121.783 Y112.609 E128.21341
G1 X121.782 Y112.111 E128.21966
G1 X121.812 Y112.108 E128.22004
G1 X122.092 Y112.102 E128.22355
G1 X122.217 Y112.111 E128.22512
G1 X122.218 Y112.609 E128.23137
G1 X122.104 Y112.602 E128.2328
G0 F7200 X121.904 Y112.606
G0 X122.022 Y112.405
;TYPE:SKIN
G1 F1800 X121.976 Y112.359 E128.23321
G0 F7200 X121.817 Y112.359
G1 F1500 E121.73321
G0 F7200 X121.883 Y112.36
G0 X122.005 Y109.585
G1 F1500 E128.23321
G0 F7200 X121.896 Y109.602
;TYPE:WALL-OUTER
G1 F1800 X121.783 Y109.609 E128.23462
G1 X121.782 Y109.111 E128.24087
G1 X121.812 Y109.108 E128.24125
G1 X122.092 Y109.102 E128.24476
G1 X122.217 Y109.111 E128.24633
G1 X122.218 Y109.609 E128.25258
G1 X121.896 Y109.602 E128.25662
G0 F7200 X121.783 Y109.609
G0 X121.783 Y109.522
G0 X121.817 Y109.522
G1 F1500 E121.75662
G0 F7200 X121.882 Y109.502
G0 X123.082 Y109.516
G0 X128.918 Y109.505
G1 F1500 E128.25662
G0 F7200 X129.896 Y109.602
G1 F1800 X129.783 Y109.609 E128.25804
G1 X129.782 Y109.111 E128.26428
G1 X129.908 Y109.102 E128.26586
G1 X130.189 Y109.108 E128.26939
G1 X130.217 Y109.111 E128.26974
G1 X130.218 Y109.609 E128.27599
G1 X129.896 Y109.602 E128.28003
G0 F7200 X129.783 Y109.609
G0 X129.783 Y109.522
G0 X129.976 Y109.328
;TYPE:SKIN
G1 F1800 X130.022 Y109.374 E128.28043
G0 F7200 X130.183 Y109.374
G1 F1500 E121.78043
G0 F7200 X130.117 Y109.373
G0 X129.908 Y112.121
G1 F1500 E128.28043
G0 F7200 X129.896 Y112.602
;TYPE:WALL-OUTER
G1 F1800 X129.783 Y112.609 E128.28185
G1 X129.782 Y112.111 E128.2881
G1 X129.908 Y112.102 E128.28968
G1 X130.189 Y112.108 E128.29321
G1 X130.217 Y112.111 E128.29356
G1 X130.218 Y112.609 E128.29981
G1 X129.896 Y112.602 E128.30385
G0 F7200 X129.783 Y112.609
G0 X129.783 Y112.522
G0 X129.817 Y112.522
G1 F1500 E121.80385
G0 F7200 X129.882 Y112.502
G0 X129.908 Y115.121
G1 F1500 E128.30385
G0 F7200 X129.896 Y115.602
G1 F1800 X129.783 Y115.609 E128.30527
G1 X129.782 Y115.111 E128.31151
G1 X129.908 Y115.102 E128.31309
G1 X130.189 Y115.108 E128.31662
G1 X130.217 Y115.111 E128.31697
G1 X130.218 Y115.609 E128.32322
G1 X129.896 Y115.602 E128.32726
G0 F7200 X129.783 Y115.609
G0 X129.783 Y115.522
G0 X129.817 Y115.522
G1 F1500 E121.82726
G0 F7200 X129.882 Y115.502
G0 X130.092 Y118.121
G1 F1500 E128.32726
G0 F7200 X130.104 Y118.602
G1 F1800 X129.783 Y118.609 E128.33128
G1 X129.782 Y118.111 E128.33753
G1 X129.812 Y118.108 E128.33791
G1 X130.092 Y118.102 E128.34142
G1 X130.217 Y118.111 E128.34299
G1 X130.218 Y118.609 E128.34923
G1 X130.104 Y118.602 E128.35067
G0 F7200 X129.904 Y118.606
G0 X130.005 Y118.408
;TYPE:SKIN
G1 F1800 X129.976 Y118.38 E128.35092
G0 F7200 X129.817 Y118.38
G1 F1500 E121.85092
G0 F7200 X129.883 Y118.381
G0 X131.082 Y118.593
G0 X136.085 Y118.595
G0 X137.65 Y120.63
G1 F1500 E128.35092
G0 F7200 X137.75 Y120.7
;TYPE:WALL-OUTER
G1 F1800 X136.95 Y120.7 E128.36095
G1 X136.95 Y108.3 E128.51645
G1 X137.75 Y108.3 E128.52649
G1 X137.75 Y120.7 E128.68199
G0 F7200 X137.55 Y120.7
G0 X137.309 Y120.338
;TYPE:SKIN
G1 F1800 X137.349 Y120.095 E128.68525
G1 X137.349 Y108.781 E128.83532
G1 X137.449 Y108.599 E128.83807
G0 F7200 X137.344 Y108.494
G0 X137.144 Y120.456
G1 F1800 X137.192 Y120.504 E128.8385
G0 F7200 X137.35 Y120.3
G1 F1500 E122.3385
;MESH:NONMESH
G0 F600 X137.35 Y120.3 Z14
G0 F7200 X136.97 Y109.538
G0 X131.069 Y110.601
G0 X120.933 Y110.595
G0 X115.082 Y109.581
G0 X113.883 Y109.538
G1 F1500 E128.8385
G0 F7200 X113.675 Y109.62
;TIME_ELAPSED:1311.095199
;LAYER:69
;TYPE:WALL-OUTER
;MESH:output_v2\A_fina_conjunto.stl
G1 F1800 X113.565 Y109.637 E128.83989
G1 X113.564 Y109.142 E128.8461
G1 X113.731 Y109.116 E128.84822
G1 X113.812 Y109.108 E128.84924
G1 X114.092 Y109.102 E128.85275
G1 X114.188 Y109.108 E128.85396
G1 X114.269 Y109.116 E128.85498
G1 X114.435 Y109.142 E128.85709
G1 X114.436 Y109.637 E128.86329
G1 X114.325 Y109.62 E128.8647
G1 X114.216 Y109.609 E128.86607
G1 X114.104 Y109.602 E128.86748
G1 X113.788 Y109.608 E128.87145
G1 X113.675 Y109.62 E128.87287
G0 F7200 X113.565 Y109.637
G0 X113.565 Y109.548
G0 X113.81 Y109.352
;TYPE:SKIN
G1 F1800 X114.09 Y109.354 E128.87471
G0 F7200 X114.15 Y109.204
G1 F1500 E122.37471
G0 F7200 X114.15 Y109.206
G0 X113.813 Y112.127
G1 F1500 E128.87471
G0 F7200 X113.675 Y112.62
;TYPE:WALL-OUTER
G1 F1800 X113.565 Y112.637 E128.87611
G1 X113.564 Y112.142 E128.88232
G1 X113.731 Y112.116 E128.88444
G1 X113.812 Y112.108 E128.88546
G1 X114.092 Y112.102 E128.88897
G1 X114.188 Y112.108 E128.89018
G1 X114.269 Y112.116 E128.8912
G1 X114.435 Y112.142 E128.8933
G1 X114.436 Y112.637 E128.89951
G1 X114.325 Y112.62 E128.90092
G1 X114.216 Y112.609 E128.90229
G1 X114.104 Y112.602 E128.9037
G1 X113.788 Y112.608 E128.90766
G1 X113.675 Y112.62 E128.90909
G0 F7200 X113.565 Y112.637
G0 X113.565 Y112.548
G0 X113.918 Y112.355
;TYPE:SKIN
G1 F1800 X114.192 Y112.363 E128.91091
G0 F7200 X114.038 Y112.504
G1 F1500 E122.41091
G0 F7200 X114.039 Y112.503
G0 X113.813 Y115.127
G1 F1500 E128.91091
G0 F7200 X113.675 Y115.62
;TYPE:WALL-OUTER
G1 F1800 X113.565 Y115.637 E128.9123
G1 X113.564 Y115.142 E128.91851
G1 X113.731 Y115.116 E128.92063
G1 X113.812 Y115.108 E128.92165
G1 X114.092 Y115.102 E128.92516
G1 X114.188 Y115.108 E128.92637
G1 X114.269 Y115.116 E128.92739
G1 X114.435 Y115.142 E128.9295
G1 X114.436 Y115.637 E128.93571
G1 X114.325 Y115.62 E128.93711
G1 X114.216 Y115.609 E128.93849
G1 X114.104 Y115.602 E128.93989
G1 X113.788 Y115.608 E128.94386
G1 X113.675 Y115.62 E128.94528
G0 F7200 X113.565 Y115.637
G0 X113.565 Y115.548
G0 X113.778 Y115.323
;TYPE:SKIN
G1 F1800 X114.032 Y115.352 E128.94663
G0 F7200 X114.087 Y115.202
G1 F1500 E122.44663
G0 F7200 X114.086 Y115.203
G0 X113.813 Y118.127
G1 F1500 E128.94663
G0 F7200 X113.675 Y118.62
;TYPE:WALL-OUTER
G1 F1800 X113.565 Y118.637 E128.94803
G1 X113.564 Y118.142 E128.95424
G1 X113.731 Y118.116 E128.95636
G1 X113.812 Y118.108 E128.95738
G1 X114.092 Y118.102 E128.96089
G1 X114.188 Y118.108 E128.9621
G1 X114.269 Y118.116 E128.96312
G1 X114.435 Y118.142 E128.96522
G1 X114.436 Y118.637 E128.97143
G1 X114.325 Y118.62 E128.97284
G1 X114.216 Y118.609 E128.97421
G1 X114.104 Y118.602 E128.97562
G1 X113.788 Y118.608 E128.97958
G1 X113.675 Y118.62 E128.98101
G0 F7200 X113.565 Y118.637
G0 X113.565 Y118.548
G0 X113.857 Y118.356
;TYPE:SKIN
G1 F1800 X114.141 Y118.354 E128.98291
G0 F7200 X114.193 Y118.206
G1 F1500 E122.48291
G0 F7200 X114.193 Y118.209
G0 X112.7 Y118.624
G0 X110.28 Y119.412
G0 X109.315 Y119.829
G1 F1500 E128.98291
G0 F7200 X109.416 Y119.9
;TYPE:WALL-OUTER
G1 F1800 X109.017 Y119.9 E128.98791
G1 X109.017 Y119.4 E128.99418
G1 X109.415 Y119.4 E128.99917
G1 X109.416 Y119.9 E129.00542
G0 F7200 X109.216 Y119.9
G0 X109.216 Y119.8
G1 F1500 E122.50542
G0 F7200 X107.03 Y119.886
G1 F1500 E129.00542
G0 F7200 X107.05 Y120.7
G1 F1800 X106.25 Y120.7 E129.01545
G1 X106.25 Y108.3 E129.17095
G1 X107.05 Y108.3 E129.18099
G1 X107.05 Y120.7 E129.33649
G0 F7200 X106.85 Y120.7
G0 X106.736 Y120.386
;TYPE:SKIN
G1 F1800 X106.649 Y120.189 E129.33932
G1 X106.649 Y108.876 E129.4882
G1 X106.597 Y108.646 E129.49131
G0 F7200 X106.65 Y108.7
G1 F1500 E122.99131
G0 F7200 X107.03 Y118.522
G0 X113.761 Y117.245
G0 X120.7 Y118.495
G1 F1500 E129.49131
G0 F7200 X121.675 Y118.62
;TYPE:WALL-OUTER
G1 F1800 X121.565 Y118.637 E129.4927
G1 X121.564 Y118.142 E129.49891
G1 X121.731 Y118.116 E129.50103
G1 X121.812 Y118.108 E129.50205
G1 X122.092 Y118.102 E129.50556
G1 X122.188 Y118.108 E129.50677
G1 X122.269 Y118.116 E129.50779
G1 X122.435 Y118.142 E129.5099
G1 X122.436 Y118.637 E129.5161
G1 X122.325 Y118.62 E129.51751
G1 X122.216 Y118.609 E129.51889
G1 X122.104 Y118.602 E129.52029
G1 X121.788 Y118.608 E129.52426
G1 X121.675 Y118.62 E129.52568
G0 F7200 X121.565 Y118.637
G0 X121.565 Y118.548
G0 X121.794 Y118.338
;TYPE:SKIN
G1 F1800 X122.062 Y118.353 E129.52729
G0 F7200 X122.112 Y118.203
G1 F1500 E123.02729
G0 F7200 X121.577 Y115.622
G1 F1500 E129.52729
G0 F7200 X121.675 Y115.62
;TYPE:WALL-OUTER
G1 F1800 X121.565 Y115.637 E129.52869
G1 X121.564 Y115.142 E129.53489
G1 X121.731 Y115.116 E129.53701
G1 X121.812 Y115.108 E129.53803
G1 X121.908 Y115.102 E129.53924
G1 X122.189 Y115.108 E129.54276
G1 X122.269 Y115.116 E129.54377
G1 X122.435 Y115.142 E129.54588
G1 X122.436 Y115.637 E129.55209
G1 X122.325 Y115.62 E129.55349
G1 X122.212 Y115.608 E129.55492
G1 X121.896 Y115.602 E129.55888
G1 X121.784 Y115.609 E129.56029
G1 X121.675 Y115.62 E129.56166
G0 F7200 X121.565 Y115.637
G0 X121.565 Y115.548
G0 X121.951 Y115.352
;TYPE:SKIN
G1 F1800 X122.207 Y115.379 E129.56318
G0 F7200 X122.032 Y115.504
G1 F1500 E123.06318
G0 F7200 X121.577 Y112.622
G1 F1500 E129.56318
G0 F7200 X121.675 Y112.62
;TYPE:WALL-OUTER
G1 F1800 X121.565 Y112.637 E129.56458
G1 X121.564 Y112.142 E129.57079
G1 X121.731 Y112.116 E129.57291
G1 X121.812 Y112.108 E129.57393
G1 X122.092 Y112.102 E129.57744
G1 X122.188 Y112.108 E129.57865
G1 X122.269 Y112.116 E129.57967
G1 X122.435 Y112.142 E129.58177
G1 X122.436 Y112.637 E129.58798
G1 X122.325 Y112.62 E129.58939
G1 X122.216 Y112.609 E129.59076
G1 X122.104 Y112.602 E129.59217
G1 X121.788 Y112.608 E129.59613
G1 X121.675 Y112.62 E129.59756
G0 F7200 X121.565 Y112.637
G0 X121.565 Y112.548
G0 X121.836 Y112.356
;TYPE:SKIN
G1 F1800 X122.121 Y112.354 E129.5995
G0 F7200 X122.173 Y112.205
G1 F1500 E123.0995
G0 F7200 X122.18 Y112.208
G0 X121.577 Y109.622
G1 F1500 E129.5995
G0 F7200 X121.675 Y109.62
;TYPE:WALL-OUTER
G1 F1800 X121.565 Y109.637 E129.60089
G1 X121.564 Y109.142 E129.6071
G1 X121.731 Y109.116 E129.60922
G1 X121.812 Y109.108 E129.61024
G1 X122.092 Y109.102 E129.61375
G1 X122.188 Y109.108 E129.61496
G1 X122.269 Y109.116 E129.61598
G1 X122.435 Y109.142 E129.61809
G1 X122.436 Y109.637 E129.62429
G1 X122.325 Y109.62 E129.6257
G1 X122.212 Y109.608 E129.62713
G1 X121.896 Y109.602 E129.63109
G1 X121.784 Y109.609 E129.6325
G1 X121.675 Y109.62 E129.63387
G0 F7200 X121.565 Y109.637
G0 X121.565 Y109.548
G0 X121.956 Y109.408
;TYPE:SKIN
G1 F1800 X122.067 Y109.297 E129.63486
G0 F7200 X122.076 Y109.206
G1 F1500 E123.13486
G0 F7200 X123.3 Y109.534
G0 X128.7 Y109.524
G1 F1500 E129.63486
G0 F7200 X129.675 Y109.62
;TYPE:WALL-OUTER
G1 F1800 X129.565 Y109.637 E129.63625
G1 X129.564 Y109.142 E129.64246
G1 X129.731 Y109.116 E129.64458
G1 X129.812 Y109.108 E129.6456
G1 X129.908 Y109.102 E129.64681
G1 X130.189 Y109.108 E129.65033
G1 X130.269 Y109.116 E129.65134
G1 X130.435 Y109.142 E129.65345
G1 X130.436 Y109.637 E129.65965
G1 X130.325 Y109.62 E129.66106
G1 X130.212 Y109.608 E129.66249
G1 X129.896 Y109.602 E129.66645
G1 X129.784 Y109.609 E129.66786
G1 X129.675 Y109.62 E129.66923
G0 F7200 X129.565 Y109.637
G0 X129.565 Y109.548
G0 X129.931 Y109.352
;TYPE:SKIN
G1 F1800 X130.197 Y109.369 E129.67093
G0 F7200 X130.031 Y109.504
G1 F1500 E123.17093
G0 F7200 X129.813 Y112.127
G1 F1500 E129.67093
G0 F7200 X129.675 Y112.62
;TYPE:WALL-OUTER
G1 F1800 X129.565 Y112.637 E129.67233
G1 X129.564 Y112.142 E129.67854
G1 X129.731 Y112.116 E129.68066
G1 X129.812 Y112.108 E129.68168
G1 X129.908 Y112.102 E129.68288
G1 X130.189 Y112.108 E129.68641
G1 X130.269 Y112.116 E129.68742
G1 X130.435 Y112.142 E129.68952
G1 X130.436 Y112.637 E129.69573
G1 X130.325 Y112.62 E129.69714
G1 X130.212 Y112.608 E129.69856
G1 X129.896 Y112.602 E129.70253
G1 X129.784 Y112.609 E129.70393
G1 X129.675 Y112.62 E129.70531
G0 F7200 X129.565 Y112.637
G0 X129.565 Y112.548
G0 X129.784 Y112.328
;TYPE:SKIN
G1 F1800 X130.04 Y112.355 E129.70671
G0 F7200 X130.096 Y112.206
G1 F1500 E123.20671
G0 F7200 X129.813 Y115.127
G1 F1500 E129.70671
G0 F7200 X129.675 Y115.62
;TYPE:WALL-OUTER
G1 F1800 X129.565 Y115.637 E129.70811
G1 X129.564 Y115.142 E129.71431
G1 X129.731 Y115.116 E129.71643
G1 X129.812 Y115.108 E129.71745
G1 X129.908 Y115.102 E129.71866
G1 X130.189 Y115.108 E129.72218
G1 X130.269 Y115.116 E129.72319
G1 X130.435 Y115.142 E129.7253
G1 X130.436 Y115.637 E129.73151
G1 X130.325 Y115.62 E129.73291
G1 X130.212 Y115.608 E129.73434
G1 X129.896 Y115.602 E129.7383
G1 X129.784 Y115.609 E129.73971
G1 X129.675 Y115.62 E129.74108
G0 F7200 X129.565 Y115.637
G0 X129.565 Y115.548
G0 X129.869 Y115.354
;TYPE:SKIN
G1 F1800 X130.149 Y115.358 E129.74303
G0 F7200 X130.187 Y115.208
G1 F1500 E123.24303
G0 F7200 X129.813 Y118.127
G1 F1500 E129.74303
G0 F7200 X129.675 Y118.62
;TYPE:WALL-OUTER
G1 F1800 X129.565 Y118.637 E129.74442
G1 X129.564 Y118.142 E129.75063
G1 X129.731 Y118.116 E129.75275
G1 X129.812 Y118.108 E129.75377
G1 X130.092 Y118.102 E129.75728
G1 X130.188 Y118.108 E129.75849
G1 X130.269 Y118.116 E129.75951
G1 X130.435 Y118.142 E129.76162
G1 X130.436 Y118.637 E129.76783
G1 X130.325 Y118.62 E129.76923
G1 X130.216 Y118.609 E129.77061
G1 X130.104 Y118.602 E129.77201
G1 X129.788 Y118.608 E129.77598
G1 X129.675 Y118.62 E129.7774
G0 F7200 X129.565 Y118.637
G0 X129.565 Y118.548
G0 X129.981 Y118.353
;TYPE:SKIN
G1 F1800 X130.222 Y118.395 E129.7787
G0 F7200 X130.033 Y118.203
G1 F1500 E123.2787
G0 F7200 X130.032 Y118.204
G0 X131.3 Y118.62
G0 X136.085 Y118.622
G0 X137.65 Y120.63
G1 F1500 E129.7787
G0 F7200 X137.75 Y120.7
;TYPE:WALL-OUTER
G1 F1800 X136.95 Y120.7 E129.78874
G1 X136.95 Y108.3 E129.94424
G1 X137.75 Y108.3 E129.95427
G1 X137.75 Y120.7 E130.10977
G0 F7200 X137.55 Y120.7
G0 X137.5 Y120.451
;TYPE:SKIN
G1 F1800 X137.359 Y120.31 E130.11234
G1 X137.349 Y114.945 E130.18157
G1 X137.349 Y108.723 E130.26186
G1 X137.219 Y108.569 E130.26446
G0 F7200 X137.35 Y108.7
G1 F1500 E123.76446
;MESH:NONMESH
G0 F600 X137.35 Y108.7 Z14.2
G0 F7200 X136.085 Y109.562
G0 X130.239 Y108.245
G0 X121.616 Y108.259
G0 X115.3 Y109.605
G0 X113.665 Y109.562
G1 F1500 E130.26446
G0 F7200 X113.459 Y109.653
;TIME_ELAPSED:1324.967151
;LAYER:70
;TYPE:WALL-OUTER
;MESH:output_v2\A_fina_conjunto.stl
G1 F1800 X113.355 Y109.681 E130.26581
G1 X113.354 Y109.195 E130.27191
G1 X113.537 Y109.146 E130.27428
G1 X113.731 Y109.116 E130.27675
G1 X113.812 Y109.108 E130.27777
G1 X114.091 Y109.102 E130.28127
G1 X114.224 Y109.111 E130.28294
G1 X114.369 Y109.13 E130.28477
G1 X114.455 Y109.144 E130.28586
G1 X114.645 Y109.195 E130.28833
G1 X114.646 Y109.681 E130.29443
G1 X114.541 Y109.653 E130.29579
G1 X114.324 Y109.619 E130.29854
G1 X114.104 Y109.602 E130.30131
G1 X113.788 Y109.608 E130.30527
G1 X113.675 Y109.62 E130.3067
G1 X113.459 Y109.653 E130.30944
G0 F7200 X113.355 Y109.681
G0 X113.355 Y109.588
G0 X113.623 Y109.38
;TYPE:SKIN
G1 F1800 X113.881 Y109.356 E130.31077
G1 X114.165 Y109.356 E130.31223
G0 F7200 X114.198 Y109.511
G1 F1500 E123.81223
G0 F7200 X114.198 Y109.509
G0 X113.733 Y112.135
G1 F1500 E130.31223
G0 F7200 X113.459 Y112.653
;TYPE:WALL-OUTER
G1 F1800 X113.355 Y112.681 E130.31358
G1 X113.354 Y112.195 E130.31968
G1 X113.537 Y112.146 E130.32206
G1 X113.731 Y112.116 E130.32452
G1 X113.812 Y112.108 E130.32554
G1 X114.091 Y112.102 E130.32904
G1 X114.224 Y112.111 E130.33071
G1 X114.369 Y112.13 E130.33254
G1 X114.455 Y112.144 E130.33364
G1 X114.645 Y112.195 E130.3361
G1 X114.646 Y112.681 E130.3422
G1 X114.541 Y112.653 E130.34356
G1 X114.324 Y112.619 E130.34631
G1 X114.104 Y112.602 E130.34908
G1 X113.788 Y112.608 E130.35304
G1 X113.675 Y112.62 E130.35447
G1 X113.459 Y112.653 E130.35721
G0 F7200 X113.355 Y112.681
G0 X113.355 Y112.588
G0 X113.776 Y112.362
;TYPE:SKIN
G1 F1800 X114.05 Y112.353 E130.3586
G1 X114.355 Y112.375 E130.36016
G0 F7200 X114.365 Y112.534
G1 F1500 E123.86016
G0 F7200 X114.367 Y112.525
G0 X113.733 Y115.135
G1 F1500 E130.36016
G0 F7200 X113.459 Y115.653
;TYPE:WALL-OUTER
G1 F1800 X113.355 Y115.681 E130.36151
G1 X113.354 Y115.195 E130.3676
G1 X113.537 Y115.146 E130.36998
G1 X113.731 Y115.116 E130.37244
G1 X113.812 Y115.108 E130.37346
G1 X114.091 Y115.102 E130.37696
G1 X114.224 Y115.111 E130.37863
G1 X114.369 Y115.13 E130.38047
G1 X114.455 Y115.144 E130.38156
G1 X114.645 Y115.195 E130.38403
G1 X114.646 Y115.681 E130.39012
G1 X114.541 Y115.653 E130.39149
G1 X114.324 Y115.619 E130.39424
G1 X114.104 Y115.602 E130.39701
G1 X113.788 Y115.608 E130.40097
G1 X113.675 Y115.62 E130.4024
G1 X113.459 Y115.653 E130.40514
G0 F7200 X113.355 Y115.681
G0 X113.355 Y115.588
G0 X113.675 Y115.372
;TYPE:SKIN
G1 F1800 X113.939 Y115.353 E130.40649
G1 X114.229 Y115.36 E130.40798
G0 F7200 X114.262 Y115.519
G1 F1500 E123.90798
G0 F7200 X114.262 Y115.514
G0 X113.733 Y118.135
G1 F1500 E130.40798
G0 F7200 X113.459 Y118.653
;TYPE:WALL-OUTER
G1 F1800 X113.355 Y118.681 E130.40933
G1 X113.354 Y118.195 E130.41543
G1 X113.537 Y118.146 E130.4178
G1 X113.731 Y118.116 E130.42026
G1 X113.812 Y118.108 E130.42129
G1 X114.091 Y118.102 E130.42478
G1 X114.224 Y118.111 E130.42646
G1 X114.369 Y118.13 E130.42829
G1 X114.455 Y118.144 E130.42938
G1 X114.645 Y118.195 E130.43185
G1 X114.646 Y118.681 E130.43794
G1 X114.541 Y118.653 E130.43931
G1 X114.324 Y118.619 E130.44206
G1 X114.104 Y118.602 E130.44483
G1 X113.788 Y118.608 E130.44879
G1 X113.675 Y118.62 E130.45022
G1 X113.459 Y118.653 E130.45296
G0 F7200 X113.355 Y118.681
G0 X113.355 Y118.588
G0 X113.584 Y118.392
;TYPE:SKIN
G1 F1800 X113.832 Y118.357 E130.45398
G1 X114.407 Y118.367 E130.45632
G0 F7200 X114.26 Y118.212
G1 F1500 E123.95632
G0 F7200 X114.258 Y118.216
G0 X112.49 Y118.668
G0 X110.28 Y119.414
G0 X109.315 Y119.83
G1 F1500 E130.45632
G0 F7200 X109.415 Y119.9
;TYPE:WALL-OUTER
G1 F1800 X109.016 Y119.9 E130.46132
G1 X109.016 Y119.4 E130.46759
G1 X109.415 Y119.4 E130.4726
G1 X109.415 Y119.9 E130.47885
G0 F7200 X109.215 Y119.9
G0 X109.215 Y119.8
G1 F1500 E123.97885
G0 F7200 X107.03 Y119.886
G1 F1500 E130.47885
G0 F7200 X107.05 Y120.7
G1 F1800 X106.25 Y120.7 E130.48888
G1 X106.25 Y108.3 E130.64439
G1 X107.05 Y108.3 E130.65442
G1 X107.05 Y120.7 E130.80992
G0 F7200 X106.85 Y120.7
G0 X106.65 Y120.226
;TYPE:SKIN
G1 F1800 X106.65 Y119.943 E130.81366
G1 X106.65 Y108.912 E130.95945
G1 X106.826 Y108.523 E130.96509
G0 F7200 X106.797 Y108.494
G0 X106.445 Y120.304
G1 F1800 X106.644 Y120.503 E130.96686
G0 F7200 X106.65 Y120.3
G1 F1500 E124.46686
G0 F7200 X107.03 Y118.557
G0 X113.761 Y117.245
G0 X120.49 Y118.53
G1 F1500 E130.96686
G0 F7200 X121.459 Y118.653
;TYPE:WALL-OUTER
G1 F1800 X121.355 Y118.681 E130.96821
G1 X121.354 Y118.195 E130.9743
G1 X121.537 Y118.146 E130.97668
G1 X121.731 Y118.116 E130.97914
G1 X121.812 Y118.108 E130.98016
G1 X122.091 Y118.102 E130.98366
G1 X122.224 Y118.111 E130.98533
G1 X122.369 Y118.13 E130.98717
G1 X122.455 Y118.144 E130.98826
G1 X122.645 Y118.195 E130.99072
G1 X122.646 Y118.681 E130.99682
G1 X122.541 Y118.653 E130.99818
G1 X122.324 Y118.619 E131.00094
G1 X122.104 Y118.602 E131.0037
G1 X121.788 Y118.608 E131.00767
G1 X121.675 Y118.62 E131.00909
G1 X121.459 Y118.653 E131.01183
G0 F7200 X121.355 Y118.681
G0 X121.355 Y118.588
G0 X121.758 Y118.364
;TYPE:SKIN
G1 F1800 X122.029 Y118.352 E131.0132
G1 X122.332 Y118.372 E131.01474
G0 F7200 X122.373 Y118.536
G1 F1500 E124.51474
G0 F7200 X122.375 Y118.526
G0 X121.367 Y115.666
G1 F1500 E131.01474
G0 F7200 X121.458 Y115.653
;TYPE:WALL-OUTER
G1 F1800 X121.355 Y115.681 E131.01608
G1 X121.354 Y115.195 E131.02217
G1 X121.537 Y115.146 E131.02455
G1 X121.731 Y115.116 E131.02701
G1 X121.909 Y115.102 E131.02925
G1 X122.189 Y115.108 E131.03276
G1 X122.269 Y115.116 E131.03377
G1 X122.464 Y115.146 E131.03624
G1 X122.645 Y115.195 E131.03859
G1 X122.646 Y115.681 E131.04469
G1 X122.541 Y115.653 E131.04605
G1 X122.325 Y115.62 E131.04879
G1 X122.212 Y115.608 E131.05022
G1 X121.895 Y115.602 E131.05419
G1 X121.743 Y115.612 E131.0561
G1 X121.576 Y115.634 E131.05822
G1 X121.458 Y115.653 E131.05971
G0 F7200 X121.355 Y115.681
G0 X121.355 Y115.587
G0 X121.605 Y115.383
;TYPE:SKIN
G1 F1800 X121.861 Y115.356 E131.0607
G1 X122.426 Y115.355 E131.06287
G0 F7200 X122.263 Y115.209
G1 F1500 E124.56287
G0 F7200 X122.262 Y115.215
G0 X121.367 Y112.666
G1 F1500 E131.06287
G0 F7200 X121.459 Y112.653
;TYPE:WALL-OUTER
G1 F1800 X121.355 Y112.681 E131.06422
G1 X121.354 Y112.195 E131.07032
G1 X121.537 Y112.146 E131.07269
G1 X121.731 Y112.116 E131.07515
G1 X121.812 Y112.108 E131.07617
G1 X122.091 Y112.102 E131.07967
G1 X122.224 Y112.111 E131.08135
G1 X122.369 Y112.13 E131.08318
G1 X122.455 Y112.144 E131.08427
G1 X122.645 Y112.195 E131.08674
G1 X122.646 Y112.681 E131.09283
G1 X122.541 Y112.653 E131.0942
G1 X122.324 Y112.619 E131.09695
G1 X122.104 Y112.602 E131.09972
G1 X121.788 Y112.608 E131.10368
G1 X121.675 Y112.62 E131.10511
G1 X121.459 Y112.653 E131.10785
G0 F7200 X121.355 Y112.681
G0 X121.355 Y112.588
G0 X121.703 Y112.369
;TYPE:SKIN
G1 F1800 X121.97 Y112.354 E131.10921
G1 X122.263 Y112.364 E131.11071
G0 F7200 X122.296 Y112.524
G1 F1500 E124.61071
G0 F7200 X122.296 Y112.517
G0 X121.367 Y109.666
G1 F1500 E131.11071
G0 F7200 X121.459 Y109.653
;TYPE:WALL-OUTER
G1 F1800 X121.355 Y109.681 E131.11206
G1 X121.354 Y109.195 E131.11815
G1 X121.537 Y109.146 E131.12053
G1 X121.731 Y109.116 E131.12299
G1 X121.812 Y109.108 E131.12401
G1 X122.091 Y109.102 E131.12751
G1 X122.224 Y109.111 E131.12918
G1 X122.369 Y109.13 E131.13102
G1 X122.455 Y109.144 E131.13211
G1 X122.645 Y109.195 E131.13458
G1 X122.646 Y109.681 E131.14067
G1 X122.541 Y109.653 E131.14203
G1 X122.325 Y109.62 E131.14477
G1 X122.212 Y109.608 E131.1462
G1 X121.895 Y109.602 E131.15017
G1 X121.745 Y109.612 E131.15206
G1 X121.674 Y109.62 E131.15296
G1 X121.459 Y109.653 E131.15568
G0 F7200 X121.355 Y109.681
G0 X121.355 Y109.588
G0 X121.572 Y109.409
;TYPE:SKIN
G1 F1800 X121.804 Y109.359 E131.15665
G1 X122.39 Y109.379 E131.15904
G0 F7200 X122.269 Y109.21
G1 F1500 E124.65904
G0 F7200 X122.266 Y109.217
G0 X123.51 Y109.569
G0 X128.49 Y109.56
G1 F1500 E131.15904
G0 F7200 X129.459 Y109.653
;TYPE:WALL-OUTER
G1 F1800 X129.355 Y109.681 E131.16039
G1 X129.354 Y109.195 E131.16649
G1 X129.537 Y109.146 E131.16886
G1 X129.731 Y109.116 E131.17132
G1 X129.909 Y109.102 E131.17356
G1 X130.189 Y109.108 E131.17707
G1 X130.269 Y109.116 E131.17808
G1 X130.464 Y109.146 E131.18056
G1 X130.645 Y109.195 E131.18291
G1 X130.646 Y109.681 E131.189
G1 X130.541 Y109.653 E131.19037
G1 X130.325 Y109.62 E131.19311
G1 X130.212 Y109.608 E131.19453
G1 X129.895 Y109.602 E131.19851
G1 X129.745 Y109.612 E131.20039
G1 X129.674 Y109.62 E131.20129
G1 X129.459 Y109.653 E131.20402
G0 F7200 X129.355 Y109.681
G0 X129.355 Y109.588
G0 X129.731 Y109.367
;TYPE:SKIN
G1 F1800 X130.001 Y109.353 E131.20542
G1 X130.298 Y109.368 E131.20696
G0 F7200 X130.342 Y109.531
G1 F1500 E124.70696
G0 F7200 X130.337 Y109.521
G0 X129.733 Y112.135
G1 F1500 E131.20696
G0 F7200 X129.458 Y112.653
;TYPE:WALL-OUTER
G1 F1800 X129.355 Y112.681 E131.2083
G1 X129.354 Y112.195 E131.21439
G1 X129.537 Y112.146 E131.21677
G1 X129.731 Y112.116 E131.21923
G1 X129.909 Y112.102 E131.22147
G1 X130.189 Y112.108 E131.22498
G1 X130.269 Y112.116 E131.22599
G1 X130.464 Y112.146 E131.22846
G1 X130.645 Y112.195 E131.23081
G1 X130.646 Y112.681 E131.23691
G1 X130.541 Y112.653 E131.23827
G1 X130.325 Y112.62 E131.24101
G1 X130.212 Y112.608 E131.24244
G1 X129.895 Y112.602 E131.24641
G1 X129.743 Y112.612 E131.24832
G1 X129.576 Y112.634 E131.25043
G1 X129.458 Y112.653 E131.25193
G0 F7200 X129.355 Y112.681
G0 X129.355 Y112.587
G0 X129.632 Y112.379
;TYPE:SKIN
G1 F1800 X129.891 Y112.355 E131.25324
G1 X130.176 Y112.357 E131.25468
G0 F7200 X130.205 Y112.513
G1 F1500 E124.75468
G0 F7200 X130.205 Y112.508
G0 X129.733 Y115.135
G1 F1500 E131.25468
G0 F7200 X129.458 Y115.653
;TYPE:WALL-OUTER
G1 F1800 X129.355 Y115.681 E131.25601
G1 X129.354 Y115.195 E131.26211
G1 X129.537 Y115.146 E131.26449
G1 X129.731 Y115.116 E131.26695
G1 X129.909 Y115.102 E131.26919
G1 X130.189 Y115.108 E131.2727
G1 X130.269 Y115.116 E131.27371
G1 X130.464 Y115.146 E131.27618
G1 X130.645 Y115.195 E131.27853
G1 X130.646 Y115.681 E131.28463
G1 X130.541 Y115.653 E131.28599
G1 X130.325 Y115.62 E131.28873
G1 X130.212 Y115.608 E131.29015
G1 X129.895 Y115.602 E131.29413
G1 X129.743 Y115.612 E131.29604
G1 X129.576 Y115.634 E131.29815
G1 X129.458 Y115.653 E131.29965
G0 F7200 X129.355 Y115.681
G0 X129.355 Y115.587
G0 X129.563 Y115.421
;TYPE:SKIN
G1 F1800 X129.786 Y115.361 E131.30055
G1 X130.369 Y115.378 E131.30283
G0 F7200 X130.378 Y115.537
G1 F1500 E124.80283
G0 F7200 X130.381 Y115.528
G0 X129.733 Y118.135
G1 F1500 E131.30283
G0 F7200 X129.459 Y118.653
;TYPE:WALL-OUTER
G1 F1800 X129.355 Y118.681 E131.30418
G1 X129.354 Y118.195 E131.31028
G1 X129.537 Y118.146 E131.31265
G1 X129.731 Y118.116 E131.31512
G1 X129.812 Y118.108 E131.31614
G1 X130.091 Y118.102 E131.31964
G1 X130.224 Y118.111 E131.32131
G1 X130.369 Y118.13 E131.32314
G1 X130.455 Y118.144 E131.32423
G1 X130.645 Y118.195 E131.3267
G1 X130.646 Y118.681 E131.3328
G1 X130.541 Y118.653 E131.33416
G1 X130.324 Y118.619 E131.33691
G1 X130.104 Y118.602 E131.33968
G1 X129.788 Y118.608 E131.34364
G1 X129.675 Y118.62 E131.34507
G1 X129.459 Y118.653 E131.34781
G0 F7200 X129.355 Y118.681
G0 X129.355 Y118.588
G0 X129.685 Y118.371
;TYPE:SKIN
G1 F1800 X129.951 Y118.354 E131.34917
G1 X130.242 Y118.362 E131.35066
G0 F7200 X130.274 Y118.521
G1 F1500 E124.85066
G0 F7200 X130.274 Y118.515
G0 X131.51 Y118.664
G0 X136.085 Y118.666
G0 X137.65 Y120.63
G1 F1500 E131.35066
G0 F7200 X137.75 Y120.7
;TYPE:WALL-OUTER
G1 F1800 X136.95 Y120.7 E131.36069
G1 X136.95 Y108.3 E131.51619
G1 X137.75 Y108.3 E131.52622
G1 X137.75 Y120.7 E131.68172
G0 F7200 X137.55 Y120.7
G0 X137.309 Y120.338
;TYPE:SKIN
G1 F1800 X137.349 Y120.095 E131.68499
G1 X137.349 Y108.781 E131.83505
G1 X137.449 Y108.599 E131.83781
G0 F7200 X137.344 Y108.494
G0 X137.144 Y120.456
G1 F1800 X137.192 Y120.504 E131.83823
G0 F7200 X137.35 Y120.3
G1 F1500 E125.33823
;MESH:NONMESH
G0 F600 X137.35 Y120.3 Z14.4
G0 F7200 X136.97 Y109.557
G0 X130.239 Y108.245
G0 X121.616 Y108.259
G0 X115.51 Y109.6
G0 X113.455 Y109.557
G1 F1500 E131.83823
G0 F7200 X113.459 Y109.653
;TIME_ELAPSED:1339.639568
;LAYER:71
;TYPE:WALL-OUTER
;MESH:output_v2\A_fina_conjunto.stl
G1 F1800 X113.145 Y109.737 E131.84231
G1 X113.144 Y109.253 E131.84838
G1 X113.162 Y109.246 E131.84862
G1 X113.538 Y109.146 E131.8535
G1 X113.742 Y109.115 E131.85609
G1 X113.812 Y109.108 E131.85697
G1 X114.102 Y109.102 E131.86061
G1 X114.198 Y109.109 E131.86181
G1 X114.309 Y109.121 E131.86321
G1 X114.455 Y109.144 E131.86507
G1 X114.833 Y109.245 E131.86997
G1 X114.855 Y109.254 E131.87027
G1 X114.856 Y109.737 E131.87633
G1 X114.541 Y109.653 E131.87794
G1 X114.312 Y109.618 E131.88085
G1 X114.105 Y109.602 E131.88345
G1 X113.788 Y109.608 E131.88743
G1 X113.675 Y109.62 E131.88885
G1 X113.459 Y109.653 E131.89159
G0 F7200 X113.266 Y109.704
G0 X113.473 Y109.406
;TYPE:SKIN
G1 F1800 X113.803 Y109.358 E131.89294
G1 X114.586 Y109.424 E131.8961
G0 F7200 X114.652 Y109.27
G1 F1500 E125.3961
G0 F7200 X114.645 Y109.297
G0 X113.455 Y109.634
G0 X113.744 Y112.134
G1 F1500 E131.8961
G0 F7200 X113.458 Y112.653
;TYPE:WALL-OUTER
G1 F1800 X113.145 Y112.737 E131.90017
G1 X113.144 Y112.253 E131.90624
G1 X113.162 Y112.246 E131.90648
G1 X113.538 Y112.146 E131.91136
G1 X113.742 Y112.115 E131.91395
G1 X113.812 Y112.108 E131.91483
G1 X114.102 Y112.102 E131.91847
G1 X114.198 Y112.109 E131.91967
G1 X114.309 Y112.121 E131.92107
G1 X114.455 Y112.144 E131.92293
G1 X114.833 Y112.245 E131.92783
G1 X114.855 Y112.254 E131.92813
G1 X114.856 Y112.737 E131.93419
G1 X114.541 Y112.653 E131.9358
G1 X114.312 Y112.618 E131.93871
G1 X114.105 Y112.602 E131.94131
G1 X113.787 Y112.608 E131.9453
G1 X113.643 Y112.624 E131.94712
G1 X113.458 Y112.653 E131.94947
G0 F7200 X113.265 Y112.704
G0 X113.608 Y112.382
;TYPE:SKIN
G1 F1800 X113.918 Y112.355 E131.95087
G1 X114.444 Y112.394 E131.95325
G0 F7200 X114.48 Y112.239
G1 F1500 E125.45325
G0 F7200 X114.477 Y112.252
G0 X113.454 Y112.634
G0 X113.744 Y115.134
G1 F1500 E131.95325
G0 F7200 X113.458 Y115.653
;TYPE:WALL-OUTER
G1 F1800 X113.145 Y115.737 E131.95732
G1 X113.144 Y115.253 E131.96339
G1 X113.162 Y115.246 E131.96363
G1 X113.538 Y115.146 E131.96851
G1 X113.742 Y115.115 E131.9711
G1 X113.812 Y115.108 E131.97198
G1 X114.102 Y115.102 E131.97562
G1 X114.198 Y115.109 E131.97682
G1 X114.309 Y115.121 E131.97822
G1 X114.455 Y115.144 E131.98008
G1 X114.833 Y115.245 E131.98498
G1 X114.855 Y115.254 E131.98528
G1 X114.856 Y115.737 E131.99134
G1 X114.541 Y115.653 E131.99295
G1 X114.312 Y115.618 E131.99586
G1 X114.105 Y115.602 E131.99846
G1 X113.787 Y115.608 E132.00245
G1 X113.643 Y115.624 E132.00427
G1 X113.458 Y115.653 E132.00662
G0 F7200 X113.265 Y115.704
G0 X113.393 Y115.425
;TYPE:SKIN
G1 F1800 X113.738 Y115.363 E132.00803
G1 X114.537 Y115.412 E132.01125
G0 F7200 X114.569 Y115.253
G1 F1500 E125.51125
G0 F7200 X114.563 Y115.275
G0 X113.454 Y115.634
G0 X113.744 Y118.134
G1 F1500 E132.01125
G0 F7200 X113.458 Y118.653
;TYPE:WALL-OUTER
G1 F1800 X113.145 Y118.737 E132.01532
G1 X113.144 Y118.253 E132.02139
G1 X113.162 Y118.246 E132.02163
G1 X113.538 Y118.146 E132.02651
G1 X113.742 Y118.115 E132.0291
G1 X113.812 Y118.108 E132.02998
G1 X114.102 Y118.102 E132.03362
G1 X114.198 Y118.109 E132.03482
G1 X114.309 Y118.121 E132.03622
G1 X114.455 Y118.144 E132.03808
G1 X114.833 Y118.245 E132.04298
G1 X114.855 Y118.254 E132.04328
G1 X114.856 Y118.737 E132.04934
G1 X114.541 Y118.653 E132.05095
G1 X114.312 Y118.618 E132.05386
G1 X114.105 Y118.602 E132.05646
G1 X113.787 Y118.608 E132.06045
G1 X113.643 Y118.624 E132.06227
G1 X113.458 Y118.653 E132.06462
G0 F7200 X113.265 Y118.704
G0 X113.538 Y118.392
;TYPE:SKIN
G1 F1800 X113.857 Y118.356 E132.06591
G1 X114.628 Y118.433 E132.06904
G0 F7200 X114.48 Y118.239
G1 F1500 E125.56904
G0 F7200 X114.477 Y118.252
G0 X113.157 Y118.722
G0 X110.293 Y119.415
G0 X109.357 Y119.8
G1 F1500 E132.06904
G0 F7200 X109.427 Y119.9
;TYPE:WALL-OUTER
G1 F1800 X109.026 Y119.9 E132.07407
G1 X109.026 Y119.4 E132.08034
G1 X109.428 Y119.4 E132.08538
G1 X109.427 Y119.9 E132.09165
G0 F7200 X109.227 Y119.9
G0 X109.227 Y119.8
G1 F1500 E125.59165
G0 F7200 X107.03 Y119.886
G1 F1500 E132.09165
G0 F7200 X107.05 Y120.7
G1 F1800 X106.25 Y120.7 E132.10168
G1 X106.25 Y108.3 E132.25718
G1 X107.05 Y108.3 E132.26722
G1 X107.05 Y120.7 E132.42272
G0 F7200 X106.85 Y120.7
G0 X106.736 Y120.386
;TYPE:SKIN
G1 F1800 X106.649 Y120.189 E132.42555
G1 X106.649 Y108.876 E132.57443
G1 X106.597 Y108.646 E132.57754
G0 F7200 X106.65 Y108.7
G1 F1500 E126.07754
G0 F7200 X107.03 Y118.556
G0 X113.76 Y117.245
G0 X120.28 Y118.528
G0 X121.438 Y118.556
G1 F1500 E132.57754
G0 F7200 X121.458 Y118.653
;TYPE:WALL-OUTER
G1 F1800 X121.145 Y118.737 E132.5816
G1 X121.144 Y118.253 E132.58767
G1 X121.162 Y118.246 E132.58791
G1 X121.538 Y118.146 E132.59279
G1 X121.742 Y118.115 E132.59538
G1 X121.812 Y118.108 E132.59626
G1 X122.102 Y118.102 E132.5999
G1 X122.198 Y118.109 E132.6011
G1 X122.309 Y118.121 E132.6025
G1 X122.455 Y118.144 E132.60436
G1 X122.833 Y118.245 E132.60927
G1 X122.855 Y118.254 E132.60956
G1 X122.856 Y118.737 E132.61562
G1 X122.541 Y118.653 E132.61724
G1 X122.312 Y118.618 E132.62014
G1 X122.105 Y118.602 E132.62274
G1 X121.775 Y118.609 E132.62688
G1 X121.642 Y118.624 E132.62856
G1 X121.458 Y118.653 E132.6309
G0 F7200 X121.265 Y118.704
G0 X121.434 Y118.415
;TYPE:SKIN
G1 F1800 X121.771 Y118.36 E132.63227
G1 X122.563 Y118.418 E132.63545
G0 F7200 X122.595 Y118.256
G1 F1500 E126.13545
G0 F7200 X122.588 Y118.282
G0 X121.157 Y115.722
G1 F1500 E132.63545
G0 F7200 X121.458 Y115.653
;TYPE:WALL-OUTER
G1 F1800 X121.145 Y115.737 E132.63951
G1 X121.144 Y115.253 E132.64558
G1 X121.162 Y115.246 E132.64583
G1 X121.538 Y115.146 E132.6507
G1 X121.742 Y115.115 E132.65329
G1 X121.91 Y115.102 E132.65541
G1 X122.187 Y115.108 E132.65888
G1 X122.31 Y115.121 E132.66043
G1 X122.455 Y115.144 E132.66227
G1 X122.833 Y115.245 E132.66718
G1 X122.855 Y115.254 E132.66748
G1 X122.856 Y115.737 E132.67353
G1 X122.541 Y115.653 E132.67515
G1 X122.313 Y115.619 E132.67804
G1 X122.212 Y115.608 E132.67931
G1 X121.883 Y115.602 E132.68344
G1 X121.77 Y115.61 E132.68486
G1 X121.642 Y115.624 E132.68648
G1 X121.458 Y115.653 E132.68881
G0 F7200 X121.265 Y115.704
G0 X121.645 Y115.376
;TYPE:SKIN
G1 F1800 X121.951 Y115.352 E132.6902
G1 X122.469 Y115.4 E132.69255
G0 F7200 X122.503 Y115.243
G1 F1500 E126.19255
G0 F7200 X122.499 Y115.258
G0 X121.157 Y112.722
G1 F1500 E132.69255
G0 F7200 X121.458 Y112.653
;TYPE:WALL-OUTER
G1 F1800 X121.145 Y112.737 E132.69661
G1 X121.144 Y112.253 E132.70268
G1 X121.162 Y112.246 E132.70292
G1 X121.538 Y112.146 E132.7078
G1 X121.742 Y112.115 E132.71039
G1 X121.812 Y112.108 E132.71127
G1 X122.102 Y112.102 E132.71491
G1 X122.198 Y112.109 E132.71612
G1 X122.309 Y112.121 E132.71752
G1 X122.455 Y112.144 E132.71937
G1 X122.833 Y112.245 E132.72428
G1 X122.855 Y112.254 E132.72458
G1 X122.856 Y112.737 E132.73063
G1 X122.541 Y112.653 E132.73225
G1 X122.312 Y112.618 E132.73515
G1 X122.105 Y112.602 E132.73776
G1 X121.775 Y112.609 E132.7419
G1 X121.642 Y112.624 E132.74358
G1 X121.458 Y112.653 E132.74591
G0 F7200 X121.265 Y112.704
G0 X121.513 Y112.397
;TYPE:SKIN
G1 F1800 X121.835 Y112.357 E132.74723
G1 X122.612 Y112.429 E132.75039
G0 F7200 X122.677 Y112.276
G1 F1500 E126.25039
G0 F7200 X122.67 Y112.304
G0 X122.545 Y109.634
G0 X121.439 Y109.556
G1 F1500 E132.75039
G0 F7200 X121.459 Y109.653
;TYPE:WALL-OUTER
G1 F1800 X121.145 Y109.737 E132.75447
G1 X121.144 Y109.253 E132.76054
G1 X121.162 Y109.246 E132.76078
G1 X121.538 Y109.146 E132.76566
G1 X121.742 Y109.115 E132.76825
G1 X121.812 Y109.108 E132.76913
G1 X122.102 Y109.102 E132.77277
G1 X122.198 Y109.109 E132.77397
G1 X122.309 Y109.121 E132.77537
G1 X122.455 Y109.144 E132.77723
G1 X122.833 Y109.245 E132.78213
G1 X122.855 Y109.254 E132.78243
G1 X122.856 Y109.737 E132.78849
G1 X122.541 Y109.653 E132.7901
G1 X122.313 Y109.619 E132.793
G1 X122.212 Y109.608 E132.79427
G1 X121.883 Y109.602 E132.7984
G1 X121.771 Y109.61 E132.7998
G1 X121.674 Y109.62 E132.80103
G1 X121.459 Y109.653 E132.80375
G0 F7200 X121.266 Y109.704
G0 X121.379 Y109.419
;TYPE:SKIN
G1 F1800 X121.714 Y109.367 E132.80503
G1 X122.52 Y109.41 E132.80808
G0 F7200 X122.552 Y109.25
G1 F1500 E126.30808
G0 F7200 X122.546 Y109.271
G0 X123.72 Y109.568
G0 X128.28 Y109.558
G0 X129.439 Y109.556
G1 F1500 E132.80808
G0 F7200 X129.459 Y109.653
;TYPE:WALL-OUTER
G1 F1800 X129.145 Y109.737 E132.81215
G1 X129.144 Y109.253 E132.81822
G1 X129.162 Y109.246 E132.81846
G1 X129.538 Y109.146 E132.82334
G1 X129.742 Y109.115 E132.82593
G1 X129.91 Y109.102 E132.82804
G1 X130.187 Y109.108 E132.83152
G1 X130.31 Y109.121 E132.83307
G1 X130.455 Y109.144 E132.83491
G1 X130.833 Y109.245 E132.83982
G1 X130.855 Y109.254 E132.84011
G1 X130.856 Y109.737 E132.84617
G1 X130.541 Y109.653 E132.84779
G1 X130.313 Y109.619 E132.85068
G1 X130.212 Y109.608 E132.85195
G1 X129.883 Y109.602 E132.85608
G1 X129.771 Y109.61 E132.85749
G1 X129.674 Y109.62 E132.85871
G1 X129.459 Y109.653 E132.86144
G0 F7200 X129.266 Y109.704
G0 X129.62 Y109.38
;TYPE:SKIN
G1 F1800 X129.931 Y109.352 E132.86284
G1 X130.453 Y109.396 E132.86519
G0 F7200 X130.488 Y109.241
G1 F1500 E126.36519
G0 F7200 X130.484 Y109.254
G0 X129.455 Y109.634
G0 X129.744 Y112.134
G1 F1500 E132.86519
G0 F7200 X129.458 Y112.653
;TYPE:WALL-OUTER
G1 F1800 X129.145 Y112.737 E132.86926
G1 X129.144 Y112.253 E132.87533
G1 X129.162 Y112.246 E132.87557
G1 X129.538 Y112.146 E132.88045
G1 X129.742 Y112.115 E132.88304
G1 X129.91 Y112.102 E132.88515
G1 X130.187 Y112.108 E132.88862
G1 X130.31 Y112.121 E132.89017
G1 X130.455 Y112.144 E132.89202
G1 X130.833 Y112.245 E132.89692
G1 X130.855 Y112.254 E132.89722
G1 X130.856 Y112.737 E132.90328
G1 X130.541 Y112.653 E132.90489
G1 X130.313 Y112.619 E132.90778
G1 X130.212 Y112.608 E132.90906
G1 X129.883 Y112.602 E132.91318
G1 X129.77 Y112.61 E132.91461
G1 X129.642 Y112.624 E132.91622
G1 X129.458 Y112.653 E132.91856
G0 F7200 X129.265 Y112.704
G0 X129.406 Y112.422
;TYPE:SKIN
G1 F1800 X129.749 Y112.363 E132.91994
G1 X130.545 Y112.415 E132.92312
G0 F7200 X130.578 Y112.254
G1 F1500 E126.42312
G0 F7200 X130.572 Y112.278
G0 X129.454 Y112.634
G0 X129.744 Y115.134
G1 F1500 E132.92312
G0 F7200 X129.458 Y115.653
;TYPE:WALL-OUTER
G1 F1800 X129.145 Y115.737 E132.92718
G1 X129.144 Y115.253 E132.93325
G1 X129.162 Y115.246 E132.93349
G1 X129.538 Y115.146 E132.93837
G1 X129.742 Y115.115 E132.94096
G1 X129.91 Y115.102 E132.94307
G1 X130.187 Y115.108 E132.94655
G1 X130.31 Y115.121 E132.9481
G1 X130.455 Y115.144 E132.94994
G1 X130.833 Y115.245 E132.95485
G1 X130.855 Y115.254 E132.95515
G1 X130.856 Y115.737 E132.9612
G1 X130.541 Y115.653 E132.96282
G1 X130.313 Y115.619 E132.96571
G1 X130.212 Y115.608 E132.96698
G1 X129.883 Y115.602 E132.97111
G1 X129.77 Y115.61 E132.97253
G1 X129.642 Y115.624 E132.97415
G1 X129.458 Y115.653 E132.97648
G0 F7200 X129.265 Y115.704
G0 X129.55 Y115.391
;TYPE:SKIN
G1 F1800 X129.869 Y115.354 E132.97777
G1 X130.631 Y115.44 E132.98086
G0 F7200 X130.481 Y115.24
G1 F1500 E126.48086
G0 F7200 X130.478 Y115.252
G0 X129.454 Y115.634
G0 X129.744 Y118.134
G1 F1500 E132.98086
G0 F7200 X129.458 Y118.653
;TYPE:WALL-OUTER
G1 F1800 X129.145 Y118.737 E132.98492
G1 X129.144 Y118.253 E132.99099
G1 X129.162 Y118.246 E132.99123
G1 X129.538 Y118.146 E132.99611
G1 X129.742 Y118.115 E132.9987
G1 X129.812 Y118.108 E132.99958
G1 X130.102 Y118.102 E133.00322
G1 X130.198 Y118.109 E133.00443
G1 X130.309 Y118.121 E133.00583
G1 X130.455 Y118.144 E133.00768
G1 X130.833 Y118.245 E133.01259
G1 X130.855 Y118.254 E133.01289
G1 X130.856 Y118.737 E133.01894
G1 X130.541 Y118.653 E133.02056
G1 X130.312 Y118.618 E133.02346
G1 X130.105 Y118.602 E133.02607
G1 X129.787 Y118.608 E133.03006
G1 X129.643 Y118.624 E133.03187
G1 X129.458 Y118.653 E133.03422
G0 F7200 X129.265 Y118.704
G0 X129.359 Y118.41
;TYPE:SKIN
G1 F1800 X129.681 Y118.371 E133.03535
G1 X130.496 Y118.405 E133.03818
G0 F7200 X130.53 Y118.247
G1 F1500 E126.53818
G0 F7200 X130.525 Y118.265
G0 X131.72 Y118.721
G0 X136.085 Y118.722
G0 X137.65 Y120.63
G1 F1500 E133.03818
G0 F7200 X137.75 Y120.7
;TYPE:WALL-OUTER
G1 F1800 X136.95 Y120.7 E133.04821
G1 X136.95 Y108.3 E133.20371
G1 X137.75 Y108.3 E133.21374
G1 X137.75 Y120.7 E133.36924
G0 F7200 X137.55 Y120.7
G0 X137.5 Y120.451
;TYPE:SKIN
G1 F1800 X137.359 Y120.31 E133.37181
G1 X137.349 Y114.945 E133.44104
G1 X137.349 Y108.723 E133.52133
G1 X137.219 Y108.569 E133.52393
G0 F7200 X137.35 Y108.7
G1 F1500 E127.02393
;MESH:NONMESH
G0 F600 X137.35 Y108.7 Z14.6
G0 F7200 X136.97 Y109.659
G0 X130.419 Y108.263
G0 X121.63 Y108.258
G0 X115.72 Y109.721
G0 X114.316 Y109.579
G0 X113.245 Y109.659
G1 F1500 E133.52393
G0 F7200 X113.038 Y109.766
;TIME_ELAPSED:1354.706814
;LAYER:72
;TYPE:WALL-OUTER
;MESH:output_v2\A_fina_conjunto.stl
G1 F1800 X112.935 Y109.805 E133.52532
G1 X112.934 Y109.335 E133.53121
G1 X113.168 Y109.244 E133.53436
G1 X113.382 Y109.188 E133.53713
G1 X113.382 Y109.674 E133.54323
G1 X113.038 Y109.766 E133.54769
G0 F7200 X112.935 Y109.805
G0 X112.935 Y109.715
G0 X113.186 Y109.509
;TYPE:SKIN
G1 F1800 X113.14 Y109.463 E133.5481
G0 F7200 X113.127 Y109.328
G1 F1500 E127.0481
G0 F7200 X113.14 Y109.362
G0 X114.638 Y109.67
G1 F1500 E133.5481
G0 F7200 X114.962 Y109.766
;TYPE:WALL-OUTER
G1 F1800 X114.618 Y109.674 E133.55257
G1 X114.618 Y109.187 E133.55867
G1 X114.834 Y109.245 E133.56148
G1 X115.065 Y109.334 E133.56458
G1 X115.066 Y109.806 E133.5705
G1 X114.962 Y109.766 E133.5719
G0 F7200 X114.769 Y109.715
G0 X114.869 Y109.495
;TYPE:SKIN
G1 F1800 X114.824 Y109.45 E133.5723
G0 F7200 X114.837 Y109.319
G1 F1500 E127.0723
G0 F7200 X114.824 Y109.348
G0 X114.629 Y112.202
G1 F1500 E133.5723
G0 F7200 X114.962 Y112.765
;TYPE:WALL-OUTER
G1 F1800 X114.618 Y112.675 E133.57676
G1 X114.617 Y112.187 E133.58288
G1 X114.834 Y112.245 E133.58569
G1 X115.065 Y112.334 E133.5888
G1 X115.066 Y112.805 E133.5947
G1 X114.962 Y112.765 E133.5961
G0 F7200 X114.769 Y112.715
G0 X114.75 Y112.642
G1 F1500 E127.0961
G0 F7200 X114.76 Y112.61
G0 X113.368 Y112.661
G1 F1500 E133.5961
G0 F7200 X113.038 Y112.766
G1 F1800 X112.935 Y112.805 E133.59748
G1 X112.934 Y112.335 E133.60338
G1 X113.168 Y112.244 E133.60652
G1 X113.382 Y112.188 E133.6093
G1 X113.383 Y112.673 E133.61538
G1 X113.038 Y112.766 E133.61986
G0 F7200 X112.935 Y112.805
G0 X112.935 Y112.715
G0 X113.224 Y112.301
G1 F1500 E127.11986
G0 F7200 X113.23 Y112.331
G0 X113.37 Y115.203
G1 F1500 E133.61986
G0 F7200 X113.038 Y115.766
G1 F1800 X112.935 Y115.805 E133.62124
G1 X112.934 Y115.335 E133.62714
G1 X113.168 Y115.244 E133.63028
G1 X113.382 Y115.188 E133.63306
G1 X113.383 Y115.673 E133.63914
G1 X113.038 Y115.766 E133.64362
G0 F7200 X112.935 Y115.805
G0 X112.935 Y115.715
G0 X113.224 Y115.301
G1 F1500 E127.14362
G0 F7200 X113.23 Y115.331
G0 X114.618 Y115.659
G1 F1500 E133.64362
G0 F7200 X114.962 Y115.765
G1 F1800 X114.618 Y115.675 E133.64808
G1 X114.617 Y115.187 E133.6542
G1 X114.834 Y115.245 E133.65702
G1 X115.065 Y115.334 E133.66012
G1 X115.066 Y115.805 E133.66603
G1 X114.962 Y115.765 E133.66743
G0 F7200 X114.769 Y115.715
G0 X114.75 Y115.642
G1 F1500 E127.16743
G0 F7200 X114.76 Y115.61
G0 X114.629 Y118.202
G1 F1500 E133.66743
G0 F7200 X114.962 Y118.765
G1 F1800 X114.618 Y118.675 E133.67188
G1 X114.617 Y118.187 E133.678
G1 X114.834 Y118.245 E133.68082
G1 X115.065 Y118.334 E133.68393
G1 X115.066 Y118.805 E133.68983
G1 X114.962 Y118.765 E133.69123
G0 F7200 X114.769 Y118.715
G0 X114.86 Y118.537
;TYPE:SKIN
G1 F1800 X114.812 Y118.489 E133.69166
G0 F7200 X114.665 Y118.489
G1 F1500 E127.19166
G0 F7200 X114.718 Y118.49
G0 X113.368 Y118.661
G1 F1500 E133.69166
G0 F7200 X113.038 Y118.766
;TYPE:WALL-OUTER
G1 F1800 X112.935 Y118.805 E133.69304
G1 X112.934 Y118.335 E133.69893
G1 X113.168 Y118.244 E133.70208
G1 X113.382 Y118.188 E133.70485
G1 X113.383 Y118.673 E133.71094
G1 X113.038 Y118.766 E133.71542
G0 F7200 X112.935 Y118.805
G0 X112.935 Y118.715
G0 X113.224 Y118.301
G1 F1500 E127.21542
G0 F7200 X113.23 Y118.331
G0 X112.07 Y118.79
G0 X110.307 Y119.415
G0 X109.371 Y119.8
G1 F1500 E133.71542
G0 F7200 X109.441 Y119.9
G1 F1800 X109.038 Y119.9 E133.72047
G1 X109.038 Y119.4 E133.72674
G1 X109.442 Y119.4 E133.73181
G1 X109.441 Y119.9 E133.73808
G0 F7200 X109.241 Y119.9
G0 X109.241 Y119.8
G1 F1500 E127.23808
G0 F7200 X107.03 Y119.886
G1 F1500 E133.73808
G0 F7200 X107.05 Y120.7
G1 F1800 X106.25 Y120.7 E133.74811
G1 X106.25 Y108.3 E133.90361
G1 X107.05 Y108.3 E133.91364
G1 X107.05 Y120.7 E134.06914
G0 F7200 X106.85 Y120.7
G0 X106.65 Y120.226
;TYPE:SKIN
G1 F1800 X106.65 Y119.943 E134.07288
G1 X106.65 Y108.912 E134.21867
G1 X106.826 Y108.523 E134.22432
G0 F7200 X106.797 Y108.494
G0 X106.445 Y120.304
G1 F1800 X106.644 Y120.503 E134.22608
G0 F7200 X106.65 Y120.3
G1 F1500 E127.72608
G0 F7200 X107.03 Y118.672
G0 X108.185 Y118.547
G0 X113.766 Y117.175
G0 X120.07 Y118.644
G1 F1500 E134.22608
G0 F7200 X121.038 Y118.766
;TYPE:WALL-OUTER
G1 F1800 X120.935 Y118.805 E134.22746
G1 X120.934 Y118.335 E134.23336
G1 X121.168 Y118.244 E134.2365
G1 X121.382 Y118.188 E134.23928
G1 X121.383 Y118.673 E134.24536
G1 X121.038 Y118.766 E134.24984
G0 F7200 X120.935 Y118.805
G0 X120.935 Y118.715
G0 X121.224 Y118.301
G1 F1500 E127.74984
G0 F7200 X121.23 Y118.331
G0 X122.618 Y118.659
G1 F1500 E134.24984
G0 F7200 X122.962 Y118.766
G1 F1800 X122.618 Y118.674 E134.25431
G1 X122.617 Y118.187 E134.26041
G1 X122.834 Y118.245 E134.26323
G1 X123.065 Y118.334 E134.26634
G1 X123.066 Y118.806 E134.27225
G1 X122.962 Y118.766 E134.27365
G0 F7200 X122.769 Y118.715
G0 X122.752 Y118.642
G1 F1500 E127.77365
G0 F7200 X122.761 Y118.61
G0 X123.055 Y115.79
G1 F1500 E134.27365
G0 F7200 X122.962 Y115.766
G1 F1800 X122.618 Y115.674 E134.27812
G1 X122.617 Y115.187 E134.28422
G1 X122.834 Y115.245 E134.28704
G1 X123.065 Y115.334 E134.29015
G1 X123.066 Y115.806 E134.29606
G1 X122.962 Y115.766 E134.29746
G0 F7200 X122.769 Y115.715
G0 X122.869 Y115.515
;TYPE:SKIN
G1 F1800 X122.811 Y115.457 E134.29798
G0 F7200 X122.665 Y115.457
G1 F1500 E127.79798
G0 F7200 X122.718 Y115.458
G0 X121.368 Y115.661
G1 F1500 E134.29798
G0 F7200 X121.038 Y115.766
;TYPE:WALL-OUTER
G1 F1800 X120.935 Y115.805 E134.29936
G1 X120.934 Y115.335 E134.30525
G1 X121.168 Y115.244 E134.3084
G1 X121.382 Y115.188 E134.31117
G1 X121.383 Y115.673 E134.31726
G1 X121.038 Y115.766 E134.32174
G0 F7200 X120.935 Y115.805
G0 X120.935 Y115.715
G0 X121.128 Y115.471
;TYPE:SKIN
G1 F1800 X121.181 Y115.524 E134.32221
G0 F7200 X121.251 Y115.641
G1 F1500 E127.82221
G0 F7200 X121.242 Y115.608
G0 X120.946 Y112.789
G1 F1500 E134.32221
G0 F7200 X121.038 Y112.766
;TYPE:WALL-OUTER
G1 F1800 X120.935 Y112.805 E134.32359
G1 X120.934 Y112.335 E134.32948
G1 X121.168 Y112.244 E134.33263
G1 X121.382 Y112.188 E134.3354
G1 X121.383 Y112.673 E134.34149
G1 X121.038 Y112.766 E134.34597
G0 F7200 X120.935 Y112.805
G0 X120.935 Y112.715
G0 X121.224 Y112.301
G1 F1500 E127.84597
G0 F7200 X121.23 Y112.331
G0 X122.618 Y112.659
G1 F1500 E134.34597
G0 F7200 X122.962 Y112.766
G1 F1800 X122.618 Y112.674 E134.35043
G1 X122.617 Y112.187 E134.35654
G1 X122.834 Y112.245 E134.35936
G1 X123.065 Y112.334 E134.36246
G1 X123.066 Y112.806 E134.36838
G1 X122.962 Y112.766 E134.36978
G0 F7200 X122.769 Y112.715
G0 X122.752 Y112.642
G1 F1500 E127.86978
G0 F7200 X122.761 Y112.61
G0 X123.055 Y109.79
G1 F1500 E134.36978
G0 F7200 X122.962 Y109.766
G1 F1800 X122.618 Y109.674 E134.37424
G1 X122.618 Y109.187 E134.38035
G1 X122.834 Y109.245 E134.38316
G1 X123.065 Y109.334 E134.38626
G1 X123.066 Y109.806 E134.39218
G1 X122.962 Y109.766 E134.39358
G0 F7200 X122.769 Y109.715
G0 X122.752 Y109.642
G1 F1500 E127.89358
G0 F7200 X122.761 Y109.61
G0 X121.362 Y109.672
G1 F1500 E134.39358
G0 F7200 X121.038 Y109.766
G1 F1800 X120.935 Y109.805 E134.39496
G1 X120.934 Y109.335 E134.40085
G1 X121.168 Y109.244 E134.404
G1 X121.382 Y109.188 E134.40677
G1 X121.382 Y109.674 E134.41287
G1 X121.038 Y109.766 E134.41733
G0 F7200 X120.935 Y109.805
G0 X120.935 Y109.715
G0 X121.225 Y109.302
G1 F1500 E127.91733
G0 F7200 X121.231 Y109.33
G0 X121.641 Y110.5
G0 X123.914 Y111.04
G0 X128.07 Y109.657
G1 F1500 E134.41733
G0 F7200 X129.038 Y109.766
G1 F1800 X128.935 Y109.805 E134.41871
G1 X128.934 Y109.335 E134.42461
G1 X129.168 Y109.244 E134.42776
G1 X129.382 Y109.188 E134.43053
G1 X129.382 Y109.674 E134.43663
G1 X129.038 Y109.766 E134.44109
G0 F7200 X128.935 Y109.805
G0 X128.935 Y109.715
G0 X129.225 Y109.302
G1 F1500 E127.94109
G0 F7200 X129.231 Y109.33
G0 X130.638 Y109.67
G1 F1500 E134.44109
G0 F7200 X130.962 Y109.766
G1 F1800 X130.618 Y109.674 E134.44556
G1 X130.618 Y109.187 E134.45166
G1 X130.834 Y109.245 E134.45447
G1 X131.065 Y109.334 E134.45757
G1 X131.066 Y109.806 E134.46349
G1 X130.962 Y109.766 E134.46489
G0 F7200 X130.769 Y109.715
G0 X130.752 Y109.642
G1 F1500 E127.96489
G0 F7200 X130.761 Y109.61
G0 X130.629 Y112.202
G1 F1500 E134.46489
G0 F7200 X130.962 Y112.766
G1 F1800 X130.618 Y112.674 E134.46936
G1 X130.617 Y112.187 E134.47546
G1 X130.834 Y112.245 E134.47828
G1 X131.065 Y112.334 E134.48138
G1 X131.066 Y112.806 E134.4873
G1 X130.962 Y112.766 E134.4887
G0 F7200 X130.769 Y112.715
G0 X130.752 Y112.642
G1 F1500 E127.9887
G0 F7200 X130.761 Y112.61
G0 X129.368 Y112.661
G1 F1500 E134.4887
G0 F7200 X129.038 Y112.766
G1 F1800 X128.935 Y112.805 E134.49008
G1 X128.934 Y112.335 E134.49597
G1 X129.168 Y112.244 E134.49912
G1 X129.382 Y112.188 E134.5019
G1 X129.383 Y112.673 E134.50798
G1 X129.038 Y112.766 E134.51246
G0 F7200 X128.935 Y112.805
G0 X128.935 Y112.715
G0 X129.186 Y112.499
;TYPE:SKIN
G1 F1800 X129.148 Y112.461 E134.5128
G0 F7200 X129.135 Y112.326
G1 F1500 E128.0128
G0 F7200 X129.146 Y112.36
G0 X129.37 Y115.203
G1 F1500 E134.5128
G0 F7200 X129.038 Y115.766
;TYPE:WALL-OUTER
G1 F1800 X128.935 Y115.805 E134.51418
G1 X128.934 Y115.335 E134.52007
G1 X129.168 Y115.244 E134.52322
G1 X129.382 Y115.188 E134.526
G1 X129.383 Y115.673 E134.53208
G1 X129.038 Y115.766 E134.53656
G0 F7200 X128.935 Y115.805
G0 X128.935 Y115.715
G0 X129.224 Y115.301
G1 F1500 E128.03656
G0 F7200 X129.23 Y115.331
G0 X130.618 Y115.659
G1 F1500 E134.53656
G0 F7200 X130.962 Y115.766
G1 F1800 X130.618 Y115.674 E134.54102
G1 X130.617 Y115.187 E134.54713
G1 X130.834 Y115.245 E134.54995
G1 X131.065 Y115.334 E134.55305
G1 X131.066 Y115.806 E134.55897
G1 X130.962 Y115.766 E134.56037
G0 F7200 X130.769 Y115.715
G0 X130.752 Y115.642
G1 F1500 E128.06037
G0 F7200 X130.761 Y115.61
G0 X130.629 Y118.202
G1 F1500 E134.56037
G0 F7200 X130.962 Y118.766
G1 F1800 X130.618 Y118.674 E134.56483
G1 X130.617 Y118.187 E134.57094
G1 X130.834 Y118.245 E134.57376
G1 X131.065 Y118.334 E134.57686
G1 X131.066 Y118.806 E134.58278
G1 X130.962 Y118.766 E134.58418
G0 F7200 X130.769 Y118.715
G0 X130.752 Y118.642
G1 F1500 E128.08418
G0 F7200 X130.761 Y118.61
G0 X129.368 Y118.661
G1 F1500 E134.58418
G0 F7200 X129.038 Y118.766
G1 F1800 X128.935 Y118.805 E134.58556
G1 X128.934 Y118.335 E134.59145
G1 X129.168 Y118.244 E134.5946
G1 X129.382 Y118.188 E134.59738
G1 X129.383 Y118.673 E134.60346
G1 X129.038 Y118.766 E134.60794
G0 F7200 X128.935 Y118.805
G0 X128.935 Y118.715
G0 X129.224 Y118.301
G1 F1500 E128.10794
G0 F7200 X129.23 Y118.331
G0 X129.644 Y119.499
G0 X131.914 Y120.04
G0 X136.085 Y118.661
G0 X137.65 Y120.63
G1 F1500 E134.60794
G0 F7200 X137.75 Y120.7
G1 F1800 X136.95 Y120.7 E134.61797
G1 X136.95 Y108.3 E134.77347
G1 X137.75 Y108.3 E134.7835
G1 X137.75 Y120.7 E134.939
G0 F7200 X137.55 Y120.7
G0 X137.309 Y120.338
;TYPE:SKIN
G1 F1800 X137.349 Y120.095 E134.94227
G1 X137.349 Y108.781 E135.09233
G1 X137.449 Y108.599 E135.09509
G0 F7200 X137.344 Y108.494
G0 X137.144 Y120.456
G1 F1800 X137.192 Y120.504 E135.09551
G0 F7200 X137.35 Y120.3
G1 F1500 E128.59551
;MESH:NONMESH
G0 F600 X137.35 Y120.3 Z14.8
G0 F7200 X136.97 Y109.672
G0 X131.914 Y111.04
G0 X115.914 Y111.04
G0 X113.641 Y110.5
G0 X113.035 Y109.672
G1 F1500 E135.09551
G0 F7200 X113.038 Y109.765
;TIME_ELAPSED:1376.428418
;LAYER:73
;TYPE:WALL-OUTER
;MESH:output_v2\A_fina_conjunto.stl
G1 F1800 X112.725 Y109.886 E135.09972
G1 X112.724 Y109.421 E135.10555
G1 X112.78 Y109.394 E135.10633
G1 X113.164 Y109.246 E135.11149
G1 X113.164 Y109.732 E135.11759
G1 X113.038 Y109.765 E135.11922
G0 F7200 X112.852 Y109.837
G0 X113.125 Y109.463
G1 F1500 E128.61922
G0 F7200 X113.064 Y109.463
G0 X114.856 Y109.67
G1 F1500 E135.11922
G0 F7200 X114.962 Y109.765
G1 F1800 X114.836 Y109.732 E135.12086
G1 X114.836 Y109.246 E135.12695
G1 X115.225 Y109.396 E135.12977
G1 X115.275 Y109.42 E135.13047
G1 X115.276 Y109.886 E135.13631
G1 X114.962 Y109.765 E135.13799
G0 F7200 X114.836 Y109.732
G0 X114.836 Y109.662
G0 X114.875 Y109.661
G1 F1500 E128.63799
G0 F7200 X114.938 Y109.656
G0 X114.847 Y112.262
G1 F1500 E135.13799
G0 F7200 X114.962 Y112.765
G1 F1800 X114.836 Y112.732 E135.13962
G1 X114.836 Y112.246 E135.14572
G1 X115.225 Y112.396 E135.14854
G1 X115.275 Y112.42 E135.14923
G1 X115.275 Y112.886 E135.15508
G1 X114.962 Y112.765 E135.15674
G0 F7200 X114.836 Y112.732
G0 X114.836 Y112.662
G0 X114.875 Y112.662
G1 F1500 E128.65674
G0 F7200 X114.938 Y112.657
G0 X113.164 Y112.674
G1 F1500 E135.15674
G0 F7200 X113.038 Y112.766
G1 F1800 X112.725 Y112.886 E135.16095
G1 X112.724 Y112.421 E135.16678
G1 X112.78 Y112.394 E135.16756
G1 X113.164 Y112.246 E135.17272
G1 X113.165 Y112.732 E135.17881
G1 X113.038 Y112.766 E135.18046
G0 F7200 X112.852 Y112.837
G0 X113.125 Y112.464
G1 F1500 E128.68046
G0 F7200 X113.064 Y112.463
G0 X113.153 Y115.262
G1 F1500 E135.18046
G0 F7200 X113.038 Y115.765
G1 F1800 X112.725 Y115.886 E135.18467
G1 X112.724 Y115.421 E135.1905
G1 X112.78 Y115.394 E135.19128
G1 X113.164 Y115.246 E135.19644
G1 X113.164 Y115.732 E135.20254
G1 X113.038 Y115.765 E135.20417
G0 F7200 X112.852 Y115.837
G0 X113.125 Y115.463
G1 F1500 E128.70417
G0 F7200 X113.064 Y115.463
G0 X114.856 Y115.67
G1 F1500 E135.20417
G0 F7200 X114.962 Y115.765
G1 F1800 X114.836 Y115.732 E135.2058
G1 X114.836 Y115.246 E135.2119
G1 X115.225 Y115.396 E135.21472
G1 X115.275 Y115.42 E135.21542
G1 X115.275 Y115.886 E135.22126
G1 X114.962 Y115.765 E135.22293
G0 F7200 X114.836 Y115.732
G0 X114.836 Y115.662
G0 X114.875 Y115.662
G1 F1500 E128.72293
G0 F7200 X114.938 Y115.657
G0 X114.847 Y118.262
G1 F1500 E135.22293
G0 F7200 X114.962 Y118.765
G1 F1800 X114.836 Y118.732 E135.22456
G1 X114.836 Y118.246 E135.23065
G1 X115.225 Y118.396 E135.23348
G1 X115.275 Y118.42 E135.23417
G1 X115.276 Y118.886 E135.24002
G1 X114.962 Y118.765 E135.24169
G0 F7200 X114.836 Y118.732
G0 X114.836 Y118.662
G0 X115.041 Y118.586
;TYPE:SKIN
G1 F1800 X115.08 Y118.547 E135.24204
G0 F7200 X115.136 Y118.404
G1 F1500 E128.74204
G0 F7200 X115.113 Y118.46
G0 X113.164 Y118.674
G1 F1500 E135.24204
G0 F7200 X113.038 Y118.766
;TYPE:WALL-OUTER
G1 F1800 X112.725 Y118.886 E135.24624
G1 X112.724 Y118.421 E135.25207
G1 X112.78 Y118.394 E135.25285
G1 X113.164 Y118.246 E135.25801
G1 X113.165 Y118.732 E135.26411
G1 X113.038 Y118.766 E135.26576
G0 F7200 X112.852 Y118.837
G0 X113.125 Y118.464
G1 F1500 E128.76576
G0 F7200 X113.064 Y118.463
G0 X111.86 Y118.871
G0 X110.321 Y119.415
G0 X109.385 Y119.8
G1 F1500 E135.26576
G0 F7200 X109.455 Y119.9
G1 F1800 X109.051 Y119.9 E135.27082
G1 X109.051 Y119.4 E135.27709
G1 X109.456 Y119.4 E135.28217
G1 X109.455 Y119.9 E135.28844
G0 F7200 X109.255 Y119.9
G0 X109.255 Y119.8
G1 F1500 E128.78844
G0 F7200 X107.03 Y119.886
G1 F1500 E135.28844
G0 F7200 X107.05 Y120.7
G1 F1800 X106.25 Y120.7 E135.29847
G1 X106.25 Y108.3 E135.45397
G1 X107.05 Y108.3 E135.46401
G1 X107.05 Y120.7 E135.61951
G0 F7200 X106.85 Y120.7
G0 X106.736 Y120.386
;TYPE:SKIN
G1 F1800 X106.649 Y120.189 E135.62234
G1 X106.649 Y108.876 E135.77122
G1 X106.597 Y108.646 E135.77433
G0 F7200 X106.65 Y108.7
G1 F1500 E129.27433
G0 F7200 X107.03 Y118.671
G0 X108.198 Y118.547
G0 X114.012 Y117.143
G0 X119.86 Y118.643
G0 X121.008 Y118.671
G1 F1500 E135.77433
G0 F7200 X121.038 Y118.766
;TYPE:WALL-OUTER
G1 F1800 X120.725 Y118.886 E135.77853
G1 X120.724 Y118.421 E135.78436
G1 X120.78 Y118.394 E135.78514
G1 X121.164 Y118.246 E135.7903
G1 X121.165 Y118.732 E135.7964
G1 X121.038 Y118.766 E135.79805
G0 F7200 X120.852 Y118.837
G0 X121.125 Y118.464
G1 F1500 E129.29805
G0 F7200 X121.064 Y118.463
G0 X122.856 Y118.673
G1 F1500 E135.79805
G0 F7200 X122.962 Y118.765
G1 F1800 X122.836 Y118.732 E135.79968
G1 X122.836 Y118.246 E135.80577
G1 X123.225 Y118.396 E135.8086
G1 X123.275 Y118.42 E135.80929
G1 X123.275 Y118.886 E135.81514
G1 X122.962 Y118.765 E135.8168
G0 F7200 X122.836 Y118.732
G0 X122.836 Y118.662
G0 X122.875 Y118.662
G1 F1500 E129.3168
G0 F7200 X122.938 Y118.657
G0 X123.265 Y115.87
G1 F1500 E135.8168
G0 F7200 X122.962 Y115.765
G1 F1800 X122.836 Y115.732 E135.81843
G1 X122.836 Y115.246 E135.82453
G1 X123.225 Y115.396 E135.82735
G1 X123.275 Y115.42 E135.82805
G1 X123.276 Y115.886 E135.83389
G1 X122.962 Y115.765 E135.83557
G0 F7200 X122.836 Y115.732
G0 X122.836 Y115.662
G0 X122.875 Y115.661
G1 F1500 E129.33557
G0 F7200 X122.938 Y115.656
G0 X121.144 Y115.67
G1 F1500 E135.83557
G0 F7200 X121.038 Y115.765
G1 F1800 X120.725 Y115.886 E135.83977
G1 X120.724 Y115.421 E135.84561
G1 X120.78 Y115.394 E135.84639
G1 X121.164 Y115.246 E135.85155
G1 X121.164 Y115.732 E135.85764
G1 X121.038 Y115.765 E135.85927
G0 F7200 X120.852 Y115.837
G0 X121.125 Y115.463
G1 F1500 E129.35927
G0 F7200 X121.064 Y115.463
G0 X120.736 Y112.87
G1 F1500 E135.85927
G0 F7200 X121.038 Y112.766
G1 F1800 X120.725 Y112.886 E135.86348
G1 X120.724 Y112.421 E135.86931
G1 X120.78 Y112.394 E135.87009
G1 X121.164 Y112.246 E135.87525
G1 X121.165 Y112.732 E135.88134
G1 X121.038 Y112.766 E135.88299
G0 F7200 X120.852 Y112.837
G0 X121.125 Y112.464
G1 F1500 E129.38299
G0 F7200 X121.064 Y112.463
G0 X122.856 Y112.673
G1 F1500 E135.88299
G0 F7200 X122.962 Y112.765
G1 F1800 X122.836 Y112.732 E135.88463
G1 X122.836 Y112.246 E135.89072
G1 X123.225 Y112.396 E135.89354
G1 X123.275 Y112.42 E135.89424
G1 X123.275 Y112.886 E135.90008
G1 X122.962 Y112.765 E135.90175
G0 F7200 X122.836 Y112.732
G0 X122.836 Y112.662
G0 X123.03 Y112.577
;TYPE:SKIN
G1 F1800 X123.064 Y112.543 E135.90205
G0 F7200 X123.12 Y112.398
G1 F1500 E129.40205
G0 F7200 X123.098 Y112.454
G0 X123.265 Y109.87
G1 F1500 E135.90205
G0 F7200 X122.962 Y109.765
;TYPE:WALL-OUTER
G1 F1800 X122.836 Y109.732 E135.90368
G1 X122.836 Y109.246 E135.90978
G1 X123.225 Y109.396 E135.9126
G1 X123.275 Y109.42 E135.9133
G1 X123.276 Y109.886 E135.91914
G1 X122.962 Y109.765 E135.92081
G0 F7200 X122.836 Y109.732
G0 X122.836 Y109.662
G0 X122.875 Y109.661
G1 F1500 E129.42081
G0 F7200 X122.938 Y109.656
G0 X121.144 Y109.67
G1 F1500 E135.92081
G0 F7200 X121.038 Y109.765
G1 F1800 X120.725 Y109.886 E135.92502
G1 X120.724 Y109.421 E135.93085
G1 X120.78 Y109.394 E135.93163
G1 X121.164 Y109.246 E135.93679
G1 X121.164 Y109.732 E135.94289
G1 X121.038 Y109.765 E135.94452
G0 F7200 X120.852 Y109.837
G0 X120.918 Y109.598
;TYPE:SKIN
G1 F1800 X120.968 Y109.548 E135.94497
G0 F7200 X121.125 Y109.549
G1 F1500 E129.44497
G0 F7200 X121.064 Y109.549
G0 X127.86 Y109.655
G0 X129.008 Y109.67
G1 F1500 E135.94497
G0 F7200 X129.038 Y109.765
;TYPE:WALL-OUTER
G1 F1800 X128.725 Y109.886 E135.94917
G1 X128.724 Y109.421 E135.95501
G1 X128.78 Y109.394 E135.95579
G1 X129.164 Y109.246 E135.96095
G1 X129.164 Y109.732 E135.96704
G1 X129.038 Y109.765 E135.96867
G0 F7200 X128.852 Y109.837
G0 X129.125 Y109.463
G1 F1500 E129.46867
G0 F7200 X129.064 Y109.463
G0 X130.856 Y109.67
G1 F1500 E135.96867
G0 F7200 X130.962 Y109.765
G1 F1800 X130.836 Y109.732 E135.97031
G1 X130.836 Y109.246 E135.9764
G1 X131.225 Y109.396 E135.97923
G1 X131.275 Y109.42 E135.97992
G1 X131.276 Y109.886 E135.98576
G1 X130.962 Y109.765 E135.98744
G0 F7200 X130.836 Y109.732
G0 X130.836 Y109.662
G0 X130.875 Y109.661
G1 F1500 E129.48744
G0 F7200 X130.938 Y109.656
G0 X130.847 Y112.262
G1 F1500 E135.98744
G0 F7200 X130.962 Y112.765
G1 F1800 X130.836 Y112.732 E135.98907
G1 X130.836 Y112.246 E135.99517
G1 X131.225 Y112.396 E135.99799
G1 X131.275 Y112.42 E135.99869
G1 X131.275 Y112.886 E136.00453
G1 X130.962 Y112.765 E136.00619
G0 F7200 X130.836 Y112.732
G0 X130.836 Y112.662
G0 X130.875 Y112.662
G1 F1500 E129.50619
G0 F7200 X130.938 Y112.657
G0 X129.144 Y112.67
G1 F1500 E136.00619
G0 F7200 X129.038 Y112.765
G1 F1800 X128.725 Y112.886 E136.0104
G1 X128.725 Y112.42 E136.01625
G1 X128.775 Y112.396 E136.01694
G1 X129.164 Y112.246 E136.02217
G1 X129.164 Y112.732 E136.02827
G1 X129.038 Y112.765 E136.0299
G0 F7200 X128.852 Y112.837
G0 X129.125 Y112.463
G1 F1500 E129.5299
G0 F7200 X129.064 Y112.463
G0 X129.153 Y115.262
G1 F1500 E136.0299
G0 F7200 X129.038 Y115.765
G1 F1800 X128.725 Y115.886 E136.03411
G1 X128.725 Y115.42 E136.03995
G1 X128.775 Y115.396 E136.04065
G1 X129.164 Y115.246 E136.04587
G1 X129.164 Y115.732 E136.05197
G1 X129.038 Y115.765 E136.0536
G0 F7200 X128.852 Y115.837
G0 X129.125 Y115.463
G1 F1500 E129.5536
G0 F7200 X129.064 Y115.463
G0 X130.856 Y115.67
G1 F1500 E136.0536
G0 F7200 X130.962 Y115.765
G1 F1800 X130.836 Y115.732 E136.05524
G1 X130.836 Y115.246 E136.06133
G1 X131.225 Y115.396 E136.06415
G1 X131.275 Y115.42 E136.06485
G1 X131.276 Y115.886 E136.07069
G1 X130.962 Y115.765 E136.07237
G0 F7200 X130.836 Y115.732
G0 X130.836 Y115.662
G0 X131.048 Y115.59
;TYPE:SKIN
G1 F1800 X131.079 Y115.558 E136.07265
G0 F7200 X131.236 Y115.557
G1 F1500 E129.57265
G0 F7200 X131.175 Y115.556
G0 X130.847 Y118.262
G1 F1500 E136.07265
G0 F7200 X130.962 Y118.765
;TYPE:WALL-OUTER
G1 F1800 X130.836 Y118.732 E136.07428
G1 X130.836 Y118.246 E136.08037
G1 X131.225 Y118.396 E136.0832
G1 X131.275 Y118.42 E136.08389
G1 X131.275 Y118.886 E136.08974
G1 X130.962 Y118.765 E136.0914
G0 F7200 X130.836 Y118.732
G0 X130.836 Y118.662
G0 X130.875 Y118.662
G1 F1500 E129.5914
G0 F7200 X130.938 Y118.657
G0 X129.144 Y118.67
G1 F1500 E136.0914
G0 F7200 X129.038 Y118.765
G1 F1800 X128.725 Y118.886 E136.09561
G1 X128.724 Y118.421 E136.10144
G1 X128.78 Y118.394 E136.10222
G1 X129.164 Y118.246 E136.10738
G1 X129.164 Y118.732 E136.11348
G1 X129.038 Y118.765 E136.11511
G0 F7200 X128.852 Y118.837
G0 X128.918 Y118.569
;TYPE:SKIN
G1 F1800 X128.948 Y118.538 E136.11538
G0 F7200 X128.891 Y118.393
G1 F1500 E129.61538
G0 F7200 X128.912 Y118.45
G0 X130.029 Y118.72
G0 X136.085 Y118.72
G0 X137.65 Y120.63
G1 F1500 E136.11538
G0 F7200 X137.75 Y120.7
;TYPE:WALL-OUTER
G1 F1800 X136.95 Y120.7 E136.12541
G1 X136.95 Y108.3 E136.28091
G1 X137.75 Y108.3 E136.29095
G1 X137.75 Y120.7 E136.44645
G0 F7200 X137.55 Y120.7
G0 X137.5 Y120.451
;TYPE:SKIN
G1 F1800 X137.359 Y120.31 E136.44902
G1 X137.349 Y114.945 E136.51825
G1 X137.349 Y108.723 E136.59854
G1 X137.219 Y108.569 E136.60114
G0 F7200 X137.35 Y108.7
G1 F1500 E130.10114
;MESH:NONMESH
G0 F600 X137.35 Y108.7 Z15
G0 F7200 X136.97 Y109.805
G0 X132.123 Y111.231
G0 X128.963 Y110.72
G0 X127.88 Y111.226
G0 X124.123 Y111.231
G0 X120.963 Y110.72
G0 X119.88 Y111.226
G0 X119.859 Y109.741
G0 X114.029 Y109.72
G0 X112.825 Y109.805
G1 F1500 E136.60114
G0 F7200 X112.62 Y109.926
;TIME_ELAPSED:1397.882125
;LAYER:74
;TYPE:WALL-OUTER
;MESH:output_v2\A_fina_conjunto.stl
G1 F1800 X112.515 Y109.977 E136.6026
G1 X112.514 Y109.523 E136.6083
G1 X112.78 Y109.394 E136.612
G1 X112.954 Y109.327 E136.61434
G1 X112.954 Y109.798 E136.62025
G1 X112.62 Y109.926 E136.62473
G0 F7200 X112.515 Y109.977
G0 X112.515 Y109.893
G0 X112.745 Y109.449
G1 F1500 E130.12473
G0 F7200 X112.773 Y109.509
G0 X115.066 Y109.787
G1 F1500 E136.62473
G0 F7200 X115.38 Y109.926
G1 F1800 X115.046 Y109.798 E136.62922
G1 X115.046 Y109.327 E136.63513
G1 X115.225 Y109.396 E136.63753
G1 X115.485 Y109.522 E136.64115
G1 X115.486 Y109.977 E136.64686
G1 X115.38 Y109.926 E136.64834
G0 F7200 X115.193 Y109.855
G0 X115.174 Y109.817
G1 F1500 E130.14834
G0 F7200 X115.199 Y109.751
G0 X115.057 Y112.343
G1 F1500 E136.64834
G0 F7200 X115.38 Y112.926
G1 F1800 X115.046 Y112.798 E136.65282
G1 X115.046 Y112.327 E136.65873
G1 X115.225 Y112.396 E136.66113
G1 X115.485 Y112.522 E136.66476
G1 X115.485 Y112.977 E136.67046
G1 X115.38 Y112.926 E136.67193
G0 F7200 X115.193 Y112.855
G0 X115.174 Y112.817
G1 F1500 E130.17193
G0 F7200 X115.199 Y112.751
G0 X112.939 Y112.787
G1 F1500 E136.67193
G0 F7200 X112.62 Y112.926
G1 F1800 X112.515 Y112.977 E136.67339
G1 X112.514 Y112.523 E136.67908
G1 X112.78 Y112.394 E136.68279
G1 X112.954 Y112.327 E136.68513
G1 X112.955 Y112.798 E136.69104
G1 X112.62 Y112.926 E136.69553
G0 F7200 X112.515 Y112.977
G0 X112.515 Y112.893
G0 X112.746 Y112.449
G1 F1500 E130.19553
G0 F7200 X112.772 Y112.509
G0 X112.943 Y115.343
G1 F1500 E136.69553
G0 F7200 X112.62 Y115.926
G1 F1800 X112.515 Y115.977 E136.697
G1 X112.514 Y115.523 E136.70269
G1 X112.78 Y115.394 E136.7064
G1 X112.954 Y115.327 E136.70874
G1 X112.954 Y115.798 E136.71464
G1 X112.62 Y115.926 E136.71913
G0 F7200 X112.515 Y115.977
G0 X112.515 Y115.893
G0 X112.745 Y115.449
G1 F1500 E130.21913
G0 F7200 X112.773 Y115.509
G0 X115.066 Y115.787
G1 F1500 E136.71913
G0 F7200 X115.38 Y115.926
G1 F1800 X115.046 Y115.798 E136.72361
G1 X115.046 Y115.327 E136.72952
G1 X115.225 Y115.396 E136.73193
G1 X115.485 Y115.522 E136.73555
G1 X115.485 Y115.977 E136.74125
G1 X115.38 Y115.926 E136.74272
G0 F7200 X115.193 Y115.855
G0 X115.174 Y115.817
G1 F1500 E130.24272
G0 F7200 X115.199 Y115.751
G0 X115.057 Y118.343
G1 F1500 E136.74272
G0 F7200 X115.38 Y118.926
G1 F1800 X115.046 Y118.798 E136.7472
G1 X115.046 Y118.327 E136.75311
G1 X115.225 Y118.396 E136.75552
G1 X115.485 Y118.522 E136.75914
G1 X115.486 Y118.977 E136.76485
G1 X115.38 Y118.926 E136.76632
G0 F7200 X115.193 Y118.855
G0 X115.174 Y118.817
G1 F1500 E130.26632
G0 F7200 X115.199 Y118.751
G0 X112.939 Y118.787
G1 F1500 E136.76632
G0 F7200 X112.62 Y118.926
G1 F1800 X112.515 Y118.977 E136.76778
G1 X112.514 Y118.523 E136.77348
G1 X112.78 Y118.394 E136.77718
G1 X112.954 Y118.327 E136.77952
G1 X112.955 Y118.798 E136.78543
G1 X112.62 Y118.926 E136.78993
G0 F7200 X112.515 Y118.977
G0 X112.515 Y118.893
G0 X112.746 Y118.449
G1 F1500 E130.28993
G0 F7200 X112.772 Y118.509
G0 X111.65 Y118.961
G0 X110.335 Y119.415
G0 X109.399 Y119.8
G1 F1500 E136.78993
G0 F7200 X109.469 Y119.9
G1 F1800 X109.063 Y119.9 E136.79502
G1 X109.064 Y119.4 E136.80129
G1 X109.47 Y119.4 E136.80638
G1 X109.469 Y119.9 E136.81265
G0 F7200 X109.269 Y119.9
G0 X109.269 Y119.8
G1 F1500 E130.31265
G0 F7200 X107.03 Y119.886
G1 F1500 E136.81265
G0 F7200 X107.05 Y120.7
G1 F1800 X106.25 Y120.7 E136.82268
G1 X106.25 Y108.3 E136.97818
G1 X107.05 Y108.3 E136.98822
G1 X107.05 Y120.7 E137.14372
G0 F7200 X106.85 Y120.7
G0 X106.65 Y120.226
;TYPE:SKIN
G1 F1800 X106.65 Y119.943 E137.14746
G1 X106.65 Y108.912 E137.29325
G1 X106.826 Y108.523 E137.29889
G0 F7200 X106.797 Y108.494
G0 X106.445 Y120.304
G1 F1800 X106.644 Y120.503 E137.30065
G0 F7200 X106.65 Y120.3
G1 F1500 E130.80065
G0 F7200 X107.03 Y118.836
G0 X108.212 Y118.547
G0 X110.324 Y118.547
G0 X111.67 Y120.328
G0 X116.333 Y120.331
G0 X119.65 Y118.808
G1 F1500 E137.30065
G0 F7200 X120.62 Y118.926
;TYPE:WALL-OUTER
G1 F1800 X120.515 Y118.977 E137.30212
G1 X120.514 Y118.523 E137.30781
G1 X120.78 Y118.394 E137.31152
G1 X120.954 Y118.327 E137.31386
G1 X120.955 Y118.798 E137.31976
G1 X120.62 Y118.926 E137.32426
G0 F7200 X120.515 Y118.977
G0 X120.515 Y118.893
G0 X120.746 Y118.449
G1 F1500 E130.82426
G0 F7200 X120.772 Y118.509
G0 X123.066 Y118.787
G1 F1500 E137.32426
G0 F7200 X123.38 Y118.926
G1 F1800 X123.046 Y118.798 E137.32875
G1 X123.046 Y118.327 E137.33465
G1 X123.225 Y118.396 E137.33706
G1 X123.485 Y118.522 E137.34068
G1 X123.485 Y118.977 E137.34639
G1 X123.38 Y118.926 E137.34785
G0 F7200 X123.193 Y118.855
G0 X123.174 Y118.817
G1 F1500 E130.84785
G0 F7200 X123.199 Y118.751
G0 X123.476 Y115.961
G1 F1500 E137.34785
G0 F7200 X123.38 Y115.926
G1 F1800 X123.046 Y115.798 E137.35234
G1 X123.046 Y115.327 E137.35824
G1 X123.225 Y115.396 E137.36065
G1 X123.485 Y115.522 E137.36427
G1 X123.486 Y115.977 E137.36998
G1 X123.38 Y115.926 E137.37145
G0 F7200 X123.193 Y115.855
G0 X123.174 Y115.817
G1 F1500 E130.87145
G0 F7200 X123.199 Y115.751
G0 X120.934 Y115.787
G1 F1500 E137.37145
G0 F7200 X120.62 Y115.926
G1 F1800 X120.515 Y115.977 E137.37292
G1 X120.514 Y115.523 E137.37861
G1 X120.78 Y115.394 E137.38232
G1 X120.954 Y115.327 E137.38466
G1 X120.954 Y115.798 E137.39056
G1 X120.62 Y115.926 E137.39505
G0 F7200 X120.515 Y115.977
G0 X120.515 Y115.893
G0 X120.745 Y115.449
G1 F1500 E130.89505
G0 F7200 X120.773 Y115.509
G0 X120.525 Y112.96
G1 F1500 E137.39505
G0 F7200 X120.62 Y112.926
G1 F1800 X120.515 Y112.977 E137.39651
G1 X120.514 Y112.523 E137.40221
G1 X120.78 Y112.394 E137.40591
G1 X120.954 Y112.327 E137.40825
G1 X120.955 Y112.798 E137.41416
G1 X120.62 Y112.926 E137.41865
G0 F7200 X120.515 Y112.977
G0 X120.515 Y112.893
G0 X120.746 Y112.449
G1 F1500 E130.91865
G0 F7200 X120.772 Y112.509
G0 X123.062 Y112.787
G1 F1500 E137.41865
G0 F7200 X123.38 Y112.926
G1 F1800 X123.046 Y112.798 E137.42314
G1 X123.046 Y112.327 E137.42905
G1 X123.225 Y112.396 E137.43145
G1 X123.485 Y112.522 E137.43508
G1 X123.485 Y112.977 E137.44078
G1 X123.38 Y112.926 E137.44225
G0 F7200 X123.193 Y112.855
G0 X123.174 Y112.817
G1 F1500 E130.94225
G0 F7200 X123.199 Y112.751
G0 X123.476 Y109.961
G1 F1500 E137.44225
G0 F7200 X123.38 Y109.926
G1 F1800 X123.046 Y109.798 E137.44673
G1 X123.046 Y109.327 E137.45264
G1 X123.225 Y109.396 E137.45504
G1 X123.485 Y109.522 E137.45867
G1 X123.486 Y109.977 E137.46437
G1 X123.38 Y109.926 E137.46585
G0 F7200 X123.193 Y109.855
G0 X123.174 Y109.817
G1 F1500 E130.96585
G0 F7200 X123.199 Y109.751
G0 X120.934 Y109.787
G1 F1500 E137.46585
G0 F7200 X120.62 Y109.926
G1 F1800 X120.515 Y109.977 E137.46731
G1 X120.514 Y109.523 E137.473
G1 X120.78 Y109.394 E137.47671
G1 X120.954 Y109.327 E137.47905
G1 X120.954 Y109.798 E137.48496
G1 X120.62 Y109.926 E137.48944
G0 F7200 X120.515 Y109.977
G0 X120.515 Y109.893
G0 X120.745 Y109.449
G1 F1500 E130.98944
G0 F7200 X120.773 Y109.509
G0 X121.819 Y109.787
G0 X124.333 Y111.331
G0 X127.65 Y109.772
G1 F1500 E137.48944
G0 F7200 X128.62 Y109.926
G1 F1800 X128.515 Y109.977 E137.49091
G1 X128.514 Y109.523 E137.4966
G1 X128.78 Y109.394 E137.50031
G1 X128.954 Y109.327 E137.50264
G1 X128.954 Y109.798 E137.50855
G1 X128.62 Y109.926 E137.51304
G0 F7200 X128.515 Y109.977
G0 X128.515 Y109.893
G0 X128.745 Y109.449
G1 F1500 E131.01304
G0 F7200 X128.773 Y109.509
G0 X131.066 Y109.787
G1 F1500 E137.51304
G0 F7200 X131.38 Y109.926
G1 F1800 X131.046 Y109.798 E137.51752
G1 X131.046 Y109.327 E137.52343
G1 X131.225 Y109.396 E137.52583
G1 X131.485 Y109.522 E137.52946
G1 X131.486 Y109.977 E137.53516
G1 X131.38 Y109.926 E137.53664
G0 F7200 X131.193 Y109.855
G0 X131.174 Y109.817
G1 F1500 E131.03664
G0 F7200 X131.199 Y109.751
G0 X131.057 Y112.343
G1 F1500 E137.53664
G0 F7200 X131.38 Y112.926
G1 F1800 X131.046 Y112.798 E137.54112
G1 X131.046 Y112.327 E137.54703
G1 X131.225 Y112.396 E137.54944
G1 X131.485 Y112.522 E137.55306
G1 X131.485 Y112.977 E137.55877
G1 X131.38 Y112.926 E137.56023
G0 F7200 X131.193 Y112.855
G0 X131.174 Y112.817
G1 F1500 E131.06023
G0 F7200 X131.199 Y112.751
G0 X128.938 Y112.787
G1 F1500 E137.56023
G0 F7200 X128.62 Y112.926
G1 F1800 X128.515 Y112.977 E137.56169
G1 X128.515 Y112.522 E137.5674
G1 X128.775 Y112.396 E137.57102
G1 X128.954 Y112.327 E137.57343
G1 X128.954 Y112.798 E137.57933
G1 X128.62 Y112.926 E137.58382
G0 F7200 X128.515 Y112.977
G0 X128.515 Y112.893
G0 X128.746 Y112.449
G1 F1500 E131.08382
G0 F7200 X128.772 Y112.509
G0 X128.943 Y115.343
G1 F1500 E137.58382
G0 F7200 X128.62 Y115.926
G1 F1800 X128.515 Y115.977 E137.58528
G1 X128.515 Y115.522 E137.59099
G1 X128.775 Y115.396 E137.59461
G1 X128.954 Y115.327 E137.59702
G1 X128.954 Y115.798 E137.60293
G1 X128.62 Y115.926 E137.60741
G0 F7200 X128.515 Y115.977
G0 X128.515 Y115.893
G0 X128.746 Y115.449
G1 F1500 E131.10741
G0 F7200 X128.772 Y115.509
G0 X131.066 Y115.787
G1 F1500 E137.60741
G0 F7200 X131.38 Y115.926
G1 F1800 X131.046 Y115.798 E137.6119
G1 X131.046 Y115.327 E137.6178
G1 X131.225 Y115.396 E137.62021
G1 X131.485 Y115.522 E137.62383
G1 X131.486 Y115.977 E137.62954
G1 X131.38 Y115.926 E137.63101
G0 F7200 X131.193 Y115.855
G0 X131.174 Y115.817
G1 F1500 E131.13101
G0 F7200 X131.199 Y115.751
G0 X131.057 Y118.343
G1 F1500 E137.63101
G0 F7200 X131.38 Y118.926
G1 F1800 X131.046 Y118.798 E137.6355
G1 X131.046 Y118.327 E137.6414
G1 X131.225 Y118.396 E137.64381
G1 X131.485 Y118.522 E137.64743
G1 X131.485 Y118.977 E137.65314
G1 X131.38 Y118.926 E137.6546
G0 F7200 X131.193 Y118.855
G0 X131.174 Y118.817
G1 F1500 E131.1546
G0 F7200 X131.199 Y118.751
G0 X128.934 Y118.787
G1 F1500 E137.6546
G0 F7200 X128.62 Y118.926
G1 F1800 X128.515 Y118.977 E137.65607
G1 X128.514 Y118.523 E137.66176
G1 X128.78 Y118.394 E137.66547
G1 X128.954 Y118.327 E137.66781
G1 X128.954 Y118.798 E137.67371
G1 X128.62 Y118.926 E137.6782
G0 F7200 X128.515 Y118.977
G0 X128.515 Y118.893
G0 X128.745 Y118.449
G1 F1500 E131.1782
G0 F7200 X128.773 Y118.509
G0 X129.819 Y118.787
G0 X132.331 Y120.328
G0 X136.085 Y118.787
G0 X137.65 Y120.63
G1 F1500 E137.6782
G0 F7200 X137.75 Y120.7
G1 F1800 X136.95 Y120.7 E137.68823
G1 X136.95 Y108.3 E137.84373
G1 X137.75 Y108.3 E137.85376
G1 X137.75 Y120.7 E138.00926
G0 F7200 X137.55 Y120.7
G0 X137.309 Y120.338
;TYPE:SKIN
G1 F1800 X137.349 Y120.095 E138.01253
G1 X137.349 Y108.781 E138.16259
G1 X137.449 Y108.599 E138.16535
G0 F7200 X137.344 Y108.494
G0 X137.144 Y120.456
G1 F1800 X137.192 Y120.504 E138.16577
G0 F7200 X137.35 Y120.3
G1 F1500 E131.66577
;MESH:NONMESH
G0 F600 X137.35 Y120.3 Z15.2
G0 F7200 X136.97 Y109.836
G0 X132.333 Y111.331
G0 X128.963 Y110.72
G0 X127.67 Y111.328
G0 X124.333 Y111.331
G0 X120.963 Y110.72
G0 X119.67 Y111.328
G0 X116.333 Y111.331
G0 X114.19 Y110.45
G0 X112.938 Y109.787
G1 F1500 E138.16577
G0 F7200 X112.621 Y109.926
;TIME_ELAPSED:1419.725091
;LAYER:75
;TYPE:WALL-OUTER
;MESH:output_v2\A_fina_conjunto.stl
G1 F1800 X112.305 Y110.08 E138.17018
G1 X112.304 Y109.625 E138.17589
G1 X112.744 Y109.411 E138.18202
G1 X112.744 Y109.879 E138.18789
G1 X112.621 Y109.926 E138.18954
G0 F7200 X112.441 Y110.013
G0 X112.705 Y109.653
G1 F1500 E131.68954
G0 F7200 X112.644 Y109.653
G0 X115.276 Y109.835
G1 F1500 E138.18954
G0 F7200 X115.38 Y109.926
G1 F1800 X115.256 Y109.879 E138.19121
G1 X115.256 Y109.411 E138.19708
G1 X115.695 Y109.624 E138.20065
G1 X115.696 Y110.08 E138.20617
G1 X115.38 Y109.926 E138.20796
G0 F7200 X115.256 Y109.879
G0 X115.256 Y109.811
G0 X115.295 Y109.81
G1 F1500 E131.70796
G0 F7200 X115.356 Y109.81
G0 X115.266 Y112.427
G1 F1500 E138.20796
G0 F7200 X115.379 Y112.926
G1 F1800 X115.256 Y112.879 E138.20961
G1 X115.256 Y112.411 E138.21548
G1 X115.695 Y112.624 E138.21906
G1 X115.695 Y113.08 E138.22458
G1 X115.379 Y112.926 E138.22638
G0 F7200 X115.256 Y112.879
G0 X115.256 Y112.81
G0 X115.295 Y112.81
G1 F1500 E131.72638
G0 F7200 X115.356 Y112.81
G0 X112.724 Y112.835
G1 F1500 E138.22638
G0 F7200 X112.621 Y112.926
G1 F1800 X112.305 Y113.08 E138.23079
G1 X112.304 Y112.625 E138.23649
G1 X112.744 Y112.411 E138.24263
G1 X112.744 Y112.879 E138.2485
G1 X112.621 Y112.926 E138.25015
G0 F7200 X112.441 Y113.013
G0 X112.705 Y112.653
G1 F1500 E131.75015
G0 F7200 X112.644 Y112.653
G0 X112.734 Y115.427
G1 F1500 E138.25015
G0 F7200 X112.621 Y115.926
G1 F1800 X112.305 Y116.08 E138.25456
G1 X112.304 Y115.625 E138.26026
G1 X112.744 Y115.411 E138.2664
G1 X112.744 Y115.879 E138.27227
G1 X112.621 Y115.926 E138.27392
G0 F7200 X112.441 Y116.013
G0 X112.705 Y115.653
G1 F1500 E131.77392
G0 F7200 X112.644 Y115.653
G0 X115.276 Y115.835
G1 F1500 E138.27392
G0 F7200 X115.379 Y115.926
G1 F1800 X115.256 Y115.879 E138.27557
G1 X115.256 Y115.411 E138.28144
G1 X115.695 Y115.624 E138.28501
G1 X115.695 Y116.08 E138.29053
G1 X115.379 Y115.926 E138.29234
G0 F7200 X115.256 Y115.879
G0 X115.256 Y115.81
G0 X115.295 Y115.81
G1 F1500 E131.79234
G0 F7200 X115.356 Y115.81
G0 X115.266 Y118.427
G1 F1500 E138.29234
G0 F7200 X115.38 Y118.926
G1 F1800 X115.256 Y118.879 E138.294
G1 X115.256 Y118.411 E138.29987
G1 X115.695 Y118.624 E138.30344
G1 X115.696 Y119.08 E138.30896
G1 X115.38 Y118.926 E138.31076
G0 F7200 X115.256 Y118.879
G0 X115.256 Y118.811
G0 X115.295 Y118.81
G1 F1500 E131.81076
G0 F7200 X115.356 Y118.81
G0 X112.724 Y118.835
G1 F1500 E138.31076
G0 F7200 X112.621 Y118.926
G1 F1800 X112.305 Y119.08 E138.31516
G1 X112.304 Y118.625 E138.32087
G1 X112.744 Y118.411 E138.32701
G1 X112.744 Y118.879 E138.33287
G1 X112.621 Y118.926 E138.33453
G0 F7200 X112.441 Y119.013
G0 X112.705 Y118.653
G1 F1500 E131.83453
G0 F7200 X112.644 Y118.653
G0 X111.44 Y119.065
G0 X110.355 Y119.415
G0 X109.419 Y119.8
G1 F1500 E138.33453
G0 F7200 X109.489 Y119.9
G1 F1800 X109.087 Y119.9 E138.33957
G1 X109.087 Y119.4 E138.34584
G1 X109.49 Y119.4 E138.35089
G1 X109.489 Y119.9 E138.35716
G0 F7200 X109.289 Y119.9
G0 X109.289 Y119.8
G1 F1500 E131.85716
G0 F7200 X107.03 Y119.886
G1 F1500 E138.35716
G0 F7200 X107.05 Y120.7
G1 F1800 X106.25 Y120.7 E138.36719
G1 X106.25 Y108.3 E138.52269
G1 X107.05 Y108.3 E138.53273
G1 X107.05 Y120.7 E138.68823
G0 F7200 X106.85 Y120.7
G0 X106.736 Y120.386
;TYPE:SKIN
G1 F1800 X106.649 Y120.189 E138.69106
G1 X106.649 Y108.876 E138.83994
G1 X106.597 Y108.646 E138.84305
G0 F7200 X106.65 Y108.7
G1 F1500 E132.34305
G0 F7200 X107.03 Y118.835
G0 X108.234 Y118.547
G0 X110.344 Y118.547
G0 X111.46 Y120.43
G0 X116.543 Y120.433
G0 X119.44 Y118.807
G0 X120.582 Y118.835
G1 F1500 E138.84305
G0 F7200 X120.621 Y118.926
;TYPE:WALL-OUTER
G1 F1800 X120.305 Y119.08 E138.84745
G1 X120.304 Y118.625 E138.85316
G1 X120.744 Y118.411 E138.8593
G1 X120.744 Y118.879 E138.86517
G1 X120.621 Y118.926 E138.86682
G0 F7200 X120.441 Y119.013
G0 X120.705 Y118.653
G1 F1500 E132.36682
G0 F7200 X120.644 Y118.653
G0 X123.276 Y118.835
G1 F1500 E138.86682
G0 F7200 X123.379 Y118.926
G1 F1800 X123.256 Y118.879 E138.86847
G1 X123.256 Y118.411 E138.87434
G1 X123.695 Y118.624 E138.87791
G1 X123.695 Y119.08 E138.88343
G1 X123.379 Y118.926 E138.88523
G0 F7200 X123.256 Y118.879
G0 X123.256 Y118.81
G0 X123.295 Y118.81
G1 F1500 E132.38523
G0 F7200 X123.356 Y118.81
G0 X123.686 Y116.064
G1 F1500 E138.88523
G0 F7200 X123.38 Y115.926
G1 F1800 X123.256 Y115.879 E138.8869
G1 X123.256 Y115.411 E138.89277
G1 X123.695 Y115.624 E138.89634
G1 X123.696 Y116.08 E138.90186
G1 X123.38 Y115.926 E138.90365
G0 F7200 X123.256 Y115.879
G0 X123.256 Y115.811
G0 X123.295 Y115.81
G1 F1500 E132.40365
G0 F7200 X123.356 Y115.81
G0 X120.729 Y115.867
G1 F1500 E138.90365
G0 F7200 X120.62 Y115.926
G1 F1800 X120.305 Y116.079 E138.90804
G1 X120.304 Y115.625 E138.91374
G1 X120.744 Y115.411 E138.91987
G1 X120.745 Y115.878 E138.92573
G1 X120.62 Y115.926 E138.92741
G0 F7200 X120.44 Y116.013
G0 X120.705 Y115.653
G1 F1500 E132.42741
G0 F7200 X120.644 Y115.652
G0 X120.315 Y113.064
G1 F1500 E138.92741
G0 F7200 X120.621 Y112.926
G1 F1800 X120.305 Y113.08 E138.93182
G1 X120.304 Y112.625 E138.93752
G1 X120.744 Y112.411 E138.94366
G1 X120.744 Y112.879 E138.94953
G1 X120.621 Y112.926 E138.95118
G0 F7200 X120.441 Y113.013
G0 X120.705 Y112.653
G1 F1500 E132.45118
G0 F7200 X120.644 Y112.653
G0 X123.276 Y112.835
G1 F1500 E138.95118
G0 F7200 X123.379 Y112.926
G1 F1800 X123.256 Y112.879 E138.95283
G1 X123.256 Y112.411 E138.9587
G1 X123.695 Y112.624 E138.96227
G1 X123.695 Y113.08 E138.96779
G1 X123.379 Y112.926 E138.9696
G0 F7200 X123.256 Y112.879
G0 X123.256 Y112.81
G0 X123.295 Y112.81
G1 F1500 E132.4696
G0 F7200 X123.356 Y112.81
G0 X123.686 Y110.064
G1 F1500 E138.9696
G0 F7200 X123.38 Y109.926
G1 F1800 X123.256 Y109.879 E138.97126
G1 X123.256 Y109.411 E138.97713
G1 X123.695 Y109.624 E138.9807
G1 X123.696 Y110.08 E138.98622
G1 X123.38 Y109.926 E138.98801
G0 F7200 X123.256 Y109.879
G0 X123.256 Y109.811
G0 X123.295 Y109.81
G1 F1500 E132.48801
G0 F7200 X123.356 Y109.81
G0 X120.729 Y109.867
G1 F1500 E138.98801
G0 F7200 X120.62 Y109.926
G1 F1800 X120.305 Y110.079 E138.99241
G1 X120.304 Y109.625 E138.9981
G1 X120.744 Y109.411 E139.00423
G1 X120.745 Y109.878 E139.01009
G1 X120.62 Y109.926 E139.01177
G0 F7200 X120.44 Y110.013
G0 X120.705 Y109.653
G1 F1500 E132.51177
G0 F7200 X120.644 Y109.652
G0 X122.399 Y110.47
G0 X124.543 Y111.433
G0 X127.44 Y109.852
G0 X128.581 Y109.835
G1 F1500 E139.01177
G0 F7200 X128.62 Y109.926
G1 F1800 X128.305 Y110.079 E139.01616
G1 X128.304 Y109.625 E139.02186
G1 X128.744 Y109.411 E139.02799
G1 X128.745 Y109.878 E139.03385
G1 X128.62 Y109.926 E139.03553
G0 F7200 X128.44 Y110.013
G0 X128.705 Y109.653
G1 F1500 E132.53553
G0 F7200 X128.644 Y109.652
G0 X131.276 Y109.867
G1 F1500 E139.03553
G0 F7200 X131.38 Y109.926
G1 F1800 X131.256 Y109.879 E139.03719
G1 X131.256 Y109.411 E139.04306
G1 X131.695 Y109.624 E139.04663
G1 X131.696 Y110.08 E139.05215
G1 X131.38 Y109.926 E139.05395
G0 F7200 X131.256 Y109.879
G0 X131.256 Y109.811
G0 X131.295 Y109.81
G1 F1500 E132.55395
G0 F7200 X131.356 Y109.81
G0 X131.266 Y112.427
G1 F1500 E139.05395
G0 F7200 X131.379 Y112.926
G1 F1800 X131.256 Y112.879 E139.0556
G1 X131.256 Y112.411 E139.06147
G1 X131.695 Y112.624 E139.06504
G1 X131.695 Y113.08 E139.07056
G1 X131.379 Y112.926 E139.07236
G0 F7200 X131.256 Y112.879
G0 X131.256 Y112.81
G0 X131.295 Y112.81
G1 F1500 E132.57236
G0 F7200 X131.356 Y112.81
G0 X128.724 Y112.835
G1 F1500 E139.07236
G0 F7200 X128.621 Y112.926
G1 F1800 X128.305 Y113.08 E139.07677
G1 X128.305 Y112.624 E139.08249
G1 X128.744 Y112.411 E139.08861
G1 X128.744 Y112.879 E139.09448
G1 X128.621 Y112.926 E139.09613
G0 F7200 X128.441 Y113.013
G0 X128.705 Y112.653
G1 F1500 E132.59613
G0 F7200 X128.644 Y112.653
G0 X128.734 Y115.427
G1 F1500 E139.09613
G0 F7200 X128.62 Y115.926
G1 F1800 X128.305 Y116.079 E139.10052
G1 X128.305 Y115.624 E139.10623
G1 X128.744 Y115.411 E139.11234
G1 X128.745 Y115.878 E139.1182
G1 X128.62 Y115.926 E139.11988
G0 F7200 X128.44 Y116.013
G0 X128.705 Y115.653
G1 F1500 E132.61988
G0 F7200 X128.644 Y115.652
G0 X131.276 Y115.867
G1 F1500 E139.11988
G0 F7200 X131.38 Y115.926
G1 F1800 X131.256 Y115.879 E139.12154
G1 X131.256 Y115.411 E139.12741
G1 X131.695 Y115.624 E139.13099
G1 X131.696 Y116.08 E139.13651
G1 X131.38 Y115.926 E139.1383
G0 F7200 X131.256 Y115.879
G0 X131.256 Y115.811
G0 X131.295 Y115.81
G1 F1500 E132.6383
G0 F7200 X131.356 Y115.81
G0 X131.266 Y118.427
G1 F1500 E139.1383
G0 F7200 X131.379 Y118.926
G1 F1800 X131.256 Y118.879 E139.13995
G1 X131.256 Y118.411 E139.14582
G1 X131.695 Y118.624 E139.14939
G1 X131.695 Y119.08 E139.15491
G1 X131.379 Y118.926 E139.15672
G0 F7200 X131.256 Y118.879
G0 X131.256 Y118.81
G0 X131.295 Y118.81
G1 F1500 E132.65672
G0 F7200 X131.356 Y118.81
G0 X128.724 Y118.835
G1 F1500 E139.15672
G0 F7200 X128.621 Y118.926
G1 F1800 X128.305 Y119.08 E139.16112
G1 X128.304 Y118.625 E139.16683
G1 X128.744 Y118.411 E139.17297
G1 X128.744 Y118.879 E139.17883
G1 X128.621 Y118.926 E139.18049
G0 F7200 X128.441 Y119.013
G0 X128.705 Y118.653
G1 F1500 E132.68049
G0 F7200 X128.644 Y118.653
G0 X130.399 Y119.47
G0 X132.541 Y120.43
G0 X136.085 Y118.868
G0 X137.65 Y120.63
G1 F1500 E139.18049
G0 F7200 X137.75 Y120.7
G1 F1800 X136.95 Y120.7 E139.19052
G1 X136.95 Y108.3 E139.34602
G1 X137.75 Y108.3 E139.35605
G1 X137.75 Y120.7 E139.51155
G0 F7200 X137.55 Y120.7
G0 X137.5 Y120.451
;TYPE:SKIN
G1 F1800 X137.359 Y120.31 E139.51412
G1 X137.349 Y114.945 E139.58335
G1 X137.349 Y108.723 E139.66364
G1 X137.219 Y108.569 E139.66624
G0 F7200 X137.35 Y108.7
G1 F1500 E133.16624
;MESH:NONMESH
G0 F600 X137.35 Y108.7 Z15.4
G0 F7200 X136.97 Y109.877
G0 X132.543 Y111.433
G0 X128.957 Y110.723
G0 X127.46 Y111.43
G0 X124.543 Y111.433
G0 X120.957 Y110.723
G0 X119.46 Y111.43
G0 X116.543 Y111.433
G0 X114.399 Y110.47
G0 X112.724 Y109.877
G1 F1500 E139.66624
G0 F7200 X112.534 Y109.968
;TIME_ELAPSED:1441.307763
;LAYER:76
;TYPE:WALL-OUTER
;MESH:output_v2\A_fina_conjunto.stl
G1 F1800 X112.095 Y110.182 E139.67237
G1 X112.094 Y109.727 E139.67807
G1 X112.534 Y109.513 E139.68421
G1 X112.534 Y109.968 E139.68992
G0 F7200 X112.355 Y110.055
G0 X112.351 Y110.046
G1 F1500 E133.18992
G0 F7200 X112.314 Y109.965
G0 X112.524 Y112.529
G1 F1500 E139.68992
G0 F7200 X112.534 Y112.968
G1 F1800 X112.095 Y113.182 E139.69604
G1 X112.094 Y112.727 E139.70175
G1 X112.534 Y112.513 E139.70788
G1 X112.534 Y112.968 E139.71359
G0 F7200 X112.355 Y113.055
G0 X112.351 Y113.046
G1 F1500 E133.21359
G0 F7200 X112.314 Y112.965
G0 X112.524 Y115.529
G1 F1500 E139.71359
G0 F7200 X112.534 Y115.968
G1 F1800 X112.095 Y116.182 E139.71971
G1 X112.094 Y115.727 E139.72542
G1 X112.534 Y115.513 E139.73155
G1 X112.534 Y115.968 E139.73726
G0 F7200 X112.355 Y116.055
G0 X112.351 Y116.046
G1 F1500 E133.23726
G0 F7200 X112.314 Y115.965
G0 X112.524 Y118.529
G1 F1500 E139.73726
G0 F7200 X112.534 Y118.968
G1 F1800 X112.095 Y119.182 E139.74338
G1 X112.094 Y118.727 E139.74909
G1 X112.534 Y118.513 E139.75523
G1 X112.534 Y118.968 E139.76093
G0 F7200 X112.355 Y119.055
G0 X112.351 Y119.046
G1 F1500 E133.26093
G0 F7200 X112.314 Y118.965
G0 X109.502 Y119.414
G1 F1500 E139.76093
G0 F7200 X109.515 Y119.9
G1 F1800 X109.109 Y119.9 E139.76602
G1 X109.109 Y119.4 E139.77229
G1 X109.516 Y119.4 E139.7774
G1 X109.515 Y119.9 E139.78367
G0 F7200 X109.315 Y119.9
G0 X109.315 Y119.8
G1 F1500 E133.28367
G0 F7200 X107.03 Y119.886
G1 F1500 E139.78367
G0 F7200 X107.05 Y120.7
G1 F1800 X106.25 Y120.7 E139.7937
G1 X106.25 Y108.3 E139.9492
G1 X107.05 Y108.3 E139.95923
G1 X107.05 Y120.7 E140.11473
G0 F7200 X106.85 Y120.7
G0 X106.65 Y120.226
;TYPE:SKIN
G1 F1800 X106.65 Y119.943 E140.11847
G1 X106.65 Y108.912 E140.26426
G1 X106.826 Y108.523 E140.26991
G0 F7200 X106.797 Y108.494
G0 X106.445 Y120.304
G1 F1800 X106.644 Y120.503 E140.27167
G0 F7200 X106.65 Y120.3
G1 F1500 E133.77167
G0 F7200 X107.03 Y118.778
G0 X108.256 Y118.547
G0 X113.381 Y117.257
G0 X114.601 Y118.778
G0 X115.805 Y118.778
G1 F1500 E140.27167
G0 F7200 X115.905 Y118.726
;TYPE:WALL-OUTER
G1 F1800 X115.906 Y119.182 E140.27739
G1 X115.466 Y118.968 E140.28353
G1 X115.466 Y118.513 E140.28923
G1 X115.905 Y118.726 E140.29535
G0 F7200 X115.905 Y118.926
G0 X115.866 Y118.925
G1 F1500 E133.79535
G0 F7200 X115.805 Y118.924
G0 X115.895 Y116.165
G1 F1500 E140.29535
G0 F7200 X115.905 Y115.726
G1 F1800 X115.905 Y116.181 E140.30106
G1 X115.466 Y115.968 E140.30718
G1 X115.466 Y115.513 E140.31288
G1 X115.905 Y115.726 E140.319
G0 F7200 X115.905 Y115.926
G0 X115.866 Y115.926
G1 F1500 E133.819
G0 F7200 X115.805 Y115.926
G0 X115.895 Y113.165
G1 F1500 E140.319
G0 F7200 X115.905 Y112.726
G1 F1800 X115.905 Y113.181 E140.32471
G1 X115.466 Y112.968 E140.33083
G1 X115.466 Y112.513 E140.33653
G1 X115.905 Y112.726 E140.34265
G0 F7200 X115.905 Y112.926
G0 X115.866 Y112.926
G1 F1500 E133.84265
G0 F7200 X115.805 Y112.926
G0 X115.896 Y110.166
G1 F1500 E140.34265
G0 F7200 X115.905 Y109.726
G1 F1800 X115.906 Y110.182 E140.34837
G1 X115.466 Y109.968 E140.3545
G1 X115.466 Y109.513 E140.36021
G1 X115.905 Y109.726 E140.36633
G0 F7200 X115.905 Y109.926
G0 X115.866 Y109.925
G1 F1500 E133.86633
G0 F7200 X115.805 Y109.924
G0 X119.23 Y109.916
G0 X120.434 Y109.915
G1 F1500 E140.36633
G0 F7200 X120.535 Y109.968
G1 F1800 X120.095 Y110.182 E140.37247
G1 X120.094 Y109.727 E140.37817
G1 X120.534 Y109.513 E140.38431
G1 X120.535 Y109.968 E140.39001
G0 F7200 X120.356 Y110.055
G0 X120.352 Y110.046
G1 F1500 E133.89001
G0 F7200 X120.315 Y109.965
G0 X120.524 Y112.529
G1 F1500 E140.39001
G0 F7200 X120.534 Y112.968
G1 F1800 X120.095 Y113.182 E140.39614
G1 X120.094 Y112.727 E140.40184
G1 X120.534 Y112.513 E140.40798
G1 X120.534 Y112.968 E140.41369
G0 F7200 X120.355 Y113.055
G0 X120.351 Y113.046
G1 F1500 E133.91369
G0 F7200 X120.314 Y112.965
G0 X120.524 Y115.529
G1 F1500 E140.41369
G0 F7200 X120.535 Y115.968
G1 F1800 X120.095 Y116.182 E140.41982
G1 X120.094 Y115.727 E140.42553
G1 X120.534 Y115.513 E140.43166
G1 X120.535 Y115.968 E140.43737
G0 F7200 X120.356 Y116.055
G0 X120.352 Y116.046
G1 F1500 E133.93737
G0 F7200 X120.315 Y115.965
G0 X120.524 Y118.529
G1 F1500 E140.43737
G0 F7200 X120.534 Y118.968
G1 F1800 X120.095 Y119.182 E140.44349
G1 X120.094 Y118.727 E140.4492
G1 X120.534 Y118.513 E140.45533
G1 X120.534 Y118.968 E140.46104
G0 F7200 X120.355 Y119.055
G0 X120.351 Y119.046
G1 F1500 E133.96104
G0 F7200 X120.314 Y118.965
G0 X121.399 Y118.779
G0 X122.601 Y118.779
G0 X123.805 Y118.779
G1 F1500 E140.46104
G0 F7200 X123.905 Y118.726
G1 F1800 X123.905 Y119.181 E140.46675
G1 X123.466 Y118.968 E140.47287
G1 X123.466 Y118.513 E140.47857
G1 X123.905 Y118.726 E140.48469
G0 F7200 X123.905 Y118.926
G0 X123.866 Y118.926
G1 F1500 E133.98469
G0 F7200 X123.805 Y118.926
G0 X123.896 Y116.166
G1 F1500 E140.48469
G0 F7200 X123.905 Y115.726
G1 F1800 X123.906 Y116.182 E140.49041
G1 X123.466 Y115.968 E140.49654
G1 X123.466 Y115.513 E140.50225
G1 X123.905 Y115.726 E140.50837
G0 F7200 X123.905 Y115.926
G0 X123.866 Y115.925
G1 F1500 E134.00837
G0 F7200 X123.805 Y115.924
G0 X123.895 Y113.165
G1 F1500 E140.50837
G0 F7200 X123.905 Y112.726
G1 F1800 X123.905 Y113.181 E140.51408
G1 X123.466 Y112.968 E140.52019
G1 X123.466 Y112.513 E140.5259
G1 X123.905 Y112.726 E140.53202
G0 F7200 X123.905 Y112.926
G0 X123.866 Y112.926
G1 F1500 E134.03202
G0 F7200 X123.805 Y112.926
G0 X123.896 Y110.166
G1 F1500 E140.53202
G0 F7200 X123.905 Y109.726
G1 F1800 X123.906 Y110.182 E140.53774
G1 X123.466 Y109.968 E140.54387
G1 X123.466 Y109.513 E140.54958
G1 X123.905 Y109.726 E140.5557
G0 F7200 X123.905 Y109.926
G0 X123.866 Y109.925
G1 F1500 E134.0557
G0 F7200 X123.805 Y109.924
G0 X127.23 Y109.916
G0 X128.434 Y109.915
G1 F1500 E140.5557
G0 F7200 X128.535 Y109.968
G1 F1800 X128.095 Y110.182 E140.56183
G1 X128.094 Y109.727 E140.56754
G1 X128.534 Y109.513 E140.57368
G1 X128.535 Y109.968 E140.57938
G0 F7200 X128.356 Y110.055
G0 X128.352 Y110.046
G1 F1500 E134.07938
G0 F7200 X128.315 Y109.965
G0 X128.524 Y112.529
G1 F1500 E140.57938
G0 F7200 X128.534 Y112.968
G1 F1800 X128.095 Y113.181 E140.5855
G1 X128.095 Y112.726 E140.59121
G1 X128.534 Y112.513 E140.59733
G1 X128.534 Y112.968 E140.60303
G0 F7200 X128.354 Y113.055
G0 X128.35 Y113.047
G1 F1500 E134.10303
G0 F7200 X128.313 Y112.964
G0 X128.524 Y115.529
G1 F1500 E140.60303
G0 F7200 X128.535 Y115.968
G1 F1800 X128.095 Y116.182 E140.60917
G1 X128.095 Y115.726 E140.61489
G1 X128.534 Y115.513 E140.621
G1 X128.535 Y115.968 E140.62671
G0 F7200 X128.356 Y116.055
G0 X128.351 Y116.047
G1 F1500 E134.12671
G0 F7200 X128.314 Y115.965
G0 X128.524 Y118.529
G1 F1500 E140.62671
G0 F7200 X128.534 Y118.968
G1 F1800 X128.095 Y119.182 E140.63283
G1 X128.094 Y118.727 E140.63854
G1 X128.534 Y118.513 E140.64468
G1 X128.534 Y118.968 E140.65038
G0 F7200 X128.355 Y119.055
G0 X128.351 Y119.046
G1 F1500 E134.15038
G0 F7200 X128.314 Y118.965
G0 X129.399 Y118.779
G0 X130.601 Y118.779
G0 X131.805 Y118.779
G1 F1500 E140.65038
G0 F7200 X131.905 Y118.726
G1 F1800 X131.905 Y119.181 E140.65609
G1 X131.466 Y118.968 E140.66221
G1 X131.466 Y118.513 E140.66791
G1 X131.905 Y118.726 E140.67403
G0 F7200 X131.905 Y118.926
G0 X131.866 Y118.926
G1 F1500 E134.17403
G0 F7200 X131.805 Y118.926
G0 X131.896 Y116.166
G1 F1500 E140.67403
G0 F7200 X131.905 Y115.726
G1 F1800 X131.906 Y116.182 E140.67975
G1 X131.466 Y115.968 E140.68589
G1 X131.466 Y115.513 E140.69159
G1 X131.905 Y115.726 E140.69771
G0 F7200 X131.905 Y115.926
G0 X131.866 Y115.925
G1 F1500 E134.19771
G0 F7200 X131.805 Y115.924
G0 X131.895 Y113.165
G1 F1500 E140.69771
G0 F7200 X131.905 Y112.726
G1 F1800 X131.905 Y113.181 E140.70342
G1 X131.466 Y112.968 E140.70954
G1 X131.466 Y112.513 E140.71524
G1 X131.905 Y112.726 E140.72136
G0 F7200 X131.905 Y112.926
G0 X131.866 Y112.926
G1 F1500 E134.22136
G0 F7200 X131.805 Y112.926
G0 X131.896 Y110.166
G1 F1500 E140.72136
G0 F7200 X131.905 Y109.726
G1 F1800 X131.906 Y110.182 E140.72708
G1 X131.466 Y109.968 E140.73321
G1 X131.466 Y109.513 E140.73892
G1 X131.905 Y109.726 E140.74504
G0 F7200 X131.905 Y109.926
G0 X131.866 Y109.925
G1 F1500 E134.24504
G0 F7200 X131.805 Y109.924
G0 X136.085 Y110.166
G0 X137.65 Y120.63
G1 F1500 E140.74504
G0 F7200 X137.75 Y120.7
G1 F1800 X136.95 Y120.7 E140.75507
G1 X136.95 Y108.3 E140.91057
G1 X137.75 Y108.3 E140.9206
G1 X137.75 Y120.7 E141.07611
G0 F7200 X137.55 Y120.7
G0 X137.309 Y120.338
;TYPE:SKIN
G1 F1800 X137.349 Y120.095 E141.07937
G1 X137.349 Y108.781 E141.22944
G1 X137.449 Y108.599 E141.23219
G0 F7200 X137.344 Y108.494
G0 X137.144 Y120.456
G1 F1800 X137.192 Y120.504 E141.23262
G0 F7200 X137.35 Y120.3
G1 F1500 E134.73262
;MESH:NONMESH
G0 F600 X137.35 Y120.3 Z15.6
G0 F7200 X136.97 Y109.98
G0 X132.753 Y111.535
G0 X128.97 Y110.717
G0 X127.25 Y111.532
G0 X124.753 Y111.535
G0 X120.97 Y110.717
G0 X119.25 Y111.532
G0 X116.753 Y111.535
G0 X113.399 Y109.958
G0 X112.283 Y109.98
G1 F1500 E141.23262
G0 F7200 X112.325 Y110.07
;TIME_ELAPSED:1462.978201
;LAYER:77
;TYPE:WALL-OUTER
;MESH:output_v2\A_fina_conjunto.stl
G1 F1800 X111.885 Y110.284 E141.23875
G1 X111.884 Y109.829 E141.24446
G1 X112.324 Y109.615 E141.25059
G1 X112.325 Y110.07 E141.2563
G0 F7200 X112.146 Y110.157
G0 X112.142 Y110.148
G1 F1500 E134.7563
G0 F7200 X112.105 Y110.067
G0 X112.314 Y112.631
G1 F1500 E141.2563
G0 F7200 X112.325 Y113.07
G1 F1800 X111.885 Y113.284 E141.26243
G1 X111.884 Y112.829 E141.26814
G1 X112.324 Y112.615 E141.27428
G1 X112.325 Y113.07 E141.27998
G0 F7200 X112.146 Y113.157
G0 X112.142 Y113.148
G1 F1500 E134.77998
G0 F7200 X112.105 Y113.067
G0 X112.314 Y115.631
G1 F1500 E141.27998
G0 F7200 X112.325 Y116.07
G1 F1800 X111.884 Y116.284 E141.28613
G1 X111.884 Y115.829 E141.29184
G1 X112.324 Y115.615 E141.29797
G1 X112.325 Y116.07 E141.30368
G0 F7200 X112.145 Y116.157
G0 X112.142 Y116.148
G1 F1500 E134.80368
G0 F7200 X112.104 Y116.066
G0 X112.314 Y118.631
G1 F1500 E141.30368
G0 F7200 X112.325 Y119.07
G1 F1800 X111.884 Y119.284 E141.30982
G1 X111.884 Y118.829 E141.31553
G1 X112.324 Y118.615 E141.32167
G1 X112.325 Y119.07 E141.32737
G0 F7200 X112.145 Y119.157
G0 X112.142 Y119.148
G1 F1500 E134.82737
G0 F7200 X112.104 Y119.066
G0 X109.527 Y119.414
G1 F1500 E141.32737
G0 F7200 X109.54 Y119.9
G1 F1800 X109.132 Y119.9 E141.33249
G1 X109.132 Y119.4 E141.33876
G1 X109.541 Y119.4 E141.34389
G1 X109.54 Y119.9 E141.35016
G0 F7200 X109.34 Y119.9
G0 X109.34 Y119.8
G1 F1500 E134.85016
G0 F7200 X107.03 Y119.886
G1 F1500 E141.35016
G0 F7200 X107.05 Y120.7
G1 F1800 X106.25 Y120.7 E141.36019
G1 X106.25 Y108.3 E141.51569
G1 X107.05 Y108.3 E141.52572
G1 X107.05 Y120.7 E141.68122
G0 F7200 X106.85 Y120.7
G0 X106.736 Y120.386
;TYPE:SKIN
G1 F1800 X106.649 Y120.189 E141.68406
G1 X106.649 Y108.876 E141.83294
G1 X106.597 Y108.646 E141.83604
G0 F7200 X106.65 Y108.7
G1 F1500 E135.33604
G0 F7200 X107.03 Y118.882
G0 X108.279 Y118.547
G0 X113.169 Y117.265
G0 X114.811 Y118.882
G0 X116.016 Y118.882
G1 F1500 E141.83604
G0 F7200 X116.116 Y118.829
;TYPE:WALL-OUTER
G1 F1800 X116.116 Y119.285 E141.84176
G1 X115.676 Y119.071 E141.8479
G1 X115.676 Y118.615 E141.85362
G1 X116.116 Y118.829 E141.85975
G0 F7200 X116.116 Y119.029
G0 X116.076 Y119.029
G1 F1500 E135.35975
G0 F7200 X116.016 Y119.029
G0 X116.105 Y116.268
G1 F1500 E141.85975
G0 F7200 X116.116 Y115.829
G1 F1800 X116.115 Y116.284 E141.86546
G1 X115.676 Y116.071 E141.87158
G1 X115.676 Y115.615 E141.87729
G1 X116.116 Y115.829 E141.88343
G0 F7200 X116.116 Y116.029
G0 X116.076 Y116.028
G1 F1500 E135.38343
G0 F7200 X116.016 Y116.028
G0 X116.105 Y113.268
G1 F1500 E141.88343
G0 F7200 X116.116 Y112.829
G1 F1800 X116.115 Y113.284 E141.88914
G1 X115.676 Y113.071 E141.89526
G1 X115.676 Y112.615 E141.90097
G1 X116.116 Y112.829 E141.90711
G0 F7200 X116.116 Y113.029
G0 X116.076 Y113.028
G1 F1500 E135.40711
G0 F7200 X116.016 Y113.028
G0 X116.106 Y110.269
G1 F1500 E141.90711
G0 F7200 X116.116 Y109.829
G1 F1800 X116.116 Y110.285 E141.91283
G1 X115.676 Y110.071 E141.91896
G1 X115.676 Y109.615 E141.92468
G1 X116.116 Y109.829 E141.93082
G0 F7200 X116.116 Y110.029
G0 X116.076 Y110.029
G1 F1500 E135.43082
G0 F7200 X116.016 Y110.029
G0 X119.02 Y109.996
G0 X120.234 Y110.003
G1 F1500 E141.93082
G0 F7200 X120.324 Y110.071
G1 F1800 X119.885 Y110.284 E141.93694
G1 X119.884 Y109.829 E141.94264
G1 X120.324 Y109.615 E141.94878
G1 X120.324 Y110.071 E141.9545
G0 F7200 X120.144 Y110.158
G0 X120.141 Y110.148
G1 F1500 E135.4545
G0 F7200 X120.103 Y110.067
G0 X120.314 Y112.631
G1 F1500 E141.9545
G0 F7200 X120.324 Y113.071
G1 F1800 X119.885 Y113.284 E141.96062
G1 X119.884 Y112.829 E141.96632
G1 X120.324 Y112.615 E141.97246
G1 X120.324 Y113.071 E141.97818
G0 F7200 X120.144 Y113.158
G0 X120.141 Y113.148
G1 F1500 E135.47818
G0 F7200 X120.103 Y113.067
G0 X120.314 Y115.631
G1 F1500 E141.97818
G0 F7200 X120.325 Y116.07
G1 F1800 X119.884 Y116.284 E141.98432
G1 X119.884 Y115.829 E141.99003
G1 X120.324 Y115.615 E141.99616
G1 X120.325 Y116.07 E142.00187
G0 F7200 X120.145 Y116.157
G0 X120.142 Y116.148
G1 F1500 E135.50187
G0 F7200 X120.104 Y116.066
G0 X120.314 Y118.631
G1 F1500 E142.00187
G0 F7200 X120.325 Y119.07
G1 F1800 X119.884 Y119.284 E142.00802
G1 X119.884 Y118.829 E142.01372
G1 X120.324 Y118.615 E142.01986
G1 X120.325 Y119.07 E142.02556
G0 F7200 X120.145 Y119.157
G0 X120.142 Y119.148
G1 F1500 E135.52556
G0 F7200 X120.104 Y119.066
G0 X121.189 Y118.888
G0 X122.81 Y118.889
G0 X124.016 Y118.881
G1 F1500 E142.02556
G0 F7200 X124.116 Y118.829
G1 F1800 X124.115 Y119.284 E142.03127
G1 X123.675 Y119.07 E142.03741
G1 X123.675 Y118.615 E142.04311
G1 X124.116 Y118.829 E142.04926
G0 F7200 X124.116 Y119.029
G0 X124.075 Y119.028
G1 F1500 E135.54926
G0 F7200 X124.016 Y119.028
G0 X124.106 Y116.268
G1 F1500 E142.04926
G0 F7200 X124.116 Y115.829
G1 F1800 X124.116 Y116.284 E142.05497
G1 X123.675 Y116.07 E142.06111
G1 X123.675 Y115.615 E142.06682
G1 X124.116 Y115.829 E142.07297
G0 F7200 X124.116 Y116.029
G0 X124.075 Y116.029
G1 F1500 E135.57297
G0 F7200 X124.016 Y116.029
G0 X124.105 Y113.268
G1 F1500 E142.07297
G0 F7200 X124.116 Y112.829
G1 F1800 X124.115 Y113.284 E142.07867
G1 X123.675 Y113.07 E142.08481
G1 X123.676 Y112.615 E142.09051
G1 X124.116 Y112.829 E142.09665
G0 F7200 X124.116 Y113.029
G0 X124.075 Y113.028
G1 F1500 E135.59665
G0 F7200 X124.016 Y113.028
G0 X124.106 Y110.268
G1 F1500 E142.09665
G0 F7200 X124.116 Y109.829
G1 F1800 X124.116 Y110.284 E142.10235
G1 X123.675 Y110.07 E142.1085
G1 X123.676 Y109.615 E142.11421
G1 X124.116 Y109.829 E142.12034
G0 F7200 X124.116 Y110.029
G0 X124.075 Y110.029
G1 F1500 E135.62034
G0 F7200 X124.016 Y110.029
G0 X127.019 Y110.017
G0 X128.224 Y110.017
G1 F1500 E142.12034
G0 F7200 X128.325 Y110.07
G1 F1800 X127.884 Y110.284 E142.12649
G1 X127.884 Y109.829 E142.1322
G1 X128.324 Y109.615 E142.13833
G1 X128.325 Y110.07 E142.14404
G0 F7200 X128.145 Y110.157
G0 X128.142 Y110.148
G1 F1500 E135.64404
G0 F7200 X128.104 Y110.066
G0 X128.314 Y112.631
G1 F1500 E142.14404
G0 F7200 X128.325 Y113.07
G1 F1800 X127.884 Y113.284 E142.15018
G1 X127.885 Y112.828 E142.1559
G1 X128.324 Y112.615 E142.16202
G1 X128.325 Y113.07 E142.16773
G0 F7200 X128.145 Y113.157
G0 X128.141 Y113.148
G1 F1500 E135.66773
G0 F7200 X128.104 Y113.066
G0 X128.314 Y115.631
G1 F1500 E142.16773
G0 F7200 X128.325 Y116.07
G1 F1800 X127.884 Y116.284 E142.17388
G1 X127.885 Y115.828 E142.17959
G1 X128.324 Y115.615 E142.18571
G1 X128.325 Y116.07 E142.19142
G0 F7200 X128.145 Y116.157
G0 X128.141 Y116.148
G1 F1500 E135.69142
G0 F7200 X128.104 Y116.066
G0 X128.314 Y118.631
G1 F1500 E142.19142
G0 F7200 X128.325 Y119.07
G1 F1800 X127.884 Y119.284 E142.19757
G1 X127.884 Y118.829 E142.20327
G1 X128.324 Y118.615 E142.20941
G1 X128.325 Y119.07 E142.21511
G0 F7200 X128.145 Y119.157
G0 X128.142 Y119.148
G1 F1500 E135.71511
G0 F7200 X128.104 Y119.066
G0 X129.189 Y118.888
G0 X130.81 Y118.889
G0 X132.016 Y118.881
G1 F1500 E142.21511
G0 F7200 X132.116 Y118.829
G1 F1800 X132.115 Y119.284 E142.22082
G1 X131.675 Y119.07 E142.22695
G1 X131.675 Y118.615 E142.23266
G1 X132.116 Y118.829 E142.23881
G0 F7200 X132.116 Y119.029
G0 X132.075 Y119.028
G1 F1500 E135.73881
G0 F7200 X132.016 Y119.028
G0 X132.106 Y116.268
G1 F1500 E142.23881
G0 F7200 X132.116 Y115.829
G1 F1800 X132.116 Y116.284 E142.24451
G1 X131.675 Y116.07 E142.25066
G1 X131.675 Y115.615 E142.25637
G1 X132.116 Y115.829 E142.26251
G0 F7200 X132.116 Y116.029
G0 X132.075 Y116.029
G1 F1500 E135.76251
G0 F7200 X132.016 Y116.029
G0 X132.105 Y113.268
G1 F1500 E142.26251
G0 F7200 X132.116 Y112.829
G1 F1800 X132.115 Y113.284 E142.26822
G1 X131.675 Y113.07 E142.27436
G1 X131.676 Y112.615 E142.28006
G1 X132.116 Y112.829 E142.2862
G0 F7200 X132.116 Y113.029
G0 X132.075 Y113.028
G1 F1500 E135.7862
G0 F7200 X132.016 Y113.028
G0 X132.106 Y110.268
G1 F1500 E142.2862
G0 F7200 X132.116 Y109.829
G1 F1800 X132.116 Y110.284 E142.2919
G1 X131.675 Y110.07 E142.29805
G1 X131.676 Y109.615 E142.30376
G1 X132.116 Y109.829 E142.30989
G0 F7200 X132.116 Y110.029
G0 X132.075 Y110.029
G1 F1500 E135.80989
G0 F7200 X132.016 Y110.029
G0 X136.085 Y110.268
G0 X137.65 Y120.63
G1 F1500 E142.30989
G0 F7200 X137.75 Y120.7
G1 F1800 X136.95 Y120.7 E142.31992
G1 X136.95 Y108.3 E142.47542
G1 X137.75 Y108.3 E142.48546
G1 X137.75 Y120.7 E142.64096
G0 F7200 X137.55 Y120.7
G0 X137.5 Y120.451
;TYPE:SKIN
G1 F1800 X137.359 Y120.31 E142.64353
G1 X137.349 Y114.945 E142.71276
G1 X137.349 Y108.723 E142.79305
G1 X137.219 Y108.569 E142.79565
G0 F7200 X137.35 Y108.7
G1 F1500 E136.29565
;MESH:NONMESH
G0 F600 X137.35 Y108.7 Z15.8
G0 F7200 X136.97 Y110.082
G0 X132.962 Y111.636
G0 X129.183 Y110.607
G0 X127.038 Y111.636
G0 X124.962 Y111.636
G0 X121.182 Y110.608
G0 X119.04 Y111.633
G0 X116.962 Y111.635
G0 X113.189 Y110.059
G0 X112.074 Y110.082
G1 F1500 E142.79565
G0 F7200 X112.115 Y110.172
;TIME_ELAPSED:1484.368021
;LAYER:78
;TYPE:WALL-OUTER
;MESH:output_v2\A_fina_conjunto.stl
G1 F1800 X111.676 Y110.386 E142.80177
G1 X111.675 Y109.931 E142.80748
G1 X112.114 Y109.717 E142.8136
G1 X112.115 Y110.172 E142.81931
G0 F7200 X111.936 Y110.259
G0 X111.932 Y110.25
G1 F1500 E136.31931
G0 F7200 X111.895 Y110.169
G0 X112.104 Y112.733
G1 F1500 E142.81931
G0 F7200 X112.115 Y113.172
G1 F1800 X111.676 Y113.386 E142.82543
G1 X111.675 Y112.931 E142.83114
G1 X112.114 Y112.717 E142.83727
G1 X112.115 Y113.172 E142.84297
G0 F7200 X111.936 Y113.259
G0 X111.932 Y113.25
G1 F1500 E136.34297
G0 F7200 X111.895 Y113.169
G0 X112.104 Y115.733
G1 F1500 E142.84297
G0 F7200 X112.115 Y116.172
G1 F1800 X111.675 Y116.386 E142.84911
G1 X111.675 Y115.931 E142.85481
G1 X112.114 Y115.717 E142.86094
G1 X112.115 Y116.172 E142.86664
G0 F7200 X111.936 Y116.259
G0 X111.932 Y116.25
G1 F1500 E136.36664
G0 F7200 X111.895 Y116.169
G0 X112.104 Y118.733
G1 F1500 E142.86664
G0 F7200 X112.115 Y119.172
G1 F1800 X111.675 Y119.386 E142.87278
G1 X111.675 Y118.931 E142.87848
G1 X112.114 Y118.717 E142.88461
G1 X112.115 Y119.172 E142.89032
G0 F7200 X111.936 Y119.259
G0 X111.932 Y119.25
G1 F1500 E136.39032
G0 F7200 X111.895 Y119.169
G0 X109.558 Y119.414
G1 F1500 E142.89032
G0 F7200 X109.572 Y119.9
G1 F1800 X109.162 Y119.9 E142.89546
G1 X109.163 Y119.4 E142.90173
G1 X109.572 Y119.4 E142.90686
G1 X109.572 Y119.9 E142.91313
G0 F7200 X109.372 Y119.9
G0 X109.372 Y119.8
G1 F1500 E136.41313
G0 F7200 X107.03 Y119.886
G1 F1500 E142.91313
G0 F7200 X107.05 Y120.7
G1 F1800 X106.25 Y120.7 E142.92316
G1 X106.25 Y108.3 E143.07866
G1 X107.05 Y108.3 E143.08869
G1 X107.05 Y120.7 E143.24419
G0 F7200 X106.85 Y120.7
G0 X106.65 Y120.226
;TYPE:SKIN
G1 F1800 X106.65 Y119.943 E143.24793
G1 X106.65 Y108.912 E143.39372
G1 X106.826 Y108.523 E143.39937
G0 F7200 X106.797 Y108.494
G0 X106.445 Y120.304
G1 F1800 X106.644 Y120.503 E143.40113
G0 F7200 X106.65 Y120.3
G1 F1500 E136.90113
G0 F7200 X107.03 Y118.984
G0 X108.311 Y118.547
G0 X112.959 Y117.367
G0 X115.021 Y118.984
G0 X116.225 Y118.984
G1 F1500 E143.40113
G0 F7200 X116.325 Y118.931
;TYPE:WALL-OUTER
G1 F1800 X116.325 Y119.386 E143.40684
G1 X115.886 Y119.173 E143.41296
G1 X115.886 Y118.718 E143.41866
G1 X116.325 Y118.931 E143.42478
G0 F7200 X116.325 Y119.131
G0 X116.286 Y119.131
G1 F1500 E136.92478
G0 F7200 X116.225 Y119.131
G0 X116.314 Y116.37
G1 F1500 E143.42478
G0 F7200 X116.325 Y115.931
G1 F1800 X116.324 Y116.386 E143.43049
G1 X115.886 Y116.173 E143.43659
G1 X115.886 Y115.718 E143.4423
G1 X116.325 Y115.931 E143.44842
G0 F7200 X116.325 Y116.131
G0 X116.286 Y116.13
G1 F1500 E136.94842
G0 F7200 X116.225 Y116.13
G0 X116.314 Y113.37
G1 F1500 E143.44842
G0 F7200 X116.325 Y112.931
G1 F1800 X116.324 Y113.386 E143.45412
G1 X115.886 Y113.173 E143.46023
G1 X115.886 Y112.718 E143.46594
G1 X116.325 Y112.931 E143.47206
G0 F7200 X116.325 Y113.131
G0 X116.286 Y113.13
G1 F1500 E136.97206
G0 F7200 X116.225 Y113.13
G0 X116.315 Y110.37
G1 F1500 E143.47206
G0 F7200 X116.325 Y109.931
G1 F1800 X116.325 Y110.386 E143.47776
G1 X115.886 Y110.173 E143.48388
G1 X115.886 Y109.718 E143.48959
G1 X116.325 Y109.931 E143.49571
G0 F7200 X116.325 Y110.131
G0 X116.286 Y110.131
G1 F1500 E136.99571
G0 F7200 X116.225 Y110.131
G0 X118.811 Y110.1
G0 X120.024 Y110.106
G1 F1500 E143.49571
G0 F7200 X120.114 Y110.173
G1 F1800 X119.676 Y110.386 E143.50181
G1 X119.675 Y109.931 E143.50752
G1 X120.114 Y109.718 E143.51364
G1 X120.114 Y110.173 E143.51935
G0 F7200 X119.935 Y110.26
G0 X119.931 Y110.252
G1 F1500 E137.01935
G0 F7200 X119.893 Y110.17
G0 X120.104 Y112.734
G1 F1500 E143.51935
G0 F7200 X120.114 Y113.173
G1 F1800 X119.676 Y113.386 E143.52545
G1 X119.675 Y112.931 E143.53116
G1 X120.114 Y112.718 E143.53728
G1 X120.114 Y113.173 E143.54298
G0 F7200 X119.935 Y113.26
G0 X119.931 Y113.252
G1 F1500 E137.04298
G0 F7200 X119.893 Y113.17
G0 X120.104 Y115.733
G1 F1500 E143.54298
G0 F7200 X120.115 Y116.172
G1 F1800 X119.675 Y116.386 E143.54912
G1 X119.675 Y115.931 E143.55483
G1 X120.114 Y115.717 E143.56095
G1 X120.115 Y116.172 E143.56666
G0 F7200 X119.936 Y116.259
G0 X119.932 Y116.25
G1 F1500 E137.06666
G0 F7200 X119.895 Y116.169
G0 X120.104 Y118.733
G1 F1500 E143.56666
G0 F7200 X120.115 Y119.172
G1 F1800 X119.675 Y119.386 E143.57279
G1 X119.675 Y118.931 E143.5785
G1 X120.114 Y118.717 E143.58462
G1 X120.115 Y119.172 E143.59033
G0 F7200 X119.936 Y119.259
G0 X119.932 Y119.25
G1 F1500 E137.09033
G0 F7200 X119.895 Y119.169
G0 X120.979 Y118.991
G0 X123.02 Y118.992
G0 X124.225 Y118.983
G1 F1500 E143.59033
G0 F7200 X124.325 Y118.931
G1 F1800 X124.324 Y119.386 E143.59603
G1 X123.885 Y119.172 E143.60216
G1 X123.885 Y118.717 E143.60786
G1 X124.325 Y118.931 E143.614
G0 F7200 X124.325 Y119.131
G0 X124.285 Y119.13
G1 F1500 E137.114
G0 F7200 X124.225 Y119.13
G0 X124.315 Y116.37
G1 F1500 E143.614
G0 F7200 X124.325 Y115.931
G1 F1800 X124.325 Y116.386 E143.61971
G1 X123.885 Y116.172 E143.62584
G1 X123.885 Y115.717 E143.63155
G1 X124.325 Y115.931 E143.63768
G0 F7200 X124.325 Y116.131
G0 X124.285 Y116.131
G1 F1500 E137.13768
G0 F7200 X124.225 Y116.131
G0 X124.314 Y113.37
G1 F1500 E143.63768
G0 F7200 X124.325 Y112.931
G1 F1800 X124.324 Y113.386 E143.64339
G1 X123.885 Y113.172 E143.64951
G1 X123.886 Y112.717 E143.65522
G1 X124.325 Y112.931 E143.66134
G0 F7200 X124.325 Y113.131
G0 X124.285 Y113.13
G1 F1500 E137.16134
G0 F7200 X124.225 Y113.13
G0 X124.315 Y110.37
G1 F1500 E143.66134
G0 F7200 X124.325 Y109.931
G1 F1800 X124.325 Y110.386 E143.66705
G1 X123.885 Y110.172 E143.67319
G1 X123.886 Y109.717 E143.67889
G1 X124.325 Y109.931 E143.68502
G0 F7200 X124.325 Y110.131
G0 X124.285 Y110.131
G1 F1500 E137.18502
G0 F7200 X124.225 Y110.131
G0 X126.81 Y110.119
G0 X128.014 Y110.119
G1 F1500 E143.68502
G0 F7200 X128.115 Y110.172
G1 F1800 X127.675 Y110.386 E143.69115
G1 X127.675 Y109.931 E143.69686
G1 X128.114 Y109.717 E143.70298
G1 X128.115 Y110.172 E143.70869
G0 F7200 X127.936 Y110.259
G0 X127.932 Y110.25
G1 F1500 E137.20869
G0 F7200 X127.895 Y110.169
G0 X128.104 Y112.733
G1 F1500 E143.70869
G0 F7200 X128.115 Y113.172
G1 F1800 X127.675 Y113.386 E143.71482
G1 X127.676 Y112.93 E143.72054
G1 X128.114 Y112.717 E143.72665
G1 X128.115 Y113.172 E143.73236
G0 F7200 X127.936 Y113.259
G0 X127.931 Y113.25
G1 F1500 E137.23236
G0 F7200 X127.894 Y113.169
G0 X128.104 Y115.733
G1 F1500 E143.73236
G0 F7200 X128.115 Y116.172
G1 F1800 X127.675 Y116.386 E143.73849
G1 X127.676 Y115.93 E143.74421
G1 X128.114 Y115.717 E143.75032
G1 X128.115 Y116.172 E143.75602
G0 F7200 X127.936 Y116.259
G0 X127.931 Y116.25
G1 F1500 E137.25602
G0 F7200 X127.894 Y116.169
G0 X128.104 Y118.733
G1 F1500 E143.75602
G0 F7200 X128.115 Y119.172
G1 F1800 X127.675 Y119.386 E143.76216
G1 X127.675 Y118.931 E143.76787
G1 X128.114 Y118.717 E143.77399
G1 X128.115 Y119.172 E143.7797
G0 F7200 X127.936 Y119.259
G0 X127.932 Y119.25
G1 F1500 E137.2797
G0 F7200 X127.895 Y119.169
G0 X128.979 Y118.991
G0 X131.02 Y118.992
G0 X132.225 Y118.983
G1 F1500 E143.7797
G0 F7200 X132.325 Y118.931
G1 F1800 X132.324 Y119.386 E143.7854
G1 X131.885 Y119.172 E143.79153
G1 X131.885 Y118.717 E143.79723
G1 X132.325 Y118.931 E143.80337
G0 F7200 X132.325 Y119.131
G0 X132.285 Y119.13
G1 F1500 E137.30337
G0 F7200 X132.225 Y119.13
G0 X132.315 Y116.37
G1 F1500 E143.80337
G0 F7200 X132.325 Y115.931
G1 F1800 X132.325 Y116.386 E143.80907
G1 X131.885 Y116.172 E143.81521
G1 X131.885 Y115.717 E143.82092
G1 X132.325 Y115.931 E143.82705
G0 F7200 X132.325 Y116.131
G0 X132.285 Y116.131
G1 F1500 E137.32705
G0 F7200 X132.225 Y116.131
G0 X132.314 Y113.37
G1 F1500 E143.82705
G0 F7200 X132.325 Y112.931
G1 F1800 X132.324 Y113.386 E143.83276
G1 X131.885 Y113.172 E143.83888
G1 X131.886 Y112.717 E143.84459
G1 X132.325 Y112.931 E143.85071
G0 F7200 X132.325 Y113.131
G0 X132.285 Y113.13
G1 F1500 E137.35071
G0 F7200 X132.225 Y113.13
G0 X132.315 Y110.37
G1 F1500 E143.85071
G0 F7200 X132.325 Y109.931
G1 F1800 X132.325 Y110.386 E143.85642
G1 X131.885 Y110.172 E143.86255
G1 X131.886 Y109.717 E143.86826
G1 X132.325 Y109.931 E143.87438
G0 F7200 X132.325 Y110.131
G0 X132.285 Y110.131
G1 F1500 E137.37438
G0 F7200 X132.225 Y110.131
G0 X136.085 Y110.37
G0 X137.65 Y120.63
G1 F1500 E143.87438
G0 F7200 X137.75 Y120.7
G1 F1800 X136.95 Y120.7 E143.88442
G1 X136.95 Y108.3 E144.03992
G1 X137.75 Y108.3 E144.04995
G1 X137.75 Y120.7 E144.20545
G0 F7200 X137.55 Y120.7
G0 X137.309 Y120.338
;TYPE:SKIN
G1 F1800 X137.349 Y120.095 E144.20872
G1 X137.349 Y108.781 E144.35878
G1 X137.449 Y108.599 E144.36153
G0 F7200 X137.344 Y108.494
G0 X137.144 Y120.456
G1 F1800 X137.192 Y120.504 E144.36196
G0 F7200 X137.35 Y120.3
G1 F1500 E137.86196
;MESH:NONMESH
G0 F600 X137.35 Y120.3 Z16
G0 F7200 X136.97 Y110.184
G0 X133.171 Y111.738
G0 X128.973 Y110.709
G0 X126.829 Y111.738
G0 X125.171 Y111.738
G0 X120.972 Y110.71
G0 X118.831 Y111.736
G0 X117.171 Y111.738
G0 X112.979 Y110.161
G0 X111.864 Y110.184
G1 F1500 E144.36196
G0 F7200 X111.905 Y110.274
;TIME_ELAPSED:1506.026275
;LAYER:79
;TYPE:WALL-OUTER
;MESH:output_v2\A_fina_conjunto.stl
G1 F1800 X111.466 Y110.486 E144.36807
G1 X111.465 Y110.032 E144.37377
G1 X111.904 Y109.819 E144.37989
G1 X111.905 Y110.274 E144.38559
G0 F7200 X111.725 Y110.361
G0 X111.721 Y110.353
G1 F1500 E137.88559
G0 F7200 X111.682 Y110.27
G0 X111.894 Y112.835
G1 F1500 E144.38559
G0 F7200 X111.905 Y113.274
G1 F1800 X111.466 Y113.486 E144.3917
G1 X111.465 Y113.032 E144.3974
G1 X111.904 Y112.819 E144.40352
G1 X111.905 Y113.274 E144.40922
G0 F7200 X111.725 Y113.361
G0 X111.721 Y113.353
G1 F1500 E137.90922
G0 F7200 X111.682 Y113.27
G0 X111.894 Y115.835
G1 F1500 E144.40922
G0 F7200 X111.905 Y116.274
G1 F1800 X111.466 Y116.486 E144.41534
G1 X111.465 Y116.032 E144.42103
G1 X111.904 Y115.819 E144.42715
G1 X111.905 Y116.274 E144.43285
G0 F7200 X111.725 Y116.361
G0 X111.721 Y116.353
G1 F1500 E137.93285
G0 F7200 X111.682 Y116.27
G0 X111.894 Y118.835
G1 F1500 E144.43285
G0 F7200 X111.905 Y119.274
G1 F1800 X111.466 Y119.486 E144.43897
G1 X111.465 Y119.032 E144.44466
G1 X111.904 Y118.819 E144.45078
G1 X111.905 Y119.274 E144.45649
G0 F7200 X111.725 Y119.361
G0 X111.721 Y119.353
G1 F1500 E137.95649
G0 F7200 X111.682 Y119.27
G0 X109.59 Y119.47
G1 F1500 E144.45649
G0 F7200 X109.61 Y119.9
G1 F1800 X109.196 Y119.9 E144.46168
G1 X109.197 Y119.4 E144.46795
G1 X109.61 Y119.4 E144.47313
G1 X109.61 Y119.9 E144.4794
G0 F7200 X109.41 Y119.9
G0 X109.41 Y119.8
G1 F1500 E137.9794
G0 F7200 X107.03 Y119.886
G1 F1500 E144.4794
G0 F7200 X107.05 Y120.7
G1 F1800 X106.25 Y120.7 E144.48943
G1 X106.25 Y108.3 E144.64493
G1 X107.05 Y108.3 E144.65496
G1 X107.05 Y120.7 E144.81046
G0 F7200 X106.85 Y120.7
G0 X106.736 Y120.386
;TYPE:SKIN
G1 F1800 X106.649 Y120.189 E144.8133
G1 X106.649 Y108.876 E144.96218
G1 X106.597 Y108.646 E144.96528
G0 F7200 X106.65 Y108.7
G1 F1500 E138.46528
G0 F7200 X107.03 Y119.084
G0 X108.345 Y118.547
G0 X112.749 Y117.47
G0 X115.231 Y119.084
G0 X116.434 Y119.084
G1 F1500 E144.96528
G0 F7200 X116.534 Y119.032
;TYPE:WALL-OUTER
G1 F1800 X116.535 Y119.488 E144.971
G1 X116.096 Y119.275 E144.97712
G1 X116.096 Y118.819 E144.98284
G1 X116.534 Y119.032 E144.98895
G0 F7200 X116.534 Y119.232
G0 X116.496 Y119.231
G1 F1500 E138.48895
G0 F7200 X116.434 Y119.23
G0 X116.525 Y116.472
G1 F1500 E144.98895
G0 F7200 X116.534 Y116.032
G1 F1800 X116.535 Y116.488 E144.99467
G1 X116.096 Y116.275 E145.00078
G1 X116.096 Y115.819 E145.0065
G1 X116.534 Y116.032 E145.01261
G0 F7200 X116.534 Y116.232
G0 X116.496 Y116.231
G1 F1500 E138.51261
G0 F7200 X116.434 Y116.23
G0 X116.525 Y113.472
G1 F1500 E145.01261
G0 F7200 X116.534 Y113.032
G1 F1800 X116.535 Y113.488 E145.01833
G1 X116.096 Y113.275 E145.02445
G1 X116.096 Y112.819 E145.03017
G1 X116.534 Y113.032 E145.03627
G0 F7200 X116.534 Y113.232
G0 X116.496 Y113.231
G1 F1500 E138.53627
G0 F7200 X116.434 Y113.23
G0 X116.525 Y110.472
G1 F1500 E145.03627
G0 F7200 X116.534 Y110.032
G1 F1800 X116.535 Y110.488 E145.04199
G1 X116.096 Y110.275 E145.04811
G1 X116.096 Y109.819 E145.05383
G1 X116.534 Y110.032 E145.05994
G0 F7200 X116.534 Y110.232
G0 X116.496 Y110.231
G1 F1500 E138.55994
G0 F7200 X116.434 Y110.23
G0 X118.601 Y110.209
G0 X119.814 Y110.207
G1 F1500 E145.05994
G0 F7200 X119.904 Y110.275
G1 F1800 X119.466 Y110.487 E145.06604
G1 X119.465 Y110.032 E145.07175
G1 X119.904 Y109.819 E145.07787
G1 X119.904 Y110.275 E145.08358
G0 F7200 X119.724 Y110.362
G0 X119.72 Y110.353
G1 F1500 E138.58358
G0 F7200 X119.682 Y110.271
G0 X119.894 Y112.835
G1 F1500 E145.08358
G0 F7200 X119.904 Y113.275
G1 F1800 X119.466 Y113.487 E145.08969
G1 X119.465 Y113.032 E145.09539
G1 X119.904 Y112.819 E145.10151
G1 X119.904 Y113.275 E145.10723
G0 F7200 X119.724 Y113.362
G0 X119.72 Y113.353
G1 F1500 E138.60723
G0 F7200 X119.682 Y113.271
G0 X119.894 Y115.835
G1 F1500 E145.10723
G0 F7200 X119.905 Y116.274
G1 F1800 X119.466 Y116.486 E145.11334
G1 X119.465 Y116.032 E145.11904
G1 X119.904 Y115.819 E145.12515
G1 X119.905 Y116.274 E145.13086
G0 F7200 X119.725 Y116.361
G0 X119.721 Y116.353
G1 F1500 E138.63086
G0 F7200 X119.682 Y116.27
G0 X119.894 Y118.835
G1 F1500 E145.13086
G0 F7200 X119.905 Y119.274
G1 F1800 X119.466 Y119.486 E145.13697
G1 X119.465 Y119.032 E145.14267
G1 X119.904 Y118.819 E145.14879
G1 X119.905 Y119.274 E145.15449
G0 F7200 X119.725 Y119.361
G0 X119.721 Y119.353
G1 F1500 E138.65449
G0 F7200 X119.682 Y119.27
G0 X120.769 Y119.092
G0 X123.231 Y119.085
G0 X124.434 Y119.084
G1 F1500 E145.15449
G0 F7200 X124.534 Y119.032
G1 F1800 X124.535 Y119.488 E145.16021
G1 X124.096 Y119.275 E145.16633
G1 X124.095 Y118.819 E145.17205
G1 X124.534 Y119.032 E145.17817
G0 F7200 X124.534 Y119.232
G0 X124.496 Y119.232
G1 F1500 E138.67817
G0 F7200 X124.434 Y119.231
G0 X124.525 Y116.472
G1 F1500 E145.17817
G0 F7200 X124.534 Y116.032
G1 F1800 X124.535 Y116.488 E145.18389
G1 X124.096 Y116.275 E145.19
G1 X124.095 Y115.819 E145.19572
G1 X124.534 Y116.032 E145.20184
G0 F7200 X124.534 Y116.232
G0 X124.496 Y116.232
G1 F1500 E138.70184
G0 F7200 X124.434 Y116.231
G0 X124.525 Y113.472
G1 F1500 E145.20184
G0 F7200 X124.534 Y113.032
G1 F1800 X124.535 Y113.488 E145.20756
G1 X124.096 Y113.275 E145.21368
G1 X124.096 Y112.819 E145.2194
G1 X124.534 Y113.032 E145.22551
G0 F7200 X124.534 Y113.232
G0 X124.496 Y113.231
G1 F1500 E138.72551
G0 F7200 X124.434 Y113.23
G0 X124.525 Y110.472
G1 F1500 E145.22551
G0 F7200 X124.534 Y110.032
G1 F1800 X124.535 Y110.488 E145.23122
G1 X124.096 Y110.275 E145.23734
G1 X124.096 Y109.819 E145.24306
G1 X124.534 Y110.032 E145.24917
G0 F7200 X124.534 Y110.232
G0 X124.496 Y110.231
G1 F1500 E138.74917
G0 F7200 X124.434 Y110.23
G0 X126.601 Y110.222
G0 X127.804 Y110.22
G1 F1500 E145.24917
G0 F7200 X127.905 Y110.274
G1 F1800 X127.466 Y110.486 E145.25528
G1 X127.465 Y110.032 E145.26098
G1 X127.904 Y109.819 E145.2671
G1 X127.905 Y110.274 E145.2728
G0 F7200 X127.725 Y110.361
G0 X127.721 Y110.353
G1 F1500 E138.7728
G0 F7200 X127.682 Y110.27
G0 X127.894 Y112.835
G1 F1500 E145.2728
G0 F7200 X127.905 Y113.274
G1 F1800 X127.466 Y113.486 E145.27891
G1 X127.465 Y113.032 E145.28461
G1 X127.904 Y112.819 E145.29073
G1 X127.905 Y113.274 E145.29643
G0 F7200 X127.725 Y113.361
G0 X127.721 Y113.353
G1 F1500 E138.79643
G0 F7200 X127.682 Y113.27
G0 X127.894 Y115.835
G1 F1500 E145.29643
G0 F7200 X127.905 Y116.274
G1 F1800 X127.466 Y116.486 E145.30255
G1 X127.465 Y116.032 E145.30824
G1 X127.904 Y115.819 E145.31436
G1 X127.905 Y116.274 E145.32006
G0 F7200 X127.725 Y116.361
G0 X127.721 Y116.353
G1 F1500 E138.82006
G0 F7200 X127.682 Y116.27
G0 X127.894 Y118.835
G1 F1500 E145.32006
G0 F7200 X127.905 Y119.274
G1 F1800 X127.466 Y119.486 E145.32618
G1 X127.465 Y119.032 E145.33187
G1 X127.904 Y118.819 E145.33799
G1 X127.905 Y119.274 E145.3437
G0 F7200 X127.725 Y119.361
G0 X127.721 Y119.353
G1 F1500 E138.8437
G0 F7200 X127.682 Y119.27
G0 X128.769 Y119.092
G0 X131.231 Y119.085
G0 X132.434 Y119.084
G1 F1500 E145.3437
G0 F7200 X132.534 Y119.032
G1 F1800 X132.535 Y119.488 E145.34941
G1 X132.096 Y119.275 E145.35553
G1 X132.095 Y118.819 E145.36125
G1 X132.534 Y119.032 E145.36737
G0 F7200 X132.534 Y119.232
G0 X132.496 Y119.232
G1 F1500 E138.86737
G0 F7200 X132.434 Y119.231
G0 X132.525 Y116.472
G1 F1500 E145.36737
G0 F7200 X132.534 Y116.032
G1 F1800 X132.535 Y116.488 E145.37309
G1 X132.096 Y116.275 E145.37921
G1 X132.095 Y115.819 E145.38493
G1 X132.534 Y116.032 E145.39105
G0 F7200 X132.534 Y116.232
G0 X132.496 Y116.232
G1 F1500 E138.89105
G0 F7200 X132.434 Y116.231
G0 X132.525 Y113.472
G1 F1500 E145.39105
G0 F7200 X132.534 Y113.032
G1 F1800 X132.535 Y113.488 E145.39676
G1 X132.096 Y113.275 E145.40288
G1 X132.096 Y112.819 E145.4086
G1 X132.534 Y113.032 E145.41471
G0 F7200 X132.534 Y113.232
G0 X132.496 Y113.231
G1 F1500 E138.91471
G0 F7200 X132.434 Y113.23
G0 X132.525 Y110.472
G1 F1500 E145.41471
G0 F7200 X132.534 Y110.032
G1 F1800 X132.535 Y110.488 E145.42043
G1 X132.096 Y110.275 E145.42655
G1 X132.096 Y109.819 E145.43227
G1 X132.534 Y110.032 E145.43837
G0 F7200 X132.534 Y110.232
G0 X132.496 Y110.231
G1 F1500 E138.93837
G0 F7200 X132.434 Y110.23
G0 X136.085 Y110.472
G0 X137.65 Y120.63
G1 F1500 E145.43837
G0 F7200 X137.75 Y120.7
G1 F1800 X136.95 Y120.7 E145.44841
G1 X136.95 Y108.3 E145.60391
G1 X137.75 Y108.3 E145.61394
G1 X137.75 Y120.7 E145.76944
G0 F7200 X137.55 Y120.7
G0 X137.5 Y120.451
;TYPE:SKIN
G1 F1800 X137.359 Y120.31 E145.77201
G1 X137.349 Y114.945 E145.84124
G1 X137.349 Y108.723 E145.92153
G1 X137.219 Y108.569 E145.92413
G0 F7200 X137.35 Y108.7
G1 F1500 E139.42413
;MESH:NONMESH
G0 F600 X137.35 Y108.7 Z16.2
G0 F7200 X136.97 Y110.091
G0 X131.25 Y108.469
G0 X128.763 Y110.812
G0 X127.555 Y111.403
G0 X125.383 Y111.761
G0 X120.762 Y110.813
G0 X119.555 Y111.403
G0 X117.383 Y111.761
G0 X112.769 Y110.263
G0 X111.573 Y110.091
G1 F1500 E145.92413
G0 F7200 X111.38 Y110.074
;TIME_ELAPSED:1527.397158
;LAYER:80
;TYPE:WALL-OUTER
;MESH:output_v2\A_fina_conjunto.stl
G1 F1800 X111.694 Y109.921 E145.92851
G1 X111.695 Y110.376 E145.93422
G1 X111.256 Y110.589 E145.94034
G1 X111.255 Y110.122 E145.94619
G1 X111.38 Y110.074 E145.94787
G0 F7200 X111.559 Y109.987
G0 X111.294 Y110.346
G1 F1500 E139.44787
G0 F7200 X111.356 Y110.347
G0 X111.684 Y112.937
G1 F1500 E145.94787
G0 F7200 X111.38 Y113.074
G1 F1800 X111.694 Y112.921 E145.95225
G1 X111.695 Y113.376 E145.95796
G1 X111.256 Y113.589 E145.96408
G1 X111.255 Y113.122 E145.96993
G1 X111.38 Y113.074 E145.97161
G0 F7200 X111.559 Y112.987
G0 X111.294 Y113.346
G1 F1500 E139.47161
G0 F7200 X111.356 Y113.347
G0 X111.684 Y115.937
G1 F1500 E145.97161
G0 F7200 X111.38 Y116.074
G1 F1800 X111.694 Y115.921 E145.97599
G1 X111.695 Y116.376 E145.9817
G1 X111.256 Y116.589 E145.98782
G1 X111.255 Y116.122 E145.99367
G1 X111.38 Y116.074 E145.99535
G0 F7200 X111.559 Y115.987
G0 X111.294 Y116.346
G1 F1500 E139.49535
G0 F7200 X111.356 Y116.347
G0 X111.684 Y118.937
G1 F1500 E145.99535
G0 F7200 X111.38 Y119.074
G1 F1800 X111.694 Y118.921 E145.99973
G1 X111.695 Y119.376 E146.00544
G1 X111.256 Y119.589 E146.01156
G1 X111.255 Y119.122 E146.01742
G1 X111.38 Y119.074 E146.01909
G0 F7200 X111.559 Y118.987
G0 X111.294 Y119.346
G1 F1500 E139.51909
G0 F7200 X111.356 Y119.347
G0 X109.628 Y119.573
G1 F1500 E146.01909
G0 F7200 X109.648 Y119.9
G1 F1800 X109.231 Y119.9 E146.02432
G1 X109.232 Y119.4 E146.03059
G1 X109.648 Y119.4 E146.03581
G1 X109.648 Y119.9 E146.04208
G0 F7200 X109.448 Y119.9
G0 X109.448 Y119.8
G1 F1500 E139.54208
G0 F7200 X107.03 Y119.886
G1 F1500 E146.04208
G0 F7200 X107.05 Y120.7
G1 F1800 X106.25 Y120.7 E146.05211
G1 X106.25 Y108.3 E146.20761
G1 X107.05 Y108.3 E146.21765
G1 X107.05 Y120.7 E146.37315
G0 F7200 X106.85 Y120.7
G0 X106.65 Y120.226
;TYPE:SKIN
G1 F1800 X106.65 Y119.943 E146.37689
G1 X106.65 Y108.912 E146.52268
G1 X106.826 Y108.523 E146.52832
G0 F7200 X106.797 Y108.494
G0 X106.445 Y120.304
G1 F1800 X106.644 Y120.503 E146.53009
G0 F7200 X106.65 Y120.3
G1 F1500 E140.03009
G0 F7200 X107.03 Y119.165
G0 X108.38 Y118.547
G0 X112.539 Y117.572
G0 X115.441 Y119.165
G0 X116.581 Y119.165
G1 F1500 E146.53009
G0 F7200 X116.62 Y119.074
;TYPE:WALL-OUTER
G1 F1800 X116.744 Y119.122 E146.53175
G1 X116.745 Y119.589 E146.53761
G1 X116.306 Y119.377 E146.54118
G1 X116.306 Y118.921 E146.54669
G1 X116.62 Y119.074 E146.54846
G0 F7200 X116.744 Y119.122
G0 X116.744 Y119.19
G0 X116.706 Y119.189
G1 F1500 E140.04846
G0 F7200 X116.643 Y119.189
G0 X119.271 Y119.133
G1 F1500 E146.54846
G0 F7200 X119.38 Y119.074
G1 F1800 X119.694 Y118.921 E146.55284
G1 X119.695 Y119.376 E146.55855
G1 X119.256 Y119.589 E146.56467
G1 X119.255 Y119.122 E146.57053
G1 X119.38 Y119.074 E146.5722
G0 F7200 X119.559 Y118.987
G0 X119.294 Y119.346
G1 F1500 E140.0722
G0 F7200 X119.356 Y119.347
G0 X119.266 Y116.573
G1 F1500 E146.5722
G0 F7200 X119.38 Y116.074
G1 F1800 X119.694 Y115.921 E146.57658
G1 X119.695 Y116.376 E146.58229
G1 X119.256 Y116.589 E146.58841
G1 X119.255 Y116.122 E146.59427
G1 X119.38 Y116.074 E146.59594
G0 F7200 X119.559 Y115.987
G0 X119.294 Y116.346
G1 F1500 E140.09594
G0 F7200 X119.356 Y116.347
G0 X116.744 Y116.138
G1 F1500 E146.59594
G0 F7200 X116.62 Y116.074
G1 F1800 X116.744 Y116.122 E146.59761
G1 X116.745 Y116.589 E146.60347
G1 X116.306 Y116.377 E146.60704
G1 X116.306 Y115.921 E146.61255
G1 X116.62 Y116.074 E146.61432
G0 F7200 X116.744 Y116.122
G0 X116.744 Y116.19
G0 X116.706 Y116.189
G1 F1500 E140.11432
G0 F7200 X116.643 Y116.189
G0 X116.735 Y113.573
G1 F1500 E146.61432
G0 F7200 X116.62 Y113.074
G1 F1800 X116.744 Y113.122 E146.61599
G1 X116.745 Y113.589 E146.62185
G1 X116.306 Y113.377 E146.62542
G1 X116.306 Y112.921 E146.63093
G1 X116.62 Y113.074 E146.6327
G0 F7200 X116.744 Y113.122
G0 X116.744 Y113.19
G0 X116.706 Y113.189
G1 F1500 E140.1327
G0 F7200 X116.643 Y113.189
G0 X119.271 Y113.133
G1 F1500 E146.6327
G0 F7200 X119.38 Y113.074
G1 F1800 X119.694 Y112.921 E146.63708
G1 X119.694 Y113.377 E146.6428
G1 X119.256 Y113.589 E146.6489
G1 X119.255 Y113.122 E146.65476
G1 X119.38 Y113.074 E146.65644
G0 F7200 X119.559 Y112.987
G0 X119.294 Y113.346
G1 F1500 E140.15644
G0 F7200 X119.356 Y113.347
G0 X119.266 Y110.573
G1 F1500 E146.65644
G0 F7200 X119.38 Y110.074
G1 F1800 X119.694 Y109.921 E146.66082
G1 X119.694 Y110.377 E146.66654
G1 X119.256 Y110.589 E146.67264
G1 X119.255 Y110.122 E146.6785
G1 X119.38 Y110.074 E146.68017
G0 F7200 X119.559 Y109.987
G0 X119.294 Y110.346
G1 F1500 E140.18017
G0 F7200 X119.356 Y110.347
G0 X116.744 Y110.138
G1 F1500 E146.68017
G0 F7200 X116.62 Y110.074
G1 F1800 X116.744 Y110.122 E146.68184
G1 X116.745 Y110.589 E146.6877
G1 X116.306 Y110.377 E146.69127
G1 X116.306 Y109.921 E146.69678
G1 X116.62 Y110.074 E146.69855
G0 F7200 X116.744 Y110.122
G0 X116.744 Y110.19
G0 X116.706 Y110.189
G1 F1500 E140.19855
G0 F7200 X116.643 Y110.189
G0 X118.397 Y109.535
G0 X120.54 Y108.571
G0 X123.441 Y110.181
G0 X124.581 Y110.165
G1 F1500 E146.69855
G0 F7200 X124.62 Y110.074
G1 F1800 X124.744 Y110.122 E146.70022
G1 X124.745 Y110.589 E146.70608
G1 X124.306 Y110.377 E146.70965
G1 X124.306 Y109.921 E146.71516
G1 X124.62 Y110.074 E146.71693
G0 F7200 X124.744 Y110.122
G0 X124.744 Y110.19
G0 X124.706 Y110.189
G1 F1500 E140.21693
G0 F7200 X124.643 Y110.189
G0 X127.271 Y110.133
G1 F1500 E146.71693
G0 F7200 X127.38 Y110.074
G1 F1800 X127.694 Y109.921 E146.72131
G1 X127.695 Y110.376 E146.72702
G1 X127.256 Y110.589 E146.73314
G1 X127.255 Y110.122 E146.73899
G1 X127.38 Y110.074 E146.74067
G0 F7200 X127.559 Y109.987
G0 X127.294 Y110.346
G1 F1500 E140.24067
G0 F7200 X127.356 Y110.347
G0 X127.684 Y112.937
G1 F1500 E146.74067
G0 F7200 X127.38 Y113.074
G1 F1800 X127.694 Y112.921 E146.74505
G1 X127.695 Y113.376 E146.75076
G1 X127.256 Y113.589 E146.75688
G1 X127.255 Y113.122 E146.76273
G1 X127.38 Y113.074 E146.76441
G0 F7200 X127.559 Y112.987
G0 X127.294 Y113.346
G1 F1500 E140.26441
G0 F7200 X127.356 Y113.347
G0 X124.744 Y113.138
G1 F1500 E146.76441
G0 F7200 X124.62 Y113.074
G1 F1800 X124.744 Y113.122 E146.76608
G1 X124.745 Y113.589 E146.77194
G1 X124.306 Y113.377 E146.77551
G1 X124.306 Y112.921 E146.78102
G1 X124.62 Y113.074 E146.78279
G0 F7200 X124.744 Y113.122
G0 X124.744 Y113.19
G0 X124.706 Y113.189
G1 F1500 E140.28279
G0 F7200 X124.643 Y113.189
G0 X124.315 Y115.937
G1 F1500 E146.78279
G0 F7200 X124.62 Y116.074
G1 F1800 X124.744 Y116.122 E146.78446
G1 X124.745 Y116.589 E146.79031
G1 X124.306 Y116.377 E146.79389
G1 X124.305 Y115.921 E146.7994
G1 X124.62 Y116.074 E146.80118
G0 F7200 X124.744 Y116.122
G0 X124.744 Y116.19
G0 X124.706 Y116.19
G1 F1500 E140.30118
G0 F7200 X124.643 Y116.19
G0 X127.271 Y116.133
G1 F1500 E146.80118
G0 F7200 X127.38 Y116.074
G1 F1800 X127.694 Y115.921 E146.80556
G1 X127.695 Y116.376 E146.81127
G1 X127.256 Y116.589 E146.81739
G1 X127.255 Y116.122 E146.82324
G1 X127.38 Y116.074 E146.82492
G0 F7200 X127.559 Y115.987
G0 X127.294 Y116.346
G1 F1500 E140.32492
G0 F7200 X127.356 Y116.347
G0 X127.684 Y118.937
G1 F1500 E146.82492
G0 F7200 X127.38 Y119.074
G1 F1800 X127.694 Y118.921 E146.8293
G1 X127.695 Y119.376 E146.83501
G1 X127.256 Y119.589 E146.84113
G1 X127.255 Y119.122 E146.84698
G1 X127.38 Y119.074 E146.84866
G0 F7200 X127.559 Y118.987
G0 X127.294 Y119.346
G1 F1500 E140.34866
G0 F7200 X127.356 Y119.347
G0 X124.744 Y119.165
G1 F1500 E146.84866
G0 F7200 X124.62 Y119.074
G1 F1800 X124.744 Y119.122 E146.85033
G1 X124.745 Y119.589 E146.85619
G1 X124.306 Y119.377 E146.85976
G1 X124.305 Y118.921 E146.86528
G1 X124.62 Y119.074 E146.86705
G0 F7200 X124.744 Y119.122
G0 X124.744 Y119.19
G0 X124.706 Y119.19
G1 F1500 E140.36705
G0 F7200 X124.643 Y119.19
G0 X126.397 Y118.535
G0 X128.539 Y117.572
G0 X131.441 Y119.166
G0 X132.581 Y119.165
G1 F1500 E146.86705
G0 F7200 X132.62 Y119.074
G1 F1800 X132.744 Y119.122 E146.86872
G1 X132.745 Y119.589 E146.87458
G1 X132.306 Y119.377 E146.87815
G1 X132.305 Y118.921 E146.88367
G1 X132.62 Y119.074 E146.88544
G0 F7200 X132.744 Y119.122
G0 X132.744 Y119.19
G0 X132.706 Y119.19
G1 F1500 E140.38544
G0 F7200 X132.643 Y119.19
G0 X132.735 Y116.573
G1 F1500 E146.88544
G0 F7200 X132.62 Y116.074
G1 F1800 X132.744 Y116.122 E146.88711
G1 X132.745 Y116.589 E146.89297
G1 X132.306 Y116.377 E146.89654
G1 X132.305 Y115.921 E146.90206
G1 X132.62 Y116.074 E146.90383
G0 F7200 X132.744 Y116.122
G0 X132.744 Y116.19
G0 X132.706 Y116.19
G1 F1500 E140.40383
G0 F7200 X132.643 Y116.19
G0 X132.735 Y113.573
G1 F1500 E146.90383
G0 F7200 X132.62 Y113.074
G1 F1800 X132.744 Y113.122 E146.9055
G1 X132.745 Y113.589 E146.91136
G1 X132.306 Y113.377 E146.91493
G1 X132.306 Y112.921 E146.92044
G1 X132.62 Y113.074 E146.92221
G0 F7200 X132.744 Y113.122
G0 X132.744 Y113.19
G0 X132.706 Y113.189
G1 F1500 E140.42221
G0 F7200 X132.643 Y113.189
G0 X132.735 Y110.573
G1 F1500 E146.92221
G0 F7200 X132.62 Y110.074
G1 F1800 X132.744 Y110.122 E146.92388
G1 X132.745 Y110.589 E146.92974
G1 X132.306 Y110.377 E146.93331
G1 X132.306 Y109.921 E146.93882
G1 X132.62 Y110.074 E146.94059
G0 F7200 X132.744 Y110.122
G0 X132.744 Y110.19
G0 X132.706 Y110.189
G1 F1500 E140.44059
G0 F7200 X132.643 Y110.189
G0 X133.609 Y110.572
G0 X136.085 Y110.573
G0 X137.65 Y120.63
G1 F1500 E146.94059
G0 F7200 X137.75 Y120.7
G1 F1800 X136.95 Y120.7 E146.95062
G1 X136.95 Y108.3 E147.10612
G1 X137.75 Y108.3 E147.11615
G1 X137.75 Y120.7 E147.27166
G0 F7200 X137.55 Y120.7
G0 X137.309 Y120.338
;TYPE:SKIN
G1 F1800 X137.349 Y120.095 E147.27492
G1 X137.349 Y108.781 E147.42499
G1 X137.449 Y108.599 E147.42774
G0 F7200 X137.344 Y108.494
G0 X137.144 Y120.456
G1 F1800 X137.192 Y120.504 E147.42817
G0 F7200 X137.35 Y120.3
G1 F1500 E140.92817
;MESH:NONMESH
G0 F600 X137.35 Y120.3 Z16.4
G0 F7200 X136.97 Y110.165
G0 X131.46 Y108.571
G0 X128.553 Y110.913
G0 X127.564 Y111.4
G0 X126.41 Y111.826
G0 X120.552 Y110.915
G0 X119.564 Y111.4
G0 X118.41 Y111.826
G0 X112.559 Y110.365
G0 X111.419 Y110.165
G1 F1500 E147.42817
G0 F7200 X111.38 Y110.074
;TIME_ELAPSED:1549.283182
;LAYER:81
;TYPE:WALL-OUTER
;MESH:output_v2\A_fina_conjunto.stl
G1 F1800 X111.484 Y110.023 E147.42962
G1 X111.485 Y110.478 E147.43532
G1 X111.225 Y110.604 E147.43895
G1 X111.046 Y110.673 E147.44135
G1 X111.045 Y110.202 E147.44726
G1 X111.38 Y110.074 E147.45176
G0 F7200 X111.484 Y110.023
G0 X111.484 Y110.108
G0 X111.253 Y110.551
G1 F1500 E140.95176
G0 F7200 X111.226 Y110.492
G0 X111.474 Y113.04
G1 F1500 E147.45176
G0 F7200 X111.38 Y113.074
G1 F1800 X111.484 Y113.023 E147.45321
G1 X111.485 Y113.478 E147.45892
G1 X111.225 Y113.604 E147.46254
G1 X111.046 Y113.673 E147.46494
G1 X111.045 Y113.202 E147.47085
G1 X111.38 Y113.074 E147.47535
G0 F7200 X111.484 Y113.023
G0 X111.484 Y113.108
G0 X111.253 Y113.551
G1 F1500 E140.97535
G0 F7200 X111.226 Y113.492
G0 X111.474 Y116.04
G1 F1500 E147.47535
G0 F7200 X111.38 Y116.074
G1 F1800 X111.484 Y116.023 E147.4768
G1 X111.485 Y116.478 E147.48251
G1 X111.225 Y116.604 E147.48613
G1 X111.046 Y116.673 E147.48854
G1 X111.045 Y116.202 E147.49444
G1 X111.38 Y116.074 E147.49894
G0 F7200 X111.484 Y116.023
G0 X111.484 Y116.108
G0 X111.253 Y116.551
G1 F1500 E140.99894
G0 F7200 X111.226 Y116.492
G0 X111.474 Y119.04
G1 F1500 E147.49894
G0 F7200 X111.38 Y119.074
G1 F1800 X111.484 Y119.023 E147.50039
G1 X111.485 Y119.478 E147.5061
G1 X111.225 Y119.604 E147.50972
G1 X111.046 Y119.673 E147.51213
G1 X111.045 Y119.202 E147.51803
G1 X111.38 Y119.074 E147.52253
G0 F7200 X111.484 Y119.023
G0 X111.484 Y119.108
G0 X111.253 Y119.551
G1 F1500 E141.02253
G0 F7200 X111.226 Y119.492
G0 X109.682 Y119.657
G1 F1500 E147.52253
G0 F7200 X109.702 Y119.9
G1 F1800 X109.276 Y119.9 E147.52787
G1 X109.277 Y119.4 E147.53414
G1 X109.702 Y119.4 E147.53947
G1 X109.702 Y119.9 E147.54574
G0 F7200 X109.502 Y119.9
G0 X109.502 Y119.8
G1 F1500 E141.04574
G0 F7200 X107.03 Y119.886
G1 F1500 E147.54574
G0 F7200 X107.05 Y120.7
G1 F1800 X106.25 Y120.7 E147.55577
G1 X106.25 Y108.3 E147.71128
G1 X107.05 Y108.3 E147.72131
G1 X107.05 Y120.7 E147.87681
G0 F7200 X106.85 Y120.7
G0 X106.736 Y120.386
;TYPE:SKIN
G1 F1800 X106.649 Y120.189 E147.87964
G1 X106.649 Y108.876 E148.02852
G1 X106.597 Y108.646 E148.03163
G0 F7200 X106.65 Y108.7
G1 F1500 E141.53163
G0 F7200 X107.03 Y119.165
G0 X108.425 Y118.547
G0 X112.329 Y117.674
G0 X115.651 Y119.165
G1 F1500 E148.03163
G0 F7200 X116.62 Y119.074
;TYPE:WALL-OUTER
G1 F1800 X116.954 Y119.202 E148.03611
G1 X116.955 Y119.673 E148.04202
G1 X116.775 Y119.604 E148.04444
G1 X116.516 Y119.479 E148.04804
G1 X116.516 Y119.023 E148.05376
G1 X116.62 Y119.074 E148.05522
G0 F7200 X116.807 Y119.145
G0 X116.825 Y119.185
G1 F1500 E141.55522
G0 F7200 X116.8 Y119.249
G0 X119.061 Y119.213
G1 F1500 E148.05522
G0 F7200 X119.38 Y119.074
G1 F1800 X119.484 Y119.023 E148.05667
G1 X119.485 Y119.478 E148.06237
G1 X119.225 Y119.604 E148.066
G1 X119.046 Y119.673 E148.0684
G1 X119.045 Y119.202 E148.07431
G1 X119.38 Y119.074 E148.07881
G0 F7200 X119.484 Y119.023
G0 X119.484 Y119.108
G0 X119.253 Y119.551
G1 F1500 E141.57881
G0 F7200 X119.226 Y119.492
G0 X119.057 Y116.657
G1 F1500 E148.07881
G0 F7200 X119.38 Y116.074
G1 F1800 X119.484 Y116.023 E148.08026
G1 X119.485 Y116.478 E148.08596
G1 X119.225 Y116.604 E148.08959
G1 X119.046 Y116.673 E148.09199
G1 X119.045 Y116.202 E148.0979
G1 X119.38 Y116.074 E148.1024
G0 F7200 X119.484 Y116.023
G0 X119.484 Y116.108
G0 X119.253 Y116.551
G1 F1500 E141.6024
G0 F7200 X119.226 Y116.492
G0 X116.938 Y116.213
G1 F1500 E148.1024
G0 F7200 X116.62 Y116.074
G1 F1800 X116.954 Y116.202 E148.10688
G1 X116.955 Y116.673 E148.11279
G1 X116.775 Y116.604 E148.11521
G1 X116.516 Y116.479 E148.11881
G1 X116.516 Y116.023 E148.12453
G1 X116.62 Y116.074 E148.12598
G0 F7200 X116.807 Y116.145
G0 X116.825 Y116.185
G1 F1500 E141.62598
G0 F7200 X116.8 Y116.249
G0 X116.944 Y113.657
G1 F1500 E148.12598
G0 F7200 X116.62 Y113.074
G1 F1800 X116.954 Y113.202 E148.13047
G1 X116.955 Y113.673 E148.13638
G1 X116.775 Y113.604 E148.13879
G1 X116.516 Y113.479 E148.1424
G1 X116.516 Y113.023 E148.14812
G1 X116.62 Y113.074 E148.14957
G0 F7200 X116.807 Y113.145
G0 X116.825 Y113.185
G1 F1500 E141.64957
G0 F7200 X116.8 Y113.249
G0 X119.061 Y113.213
G1 F1500 E148.14957
G0 F7200 X119.38 Y113.074
G1 F1800 X119.484 Y113.023 E148.15102
G1 X119.484 Y113.479 E148.15674
G1 X119.225 Y113.604 E148.16035
G1 X119.046 Y113.673 E148.16275
G1 X119.045 Y113.202 E148.16866
G1 X119.38 Y113.074 E148.17316
G0 F7200 X119.484 Y113.023
G0 X119.484 Y113.108
G0 X119.253 Y113.552
G1 F1500 E141.67316
G0 F7200 X119.227 Y113.492
G0 X119.057 Y110.657
G1 F1500 E148.17316
G0 F7200 X119.38 Y110.074
G1 F1800 X119.484 Y110.023 E148.17461
G1 X119.484 Y110.479 E148.18033
G1 X119.225 Y110.604 E148.18394
G1 X119.046 Y110.673 E148.18634
G1 X119.045 Y110.202 E148.19225
G1 X119.38 Y110.074 E148.19674
G0 F7200 X119.484 Y110.023
G0 X119.484 Y110.108
G0 X119.253 Y110.552
G1 F1500 E141.69674
G0 F7200 X119.227 Y110.492
G0 X116.938 Y110.213
G1 F1500 E148.19674
G0 F7200 X116.62 Y110.074
G1 F1800 X116.954 Y110.202 E148.20123
G1 X116.955 Y110.673 E148.20714
G1 X116.775 Y110.604 E148.20955
G1 X116.516 Y110.479 E148.21316
G1 X116.516 Y110.023 E148.21888
G1 X116.62 Y110.074 E148.22033
G0 F7200 X116.807 Y110.145
G0 X116.825 Y110.185
G1 F1500 E141.72033
G0 F7200 X116.8 Y110.249
G0 X117.818 Y110.211
G0 X120.33 Y108.674
G0 X123.651 Y110.213
G1 F1500 E148.22033
G0 F7200 X124.62 Y110.074
G1 F1800 X124.954 Y110.202 E148.22482
G1 X124.955 Y110.673 E148.23072
G1 X124.775 Y110.604 E148.23314
G1 X124.516 Y110.479 E148.23675
G1 X124.516 Y110.023 E148.24247
G1 X124.62 Y110.074 E148.24392
G0 F7200 X124.807 Y110.145
G0 X124.825 Y110.185
G1 F1500 E141.74392
G0 F7200 X124.8 Y110.249
G0 X127.061 Y110.213
G1 F1500 E148.24392
G0 F7200 X127.38 Y110.074
G1 F1800 X127.484 Y110.023 E148.24537
G1 X127.485 Y110.478 E148.25108
G1 X127.225 Y110.604 E148.2547
G1 X127.046 Y110.673 E148.25711
G1 X127.045 Y110.202 E148.26301
G1 X127.38 Y110.074 E148.26751
G0 F7200 X127.484 Y110.023
G0 X127.484 Y110.108
G0 X127.253 Y110.551
G1 F1500 E141.76751
G0 F7200 X127.226 Y110.492
G0 X127.474 Y113.04
G1 F1500 E148.26751
G0 F7200 X127.38 Y113.074
G1 F1800 X127.484 Y113.023 E148.26896
G1 X127.485 Y113.478 E148.27467
G1 X127.225 Y113.604 E148.27829
G1 X127.046 Y113.673 E148.2807
G1 X127.045 Y113.202 E148.2866
G1 X127.38 Y113.074 E148.2911
G0 F7200 X127.484 Y113.023
G0 X127.484 Y113.108
G0 X127.253 Y113.551
G1 F1500 E141.7911
G0 F7200 X127.226 Y113.492
G0 X124.938 Y113.213
G1 F1500 E148.2911
G0 F7200 X124.62 Y113.074
G1 F1800 X124.954 Y113.202 E148.29559
G1 X124.955 Y113.673 E148.30149
G1 X124.775 Y113.604 E148.30391
G1 X124.516 Y113.479 E148.30752
G1 X124.516 Y113.023 E148.31324
G1 X124.62 Y113.074 E148.31469
G0 F7200 X124.807 Y113.145
G0 X124.825 Y113.185
G1 F1500 E141.81469
G0 F7200 X124.8 Y113.249
G0 X124.525 Y116.039
G1 F1500 E148.31469
G0 F7200 X124.62 Y116.074
G1 F1800 X124.954 Y116.202 E148.31917
G1 X124.955 Y116.673 E148.32508
G1 X124.775 Y116.604 E148.3275
G1 X124.516 Y116.479 E148.3311
G1 X124.515 Y116.023 E148.33682
G1 X124.62 Y116.074 E148.33829
G0 F7200 X124.807 Y116.145
G0 X124.825 Y116.185
G1 F1500 E141.83829
G0 F7200 X124.8 Y116.249
G0 X127.061 Y116.213
G1 F1500 E148.33829
G0 F7200 X127.38 Y116.074
G1 F1800 X127.484 Y116.023 E148.33974
G1 X127.485 Y116.478 E148.34544
G1 X127.225 Y116.604 E148.34907
G1 X127.046 Y116.673 E148.35147
G1 X127.045 Y116.202 E148.35738
G1 X127.38 Y116.074 E148.36188
G0 F7200 X127.484 Y116.023
G0 X127.484 Y116.108
G0 X127.253 Y116.551
G1 F1500 E141.86188
G0 F7200 X127.226 Y116.492
G0 X127.474 Y119.04
G1 F1500 E148.36188
G0 F7200 X127.38 Y119.074
G1 F1800 X127.484 Y119.023 E148.36333
G1 X127.485 Y119.478 E148.36904
G1 X127.225 Y119.604 E148.37266
G1 X127.046 Y119.673 E148.37506
G1 X127.045 Y119.202 E148.38097
G1 X127.38 Y119.074 E148.38547
G0 F7200 X127.484 Y119.023
G0 X127.484 Y119.108
G0 X127.253 Y119.551
G1 F1500 E141.88547
G0 F7200 X127.226 Y119.492
G0 X124.938 Y119.213
G1 F1500 E148.38547
G0 F7200 X124.62 Y119.074
G1 F1800 X124.954 Y119.202 E148.38995
G1 X124.955 Y119.673 E148.39586
G1 X124.775 Y119.604 E148.39828
G1 X124.516 Y119.479 E148.40188
G1 X124.515 Y119.023 E148.4076
G1 X124.62 Y119.074 E148.40907
G0 F7200 X124.807 Y119.145
G0 X124.825 Y119.185
G1 F1500 E141.90907
G0 F7200 X124.8 Y119.249
G0 X125.818 Y119.211
G0 X128.329 Y117.674
G0 X131.651 Y119.198
G1 F1500 E148.40907
G0 F7200 X132.62 Y119.074
G1 F1800 X132.954 Y119.202 E148.41355
G1 X132.954 Y119.673 E148.41946
G1 X132.775 Y119.604 E148.42186
G1 X132.516 Y119.479 E148.42547
G1 X132.515 Y119.023 E148.43119
G1 X132.62 Y119.074 E148.43265
G0 F7200 X132.807 Y119.145
G0 X132.825 Y119.185
G1 F1500 E141.93265
G0 F7200 X132.8 Y119.249
G0 X132.944 Y116.657
G1 F1500 E148.43265
G0 F7200 X132.62 Y116.074
G1 F1800 X132.954 Y116.202 E148.43714
G1 X132.955 Y116.673 E148.44305
G1 X132.775 Y116.604 E148.44546
G1 X132.516 Y116.479 E148.44907
G1 X132.515 Y116.023 E148.45479
G1 X132.62 Y116.074 E148.45625
G0 F7200 X132.807 Y116.145
G0 X132.825 Y116.185
G1 F1500 E141.95625
G0 F7200 X132.8 Y116.249
G0 X132.943 Y113.657
G1 F1500 E148.45625
G0 F7200 X132.62 Y113.074
G1 F1800 X132.954 Y113.202 E148.46074
G1 X132.954 Y113.673 E148.46664
G1 X132.775 Y113.604 E148.46905
G1 X132.516 Y113.479 E148.47266
G1 X132.516 Y113.023 E148.47837
G1 X132.62 Y113.074 E148.47983
G0 F7200 X132.807 Y113.145
G0 X132.825 Y113.185
G1 F1500 E141.97983
G0 F7200 X132.8 Y113.249
G0 X132.944 Y110.657
G1 F1500 E148.47983
G0 F7200 X132.62 Y110.074
G1 F1800 X132.954 Y110.202 E148.48431
G1 X132.955 Y110.673 E148.49022
G1 X132.775 Y110.604 E148.49264
G1 X132.516 Y110.479 E148.49624
G1 X132.516 Y110.023 E148.50196
G1 X132.62 Y110.074 E148.50341
G0 F7200 X132.807 Y110.145
G0 X132.825 Y110.185
G1 F1500 E142.00341
G0 F7200 X132.8 Y110.249
G0 X133.819 Y110.655
G0 X136.085 Y110.657
G0 X137.65 Y120.63
G1 F1500 E148.50341
G0 F7200 X137.75 Y120.7
G1 F1800 X136.95 Y120.7 E148.51345
G1 X136.95 Y108.3 E148.66895
G1 X137.75 Y108.3 E148.67898
G1 X137.75 Y120.7 E148.83448
G0 F7200 X137.55 Y120.7
G0 X137.5 Y120.451
;TYPE:SKIN
G1 F1800 X137.359 Y120.31 E148.83705
G1 X137.349 Y114.945 E148.90628
G1 X137.349 Y108.723 E148.98657
G1 X137.219 Y108.569 E148.98917
G0 F7200 X137.35 Y108.7
G1 F1500 E142.48917
;MESH:NONMESH
G0 F600 X137.35 Y108.7 Z16.6
G0 F7200 X136.97 Y110.266
G0 X133.805 Y111.809
G0 X127.564 Y111.4
G0 X126.198 Y111.796
G0 X119.564 Y111.4
G0 X118.198 Y111.796
G0 X112.349 Y110.321
G0 X111.157 Y110.266
G1 F1500 E148.98917
G0 F7200 X110.962 Y110.234
;TIME_ELAPSED:1570.840893
;LAYER:82
;TYPE:WALL-OUTER
;MESH:output_v2\A_fina_conjunto.stl
G1 F1800 X111.275 Y110.114 E148.99338
G1 X111.276 Y110.58 E148.99922
G1 X111.226 Y110.604 E148.99991
G1 X110.836 Y110.754 E149.00515
G1 X110.835 Y110.269 E149.01124
G1 X110.962 Y110.234 E149.01289
G0 F7200 X111.148 Y110.163
G0 X110.875 Y110.536
G1 F1500 E142.51289
G0 F7200 X110.936 Y110.537
G0 X111.264 Y113.13
G1 F1500 E149.01289
G0 F7200 X110.962 Y113.234
G1 F1800 X111.275 Y113.114 E149.01709
G1 X111.276 Y113.58 E149.02294
G1 X111.226 Y113.604 E149.02363
G1 X110.836 Y113.754 E149.02887
G1 X110.835 Y113.269 E149.03495
G1 X110.962 Y113.234 E149.03661
G0 F7200 X111.148 Y113.163
G0 X110.875 Y113.536
G1 F1500 E142.53661
G0 F7200 X110.936 Y113.537
G0 X111.264 Y116.13
G1 F1500 E149.03661
G0 F7200 X110.962 Y116.234
G1 F1800 X111.275 Y116.114 E149.04081
G1 X111.276 Y116.58 E149.04665
G1 X111.226 Y116.604 E149.04735
G1 X110.836 Y116.754 E149.05259
G1 X110.835 Y116.269 E149.05867
G1 X110.962 Y116.234 E149.06032
G0 F7200 X111.148 Y116.163
G0 X111.038 Y116.412
;TYPE:SKIN
G1 F1800 X111.077 Y116.451 E149.06067
G0 F7200 X111.133 Y116.596
G1 F1500 E142.56067
G0 F7200 X111.114 Y116.54
G0 X111.264 Y119.13
G1 F1500 E149.06067
G0 F7200 X110.962 Y119.234
;TYPE:WALL-OUTER
G1 F1800 X111.275 Y119.114 E149.06487
G1 X111.276 Y119.58 E149.07072
G1 X111.226 Y119.604 E149.07141
G1 X110.836 Y119.754 E149.07665
G1 X110.835 Y119.269 E149.08273
G1 X110.962 Y119.234 E149.08439
G0 F7200 X111.148 Y119.163
G0 X110.875 Y119.536
G0 X110.936 Y119.537
G0 X109.739 Y119.738
G0 X109.759 Y119.9
G1 F1800 X109.328 Y119.9 E149.08979
G1 X109.329 Y119.4 E149.09606
G1 X109.759 Y119.4 E149.10145
G1 X109.759 Y119.9 E149.10772
G0 F7200 X109.559 Y119.9
G0 X109.559 Y119.8
G1 F1500 E142.60772
G0 F7200 X107.03 Y119.886
G1 F1500 E149.10772
G0 F7200 X107.05 Y120.7
G1 F1800 X106.25 Y120.7 E149.11776
G1 X106.25 Y108.3 E149.27326
G1 X107.05 Y108.3 E149.28329
G1 X107.05 Y120.7 E149.43879
G0 F7200 X106.85 Y120.7
G0 X106.65 Y120.226
;TYPE:SKIN
G1 F1800 X106.65 Y119.943 E149.44253
G1 X106.65 Y108.912 E149.58832
G1 X106.826 Y108.523 E149.59396
G0 F7200 X106.797 Y108.494
G0 X106.445 Y120.304
G1 F1800 X106.644 Y120.503 E149.59573
G0 F7200 X106.65 Y120.3
G1 F1500 E143.09573
G0 F7200 X107.03 Y119.329
G0 X108.477 Y118.547
G0 X112.12 Y117.78
G0 X115.86 Y119.329
G0 X117.008 Y119.329
G1 F1500 E149.59573
G0 F7200 X117.038 Y119.234
;TYPE:WALL-OUTER
G1 F1800 X117.164 Y119.268 E149.59736
G1 X117.165 Y119.754 E149.60346
G1 X116.772 Y119.603 E149.60634
G1 X116.725 Y119.58 E149.607
G1 X116.725 Y119.114 E149.61284
G1 X117.038 Y119.234 E149.61451
G0 F7200 X117.164 Y119.268
G0 X117.164 Y119.338
G0 X117.125 Y119.337
G1 F1500 E143.11451
G0 F7200 X117.061 Y119.343
G0 X118.836 Y119.329
G1 F1500 E149.61451
G0 F7200 X118.962 Y119.234
G1 F1800 X119.275 Y119.114 E149.61872
G1 X119.276 Y119.58 E149.62456
G1 X119.226 Y119.604 E149.62525
G1 X118.836 Y119.754 E149.63049
G1 X118.835 Y119.269 E149.63658
G1 X118.962 Y119.234 E149.63823
G0 F7200 X119.148 Y119.163
G0 X118.875 Y119.536
G1 F1500 E143.13823
G0 F7200 X118.936 Y119.537
G0 X118.847 Y116.738
G1 F1500 E149.63823
G0 F7200 X118.962 Y116.234
G1 F1800 X119.275 Y116.114 E149.64243
G1 X119.276 Y116.58 E149.64828
G1 X119.226 Y116.604 E149.64897
G1 X118.836 Y116.754 E149.65421
G1 X118.835 Y116.269 E149.66029
G1 X118.962 Y116.234 E149.66195
G0 F7200 X119.148 Y116.163
G0 X118.875 Y116.536
G1 F1500 E143.16195
G0 F7200 X118.936 Y116.537
G0 X117.164 Y116.329
G1 F1500 E149.66195
G0 F7200 X117.038 Y116.234
G1 F1800 X117.164 Y116.268 E149.66358
G1 X117.165 Y116.754 E149.66968
G1 X116.772 Y116.603 E149.67256
G1 X116.725 Y116.58 E149.67322
G1 X116.725 Y116.114 E149.67906
G1 X117.038 Y116.234 E149.68073
G0 F7200 X117.164 Y116.268
G0 X117.164 Y116.338
G0 X117.125 Y116.337
G1 F1500 E143.18073
G0 F7200 X117.061 Y116.343
G0 X117.154 Y113.738
G1 F1500 E149.68073
G0 F7200 X117.038 Y113.234
G1 F1800 X117.164 Y113.268 E149.68237
G1 X117.165 Y113.754 E149.68846
G1 X116.772 Y113.603 E149.69134
G1 X116.725 Y113.58 E149.692
G1 X116.725 Y113.114 E149.69784
G1 X117.038 Y113.234 E149.69951
G0 F7200 X117.164 Y113.268
G0 X117.164 Y113.338
G0 X117.125 Y113.337
G1 F1500 E143.19951
G0 F7200 X117.061 Y113.343
G0 X118.836 Y113.329
G1 F1500 E149.69951
G0 F7200 X118.962 Y113.234
G1 F1800 X119.275 Y113.114 E149.70372
G1 X119.275 Y113.58 E149.70956
G1 X119.228 Y113.603 E149.71022
G1 X118.836 Y113.754 E149.71548
G1 X118.835 Y113.269 E149.72157
G1 X118.962 Y113.234 E149.72322
G0 F7200 X119.148 Y113.163
G0 X118.875 Y113.536
G1 F1500 E143.22322
G0 F7200 X118.936 Y113.537
G0 X118.847 Y110.738
G1 F1500 E149.72322
G0 F7200 X118.962 Y110.234
G1 F1800 X119.275 Y110.114 E149.72742
G1 X119.275 Y110.58 E149.73327
G1 X119.228 Y110.603 E149.73392
G1 X118.836 Y110.754 E149.73919
G1 X118.835 Y110.269 E149.74527
G1 X118.962 Y110.234 E149.74692
G0 F7200 X119.148 Y110.163
G0 X118.875 Y110.536
G1 F1500 E143.24692
G0 F7200 X118.936 Y110.537
G0 X117.164 Y110.329
G1 F1500 E149.74692
G0 F7200 X117.038 Y110.234
G1 F1800 X117.164 Y110.268 E149.74856
G1 X117.165 Y110.754 E149.75466
G1 X116.772 Y110.603 E149.75754
G1 X116.725 Y110.58 E149.7582
G1 X116.725 Y110.114 E149.76404
G1 X117.038 Y110.234 E149.76571
G0 F7200 X117.164 Y110.268
G0 X117.164 Y110.338
G0 X116.968 Y110.463
;TYPE:SKIN
G1 F1800 X116.918 Y110.413 E149.76615
G0 F7200 X116.764 Y110.412
G1 F1500 E143.26615
G0 F7200 X116.825 Y110.412
G0 X118.028 Y110.343
G0 X123.86 Y110.345
G0 X125.008 Y110.329
G1 F1500 E149.76615
G0 F7200 X125.038 Y110.234
;TYPE:WALL-OUTER
G1 F1800 X125.164 Y110.268 E149.76779
G1 X125.165 Y110.754 E149.77388
G1 X124.772 Y110.603 E149.77677
G1 X124.725 Y110.58 E149.77742
G1 X124.725 Y110.114 E149.78327
G1 X125.038 Y110.234 E149.78493
G0 F7200 X125.164 Y110.268
G0 X125.164 Y110.338
G0 X125.125 Y110.337
G1 F1500 E143.28493
G0 F7200 X125.061 Y110.343
G0 X126.836 Y110.329
G1 F1500 E149.78493
G0 F7200 X126.962 Y110.234
G1 F1800 X127.275 Y110.114 E149.78914
G1 X127.276 Y110.58 E149.79498
G1 X127.226 Y110.604 E149.79568
G1 X126.836 Y110.754 E149.80092
G1 X126.835 Y110.269 E149.807
G1 X126.962 Y110.234 E149.80865
G0 F7200 X127.148 Y110.163
G0 X126.875 Y110.536
G1 F1500 E143.30865
G0 F7200 X126.936 Y110.537
G0 X127.264 Y113.13
G1 F1500 E149.80865
G0 F7200 X126.962 Y113.234
G1 F1800 X127.275 Y113.114 E149.81285
G1 X127.276 Y113.58 E149.8187
G1 X127.226 Y113.604 E149.81939
G1 X126.836 Y113.754 E149.82463
G1 X126.835 Y113.269 E149.83072
G1 X126.962 Y113.234 E149.83237
G0 F7200 X127.148 Y113.163
G0 X126.875 Y113.536
G1 F1500 E143.33237
G0 F7200 X126.936 Y113.537
G0 X125.164 Y113.329
G1 F1500 E149.83237
G0 F7200 X125.038 Y113.234
G1 F1800 X125.164 Y113.268 E149.834
G1 X125.165 Y113.754 E149.8401
G1 X124.772 Y113.603 E149.84298
G1 X124.725 Y113.58 E149.84364
G1 X124.725 Y113.114 E149.84948
G1 X125.038 Y113.234 E149.85115
G0 F7200 X125.164 Y113.268
G0 X125.164 Y113.338
G0 X125.125 Y113.337
G1 F1500 E143.35115
G0 F7200 X125.061 Y113.343
G0 X124.735 Y116.13
G1 F1500 E149.85115
G0 F7200 X125.038 Y116.234
G1 F1800 X125.164 Y116.268 E149.85279
G1 X125.165 Y116.754 E149.85888
G1 X124.772 Y116.603 E149.86177
G1 X124.725 Y116.58 E149.86242
G1 X124.724 Y116.114 E149.86827
G1 X125.038 Y116.234 E149.86994
G0 F7200 X125.164 Y116.268
G0 X125.164 Y116.338
G0 X125.125 Y116.338
G1 F1500 E143.36994
G0 F7200 X125.062 Y116.343
G0 X126.836 Y116.329
G1 F1500 E149.86994
G0 F7200 X126.962 Y116.234
G1 F1800 X127.275 Y116.114 E149.87415
G1 X127.276 Y116.58 E149.87999
G1 X127.226 Y116.604 E149.88069
G1 X126.836 Y116.754 E149.88593
G1 X126.835 Y116.269 E149.89201
G1 X126.962 Y116.234 E149.89366
G0 F7200 X127.148 Y116.163
G0 X126.875 Y116.536
G1 F1500 E143.39366
G0 F7200 X126.936 Y116.537
G0 X127.264 Y119.13
G1 F1500 E149.89366
G0 F7200 X126.962 Y119.234
G1 F1800 X127.275 Y119.114 E149.89786
G1 X127.276 Y119.58 E149.90371
G1 X127.226 Y119.604 E149.9044
G1 X126.836 Y119.754 E149.90964
G1 X126.835 Y119.269 E149.91573
G1 X126.962 Y119.234 E149.91738
G0 F7200 X127.148 Y119.163
G0 X127.046 Y119.409
;TYPE:SKIN
G1 F1800 X127.08 Y119.443 E149.91768
G0 F7200 X127.236 Y119.443
G1 F1500 E143.41768
G0 F7200 X127.175 Y119.442
G0 X125.164 Y119.329
G1 F1500 E149.91768
G0 F7200 X125.038 Y119.234
;TYPE:WALL-OUTER
G1 F1800 X125.164 Y119.268 E149.91932
G1 X125.165 Y119.754 E149.92541
G1 X124.772 Y119.603 E149.92829
G1 X124.725 Y119.58 E149.92895
G1 X124.724 Y119.114 E149.93479
G1 X125.038 Y119.234 E149.93647
G0 F7200 X125.164 Y119.268
G0 X125.164 Y119.338
G0 X125.125 Y119.338
G1 F1500 E143.43647
G0 F7200 X125.062 Y119.343
G0 X131.86 Y119.33
G0 X133.008 Y119.329
G1 F1500 E149.93647
G0 F7200 X133.038 Y119.234
G1 F1800 X133.164 Y119.268 E149.93811
G1 X133.164 Y119.754 E149.9442
G1 X132.772 Y119.603 E149.94708
G1 X132.725 Y119.58 E149.94774
G1 X132.724 Y119.114 E149.95358
G1 X133.038 Y119.234 E149.95526
G0 F7200 X133.164 Y119.268
G0 X133.164 Y119.338
G0 X133.125 Y119.339
G1 F1500 E143.45526
G0 F7200 X133.062 Y119.343
G0 X133.154 Y116.738
G1 F1500 E149.95526
G0 F7200 X133.038 Y116.234
G1 F1800 X133.164 Y116.268 E149.95689
G1 X133.165 Y116.754 E149.96299
G1 X132.772 Y116.603 E149.96587
G1 X132.725 Y116.58 E149.96653
G1 X132.724 Y116.114 E149.97237
G1 X133.038 Y116.234 E149.97405
G0 F7200 X133.164 Y116.268
G0 X133.164 Y116.338
G0 X133.125 Y116.338
G1 F1500 E143.47405
G0 F7200 X133.062 Y116.343
G0 X133.153 Y113.738
G1 F1500 E149.97405
G0 F7200 X133.038 Y113.234
G1 F1800 X133.164 Y113.268 E149.97569
G1 X133.164 Y113.754 E149.98178
G1 X132.772 Y113.603 E149.98466
G1 X132.725 Y113.58 E149.98531
G1 X132.725 Y113.114 E149.99116
G1 X133.038 Y113.234 E149.99283
G0 F7200 X133.164 Y113.268
G0 X133.164 Y113.338
G0 X132.968 Y113.452
;TYPE:SKIN
G1 F1800 X132.919 Y113.402 E149.99327
G0 F7200 X132.764 Y113.402
G1 F1500 E143.49327
G0 F7200 X132.825 Y113.402
G0 X133.154 Y110.738
G1 F1500 E149.99327
G0 F7200 X133.038 Y110.234
;TYPE:WALL-OUTER
G1 F1800 X133.164 Y110.268 E149.9949
G1 X133.165 Y110.754 E150.001
G1 X132.772 Y110.603 E150.00388
G1 X132.725 Y110.58 E150.00454
G1 X132.725 Y110.114 E150.01038
G1 X133.038 Y110.234 E150.01205
G0 F7200 X133.164 Y110.268
G0 X133.164 Y110.338
G0 X133.125 Y110.337
G1 F1500 E143.51205
G0 F7200 X133.061 Y110.343
G0 X134.029 Y110.736
G0 X136.085 Y110.738
G0 X137.65 Y120.63
G1 F1500 E150.01205
G0 F7200 X137.75 Y120.7
G1 F1800 X136.95 Y120.7 E150.02208
G1 X136.95 Y108.3 E150.17758
G1 X137.75 Y108.3 E150.18761
G1 X137.75 Y120.7 E150.34311
G0 F7200 X137.55 Y120.7
G0 X137.309 Y120.338
;TYPE:SKIN
G1 F1800 X137.349 Y120.095 E150.34638
G1 X137.349 Y108.781 E150.49644
G1 X137.449 Y108.599 E150.4992
G0 F7200 X137.344 Y108.494
G0 X137.144 Y120.456
G1 F1800 X137.192 Y120.504 E150.49962
G0 F7200 X137.35 Y120.3
G1 F1500 E143.99962
;MESH:NONMESH
G0 F600 X137.35 Y120.3 Z16.8
G0 F7200 X136.97 Y110.329
G0 X131.879 Y108.78
G0 X128.134 Y111.118
G0 X127.106 Y111.577
G0 X126.015 Y111.865
G0 X119.106 Y111.577
G0 X117.988 Y111.861
G0 X112.14 Y110.383
G0 X110.993 Y110.329
G1 F1500 E150.49962
G0 F7200 X110.962 Y110.234
;TIME_ELAPSED:1592.076815
;LAYER:83
;TYPE:WALL-OUTER
;MESH:output_v2\A_fina_conjunto.stl
G1 F1800 X111.065 Y110.195 E150.50101
G1 X111.066 Y110.665 E150.5069
G1 X110.834 Y110.755 E150.51002
G1 X110.617 Y110.813 E150.51284
G1 X110.616 Y110.327 E150.51893
G1 X110.962 Y110.234 E150.52342
G0 F7200 X111.065 Y110.195
G0 X111.065 Y110.285
G0 X110.775 Y110.698
G1 F1500 E144.02342
G0 F7200 X110.77 Y110.669
G0 X111.054 Y113.211
G1 F1500 E150.52342
G0 F7200 X110.962 Y113.234
G1 F1800 X111.065 Y113.195 E150.52481
G1 X111.065 Y113.666 E150.53071
G1 X110.832 Y113.755 E150.53384
G1 X110.617 Y113.812 E150.53663
G1 X110.616 Y113.327 E150.54271
G1 X110.962 Y113.234 E150.5472
G0 F7200 X111.065 Y113.195
G0 X111.065 Y113.285
G0 X110.775 Y113.698
G1 F1500 E144.0472
G0 F7200 X110.769 Y113.669
G0 X111.054 Y116.211
G1 F1500 E150.5472
G0 F7200 X110.962 Y116.234
G1 F1800 X111.065 Y116.195 E150.54859
G1 X111.066 Y116.665 E150.55448
G1 X110.834 Y116.755 E150.5576
G1 X110.617 Y116.813 E150.56042
G1 X110.616 Y116.327 E150.56651
G1 X110.962 Y116.234 E150.571
G0 F7200 X111.065 Y116.195
G0 X111.065 Y116.285
G0 X110.775 Y116.698
G1 F1500 E144.071
G0 F7200 X110.77 Y116.669
G0 X111.054 Y119.211
G1 F1500 E150.571
G0 F7200 X110.962 Y119.234
G1 F1800 X111.065 Y119.195 E150.57239
G1 X111.066 Y119.665 E150.57828
G1 X110.832 Y119.756 E150.58143
G1 X110.617 Y119.812 E150.58421
G1 X110.616 Y119.327 E150.5903
G1 X110.962 Y119.234 E150.59479
G0 F7200 X111.065 Y119.195
G0 X111.065 Y119.285
G0 X110.775 Y119.698
G0 X109.843 Y119.9
G1 F1800 X109.381 Y119.9 E150.60058
G1 X109.382 Y119.4 E150.60685
G1 X109.843 Y119.4 E150.61263
G1 X109.843 Y119.9 E150.6189
G0 F7200 X109.643 Y119.9
G0 X109.643 Y119.8
G1 F1500 E144.1189
G0 F7200 X107.03 Y119.886
G1 F1500 E150.6189
G0 F7200 X107.05 Y120.7
G1 F1800 X106.25 Y120.7 E150.62894
G1 X106.25 Y108.3 E150.78444
G1 X107.05 Y108.3 E150.79447
G1 X107.05 Y120.7 E150.94997
G0 F7200 X106.85 Y120.7
G0 X106.736 Y120.386
;TYPE:SKIN
G1 F1800 X106.649 Y120.189 E150.9528
G1 X106.649 Y108.876 E151.10169
G1 X106.597 Y108.646 E151.10479
G0 F7200 X106.65 Y108.7
G1 F1500 E144.60479
G0 F7200 X107.03 Y119.329
G0 X108.53 Y118.547
G0 X111.911 Y117.963
G0 X116.07 Y119.329
G1 F1500 E151.10479
G0 F7200 X117.038 Y119.234
;TYPE:WALL-OUTER
G1 F1800 X117.383 Y119.327 E151.10927
G1 X117.384 Y119.813 E151.11537
G1 X117.166 Y119.755 E151.11819
G1 X116.935 Y119.666 E151.1213
G1 X116.935 Y119.195 E151.12721
G1 X117.038 Y119.234 E151.12859
G0 F7200 X117.231 Y119.286
G0 X117.248 Y119.357
G1 F1500 E144.62859
G0 F7200 X117.238 Y119.391
G0 X118.631 Y119.339
G1 F1500 E151.12859
G0 F7200 X118.962 Y119.234
G1 F1800 X119.065 Y119.195 E151.12997
G1 X119.066 Y119.665 E151.13586
G1 X118.834 Y119.755 E151.13898
G1 X118.617 Y119.813 E151.1418
G1 X118.616 Y119.327 E151.14789
G1 X118.962 Y119.234 E151.15239
G0 F7200 X119.065 Y119.195
G0 X119.065 Y119.285
G0 X118.775 Y119.698
G1 F1500 E144.65239
G0 F7200 X118.77 Y119.669
G0 X118.629 Y116.798
G1 F1500 E151.15239
G0 F7200 X118.962 Y116.234
G1 F1800 X119.065 Y116.195 E151.15377
G1 X119.066 Y116.665 E151.15966
G1 X118.834 Y116.755 E151.16278
G1 X118.617 Y116.813 E151.1656
G1 X118.616 Y116.327 E151.17169
G1 X118.962 Y116.234 E151.17619
G0 F7200 X119.065 Y116.195
G0 X119.065 Y116.285
G0 X118.863 Y116.461
;TYPE:SKIN
G1 F1800 X118.81 Y116.514 E151.17666
G0 F7200 X118.665 Y116.514
G1 F1500 E144.67666
G0 F7200 X118.717 Y116.515
G0 X117.383 Y116.341
G1 F1500 E151.17666
G0 F7200 X117.038 Y116.234
;TYPE:WALL-OUTER
G1 F1800 X117.383 Y116.327 E151.18114
G1 X117.384 Y116.813 E151.18723
G1 X117.166 Y116.755 E151.19006
G1 X116.935 Y116.666 E151.19317
G1 X116.935 Y116.195 E151.19907
G1 X117.038 Y116.234 E151.20045
G0 F7200 X117.231 Y116.286
G0 X117.159 Y116.468
;TYPE:SKIN
G1 F1800 X117.129 Y116.498 E151.20072
G0 F7200 X116.983 Y116.497
G1 F1500 E144.70072
G0 F7200 X117.035 Y116.497
G0 X117.372 Y113.798
G1 F1500 E151.20072
G0 F7200 X117.038 Y113.234
;TYPE:WALL-OUTER
G1 F1800 X117.383 Y113.327 E151.2052
G1 X117.384 Y113.813 E151.21129
G1 X117.166 Y113.755 E151.21412
G1 X116.935 Y113.666 E151.21723
G1 X116.935 Y113.195 E151.22313
G1 X117.038 Y113.234 E151.22452
G0 F7200 X117.231 Y113.286
G0 X117.248 Y113.357
G1 F1500 E144.72452
G0 F7200 X117.238 Y113.391
G0 X118.631 Y113.339
G1 F1500 E151.22452
G0 F7200 X118.962 Y113.234
G1 F1800 X119.065 Y113.195 E151.2259
G1 X119.065 Y113.666 E151.2318
G1 X118.834 Y113.755 E151.23491
G1 X118.617 Y113.813 E151.23772
G1 X118.616 Y113.327 E151.24382
G1 X118.962 Y113.234 E151.24831
G0 F7200 X119.065 Y113.195
G0 X119.065 Y113.285
G0 X118.775 Y113.698
G1 F1500 E144.74831
G0 F7200 X118.77 Y113.669
G0 X118.629 Y110.798
G1 F1500 E151.24831
G0 F7200 X118.962 Y110.234
G1 F1800 X119.065 Y110.195 E151.24969
G1 X119.066 Y110.665 E151.25559
G1 X118.834 Y110.755 E151.25871
G1 X118.617 Y110.813 E151.26152
G1 X118.616 Y110.327 E151.26762
G1 X118.962 Y110.234 E151.27211
G0 F7200 X119.065 Y110.195
G0 X119.065 Y110.285
G0 X118.87 Y110.515
;TYPE:SKIN
G1 F1800 X118.842 Y110.543 E151.27236
G0 F7200 X118.854 Y110.677
G1 F1500 E144.77236
G0 F7200 X118.843 Y110.644
G0 X117.383 Y110.341
G1 F1500 E151.27236
G0 F7200 X117.038 Y110.234
;TYPE:WALL-OUTER
G1 F1800 X117.383 Y110.327 E151.27684
G1 X117.384 Y110.813 E151.28294
G1 X117.166 Y110.755 E151.28576
G1 X116.935 Y110.666 E151.28887
G1 X116.935 Y110.195 E151.29478
G1 X117.038 Y110.234 E151.29616
G0 F7200 X117.231 Y110.286
G0 X117.186 Y110.501
;TYPE:SKIN
G1 F1800 X117.148 Y110.539 E151.29649
G0 F7200 X117.134 Y110.673
G1 F1500 E144.79649
G0 F7200 X117.148 Y110.641
G0 X117.644 Y109.501
G0 X119.911 Y108.963
G0 X124.07 Y110.344
G1 F1500 E151.29649
G0 F7200 X125.038 Y110.234
;TYPE:WALL-OUTER
G1 F1800 X125.383 Y110.327 E151.30097
G1 X125.384 Y110.813 E151.30707
G1 X125.166 Y110.755 E151.3099
G1 X124.935 Y110.666 E151.313
G1 X124.935 Y110.195 E151.31891
G1 X125.038 Y110.234 E151.32029
G0 F7200 X125.231 Y110.286
G0 X125.248 Y110.357
G1 F1500 E144.82029
G0 F7200 X125.238 Y110.391
G0 X126.631 Y110.339
G1 F1500 E151.32029
G0 F7200 X126.962 Y110.234
G1 F1800 X127.065 Y110.195 E151.32167
G1 X127.066 Y110.665 E151.32757
G1 X126.834 Y110.755 E151.33069
G1 X126.617 Y110.813 E151.3335
G1 X126.616 Y110.327 E151.3396
G1 X126.962 Y110.234 E151.34409
G0 F7200 X127.065 Y110.195
G0 X127.065 Y110.285
G0 X126.775 Y110.698
G1 F1500 E144.84409
G0 F7200 X126.77 Y110.669
G0 X127.054 Y113.211
G1 F1500 E151.34409
G0 F7200 X126.962 Y113.234
G1 F1800 X127.065 Y113.195 E151.34547
G1 X127.065 Y113.666 E151.35138
G1 X126.832 Y113.755 E151.35451
G1 X126.617 Y113.812 E151.3573
G1 X126.616 Y113.327 E151.36338
G1 X126.962 Y113.234 E151.36787
G0 F7200 X127.065 Y113.195
G0 X127.065 Y113.285
G0 X126.775 Y113.698
G1 F1500 E144.86787
G0 F7200 X126.769 Y113.669
G0 X125.383 Y113.341
G1 F1500 E151.36787
G0 F7200 X125.038 Y113.234
G1 F1800 X125.383 Y113.327 E151.37235
G1 X125.384 Y113.813 E151.37845
G1 X125.166 Y113.755 E151.38127
G1 X124.935 Y113.666 E151.38438
G1 X124.935 Y113.195 E151.39029
G1 X125.038 Y113.234 E151.39167
G0 F7200 X125.231 Y113.286
G0 X125.248 Y113.357
G1 F1500 E144.89167
G0 F7200 X125.238 Y113.391
G0 X124.946 Y116.211
G1 F1500 E151.39167
G0 F7200 X125.038 Y116.234
G1 F1800 X125.383 Y116.327 E151.39615
G1 X125.384 Y116.813 E151.40224
G1 X125.166 Y116.755 E151.40507
G1 X124.935 Y116.666 E151.40818
G1 X124.935 Y116.195 E151.41408
G1 X125.038 Y116.234 E151.41546
G0 F7200 X125.231 Y116.286
G0 X125.248 Y116.357
G1 F1500 E144.91546
G0 F7200 X125.238 Y116.391
G0 X126.631 Y116.339
G1 F1500 E151.41546
G0 F7200 X126.962 Y116.234
G1 F1800 X127.065 Y116.195 E151.41684
G1 X127.066 Y116.665 E151.42274
G1 X126.834 Y116.755 E151.42586
G1 X126.617 Y116.813 E151.42868
G1 X126.616 Y116.327 E151.43477
G1 X126.962 Y116.234 E151.43926
G0 F7200 X127.065 Y116.195
G0 X127.065 Y116.285
G0 X126.775 Y116.698
G1 F1500 E144.93926
G0 F7200 X126.77 Y116.669
G0 X127.054 Y119.211
G1 F1500 E151.43926
G0 F7200 X126.962 Y119.234
G1 F1800 X127.065 Y119.195 E151.44064
G1 X127.066 Y119.665 E151.44654
G1 X126.832 Y119.756 E151.44969
G1 X126.617 Y119.812 E151.45247
G1 X126.616 Y119.327 E151.45856
G1 X126.962 Y119.234 E151.46305
G0 F7200 X127.065 Y119.195
G0 X127.065 Y119.285
G0 X126.87 Y119.485
;TYPE:SKIN
G1 F1800 X126.81 Y119.545 E151.46358
G0 F7200 X126.665 Y119.545
G1 F1500 E144.96358
G0 F7200 X126.717 Y119.546
G0 X125.383 Y119.341
G1 F1500 E151.46358
G0 F7200 X125.038 Y119.234
;TYPE:WALL-OUTER
G1 F1800 X125.383 Y119.327 E151.46806
G1 X125.384 Y119.813 E151.47416
G1 X125.166 Y119.755 E151.47698
G1 X124.935 Y119.666 E151.48009
G1 X124.935 Y119.195 E151.486
G1 X125.038 Y119.234 E151.48738
G0 F7200 X125.231 Y119.286
G0 X125.183 Y119.475
;TYPE:SKIN
G1 F1800 X125.129 Y119.529 E151.48786
G0 F7200 X124.983 Y119.528
G1 F1500 E144.98786
G0 F7200 X125.035 Y119.528
G0 X125.644 Y118.501
G0 X127.911 Y117.963
G0 X132.07 Y119.344
G1 F1500 E151.48786
G0 F7200 X133.038 Y119.234
;TYPE:WALL-OUTER
G1 F1800 X133.383 Y119.327 E151.49234
G1 X133.384 Y119.813 E151.49843
G1 X133.166 Y119.755 E151.50126
G1 X132.935 Y119.666 E151.50436
G1 X132.935 Y119.195 E151.51027
G1 X133.038 Y119.234 E151.51165
G0 F7200 X133.231 Y119.286
G0 X133.248 Y119.357
G1 F1500 E145.01165
G0 F7200 X133.238 Y119.391
G0 X133.372 Y116.798
G1 F1500 E151.51165
G0 F7200 X133.038 Y116.234
G1 F1800 X133.383 Y116.327 E151.51613
G1 X133.384 Y116.813 E151.52223
G1 X133.166 Y116.755 E151.52506
G1 X132.935 Y116.666 E151.52816
G1 X132.935 Y116.195 E151.53407
G1 X133.038 Y116.234 E151.53545
G0 F7200 X133.231 Y116.286
G0 X133.248 Y116.357
G1 F1500 E145.03545
G0 F7200 X133.238 Y116.391
G0 X133.372 Y113.798
G1 F1500 E151.53545
G0 F7200 X133.038 Y113.234
G1 F1800 X133.383 Y113.327 E151.53993
G1 X133.384 Y113.813 E151.54602
G1 X133.166 Y113.755 E151.54885
G1 X132.935 Y113.666 E151.55196
G1 X132.935 Y113.195 E151.55786
G1 X133.038 Y113.234 E151.55925
G0 F7200 X133.231 Y113.286
G0 X133.167 Y113.471
;TYPE:SKIN
G1 F1800 X133.129 Y113.509 E151.55958
G0 F7200 X132.983 Y113.508
G1 F1500 E145.05958
G0 F7200 X133.035 Y113.508
G0 X133.372 Y110.798
G1 F1500 E151.55958
G0 F7200 X133.038 Y110.234
;TYPE:WALL-OUTER
G1 F1800 X133.383 Y110.327 E151.56406
G1 X133.384 Y110.813 E151.57016
G1 X133.166 Y110.755 E151.57299
G1 X132.935 Y110.666 E151.57609
G1 X132.935 Y110.195 E151.582
G1 X133.038 Y110.234 E151.58338
G0 F7200 X133.231 Y110.286
G0 X133.248 Y110.357
G1 F1500 E145.08338
G0 F7200 X133.238 Y110.391
G0 X134.248 Y110.796
G0 X136.085 Y110.798
G0 X137.65 Y120.63
G1 F1500 E151.58338
G0 F7200 X137.75 Y120.7
G1 F1800 X136.95 Y120.7 E151.59341
G1 X136.95 Y108.3 E151.74891
G1 X137.75 Y108.3 E151.75894
G1 X137.75 Y120.7 E151.91444
G0 F7200 X137.55 Y120.7
G0 X137.5 Y120.451
;TYPE:SKIN
G1 F1800 X137.359 Y120.31 E151.91702
G1 X137.349 Y114.945 E151.98625
G1 X137.349 Y108.723 E152.06654
G1 X137.219 Y108.569 E152.06914
G0 F7200 X137.35 Y108.7
G1 F1500 E145.56914
;MESH:NONMESH
G0 F600 X137.35 Y108.7 Z17
G0 F7200 X136.97 Y110.4
G0 X134.237 Y109.603
G0 X132.088 Y108.963
G0 X127.923 Y111.254
G0 X126.637 Y111.702
G0 X117.767 Y111.824
G0 X111.93 Y110.454
G0 X110.73 Y110.4
G1 F1500 E152.06914
G0 F7200 X110.541 Y110.347
;TIME_ELAPSED:1613.094225
;LAYER:84
;TYPE:WALL-OUTER
;MESH:output_v2\A_fina_conjunto.stl
G1 F1800 X110.855 Y110.263 E152.07321
G1 X110.856 Y110.746 E152.07927
G1 X110.834 Y110.755 E152.07957
G1 X110.464 Y110.854 E152.08437
G1 X110.269 Y110.884 E152.08685
G1 X110.2 Y110.89 E152.08771
G1 X110.2 Y110.393 E152.09395
G1 X110.325 Y110.38 E152.09552
G1 X110.541 Y110.347 E152.09826
G0 F7200 X110.734 Y110.296
G0 X110.544 Y110.544
;TYPE:SKIN
G1 F1800 X110.611 Y110.611 E152.09886
G0 F7200 X110.622 Y110.738
G1 F1500 E145.59886
G0 F7200 X110.617 Y110.71
G0 X110.545 Y113.366
G0 X109.328 Y114.046
G0 X108.723 Y114.953
G0 X109.027 Y115.976
G1 F1500 E152.09886
G0 F7200 X109.61 Y116.34
;TYPE:WALL-OUTER
G1 F1800 X109.897 Y116.397 E152.10253
G1 X110.093 Y116.4 E152.10498
G1 X110.31 Y116.383 E152.10771
G1 X110.541 Y116.347 E152.11065
G1 X110.855 Y116.263 E152.11472
G1 X110.856 Y116.746 E152.12078
G1 X110.834 Y116.755 E152.12108
G1 X110.462 Y116.854 E152.1259
G1 X110.252 Y116.885 E152.12857
G1 X110.143 Y116.895 E152.12994
G1 X110.001 Y116.9 E152.13172
G1 X109.734 Y116.879 E152.13508
G1 X109.332 Y116.766 E152.14032
G1 X108.972 Y116.564 E152.14549
G1 X108.663 Y116.279 E152.15076
G1 X108.591 Y116.187 E152.15223
G1 X108.38 Y115.811 E152.15764
G1 X108.301 Y115.567 E152.16085
G1 X108.251 Y115.14 E152.16624
G1 X108.255 Y115.019 E152.16776
G1 X108.299 Y114.745 E152.17124
G1 X108.444 Y114.352 E152.1765
G1 X108.587 Y114.118 E152.17993
G1 X108.663 Y114.021 E152.18148
G1 X108.976 Y113.732 E152.18682
G1 X109.202 Y113.594 E152.19014
G1 X109.591 Y113.45 E152.19534
G1 X110.019 Y113.4 E152.20075
G1 X110.214 Y113.392 E152.2032
G1 X110.325 Y113.38 E152.2046
G1 X110.541 Y113.347 E152.20734
G1 X110.855 Y113.263 E152.21141
G1 X110.855 Y113.747 E152.21748
G1 X110.837 Y113.754 E152.21772
G1 X110.462 Y113.854 E152.22259
G1 X110.252 Y113.885 E152.22525
G1 X110.139 Y113.895 E152.22668
G1 X109.795 Y113.915 E152.231
G1 X109.348 Y114.08 E152.23697
G1 X109.051 Y114.334 E152.24187
G1 X108.882 Y114.585 E152.24567
G1 X108.762 Y114.958 E152.25058
G1 X108.78 Y115.43 E152.2565
G1 X108.848 Y115.64 E152.25927
G1 X109.107 Y116.026 E152.2651
G1 X109.271 Y116.166 E152.26781
G1 X109.61 Y116.34 E152.27258
G0 F7200 X109.806 Y116.379
G0 X109.846 Y116.634
;TYPE:SKIN
G1 F1800 X110.138 Y116.643 E152.27386
G1 X110.626 Y116.566 E152.27603
G0 F7200 X110.658 Y116.598
G0 X109.554 Y116.625
G1 F1800 X109.358 Y116.429 E152.27776
G0 F7200 X108.609 Y115.68
G1 F1800 X108.521 Y115.309 E152.27925
G1 X108.627 Y114.567 E152.28218
G1 X108.977 Y114.068 E152.28456
G1 X109.507 Y113.75 E152.28698
G1 X110.485 Y113.596 E152.29085
G0 F7200 X110.519 Y113.756
G1 F1500 E145.79085
G0 F7200 X110.516 Y113.737
G0 X109.328 Y114.046
G0 X108.723 Y114.953
G0 X109.027 Y115.976
G0 X110.001 Y116.881
G0 X110.001 Y119.42
G1 F1500 E152.29085
G0 F7200 X109.905 Y119.9
;TYPE:WALL-OUTER
G1 F1800 X109.457 Y119.9 E152.29647
G1 X109.457 Y119.4 E152.30274
G1 X110.087 Y119.4 E152.31064
G1 X110.323 Y119.381 E152.31361
G1 X110.541 Y119.347 E152.31637
G1 X110.855 Y119.263 E152.32045
G1 X110.856 Y119.746 E152.32651
G1 X110.834 Y119.755 E152.32681
G1 X110.462 Y119.854 E152.33163
G1 X110.252 Y119.885 E152.33429
G1 X110.135 Y119.895 E152.33577
G1 X110.07 Y119.898 E152.33658
G1 X110 Y119.897 E152.33746
G1 X109.905 Y119.9 E152.33865
G0 F7200 X109.705 Y119.9
G0 X109.749 Y119.648
;TYPE:SKIN
G1 F1800 X110.03 Y119.647 E152.33979
G1 X110.534 Y119.585 E152.34186
G0 F7200 X110.567 Y119.749
G1 F1500 E145.84186
G0 F7200 X110.563 Y119.724
G0 X109.471 Y119.886
G0 X107.03 Y119.886
G1 F1500 E152.34186
G0 F7200 X107.05 Y120.7
;TYPE:WALL-OUTER
G1 F1800 X106.25 Y120.7 E152.35189
G1 X106.25 Y108.3 E152.50739
G1 X107.05 Y108.3 E152.51742
G1 X107.05 Y120.7 E152.67292
G0 F7200 X106.85 Y120.7
G0 X106.65 Y120.226
;TYPE:SKIN
G1 F1800 X106.65 Y119.943 E152.67666
G1 X106.65 Y108.912 E152.82246
G1 X106.826 Y108.523 E152.8281
G0 F7200 X106.797 Y108.494
G0 X106.445 Y120.304
G1 F1800 X106.644 Y120.503 E152.82986
G0 F7200 X106.65 Y120.3
G1 F1500 E146.32986
G0 F7200 X107.915 Y119.444
G0 X108.604 Y120.753
G0 X110.358 Y120.743
G0 X116.28 Y119.444
G0 X118.561 Y119.444
G1 F1500 E152.82986
G0 F7200 X118.541 Y119.347
;TYPE:WALL-OUTER
G1 F1800 X118.855 Y119.263 E152.83394
G1 X118.856 Y119.746 E152.84
G1 X118.834 Y119.755 E152.84029
G1 X118.464 Y119.854 E152.8451
G1 X118.269 Y119.884 E152.84757
G1 X118.189 Y119.892 E152.84858
G1 X117.908 Y119.898 E152.8521
G1 X117.812 Y119.892 E152.85331
G1 X117.731 Y119.884 E152.85433
G1 X117.536 Y119.854 E152.85681
G1 X117.163 Y119.754 E152.86165
G1 X117.145 Y119.747 E152.86189
G1 X117.145 Y119.263 E152.86796
G1 X117.459 Y119.347 E152.87204
G1 X117.675 Y119.38 E152.87478
G1 X117.784 Y119.391 E152.87615
G1 X117.896 Y119.398 E152.87756
G1 X118.212 Y119.392 E152.88152
G1 X118.325 Y119.38 E152.88295
G1 X118.541 Y119.347 E152.88569
G0 F7200 X118.734 Y119.296
G0 X118.468 Y119.599
;TYPE:SKIN
G1 F1800 X118.222 Y119.636 E152.88673
G1 X117.641 Y119.621 E152.88918
G0 F7200 X117.631 Y119.466
G1 F1500 E146.38918
G0 F7200 X117.629 Y119.474
G0 X118.267 Y116.865
G1 F1500 E152.88918
G0 F7200 X118.541 Y116.347
;TYPE:WALL-OUTER
G1 F1800 X118.855 Y116.263 E152.89326
G1 X118.856 Y116.746 E152.89931
G1 X118.834 Y116.755 E152.89961
G1 X118.464 Y116.854 E152.90442
G1 X118.269 Y116.884 E152.90689
G1 X118.189 Y116.892 E152.9079
G1 X117.908 Y116.898 E152.91142
G1 X117.812 Y116.892 E152.91263
G1 X117.731 Y116.884 E152.91365
G1 X117.536 Y116.854 E152.91612
G1 X117.163 Y116.754 E152.92097
G1 X117.145 Y116.747 E152.92121
G1 X117.145 Y116.263 E152.92728
G1 X117.459 Y116.347 E152.93135
G1 X117.675 Y116.38 E152.93409
G1 X117.784 Y116.391 E152.93547
G1 X117.896 Y116.398 E152.93688
G1 X118.212 Y116.392 E152.94084
G1 X118.325 Y116.38 E152.94226
G1 X118.541 Y116.347 E152.945
G0 F7200 X118.734 Y116.296
G0 X118.56 Y116.58
;TYPE:SKIN
G1 F1800 X118.323 Y116.626 E152.94593
G1 X117.431 Y116.582 E152.94933
G0 F7200 X117.407 Y116.406
G1 F1500 E146.44933
G0 F7200 X117.4 Y116.434
G0 X117.832 Y113.874
G1 F1500 E152.94933
G0 F7200 X118.541 Y113.347
;TYPE:WALL-OUTER
G1 F1800 X118.855 Y113.263 E152.95341
G1 X118.855 Y113.747 E152.95948
G1 X118.837 Y113.754 E152.95972
G1 X118.464 Y113.854 E152.96456
G1 X118.269 Y113.884 E152.96704
G1 X118.189 Y113.892 E152.96805
G1 X117.908 Y113.898 E152.97157
G1 X117.812 Y113.892 E152.97278
G1 X117.731 Y113.884 E152.9738
G1 X117.536 Y113.854 E152.97627
G1 X117.163 Y113.754 E152.98112
G1 X117.145 Y113.747 E152.98136
G1 X117.145 Y113.263 E152.98743
G1 X117.459 Y113.347 E152.9915
G1 X117.675 Y113.38 E152.99424
G1 X117.784 Y113.391 E152.99562
G1 X117.896 Y113.398 E152.99702
G1 X118.212 Y113.392 E153.00099
G1 X118.325 Y113.38 E153.00241
G1 X118.541 Y113.347 E153.00515
G0 F7200 X118.734 Y113.296
G0 X118.638 Y113.547
;TYPE:SKIN
G1 F1800 X118.419 Y113.61 E153.006
G1 X117.571 Y113.611 E153.00917
G0 F7200 X117.563 Y113.448
G1 F1500 E146.50917
G0 F7200 X117.56 Y113.463
G0 X118.267 Y110.865
G1 F1500 E153.00917
G0 F7200 X118.541 Y110.347
;TYPE:WALL-OUTER
G1 F1800 X118.855 Y110.263 E153.01325
G1 X118.856 Y110.746 E153.0193
G1 X118.834 Y110.755 E153.0196
G1 X118.464 Y110.854 E153.02441
G1 X118.269 Y110.884 E153.02688
G1 X118.189 Y110.892 E153.02789
G1 X117.908 Y110.898 E153.03141
G1 X117.812 Y110.892 E153.03262
G1 X117.731 Y110.884 E153.03364
G1 X117.536 Y110.854 E153.03611
G1 X117.163 Y110.754 E153.04096
G1 X117.145 Y110.747 E153.0412
G1 X117.145 Y110.263 E153.04727
G1 X117.459 Y110.347 E153.05134
G1 X117.675 Y110.38 E153.05408
G1 X117.784 Y110.391 E153.05546
G1 X117.896 Y110.398 E153.05687
G1 X118.212 Y110.392 E153.06083
G1 X118.325 Y110.38 E153.06225
G1 X118.541 Y110.347 E153.06499
G0 F7200 X118.734 Y110.296
G0 X118.511 Y110.591
;TYPE:SKIN
G1 F1800 X118.27 Y110.633 E153.06584
G1 X117.372 Y110.583 E153.06896
G0 F7200 X117.513 Y110.76
G1 F1500 E146.56896
G0 F7200 X117.517 Y110.746
G0 X118.855 Y110.459
G0 X124.28 Y110.459
G0 X126.561 Y110.444
G1 F1500 E153.06896
G0 F7200 X126.541 Y110.347
;TYPE:WALL-OUTER
G1 F1800 X126.855 Y110.263 E153.07303
G1 X126.856 Y110.746 E153.07909
G1 X126.834 Y110.755 E153.07939
G1 X126.464 Y110.854 E153.08419
G1 X126.269 Y110.884 E153.08666
G1 X126.188 Y110.892 E153.08769
G1 X126.092 Y110.898 E153.08889
G1 X125.812 Y110.892 E153.0924
G1 X125.731 Y110.884 E153.09342
G1 X125.536 Y110.854 E153.0959
G1 X125.163 Y110.754 E153.10074
G1 X125.145 Y110.747 E153.10098
G1 X125.145 Y110.263 E153.10705
G1 X125.459 Y110.347 E153.11113
G1 X125.675 Y110.38 E153.11387
G1 X125.788 Y110.392 E153.11529
G1 X126.104 Y110.398 E153.11926
G1 X126.216 Y110.391 E153.12067
G1 X126.325 Y110.38 E153.12204
G1 X126.541 Y110.347 E153.12478
G0 F7200 X126.734 Y110.296
G0 X126.444 Y110.605
;TYPE:SKIN
G1 F1800 X126.196 Y110.639 E153.12584
G1 X125.607 Y110.617 E153.12833
G0 F7200 X125.599 Y110.458
G1 F1500 E146.62833
G0 F7200 X125.597 Y110.469
G0 X126.843 Y113.278
G1 F1500 E153.12833
G0 F7200 X126.541 Y113.347
;TYPE:WALL-OUTER
G1 F1800 X126.855 Y113.263 E153.13241
G1 X126.855 Y113.747 E153.13848
G1 X126.837 Y113.754 E153.13872
G1 X126.464 Y113.854 E153.14356
G1 X126.269 Y113.884 E153.14604
G1 X126.188 Y113.892 E153.14706
G1 X126.092 Y113.898 E153.14826
G1 X125.812 Y113.892 E153.15178
G1 X125.731 Y113.884 E153.1528
G1 X125.536 Y113.854 E153.15527
G1 X125.163 Y113.754 E153.16011
G1 X125.145 Y113.747 E153.16036
G1 X125.145 Y113.263 E153.16643
G1 X125.459 Y113.347 E153.1705
G1 X125.675 Y113.38 E153.17324
G1 X125.788 Y113.392 E153.17467
G1 X126.104 Y113.398 E153.17863
G1 X126.216 Y113.391 E153.18004
G1 X126.325 Y113.38 E153.18141
G1 X126.541 Y113.347 E153.18415
G0 F7200 X126.734 Y113.296
G0 X126.586 Y113.575
;TYPE:SKIN
G1 F1800 X126.35 Y113.622 E153.18507
G1 X125.473 Y113.593 E153.1884
G0 F7200 X125.463 Y113.421
G1 F1500 E146.6884
G0 F7200 X125.458 Y113.448
G0 X126.843 Y116.278
G1 F1500 E153.1884
G0 F7200 X126.541 Y116.347
;TYPE:WALL-OUTER
G1 F1800 X126.855 Y116.263 E153.19247
G1 X126.856 Y116.746 E153.19853
G1 X126.834 Y116.755 E153.19883
G1 X126.464 Y116.854 E153.20363
G1 X126.269 Y116.884 E153.20611
G1 X126.188 Y116.892 E153.20713
G1 X126.092 Y116.898 E153.20833
G1 X125.812 Y116.892 E153.21185
G1 X125.731 Y116.884 E153.21287
G1 X125.536 Y116.854 E153.21534
G1 X125.163 Y116.754 E153.22018
G1 X125.145 Y116.747 E153.22043
G1 X125.145 Y116.263 E153.22649
G1 X125.459 Y116.347 E153.23057
G1 X125.675 Y116.38 E153.23331
G1 X125.788 Y116.392 E153.23474
G1 X126.104 Y116.398 E153.2387
G1 X126.216 Y116.391 E153.24011
G1 X126.325 Y116.38 E153.24148
G1 X126.541 Y116.347 E153.24422
G0 F7200 X126.734 Y116.296
G0 X126.494 Y116.594
;TYPE:SKIN
G1 F1800 X126.251 Y116.634 E153.24505
G1 X125.357 Y116.589 E153.24805
G0 F7200 X125.516 Y116.76
G1 F1500 E146.74805
G0 F7200 X125.519 Y116.747
G0 X126.843 Y119.278
G1 F1500 E153.24805
G0 F7200 X126.541 Y119.347
;TYPE:WALL-OUTER
G1 F1800 X126.855 Y119.263 E153.25213
G1 X126.856 Y119.746 E153.25819
G1 X126.834 Y119.755 E153.25848
G1 X126.464 Y119.854 E153.26329
G1 X126.269 Y119.884 E153.26576
G1 X126.188 Y119.892 E153.26678
G1 X126.092 Y119.898 E153.26799
G1 X125.812 Y119.892 E153.2715
G1 X125.731 Y119.884 E153.27252
G1 X125.536 Y119.854 E153.275
G1 X125.163 Y119.754 E153.27984
G1 X125.145 Y119.747 E153.28008
G1 X125.145 Y119.263 E153.28615
G1 X125.459 Y119.347 E153.29023
G1 X125.675 Y119.38 E153.29297
G1 X125.788 Y119.392 E153.29439
G1 X126.104 Y119.398 E153.29835
G1 X126.216 Y119.391 E153.29976
G1 X126.325 Y119.38 E153.30114
G1 X126.541 Y119.347 E153.30388
G0 F7200 X126.734 Y119.296
G0 X126.631 Y119.56
;TYPE:SKIN
G1 F1800 X126.401 Y119.613 E153.30478
G1 X125.548 Y119.608 E153.30803
G0 F7200 X125.54 Y119.442
G1 F1500 E146.80803
G0 F7200 X125.537 Y119.46
G0 X126.843 Y119.278
G0 X132.28 Y116.735
G0 X134.62 Y116.947
G1 F1500 E153.30803
G0 F7200 X134.573 Y117.035
;TYPE:WALL-OUTER
G1 F1800 X134.201 Y116.915 E153.31293
G1 X133.842 Y116.894 E153.31744
G1 X133.731 Y116.884 E153.31884
G1 X133.536 Y116.854 E153.32131
G1 X133.163 Y116.754 E153.32615
G1 X133.145 Y116.747 E153.32639
G1 X133.145 Y116.263 E153.33246
G1 X133.459 Y116.347 E153.33654
G1 X133.676 Y116.381 E153.33929
G1 X133.878 Y116.398 E153.34184
G1 X133.971 Y116.398 E153.343
G1 X134.266 Y116.421 E153.34671
G1 X134.675 Y116.536 E153.35204
G1 X134.919 Y116.661 E153.35548
G1 X135.019 Y116.727 E153.35698
G1 X135.337 Y117.021 E153.36241
G1 X135.409 Y117.113 E153.36388
G1 X135.616 Y117.482 E153.36918
G1 X135.727 Y117.878 E153.37434
G1 X135.743 Y118.293 E153.37955
G1 X135.729 Y118.416 E153.3811
G1 X135.616 Y118.818 E153.38634
G1 X135.409 Y119.187 E153.39164
G1 X135.337 Y119.279 E153.39311
G1 X135.019 Y119.573 E153.39854
G1 X134.925 Y119.636 E153.39996
G1 X134.532 Y119.817 E153.40539
G1 X134.417 Y119.849 E153.40688
G1 X133.988 Y119.899 E153.4123
G1 X133.838 Y119.894 E153.41418
G1 X133.731 Y119.884 E153.41553
G1 X133.536 Y119.854 E153.418
G1 X133.163 Y119.754 E153.42285
G1 X133.145 Y119.747 E153.42309
G1 X133.145 Y119.263 E153.42916
G1 X133.459 Y119.347 E153.43323
G1 X133.675 Y119.38 E153.43597
G1 X133.786 Y119.392 E153.43737
G1 X133.995 Y119.4 E153.44
G1 X134.109 Y119.396 E153.44143
G1 X134.467 Y119.31 E153.44604
G1 X134.582 Y119.258 E153.44763
G1 X134.944 Y118.972 E153.45341
G1 X135.068 Y118.801 E153.45606
G1 X135.191 Y118.536 E153.45972
G1 X135.249 Y118.24 E153.46351
G1 X135.193 Y117.767 E153.46948
G1 X135.018 Y117.425 E153.4743
G1 X134.941 Y117.326 E153.47587
G1 X134.573 Y117.035 E153.48175
G0 F7200 X134.383 Y116.974
G0 X134.205 Y116.669
;TYPE:SKIN
G1 F1800 X133.901 Y116.648 E153.48336
G1 X133.584 Y116.614 E153.48504
G0 F7200 X134.512 Y116.693
G1 F1800 X134.731 Y116.912 E153.48699
G0 F7200 X135.341 Y117.522
G1 F1800 X135.467 Y117.931 E153.48869
G1 X135.39 Y118.702 E153.49178
G1 X135.046 Y119.207 E153.49422
G1 X134.533 Y119.543 E153.49666
G1 X133.781 Y119.639 E153.49968
G1 X133.445 Y119.586 E153.50104
G0 F7200 X133.422 Y119.41
G1 F1500 E147.00104
G0 F7200 X133.415 Y119.438
G0 X135.393 Y119.176
G0 X136.97 Y119.176
G0 X137.65 Y120.63
G1 F1500 E153.50104
G0 F7200 X137.75 Y120.7
;TYPE:WALL-OUTER
G1 F1800 X136.95 Y120.7 E153.51107
G1 X136.95 Y108.3 E153.66657
G1 X137.75 Y108.3 E153.6766
G1 X137.75 Y120.7 E153.8321
G0 F7200 X137.55 Y120.7
G0 X137.309 Y120.338
;TYPE:SKIN
G1 F1800 X137.349 Y120.095 E153.83537
G1 X137.349 Y108.781 E153.98543
G1 X137.449 Y108.599 E153.98819
G0 F7200 X137.344 Y108.494
G0 X137.144 Y120.456
G1 F1800 X137.192 Y120.504 E153.98861
G0 F7200 X137.35 Y120.3
G1 F1500 E147.48861
G0 F7200 X136.97 Y110.947
G0 X135.598 Y111.489
G0 X134.62 Y110.947
G1 F1500 E153.98861
G0 F7200 X134.573 Y111.035
;TYPE:WALL-OUTER
G1 F1800 X134.201 Y110.915 E153.99351
G1 X133.842 Y110.894 E153.99802
G1 X133.731 Y110.884 E153.99942
G1 X133.536 Y110.854 E154.0019
G1 X133.163 Y110.754 E154.00674
G1 X133.145 Y110.747 E154.00698
G1 X133.145 Y110.263 E154.01305
G1 X133.459 Y110.347 E154.01713
G1 X133.676 Y110.381 E154.01988
G1 X133.878 Y110.398 E154.02242
G1 X133.971 Y110.398 E154.02359
G1 X134.269 Y110.421 E154.02734
G1 X134.537 Y110.485 E154.03079
G1 X134.917 Y110.661 E154.03604
G1 X135.133 Y110.818 E154.03939
G1 X135.414 Y111.122 E154.04458
G1 X135.616 Y111.482 E154.04976
G1 X135.727 Y111.878 E154.05492
G1 X135.743 Y112.293 E154.06013
G1 X135.729 Y112.416 E154.06168
G1 X135.616 Y112.818 E154.06691
G1 X135.409 Y113.187 E154.07222
G1 X135.337 Y113.279 E154.07369
G1 X135.019 Y113.573 E154.07912
G1 X134.925 Y113.636 E154.08054
G1 X134.537 Y113.815 E154.08589
G1 X134.269 Y113.879 E154.08935
G1 X133.998 Y113.9 E154.09276
G1 X133.838 Y113.894 E154.09477
G1 X133.731 Y113.884 E154.09611
G1 X133.536 Y113.854 E154.09859
G1 X133.163 Y113.754 E154.10343
G1 X133.145 Y113.747 E154.10367
G1 X133.145 Y113.263 E154.10974
G1 X133.459 Y113.347 E154.11382
G1 X133.675 Y113.38 E154.11656
G1 X133.786 Y113.392 E154.11796
G1 X133.995 Y113.4 E154.12058
G1 X134.105 Y113.396 E154.12196
G1 X134.382 Y113.341 E154.1255
G1 X134.579 Y113.26 E154.12817
G1 X134.944 Y112.972 E154.13401
G1 X135.068 Y112.801 E154.13665
G1 X135.194 Y112.529 E154.14041
G1 X135.249 Y112.06 E154.14633
G1 X135.191 Y111.764 E154.15012
G1 X135.068 Y111.499 E154.15378
G1 X134.944 Y111.328 E154.15643
G1 X134.573 Y111.035 E154.16236
G0 F7200 X134.383 Y110.974
G0 X134.505 Y110.746
;TYPE:SKIN
G1 F1800 X134.136 Y110.66 E154.16422
G1 X133.513 Y110.602 E154.16728
G0 F7200 X133.455 Y110.544
G0 X134.477 Y110.954
G0 X135.303 Y111.544
G0 X135.391 Y111.633
G1 F1800 X135.481 Y112.005 E154.16872
G1 X135.369 Y112.741 E154.17153
G1 X135.013 Y113.234 E154.17382
G1 X134.492 Y113.562 E154.17614
G1 X133.714 Y113.633 E154.17909
G1 X133.379 Y113.58 E154.18037
G0 F7200 X133.511 Y113.76
G1 F1500 E147.68037
;MESH:NONMESH
G0 F600 X133.511 Y113.76 Z17.2
G0 F7200 X133.515 Y113.746
G0 X132.28 Y113.278
G0 X127.702 Y112.046
G0 X117.616 Y111.741
G0 X111.72 Y110.734
G0 X110.561 Y110.444
G1 F1500 E154.18037
G0 F7200 X110.541 Y110.347
;TIME_ELAPSED:1629.901709
;LAYER:85
;TYPE:WALL-OUTER
;MESH:output_v2\A_fina_conjunto.stl
G1 F1800 X110.645 Y110.319 E154.18172
G1 X110.645 Y110.805 E154.18781
G1 X110.464 Y110.854 E154.19016
G1 X110.269 Y110.884 E154.19264
G1 X110.2 Y110.891 E154.19351
G1 X110.2 Y110.393 E154.19975
G1 X110.325 Y110.38 E154.20133
G1 X110.541 Y110.347 E154.20407
G0 F7200 X110.645 Y110.319
G0 X110.645 Y110.412
G0 X110.283 Y110.789
G1 F1500 E147.70407
G0 F7200 X110.299 Y110.779
G0 X110.545 Y113.366
G0 X109.328 Y114.046
G0 X108.723 Y114.953
G0 X109.027 Y115.976
G1 F1500 E154.20407
G0 F7200 X109.61 Y116.34
G1 F1800 X109.896 Y116.397 E154.20773
G1 X110.068 Y116.4 E154.20988
G1 X110.282 Y116.385 E154.21257
G1 X110.432 Y116.365 E154.21447
G1 X110.542 Y116.347 E154.21587
G1 X110.645 Y116.319 E154.21721
G1 X110.645 Y116.805 E154.2233
G1 X110.464 Y116.854 E154.22565
G1 X110.269 Y116.884 E154.22813
G1 X110.143 Y116.895 E154.22971
G1 X110.002 Y116.9 E154.23148
G1 X109.734 Y116.879 E154.23486
G1 X109.332 Y116.766 E154.24009
G1 X108.972 Y116.564 E154.24527
G1 X108.663 Y116.279 E154.25054
G1 X108.591 Y116.187 E154.252
G1 X108.38 Y115.811 E154.25741
G1 X108.301 Y115.567 E154.26063
G1 X108.251 Y115.14 E154.26602
G1 X108.255 Y115.019 E154.26754
G1 X108.299 Y114.745 E154.27102
G1 X108.444 Y114.352 E154.27627
G1 X108.587 Y114.118 E154.27971
G1 X108.663 Y114.021 E154.28126
G1 X108.976 Y113.732 E154.2866
G1 X109.202 Y113.594 E154.28992
G1 X109.591 Y113.45 E154.29512
G1 X110.019 Y113.4 E154.30052
G1 X110.214 Y113.392 E154.30297
G1 X110.325 Y113.38 E154.30437
G1 X110.541 Y113.347 E154.30711
G1 X110.645 Y113.319 E154.30846
G1 X110.646 Y113.805 E154.31456
G1 X110.463 Y113.854 E154.31693
G1 X110.269 Y113.884 E154.31939
G1 X110.139 Y113.895 E154.32103
G1 X109.795 Y113.915 E154.32535
G1 X109.348 Y114.08 E154.33133
G1 X109.051 Y114.334 E154.33623
G1 X108.882 Y114.585 E154.34002
G1 X108.762 Y114.958 E154.34494
G1 X108.78 Y115.43 E154.35086
G1 X108.848 Y115.64 E154.35363
G1 X109.107 Y116.026 E154.35946
G1 X109.271 Y116.166 E154.36216
G1 X109.61 Y116.34 E154.36694
G0 F7200 X109.806 Y116.379
G0 X109.716 Y116.558
;TYPE:SKIN
G1 F1800 X109.627 Y116.646 E154.36772
G0 F7200 X109.45 Y116.54
G1 F1800 X109.265 Y116.442 E154.36842
G1 X108.811 Y116.047 E154.37042
G1 X108.538 Y115.472 E154.37253
G1 X108.523 Y114.921 E154.37437
G1 X108.673 Y114.489 E154.37588
G1 X109.356 Y113.806 E154.37909
G1 X110.08 Y113.647 E154.38156
G1 X110.392 Y113.618 E154.3826
G0 F7200 X110.45 Y113.56
G0 X109.328 Y114.046
G0 X108.723 Y114.953
G0 X109.078 Y116.052
G0 X110.258 Y116.581
G0 X110.199 Y116.64
G1 F1800 X109.914 Y116.642 E154.38454
G0 F7200 X109.854 Y116.794
G1 F1500 E147.88454
G0 F7200 X109.854 Y116.788
G0 X110.633 Y119.334
G1 F1500 E154.38454
G0 F7200 X110.541 Y119.347
;TYPE:WALL-OUTER
G1 F1800 X110.645 Y119.319 E154.38589
G1 X110.646 Y119.805 E154.39198
G1 X110.463 Y119.854 E154.39436
G1 X110.269 Y119.884 E154.39682
G1 X110.126 Y119.896 E154.39862
G1 X110.004 Y119.899 E154.40015
G1 X109.55 Y119.899 E154.40584
G1 X109.55 Y119.4 E154.4121
G1 X110.064 Y119.4 E154.41854
G1 X110.199 Y119.389 E154.42024
G1 X110.322 Y119.381 E154.42179
G1 X110.541 Y119.347 E154.42457
G0 F7200 X110.645 Y119.319
G0 X110.645 Y119.412
G0 X110.323 Y119.627
;TYPE:SKIN
G1 F1800 X110.019 Y119.648 E154.42597
G1 X109.768 Y119.617 E154.42713
G0 F7200 X109.95 Y119.8
G1 F1500 E147.92713
G0 F7200 X109.95 Y119.799
G0 X107.03 Y119.885
G1 F1500 E154.42713
G0 F7200 X107.05 Y120.7
;TYPE:WALL-OUTER
G1 F1800 X106.25 Y120.7 E154.43717
G1 X106.25 Y108.3 E154.59267
G1 X107.05 Y108.3 E154.6027
G1 X107.05 Y120.7 E154.7582
G0 F7200 X106.85 Y120.7
G0 X106.736 Y120.386
;TYPE:SKIN
G1 F1800 X106.649 Y120.189 E154.76103
G1 X106.649 Y108.876 E154.90992
G1 X106.597 Y108.646 E154.91302
G0 F7200 X106.65 Y108.7
G1 F1500 E148.41302
G0 F7200 X107.03 Y119.443
G0 X108.697 Y118.547
G0 X111.493 Y118.215
G0 X116.49 Y119.443
G0 X118.545 Y119.443
G1 F1500 E154.91302
G0 F7200 X118.541 Y119.347
;TYPE:WALL-OUTER
G1 F1800 X118.645 Y119.319 E154.91437
G1 X118.646 Y119.805 E154.92046
G1 X118.463 Y119.854 E154.92284
G1 X118.269 Y119.884 E154.9253
G1 X118.189 Y119.892 E154.92631
G1 X117.908 Y119.898 E154.92983
G1 X117.812 Y119.892 E154.93104
G1 X117.731 Y119.884 E154.93206
G1 X117.536 Y119.854 E154.93454
G1 X117.355 Y119.805 E154.93689
G1 X117.355 Y119.319 E154.94298
G1 X117.459 Y119.347 E154.94433
G1 X117.675 Y119.38 E154.94707
G1 X117.784 Y119.391 E154.94845
G1 X117.896 Y119.398 E154.94985
G1 X118.212 Y119.392 E154.95382
G1 X118.325 Y119.38 E154.95524
G1 X118.541 Y119.347 E154.95798
G0 F7200 X118.645 Y119.319
G0 X118.645 Y119.412
G0 X118.232 Y119.637
;TYPE:SKIN
G1 F1800 X117.941 Y119.645 E154.95953
G1 X117.678 Y119.625 E154.96093
G0 F7200 X117.625 Y119.776
G1 F1500 E148.46093
G0 F7200 X117.627 Y119.768
G0 X118.545 Y119.366
G0 X118.267 Y116.865
G1 F1500 E154.96093
G0 F7200 X118.541 Y116.347
;TYPE:WALL-OUTER
G1 F1800 X118.645 Y116.319 E154.96228
G1 X118.645 Y116.805 E154.96837
G1 X118.464 Y116.854 E154.97072
G1 X118.269 Y116.884 E154.9732
G1 X118.189 Y116.892 E154.97421
G1 X117.908 Y116.898 E154.97773
G1 X117.812 Y116.892 E154.97894
G1 X117.731 Y116.884 E154.97996
G1 X117.536 Y116.854 E154.98243
G1 X117.355 Y116.805 E154.98478
G1 X117.355 Y116.319 E154.99088
G1 X117.459 Y116.347 E154.99223
G1 X117.675 Y116.38 E154.99497
G1 X117.784 Y116.391 E154.99634
G1 X117.896 Y116.398 E154.99775
G1 X118.212 Y116.392 E155.00171
G1 X118.325 Y116.38 E155.00314
G1 X118.541 Y116.347 E155.00588
G0 F7200 X118.645 Y116.319
G0 X118.645 Y116.412
G0 X118.409 Y116.631
;TYPE:SKIN
G1 F1800 X118.115 Y116.643 E155.00707
G1 X117.587 Y116.606 E155.00921
G0 F7200 X117.779 Y116.488
G1 F1500 E148.50921
G0 F7200 X117.776 Y116.49
G0 X118.267 Y113.865
G1 F1500 E155.00921
G0 F7200 X118.541 Y113.347
;TYPE:WALL-OUTER
G1 F1800 X118.645 Y113.319 E155.01056
G1 X118.646 Y113.805 E155.01665
G1 X118.463 Y113.854 E155.01903
G1 X118.269 Y113.884 E155.02149
G1 X118.189 Y113.892 E155.0225
G1 X117.908 Y113.898 E155.02602
G1 X117.812 Y113.892 E155.02723
G1 X117.731 Y113.884 E155.02825
G1 X117.536 Y113.854 E155.03072
G1 X117.355 Y113.805 E155.03307
G1 X117.355 Y113.319 E155.03917
G1 X117.459 Y113.347 E155.04052
G1 X117.675 Y113.38 E155.04326
G1 X117.784 Y113.391 E155.04463
G1 X117.896 Y113.398 E155.04604
G1 X118.212 Y113.392 E155.05
G1 X118.325 Y113.38 E155.05143
G1 X118.541 Y113.347 E155.05417
G0 F7200 X118.645 Y113.319
G0 X118.645 Y113.412
G0 X118.299 Y113.631
;TYPE:SKIN
G1 F1800 X118.001 Y113.645 E155.05574
G1 X117.731 Y113.633 E155.05717
G0 F7200 X117.684 Y113.784
G1 F1500 E148.55717
G0 F7200 X117.686 Y113.777
G0 X118.267 Y110.865
G1 F1500 E155.05717
G0 F7200 X118.541 Y110.347
;TYPE:WALL-OUTER
G1 F1800 X118.645 Y110.319 E155.05852
G1 X118.645 Y110.805 E155.06461
G1 X118.464 Y110.854 E155.06696
G1 X118.269 Y110.884 E155.06944
G1 X118.189 Y110.892 E155.07045
G1 X117.908 Y110.898 E155.07397
G1 X117.812 Y110.892 E155.07518
G1 X117.731 Y110.884 E155.0762
G1 X117.536 Y110.854 E155.07867
G1 X117.355 Y110.805 E155.08102
G1 X117.355 Y110.319 E155.08712
G1 X117.459 Y110.347 E155.08847
G1 X117.675 Y110.38 E155.09121
G1 X117.784 Y110.391 E155.09258
G1 X117.896 Y110.398 E155.09399
G1 X118.212 Y110.392 E155.09795
G1 X118.325 Y110.38 E155.09938
G1 X118.541 Y110.347 E155.10212
G0 F7200 X118.645 Y110.319
G0 X118.645 Y110.412
G0 X118.177 Y110.641
;TYPE:SKIN
G1 F1800 X117.891 Y110.645 E155.1036
G1 X117.632 Y110.62 E155.10495
G0 F7200 X117.571 Y110.769
G1 F1500 E148.60495
G0 F7200 X117.574 Y110.76
G0 X118.625 Y110.444
G0 X124.49 Y110.444
G0 X126.545 Y110.444
G1 F1500 E155.10495
G0 F7200 X126.541 Y110.347
;TYPE:WALL-OUTER
G1 F1800 X126.645 Y110.319 E155.1063
G1 X126.645 Y110.805 E155.11239
G1 X126.464 Y110.854 E155.11474
G1 X126.269 Y110.884 E155.11722
G1 X126.188 Y110.892 E155.11824
G1 X126.092 Y110.898 E155.11944
G1 X125.812 Y110.892 E155.12296
G1 X125.731 Y110.884 E155.12398
G1 X125.536 Y110.854 E155.12645
G1 X125.355 Y110.805 E155.1288
G1 X125.355 Y110.319 E155.1349
G1 X125.459 Y110.347 E155.13625
G1 X125.675 Y110.38 E155.13899
G1 X125.788 Y110.392 E155.14041
G1 X126.104 Y110.398 E155.14438
G1 X126.216 Y110.391 E155.14578
G1 X126.325 Y110.38 E155.14716
G1 X126.541 Y110.347 E155.1499
G0 F7200 X126.645 Y110.319
G0 X126.645 Y110.412
G0 X126.397 Y110.624
;TYPE:SKIN
G1 F1800 X126.092 Y110.646 E155.15118
G1 X125.578 Y110.595 E155.15334
G0 F7200 X125.737 Y110.791
G1 F1500 E148.65334
G0 F7200 X125.738 Y110.785
G0 X126.633 Y113.334
G1 F1500 E155.15334
G0 F7200 X126.541 Y113.347
;TYPE:WALL-OUTER
G1 F1800 X126.645 Y113.319 E155.15469
G1 X126.646 Y113.805 E155.16079
G1 X126.463 Y113.854 E155.16316
G1 X126.269 Y113.884 E155.16563
G1 X126.188 Y113.892 E155.16665
G1 X126.092 Y113.898 E155.16785
G1 X125.812 Y113.892 E155.17136
G1 X125.731 Y113.884 E155.17239
G1 X125.536 Y113.854 E155.17486
G1 X125.355 Y113.805 E155.17721
G1 X125.355 Y113.319 E155.18331
G1 X125.459 Y113.347 E155.18466
G1 X125.675 Y113.38 E155.1874
G1 X125.788 Y113.392 E155.18882
G1 X126.104 Y113.398 E155.19278
G1 X126.216 Y113.391 E155.19419
G1 X126.325 Y113.38 E155.19557
G1 X126.541 Y113.347 E155.19831
G0 F7200 X126.645 Y113.319
G0 X126.645 Y113.412
G0 X126.21 Y113.639
;TYPE:SKIN
G1 F1800 X125.923 Y113.643 E155.19982
G1 X125.66 Y113.624 E155.20122
G0 F7200 X125.599 Y113.773
G1 F1500 E148.70122
G0 F7200 X125.601 Y113.764
G0 X126.633 Y116.334
G1 F1500 E155.20122
G0 F7200 X126.541 Y116.347
;TYPE:WALL-OUTER
G1 F1800 X126.645 Y116.319 E155.20257
G1 X126.645 Y116.805 E155.20867
G1 X126.464 Y116.854 E155.21102
G1 X126.269 Y116.884 E155.21349
G1 X126.188 Y116.892 E155.21451
G1 X126.092 Y116.898 E155.21572
G1 X125.812 Y116.892 E155.21923
G1 X125.731 Y116.884 E155.22025
G1 X125.536 Y116.854 E155.22272
G1 X125.355 Y116.805 E155.22508
G1 X125.355 Y116.319 E155.23117
G1 X125.459 Y116.347 E155.23252
G1 X125.675 Y116.38 E155.23526
G1 X125.788 Y116.392 E155.23669
G1 X126.104 Y116.398 E155.24065
G1 X126.216 Y116.391 E155.24206
G1 X126.325 Y116.38 E155.24343
G1 X126.541 Y116.347 E155.24617
G0 F7200 X126.645 Y116.319
G0 X126.645 Y116.412
G0 X126.335 Y116.625
;TYPE:SKIN
G1 F1800 X126.032 Y116.646 E155.24775
G1 X125.76 Y116.635 E155.24917
G0 F7200 X125.709 Y116.788
G1 F1500 E148.74917
G0 F7200 X125.711 Y116.781
G0 X126.633 Y119.334
G1 F1500 E155.24917
G0 F7200 X126.541 Y119.347
;TYPE:WALL-OUTER
G1 F1800 X126.645 Y119.319 E155.25052
G1 X126.646 Y119.805 E155.25662
G1 X126.463 Y119.854 E155.25899
G1 X126.269 Y119.884 E155.26145
G1 X126.188 Y119.892 E155.26248
G1 X126.092 Y119.898 E155.26368
G1 X125.812 Y119.892 E155.26719
G1 X125.731 Y119.884 E155.26821
G1 X125.536 Y119.854 E155.27069
G1 X125.355 Y119.805 E155.27304
G1 X125.355 Y119.319 E155.27913
G1 X125.459 Y119.347 E155.28049
G1 X125.675 Y119.38 E155.28323
G1 X125.788 Y119.392 E155.28465
G1 X126.104 Y119.398 E155.28861
G1 X126.216 Y119.391 E155.29002
G1 X126.325 Y119.38 E155.29139
G1 X126.541 Y119.347 E155.29414
G0 F7200 X126.645 Y119.319
G0 X126.645 Y119.412
G0 X126.427 Y119.644
;TYPE:SKIN
G1 F1800 X126.145 Y119.644 E155.29522
G1 X125.608 Y119.616 E155.29728
G0 F7200 X125.571 Y119.769
G1 F1500 E148.79728
G0 F7200 X125.574 Y119.76
G0 X126.633 Y119.334
G0 X132.49 Y116.793
G0 X134.62 Y116.947
G1 F1500 E155.29728
G0 F7200 X134.573 Y117.035
;TYPE:WALL-OUTER
G1 F1800 X134.201 Y116.915 E155.30218
G1 X133.806 Y116.891 E155.30715
G1 X133.731 Y116.884 E155.30809
G1 X133.536 Y116.854 E155.31057
G1 X133.355 Y116.805 E155.31292
G1 X133.355 Y116.319 E155.31901
G1 X133.459 Y116.347 E155.32036
G1 X133.676 Y116.381 E155.32312
G1 X133.853 Y116.396 E155.32534
G1 X133.91 Y116.396 E155.32606
G1 X134.266 Y116.421 E155.33053
G1 X134.675 Y116.536 E155.33586
G1 X134.919 Y116.661 E155.3393
G1 X135.019 Y116.727 E155.3408
G1 X135.337 Y117.021 E155.34623
G1 X135.409 Y117.113 E155.3477
G1 X135.616 Y117.482 E155.353
G1 X135.727 Y117.878 E155.35816
G1 X135.743 Y118.293 E155.36337
G1 X135.729 Y118.416 E155.36492
G1 X135.616 Y118.818 E155.37016
G1 X135.409 Y119.187 E155.37547
G1 X135.337 Y119.279 E155.37693
G1 X135.019 Y119.573 E155.38236
G1 X134.925 Y119.636 E155.38378
G1 X134.532 Y119.817 E155.38921
G1 X134.418 Y119.849 E155.39069
G1 X133.988 Y119.899 E155.39612
G1 X133.857 Y119.895 E155.39776
G1 X133.731 Y119.884 E155.39935
G1 X133.536 Y119.854 E155.40182
G1 X133.355 Y119.805 E155.40418
G1 X133.355 Y119.319 E155.41027
G1 X133.459 Y119.347 E155.41162
G1 X133.675 Y119.38 E155.41436
G1 X133.786 Y119.392 E155.41576
G1 X133.995 Y119.4 E155.41838
G1 X134.109 Y119.396 E155.41981
G1 X134.467 Y119.31 E155.42443
G1 X134.582 Y119.258 E155.42601
G1 X134.944 Y118.972 E155.4318
G1 X135.068 Y118.801 E155.43445
G1 X135.191 Y118.536 E155.43811
G1 X135.249 Y118.24 E155.44189
G1 X135.193 Y117.767 E155.44787
G1 X135.018 Y117.425 E155.45269
G1 X134.941 Y117.326 E155.45426
G1 X134.573 Y117.035 E155.46014
G0 F7200 X134.383 Y116.974
G0 X134.436 Y116.727
;TYPE:SKIN
G1 F1800 X134.645 Y116.8 E155.46095
G1 X135.246 Y117.331 E155.46389
G1 X135.473 Y117.953 E155.46632
G1 X135.434 Y118.557 E155.46853
G1 X135.048 Y119.226 E155.47136
G1 X134.408 Y119.583 E155.47405
G1 X133.787 Y119.638 E155.47633
G1 X133.565 Y119.578 E155.47717
G0 F7200 X133.549 Y119.595
G0 X134.602 Y119.292
G0 X135.288 Y118.241
G0 X134.663 Y117.057
G0 X133.949 Y116.648
G1 F1800 X134.211 Y116.669 E155.4781
G1 X133.687 Y116.627 E155.47995
G0 F7200 X133.646 Y116.781
G1 F1500 E148.97995
G0 F7200 X133.648 Y116.771
G0 X135.051 Y117.404
G0 X135.393 Y119.176
G0 X136.97 Y119.176
G0 X137.65 Y120.63
G1 F1500 E155.47995
G0 F7200 X137.75 Y120.7
;TYPE:WALL-OUTER
G1 F1800 X136.95 Y120.7 E155.48998
G1 X136.95 Y108.3 E155.64548
G1 X137.75 Y108.3 E155.65552
G1 X137.75 Y120.7 E155.81102
G0 F7200 X137.55 Y120.7
G0 X137.5 Y120.451
;TYPE:SKIN
G1 F1800 X137.359 Y120.31 E155.81359
G1 X137.349 Y114.945 E155.88282
G1 X137.349 Y108.723 E155.96311
G1 X137.219 Y108.569 E155.96571
G0 F7200 X137.35 Y108.7
G1 F1500 E149.46571
G0 F7200 X136.97 Y110.947
G0 X135.598 Y111.489
G0 X134.62 Y110.947
G1 F1500 E155.96571
G0 F7200 X134.573 Y111.035
;TYPE:WALL-OUTER
G1 F1800 X134.201 Y110.915 E155.97061
G1 X133.806 Y110.891 E155.97557
G1 X133.731 Y110.884 E155.97652
G1 X133.536 Y110.854 E155.97899
G1 X133.355 Y110.805 E155.98134
G1 X133.355 Y110.319 E155.98744
G1 X133.459 Y110.347 E155.98879
G1 X133.676 Y110.381 E155.99154
G1 X133.853 Y110.396 E155.99377
G1 X133.91 Y110.396 E155.99449
G1 X134.269 Y110.421 E155.999
G1 X134.537 Y110.485 E156.00245
G1 X134.917 Y110.661 E156.00771
G1 X135.133 Y110.818 E156.01105
G1 X135.414 Y111.122 E156.01625
G1 X135.616 Y111.482 E156.02142
G1 X135.727 Y111.878 E156.02658
G1 X135.743 Y112.293 E156.03179
G1 X135.729 Y112.416 E156.03334
G1 X135.616 Y112.818 E156.03858
G1 X135.409 Y113.187 E156.04388
G1 X135.337 Y113.279 E156.04535
G1 X135.019 Y113.573 E156.05078
G1 X134.925 Y113.636 E156.0522
G1 X134.537 Y113.815 E156.05756
G1 X134.269 Y113.879 E156.06101
G1 X133.999 Y113.9 E156.06441
G1 X133.857 Y113.895 E156.06619
G1 X133.731 Y113.884 E156.06778
G1 X133.536 Y113.854 E156.07025
G1 X133.355 Y113.805 E156.0726
G1 X133.355 Y113.319 E156.0787
G1 X133.459 Y113.347 E156.08005
G1 X133.675 Y113.38 E156.08279
G1 X133.786 Y113.392 E156.08419
G1 X133.995 Y113.4 E156.08681
G1 X134.105 Y113.396 E156.08819
G1 X134.382 Y113.341 E156.09173
G1 X134.579 Y113.26 E156.0944
G1 X134.944 Y112.972 E156.10023
G1 X135.068 Y112.801 E156.10288
G1 X135.194 Y112.529 E156.10664
G1 X135.249 Y112.06 E156.11256
G1 X135.191 Y111.764 E156.11635
G1 X135.068 Y111.499 E156.12001
G1 X134.944 Y111.328 E156.12266
G1 X134.573 Y111.035 E156.12859
G0 F7200 X134.383 Y110.974
G0 X134.483 Y110.74
;TYPE:SKIN
G1 F1800 X134.686 Y110.82 E156.12925
G1 X135.272 Y111.366 E156.13168
G1 X135.488 Y111.998 E156.13371
G1 X135.395 Y112.657 E156.13573
G1 X135.179 Y113.156 E156.13738
G1 X134.496 Y113.556 E156.13978
G1 X133.844 Y113.642 E156.14178
G1 X133.591 Y113.612 E156.14255
G0 F7200 X133.549 Y113.655
G0 X134.599 Y113.294
G0 X135.288 Y112.059
G0 X134.665 Y111.058
G0 X133.694 Y110.682
G0 X133.741 Y110.634
G1 F1800 X134.006 Y110.652 E156.14389
G1 X134.265 Y110.675 E156.14519
G0 F7200 X134.355 Y110.544
G1 F1500 E149.64519
;MESH:NONMESH
G0 F600 X134.355 Y110.544 Z17.4
G0 F7200 X133.375 Y110.785
G0 X126.112 Y111.762
G0 X117.616 Y111.741
G0 X111.51 Y110.785
G0 X110.3 Y110.785
G1 F1500 E156.14519
G0 F7200 X110.269 Y110.884
;TIME_ELAPSED:1646.154080
;LAYER:86
;TYPE:WALL-OUTER
;MESH:output_v2\A_fina_conjunto.stl
G1 F1800 X110.2 Y110.891 E156.14606
G1 X110.2 Y110.393 E156.15231
G1 X110.325 Y110.38 E156.15388
G1 X110.435 Y110.363 E156.15528
G1 X110.435 Y110.858 E156.15908
G1 X110.269 Y110.884 E156.16119
G0 F7200 X110.2 Y110.891
G0 X110.2 Y110.76
G1 F1500 E149.66119
G0 F7200 X110.3 Y110.76
G0 X110.423 Y113.378
G0 X109.328 Y114.046
G0 X108.723 Y114.953
G0 X109.027 Y115.976
G1 F1500 E156.16119
G0 F7200 X109.61 Y116.34
G1 F1800 X109.896 Y116.397 E156.16485
G1 X110.042 Y116.4 E156.16668
G1 X110.255 Y116.388 E156.16935
G1 X110.435 Y116.364 E156.17163
G1 X110.435 Y116.858 E156.17783
G1 X110.269 Y116.884 E156.17993
G1 X110.143 Y116.895 E156.18152
G1 X110.003 Y116.9 E156.18328
G1 X109.734 Y116.879 E156.18666
G1 X109.332 Y116.766 E156.1919
G1 X108.972 Y116.564 E156.19707
G1 X108.663 Y116.279 E156.20234
G1 X108.591 Y116.187 E156.20381
G1 X108.38 Y115.811 E156.20922
G1 X108.301 Y115.567 E156.21243
G1 X108.251 Y115.14 E156.21782
G1 X108.255 Y115.019 E156.21934
G1 X108.299 Y114.745 E156.22282
G1 X108.444 Y114.352 E156.22807
G1 X108.587 Y114.118 E156.23151
G1 X108.663 Y114.021 E156.23306
G1 X108.976 Y113.732 E156.2384
G1 X109.202 Y113.594 E156.24172
G1 X109.591 Y113.45 E156.24692
G1 X110.019 Y113.4 E156.25233
G1 X110.214 Y113.392 E156.25478
G1 X110.325 Y113.38 E156.25618
G1 X110.435 Y113.363 E156.25757
G1 X110.436 Y113.858 E156.26378
G1 X110.269 Y113.884 E156.2659
G1 X110.143 Y113.895 E156.26748
G1 X110.051 Y113.898 E156.26864
G1 X109.794 Y113.915 E156.27187
G1 X109.348 Y114.08 E156.27783
G1 X109.051 Y114.334 E156.28273
G1 X108.882 Y114.585 E156.28653
G1 X108.762 Y114.958 E156.29144
G1 X108.78 Y115.43 E156.29736
G1 X108.848 Y115.64 E156.30013
G1 X109.107 Y116.026 E156.30596
G1 X109.271 Y116.166 E156.30867
G1 X109.61 Y116.34 E156.31344
G0 F7200 X109.806 Y116.379
G0 X109.846 Y116.634
;TYPE:SKIN
G1 F1800 X110.137 Y116.642 E156.31461
G1 X109.456 Y116.527 E156.31737
G0 F7200 X108.609 Y115.68
G1 F1800 X108.521 Y115.309 E156.31885
G1 X108.627 Y114.567 E156.32177
G1 X108.977 Y114.068 E156.32415
G1 X109.507 Y113.75 E156.32655
G1 X110.216 Y113.61 E156.32936
G0 F7200 X110.053 Y113.8
G1 F1500 E149.82936
G0 F7200 X110.054 Y113.797
G0 X109.022 Y114.308
G0 X108.741 Y115.436
G0 X110.142 Y116.876
G0 X110.423 Y119.378
G1 F1500 E156.32936
G0 F7200 X110.323 Y119.381
;TYPE:WALL-OUTER
G1 F1800 X110.435 Y119.363 E156.33079
G1 X110.436 Y119.858 E156.33699
G1 X110.269 Y119.884 E156.33911
G1 X110.114 Y119.897 E156.34106
G1 X109.947 Y119.9 E156.34316
G1 X109.67 Y119.9 E156.34663
G1 X109.67 Y119.4 E156.3529
G1 X110.041 Y119.4 E156.35756
G1 X110.118 Y119.394 E156.35852
G1 X110.186 Y119.392 E156.35938
G1 X110.323 Y119.381 E156.3611
G0 F7200 X110.435 Y119.363
G0 X110.435 Y119.45
G0 X110.084 Y119.701
;TYPE:SKIN
G1 F1800 X109.977 Y119.594 E156.36205
G0 F7200 X109.972 Y119.499
G1 F1500 E149.86205
G0 F7200 X109.972 Y119.5
G0 X107.03 Y119.886
G1 F1500 E156.36205
G0 F7200 X107.05 Y120.7
;TYPE:WALL-OUTER
G1 F1800 X106.25 Y120.7 E156.37208
G1 X106.25 Y108.3 E156.52758
G1 X107.05 Y108.3 E156.53761
G1 X107.05 Y120.7 E156.69312
G0 F7200 X106.85 Y120.7
G0 X106.65 Y120.226
;TYPE:SKIN
G1 F1800 X106.65 Y119.943 E156.69686
G1 X106.65 Y108.912 E156.84265
G1 X106.826 Y108.523 E156.84829
G0 F7200 X106.797 Y108.494
G0 X106.445 Y120.304
G1 F1800 X106.644 Y120.503 E156.85005
G0 F7200 X106.65 Y120.3
G1 F1500 E150.35005
G0 F7200 X107.915 Y119.791
G0 X108.817 Y120.753
G0 X110.221 Y120.744
G0 X116.7 Y119.791
G0 X118.183 Y119.791
G1 F1500 E156.85005
G0 F7200 X118.189 Y119.892
;TYPE:WALL-OUTER
G1 F1800 X117.909 Y119.898 E156.85357
G1 X117.776 Y119.889 E156.85524
G1 X117.731 Y119.884 E156.85581
G1 X117.565 Y119.858 E156.85791
G1 X117.565 Y119.364 E156.86411
G1 X117.676 Y119.381 E156.86552
G1 X117.896 Y119.398 E156.86828
G1 X118.212 Y119.392 E156.87225
G1 X118.325 Y119.38 E156.87367
G1 X118.435 Y119.363 E156.87507
G1 X118.436 Y119.858 E156.88127
G1 X118.269 Y119.884 E156.88339
G1 X118.189 Y119.892 E156.8844
G0 F7200 X117.989 Y119.896
G0 X117.949 Y119.646
;TYPE:SKIN
G1 F1800 X118.206 Y119.621 E156.88595
G0 F7200 X118.033 Y119.495
G1 F1500 E150.38595
G0 F7200 X118.032 Y119.496
G0 X118.188 Y116.873
G1 F1500 E156.88595
G0 F7200 X118.189 Y116.892
;TYPE:WALL-OUTER
G1 F1800 X117.909 Y116.898 E156.88946
G1 X117.776 Y116.889 E156.89113
G1 X117.731 Y116.884 E156.8917
G1 X117.565 Y116.858 E156.8938
G1 X117.565 Y116.364 E156.9
G1 X117.676 Y116.381 E156.90141
G1 X117.896 Y116.398 E156.90418
G1 X118.212 Y116.392 E156.90814
G1 X118.325 Y116.38 E156.90956
G1 X118.435 Y116.363 E156.91096
G1 X118.435 Y116.858 E156.91717
G1 X118.269 Y116.884 E156.91927
G1 X118.189 Y116.892 E156.92028
G0 F7200 X117.989 Y116.896
G0 X118.059 Y116.645
;TYPE:SKIN
G1 F1800 X117.793 Y116.662 E156.92182
G0 F7200 X117.967 Y116.797
G1 F1500 E150.42182
G0 F7200 X117.968 Y116.796
G0 X118.188 Y113.873
G1 F1500 E156.92182
G0 F7200 X118.189 Y113.892
;TYPE:WALL-OUTER
G1 F1800 X117.909 Y113.898 E156.92533
G1 X117.776 Y113.889 E156.92701
G1 X117.731 Y113.884 E156.92757
G1 X117.565 Y113.858 E156.92968
G1 X117.565 Y113.364 E156.93588
G1 X117.676 Y113.381 E156.93728
G1 X117.896 Y113.398 E156.94005
G1 X118.212 Y113.392 E156.94401
G1 X118.325 Y113.38 E156.94544
G1 X118.435 Y113.363 E156.94683
G1 X118.436 Y113.858 E156.95304
G1 X118.269 Y113.884 E156.95516
G1 X118.189 Y113.892 E156.95617
G0 F7200 X117.989 Y113.896
G0 X117.887 Y113.645
;TYPE:SKIN
G1 F1800 X118.166 Y113.64 E156.9581
G0 F7200 X118.203 Y113.793
G1 F1500 E150.4581
G0 F7200 X118.203 Y113.789
G0 X118.188 Y110.873
G1 F1500 E156.9581
G0 F7200 X118.189 Y110.892
;TYPE:WALL-OUTER
G1 F1800 X117.909 Y110.898 E156.96161
G1 X117.776 Y110.889 E156.96328
G1 X117.731 Y110.884 E156.96385
G1 X117.565 Y110.858 E156.96595
G1 X117.565 Y110.364 E156.97215
G1 X117.676 Y110.381 E156.97356
G1 X117.896 Y110.398 E156.97632
G1 X118.212 Y110.392 E156.98029
G1 X118.325 Y110.38 E156.98171
G1 X118.435 Y110.363 E156.98311
G1 X118.435 Y110.858 E156.98932
G1 X118.269 Y110.884 E156.99142
G1 X118.189 Y110.892 E156.99243
G0 F7200 X117.989 Y110.896
G0 X118.053 Y110.699
;TYPE:SKIN
G1 F1800 X117.946 Y110.592 E156.99338
G0 F7200 X117.944 Y110.497
G1 F1500 E150.49338
G0 F7200 X117.943 Y110.498
G0 X119.3 Y110.785
G0 X124.7 Y110.785
G0 X126.259 Y110.785
G1 F1500 E156.99338
G0 F7200 X126.269 Y110.884
;TYPE:WALL-OUTER
G1 F1800 X126.091 Y110.898 E156.99562
G1 X125.812 Y110.892 E156.99912
G1 X125.731 Y110.884 E157.00014
G1 X125.565 Y110.858 E157.00225
G1 X125.565 Y110.363 E157.00845
G1 X125.675 Y110.38 E157.00985
G1 X125.788 Y110.392 E157.01127
G1 X126.105 Y110.398 E157.01525
G1 X126.256 Y110.388 E157.01715
G1 X126.435 Y110.364 E157.01941
G1 X126.435 Y110.858 E157.02561
G1 X126.269 Y110.884 E157.02772
G0 F7200 X126.091 Y110.898
G0 X126.069 Y110.898
G0 X125.917 Y110.644
;TYPE:SKIN
G1 F1800 X126.193 Y110.636 E157.02951
G0 F7200 X126.039 Y110.497
G1 F1500 E150.52951
G0 F7200 X126.424 Y113.366
G1 F1500 E157.02951
G0 F7200 X126.269 Y113.884
;TYPE:WALL-OUTER
G1 F1800 X126.091 Y113.898 E157.03175
G1 X125.812 Y113.892 E157.03525
G1 X125.731 Y113.884 E157.03627
G1 X125.565 Y113.858 E157.03838
G1 X125.565 Y113.363 E157.04458
G1 X125.675 Y113.38 E157.04598
G1 X125.788 Y113.392 E157.0474
G1 X126.105 Y113.398 E157.05138
G1 X126.256 Y113.388 E157.05328
G1 X126.435 Y113.364 E157.05554
G1 X126.436 Y113.858 E157.06174
G1 X126.269 Y113.884 E157.06386
G0 F7200 X126.091 Y113.898
G0 X126.069 Y113.898
G0 X126.089 Y113.644
;TYPE:SKIN
G1 F1800 X125.808 Y113.646 E157.06569
G0 F7200 X125.961 Y113.795
G1 F1500 E150.56569
G0 F7200 X126.424 Y116.366
G1 F1500 E157.06569
G0 F7200 X126.269 Y116.884
;TYPE:WALL-OUTER
G1 F1800 X126.091 Y116.898 E157.06793
G1 X125.812 Y116.892 E157.07143
G1 X125.731 Y116.884 E157.07245
G1 X125.565 Y116.858 E157.07456
G1 X125.565 Y116.363 E157.08077
G1 X125.675 Y116.38 E157.08216
G1 X125.788 Y116.392 E157.08359
G1 X126.105 Y116.398 E157.08757
G1 X126.256 Y116.388 E157.08946
G1 X126.435 Y116.364 E157.09173
G1 X126.435 Y116.858 E157.09792
G1 X126.269 Y116.884 E157.10003
G0 F7200 X126.091 Y116.898
G0 X126.069 Y116.898
G0 X125.979 Y116.645
;TYPE:SKIN
G1 F1800 X126.221 Y116.605 E157.10132
G0 F7200 X126.032 Y116.796
G1 F1500 E150.60132
G0 F7200 X126.424 Y119.366
G1 F1500 E157.10132
G0 F7200 X126.269 Y119.884
;TYPE:WALL-OUTER
G1 F1800 X126.091 Y119.898 E157.10356
G1 X125.812 Y119.892 E157.10706
G1 X125.731 Y119.884 E157.10808
G1 X125.565 Y119.858 E157.11019
G1 X125.565 Y119.363 E157.1164
G1 X125.675 Y119.38 E157.11779
G1 X125.788 Y119.392 E157.11922
G1 X126.105 Y119.398 E157.12319
G1 X126.256 Y119.388 E157.12509
G1 X126.435 Y119.364 E157.12736
G1 X126.436 Y119.858 E157.13355
G1 X126.269 Y119.884 E157.13567
G0 F7200 X126.091 Y119.898
G0 X126.069 Y119.898
G0 X126.148 Y119.642
;TYPE:SKIN
G1 F1800 X125.865 Y119.643 E157.13752
G0 F7200 X125.837 Y119.491
G1 F1500 E150.63752
G0 F7200 X125.837 Y119.492
G0 X127.3 Y119.377
G0 X132.7 Y116.845
G0 X134.62 Y116.947
G1 F1500 E157.13752
G0 F7200 X134.573 Y117.035
;TYPE:WALL-OUTER
G1 F1800 X134.201 Y116.915 E157.14242
G1 X133.862 Y116.895 E157.14668
G1 X133.731 Y116.884 E157.14833
G1 X133.565 Y116.858 E157.15044
G1 X133.565 Y116.364 E157.15663
G1 X133.676 Y116.381 E157.15804
G1 X133.825 Y116.394 E157.15992
G1 X133.993 Y116.4 E157.16202
G1 X134.266 Y116.421 E157.16546
G1 X134.675 Y116.536 E157.17078
G1 X134.919 Y116.661 E157.17422
G1 X135.019 Y116.727 E157.17573
G1 X135.337 Y117.021 E157.18116
G1 X135.409 Y117.113 E157.18262
G1 X135.616 Y117.482 E157.18793
G1 X135.727 Y117.878 E157.19308
G1 X135.743 Y118.293 E157.19829
G1 X135.729 Y118.416 E157.19985
G1 X135.616 Y118.818 E157.20508
G1 X135.409 Y119.187 E157.21039
G1 X135.337 Y119.279 E157.21185
G1 X135.019 Y119.573 E157.21728
G1 X134.925 Y119.636 E157.2187
G1 X134.532 Y119.817 E157.22413
G1 X134.418 Y119.849 E157.22561
G1 X133.989 Y119.899 E157.23103
G1 X133.857 Y119.895 E157.23269
G1 X133.731 Y119.884 E157.23427
G1 X133.565 Y119.858 E157.23638
G1 X133.565 Y119.363 E157.24259
G1 X133.675 Y119.38 E157.24398
G1 X133.787 Y119.392 E157.24539
G1 X134.03 Y119.4 E157.24844
G1 X134.111 Y119.396 E157.24946
G1 X134.467 Y119.31 E157.25405
G1 X134.582 Y119.258 E157.25564
G1 X134.944 Y118.972 E157.26142
G1 X135.068 Y118.801 E157.26407
G1 X135.191 Y118.536 E157.26773
G1 X135.249 Y118.24 E157.27152
G1 X135.193 Y117.767 E157.27749
G1 X135.018 Y117.425 E157.28231
G1 X134.941 Y117.326 E157.28388
G1 X134.573 Y117.035 E157.28976
G0 F7200 X134.383 Y116.974
G0 X134.205 Y116.669
;TYPE:SKIN
G1 F1800 X133.9 Y116.647 E157.29102
G1 X134.621 Y116.802 E157.29404
G0 F7200 X135.341 Y117.522
G1 F1800 X135.467 Y117.931 E157.29576
G1 X135.39 Y118.702 E157.29887
G1 X135.046 Y119.207 E157.30133
G1 X134.533 Y119.543 E157.30379
G1 X133.799 Y119.657 E157.30677
G0 F7200 X133.959 Y119.798
G1 F1500 E150.80677
G0 F7200 X135.323 Y119.266
G0 X136.97 Y119.266
G0 X137.65 Y120.63
G1 F1500 E157.30677
G0 F7200 X137.75 Y120.7
;TYPE:WALL-OUTER
G1 F1800 X136.95 Y120.7 E157.31681
G1 X136.95 Y108.3 E157.47231
G1 X137.75 Y108.3 E157.48234
G1 X137.75 Y120.7 E157.63784
G0 F7200 X137.55 Y120.7
G0 X137.309 Y120.338
;TYPE:SKIN
G1 F1800 X137.349 Y120.095 E157.64111
G1 X137.349 Y108.781 E157.79117
G1 X137.449 Y108.599 E157.79392
G0 F7200 X137.344 Y108.494
G0 X137.144 Y120.456
G1 F1800 X137.192 Y120.504 E157.79435
G0 F7200 X137.35 Y120.3
G1 F1500 E151.29435
G0 F7200 X136.97 Y110.947
G0 X135.598 Y111.489
G0 X134.62 Y110.947
G1 F1500 E157.79435
G0 F7200 X134.573 Y111.035
;TYPE:WALL-OUTER
G1 F1800 X134.201 Y110.915 E157.79925
G1 X133.862 Y110.895 E157.80351
G1 X133.731 Y110.884 E157.80516
G1 X133.565 Y110.858 E157.80727
G1 X133.565 Y110.364 E157.81346
G1 X133.676 Y110.381 E157.81487
G1 X133.825 Y110.394 E157.81674
G1 X133.993 Y110.4 E157.81885
G1 X134.269 Y110.421 E157.82232
G1 X134.537 Y110.485 E157.82578
G1 X134.917 Y110.661 E157.83103
G1 X135.133 Y110.818 E157.83438
G1 X135.414 Y111.122 E157.83957
G1 X135.616 Y111.482 E157.84475
G1 X135.727 Y111.878 E157.8499
G1 X135.743 Y112.293 E157.85511
G1 X135.729 Y112.416 E157.85667
G1 X135.616 Y112.818 E157.8619
G1 X135.409 Y113.187 E157.86721
G1 X135.337 Y113.279 E157.86867
G1 X135.019 Y113.573 E157.8741
G1 X134.925 Y113.636 E157.87552
G1 X134.537 Y113.815 E157.88088
G1 X134.269 Y113.879 E157.88434
G1 X134 Y113.9 E157.88772
G1 X133.857 Y113.895 E157.88951
G1 X133.731 Y113.884 E157.8911
G1 X133.565 Y113.858 E157.89321
G1 X133.565 Y113.363 E157.89942
G1 X133.675 Y113.38 E157.90081
G1 X133.787 Y113.392 E157.90222
G1 X134.03 Y113.4 E157.90527
G1 X134.107 Y113.396 E157.90624
G1 X134.382 Y113.341 E157.90976
G1 X134.579 Y113.26 E157.91243
G1 X134.944 Y112.972 E157.91826
G1 X135.068 Y112.801 E157.92091
G1 X135.194 Y112.529 E157.92467
G1 X135.249 Y112.06 E157.93059
G1 X135.191 Y111.764 E157.93437
G1 X135.068 Y111.499 E157.93803
G1 X134.944 Y111.328 E157.94068
G1 X134.573 Y111.035 E157.94661
G0 F7200 X134.383 Y110.974
G0 X134.505 Y110.746
;TYPE:SKIN
G1 F1800 X134.136 Y110.66 E157.94873
G1 X133.836 Y110.643 E157.95041
G0 F7200 X133.779 Y110.586
G0 X135.303 Y111.544
G0 X135.391 Y111.633
G1 F1800 X135.481 Y112.005 E157.95194
G1 X135.369 Y112.741 E157.9549
G1 X135.013 Y113.234 E157.95732
G1 X134.492 Y113.562 E157.95977
G1 X134.01 Y113.645 E157.96171
G0 F7200 X133.96 Y113.499
G1 F1500 E151.46171
;MESH:NONMESH
G0 F600 X133.96 Y113.499 Z17.6
G0 F7200 X132.7 Y113.378
G0 X127.283 Y112.278
G0 X117.365 Y111.703
G0 X111.3 Y110.845
G0 X110.3 Y110.789
G1 F1500 E157.96171
G0 F7200 X110.216 Y110.889
;TIME_ELAPSED:1661.782018
;LAYER:87
;TYPE:WALL-OUTER
;MESH:output_v2\A_fina_conjunto.stl
G1 F1800 X110.2 Y110.891 E157.96192
G1 X110.2 Y110.392 E157.96817
G1 X110.216 Y110.391 E157.96838
G1 X110.216 Y110.889 E157.96864
G0 F7200 X110.2 Y110.891
G0 X110.2 Y110.707
G1 F1500 E151.46864
G0 F7200 X110.166 Y110.707
G0 X110.203 Y113.405
G0 X109.022 Y114.308
G0 X108.741 Y115.436
G0 X109.578 Y116.434
G1 F1500 E157.96864
G0 F7200 X109.61 Y116.34
G1 F1800 X109.905 Y116.396 E157.9724
G1 X110.004 Y116.4 E157.97365
G1 X110.216 Y116.391 E157.97631
G1 X110.216 Y116.889 E157.98255
G1 X110.143 Y116.895 E157.98347
G1 X110.003 Y116.9 E157.98523
G1 X109.734 Y116.879 E157.98861
G1 X109.332 Y116.766 E157.99385
G1 X108.972 Y116.564 E157.99902
G1 X108.663 Y116.279 E158.00429
G1 X108.591 Y116.187 E158.00576
G1 X108.38 Y115.811 E158.01117
G1 X108.301 Y115.567 E158.01438
G1 X108.251 Y115.14 E158.01977
G1 X108.255 Y115.019 E158.02129
G1 X108.299 Y114.745 E158.02477
G1 X108.444 Y114.352 E158.03003
G1 X108.587 Y114.118 E158.03346
G1 X108.663 Y114.021 E158.03501
G1 X108.976 Y113.732 E158.04035
G1 X109.202 Y113.594 E158.04367
G1 X109.591 Y113.45 E158.04887
G1 X110.02 Y113.4 E158.05429
G1 X110.216 Y113.391 E158.05675
G1 X110.216 Y113.889 E158.063
G1 X110.144 Y113.895 E158.0639
G1 X110.015 Y113.899 E158.06552
G1 X109.793 Y113.916 E158.06831
G1 X109.348 Y114.08 E158.07426
G1 X109.051 Y114.334 E158.07916
G1 X108.882 Y114.585 E158.08296
G1 X108.762 Y114.958 E158.08787
G1 X108.78 Y115.43 E158.09379
G1 X108.848 Y115.64 E158.09656
G1 X109.107 Y116.026 E158.10239
G1 X109.271 Y116.166 E158.10509
G1 X109.61 Y116.34 E158.10987
G0 F7200 X109.806 Y116.377
G0 X109.717 Y116.556
;TYPE:SKIN
G1 F1800 X109.627 Y116.646 E158.11067
G0 F7200 X109.45 Y116.54
G1 F1800 X109.265 Y116.442 E158.11137
G1 X108.811 Y116.047 E158.11338
G1 X108.538 Y115.472 E158.1155
G1 X108.523 Y114.921 E158.11734
G1 X108.673 Y114.489 E158.11886
G1 X109.356 Y113.806 E158.12208
G1 X109.765 Y113.678 E158.12351
G0 F7200 X109.827 Y113.617
G0 X109.022 Y114.308
G0 X108.741 Y115.436
G0 X109.964 Y116.592
G1 F1800 X109.863 Y116.693 E158.12441
G0 F7200 X109.822 Y116.787
G1 F1500 E151.62441
G0 F7200 X109.822 Y116.786
G0 X110.085 Y119.398
G1 F1500 E158.12441
G0 F7200 X110.103 Y119.897
;TYPE:WALL-OUTER
G1 F1800 X109.891 Y119.9 E158.12707
G1 X109.889 Y119.4 E158.13334
G1 X110.015 Y119.4 E158.13492
G1 X110.137 Y119.396 E158.13645
G1 X110.216 Y119.39 E158.13744
G1 X110.216 Y119.888 E158.14255
G1 X110.103 Y119.897 E158.14398
G0 F7200 X109.903 Y119.899
G1 F1500 E151.64398
G0 F7200 X109.991 Y119.8
G0 X107.915 Y119.886
G0 X106.95 Y120.63
G1 F1500 E158.14398
G0 F7200 X107.05 Y120.7
G1 F1800 X106.25 Y120.7 E158.15401
G1 X106.25 Y108.3 E158.30951
G1 X107.05 Y108.3 E158.31954
G1 X107.05 Y120.7 E158.47504
G0 F7200 X106.85 Y120.7
G0 X106.736 Y120.386
;TYPE:SKIN
G1 F1800 X106.649 Y120.189 E158.47788
G1 X106.649 Y108.876 E158.62676
G1 X106.597 Y108.646 E158.62986
G0 F7200 X106.65 Y108.7
G1 F1500 E152.12986
G0 F7200 X107.03 Y119.497
G0 X109.036 Y118.547
G0 X111.067 Y118.405
G0 X116.919 Y119.497
G1 F1500 E158.62986
G0 F7200 X117.895 Y119.398
;TYPE:WALL-OUTER
G1 F1800 X118.216 Y119.392 E158.63389
G1 X118.216 Y119.889 E158.64012
G1 X118.188 Y119.892 E158.64047
G1 X117.898 Y119.898 E158.64411
G1 X117.784 Y119.89 E158.64554
G1 X117.784 Y119.39 E158.65181
G1 X117.895 Y119.398 E158.65321
G0 F7200 X118.095 Y119.395
G0 X118.096 Y119.493
G1 F1500 E152.15321
G0 F7200 X118.095 Y119.495
G0 X117.898 Y116.879
G1 F1500 E158.65321
G0 F7200 X117.895 Y116.398
G1 F1800 X118.216 Y116.392 E158.65724
G1 X118.216 Y116.889 E158.66347
G1 X118.188 Y116.892 E158.66382
G1 X117.898 Y116.898 E158.66746
G1 X117.784 Y116.89 E158.66889
G1 X117.784 Y116.39 E158.67516
G1 X117.895 Y116.398 E158.67656
G0 F7200 X118.095 Y116.395
G0 X118.096 Y116.493
G1 F1500 E152.17656
G0 F7200 X118.095 Y116.495
G0 X117.898 Y113.879
G1 F1500 E158.67656
G0 F7200 X117.895 Y113.398
G1 F1800 X118.216 Y113.392 E158.68058
G1 X118.216 Y113.889 E158.68682
G1 X118.188 Y113.892 E158.68717
G1 X117.898 Y113.898 E158.69081
G1 X117.784 Y113.89 E158.69224
G1 X117.784 Y113.39 E158.69851
G1 X117.895 Y113.398 E158.69991
G0 F7200 X118.095 Y113.395
G0 X118.02 Y113.627
;TYPE:SKIN
G1 F1800 X117.978 Y113.669 E158.70028
G0 F7200 X117.816 Y113.669
G1 F1500 E152.20028
G0 F7200 X117.884 Y113.669
G0 X117.898 Y110.879
G1 F1500 E158.70028
G0 F7200 X117.895 Y110.398
;TYPE:WALL-OUTER
G1 F1800 X118.216 Y110.392 E158.7043
G1 X118.216 Y110.889 E158.71054
G1 X118.188 Y110.892 E158.71089
G1 X117.898 Y110.898 E158.71453
G1 X117.784 Y110.89 E158.71596
G1 X117.784 Y110.39 E158.72223
G1 X117.895 Y110.398 E158.72363
G0 F7200 X118.095 Y110.395
G0 X118.096 Y110.493
G1 F1500 E152.22363
G0 F7200 X118.095 Y110.495
G0 X124.919 Y110.497
G0 X126.116 Y110.497
G1 F1500 E158.72363
G0 F7200 X126.117 Y110.398
G1 F1800 X126.216 Y110.391 E158.72487
G1 X126.216 Y110.889 E158.73112
G1 X126.09 Y110.898 E158.7327
G1 X125.784 Y110.89 E158.73654
G1 X125.784 Y110.392 E158.74278
G1 X126.117 Y110.398 E158.74696
G0 F7200 X126.216 Y110.391
G0 X126.216 Y110.492
G0 X126.184 Y110.492
G1 F1500 E152.24696
G0 F7200 X126.119 Y110.497
G0 X126.203 Y113.405
G1 F1500 E158.74696
G0 F7200 X126.117 Y113.398
G1 F1800 X126.216 Y113.391 E158.74821
G1 X126.216 Y113.889 E158.75445
G1 X126.09 Y113.898 E158.75603
G1 X125.784 Y113.89 E158.75987
G1 X125.784 Y113.392 E158.76612
G1 X126.117 Y113.398 E158.7703
G0 F7200 X126.216 Y113.391
G0 X126.216 Y113.492
G0 X126.184 Y113.492
G1 F1500 E152.2703
G0 F7200 X126.119 Y113.497
G0 X126.203 Y116.405
G1 F1500 E158.7703
G0 F7200 X126.117 Y116.398
G1 F1800 X126.216 Y116.391 E158.77154
G1 X126.216 Y116.889 E158.77778
G1 X126.09 Y116.898 E158.77937
G1 X125.784 Y116.89 E158.78321
G1 X125.784 Y116.392 E158.78945
G1 X126.117 Y116.398 E158.79363
G0 F7200 X126.216 Y116.391
G0 X126.216 Y116.492
G0 X126.019 Y116.659
;TYPE:SKIN
G1 F1800 X125.983 Y116.695 E158.79395
G0 F7200 X125.816 Y116.695
G1 F1500 E152.29395
G0 F7200 X125.884 Y116.695
G0 X126.203 Y119.405
G1 F1500 E158.79395
G0 F7200 X126.117 Y119.398
;TYPE:WALL-OUTER
G1 F1800 X126.216 Y119.391 E158.79519
G1 X126.216 Y119.889 E158.80144
G1 X126.09 Y119.898 E158.80302
G1 X125.784 Y119.89 E158.80686
G1 X125.784 Y119.392 E158.81311
G1 X126.117 Y119.398 E158.81728
G0 F7200 X126.216 Y119.391
G0 X126.216 Y119.492
G0 X126.184 Y119.492
G1 F1500 E152.31728
G0 F7200 X126.119 Y119.497
G0 X132.919 Y116.876
G0 X134.62 Y116.947
G1 F1500 E158.81728
G0 F7200 X134.573 Y117.035
G1 F1800 X134.201 Y116.915 E158.82218
G1 X133.784 Y116.889 E158.82742
G1 X133.784 Y116.391 E158.83367
G1 X133.991 Y116.4 E158.83627
G1 X134.266 Y116.421 E158.83973
G1 X134.675 Y116.536 E158.84505
G1 X134.919 Y116.661 E158.84849
G1 X135.019 Y116.727 E158.84999
G1 X135.337 Y117.021 E158.85543
G1 X135.409 Y117.113 E158.85689
G1 X135.616 Y117.482 E158.8622
G1 X135.727 Y117.878 E158.86735
G1 X135.743 Y118.293 E158.87256
G1 X135.729 Y118.416 E158.87411
G1 X135.616 Y118.818 E158.87935
G1 X135.409 Y119.187 E158.88466
G1 X135.337 Y119.279 E158.88612
G1 X135.019 Y119.573 E158.89155
G1 X134.925 Y119.636 E158.89297
G1 X134.532 Y119.817 E158.8984
G1 X134.418 Y119.849 E158.89988
G1 X133.989 Y119.899 E158.9053
G1 X133.857 Y119.895 E158.90695
G1 X133.784 Y119.889 E158.90787
G1 X133.784 Y119.392 E158.91411
G1 X134.006 Y119.4 E158.91689
G1 X134.11 Y119.396 E158.9182
G1 X134.467 Y119.31 E158.9228
G1 X134.582 Y119.258 E158.92438
G1 X134.944 Y118.972 E158.93017
G1 X135.068 Y118.801 E158.93282
G1 X135.191 Y118.536 E158.93648
G1 X135.249 Y118.24 E158.94027
G1 X135.193 Y117.767 E158.94624
G1 X135.018 Y117.425 E158.95106
G1 X134.941 Y117.326 E158.95263
G1 X134.573 Y117.035 E158.95851
G0 F7200 X134.383 Y116.974
G0 X134.436 Y116.727
;TYPE:SKIN
G1 F1800 X134.645 Y116.8 E158.95936
G1 X135.246 Y117.331 E158.96243
G1 X135.473 Y117.953 E158.96496
G1 X135.434 Y118.557 E158.96728
G1 X135.048 Y119.226 E158.97023
G1 X134.408 Y119.583 E158.97304
G1 X134.064 Y119.644 E158.97437
G0 F7200 X134.01 Y119.699
G0 X134.972 Y118.999
G0 X135.231 Y117.756
G0 X134.163 Y116.717
G1 F1800 X134.26 Y116.621 E158.97523
G0 F7200 X134.223 Y116.515
G1 F1500 E152.47523
G0 F7200 X134.223 Y116.518
G0 X135.051 Y117.404
G0 X135.393 Y119.176
G0 X136.97 Y119.176
G0 X137.65 Y120.63
G1 F1500 E158.97523
G0 F7200 X137.75 Y120.7
;TYPE:WALL-OUTER
G1 F1800 X136.95 Y120.7 E158.98526
G1 X136.95 Y108.3 E159.14076
G1 X137.75 Y108.3 E159.1508
G1 X137.75 Y120.7 E159.3063
G0 F7200 X137.55 Y120.7
G0 X137.5 Y120.451
;TYPE:SKIN
G1 F1800 X137.359 Y120.31 E159.30887
G1 X137.349 Y114.945 E159.3781
G1 X137.349 Y108.723 E159.45839
G1 X137.219 Y108.569 E159.46099
G0 F7200 X137.35 Y108.7
G1 F1500 E152.96099
G0 F7200 X136.97 Y110.947
G0 X135.598 Y111.489
G0 X134.62 Y110.947
G1 F1500 E159.46099
G0 F7200 X134.573 Y111.035
;TYPE:WALL-OUTER
G1 F1800 X134.201 Y110.915 E159.46589
G1 X133.784 Y110.889 E159.47113
G1 X133.784 Y110.391 E159.47738
G1 X133.991 Y110.4 E159.47997
G1 X134.269 Y110.421 E159.48347
G1 X134.537 Y110.485 E159.48693
G1 X134.917 Y110.661 E159.49218
G1 X135.133 Y110.818 E159.49553
G1 X135.414 Y111.122 E159.50072
G1 X135.616 Y111.482 E159.50589
G1 X135.727 Y111.878 E159.51105
G1 X135.743 Y112.293 E159.51626
G1 X135.729 Y112.416 E159.51781
G1 X135.616 Y112.818 E159.52305
G1 X135.409 Y113.187 E159.52835
G1 X135.337 Y113.279 E159.52982
G1 X135.019 Y113.573 E159.53525
G1 X134.925 Y113.636 E159.53667
G1 X134.537 Y113.815 E159.54203
G1 X134.269 Y113.879 E159.54548
G1 X134 Y113.9 E159.54887
G1 X133.857 Y113.895 E159.55066
G1 X133.784 Y113.889 E159.55158
G1 X133.784 Y113.392 E159.55781
G1 X134.006 Y113.4 E159.5606
G1 X134.106 Y113.396 E159.56185
G1 X134.382 Y113.341 E159.56538
G1 X134.579 Y113.26 E159.56805
G1 X134.944 Y112.972 E159.57388
G1 X135.068 Y112.801 E159.57653
G1 X135.194 Y112.529 E159.58029
G1 X135.249 Y112.06 E159.58621
G1 X135.191 Y111.764 E159.59
G1 X135.068 Y111.499 E159.59366
G1 X134.944 Y111.328 E159.59631
G1 X134.573 Y111.035 E159.60224
G0 F7200 X134.383 Y110.974
G0 X134.483 Y110.74
;TYPE:SKIN
G1 F1800 X134.686 Y110.82 E159.6029
G1 X135.272 Y111.366 E159.60533
G1 X135.488 Y111.998 E159.60735
G1 X135.395 Y112.657 E159.60937
G1 X135.179 Y113.156 E159.61102
G1 X134.496 Y113.556 E159.61342
G1 X134.132 Y113.637 E159.61455
G0 F7200 X134.07 Y113.699
G0 X134.972 Y112.999
G0 X135.102 Y111.479
G0 X134.22 Y110.72
G0 X134.265 Y110.675
G1 F1800 X134.018 Y110.639 E159.61606
G0 F7200 X134.194 Y110.514
G1 F1500 E153.11606
;MESH:NONMESH
G0 F600 X134.194 Y110.514 Z17.8
G0 F7200 X134.194 Y110.515
G0 X132.919 Y110.876
G0 X126.114 Y111.762
G0 X109.348 Y111.778
G0 X107.915 Y110.876
G0 X106.95 Y120.63
G1 F1500 E159.61606
G0 F7200 X107.05 Y120.7
;TIME_ELAPSED:1676.900308
;LAYER:88
;TYPE:WALL-OUTER
;MESH:output_v2\A_fina_conjunto.stl
G1 F1143.1 X106.25 Y120.7 E159.62609
G1 X106.25 Y108.3 E159.78159
G1 X107.05 Y108.3 E159.79162
G1 X107.05 Y120.7 E159.94712
G0 F7200 X106.85 Y120.7
G0 X106.65 Y120.226
;TYPE:SKIN
G1 F1143.1 X106.65 Y119.943 E159.95086
G1 X106.65 Y108.912 E160.09665
G1 X106.826 Y108.523 E160.1023
G0 F7200 X106.797 Y108.494
G0 X106.445 Y120.304
G1 F1143.1 X106.644 Y120.503 E160.10406
G0 F7200 X106.65 Y120.3
G1 F1500 E153.60406
G0 F7200 X107.915 Y120.63
G0 X136.085 Y120.63
G0 X137.65 Y120.63
G1 F1500 E160.10406
G0 F7200 X137.75 Y120.7
;TYPE:WALL-OUTER
G1 F1143.1 X136.95 Y120.7 E160.11409
G1 X136.95 Y108.3 E160.26959
G1 X137.75 Y108.3 E160.27963
G1 X137.75 Y120.7 E160.43513
G0 F7200 X137.55 Y120.7
G0 X137.309 Y120.338
;TYPE:SKIN
G1 F1143.1 X137.349 Y120.095 E160.43839
G1 X137.349 Y108.781 E160.58846
G1 X137.449 Y108.599 E160.59121
G0 F7200 X137.344 Y108.494
G0 X137.144 Y120.456
G1 F1143.1 X137.192 Y120.504 E160.59164
G0 F7200 X137.35 Y120.3
;TIME_ELAPSED:1682.084374
;LAYER:89
;MESH:output_v2\A_fina_conjunto.stl
G0 X137.35 Y120.3 Z18
;TYPE:WALL-INNER
G1 F3600 X106.65 Y120.3 E160.97663
G1 X106.65 Y108.7 E161.12209
G1 X137.35 Y108.7 E161.50708
G1 X137.35 Y120.3 E161.65255
G0 F7200 X137.75 Y120.7
;TYPE:WALL-OUTER
G1 F1800 X106.25 Y120.7 E162.04757
G1 X106.25 Y108.3 E162.20307
G1 X137.75 Y108.3 E162.5981
G1 X137.75 Y120.7 E162.7536
G0 F7200 X137.55 Y120.7
G0 X136.96 Y119.91
;TYPE:SKIN
G1 F1800 X107.04 Y119.91 E163.1288
G1 X107.04 Y109.09 E163.26449
G1 X136.96 Y109.09 E163.6397
G1 X136.96 Y119.91 E163.77539
G0 F7200 X136.526 Y119.729
G1 F1800 X136.779 Y119.476 E163.77987
G0 F7200 X136.779 Y118.91
G1 F1800 X135.96 Y119.729 E163.7944
G0 F7200 X135.394 Y119.729
G1 F1800 X136.779 Y118.344 E163.81896
G0 F7200 X136.779 Y117.779
G1 F1800 X134.828 Y119.729 E163.85355
G0 F7200 X134.263 Y119.729
G1 F1800 X136.779 Y117.213 E163.89817
G0 F7200 X136.779 Y116.647
G1 F1800 X133.697 Y119.729 E163.95283
G0 F7200 X133.131 Y119.729
G1 F1800 X136.779 Y116.082 E164.01752
G0 F7200 X136.779 Y115.516
G1 F1800 X132.566 Y119.729 E164.09223
G0 F7200 X132 Y119.729
G1 F1800 X136.779 Y114.95 E164.17699
G0 F7200 X136.779 Y114.385
G1 F1800 X131.434 Y119.729 E164.27177
G0 F7200 X130.869 Y119.729
G1 F1800 X136.779 Y113.819 E164.37658
G0 F7200 X136.779 Y113.253
G1 F1800 X130.303 Y119.729 E164.49144
G0 F7200 X129.737 Y119.729
G1 F1800 X136.779 Y112.688 E164.61631
G0 F7200 X136.779 Y112.122
G1 F1800 X129.172 Y119.729 E164.75122
G0 F7200 X128.606 Y119.729
G1 F1800 X136.779 Y111.556 E164.89617
G0 F7200 X136.779 Y110.991
G1 F1800 X128.04 Y119.729 E165.05114
G0 F7200 X127.475 Y119.729
G1 F1800 X136.779 Y110.425 E165.21615
G0 F7200 X136.779 Y109.859
G1 F1800 X126.909 Y119.729 E165.39119
G0 F7200 X126.343 Y119.729
G1 F1800 X136.779 Y109.293 E165.57627
G0 F7200 X136.238 Y109.269
G1 F1800 X125.778 Y119.729 E165.76178
G0 F7200 X125.212 Y119.729
G1 F1800 X135.672 Y109.269 E165.94728
G0 F7200 X135.106 Y109.269
G1 F1800 X124.646 Y119.729 E166.13279
G0 F7200 X124.08 Y119.729
G1 F1800 X134.541 Y109.269 E166.3183
G0 F7200 X133.975 Y109.269
G1 F1800 X123.515 Y119.729 E166.50381
G0 F7200 X122.949 Y119.729
G1 F1800 X133.409 Y109.269 E166.68931
G0 F7200 X132.844 Y109.269
G1 F1800 X122.383 Y119.729 E166.87483
G0 F7200 X121.818 Y119.729
G1 F1800 X132.278 Y109.269 E167.06033
G0 F7200 X131.712 Y109.269
G1 F1800 X121.252 Y119.729 E167.24584
G0 F7200 X120.686 Y119.729
G1 F1800 X131.147 Y109.269 E167.43135
G0 F7200 X130.581 Y109.269
G1 F1800 X120.121 Y119.729 E167.61686
G0 F7200 X119.555 Y119.729
G1 F1800 X130.015 Y109.269 E167.80236
G0 F7200 X129.45 Y109.269
G1 F1800 X118.989 Y119.729 E167.98788
G0 F7200 X118.424 Y119.729
G1 F1800 X128.884 Y109.269 E168.17338
G0 F7200 X128.318 Y109.269
G1 F1800 X117.858 Y119.729 E168.35889
G0 F7200 X117.292 Y119.729
G1 F1800 X127.752 Y109.269 E168.5444
G0 F7200 X127.187 Y109.269
G1 F1800 X116.727 Y119.729 E168.7299
G0 F7200 X116.161 Y119.729
G1 F1800 X126.621 Y109.269 E168.91541
G0 F7200 X126.055 Y109.269
G1 F1800 X115.595 Y119.729 E169.10091
G0 F7200 X115.03 Y119.729
G1 F1800 X125.49 Y109.269 E169.28642
G0 F7200 X124.924 Y109.269
G1 F1800 X114.464 Y119.729 E169.47192
G0 F7200 X113.898 Y119.729
G1 F1800 X124.358 Y109.269 E169.65743
G0 F7200 X123.793 Y109.269
G1 F1800 X113.332 Y119.729 E169.84294
G0 F7200 X112.767 Y119.729
G1 F1800 X123.227 Y109.269 E170.02845
G0 F7200 X122.661 Y109.269
G1 F1800 X112.201 Y119.729 E170.21396
G0 F7200 X111.635 Y119.729
G1 F1800 X122.096 Y109.269 E170.39947
G0 F7200 X121.53 Y109.269
G1 F1800 X111.07 Y119.729 E170.58498
G0 F7200 X110.504 Y119.729
G1 F1800 X120.964 Y109.269 E170.77048
G0 F7200 X120.399 Y109.269
G1 F1800 X109.938 Y119.729 E170.956
G0 F7200 X109.373 Y119.729
G1 F1800 X119.833 Y109.269 E171.1415
G0 F7200 X119.267 Y109.269
G1 F1800 X108.807 Y119.729 E171.32701
G0 F7200 X108.241 Y119.729
G1 F1800 X118.702 Y109.269 E171.51252
G0 F7200 X118.136 Y109.269
G1 F1800 X107.676 Y119.729 E171.69803
G0 F7200 X107.22 Y119.619
G1 F1800 X117.57 Y109.269 E171.88158
G0 F7200 X117.004 Y109.269
G1 F1800 X107.22 Y119.054 E172.05511
G0 F7200 X107.22 Y118.488
G1 F1800 X116.439 Y109.269 E172.2186
G0 F7200 X115.873 Y109.269
G1 F1800 X107.22 Y117.922 E172.37206
G0 F7200 X107.22 Y117.357
G1 F1800 X115.307 Y109.269 E172.51549
G0 F7200 X114.742 Y109.269
G1 F1800 X107.22 Y116.791 E172.64889
G0 F7200 X107.22 Y116.225
G1 F1800 X114.176 Y109.269 E172.77226
G0 F7200 X113.61 Y109.269
G1 F1800 X107.22 Y115.66 E172.88559
G0 F7200 X107.22 Y115.094
G1 F1800 X113.045 Y109.269 E172.9889
G0 F7200 X112.479 Y109.269
G1 F1800 X107.22 Y114.528 E173.08216
G0 F7200 X107.22 Y113.962
G1 F1800 X111.913 Y109.269 E173.16539
G0 F7200 X111.348 Y109.269
G1 F1800 X107.22 Y113.397 E173.2386
G0 F7200 X107.22 Y112.831
G1 F1800 X110.782 Y109.269 E173.30177
G0 F7200 X110.216 Y109.269
G1 F1800 X107.22 Y112.265 E173.35491
G0 F7200 X107.22 Y111.7
G1 F1800 X109.651 Y109.269 E173.39802
G0 F7200 X109.085 Y109.269
G1 F1800 X107.22 Y111.134 E173.43109
G0 F7200 X107.22 Y110.568
G1 F1800 X108.519 Y109.269 E173.45413
G0 F7200 X107.953 Y109.269
G1 F1800 X107.22 Y110.003 E173.46714
G0 F7200 X107.22 Y109.437
G1 F1800 X107.388 Y109.269 E173.47012
;MESH:NONMESH
G0 F600 X107.388 Y109.269 Z18.2
G0 F7200 X137.28 Y120.23
G0 X137.35 Y120.3
;TIME_ELAPSED:1716.988289
;LAYER:90
;TYPE:WALL-INNER
;MESH:output_v2\A_fina_conjunto.stl
G1 F3600 X106.65 Y120.3 E173.85511
G1 X106.65 Y108.7 E174.00058
G1 X137.35 Y108.7 E174.38557
G1 X137.35 Y120.3 E174.53104
G0 F7200 X137.75 Y120.7
;TYPE:WALL-OUTER
G1 F1800 X106.25 Y120.7 E174.92606
G1 X106.25 Y108.3 E175.08156
G1 X137.75 Y108.3 E175.47658
G1 X137.75 Y120.7 E175.63208
G0 F7200 X137.55 Y120.7
G0 X136.96 Y119.91
;TYPE:SKIN
G1 F1800 X107.04 Y119.91 E176.00729
G1 X107.04 Y109.09 E176.14297
G1 X136.96 Y109.09 E176.51818
G1 X136.96 Y119.91 E176.65387
G0 F7200 X136.779 Y109.626
G1 F1800 X136.422 Y109.269 E176.6602
G0 F7200 X135.857 Y109.269
G1 F1800 X136.779 Y110.191 E176.67655
G0 F7200 X136.779 Y110.757
G1 F1800 X135.291 Y109.269 E176.70294
G0 F7200 X134.725 Y109.269
G1 F1800 X136.779 Y111.323 E176.73937
G0 F7200 X136.779 Y111.889
G1 F1800 X134.16 Y109.269 E176.78582
G0 F7200 X133.594 Y109.269
G1 F1800 X136.779 Y112.454 E176.84231
G0 F7200 X136.779 Y113.02
G1 F1800 X133.028 Y109.269 E176.90883
G0 F7200 X132.463 Y109.269
G1 F1800 X136.779 Y113.586 E176.98539
G0 F7200 X136.779 Y114.151
G1 F1800 X131.897 Y109.269 E177.07197
G0 F7200 X131.331 Y109.269
G1 F1800 X136.779 Y114.717 E177.16859
G0 F7200 X136.779 Y115.283
G1 F1800 X130.765 Y109.269 E177.27524
G0 F7200 X130.2 Y109.269
G1 F1800 X136.779 Y115.848 E177.39192
G0 F7200 X136.779 Y116.414
G1 F1800 X129.634 Y109.269 E177.51863
G0 F7200 X129.068 Y109.269
G1 F1800 X136.779 Y116.98 E177.65539
G0 F7200 X136.779 Y117.545
G1 F1800 X128.503 Y109.269 E177.80216
G0 F7200 X127.937 Y109.269
G1 F1800 X136.779 Y118.111 E177.95897
G0 F7200 X136.779 Y118.677
G1 F1800 X127.371 Y109.269 E178.12582
G0 F7200 X126.806 Y109.269
G1 F1800 X136.779 Y119.242 E178.30269
G0 F7200 X136.699 Y119.728
G1 F1800 X126.24 Y109.269 E178.48818
G0 F7200 X125.674 Y109.269
G1 F1800 X136.133 Y119.728 E178.67366
G0 F7200 X135.567 Y119.728
G1 F1800 X125.109 Y109.269 E178.85914
G0 F7200 X124.543 Y109.269
G1 F1800 X135.002 Y119.728 E179.04463
G0 F7200 X134.436 Y119.728
G1 F1800 X123.977 Y109.269 E179.23012
G0 F7200 X123.412 Y109.269
G1 F1800 X133.87 Y119.728 E179.4156
G0 F7200 X133.305 Y119.728
G1 F1800 X122.846 Y109.269 E179.60109
G0 F7200 X122.28 Y109.269
G1 F1800 X132.739 Y119.728 E179.78657
G0 F7200 X132.173 Y119.728
G1 F1800 X121.714 Y109.269 E179.97206
G0 F7200 X121.149 Y109.269
G1 F1800 X131.608 Y119.728 E180.15755
G0 F7200 X131.042 Y119.728
G1 F1800 X120.583 Y109.269 E180.34304
G0 F7200 X120.017 Y109.269
G1 F1800 X130.476 Y119.728 E180.52852
G0 F7200 X129.911 Y119.728
G1 F1800 X119.452 Y109.269 E180.71401
G0 F7200 X118.886 Y109.269
G1 F1800 X129.345 Y119.728 E180.8995
G0 F7200 X128.779 Y119.728
G1 F1800 X118.32 Y109.269 E181.08499
G0 F7200 X117.755 Y109.269
G1 F1800 X128.214 Y119.728 E181.27048
G0 F7200 X127.648 Y119.728
G1 F1800 X117.189 Y109.269 E181.45596
G0 F7200 X116.623 Y109.269
G1 F1800 X127.082 Y119.728 E181.64145
G0 F7200 X126.516 Y119.728
G1 F1800 X116.058 Y109.269 E181.82693
G0 F7200 X115.492 Y109.269
G1 F1800 X125.951 Y119.728 E182.01242
G0 F7200 X125.385 Y119.728
G1 F1800 X114.926 Y109.269 E182.19791
G0 F7200 X114.361 Y109.269
G1 F1800 X124.819 Y119.728 E182.38339
G0 F7200 X124.254 Y119.728
G1 F1800 X113.795 Y109.269 E182.56887
G0 F7200 X113.229 Y109.269
G1 F1800 X123.688 Y119.728 E182.75436
G0 F7200 X123.122 Y119.728
G1 F1800 X112.664 Y109.269 E182.93984
G0 F7200 X112.098 Y109.269
G1 F1800 X122.557 Y119.728 E183.12533
G0 F7200 X121.991 Y119.728
G1 F1800 X111.532 Y109.269 E183.31082
G0 F7200 X110.966 Y109.269
G1 F1800 X121.425 Y119.728 E183.4963
G0 F7200 X120.86 Y119.728
G1 F1800 X110.401 Y109.269 E183.68179
G0 F7200 X109.835 Y109.269
G1 F1800 X120.294 Y119.728 E183.86728
G0 F7200 X119.728 Y119.728
G1 F1800 X109.269 Y109.269 E184.05277
G0 F7200 X108.704 Y109.269
G1 F1800 X119.163 Y119.728 E184.23826
G0 F7200 X118.597 Y119.728
G1 F1800 X108.138 Y109.269 E184.42374
G0 F7200 X107.572 Y109.269
G1 F1800 X118.031 Y119.728 E184.60923
G0 F7200 X117.465 Y119.728
G1 F1800 X107.22 Y109.482 E184.79093
G0 F7200 X107.22 Y110.048
G1 F1800 X116.9 Y119.728 E184.96261
G0 F7200 X116.334 Y119.728
G1 F1800 X107.22 Y110.614 E185.12424
G0 F7200 X107.22 Y111.179
G1 F1800 X115.768 Y119.728 E185.27585
G0 F7200 X115.203 Y119.728
G1 F1800 X107.22 Y111.745 E185.41742
G0 F7200 X107.22 Y112.311
G1 F1800 X114.637 Y119.728 E185.54896
G0 F7200 X114.071 Y119.728
G1 F1800 X107.22 Y112.876 E185.67047
G0 F7200 X107.22 Y113.442
G1 F1800 X113.506 Y119.728 E185.78195
G0 F7200 X112.94 Y119.728
G1 F1800 X107.22 Y114.008 E185.88339
G0 F7200 X107.22 Y114.573
G1 F1800 X112.374 Y119.728 E185.97481
G0 F7200 X111.809 Y119.728
G1 F1800 X107.22 Y115.139 E186.05619
G0 F7200 X107.22 Y115.705
G1 F1800 X111.243 Y119.728 E186.12754
G0 F7200 X110.677 Y119.728
G1 F1800 X107.22 Y116.27 E186.18886
G0 F7200 X107.22 Y116.836
G1 F1800 X110.112 Y119.728 E186.24015
G0 F7200 X109.546 Y119.728
G1 F1800 X107.22 Y117.402 E186.2814
G0 F7200 X107.22 Y117.968
G1 F1800 X108.98 Y119.728 E186.31261
G0 F7200 X108.415 Y119.728
G1 F1800 X107.22 Y118.533 E186.3338
G0 F7200 X107.22 Y119.099
G1 F1800 X107.849 Y119.728 E186.34496
G0 F7200 X107.283 Y119.728
G1 F1800 X107.22 Y119.665 E186.34608
;MESH:NONMESH
G0 F600 X107.22 Y119.665 Z18.4
G0 F7200 X137.28 Y120.23
G0 X137.35 Y120.3
;TIME_ELAPSED:1751.876565
;LAYER:91
;TYPE:WALL-INNER
;MESH:output_v2\A_fina_conjunto.stl
G1 F3600 X106.65 Y120.3 E186.73107
G1 X106.65 Y108.7 E186.87653
G1 X137.35 Y108.7 E187.26152
G1 X137.35 Y120.3 E187.40699
G0 F7200 X137.75 Y120.7
;TYPE:WALL-OUTER
G1 F1800 X106.25 Y120.7 E187.80201
G1 X106.25 Y108.3 E187.95751
G1 X137.75 Y108.3 E188.35254
G1 X137.75 Y120.7 E188.50804
G0 F7200 X137.55 Y120.7
G0 X136.96 Y119.91
;TYPE:SKIN
G1 F1800 X107.04 Y119.91 E188.88324
G1 X107.04 Y109.09 E189.01893
G1 X136.96 Y109.09 E189.39414
G1 X136.96 Y119.91 E189.52983
G0 F7200 X136.526 Y119.729
G1 F1800 X136.779 Y119.476 E189.53431
G0 F7200 X136.779 Y118.91
G1 F1800 X135.96 Y119.729 E189.54884
G0 F7200 X135.394 Y119.729
G1 F1800 X136.779 Y118.344 E189.5734
G0 F7200 X136.779 Y117.779
G1 F1800 X134.828 Y119.729 E189.60799
G0 F7200 X134.263 Y119.729
G1 F1800 X136.779 Y117.213 E189.65261
G0 F7200 X136.779 Y116.647
G1 F1800 X133.697 Y119.729 E189.70727
G0 F7200 X133.131 Y119.729
G1 F1800 X136.779 Y116.082 E189.77196
G0 F7200 X136.779 Y115.516
G1 F1800 X132.566 Y119.729 E189.84668
G0 F7200 X132 Y119.729
G1 F1800 X136.779 Y114.95 E189.93143
G0 F7200 X136.779 Y114.385
G1 F1800 X131.434 Y119.729 E190.02621
G0 F7200 X130.869 Y119.729
G1 F1800 X136.779 Y113.819 E190.13103
G0 F7200 X136.779 Y113.253
G1 F1800 X130.303 Y119.729 E190.24588
G0 F7200 X129.737 Y119.729
G1 F1800 X136.779 Y112.688 E190.37076
G0 F7200 X136.779 Y112.122
G1 F1800 X129.172 Y119.729 E190.50566
G0 F7200 X128.606 Y119.729
G1 F1800 X136.779 Y111.556 E190.65061
G0 F7200 X136.779 Y110.991
G1 F1800 X128.04 Y119.729 E190.80559
G0 F7200 X127.475 Y119.729
G1 F1800 X136.779 Y110.425 E190.97059
G0 F7200 X136.779 Y109.859
G1 F1800 X126.909 Y119.729 E191.14563
G0 F7200 X126.343 Y119.729
G1 F1800 X136.779 Y109.293 E191.33071
G0 F7200 X136.238 Y109.269
G1 F1800 X125.778 Y119.729 E191.51622
G0 F7200 X125.212 Y119.729
G1 F1800 X135.672 Y109.269 E191.70172
G0 F7200 X135.106 Y109.269
G1 F1800 X124.646 Y119.729 E191.88723
G0 F7200 X124.08 Y119.729
G1 F1800 X134.541 Y109.269 E192.07274
G0 F7200 X133.975 Y109.269
G1 F1800 X123.515 Y119.729 E192.25825
G0 F7200 X122.949 Y119.729
G1 F1800 X133.409 Y109.269 E192.44375
G0 F7200 X132.844 Y109.269
G1 F1800 X122.383 Y119.729 E192.62927
G0 F7200 X121.818 Y119.729
G1 F1800 X132.278 Y109.269 E192.81477
G0 F7200 X131.712 Y109.269
G1 F1800 X121.252 Y119.729 E193.00028
G0 F7200 X120.686 Y119.729
G1 F1800 X131.147 Y109.269 E193.18579
G0 F7200 X130.581 Y109.269
G1 F1800 X120.121 Y119.729 E193.3713
G0 F7200 X119.555 Y119.729
G1 F1800 X130.015 Y109.269 E193.55681
G0 F7200 X129.45 Y109.269
G1 F1800 X118.989 Y119.729 E193.74232
G0 F7200 X118.424 Y119.729
G1 F1800 X128.884 Y109.269 E193.92783
G0 F7200 X128.318 Y109.269
G1 F1800 X117.858 Y119.729 E194.11333
G0 F7200 X117.292 Y119.729
G1 F1800 X127.752 Y109.269 E194.29884
G0 F7200 X127.187 Y109.269
G1 F1800 X116.727 Y119.729 E194.48434
G0 F7200 X116.161 Y119.729
G1 F1800 X126.621 Y109.269 E194.66985
G0 F7200 X126.055 Y109.269
G1 F1800 X115.595 Y119.729 E194.85535
G0 F7200 X115.03 Y119.729
G1 F1800 X125.49 Y109.269 E195.04086
G0 F7200 X124.924 Y109.269
G1 F1800 X114.464 Y119.729 E195.22637
G0 F7200 X113.898 Y119.729
G1 F1800 X124.358 Y109.269 E195.41187
G0 F7200 X123.793 Y109.269
G1 F1800 X113.332 Y119.729 E195.59739
G0 F7200 X112.767 Y119.729
G1 F1800 X123.227 Y109.269 E195.78289
G0 F7200 X122.661 Y109.269
G1 F1800 X112.201 Y119.729 E195.9684
G0 F7200 X111.635 Y119.729
G1 F1800 X122.096 Y109.269 E196.15391
G0 F7200 X121.53 Y109.269
G1 F1800 X111.07 Y119.729 E196.33942
G0 F7200 X110.504 Y119.729
G1 F1800 X120.964 Y109.269 E196.52492
G0 F7200 X120.399 Y109.269
G1 F1800 X109.938 Y119.729 E196.71044
G0 F7200 X109.373 Y119.729
G1 F1800 X119.833 Y109.269 E196.89594
G0 F7200 X119.267 Y109.269
G1 F1800 X108.807 Y119.729 E197.08145
G0 F7200 X108.241 Y119.729
G1 F1800 X118.702 Y109.269 E197.26696
G0 F7200 X118.136 Y109.269
G1 F1800 X107.676 Y119.729 E197.45247
G0 F7200 X107.22 Y119.619
G1 F1800 X117.57 Y109.269 E197.63602
G0 F7200 X117.004 Y109.269
G1 F1800 X107.22 Y119.054 E197.80955
G0 F7200 X107.22 Y118.488
G1 F1800 X116.439 Y109.269 E197.97305
G0 F7200 X115.873 Y109.269
G1 F1800 X107.22 Y117.922 E198.1265
G0 F7200 X107.22 Y117.357
G1 F1800 X115.307 Y109.269 E198.26993
G0 F7200 X114.742 Y109.269
G1 F1800 X107.22 Y116.791 E198.40333
G0 F7200 X107.22 Y116.225
G1 F1800 X114.176 Y109.269 E198.5267
G0 F7200 X113.61 Y109.269
G1 F1800 X107.22 Y115.66 E198.64003
G0 F7200 X107.22 Y115.094
G1 F1800 X113.045 Y109.269 E198.74334
G0 F7200 X112.479 Y109.269
G1 F1800 X107.22 Y114.528 E198.8366
G0 F7200 X107.22 Y113.962
G1 F1800 X111.913 Y109.269 E198.91983
G0 F7200 X111.348 Y109.269
G1 F1800 X107.22 Y113.397 E198.99304
G0 F7200 X107.22 Y112.831
G1 F1800 X110.782 Y109.269 E199.05621
G0 F7200 X110.216 Y109.269
G1 F1800 X107.22 Y112.265 E199.10935
G0 F7200 X107.22 Y111.7
G1 F1800 X109.651 Y109.269 E199.15246
G0 F7200 X109.085 Y109.269
G1 F1800 X107.22 Y111.134 E199.18554
G0 F7200 X107.22 Y110.568
G1 F1800 X108.519 Y109.269 E199.20857
G0 F7200 X107.953 Y109.269
G1 F1800 X107.22 Y110.003 E199.22158
G0 F7200 X107.22 Y109.437
G1 F1800 X107.388 Y109.269 E199.22456
;MESH:NONMESH
G0 F600 X107.388 Y109.269 Z18.6
G0 F7200 X137.28 Y120.23
G0 X137.35 Y120.3
;TIME_ELAPSED:1786.692706
;LAYER:92
;TYPE:WALL-INNER
;MESH:output_v2\A_fina_conjunto.stl
G1 F3600 X106.65 Y120.3 E199.60955
G1 X106.65 Y108.7 E199.75502
G1 X137.35 Y108.7 E200.14001
G1 X137.35 Y120.3 E200.28548
G0 F7200 X137.75 Y120.7
;TYPE:WALL-OUTER
G1 F1800 X106.25 Y120.7 E200.6805
G1 X106.25 Y108.3 E200.836
G1 X137.75 Y108.3 E201.23102
G1 X137.75 Y120.7 E201.38652
G0 F7200 X137.55 Y120.7
G0 X136.96 Y119.91
;TYPE:SKIN
G1 F1800 X107.04 Y119.91 E201.76173
G1 X107.04 Y109.09 E201.89742
G1 X136.96 Y109.09 E202.27262
G1 X136.96 Y119.91 E202.40831
G0 F7200 X136.779 Y109.626
G1 F1800 X136.422 Y109.269 E202.41464
G0 F7200 X135.857 Y109.269
G1 F1800 X136.779 Y110.191 E202.43099
G0 F7200 X136.779 Y110.757
G1 F1800 X135.291 Y109.269 E202.45738
G0 F7200 X134.725 Y109.269
G1 F1800 X136.779 Y111.323 E202.49381
G0 F7200 X136.779 Y111.889
G1 F1800 X134.16 Y109.269 E202.54027
G0 F7200 X133.594 Y109.269
G1 F1800 X136.779 Y112.454 E202.59675
G0 F7200 X136.779 Y113.02
G1 F1800 X133.028 Y109.269 E202.66327
G0 F7200 X132.463 Y109.269
G1 F1800 X136.779 Y113.586 E202.73983
G0 F7200 X136.779 Y114.151
G1 F1800 X131.897 Y109.269 E202.82641
G0 F7200 X131.331 Y109.269
G1 F1800 X136.779 Y114.717 E202.92303
G0 F7200 X136.779 Y115.283
G1 F1800 X130.765 Y109.269 E203.02968
G0 F7200 X130.2 Y109.269
G1 F1800 X136.779 Y115.848 E203.14636
G0 F7200 X136.779 Y116.414
G1 F1800 X129.634 Y109.269 E203.27308
G0 F7200 X129.068 Y109.269
G1 F1800 X136.779 Y116.98 E203.40983
G0 F7200 X136.779 Y117.545
G1 F1800 X128.503 Y109.269 E203.5566
G0 F7200 X127.937 Y109.269
G1 F1800 X136.779 Y118.111 E203.71341
G0 F7200 X136.779 Y118.677
G1 F1800 X127.371 Y109.269 E203.88026
G0 F7200 X126.806 Y109.269
G1 F1800 X136.779 Y119.242 E204.05713
G0 F7200 X136.699 Y119.728
G1 F1800 X126.24 Y109.269 E204.24262
G0 F7200 X125.674 Y109.269
G1 F1800 X136.133 Y119.728 E204.4281
G0 F7200 X135.567 Y119.728
G1 F1800 X125.109 Y109.269 E204.61358
G0 F7200 X124.543 Y109.269
G1 F1800 X135.002 Y119.728 E204.79907
G0 F7200 X134.436 Y119.728
G1 F1800 X123.977 Y109.269 E204.98456
G0 F7200 X123.412 Y109.269
G1 F1800 X133.87 Y119.728 E205.17004
G0 F7200 X133.305 Y119.728
G1 F1800 X122.846 Y109.269 E205.35553
G0 F7200 X122.28 Y109.269
G1 F1800 X132.739 Y119.728 E205.54101
G0 F7200 X132.173 Y119.728
G1 F1800 X121.714 Y109.269 E205.7265
G0 F7200 X121.149 Y109.269
G1 F1800 X131.608 Y119.728 E205.91199
G0 F7200 X131.042 Y119.728
G1 F1800 X120.583 Y109.269 E206.09748
G0 F7200 X120.017 Y109.269
G1 F1800 X130.476 Y119.728 E206.28297
G0 F7200 X129.911 Y119.728
G1 F1800 X119.452 Y109.269 E206.46845
G0 F7200 X118.886 Y109.269
G1 F1800 X129.345 Y119.728 E206.65394
G0 F7200 X128.779 Y119.728
G1 F1800 X118.32 Y109.269 E206.83943
G0 F7200 X117.755 Y109.269
G1 F1800 X128.214 Y119.728 E207.02492
G0 F7200 X127.648 Y119.728
G1 F1800 X117.189 Y109.269 E207.21041
G0 F7200 X116.623 Y109.269
G1 F1800 X127.082 Y119.728 E207.39589
G0 F7200 X126.516 Y119.728
G1 F1800 X116.058 Y109.269 E207.58137
G0 F7200 X115.492 Y109.269
G1 F1800 X125.951 Y119.728 E207.76686
G0 F7200 X125.385 Y119.728
G1 F1800 X114.926 Y109.269 E207.95235
G0 F7200 X114.361 Y109.269
G1 F1800 X124.819 Y119.728 E208.13783
G0 F7200 X124.254 Y119.728
G1 F1800 X113.795 Y109.269 E208.32331
G0 F7200 X113.229 Y109.269
G1 F1800 X123.688 Y119.728 E208.5088
G0 F7200 X123.122 Y119.728
G1 F1800 X112.664 Y109.269 E208.69428
G0 F7200 X112.098 Y109.269
G1 F1800 X122.557 Y119.728 E208.87977
G0 F7200 X121.991 Y119.728
G1 F1800 X111.532 Y109.269 E209.06526
G0 F7200 X110.966 Y109.269
G1 F1800 X121.425 Y119.728 E209.25075
G0 F7200 X120.86 Y119.728
G1 F1800 X110.401 Y109.269 E209.43623
G0 F7200 X109.835 Y109.269
G1 F1800 X120.294 Y119.728 E209.62172
G0 F7200 X119.728 Y119.728
G1 F1800 X109.269 Y109.269 E209.80721
G0 F7200 X108.704 Y109.269
G1 F1800 X119.163 Y119.728 E209.9927
G0 F7200 X118.597 Y119.728
G1 F1800 X108.138 Y109.269 E210.17818
G0 F7200 X107.572 Y109.269
G1 F1800 X118.031 Y119.728 E210.36367
G0 F7200 X117.465 Y119.728
G1 F1800 X107.22 Y109.482 E210.54537
G0 F7200 X107.22 Y110.048
G1 F1800 X116.9 Y119.728 E210.71705
G0 F7200 X116.334 Y119.728
G1 F1800 X107.22 Y110.614 E210.87868
G0 F7200 X107.22 Y111.179
G1 F1800 X115.768 Y119.728 E211.03029
G0 F7200 X115.203 Y119.728
G1 F1800 X107.22 Y111.745 E211.17186
G0 F7200 X107.22 Y112.311
G1 F1800 X114.637 Y119.728 E211.3034
G0 F7200 X114.071 Y119.728
G1 F1800 X107.22 Y112.876 E211.42491
G0 F7200 X107.22 Y113.442
G1 F1800 X113.506 Y119.728 E211.53639
G0 F7200 X112.94 Y119.728
G1 F1800 X107.22 Y114.008 E211.63784
G0 F7200 X107.22 Y114.573
G1 F1800 X112.374 Y119.728 E211.72925
G0 F7200 X111.809 Y119.728
G1 F1800 X107.22 Y115.139 E211.81063
G0 F7200 X107.22 Y115.705
G1 F1800 X111.243 Y119.728 E211.88198
G0 F7200 X110.677 Y119.728
G1 F1800 X107.22 Y116.27 E211.9433
G0 F7200 X107.22 Y116.836
G1 F1800 X110.112 Y119.728 E211.99459
G0 F7200 X109.546 Y119.728
G1 F1800 X107.22 Y117.402 E212.03584
G0 F7200 X107.22 Y117.968
G1 F1800 X108.98 Y119.728 E212.06705
G0 F7200 X108.415 Y119.728
G1 F1800 X107.22 Y118.533 E212.08825
G0 F7200 X107.22 Y119.099
G1 F1800 X107.849 Y119.728 E212.0994
G0 F7200 X107.283 Y119.728
G1 F1800 X107.22 Y119.665 E212.10052
;MESH:NONMESH
G0 F600 X107.22 Y119.665 Z18.8
G0 F7200 X137.28 Y120.23
G0 X137.35 Y120.3
;TIME_ELAPSED:1821.580983
;LAYER:93
;TYPE:WALL-INNER
;MESH:output_v2\A_fina_conjunto.stl
G1 F3600 X106.65 Y120.3 E212.48551
G1 X106.65 Y108.7 E212.63098
G1 X137.35 Y108.7 E213.01596
G1 X137.35 Y120.3 E213.16143
G0 F7200 X137.75 Y120.7
;TYPE:WALL-OUTER
G1 F1800 X106.25 Y120.7 E213.55645
G1 X106.25 Y108.3 E213.71196
G1 X137.75 Y108.3 E214.10698
G1 X137.75 Y120.7 E214.26248
G0 F7200 X137.55 Y120.7
G0 X136.96 Y119.91
;TYPE:SKIN
G1 F1800 X107.04 Y119.91 E214.63769
G1 X107.04 Y109.09 E214.77337
G1 X136.96 Y109.09 E215.14858
G1 X136.96 Y119.91 E215.28427
G0 F7200 X136.526 Y119.729
G1 F1800 X136.779 Y119.476 E215.28875
G0 F7200 X136.779 Y118.91
G1 F1800 X135.96 Y119.729 E215.30328
G0 F7200 X135.394 Y119.729
G1 F1800 X136.779 Y118.344 E215.32784
G0 F7200 X136.779 Y117.779
G1 F1800 X134.828 Y119.729 E215.36243
G0 F7200 X134.263 Y119.729
G1 F1800 X136.779 Y117.213 E215.40705
G0 F7200 X136.779 Y116.647
G1 F1800 X133.697 Y119.729 E215.46171
G0 F7200 X133.131 Y119.729
G1 F1800 X136.779 Y116.082 E215.5264
G0 F7200 X136.779 Y115.516
G1 F1800 X132.566 Y119.729 E215.60112
G0 F7200 X132 Y119.729
G1 F1800 X136.779 Y114.95 E215.68587
G0 F7200 X136.779 Y114.385
G1 F1800 X131.434 Y119.729 E215.78065
G0 F7200 X130.869 Y119.729
G1 F1800 X136.779 Y113.819 E215.88547
G0 F7200 X136.779 Y113.253
G1 F1800 X130.303 Y119.729 E216.00032
G0 F7200 X129.737 Y119.729
G1 F1800 X136.779 Y112.688 E216.1252
G0 F7200 X136.779 Y112.122
G1 F1800 X129.172 Y119.729 E216.2601
G0 F7200 X128.606 Y119.729
G1 F1800 X136.779 Y111.556 E216.40505
G0 F7200 X136.779 Y110.991
G1 F1800 X128.04 Y119.729 E216.56003
G0 F7200 X127.475 Y119.729
G1 F1800 X136.779 Y110.425 E216.72503
G0 F7200 X136.779 Y109.859
G1 F1800 X126.909 Y119.729 E216.90007
G0 F7200 X126.343 Y119.729
G1 F1800 X136.779 Y109.293 E217.08515
G0 F7200 X136.238 Y109.269
G1 F1800 X125.778 Y119.729 E217.27066
G0 F7200 X125.212 Y119.729
G1 F1800 X135.672 Y109.269 E217.45616
G0 F7200 X135.106 Y109.269
G1 F1800 X124.646 Y119.729 E217.64167
G0 F7200 X124.08 Y119.729
G1 F1800 X134.541 Y109.269 E217.82718
G0 F7200 X133.975 Y109.269
G1 F1800 X123.515 Y119.729 E218.01269
G0 F7200 X122.949 Y119.729
G1 F1800 X133.409 Y109.269 E218.1982
G0 F7200 X132.844 Y109.269
G1 F1800 X122.383 Y119.729 E218.38371
G0 F7200 X121.818 Y119.729
G1 F1800 X132.278 Y109.269 E218.56922
G0 F7200 X131.712 Y109.269
G1 F1800 X121.252 Y119.729 E218.75472
G0 F7200 X120.686 Y119.729
G1 F1800 X131.147 Y109.269 E218.94024
G0 F7200 X130.581 Y109.269
G1 F1800 X120.121 Y119.729 E219.12574
G0 F7200 X119.555 Y119.729
G1 F1800 X130.015 Y109.269 E219.31125
G0 F7200 X129.45 Y109.269
G1 F1800 X118.989 Y119.729 E219.49676
G0 F7200 X118.424 Y119.729
G1 F1800 X128.884 Y109.269 E219.68227
G0 F7200 X128.318 Y109.269
G1 F1800 X117.858 Y119.729 E219.86777
G0 F7200 X117.292 Y119.729
G1 F1800 X127.752 Y109.269 E220.05328
G0 F7200 X127.187 Y109.269
G1 F1800 X116.727 Y119.729 E220.23878
G0 F7200 X116.161 Y119.729
G1 F1800 X126.621 Y109.269 E220.42429
G0 F7200 X126.055 Y109.269
G1 F1800 X115.595 Y119.729 E220.60979
G0 F7200 X115.03 Y119.729
G1 F1800 X125.49 Y109.269 E220.7953
G0 F7200 X124.924 Y109.269
G1 F1800 X114.464 Y119.729 E220.98081
G0 F7200 X113.898 Y119.729
G1 F1800 X124.358 Y109.269 E221.16631
G0 F7200 X123.793 Y109.269
G1 F1800 X113.332 Y119.729 E221.35183
G0 F7200 X112.767 Y119.729
G1 F1800 X123.227 Y109.269 E221.53733
G0 F7200 X122.661 Y109.269
G1 F1800 X112.201 Y119.729 E221.72284
G0 F7200 X111.635 Y119.729
G1 F1800 X122.096 Y109.269 E221.90835
G0 F7200 X121.53 Y109.269
G1 F1800 X111.07 Y119.729 E222.09386
G0 F7200 X110.504 Y119.729
G1 F1800 X120.964 Y109.269 E222.27936
G0 F7200 X120.399 Y109.269
G1 F1800 X109.938 Y119.729 E222.46488
G0 F7200 X109.373 Y119.729
G1 F1800 X119.833 Y109.269 E222.65038
G0 F7200 X119.267 Y109.269
G1 F1800 X108.807 Y119.729 E222.83589
G0 F7200 X108.241 Y119.729
G1 F1800 X118.702 Y109.269 E223.0214
G0 F7200 X118.136 Y109.269
G1 F1800 X107.676 Y119.729 E223.20691
G0 F7200 X107.22 Y119.619
G1 F1800 X117.57 Y109.269 E223.39046
G0 F7200 X117.004 Y109.269
G1 F1800 X107.22 Y119.054 E223.56399
G0 F7200 X107.22 Y118.488
G1 F1800 X116.439 Y109.269 E223.72749
G0 F7200 X115.873 Y109.269
G1 F1800 X107.22 Y117.922 E223.88095
G0 F7200 X107.22 Y117.357
G1 F1800 X115.307 Y109.269 E224.02438
G0 F7200 X114.742 Y109.269
G1 F1800 X107.22 Y116.791 E224.15778
G0 F7200 X107.22 Y116.225
G1 F1800 X114.176 Y109.269 E224.28114
G0 F7200 X113.61 Y109.269
G1 F1800 X107.22 Y115.66 E224.39447
G0 F7200 X107.22 Y115.094
G1 F1800 X113.045 Y109.269 E224.49778
G0 F7200 X112.479 Y109.269
G1 F1800 X107.22 Y114.528 E224.59105
G0 F7200 X107.22 Y113.962
G1 F1800 X111.913 Y109.269 E224.67427
G0 F7200 X111.348 Y109.269
G1 F1800 X107.22 Y113.397 E224.74748
G0 F7200 X107.22 Y112.831
G1 F1800 X110.782 Y109.269 E224.81065
G0 F7200 X110.216 Y109.269
G1 F1800 X107.22 Y112.265 E224.86379
G0 F7200 X107.22 Y111.7
G1 F1800 X109.651 Y109.269 E224.9069
G0 F7200 X109.085 Y109.269
G1 F1800 X107.22 Y111.134 E224.93998
G0 F7200 X107.22 Y110.568
G1 F1800 X108.519 Y109.269 E224.96301
G0 F7200 X107.953 Y109.269
G1 F1800 X107.22 Y110.003 E224.97602
G0 F7200 X107.22 Y109.437
G1 F1800 X107.388 Y109.269 E224.979
;MESH:NONMESH
G0 F600 X107.388 Y109.269 Z19
G0 F7200 X137.28 Y120.23
G0 X137.35 Y120.3
;TIME_ELAPSED:1856.397124
;LAYER:94
;TYPE:WALL-INNER
;MESH:output_v2\A_fina_conjunto.stl
G1 F3600 X106.65 Y120.3 E225.36399
G1 X106.65 Y108.7 E225.50946
G1 X137.35 Y108.7 E225.89445
G1 X137.35 Y120.3 E226.03992
G0 F7200 X137.75 Y120.7
;TYPE:WALL-OUTER
G1 F1800 X106.25 Y120.7 E226.43494
G1 X106.25 Y108.3 E226.59044
G1 X137.75 Y108.3 E226.98546
G1 X137.75 Y120.7 E227.14096
G0 F7200 X137.55 Y120.7
G0 X136.96 Y119.91
;TYPE:SKIN
G1 F1800 X107.04 Y119.91 E227.51617
G1 X107.04 Y109.09 E227.65186
G1 X136.96 Y109.09 E228.02706
G1 X136.96 Y119.91 E228.16275
G0 F7200 X136.779 Y109.626
G1 F1800 X136.422 Y109.269 E228.16908
G0 F7200 X135.857 Y109.269
G1 F1800 X136.779 Y110.191 E228.18543
G0 F7200 X136.779 Y110.757
G1 F1800 X135.291 Y109.269 E228.21182
G0 F7200 X134.725 Y109.269
G1 F1800 X136.779 Y111.323 E228.24825
G0 F7200 X136.779 Y111.889
G1 F1800 X134.16 Y109.269 E228.29471
G0 F7200 X133.594 Y109.269
G1 F1800 X136.779 Y112.454 E228.35119
G0 F7200 X136.779 Y113.02
G1 F1800 X133.028 Y109.269 E228.41772
G0 F7200 X132.463 Y109.269
G1 F1800 X136.779 Y113.586 E228.49427
G0 F7200 X136.779 Y114.151
G1 F1800 X131.897 Y109.269 E228.58085
G0 F7200 X131.331 Y109.269
G1 F1800 X136.779 Y114.717 E228.67747
G0 F7200 X136.779 Y115.283
G1 F1800 X130.765 Y109.269 E228.78412
G0 F7200 X130.2 Y109.269
G1 F1800 X136.779 Y115.848 E228.9008
G0 F7200 X136.779 Y116.414
G1 F1800 X129.634 Y109.269 E229.02752
G0 F7200 X129.068 Y109.269
G1 F1800 X136.779 Y116.98 E229.16427
G0 F7200 X136.779 Y117.545
G1 F1800 X128.503 Y109.269 E229.31104
G0 F7200 X127.937 Y109.269
G1 F1800 X136.779 Y118.111 E229.46785
G0 F7200 X136.779 Y118.677
G1 F1800 X127.371 Y109.269 E229.6347
G0 F7200 X126.806 Y109.269
G1 F1800 X136.779 Y119.242 E229.81157
G0 F7200 X136.699 Y119.728
G1 F1800 X126.24 Y109.269 E229.99706
G0 F7200 X125.674 Y109.269
G1 F1800 X136.133 Y119.728 E230.18255
G0 F7200 X135.567 Y119.728
G1 F1800 X125.109 Y109.269 E230.36802
G0 F7200 X124.543 Y109.269
G1 F1800 X135.002 Y119.728 E230.55351
G0 F7200 X134.436 Y119.728
G1 F1800 X123.977 Y109.269 E230.739
G0 F7200 X123.412 Y109.269
G1 F1800 X133.87 Y119.728 E230.92448
G0 F7200 X133.305 Y119.728
G1 F1800 X122.846 Y109.269 E231.10997
G0 F7200 X122.28 Y109.269
G1 F1800 X132.739 Y119.728 E231.29546
G0 F7200 X132.173 Y119.728
G1 F1800 X121.714 Y109.269 E231.48094
G0 F7200 X121.149 Y109.269
G1 F1800 X131.608 Y119.728 E231.66643
G0 F7200 X131.042 Y119.728
G1 F1800 X120.583 Y109.269 E231.85192
G0 F7200 X120.017 Y109.269
G1 F1800 X130.476 Y119.728 E232.03741
G0 F7200 X129.911 Y119.728
G1 F1800 X119.452 Y109.269 E232.22289
G0 F7200 X118.886 Y109.269
G1 F1800 X129.345 Y119.728 E232.40838
G0 F7200 X128.779 Y119.728
G1 F1800 X118.32 Y109.269 E232.59387
G0 F7200 X117.755 Y109.269
G1 F1800 X128.214 Y119.728 E232.77936
G0 F7200 X127.648 Y119.728
G1 F1800 X117.189 Y109.269 E232.96485
G0 F7200 X116.623 Y109.269
G1 F1800 X127.082 Y119.728 E233.15033
G0 F7200 X126.516 Y119.728
G1 F1800 X116.058 Y109.269 E233.33581
G0 F7200 X115.492 Y109.269
G1 F1800 X125.951 Y119.728 E233.5213
G0 F7200 X125.385 Y119.728
G1 F1800 X114.926 Y109.269 E233.70679
G0 F7200 X114.361 Y109.269
G1 F1800 X124.819 Y119.728 E233.89227
G0 F7200 X124.254 Y119.728
G1 F1800 X113.795 Y109.269 E234.07776
G0 F7200 X113.229 Y109.269
G1 F1800 X123.688 Y119.728 E234.26324
G0 F7200 X123.122 Y119.728
G1 F1800 X112.664 Y109.269 E234.44872
G0 F7200 X112.098 Y109.269
G1 F1800 X122.557 Y119.728 E234.63421
G0 F7200 X121.991 Y119.728
G1 F1800 X111.532 Y109.269 E234.8197
G0 F7200 X110.966 Y109.269
G1 F1800 X121.425 Y119.728 E235.00519
G0 F7200 X120.86 Y119.728
G1 F1800 X110.401 Y109.269 E235.19067
G0 F7200 X109.835 Y109.269
G1 F1800 X120.294 Y119.728 E235.37616
G0 F7200 X119.728 Y119.728
G1 F1800 X109.269 Y109.269 E235.56165
G0 F7200 X108.704 Y109.269
G1 F1800 X119.163 Y119.728 E235.74714
G0 F7200 X118.597 Y119.728
G1 F1800 X108.138 Y109.269 E235.93263
G0 F7200 X107.572 Y109.269
G1 F1800 X118.031 Y119.728 E236.11811
G0 F7200 X117.465 Y119.728
G1 F1800 X107.22 Y109.482 E236.29982
G0 F7200 X107.22 Y110.048
G1 F1800 X116.9 Y119.728 E236.47149
G0 F7200 X116.334 Y119.728
G1 F1800 X107.22 Y110.614 E236.63312
G0 F7200 X107.22 Y111.179
G1 F1800 X115.768 Y119.728 E236.78473
G0 F7200 X115.203 Y119.728
G1 F1800 X107.22 Y111.745 E236.9263
G0 F7200 X107.22 Y112.311
G1 F1800 X114.637 Y119.728 E237.05784
G0 F7200 X114.071 Y119.728
G1 F1800 X107.22 Y112.876 E237.17935
G0 F7200 X107.22 Y113.442
G1 F1800 X113.506 Y119.728 E237.29083
G0 F7200 X112.94 Y119.728
G1 F1800 X107.22 Y114.008 E237.39228
G0 F7200 X107.22 Y114.573
G1 F1800 X112.374 Y119.728 E237.48369
G0 F7200 X111.809 Y119.728
G1 F1800 X107.22 Y115.139 E237.56508
G0 F7200 X107.22 Y115.705
G1 F1800 X111.243 Y119.728 E237.63642
G0 F7200 X110.677 Y119.728
G1 F1800 X107.22 Y116.27 E237.69774
G0 F7200 X107.22 Y116.836
G1 F1800 X110.112 Y119.728 E237.74903
G0 F7200 X109.546 Y119.728
G1 F1800 X107.22 Y117.402 E237.79028
G0 F7200 X107.22 Y117.968
G1 F1800 X108.98 Y119.728 E237.82149
G0 F7200 X108.415 Y119.728
G1 F1800 X107.22 Y118.533 E237.84269
G0 F7200 X107.22 Y119.099
G1 F1800 X107.849 Y119.728 E237.85384
G0 F7200 X107.283 Y119.728
G1 F1800 X107.22 Y119.665 E237.85496
;TIME_ELAPSED:1890.944603
G1 F1500 E231.35496
M107

M82 ;absolute extrusion mode
M104 S0
;End of Gcode
