;FLAVOR:Marlin
;TIME:6666
;Filament used: 0m
;Layer height: 0.2
;MINX:2.14748e+06
;MINY:2.14748e+06
;MINZ:2.14748e+06
;MAXX:-2.14748e+06
;MAXY:-2.14748e+06
;MAXZ:-2.14748e+06

;Generated with Cura_SteamEngine 4.13.1
M104 S215
M105
M109 S215
M82 ;absolute extrusion mode

G92 E0
G92 E0
G1 F1500 E-6.5
;LAYER_COUNT:88
;LAYER:0
M107
;MESH:output_v2\B_media_suporte.stl
G0 F3600 X135.75 Y120.3 Z0.2
;TYPE:WALL-INNER
G1 F1500 E0
G1 F1800 X108.25 Y120.3 E0.34486
G1 X108.25 Y108.7 E0.49033
G1 X135.75 Y108.7 E0.83519
G1 X135.75 Y120.3 E0.98066
G0 F3600 X136.15 Y120.7
;TYPE:WALL-OUTER
G1 F1800 X107.85 Y120.7 E1.33555
G1 X107.85 Y108.3 E1.49105
G1 X136.15 Y108.3 E1.84594
G1 X136.15 Y120.7 E2.00144
G0 F3600 X135.95 Y120.7
G0 X135.36 Y119.91
;TYPE:SKIN
G1 F1800 X108.64 Y119.91 E2.33652
G1 X108.64 Y109.09 E2.47221
G1 X135.36 Y109.09 E2.80729
G1 X135.36 Y119.91 E2.94297
G0 F3600 X135.179 Y109.723
G1 F1800 X134.725 Y109.269 E2.95103
G0 F3600 X134.16 Y109.269
G1 F1800 X135.179 Y110.289 E2.96911
G0 F3600 X135.179 Y110.855
G1 F1800 X133.594 Y109.269 E2.99722
G0 F3600 X133.028 Y109.269
G1 F1800 X135.179 Y111.42 E3.03537
G0 F3600 X135.179 Y111.986
G1 F1800 X132.463 Y109.269 E3.08355
G0 F3600 X131.897 Y109.269
G1 F1800 X135.179 Y112.552 E3.14176
G0 F3600 X135.179 Y113.117
G1 F1800 X131.331 Y109.269 E3.21001
G0 F3600 X130.765 Y109.269
G1 F1800 X135.179 Y113.683 E3.28829
G0 F3600 X135.179 Y114.249
G1 F1800 X130.2 Y109.269 E3.3766
G0 F3600 X129.634 Y109.269
G1 F1800 X135.179 Y114.815 E3.47495
G0 F3600 X135.179 Y115.38
G1 F1800 X129.068 Y109.269 E3.58332
G0 F3600 X128.503 Y109.269
G1 F1800 X135.179 Y115.946 E3.70173
G0 F3600 X135.179 Y116.512
G1 F1800 X127.937 Y109.269 E3.83017
G0 F3600 X127.371 Y109.269
G1 F1800 X135.179 Y117.077 E3.96865
G0 F3600 X135.179 Y117.643
G1 F1800 X126.806 Y109.269 E4.11715
G0 F3600 X126.24 Y109.269
G1 F1800 X135.179 Y118.209 E4.27569
G0 F3600 X135.179 Y118.774
G1 F1800 X125.674 Y109.269 E4.44426
G0 F3600 X125.109 Y109.269
G1 F1800 X135.179 Y119.34 E4.62286
G0 F3600 X135.002 Y119.729
G1 F1800 X124.543 Y109.269 E4.80835
G0 F3600 X123.977 Y109.269
G1 F1800 X134.437 Y119.729 E4.99386
G0 F3600 X133.871 Y119.729
G1 F1800 X123.412 Y109.269 E5.17935
G0 F3600 X122.846 Y109.269
G1 F1800 X133.305 Y119.729 E5.36485
G0 F3600 X132.74 Y119.729
G1 F1800 X122.28 Y109.269 E5.55036
G0 F3600 X121.714 Y109.269
G1 F1800 X132.174 Y119.729 E5.73586
G0 F3600 X131.608 Y119.729
G1 F1800 X121.149 Y109.269 E5.92136
G0 F3600 X120.583 Y109.269
G1 F1800 X131.043 Y119.729 E6.10686
G0 F3600 X130.477 Y119.729
G1 F1800 X120.017 Y109.269 E6.29237
G0 F3600 X119.452 Y109.269
G1 F1800 X129.911 Y119.729 E6.47787
G0 F3600 X129.346 Y119.729
G1 F1800 X118.886 Y109.269 E6.66337
G0 F3600 X118.32 Y109.269
G1 F1800 X128.78 Y119.729 E6.84888
G0 F3600 X128.214 Y119.729
G1 F1800 X117.755 Y109.269 E7.03438
G0 F3600 X117.189 Y109.269
G1 F1800 X127.649 Y119.729 E7.21988
G0 F3600 X127.083 Y119.729
G1 F1800 X116.623 Y109.269 E7.40539
G0 F3600 X116.058 Y109.269
G1 F1800 X126.517 Y119.729 E7.59088
G0 F3600 X125.951 Y119.729
G1 F1800 X115.492 Y109.269 E7.77638
G0 F3600 X114.926 Y109.269
G1 F1800 X125.386 Y119.729 E7.96189
G0 F3600 X124.82 Y119.729
G1 F1800 X114.361 Y109.269 E8.14738
G0 F3600 X113.795 Y109.269
G1 F1800 X124.254 Y119.729 E8.33288
G0 F3600 X123.689 Y119.729
G1 F1800 X113.229 Y109.269 E8.51838
G0 F3600 X112.664 Y109.269
G1 F1800 X123.123 Y119.729 E8.70388
G0 F3600 X122.557 Y119.729
G1 F1800 X112.098 Y109.269 E8.88938
G0 F3600 X111.532 Y109.269
G1 F1800 X121.992 Y119.729 E9.07488
G0 F3600 X121.426 Y119.729
G1 F1800 X110.966 Y109.269 E9.26039
G0 F3600 X110.401 Y109.269
G1 F1800 X120.86 Y119.729 E9.44589
G0 F3600 X120.295 Y119.729
G1 F1800 X109.835 Y109.269 E9.63139
G0 F3600 X109.269 Y109.269
G1 F1800 X119.729 Y119.729 E9.8169
G0 F3600 X119.163 Y119.729
G1 F1800 X108.819 Y109.385 E10.00035
G0 F3600 X108.819 Y109.95
G1 F1800 X118.598 Y119.729 E10.17377
G0 F3600 X118.032 Y119.729
G1 F1800 X108.819 Y110.516 E10.33716
G0 F3600 X108.819 Y111.082
G1 F1800 X117.466 Y119.729 E10.49052
G0 F3600 X116.901 Y119.729
G1 F1800 X108.819 Y111.647 E10.63385
G0 F3600 X108.819 Y112.213
G1 F1800 X116.335 Y119.729 E10.76714
G0 F3600 X115.769 Y119.729
G1 F1800 X108.819 Y112.779 E10.8904
G0 F3600 X108.819 Y113.344
G1 F1800 X115.203 Y119.729 E11.00363
G0 F3600 X114.638 Y119.729
G1 F1800 X108.819 Y113.91 E11.10683
G0 F3600 X108.819 Y114.476
G1 F1800 X114.072 Y119.729 E11.19999
G0 F3600 X113.506 Y119.729
M104 S210
G1 F1800 X108.819 Y115.042 E11.28311
G0 F3600 X108.819 Y115.607
G1 F1800 X112.941 Y119.729 E11.35621
G0 F3600 X112.375 Y119.729
G1 F1800 X108.819 Y116.173 E11.41928
G0 F3600 X108.819 Y116.739
G1 F1800 X111.809 Y119.729 E11.4723
G0 F3600 X111.244 Y119.729
G1 F1800 X108.819 Y117.304 E11.51531
G0 F3600 X108.819 Y117.87
G1 F1800 X110.678 Y119.729 E11.54828
G0 F3600 X110.112 Y119.729
G1 F1800 X108.819 Y118.436 E11.57121
G0 F3600 X108.819 Y119.001
G1 F1800 X109.547 Y119.729 E11.58412
G0 F3600 X108.981 Y119.729
G1 F1800 X108.819 Y119.567 E11.587
;MESH:NONMESH
G0 F600 X108.819 Y119.567 Z0.4
G0 F3600 X135.68 Y120.23
G0 X135.75 Y120.3
;TIME_ELAPSED:37.771078
;LAYER:1
M106 S255
;TYPE:WALL-INNER
;MESH:output_v2\B_media_suporte.stl
G1 F2700 X108.25 Y120.3 E11.93186
G1 X108.25 Y108.7 E12.07732
G1 X135.75 Y108.7 E12.42218
G1 X135.75 Y120.3 E12.56765
G0 F5400 X136.15 Y120.7
;TYPE:WALL-OUTER
G1 F1800 X107.85 Y120.7 E12.92254
G1 X107.85 Y108.3 E13.07805
G1 X136.15 Y108.3 E13.43294
G1 X136.15 Y120.7 E13.58844
G0 F5400 X135.95 Y120.7
G0 X135.36 Y119.91
;TYPE:SKIN
G1 F1800 X108.64 Y119.91 E13.92352
G1 X108.64 Y109.09 E14.0592
G1 X135.36 Y109.09 E14.39428
G1 X135.36 Y119.91 E14.52997
G0 F5400 X135.179 Y119.379
G1 F1800 X134.828 Y119.73 E14.53619
G0 F5400 X134.262 Y119.73
G1 F1800 X135.179 Y118.813 E14.55246
G0 F5400 X135.179 Y118.248
G1 F1800 X133.696 Y119.73 E14.57875
G0 F5400 X133.131 Y119.73
G1 F1800 X135.179 Y117.682 E14.61507
G0 F5400 X135.179 Y117.116
G1 F1800 X132.565 Y119.73 E14.66143
G0 F5400 X131.999 Y119.73
G1 F1800 X135.179 Y116.55 E14.71782
G0 F5400 X135.179 Y115.985
G1 F1800 X131.434 Y119.73 E14.78424
G0 F5400 X130.868 Y119.73
G1 F1800 X135.179 Y115.419 E14.8607
G0 F5400 X135.179 Y114.853
G1 F1800 X130.302 Y119.73 E14.94719
G0 F5400 X129.737 Y119.73
G1 F1800 X135.179 Y114.288 E15.0437
G0 F5400 X135.179 Y113.722
G1 F1800 X129.171 Y119.73 E15.15025
G0 F5400 X128.605 Y119.73
G1 F1800 X135.179 Y113.156 E15.26684
G0 F5400 X135.179 Y112.591
G1 F1800 X128.04 Y119.73 E15.39345
G0 F5400 X127.474 Y119.73
G1 F1800 X135.179 Y112.025 E15.53009
G0 F5400 X135.179 Y111.459
G1 F1800 X126.908 Y119.73 E15.67678
G0 F5400 X126.343 Y119.73
G1 F1800 X135.179 Y110.894 E15.83348
G0 F5400 X135.179 Y110.328
G1 F1800 X125.777 Y119.73 E16.00023
G0 F5400 X125.211 Y119.73
G1 F1800 X135.179 Y109.762 E16.17701
G0 F5400 X135.106 Y109.269
G1 F1800 X124.645 Y119.73 E16.36253
G0 F5400 X124.08 Y119.73
G1 F1800 X134.541 Y109.269 E16.54805
G0 F5400 X133.975 Y109.269
G1 F1800 X123.514 Y119.73 E16.73358
G0 F5400 X122.948 Y119.73
G1 F1800 X133.409 Y109.269 E16.9191
G0 F5400 X132.844 Y109.269
G1 F1800 X122.383 Y119.73 E17.10462
G0 F5400 X121.817 Y119.73
G1 F1800 X132.278 Y109.269 E17.29015
G0 F5400 X131.712 Y109.269
G1 F1800 X121.251 Y119.73 E17.47567
G0 F5400 X120.686 Y119.73
G1 F1800 X131.147 Y109.269 E17.66119
G0 F5400 X130.581 Y109.269
G1 F1800 X120.12 Y119.73 E17.84672
G0 F5400 X119.554 Y119.73
G1 F1800 X130.015 Y109.269 E18.03224
G0 F5400 X129.45 Y109.269
G1 F1800 X118.989 Y119.73 E18.21776
G0 F5400 X118.423 Y119.73
G1 F1800 X128.884 Y109.269 E18.40329
G0 F5400 X128.318 Y109.269
G1 F1800 X117.857 Y119.73 E18.58881
G0 F5400 X117.292 Y119.73
G1 F1800 X127.752 Y109.269 E18.77432
G0 F5400 X127.187 Y109.269
G1 F1800 X116.726 Y119.73 E18.95985
G0 F5400 X116.16 Y119.73
G1 F1800 X126.621 Y109.269 E19.14537
G0 F5400 X126.055 Y109.269
G1 F1800 X115.594 Y119.73 E19.33089
G0 F5400 X115.029 Y119.73
G1 F1800 X125.49 Y109.269 E19.51642
G0 F5400 X124.924 Y109.269
G1 F1800 X114.463 Y119.73 E19.70194
G0 F5400 X113.897 Y119.73
G1 F1800 X124.358 Y109.269 E19.88746
G0 F5400 X123.793 Y109.269
G1 F1800 X113.332 Y119.73 E20.07299
G0 F5400 X112.766 Y119.73
G1 F1800 X123.227 Y109.269 E20.25851
G0 F5400 X122.661 Y109.269
G1 F1800 X112.2 Y119.73 E20.44403
G0 F5400 X111.635 Y119.73
G1 F1800 X122.096 Y109.269 E20.62956
G0 F5400 X121.53 Y109.269
G1 F1800 X111.069 Y119.73 E20.81508
G0 F5400 X110.503 Y119.73
G1 F1800 X120.964 Y109.269 E21.0006
G0 F5400 X120.399 Y109.269
G1 F1800 X109.938 Y119.73 E21.18613
G0 F5400 X109.372 Y119.73
G1 F1800 X119.833 Y109.269 E21.37165
G0 F5400 X119.267 Y109.269
G1 F1800 X108.82 Y119.716 E21.55693
G0 F5400 X108.82 Y119.151
G1 F1800 X118.702 Y109.269 E21.73218
G0 F5400 X118.136 Y109.269
G1 F1800 X108.82 Y118.585 E21.8974
G0 F5400 X108.82 Y118.019
G1 F1800 X117.57 Y109.269 E22.05258
G0 F5400 X117.004 Y109.269
G1 F1800 X108.82 Y117.453 E22.19772
G0 F5400 X108.82 Y116.888
G1 F1800 X116.439 Y109.269 E22.33284
G0 F5400 X115.873 Y109.269
G1 F1800 X108.82 Y116.322 E22.45792
G0 F5400 X108.82 Y115.756
G1 F1800 X115.307 Y109.269 E22.57297
G0 F5400 X114.742 Y109.269
G1 F1800 X108.82 Y115.191 E22.67799
G0 F5400 X108.82 Y114.625
G1 F1800 X114.176 Y109.269 E22.77298
G0 F5400 X113.61 Y109.269
G1 F1800 X108.82 Y114.059 E22.85793
G0 F5400 X108.82 Y113.494
G1 F1800 X113.045 Y109.269 E22.93286
G0 F5400 X112.479 Y109.269
G1 F1800 X108.82 Y112.928 E22.99775
G0 F5400 X108.82 Y112.362
G1 F1800 X111.913 Y109.269 E23.0526
G0 F5400 X111.348 Y109.269
G1 F1800 X108.82 Y111.797 E23.09744
G0 F5400 X108.82 Y111.231
G1 F1800 X110.782 Y109.269 E23.13223
G0 F5400 X110.216 Y109.269
G1 F1800 X108.82 Y110.665 E23.15699
G0 F5400 X108.82 Y110.1
G1 F1800 X109.651 Y109.269 E23.17173
G0 F5400 X109.085 Y109.269
G1 F1800 X108.82 Y109.534 E23.17643
;MESH:NONMESH
G0 F600 X108.82 Y109.534 Z0.6
G0 F5400 X110.188 Y110.9
;TIME_ELAPSED:69.265919
;LAYER:2
;TYPE:WALL-OUTER
;MESH:output_v2\B_media_suporte.stl
G1 F1800 X109.8 Y110.9 E23.18129
G1 X109.8 Y110.4 E23.18756
G1 X110.004 Y110.4 E23.19012
G1 X110.226 Y110.391 E23.19291
G1 X110.226 Y110.898 E23.19927
G1 X110.188 Y110.9 E23.19974
G0 F7200 X109.988 Y110.9
G0 X109.988 Y110.8
G1 F1500 E16.69974
G0 F7200 X109.877 Y113.42
G1 F1500 E23.19974
G0 F7200 X109.8 Y113.407
G1 F1800 X109.8 Y113.4 E23.19983
G1 X110.004 Y113.4 E23.20239
G1 X110.226 Y113.391 E23.20518
G1 X110.226 Y113.898 E23.21153
G1 X110.219 Y113.899 E23.21162
G1 X110.161 Y113.889 E23.21236
G1 X110.068 Y113.898 E23.21353
G1 X109.996 Y113.9 E23.21444
G1 X109.793 Y113.916 E23.21699
G1 X109.348 Y114.08 E23.22294
G1 X109.051 Y114.334 E23.22784
G1 X108.882 Y114.585 E23.23163
G1 X108.762 Y114.958 E23.23655
G1 X108.78 Y115.43 E23.24247
G1 X108.848 Y115.64 E23.24524
G1 X109.107 Y116.026 E23.25107
G1 X109.271 Y116.166 E23.25377
G1 X109.61 Y116.34 E23.25855
G1 X109.895 Y116.396 E23.26219
G1 X110.005 Y116.4 E23.26357
G1 X110.226 Y116.391 E23.26635
G1 X110.226 Y116.898 E23.2727
G1 X110.195 Y116.9 E23.27309
G1 X109.77 Y116.9 E23.27842
G1 X109.337 Y116.769 E23.2841
G1 X108.972 Y116.564 E23.28935
G1 X108.663 Y116.279 E23.29462
G1 X108.591 Y116.187 E23.29608
G1 X108.38 Y115.811 E23.30149
G1 X108.301 Y115.567 E23.30471
G1 X108.251 Y115.14 E23.3101
G1 X108.255 Y115.019 E23.31162
G1 X108.299 Y114.745 E23.3151
G1 X108.444 Y114.352 E23.32035
G1 X108.587 Y114.118 E23.32379
G1 X108.663 Y114.021 E23.32533
G1 X108.976 Y113.732 E23.33068
G1 X109.202 Y113.594 E23.334
G1 X109.602 Y113.446 E23.33934
G1 X109.8 Y113.407 E23.34188
G0 F7200 X109.8 Y113.4
G0 X109.993 Y113.4
G0 X109.971 Y113.648
;TYPE:SKIN
G1 F1800 X109.716 Y113.676 E23.34289
G1 X108.977 Y114.068 E23.3462
G1 X108.627 Y114.567 E23.34861
G1 X108.521 Y115.309 E23.35158
G1 X108.609 Y115.68 E23.35309
G0 F7200 X109.459 Y116.53
G1 F1800 X109.849 Y116.637 E23.35607
G0 F7200 X109.905 Y116.796
G1 F1500 E16.85607
G0 F7200 X110.213 Y119.401
G1 F1500 E23.35607
G0 F7200 X110.216 Y119.9
;TYPE:WALL-OUTER
G1 F1800 X109.8 Y119.9 E23.36129
G1 X109.8 Y119.4 E23.36756
G1 X110.006 Y119.4 E23.37014
G1 X110.226 Y119.387 E23.3729
G1 X110.226 Y119.898 E23.37931
G1 X110.216 Y119.9 E23.37944
G0 F7200 X110.016 Y119.9
G0 X110.033 Y119.8
G1 F1500 E16.87944
G0 F7200 X111.091 Y119.792
G0 X116.91 Y119.779
G0 X118.024 Y119.792
G1 F1500 E23.37944
G0 F7200 X118.032 Y119.891
G1 F1800 X117.982 Y119.9 E23.38008
G1 X117.8 Y119.9 E23.38236
G1 X117.775 Y119.893 E23.38268
G1 X117.774 Y119.39 E23.38899
G1 X117.896 Y119.398 E23.39052
G1 X118.226 Y119.391 E23.39466
G1 X118.226 Y119.891 E23.40093
G1 X118.032 Y119.891 E23.40337
G0 F7200 X117.982 Y119.9
G0 X117.832 Y119.9
G0 X118 Y119.697
;TYPE:SKIN
G1 F1800 X117.969 Y119.666 E23.40364
G0 F7200 X117.826 Y119.667
G1 F1500 E16.90364
G0 F7200 X117.875 Y119.668
G0 X117.981 Y116.881
G1 F1500 E23.40364
G0 F7200 X118.032 Y116.891
;TYPE:WALL-OUTER
G1 F1800 X117.982 Y116.9 E23.40428
G1 X117.8 Y116.9 E23.40656
G1 X117.775 Y116.893 E23.40689
G1 X117.774 Y116.39 E23.41319
G1 X117.896 Y116.398 E23.41473
G1 X118.226 Y116.391 E23.41887
G1 X118.226 Y116.891 E23.42514
G1 X118.032 Y116.891 E23.42757
G0 F7200 X117.982 Y116.9
G0 X117.832 Y116.9
G0 X118.175 Y116.501
G1 F1500 E16.92757
G0 F7200 X118.126 Y116.501
G0 X117.981 Y113.881
G1 F1500 E23.42757
G0 F7200 X118.032 Y113.891
G1 F1800 X117.982 Y113.9 E23.42821
G1 X117.8 Y113.9 E23.43049
G1 X117.775 Y113.893 E23.43081
G1 X117.774 Y113.39 E23.43712
G1 X117.896 Y113.398 E23.43866
G1 X118.226 Y113.391 E23.4428
G1 X118.226 Y113.891 E23.44907
G1 X118.032 Y113.891 E23.4515
G0 F7200 X117.982 Y113.9
G0 X117.832 Y113.9
G0 X118.175 Y113.501
G1 F1500 E16.9515
G0 F7200 X118.126 Y113.501
G0 X117.981 Y110.881
G1 F1500 E23.4515
G0 F7200 X118.032 Y110.891
G1 F1800 X117.982 Y110.9 E23.45214
G1 X117.8 Y110.9 E23.45442
G1 X117.775 Y110.893 E23.45474
G1 X117.774 Y110.39 E23.46105
G1 X117.896 Y110.398 E23.46258
G1 X118.226 Y110.391 E23.46672
G1 X118.226 Y110.891 E23.47299
G1 X118.032 Y110.891 E23.47543
G0 F7200 X117.982 Y110.9
G0 X117.832 Y110.9
G0 X118.03 Y110.676
;TYPE:SKIN
G1 F1800 X117.968 Y110.614 E23.47598
G0 F7200 X117.826 Y110.615
G1 F1500 E16.97598
G0 F7200 X117.875 Y110.616
G0 X119.091 Y110.792
G0 X124.91 Y110.779
G0 X126.024 Y110.792
G1 F1500 E23.47598
G0 F7200 X126.032 Y110.891
;TYPE:WALL-OUTER
G1 F1800 X125.982 Y110.9 E23.47661
G1 X125.8 Y110.9 E23.4789
G1 X125.775 Y110.893 E23.47922
G1 X125.774 Y110.391 E23.48552
G1 X126.104 Y110.398 E23.48966
G1 X126.226 Y110.39 E23.49119
G1 X126.226 Y110.891 E23.49747
G1 X126.032 Y110.891 E23.4999
G0 F7200 X125.982 Y110.9
G0 X125.832 Y110.9
G0 X126.175 Y110.501
G1 F1500 E16.9999
G0 F7200 X126.126 Y110.501
G0 X125.926 Y113.414
G1 F1500 E23.4999
G0 F7200 X126.032 Y113.891
G1 F1800 X125.982 Y113.9 E23.50054
G1 X125.8 Y113.9 E23.50282
G1 X125.775 Y113.893 E23.50315
G1 X125.774 Y113.391 E23.50944
G1 X126.104 Y113.398 E23.51358
G1 X126.226 Y113.39 E23.51512
G1 X126.226 Y113.891 E23.5214
G1 X126.032 Y113.891 E23.52383
G0 F7200 X125.982 Y113.9
G0 X125.832 Y113.9
G0 X126.175 Y113.501
G1 F1500 E17.02383
G0 F7200 X126.126 Y113.501
G0 X125.926 Y116.414
G1 F1500 E23.52383
G0 F7200 X126.032 Y116.891
G1 F1800 X125.982 Y116.9 E23.52447
G1 X125.8 Y116.9 E23.52675
G1 X125.775 Y116.893 E23.52708
G1 X125.774 Y116.391 E23.53337
G1 X126.104 Y116.398 E23.53751
G1 X126.226 Y116.39 E23.53905
G1 X126.226 Y116.891 E23.54533
G1 X126.032 Y116.891 E23.54776
G0 F7200 X125.982 Y116.9
G0 X125.832 Y116.9
G0 X126.026 Y116.693
;TYPE:SKIN
G1 F1800 X125.968 Y116.634 E23.54828
G0 F7200 X125.826 Y116.635
G1 F1500 E17.04828
G0 F7200 X125.875 Y116.636
G0 X125.926 Y119.414
G1 F1500 E23.54828
G0 F7200 X126.032 Y119.891
;TYPE:WALL-OUTER
G1 F1800 X125.982 Y119.9 E23.54892
G1 X125.8 Y119.9 E23.5512
G1 X125.775 Y119.893 E23.55152
G1 X125.774 Y119.391 E23.55782
G1 X126.104 Y119.398 E23.56196
G1 X126.226 Y119.39 E23.56349
G1 X126.226 Y119.891 E23.56978
G1 X126.032 Y119.891 E23.57221
G0 F7200 X125.982 Y119.9
G0 X125.832 Y119.9
G0 X126.175 Y119.501
G1 F1500 E17.07221
G0 F7200 X126.126 Y119.501
G0 X132.911 Y116.881
G0 X134.62 Y116.947
G1 F1500 E23.57221
G0 F7200 X134.573 Y117.035
G1 F1800 X134.203 Y116.915 E23.57709
G1 X134.004 Y116.9 E23.57959
G1 X133.932 Y116.898 E23.58049
G1 X133.838 Y116.889 E23.58168
G1 X133.775 Y116.893 E23.58247
G1 X133.774 Y116.391 E23.58876
G1 X133.996 Y116.4 E23.59155
G1 X134.23 Y116.4 E23.59448
G1 X134.67 Y116.533 E23.60025
G1 X134.919 Y116.661 E23.60376
G1 X135.019 Y116.727 E23.60526
G1 X135.337 Y117.021 E23.61069
G1 X135.409 Y117.113 E23.61216
G1 X135.616 Y117.482 E23.61746
G1 X135.727 Y117.878 E23.62262
G1 X135.743 Y118.293 E23.62783
G1 X135.729 Y118.416 E23.62938
G1 X135.616 Y118.818 E23.63462
G1 X135.409 Y119.187 E23.63992
G1 X135.339 Y119.276 E23.64134
G1 X135.019 Y119.573 E23.64682
G1 X134.925 Y119.636 E23.64824
G1 X134.535 Y119.816 E23.65362
G1 X134.21 Y119.899 E23.65783
G1 X134.135 Y119.898 E23.65877
G1 X134.041 Y119.889 E23.65996
G1 X133.981 Y119.9 E23.66072
G1 X133.8 Y119.9 E23.66299
G1 X133.775 Y119.893 E23.66332
G1 X133.774 Y119.391 E23.66961
G1 X133.995 Y119.4 E23.67238
G1 X134.109 Y119.396 E23.67382
G1 X134.467 Y119.31 E23.67843
G1 X134.582 Y119.258 E23.68002
G1 X134.944 Y118.972 E23.6858
G1 X135.068 Y118.801 E23.68845
G1 X135.191 Y118.536 E23.69211
G1 X135.249 Y118.24 E23.6959
G1 X135.193 Y117.767 E23.70187
G1 X135.018 Y117.425 E23.70669
G1 X134.941 Y117.326 E23.70826
G1 X134.573 Y117.035 E23.71414
G0 F7200 X134.383 Y116.974
G0 X134.199 Y116.663
;TYPE:SKIN
G1 F1800 X134.618 Y116.799 E23.71736
G0 F7200 X135.341 Y117.522
G1 F1800 X135.467 Y117.931 E23.71915
G1 X135.39 Y118.702 E23.72239
G1 X135.046 Y119.207 E23.72495
G1 X134.533 Y119.543 E23.72751
G1 X134.072 Y119.647 E23.72949
G0 F7200 X134.024 Y119.49
G1 F1500 E17.22949
G0 F7200 X134.023 Y119.5
G0 X134.972 Y118.999
G0 X135.231 Y117.756
G0 X134.126 Y116.42
G0 X134.187 Y113.886
G1 F1500 E23.72949
G0 F7200 X134.2 Y113.895
;TYPE:WALL-OUTER
G1 F1800 X134.2 Y113.9 E23.72955
G1 X134.135 Y113.898 E23.73
G1 X134.041 Y113.889 E23.73075
G1 X133.981 Y113.9 E23.73151
G1 X133.8 Y113.9 E23.73353
G1 X133.775 Y113.893 E23.73385
G1 X133.774 Y113.391 E23.74015
G1 X133.995 Y113.4 E23.74292
G1 X134.105 Y113.396 E23.7443
G1 X134.382 Y113.341 E23.74784
G1 X134.579 Y113.26 E23.75051
G1 X134.944 Y112.972 E23.75634
G1 X135.068 Y112.801 E23.75899
G1 X135.194 Y112.529 E23.76275
G1 X135.249 Y112.06 E23.76867
G1 X135.191 Y111.764 E23.77246
G1 X135.068 Y111.499 E23.77612
G1 X134.944 Y111.328 E23.77877
G1 X134.573 Y111.035 E23.7847
G1 X134.203 Y110.915 E23.78958
G1 X134.004 Y110.9 E23.79208
G1 X133.932 Y110.898 E23.79298
G1 X133.838 Y110.889 E23.79417
G1 X133.775 Y110.893 E23.79496
G1 X133.774 Y110.391 E23.80125
G1 X133.996 Y110.4 E23.80404
G1 X134.208 Y110.4 E23.8067
G1 X134.535 Y110.484 E23.81093
G1 X134.917 Y110.661 E23.81621
G1 X135.133 Y110.818 E23.81956
G1 X135.414 Y111.122 E23.82475
G1 X135.616 Y111.482 E23.82993
G1 X135.727 Y111.878 E23.83509
G1 X135.743 Y112.293 E23.84029
G1 X135.729 Y112.416 E23.84185
G1 X135.616 Y112.818 E23.84708
G1 X135.409 Y113.187 E23.85239
G1 X135.339 Y113.276 E23.85381
G1 X135.019 Y113.573 E23.85928
G1 X134.925 Y113.636 E23.8607
G1 X134.531 Y113.818 E23.86614
G1 X134.386 Y113.855 E23.86802
G1 X134.2 Y113.895 E23.87041
G0 F7200 X134.2 Y113.9
G0 X134.135 Y113.898
G0 X134.041 Y113.889
G0 X134.006 Y113.895
G0 X134.013 Y113.648
;TYPE:SKIN
G1 F1800 X134.267 Y113.62 E23.87138
G1 X134.861 Y113.365 E23.87385
G1 X135.273 Y112.929 E23.87614
G1 X135.481 Y112.288 E23.87871
G1 X135.391 Y111.633 E23.88124
G0 F7200 X134.504 Y110.745
G1 F1800 X134.132 Y110.656 E23.88395
G0 F7200 X134.093 Y110.505
G1 F1500 E17.38395
;MESH:NONMESH
G0 F600 X134.093 Y110.505 Z0.8
G0 F7200 X132.91 Y110.755
G0 X127.05 Y111.878
G0 X119.05 Y111.878
G0 X117.158 Y111.766
G0 X111.091 Y110.753
G1 F1500 E23.88395
G0 F7200 X110.278 Y110.883
;TIME_ELAPSED:80.007829
;LAYER:3
;TYPE:WALL-OUTER
;MESH:output_v2\B_media_suporte.stl
G1 F1800 X110.2 Y110.887 E23.88493
G1 X110.2 Y110.393 E23.89112
G1 X110.325 Y110.38 E23.8927
G1 X110.435 Y110.363 E23.89409
G1 X110.436 Y110.858 E23.8979
G1 X110.278 Y110.883 E23.89991
G0 F7200 X110.2 Y110.887
G0 X110.2 Y110.765
G1 F1500 E17.39991
G0 F7200 X110.3 Y110.765
G0 X110.423 Y113.378
G0 X109.328 Y114.046
G0 X108.723 Y114.953
G0 X109.027 Y115.976
G1 F1500 E23.89991
G0 F7200 X109.61 Y116.34
G1 F1800 X109.895 Y116.396 E23.90355
G1 X110.005 Y116.4 E23.90493
G1 X110.214 Y116.392 E23.90756
G1 X110.325 Y116.38 E23.90896
G1 X110.435 Y116.363 E23.91035
G1 X110.436 Y116.858 E23.91656
G1 X110.269 Y116.884 E23.91868
G1 X110.145 Y116.895 E23.92024
G1 X109.978 Y116.899 E23.92233
G1 X109.866 Y116.894 E23.92374
G1 X109.719 Y116.877 E23.9256
G1 X109.671 Y116.868 E23.92621
G1 X109.477 Y116.807 E23.92876
G1 X109.335 Y116.768 E23.93061
G1 X108.972 Y116.564 E23.93583
G1 X108.663 Y116.279 E23.9411
G1 X108.591 Y116.187 E23.94256
G1 X108.38 Y115.811 E23.94797
G1 X108.301 Y115.567 E23.95119
G1 X108.251 Y115.14 E23.95658
G1 X108.255 Y115.019 E23.9581
G1 X108.299 Y114.745 E23.96158
G1 X108.444 Y114.352 E23.96683
G1 X108.587 Y114.118 E23.97027
G1 X108.663 Y114.021 E23.97181
G1 X108.976 Y113.732 E23.97716
G1 X109.202 Y113.594 E23.98048
G1 X109.595 Y113.449 E23.98573
G1 X109.818 Y113.414 E23.98856
G1 X109.94 Y113.409 E23.99009
G1 X110.011 Y113.4 E23.99099
G1 X110.214 Y113.392 E23.99354
G1 X110.325 Y113.38 E23.99494
G1 X110.435 Y113.363 E23.99633
G1 X110.436 Y113.858 E24.00254
G1 X110.269 Y113.884 E24.00466
G1 X110.143 Y113.895 E24.00625
G1 X109.995 Y113.9 E24.0081
G1 X109.793 Y113.916 E24.01064
G1 X109.348 Y114.08 E24.01659
G1 X109.051 Y114.334 E24.02149
G1 X108.882 Y114.585 E24.02529
G1 X108.762 Y114.958 E24.0302
G1 X108.78 Y115.43 E24.03612
G1 X108.848 Y115.64 E24.03889
G1 X109.107 Y116.026 E24.04472
G1 X109.271 Y116.166 E24.04743
G1 X109.61 Y116.34 E24.0522
G0 F7200 X109.806 Y116.378
G0 X109.716 Y116.557
;TYPE:SKIN
G1 F1800 X109.625 Y116.648 E24.05301
G0 F7200 X109.45 Y116.54
G1 F1800 X109.265 Y116.442 E24.05371
G1 X108.811 Y116.047 E24.05572
G1 X108.538 Y115.472 E24.05785
G1 X108.523 Y114.921 E24.05969
G1 X108.673 Y114.489 E24.06122
G1 X109.355 Y113.806 E24.06445
G1 X110.082 Y113.645 E24.06693
G0 F7200 X110.139 Y113.588
G0 X109.022 Y114.308
G0 X108.741 Y115.436
G0 X109.965 Y116.592
G0 X109.913 Y116.643
G1 F1800 X110.19 Y116.648 E24.06873
G0 F7200 X110.042 Y116.8
G1 F1500 E17.56873
G0 F7200 X110.043 Y116.797
G0 X110.121 Y119.394
G1 F1500 E24.06873
G0 F7200 X109.858 Y119.9
;TYPE:WALL-OUTER
G1 F1800 X109.671 Y119.9 E24.07107
G1 X109.672 Y119.4 E24.07734
G1 X110.006 Y119.4 E24.08153
G1 X110.199 Y119.389 E24.08396
G1 X110.231 Y119.389 E24.08436
G1 X110.324 Y119.381 E24.08553
G1 X110.435 Y119.364 E24.08694
G1 X110.436 Y119.858 E24.09313
G1 X110.269 Y119.884 E24.09525
G1 X110.128 Y119.896 E24.09702
G1 X109.858 Y119.9 E24.10041
G0 F7200 X109.671 Y119.9
G0 X109.671 Y119.887
G0 X109.965 Y119.703
;TYPE:SKIN
G1 F1800 X110.078 Y119.589 E24.10142
G0 F7200 X110.086 Y119.496
G1 F1500 E17.60142
G0 F7200 X111.301 Y119.844
G0 X116.701 Y119.834
G0 X118.276 Y119.781
G1 F1500 E24.10142
G0 F7200 X118.282 Y119.882
;TYPE:WALL-OUTER
G1 F1800 X117.711 Y119.882 E24.10858
G1 X117.565 Y119.859 E24.11043
G1 X117.564 Y119.363 E24.11665
G1 X117.675 Y119.38 E24.11806
G1 X117.784 Y119.391 E24.11943
G1 X117.896 Y119.398 E24.12084
G1 X118.212 Y119.392 E24.1248
G1 X118.325 Y119.38 E24.12623
G1 X118.435 Y119.363 E24.12763
G1 X118.436 Y119.858 E24.13383
G1 X118.282 Y119.882 E24.13579
G0 F7200 X118.082 Y119.882
G0 X118.212 Y119.658
;TYPE:SKIN
G1 F1800 X117.949 Y119.638 E24.13713
G0 F7200 X117.906 Y119.798
G1 F1500 E17.63713
G0 F7200 X117.906 Y119.782
G0 X118.281 Y116.863
G1 F1500 E24.13713
G0 F7200 X118.282 Y116.882
;TYPE:WALL-OUTER
G1 F1800 X117.714 Y116.882 E24.14426
G1 X117.565 Y116.859 E24.14615
G1 X117.564 Y116.363 E24.15237
G1 X117.675 Y116.38 E24.15377
G1 X117.784 Y116.391 E24.15515
G1 X117.896 Y116.398 E24.15656
G1 X118.212 Y116.392 E24.16052
G1 X118.325 Y116.38 E24.16194
G1 X118.435 Y116.363 E24.16334
G1 X118.436 Y116.858 E24.16955
G1 X118.282 Y116.882 E24.1715
G0 F7200 X118.082 Y116.882
G0 X118.121 Y116.637
;TYPE:SKIN
G1 F1800 X117.836 Y116.639 E24.17323
G0 F7200 X117.769 Y116.791
G1 F1500 E17.67323
G0 F7200 X117.769 Y116.782
G0 X118.281 Y113.863
G1 F1500 E24.17323
G0 F7200 X118.282 Y113.882
;TYPE:WALL-OUTER
G1 F1800 X117.711 Y113.882 E24.18039
G1 X117.565 Y113.859 E24.18224
G1 X117.564 Y113.363 E24.18846
G1 X117.675 Y113.38 E24.18987
G1 X117.784 Y113.391 E24.19124
G1 X117.896 Y113.398 E24.19265
G1 X118.212 Y113.392 E24.19661
G1 X118.325 Y113.38 E24.19804
G1 X118.435 Y113.363 E24.19943
G1 X118.436 Y113.858 E24.20564
G1 X118.282 Y113.882 E24.2076
G0 F7200 X118.082 Y113.882
G0 X117.961 Y113.686
;TYPE:SKIN
G1 F1800 X118.058 Y113.589 E24.20846
G0 F7200 X118.061 Y113.482
G1 F1500 E17.70846
G0 F7200 X118.06 Y113.495
G0 X118.281 Y110.863
G1 F1500 E24.20846
G0 F7200 X118.282 Y110.882
;TYPE:WALL-OUTER
G1 F1800 X117.711 Y110.882 E24.21562
G1 X117.565 Y110.859 E24.21747
G1 X117.564 Y110.363 E24.22369
G1 X117.675 Y110.38 E24.2251
G1 X117.784 Y110.391 E24.22647
G1 X117.896 Y110.398 E24.22788
G1 X118.212 Y110.392 E24.23184
G1 X118.325 Y110.38 E24.23327
G1 X118.435 Y110.363 E24.23466
G1 X118.436 Y110.858 E24.24087
G1 X118.282 Y110.882 E24.24283
G0 F7200 X118.082 Y110.882
G0 X118.182 Y110.636
;TYPE:SKIN
G1 F1800 X117.897 Y110.638 E24.24455
G0 F7200 X117.829 Y110.795
G1 F1500 E17.74455
G0 F7200 X117.829 Y110.782
G0 X119.301 Y110.843
G0 X124.701 Y110.833
G0 X126.276 Y110.781
G1 F1500 E24.24455
G0 F7200 X126.282 Y110.882
;TYPE:WALL-OUTER
G1 F1800 X125.714 Y110.882 E24.25167
G1 X125.565 Y110.859 E24.25356
G1 X125.564 Y110.363 E24.25978
G1 X125.675 Y110.38 E24.26119
G1 X125.788 Y110.392 E24.26262
G1 X126.104 Y110.398 E24.26658
G1 X126.216 Y110.391 E24.26799
G1 X126.325 Y110.38 E24.26936
G1 X126.435 Y110.363 E24.27076
G1 X126.436 Y110.858 E24.27697
G1 X126.282 Y110.882 E24.27892
G0 F7200 X126.082 Y110.882
G0 X126.1 Y110.638
;TYPE:SKIN
G1 F1800 X125.818 Y110.636 E24.28065
G0 F7200 X125.736 Y110.791
G1 F1500 E17.78065
G0 F7200 X125.736 Y110.782
G0 X126.423 Y113.378
G1 F1500 E24.28065
G0 F7200 X126.282 Y113.882
;TYPE:WALL-OUTER
G1 F1800 X125.714 Y113.882 E24.28777
G1 X125.565 Y113.859 E24.28966
G1 X125.564 Y113.363 E24.29588
G1 X125.675 Y113.38 E24.29729
G1 X125.788 Y113.392 E24.29872
G1 X126.104 Y113.398 E24.30268
G1 X126.216 Y113.391 E24.30409
G1 X126.325 Y113.38 E24.30546
G1 X126.435 Y113.363 E24.30686
G1 X126.436 Y113.858 E24.31307
G1 X126.282 Y113.882 E24.31502
G0 F7200 X126.082 Y113.882
G0 X126.201 Y113.649
;TYPE:SKIN
G1 F1800 X125.928 Y113.639 E24.31654
G0 F7200 X125.874 Y113.793
G1 F1500 E17.81654
G0 F7200 X125.874 Y113.782
G0 X126.423 Y116.378
G1 F1500 E24.31654
G0 F7200 X126.282 Y116.882
;TYPE:WALL-OUTER
G1 F1800 X125.714 Y116.882 E24.32366
G1 X125.565 Y116.859 E24.32555
G1 X125.564 Y116.363 E24.33177
G1 X125.675 Y116.38 E24.33318
G1 X125.788 Y116.392 E24.33461
G1 X126.104 Y116.398 E24.33857
G1 X126.216 Y116.391 E24.33998
G1 X126.325 Y116.38 E24.34135
G1 X126.435 Y116.363 E24.34275
G1 X126.436 Y116.858 E24.34895
G1 X126.282 Y116.882 E24.35091
G0 F7200 X126.082 Y116.882
G0 X126.039 Y116.639
;TYPE:SKIN
G1 F1800 X125.783 Y116.612 E24.35219
G0 F7200 X125.962 Y116.795
G1 F1500 E17.85219
G0 F7200 X125.962 Y116.782
G0 X126.423 Y119.378
G1 F1500 E24.35219
G0 F7200 X126.282 Y119.882
;TYPE:WALL-OUTER
G1 F1800 X125.714 Y119.882 E24.35932
G1 X125.565 Y119.859 E24.36121
G1 X125.564 Y119.363 E24.36743
G1 X125.675 Y119.38 E24.36884
G1 X125.788 Y119.392 E24.37026
G1 X126.104 Y119.398 E24.37423
G1 X126.216 Y119.391 E24.37563
G1 X126.325 Y119.38 E24.37701
G1 X126.435 Y119.363 E24.3784
G1 X126.436 Y119.858 E24.38461
G1 X126.282 Y119.882 E24.38656
G0 F7200 X126.082 Y119.882
G0 X126.153 Y119.637
;TYPE:SKIN
G1 F1800 X125.869 Y119.638 E24.38831
G0 F7200 X125.814 Y119.792
G1 F1500 E17.88831
G0 F7200 X125.814 Y119.782
G0 X127.3 Y119.376
G0 X132.701 Y116.848
G0 X134.62 Y116.947
G1 F1500 E24.38831
G0 F7200 X134.573 Y117.035
;TYPE:WALL-OUTER
G1 F1800 X134.202 Y116.915 E24.3932
G1 X134.033 Y116.903 E24.39533
G1 X133.91 Y116.899 E24.39687
G1 X133.727 Y116.884 E24.39917
G1 X133.565 Y116.859 E24.40123
G1 X133.564 Y116.363 E24.40745
G1 X133.675 Y116.38 E24.40886
G1 X133.786 Y116.392 E24.41026
G1 X133.989 Y116.4 E24.41281
G1 X134.164 Y116.41 E24.415
G1 X134.283 Y116.423 E24.4165
G1 X134.329 Y116.432 E24.41709
G1 X134.523 Y116.493 E24.41964
G1 X134.671 Y116.534 E24.42157
G1 X134.919 Y116.661 E24.42506
G1 X135.019 Y116.727 E24.42657
G1 X135.337 Y117.021 E24.432
G1 X135.409 Y117.113 E24.43346
G1 X135.616 Y117.482 E24.43877
G1 X135.727 Y117.878 E24.44392
G1 X135.743 Y118.293 E24.44913
G1 X135.729 Y118.416 E24.45069
G1 X135.616 Y118.818 E24.45592
G1 X135.409 Y119.187 E24.46123
G1 X135.337 Y119.279 E24.46269
G1 X135.019 Y119.573 E24.46812
G1 X134.925 Y119.636 E24.46954
G1 X134.535 Y119.816 E24.47493
G1 X134.393 Y119.852 E24.47677
G1 X134.27 Y119.878 E24.47834
G1 X134.134 Y119.894 E24.48006
G1 X133.999 Y119.9 E24.48175
G1 X133.857 Y119.895 E24.48354
G1 X133.721 Y119.883 E24.48525
G1 X133.653 Y119.874 E24.48611
G1 X133.565 Y119.859 E24.48723
G1 X133.564 Y119.363 E24.49345
G1 X133.675 Y119.38 E24.49486
G1 X133.786 Y119.392 E24.49626
G1 X133.995 Y119.4 E24.49888
G1 X134.109 Y119.396 E24.50031
G1 X134.467 Y119.31 E24.50493
G1 X134.582 Y119.258 E24.50651
G1 X134.944 Y118.972 E24.5123
G1 X135.068 Y118.801 E24.51494
G1 X135.191 Y118.536 E24.51861
G1 X135.249 Y118.24 E24.52239
G1 X135.193 Y117.767 E24.52836
G1 X135.018 Y117.425 E24.53318
G1 X134.941 Y117.326 E24.53475
G1 X134.573 Y117.035 E24.54064
G0 F7200 X134.383 Y116.974
G0 X134.436 Y116.727
;TYPE:SKIN
G1 F1800 X134.646 Y116.8 E24.54148
G1 X135.246 Y117.331 E24.5445
G1 X135.473 Y117.953 E24.547
G1 X135.434 Y118.557 E24.54928
G1 X135.048 Y119.226 E24.55219
G1 X134.406 Y119.585 E24.55497
G1 X133.798 Y119.627 E24.55727
G0 F7200 X133.759 Y119.667
G0 X134.972 Y118.999
G0 X135.231 Y117.756
G0 X133.895 Y116.703
G0 X133.948 Y116.649
G1 F1800 X134.214 Y116.666 E24.55909
G0 F7200 X134.278 Y116.523
G1 F1500 E18.05909
G0 F7200 X134.278 Y116.525
G0 X134.133 Y113.875
G0 X135.102 Y112.821
G0 X135.102 Y111.479
G1 F1500 E24.55909
G0 F7200 X134.573 Y111.035
;TYPE:WALL-OUTER
G1 F1800 X134.202 Y110.915 E24.56398
G1 X134.033 Y110.903 E24.56611
G1 X133.91 Y110.899 E24.56765
G1 X133.721 Y110.883 E24.57003
G1 X133.653 Y110.874 E24.57089
G1 X133.565 Y110.859 E24.57201
G1 X133.564 Y110.363 E24.57823
G1 X133.675 Y110.38 E24.57964
G1 X133.786 Y110.392 E24.58104
G1 X133.989 Y110.4 E24.58359
G1 X134.164 Y110.41 E24.58579
G1 X134.283 Y110.423 E24.58729
G1 X134.335 Y110.433 E24.58795
G1 X134.533 Y110.484 E24.59051
G1 X134.917 Y110.661 E24.59582
G1 X135.133 Y110.818 E24.59917
G1 X135.414 Y111.122 E24.60436
G1 X135.616 Y111.482 E24.60953
G1 X135.727 Y111.878 E24.61469
G1 X135.743 Y112.293 E24.6199
G1 X135.729 Y112.416 E24.62145
G1 X135.616 Y112.818 E24.62669
G1 X135.409 Y113.187 E24.63199
G1 X135.337 Y113.279 E24.63346
G1 X135.019 Y113.573 E24.63889
G1 X134.925 Y113.636 E24.64031
G1 X134.535 Y113.816 E24.6457
G1 X134.393 Y113.852 E24.64753
G1 X134.27 Y113.878 E24.64911
G1 X134.134 Y113.894 E24.65083
G1 X133.999 Y113.9 E24.65252
G1 X133.857 Y113.895 E24.6543
G1 X133.721 Y113.883 E24.65601
G1 X133.653 Y113.874 E24.65688
G1 X133.565 Y113.859 E24.65799
G1 X133.564 Y113.363 E24.66421
G1 X133.675 Y113.38 E24.66562
G1 X133.786 Y113.392 E24.66702
G1 X133.995 Y113.4 E24.66965
G1 X134.105 Y113.396 E24.67103
G1 X134.382 Y113.341 E24.67457
G1 X134.579 Y113.26 E24.67724
G1 X134.944 Y112.972 E24.68307
G1 X135.068 Y112.801 E24.68572
G1 X135.194 Y112.529 E24.68948
G1 X135.249 Y112.06 E24.6954
G1 X135.191 Y111.764 E24.69918
G1 X135.068 Y111.499 E24.70285
G1 X134.944 Y111.328 E24.70549
G1 X134.573 Y111.035 E24.71142
G0 F7200 X134.383 Y110.974
G0 X134.483 Y110.74
;TYPE:SKIN
G1 F1800 X134.686 Y110.82 E24.71209
G1 X135.272 Y111.366 E24.71453
G1 X135.488 Y111.998 E24.71656
G1 X135.395 Y112.657 E24.71859
G1 X135.179 Y113.156 E24.72025
G1 X134.495 Y113.556 E24.72266
G1 X133.844 Y113.642 E24.72466
G0 F7200 X133.793 Y113.693
G0 X134.972 Y112.999
G0 X135.102 Y111.479
G0 X133.953 Y110.705
G0 X134.006 Y110.652
G1 F1800 X134.267 Y110.674 E24.72543
G1 X133.773 Y110.601 E24.72689
G0 F7200 X133.958 Y110.799
G1 F1500 E18.22689
;MESH:NONMESH
G0 F600 X133.958 Y110.799 Z1
G0 F7200 X132.7 Y110.394
G0 X126.351 Y111.746
G0 X117.517 Y111.728
G0 X111.3 Y110.436
G1 F1500 E24.72689
G0 F7200 X110.541 Y110.347
;TIME_ELAPSED:91.639083
;LAYER:4
;TYPE:WALL-OUTER
;MESH:output_v2\B_media_suporte.stl
G1 F1800 X110.645 Y110.319 E24.72824
G1 X110.646 Y110.805 E24.73433
G1 X110.463 Y110.854 E24.73671
G1 X110.278 Y110.883 E24.73906
G1 X110.2 Y110.887 E24.74004
G1 X110.2 Y110.393 E24.74623
G1 X110.325 Y110.38 E24.74781
G1 X110.541 Y110.347 E24.75055
G0 F7200 X110.645 Y110.319
G0 X110.645 Y110.412
G0 X110.283 Y110.789
G1 F1500 E18.25055
G0 F7200 X110.299 Y110.779
G0 X110.545 Y113.366
G0 X109.328 Y114.046
G0 X108.723 Y114.953
G0 X109.027 Y115.976
G1 F1500 E24.75055
G0 F7200 X109.61 Y116.34
G1 F1800 X109.895 Y116.396 E24.75419
G1 X110.005 Y116.4 E24.75557
G1 X110.214 Y116.392 E24.75819
G1 X110.325 Y116.38 E24.75959
G1 X110.541 Y116.347 E24.76233
G1 X110.645 Y116.319 E24.76368
G1 X110.646 Y116.805 E24.76978
G1 X110.463 Y116.854 E24.77215
G1 X110.269 Y116.884 E24.77462
G1 X110.143 Y116.895 E24.7762
G1 X110.002 Y116.9 E24.77797
G1 X109.866 Y116.894 E24.77968
G1 X109.702 Y116.874 E24.78175
G1 X109.587 Y116.838 E24.78326
G1 X109.335 Y116.768 E24.78654
G1 X108.972 Y116.564 E24.79176
G1 X108.663 Y116.279 E24.79704
G1 X108.591 Y116.187 E24.7985
G1 X108.38 Y115.811 E24.80391
G1 X108.301 Y115.567 E24.80712
G1 X108.251 Y115.14 E24.81251
G1 X108.255 Y115.019 E24.81403
G1 X108.299 Y114.745 E24.81751
G1 X108.444 Y114.352 E24.82277
G1 X108.587 Y114.118 E24.82621
G1 X108.663 Y114.021 E24.82775
G1 X108.976 Y113.732 E24.83309
G1 X109.202 Y113.594 E24.83641
G1 X109.595 Y113.449 E24.84167
G1 X109.715 Y113.431 E24.84319
G1 X109.788 Y113.428 E24.8441
G1 X110.019 Y113.4 E24.84702
G1 X110.214 Y113.392 E24.84947
G1 X110.325 Y113.38 E24.85087
G1 X110.541 Y113.347 E24.85361
G1 X110.645 Y113.319 E24.85496
G1 X110.646 Y113.805 E24.86106
G1 X110.463 Y113.854 E24.86343
G1 X110.269 Y113.884 E24.86589
G1 X110.143 Y113.895 E24.86748
G1 X109.996 Y113.9 E24.86932
G1 X109.793 Y113.916 E24.87188
G1 X109.348 Y114.08 E24.87782
G1 X109.051 Y114.334 E24.88273
G1 X108.882 Y114.585 E24.88652
G1 X108.762 Y114.958 E24.89143
G1 X108.78 Y115.43 E24.89736
G1 X108.848 Y115.64 E24.90013
G1 X109.107 Y116.026 E24.90595
G1 X109.271 Y116.166 E24.90866
G1 X109.61 Y116.34 E24.91344
G0 F7200 X109.806 Y116.378
G0 X109.847 Y116.635
;TYPE:SKIN
G1 F1800 X110.137 Y116.643 E24.91437
G1 X110.392 Y116.615 E24.9152
G1 X109.456 Y116.527 E24.91823
G0 F7200 X108.609 Y115.68
G1 F1800 X108.521 Y115.309 E24.91976
G1 X108.627 Y114.567 E24.92276
G1 X108.977 Y114.068 E24.9252
G1 X109.507 Y113.75 E24.92767
G1 X110.241 Y113.635 E24.93064
G0 F7200 X110.29 Y113.789
G1 F1500 E18.43064
G0 F7200 X110.29 Y113.78
G0 X109.022 Y114.308
G0 X108.741 Y115.436
G0 X110.267 Y116.865
G0 X110.633 Y119.334
G1 F1500 E24.93064
G0 F7200 X110.541 Y119.347
;TYPE:WALL-OUTER
G1 F1800 X110.645 Y119.319 E24.93199
G1 X110.646 Y119.805 E24.93809
G1 X110.463 Y119.854 E24.94046
G1 X110.269 Y119.884 E24.94293
G1 X110.098 Y119.897 E24.94508
G1 X109.959 Y119.899 E24.94682
G1 X109.692 Y119.898 E24.95017
G1 X109.549 Y119.9 E24.95196
G1 X109.548 Y119.4 E24.95823
G1 X110.004 Y119.4 E24.96395
G1 X110.183 Y119.393 E24.9662
G1 X110.324 Y119.381 E24.96797
G1 X110.541 Y119.347 E24.97073
G0 F7200 X110.645 Y119.319
G0 X110.645 Y119.412
G0 X110.295 Y119.628
;TYPE:SKIN
G1 F1800 X110.03 Y119.647 E24.97193
G1 X109.772 Y119.672 E24.97311
G0 F7200 X109.949 Y119.8
G1 F1500 E18.47311
G0 F7200 X109.949 Y119.799
G0 X111.51 Y119.457
G0 X116.49 Y119.448
G0 X118.545 Y119.443
G1 F1500 E24.97311
G0 F7200 X118.541 Y119.347
;TYPE:WALL-OUTER
G1 F1800 X118.645 Y119.319 E24.97446
G1 X118.646 Y119.805 E24.98056
G1 X118.463 Y119.854 E24.98293
G1 X118.282 Y119.882 E24.98523
G1 X117.718 Y119.882 E24.9923
G1 X117.536 Y119.854 E24.99461
G1 X117.355 Y119.805 E24.99696
G1 X117.354 Y119.319 E25.00306
G1 X117.459 Y119.347 E25.00442
G1 X117.676 Y119.381 E25.00718
G1 X117.896 Y119.398 E25.00994
G1 X118.212 Y119.392 E25.01391
G1 X118.325 Y119.38 E25.01533
G1 X118.541 Y119.347 E25.01807
G0 F7200 X118.645 Y119.319
G0 X118.645 Y119.412
G0 X118.222 Y119.636
;TYPE:SKIN
G1 F1800 X117.942 Y119.639 E25.01942
G1 X117.643 Y119.622 E25.02086
G0 F7200 X117.599 Y119.46
G1 F1500 E18.52086
G0 F7200 X117.597 Y119.47
G0 X118.281 Y116.863
G1 F1500 E25.02086
G0 F7200 X118.541 Y116.347
;TYPE:WALL-OUTER
G1 F1800 X118.645 Y116.319 E25.02221
G1 X118.646 Y116.805 E25.02831
G1 X118.463 Y116.854 E25.03069
G1 X118.282 Y116.882 E25.03298
G1 X117.714 Y116.882 E25.04011
G1 X117.541 Y116.855 E25.0423
G1 X117.355 Y116.805 E25.04472
G1 X117.354 Y116.319 E25.05081
G1 X117.459 Y116.347 E25.05217
G1 X117.676 Y116.381 E25.05493
G1 X117.896 Y116.398 E25.0577
G1 X118.212 Y116.392 E25.06166
G1 X118.325 Y116.38 E25.06308
G1 X118.541 Y116.347 E25.06582
G0 F7200 X118.645 Y116.319
G0 X118.645 Y116.412
G0 X118.323 Y116.626
;TYPE:SKIN
G1 F1800 X118.052 Y116.638 E25.06711
G1 X117.764 Y116.632 E25.06847
G0 F7200 X117.743 Y116.482
G1 F1500 E18.56847
G0 F7200 X117.743 Y116.486
G0 X118.281 Y113.863
G1 F1500 E25.06847
G0 F7200 X118.541 Y113.347
;TYPE:WALL-OUTER
G1 F1800 X118.645 Y113.319 E25.06982
G1 X118.646 Y113.805 E25.07591
G1 X118.463 Y113.854 E25.07829
G1 X118.282 Y113.882 E25.08058
G1 X117.718 Y113.882 E25.08766
G1 X117.536 Y113.854 E25.08997
G1 X117.355 Y113.805 E25.09232
G1 X117.354 Y113.319 E25.09841
G1 X117.459 Y113.347 E25.09978
G1 X117.676 Y113.381 E25.10253
G1 X117.896 Y113.398 E25.1053
G1 X118.212 Y113.392 E25.10926
G1 X118.325 Y113.38 E25.11069
G1 X118.541 Y113.347 E25.11343
G0 F7200 X118.645 Y113.319
G0 X118.645 Y113.412
G0 X118.414 Y113.605
;TYPE:SKIN
G1 F1800 X118.162 Y113.637 E25.11439
G1 X117.59 Y113.63 E25.11657
G0 F7200 X117.74 Y113.788
G1 F1500 E18.61657
G0 F7200 X117.74 Y113.782
G0 X118.281 Y110.863
G1 F1500 E25.11657
G0 F7200 X118.541 Y110.347
;TYPE:WALL-OUTER
G1 F1800 X118.645 Y110.319 E25.11792
G1 X118.646 Y110.805 E25.12402
G1 X118.463 Y110.854 E25.12639
G1 X118.282 Y110.882 E25.12869
G1 X117.718 Y110.882 E25.13576
G1 X117.536 Y110.854 E25.13807
G1 X117.355 Y110.805 E25.14042
G1 X117.354 Y110.319 E25.14652
G1 X117.459 Y110.347 E25.14788
G1 X117.676 Y110.381 E25.15063
G1 X117.896 Y110.398 E25.1534
G1 X118.212 Y110.392 E25.15736
G1 X118.325 Y110.38 E25.15879
G1 X118.541 Y110.347 E25.16153
G0 F7200 X118.645 Y110.319
G0 X118.645 Y110.412
G0 X118.27 Y110.633
;TYPE:SKIN
G1 F1800 X117.993 Y110.639 E25.16284
G1 X117.701 Y110.63 E25.16422
G0 F7200 X117.66 Y110.469
G1 F1500 E18.66422
G0 F7200 X117.665 Y110.48
G0 X119.51 Y110.457
G0 X124.49 Y110.448
G0 X126.545 Y110.443
G1 F1500 E25.16422
G0 F7200 X126.542 Y110.347
;TYPE:WALL-OUTER
G1 F1800 X126.645 Y110.319 E25.16556
G1 X126.646 Y110.805 E25.17166
G1 X126.463 Y110.854 E25.17403
G1 X126.282 Y110.882 E25.17633
G1 X125.714 Y110.882 E25.18345
G1 X125.541 Y110.855 E25.18565
G1 X125.355 Y110.805 E25.18806
G1 X125.354 Y110.319 E25.19416
G1 X125.459 Y110.347 E25.19552
G1 X125.675 Y110.38 E25.19826
G1 X125.788 Y110.392 E25.19969
G1 X126.105 Y110.398 E25.20366
G1 X126.257 Y110.388 E25.20557
G1 X126.424 Y110.366 E25.20769
G1 X126.542 Y110.347 E25.20918
G0 F7200 X126.645 Y110.319
G0 X126.645 Y110.413
G0 X126.427 Y110.588
;TYPE:SKIN
G1 F1800 X126.195 Y110.638 E25.21011
G1 X125.608 Y110.617 E25.21239
G0 F7200 X125.73 Y110.79
G1 F1500 E18.71239
G0 F7200 X125.73 Y110.782
G0 X126.633 Y113.334
G1 F1500 E25.21239
G0 F7200 X126.542 Y113.347
;TYPE:WALL-OUTER
G1 F1800 X126.645 Y113.319 E25.21372
G1 X126.646 Y113.805 E25.21982
G1 X126.463 Y113.854 E25.22219
G1 X126.282 Y113.882 E25.22449
G1 X125.714 Y113.882 E25.23161
G1 X125.541 Y113.855 E25.23381
G1 X125.355 Y113.805 E25.23623
G1 X125.354 Y113.319 E25.24232
G1 X125.459 Y113.347 E25.24368
G1 X125.675 Y113.38 E25.24642
G1 X125.788 Y113.392 E25.24785
G1 X126.105 Y113.398 E25.25182
G1 X126.257 Y113.388 E25.25373
G1 X126.424 Y113.366 E25.25585
G1 X126.542 Y113.347 E25.25735
G0 F7200 X126.645 Y113.319
G0 X126.645 Y113.413
G0 X126.35 Y113.622
;TYPE:SKIN
G1 F1800 X126.084 Y113.639 E25.2586
G1 X125.797 Y113.635 E25.25995
G0 F7200 X125.724 Y113.482
G1 F1500 E18.75995
G0 F7200 X125.724 Y113.486
G0 X126.633 Y116.334
G1 F1500 E25.25995
G0 F7200 X126.542 Y116.347
;TYPE:WALL-OUTER
G1 F1800 X126.645 Y116.319 E25.26129
G1 X126.646 Y116.805 E25.26739
G1 X126.463 Y116.854 E25.26976
G1 X126.282 Y116.882 E25.27206
G1 X125.714 Y116.882 E25.27918
G1 X125.541 Y116.855 E25.28138
G1 X125.355 Y116.805 E25.28379
G1 X125.354 Y116.319 E25.28989
G1 X125.459 Y116.347 E25.29125
G1 X125.675 Y116.38 E25.29399
G1 X125.788 Y116.392 E25.29542
G1 X126.105 Y116.398 E25.29939
G1 X126.257 Y116.388 E25.3013
G1 X126.424 Y116.366 E25.30341
G1 X126.542 Y116.347 E25.30491
G0 F7200 X126.645 Y116.319
G0 X126.645 Y116.413
G0 X126.25 Y116.634
;TYPE:SKIN
G1 F1800 X125.971 Y116.637 E25.30627
G1 X125.678 Y116.627 E25.3077
G0 F7200 X125.636 Y116.466
G1 F1500 E18.8077
G0 F7200 X125.634 Y116.475
G0 X126.633 Y119.334
G1 F1500 E25.3077
G0 F7200 X126.542 Y119.347
;TYPE:WALL-OUTER
G1 F1800 X126.645 Y119.319 E25.30904
G1 X126.646 Y119.805 E25.31514
G1 X126.463 Y119.854 E25.31751
G1 X126.282 Y119.882 E25.31981
G1 X125.714 Y119.882 E25.32693
G1 X125.541 Y119.855 E25.32913
G1 X125.355 Y119.805 E25.33154
G1 X125.354 Y119.319 E25.33764
G1 X125.459 Y119.347 E25.339
G1 X125.675 Y119.38 E25.34174
G1 X125.788 Y119.392 E25.34317
G1 X126.105 Y119.398 E25.34714
G1 X126.257 Y119.388 E25.34905
G1 X126.424 Y119.366 E25.35117
G1 X126.542 Y119.347 E25.35266
G0 F7200 X126.645 Y119.319
G0 X126.645 Y119.413
G0 X126.401 Y119.613
;TYPE:SKIN
G1 F1800 X126.145 Y119.639 E25.35363
G1 X125.578 Y119.638 E25.35576
G0 F7200 X125.736 Y119.79
G1 F1500 E18.85576
G0 F7200 X125.736 Y119.782
G0 X126.633 Y119.334
G0 X132.491 Y116.795
G0 X134.62 Y116.947
G1 F1500 E25.35576
G0 F7200 X134.573 Y117.035
;TYPE:WALL-OUTER
G1 F1800 X134.202 Y116.915 E25.36065
G1 X134.09 Y116.907 E25.36205
G1 X134.022 Y116.905 E25.36291
G1 X133.789 Y116.889 E25.36584
G1 X133.672 Y116.877 E25.36731
G1 X133.544 Y116.856 E25.36894
G1 X133.355 Y116.805 E25.37139
G1 X133.354 Y116.319 E25.37749
G1 X133.459 Y116.347 E25.37885
G1 X133.675 Y116.38 E25.38159
G1 X133.786 Y116.392 E25.38299
G1 X133.992 Y116.4 E25.38558
G1 X134.139 Y116.412 E25.38742
G1 X134.217 Y116.416 E25.3884
G1 X134.298 Y116.426 E25.38943
G1 X134.413 Y116.462 E25.39094
G1 X134.671 Y116.534 E25.3943
G1 X134.919 Y116.661 E25.39779
G1 X135.019 Y116.727 E25.39929
G1 X135.337 Y117.021 E25.40473
G1 X135.409 Y117.113 E25.40619
G1 X135.616 Y117.482 E25.4115
G1 X135.727 Y117.878 E25.41665
G1 X135.743 Y118.293 E25.42186
G1 X135.729 Y118.416 E25.42341
G1 X135.616 Y118.818 E25.42865
G1 X135.409 Y119.187 E25.43396
G1 X135.337 Y119.279 E25.43542
G1 X135.019 Y119.573 E25.44085
G1 X134.925 Y119.636 E25.44227
G1 X134.537 Y119.815 E25.44763
G1 X134.271 Y119.878 E25.45106
G1 X134.134 Y119.894 E25.45279
G1 X133.998 Y119.9 E25.4545
G1 X133.857 Y119.895 E25.45626
G1 X133.731 Y119.884 E25.45785
G1 X133.536 Y119.854 E25.46032
G1 X133.355 Y119.805 E25.46268
G1 X133.354 Y119.319 E25.46877
G1 X133.459 Y119.347 E25.47013
G1 X133.675 Y119.38 E25.47287
G1 X133.787 Y119.392 E25.47429
G1 X134.03 Y119.4 E25.47734
G1 X134.111 Y119.396 E25.47835
G1 X134.467 Y119.31 E25.48294
G1 X134.582 Y119.258 E25.48453
G1 X134.944 Y118.972 E25.49031
G1 X135.068 Y118.801 E25.49296
G1 X135.191 Y118.536 E25.49663
G1 X135.249 Y118.24 E25.50041
G1 X135.193 Y117.767 E25.50638
G1 X135.018 Y117.425 E25.5112
G1 X134.941 Y117.326 E25.51277
G1 X134.573 Y117.035 E25.51866
G0 F7200 X134.383 Y116.974
G0 X134.205 Y116.668
;TYPE:SKIN
G1 F1800 X133.9 Y116.647 E25.5202
G1 X133.597 Y116.626 E25.52174
G0 F7200 X134.511 Y116.692
G1 F1800 X134.731 Y116.912 E25.52369
G0 F7200 X135.341 Y117.522
G1 F1800 X135.467 Y117.931 E25.52545
G1 X135.39 Y118.702 E25.52864
G1 X135.046 Y119.207 E25.53115
G1 X134.533 Y119.543 E25.53368
G1 X133.781 Y119.639 E25.5368
G0 F7200 X133.748 Y119.483
G1 F1500 E19.0368
G0 F7200 X133.748 Y119.488
G0 X134.972 Y118.999
G0 X135.231 Y117.756
G0 X134.216 Y116.435
G0 X134.133 Y113.875
G0 X135.102 Y112.821
G0 X135.102 Y111.479
G1 F1500 E25.5368
G0 F7200 X134.573 Y111.035
;TYPE:WALL-OUTER
G1 F1800 X134.202 Y110.915 E25.54169
G1 X134.09 Y110.907 E25.54309
G1 X134.022 Y110.905 E25.54395
G1 X133.79 Y110.889 E25.54686
G1 X133.672 Y110.877 E25.54835
G1 X133.544 Y110.856 E25.54998
G1 X133.355 Y110.805 E25.55243
G1 X133.354 Y110.319 E25.55853
G1 X133.459 Y110.347 E25.55989
G1 X133.675 Y110.38 E25.56263
G1 X133.786 Y110.392 E25.56403
G1 X133.992 Y110.4 E25.56662
G1 X134.139 Y110.412 E25.56846
G1 X134.217 Y110.416 E25.56944
G1 X134.304 Y110.427 E25.57054
G1 X134.533 Y110.484 E25.5735
G1 X134.917 Y110.661 E25.57881
G1 X135.133 Y110.818 E25.58215
G1 X135.414 Y111.122 E25.58735
G1 X135.616 Y111.482 E25.59252
G1 X135.727 Y111.878 E25.59768
G1 X135.743 Y112.293 E25.60289
G1 X135.729 Y112.416 E25.60444
G1 X135.616 Y112.818 E25.60968
G1 X135.409 Y113.187 E25.61498
G1 X135.337 Y113.279 E25.61645
G1 X135.019 Y113.573 E25.62188
G1 X134.925 Y113.636 E25.6233
G1 X134.533 Y113.816 E25.62871
G1 X134.273 Y113.878 E25.63206
G1 X134.134 Y113.894 E25.63381
G1 X133.998 Y113.9 E25.63552
G1 X133.857 Y113.895 E25.63729
G1 X133.731 Y113.884 E25.63888
G1 X133.536 Y113.854 E25.64135
G1 X133.355 Y113.805 E25.6437
G1 X133.354 Y113.319 E25.6498
G1 X133.459 Y113.347 E25.65116
G1 X133.675 Y113.38 E25.6539
G1 X133.787 Y113.392 E25.65531
G1 X134.03 Y113.4 E25.65836
G1 X134.107 Y113.396 E25.65933
G1 X134.382 Y113.341 E25.66284
G1 X134.579 Y113.26 E25.66552
G1 X134.944 Y112.972 E25.67135
G1 X135.068 Y112.801 E25.674
G1 X135.194 Y112.529 E25.67775
G1 X135.249 Y112.06 E25.68368
G1 X135.191 Y111.764 E25.68746
G1 X135.068 Y111.499 E25.69112
G1 X134.944 Y111.328 E25.69377
G1 X134.573 Y111.035 E25.6997
G0 F7200 X134.383 Y110.974
G0 X134.505 Y110.746
;TYPE:SKIN
G1 F1800 X134.136 Y110.66 E25.7018
G1 X133.837 Y110.643 E25.70347
G0 F7200 X133.781 Y110.587
G0 X135.303 Y111.544
G0 X135.391 Y111.633
G1 F1800 X135.481 Y112.005 E25.70498
G1 X135.369 Y112.741 E25.70792
G1 X135.013 Y113.234 E25.71031
G1 X134.492 Y113.562 E25.71274
G1 X133.714 Y113.633 E25.71582
G0 F7200 X133.68 Y113.472
G1 F1500 E19.21582
;MESH:NONMESH
G0 F600 X133.68 Y113.472 Z1.2
G0 F7200 X133.679 Y113.481
G0 X132.49 Y113.336
G0 X127.493 Y112.215
G0 X117.363 Y111.703
G0 X111.511 Y110.791
G0 X110.545 Y110.443
G1 F1500 E25.71582
G0 F7200 X110.542 Y110.347
;TIME_ELAPSED:103.680620
;LAYER:5
;TYPE:WALL-OUTER
;MESH:output_v2\B_media_suporte.stl
G1 F1800 X110.855 Y110.263 E25.71989
G1 X110.856 Y110.747 E25.72596
G1 X110.838 Y110.754 E25.7262
G1 X110.464 Y110.854 E25.73105
G1 X110.278 Y110.883 E25.73342
G1 X110.2 Y110.887 E25.73439
G1 X110.2 Y110.392 E25.7406
G1 X110.227 Y110.391 E25.74094
G1 X110.358 Y110.376 E25.74259
G1 X110.542 Y110.347 E25.74493
G0 F7200 X110.735 Y110.296
G0 X110.66 Y110.522
;TYPE:SKIN
G1 F1800 X110.556 Y110.626 E25.74585
G0 F7200 X110.554 Y110.75
G1 F1500 E19.24585
G0 F7200 X110.55 Y110.728
G0 X110.546 Y113.366
G0 X109.328 Y114.046
G0 X108.723 Y114.953
G0 X109.027 Y115.976
G1 F1500 E25.74585
G0 F7200 X109.61 Y116.34
;TYPE:WALL-OUTER
G1 F1800 X109.906 Y116.396 E25.74963
G1 X110.03 Y116.4 E25.75119
G1 X110.228 Y116.39 E25.75367
G1 X110.358 Y116.376 E25.75531
G1 X110.542 Y116.347 E25.75765
G1 X110.855 Y116.263 E25.76171
G1 X110.856 Y116.747 E25.76778
G1 X110.838 Y116.754 E25.76802
G1 X110.464 Y116.854 E25.77288
G1 X110.269 Y116.884 E25.77535
G1 X110.143 Y116.895 E25.77694
G1 X110.004 Y116.9 E25.77868
G1 X109.831 Y116.892 E25.78085
G1 X109.727 Y116.879 E25.78217
G1 X109.332 Y116.766 E25.78732
G1 X108.972 Y116.564 E25.7925
G1 X108.663 Y116.279 E25.79777
G1 X108.591 Y116.187 E25.79923
G1 X108.38 Y115.811 E25.80464
G1 X108.301 Y115.567 E25.80786
G1 X108.251 Y115.14 E25.81325
G1 X108.255 Y115.019 E25.81477
G1 X108.299 Y114.745 E25.81825
G1 X108.444 Y114.352 E25.8235
G1 X108.587 Y114.118 E25.82694
G1 X108.663 Y114.021 E25.82848
G1 X108.976 Y113.732 E25.83383
G1 X109.202 Y113.595 E25.83714
G1 X109.603 Y113.448 E25.8425
G1 X109.636 Y113.446 E25.84291
G1 X110.02 Y113.4 E25.84776
G1 X110.227 Y113.391 E25.85036
G1 X110.358 Y113.376 E25.85201
G1 X110.542 Y113.347 E25.85435
G1 X110.855 Y113.263 E25.85841
G1 X110.856 Y113.747 E25.86448
G1 X110.838 Y113.754 E25.86473
G1 X110.464 Y113.854 E25.86958
G1 X110.269 Y113.884 E25.87205
G1 X110.143 Y113.895 E25.87364
G1 X109.996 Y113.9 E25.87548
G1 X109.793 Y113.916 E25.87804
G1 X109.348 Y114.08 E25.88399
G1 X109.051 Y114.334 E25.88889
G1 X108.882 Y114.585 E25.89268
G1 X108.762 Y114.958 E25.89759
G1 X108.78 Y115.43 E25.90352
G1 X108.848 Y115.64 E25.90629
G1 X109.107 Y116.026 E25.91212
G1 X109.271 Y116.166 E25.91482
G1 X109.61 Y116.34 E25.9196
G0 F7200 X109.806 Y116.377
G0 X109.672 Y116.601
;TYPE:SKIN
G1 F1800 X109.45 Y116.54 E25.92037
G1 X108.811 Y116.047 E25.92306
G1 X108.538 Y115.472 E25.92518
G1 X108.523 Y114.921 E25.92702
G1 X108.673 Y114.489 E25.92855
G1 X109.355 Y113.807 E25.93176
G1 X110.082 Y113.645 E25.93425
G1 X110.394 Y113.617 E25.93529
G0 F7200 X110.454 Y113.557
G0 X109.328 Y114.046
G0 X108.723 Y114.953
G0 X109.078 Y116.052
G0 X110.585 Y116.537
G0 X110.529 Y116.593
G1 F1800 X110.2 Y116.639 E25.93692
G1 X109.912 Y116.644 E25.93834
G0 F7200 X109.813 Y116.785
G1 F1500 E19.43834
G0 F7200 X110.002 Y119.42
G1 F1500 E25.93834
G0 F7200 X109.906 Y119.9
;TYPE:WALL-OUTER
G1 F1800 X109.457 Y119.9 E25.94397
G1 X109.456 Y119.4 E25.95024
G1 X110.002 Y119.4 E25.95708
G1 X110.128 Y119.398 E25.95866
G1 X110.356 Y119.377 E25.96154
G1 X110.542 Y119.347 E25.9639
G1 X110.855 Y119.263 E25.96796
G1 X110.856 Y119.747 E25.97403
G1 X110.838 Y119.754 E25.97427
G1 X110.464 Y119.854 E25.97913
G1 X110.269 Y119.884 E25.9816
G1 X110.141 Y119.895 E25.98321
G1 X110.071 Y119.898 E25.98409
G1 X110.007 Y119.897 E25.9849
G1 X109.906 Y119.9 E25.98616
G0 F7200 X109.706 Y119.9
G0 X109.735 Y119.649
;TYPE:SKIN
G1 F1800 X110.02 Y119.647 E25.98725
G1 X110.642 Y119.59 E25.98964
G0 F7200 X110.484 Y119.762
G1 F1500 E19.48964
G0 F7200 X110.482 Y119.746
G0 X111.72 Y119.458
G0 X116.28 Y119.447
G0 X118.562 Y119.444
G1 F1500 E25.98964
G0 F7200 X118.542 Y119.347
;TYPE:WALL-OUTER
G1 F1800 X118.855 Y119.263 E25.99371
G1 X118.856 Y119.747 E25.99978
G1 X118.838 Y119.754 E26.00002
G1 X118.464 Y119.854 E26.00488
G1 X118.282 Y119.882 E26.00718
G1 X117.718 Y119.882 E26.01426
G1 X117.536 Y119.854 E26.01657
G1 X117.167 Y119.755 E26.02136
G1 X117.145 Y119.746 E26.02166
G1 X117.144 Y119.263 E26.02771
G1 X117.459 Y119.347 E26.02933
G1 X117.688 Y119.382 E26.03223
G1 X117.895 Y119.398 E26.03484
G1 X118.213 Y119.392 E26.03883
G1 X118.357 Y119.376 E26.04064
G1 X118.542 Y119.347 E26.04299
G0 F7200 X118.735 Y119.296
G0 X118.572 Y119.581
;TYPE:SKIN
G1 F1800 X118.237 Y119.632 E26.04429
G1 X117.44 Y119.581 E26.04734
G0 F7200 X117.408 Y119.744
G1 F1500 E19.54734
G0 F7200 X117.415 Y119.719
G0 X117.719 Y116.863
G1 F1500 E26.04734
G0 F7200 X118.542 Y116.347
;TYPE:WALL-OUTER
G1 F1800 X118.855 Y116.263 E26.05141
G1 X118.856 Y116.747 E26.05748
G1 X118.838 Y116.754 E26.05772
G1 X118.464 Y116.854 E26.06257
G1 X118.282 Y116.882 E26.06488
G1 X117.718 Y116.882 E26.07196
G1 X117.536 Y116.854 E26.07427
G1 X117.167 Y116.755 E26.07906
G1 X117.145 Y116.746 E26.07935
G1 X117.144 Y116.263 E26.08541
G1 X117.459 Y116.347 E26.08703
G1 X117.688 Y116.382 E26.08993
G1 X117.895 Y116.398 E26.09254
G1 X118.213 Y116.392 E26.09653
G1 X118.357 Y116.376 E26.09834
G1 X118.542 Y116.347 E26.10069
G0 F7200 X118.735 Y116.296
G0 X118.429 Y116.611
;TYPE:SKIN
G1 F1800 X118.121 Y116.637 E26.10186
G1 X117.36 Y116.55 E26.10476
G0 F7200 X117.516 Y116.761
G1 F1500 E19.60476
G0 F7200 X117.52 Y116.747
G0 X118.546 Y116.366
G0 X118.281 Y113.863
G1 F1500 E26.10476
G0 F7200 X118.542 Y113.347
;TYPE:WALL-OUTER
G1 F1800 X118.855 Y113.263 E26.10882
G1 X118.856 Y113.747 E26.11489
G1 X118.838 Y113.754 E26.11514
G1 X118.464 Y113.854 E26.11999
G1 X118.282 Y113.882 E26.1223
G1 X117.718 Y113.882 E26.12937
G1 X117.536 Y113.854 E26.13168
G1 X117.167 Y113.755 E26.13647
G1 X117.145 Y113.746 E26.13677
G1 X117.144 Y113.263 E26.14283
G1 X117.459 Y113.347 E26.14444
G1 X117.688 Y113.382 E26.14735
G1 X117.895 Y113.398 E26.14995
G1 X118.213 Y113.392 E26.15394
G1 X118.357 Y113.376 E26.15576
G1 X118.542 Y113.347 E26.15811
G0 F7200 X118.735 Y113.296
G0 X118.629 Y113.584
;TYPE:SKIN
G1 F1800 X118.301 Y113.629 E26.15927
G1 X117.49 Y113.591 E26.16211
G0 F7200 X117.456 Y113.751
G1 F1500 E19.66211
G0 F7200 X117.461 Y113.732
G0 X118.546 Y113.366
G0 X118.281 Y110.863
G1 F1500 E26.16211
G0 F7200 X118.542 Y110.347
;TYPE:WALL-OUTER
G1 F1800 X118.855 Y110.263 E26.16617
G1 X118.856 Y110.747 E26.17224
G1 X118.838 Y110.754 E26.17249
G1 X118.464 Y110.854 E26.17734
G1 X118.282 Y110.882 E26.17965
G1 X117.718 Y110.882 E26.18672
G1 X117.536 Y110.854 E26.18903
G1 X117.167 Y110.755 E26.19382
G1 X117.145 Y110.746 E26.19412
G1 X117.144 Y110.263 E26.20018
G1 X117.459 Y110.347 E26.20179
G1 X117.688 Y110.382 E26.2047
G1 X117.895 Y110.398 E26.2073
G1 X118.213 Y110.392 E26.21129
G1 X118.357 Y110.376 E26.21311
G1 X118.542 Y110.347 E26.21546
G0 F7200 X118.735 Y110.296
G0 X118.503 Y110.599
;TYPE:SKIN
G1 F1800 X118.182 Y110.635 E26.2167
G1 X117.397 Y110.572 E26.21973
G0 F7200 X117.332 Y110.726
G1 F1500 E19.71973
G0 F7200 X117.339 Y110.699
G0 X118.855 Y110.459
G0 X124.28 Y110.447
G0 X126.562 Y110.444
G1 F1500 E26.21973
G0 F7200 X126.542 Y110.347
;TYPE:WALL-OUTER
G1 F1800 X126.855 Y110.263 E26.2238
G1 X126.856 Y110.747 E26.22987
G1 X126.838 Y110.754 E26.23011
G1 X126.464 Y110.854 E26.23496
G1 X126.282 Y110.882 E26.23727
G1 X125.718 Y110.882 E26.24435
G1 X125.536 Y110.854 E26.24666
G1 X125.167 Y110.755 E26.25145
G1 X125.145 Y110.746 E26.25175
G1 X125.144 Y110.263 E26.2578
G1 X125.459 Y110.347 E26.25942
G1 X125.687 Y110.381 E26.26231
G1 X125.788 Y110.392 E26.26358
G1 X126.117 Y110.398 E26.26771
G1 X126.23 Y110.39 E26.26913
G1 X126.358 Y110.376 E26.27074
G1 X126.542 Y110.347 E26.27308
G0 F7200 X126.735 Y110.296
G0 X126.406 Y110.615
;TYPE:SKIN
G1 F1800 X126.1 Y110.638 E26.27441
G1 X125.565 Y110.607 E26.27672
G0 F7200 X125.53 Y110.762
G1 F1500 E19.77672
G0 F7200 X125.533 Y110.751
G0 X126.843 Y113.278
G1 F1500 E26.27672
G0 F7200 X126.542 Y113.347
;TYPE:WALL-OUTER
G1 F1800 X126.855 Y113.263 E26.28079
G1 X126.856 Y113.747 E26.28686
G1 X126.838 Y113.754 E26.2871
G1 X126.464 Y113.854 E26.29195
G1 X126.282 Y113.882 E26.29426
G1 X125.718 Y113.882 E26.30133
G1 X125.536 Y113.854 E26.30364
G1 X125.167 Y113.755 E26.30843
G1 X125.145 Y113.746 E26.30873
G1 X125.144 Y113.263 E26.31479
G1 X125.459 Y113.347 E26.31641
G1 X125.687 Y113.381 E26.3193
G1 X125.788 Y113.392 E26.32057
G1 X126.117 Y113.398 E26.3247
G1 X126.23 Y113.39 E26.32612
G1 X126.358 Y113.376 E26.32773
G1 X126.542 Y113.347 E26.33007
G0 F7200 X126.735 Y113.296
G0 X126.543 Y113.589
;TYPE:SKIN
G1 F1800 X126.216 Y113.634 E26.33134
G1 X125.423 Y113.577 E26.33439
G0 F7200 X125.378 Y113.738
G1 F1500 E19.83439
G0 F7200 X125.385 Y113.711
G0 X126.843 Y116.278
G1 F1500 E26.33439
G0 F7200 X126.542 Y116.347
;TYPE:WALL-OUTER
G1 F1800 X126.855 Y116.263 E26.33846
G1 X126.856 Y116.747 E26.34453
G1 X126.838 Y116.754 E26.34477
G1 X126.464 Y116.854 E26.34962
G1 X126.282 Y116.882 E26.35193
G1 X125.718 Y116.882 E26.35901
G1 X125.536 Y116.854 E26.36132
G1 X125.167 Y116.755 E26.36611
G1 X125.145 Y116.746 E26.3664
G1 X125.144 Y116.263 E26.37246
G1 X125.459 Y116.347 E26.37408
G1 X125.687 Y116.381 E26.37697
G1 X125.788 Y116.392 E26.37824
G1 X126.117 Y116.398 E26.38237
G1 X126.23 Y116.39 E26.38379
G1 X126.358 Y116.376 E26.3854
G1 X126.542 Y116.347 E26.38774
G0 F7200 X126.735 Y116.296
G0 X126.334 Y116.626
;TYPE:SKIN
G1 F1800 X126.039 Y116.639 E26.38904
G1 X125.516 Y116.596 E26.39134
G0 F7200 X125.481 Y116.755
G1 F1500 E19.89134
G0 F7200 X125.485 Y116.738
G0 X126.843 Y119.278
G1 F1500 E26.39134
G0 F7200 X126.542 Y119.347
;TYPE:WALL-OUTER
G1 F1800 X126.855 Y119.263 E26.3954
G1 X126.856 Y119.747 E26.40147
G1 X126.838 Y119.754 E26.40171
G1 X126.464 Y119.854 E26.40657
G1 X126.282 Y119.882 E26.40888
G1 X125.718 Y119.882 E26.41595
G1 X125.536 Y119.854 E26.41826
G1 X125.167 Y119.755 E26.42305
G1 X125.145 Y119.746 E26.42335
G1 X125.144 Y119.263 E26.42941
G1 X125.459 Y119.347 E26.43102
G1 X125.687 Y119.381 E26.43391
G1 X125.788 Y119.392 E26.43519
G1 X126.117 Y119.398 E26.43931
G1 X126.23 Y119.39 E26.44073
G1 X126.358 Y119.376 E26.44235
G1 X126.542 Y119.347 E26.44468
G0 F7200 X126.735 Y119.296
G0 X126.466 Y119.606
;TYPE:SKIN
G1 F1800 X126.153 Y119.636 E26.44592
G1 X125.373 Y119.567 E26.449
G0 F7200 X125.309 Y119.72
G1 F1500 E19.949
G0 F7200 X125.316 Y119.693
G0 X126.843 Y119.278
G0 X132.28 Y116.738
G0 X134.62 Y116.947
G1 F1500 E26.449
G0 F7200 X134.573 Y117.035
;TYPE:WALL-OUTER
G1 F1800 X134.201 Y116.915 E26.45391
G1 X133.862 Y116.895 E26.45816
G1 X133.715 Y116.882 E26.46001
G1 X133.537 Y116.854 E26.46227
G1 X133.167 Y116.755 E26.46708
G1 X133.145 Y116.746 E26.46738
G1 X133.144 Y116.263 E26.47343
G1 X133.459 Y116.347 E26.47505
G1 X133.687 Y116.381 E26.47794
G1 X133.786 Y116.392 E26.47919
G1 X133.992 Y116.4 E26.48177
G1 X134.278 Y116.423 E26.48537
G1 X134.675 Y116.536 E26.49055
G1 X134.919 Y116.661 E26.49399
G1 X135.019 Y116.727 E26.49549
G1 X135.337 Y117.021 E26.50092
G1 X135.409 Y117.113 E26.50238
G1 X135.616 Y117.482 E26.50769
G1 X135.727 Y117.878 E26.51285
G1 X135.743 Y118.293 E26.51806
G1 X135.729 Y118.416 E26.51961
G1 X135.616 Y118.818 E26.52484
G1 X135.409 Y119.187 E26.53015
G1 X135.337 Y119.279 E26.53162
G1 X135.019 Y119.573 E26.53705
G1 X134.925 Y119.636 E26.53847
G1 X134.537 Y119.815 E26.54382
G1 X134.271 Y119.878 E26.54725
G1 X134.134 Y119.894 E26.54898
G1 X133.974 Y119.9 E26.55099
G1 X133.838 Y119.894 E26.5527
G1 X133.689 Y119.879 E26.55457
G1 X133.545 Y119.856 E26.5564
G1 X133.167 Y119.755 E26.56131
G1 X133.145 Y119.746 E26.56161
G1 X133.144 Y119.263 E26.56767
G1 X133.459 Y119.347 E26.56928
G1 X133.687 Y119.381 E26.57217
G1 X133.786 Y119.392 E26.57342
G1 X134.006 Y119.4 E26.57618
G1 X134.11 Y119.396 E26.57749
G1 X134.467 Y119.31 E26.58209
G1 X134.582 Y119.258 E26.58367
G1 X134.944 Y118.972 E26.58946
G1 X135.068 Y118.801 E26.59211
G1 X135.191 Y118.536 E26.59577
G1 X135.249 Y118.24 E26.59956
G1 X135.193 Y117.767 E26.60553
G1 X135.018 Y117.425 E26.61035
G1 X134.941 Y117.326 E26.61192
G1 X134.573 Y117.035 E26.6178
G0 F7200 X134.383 Y116.974
G0 X134.436 Y116.727
;TYPE:SKIN
G1 F1800 X134.645 Y116.8 E26.61863
G1 X135.246 Y117.331 E26.62164
G1 X135.473 Y117.953 E26.62412
G1 X135.434 Y118.557 E26.62639
G1 X135.048 Y119.226 E26.62929
G1 X134.408 Y119.584 E26.63204
G1 X133.788 Y119.638 E26.63437
G1 X133.541 Y119.602 E26.63531
G0 F7200 X133.501 Y119.643
G0 X134.602 Y119.292
G0 X135.288 Y118.241
G0 X134.663 Y117.057
G0 X133.949 Y116.649
G1 F1800 X134.211 Y116.669 E26.63618
G1 X133.449 Y116.583 E26.63874
G0 F7200 X133.417 Y116.745
G1 F1500 E20.13874
G0 F7200 X133.423 Y116.721
G0 X133.839 Y113.875
G0 X134.972 Y112.999
G0 X135.102 Y111.479
G1 F1500 E26.63874
G0 F7200 X134.573 Y111.035
;TYPE:WALL-OUTER
G1 F1800 X134.201 Y110.915 E26.64364
G1 X133.838 Y110.894 E26.6482
G1 X133.689 Y110.879 E26.65007
G1 X133.545 Y110.856 E26.6519
G1 X133.167 Y110.755 E26.65681
G1 X133.145 Y110.746 E26.65711
G1 X133.144 Y110.263 E26.66317
G1 X133.459 Y110.347 E26.66478
G1 X133.687 Y110.381 E26.66767
G1 X133.786 Y110.392 E26.66892
G1 X133.992 Y110.4 E26.67151
G1 X134.288 Y110.424 E26.67523
G1 X134.533 Y110.483 E26.67839
G1 X134.917 Y110.661 E26.6837
G1 X135.133 Y110.818 E26.68705
G1 X135.414 Y111.122 E26.69224
G1 X135.616 Y111.482 E26.69742
G1 X135.727 Y111.878 E26.70257
G1 X135.743 Y112.293 E26.70778
G1 X135.729 Y112.416 E26.70933
G1 X135.616 Y112.818 E26.71457
G1 X135.409 Y113.187 E26.71988
G1 X135.337 Y113.279 E26.72134
G1 X135.019 Y113.573 E26.72677
G1 X134.925 Y113.636 E26.72819
G1 X134.537 Y113.815 E26.73355
G1 X134.271 Y113.878 E26.73698
G1 X134.134 Y113.894 E26.73871
G1 X133.974 Y113.9 E26.74071
G1 X133.838 Y113.894 E26.74242
G1 X133.689 Y113.879 E26.7443
G1 X133.545 Y113.856 E26.74613
G1 X133.167 Y113.755 E26.75104
G1 X133.145 Y113.746 E26.75133
G1 X133.144 Y113.263 E26.75739
G1 X133.459 Y113.347 E26.75901
G1 X133.687 Y113.381 E26.7619
G1 X133.786 Y113.392 E26.76315
G1 X134.006 Y113.4 E26.76591
G1 X134.106 Y113.396 E26.76716
G1 X134.382 Y113.341 E26.77069
G1 X134.579 Y113.26 E26.77336
G1 X134.944 Y112.972 E26.77919
G1 X135.068 Y112.801 E26.78184
G1 X135.194 Y112.529 E26.7856
G1 X135.249 Y112.06 E26.79152
G1 X135.191 Y111.764 E26.79531
G1 X135.068 Y111.499 E26.79897
G1 X134.944 Y111.328 E26.80162
G1 X134.573 Y111.035 E26.80755
G0 F7200 X134.383 Y110.974
G0 X134.483 Y110.74
;TYPE:SKIN
G1 F1800 X134.686 Y110.82 E26.8082
G1 X135.272 Y111.366 E26.81059
G1 X135.488 Y111.998 E26.81259
G1 X135.395 Y112.657 E26.81458
G1 X135.179 Y113.156 E26.81621
G1 X134.496 Y113.556 E26.81857
G1 X133.844 Y113.642 E26.82054
G1 X133.364 Y113.556 E26.822
G0 F7200 X133.339 Y113.582
G0 X134.599 Y113.294
G0 X135.288 Y112.059
G0 X134.665 Y111.058
G0 X133.693 Y110.682
G0 X133.74 Y110.634
G1 F1800 X134.005 Y110.652 E26.82315
G1 X133.498 Y110.593 E26.82537
G0 F7200 X133.465 Y110.752
G1 F1500 E20.32537
;MESH:NONMESH
G0 F600 X133.465 Y110.752 Z1.4
G0 F7200 X133.47 Y110.734
G0 X132.28 Y110.296
G0 X126.351 Y111.746
G0 X117.649 Y111.746
G0 X111.72 Y110.277
G1 F1500 E26.82537
G0 F7200 X110.962 Y110.234
;TIME_ELAPSED:116.496944
;LAYER:6
;TYPE:WALL-OUTER
;MESH:output_v2\B_media_suporte.stl
G1 F1800 X111.065 Y110.195 E26.82675
G1 X111.066 Y110.665 E26.83264
G1 X110.832 Y110.756 E26.83579
G1 X110.618 Y110.812 E26.83856
G1 X110.617 Y110.327 E26.84465
G1 X110.962 Y110.234 E26.84913
G0 F7200 X111.065 Y110.195
G0 X111.065 Y110.285
G0 X110.776 Y110.699
G1 F1500 E20.34913
G0 F7200 X110.77 Y110.669
G0 X111.054 Y113.211
G1 F1500 E26.84913
G0 F7200 X110.962 Y113.234
G1 F1800 X111.065 Y113.195 E26.85051
G1 X111.066 Y113.665 E26.8564
G1 X110.832 Y113.756 E26.85955
G1 X110.618 Y113.812 E26.86233
G1 X110.617 Y113.327 E26.86841
G1 X110.962 Y113.234 E26.87289
G0 F7200 X111.065 Y113.195
G0 X111.065 Y113.285
G0 X110.776 Y113.699
G1 F1500 E20.37289
G0 F7200 X110.77 Y113.669
G0 X111.054 Y116.211
G1 F1500 E26.87289
G0 F7200 X110.962 Y116.234
G1 F1800 X111.065 Y116.195 E26.87427
G1 X111.066 Y116.665 E26.88016
G1 X110.832 Y116.756 E26.88331
G1 X110.618 Y116.812 E26.88609
G1 X110.618 Y116.326 E26.89218
G1 X110.962 Y116.234 E26.89665
G0 F7200 X111.065 Y116.195
G0 X111.065 Y116.285
G0 X110.871 Y116.528
;TYPE:SKIN
G1 F1800 X110.816 Y116.473 E26.89713
G0 F7200 X110.748 Y116.36
G1 F1500 E20.39713
G0 F7200 X110.754 Y116.393
G0 X111.054 Y119.211
G1 F1500 E26.89713
G0 F7200 X110.962 Y119.234
;TYPE:WALL-OUTER
G1 F1800 X111.065 Y119.195 E26.89852
G1 X111.066 Y119.665 E26.90441
G1 X110.832 Y119.756 E26.90756
G1 X110.618 Y119.812 E26.91033
G1 X110.617 Y119.327 E26.91641
G1 X110.962 Y119.234 E26.92089
G0 F7200 X111.065 Y119.195
G0 X111.065 Y119.285
G0 X110.776 Y119.699
G0 X109.841 Y119.9
G1 F1800 X109.382 Y119.9 E26.92665
G1 X109.381 Y119.4 E26.93292
G1 X109.841 Y119.4 E26.93869
G1 X109.841 Y119.9 E26.94496
G0 F7200 X109.641 Y119.9
G0 X109.641 Y119.8
G1 F1500 E20.44496
G0 F7200 X110.136 Y118.536
G0 X111.911 Y117.963
G0 X116.07 Y119.4
G1 F1500 E26.94496
G0 F7200 X117.038 Y119.235
G1 F1800 X117.382 Y119.325 E26.94942
G1 X117.383 Y119.813 E26.95554
G1 X117.166 Y119.755 E26.95836
G1 X116.935 Y119.666 E26.96146
G1 X116.934 Y119.195 E26.96737
G1 X117.038 Y119.235 E26.96876
G0 F7200 X117.231 Y119.285
G0 X117.25 Y119.358
G1 F1500 E20.46876
G0 F7200 X117.24 Y119.39
G0 X118.638 Y119.331
G1 F1500 E26.96876
G0 F7200 X118.962 Y119.234
G1 F1800 X119.065 Y119.195 E26.97014
G1 X119.066 Y119.665 E26.97604
G1 X118.832 Y119.756 E26.97919
G1 X118.618 Y119.812 E26.98196
G1 X118.618 Y119.326 E26.98806
G1 X118.962 Y119.234 E26.99252
G0 F7200 X119.065 Y119.195
G0 X119.065 Y119.285
G0 X118.775 Y119.698
G1 F1500 E20.49252
G0 F7200 X118.769 Y119.67
G0 X118.63 Y116.797
G1 F1500 E26.99252
G0 F7200 X118.962 Y116.234
G1 F1800 X119.065 Y116.195 E26.9939
G1 X119.066 Y116.665 E26.9998
G1 X118.832 Y116.756 E27.00294
G1 X118.618 Y116.812 E27.00572
G1 X118.618 Y116.326 E27.01181
G1 X118.962 Y116.234 E27.01628
G0 F7200 X119.065 Y116.195
G0 X119.065 Y116.285
G0 X118.775 Y116.698
G1 F1500 E20.51628
G0 F7200 X118.769 Y116.67
G0 X117.362 Y116.331
G1 F1500 E27.01628
G0 F7200 X117.038 Y116.235
G1 F1800 X117.382 Y116.325 E27.02074
G1 X117.382 Y116.813 E27.02686
G1 X117.166 Y116.755 E27.02966
G1 X116.935 Y116.666 E27.03277
G1 X116.934 Y116.195 E27.03867
G1 X117.038 Y116.235 E27.04007
G0 F7200 X117.231 Y116.285
G0 X117.25 Y116.358
G1 F1500 E20.54007
G0 F7200 X117.24 Y116.39
G0 X117.371 Y113.798
G1 F1500 E27.04007
G0 F7200 X117.038 Y113.235
G1 F1800 X117.382 Y113.325 E27.04453
G1 X117.383 Y113.813 E27.05065
G1 X117.166 Y113.755 E27.05347
G1 X116.935 Y113.666 E27.05657
G1 X116.934 Y113.195 E27.06248
G1 X117.038 Y113.235 E27.06387
G0 F7200 X117.231 Y113.285
G0 X117.139 Y113.462
;TYPE:SKIN
G1 F1800 X117.186 Y113.509 E27.06429
G0 F7200 X117.335 Y113.509
G1 F1500 E20.56429
G0 F7200 X117.282 Y113.508
G0 X118.638 Y113.331
G1 F1500 E27.06429
G0 F7200 X118.962 Y113.234
;TYPE:WALL-OUTER
G1 F1800 X119.065 Y113.195 E27.06567
G1 X119.066 Y113.665 E27.07157
G1 X118.832 Y113.756 E27.07471
G1 X118.618 Y113.812 E27.07749
G1 X118.618 Y113.326 E27.08358
G1 X118.962 Y113.234 E27.08805
G0 F7200 X119.065 Y113.195
G0 X119.065 Y113.285
G0 X118.775 Y113.698
G1 F1500 E20.58805
G0 F7200 X118.769 Y113.67
G0 X118.63 Y110.797
G1 F1500 E27.08805
G0 F7200 X118.962 Y110.234
G1 F1800 X119.065 Y110.195 E27.08943
G1 X119.066 Y110.665 E27.09532
G1 X118.832 Y110.756 E27.09847
G1 X118.618 Y110.812 E27.10125
G1 X118.618 Y110.326 E27.10734
G1 X118.962 Y110.234 E27.11181
G0 F7200 X119.065 Y110.195
G0 X119.065 Y110.285
G0 X118.775 Y110.698
G1 F1500 E20.61181
G0 F7200 X118.769 Y110.67
G0 X117.382 Y110.333
G1 F1500 E27.11181
G0 F7200 X117.038 Y110.235
G1 F1800 X117.382 Y110.325 E27.11627
G1 X117.383 Y110.813 E27.12239
G1 X117.166 Y110.755 E27.1252
G1 X116.935 Y110.666 E27.12831
G1 X116.934 Y110.195 E27.13421
G1 X117.038 Y110.235 E27.13561
G0 F7200 X117.231 Y110.285
G0 X117.25 Y110.358
G1 F1500 E20.63561
G0 F7200 X117.24 Y110.39
G0 X119.911 Y108.963
G0 X124.07 Y110.331
G1 F1500 E27.13561
G0 F7200 X125.038 Y110.235
G1 F1800 X125.382 Y110.325 E27.14007
G1 X125.382 Y110.813 E27.14619
G1 X125.166 Y110.755 E27.14899
G1 X124.935 Y110.666 E27.1521
G1 X124.934 Y110.195 E27.15801
G1 X125.038 Y110.235 E27.1594
G0 F7200 X125.231 Y110.285
G0 X125.25 Y110.358
G1 F1500 E20.6594
G0 F7200 X125.24 Y110.39
G0 X126.632 Y110.339
G1 F1500 E27.1594
G0 F7200 X126.962 Y110.234
G1 F1800 X127.065 Y110.195 E27.16078
G1 X127.066 Y110.665 E27.16668
G1 X126.832 Y110.756 E27.16983
G1 X126.618 Y110.812 E27.1726
G1 X126.617 Y110.327 E27.17868
G1 X126.962 Y110.234 E27.18316
G0 F7200 X127.065 Y110.195
G0 X127.065 Y110.285
G0 X126.776 Y110.699
G1 F1500 E20.68316
G0 F7200 X126.77 Y110.669
G0 X127.054 Y113.211
G1 F1500 E27.18316
G0 F7200 X126.962 Y113.234
G1 F1800 X127.065 Y113.195 E27.18454
G1 X127.066 Y113.665 E27.19044
G1 X126.832 Y113.756 E27.19359
G1 X126.618 Y113.812 E27.19636
G1 X126.617 Y113.327 E27.20244
G1 X126.962 Y113.234 E27.20692
G0 F7200 X127.065 Y113.195
G0 X127.065 Y113.285
G0 X126.776 Y113.699
G1 F1500 E20.70692
G0 F7200 X126.77 Y113.669
G0 X125.362 Y113.339
G1 F1500 E27.20692
G0 F7200 X125.038 Y113.235
G1 F1800 X125.382 Y113.325 E27.21138
G1 X125.382 Y113.813 E27.2175
G1 X125.166 Y113.755 E27.22031
G1 X124.935 Y113.666 E27.22341
G1 X124.934 Y113.195 E27.22932
G1 X125.038 Y113.235 E27.23072
G0 F7200 X125.231 Y113.285
G0 X125.25 Y113.358
G1 F1500 E20.73072
G0 F7200 X125.24 Y113.39
G0 X124.945 Y116.211
G1 F1500 E27.23072
G0 F7200 X125.038 Y116.235
G1 F1800 X125.382 Y116.325 E27.23517
G1 X125.382 Y116.813 E27.24129
G1 X125.166 Y116.755 E27.2441
G1 X124.935 Y116.666 E27.2472
G1 X124.934 Y116.195 E27.25311
G1 X125.038 Y116.235 E27.25451
G0 F7200 X125.231 Y116.285
G0 X125.25 Y116.358
G1 F1500 E20.75451
G0 F7200 X125.24 Y116.39
G0 X126.638 Y116.328
G1 F1500 E27.25451
G0 F7200 X126.962 Y116.234
G1 F1800 X127.065 Y116.195 E27.25589
G1 X127.066 Y116.665 E27.26178
G1 X126.832 Y116.756 E27.26493
G1 X126.618 Y116.812 E27.2677
G1 X126.618 Y116.326 E27.2738
G1 X126.962 Y116.234 E27.27826
G0 F7200 X127.065 Y116.195
G0 X127.065 Y116.285
G0 X126.775 Y116.698
G1 F1500 E20.77826
G0 F7200 X126.769 Y116.67
G0 X127.054 Y119.211
G1 F1500 E27.27826
G0 F7200 X126.962 Y119.234
G1 F1800 X127.065 Y119.195 E27.27965
G1 X127.066 Y119.665 E27.28554
G1 X126.832 Y119.756 E27.28869
G1 X126.618 Y119.812 E27.29146
G1 X126.617 Y119.327 E27.29754
G1 X126.962 Y119.234 E27.30203
G0 F7200 X127.065 Y119.195
G0 X127.065 Y119.285
G0 X126.87 Y119.516
;TYPE:SKIN
G1 F1800 X126.827 Y119.473 E27.30241
G0 F7200 X126.758 Y119.356
G1 F1500 E20.80241
G0 F7200 X126.767 Y119.39
G0 X125.362 Y119.339
G1 F1500 E27.30241
G0 F7200 X125.038 Y119.235
;TYPE:WALL-OUTER
G1 F1800 X125.382 Y119.325 E27.30687
G1 X125.382 Y119.813 E27.31299
G1 X125.166 Y119.755 E27.31579
G1 X124.935 Y119.666 E27.31889
G1 X124.934 Y119.195 E27.3248
G1 X125.038 Y119.235 E27.3262
G0 F7200 X125.231 Y119.285
G0 X125.129 Y119.472
;TYPE:SKIN
G1 F1800 X125.186 Y119.529 E27.3267
G0 F7200 X125.335 Y119.53
G1 F1500 E20.8267
G0 F7200 X125.282 Y119.53
G0 X125.645 Y118.501
G0 X127.911 Y117.963
G0 X132.07 Y119.316
G1 F1500 E27.3267
G0 F7200 X133.038 Y119.235
;TYPE:WALL-OUTER
G1 F1800 X133.382 Y119.325 E27.33116
G1 X133.383 Y119.813 E27.33728
G1 X133.166 Y119.755 E27.3401
G1 X132.935 Y119.666 E27.3432
G1 X132.934 Y119.195 E27.34911
G1 X133.038 Y119.235 E27.35051
G0 F7200 X133.231 Y119.285
G0 X133.25 Y119.358
G1 F1500 E20.85051
G0 F7200 X133.24 Y119.39
G0 X133.37 Y116.798
G1 F1500 E27.35051
G0 F7200 X133.038 Y116.235
G1 F1800 X133.382 Y116.325 E27.35497
G1 X133.382 Y116.813 E27.36109
G1 X133.166 Y116.755 E27.36389
G1 X132.935 Y116.666 E27.367
G1 X132.934 Y116.195 E27.3729
G1 X133.038 Y116.235 E27.3743
G0 F7200 X133.231 Y116.285
G0 X133.154 Y116.466
;TYPE:SKIN
G1 F1800 X133.186 Y116.498 E27.37458
G0 F7200 X133.335 Y116.499
G1 F1500 E20.87458
G0 F7200 X133.282 Y116.499
G0 X133.371 Y113.798
G1 F1500 E27.37458
G0 F7200 X133.038 Y113.235
;TYPE:WALL-OUTER
G1 F1800 X133.382 Y113.325 E27.37904
G1 X133.383 Y113.813 E27.38516
G1 X133.166 Y113.755 E27.38798
G1 X132.935 Y113.666 E27.39108
G1 X132.934 Y113.195 E27.39699
G1 X133.038 Y113.235 E27.39839
G0 F7200 X133.231 Y113.285
G0 X133.25 Y113.358
G1 F1500 E20.89839
G0 F7200 X133.24 Y113.39
G0 X133.371 Y110.798
G1 F1500 E27.39839
G0 F7200 X133.038 Y110.235
G1 F1800 X133.382 Y110.325 E27.40285
G1 X133.383 Y110.813 E27.40897
G1 X133.166 Y110.755 E27.41178
G1 X132.935 Y110.666 E27.41489
G1 X132.934 Y110.195 E27.42079
G1 X133.038 Y110.235 E27.42219
G0 F7200 X133.231 Y110.285
G0 X133.129 Y110.501
;TYPE:SKIN
G1 F1800 X133.178 Y110.551 E27.42263
G0 F7200 X133.168 Y110.682
G1 F1500 E20.92263
;MESH:NONMESH
G0 F600 X133.168 Y110.682 Z1.6
G0 F7200 X133.181 Y110.654
G0 X132.07 Y110.283
G0 X126.233 Y111.816
G0 X117.767 Y111.818
G0 X111.93 Y110.327
G1 F1500 E27.42263
G0 F7200 X110.962 Y110.235
;TIME_ELAPSED:133.387725
;LAYER:7
;TYPE:WALL-OUTER
;MESH:output_v2\B_media_suporte.stl
G1 F1800 X111.275 Y110.114 E27.42684
G1 X111.275 Y110.58 E27.43268
G1 X111.225 Y110.604 E27.43338
G1 X110.836 Y110.754 E27.43861
G1 X110.836 Y110.268 E27.4447
G1 X110.962 Y110.235 E27.44633
G0 F7200 X111.148 Y110.163
G0 X110.875 Y110.537
G1 F1500 E20.94633
G0 F7200 X110.936 Y110.537
G0 X111.264 Y113.13
G1 F1500 E27.44633
G0 F7200 X110.962 Y113.235
G1 F1800 X111.275 Y113.114 E27.45054
G1 X111.275 Y113.58 E27.45639
G1 X111.225 Y113.604 E27.45708
G1 X110.836 Y113.754 E27.46231
G1 X110.836 Y113.268 E27.4684
G1 X110.962 Y113.235 E27.47004
G0 F7200 X111.148 Y113.163
G0 X110.875 Y113.537
G1 F1500 E20.97004
G0 F7200 X110.936 Y113.537
G0 X111.264 Y116.13
G1 F1500 E27.47004
G0 F7200 X110.962 Y116.235
G1 F1800 X111.275 Y116.114 E27.47425
G1 X111.276 Y116.579 E27.48008
G1 X111.22 Y116.606 E27.48086
G1 X110.836 Y116.754 E27.48602
G1 X110.836 Y116.268 E27.49211
G1 X110.962 Y116.235 E27.49375
G0 F7200 X111.148 Y116.163
G0 X110.875 Y116.537
G1 F1500 E20.99375
G0 F7200 X110.936 Y116.537
G0 X111.264 Y119.13
G1 F1500 E27.49375
G0 F7200 X110.962 Y119.235
G1 F1800 X111.275 Y119.114 E27.49795
G1 X111.276 Y119.579 E27.50379
G1 X111.22 Y119.606 E27.50456
G1 X110.836 Y119.754 E27.50973
G1 X110.836 Y119.268 E27.51582
G1 X110.962 Y119.235 E27.51745
G0 F7200 X111.148 Y119.163
G0 X110.875 Y119.537
G0 X110.936 Y119.537
G0 X109.738 Y119.738
G0 X109.758 Y119.9
G1 F1800 X109.328 Y119.9 E27.52285
G1 X109.327 Y119.4 E27.52912
G1 X109.758 Y119.4 E27.53452
G1 X109.758 Y119.9 E27.54079
G0 F7200 X109.558 Y119.9
G0 X109.558 Y119.8
G1 F1500 E21.04079
G0 F7200 X110.225 Y118.536
G0 X112.12 Y117.774
G0 X115.86 Y119.401
G0 X117.008 Y119.33
G1 F1500 E27.54079
G0 F7200 X117.038 Y119.235
G1 F1800 X117.164 Y119.268 E27.54242
G1 X117.164 Y119.754 E27.54852
G1 X116.775 Y119.604 E27.55134
G1 X116.725 Y119.58 E27.55204
G1 X116.724 Y119.114 E27.55788
G1 X117.038 Y119.235 E27.55956
G0 F7200 X117.164 Y119.268
G0 X117.164 Y119.338
G0 X117.125 Y119.339
G1 F1500 E21.05956
G0 F7200 X117.062 Y119.344
G0 X118.856 Y119.33
G1 F1500 E27.55956
G0 F7200 X118.962 Y119.235
G1 F1800 X119.275 Y119.114 E27.56376
G1 X119.276 Y119.579 E27.5696
G1 X119.22 Y119.606 E27.57037
G1 X118.836 Y119.754 E27.57554
G1 X118.836 Y119.268 E27.58163
G1 X118.962 Y119.235 E27.58326
G0 F7200 X119.148 Y119.163
G0 X118.875 Y119.537
G1 F1500 E21.08326
G0 F7200 X118.936 Y119.537
G0 X118.847 Y116.738
G1 F1500 E27.58326
G0 F7200 X118.962 Y116.235
G1 F1800 X119.275 Y116.114 E27.58747
G1 X119.276 Y116.579 E27.5933
G1 X119.22 Y116.606 E27.59408
G1 X118.836 Y116.754 E27.59924
G1 X118.836 Y116.268 E27.60534
G1 X118.962 Y116.235 E27.60697
G0 F7200 X119.148 Y116.163
G0 X118.875 Y116.537
G1 F1500 E21.10697
G0 F7200 X118.936 Y116.537
G0 X117.144 Y116.33
G1 F1500 E27.60697
G0 F7200 X117.038 Y116.235
G1 F1800 X117.164 Y116.268 E27.6086
G1 X117.164 Y116.754 E27.6147
G1 X116.775 Y116.604 E27.61752
G1 X116.725 Y116.58 E27.61822
G1 X116.724 Y116.114 E27.62406
G1 X117.038 Y116.235 E27.62574
G0 F7200 X117.164 Y116.268
G0 X117.164 Y116.338
G0 X117.125 Y116.339
G1 F1500 E21.12574
G0 F7200 X117.062 Y116.344
G0 X117.153 Y113.738
G1 F1500 E27.62574
G0 F7200 X117.038 Y113.235
G1 F1800 X117.164 Y113.268 E27.62737
G1 X117.164 Y113.754 E27.63346
G1 X116.775 Y113.604 E27.63629
G1 X116.725 Y113.58 E27.63698
G1 X116.724 Y113.114 E27.64283
G1 X117.038 Y113.235 E27.6445
G0 F7200 X117.164 Y113.268
G0 X117.164 Y113.338
G0 X117.125 Y113.339
G1 F1500 E21.1445
G0 F7200 X117.062 Y113.344
G0 X118.856 Y113.33
G1 F1500 E27.6445
G0 F7200 X118.962 Y113.235
G1 F1800 X119.275 Y113.114 E27.64871
G1 X119.275 Y113.58 E27.65455
G1 X119.225 Y113.604 E27.65525
G1 X118.836 Y113.754 E27.66048
G1 X118.836 Y113.268 E27.66657
G1 X118.962 Y113.235 E27.6682
G0 F7200 X119.148 Y113.163
G0 X119.079 Y113.417
;TYPE:SKIN
G1 F1800 X119.03 Y113.466 E27.66864
G0 F7200 X118.875 Y113.466
G1 F1500 E21.16864
G0 F7200 X118.936 Y113.466
G0 X118.847 Y110.738
G1 F1500 E27.66864
G0 F7200 X118.962 Y110.235
;TYPE:WALL-OUTER
G1 F1800 X119.275 Y110.114 E27.67285
G1 X119.275 Y110.58 E27.67869
G1 X119.225 Y110.604 E27.67939
G1 X118.836 Y110.754 E27.68461
G1 X118.836 Y110.268 E27.69071
G1 X118.962 Y110.235 E27.69234
G0 F7200 X119.148 Y110.163
G0 X118.875 Y110.537
G1 F1500 E21.19234
G0 F7200 X118.936 Y110.537
G0 X117.144 Y110.33
G1 F1500 E27.69234
G0 F7200 X117.038 Y110.235
G1 F1800 X117.164 Y110.268 E27.69398
G1 X117.164 Y110.754 E27.70007
G1 X116.775 Y110.604 E27.70289
G1 X116.725 Y110.58 E27.70359
G1 X116.724 Y110.114 E27.70943
G1 X117.038 Y110.235 E27.71111
G0 F7200 X117.164 Y110.268
G0 X117.164 Y110.338
G0 X117.125 Y110.339
G1 F1500 E21.21111
G0 F7200 X117.062 Y110.344
G0 X123.86 Y110.315
G0 X125.008 Y110.33
G1 F1500 E27.71111
G0 F7200 X125.038 Y110.235
G1 F1800 X125.164 Y110.268 E27.71274
G1 X125.164 Y110.754 E27.71884
G1 X124.775 Y110.604 E27.72166
G1 X124.725 Y110.58 E27.72235
G1 X124.724 Y110.114 E27.7282
G1 X125.038 Y110.235 E27.72987
G0 F7200 X125.164 Y110.268
G0 X125.164 Y110.338
G0 X125.125 Y110.339
G1 F1500 E21.22987
G0 F7200 X125.062 Y110.344
G0 X126.856 Y110.33
G1 F1500 E27.72987
G0 F7200 X126.962 Y110.235
G1 F1800 X127.275 Y110.114 E27.73408
G1 X127.275 Y110.58 E27.73992
G1 X127.225 Y110.604 E27.74062
G1 X126.836 Y110.754 E27.74585
G1 X126.836 Y110.268 E27.75194
G1 X126.962 Y110.235 E27.75358
G0 F7200 X127.148 Y110.163
G0 X126.875 Y110.537
G1 F1500 E21.25358
G0 F7200 X126.936 Y110.537
G0 X127.264 Y113.13
G1 F1500 E27.75358
G0 F7200 X126.962 Y113.235
G1 F1800 X127.275 Y113.114 E27.75778
G1 X127.275 Y113.58 E27.76363
G1 X127.225 Y113.604 E27.76432
G1 X126.836 Y113.754 E27.76955
G1 X126.836 Y113.268 E27.77565
G1 X126.962 Y113.235 E27.77728
G0 F7200 X127.148 Y113.163
G0 X126.875 Y113.537
G1 F1500 E21.27728
G0 F7200 X126.936 Y113.537
G0 X125.144 Y113.33
G1 F1500 E27.77728
G0 F7200 X125.038 Y113.235
G1 F1800 X125.164 Y113.268 E27.77891
G1 X125.164 Y113.754 E27.78501
G1 X124.775 Y113.604 E27.78783
G1 X124.725 Y113.58 E27.78853
G1 X124.724 Y113.114 E27.79437
G1 X125.038 Y113.235 E27.79604
G0 F7200 X125.164 Y113.268
G0 X125.164 Y113.338
G0 X125.125 Y113.339
G0 X125.062 Y113.344
G0 X124.735 Y116.13
G0 X125.038 Y116.235
G1 F1800 X125.164 Y116.268 E27.79768
G1 X125.164 Y116.754 E27.80377
G1 X124.775 Y116.604 E27.8066
G1 X124.725 Y116.58 E27.80729
G1 X124.724 Y116.114 E27.81313
G1 X125.038 Y116.235 E27.81481
G0 F7200 X125.164 Y116.268
G0 X125.164 Y116.338
G0 X125.125 Y116.339
G0 X125.062 Y116.344
G0 X126.856 Y116.33
G0 X126.962 Y116.235
G1 F1800 X127.275 Y116.114 E27.81902
G1 X127.275 Y116.58 E27.82486
G1 X127.225 Y116.604 E27.82556
G1 X126.836 Y116.754 E27.83078
G1 X126.836 Y116.268 E27.83688
G1 X126.962 Y116.235 E27.83851
G0 F7200 X127.148 Y116.163
G0 X126.875 Y116.537
G0 X126.936 Y116.537
G0 X127.264 Y119.13
G0 X126.962 Y119.235
G1 F1800 X127.275 Y119.114 E27.84272
G1 X127.276 Y119.579 E27.84855
G1 X127.22 Y119.606 E27.84933
G1 X126.836 Y119.754 E27.85449
G1 X126.836 Y119.268 E27.86059
G1 X126.962 Y119.235 E27.86222
G0 F7200 X127.148 Y119.163
G0 X126.875 Y119.537
G1 F1500 E21.36222
G0 F7200 X126.936 Y119.537
G0 X125.144 Y119.33
G1 F1500 E27.86222
G0 F7200 X125.038 Y119.235
G1 F1800 X125.164 Y119.268 E27.86385
G1 X125.164 Y119.754 E27.86995
G1 X124.775 Y119.604 E27.87277
G1 X124.725 Y119.58 E27.87347
G1 X124.725 Y119.114 E27.87931
G1 X125.038 Y119.235 E27.88098
G0 F7200 X125.164 Y119.268
G0 X125.164 Y119.338
G0 X124.962 Y119.414
;TYPE:SKIN
G1 F1800 X124.923 Y119.452 E27.88132
G0 F7200 X124.867 Y119.597
G1 F1500 E21.38132
G0 F7200 X124.889 Y119.541
G0 X126.029 Y119.33
G0 X131.86 Y119.315
G0 X133.008 Y119.33
G1 F1500 E27.88132
G0 F7200 X133.038 Y119.235
;TYPE:WALL-OUTER
G1 F1800 X133.164 Y119.268 E27.88295
G1 X133.164 Y119.754 E27.88905
G1 X132.775 Y119.604 E27.89187
G1 X132.725 Y119.58 E27.89256
G1 X132.724 Y119.114 E27.89841
G1 X133.038 Y119.235 E27.90008
G0 F7200 X133.164 Y119.268
G0 X133.164 Y119.338
G0 X133.125 Y119.339
G0 X133.062 Y119.344
G0 X133.153 Y116.738
G0 X133.038 Y116.235
G1 F1800 X133.164 Y116.268 E27.90172
G1 X133.164 Y116.754 E27.90781
G1 X132.775 Y116.604 E27.91063
G1 X132.725 Y116.58 E27.91133
G1 X132.724 Y116.114 E27.91717
G1 X133.038 Y116.235 E27.91885
G0 F7200 X133.164 Y116.268
G0 X133.164 Y116.338
G0 X133.125 Y116.339
G1 F1500 E21.41885
G0 F7200 X133.062 Y116.344
G0 X133.153 Y113.738
G1 F1500 E27.91885
G0 F7200 X133.038 Y113.235
G1 F1800 X133.164 Y113.268 E27.92048
G1 X133.164 Y113.754 E27.92657
G1 X132.775 Y113.604 E27.9294
G1 X132.725 Y113.58 E27.93009
G1 X132.724 Y113.114 E27.93594
G1 X133.038 Y113.235 E27.93761
G0 F7200 X133.164 Y113.268
G0 X133.164 Y113.338
G0 X133.125 Y113.339
G1 F1500 E21.43761
G0 F7200 X133.062 Y113.344
G0 X133.153 Y110.738
G1 F1500 E27.93761
G0 F7200 X133.038 Y110.235
G1 F1800 X133.164 Y110.268 E27.93924
G1 X133.164 Y110.754 E27.94534
G1 X132.775 Y110.604 E27.94816
G1 X132.725 Y110.58 E27.94886
G1 X132.724 Y110.114 E27.9547
G1 X133.038 Y110.235 E27.95638
G0 F7200 X133.164 Y110.268
G0 X133.164 Y110.338
G0 X133.125 Y110.339
G1 F1500 E21.45638
;MESH:NONMESH
G0 F600 X133.125 Y110.339 Z1.8
G0 F7200 X133.062 Y110.344
G0 X131.86 Y110.131
G0 X128.121 Y108.774
G0 X115.877 Y108.769
G0 X112.14 Y110.13
G1 F1500 E27.95638
G0 F7200 X111.38 Y110.074
;TIME_ELAPSED:148.079719
;LAYER:8
;TYPE:WALL-OUTER
;MESH:output_v2\B_media_suporte.stl
G1 F1800 X111.485 Y110.023 E27.95784
G1 X111.485 Y110.478 E27.96355
G1 X111.225 Y110.604 E27.96717
G1 X111.046 Y110.673 E27.96957
G1 X111.046 Y110.202 E27.97548
G1 X111.38 Y110.074 E27.97997
G0 F7200 X111.485 Y110.023
G0 X111.485 Y110.107
G0 X111.254 Y110.551
G1 F1500 E21.47997
G0 F7200 X111.228 Y110.491
G0 X111.475 Y113.04
G1 F1500 E27.97997
G0 F7200 X111.38 Y113.074
G1 F1800 X111.485 Y113.023 E27.98143
G1 X111.485 Y113.478 E27.98714
G1 X111.225 Y113.604 E27.99076
G1 X111.046 Y113.673 E27.99316
G1 X111.046 Y113.202 E27.99907
G1 X111.38 Y113.074 E28.00356
G0 F7200 X111.485 Y113.023
G0 X111.485 Y113.107
G0 X111.254 Y113.551
G1 F1500 E21.50356
G0 F7200 X111.228 Y113.491
G0 X111.475 Y116.04
G1 F1500 E28.00356
G0 F7200 X111.38 Y116.074
G1 F1800 X111.485 Y116.023 E28.00502
G1 X111.486 Y116.477 E28.01071
G1 X111.22 Y116.606 E28.01442
G1 X111.046 Y116.673 E28.01676
G1 X111.046 Y116.202 E28.02267
G1 X111.38 Y116.074 E28.02715
G0 F7200 X111.485 Y116.023
G0 X111.485 Y116.107
G0 X111.255 Y116.551
G1 F1500 E21.52715
G0 F7200 X111.227 Y116.491
G0 X111.475 Y119.04
G1 F1500 E28.02715
G0 F7200 X111.38 Y119.074
G1 F1800 X111.485 Y119.023 E28.02862
G1 X111.486 Y119.477 E28.03431
G1 X111.22 Y119.606 E28.03802
G1 X111.046 Y119.673 E28.04035
G1 X111.046 Y119.202 E28.04626
G1 X111.38 Y119.074 E28.05075
G0 F7200 X111.485 Y119.023
G0 X111.485 Y119.107
G0 X111.255 Y119.551
G1 F1500 E21.55075
G0 F7200 X111.227 Y119.491
G0 X109.681 Y119.657
G1 F1500 E28.05075
G0 F7200 X109.701 Y119.9
G1 F1800 X109.277 Y119.9 E28.05606
G1 X109.276 Y119.4 E28.06233
G1 X109.701 Y119.4 E28.06766
G1 X109.701 Y119.9 E28.07393
G0 F7200 X109.501 Y119.9
G0 X109.501 Y119.8
G1 F1500 E21.57393
G0 F7200 X110.193 Y118.547
G0 X112.33 Y117.672
G0 X115.65 Y119.402
G1 F1500 E28.07393
G0 F7200 X116.62 Y119.074
G1 F1800 X116.954 Y119.202 E28.07842
G1 X116.954 Y119.673 E28.08433
G1 X116.775 Y119.604 E28.08673
G1 X116.515 Y119.478 E28.09035
G1 X116.514 Y119.022 E28.09607
G1 X116.62 Y119.074 E28.09755
G0 F7200 X116.807 Y119.145
G0 X116.826 Y119.183
G0 X116.801 Y119.249
G0 X119.062 Y119.213
G0 X119.38 Y119.074
G1 F1800 X119.485 Y119.023 E28.09902
G1 X119.486 Y119.477 E28.10471
G1 X119.22 Y119.606 E28.10842
G1 X119.046 Y119.673 E28.11076
G1 X119.046 Y119.202 E28.11666
G1 X119.38 Y119.074 E28.12115
G0 F7200 X119.485 Y119.023
G0 X119.485 Y119.107
G0 X119.255 Y119.551
G0 X119.227 Y119.491
G0 X119.057 Y116.657
G0 X119.38 Y116.074
G1 F1800 X119.485 Y116.023 E28.12261
G1 X119.486 Y116.477 E28.12831
G1 X119.22 Y116.606 E28.13201
G1 X119.046 Y116.673 E28.13435
G1 X119.046 Y116.202 E28.14026
G1 X119.38 Y116.074 E28.14474
G0 F7200 X119.485 Y116.023
G0 X119.485 Y116.107
G0 X119.255 Y116.551
G0 X119.227 Y116.491
G0 X116.934 Y116.213
G0 X116.62 Y116.074
G1 F1800 X116.954 Y116.202 E28.14923
G1 X116.954 Y116.673 E28.15514
G1 X116.775 Y116.604 E28.15754
G1 X116.515 Y116.478 E28.16116
G1 X116.514 Y116.023 E28.16687
G1 X116.62 Y116.074 E28.16835
G0 F7200 X116.807 Y116.145
G0 X116.826 Y116.183
G0 X116.801 Y116.249
G0 X116.943 Y113.657
G0 X116.62 Y113.074
G1 F1800 X116.954 Y113.202 E28.17283
G1 X116.954 Y113.673 E28.17874
G1 X116.775 Y113.604 E28.18114
G1 X116.515 Y113.478 E28.18477
G1 X116.514 Y113.023 E28.19047
G1 X116.62 Y113.074 E28.19195
G0 F7200 X116.807 Y113.145
G0 X116.826 Y113.183
G0 X116.801 Y113.249
G0 X119.066 Y113.213
G0 X119.38 Y113.074
G1 F1800 X119.485 Y113.023 E28.19341
G1 X119.485 Y113.478 E28.19912
G1 X119.225 Y113.604 E28.20274
G1 X119.046 Y113.673 E28.20515
G1 X119.046 Y113.202 E28.21105
G1 X119.38 Y113.074 E28.21554
G0 F7200 X119.485 Y113.023
G0 X119.485 Y113.107
G0 X119.254 Y113.551
G0 X119.228 Y113.491
G0 X119.057 Y110.657
G0 X119.38 Y110.074
G1 F1800 X119.485 Y110.023 E28.217
G1 X119.485 Y110.478 E28.22271
G1 X119.225 Y110.604 E28.22633
G1 X119.046 Y110.673 E28.22874
G1 X119.046 Y110.202 E28.23464
G1 X119.38 Y110.074 E28.23913
G0 F7200 X119.485 Y110.023
G0 X119.485 Y110.107
G0 X119.254 Y110.551
G1 F1500 E21.73913
G0 F7200 X119.228 Y110.491
G0 X116.934 Y110.213
G1 F1500 E28.23913
G0 F7200 X116.62 Y110.074
G1 F1800 X116.954 Y110.202 E28.24361
G1 X116.954 Y110.673 E28.24952
G1 X116.775 Y110.604 E28.25193
G1 X116.515 Y110.478 E28.25555
G1 X116.514 Y110.023 E28.26126
G1 X116.62 Y110.074 E28.26273
G0 F7200 X116.807 Y110.145
G0 X116.826 Y110.183
G0 X116.801 Y110.249
G0 X117.819 Y110.213
G0 X120.331 Y108.672
G0 X123.65 Y110.198
G0 X124.62 Y110.074
G1 F1800 X124.954 Y110.202 E28.26722
G1 X124.954 Y110.673 E28.27312
G1 X124.775 Y110.604 E28.27553
G1 X124.515 Y110.478 E28.27915
G1 X124.514 Y110.023 E28.28486
G1 X124.62 Y110.074 E28.28633
G0 F7200 X124.807 Y110.145
G0 X124.826 Y110.183
G0 X124.801 Y110.249
G0 X127.066 Y110.213
G0 X127.38 Y110.074
G1 F1800 X127.485 Y110.023 E28.2878
G1 X127.485 Y110.478 E28.2935
G1 X127.225 Y110.604 E28.29713
G1 X127.046 Y110.673 E28.29953
G1 X127.046 Y110.202 E28.30544
G1 X127.38 Y110.074 E28.30992
G0 F7200 X127.485 Y110.023
G0 X127.485 Y110.107
G0 X127.254 Y110.551
G0 X127.228 Y110.491
G0 X127.475 Y113.04
G0 X127.38 Y113.074
G1 F1800 X127.485 Y113.023 E28.31139
G1 X127.485 Y113.478 E28.31709
G1 X127.225 Y113.604 E28.32072
G1 X127.046 Y113.673 E28.32312
G1 X127.046 Y113.202 E28.32903
G1 X127.38 Y113.074 E28.33351
G0 F7200 X127.485 Y113.023
G0 X127.485 Y113.107
G0 X127.254 Y113.551
G0 X127.228 Y113.491
G0 X124.934 Y113.213
G0 X124.62 Y113.074
G1 F1800 X124.954 Y113.202 E28.338
G1 X124.954 Y113.673 E28.34391
G1 X124.775 Y113.604 E28.34631
G1 X124.515 Y113.478 E28.34993
G1 X124.514 Y113.023 E28.35564
G1 X124.62 Y113.074 E28.35712
G0 F7200 X124.807 Y113.145
G0 X124.826 Y113.183
G0 X124.801 Y113.249
G0 X124.524 Y116.039
G0 X124.62 Y116.074
G1 F1800 X124.954 Y116.202 E28.3616
G1 X124.954 Y116.673 E28.36751
G1 X124.775 Y116.604 E28.36991
G1 X124.515 Y116.478 E28.37354
G1 X124.514 Y116.023 E28.37924
G1 X124.62 Y116.074 E28.38072
G0 F7200 X124.807 Y116.145
G0 X124.826 Y116.183
G0 X124.801 Y116.249
G0 X127.066 Y116.213
G0 X127.38 Y116.074
G1 F1800 X127.485 Y116.023 E28.38218
G1 X127.485 Y116.478 E28.38789
G1 X127.225 Y116.604 E28.39151
G1 X127.046 Y116.673 E28.39392
G1 X127.046 Y116.202 E28.39982
G1 X127.38 Y116.074 E28.40431
G0 F7200 X127.485 Y116.023
G0 X127.485 Y116.107
G0 X127.254 Y116.551
G1 F1500 E21.90431
G0 F7200 X127.228 Y116.491
G0 X127.475 Y119.04
G1 F1500 E28.40431
G0 F7200 X127.38 Y119.074
G1 F1800 X127.485 Y119.023 E28.40577
G1 X127.486 Y119.477 E28.41147
G1 X127.22 Y119.606 E28.41517
G1 X127.046 Y119.673 E28.41751
G1 X127.046 Y119.202 E28.42342
G1 X127.38 Y119.074 E28.4279
G0 F7200 X127.485 Y119.023
G0 X127.485 Y119.107
G0 X127.255 Y119.551
G1 F1500 E21.9279
G0 F7200 X127.227 Y119.491
G0 X124.938 Y119.213
G1 F1500 E28.4279
G0 F7200 X124.62 Y119.074
G1 F1800 X124.954 Y119.202 E28.43239
G1 X124.954 Y119.673 E28.4383
G1 X124.775 Y119.604 E28.4407
G1 X124.515 Y119.478 E28.44432
G1 X124.515 Y119.023 E28.45003
G1 X124.62 Y119.074 E28.45149
G0 F7200 X124.807 Y119.145
G0 X124.826 Y119.183
G0 X124.801 Y119.249
G0 X125.819 Y119.213
G0 X128.33 Y117.672
G0 X131.65 Y119.199
G0 X132.62 Y119.074
G1 F1800 X132.954 Y119.202 E28.45598
G1 X132.954 Y119.673 E28.46189
G1 X132.775 Y119.604 E28.46429
G1 X132.515 Y119.478 E28.46791
G1 X132.514 Y119.022 E28.47363
G1 X132.62 Y119.074 E28.47511
G0 F7200 X132.807 Y119.145
G0 X132.826 Y119.183
G0 X132.801 Y119.249
G0 X132.943 Y116.657
G0 X132.62 Y116.074
G1 F1800 X132.954 Y116.202 E28.4796
G1 X132.954 Y116.673 E28.48551
G1 X132.775 Y116.604 E28.48791
G1 X132.515 Y116.478 E28.49153
G1 X132.514 Y116.023 E28.49724
G1 X132.62 Y116.074 E28.49872
G0 F7200 X132.807 Y116.145
G0 X132.826 Y116.183
G0 X132.801 Y116.249
G0 X132.943 Y113.657
G0 X132.62 Y113.074
G1 F1800 X132.954 Y113.202 E28.5032
G1 X132.954 Y113.673 E28.50911
G1 X132.775 Y113.604 E28.51151
G1 X132.515 Y113.478 E28.51514
G1 X132.514 Y113.023 E28.52084
G1 X132.62 Y113.074 E28.52232
G0 F7200 X132.807 Y113.145
G0 X132.826 Y113.183
G0 X132.801 Y113.249
G0 X132.943 Y110.657
G0 X132.62 Y110.074
G1 F1800 X132.954 Y110.202 E28.5268
G1 X132.954 Y110.673 E28.53271
G1 X132.775 Y110.604 E28.53512
G1 X132.515 Y110.478 E28.53874
G1 X132.514 Y110.023 E28.54444
G1 X132.62 Y110.074 E28.54592
G0 F7200 X132.807 Y110.145
G0 X132.826 Y110.183
;MESH:NONMESH
G0 F600 X132.826 Y110.183 Z2
G0 F7200 X132.801 Y110.249
G0 X131.65 Y110.04
G0 X128.331 Y108.672
G0 X115.667 Y108.669
G0 X112.35 Y110.039
G0 X111.379 Y110.074
;TIME_ELAPSED:156.414025
;LAYER:9
;TYPE:WALL-OUTER
;MESH:output_v2\B_media_suporte.stl
G1 F1800 X111.695 Y109.92 E28.55033
G1 X111.695 Y110.376 E28.55605
G1 X111.256 Y110.589 E28.56217
G1 X111.256 Y110.121 E28.56803
G1 X111.379 Y110.074 E28.56969
G0 F7200 X111.559 Y109.987
G0 X111.295 Y110.347
G1 F1500 E22.06969
G0 F7200 X111.356 Y110.347
G0 X111.685 Y112.936
G1 F1500 E28.56969
G0 F7200 X111.379 Y113.074
G1 F1800 X111.695 Y112.92 E28.57409
G1 X111.695 Y113.376 E28.57981
G1 X111.256 Y113.589 E28.58593
G1 X111.256 Y113.121 E28.5918
G1 X111.379 Y113.074 E28.59345
G0 F7200 X111.559 Y112.987
G0 X111.295 Y113.347
G0 X111.356 Y113.347
G0 X111.685 Y115.936
G0 X111.379 Y116.074
G1 F1800 X111.695 Y115.92 E28.59786
G1 X111.696 Y116.375 E28.60357
G1 X111.256 Y116.589 E28.6097
G1 X111.256 Y116.121 E28.61557
G1 X111.379 Y116.074 E28.61722
G0 F7200 X111.559 Y115.987
G0 X111.295 Y116.347
G1 F1500 E22.11722
G0 F7200 X111.356 Y116.347
G0 X111.685 Y118.936
G1 F1500 E28.61722
G0 F7200 X111.379 Y119.074
G1 F1800 X111.695 Y118.92 E28.62163
G1 X111.696 Y119.375 E28.62734
G1 X111.256 Y119.589 E28.63347
G1 X111.256 Y119.121 E28.63934
G1 X111.379 Y119.074 E28.64099
G0 F7200 X111.559 Y118.987
G0 X111.295 Y119.347
G1 F1500 E22.14099
G0 F7200 X111.356 Y119.347
G0 X109.647 Y119.576
G1 F1500 E28.64099
G0 F7200 X109.648 Y119.9
G1 F1800 X109.231 Y119.9 E28.64622
G1 X109.23 Y119.4 E28.65249
G1 X109.647 Y119.4 E28.65772
G1 X109.648 Y119.9 E28.66399
G0 F7200 X109.448 Y119.9
G0 X109.448 Y119.8
G0 X109.633 Y118.535
G0 X112.54 Y117.57
G0 X115.44 Y119.368
G0 X116.582 Y119.165
G0 X116.621 Y119.074
G1 F1800 X116.744 Y119.121 E28.66564
G1 X116.744 Y119.589 E28.67151
G1 X116.305 Y119.376 E28.67509
G1 X116.304 Y118.92 E28.68061
G1 X116.621 Y119.074 E28.68242
G0 F7200 X116.744 Y119.121
G0 X116.744 Y119.19
G0 X116.705 Y119.191
G1 F1500 E22.18242
G0 F7200 X116.644 Y119.191
G0 X119.276 Y119.165
G1 F1500 E28.68242
G0 F7200 X119.379 Y119.074
G1 F1800 X119.695 Y118.92 E28.68683
G1 X119.696 Y119.375 E28.69253
G1 X119.256 Y119.589 E28.69867
G1 X119.256 Y119.121 E28.70454
G1 X119.379 Y119.074 E28.70619
G0 F7200 X119.559 Y118.987
G0 X119.295 Y119.347
G0 X119.356 Y119.347
G0 X119.266 Y116.573
G0 X119.379 Y116.074
G1 F1800 X119.695 Y115.92 E28.7106
G1 X119.696 Y116.375 E28.7163
G1 X119.256 Y116.589 E28.72244
G1 X119.256 Y116.121 E28.72831
G1 X119.379 Y116.074 E28.72996
G0 F7200 X119.559 Y115.987
G0 X119.295 Y116.347
G1 F1500 E22.22996
G0 F7200 X119.356 Y116.347
G0 X116.724 Y116.165
G1 F1500 E28.72996
G0 F7200 X116.62 Y116.074
G1 F1800 X116.744 Y116.121 E28.73162
G1 X116.744 Y116.589 E28.73749
G1 X116.305 Y116.376 E28.74107
G1 X116.304 Y115.92 E28.74659
G1 X116.62 Y116.074 E28.74838
G0 F7200 X116.744 Y116.121
G0 X116.744 Y116.189
G0 X116.705 Y116.19
G1 F1500 E22.24838
G0 F7200 X116.644 Y116.19
G0 X116.734 Y113.573
G1 F1500 E28.74838
G0 F7200 X116.62 Y113.074
G1 F1800 X116.744 Y113.121 E28.75004
G1 X116.744 Y113.589 E28.75591
G1 X116.305 Y113.376 E28.75948
G1 X116.304 Y112.92 E28.765
G1 X116.62 Y113.074 E28.7668
G0 F7200 X116.744 Y113.121
G0 X116.744 Y113.189
G0 X116.705 Y113.19
G0 X116.644 Y113.19
G0 X119.276 Y113.165
G0 X119.379 Y113.074
G1 F1800 X119.695 Y112.92 E28.77121
G1 X119.695 Y113.376 E28.77692
G1 X119.256 Y113.589 E28.78304
G1 X119.256 Y113.121 E28.78891
G1 X119.379 Y113.074 E28.79056
G0 F7200 X119.559 Y112.987
G0 X119.295 Y113.347
G1 F1500 E22.29056
G0 F7200 X119.356 Y113.347
G0 X119.266 Y110.573
G1 F1500 E28.79056
G0 F7200 X119.379 Y110.074
G1 F1800 X119.695 Y109.92 E28.79497
G1 X119.695 Y110.376 E28.80069
G1 X119.256 Y110.589 E28.80681
G1 X119.256 Y110.121 E28.81268
G1 X119.379 Y110.074 E28.81433
G0 F7200 X119.559 Y109.987
G0 X119.295 Y110.347
G0 X119.356 Y110.347
G0 X116.724 Y110.165
G0 X116.62 Y110.074
G1 F1800 X116.744 Y110.121 E28.81599
G1 X116.744 Y110.589 E28.82186
G1 X116.305 Y110.376 E28.82544
G1 X116.304 Y109.92 E28.83095
G1 X116.62 Y110.074 E28.83275
G0 F7200 X116.744 Y110.121
G0 X116.744 Y110.189
G0 X116.705 Y110.19
G1 F1500 E22.33275
G0 F7200 X116.644 Y110.19
G0 X118.399 Y109.53
G0 X120.541 Y108.57
G0 X123.44 Y110.15
G0 X124.581 Y110.165
G1 F1500 E28.83275
G0 F7200 X124.62 Y110.074
G1 F1800 X124.744 Y110.121 E28.83441
G1 X124.744 Y110.589 E28.84028
G1 X124.305 Y110.376 E28.84385
G1 X124.304 Y109.92 E28.84937
G1 X124.62 Y110.074 E28.85117
G0 F7200 X124.744 Y110.121
G0 X124.744 Y110.189
G0 X124.705 Y110.19
G0 X124.644 Y110.19
G0 X127.276 Y110.165
G0 X127.379 Y110.074
G1 F1800 X127.695 Y109.92 E28.85557
G1 X127.695 Y110.376 E28.86129
G1 X127.256 Y110.589 E28.86741
G1 X127.256 Y110.121 E28.87328
G1 X127.379 Y110.074 E28.87493
G0 F7200 X127.559 Y109.987
G0 X127.295 Y110.347
G1 F1500 E22.37493
G0 F7200 X127.356 Y110.347
G0 X127.685 Y112.936
G1 F1500 E28.87493
G0 F7200 X127.379 Y113.074
G1 F1800 X127.695 Y112.92 E28.87934
G1 X127.695 Y113.376 E28.88506
G1 X127.256 Y113.589 E28.89118
G1 X127.256 Y113.121 E28.89705
G1 X127.379 Y113.074 E28.8987
G0 F7200 X127.559 Y112.987
G0 X127.295 Y113.347
G1 F1500 E22.3987
G0 F7200 X127.356 Y113.347
G0 X124.724 Y113.165
G1 F1500 E28.8987
G0 F7200 X124.62 Y113.074
G1 F1800 X124.744 Y113.121 E28.90036
G1 X124.744 Y113.589 E28.90623
G1 X124.305 Y113.376 E28.9098
G1 X124.304 Y112.92 E28.91532
G1 X124.62 Y113.074 E28.91712
G0 F7200 X124.744 Y113.121
G0 X124.744 Y113.189
G0 X124.705 Y113.19
G0 X124.644 Y113.19
G0 X124.314 Y115.936
G0 X124.62 Y116.074
G1 F1800 X124.744 Y116.121 E28.91878
G1 X124.744 Y116.589 E28.92465
G1 X124.305 Y116.376 E28.92822
G1 X124.304 Y115.92 E28.93374
G1 X124.62 Y116.074 E28.93554
G0 F7200 X124.744 Y116.121
G0 X124.744 Y116.189
G0 X124.705 Y116.19
G0 X124.644 Y116.19
G0 X127.276 Y116.165
G0 X127.379 Y116.074
G1 F1800 X127.695 Y115.92 E28.93994
G1 X127.695 Y116.376 E28.94566
G1 X127.256 Y116.589 E28.95178
G1 X127.256 Y116.121 E28.95765
G1 X127.379 Y116.074 E28.9593
G0 F7200 X127.559 Y115.987
G0 X127.295 Y116.347
G0 X127.356 Y116.347
G0 X127.685 Y118.936
G0 X127.379 Y119.074
G1 F1800 X127.695 Y118.92 E28.96371
G1 X127.696 Y119.375 E28.96942
G1 X127.256 Y119.589 E28.97555
G1 X127.256 Y119.121 E28.98142
G1 X127.379 Y119.074 E28.98307
G0 F7200 X127.559 Y118.987
G0 X127.295 Y119.347
G0 X127.356 Y119.347
G0 X124.724 Y119.165
G0 X124.621 Y119.074
G1 F1800 X124.744 Y119.121 E28.98472
G1 X124.744 Y119.589 E28.99059
G1 X124.305 Y119.376 E28.99417
G1 X124.304 Y118.92 E28.99969
G1 X124.621 Y119.074 E29.0015
G0 F7200 X124.744 Y119.121
G0 X124.744 Y119.19
G0 X124.705 Y119.191
G0 X124.644 Y119.191
G0 X126.399 Y118.53
G0 X128.54 Y117.57
G0 X131.44 Y119.151
G0 X132.582 Y119.165
G0 X132.621 Y119.074
G1 F1800 X132.744 Y119.121 E29.00315
G1 X132.744 Y119.589 E29.00902
G1 X132.305 Y119.376 E29.0126
G1 X132.304 Y118.92 E29.01812
G1 X132.621 Y119.074 E29.01993
G0 F7200 X132.744 Y119.121
G0 X132.744 Y119.19
G0 X132.705 Y119.191
G0 X132.644 Y119.191
G0 X132.734 Y116.573
G0 X132.62 Y116.074
G1 F1800 X132.744 Y116.121 E29.02159
G1 X132.744 Y116.589 E29.02746
G1 X132.305 Y116.376 E29.03104
G1 X132.304 Y115.92 E29.03656
G1 X132.62 Y116.074 E29.03835
G0 F7200 X132.744 Y116.121
G0 X132.744 Y116.189
G0 X132.705 Y116.19
G0 X132.644 Y116.19
G0 X132.734 Y113.573
G0 X132.62 Y113.074
G1 F1800 X132.744 Y113.121 E29.04001
G1 X132.744 Y113.589 E29.04588
G1 X132.305 Y113.376 E29.04945
G1 X132.304 Y112.92 E29.05497
G1 X132.62 Y113.074 E29.05677
G0 F7200 X132.744 Y113.121
G0 X132.744 Y113.189
G0 X132.705 Y113.19
G0 X132.644 Y113.19
G0 X132.734 Y110.573
G0 X132.62 Y110.074
G1 F1800 X132.744 Y110.121 E29.05843
G1 X132.744 Y110.589 E29.0643
G1 X132.305 Y110.376 E29.06787
G1 X132.304 Y109.92 E29.07339
G1 X132.62 Y110.074 E29.07519
G0 F7200 X132.744 Y110.121
G0 X132.744 Y110.189
G0 X132.705 Y110.19
G1 F1500 E22.57519
;MESH:NONMESH
G0 F600 X132.705 Y110.19 Z2.2
G0 F7200 X132.644 Y110.19
G0 X131.44 Y110.23
G0 X126.409 Y111.822
G0 X120.553 Y110.913
G0 X119.563 Y111.4
G0 X118.409 Y111.822
G0 X112.56 Y110.229
G1 F1500 E29.07519
G0 F7200 X111.905 Y110.274
;TIME_ELAPSED:166.454962
;LAYER:10
;TYPE:WALL-OUTER
;MESH:output_v2\B_media_suporte.stl
G1 F1800 X111.466 Y110.487 E29.0813
G1 X111.466 Y110.032 E29.08701
G1 X111.905 Y109.819 E29.09313
G1 X111.905 Y110.274 E29.09884
G0 F7200 X111.725 Y110.361
G0 X111.721 Y110.353
G0 X111.684 Y110.27
G0 X111.895 Y112.835
G0 X111.905 Y113.274
G1 F1800 X111.466 Y113.487 E29.10495
G1 X111.466 Y113.032 E29.11066
G1 X111.905 Y112.819 E29.11678
G1 X111.905 Y113.274 E29.12249
G0 F7200 X111.725 Y113.361
G0 X111.721 Y113.353
G0 X111.684 Y113.27
G0 X111.895 Y115.834
G0 X111.906 Y116.273
G1 F1800 X111.466 Y116.487 E29.12862
G1 X111.466 Y116.032 E29.13433
G1 X111.905 Y115.818 E29.14045
G1 X111.906 Y116.273 E29.14616
G0 F7200 X111.727 Y116.36
G0 X111.723 Y116.351
G0 X111.686 Y116.27
G0 X111.895 Y118.834
G0 X111.906 Y119.273
G1 F1800 X111.466 Y119.487 E29.15229
G1 X111.466 Y119.032 E29.158
G1 X111.905 Y118.818 E29.16412
G1 X111.906 Y119.273 E29.16983
G0 F7200 X111.727 Y119.36
G0 X111.723 Y119.351
G0 X111.686 Y119.27
G0 X109.609 Y119.474
G0 X109.61 Y119.9
G1 F1800 X109.197 Y119.9 E29.17501
G1 X109.196 Y119.4 E29.18128
G1 X109.609 Y119.4 E29.18646
G1 X109.61 Y119.9 E29.19273
G0 F7200 X109.41 Y119.9
G0 X109.41 Y119.8
G0 X110.474 Y119.412
G0 X110.619 Y120.743
G0 X115.23 Y119.267
G0 X116.434 Y119.084
G0 X116.534 Y119.031
G1 F1800 X116.534 Y119.487 E29.19845
G1 X116.095 Y119.274 E29.20457
G1 X116.094 Y118.818 E29.21028
G1 X116.534 Y119.031 E29.21641
G0 F7200 X116.534 Y119.231
G0 X116.495 Y119.232
G0 X116.434 Y119.232
G0 X116.524 Y116.471
G0 X116.534 Y116.031
G1 F1800 X116.534 Y116.487 E29.22213
G1 X116.095 Y116.274 E29.22825
G1 X116.094 Y115.817 E29.23398
G1 X116.534 Y116.031 E29.24012
G0 F7200 X116.534 Y116.231
G0 X116.495 Y116.232
G1 F1500 E22.74012
G0 F7200 X116.434 Y116.232
G0 X116.524 Y113.471
G1 F1500 E29.24012
G0 F7200 X116.534 Y113.032
G1 F1800 X116.534 Y113.487 E29.24582
G1 X116.095 Y113.274 E29.25194
G1 X116.094 Y112.818 E29.25766
G1 X116.534 Y113.032 E29.2638
G0 F7200 X116.534 Y113.232
G0 X116.495 Y113.233
G1 F1500 E22.7638
G0 F7200 X116.434 Y113.233
G0 X116.524 Y110.471
G1 F1500 E29.2638
G0 F7200 X116.534 Y110.032
G1 F1800 X116.534 Y110.487 E29.2695
G1 X116.095 Y110.274 E29.27562
G1 X116.094 Y109.818 E29.28134
G1 X116.534 Y110.032 E29.28748
G0 F7200 X116.534 Y110.232
G0 X116.495 Y110.233
G0 X116.434 Y110.233
G0 X118.601 Y110.206
G0 X119.815 Y110.206
G0 X119.905 Y110.274
G1 F1800 X119.466 Y110.487 E29.2936
G1 X119.466 Y110.032 E29.2993
G1 X119.905 Y109.819 E29.30542
G1 X119.905 Y110.274 E29.31113
G0 F7200 X119.725 Y110.361
G0 X119.721 Y110.353
G0 X119.684 Y110.27
G0 X119.895 Y112.835
G0 X119.905 Y113.274
G1 F1800 X119.466 Y113.487 E29.31725
G1 X119.466 Y113.032 E29.32295
G1 X119.905 Y112.819 E29.32907
G1 X119.905 Y113.274 E29.33478
G0 F7200 X119.725 Y113.361
G0 X119.721 Y113.353
G0 X119.684 Y113.27
G0 X119.895 Y115.834
G0 X119.906 Y116.273
G1 F1800 X119.466 Y116.487 E29.34091
G1 X119.466 Y116.032 E29.34662
G1 X119.905 Y115.818 E29.35274
G1 X119.906 Y116.273 E29.35845
G0 F7200 X119.727 Y116.36
G0 X119.723 Y116.351
G0 X119.686 Y116.27
G0 X119.895 Y118.834
G0 X119.906 Y119.273
G1 F1800 X119.466 Y119.487 E29.36458
G1 X119.466 Y119.032 E29.37029
G1 X119.905 Y118.818 E29.37641
G1 X119.906 Y119.273 E29.38212
G0 F7200 X119.727 Y119.36
G0 X119.723 Y119.351
G0 X119.686 Y119.27
G0 X120.77 Y119.092
G0 X123.23 Y119.087
G0 X124.434 Y119.084
G0 X124.534 Y119.031
G1 F1800 X124.534 Y119.487 E29.38784
G1 X124.095 Y119.274 E29.39396
G1 X124.094 Y118.818 E29.39968
G1 X124.534 Y119.031 E29.40581
G0 F7200 X124.534 Y119.231
G0 X124.495 Y119.232
G0 X124.434 Y119.232
G0 X124.524 Y116.471
G0 X124.534 Y116.031
G1 F1800 X124.534 Y116.487 E29.41152
G1 X124.095 Y116.274 E29.41764
G1 X124.094 Y115.817 E29.42337
G1 X124.534 Y116.031 E29.42951
G0 F7200 X124.534 Y116.231
G0 X124.495 Y116.232
G0 X124.434 Y116.232
G0 X124.524 Y113.471
G0 X124.534 Y113.032
G1 F1800 X124.534 Y113.487 E29.43522
G1 X124.095 Y113.274 E29.44134
G1 X124.094 Y112.818 E29.44705
G1 X124.534 Y113.032 E29.45319
G0 F7200 X124.534 Y113.232
G0 X124.495 Y113.233
G1 F1500 E22.95319
G0 F7200 X124.434 Y113.233
G0 X124.524 Y110.471
G1 F1500 E29.45319
G0 F7200 X124.534 Y110.032
G1 F1800 X124.534 Y110.487 E29.4589
G1 X124.095 Y110.274 E29.46501
G1 X124.094 Y109.818 E29.47073
G1 X124.534 Y110.032 E29.47687
G0 F7200 X124.534 Y110.232
G0 X124.495 Y110.233
G1 F1500 E22.97687
G0 F7200 X124.434 Y110.233
G0 X126.601 Y110.206
G0 X127.815 Y110.206
G1 F1500 E29.47687
G0 F7200 X127.905 Y110.274
G1 F1800 X127.466 Y110.487 E29.48299
G1 X127.466 Y110.032 E29.48869
G1 X127.905 Y109.819 E29.49481
G1 X127.905 Y110.274 E29.50052
G0 F7200 X127.725 Y110.361
G0 X127.721 Y110.353
G0 X127.684 Y110.27
G0 X127.895 Y112.835
G0 X127.905 Y113.274
G1 F1800 X127.466 Y113.487 E29.50664
G1 X127.466 Y113.032 E29.51234
G1 X127.905 Y112.819 E29.51846
G1 X127.905 Y113.274 E29.52417
G0 F7200 X127.725 Y113.361
G0 X127.721 Y113.353
G1 F1500 E23.02417
G0 F7200 X127.684 Y113.27
G0 X127.895 Y115.835
G1 F1500 E29.52417
G0 F7200 X127.905 Y116.274
G1 F1800 X127.466 Y116.487 E29.53029
G1 X127.466 Y116.032 E29.53599
G1 X127.905 Y115.819 E29.54211
G1 X127.905 Y116.274 E29.54782
G0 F7200 X127.725 Y116.361
G0 X127.721 Y116.353
G0 X127.684 Y116.27
G0 X127.895 Y118.834
G0 X127.906 Y119.273
G1 F1800 X127.466 Y119.487 E29.55395
G1 X127.466 Y119.032 E29.55966
G1 X127.905 Y118.818 E29.56578
G1 X127.906 Y119.273 E29.57149
G0 F7200 X127.727 Y119.36
G0 X127.723 Y119.351
G1 F1500 E23.07149
G0 F7200 X127.686 Y119.27
G0 X128.77 Y119.092
G0 X131.23 Y119.087
G0 X132.434 Y119.084
G1 F1500 E29.57149
G0 F7200 X132.534 Y119.031
G1 F1800 X132.534 Y119.487 E29.57721
G1 X132.095 Y119.274 E29.58333
G1 X132.094 Y118.818 E29.58905
G1 X132.534 Y119.031 E29.59518
G0 F7200 X132.534 Y119.231
G0 X132.495 Y119.232
G0 X132.434 Y119.232
G0 X132.524 Y116.471
G0 X132.534 Y116.031
G1 F1800 X132.534 Y116.487 E29.60089
G1 X132.095 Y116.274 E29.60701
G1 X132.094 Y115.817 E29.61274
G1 X132.534 Y116.031 E29.61888
G0 F7200 X132.534 Y116.231
G0 X132.495 Y116.232
G1 F1500 E23.11888
G0 F7200 X132.434 Y116.232
G0 X132.524 Y113.471
G1 F1500 E29.61888
G0 F7200 X132.534 Y113.032
G1 F1800 X132.534 Y113.487 E29.62459
G1 X132.095 Y113.274 E29.63071
G1 X132.094 Y112.818 E29.63642
G1 X132.534 Y113.032 E29.64256
G0 F7200 X132.534 Y113.232
G0 X132.495 Y113.233
G0 X132.434 Y113.233
G0 X132.524 Y110.471
G0 X132.534 Y110.032
G1 F1800 X132.534 Y110.487 E29.64827
G1 X132.095 Y110.274 E29.65438
G1 X132.094 Y109.818 E29.6601
G1 X132.534 Y110.032 E29.66624
G0 F7200 X132.534 Y110.232
G0 X132.495 Y110.233
G1 F1500 E23.16624
;MESH:NONMESH
G0 F600 X132.495 Y110.233 Z2.4
G0 F7200 X132.434 Y110.233
G0 X131.23 Y110.129
G0 X126.619 Y111.743
G0 X125.381 Y111.743
G0 X120.763 Y110.811
G0 X119.564 Y111.4
G0 X118.619 Y111.743
G0 X117.381 Y111.743
G0 X112.77 Y110.128
G1 F1500 E29.66624
G0 F7200 X112.115 Y110.172
;TIME_ELAPSED:174.566880
;LAYER:11
;TYPE:WALL-OUTER
;MESH:output_v2\B_media_suporte.stl
G1 F1800 X111.675 Y110.385 E29.67237
G1 X111.676 Y109.929 E29.67809
G1 X112.116 Y109.716 E29.68422
G1 X112.115 Y110.172 E29.68994
G0 F7200 X111.935 Y110.259
G0 X111.931 Y110.25
G0 X111.893 Y110.168
G0 X112.106 Y112.732
G0 X112.115 Y113.172
G1 F1800 X111.675 Y113.385 E29.69607
G1 X111.676 Y112.929 E29.70178
G1 X112.116 Y112.716 E29.70791
G1 X112.115 Y113.172 E29.71363
G0 F7200 X111.935 Y113.259
G0 X111.931 Y113.25
G1 F1500 E23.21363
G0 F7200 X111.893 Y113.168
G0 X112.106 Y115.731
G1 F1500 E29.71363
G0 F7200 X112.116 Y116.171
G1 F1800 X111.675 Y116.385 E29.71978
G1 X111.676 Y115.929 E29.7255
G1 X112.116 Y115.715 E29.73163
G1 X112.116 Y116.171 E29.73735
G0 F7200 X111.936 Y116.258
G0 X111.933 Y116.248
G0 X111.895 Y116.167
G0 X112.106 Y118.732
G0 X112.116 Y119.171
G1 F1800 X111.675 Y119.385 E29.7435
G1 X111.675 Y118.93 E29.74921
G1 X112.116 Y118.716 E29.75535
G1 X112.116 Y119.171 E29.76106
G0 F7200 X111.936 Y119.258
G0 X111.932 Y119.25
G1 F1500 E23.26106
G0 F7200 X111.895 Y119.167
G0 X109.557 Y119.414
G1 F1500 E29.76106
G0 F7200 X109.572 Y119.9
G1 F1800 X109.162 Y119.9 E29.7662
G1 X109.161 Y119.4 E29.77247
G1 X109.571 Y119.4 E29.77761
G1 X109.572 Y119.9 E29.78388
G0 F7200 X109.372 Y119.9
G0 X109.372 Y119.8
G0 X110.436 Y119.412
G0 X110.829 Y120.737
G0 X115.02 Y119.162
G0 X116.224 Y118.982
G0 X116.324 Y118.929
G1 F1800 X116.324 Y119.385 E29.7896
G1 X115.885 Y119.172 E29.79572
G1 X115.885 Y118.716 E29.80144
G1 X116.324 Y118.929 E29.80756
G0 F7200 X116.324 Y119.129
G0 X116.285 Y119.129
G0 X116.224 Y119.129
G0 X116.315 Y116.369
G0 X116.324 Y115.929
G1 F1800 X116.325 Y116.385 E29.81328
G1 X115.885 Y116.172 E29.81941
G1 X115.884 Y115.716 E29.82512
G1 X116.324 Y115.929 E29.83125
G0 F7200 X116.324 Y116.129
G0 X116.285 Y116.129
G1 F1500 E23.33125
G0 F7200 X116.224 Y116.128
G0 X116.315 Y113.369
G1 F1500 E29.83125
G0 F7200 X116.324 Y112.929
G1 F1800 X116.325 Y113.385 E29.83697
G1 X115.885 Y113.172 E29.8431
G1 X115.884 Y112.716 E29.84882
G1 X116.324 Y112.929 E29.85495
G0 F7200 X116.324 Y113.129
G0 X116.285 Y113.129
G0 X116.224 Y113.128
G0 X116.315 Y110.369
G0 X116.324 Y109.929
G1 F1800 X116.325 Y110.385 E29.86067
G1 X115.885 Y110.172 E29.8668
G1 X115.884 Y109.716 E29.87252
G1 X116.324 Y109.929 E29.87865
G0 F7200 X116.324 Y110.129
G0 X116.285 Y110.129
G1 F1500 E23.37865
G0 F7200 X116.224 Y110.128
G0 X118.81 Y110.121
G0 X120.025 Y110.104
G1 F1500 E29.87865
G0 F7200 X120.115 Y110.172
G1 F1800 X119.675 Y110.385 E29.88478
G1 X119.676 Y109.929 E29.8905
G1 X120.116 Y109.716 E29.89663
G1 X120.115 Y110.172 E29.90235
G0 F7200 X119.935 Y110.259
G0 X119.931 Y110.25
G0 X119.893 Y110.168
G0 X120.106 Y112.732
G0 X120.115 Y113.172
G1 F1800 X119.675 Y113.385 E29.90848
G1 X119.676 Y112.929 E29.9142
G1 X120.116 Y112.716 E29.92033
G1 X120.115 Y113.172 E29.92604
G0 F7200 X119.935 Y113.259
G0 X119.931 Y113.25
G0 X119.893 Y113.168
G0 X120.106 Y115.731
G0 X120.116 Y116.171
G1 F1800 X119.675 Y116.385 E29.93219
G1 X119.676 Y115.929 E29.93791
G1 X120.116 Y115.715 E29.94405
G1 X120.116 Y116.171 E29.94976
G0 F7200 X119.936 Y116.258
G0 X119.933 Y116.248
G0 X119.895 Y116.167
G0 X120.106 Y118.732
G0 X120.116 Y119.171
G1 F1800 X119.675 Y119.385 E29.95591
G1 X119.675 Y118.93 E29.96162
G1 X120.116 Y118.716 E29.96776
G1 X120.116 Y119.171 E29.97347
G0 F7200 X119.936 Y119.258
G0 X119.932 Y119.25
G0 X119.895 Y119.167
G0 X120.981 Y118.982
G0 X123.019 Y118.992
G0 X124.224 Y118.982
G0 X124.324 Y118.929
G1 F1800 X124.324 Y119.385 E29.97919
G1 X123.884 Y119.171 E29.98532
G1 X123.885 Y118.716 E29.99103
G1 X124.324 Y118.929 E29.99715
G0 F7200 X124.324 Y119.129
G0 X124.284 Y119.129
G0 X124.224 Y119.129
G0 X124.315 Y116.369
G0 X124.324 Y115.929
G1 F1800 X124.325 Y116.385 E30.00287
G1 X123.885 Y116.172 E30.009
G1 X123.884 Y115.716 E30.01472
G1 X124.324 Y115.929 E30.02085
G0 F7200 X124.324 Y116.129
G0 X124.285 Y116.129
G0 X124.224 Y116.128
G0 X124.315 Y113.369
G0 X124.324 Y112.929
G1 F1800 X124.325 Y113.385 E30.02656
G1 X123.885 Y113.172 E30.03269
G1 X123.884 Y112.716 E30.03841
G1 X124.324 Y112.929 E30.04454
G0 F7200 X124.324 Y113.129
G0 X124.285 Y113.129
G1 F1500 E23.54454
G0 F7200 X124.224 Y113.128
G0 X124.315 Y110.369
G1 F1500 E30.04454
G0 F7200 X124.324 Y109.929
G1 F1800 X124.325 Y110.385 E30.05026
G1 X123.885 Y110.172 E30.05639
G1 X123.884 Y109.716 E30.06211
G1 X124.324 Y109.929 E30.06824
G0 F7200 X124.324 Y110.129
G0 X124.285 Y110.129
G0 X124.224 Y110.128
G0 X126.81 Y110.121
G0 X128.025 Y110.104
G0 X128.115 Y110.172
G1 F1800 X127.675 Y110.385 E30.07437
G1 X127.676 Y109.929 E30.08009
G1 X128.116 Y109.716 E30.08622
G1 X128.115 Y110.172 E30.09194
G0 F7200 X127.935 Y110.259
G0 X127.931 Y110.25
G0 X127.893 Y110.168
G0 X128.106 Y112.732
G0 X128.115 Y113.172
G1 F1800 X127.675 Y113.385 E30.09807
G1 X127.676 Y112.929 E30.10379
G1 X128.116 Y112.716 E30.10992
G1 X128.115 Y113.172 E30.11564
G0 F7200 X127.935 Y113.259
G0 X127.931 Y113.25
G0 X127.893 Y113.168
G0 X128.106 Y115.732
G0 X128.115 Y116.172
G1 F1800 X127.675 Y116.385 E30.12177
G1 X127.676 Y115.929 E30.12748
G1 X128.116 Y115.716 E30.13361
G1 X128.115 Y116.172 E30.13933
G0 F7200 X127.935 Y116.259
G0 X127.931 Y116.25
G0 X127.893 Y116.168
G0 X128.106 Y118.732
G0 X128.116 Y119.171
G1 F1800 X127.676 Y119.385 E30.14547
G1 X127.675 Y118.93 E30.15117
G1 X128.116 Y118.716 E30.15732
G1 X128.116 Y119.171 E30.16303
G0 F7200 X127.937 Y119.258
G0 X127.932 Y119.25
G0 X127.895 Y119.168
G0 X128.981 Y118.982
G0 X131.019 Y118.992
G0 X132.224 Y118.982
G0 X132.324 Y118.929
G1 F1800 X132.324 Y119.385 E30.16875
G1 X131.884 Y119.171 E30.17488
G1 X131.885 Y118.716 E30.18059
G1 X132.324 Y118.929 E30.18671
G0 F7200 X132.324 Y119.129
G0 X132.284 Y119.129
G0 X132.224 Y119.129
G0 X132.315 Y116.369
G0 X132.324 Y115.929
G1 F1800 X132.325 Y116.385 E30.19243
G1 X131.885 Y116.172 E30.19856
G1 X131.884 Y115.716 E30.20427
G1 X132.324 Y115.929 E30.2104
G0 F7200 X132.324 Y116.129
G0 X132.285 Y116.129
G0 X132.224 Y116.128
G0 X132.315 Y113.369
G0 X132.324 Y112.929
G1 F1800 X132.325 Y113.385 E30.21612
G1 X131.885 Y113.172 E30.22225
G1 X131.884 Y112.716 E30.22797
G1 X132.324 Y112.929 E30.2341
G0 F7200 X132.324 Y113.129
G0 X132.285 Y113.129
G1 F1500 E23.7341
G0 F7200 X132.224 Y113.128
G0 X132.315 Y110.369
G1 F1500 E30.2341
G0 F7200 X132.324 Y109.929
G1 F1800 X132.325 Y110.385 E30.23982
G1 X131.885 Y110.172 E30.24595
G1 X131.884 Y109.716 E30.25167
G1 X132.324 Y109.929 E30.2578
G0 F7200 X132.324 Y110.129
G0 X132.285 Y110.129
G1 F1500 E23.7578
;MESH:NONMESH
G0 F600 X132.285 Y110.129 Z2.6
G0 F7200 X132.224 Y110.128
G0 X131.02 Y110.027
G0 X128.963 Y108.364
G0 X115.037 Y108.364
G0 X112.981 Y109.981
G1 F1500 E30.2578
G0 F7200 X112.324 Y110.07
;TIME_ELAPSED:182.137747
;LAYER:12
;TYPE:WALL-OUTER
;MESH:output_v2\B_media_suporte.stl
G1 F1800 X111.885 Y110.283 E30.26392
G1 X111.886 Y109.827 E30.26964
G1 X112.325 Y109.614 E30.27576
G1 X112.324 Y110.07 E30.28147
G0 F7200 X112.144 Y110.157
G0 X112.14 Y110.148
G0 X112.103 Y110.066
G0 X112.315 Y112.63
G0 X112.324 Y113.07
G1 F1800 X111.885 Y113.283 E30.28759
G1 X111.886 Y112.827 E30.29331
G1 X112.325 Y112.614 E30.29943
G1 X112.324 Y113.07 E30.30515
G0 F7200 X112.144 Y113.157
G0 X112.14 Y113.148
G0 X112.103 Y113.066
G0 X112.315 Y115.63
G0 X112.325 Y116.069
G1 F1800 X111.885 Y116.283 E30.31128
G1 X111.886 Y115.827 E30.317
G1 X112.325 Y115.614 E30.32312
G1 X112.325 Y116.069 E30.32883
G0 F7200 X112.146 Y116.156
G0 X112.141 Y116.148
G0 X112.104 Y116.066
G0 X112.315 Y118.63
G0 X112.325 Y119.069
G1 F1800 X111.885 Y119.283 E30.33496
G1 X111.885 Y118.828 E30.34067
G1 X112.325 Y118.614 E30.34681
G1 X112.325 Y119.069 E30.35251
G0 F7200 X112.146 Y119.156
G0 X112.142 Y119.147
G0 X112.105 Y119.066
G0 X109.525 Y119.414
G0 X109.539 Y119.9
G1 F1800 X109.132 Y119.9 E30.35762
G1 X109.131 Y119.4 E30.36389
G1 X109.539 Y119.4 E30.369
G1 X109.539 Y119.9 E30.37527
G0 F7200 X109.339 Y119.9
G0 X109.339 Y119.8
G0 X110.404 Y119.414
G0 X111.039 Y120.635
G0 X114.811 Y119.06
G0 X116.014 Y118.88
G0 X116.114 Y118.827
G1 F1800 X116.114 Y119.283 E30.38099
G1 X115.676 Y119.07 E30.3871
G1 X115.676 Y118.614 E30.39282
G1 X116.114 Y118.827 E30.39892
G0 F7200 X116.114 Y119.027
G0 X116.076 Y119.027
G0 X116.014 Y119.027
G0 X116.105 Y116.267
G0 X116.114 Y115.827
G1 F1800 X116.115 Y116.283 E30.40464
G1 X115.676 Y116.07 E30.41076
G1 X115.675 Y115.614 E30.41648
G1 X116.114 Y115.827 E30.4226
G0 F7200 X116.114 Y116.027
G0 X116.076 Y116.027
G0 X116.014 Y116.026
G0 X116.105 Y113.267
G0 X116.114 Y112.827
G1 F1800 X116.115 Y113.283 E30.42832
G1 X115.676 Y113.07 E30.43444
G1 X115.675 Y112.614 E30.44015
G1 X116.114 Y112.827 E30.44627
G0 F7200 X116.114 Y113.027
G0 X116.076 Y113.027
G1 F1500 E23.94627
G0 F7200 X116.014 Y113.026
G0 X116.105 Y110.267
G1 F1500 E30.44627
G0 F7200 X116.114 Y109.827
G1 F1800 X116.115 Y110.283 E30.45199
G1 X115.676 Y110.07 E30.45811
G1 X115.675 Y109.614 E30.46383
G1 X116.114 Y109.827 E30.46995
G0 F7200 X116.114 Y110.027
G0 X116.076 Y110.027
G0 X116.014 Y110.026
G0 X119.02 Y110.021
G0 X120.234 Y110.002
G0 X120.324 Y110.07
G1 F1800 X119.885 Y110.283 E30.47607
G1 X119.886 Y109.827 E30.48179
G1 X120.325 Y109.614 E30.48791
G1 X120.324 Y110.07 E30.49362
G0 F7200 X120.144 Y110.157
G0 X120.14 Y110.148
G1 F1500 E23.99362
G0 F7200 X120.103 Y110.066
G0 X120.315 Y112.63
G1 F1500 E30.49362
G0 F7200 X120.324 Y113.07
G1 F1800 X119.885 Y113.283 E30.49974
G1 X119.886 Y112.827 E30.50546
G1 X120.325 Y112.614 E30.51158
G1 X120.324 Y113.07 E30.5173
G0 F7200 X120.144 Y113.157
G0 X120.14 Y113.148
G0 X120.103 Y113.066
G0 X120.315 Y115.63
G0 X120.325 Y116.069
G1 F1800 X119.885 Y116.283 E30.52343
G1 X119.886 Y115.827 E30.52915
G1 X120.325 Y115.614 E30.53527
G1 X120.325 Y116.069 E30.54098
G0 F7200 X120.146 Y116.156
G0 X120.141 Y116.148
G0 X120.104 Y116.066
G0 X120.315 Y118.63
G0 X120.325 Y119.069
G1 F1800 X119.885 Y119.283 E30.54711
G1 X119.885 Y118.828 E30.55282
G1 X120.325 Y118.614 E30.55896
G1 X120.325 Y119.069 E30.56466
G0 F7200 X120.146 Y119.156
G0 X120.142 Y119.147
G1 F1500 E24.06466
G0 F7200 X120.105 Y119.066
G0 X121.19 Y118.88
G0 X122.81 Y118.889
G0 X124.014 Y118.88
G1 F1500 E30.56466
G0 F7200 X124.114 Y118.827
G1 F1800 X124.114 Y119.282 E30.57037
G1 X123.675 Y119.069 E30.57649
G1 X123.676 Y118.614 E30.58219
G1 X124.114 Y118.827 E30.5883
G0 F7200 X124.114 Y119.027
G0 X124.075 Y119.027
G0 X124.014 Y119.027
G0 X124.105 Y116.267
G0 X124.114 Y115.827
G1 F1800 X124.115 Y116.283 E30.59402
G1 X123.676 Y116.07 E30.60014
G1 X123.675 Y115.614 E30.60586
G1 X124.114 Y115.827 E30.61197
G0 F7200 X124.114 Y116.027
G0 X124.076 Y116.027
G1 F1500 E24.11197
G0 F7200 X124.014 Y116.026
G0 X124.105 Y113.267
G1 F1500 E30.61197
G0 F7200 X124.114 Y112.827
G1 F1800 X124.115 Y113.283 E30.61769
G1 X123.676 Y113.07 E30.62381
G1 X123.675 Y112.614 E30.62953
G1 X124.114 Y112.827 E30.63565
G0 F7200 X124.114 Y113.027
G0 X124.076 Y113.027
G0 X124.014 Y113.026
G0 X124.105 Y110.267
G0 X124.114 Y109.827
G1 F1800 X124.115 Y110.283 E30.64137
G1 X123.676 Y110.07 E30.64749
G1 X123.675 Y109.614 E30.6532
G1 X124.114 Y109.827 E30.65932
G0 F7200 X124.114 Y110.027
G0 X124.076 Y110.027
G0 X124.014 Y110.026
G0 X127.02 Y110.021
G0 X128.234 Y110.002
G0 X128.324 Y110.07
G1 F1800 X127.885 Y110.283 E30.66544
G1 X127.886 Y109.827 E30.67116
G1 X128.325 Y109.614 E30.67728
G1 X128.324 Y110.07 E30.683
G0 F7200 X128.144 Y110.157
G0 X128.14 Y110.148
G1 F1500 E24.183
G0 F7200 X128.103 Y110.066
G0 X128.315 Y112.63
G1 F1500 E30.683
G0 F7200 X128.324 Y113.07
G1 F1800 X127.885 Y113.283 E30.68912
G1 X127.886 Y112.827 E30.69484
G1 X128.325 Y112.614 E30.70096
G1 X128.324 Y113.07 E30.70667
G0 F7200 X128.144 Y113.157
G0 X128.14 Y113.148
G0 X128.103 Y113.066
G0 X128.315 Y115.63
G0 X128.324 Y116.07
G1 F1800 X127.885 Y116.283 E30.71279
G1 X127.886 Y115.827 E30.71851
G1 X128.325 Y115.614 E30.72463
G1 X128.324 Y116.07 E30.73035
G0 F7200 X128.144 Y116.157
G0 X128.14 Y116.148
G1 F1500 E24.23035
G0 F7200 X128.103 Y116.066
G0 X128.315 Y118.63
G1 F1500 E30.73035
G0 F7200 X128.325 Y119.069
G1 F1800 X127.886 Y119.283 E30.73647
G1 X127.885 Y118.828 E30.74218
G1 X128.325 Y118.614 E30.74831
G1 X128.325 Y119.069 E30.75402
G0 F7200 X128.146 Y119.156
G0 X128.142 Y119.147
G0 X128.105 Y119.066
G0 X129.19 Y118.88
G0 X130.81 Y118.889
G0 X132.014 Y118.88
G0 X132.114 Y118.827
G1 F1800 X132.114 Y119.282 E30.75973
G1 X131.675 Y119.069 E30.76585
G1 X131.676 Y118.614 E30.77155
G1 X132.114 Y118.827 E30.77766
G0 F7200 X132.114 Y119.027
G0 X132.075 Y119.027
G1 F1500 E24.27766
G0 F7200 X132.014 Y119.027
G0 X132.105 Y116.267
G1 F1500 E30.77766
G0 F7200 X132.114 Y115.827
G1 F1800 X132.115 Y116.283 E30.78338
G1 X131.676 Y116.07 E30.7895
G1 X131.675 Y115.614 E30.79521
G1 X132.114 Y115.827 E30.80133
G0 F7200 X132.114 Y116.027
G0 X132.076 Y116.027
G0 X132.014 Y116.026
G0 X132.105 Y113.267
G0 X132.114 Y112.827
G1 F1800 X132.115 Y113.283 E30.80705
G1 X131.676 Y113.07 E30.81317
G1 X131.675 Y112.614 E30.81889
G1 X132.114 Y112.827 E30.82501
G0 F7200 X132.114 Y113.027
G0 X132.076 Y113.027
G0 X132.014 Y113.026
G0 X132.105 Y110.267
G0 X132.114 Y109.827
G1 F1800 X132.115 Y110.283 E30.83073
G1 X131.676 Y110.07 E30.83685
G1 X131.675 Y109.614 E30.84256
G1 X132.114 Y109.827 E30.84868
G0 F7200 X132.114 Y110.027
G0 X132.076 Y110.027
G1 F1500 E24.34868
;MESH:NONMESH
G0 F600 X132.076 Y110.027 Z2.8
G0 F7200 X132.014 Y110.026
G0 X130.811 Y109.926
G0 X129.172 Y108.262
G0 X114.828 Y108.262
G0 X113.19 Y109.881
G1 F1500 E30.84868
G0 F7200 X112.535 Y109.968
;TIME_ELAPSED:190.255295
;LAYER:13
;TYPE:WALL-OUTER
;MESH:output_v2\B_media_suporte.stl
G1 F1800 X112.096 Y110.181 E30.8548
G1 X112.096 Y109.725 E30.86052
G1 X112.534 Y109.513 E30.86662
G1 X112.535 Y109.968 E30.87233
G0 F7200 X112.355 Y110.055
G0 X112.351 Y110.046
G0 X112.314 Y109.964
G0 X112.524 Y112.529
G0 X112.535 Y112.968
G1 F1800 X112.096 Y113.181 E30.87845
G1 X112.096 Y112.725 E30.88417
G1 X112.534 Y112.513 E30.89027
G1 X112.535 Y112.968 E30.89597
G0 F7200 X112.355 Y113.055
G0 X112.351 Y113.046
G1 F1500 E24.39597
G0 F7200 X112.314 Y112.964
G0 X112.524 Y115.529
G1 F1500 E30.89597
G0 F7200 X112.535 Y115.968
G1 F1800 X112.096 Y116.181 E30.90209
G1 X112.096 Y115.725 E30.90781
G1 X112.534 Y115.513 E30.91391
G1 X112.535 Y115.968 E30.91962
G0 F7200 X112.355 Y116.055
G0 X112.351 Y116.046
G0 X112.314 Y115.964
G0 X112.524 Y118.529
G0 X112.535 Y118.968
G1 F1800 X112.096 Y119.181 E30.92574
G1 X112.095 Y118.726 E30.93145
G1 X112.534 Y118.513 E30.93756
G1 X112.535 Y118.968 E30.94327
G0 F7200 X112.355 Y119.055
G0 X112.351 Y119.046
G0 X112.314 Y118.964
G0 X109.5 Y119.414
G0 X109.514 Y119.9
G1 F1800 X109.109 Y119.9 E30.94835
G1 X109.108 Y119.4 E30.95462
G1 X109.514 Y119.4 E30.95971
G1 X109.514 Y119.9 E30.96598
G0 F7200 X109.314 Y119.9
G0 X109.314 Y119.8
G1 F1500 E24.46598
G0 F7200 X110.379 Y119.414
G0 X111.251 Y120.53
G0 X114.601 Y118.961
G0 X115.804 Y118.778
G1 F1500 E30.96598
G0 F7200 X115.904 Y118.725
G1 F1800 X115.904 Y119.181 E30.9717
G1 X115.466 Y118.97 E30.9778
G1 X115.465 Y118.512 E30.98354
G1 X115.904 Y118.725 E30.98966
G0 F7200 X115.904 Y118.925
G0 X115.866 Y118.926
G0 X115.804 Y118.926
G0 X115.895 Y116.166
G0 X115.904 Y115.725
G1 F1800 X115.905 Y116.182 E30.99539
G1 X115.466 Y115.97 E31.0015
G1 X115.465 Y115.512 E31.00725
G1 X115.904 Y115.725 E31.01337
G0 F7200 X115.904 Y115.925
G0 X115.866 Y115.925
G0 X115.804 Y115.924
G0 X115.895 Y113.166
G0 X115.904 Y112.725
G1 F1800 X115.905 Y113.182 E31.0191
G1 X115.466 Y112.97 E31.02521
G1 X115.465 Y112.512 E31.03095
G1 X115.904 Y112.725 E31.03707
G0 F7200 X115.904 Y112.925
G0 X115.866 Y112.925
G0 X115.804 Y112.924
G0 X115.895 Y110.166
G0 X115.904 Y109.725
G1 F1800 X115.905 Y110.182 E31.0428
G1 X115.466 Y109.97 E31.04892
G1 X115.465 Y109.512 E31.05466
G1 X115.904 Y109.725 E31.06078
G0 F7200 X115.904 Y109.925
G0 X115.866 Y109.925
G0 X115.804 Y109.924
G0 X119.231 Y109.923
G0 X120.434 Y109.914
G0 X120.535 Y109.968
G1 F1800 X120.096 Y110.181 E31.0669
G1 X120.096 Y109.725 E31.07262
G1 X120.534 Y109.513 E31.07872
G1 X120.535 Y109.968 E31.08442
G0 F7200 X120.355 Y110.055
G0 X120.351 Y110.046
G0 X120.314 Y109.964
G0 X120.524 Y112.529
G0 X120.535 Y112.968
G1 F1800 X120.096 Y113.181 E31.09054
G1 X120.096 Y112.725 E31.09626
G1 X120.534 Y112.513 E31.10236
G1 X120.535 Y112.968 E31.10807
G0 F7200 X120.355 Y113.055
G0 X120.351 Y113.046
G0 X120.314 Y112.964
G0 X120.524 Y115.529
G0 X120.535 Y115.968
G1 F1800 X120.096 Y116.181 E31.11419
G1 X120.096 Y115.725 E31.11991
G1 X120.534 Y115.513 E31.12601
G1 X120.535 Y115.968 E31.13172
G0 F7200 X120.355 Y116.055
G0 X120.351 Y116.046
G0 X120.314 Y115.964
G0 X120.524 Y118.529
G0 X120.535 Y118.968
G1 F1800 X120.096 Y119.181 E31.13784
G1 X120.095 Y118.726 E31.14354
G1 X120.534 Y118.513 E31.14966
G1 X120.535 Y118.968 E31.15537
G0 F7200 X120.355 Y119.055
G0 X120.351 Y119.046
G1 F1500 E24.65537
G0 F7200 X120.314 Y118.964
G0 X121.399 Y118.784
G0 X122.601 Y118.78
G0 X123.804 Y118.778
G1 F1500 E31.15537
G0 F7200 X123.904 Y118.725
G1 F1800 X123.904 Y119.181 E31.16108
G1 X123.466 Y118.97 E31.16718
G1 X123.465 Y118.512 E31.17292
G1 X123.904 Y118.725 E31.17904
G0 F7200 X123.904 Y118.925
G0 X123.866 Y118.926
G0 X123.804 Y118.926
G0 X123.895 Y116.166
G0 X123.904 Y115.725
G1 F1800 X123.905 Y116.182 E31.18477
G1 X123.466 Y115.97 E31.19089
G1 X123.465 Y115.512 E31.19663
G1 X123.904 Y115.725 E31.20275
G0 F7200 X123.904 Y115.925
G0 X123.866 Y115.925
G0 X123.804 Y115.924
G0 X123.895 Y113.166
G0 X123.904 Y112.725
G1 F1800 X123.905 Y113.182 E31.20848
G1 X123.466 Y112.97 E31.2146
G1 X123.465 Y112.512 E31.22034
G1 X123.904 Y112.725 E31.22646
G0 F7200 X123.904 Y112.925
G0 X123.866 Y112.925
G0 X123.804 Y112.924
G0 X123.895 Y110.166
G0 X123.904 Y109.725
G1 F1800 X123.905 Y110.182 E31.23219
G1 X123.466 Y109.97 E31.2383
G1 X123.465 Y109.512 E31.24405
G1 X123.904 Y109.725 E31.25016
G0 F7200 X123.904 Y109.925
G0 X123.866 Y109.925
G0 X123.804 Y109.924
G0 X127.231 Y109.923
G0 X128.434 Y109.914
G0 X128.535 Y109.968
G1 F1800 X128.096 Y110.181 E31.25628
G1 X128.096 Y109.725 E31.262
G1 X128.534 Y109.513 E31.2681
G1 X128.535 Y109.968 E31.27381
G0 F7200 X128.355 Y110.055
G0 X128.351 Y110.046
G0 X128.314 Y109.964
G0 X128.524 Y112.529
G0 X128.535 Y112.968
G1 F1800 X128.096 Y113.181 E31.27993
G1 X128.096 Y112.725 E31.28565
G1 X128.534 Y112.513 E31.29175
G1 X128.535 Y112.968 E31.29746
G0 F7200 X128.355 Y113.055
G0 X128.351 Y113.046
G0 X128.314 Y112.964
G0 X128.524 Y115.529
G0 X128.535 Y115.968
G1 F1800 X128.096 Y116.181 E31.30357
G1 X128.096 Y115.725 E31.30929
G1 X128.534 Y115.513 E31.3154
G1 X128.535 Y115.968 E31.3211
G0 F7200 X128.355 Y116.055
G0 X128.351 Y116.046
G0 X128.314 Y115.964
G0 X128.524 Y118.529
G0 X128.535 Y118.968
G1 F1800 X128.096 Y119.181 E31.32722
G1 X128.095 Y118.726 E31.33293
G1 X128.534 Y118.513 E31.33905
G1 X128.535 Y118.968 E31.34475
G0 F7200 X128.355 Y119.055
G0 X128.351 Y119.046
G1 F1500 E24.84475
G0 F7200 X128.314 Y118.964
G0 X129.399 Y118.784
G0 X130.601 Y118.78
G0 X131.804 Y118.778
G1 F1500 E31.34475
G0 F7200 X131.904 Y118.725
G1 F1800 X131.904 Y119.181 E31.35047
G1 X131.466 Y118.97 E31.35657
G1 X131.465 Y118.512 E31.36231
G1 X131.904 Y118.725 E31.36843
G0 F7200 X131.904 Y118.925
G0 X131.866 Y118.926
G1 F1500 E24.86843
G0 F7200 X131.804 Y118.926
G0 X131.895 Y116.166
G1 F1500 E31.36843
G0 F7200 X131.904 Y115.725
G1 F1800 X131.905 Y116.182 E31.37416
G1 X131.466 Y115.97 E31.38027
G1 X131.465 Y115.512 E31.38602
G1 X131.904 Y115.725 E31.39214
G0 F7200 X131.904 Y115.925
G0 X131.866 Y115.925
G1 F1500 E24.89214
G0 F7200 X131.804 Y115.924
G0 X131.895 Y113.166
G1 F1500 E31.39214
G0 F7200 X131.904 Y112.725
G1 F1800 X131.905 Y113.182 E31.39787
G1 X131.466 Y112.97 E31.40398
G1 X131.465 Y112.512 E31.40972
G1 X131.904 Y112.725 E31.41584
G0 F7200 X131.904 Y112.925
G0 X131.866 Y112.925
G1 F1500 E24.91584
G0 F7200 X131.804 Y112.924
G0 X131.895 Y110.166
G1 F1500 E31.41584
G0 F7200 X131.904 Y109.725
G1 F1800 X131.905 Y110.182 E31.42157
G1 X131.466 Y109.97 E31.42769
G1 X131.465 Y109.512 E31.43343
G1 X131.904 Y109.725 E31.43955
G0 F7200 X131.904 Y109.925
G0 X131.866 Y109.925
;MESH:NONMESH
G0 F600 X131.866 Y109.925 Z3
G0 F7200 X131.804 Y109.924
G0 X130.601 Y109.869
G0 X129.38 Y108.257
G0 X124.768 Y109.898
G0 X124.752 Y111.531
G0 X120.97 Y110.717
G0 X119.25 Y111.531
G0 X116.752 Y111.531
G0 X113.399 Y109.957
G0 X112.62 Y109.926
;TIME_ELAPSED:197.905289
;LAYER:14
;TYPE:WALL-OUTER
;MESH:output_v2\B_media_suporte.stl
G1 F1800 X112.306 Y110.079 E31.44393
G1 X112.306 Y109.623 E31.44965
G1 X112.744 Y109.411 E31.45575
G1 X112.745 Y109.878 E31.46161
G1 X112.62 Y109.926 E31.46329
G0 F7200 X112.441 Y110.013
G0 X112.706 Y109.654
G1 F1500 E24.96329
G0 F7200 X112.644 Y109.653
G0 X115.256 Y109.862
G1 F1500 E31.46329
G0 F7200 X115.38 Y109.926
G1 F1800 X115.256 Y109.878 E31.46495
G1 X115.255 Y109.411 E31.47081
G1 X115.694 Y109.623 E31.47438
G1 X115.695 Y110.079 E31.4799
G1 X115.38 Y109.926 E31.48168
G0 F7200 X115.256 Y109.878
G0 X115.256 Y109.81
G0 X115.294 Y109.81
G1 F1500 E24.98168
G0 F7200 X115.357 Y109.81
G0 X115.265 Y112.427
G1 F1500 E31.48168
G0 F7200 X115.38 Y112.926
G1 F1800 X115.256 Y112.878 E31.48334
G1 X115.255 Y112.411 E31.4892
G1 X115.694 Y112.623 E31.49278
G1 X115.695 Y113.079 E31.49829
G1 X115.38 Y112.926 E31.50007
G0 F7200 X115.256 Y112.878
G0 X115.256 Y112.81
G0 X115.294 Y112.81
G1 F1500 E25.00007
G0 F7200 X115.357 Y112.81
G0 X112.729 Y112.867
G1 F1500 E31.50007
G0 F7200 X112.62 Y112.926
G1 F1800 X112.306 Y113.079 E31.50445
G1 X112.306 Y112.623 E31.51017
G1 X112.744 Y112.411 E31.51627
G1 X112.745 Y112.878 E31.52212
G1 X112.62 Y112.926 E31.5238
G0 F7200 X112.441 Y113.013
G0 X112.706 Y112.654
G1 F1500 E25.0238
G0 F7200 X112.644 Y112.653
G0 X112.734 Y115.427
G1 F1500 E31.5238
G0 F7200 X112.62 Y115.926
G1 F1800 X112.306 Y116.079 E31.52818
G1 X112.306 Y115.623 E31.5339
G1 X112.744 Y115.411 E31.54
G1 X112.745 Y115.878 E31.54586
G1 X112.62 Y115.926 E31.54754
G0 F7200 X112.441 Y116.013
G0 X112.706 Y115.654
G1 F1500 E25.04754
G0 F7200 X112.644 Y115.653
G0 X115.256 Y115.862
G1 F1500 E31.54754
G0 F7200 X115.38 Y115.926
G1 F1800 X115.256 Y115.878 E31.54921
G1 X115.255 Y115.411 E31.55506
G1 X115.694 Y115.623 E31.55864
G1 X115.695 Y116.079 E31.56415
G1 X115.38 Y115.926 E31.56593
G0 F7200 X115.256 Y115.878
G0 X115.256 Y115.81
G0 X115.294 Y115.81
G1 F1500 E25.06593
G0 F7200 X115.357 Y115.81
G0 X115.265 Y118.427
G1 F1500 E31.56593
G0 F7200 X115.38 Y118.926
G1 F1800 X115.256 Y118.878 E31.5676
G1 X115.255 Y118.411 E31.57345
G1 X115.694 Y118.623 E31.57703
G1 X115.694 Y119.079 E31.58254
G1 X115.38 Y118.926 E31.58431
G0 F7200 X115.256 Y118.878
G0 X115.256 Y118.81
G0 X115.294 Y118.811
G0 X115.357 Y118.811
G0 X112.729 Y118.867
G0 X112.62 Y118.926
G1 F1800 X112.306 Y119.079 E31.58869
G1 X112.305 Y118.624 E31.59439
G1 X112.744 Y118.411 E31.60051
G1 X112.745 Y118.878 E31.60637
G1 X112.62 Y118.926 E31.60805
G0 F7200 X112.441 Y119.013
G0 X112.706 Y118.654
G1 F1500 E25.10805
G0 F7200 X112.644 Y118.653
G0 X111.441 Y119.064
G0 X110.354 Y119.414
G0 X109.389 Y119.83
G1 F1500 E31.60805
G0 F7200 X109.489 Y119.9
G1 F1800 X109.086 Y119.9 E31.6131
G1 X109.085 Y119.4 E31.61937
G1 X109.489 Y119.4 E31.62444
G1 X109.489 Y119.9 E31.63071
G0 F7200 X109.289 Y119.9
G0 X109.289 Y119.8
G1 F1500 E25.13071
G0 F7200 X110.354 Y119.414
G0 X111.461 Y120.428
G0 X116.54 Y120.429
G0 X119.441 Y119.064
G0 X120.581 Y118.835
G1 F1500 E31.63071
G0 F7200 X120.62 Y118.926
G1 F1800 X120.306 Y119.079 E31.63509
G1 X120.305 Y118.624 E31.6408
G1 X120.744 Y118.411 E31.64692
G1 X120.745 Y118.878 E31.65277
G1 X120.62 Y118.926 E31.65445
G0 F7200 X120.441 Y119.013
G0 X120.706 Y118.654
G1 F1500 E25.15445
G0 F7200 X120.644 Y118.653
G0 X123.256 Y118.862
G1 F1500 E31.65445
G0 F7200 X123.38 Y118.926
G1 F1800 X123.256 Y118.878 E31.65612
G1 X123.255 Y118.411 E31.66197
G1 X123.694 Y118.623 E31.66555
G1 X123.694 Y119.079 E31.67106
G1 X123.38 Y118.926 E31.67283
G0 F7200 X123.256 Y118.878
G0 X123.256 Y118.81
G0 X123.294 Y118.811
G1 F1500 E25.17283
G0 F7200 X123.357 Y118.811
G0 X123.685 Y116.063
G1 F1500 E31.67283
G0 F7200 X123.38 Y115.926
G1 F1800 X123.256 Y115.878 E31.6745
G1 X123.255 Y115.411 E31.68035
G1 X123.694 Y115.623 E31.68393
G1 X123.695 Y116.079 E31.68944
G1 X123.38 Y115.926 E31.69122
G0 F7200 X123.256 Y115.878
G0 X123.256 Y115.81
G0 X123.294 Y115.81
G1 F1500 E25.19122
G0 F7200 X123.357 Y115.81
G0 X120.729 Y115.867
G1 F1500 E31.69122
G0 F7200 X120.62 Y115.926
G1 F1800 X120.306 Y116.079 E31.6956
G1 X120.306 Y115.623 E31.70132
G1 X120.744 Y115.411 E31.70742
G1 X120.745 Y115.878 E31.71328
G1 X120.62 Y115.926 E31.71496
G0 F7200 X120.441 Y116.013
G0 X120.706 Y115.654
G1 F1500 E25.21496
G0 F7200 X120.644 Y115.653
G0 X120.316 Y113.063
G1 F1500 E31.71496
G0 F7200 X120.62 Y112.926
G1 F1800 X120.306 Y113.079 E31.71934
G1 X120.306 Y112.623 E31.72505
G1 X120.744 Y112.411 E31.73116
G1 X120.745 Y112.878 E31.73701
G1 X120.62 Y112.926 E31.73869
G0 F7200 X120.441 Y113.013
G0 X120.706 Y112.654
G1 F1500 E25.23869
G0 F7200 X120.644 Y112.653
G0 X123.256 Y112.835
G1 F1500 E31.73869
G0 F7200 X123.38 Y112.926
G1 F1800 X123.256 Y112.878 E31.74036
G1 X123.255 Y112.411 E31.74622
G1 X123.694 Y112.623 E31.74979
G1 X123.695 Y113.079 E31.75531
G1 X123.38 Y112.926 E31.75708
G0 F7200 X123.256 Y112.878
G0 X123.256 Y112.81
G0 X123.294 Y112.81
G1 F1500 E25.25708
G0 F7200 X123.357 Y112.81
G0 X123.685 Y110.063
G1 F1500 E31.75708
G0 F7200 X123.38 Y109.926
G1 F1800 X123.256 Y109.878 E31.75875
G1 X123.255 Y109.411 E31.76461
G1 X123.694 Y109.623 E31.76818
G1 X123.695 Y110.079 E31.7737
G1 X123.38 Y109.926 E31.77547
G0 F7200 X123.256 Y109.878
G0 X123.256 Y109.81
G0 X123.294 Y109.81
G0 X123.357 Y109.81
G0 X120.729 Y109.867
G0 X120.62 Y109.926
G1 F1800 X120.306 Y110.079 E31.77985
G1 X120.306 Y109.623 E31.78557
G1 X120.744 Y109.411 E31.79167
G1 X120.745 Y109.878 E31.79753
G1 X120.62 Y109.926 E31.79921
G0 F7200 X120.441 Y110.013
G0 X120.706 Y109.654
G1 F1500 E25.29921
G0 F7200 X120.644 Y109.653
G0 X122.399 Y110.467
G0 X124.542 Y111.431
G0 X127.441 Y109.867
G0 X128.581 Y109.835
G1 F1500 E31.79921
G0 F7200 X128.62 Y109.926
G1 F1800 X128.306 Y110.079 E31.80359
G1 X128.306 Y109.623 E31.80931
G1 X128.744 Y109.411 E31.81541
G1 X128.745 Y109.878 E31.82127
G1 X128.62 Y109.926 E31.82295
G0 F7200 X128.441 Y110.013
G0 X128.706 Y109.654
G1 F1500 E25.32295
G0 F7200 X128.644 Y109.653
G0 X131.256 Y109.862
G1 F1500 E31.82295
G0 F7200 X131.38 Y109.926
G1 F1800 X131.256 Y109.878 E31.82461
G1 X131.255 Y109.411 E31.83047
G1 X131.694 Y109.623 E31.83404
G1 X131.695 Y110.079 E31.83956
G1 X131.38 Y109.926 E31.84134
G0 F7200 X131.256 Y109.878
G0 X131.256 Y109.81
G0 X131.294 Y109.81
G1 F1500 E25.34134
G0 F7200 X131.357 Y109.81
G0 X131.265 Y112.427
G1 F1500 E31.84134
G0 F7200 X131.38 Y112.926
G1 F1800 X131.256 Y112.878 E31.843
G1 X131.255 Y112.411 E31.84886
G1 X131.694 Y112.623 E31.85243
G1 X131.695 Y113.079 E31.85795
G1 X131.38 Y112.926 E31.85973
G0 F7200 X131.256 Y112.878
G0 X131.256 Y112.81
G0 X131.294 Y112.81
G1 F1500 E25.35973
G0 F7200 X131.357 Y112.81
G0 X128.729 Y112.867
G1 F1500 E31.85973
G0 F7200 X128.62 Y112.926
G1 F1800 X128.306 Y113.079 E31.86411
G1 X128.306 Y112.623 E31.86983
G1 X128.744 Y112.411 E31.87593
G1 X128.745 Y112.878 E31.88178
G1 X128.62 Y112.926 E31.88346
G0 F7200 X128.441 Y113.013
G0 X128.706 Y112.654
G1 F1500 E25.38346
G0 F7200 X128.644 Y112.653
G0 X128.734 Y115.427
G1 F1500 E31.88346
G0 F7200 X128.62 Y115.926
G1 F1800 X128.306 Y116.079 E31.88784
G1 X128.306 Y115.623 E31.89356
G1 X128.744 Y115.411 E31.89966
G1 X128.745 Y115.878 E31.90552
G1 X128.62 Y115.926 E31.9072
G0 F7200 X128.441 Y116.013
G0 X128.706 Y115.654
G1 F1500 E25.4072
G0 F7200 X128.644 Y115.653
G0 X131.256 Y115.862
G1 F1500 E31.9072
G0 F7200 X131.38 Y115.926
G1 F1800 X131.256 Y115.878 E31.90887
G1 X131.255 Y115.411 E31.91472
G1 X131.694 Y115.623 E31.9183
G1 X131.695 Y116.079 E31.92381
G1 X131.38 Y115.926 E31.92559
G0 F7200 X131.256 Y115.878
G0 X131.256 Y115.81
G0 X131.294 Y115.81
G1 F1500 E25.42559
G0 F7200 X131.357 Y115.81
G0 X131.265 Y118.427
G1 F1500 E31.92559
G0 F7200 X131.38 Y118.926
G1 F1800 X131.256 Y118.878 E31.92726
G1 X131.255 Y118.411 E31.93311
G1 X131.694 Y118.623 E31.93669
G1 X131.694 Y119.079 E31.9422
G1 X131.38 Y118.926 E31.94397
G0 F7200 X131.256 Y118.878
G0 X131.256 Y118.81
G0 X131.294 Y118.811
G0 X131.357 Y118.811
G0 X128.729 Y118.867
G0 X128.62 Y118.926
G1 F1800 X128.306 Y119.079 E31.94835
G1 X128.305 Y118.624 E31.95405
G1 X128.744 Y118.411 E31.96017
G1 X128.745 Y118.878 E31.96603
G1 X128.62 Y118.926 E31.96771
G0 F7200 X128.441 Y119.013
G0 X128.706 Y118.654
G1 F1500 E25.46771
;MESH:NONMESH
G0 F600 X128.706 Y118.654 Z3.2
G0 F7200 X128.644 Y118.653
G0 X127.441 Y118.635
G0 X124.542 Y117.431
G0 X122.399 Y116.467
G0 X121.59 Y114.174
G0 X119.46 Y114.429
G0 X114.697 Y110.555
G0 X113.609 Y109.866
G0 X112.581 Y109.835
G1 F1500 E31.96771
G0 F7200 X112.62 Y109.926
;TIME_ELAPSED:213.742666
;LAYER:15
;TYPE:WALL-OUTER
;MESH:output_v2\B_media_suporte.stl
G1 F1800 X112.516 Y109.977 E31.96916
G1 X112.516 Y109.521 E31.97488
G1 X112.775 Y109.396 E31.97849
G1 X112.954 Y109.327 E31.98089
G1 X112.955 Y109.798 E31.9868
G1 X112.62 Y109.926 E31.9913
G0 F7200 X112.516 Y109.977
G0 X112.516 Y109.892
G0 X112.747 Y109.448
G1 F1500 E25.4913
G0 F7200 X112.773 Y109.508
G0 X115.062 Y109.787
G1 F1500 E31.9913
G0 F7200 X115.38 Y109.926
G1 F1800 X115.046 Y109.798 E31.99578
G1 X115.045 Y109.327 E32.00169
G1 X115.225 Y109.396 E32.00411
G1 X115.484 Y109.521 E32.00771
G1 X115.485 Y109.977 E32.01343
G1 X115.38 Y109.926 E32.01489
G0 F7200 X115.193 Y109.855
G0 X115.175 Y109.815
G1 F1500 E25.51489
G0 F7200 X115.2 Y109.751
G0 X115.056 Y112.343
G1 F1500 E32.01489
G0 F7200 X115.38 Y112.926
G1 F1800 X115.046 Y112.798 E32.01938
G1 X115.045 Y112.327 E32.02529
G1 X115.225 Y112.396 E32.0277
G1 X115.484 Y112.521 E32.03131
G1 X115.485 Y112.977 E32.03703
G1 X115.38 Y112.926 E32.03849
G0 F7200 X115.193 Y112.855
G0 X115.175 Y112.815
G0 X115.2 Y112.751
G0 X112.939 Y112.787
G0 X112.62 Y112.926
G1 F1800 X112.516 Y112.977 E32.03995
G1 X112.516 Y112.521 E32.04566
G1 X112.775 Y112.396 E32.04927
G1 X112.954 Y112.327 E32.05168
G1 X112.955 Y112.798 E32.05758
G1 X112.62 Y112.926 E32.06208
G0 F7200 X112.516 Y112.977
G0 X112.516 Y112.892
G0 X112.747 Y112.448
G1 F1500 E25.56208
G0 F7200 X112.773 Y112.508
G0 X112.943 Y115.343
G1 F1500 E32.06208
G0 F7200 X112.62 Y115.926
G1 F1800 X112.516 Y115.977 E32.06353
G1 X112.516 Y115.521 E32.06925
G1 X112.775 Y115.396 E32.07286
G1 X112.954 Y115.327 E32.07526
G1 X112.955 Y115.798 E32.08117
G1 X112.62 Y115.926 E32.08567
G0 F7200 X112.516 Y115.977
G0 X112.516 Y115.892
G0 X112.747 Y115.448
G1 F1500 E25.58567
G0 F7200 X112.773 Y115.508
G0 X115.062 Y115.787
G1 F1500 E32.08567
G0 F7200 X115.38 Y115.926
G1 F1800 X115.046 Y115.798 E32.09015
G1 X115.045 Y115.327 E32.09606
G1 X115.225 Y115.396 E32.09848
G1 X115.484 Y115.521 E32.10208
G1 X115.485 Y115.977 E32.1078
G1 X115.38 Y115.926 E32.10926
G0 F7200 X115.193 Y115.855
G0 X115.175 Y115.815
G1 F1500 E25.60926
G0 F7200 X115.2 Y115.751
G0 X115.056 Y118.343
G1 F1500 E32.10926
G0 F7200 X115.38 Y118.926
G1 F1800 X115.046 Y118.798 E32.11375
G1 X115.045 Y118.327 E32.11966
G1 X115.225 Y118.396 E32.12207
G1 X115.484 Y118.521 E32.12568
G1 X115.484 Y118.977 E32.1314
G1 X115.38 Y118.926 E32.13285
G0 F7200 X115.193 Y118.855
G0 X115.175 Y118.815
G1 F1500 E25.63285
G0 F7200 X115.2 Y118.751
G0 X112.939 Y118.787
G1 F1500 E32.13285
G0 F7200 X112.62 Y118.926
G1 F1800 X112.516 Y118.977 E32.1343
G1 X112.515 Y118.522 E32.14001
G1 X112.775 Y118.396 E32.14363
G1 X112.954 Y118.327 E32.14604
G1 X112.955 Y118.798 E32.15195
G1 X112.62 Y118.926 E32.15644
G0 F7200 X112.516 Y118.977
G0 X112.516 Y118.892
G0 X112.747 Y118.449
G1 F1500 E25.65644
G0 F7200 X112.774 Y118.508
G0 X111.651 Y118.961
G0 X110.333 Y119.412
G0 X109.368 Y119.829
G1 F1500 E32.15644
G0 F7200 X109.469 Y119.9
G1 F1800 X109.063 Y119.9 E32.16153
G1 X109.063 Y119.4 E32.1678
G1 X109.468 Y119.4 E32.17288
G1 X109.469 Y119.9 E32.17915
G0 F7200 X109.269 Y119.9
G0 X109.269 Y119.8
G1 F1500 E25.67915
G0 F7200 X110.333 Y119.412
G0 X111.671 Y120.326
G0 X116.33 Y120.326
G0 X119.651 Y118.961
G1 F1500 E32.17915
G0 F7200 X120.62 Y118.926
G1 F1800 X120.516 Y118.977 E32.18061
G1 X120.515 Y118.522 E32.18631
G1 X120.775 Y118.396 E32.18993
G1 X120.954 Y118.327 E32.19234
G1 X120.955 Y118.798 E32.19825
G1 X120.62 Y118.926 E32.20274
G0 F7200 X120.516 Y118.977
G0 X120.516 Y118.892
G0 X120.747 Y118.449
G1 F1500 E25.70274
G0 F7200 X120.774 Y118.508
G0 X123.062 Y118.787
G1 F1500 E32.20274
G0 F7200 X123.38 Y118.926
G1 F1800 X123.046 Y118.798 E32.20723
G1 X123.045 Y118.327 E32.21314
G1 X123.225 Y118.396 E32.21555
G1 X123.484 Y118.521 E32.21916
G1 X123.484 Y118.977 E32.22488
G1 X123.38 Y118.926 E32.22633
G0 F7200 X123.193 Y118.855
G0 X123.175 Y118.815
G1 F1500 E25.72633
G0 F7200 X123.2 Y118.751
G0 X123.475 Y115.961
G1 F1500 E32.22633
G0 F7200 X123.38 Y115.926
G1 F1800 X123.046 Y115.798 E32.23082
G1 X123.045 Y115.327 E32.23672
G1 X123.225 Y115.396 E32.23914
G1 X123.484 Y115.521 E32.24275
G1 X123.485 Y115.977 E32.24847
G1 X123.38 Y115.926 E32.24993
G0 F7200 X123.193 Y115.855
G0 X123.175 Y115.815
G1 F1500 E25.74993
G0 F7200 X123.2 Y115.751
G0 X120.939 Y115.787
G1 F1500 E32.24993
G0 F7200 X120.62 Y115.926
G1 F1800 X120.516 Y115.977 E32.25138
G1 X120.516 Y115.521 E32.2571
G1 X120.775 Y115.396 E32.26071
G1 X120.954 Y115.327 E32.26311
G1 X120.955 Y115.798 E32.26902
G1 X120.62 Y115.926 E32.27352
G0 F7200 X120.516 Y115.977
G0 X120.516 Y115.892
G0 X120.747 Y115.448
G1 F1500 E25.77352
G0 F7200 X120.773 Y115.508
G0 X120.526 Y112.96
G1 F1500 E32.27352
G0 F7200 X120.62 Y112.926
G1 F1800 X120.516 Y112.977 E32.27497
G1 X120.516 Y112.521 E32.28069
G1 X120.775 Y112.396 E32.28429
G1 X120.954 Y112.327 E32.2867
G1 X120.955 Y112.798 E32.29261
G1 X120.62 Y112.926 E32.2971
G0 F7200 X120.516 Y112.977
G0 X120.516 Y112.892
G0 X120.747 Y112.448
G1 F1500 E25.7971
G0 F7200 X120.773 Y112.508
G0 X123.062 Y112.787
G1 F1500 E32.2971
G0 F7200 X123.38 Y112.926
G1 F1800 X123.046 Y112.798 E32.30159
G1 X123.045 Y112.327 E32.3075
G1 X123.225 Y112.396 E32.30991
G1 X123.484 Y112.521 E32.31352
G1 X123.485 Y112.977 E32.31924
G1 X123.38 Y112.926 E32.3207
G0 F7200 X123.193 Y112.855
G0 X123.175 Y112.815
G1 F1500 E25.8207
G0 F7200 X123.2 Y112.751
G0 X123.475 Y109.961
G1 F1500 E32.3207
G0 F7200 X123.38 Y109.926
G1 F1800 X123.046 Y109.798 E32.32519
G1 X123.045 Y109.327 E32.33109
G1 X123.225 Y109.396 E32.33351
G1 X123.484 Y109.521 E32.33712
G1 X123.485 Y109.977 E32.34284
G1 X123.38 Y109.926 E32.3443
G0 F7200 X123.193 Y109.855
G0 X123.175 Y109.815
G0 X123.2 Y109.751
G0 X120.939 Y109.787
G0 X120.62 Y109.926
G1 F1800 X120.516 Y109.977 E32.34575
G1 X120.516 Y109.521 E32.35147
G1 X120.775 Y109.396 E32.35508
G1 X120.954 Y109.327 E32.35748
G1 X120.955 Y109.798 E32.36339
G1 X120.62 Y109.926 E32.36789
G0 F7200 X120.516 Y109.977
G0 X120.516 Y109.892
G0 X120.747 Y109.448
G1 F1500 E25.86789
G0 F7200 X120.773 Y109.508
G0 X121.82 Y109.785
G0 X124.332 Y111.329
G0 X127.651 Y109.787
G1 F1500 E32.36789
G0 F7200 X128.62 Y109.926
G1 F1800 X128.516 Y109.977 E32.36934
G1 X128.516 Y109.521 E32.37506
G1 X128.775 Y109.396 E32.37866
G1 X128.954 Y109.327 E32.38107
G1 X128.955 Y109.798 E32.38698
G1 X128.62 Y109.926 E32.39147
G0 F7200 X128.516 Y109.977
G0 X128.516 Y109.892
G0 X128.747 Y109.448
G1 F1500 E25.89147
G0 F7200 X128.773 Y109.508
G0 X131.062 Y109.787
G1 F1500 E32.39147
G0 F7200 X131.38 Y109.926
G1 F1800 X131.046 Y109.798 E32.39596
G1 X131.045 Y109.327 E32.40187
G1 X131.225 Y109.396 E32.40428
G1 X131.484 Y109.521 E32.40789
G1 X131.485 Y109.977 E32.41361
G1 X131.38 Y109.926 E32.41507
G0 F7200 X131.193 Y109.855
G0 X131.175 Y109.815
G0 X131.2 Y109.751
G0 X131.056 Y112.343
G0 X131.38 Y112.926
G1 F1800 X131.046 Y112.798 E32.41956
G1 X131.045 Y112.327 E32.42546
G1 X131.225 Y112.396 E32.42788
G1 X131.484 Y112.521 E32.43149
G1 X131.485 Y112.977 E32.43721
G1 X131.38 Y112.926 E32.43867
G0 F7200 X131.193 Y112.855
G0 X131.175 Y112.815
G1 F1500 E25.93867
G0 F7200 X131.2 Y112.751
G0 X128.939 Y112.787
G1 F1500 E32.43867
G0 F7200 X128.62 Y112.926
G1 F1800 X128.516 Y112.977 E32.44012
G1 X128.516 Y112.521 E32.44584
G1 X128.775 Y112.396 E32.44945
G1 X128.954 Y112.327 E32.45185
G1 X128.955 Y112.798 E32.45776
G1 X128.62 Y112.926 E32.46226
G0 F7200 X128.516 Y112.977
G0 X128.516 Y112.892
G0 X128.747 Y112.448
G1 F1500 E25.96226
G0 F7200 X128.773 Y112.508
G0 X128.943 Y115.343
G1 F1500 E32.46226
G0 F7200 X128.62 Y115.926
G1 F1800 X128.516 Y115.977 E32.46371
G1 X128.516 Y115.521 E32.46943
G1 X128.775 Y115.396 E32.47303
G1 X128.954 Y115.327 E32.47544
G1 X128.955 Y115.798 E32.48135
G1 X128.62 Y115.926 E32.48584
G0 F7200 X128.516 Y115.977
G0 X128.516 Y115.892
G0 X128.747 Y115.448
G1 F1500 E25.98584
G0 F7200 X128.773 Y115.508
G0 X131.062 Y115.787
G1 F1500 E32.48584
G0 F7200 X131.38 Y115.926
G1 F1800 X131.046 Y115.798 E32.49033
G1 X131.045 Y115.327 E32.49624
G1 X131.225 Y115.396 E32.49865
G1 X131.484 Y115.521 E32.50226
G1 X131.485 Y115.977 E32.50798
G1 X131.38 Y115.926 E32.50944
G0 F7200 X131.193 Y115.855
G0 X131.175 Y115.815
G1 F1500 E26.00944
G0 F7200 X131.2 Y115.751
G0 X131.056 Y118.343
G1 F1500 E32.50944
G0 F7200 X131.38 Y118.926
G1 F1800 X131.046 Y118.798 E32.51393
G1 X131.045 Y118.327 E32.51983
G1 X131.225 Y118.396 E32.52225
G1 X131.484 Y118.521 E32.52586
G1 X131.484 Y118.977 E32.53158
G1 X131.38 Y118.926 E32.53303
G0 F7200 X131.193 Y118.855
G0 X131.175 Y118.815
G1 F1500 E26.03303
G0 F7200 X131.2 Y118.751
G0 X128.939 Y118.787
G1 F1500 E32.53303
G0 F7200 X128.62 Y118.926
G1 F1800 X128.516 Y118.977 E32.53448
G1 X128.515 Y118.522 E32.54019
G1 X128.775 Y118.396 E32.54381
G1 X128.954 Y118.327 E32.54622
G1 X128.955 Y118.798 E32.55212
G1 X128.62 Y118.926 E32.55662
G0 F7200 X128.516 Y118.977
G0 X128.516 Y118.892
G0 X128.747 Y118.449
G1 F1500 E26.05662
;MESH:NONMESH
G0 F600 X128.747 Y118.449 Z3.4
G0 F7200 X128.774 Y118.508
G0 X127.651 Y118.533
G0 X124.332 Y117.329
G0 X122.191 Y116.45
G0 X121.802 Y114.204
G0 X119.67 Y114.326
G0 X114.191 Y110.45
G0 X112.939 Y109.787
G1 F1500 E32.55662
G0 F7200 X113.038 Y109.766
;TIME_ELAPSED:229.543104
;LAYER:16
;TYPE:WALL-OUTER
;MESH:output_v2\B_media_suporte.stl
G1 F1800 X112.725 Y109.886 E32.56082
G1 X112.725 Y109.42 E32.56667
G1 X112.772 Y109.397 E32.56732
G1 X113.164 Y109.246 E32.57259
G1 X113.165 Y109.731 E32.57867
G1 X113.038 Y109.766 E32.58033
G0 F7200 X112.852 Y109.837
G0 X112.969 Y109.575
;TYPE:SKIN
G1 F1800 X112.936 Y109.542 E32.58062
G0 F7200 X112.881 Y109.398
G1 F1500 E26.08062
G0 F7200 X112.9 Y109.455
G0 X114.836 Y109.671
G1 F1500 E32.58062
G0 F7200 X114.962 Y109.766
;TYPE:WALL-OUTER
G1 F1800 X114.836 Y109.732 E32.58225
G1 X114.835 Y109.246 E32.58835
G1 X115.228 Y109.397 E32.59123
G1 X115.275 Y109.42 E32.59189
G1 X115.276 Y109.886 E32.59773
G1 X114.962 Y109.766 E32.59941
G0 F7200 X114.836 Y109.732
G0 X114.836 Y109.662
G0 X114.875 Y109.662
G1 F1500 E26.09941
G0 F7200 X114.938 Y109.657
G0 X114.846 Y112.262
G1 F1500 E32.59941
G0 F7200 X114.962 Y112.766
G1 F1800 X114.836 Y112.732 E32.60105
G1 X114.835 Y112.246 E32.60714
G1 X115.228 Y112.397 E32.61003
G1 X115.275 Y112.42 E32.61068
G1 X115.276 Y112.886 E32.61653
G1 X114.962 Y112.766 E32.6182
G0 F7200 X114.836 Y112.732
G0 X114.836 Y112.662
G0 X114.875 Y112.662
G0 X114.938 Y112.657
G0 X113.164 Y112.671
G0 X113.038 Y112.766
G1 F1800 X112.725 Y112.886 E32.62241
G1 X112.725 Y112.42 E32.62825
G1 X112.772 Y112.397 E32.62891
G1 X113.164 Y112.246 E32.63417
G1 X113.165 Y112.731 E32.64026
G1 X113.038 Y112.766 E32.64191
G0 F7200 X112.852 Y112.837
G0 X113.125 Y112.464
G0 X113.064 Y112.463
G0 X113.153 Y115.262
G0 X113.038 Y115.766
G1 F1800 X112.725 Y115.886 E32.64611
G1 X112.725 Y115.42 E32.65196
G1 X112.772 Y115.397 E32.65261
G1 X113.164 Y115.246 E32.65788
G1 X113.165 Y115.731 E32.66396
G1 X113.038 Y115.766 E32.66561
G0 F7200 X112.852 Y115.837
G0 X113.125 Y115.464
G0 X113.064 Y115.463
G0 X114.836 Y115.671
G0 X114.962 Y115.766
G1 F1800 X114.836 Y115.732 E32.66725
G1 X114.835 Y115.246 E32.67334
G1 X115.228 Y115.397 E32.67623
G1 X115.275 Y115.42 E32.67689
G1 X115.276 Y115.886 E32.68273
G1 X114.962 Y115.766 E32.6844
G0 F7200 X114.836 Y115.732
G0 X114.836 Y115.662
G0 X114.875 Y115.662
G0 X114.938 Y115.657
G0 X114.846 Y118.262
G0 X114.962 Y118.766
G1 F1800 X114.836 Y118.732 E32.68604
G1 X114.835 Y118.246 E32.69214
G1 X115.228 Y118.397 E32.69502
G1 X115.275 Y118.42 E32.69568
G1 X115.275 Y118.886 E32.70152
G1 X114.962 Y118.766 E32.70319
G0 F7200 X114.836 Y118.732
G0 X114.836 Y118.662
G0 X114.875 Y118.663
G0 X114.939 Y118.657
G0 X113.164 Y118.671
G0 X113.038 Y118.766
G1 F1800 X112.725 Y118.886 E32.70739
G1 X112.724 Y118.42 E32.71324
G1 X112.774 Y118.396 E32.71393
G1 X113.164 Y118.246 E32.71917
G1 X113.165 Y118.731 E32.72525
G1 X113.038 Y118.766 E32.72691
G0 F7200 X112.852 Y118.837
G0 X113.125 Y118.464
G0 X113.064 Y118.463
G0 X111.86 Y118.871
G0 X110.319 Y119.412
G0 X109.354 Y119.829
G0 X109.455 Y119.9
G1 F1800 X109.049 Y119.9 E32.732
G1 X109.049 Y119.4 E32.73827
G1 X109.454 Y119.4 E32.74335
G1 X109.455 Y119.9 E32.74962
G0 F7200 X109.255 Y119.9
G0 X109.255 Y119.8
G1 F1500 E26.24962
G0 F7200 X110.319 Y119.412
G0 X111.88 Y120.22
G0 X116.121 Y120.22
G0 X119.86 Y118.871
G0 X121.007 Y118.671
G1 F1500 E32.74962
G0 F7200 X121.038 Y118.766
G1 F1800 X120.725 Y118.886 E32.75382
G1 X120.724 Y118.42 E32.75966
G1 X120.774 Y118.396 E32.76036
G1 X121.164 Y118.246 E32.7656
G1 X121.165 Y118.731 E32.77168
G1 X121.038 Y118.766 E32.77333
G0 F7200 X120.852 Y118.837
G0 X121.125 Y118.464
G0 X121.064 Y118.463
G0 X122.836 Y118.671
G0 X122.962 Y118.766
G1 F1800 X122.836 Y118.732 E32.77497
G1 X122.835 Y118.246 E32.78106
G1 X123.228 Y118.397 E32.78395
G1 X123.275 Y118.42 E32.78461
G1 X123.275 Y118.886 E32.79045
G1 X122.962 Y118.766 E32.79212
G0 F7200 X122.836 Y118.732
G0 X122.836 Y118.662
G0 X122.875 Y118.663
G0 X122.939 Y118.657
G0 X123.265 Y115.87
G0 X122.962 Y115.766
G1 F1800 X122.836 Y115.732 E32.79375
G1 X122.835 Y115.246 E32.79985
G1 X123.228 Y115.397 E32.80273
G1 X123.275 Y115.42 E32.80339
G1 X123.276 Y115.886 E32.80923
G1 X122.962 Y115.766 E32.81091
G0 F7200 X122.836 Y115.732
G0 X122.836 Y115.662
G0 X122.875 Y115.662
G0 X122.938 Y115.657
G0 X121.164 Y115.671
G0 X121.038 Y115.766
G1 F1800 X120.725 Y115.886 E32.81511
G1 X120.725 Y115.42 E32.82096
G1 X120.772 Y115.397 E32.82161
G1 X121.164 Y115.246 E32.82688
G1 X121.165 Y115.731 E32.83296
G1 X121.038 Y115.766 E32.83461
G0 F7200 X120.852 Y115.837
G0 X120.96 Y115.586
;TYPE:SKIN
G1 F1800 X120.922 Y115.548 E32.83495
G0 F7200 X120.866 Y115.404
G0 X120.885 Y115.46
G0 X120.736 Y112.87
G0 X121.038 Y112.766
;TYPE:WALL-OUTER
G1 F1800 X120.725 Y112.886 E32.83915
G1 X120.725 Y112.42 E32.845
G1 X120.772 Y112.397 E32.84565
G1 X121.164 Y112.246 E32.85092
G1 X121.165 Y112.731 E32.857
G1 X121.038 Y112.766 E32.85866
G0 F7200 X120.852 Y112.837
G0 X121.125 Y112.464
G0 X121.064 Y112.463
G0 X122.836 Y112.671
G0 X122.962 Y112.766
G1 F1800 X122.836 Y112.732 E32.86029
G1 X122.835 Y112.246 E32.86639
G1 X123.228 Y112.397 E32.86927
G1 X123.275 Y112.42 E32.86993
G1 X123.276 Y112.886 E32.87577
G1 X122.962 Y112.766 E32.87745
G0 F7200 X122.836 Y112.732
G0 X122.836 Y112.662
G0 X123.03 Y112.565
;TYPE:SKIN
G1 F1800 X123.06 Y112.595 E32.87771
G0 F7200 X123.004 Y112.739
G0 X123.025 Y112.684
G0 X123.265 Y109.87
G0 X122.962 Y109.766
;TYPE:WALL-OUTER
G1 F1800 X122.836 Y109.732 E32.87935
G1 X122.835 Y109.246 E32.88545
G1 X123.228 Y109.397 E32.88833
G1 X123.275 Y109.42 E32.88899
G1 X123.276 Y109.886 E32.89483
G1 X122.962 Y109.766 E32.89651
G0 F7200 X122.836 Y109.732
G0 X122.836 Y109.662
G0 X122.875 Y109.662
G0 X122.938 Y109.657
G0 X121.164 Y109.671
G0 X121.038 Y109.766
G1 F1800 X120.725 Y109.886 E32.90071
G1 X120.725 Y109.42 E32.90655
G1 X120.772 Y109.397 E32.90721
G1 X121.164 Y109.246 E32.91248
G1 X121.165 Y109.731 E32.91856
G1 X121.038 Y109.766 E32.92021
G0 F7200 X120.852 Y109.837
G0 X121.125 Y109.464
G1 F1500 E26.42021
G0 F7200 X121.064 Y109.463
G0 X127.86 Y109.687
G0 X129.007 Y109.671
G1 F1500 E32.92021
G0 F7200 X129.038 Y109.766
G1 F1800 X128.725 Y109.886 E32.92442
G1 X128.725 Y109.42 E32.93026
G1 X128.772 Y109.397 E32.93092
G1 X129.164 Y109.246 E32.93618
G1 X129.165 Y109.731 E32.94227
G1 X129.038 Y109.766 E32.94392
G0 F7200 X128.852 Y109.837
G0 X129.125 Y109.464
G1 F1500 E26.44392
G0 F7200 X129.064 Y109.463
G0 X130.836 Y109.671
G1 F1500 E32.94392
G0 F7200 X130.962 Y109.766
G1 F1800 X130.836 Y109.732 E32.94555
G1 X130.835 Y109.246 E32.95165
G1 X131.228 Y109.397 E32.95453
G1 X131.275 Y109.42 E32.95519
G1 X131.276 Y109.886 E32.96103
G1 X130.962 Y109.766 E32.96271
G0 F7200 X130.836 Y109.732
G0 X130.836 Y109.662
G0 X131.029 Y109.533
;TYPE:SKIN
G1 F1800 X131.079 Y109.583 E32.96315
G0 F7200 X131.236 Y109.583
G0 X131.175 Y109.582
G0 X130.846 Y112.262
G0 X130.962 Y112.766
;TYPE:WALL-OUTER
G1 F1800 X130.836 Y112.732 E32.96479
G1 X130.835 Y112.246 E32.97088
G1 X131.228 Y112.397 E32.97377
G1 X131.275 Y112.42 E32.97442
G1 X131.276 Y112.886 E32.98027
G1 X130.962 Y112.766 E32.98194
G0 F7200 X130.836 Y112.732
G0 X130.836 Y112.662
G0 X130.875 Y112.662
G0 X130.938 Y112.657
G0 X129.164 Y112.671
G0 X129.038 Y112.766
G1 F1800 X128.725 Y112.886 E32.98615
G1 X128.725 Y112.42 E32.99199
G1 X128.772 Y112.397 E32.99265
G1 X129.164 Y112.246 E32.99792
G1 X129.165 Y112.731 E33.004
G1 X129.038 Y112.766 E33.00565
G0 F7200 X128.852 Y112.837
G0 X129.125 Y112.464
G0 X129.064 Y112.463
G0 X129.153 Y115.262
G0 X129.038 Y115.766
G1 F1800 X128.725 Y115.886 E33.00985
G1 X128.725 Y115.42 E33.0157
G1 X128.772 Y115.397 E33.01635
G1 X129.164 Y115.246 E33.02162
G1 X129.165 Y115.731 E33.0277
G1 X129.038 Y115.766 E33.02936
G0 F7200 X128.852 Y115.837
G0 X129.125 Y115.464
G0 X129.064 Y115.463
G0 X130.836 Y115.671
G0 X130.962 Y115.766
G1 F1800 X130.836 Y115.732 E33.03099
G1 X130.835 Y115.246 E33.03709
G1 X131.228 Y115.397 E33.03997
G1 X131.275 Y115.42 E33.04063
G1 X131.276 Y115.886 E33.04647
G1 X130.962 Y115.766 E33.04815
G0 F7200 X130.836 Y115.732
G0 X130.836 Y115.662
G0 X130.875 Y115.662
G0 X130.938 Y115.657
G0 X130.846 Y118.262
G0 X130.962 Y118.766
G1 F1800 X130.836 Y118.732 E33.04978
G1 X130.835 Y118.246 E33.05588
G1 X131.228 Y118.397 E33.05876
G1 X131.275 Y118.42 E33.05942
G1 X131.275 Y118.886 E33.06526
G1 X130.962 Y118.766 E33.06693
G0 F7200 X130.836 Y118.732
G0 X130.836 Y118.662
G0 X130.875 Y118.663
G0 X130.939 Y118.657
G0 X129.164 Y118.671
G0 X129.038 Y118.766
G1 F1800 X128.725 Y118.886 E33.07113
G1 X128.724 Y118.42 E33.07698
G1 X128.774 Y118.396 E33.07767
G1 X129.164 Y118.246 E33.08291
G1 X129.165 Y118.731 E33.089
G1 X129.038 Y118.766 E33.09065
G0 F7200 X128.852 Y118.837
G0 X129.125 Y118.464
G1 F1500 E26.59065
;MESH:NONMESH
G0 F600 X129.125 Y118.464 Z3.6
G0 F7200 X129.064 Y118.463
G0 X127.86 Y118.431
G0 X124.133 Y114.88
G0 X123.107 Y114.423
G0 X122.012 Y114.139
G0 X119.879 Y114.22
G0 X114.03 Y109.717
G0 X113.007 Y109.671
G1 F1500 E33.09065
G0 F7200 X113.038 Y109.766
;TIME_ELAPSED:236.753260
;LAYER:17
;TYPE:WALL-OUTER
;MESH:output_v2\B_media_suporte.stl
G1 F1800 X112.935 Y109.805 E33.09203
G1 X112.935 Y109.334 E33.09794
G1 X113.166 Y109.245 E33.10104
G1 X113.383 Y109.187 E33.10386
G1 X113.384 Y109.673 E33.10995
G1 X113.038 Y109.766 E33.11444
G0 F7200 X112.935 Y109.805
G0 X112.935 Y109.715
G0 X113.225 Y109.302
G0 X113.23 Y109.331
G0 X114.617 Y109.67
G0 X114.962 Y109.765
G1 F1800 X114.617 Y109.675 E33.11892
G1 X114.616 Y109.187 E33.12504
G1 X114.834 Y109.245 E33.12786
G1 X115.065 Y109.334 E33.13097
G1 X115.066 Y109.805 E33.13688
G1 X114.962 Y109.765 E33.13827
G0 F7200 X114.769 Y109.715
G0 X114.75 Y109.642
G1 F1500 E26.63827
G0 F7200 X114.76 Y109.61
G0 X114.629 Y112.202
G1 F1500 E33.13827
G0 F7200 X114.962 Y112.766
G1 F1800 X114.617 Y112.673 E33.14275
G1 X114.617 Y112.187 E33.14885
G1 X114.834 Y112.245 E33.15166
G1 X115.065 Y112.334 E33.15477
G1 X115.065 Y112.805 E33.16068
G1 X114.962 Y112.766 E33.16206
G0 F7200 X114.769 Y112.714
G0 X114.752 Y112.643
G1 F1500 E26.66206
G0 F7200 X114.762 Y112.609
G0 X113.369 Y112.661
G1 F1500 E33.16206
G0 F7200 X113.038 Y112.766
G1 F1800 X112.935 Y112.805 E33.16344
G1 X112.935 Y112.334 E33.16934
G1 X113.166 Y112.245 E33.17245
G1 X113.383 Y112.187 E33.17527
G1 X113.384 Y112.673 E33.18136
G1 X113.038 Y112.766 E33.18585
G0 F7200 X112.935 Y112.805
G0 X112.935 Y112.715
G0 X113.225 Y112.302
G1 F1500 E26.68585
G0 F7200 X113.23 Y112.331
G0 X113.371 Y115.202
G1 F1500 E33.18585
G0 F7200 X113.038 Y115.766
G1 F1800 X112.935 Y115.805 E33.18723
G1 X112.935 Y115.334 E33.19314
G1 X113.166 Y115.245 E33.19625
G1 X113.383 Y115.187 E33.19906
G1 X113.384 Y115.673 E33.20516
G1 X113.038 Y115.766 E33.20965
G0 F7200 X112.935 Y115.805
G0 X112.935 Y115.715
G0 X113.225 Y115.302
G0 X113.23 Y115.331
G0 X114.617 Y115.659
G0 X114.962 Y115.765
G1 F1800 X114.617 Y115.675 E33.21412
G1 X114.616 Y115.187 E33.22024
G1 X114.834 Y115.245 E33.22307
G1 X115.065 Y115.334 E33.22617
G1 X115.066 Y115.805 E33.23208
G1 X114.962 Y115.765 E33.23348
G0 F7200 X114.769 Y115.715
G0 X114.75 Y115.642
G1 F1500 E26.73348
G0 F7200 X114.76 Y115.61
G0 X114.629 Y118.202
G1 F1500 E33.23348
G0 F7200 X114.962 Y118.766
G1 F1800 X114.617 Y118.673 E33.23796
G1 X114.617 Y118.187 E33.24405
G1 X114.834 Y118.245 E33.24687
G1 X115.065 Y118.334 E33.24997
G1 X115.066 Y118.806 E33.25589
G1 X114.962 Y118.766 E33.25729
G0 F7200 X114.769 Y118.714
G0 X114.819 Y118.525
;TYPE:SKIN
G1 F1800 X114.869 Y118.475 E33.25773
G0 F7200 X115.017 Y118.474
G1 F1500 E26.75773
G0 F7200 X114.965 Y118.473
G0 X113.369 Y118.661
G1 F1500 E33.25773
G0 F7200 X113.038 Y118.766
;TYPE:WALL-OUTER
G1 F1800 X112.935 Y118.805 E33.25912
G1 X112.935 Y118.334 E33.26502
G1 X113.166 Y118.245 E33.26813
G1 X113.383 Y118.187 E33.27094
G1 X113.384 Y118.673 E33.27704
G1 X113.038 Y118.766 E33.28153
G0 F7200 X112.935 Y118.805
G0 X112.935 Y118.715
G0 X113.13 Y118.518
;TYPE:SKIN
G1 F1800 X113.188 Y118.459 E33.28205
G0 F7200 X113.335 Y118.458
G0 X113.283 Y118.457
G0 X112.07 Y118.789
G0 X110.305 Y119.412
G0 X109.34 Y119.829
G0 X109.441 Y119.9
;TYPE:WALL-OUTER
G1 F1800 X109.037 Y119.9 E33.28712
G1 X109.037 Y119.4 E33.29339
G1 X109.44 Y119.4 E33.29844
G1 X109.441 Y119.9 E33.30471
G0 F7200 X109.241 Y119.9
G0 X109.241 Y119.8
G1 F1500 E26.80471
G0 F7200 X110.305 Y119.412
G0 X112.088 Y120.037
G0 X115.914 Y120.04
G0 X120.07 Y118.789
G1 F1500 E33.30471
G0 F7200 X121.038 Y118.766
G1 F1800 X120.935 Y118.805 E33.30609
G1 X120.935 Y118.334 E33.312
G1 X121.166 Y118.245 E33.3151
G1 X121.383 Y118.187 E33.31792
G1 X121.384 Y118.673 E33.32401
G1 X121.038 Y118.766 E33.32851
G0 F7200 X120.935 Y118.805
G0 X120.935 Y118.715
G0 X121.225 Y118.302
G0 X121.23 Y118.331
G0 X122.617 Y118.659
G0 X122.962 Y118.766
G1 F1800 X122.617 Y118.673 E33.33299
G1 X122.616 Y118.187 E33.33908
G1 X122.834 Y118.245 E33.34191
G1 X123.065 Y118.334 E33.34502
G1 X123.066 Y118.806 E33.35093
G1 X122.962 Y118.766 E33.35233
G0 F7200 X122.769 Y118.714
G0 X122.752 Y118.643
G1 F1500 E26.85233
G0 F7200 X122.762 Y118.609
G0 X123.055 Y115.79
G1 F1500 E33.35233
G0 F7200 X122.962 Y115.766
G1 F1800 X122.617 Y115.673 E33.35681
G1 X122.616 Y115.187 E33.36291
G1 X122.834 Y115.245 E33.36574
G1 X123.065 Y115.334 E33.36884
G1 X123.066 Y115.806 E33.37476
G1 X122.962 Y115.766 E33.37616
G0 F7200 X122.769 Y115.714
G0 X122.752 Y115.643
G1 F1500 E26.87616
G0 F7200 X122.762 Y115.609
G0 X121.369 Y115.661
G1 F1500 E33.37616
G0 F7200 X121.038 Y115.766
G1 F1800 X120.935 Y115.805 E33.37754
G1 X120.935 Y115.334 E33.38344
G1 X121.166 Y115.245 E33.38655
G1 X121.383 Y115.187 E33.38937
G1 X121.384 Y115.673 E33.39546
G1 X121.038 Y115.766 E33.39995
G0 F7200 X120.935 Y115.805
G0 X120.935 Y115.715
G0 X121.225 Y115.302
G1 F1500 E26.89995
G0 F7200 X121.23 Y115.331
G0 X120.946 Y112.789
G1 F1500 E33.39995
G0 F7200 X121.038 Y112.766
G1 F1800 X120.935 Y112.805 E33.40133
G1 X120.935 Y112.334 E33.40724
G1 X121.166 Y112.245 E33.41035
G1 X121.383 Y112.187 E33.41316
G1 X121.384 Y112.673 E33.41926
G1 X121.038 Y112.766 E33.42375
G0 F7200 X120.935 Y112.805
G0 X120.935 Y112.715
G0 X121.128 Y112.499
;TYPE:SKIN
G1 F1800 X121.179 Y112.448 E33.4242
G0 F7200 X121.167 Y112.317
G0 X121.178 Y112.348
G0 X122.617 Y112.659
G0 X122.962 Y112.766
;TYPE:WALL-OUTER
G1 F1800 X122.617 Y112.673 E33.42868
G1 X122.616 Y112.187 E33.43478
G1 X122.834 Y112.245 E33.43761
G1 X123.065 Y112.334 E33.44071
G1 X123.065 Y112.805 E33.44662
G1 X122.962 Y112.766 E33.448
G0 F7200 X122.769 Y112.714
G0 X122.811 Y112.514
;TYPE:SKIN
G1 F1800 X122.86 Y112.464 E33.44844
G0 F7200 X122.875 Y112.329
G0 X122.86 Y112.362
G0 X123.055 Y109.79
G0 X122.962 Y109.766
;TYPE:WALL-OUTER
G1 F1800 X122.617 Y109.673 E33.45292
G1 X122.616 Y109.187 E33.45901
G1 X122.834 Y109.245 E33.46184
G1 X123.065 Y109.334 E33.46495
G1 X123.066 Y109.806 E33.47087
G1 X122.962 Y109.766 E33.47226
G0 F7200 X122.769 Y109.714
G0 X122.752 Y109.643
G0 X122.762 Y109.609
G0 X121.369 Y109.661
G0 X121.038 Y109.766
G1 F1800 X120.935 Y109.805 E33.47364
G1 X120.935 Y109.334 E33.47955
G1 X121.166 Y109.245 E33.48265
G1 X121.383 Y109.187 E33.48547
G1 X121.384 Y109.673 E33.49157
G1 X121.038 Y109.766 E33.49606
G0 F7200 X120.935 Y109.805
G0 X120.935 Y109.715
G0 X121.225 Y109.302
G0 X121.23 Y109.331
G0 X121.648 Y110.498
G0 X123.914 Y111.04
G0 X128.07 Y109.661
G0 X129.038 Y109.766
G1 F1800 X128.935 Y109.805 E33.49744
G1 X128.935 Y109.334 E33.50335
G1 X129.166 Y109.245 E33.50645
G1 X129.383 Y109.187 E33.50927
G1 X129.384 Y109.673 E33.51536
G1 X129.038 Y109.766 E33.51986
G0 F7200 X128.935 Y109.805
G0 X128.935 Y109.715
G0 X129.225 Y109.302
G0 X129.23 Y109.331
G0 X130.617 Y109.659
G0 X130.962 Y109.766
G1 F1800 X130.617 Y109.673 E33.52434
G1 X130.616 Y109.187 E33.53043
G1 X130.834 Y109.245 E33.53326
G1 X131.065 Y109.334 E33.53636
G1 X131.066 Y109.806 E33.54228
G1 X130.962 Y109.766 E33.54368
G0 F7200 X130.769 Y109.714
G0 X130.752 Y109.643
G0 X130.762 Y109.609
G0 X130.628 Y112.202
G0 X130.962 Y112.766
G1 F1800 X130.617 Y112.673 E33.54816
G1 X130.616 Y112.187 E33.55426
G1 X130.834 Y112.245 E33.55709
G1 X131.065 Y112.334 E33.56019
G1 X131.065 Y112.805 E33.5661
G1 X130.962 Y112.766 E33.56748
G0 F7200 X130.769 Y112.714
G0 X130.752 Y112.643
G0 X130.762 Y112.609
G0 X129.363 Y112.668
G0 X129.038 Y112.766
G1 F1800 X128.935 Y112.805 E33.56886
G1 X128.935 Y112.334 E33.57476
G1 X129.166 Y112.245 E33.57787
G1 X129.383 Y112.187 E33.58069
G1 X129.383 Y112.673 E33.58678
G1 X129.038 Y112.766 E33.59126
G0 F7200 X128.935 Y112.805
G0 X128.935 Y112.715
G0 X129.224 Y112.301
G1 F1500 E27.09126
G0 F7200 X129.23 Y112.331
G0 X129.371 Y115.202
G1 F1500 E33.59126
G0 F7200 X129.038 Y115.766
G1 F1800 X128.935 Y115.805 E33.59264
G1 X128.935 Y115.334 E33.59855
G1 X129.166 Y115.245 E33.60165
G1 X129.383 Y115.187 E33.60447
G1 X129.384 Y115.673 E33.61056
G1 X129.038 Y115.766 E33.61506
G0 F7200 X128.935 Y115.805
G0 X128.935 Y115.715
G0 X129.129 Y115.529
;TYPE:SKIN
G1 F1800 X129.188 Y115.47 E33.61558
G0 F7200 X129.335 Y115.469
G0 X129.283 Y115.468
G0 X130.617 Y115.659
G0 X130.962 Y115.766
;TYPE:WALL-OUTER
G1 F1800 X130.617 Y115.673 E33.62006
G1 X130.616 Y115.187 E33.62616
G1 X130.834 Y115.245 E33.62899
G1 X131.065 Y115.334 E33.63209
G1 X131.066 Y115.806 E33.63801
G1 X130.962 Y115.766 E33.63941
G0 F7200 X130.769 Y115.714
G0 X130.827 Y115.528
;TYPE:SKIN
G1 F1800 X130.869 Y115.486 E33.63978
G0 F7200 X131.017 Y115.486
G0 X130.965 Y115.485
G0 X130.628 Y118.202
G0 X130.962 Y118.766
;TYPE:WALL-OUTER
G1 F1800 X130.617 Y118.673 E33.64426
G1 X130.616 Y118.187 E33.65035
G1 X130.834 Y118.245 E33.65318
G1 X131.065 Y118.334 E33.65629
G1 X131.066 Y118.806 E33.66221
G1 X130.962 Y118.766 E33.6636
G0 F7200 X130.769 Y118.714
G0 X130.752 Y118.643
G0 X130.762 Y118.609
G0 X129.363 Y118.668
G0 X129.038 Y118.766
G1 F1800 X128.935 Y118.805 E33.66499
G1 X128.935 Y118.334 E33.67089
G1 X129.166 Y118.245 E33.674
G1 X129.383 Y118.187 E33.67681
G1 X129.383 Y118.673 E33.68291
G1 X129.038 Y118.766 E33.68739
G0 F7200 X128.935 Y118.805
G0 X128.935 Y118.715
G0 X129.224 Y118.301
;MESH:NONMESH
G0 F600 X129.224 Y118.301 Z3.8
G0 F7200 X129.23 Y118.331
G0 X128.07 Y118.345
G0 X123.922 Y114.744
G0 X122.64 Y114.298
G0 X120.888 Y114.436
G0 X113.648 Y110.498
G0 X113.459 Y109.653
;TIME_ELAPSED:246.106374
;LAYER:18
;TYPE:WALL-OUTER
;MESH:output_v2\B_media_suporte.stl
G1 F1800 X113.145 Y109.737 E33.69146
G1 X113.145 Y109.253 E33.69753
G1 X113.163 Y109.246 E33.69778
G1 X113.536 Y109.146 E33.70262
G1 X113.731 Y109.116 E33.70509
G1 X113.812 Y109.108 E33.70611
G1 X114.092 Y109.102 E33.70963
G1 X114.188 Y109.108 E33.71083
G1 X114.269 Y109.116 E33.71185
G1 X114.464 Y109.146 E33.71433
G1 X114.837 Y109.246 E33.71917
G1 X114.855 Y109.253 E33.71941
G1 X114.856 Y109.737 E33.72548
G1 X114.541 Y109.653 E33.7271
G1 X114.325 Y109.62 E33.72984
G1 X114.216 Y109.609 E33.73121
G1 X114.104 Y109.602 E33.73262
G1 X113.788 Y109.608 E33.73658
G1 X113.675 Y109.62 E33.73801
G1 X113.459 Y109.653 E33.74075
G0 F7200 X113.266 Y109.704
G0 X113.388 Y109.428
;TYPE:SKIN
G1 F1800 X113.623 Y109.38 E33.74168
G1 X114.488 Y109.397 E33.74504
G0 F7200 X114.494 Y109.567
G1 F1500 E27.24504
G0 F7200 X114.499 Y109.546
G0 X113.455 Y109.634
G0 X113.733 Y112.135
G1 F1500 E33.74504
G0 F7200 X113.459 Y112.653
;TYPE:WALL-OUTER
G1 F1800 X113.145 Y112.737 E33.74911
G1 X113.145 Y112.253 E33.75518
G1 X113.163 Y112.246 E33.75543
G1 X113.536 Y112.146 E33.76027
G1 X113.731 Y112.116 E33.76274
G1 X113.812 Y112.108 E33.76376
G1 X114.092 Y112.102 E33.76728
G1 X114.188 Y112.108 E33.76848
G1 X114.269 Y112.116 E33.7695
G1 X114.464 Y112.146 E33.77198
G1 X114.837 Y112.246 E33.77682
G1 X114.855 Y112.253 E33.77706
G1 X114.855 Y112.737 E33.78313
G1 X114.541 Y112.653 E33.78721
G1 X114.325 Y112.62 E33.78995
G1 X114.216 Y112.609 E33.79132
G1 X114.104 Y112.602 E33.79273
G1 X113.788 Y112.608 E33.79669
G1 X113.675 Y112.62 E33.79812
G1 X113.459 Y112.653 E33.80086
G0 F7200 X113.266 Y112.704
G0 X113.53 Y112.398
;TYPE:SKIN
G1 F1800 X113.776 Y112.362 E33.8019
G1 X114.357 Y112.377 E33.80435
G0 F7200 X114.4 Y112.54
G1 F1500 E27.30435
G0 F7200 X114.402 Y112.531
G0 X113.733 Y115.135
G1 F1500 E33.80435
G0 F7200 X113.459 Y115.653
;TYPE:WALL-OUTER
G1 F1800 X113.145 Y115.737 E33.80843
G1 X113.145 Y115.253 E33.8145
G1 X113.163 Y115.246 E33.81474
G1 X113.536 Y115.146 E33.81958
G1 X113.731 Y115.116 E33.82206
G1 X113.812 Y115.108 E33.82308
G1 X114.092 Y115.102 E33.82659
G1 X114.188 Y115.108 E33.8278
G1 X114.269 Y115.116 E33.82882
G1 X114.464 Y115.146 E33.83129
G1 X114.837 Y115.246 E33.83613
G1 X114.855 Y115.253 E33.83638
G1 X114.856 Y115.737 E33.84245
G1 X114.541 Y115.653 E33.84406
G1 X114.325 Y115.62 E33.8468
G1 X114.216 Y115.609 E33.84818
G1 X114.104 Y115.602 E33.84958
G1 X113.788 Y115.608 E33.85355
G1 X113.675 Y115.62 E33.85497
G1 X113.459 Y115.653 E33.85771
G0 F7200 X113.266 Y115.704
G0 X113.437 Y115.417
;TYPE:SKIN
G1 F1800 X113.675 Y115.372 E33.85863
G1 X114.567 Y115.415 E33.86203
G0 F7200 X114.591 Y115.593
G0 X114.598 Y115.566
G0 X114.168 Y118.126
G0 X113.459 Y118.653
;TYPE:WALL-OUTER
G1 F1800 X113.145 Y118.737 E33.86611
G1 X113.145 Y118.253 E33.87218
G1 X113.163 Y118.246 E33.87242
G1 X113.536 Y118.146 E33.87726
G1 X113.731 Y118.116 E33.87974
G1 X113.812 Y118.108 E33.88076
G1 X114.092 Y118.102 E33.88427
G1 X114.188 Y118.108 E33.88547
G1 X114.269 Y118.116 E33.8865
G1 X114.464 Y118.146 E33.88897
G1 X114.837 Y118.246 E33.89381
G1 X114.855 Y118.253 E33.89405
G1 X114.856 Y118.737 E33.90012
G1 X114.541 Y118.653 E33.90174
G1 X114.325 Y118.62 E33.90448
G1 X114.216 Y118.609 E33.90585
G1 X114.104 Y118.602 E33.90726
G1 X113.788 Y118.608 E33.91123
G1 X113.675 Y118.62 E33.91265
G1 X113.459 Y118.653 E33.91539
G0 F7200 X113.266 Y118.704
G0 X113.359 Y118.45
;TYPE:SKIN
G1 F1800 X113.579 Y118.388 E33.91624
G1 X114.426 Y118.386 E33.9194
G0 F7200 X114.435 Y118.551
G0 X114.438 Y118.536
G0 X113.157 Y118.722
G0 X110.291 Y119.412
G0 X109.326 Y119.829
G0 X109.427 Y119.9
;TYPE:WALL-OUTER
G1 F1800 X109.024 Y119.9 E33.92445
G1 X109.024 Y119.4 E33.93072
G1 X109.426 Y119.4 E33.93576
G1 X109.427 Y119.9 E33.94203
G0 F7200 X109.227 Y119.9
G0 X109.227 Y119.8
G0 X110.291 Y119.412
G0 X112.298 Y119.954
G0 X115.704 Y119.958
G0 X120.28 Y118.722
G0 X121.439 Y118.556
G0 X121.459 Y118.653
G1 F1800 X121.145 Y118.737 E33.94611
G1 X121.145 Y118.253 E33.95218
G1 X121.163 Y118.246 E33.95242
G1 X121.536 Y118.146 E33.95726
G1 X121.731 Y118.116 E33.95974
G1 X121.812 Y118.108 E33.96076
G1 X122.092 Y118.102 E33.96427
G1 X122.188 Y118.108 E33.96548
G1 X122.269 Y118.116 E33.9665
G1 X122.464 Y118.146 E33.96897
G1 X122.837 Y118.246 E33.97382
G1 X122.855 Y118.253 E33.97406
G1 X122.856 Y118.737 E33.98013
G1 X122.541 Y118.653 E33.98174
G1 X122.325 Y118.62 E33.98448
G1 X122.216 Y118.609 E33.98586
G1 X122.104 Y118.602 E33.98726
G1 X121.788 Y118.608 E33.99123
G1 X121.675 Y118.62 E33.99265
G1 X121.459 Y118.653 E33.99539
G0 F7200 X121.266 Y118.704
G0 X121.513 Y118.402
;TYPE:SKIN
G1 F1800 X121.758 Y118.364 E33.99644
G1 X122.333 Y118.373 E33.99886
G0 F7200 X122.377 Y118.536
G1 F1500 E27.49886
G0 F7200 X122.379 Y118.527
G0 X121.157 Y115.722
G1 F1500 E33.99886
G0 F7200 X121.459 Y115.653
;TYPE:WALL-OUTER
G1 F1800 X121.145 Y115.737 E34.00293
G1 X121.145 Y115.253 E34.009
G1 X121.163 Y115.246 E34.00925
G1 X121.536 Y115.146 E34.01409
G1 X121.731 Y115.116 E34.01656
G1 X121.812 Y115.108 E34.01758
G1 X121.908 Y115.102 E34.01879
G1 X122.189 Y115.108 E34.02231
G1 X122.269 Y115.116 E34.02332
G1 X122.464 Y115.146 E34.0258
G1 X122.837 Y115.246 E34.03064
G1 X122.855 Y115.253 E34.03088
G1 X122.856 Y115.737 E34.03695
G1 X122.541 Y115.653 E34.03857
G1 X122.325 Y115.62 E34.04131
G1 X122.212 Y115.608 E34.04273
G1 X121.896 Y115.602 E34.0467
G1 X121.784 Y115.609 E34.0481
G1 X121.675 Y115.62 E34.04948
G1 X121.459 Y115.653 E34.05222
G0 F7200 X121.266 Y115.704
G0 X121.372 Y115.432
;TYPE:SKIN
G1 F1800 X121.606 Y115.383 E34.05313
G1 X122.463 Y115.392 E34.05641
G0 F7200 X122.47 Y115.561
G1 F1500 E27.55641
G0 F7200 X122.473 Y115.542
G0 X121.157 Y112.722
G1 F1500 E34.05641
G0 F7200 X121.459 Y112.653
;TYPE:WALL-OUTER
G1 F1800 X121.145 Y112.737 E34.06049
G1 X121.145 Y112.253 E34.06656
G1 X121.163 Y112.246 E34.0668
G1 X121.536 Y112.146 E34.07164
G1 X121.731 Y112.116 E34.07412
G1 X121.812 Y112.108 E34.07514
G1 X122.092 Y112.102 E34.07865
G1 X122.188 Y112.108 E34.07986
G1 X122.269 Y112.116 E34.08088
G1 X122.464 Y112.146 E34.08335
G1 X122.837 Y112.246 E34.08819
G1 X122.855 Y112.253 E34.08844
G1 X122.855 Y112.737 E34.09451
G1 X122.541 Y112.653 E34.09858
G1 X122.325 Y112.62 E34.10132
G1 X122.216 Y112.609 E34.1027
G1 X122.104 Y112.602 E34.1041
G1 X121.788 Y112.608 E34.10807
G1 X121.675 Y112.62 E34.10949
G1 X121.459 Y112.653 E34.11223
G0 F7200 X121.266 Y112.704
G0 X121.463 Y112.412
;TYPE:SKIN
G1 F1800 X121.703 Y112.369 E34.11315
G1 X122.607 Y112.425 E34.11654
G0 F7200 X122.491 Y112.241
G1 F1500 E27.61654
G0 F7200 X122.487 Y112.255
G0 X121.157 Y109.722
G1 F1500 E34.11654
G0 F7200 X121.459 Y109.653
;TYPE:WALL-OUTER
G1 F1800 X121.145 Y109.737 E34.12061
G1 X121.145 Y109.253 E34.12668
G1 X121.163 Y109.246 E34.12692
G1 X121.536 Y109.146 E34.13177
G1 X121.731 Y109.116 E34.13424
G1 X121.812 Y109.108 E34.13526
G1 X122.092 Y109.102 E34.13877
G1 X122.188 Y109.108 E34.13998
G1 X122.269 Y109.116 E34.141
G1 X122.464 Y109.146 E34.14348
G1 X122.837 Y109.246 E34.14832
G1 X122.855 Y109.253 E34.14856
G1 X122.856 Y109.737 E34.15463
G1 X122.541 Y109.653 E34.15625
G1 X122.325 Y109.62 E34.15899
G1 X122.212 Y109.608 E34.16041
G1 X121.896 Y109.602 E34.16437
G1 X121.784 Y109.609 E34.16578
G1 X121.675 Y109.62 E34.16716
G1 X121.459 Y109.653 E34.1699
G0 F7200 X121.266 Y109.704
G0 X121.555 Y109.393
;TYPE:SKIN
G1 F1800 X121.804 Y109.359 E34.17097
G1 X122.393 Y109.382 E34.17348
G0 F7200 X122.403 Y109.543
G1 F1500 E27.67348
G0 F7200 X122.405 Y109.531
G0 X123.72 Y109.568
G0 X128.28 Y109.569
G0 X129.439 Y109.556
G1 F1500 E34.17348
G0 F7200 X129.459 Y109.653
;TYPE:WALL-OUTER
G1 F1800 X129.145 Y109.737 E34.17756
G1 X129.145 Y109.253 E34.18363
G1 X129.163 Y109.246 E34.18387
G1 X129.536 Y109.146 E34.18871
G1 X129.731 Y109.116 E34.19119
G1 X129.812 Y109.108 E34.19221
G1 X129.908 Y109.102 E34.19341
G1 X130.189 Y109.108 E34.19694
G1 X130.269 Y109.116 E34.19795
G1 X130.464 Y109.146 E34.20042
G1 X130.837 Y109.246 E34.20526
G1 X130.855 Y109.253 E34.20551
G1 X130.856 Y109.737 E34.21158
G1 X130.541 Y109.653 E34.21319
G1 X130.325 Y109.62 E34.21593
G1 X130.212 Y109.608 E34.21736
G1 X129.896 Y109.602 E34.22132
G1 X129.784 Y109.609 E34.22273
G1 X129.675 Y109.62 E34.2241
G1 X129.459 Y109.653 E34.22684
G0 F7200 X129.266 Y109.704
G0 X129.489 Y109.407
;TYPE:SKIN
G1 F1800 X129.731 Y109.366 E34.2277
G1 X130.628 Y109.414 E34.23082
G0 F7200 X130.486 Y109.24
G1 F1500 E27.73082
G0 F7200 X130.483 Y109.253
G0 X129.455 Y109.634
G0 X129.733 Y112.135
G1 F1500 E34.23082
G0 F7200 X129.459 Y112.653
;TYPE:WALL-OUTER
G1 F1800 X129.145 Y112.737 E34.2349
G1 X129.145 Y112.253 E34.24097
G1 X129.163 Y112.246 E34.24121
G1 X129.536 Y112.146 E34.24605
G1 X129.731 Y112.116 E34.24853
G1 X129.812 Y112.108 E34.24955
G1 X129.908 Y112.102 E34.25075
G1 X130.189 Y112.108 E34.25428
G1 X130.269 Y112.116 E34.25529
G1 X130.464 Y112.146 E34.25776
G1 X130.837 Y112.246 E34.2626
G1 X130.855 Y112.253 E34.26284
G1 X130.855 Y112.737 E34.26891
G1 X130.541 Y112.653 E34.27299
G1 X130.325 Y112.62 E34.27573
G1 X130.212 Y112.608 E34.27716
G1 X129.896 Y112.602 E34.28112
G1 X129.784 Y112.609 E34.28253
G1 X129.675 Y112.62 E34.2839
G1 X129.459 Y112.653 E34.28664
G0 F7200 X129.266 Y112.704
G0 X129.397 Y112.426
;TYPE:SKIN
G1 F1800 X129.632 Y112.378 E34.28756
G1 X130.502 Y112.4 E34.2909
G0 F7200 X130.506 Y112.571
G1 F1500 E27.7909
G0 F7200 X130.51 Y112.547
G0 X130.188 Y115.127
G1 F1500 E34.2909
G0 F7200 X129.459 Y115.653
;TYPE:WALL-OUTER
G1 F1800 X129.145 Y115.737 E34.29497
G1 X129.145 Y115.253 E34.30104
G1 X129.163 Y115.246 E34.30128
G1 X129.536 Y115.146 E34.30613
G1 X129.731 Y115.116 E34.3086
G1 X129.812 Y115.108 E34.30962
G1 X129.908 Y115.102 E34.31083
G1 X130.189 Y115.108 E34.31435
G1 X130.269 Y115.116 E34.31536
G1 X130.464 Y115.146 E34.31784
G1 X130.837 Y115.246 E34.32268
G1 X130.855 Y115.253 E34.32292
G1 X130.856 Y115.737 E34.32899
G1 X130.541 Y115.653 E34.33061
G1 X130.325 Y115.62 E34.33335
G1 X130.212 Y115.608 E34.33477
G1 X129.896 Y115.602 E34.33874
G1 X129.784 Y115.609 E34.34014
G1 X129.675 Y115.62 E34.34152
G1 X129.459 Y115.653 E34.34426
G0 F7200 X129.266 Y115.704
G0 X129.539 Y115.397
;TYPE:SKIN
G1 F1800 X129.785 Y115.36 E34.34531
G1 X130.369 Y115.378 E34.34779
G0 F7200 X130.379 Y115.537
G1 F1500 E27.84779
G0 F7200 X130.381 Y115.528
G0 X129.733 Y118.135
G1 F1500 E34.34779
G0 F7200 X129.459 Y118.653
;TYPE:WALL-OUTER
G1 F1800 X129.145 Y118.737 E34.35187
G1 X129.145 Y118.253 E34.35794
G1 X129.163 Y118.246 E34.35818
G1 X129.536 Y118.146 E34.36303
G1 X129.731 Y118.116 E34.3655
G1 X129.812 Y118.108 E34.36652
G1 X130.092 Y118.102 E34.37003
G1 X130.188 Y118.108 E34.37124
G1 X130.269 Y118.116 E34.37226
G1 X130.464 Y118.146 E34.37473
G1 X130.837 Y118.246 E34.37958
G1 X130.855 Y118.253 E34.37982
G1 X130.856 Y118.737 E34.38589
G1 X130.541 Y118.653 E34.3875
G1 X130.325 Y118.62 E34.39024
G1 X130.216 Y118.609 E34.39162
G1 X130.104 Y118.602 E34.39303
G1 X129.788 Y118.608 E34.39699
G1 X129.675 Y118.62 E34.39841
G1 X129.459 Y118.653 E34.40115
G0 F7200 X129.266 Y118.704
G0 X129.447 Y118.416
;TYPE:SKIN
G1 F1800 X129.685 Y118.371 E34.40207
G1 X130.583 Y118.421 E34.40549
G0 F7200 X130.607 Y118.598
G1 F1500 E27.90549
;MESH:NONMESH
G0 F600 X130.607 Y118.598 Z4
G0 F7200 X130.614 Y118.57
G0 X129.161 Y118.264
G0 X123.712 Y114.662
G0 X121.299 Y113.591
G0 X120.298 Y113.954
G0 X115.72 Y109.721
G0 X114.339 Y109.6
G1 F1500 E34.40549
G0 F7200 X113.459 Y109.653
;TIME_ELAPSED:255.470403
;LAYER:19
;TYPE:WALL-OUTER
;MESH:output_v2\B_media_suporte.stl
G1 F1800 X113.355 Y109.681 E34.40684
G1 X113.355 Y109.195 E34.41293
G1 X113.536 Y109.146 E34.41528
G1 X113.731 Y109.116 E34.41776
G1 X113.812 Y109.108 E34.41878
G1 X114.092 Y109.102 E34.42229
G1 X114.188 Y109.108 E34.4235
G1 X114.269 Y109.116 E34.42452
G1 X114.464 Y109.146 E34.42699
G1 X114.645 Y109.195 E34.42934
G1 X114.645 Y109.681 E34.43544
G1 X114.541 Y109.653 E34.43679
G1 X114.325 Y109.62 E34.43953
G1 X114.216 Y109.609 E34.4409
G1 X114.104 Y109.602 E34.44231
G1 X113.788 Y109.608 E34.44627
G1 X113.675 Y109.62 E34.4477
G1 X113.459 Y109.653 E34.45044
G0 F7200 X113.355 Y109.681
G0 X113.355 Y109.588
G0 X113.803 Y109.358
;TYPE:SKIN
G1 F1800 X114.09 Y109.354 E34.45194
G1 X114.35 Y109.377 E34.4533
G0 F7200 X114.412 Y109.229
G1 F1500 E27.9533
G0 F7200 X114.41 Y109.238
G0 X113.455 Y109.634
G0 X113.733 Y112.135
G1 F1500 E34.4533
G0 F7200 X113.459 Y112.653
;TYPE:WALL-OUTER
G1 F1800 X113.355 Y112.681 E34.45465
G1 X113.355 Y112.195 E34.46075
G1 X113.536 Y112.146 E34.4631
G1 X113.731 Y112.116 E34.46557
G1 X113.812 Y112.108 E34.46659
G1 X114.092 Y112.102 E34.47011
G1 X114.188 Y112.108 E34.47131
G1 X114.269 Y112.116 E34.47233
G1 X114.464 Y112.146 E34.47481
G1 X114.645 Y112.195 E34.47716
G1 X114.645 Y112.681 E34.48325
G1 X114.541 Y112.653 E34.4846
G1 X114.325 Y112.62 E34.48734
G1 X114.216 Y112.609 E34.48872
G1 X114.104 Y112.602 E34.49012
G1 X113.788 Y112.608 E34.49409
G1 X113.675 Y112.62 E34.49551
G1 X113.459 Y112.653 E34.49825
G0 F7200 X113.355 Y112.681
G0 X113.355 Y112.588
G0 X113.61 Y112.38
;TYPE:SKIN
G1 F1800 X113.918 Y112.355 E34.49956
G1 X114.426 Y112.413 E34.50173
G0 F7200 X114.263 Y112.21
G1 F1500 E28.00173
G0 F7200 X114.262 Y112.215
G0 X113.733 Y115.135
G1 F1500 E34.50173
G0 F7200 X113.459 Y115.653
;TYPE:WALL-OUTER
G1 F1800 X113.355 Y115.681 E34.50308
G1 X113.355 Y115.195 E34.50918
G1 X113.536 Y115.146 E34.51153
G1 X113.731 Y115.116 E34.514
G1 X113.812 Y115.108 E34.51503
G1 X114.092 Y115.102 E34.51854
G1 X114.188 Y115.108 E34.51974
G1 X114.269 Y115.116 E34.52076
G1 X114.464 Y115.146 E34.52324
G1 X114.645 Y115.195 E34.52559
G1 X114.645 Y115.681 E34.53168
G1 X114.541 Y115.653 E34.53304
G1 X114.325 Y115.62 E34.53578
G1 X114.216 Y115.609 E34.53715
G1 X114.104 Y115.602 E34.53856
G1 X113.788 Y115.608 E34.54252
G1 X113.675 Y115.62 E34.54395
G1 X113.459 Y115.653 E34.54669
G0 F7200 X113.355 Y115.681
G0 X113.355 Y115.588
G0 X113.738 Y115.363
;TYPE:SKIN
G1 F1800 X114.032 Y115.352 E34.54826
G1 X114.298 Y115.369 E34.54969
G0 F7200 X114.345 Y115.218
G1 F1500 E28.04969
G0 F7200 X114.342 Y115.227
G0 X113.733 Y118.135
G1 F1500 E34.54969
G0 F7200 X113.459 Y118.653
;TYPE:WALL-OUTER
G1 F1800 X113.355 Y118.681 E34.55104
G1 X113.355 Y118.195 E34.55713
G1 X113.536 Y118.146 E34.55948
G1 X113.731 Y118.116 E34.56196
G1 X113.812 Y118.108 E34.56298
G1 X114.092 Y118.102 E34.56649
G1 X114.188 Y118.108 E34.5677
G1 X114.269 Y118.116 E34.56872
G1 X114.464 Y118.146 E34.57119
G1 X114.645 Y118.195 E34.57354
G1 X114.645 Y118.681 E34.57964
G1 X114.541 Y118.653 E34.58099
G1 X114.325 Y118.62 E34.58373
G1 X114.216 Y118.609 E34.5851
G1 X114.104 Y118.602 E34.58651
G1 X113.788 Y118.608 E34.59047
G1 X113.675 Y118.62 E34.5919
G1 X113.459 Y118.653 E34.59464
G0 F7200 X113.355 Y118.681
G0 X113.355 Y118.588
G0 X113.574 Y118.355
;TYPE:SKIN
G1 F1800 X113.857 Y118.356 E34.59571
G1 X114.395 Y118.383 E34.59776
G0 F7200 X114.431 Y118.231
G0 X114.429 Y118.241
G0 X113.367 Y118.666
G0 X110.281 Y119.415
G0 X109.345 Y119.8
G0 X109.415 Y119.9
;TYPE:WALL-OUTER
G1 F1800 X109.017 Y119.9 E34.60276
G1 X109.017 Y119.4 E34.60903
G1 X109.416 Y119.4 E34.61403
G1 X109.415 Y119.9 E34.62028
G0 F7200 X109.215 Y119.9
G0 X109.215 Y119.8
G0 X110.281 Y119.415
G0 X112.506 Y119.786
G0 X115.494 Y119.786
G0 X120.49 Y118.666
G0 X121.459 Y118.653
G1 F1800 X121.355 Y118.681 E34.62163
G1 X121.355 Y118.195 E34.62772
G1 X121.536 Y118.146 E34.63007
G1 X121.731 Y118.116 E34.63255
G1 X121.812 Y118.108 E34.63357
G1 X122.092 Y118.102 E34.63708
G1 X122.188 Y118.108 E34.63829
G1 X122.269 Y118.116 E34.63931
G1 X122.464 Y118.146 E34.64178
G1 X122.645 Y118.195 E34.64413
G1 X122.645 Y118.681 E34.65023
G1 X122.541 Y118.653 E34.65158
G1 X122.325 Y118.62 E34.65432
G1 X122.216 Y118.609 E34.65569
G1 X122.104 Y118.602 E34.6571
G1 X121.788 Y118.608 E34.66106
G1 X121.675 Y118.62 E34.66249
G1 X121.459 Y118.653 E34.66523
G0 F7200 X121.355 Y118.681
G0 X121.355 Y118.588
G0 X121.771 Y118.36
;TYPE:SKIN
G1 F1800 X122.062 Y118.353 E34.66677
G1 X122.325 Y118.373 E34.66816
G0 F7200 X122.387 Y118.225
G0 X122.385 Y118.234
G0 X121.367 Y115.666
G0 X121.459 Y115.653
;TYPE:WALL-OUTER
G1 F1800 X121.355 Y115.681 E34.66951
G1 X121.355 Y115.195 E34.67561
G1 X121.536 Y115.146 E34.67796
G1 X121.731 Y115.116 E34.68043
G1 X121.812 Y115.108 E34.68145
G1 X121.908 Y115.102 E34.68266
G1 X122.189 Y115.108 E34.68618
G1 X122.269 Y115.116 E34.68719
G1 X122.464 Y115.146 E34.68967
G1 X122.645 Y115.195 E34.69202
G1 X122.645 Y115.681 E34.69811
G1 X122.541 Y115.653 E34.69946
G1 X122.325 Y115.62 E34.7022
G1 X122.212 Y115.608 E34.70363
G1 X121.896 Y115.602 E34.70759
G1 X121.784 Y115.609 E34.709
G1 X121.675 Y115.62 E34.71037
G1 X121.459 Y115.653 E34.71311
G0 F7200 X121.355 Y115.681
G0 X121.355 Y115.588
G0 X121.645 Y115.376
;TYPE:SKIN
G1 F1800 X121.951 Y115.352 E34.7147
G1 X122.224 Y115.362 E34.71612
G0 F7200 X122.275 Y115.211
G0 X122.274 Y115.217
G0 X121.367 Y112.666
G0 X121.459 Y112.653
;TYPE:WALL-OUTER
G1 F1800 X121.355 Y112.681 E34.71747
G1 X121.355 Y112.195 E34.72356
G1 X121.536 Y112.146 E34.72591
G1 X121.731 Y112.116 E34.72839
G1 X121.812 Y112.108 E34.72941
G1 X122.092 Y112.102 E34.73292
G1 X122.188 Y112.108 E34.73413
G1 X122.269 Y112.116 E34.73515
G1 X122.464 Y112.146 E34.73762
G1 X122.645 Y112.195 E34.73997
G1 X122.645 Y112.681 E34.74607
G1 X122.541 Y112.653 E34.74742
G1 X122.325 Y112.62 E34.75016
G1 X122.216 Y112.609 E34.75153
G1 X122.104 Y112.602 E34.75294
G1 X121.788 Y112.608 E34.7569
G1 X121.675 Y112.62 E34.75833
G1 X121.459 Y112.653 E34.76107
G0 F7200 X121.355 Y112.681
G0 X121.355 Y112.588
G0 X121.836 Y112.356
;TYPE:SKIN
G1 F1800 X122.121 Y112.354 E34.76255
G1 X122.377 Y112.38 E34.76389
G0 F7200 X122.438 Y112.233
G1 F1500 E28.26389
G0 F7200 X122.436 Y112.242
G0 X121.367 Y109.666
G1 F1500 E34.76389
G0 F7200 X121.459 Y109.653
;TYPE:WALL-OUTER
G1 F1800 X121.355 Y109.681 E34.76524
G1 X121.355 Y109.195 E34.77133
G1 X121.536 Y109.146 E34.77368
G1 X121.731 Y109.116 E34.77616
G1 X121.812 Y109.108 E34.77718
G1 X122.092 Y109.102 E34.78069
G1 X122.188 Y109.108 E34.7819
G1 X122.269 Y109.116 E34.78292
G1 X122.464 Y109.146 E34.78539
G1 X122.645 Y109.195 E34.78774
G1 X122.645 Y109.681 E34.79384
G1 X122.541 Y109.653 E34.79519
G1 X122.325 Y109.62 E34.79793
G1 X122.212 Y109.608 E34.79935
G1 X121.896 Y109.602 E34.80332
G1 X121.784 Y109.609 E34.80472
G1 X121.675 Y109.62 E34.8061
G1 X121.459 Y109.653 E34.80884
G0 F7200 X121.355 Y109.681
G0 X121.355 Y109.588
G0 X121.715 Y109.366
;TYPE:SKIN
G1 F1800 X122.011 Y109.352 E34.8104
G1 X122.279 Y109.367 E34.81181
G0 F7200 X122.328 Y109.216
G1 F1500 E28.31181
G0 F7200 X122.326 Y109.225
G0 X123.51 Y109.556
G0 X128.49 Y109.556
G1 F1500 E34.81181
G0 F7200 X129.459 Y109.653
;TYPE:WALL-OUTER
G1 F1800 X129.355 Y109.681 E34.81316
G1 X129.355 Y109.195 E34.81925
G1 X129.536 Y109.146 E34.8216
G1 X129.731 Y109.116 E34.82408
G1 X129.812 Y109.108 E34.8251
G1 X129.908 Y109.102 E34.8263
G1 X130.189 Y109.108 E34.82983
G1 X130.269 Y109.116 E34.83084
G1 X130.464 Y109.146 E34.83331
G1 X130.645 Y109.195 E34.83566
G1 X130.645 Y109.681 E34.84176
G1 X130.541 Y109.653 E34.84311
G1 X130.325 Y109.62 E34.84585
G1 X130.212 Y109.608 E34.84727
G1 X129.896 Y109.602 E34.85124
G1 X129.784 Y109.609 E34.85264
G1 X129.675 Y109.62 E34.85402
G1 X129.459 Y109.653 E34.85676
G0 F7200 X129.355 Y109.681
G0 X129.355 Y109.588
G0 X129.621 Y109.379
;TYPE:SKIN
G1 F1800 X129.931 Y109.352 E34.85806
G1 X130.431 Y109.419 E34.86016
G0 F7200 X130.265 Y109.21
G0 X130.263 Y109.215
G0 X129.733 Y112.135
G0 X129.459 Y112.653
;TYPE:WALL-OUTER
G1 F1800 X129.355 Y112.681 E34.86151
G1 X129.355 Y112.195 E34.86761
G1 X129.536 Y112.146 E34.86996
G1 X129.731 Y112.116 E34.87243
G1 X129.812 Y112.108 E34.87345
G1 X129.908 Y112.102 E34.87466
G1 X130.189 Y112.108 E34.87818
G1 X130.269 Y112.116 E34.87919
G1 X130.464 Y112.146 E34.88166
G1 X130.645 Y112.195 E34.88402
G1 X130.645 Y112.681 E34.89011
G1 X130.541 Y112.653 E34.89146
G1 X130.325 Y112.62 E34.8942
G1 X130.212 Y112.608 E34.89563
G1 X129.896 Y112.602 E34.89959
G1 X129.784 Y112.609 E34.901
G1 X129.675 Y112.62 E34.90237
G1 X129.459 Y112.653 E34.90511
G0 F7200 X129.355 Y112.681
G0 X129.355 Y112.588
G0 X129.749 Y112.362
;TYPE:SKIN
G1 F1800 X130.04 Y112.355 E34.90664
G1 X130.307 Y112.371 E34.90804
G0 F7200 X130.355 Y112.219
G0 X130.353 Y112.229
G0 X129.733 Y115.135
G0 X129.459 Y115.653
;TYPE:WALL-OUTER
G1 F1800 X129.355 Y115.681 E34.90939
G1 X129.355 Y115.195 E34.91549
G1 X129.536 Y115.146 E34.91784
G1 X129.731 Y115.116 E34.92031
G1 X129.812 Y115.108 E34.92133
G1 X129.908 Y115.102 E34.92254
G1 X130.189 Y115.108 E34.92606
G1 X130.269 Y115.116 E34.92707
G1 X130.464 Y115.146 E34.92955
G1 X130.645 Y115.195 E34.9319
G1 X130.645 Y115.681 E34.93799
G1 X130.541 Y115.653 E34.93934
G1 X130.325 Y115.62 E34.94208
G1 X130.212 Y115.608 E34.94351
G1 X129.896 Y115.602 E34.94747
G1 X129.784 Y115.609 E34.94888
G1 X129.675 Y115.62 E34.95025
G1 X129.459 Y115.653 E34.95299
G0 F7200 X129.355 Y115.681
G0 X129.355 Y115.588
G0 X129.58 Y115.361
;TYPE:SKIN
G1 F1800 X129.869 Y115.354 E34.95415
G1 X130.403 Y115.385 E34.95628
G0 F7200 X130.439 Y115.233
G1 F1500 E28.45628
G0 F7200 X130.437 Y115.242
G0 X129.455 Y115.634
G0 X129.733 Y118.135
G1 F1500 E34.95628
G0 F7200 X129.459 Y118.653
;TYPE:WALL-OUTER
G1 F1800 X129.355 Y118.681 E34.95763
G1 X129.355 Y118.195 E34.96373
G1 X129.536 Y118.146 E34.96608
G1 X129.731 Y118.116 E34.96855
G1 X129.812 Y118.108 E34.96957
G1 X130.092 Y118.102 E34.97309
G1 X130.188 Y118.108 E34.97429
G1 X130.269 Y118.116 E34.97531
G1 X130.464 Y118.146 E34.97779
G1 X130.645 Y118.195 E34.98014
G1 X130.645 Y118.681 E34.98623
G1 X130.541 Y118.653 E34.98758
G1 X130.325 Y118.62 E34.99032
G1 X130.216 Y118.609 E34.9917
G1 X130.104 Y118.602 E34.9931
G1 X129.788 Y118.608 E34.99707
G1 X129.675 Y118.62 E34.99849
G1 X129.459 Y118.653 E35.00123
G0 F7200 X129.355 Y118.681
G0 X129.355 Y118.588
G0 X129.681 Y118.37
;TYPE:SKIN
G1 F1800 X129.981 Y118.353 E35.00282
G1 X130.253 Y118.365 E35.00426
G0 F7200 X130.301 Y118.214
G1 F1500 E28.50426
;MESH:NONMESH
G0 F600 X130.301 Y118.214 Z4.2
G0 F7200 X130.299 Y118.221
G0 X128.49 Y118.207
G0 X123.501 Y114.537
G0 X120.506 Y113.786
G0 X115.51 Y109.666
G0 X113.663 Y109.521
G1 F1500 E35.00426
G0 F7200 X113.675 Y109.62
;TIME_ELAPSED:262.688071
;LAYER:20
;TYPE:WALL-OUTER
;MESH:output_v2\B_media_suporte.stl
G1 F1800 X113.565 Y109.637 E35.00565
G1 X113.565 Y109.142 E35.01186
G1 X113.731 Y109.116 E35.01397
G1 X113.812 Y109.108 E35.01499
G1 X114.091 Y109.102 E35.01849
G1 X114.224 Y109.111 E35.02016
G1 X114.33 Y109.125 E35.0215
G1 X114.435 Y109.142 E35.02283
G1 X114.435 Y109.636 E35.02903
G1 X114.324 Y109.619 E35.03044
G1 X114.104 Y109.602 E35.0332
G1 X113.788 Y109.608 E35.03717
G1 X113.675 Y109.62 E35.03859
G0 F7200 X113.565 Y109.637
G0 X113.565 Y109.548
G0 X113.881 Y109.356
;TYPE:SKIN
G1 F1800 X114.165 Y109.357 E35.04056
G0 F7200 X114.198 Y109.514
G0 X114.198 Y109.509
G0 X113.813 Y112.127
G0 X113.675 Y112.62
;TYPE:WALL-OUTER
G1 F1800 X113.565 Y112.637 E35.04196
G1 X113.565 Y112.142 E35.04817
G1 X113.731 Y112.116 E35.05027
G1 X113.812 Y112.108 E35.05129
G1 X114.091 Y112.102 E35.05479
G1 X114.224 Y112.111 E35.05646
G1 X114.33 Y112.125 E35.05781
G1 X114.435 Y112.142 E35.05914
G1 X114.435 Y112.636 E35.06533
G1 X114.324 Y112.619 E35.06674
G1 X114.104 Y112.602 E35.06951
G1 X113.788 Y112.608 E35.07347
G1 X113.675 Y112.62 E35.0749
G0 F7200 X113.565 Y112.637
G0 X113.565 Y112.548
G0 X113.792 Y112.378
;TYPE:SKIN
G1 F1800 X114.049 Y112.352 E35.07643
G0 F7200 X114.094 Y112.504
G1 F1500 E28.57643
G0 F7200 X114.095 Y112.502
G0 X113.813 Y115.127
G1 F1500 E35.07643
G0 F7200 X113.675 Y115.62
;TYPE:WALL-OUTER
G1 F1800 X113.565 Y115.637 E35.07783
G1 X113.565 Y115.142 E35.08403
G1 X113.731 Y115.116 E35.08614
G1 X113.812 Y115.108 E35.08716
G1 X114.091 Y115.102 E35.09066
G1 X114.224 Y115.111 E35.09233
G1 X114.33 Y115.125 E35.09367
G1 X114.435 Y115.142 E35.09501
G1 X114.435 Y115.636 E35.1012
G1 X114.324 Y115.619 E35.10261
G1 X114.104 Y115.602 E35.10538
G1 X113.788 Y115.608 E35.10934
G1 X113.675 Y115.62 E35.11077
G0 F7200 X113.565 Y115.637
G0 X113.565 Y115.548
G0 X113.939 Y115.353
;TYPE:SKIN
G1 F1800 X114.205 Y115.336 E35.11232
G0 F7200 X114.033 Y115.203
G1 F1500 E28.61232
G0 F7200 X114.032 Y115.204
G0 X113.813 Y118.127
G1 F1500 E35.11232
G0 F7200 X113.675 Y118.62
;TYPE:WALL-OUTER
G1 F1800 X113.565 Y118.637 E35.11372
G1 X113.565 Y118.142 E35.11993
G1 X113.731 Y118.116 E35.12203
G1 X113.812 Y118.108 E35.12305
G1 X114.091 Y118.102 E35.12655
G1 X114.224 Y118.111 E35.12823
G1 X114.33 Y118.125 E35.12957
G1 X114.435 Y118.142 E35.1309
G1 X114.435 Y118.636 E35.1371
G1 X114.324 Y118.619 E35.1385
G1 X114.104 Y118.602 E35.14127
G1 X113.788 Y118.608 E35.14523
G1 X113.675 Y118.62 E35.14666
G0 F7200 X113.565 Y118.637
G0 X113.565 Y118.548
G0 X113.832 Y118.357
;TYPE:SKIN
G1 F1800 X114.111 Y118.353 E35.14857
G0 F7200 X114.162 Y118.508
G0 X114.162 Y118.506
G0 X112.7 Y118.622
G0 X110.282 Y119.415
G0 X109.346 Y119.8
G0 X109.416 Y119.9
;TYPE:WALL-OUTER
G1 F1800 X109.018 Y119.9 E35.15356
G1 X109.018 Y119.4 E35.15983
G1 X109.417 Y119.4 E35.16484
G1 X109.416 Y119.9 E35.17108
G0 F7200 X109.216 Y119.9
G0 X109.216 Y119.8
G0 X110.282 Y119.415
G0 X112.716 Y119.723
G0 X115.284 Y119.723
G0 X120.7 Y118.622
G0 X121.675 Y118.62
G1 F1800 X121.565 Y118.637 E35.17248
G1 X121.565 Y118.142 E35.17869
G1 X121.731 Y118.116 E35.18079
G1 X121.812 Y118.108 E35.18181
G1 X122.091 Y118.102 E35.18531
G1 X122.224 Y118.111 E35.18699
G1 X122.33 Y118.125 E35.18833
G1 X122.435 Y118.142 E35.18966
G1 X122.435 Y118.636 E35.19586
G1 X122.324 Y118.619 E35.19726
G1 X122.104 Y118.602 E35.20003
G1 X121.788 Y118.608 E35.20399
G1 X121.675 Y118.62 E35.20542
G0 F7200 X121.565 Y118.637
G0 X121.565 Y118.548
G0 X121.781 Y118.387
;TYPE:SKIN
G1 F1800 X122.03 Y118.353 E35.20679
G0 F7200 X122.086 Y118.503
G1 F1500 E28.70679
G0 F7200 X122.087 Y118.502
G0 X121.577 Y115.622
G1 F1500 E35.20679
G0 F7200 X121.674 Y115.62
;TYPE:WALL-OUTER
G1 F1800 X121.565 Y115.637 E35.20817
G1 X121.565 Y115.142 E35.21438
G1 X121.731 Y115.116 E35.21649
G1 X121.909 Y115.102 E35.21873
G1 X122.189 Y115.108 E35.22224
G1 X122.269 Y115.116 E35.22325
G1 X122.435 Y115.142 E35.22535
G1 X122.435 Y115.637 E35.23156
G1 X122.325 Y115.62 E35.23296
G1 X122.212 Y115.608 E35.23438
G1 X121.895 Y115.602 E35.23836
G1 X121.745 Y115.612 E35.24024
G1 X121.674 Y115.62 E35.24114
G0 F7200 X121.565 Y115.637
G0 X121.565 Y115.547
G0 X121.86 Y115.355
;TYPE:SKIN
G1 F1800 X122.144 Y115.356 E35.24303
G0 F7200 X122.173 Y115.51
G1 F1500 E28.74303
G0 F7200 X122.173 Y115.508
G0 X121.577 Y112.622
G1 F1500 E35.24303
G0 F7200 X121.675 Y112.62
;TYPE:WALL-OUTER
G1 F1800 X121.565 Y112.637 E35.24442
G1 X121.565 Y112.142 E35.25063
G1 X121.731 Y112.116 E35.25274
G1 X121.812 Y112.108 E35.25376
G1 X122.091 Y112.102 E35.25726
G1 X122.224 Y112.111 E35.25893
G1 X122.33 Y112.125 E35.26027
G1 X122.435 Y112.142 E35.2616
G1 X122.435 Y112.636 E35.2678
G1 X122.324 Y112.619 E35.26921
G1 X122.104 Y112.602 E35.27197
G1 X121.788 Y112.608 E35.27594
G1 X121.675 Y112.62 E35.27736
G0 F7200 X121.565 Y112.637
G0 X121.565 Y112.548
G0 X121.97 Y112.354
;TYPE:SKIN
G1 F1800 X122.221 Y112.322 E35.2786
G0 F7200 X122.037 Y112.504
G1 F1500 E28.7786
G0 F7200 X122.038 Y112.503
G0 X121.577 Y109.622
G1 F1500 E35.2786
G0 F7200 X121.674 Y109.62
;TYPE:WALL-OUTER
G1 F1800 X121.565 Y109.637 E35.27999
G1 X121.565 Y109.142 E35.28619
G1 X121.731 Y109.116 E35.2883
G1 X121.812 Y109.108 E35.28932
G1 X122.091 Y109.102 E35.29282
G1 X122.224 Y109.111 E35.29449
G1 X122.33 Y109.125 E35.29583
G1 X122.435 Y109.142 E35.29717
G1 X122.435 Y109.637 E35.30338
G1 X122.325 Y109.62 E35.30477
G1 X122.212 Y109.608 E35.3062
G1 X121.895 Y109.602 E35.31017
G1 X121.745 Y109.612 E35.31206
G1 X121.674 Y109.62 E35.31295
G0 F7200 X121.565 Y109.637
G0 X121.565 Y109.547
G0 X121.806 Y109.361
;TYPE:SKIN
G1 F1800 X122.082 Y109.354 E35.31478
G0 F7200 X122.121 Y109.505
G0 X123.3 Y109.521
G0 X128.7 Y109.521
G0 X129.674 Y109.62
;TYPE:WALL-OUTER
G1 F1800 X129.565 Y109.637 E35.31617
G1 X129.565 Y109.142 E35.32238
G1 X129.731 Y109.116 E35.32448
G1 X129.909 Y109.102 E35.32672
G1 X130.189 Y109.108 E35.33023
G1 X130.269 Y109.116 E35.33124
G1 X130.435 Y109.142 E35.33335
G1 X130.435 Y109.637 E35.33956
G1 X130.325 Y109.62 E35.34095
G1 X130.212 Y109.608 E35.34238
G1 X129.895 Y109.602 E35.34635
G1 X129.745 Y109.612 E35.34824
G1 X129.674 Y109.62 E35.34913
G0 F7200 X129.565 Y109.637
G0 X129.565 Y109.547
G0 X129.945 Y109.298
;TYPE:SKIN
G1 F1800 X130.057 Y109.409 E35.35012
G0 F7200 X130.055 Y109.505
G1 F1500 E28.85012
G0 F7200 X130.188 Y112.127
G1 F1500 E35.35012
G0 F7200 X130.435 Y112.142
;TYPE:WALL-OUTER
G1 F1800 X130.435 Y112.637 E35.35633
G1 X130.325 Y112.62 E35.35773
G1 X130.212 Y112.608 E35.35915
G1 X129.895 Y112.602 E35.36313
G1 X129.744 Y112.612 E35.36503
G1 X129.565 Y112.636 E35.36729
G1 X129.565 Y112.142 E35.37349
G1 X129.731 Y112.116 E35.37559
G1 X129.909 Y112.102 E35.37783
G1 X130.189 Y112.108 E35.38134
G1 X130.269 Y112.116 E35.38235
G1 X130.435 Y112.142 E35.38446
G0 F7200 X130.435 Y112.342
G0 X130.176 Y112.357
;TYPE:SKIN
G1 F1800 X129.89 Y112.354 E35.38636
G0 F7200 X129.834 Y112.204
G0 X129.833 Y112.209
G0 X129.733 Y115.135
G0 X129.674 Y115.62
;TYPE:WALL-OUTER
G1 F1800 X129.565 Y115.637 E35.38774
G1 X129.565 Y115.142 E35.39395
G1 X129.731 Y115.116 E35.39606
G1 X129.909 Y115.102 E35.3983
G1 X130.189 Y115.108 E35.40181
G1 X130.269 Y115.116 E35.40282
G1 X130.435 Y115.142 E35.40492
G1 X130.435 Y115.637 E35.41113
G1 X130.325 Y115.62 E35.41253
G1 X130.212 Y115.608 E35.41395
G1 X129.895 Y115.602 E35.41793
G1 X129.745 Y115.612 E35.41981
G1 X129.674 Y115.62 E35.42071
G0 F7200 X129.565 Y115.637
G0 X129.565 Y115.547
G0 X129.796 Y115.371
;TYPE:SKIN
G1 F1800 X130.062 Y115.354 E35.42236
G0 F7200 X130.116 Y115.506
G1 F1500 E28.92236
G0 F7200 X129.813 Y118.127
G1 F1500 E35.42236
G0 F7200 X129.675 Y118.62
;TYPE:WALL-OUTER
G1 F1800 X129.565 Y118.637 E35.42375
G1 X129.565 Y118.142 E35.42996
G1 X129.731 Y118.116 E35.43207
G1 X129.812 Y118.108 E35.43309
G1 X130.091 Y118.102 E35.43659
G1 X130.224 Y118.111 E35.43826
G1 X130.33 Y118.125 E35.4396
G1 X130.435 Y118.142 E35.44093
G1 X130.435 Y118.636 E35.44713
G1 X130.324 Y118.619 E35.44854
G1 X130.104 Y118.602 E35.4513
G1 X129.788 Y118.608 E35.45527
G1 X129.675 Y118.62 E35.45669
G0 F7200 X129.565 Y118.637
G0 X129.565 Y118.548
G0 X129.951 Y118.354
;TYPE:SKIN
G1 F1800 X130.211 Y118.332 E35.45813
G0 F7200 X130.033 Y118.203
;MESH:NONMESH
G0 F600 X130.033 Y118.203 Z4.4
G0 F7200 X130.032 Y118.204
G0 X128.7 Y118.155
G0 X123.291 Y114.476
G0 X120.716 Y113.723
G0 X115.3 Y109.621
G0 X114.106 Y109.503
G0 X114.105 Y109.602
;TIME_ELAPSED:269.287930
;LAYER:21
;TYPE:WALL-OUTER
;MESH:output_v2\B_media_suporte.stl
G1 F1182.1 X113.784 Y109.608 E35.46216
G1 X113.784 Y109.111 E35.46839
G1 X113.812 Y109.108 E35.46874
G1 X114.102 Y109.102 E35.47238
G1 X114.216 Y109.11 E35.47381
G1 X114.216 Y109.61 E35.48008
G1 X114.105 Y109.602 E35.48148
G0 F7200 X113.905 Y109.605
G0 X113.904 Y109.507
G1 F1500 E28.98148
G0 F7200 X113.905 Y109.505
G0 X114.102 Y112.121
G1 F1500 E35.48148
G0 F7200 X114.105 Y112.602
G1 F1182.1 X113.784 Y112.608 E35.48551
G1 X113.784 Y112.111 E35.49174
G1 X113.812 Y112.108 E35.49209
G1 X114.102 Y112.102 E35.49573
G1 X114.216 Y112.11 E35.49716
G1 X114.216 Y112.61 E35.50343
G1 X114.105 Y112.602 E35.50483
G0 F7200 X113.905 Y112.605
G0 X113.904 Y112.507
G0 X113.905 Y112.505
G0 X114.102 Y115.121
G0 X114.105 Y115.602
G1 F1182.1 X113.784 Y115.608 E35.50885
G1 X113.784 Y115.111 E35.51509
G1 X113.812 Y115.108 E35.51544
G1 X114.102 Y115.102 E35.51908
G1 X114.216 Y115.11 E35.52051
G1 X114.216 Y115.61 E35.52678
G1 X114.105 Y115.602 E35.52818
G0 F7200 X113.905 Y115.605
G0 X113.979 Y115.406
;TYPE:SKIN
G1 F1182.1 X114.02 Y115.364 E35.52854
G0 F7200 X114.184 Y115.364
G0 X114.116 Y115.364
G0 X114.102 Y118.121
G0 X114.105 Y118.602
;TYPE:WALL-OUTER
G1 F1182.1 X113.784 Y118.608 E35.53257
G1 X113.784 Y118.111 E35.5388
G1 X113.812 Y118.108 E35.53916
G1 X114.102 Y118.102 E35.54279
G1 X114.216 Y118.11 E35.54423
G1 X114.216 Y118.61 E35.5505
G1 X114.105 Y118.602 E35.55189
G0 F7200 X113.905 Y118.605
G0 X113.904 Y118.507
G0 X113.905 Y118.505
G0 X110.283 Y119.415
G0 X109.347 Y119.8
G0 X109.417 Y119.9
G1 F1182.1 X109.019 Y119.9 E35.55688
G1 X109.019 Y119.4 E35.56315
G1 X109.418 Y119.4 E35.56816
G1 X109.417 Y119.9 E35.5744
G0 F7200 X109.217 Y119.9
G0 X109.217 Y119.8
G0 X110.283 Y119.415
G0 X112.933 Y119.588
G0 X115.067 Y119.584
G0 X120.919 Y118.594
G0 X122.107 Y118.503
G0 X122.105 Y118.602
G1 F1182.1 X121.784 Y118.608 E35.57843
G1 X121.784 Y118.111 E35.58466
G1 X121.811 Y118.108 E35.585
G1 X122.102 Y118.102 E35.58865
G1 X122.216 Y118.11 E35.59009
G1 X122.216 Y118.61 E35.59636
G1 X122.105 Y118.602 E35.59775
G0 F7200 X121.905 Y118.605
G0 X121.904 Y118.507
G0 X121.905 Y118.505
G0 X121.797 Y115.595
G0 X121.883 Y115.602
G1 F1182.1 X121.784 Y115.609 E35.599
G1 X121.784 Y115.111 E35.60524
G1 X121.91 Y115.102 E35.60683
G1 X122.189 Y115.108 E35.61033
G1 X122.216 Y115.111 E35.61067
G1 X122.216 Y115.608 E35.6169
G1 X121.883 Y115.602 E35.62108
G0 F7200 X121.784 Y115.609
G0 X121.784 Y115.508
G0 X121.978 Y115.326
;TYPE:SKIN
G1 F1182.1 X122.006 Y115.298 E35.62132
G0 F7200 X122.008 Y115.205
G0 X122.203 Y112.596
G0 X122.105 Y112.602
;TYPE:WALL-OUTER
G1 F1182.1 X121.784 Y112.608 E35.62535
G1 X121.784 Y112.111 E35.63158
G1 X121.811 Y112.108 E35.63192
G1 X122.102 Y112.102 E35.63557
G1 X122.216 Y112.11 E35.63701
G1 X122.216 Y112.61 E35.64328
G1 X122.105 Y112.602 E35.64467
G0 F7200 X121.905 Y112.605
G0 X121.904 Y112.507
G0 X121.905 Y112.505
G0 X121.797 Y109.595
G0 X121.883 Y109.602
G1 F1182.1 X121.784 Y109.609 E35.64592
G1 X121.784 Y109.111 E35.65216
G1 X121.811 Y109.108 E35.6525
G1 X122.102 Y109.102 E35.65615
G1 X122.216 Y109.11 E35.65759
G1 X122.216 Y109.608 E35.66383
G1 X121.883 Y109.602 E35.66801
G0 F7200 X121.784 Y109.609
G0 X121.784 Y109.508
G0 X121.978 Y109.386
;TYPE:SKIN
G1 F1182.1 X122.019 Y109.345 E35.66837
G0 F7200 X122.184 Y109.345
G1 F1500 E29.16837
G0 F7200 X122.116 Y109.345
G0 X128.919 Y109.503
G1 F1500 E35.66837
G0 F7200 X129.883 Y109.602
;TYPE:WALL-OUTER
G1 F1182.1 X129.784 Y109.609 E35.66962
G1 X129.784 Y109.111 E35.67586
G1 X129.91 Y109.102 E35.67745
G1 X130.189 Y109.108 E35.68094
G1 X130.216 Y109.111 E35.68129
G1 X130.216 Y109.608 E35.68752
G1 X129.883 Y109.602 E35.69169
G0 F7200 X129.784 Y109.609
G0 X129.784 Y109.508
G0 X129.816 Y109.508
G0 X129.881 Y109.503
G0 X129.91 Y112.121
G0 X129.883 Y112.602
G1 F1182.1 X129.784 Y112.609 E35.69294
G1 X129.784 Y112.111 E35.69918
G1 X129.91 Y112.102 E35.70077
G1 X130.189 Y112.108 E35.70427
G1 X130.216 Y112.111 E35.70461
G1 X130.216 Y112.608 E35.71084
G1 X129.883 Y112.602 E35.71502
G0 F7200 X129.784 Y112.609
G0 X129.784 Y112.508
G0 X129.986 Y112.409
;TYPE:SKIN
G1 F1182.1 X130.019 Y112.376 E35.71531
G0 F7200 X130.184 Y112.376
G0 X130.116 Y112.376
G0 X129.91 Y115.121
G0 X129.883 Y115.602
;TYPE:WALL-OUTER
G1 F1182.1 X129.784 Y115.609 E35.71656
G1 X129.784 Y115.111 E35.7228
G1 X129.91 Y115.102 E35.72438
G1 X130.189 Y115.108 E35.72788
G1 X130.216 Y115.111 E35.72822
G1 X130.216 Y115.608 E35.73446
G1 X129.883 Y115.602 E35.73863
G0 F7200 X129.784 Y115.609
G0 X129.784 Y115.508
G0 X129.816 Y115.508
G0 X129.881 Y115.503
G0 X130.102 Y118.121
G0 X130.105 Y118.602
G1 F1182.1 X129.784 Y118.608 E35.74266
G1 X129.784 Y118.111 E35.74889
G1 X129.811 Y118.108 E35.74923
G1 X130.102 Y118.102 E35.75288
G1 X130.216 Y118.11 E35.75432
G1 X130.216 Y118.61 E35.76059
G1 X130.105 Y118.602 E35.76198
G0 F7200 X129.905 Y118.605
G0 X129.978 Y118.356
;TYPE:SKIN
G1 F1182.1 X130.019 Y118.315 E35.76235
G0 F7200 X130.184 Y118.315
;MESH:NONMESH
G0 F600 X130.184 Y118.315 Z4.6
G0 F7200 X130.116 Y118.315
G0 X128.919 Y118.124
G0 X123.071 Y114.374
G0 X120.933 Y113.588
G0 X115.081 Y109.596
G0 X114.1 Y109.45
;TIME_ELAPSED:272.950007
;LAYER:22
;TYPE:WALL-OUTER
;MESH:output_v2\B_media_suporte.stl
G1 F600 X113.9 Y109.45 E35.76485
G1 X113.9 Y109.25 E35.76736
G1 X114.1 Y109.25 E35.76862
G1 X114.1 Y109.45 E35.76987
G0 F7200 X113.9 Y109.45
G0 X114 Y109.38
G0 X114 Y112.27
G0 X114.1 Y112.45
G1 F600 X113.9 Y112.45 E35.77238
G1 X113.9 Y112.25 E35.77489
G1 X114.1 Y112.25 E35.77614
G1 X114.1 Y112.45 E35.77739
G0 F7200 X113.9 Y112.45
G0 X114 Y112.38
G0 X114 Y115.27
G0 X114.1 Y115.45
G1 F600 X113.9 Y115.45 E35.7799
G1 X113.9 Y115.25 E35.78241
G1 X114.1 Y115.25 E35.78366
G1 X114.1 Y115.45 E35.78492
G0 F7200 X113.9 Y115.45
G0 X114 Y115.38
G0 X114 Y118.27
G0 X114.1 Y118.45
G1 F600 X113.9 Y118.45 E35.78743
G1 X113.9 Y118.25 E35.78993
G1 X114.1 Y118.25 E35.79119
G1 X114.1 Y118.45 E35.79244
G0 F7200 X113.9 Y118.45
G0 X114 Y118.38
G0 X110.284 Y119.415
G0 X109.348 Y119.8
G0 X109.418 Y119.9
G1 F600 X109.02 Y119.9 E35.79743
G1 X109.02 Y119.4 E35.8037
G1 X109.419 Y119.4 E35.80871
G1 X109.418 Y119.9 E35.81495
G0 F7200 X109.218 Y119.9
G0 X109.218 Y119.8
G0 X110.284 Y119.415
G0 X114.953 Y119.303
G0 X121.035 Y118.436
G0 X122.1 Y118.45
G1 F600 X121.9 Y118.45 E35.81746
G1 X121.9 Y118.25 E35.81997
G1 X122.1 Y118.25 E35.82122
G1 X122.1 Y118.45 E35.82248
G0 F7200 X121.9 Y118.45
G0 X122 Y118.38
G0 X122 Y115.43
G0 X122.1 Y115.45
G1 F600 X121.9 Y115.45 E35.82499
G1 X121.9 Y115.25 E35.82749
G1 X122.1 Y115.25 E35.82875
G1 X122.1 Y115.45 E35.83
G0 F7200 X121.9 Y115.45
G0 X122 Y115.38
G0 X122 Y112.43
G0 X122.1 Y112.45
G1 F600 X121.9 Y112.45 E35.83251
G1 X121.9 Y112.25 E35.83502
G1 X122.1 Y112.25 E35.83627
G1 X122.1 Y112.45 E35.83753
G0 F7200 X121.9 Y112.45
G0 X122 Y112.38
G0 X122 Y109.43
G0 X122.1 Y109.45
G1 F600 X121.9 Y109.45 E35.84003
G1 X121.9 Y109.25 E35.84254
G1 X122.1 Y109.25 E35.8438
G1 X122.1 Y109.45 E35.84505
G0 F7200 X121.9 Y109.45
G1 F1500 E29.34505
G0 F7200 X122 Y109.38
G0 X129.035 Y109.38
G1 F1500 E35.84505
G0 F7200 X130.1 Y109.45
G1 F600 X129.9 Y109.45 E35.84756
G1 X129.9 Y109.25 E35.85007
G1 X130.1 Y109.25 E35.85132
G1 X130.1 Y109.45 E35.85258
G0 F7200 X129.9 Y109.45
G0 X130 Y109.38
G0 X130 Y112.27
G0 X130.1 Y112.45
G1 F600 X129.9 Y112.45 E35.85508
G1 X129.9 Y112.25 E35.85759
G1 X130.1 Y112.25 E35.85885
G1 X130.1 Y112.45 E35.8601
G0 F7200 X129.9 Y112.45
G0 X130 Y112.38
G0 X130 Y115.27
G0 X130.1 Y115.45
G1 F600 X129.9 Y115.45 E35.86261
G1 X129.9 Y115.25 E35.86512
G1 X130.1 Y115.25 E35.86637
G1 X130.1 Y115.45 E35.86762
G0 F7200 X129.9 Y115.45
G0 X130 Y115.38
G0 X130 Y118.27
G0 X130.1 Y118.45
G1 F600 X129.9 Y118.45 E35.87013
G1 X129.9 Y118.25 E35.87264
G1 X130.1 Y118.25 E35.87389
G1 X130.1 Y118.45 E35.87515
G0 F7200 X129.9 Y118.45
G1 F1500 E29.37515
;MESH:NONMESH
G0 F600 X129.9 Y118.45 Z4.8
G0 F7200 X130 Y118.38
G0 X122.953 Y114.397
G0 X121.873 Y113.778
G0 X114.965 Y109.436
G1 F1500 E35.87515
G0 F7200 X114.1 Y109.45
;TIME_ELAPSED:276.421446
;LAYER:23
;TYPE:WALL-OUTER
;MESH:output_v2\B_media_suporte.stl
G1 F600 X113.9 Y109.45 E35.87766
G1 X113.9 Y109.25 E35.88016
G1 X114.1 Y109.25 E35.88142
G1 X114.1 Y109.45 E35.88267
G0 F7200 X113.9 Y109.45
G0 X114 Y109.38
G0 X114 Y112.27
G0 X114.1 Y112.45
G1 F600 X113.9 Y112.45 E35.88518
G1 X113.9 Y112.25 E35.88769
G1 X114.1 Y112.25 E35.88894
G1 X114.1 Y112.45 E35.8902
G0 F7200 X113.9 Y112.45
G0 X114 Y112.38
G0 X114 Y115.27
G0 X114.1 Y115.45
G1 F600 X113.9 Y115.45 E35.8927
G1 X113.9 Y115.25 E35.89521
G1 X114.1 Y115.25 E35.89647
G1 X114.1 Y115.45 E35.89772
G0 F7200 X113.9 Y115.45
G1 F1500 E29.39772
G0 F7200 X114 Y115.38
G0 X114 Y118.27
G1 F1500 E35.89772
G0 F7200 X114.1 Y118.45
G1 F600 X113.9 Y118.45 E35.90023
G1 X113.9 Y118.25 E35.90274
G1 X114.1 Y118.25 E35.90399
G1 X114.1 Y118.45 E35.90524
G0 F7200 X113.9 Y118.45
G0 X114 Y118.38
G0 X110.285 Y119.415
G0 X109.349 Y119.8
G0 X109.419 Y119.9
G1 F600 X109.021 Y119.9 E35.91024
G1 X109.021 Y119.4 E35.91651
G1 X109.42 Y119.4 E35.92151
G1 X109.419 Y119.9 E35.92776
G0 F7200 X109.219 Y119.9
G0 X109.219 Y119.8
G1 F1500 E29.42776
G0 F7200 X110.285 Y119.415
G0 X114.953 Y119.303
G0 X121.035 Y118.436
G1 F1500 E35.92776
G0 F7200 X122.1 Y118.45
G1 F600 X121.9 Y118.45 E35.93026
G1 X121.9 Y118.25 E35.93277
G1 X122.1 Y118.25 E35.93403
G1 X122.1 Y118.45 E35.93528
G0 F7200 X121.9 Y118.45
G0 X122 Y118.38
G0 X122 Y115.43
G0 X122.1 Y115.45
G1 F600 X121.9 Y115.45 E35.93779
G1 X121.9 Y115.25 E35.9403
G1 X122.1 Y115.25 E35.94155
G1 X122.1 Y115.45 E35.9428
G0 F7200 X121.9 Y115.45
G0 X122 Y115.38
G0 X122 Y112.43
G0 X122.1 Y112.45
G1 F600 X121.9 Y112.45 E35.94531
G1 X121.9 Y112.25 E35.94782
G1 X122.1 Y112.25 E35.94907
G1 X122.1 Y112.45 E35.95033
G0 F7200 X121.9 Y112.45
G0 X122 Y112.38
G0 X122 Y109.43
G0 X122.1 Y109.45
G1 F600 X121.9 Y109.45 E35.95284
G1 X121.9 Y109.25 E35.95535
G1 X122.1 Y109.25 E35.9566
G1 X122.1 Y109.45 E35.95785
G0 F7200 X121.9 Y109.45
G0 X122 Y109.38
G0 X129.035 Y109.38
G0 X130.1 Y109.45
G1 F600 X129.9 Y109.45 E35.96036
G1 X129.9 Y109.25 E35.96287
G1 X130.1 Y109.25 E35.96412
G1 X130.1 Y109.45 E35.96538
G0 F7200 X129.9 Y109.45
G1 F1500 E29.46538
G0 F7200 X130 Y109.38
G0 X130 Y112.27
G1 F1500 E35.96538
G0 F7200 X130.1 Y112.45
G1 F600 X129.9 Y112.45 E35.96789
G1 X129.9 Y112.25 E35.97039
G1 X130.1 Y112.25 E35.97165
G1 X130.1 Y112.45 E35.9729
G0 F7200 X129.9 Y112.45
G0 X130 Y112.38
G0 X130 Y115.27
G0 X130.1 Y115.45
G1 F600 X129.9 Y115.45 E35.97541
G1 X129.9 Y115.25 E35.97792
G1 X130.1 Y115.25 E35.97917
G1 X130.1 Y115.45 E35.98043
G0 F7200 X129.9 Y115.45
G0 X130 Y115.38
G0 X130 Y118.27
G0 X130.1 Y118.45
G1 F600 X129.9 Y118.45 E35.98293
G1 X129.9 Y118.25 E35.98544
G1 X130.1 Y118.25 E35.9867
G1 X130.1 Y118.45 E35.98795
G0 F7200 X129.9 Y118.45
G1 F1500 E29.48795
;MESH:NONMESH
G0 F600 X129.9 Y118.45 Z5
G0 F7200 X130 Y118.38
G0 X122.953 Y114.397
G0 X121.873 Y113.778
G0 X114.965 Y109.436
G1 F1500 E35.98795
G0 F7200 X114.104 Y109.602
;TIME_ELAPSED:280.960113
;LAYER:24
;TYPE:WALL-OUTER
;MESH:output_v2\B_media_suporte.stl
G1 F1183.9 X113.783 Y109.608 E35.99198
G1 X113.782 Y109.111 E35.99821
G1 X113.812 Y109.108 E35.99859
G1 X114.092 Y109.102 E36.0021
G1 X114.217 Y109.111 E36.00367
G1 X114.218 Y109.609 E36.00992
G1 X114.104 Y109.602 E36.01135
G0 F7200 X113.904 Y109.605
G0 X113.903 Y109.507
G1 F1500 E29.51135
G0 F7200 X113.904 Y109.505
G0 X114.092 Y112.121
G1 F1500 E36.01135
G0 F7200 X114.104 Y112.602
G1 F1183.9 X113.783 Y112.609 E36.01537
G1 X113.782 Y112.111 E36.02162
G1 X113.812 Y112.108 E36.022
G1 X114.092 Y112.102 E36.02551
G1 X114.217 Y112.111 E36.02708
G1 X114.218 Y112.609 E36.03333
G1 X114.104 Y112.602 E36.03476
G0 F7200 X113.904 Y112.606
G0 X113.902 Y112.507
G1 F1500 E29.53476
G0 F7200 X113.903 Y112.506
G0 X114.092 Y115.121
G1 F1500 E36.03476
G0 F7200 X114.104 Y115.602
G1 F1183.9 X113.783 Y115.609 E36.03879
G1 X113.782 Y115.111 E36.04503
G1 X113.812 Y115.108 E36.04541
G1 X114.092 Y115.102 E36.04892
G1 X114.217 Y115.111 E36.05049
G1 X114.218 Y115.609 E36.05674
G1 X114.104 Y115.602 E36.05817
G0 F7200 X113.904 Y115.606
G0 X113.902 Y115.507
G1 F1500 E29.55817
G0 F7200 X113.903 Y115.506
G0 X114.092 Y118.121
G1 F1500 E36.05817
G0 F7200 X114.104 Y118.602
G1 F1183.9 X113.783 Y118.609 E36.0622
G1 X113.782 Y118.111 E36.06844
G1 X113.812 Y118.108 E36.06882
G1 X114.092 Y118.102 E36.07233
G1 X114.217 Y118.111 E36.0739
G1 X114.218 Y118.609 E36.08015
G1 X114.104 Y118.602 E36.08158
G0 F7200 X113.904 Y118.606
G0 X113.902 Y118.507
G1 F1500 E29.58158
G0 F7200 X113.903 Y118.506
G0 X110.286 Y119.415
G0 X109.35 Y119.8
G1 F1500 E36.08158
G0 F7200 X109.42 Y119.9
G1 F1183.9 X109.022 Y119.9 E36.08657
G1 X109.022 Y119.4 E36.09284
G1 X109.421 Y119.4 E36.09785
G1 X109.42 Y119.9 E36.10409
G0 F7200 X109.22 Y119.9
G0 X109.22 Y119.8
G0 X110.286 Y119.415
G0 X112.933 Y119.594
G0 X115.069 Y119.601
G0 X120.918 Y118.597
G0 X122.105 Y118.503
G0 X122.104 Y118.602
G1 F1183.9 X121.783 Y118.609 E36.10812
G1 X121.782 Y118.111 E36.11436
G1 X121.812 Y118.108 E36.11474
G1 X122.092 Y118.102 E36.11825
G1 X122.217 Y118.111 E36.11983
G1 X122.218 Y118.609 E36.12607
G1 X122.104 Y118.602 E36.1275
G0 F7200 X121.904 Y118.606
G0 X122.021 Y118.344
;TYPE:SKIN
G1 F1183.9 X121.975 Y118.298 E36.12791
G0 F7200 X121.817 Y118.298
G1 F1500 E29.62791
G0 F7200 X121.883 Y118.299
G0 X122.005 Y115.585
G1 F1500 E36.12791
G0 F7200 X121.896 Y115.602
;TYPE:WALL-OUTER
G1 F1183.9 X121.783 Y115.609 E36.12933
G1 X121.782 Y115.111 E36.13558
G1 X121.908 Y115.102 E36.13716
G1 X122.189 Y115.108 E36.14068
G1 X122.217 Y115.111 E36.14104
G1 X122.218 Y115.609 E36.14728
G1 X121.896 Y115.602 E36.15132
G0 F7200 X121.783 Y115.609
G0 X121.783 Y115.522
G0 X121.817 Y115.522
G1 F1500 E29.65132
G0 F7200 X121.882 Y115.502
G0 X122.205 Y112.589
G1 F1500 E36.15132
G0 F7200 X122.104 Y112.602
G1 F1183.9 X121.783 Y112.609 E36.15535
G1 X121.782 Y112.111 E36.16159
G1 X121.812 Y112.108 E36.16197
G1 X122.092 Y112.102 E36.16548
G1 X122.217 Y112.111 E36.16705
G1 X122.218 Y112.609 E36.1733
G1 X122.104 Y112.602 E36.17473
G0 F7200 X121.904 Y112.606
G0 X122.022 Y112.405
;TYPE:SKIN
G1 F1183.9 X121.976 Y112.359 E36.17514
G0 F7200 X121.817 Y112.359
G1 F1500 E29.67514
G0 F7200 X121.883 Y112.36
G0 X122.005 Y109.585
G1 F1500 E36.17514
G0 F7200 X121.896 Y109.602
;TYPE:WALL-OUTER
G1 F1183.9 X121.783 Y109.609 E36.17656
G1 X121.782 Y109.111 E36.1828
G1 X121.812 Y109.108 E36.18318
G1 X122.092 Y109.102 E36.1867
G1 X122.217 Y109.111 E36.18827
G1 X122.218 Y109.609 E36.19451
G1 X121.896 Y109.602 E36.19855
G0 F7200 X121.783 Y109.609
G0 X121.783 Y109.522
G0 X121.817 Y109.522
G1 F1500 E29.69855
G0 F7200 X121.882 Y109.502
G0 X123.082 Y109.516
G0 X128.918 Y109.505
G1 F1500 E36.19855
G0 F7200 X129.896 Y109.602
G1 F1183.9 X129.783 Y109.609 E36.19997
G1 X129.782 Y109.111 E36.20622
G1 X129.908 Y109.102 E36.2078
G1 X130.189 Y109.108 E36.21132
G1 X130.217 Y109.111 E36.21168
G1 X130.218 Y109.609 E36.21792
G1 X129.896 Y109.602 E36.22196
G0 F7200 X129.783 Y109.609
G0 X129.783 Y109.522
G0 X129.976 Y109.328
;TYPE:SKIN
G1 F1183.9 X130.022 Y109.374 E36.22237
G0 F7200 X130.183 Y109.374
G1 F1500 E29.72237
G0 F7200 X130.117 Y109.373
G0 X129.908 Y112.121
G1 F1500 E36.22237
G0 F7200 X129.896 Y112.602
;TYPE:WALL-OUTER
G1 F1183.9 X129.783 Y112.609 E36.22379
G1 X129.782 Y112.111 E36.23003
G1 X129.908 Y112.102 E36.23162
G1 X130.189 Y112.108 E36.23514
G1 X130.217 Y112.111 E36.2355
G1 X130.218 Y112.609 E36.24174
G1 X129.896 Y112.602 E36.24578
G0 F7200 X129.783 Y112.609
G0 X129.783 Y112.522
G0 X129.817 Y112.522
G1 F1500 E29.74578
G0 F7200 X129.882 Y112.502
G0 X129.908 Y115.121
G1 F1500 E36.24578
G0 F7200 X129.896 Y115.602
G1 F1183.9 X129.783 Y115.609 E36.2472
G1 X129.782 Y115.111 E36.25345
G1 X129.908 Y115.102 E36.25503
G1 X130.189 Y115.108 E36.25855
G1 X130.217 Y115.111 E36.25891
G1 X130.218 Y115.609 E36.26515
G1 X129.896 Y115.602 E36.26919
G0 F7200 X129.783 Y115.609
G0 X129.783 Y115.522
G0 X129.817 Y115.522
G1 F1500 E29.76919
G0 F7200 X129.882 Y115.502
G0 X130.092 Y118.121
G1 F1500 E36.26919
G0 F7200 X130.104 Y118.602
G1 F1183.9 X129.783 Y118.609 E36.27322
G1 X129.782 Y118.111 E36.27946
G1 X129.812 Y118.108 E36.27984
G1 X130.092 Y118.102 E36.28335
G1 X130.217 Y118.111 E36.28492
G1 X130.218 Y118.609 E36.29117
G1 X130.104 Y118.602 E36.2926
G0 F7200 X129.904 Y118.606
G0 X130.005 Y118.408
;TYPE:SKIN
G1 F1183.9 X129.976 Y118.38 E36.29285
G0 F7200 X129.817 Y118.38
G1 F1500 E29.79285
;MESH:NONMESH
G0 F600 X129.817 Y118.38 Z5.2
G0 F7200 X129.883 Y118.381
G0 X123.071 Y114.374
G0 X120.933 Y113.594
G0 X115.082 Y109.593
G0 X113.883 Y109.538
G1 F1500 E36.29285
G0 F7200 X113.675 Y109.62
;TIME_ELAPSED:289.963618
;LAYER:25
;TYPE:WALL-OUTER
;MESH:output_v2\B_media_suporte.stl
G1 F1800 X113.565 Y109.637 E36.29425
G1 X113.564 Y109.142 E36.30046
G1 X113.731 Y109.116 E36.30258
G1 X113.812 Y109.108 E36.3036
G1 X114.092 Y109.102 E36.30711
G1 X114.188 Y109.108 E36.30832
G1 X114.269 Y109.116 E36.30934
G1 X114.435 Y109.142 E36.31144
G1 X114.436 Y109.637 E36.31765
G1 X114.325 Y109.62 E36.31906
G1 X114.216 Y109.609 E36.32043
G1 X114.104 Y109.602 E36.32184
G1 X113.788 Y109.608 E36.3258
G1 X113.675 Y109.62 E36.32723
G0 F7200 X113.565 Y109.637
G0 X113.565 Y109.548
G0 X113.81 Y109.352
;TYPE:SKIN
G1 F1800 X114.09 Y109.354 E36.32907
G0 F7200 X114.15 Y109.204
G1 F1500 E29.82907
G0 F7200 X114.15 Y109.206
G0 X113.813 Y112.127
G1 F1500 E36.32907
G0 F7200 X113.675 Y112.62
;TYPE:WALL-OUTER
G1 F1800 X113.565 Y112.637 E36.33047
G1 X113.564 Y112.142 E36.33668
G1 X113.731 Y112.116 E36.3388
G1 X113.812 Y112.108 E36.33982
G1 X114.092 Y112.102 E36.34333
G1 X114.188 Y112.108 E36.34454
G1 X114.269 Y112.116 E36.34556
G1 X114.435 Y112.142 E36.34766
G1 X114.436 Y112.637 E36.35387
G1 X114.325 Y112.62 E36.35528
G1 X114.216 Y112.609 E36.35665
G1 X114.104 Y112.602 E36.35806
G1 X113.788 Y112.608 E36.36202
G1 X113.675 Y112.62 E36.36345
G0 F7200 X113.565 Y112.637
G0 X113.565 Y112.548
G0 X113.918 Y112.355
;TYPE:SKIN
G1 F1800 X114.192 Y112.363 E36.36527
G0 F7200 X114.038 Y112.504
G1 F1500 E29.86527
G0 F7200 X114.039 Y112.503
G0 X113.813 Y115.127
G1 F1500 E36.36527
G0 F7200 X113.675 Y115.62
;TYPE:WALL-OUTER
G1 F1800 X113.565 Y115.637 E36.36666
G1 X113.564 Y115.142 E36.37287
G1 X113.731 Y115.116 E36.37499
G1 X113.812 Y115.108 E36.37601
G1 X114.092 Y115.102 E36.37952
G1 X114.188 Y115.108 E36.38073
G1 X114.269 Y115.116 E36.38175
G1 X114.435 Y115.142 E36.38386
G1 X114.436 Y115.637 E36.39006
G1 X114.325 Y115.62 E36.39147
G1 X114.216 Y115.609 E36.39285
G1 X114.104 Y115.602 E36.39425
G1 X113.788 Y115.608 E36.39822
G1 X113.675 Y115.62 E36.39964
G0 F7200 X113.565 Y115.637
G0 X113.565 Y115.548
G0 X113.778 Y115.323
;TYPE:SKIN
G1 F1800 X114.032 Y115.352 E36.40099
G0 F7200 X114.087 Y115.202
G1 F1500 E29.90099
G0 F7200 X114.086 Y115.203
G0 X113.813 Y118.127
G1 F1500 E36.40099
G0 F7200 X113.675 Y118.62
;TYPE:WALL-OUTER
G1 F1800 X113.565 Y118.637 E36.40239
G1 X113.564 Y118.142 E36.4086
G1 X113.731 Y118.116 E36.41072
G1 X113.812 Y118.108 E36.41174
G1 X114.092 Y118.102 E36.41525
G1 X114.188 Y118.108 E36.41646
G1 X114.269 Y118.116 E36.41748
G1 X114.435 Y118.142 E36.41958
G1 X114.436 Y118.637 E36.42579
G1 X114.325 Y118.62 E36.4272
G1 X114.216 Y118.609 E36.42857
G1 X114.104 Y118.602 E36.42998
G1 X113.788 Y118.608 E36.43394
G1 X113.675 Y118.62 E36.43537
G0 F7200 X113.565 Y118.637
G0 X113.565 Y118.548
G0 X113.857 Y118.356
;TYPE:SKIN
G1 F1800 X114.141 Y118.354 E36.43727
G0 F7200 X114.193 Y118.206
G1 F1500 E29.93727
G0 F7200 X114.193 Y118.209
G0 X112.7 Y118.624
G0 X110.287 Y119.415
G0 X109.351 Y119.8
G1 F1500 E36.43727
G0 F7200 X109.421 Y119.9
;TYPE:WALL-OUTER
G1 F1800 X109.023 Y119.9 E36.44226
G1 X109.023 Y119.4 E36.44853
G1 X109.422 Y119.4 E36.45353
G1 X109.421 Y119.9 E36.45978
G0 F7200 X109.221 Y119.9
G0 X109.221 Y119.8
G1 F1500 E29.95978
G0 F7200 X110.287 Y119.415
G0 X112.717 Y119.729
G0 X115.286 Y119.735
G0 X120.7 Y118.624
G1 F1500 E36.45978
G0 F7200 X121.675 Y118.62
G1 F1800 X121.565 Y118.637 E36.46118
G1 X121.564 Y118.142 E36.46738
G1 X121.731 Y118.116 E36.4695
G1 X121.812 Y118.108 E36.47052
G1 X122.092 Y118.102 E36.47404
G1 X122.188 Y118.108 E36.47524
G1 X122.269 Y118.116 E36.47626
G1 X122.435 Y118.142 E36.47837
G1 X122.436 Y118.637 E36.48458
G1 X122.325 Y118.62 E36.48599
G1 X122.216 Y118.609 E36.48736
G1 X122.104 Y118.602 E36.48877
G1 X121.788 Y118.608 E36.49273
G1 X121.675 Y118.62 E36.49416
G0 F7200 X121.565 Y118.637
G0 X121.565 Y118.548
G0 X121.794 Y118.338
;TYPE:SKIN
G1 F1800 X122.062 Y118.353 E36.49576
G0 F7200 X122.112 Y118.203
G1 F1500 E29.99576
G0 F7200 X121.577 Y115.622
G1 F1500 E36.49576
G0 F7200 X121.675 Y115.62
;TYPE:WALL-OUTER
G1 F1800 X121.565 Y115.637 E36.49716
G1 X121.564 Y115.142 E36.50337
G1 X121.731 Y115.116 E36.50549
G1 X121.812 Y115.108 E36.50651
G1 X121.908 Y115.102 E36.50771
G1 X122.189 Y115.108 E36.51124
G1 X122.269 Y115.116 E36.51225
G1 X122.435 Y115.142 E36.51435
G1 X122.436 Y115.637 E36.52056
G1 X122.325 Y115.62 E36.52197
G1 X122.212 Y115.608 E36.52339
G1 X121.896 Y115.602 E36.52736
G1 X121.784 Y115.609 E36.52876
G1 X121.675 Y115.62 E36.53014
G0 F7200 X121.565 Y115.637
G0 X121.565 Y115.548
G0 X121.951 Y115.352
;TYPE:SKIN
G1 F1800 X122.207 Y115.379 E36.53166
G0 F7200 X122.032 Y115.504
G1 F1500 E30.03166
G0 F7200 X121.577 Y112.622
G1 F1500 E36.53166
G0 F7200 X121.675 Y112.62
;TYPE:WALL-OUTER
G1 F1800 X121.565 Y112.637 E36.53305
G1 X121.564 Y112.142 E36.53926
G1 X121.731 Y112.116 E36.54138
G1 X121.812 Y112.108 E36.5424
G1 X122.092 Y112.102 E36.54591
G1 X122.188 Y112.108 E36.54712
G1 X122.269 Y112.116 E36.54814
G1 X122.435 Y112.142 E36.55025
G1 X122.436 Y112.637 E36.55645
G1 X122.325 Y112.62 E36.55786
G1 X122.216 Y112.609 E36.55924
G1 X122.104 Y112.602 E36.56064
G1 X121.788 Y112.608 E36.56461
G1 X121.675 Y112.62 E36.56603
G0 F7200 X121.565 Y112.637
G0 X121.565 Y112.548
G0 X121.836 Y112.356
;TYPE:SKIN
G1 F1800 X122.121 Y112.354 E36.56797
G0 F7200 X122.173 Y112.205
G1 F1500 E30.06797
G0 F7200 X122.18 Y112.208
G0 X121.577 Y109.622
G1 F1500 E36.56797
G0 F7200 X121.675 Y109.62
;TYPE:WALL-OUTER
G1 F1800 X121.565 Y109.637 E36.56937
G1 X121.564 Y109.142 E36.57557
G1 X121.731 Y109.116 E36.57769
G1 X121.812 Y109.108 E36.57871
G1 X122.092 Y109.102 E36.58223
G1 X122.188 Y109.108 E36.58343
G1 X122.269 Y109.116 E36.58445
G1 X122.435 Y109.142 E36.58656
G1 X122.436 Y109.637 E36.59277
G1 X122.325 Y109.62 E36.59418
G1 X122.212 Y109.608 E36.5956
G1 X121.896 Y109.602 E36.59956
G1 X121.784 Y109.609 E36.60097
G1 X121.675 Y109.62 E36.60235
G0 F7200 X121.565 Y109.637
G0 X121.565 Y109.548
G0 X121.956 Y109.408
;TYPE:SKIN
G1 F1800 X122.067 Y109.297 E36.60333
G0 F7200 X122.076 Y109.206
G1 F1500 E30.10333
G0 F7200 X123.3 Y109.534
G0 X128.7 Y109.524
G1 F1500 E36.60333
G0 F7200 X129.675 Y109.62
;TYPE:WALL-OUTER
G1 F1800 X129.565 Y109.637 E36.60473
G1 X129.564 Y109.142 E36.61093
G1 X129.731 Y109.116 E36.61305
G1 X129.812 Y109.108 E36.61407
G1 X129.908 Y109.102 E36.61528
G1 X130.189 Y109.108 E36.6188
G1 X130.269 Y109.116 E36.61981
G1 X130.435 Y109.142 E36.62192
G1 X130.436 Y109.637 E36.62813
G1 X130.325 Y109.62 E36.62953
G1 X130.212 Y109.608 E36.63096
G1 X129.896 Y109.602 E36.63492
G1 X129.784 Y109.609 E36.63633
G1 X129.675 Y109.62 E36.6377
G0 F7200 X129.565 Y109.637
G0 X129.565 Y109.548
G0 X129.931 Y109.352
;TYPE:SKIN
G1 F1800 X130.197 Y109.369 E36.63941
G0 F7200 X130.031 Y109.504
G1 F1500 E30.13941
G0 F7200 X129.813 Y112.127
G1 F1500 E36.63941
G0 F7200 X129.675 Y112.62
;TYPE:WALL-OUTER
G1 F1800 X129.565 Y112.637 E36.6408
G1 X129.564 Y112.142 E36.64701
G1 X129.731 Y112.116 E36.64913
G1 X129.812 Y112.108 E36.65015
G1 X129.908 Y112.102 E36.65136
G1 X130.189 Y112.108 E36.65488
G1 X130.269 Y112.116 E36.65589
G1 X130.435 Y112.142 E36.658
G1 X130.436 Y112.637 E36.6642
G1 X130.325 Y112.62 E36.66561
G1 X130.212 Y112.608 E36.66704
G1 X129.896 Y112.602 E36.671
G1 X129.784 Y112.609 E36.67241
G1 X129.675 Y112.62 E36.67378
G0 F7200 X129.565 Y112.637
G0 X129.565 Y112.548
G0 X129.784 Y112.328
;TYPE:SKIN
G1 F1800 X130.04 Y112.355 E36.67518
G0 F7200 X130.096 Y112.206
G1 F1500 E30.17518
G0 F7200 X129.813 Y115.127
G1 F1500 E36.67518
G0 F7200 X129.675 Y115.62
;TYPE:WALL-OUTER
G1 F1800 X129.565 Y115.637 E36.67658
G1 X129.564 Y115.142 E36.68279
G1 X129.731 Y115.116 E36.68491
G1 X129.812 Y115.108 E36.68593
G1 X129.908 Y115.102 E36.68713
G1 X130.189 Y115.108 E36.69066
G1 X130.269 Y115.116 E36.69167
G1 X130.435 Y115.142 E36.69377
G1 X130.436 Y115.637 E36.69998
G1 X130.325 Y115.62 E36.70139
G1 X130.212 Y115.608 E36.70281
G1 X129.896 Y115.602 E36.70678
G1 X129.784 Y115.609 E36.70818
G1 X129.675 Y115.62 E36.70956
G0 F7200 X129.565 Y115.637
G0 X129.565 Y115.548
G0 X129.869 Y115.354
;TYPE:SKIN
G1 F1800 X130.149 Y115.358 E36.7115
G0 F7200 X130.187 Y115.208
G1 F1500 E30.2115
G0 F7200 X129.813 Y118.127
G1 F1500 E36.7115
G0 F7200 X129.675 Y118.62
;TYPE:WALL-OUTER
G1 F1800 X129.565 Y118.637 E36.7129
G1 X129.564 Y118.142 E36.7191
G1 X129.731 Y118.116 E36.72122
G1 X129.812 Y118.108 E36.72225
G1 X130.092 Y118.102 E36.72576
G1 X130.188 Y118.108 E36.72696
G1 X130.269 Y118.116 E36.72798
G1 X130.435 Y118.142 E36.73009
G1 X130.436 Y118.637 E36.7363
G1 X130.325 Y118.62 E36.73771
G1 X130.216 Y118.609 E36.73908
G1 X130.104 Y118.602 E36.74049
G1 X129.788 Y118.608 E36.74445
G1 X129.675 Y118.62 E36.74588
G0 F7200 X129.565 Y118.637
G0 X129.565 Y118.548
G0 X129.981 Y118.353
;TYPE:SKIN
G1 F1800 X130.222 Y118.395 E36.74718
G0 F7200 X130.033 Y118.203
G1 F1500 E30.24718
;MESH:NONMESH
G0 F600 X130.033 Y118.203 Z5.4
G0 F7200 X130.032 Y118.204
G0 X128.699 Y118.156
G0 X123.29 Y114.481
G0 X120.717 Y113.729
G0 X115.3 Y109.62
G0 X113.665 Y109.562
G1 F1500 E36.74718
G0 F7200 X113.459 Y109.653
;TIME_ELAPSED:299.810269
;LAYER:26
;TYPE:WALL-OUTER
;MESH:output_v2\B_media_suporte.stl
G1 F1800 X113.355 Y109.681 E36.74853
G1 X113.354 Y109.195 E36.75462
G1 X113.537 Y109.146 E36.757
G1 X113.731 Y109.116 E36.75946
G1 X113.812 Y109.108 E36.76048
G1 X114.091 Y109.102 E36.76398
G1 X114.224 Y109.111 E36.76565
G1 X114.369 Y109.13 E36.76749
G1 X114.455 Y109.144 E36.76858
G1 X114.645 Y109.195 E36.77105
G1 X114.646 Y109.681 E36.77714
G1 X114.541 Y109.653 E36.7785
G1 X114.324 Y109.619 E36.78126
G1 X114.104 Y109.602 E36.78403
G1 X113.788 Y109.608 E36.78799
G1 X113.675 Y109.62 E36.78941
G1 X113.459 Y109.653 E36.79215
G0 F7200 X113.355 Y109.681
G0 X113.355 Y109.588
G0 X113.623 Y109.38
;TYPE:SKIN
G1 F1800 X113.881 Y109.356 E36.79349
G1 X114.165 Y109.356 E36.79495
G0 F7200 X114.198 Y109.511
G1 F1500 E30.29495
G0 F7200 X114.198 Y109.509
G0 X113.733 Y112.135
G1 F1500 E36.79495
G0 F7200 X113.459 Y112.653
;TYPE:WALL-OUTER
G1 F1800 X113.355 Y112.681 E36.7963
G1 X113.354 Y112.195 E36.80239
G1 X113.537 Y112.146 E36.80477
G1 X113.731 Y112.116 E36.80723
G1 X113.812 Y112.108 E36.80825
G1 X114.091 Y112.102 E36.81175
G1 X114.224 Y112.111 E36.81342
G1 X114.369 Y112.13 E36.81526
G1 X114.455 Y112.144 E36.81635
G1 X114.645 Y112.195 E36.81882
G1 X114.646 Y112.681 E36.82491
G1 X114.541 Y112.653 E36.82627
G1 X114.324 Y112.619 E36.82903
G1 X114.104 Y112.602 E36.8318
G1 X113.788 Y112.608 E36.83576
G1 X113.675 Y112.62 E36.83718
G1 X113.459 Y112.653 E36.83992
G0 F7200 X113.355 Y112.681
G0 X113.355 Y112.588
G0 X113.776 Y112.362
;TYPE:SKIN
G1 F1800 X114.05 Y112.353 E36.84132
G1 X114.355 Y112.375 E36.84287
G0 F7200 X114.365 Y112.534
G1 F1500 E30.34287
G0 F7200 X114.367 Y112.525
G0 X113.733 Y115.135
G1 F1500 E36.84287
G0 F7200 X113.459 Y115.653
;TYPE:WALL-OUTER
G1 F1800 X113.355 Y115.681 E36.84422
G1 X113.354 Y115.195 E36.85032
G1 X113.537 Y115.146 E36.8527
G1 X113.731 Y115.116 E36.85516
G1 X113.812 Y115.108 E36.85618
G1 X114.091 Y115.102 E36.85968
G1 X114.224 Y115.111 E36.86135
G1 X114.369 Y115.13 E36.86318
G1 X114.455 Y115.144 E36.86428
G1 X114.645 Y115.195 E36.86674
G1 X114.646 Y115.681 E36.87284
G1 X114.541 Y115.653 E36.8742
G1 X114.324 Y115.619 E36.87695
G1 X114.104 Y115.602 E36.87972
G1 X113.788 Y115.608 E36.88368
G1 X113.675 Y115.62 E36.88511
G1 X113.459 Y115.653 E36.88785
G0 F7200 X113.355 Y115.681
G0 X113.355 Y115.588
G0 X113.675 Y115.372
;TYPE:SKIN
G1 F1800 X113.939 Y115.353 E36.88921
G1 X114.229 Y115.36 E36.8907
G0 F7200 X114.262 Y115.519
G1 F1500 E30.3907
G0 F7200 X114.262 Y115.514
G0 X113.733 Y118.135
G1 F1500 E36.8907
G0 F7200 X113.459 Y118.653
;TYPE:WALL-OUTER
G1 F1800 X113.355 Y118.681 E36.89205
G1 X113.354 Y118.195 E36.89814
G1 X113.537 Y118.146 E36.90052
G1 X113.731 Y118.116 E36.90298
G1 X113.812 Y118.108 E36.904
G1 X114.091 Y118.102 E36.9075
G1 X114.224 Y118.111 E36.90917
G1 X114.369 Y118.13 E36.91101
G1 X114.455 Y118.144 E36.9121
G1 X114.645 Y118.195 E36.91457
G1 X114.646 Y118.681 E36.92066
G1 X114.541 Y118.653 E36.92202
G1 X114.324 Y118.619 E36.92478
G1 X114.104 Y118.602 E36.92754
G1 X113.788 Y118.608 E36.93151
G1 X113.675 Y118.62 E36.93293
G1 X113.459 Y118.653 E36.93567
G0 F7200 X113.355 Y118.681
G0 X113.355 Y118.588
G0 X113.584 Y118.392
;TYPE:SKIN
G1 F1800 X113.832 Y118.357 E36.93669
G1 X114.407 Y118.367 E36.93904
G0 F7200 X114.26 Y118.212
G1 F1500 E30.43904
G0 F7200 X114.258 Y118.216
G0 X112.49 Y118.668
G0 X110.288 Y119.415
G0 X109.352 Y119.8
G1 F1500 E36.93904
G0 F7200 X109.422 Y119.9
;TYPE:WALL-OUTER
G1 F1800 X109.024 Y119.9 E36.94403
G1 X109.024 Y119.4 E36.9503
G1 X109.423 Y119.4 E36.9553
G1 X109.422 Y119.9 E36.96155
G0 F7200 X109.222 Y119.9
G0 X109.222 Y119.8
G1 F1500 E30.46155
G0 F7200 X110.288 Y119.415
G0 X112.507 Y119.785
G0 X115.496 Y119.788
G0 X120.49 Y118.668
G1 F1500 E36.96155
G0 F7200 X121.459 Y118.653
G1 F1800 X121.355 Y118.681 E36.9629
G1 X121.354 Y118.195 E36.96899
G1 X121.537 Y118.146 E36.97137
G1 X121.731 Y118.116 E36.97383
G1 X121.812 Y118.108 E36.97485
G1 X122.091 Y118.102 E36.97835
G1 X122.224 Y118.111 E36.98002
G1 X122.369 Y118.13 E36.98186
G1 X122.455 Y118.144 E36.98295
G1 X122.645 Y118.195 E36.98541
G1 X122.646 Y118.681 E36.99151
G1 X122.541 Y118.653 E36.99287
G1 X122.324 Y118.619 E36.99563
G1 X122.104 Y118.602 E36.99839
G1 X121.788 Y118.608 E37.00236
G1 X121.675 Y118.62 E37.00378
G1 X121.459 Y118.653 E37.00652
G0 F7200 X121.355 Y118.681
G0 X121.355 Y118.588
G0 X121.758 Y118.364
;TYPE:SKIN
G1 F1800 X122.029 Y118.352 E37.00789
G1 X122.332 Y118.372 E37.00943
G0 F7200 X122.373 Y118.536
G1 F1500 E30.50943
G0 F7200 X122.375 Y118.526
G0 X121.367 Y115.666
G1 F1500 E37.00943
G0 F7200 X121.458 Y115.653
;TYPE:WALL-OUTER
G1 F1800 X121.355 Y115.681 E37.01077
G1 X121.354 Y115.195 E37.01686
G1 X121.537 Y115.146 E37.01924
G1 X121.731 Y115.116 E37.0217
G1 X121.909 Y115.102 E37.02394
G1 X122.189 Y115.108 E37.02745
G1 X122.269 Y115.116 E37.02846
G1 X122.464 Y115.146 E37.03093
G1 X122.645 Y115.195 E37.03328
G1 X122.646 Y115.681 E37.03938
G1 X122.541 Y115.653 E37.04074
G1 X122.325 Y115.62 E37.04348
G1 X122.212 Y115.608 E37.04491
G1 X121.895 Y115.602 E37.04888
G1 X121.743 Y115.612 E37.05079
G1 X121.576 Y115.634 E37.05291
G1 X121.458 Y115.653 E37.0544
G0 F7200 X121.355 Y115.681
G0 X121.355 Y115.587
G0 X121.605 Y115.383
;TYPE:SKIN
G1 F1800 X121.861 Y115.356 E37.05539
G1 X122.426 Y115.355 E37.05756
G0 F7200 X122.263 Y115.209
G1 F1500 E30.55756
G0 F7200 X122.262 Y115.215
G0 X121.367 Y112.666
G1 F1500 E37.05756
G0 F7200 X121.459 Y112.653
;TYPE:WALL-OUTER
G1 F1800 X121.355 Y112.681 E37.05891
G1 X121.354 Y112.195 E37.06501
G1 X121.537 Y112.146 E37.06738
G1 X121.731 Y112.116 E37.06984
G1 X121.812 Y112.108 E37.07086
G1 X122.091 Y112.102 E37.07436
G1 X122.224 Y112.111 E37.07604
G1 X122.369 Y112.13 E37.07787
G1 X122.455 Y112.144 E37.07896
G1 X122.645 Y112.195 E37.08143
G1 X122.646 Y112.681 E37.08752
G1 X122.541 Y112.653 E37.08889
G1 X122.324 Y112.619 E37.09164
G1 X122.104 Y112.602 E37.09441
G1 X121.788 Y112.608 E37.09837
G1 X121.675 Y112.62 E37.0998
G1 X121.459 Y112.653 E37.10254
G0 F7200 X121.355 Y112.681
G0 X121.355 Y112.588
G0 X121.703 Y112.369
;TYPE:SKIN
G1 F1800 X121.97 Y112.354 E37.1039
G1 X122.263 Y112.364 E37.1054
G0 F7200 X122.296 Y112.524
G1 F1500 E30.6054
G0 F7200 X122.296 Y112.517
G0 X121.367 Y109.666
G1 F1500 E37.1054
G0 F7200 X121.459 Y109.653
;TYPE:WALL-OUTER
G1 F1800 X121.355 Y109.681 E37.10675
G1 X121.354 Y109.195 E37.11284
G1 X121.537 Y109.146 E37.11522
G1 X121.731 Y109.116 E37.11768
G1 X121.812 Y109.108 E37.1187
G1 X122.091 Y109.102 E37.1222
G1 X122.224 Y109.111 E37.12387
G1 X122.369 Y109.13 E37.12571
G1 X122.455 Y109.144 E37.1268
G1 X122.645 Y109.195 E37.12927
G1 X122.646 Y109.681 E37.13536
G1 X122.541 Y109.653 E37.13672
G1 X122.325 Y109.62 E37.13946
G1 X122.212 Y109.608 E37.14089
G1 X121.895 Y109.602 E37.14486
G1 X121.745 Y109.612 E37.14675
G1 X121.674 Y109.62 E37.14765
G1 X121.459 Y109.653 E37.15037
G0 F7200 X121.355 Y109.681
G0 X121.355 Y109.588
G0 X121.572 Y109.409
;TYPE:SKIN
G1 F1800 X121.804 Y109.359 E37.15134
G1 X122.39 Y109.379 E37.15373
G0 F7200 X122.269 Y109.21
G1 F1500 E30.65373
G0 F7200 X122.266 Y109.217
G0 X123.51 Y109.569
G0 X128.49 Y109.56
G1 F1500 E37.15373
G0 F7200 X129.459 Y109.653
;TYPE:WALL-OUTER
G1 F1800 X129.355 Y109.681 E37.15508
G1 X129.354 Y109.195 E37.16118
G1 X129.537 Y109.146 E37.16355
G1 X129.731 Y109.116 E37.16601
G1 X129.909 Y109.102 E37.16825
G1 X130.189 Y109.108 E37.17177
G1 X130.269 Y109.116 E37.17277
G1 X130.464 Y109.146 E37.17525
G1 X130.645 Y109.195 E37.1776
G1 X130.646 Y109.681 E37.18369
G1 X130.541 Y109.653 E37.18506
G1 X130.325 Y109.62 E37.1878
G1 X130.212 Y109.608 E37.18922
G1 X129.895 Y109.602 E37.1932
G1 X129.745 Y109.612 E37.19508
G1 X129.674 Y109.62 E37.19598
G1 X129.459 Y109.653 E37.19871
G0 F7200 X129.355 Y109.681
G0 X129.355 Y109.588
G0 X129.731 Y109.367
;TYPE:SKIN
G1 F1800 X130.001 Y109.353 E37.20011
G1 X130.298 Y109.368 E37.20165
G0 F7200 X130.342 Y109.531
G1 F1500 E30.70165
G0 F7200 X130.337 Y109.521
G0 X129.733 Y112.135
G1 F1500 E37.20165
G0 F7200 X129.458 Y112.653
;TYPE:WALL-OUTER
G1 F1800 X129.355 Y112.681 E37.20299
G1 X129.354 Y112.195 E37.20908
G1 X129.537 Y112.146 E37.21146
G1 X129.731 Y112.116 E37.21392
G1 X129.909 Y112.102 E37.21616
G1 X130.189 Y112.108 E37.21967
G1 X130.269 Y112.116 E37.22068
G1 X130.464 Y112.146 E37.22315
G1 X130.645 Y112.195 E37.2255
G1 X130.646 Y112.681 E37.2316
G1 X130.541 Y112.653 E37.23296
G1 X130.325 Y112.62 E37.2357
G1 X130.212 Y112.608 E37.23713
G1 X129.895 Y112.602 E37.2411
G1 X129.743 Y112.612 E37.24301
G1 X129.576 Y112.634 E37.24512
G1 X129.458 Y112.653 E37.24662
G0 F7200 X129.355 Y112.681
G0 X129.355 Y112.587
G0 X129.632 Y112.379
;TYPE:SKIN
G1 F1800 X129.891 Y112.355 E37.24793
G1 X130.176 Y112.357 E37.24937
G0 F7200 X130.205 Y112.513
G1 F1500 E30.74937
G0 F7200 X130.205 Y112.508
G0 X129.733 Y115.135
G1 F1500 E37.24937
G0 F7200 X129.458 Y115.653
;TYPE:WALL-OUTER
G1 F1800 X129.355 Y115.681 E37.2507
G1 X129.354 Y115.195 E37.2568
G1 X129.537 Y115.146 E37.25918
G1 X129.731 Y115.116 E37.26164
G1 X129.909 Y115.102 E37.26388
G1 X130.189 Y115.108 E37.26739
G1 X130.269 Y115.116 E37.2684
G1 X130.464 Y115.146 E37.27087
G1 X130.645 Y115.195 E37.27322
G1 X130.646 Y115.681 E37.27932
G1 X130.541 Y115.653 E37.28068
G1 X130.325 Y115.62 E37.28342
G1 X130.212 Y115.608 E37.28484
G1 X129.895 Y115.602 E37.28882
G1 X129.743 Y115.612 E37.29073
G1 X129.576 Y115.634 E37.29284
G1 X129.458 Y115.653 E37.29434
G0 F7200 X129.355 Y115.681
G0 X129.355 Y115.587
G0 X129.563 Y115.421
;TYPE:SKIN
G1 F1800 X129.786 Y115.361 E37.29524
G1 X130.369 Y115.378 E37.29752
G0 F7200 X130.378 Y115.537
G1 F1500 E30.79752
G0 F7200 X130.381 Y115.528
G0 X129.733 Y118.135
G1 F1500 E37.29752
G0 F7200 X129.459 Y118.653
;TYPE:WALL-OUTER
G1 F1800 X129.355 Y118.681 E37.29887
G1 X129.354 Y118.195 E37.30497
G1 X129.537 Y118.146 E37.30734
G1 X129.731 Y118.116 E37.30981
G1 X129.812 Y118.108 E37.31083
G1 X130.091 Y118.102 E37.31433
G1 X130.224 Y118.111 E37.316
G1 X130.369 Y118.13 E37.31783
G1 X130.455 Y118.144 E37.31892
G1 X130.645 Y118.195 E37.32139
G1 X130.646 Y118.681 E37.32749
G1 X130.541 Y118.653 E37.32885
G1 X130.324 Y118.619 E37.3316
G1 X130.104 Y118.602 E37.33437
G1 X129.788 Y118.608 E37.33833
G1 X129.675 Y118.62 E37.33976
G1 X129.459 Y118.653 E37.3425
G0 F7200 X129.355 Y118.681
G0 X129.355 Y118.588
G0 X129.685 Y118.371
;TYPE:SKIN
G1 F1800 X129.951 Y118.354 E37.34386
G1 X130.242 Y118.362 E37.34535
G0 F7200 X130.274 Y118.521
G1 F1500 E30.84535
;MESH:NONMESH
G0 F600 X130.274 Y118.521 Z5.6
G0 F7200 X130.274 Y118.515
G0 X128.489 Y118.209
G0 X123.5 Y114.537
G0 X120.507 Y113.785
G0 X115.51 Y109.664
G0 X114.335 Y109.609
G1 F1500 E37.34535
G0 F7200 X113.459 Y109.653
;TIME_ELAPSED:310.183915
;LAYER:27
;TYPE:WALL-OUTER
;MESH:output_v2\B_media_suporte.stl
G1 F1800 X113.145 Y109.737 E37.34942
G1 X113.144 Y109.253 E37.35549
G1 X113.162 Y109.246 E37.35573
G1 X113.538 Y109.146 E37.36061
G1 X113.742 Y109.115 E37.3632
G1 X113.812 Y109.108 E37.36408
G1 X114.102 Y109.102 E37.36772
G1 X114.198 Y109.109 E37.36893
G1 X114.309 Y109.121 E37.37033
G1 X114.455 Y109.144 E37.37218
G1 X114.833 Y109.245 E37.37709
G1 X114.855 Y109.254 E37.37739
G1 X114.856 Y109.737 E37.38344
G1 X114.541 Y109.653 E37.38506
G1 X114.312 Y109.618 E37.38796
G1 X114.105 Y109.602 E37.39057
G1 X113.788 Y109.608 E37.39454
G1 X113.675 Y109.62 E37.39597
G1 X113.459 Y109.653 E37.39871
G0 F7200 X113.266 Y109.704
G0 X113.473 Y109.406
;TYPE:SKIN
G1 F1800 X113.803 Y109.358 E37.40005
G1 X114.586 Y109.424 E37.40322
G0 F7200 X114.652 Y109.27
G1 F1500 E30.90322
G0 F7200 X114.645 Y109.297
G0 X113.455 Y109.634
G0 X113.744 Y112.134
G1 F1500 E37.40322
G0 F7200 X113.458 Y112.653
;TYPE:WALL-OUTER
G1 F1800 X113.145 Y112.737 E37.40728
G1 X113.144 Y112.253 E37.41335
G1 X113.162 Y112.246 E37.41359
G1 X113.538 Y112.146 E37.41847
G1 X113.742 Y112.115 E37.42106
G1 X113.812 Y112.108 E37.42194
G1 X114.102 Y112.102 E37.42558
G1 X114.198 Y112.109 E37.42679
G1 X114.309 Y112.121 E37.42819
G1 X114.455 Y112.144 E37.43004
G1 X114.833 Y112.245 E37.43495
G1 X114.855 Y112.254 E37.43524
G1 X114.856 Y112.737 E37.4413
G1 X114.541 Y112.653 E37.44292
G1 X114.312 Y112.618 E37.44582
G1 X114.105 Y112.602 E37.44843
G1 X113.787 Y112.608 E37.45242
G1 X113.643 Y112.624 E37.45423
G1 X113.458 Y112.653 E37.45658
G0 F7200 X113.265 Y112.704
G0 X113.608 Y112.382
;TYPE:SKIN
G1 F1800 X113.918 Y112.355 E37.45799
G1 X114.444 Y112.394 E37.46037
G0 F7200 X114.48 Y112.239
G1 F1500 E30.96037
G0 F7200 X114.477 Y112.252
G0 X113.454 Y112.634
G0 X113.744 Y115.134
G1 F1500 E37.46037
G0 F7200 X113.458 Y115.653
;TYPE:WALL-OUTER
G1 F1800 X113.145 Y115.737 E37.46443
G1 X113.144 Y115.253 E37.4705
G1 X113.162 Y115.246 E37.47074
G1 X113.538 Y115.146 E37.47562
G1 X113.742 Y115.115 E37.47821
G1 X113.812 Y115.108 E37.47909
G1 X114.102 Y115.102 E37.48273
G1 X114.198 Y115.109 E37.48394
G1 X114.309 Y115.121 E37.48534
G1 X114.455 Y115.144 E37.48719
G1 X114.833 Y115.245 E37.4921
G1 X114.855 Y115.254 E37.4924
G1 X114.856 Y115.737 E37.49845
G1 X114.541 Y115.653 E37.50007
G1 X114.312 Y115.618 E37.50297
G1 X114.105 Y115.602 E37.50558
G1 X113.787 Y115.608 E37.50957
G1 X113.643 Y115.624 E37.51138
G1 X113.458 Y115.653 E37.51373
G0 F7200 X113.265 Y115.704
G0 X113.393 Y115.425
;TYPE:SKIN
G1 F1800 X113.738 Y115.363 E37.51514
G1 X114.537 Y115.412 E37.51837
G0 F7200 X114.569 Y115.253
G1 F1500 E31.01837
G0 F7200 X114.563 Y115.275
G0 X113.454 Y115.634
G0 X113.744 Y118.134
G1 F1500 E37.51837
G0 F7200 X113.458 Y118.653
;TYPE:WALL-OUTER
G1 F1800 X113.145 Y118.737 E37.52243
G1 X113.144 Y118.253 E37.5285
G1 X113.162 Y118.246 E37.52874
G1 X113.538 Y118.146 E37.53362
G1 X113.742 Y118.115 E37.53621
G1 X113.812 Y118.108 E37.53709
G1 X114.102 Y118.102 E37.54073
G1 X114.198 Y118.109 E37.54194
G1 X114.309 Y118.121 E37.54334
G1 X114.455 Y118.144 E37.54519
G1 X114.833 Y118.245 E37.5501
G1 X114.855 Y118.254 E37.55039
G1 X114.856 Y118.737 E37.55645
G1 X114.541 Y118.653 E37.55807
G1 X114.312 Y118.618 E37.56097
G1 X114.105 Y118.602 E37.56358
G1 X113.787 Y118.608 E37.56757
G1 X113.643 Y118.624 E37.56938
G1 X113.458 Y118.653 E37.57173
G0 F7200 X113.265 Y118.704
G0 X113.538 Y118.392
;TYPE:SKIN
G1 F1800 X113.857 Y118.356 E37.57303
G1 X114.628 Y118.433 E37.57615
G0 F7200 X114.48 Y118.239
G1 F1500 E31.07615
G0 F7200 X114.477 Y118.252
G0 X113.157 Y118.722
G0 X110.287 Y119.412
G0 X109.322 Y119.829
G1 F1500 E37.57615
G0 F7200 X109.423 Y119.9
;TYPE:WALL-OUTER
G1 F1800 X109.025 Y119.9 E37.58114
G1 X109.025 Y119.4 E37.58742
G1 X109.422 Y119.4 E37.59239
G1 X109.423 Y119.9 E37.59862
G0 F7200 X109.223 Y119.9
G0 X109.223 Y119.8
G1 F1500 E31.09862
G0 F7200 X110.287 Y119.412
G0 X112.299 Y119.961
G0 X115.704 Y119.966
G0 X120.28 Y118.723
G0 X121.438 Y118.556
G1 F1500 E37.59862
G0 F7200 X121.458 Y118.653
G1 F1800 X121.145 Y118.737 E37.60269
G1 X121.144 Y118.253 E37.60876
G1 X121.162 Y118.246 E37.609
G1 X121.538 Y118.146 E37.61388
G1 X121.742 Y118.115 E37.61647
G1 X121.812 Y118.108 E37.61735
G1 X122.102 Y118.102 E37.62099
G1 X122.198 Y118.109 E37.62219
G1 X122.309 Y118.121 E37.62359
G1 X122.455 Y118.144 E37.62545
G1 X122.833 Y118.245 E37.63035
G1 X122.855 Y118.254 E37.63065
G1 X122.856 Y118.737 E37.63671
G1 X122.541 Y118.653 E37.63833
G1 X122.312 Y118.618 E37.64123
G1 X122.105 Y118.602 E37.64383
G1 X121.775 Y118.609 E37.64797
G1 X121.642 Y118.624 E37.64965
G1 X121.458 Y118.653 E37.65199
G0 F7200 X121.265 Y118.704
G0 X121.434 Y118.415
;TYPE:SKIN
G1 F1800 X121.771 Y118.36 E37.65336
G1 X122.563 Y118.418 E37.65654
G0 F7200 X122.595 Y118.256
G1 F1500 E31.15654
G0 F7200 X122.588 Y118.282
G0 X121.157 Y115.722
G1 F1500 E37.65654
G0 F7200 X121.458 Y115.653
;TYPE:WALL-OUTER
G1 F1800 X121.145 Y115.737 E37.6606
G1 X121.144 Y115.253 E37.66667
G1 X121.162 Y115.246 E37.66691
G1 X121.538 Y115.146 E37.67179
G1 X121.742 Y115.115 E37.67438
G1 X121.91 Y115.102 E37.67649
G1 X122.187 Y115.108 E37.67997
G1 X122.31 Y115.121 E37.68152
G1 X122.455 Y115.144 E37.68336
G1 X122.833 Y115.245 E37.68827
G1 X122.855 Y115.254 E37.68857
G1 X122.856 Y115.737 E37.69462
G1 X122.541 Y115.653 E37.69624
G1 X122.313 Y115.619 E37.69913
G1 X122.212 Y115.608 E37.7004
G1 X121.883 Y115.602 E37.70453
G1 X121.77 Y115.61 E37.70595
G1 X121.642 Y115.624 E37.70757
G1 X121.458 Y115.653 E37.7099
G0 F7200 X121.265 Y115.704
G0 X121.645 Y115.376
;TYPE:SKIN
G1 F1800 X121.951 Y115.352 E37.71129
G1 X122.469 Y115.4 E37.71364
G0 F7200 X122.503 Y115.243
G1 F1500 E31.21364
G0 F7200 X122.499 Y115.258
G0 X121.157 Y112.722
G1 F1500 E37.71364
G0 F7200 X121.458 Y112.653
;TYPE:WALL-OUTER
G1 F1800 X121.145 Y112.737 E37.7177
G1 X121.144 Y112.253 E37.72377
G1 X121.162 Y112.246 E37.72401
G1 X121.538 Y112.146 E37.72889
G1 X121.742 Y112.115 E37.73148
G1 X121.812 Y112.108 E37.73236
G1 X122.102 Y112.102 E37.736
G1 X122.198 Y112.109 E37.73721
G1 X122.309 Y112.121 E37.73861
G1 X122.455 Y112.144 E37.74046
G1 X122.833 Y112.245 E37.74537
G1 X122.855 Y112.254 E37.74567
G1 X122.856 Y112.737 E37.75172
G1 X122.541 Y112.653 E37.75334
G1 X122.312 Y112.618 E37.75624
G1 X122.105 Y112.602 E37.75885
G1 X121.775 Y112.609 E37.76299
G1 X121.642 Y112.624 E37.76466
G1 X121.458 Y112.653 E37.767
G0 F7200 X121.265 Y112.704
G0 X121.513 Y112.397
;TYPE:SKIN
G1 F1800 X121.835 Y112.357 E37.76832
G1 X122.612 Y112.429 E37.77148
G0 F7200 X122.677 Y112.276
G1 F1500 E31.27148
G0 F7200 X122.67 Y112.304
G0 X122.545 Y109.634
G0 X121.439 Y109.556
G1 F1500 E37.77148
G0 F7200 X121.459 Y109.653
;TYPE:WALL-OUTER
G1 F1800 X121.145 Y109.737 E37.77556
G1 X121.144 Y109.253 E37.78163
G1 X121.162 Y109.246 E37.78187
G1 X121.538 Y109.146 E37.78675
G1 X121.742 Y109.115 E37.78934
G1 X121.812 Y109.108 E37.79022
G1 X122.102 Y109.102 E37.79386
G1 X122.198 Y109.109 E37.79506
G1 X122.309 Y109.121 E37.79646
G1 X122.455 Y109.144 E37.79832
G1 X122.833 Y109.245 E37.80322
G1 X122.855 Y109.254 E37.80352
G1 X122.856 Y109.737 E37.80958
G1 X122.541 Y109.653 E37.81119
G1 X122.313 Y109.619 E37.81408
G1 X122.212 Y109.608 E37.81536
G1 X121.883 Y109.602 E37.81949
G1 X121.771 Y109.61 E37.82089
G1 X121.674 Y109.62 E37.82212
G1 X121.459 Y109.653 E37.82484
G0 F7200 X121.266 Y109.704
G0 X121.379 Y109.419
;TYPE:SKIN
G1 F1800 X121.714 Y109.367 E37.82612
G1 X122.52 Y109.41 E37.82916
G0 F7200 X122.552 Y109.25
G1 F1500 E31.32916
G0 F7200 X122.546 Y109.271
G0 X123.72 Y109.568
G0 X128.28 Y109.558
G0 X129.439 Y109.556
G1 F1500 E37.82916
G0 F7200 X129.459 Y109.653
;TYPE:WALL-OUTER
G1 F1800 X129.145 Y109.737 E37.83324
G1 X129.144 Y109.253 E37.83931
G1 X129.162 Y109.246 E37.83955
G1 X129.538 Y109.146 E37.84443
G1 X129.742 Y109.115 E37.84702
G1 X129.91 Y109.102 E37.84913
G1 X130.187 Y109.108 E37.85261
G1 X130.31 Y109.121 E37.85416
G1 X130.455 Y109.144 E37.856
G1 X130.833 Y109.245 E37.86091
G1 X130.855 Y109.254 E37.8612
G1 X130.856 Y109.737 E37.86726
G1 X130.541 Y109.653 E37.86888
G1 X130.313 Y109.619 E37.87177
G1 X130.212 Y109.608 E37.87304
G1 X129.883 Y109.602 E37.87717
G1 X129.771 Y109.61 E37.87858
G1 X129.674 Y109.62 E37.8798
G1 X129.459 Y109.653 E37.88253
G0 F7200 X129.266 Y109.704
G0 X129.62 Y109.38
;TYPE:SKIN
G1 F1800 X129.931 Y109.352 E37.88393
G1 X130.453 Y109.396 E37.88628
G0 F7200 X130.488 Y109.241
G1 F1500 E31.38628
G0 F7200 X130.484 Y109.254
G0 X129.455 Y109.634
G0 X129.744 Y112.134
G1 F1500 E37.88628
G0 F7200 X129.458 Y112.653
;TYPE:WALL-OUTER
G1 F1800 X129.145 Y112.737 E37.89035
G1 X129.144 Y112.253 E37.89642
G1 X129.162 Y112.246 E37.89666
G1 X129.538 Y112.146 E37.90154
G1 X129.742 Y112.115 E37.90413
G1 X129.91 Y112.102 E37.90624
G1 X130.187 Y112.108 E37.90971
G1 X130.31 Y112.121 E37.91126
G1 X130.455 Y112.144 E37.9131
G1 X130.833 Y112.245 E37.91801
G1 X130.855 Y112.254 E37.91831
G1 X130.856 Y112.737 E37.92437
G1 X130.541 Y112.653 E37.92598
G1 X130.313 Y112.619 E37.92887
G1 X130.212 Y112.608 E37.93015
G1 X129.883 Y112.602 E37.93427
G1 X129.77 Y112.61 E37.93569
G1 X129.642 Y112.624 E37.93731
G1 X129.458 Y112.653 E37.93965
G0 F7200 X129.265 Y112.704
G0 X129.406 Y112.422
;TYPE:SKIN
G1 F1800 X129.749 Y112.363 E37.94103
G1 X130.545 Y112.415 E37.94421
G0 F7200 X130.578 Y112.254
G1 F1500 E31.44421
G0 F7200 X130.572 Y112.278
G0 X129.454 Y112.634
G0 X129.744 Y115.134
G1 F1500 E37.94421
G0 F7200 X129.458 Y115.653
;TYPE:WALL-OUTER
G1 F1800 X129.145 Y115.737 E37.94827
G1 X129.144 Y115.253 E37.95434
G1 X129.162 Y115.246 E37.95458
G1 X129.538 Y115.146 E37.95946
G1 X129.742 Y115.115 E37.96205
G1 X129.91 Y115.102 E37.96416
G1 X130.187 Y115.108 E37.96764
G1 X130.31 Y115.121 E37.96919
G1 X130.455 Y115.144 E37.97103
G1 X130.833 Y115.245 E37.97594
G1 X130.855 Y115.254 E37.97623
G1 X130.856 Y115.737 E37.98229
G1 X130.541 Y115.653 E37.98391
G1 X130.313 Y115.619 E37.9868
G1 X130.212 Y115.608 E37.98807
G1 X129.883 Y115.602 E37.9922
G1 X129.77 Y115.61 E37.99362
G1 X129.642 Y115.624 E37.99523
G1 X129.458 Y115.653 E37.99757
G0 F7200 X129.265 Y115.704
G0 X129.55 Y115.391
;TYPE:SKIN
G1 F1800 X129.869 Y115.354 E37.99886
G1 X130.631 Y115.44 E38.00195
G0 F7200 X130.481 Y115.24
G1 F1500 E31.50195
G0 F7200 X130.478 Y115.252
G0 X129.454 Y115.634
G0 X129.744 Y118.134
G1 F1500 E38.00195
G0 F7200 X129.458 Y118.653
;TYPE:WALL-OUTER
G1 F1800 X129.145 Y118.737 E38.00601
G1 X129.144 Y118.253 E38.01208
G1 X129.162 Y118.246 E38.01232
G1 X129.538 Y118.146 E38.0172
G1 X129.742 Y118.115 E38.01979
G1 X129.812 Y118.108 E38.02067
G1 X130.102 Y118.102 E38.02431
G1 X130.198 Y118.109 E38.02552
G1 X130.309 Y118.121 E38.02692
G1 X130.455 Y118.144 E38.02877
G1 X130.833 Y118.245 E38.03368
G1 X130.855 Y118.254 E38.03397
G1 X130.856 Y118.737 E38.04003
G1 X130.541 Y118.653 E38.04165
G1 X130.312 Y118.618 E38.04455
G1 X130.105 Y118.602 E38.04716
G1 X129.787 Y118.608 E38.05115
G1 X129.643 Y118.624 E38.05296
G1 X129.458 Y118.653 E38.05531
G0 F7200 X129.265 Y118.704
G0 X129.359 Y118.41
;TYPE:SKIN
G1 F1800 X129.681 Y118.371 E38.05644
G1 X130.496 Y118.405 E38.05926
G0 F7200 X130.53 Y118.247
G1 F1500 E31.55926
;MESH:NONMESH
G0 F600 X130.53 Y118.247 Z5.8
G0 F7200 X130.525 Y118.265
G0 X129.168 Y118.265
G0 X123.712 Y114.666
G0 X121.306 Y113.59
G0 X120.299 Y113.961
G0 X115.72 Y109.721
G0 X114.316 Y109.579
G0 X113.245 Y109.659
G1 F1500 E38.05926
G0 F7200 X113.038 Y109.766
;TIME_ELAPSED:321.258246
;LAYER:28
;TYPE:WALL-OUTER
;MESH:output_v2\B_media_suporte.stl
G1 F1800 X112.935 Y109.805 E38.06065
G1 X112.934 Y109.335 E38.06654
G1 X113.168 Y109.244 E38.06969
G1 X113.382 Y109.188 E38.07246
G1 X113.382 Y109.674 E38.07856
G1 X113.038 Y109.766 E38.08302
G0 F7200 X112.935 Y109.805
G0 X112.935 Y109.715
G0 X113.186 Y109.509
;TYPE:SKIN
G1 F1800 X113.14 Y109.463 E38.08343
G0 F7200 X113.127 Y109.328
G1 F1500 E31.58343
G0 F7200 X113.14 Y109.362
G0 X114.638 Y109.67
G1 F1500 E38.08343
G0 F7200 X114.962 Y109.766
;TYPE:WALL-OUTER
G1 F1800 X114.618 Y109.674 E38.0879
G1 X114.618 Y109.187 E38.094
G1 X114.834 Y109.245 E38.09681
G1 X115.065 Y109.334 E38.09991
G1 X115.066 Y109.806 E38.10583
G1 X114.962 Y109.766 E38.10723
G0 F7200 X114.769 Y109.715
G0 X114.869 Y109.495
;TYPE:SKIN
G1 F1800 X114.824 Y109.45 E38.10763
G0 F7200 X114.837 Y109.319
G1 F1500 E31.60763
G0 F7200 X114.824 Y109.348
G0 X114.629 Y112.202
G1 F1500 E38.10763
G0 F7200 X114.962 Y112.765
;TYPE:WALL-OUTER
G1 F1800 X114.618 Y112.675 E38.11209
G1 X114.617 Y112.187 E38.11821
G1 X114.834 Y112.245 E38.12102
G1 X115.065 Y112.334 E38.12413
G1 X115.066 Y112.805 E38.13003
G1 X114.962 Y112.765 E38.13143
G0 F7200 X114.769 Y112.715
G0 X114.75 Y112.642
G1 F1500 E31.63143
G0 F7200 X114.76 Y112.61
G0 X113.368 Y112.661
G1 F1500 E38.13143
G0 F7200 X113.038 Y112.766
G1 F1800 X112.935 Y112.805 E38.13281
G1 X112.934 Y112.335 E38.13871
G1 X113.168 Y112.244 E38.14185
G1 X113.382 Y112.188 E38.14463
G1 X113.383 Y112.673 E38.15071
G1 X113.038 Y112.766 E38.15519
G0 F7200 X112.935 Y112.805
G0 X112.935 Y112.715
G0 X113.224 Y112.301
G1 F1500 E31.65519
G0 F7200 X113.23 Y112.331
G0 X113.37 Y115.203
G1 F1500 E38.15519
G0 F7200 X113.038 Y115.766
G1 F1800 X112.935 Y115.805 E38.15657
G1 X112.934 Y115.335 E38.16247
G1 X113.168 Y115.244 E38.16562
G1 X113.382 Y115.188 E38.16839
G1 X113.383 Y115.673 E38.17447
G1 X113.038 Y115.766 E38.17895
G0 F7200 X112.935 Y115.805
G0 X112.935 Y115.715
G0 X113.224 Y115.301
G1 F1500 E31.67895
G0 F7200 X113.23 Y115.331
G0 X114.618 Y115.659
G1 F1500 E38.17895
G0 F7200 X114.962 Y115.765
G1 F1800 X114.618 Y115.675 E38.18341
G1 X114.617 Y115.187 E38.18953
G1 X114.834 Y115.245 E38.19235
G1 X115.065 Y115.334 E38.19545
G1 X115.066 Y115.805 E38.20136
G1 X114.962 Y115.765 E38.20276
G0 F7200 X114.769 Y115.715
G0 X114.75 Y115.642
G1 F1500 E31.70276
G0 F7200 X114.76 Y115.61
G0 X114.629 Y118.202
G1 F1500 E38.20276
G0 F7200 X114.962 Y118.765
G1 F1800 X114.618 Y118.675 E38.20722
G1 X114.617 Y118.187 E38.21334
G1 X114.834 Y118.245 E38.21615
G1 X115.065 Y118.334 E38.21926
G1 X115.066 Y118.805 E38.22516
G1 X114.962 Y118.765 E38.22656
G0 F7200 X114.769 Y118.715
G0 X114.86 Y118.537
;TYPE:SKIN
G1 F1800 X114.812 Y118.489 E38.22699
G0 F7200 X114.665 Y118.489
G1 F1500 E31.72699
G0 F7200 X114.718 Y118.49
G0 X113.368 Y118.661
G1 F1500 E38.22699
G0 F7200 X113.038 Y118.766
;TYPE:WALL-OUTER
G1 F1800 X112.935 Y118.805 E38.22837
G1 X112.934 Y118.335 E38.23426
G1 X113.168 Y118.244 E38.23741
G1 X113.382 Y118.188 E38.24018
G1 X113.383 Y118.673 E38.24627
G1 X113.038 Y118.766 E38.25075
G0 F7200 X112.935 Y118.805
G0 X112.935 Y118.715
G0 X113.224 Y118.301
G1 F1500 E31.75075
G0 F7200 X113.23 Y118.331
G0 X112.07 Y118.79
G0 X110.305 Y119.415
G0 X109.369 Y119.8
G1 F1500 E38.25075
G0 F7200 X109.439 Y119.9
G1 F1800 X109.037 Y119.9 E38.25579
G1 X109.037 Y119.4 E38.26206
G1 X109.44 Y119.4 E38.26711
G1 X109.439 Y119.9 E38.27338
G0 F7200 X109.239 Y119.9
G0 X109.239 Y119.8
G0 X110.305 Y119.415
G0 X112.089 Y120.037
G0 X115.914 Y120.04
G0 X120.07 Y118.79
G0 X121.038 Y118.766
G1 F1800 X120.935 Y118.805 E38.27476
G1 X120.934 Y118.335 E38.28066
G1 X121.168 Y118.244 E38.28381
G1 X121.382 Y118.188 E38.28658
G1 X121.383 Y118.673 E38.29266
G1 X121.038 Y118.766 E38.29714
G0 F7200 X120.935 Y118.805
G0 X120.935 Y118.715
G0 X121.224 Y118.301
G0 X121.23 Y118.331
G0 X122.618 Y118.659
G0 X122.962 Y118.766
G1 F1800 X122.618 Y118.674 E38.30161
G1 X122.617 Y118.187 E38.30772
G1 X122.834 Y118.245 E38.31053
G1 X123.065 Y118.334 E38.31364
G1 X123.066 Y118.806 E38.31956
G1 X122.962 Y118.766 E38.32095
G0 F7200 X122.769 Y118.715
G0 X122.752 Y118.642
G1 F1500 E31.82095
G0 F7200 X122.761 Y118.61
G0 X123.055 Y115.79
G1 F1500 E38.32095
G0 F7200 X122.962 Y115.766
G1 F1800 X122.618 Y115.674 E38.32542
G1 X122.617 Y115.187 E38.33153
G1 X122.834 Y115.245 E38.33434
G1 X123.065 Y115.334 E38.33745
G1 X123.066 Y115.806 E38.34337
G1 X122.962 Y115.766 E38.34476
G0 F7200 X122.769 Y115.715
G0 X122.869 Y115.515
;TYPE:SKIN
G1 F1800 X122.811 Y115.457 E38.34528
G0 F7200 X122.665 Y115.457
G0 X122.718 Y115.458
G0 X121.368 Y115.661
G0 X121.038 Y115.766
;TYPE:WALL-OUTER
G1 F1800 X120.935 Y115.805 E38.34666
G1 X120.934 Y115.335 E38.35255
G1 X121.168 Y115.244 E38.3557
G1 X121.382 Y115.188 E38.35848
G1 X121.383 Y115.673 E38.36456
G1 X121.038 Y115.766 E38.36904
G0 F7200 X120.935 Y115.805
G0 X120.935 Y115.715
G0 X121.128 Y115.471
;TYPE:SKIN
G1 F1800 X121.181 Y115.524 E38.36951
G0 F7200 X121.251 Y115.641
G0 X121.242 Y115.608
G0 X120.946 Y112.789
G0 X121.038 Y112.766
;TYPE:WALL-OUTER
G1 F1800 X120.935 Y112.805 E38.37089
G1 X120.934 Y112.335 E38.37678
G1 X121.168 Y112.244 E38.37993
G1 X121.382 Y112.188 E38.38271
G1 X121.383 Y112.673 E38.38879
G1 X121.038 Y112.766 E38.39327
G0 F7200 X120.935 Y112.805
G0 X120.935 Y112.715
G0 X121.224 Y112.301
G0 X121.23 Y112.331
G0 X122.618 Y112.659
G0 X122.962 Y112.766
G1 F1800 X122.618 Y112.674 E38.39773
G1 X122.617 Y112.187 E38.40384
G1 X122.834 Y112.245 E38.40666
G1 X123.065 Y112.334 E38.40976
G1 X123.066 Y112.806 E38.41568
G1 X122.962 Y112.766 E38.41708
G0 F7200 X122.769 Y112.715
G0 X122.752 Y112.642
G0 X122.761 Y112.61
G0 X123.055 Y109.79
G0 X122.962 Y109.766
G1 F1800 X122.618 Y109.674 E38.42154
G1 X122.618 Y109.187 E38.42765
G1 X122.834 Y109.245 E38.43046
G1 X123.065 Y109.334 E38.43356
G1 X123.066 Y109.806 E38.43948
G1 X122.962 Y109.766 E38.44088
G0 F7200 X122.769 Y109.715
G0 X122.752 Y109.642
G0 X122.761 Y109.61
G0 X121.362 Y109.672
G0 X121.038 Y109.766
G1 F1800 X120.935 Y109.805 E38.44226
G1 X120.934 Y109.335 E38.44815
G1 X121.168 Y109.244 E38.4513
G1 X121.382 Y109.188 E38.45407
G1 X121.382 Y109.674 E38.46017
G1 X121.038 Y109.766 E38.46463
G0 F7200 X120.935 Y109.805
G0 X120.935 Y109.715
G0 X121.225 Y109.302
G0 X121.231 Y109.33
G0 X121.641 Y110.5
G0 X123.914 Y111.04
G0 X128.07 Y109.657
G0 X129.038 Y109.766
G1 F1800 X128.935 Y109.805 E38.46602
G1 X128.934 Y109.335 E38.47191
G1 X129.168 Y109.244 E38.47506
G1 X129.382 Y109.188 E38.47783
G1 X129.382 Y109.674 E38.48393
G1 X129.038 Y109.766 E38.48839
G0 F7200 X128.935 Y109.805
G0 X128.935 Y109.715
G0 X129.225 Y109.302
G0 X129.231 Y109.33
G0 X130.638 Y109.67
G0 X130.962 Y109.766
G1 F1800 X130.618 Y109.674 E38.49286
G1 X130.618 Y109.187 E38.49897
G1 X130.834 Y109.245 E38.50177
G1 X131.065 Y109.334 E38.50487
G1 X131.066 Y109.806 E38.51079
G1 X130.962 Y109.766 E38.51219
G0 F7200 X130.769 Y109.715
G0 X130.752 Y109.642
G1 F1500 E32.01219
G0 F7200 X130.761 Y109.61
G0 X130.629 Y112.202
G1 F1500 E38.51219
G0 F7200 X130.962 Y112.766
G1 F1800 X130.618 Y112.674 E38.51666
G1 X130.617 Y112.187 E38.52276
G1 X130.834 Y112.245 E38.52558
G1 X131.065 Y112.334 E38.52868
G1 X131.066 Y112.806 E38.5346
G1 X130.962 Y112.766 E38.536
G0 F7200 X130.769 Y112.715
G0 X130.752 Y112.642
G0 X130.761 Y112.61
G0 X129.368 Y112.661
G0 X129.038 Y112.766
G1 F1800 X128.935 Y112.805 E38.53738
G1 X128.934 Y112.335 E38.54328
G1 X129.168 Y112.244 E38.54642
G1 X129.382 Y112.188 E38.5492
G1 X129.383 Y112.673 E38.55528
G1 X129.038 Y112.766 E38.55976
G0 F7200 X128.935 Y112.805
G0 X128.935 Y112.715
G0 X129.186 Y112.499
;TYPE:SKIN
G1 F1800 X129.148 Y112.461 E38.5601
G0 F7200 X129.135 Y112.326
G1 F1500 E32.0601
G0 F7200 X129.146 Y112.36
G0 X129.37 Y115.203
G1 F1500 E38.5601
G0 F7200 X129.038 Y115.766
;TYPE:WALL-OUTER
G1 F1800 X128.935 Y115.805 E38.56148
G1 X128.934 Y115.335 E38.56737
G1 X129.168 Y115.244 E38.57052
G1 X129.382 Y115.188 E38.5733
G1 X129.383 Y115.673 E38.57938
G1 X129.038 Y115.766 E38.58386
G0 F7200 X128.935 Y115.805
G0 X128.935 Y115.715
G0 X129.224 Y115.301
G0 X129.23 Y115.331
G0 X130.618 Y115.659
G0 X130.962 Y115.766
G1 F1800 X130.618 Y115.674 E38.58832
G1 X130.617 Y115.187 E38.59443
G1 X130.834 Y115.245 E38.59725
G1 X131.065 Y115.334 E38.60035
G1 X131.066 Y115.806 E38.60627
G1 X130.962 Y115.766 E38.60767
G0 F7200 X130.769 Y115.715
G0 X130.752 Y115.642
G0 X130.761 Y115.61
G0 X130.629 Y118.202
G0 X130.962 Y118.766
G1 F1800 X130.618 Y118.674 E38.61213
G1 X130.617 Y118.187 E38.61824
G1 X130.834 Y118.245 E38.62106
G1 X131.065 Y118.334 E38.62416
G1 X131.066 Y118.806 E38.63008
G1 X130.962 Y118.766 E38.63148
G0 F7200 X130.769 Y118.715
G0 X130.752 Y118.642
G1 F1500 E32.13148
G0 F7200 X130.761 Y118.61
G0 X129.368 Y118.661
G1 F1500 E38.63148
G0 F7200 X129.038 Y118.766
G1 F1800 X128.935 Y118.805 E38.63286
G1 X128.934 Y118.335 E38.63875
G1 X129.168 Y118.244 E38.6419
G1 X129.382 Y118.188 E38.64468
G1 X129.383 Y118.673 E38.65076
G1 X129.038 Y118.766 E38.65524
G0 F7200 X128.935 Y118.805
G0 X128.935 Y118.715
G0 X129.224 Y118.301
;MESH:NONMESH
G0 F600 X129.224 Y118.301 Z6
G0 F7200 X129.23 Y118.331
G0 X128.07 Y118.347
G0 X123.922 Y114.744
G0 X122.637 Y114.298
G0 X120.882 Y114.437
G0 X113.641 Y110.5
G0 X113.035 Y109.672
G0 X113.038 Y109.765
;TIME_ELAPSED:331.671512
;LAYER:29
;TYPE:WALL-OUTER
;MESH:output_v2\B_media_suporte.stl
G1 F1800 X112.725 Y109.886 E38.65945
G1 X112.724 Y109.421 E38.66528
G1 X112.78 Y109.394 E38.66606
G1 X113.164 Y109.246 E38.67122
G1 X113.164 Y109.732 E38.67731
G1 X113.038 Y109.765 E38.67895
G0 F7200 X112.852 Y109.837
G0 X113.125 Y109.463
G1 F1500 E32.17895
G0 F7200 X113.064 Y109.463
G0 X114.856 Y109.67
G1 F1500 E38.67895
G0 F7200 X114.962 Y109.765
G1 F1800 X114.836 Y109.732 E38.68058
G1 X114.836 Y109.246 E38.68668
G1 X115.225 Y109.396 E38.6895
G1 X115.275 Y109.42 E38.69019
G1 X115.276 Y109.886 E38.69604
G1 X114.962 Y109.765 E38.69771
G0 F7200 X114.836 Y109.732
G0 X114.836 Y109.662
G0 X114.875 Y109.661
G0 X114.938 Y109.656
G0 X114.847 Y112.262
G0 X114.962 Y112.765
G1 F1800 X114.836 Y112.732 E38.69935
G1 X114.836 Y112.246 E38.70544
G1 X115.225 Y112.396 E38.70826
G1 X115.275 Y112.42 E38.70896
G1 X115.275 Y112.886 E38.7148
G1 X114.962 Y112.765 E38.71647
G0 F7200 X114.836 Y112.732
G0 X114.836 Y112.662
G0 X114.875 Y112.662
G0 X114.938 Y112.657
G0 X113.164 Y112.674
G0 X113.038 Y112.766
G1 F1800 X112.725 Y112.886 E38.72067
G1 X112.724 Y112.421 E38.7265
G1 X112.78 Y112.394 E38.72728
G1 X113.164 Y112.246 E38.73244
G1 X113.165 Y112.732 E38.73854
G1 X113.038 Y112.766 E38.74019
G0 F7200 X112.852 Y112.837
G0 X113.125 Y112.464
G1 F1500 E32.24019
G0 F7200 X113.064 Y112.463
G0 X113.153 Y115.262
G1 F1500 E38.74019
G0 F7200 X113.038 Y115.765
G1 F1800 X112.725 Y115.886 E38.7444
G1 X112.724 Y115.421 E38.75023
G1 X112.78 Y115.394 E38.75101
G1 X113.164 Y115.246 E38.75617
G1 X113.164 Y115.732 E38.76226
G1 X113.038 Y115.765 E38.7639
G0 F7200 X112.852 Y115.837
G0 X113.125 Y115.463
G0 X113.064 Y115.463
G0 X114.856 Y115.67
G0 X114.962 Y115.765
G1 F1800 X114.836 Y115.732 E38.76553
G1 X114.836 Y115.246 E38.77162
G1 X115.225 Y115.396 E38.77445
G1 X115.275 Y115.42 E38.77514
G1 X115.275 Y115.886 E38.78099
G1 X114.962 Y115.765 E38.78265
G0 F7200 X114.836 Y115.732
G0 X114.836 Y115.662
G0 X114.875 Y115.662
G0 X114.938 Y115.657
G0 X114.847 Y118.262
G0 X114.962 Y118.765
G1 F1800 X114.836 Y118.732 E38.78428
G1 X114.836 Y118.246 E38.79038
G1 X115.225 Y118.396 E38.7932
G1 X115.275 Y118.42 E38.7939
G1 X115.276 Y118.886 E38.79974
G1 X114.962 Y118.765 E38.80142
G0 F7200 X114.836 Y118.732
G0 X114.836 Y118.662
G0 X115.041 Y118.586
;TYPE:SKIN
G1 F1800 X115.08 Y118.547 E38.80176
G0 F7200 X115.136 Y118.404
G1 F1500 E32.30176
G0 F7200 X115.113 Y118.46
G0 X113.164 Y118.674
G1 F1500 E38.80176
G0 F7200 X113.038 Y118.766
;TYPE:WALL-OUTER
G1 F1800 X112.725 Y118.886 E38.80597
G1 X112.724 Y118.421 E38.8118
G1 X112.78 Y118.394 E38.81258
G1 X113.164 Y118.246 E38.81774
G1 X113.165 Y118.732 E38.82383
G1 X113.038 Y118.766 E38.82548
G0 F7200 X112.852 Y118.837
G0 X113.125 Y118.464
G0 X113.064 Y118.463
G0 X111.86 Y118.871
G0 X110.321 Y119.415
G0 X109.385 Y119.8
G0 X109.455 Y119.9
G1 F1800 X109.052 Y119.9 E38.83053
G1 X109.052 Y119.4 E38.8368
G1 X109.456 Y119.4 E38.84187
G1 X109.455 Y119.9 E38.84814
G0 F7200 X109.255 Y119.9
G0 X109.255 Y119.8
G1 F1500 E32.34814
G0 F7200 X110.321 Y119.415
G0 X111.88 Y120.226
G0 X116.123 Y120.231
G0 X119.86 Y118.871
G0 X121.008 Y118.671
G1 F1500 E38.84814
G0 F7200 X121.038 Y118.766
G1 F1800 X120.725 Y118.886 E38.85234
G1 X120.724 Y118.421 E38.85818
G1 X120.78 Y118.394 E38.85896
G1 X121.164 Y118.246 E38.86412
G1 X121.165 Y118.732 E38.87021
G1 X121.038 Y118.766 E38.87186
G0 F7200 X120.852 Y118.837
G0 X121.125 Y118.464
G0 X121.064 Y118.463
G0 X122.856 Y118.673
G0 X122.962 Y118.765
G1 F1800 X122.836 Y118.732 E38.87349
G1 X122.836 Y118.246 E38.87959
G1 X123.225 Y118.396 E38.88241
G1 X123.275 Y118.42 E38.88311
G1 X123.275 Y118.886 E38.88895
G1 X122.962 Y118.765 E38.89062
G0 F7200 X122.836 Y118.732
G0 X122.836 Y118.662
G0 X122.875 Y118.662
G0 X122.938 Y118.657
G0 X123.265 Y115.87
G0 X122.962 Y115.765
G1 F1800 X122.836 Y115.732 E38.89225
G1 X122.836 Y115.246 E38.89834
G1 X123.225 Y115.396 E38.90117
G1 X123.275 Y115.42 E38.90186
G1 X123.276 Y115.886 E38.90771
G1 X122.962 Y115.765 E38.90938
G0 F7200 X122.836 Y115.732
G0 X122.836 Y115.662
G0 X122.875 Y115.661
G1 F1500 E32.40938
G0 F7200 X122.938 Y115.656
G0 X121.144 Y115.67
G1 F1500 E38.90938
G0 F7200 X121.038 Y115.765
G1 F1800 X120.725 Y115.886 E38.91359
G1 X120.724 Y115.421 E38.91942
G1 X120.78 Y115.394 E38.9202
G1 X121.164 Y115.246 E38.92536
G1 X121.164 Y115.732 E38.93146
G1 X121.038 Y115.765 E38.93309
G0 F7200 X120.852 Y115.837
G0 X121.125 Y115.463
G0 X121.064 Y115.463
G0 X120.736 Y112.87
G0 X121.038 Y112.766
G1 F1800 X120.725 Y112.886 E38.93729
G1 X120.724 Y112.421 E38.94312
G1 X120.78 Y112.394 E38.9439
G1 X121.164 Y112.246 E38.94906
G1 X121.165 Y112.732 E38.95516
G1 X121.038 Y112.766 E38.95681
G0 F7200 X120.852 Y112.837
G0 X121.125 Y112.464
G1 F1500 E32.45681
G0 F7200 X121.064 Y112.463
G0 X122.856 Y112.673
G1 F1500 E38.95681
G0 F7200 X122.962 Y112.765
G1 F1800 X122.836 Y112.732 E38.95844
G1 X122.836 Y112.246 E38.96454
G1 X123.225 Y112.396 E38.96736
G1 X123.275 Y112.42 E38.96805
G1 X123.275 Y112.886 E38.9739
G1 X122.962 Y112.765 E38.97556
G0 F7200 X122.836 Y112.732
G0 X122.836 Y112.662
G0 X123.03 Y112.577
;TYPE:SKIN
G1 F1800 X123.064 Y112.543 E38.97586
G0 F7200 X123.12 Y112.398
G0 X123.098 Y112.454
G0 X123.265 Y109.87
G0 X122.962 Y109.765
;TYPE:WALL-OUTER
G1 F1800 X122.836 Y109.732 E38.9775
G1 X122.836 Y109.246 E38.98359
G1 X123.225 Y109.396 E38.98642
G1 X123.275 Y109.42 E38.98711
G1 X123.276 Y109.886 E38.99296
G1 X122.962 Y109.765 E38.99463
G0 F7200 X122.836 Y109.732
G0 X122.836 Y109.662
G0 X122.875 Y109.661
G0 X122.938 Y109.656
G0 X121.144 Y109.67
G0 X121.038 Y109.765
G1 F1800 X120.725 Y109.886 E38.99884
G1 X120.724 Y109.421 E39.00467
G1 X120.78 Y109.394 E39.00545
G1 X121.164 Y109.246 E39.01061
G1 X121.164 Y109.732 E39.0167
G1 X121.038 Y109.765 E39.01834
G0 F7200 X120.852 Y109.837
G0 X120.918 Y109.598
;TYPE:SKIN
G1 F1800 X120.968 Y109.548 E39.01878
G0 F7200 X121.125 Y109.549
G1 F1500 E32.51878
G0 F7200 X121.064 Y109.549
G0 X127.86 Y109.655
G0 X129.008 Y109.67
G1 F1500 E39.01878
G0 F7200 X129.038 Y109.765
;TYPE:WALL-OUTER
G1 F1800 X128.725 Y109.886 E39.02299
G1 X128.724 Y109.421 E39.02882
G1 X128.78 Y109.394 E39.0296
G1 X129.164 Y109.246 E39.03476
G1 X129.164 Y109.732 E39.04086
G1 X129.038 Y109.765 E39.04249
G0 F7200 X128.852 Y109.837
G0 X129.125 Y109.463
G0 X129.064 Y109.463
G0 X130.856 Y109.67
G0 X130.962 Y109.765
G1 F1800 X130.836 Y109.732 E39.04412
G1 X130.836 Y109.246 E39.05022
G1 X131.225 Y109.396 E39.05304
G1 X131.275 Y109.42 E39.05374
G1 X131.276 Y109.886 E39.05958
G1 X130.962 Y109.765 E39.06125
G0 F7200 X130.836 Y109.732
G0 X130.836 Y109.662
G0 X130.875 Y109.661
G1 F1500 E32.56125
G0 F7200 X130.938 Y109.656
G0 X130.847 Y112.262
G1 F1500 E39.06125
G0 F7200 X130.962 Y112.765
G1 F1800 X130.836 Y112.732 E39.06289
G1 X130.836 Y112.246 E39.06898
G1 X131.225 Y112.396 E39.0718
G1 X131.275 Y112.42 E39.0725
G1 X131.275 Y112.886 E39.07834
G1 X130.962 Y112.765 E39.08001
G0 F7200 X130.836 Y112.732
G0 X130.836 Y112.662
G0 X130.875 Y112.662
G0 X130.938 Y112.657
G0 X129.144 Y112.67
G0 X129.038 Y112.765
G1 F1800 X128.725 Y112.886 E39.08422
G1 X128.725 Y112.42 E39.09006
G1 X128.775 Y112.396 E39.09076
G1 X129.164 Y112.246 E39.09598
G1 X129.164 Y112.732 E39.10208
G1 X129.038 Y112.765 E39.10371
G0 F7200 X128.852 Y112.837
G0 X129.125 Y112.463
G0 X129.064 Y112.463
G0 X129.153 Y115.262
G0 X129.038 Y115.765
G1 F1800 X128.725 Y115.886 E39.10792
G1 X128.725 Y115.42 E39.11376
G1 X128.775 Y115.396 E39.11446
G1 X129.164 Y115.246 E39.11969
G1 X129.164 Y115.732 E39.12578
G1 X129.038 Y115.765 E39.12742
G0 F7200 X128.852 Y115.837
G0 X129.125 Y115.463
G0 X129.064 Y115.463
G0 X130.856 Y115.67
G0 X130.962 Y115.765
G1 F1800 X130.836 Y115.732 E39.12905
G1 X130.836 Y115.246 E39.13514
G1 X131.225 Y115.396 E39.13797
G1 X131.275 Y115.42 E39.13866
G1 X131.276 Y115.886 E39.14451
G1 X130.962 Y115.765 E39.14618
G0 F7200 X130.836 Y115.732
G0 X130.836 Y115.662
G0 X131.048 Y115.59
;TYPE:SKIN
G1 F1800 X131.079 Y115.558 E39.14646
G0 F7200 X131.236 Y115.557
G0 X131.175 Y115.556
G0 X130.847 Y118.262
G0 X130.962 Y118.765
;TYPE:WALL-OUTER
G1 F1800 X130.836 Y118.732 E39.14809
G1 X130.836 Y118.246 E39.15419
G1 X131.225 Y118.396 E39.15701
G1 X131.275 Y118.42 E39.15771
G1 X131.275 Y118.886 E39.16355
G1 X130.962 Y118.765 E39.16522
G0 F7200 X130.836 Y118.732
G0 X130.836 Y118.662
G0 X130.875 Y118.662
G0 X130.938 Y118.657
G0 X129.144 Y118.67
G0 X129.038 Y118.765
G1 F1800 X128.725 Y118.886 E39.16942
G1 X128.724 Y118.421 E39.17526
G1 X128.78 Y118.394 E39.17604
G1 X129.164 Y118.246 E39.1812
G1 X129.164 Y118.732 E39.18729
G1 X129.038 Y118.765 E39.18892
G0 F7200 X128.852 Y118.837
G0 X128.918 Y118.569
;TYPE:SKIN
G1 F1800 X128.948 Y118.538 E39.1892
G0 F7200 X128.891 Y118.393
;MESH:NONMESH
G0 F600 X128.891 Y118.393 Z6.2
G0 F7200 X128.912 Y118.45
G0 X127.86 Y118.432
G0 X124.133 Y114.883
G0 X123.105 Y114.423
G0 X122.013 Y114.143
G0 X119.88 Y114.226
G0 X114.029 Y109.72
G0 X112.825 Y109.805
G0 X112.62 Y109.926
;TIME_ELAPSED:339.975125
;LAYER:30
;TYPE:WALL-OUTER
;MESH:output_v2\B_media_suporte.stl
G1 F1800 X112.515 Y109.977 E39.19066
G1 X112.514 Y109.523 E39.19635
G1 X112.78 Y109.394 E39.20006
G1 X112.954 Y109.327 E39.2024
G1 X112.954 Y109.798 E39.2083
G1 X112.62 Y109.926 E39.21279
G0 F7200 X112.515 Y109.977
G0 X112.515 Y109.893
G0 X112.745 Y109.449
G0 X112.773 Y109.509
G0 X115.066 Y109.787
G0 X115.38 Y109.926
G1 F1800 X115.046 Y109.798 E39.21728
G1 X115.046 Y109.327 E39.22318
G1 X115.225 Y109.396 E39.22559
G1 X115.485 Y109.522 E39.22921
G1 X115.486 Y109.977 E39.23492
G1 X115.38 Y109.926 E39.23639
G0 F7200 X115.193 Y109.855
G0 X115.174 Y109.817
G0 X115.199 Y109.751
G0 X115.057 Y112.343
G0 X115.38 Y112.926
G1 F1800 X115.046 Y112.798 E39.24088
G1 X115.046 Y112.327 E39.24678
G1 X115.225 Y112.396 E39.24919
G1 X115.485 Y112.522 E39.25281
G1 X115.485 Y112.977 E39.25852
G1 X115.38 Y112.926 E39.25998
G0 F7200 X115.193 Y112.855
G0 X115.174 Y112.817
G0 X115.199 Y112.751
G0 X112.939 Y112.787
G0 X112.62 Y112.926
G1 F1800 X112.515 Y112.977 E39.26145
G1 X112.514 Y112.523 E39.26714
G1 X112.78 Y112.394 E39.27085
G1 X112.954 Y112.327 E39.27319
G1 X112.955 Y112.798 E39.27909
G1 X112.62 Y112.926 E39.28359
G0 F7200 X112.515 Y112.977
G0 X112.515 Y112.893
G0 X112.746 Y112.449
G1 F1500 E32.78359
G0 F7200 X112.772 Y112.509
G0 X112.943 Y115.343
G1 F1500 E39.28359
G0 F7200 X112.62 Y115.926
G1 F1800 X112.515 Y115.977 E39.28505
G1 X112.514 Y115.523 E39.29075
G1 X112.78 Y115.394 E39.29445
G1 X112.954 Y115.327 E39.29679
G1 X112.954 Y115.798 E39.3027
G1 X112.62 Y115.926 E39.30718
G0 F7200 X112.515 Y115.977
G0 X112.515 Y115.893
G0 X112.745 Y115.449
G0 X112.773 Y115.509
G0 X115.066 Y115.787
G0 X115.38 Y115.926
G1 F1800 X115.046 Y115.798 E39.31167
G1 X115.046 Y115.327 E39.31758
G1 X115.225 Y115.396 E39.31998
G1 X115.485 Y115.522 E39.3236
G1 X115.485 Y115.977 E39.32931
G1 X115.38 Y115.926 E39.33077
G0 F7200 X115.193 Y115.855
G0 X115.174 Y115.817
G1 F1500 E32.83077
G0 F7200 X115.199 Y115.751
G0 X115.057 Y118.343
G1 F1500 E39.33077
G0 F7200 X115.38 Y118.926
G1 F1800 X115.046 Y118.798 E39.33526
G1 X115.046 Y118.327 E39.34117
G1 X115.225 Y118.396 E39.34357
G1 X115.485 Y118.522 E39.3472
G1 X115.486 Y118.977 E39.3529
G1 X115.38 Y118.926 E39.35438
G0 F7200 X115.193 Y118.855
G0 X115.174 Y118.817
G0 X115.199 Y118.751
G0 X112.939 Y118.787
G0 X112.62 Y118.926
G1 F1800 X112.515 Y118.977 E39.35584
G1 X112.514 Y118.523 E39.36153
G1 X112.78 Y118.394 E39.36524
G1 X112.954 Y118.327 E39.36758
G1 X112.955 Y118.798 E39.37349
G1 X112.62 Y118.926 E39.37798
G0 F7200 X112.515 Y118.977
G0 X112.515 Y118.893
G0 X112.746 Y118.449
G0 X112.772 Y118.509
G0 X111.65 Y118.961
G0 X110.338 Y119.415
G0 X109.402 Y119.8
G0 X109.472 Y119.9
G1 F1800 X109.067 Y119.9 E39.38306
G1 X109.067 Y119.4 E39.38933
G1 X109.473 Y119.4 E39.39442
G1 X109.472 Y119.9 E39.40069
G0 F7200 X109.272 Y119.9
G0 X109.272 Y119.8
G0 X110.338 Y119.415
G0 X111.67 Y120.328
G0 X116.333 Y120.331
G0 X119.65 Y118.961
G0 X120.62 Y118.926
G1 F1800 X120.515 Y118.977 E39.40216
G1 X120.514 Y118.523 E39.40785
G1 X120.78 Y118.394 E39.41156
G1 X120.954 Y118.327 E39.4139
G1 X120.955 Y118.798 E39.4198
G1 X120.62 Y118.926 E39.4243
G0 F7200 X120.515 Y118.977
G0 X120.515 Y118.893
G0 X120.746 Y118.449
G0 X120.772 Y118.509
G0 X123.066 Y118.787
G0 X123.38 Y118.926
G1 F1800 X123.046 Y118.798 E39.42879
G1 X123.046 Y118.327 E39.43469
G1 X123.225 Y118.396 E39.4371
G1 X123.485 Y118.522 E39.44072
G1 X123.485 Y118.977 E39.44643
G1 X123.38 Y118.926 E39.44789
G0 F7200 X123.193 Y118.855
G0 X123.174 Y118.817
G0 X123.199 Y118.751
G0 X123.476 Y115.961
G0 X123.38 Y115.926
G1 F1800 X123.046 Y115.798 E39.45238
G1 X123.046 Y115.327 E39.45828
G1 X123.225 Y115.396 E39.46069
G1 X123.485 Y115.522 E39.46431
G1 X123.486 Y115.977 E39.47002
G1 X123.38 Y115.926 E39.47149
G0 F7200 X123.193 Y115.855
G0 X123.174 Y115.817
G1 F1500 E32.97149
G0 F7200 X123.199 Y115.751
G0 X120.934 Y115.787
G1 F1500 E39.47149
G0 F7200 X120.62 Y115.926
G1 F1800 X120.515 Y115.977 E39.47296
G1 X120.514 Y115.523 E39.47865
G1 X120.78 Y115.394 E39.48236
G1 X120.954 Y115.327 E39.4847
G1 X120.954 Y115.798 E39.4906
G1 X120.62 Y115.926 E39.49509
G0 F7200 X120.515 Y115.977
G0 X120.515 Y115.893
G0 X120.745 Y115.449
G0 X120.773 Y115.509
G0 X120.525 Y112.96
G0 X120.62 Y112.926
G1 F1800 X120.515 Y112.977 E39.49655
G1 X120.514 Y112.523 E39.50224
G1 X120.78 Y112.394 E39.50595
G1 X120.954 Y112.327 E39.50829
G1 X120.955 Y112.798 E39.5142
G1 X120.62 Y112.926 E39.51869
G0 F7200 X120.515 Y112.977
G0 X120.515 Y112.893
G0 X120.746 Y112.449
G1 F1500 E33.01869
G0 F7200 X120.772 Y112.509
G0 X123.062 Y112.787
G1 F1500 E39.51869
G0 F7200 X123.38 Y112.926
G1 F1800 X123.046 Y112.798 E39.52318
G1 X123.046 Y112.327 E39.52909
G1 X123.225 Y112.396 E39.53149
G1 X123.485 Y112.522 E39.53511
G1 X123.485 Y112.977 E39.54082
G1 X123.38 Y112.926 E39.54228
G0 F7200 X123.193 Y112.855
G0 X123.174 Y112.817
G0 X123.199 Y112.751
G0 X123.476 Y109.961
G0 X123.38 Y109.926
G1 F1800 X123.046 Y109.798 E39.54677
G1 X123.046 Y109.327 E39.55268
G1 X123.225 Y109.396 E39.55508
G1 X123.485 Y109.522 E39.55871
G1 X123.486 Y109.977 E39.56441
G1 X123.38 Y109.926 E39.56589
G0 F7200 X123.193 Y109.855
G0 X123.174 Y109.817
G0 X123.199 Y109.751
G0 X120.934 Y109.787
G0 X120.62 Y109.926
G1 F1800 X120.515 Y109.977 E39.56735
G1 X120.514 Y109.523 E39.57304
G1 X120.78 Y109.394 E39.57675
G1 X120.954 Y109.327 E39.57909
G1 X120.954 Y109.798 E39.585
G1 X120.62 Y109.926 E39.58948
G0 F7200 X120.515 Y109.977
G0 X120.515 Y109.893
G0 X120.745 Y109.449
G1 F1500 E33.08948
G0 F7200 X120.773 Y109.509
G0 X121.819 Y109.787
G0 X124.333 Y111.331
G0 X127.65 Y109.772
G1 F1500 E39.58948
G0 F7200 X128.62 Y109.926
G1 F1800 X128.515 Y109.977 E39.59094
G1 X128.514 Y109.523 E39.59664
G1 X128.78 Y109.394 E39.60035
G1 X128.954 Y109.327 E39.60268
G1 X128.954 Y109.798 E39.60859
G1 X128.62 Y109.926 E39.61308
G0 F7200 X128.515 Y109.977
G0 X128.515 Y109.893
G0 X128.745 Y109.449
G1 F1500 E33.11308
G0 F7200 X128.773 Y109.509
G0 X131.066 Y109.787
G1 F1500 E39.61308
G0 F7200 X131.38 Y109.926
G1 F1800 X131.046 Y109.798 E39.61756
G1 X131.046 Y109.327 E39.62347
G1 X131.225 Y109.396 E39.62587
G1 X131.485 Y109.522 E39.6295
G1 X131.486 Y109.977 E39.6352
G1 X131.38 Y109.926 E39.63668
G0 F7200 X131.193 Y109.855
G0 X131.174 Y109.817
G0 X131.199 Y109.751
G0 X131.057 Y112.343
G0 X131.38 Y112.926
G1 F1800 X131.046 Y112.798 E39.64116
G1 X131.046 Y112.327 E39.64707
G1 X131.225 Y112.396 E39.64948
G1 X131.485 Y112.522 E39.6531
G1 X131.485 Y112.977 E39.6588
G1 X131.38 Y112.926 E39.66027
G0 F7200 X131.193 Y112.855
G0 X131.174 Y112.817
G0 X131.199 Y112.751
G0 X128.938 Y112.787
G0 X128.62 Y112.926
G1 F1800 X128.515 Y112.977 E39.66173
G1 X128.515 Y112.522 E39.66744
G1 X128.775 Y112.396 E39.67106
G1 X128.954 Y112.327 E39.67347
G1 X128.954 Y112.798 E39.67937
G1 X128.62 Y112.926 E39.68386
G0 F7200 X128.515 Y112.977
G0 X128.515 Y112.893
G0 X128.746 Y112.449
G0 X128.772 Y112.509
G0 X128.943 Y115.343
G0 X128.62 Y115.926
G1 F1800 X128.515 Y115.977 E39.68532
G1 X128.515 Y115.522 E39.69103
G1 X128.775 Y115.396 E39.69465
G1 X128.954 Y115.327 E39.69706
G1 X128.954 Y115.798 E39.70296
G1 X128.62 Y115.926 E39.70745
G0 F7200 X128.515 Y115.977
G0 X128.515 Y115.893
G0 X128.746 Y115.449
G1 F1500 E33.20745
G0 F7200 X128.772 Y115.509
G0 X131.066 Y115.787
G1 F1500 E39.70745
G0 F7200 X131.38 Y115.926
G1 F1800 X131.046 Y115.798 E39.71194
G1 X131.046 Y115.327 E39.71784
G1 X131.225 Y115.396 E39.72025
G1 X131.485 Y115.522 E39.72387
G1 X131.486 Y115.977 E39.72958
G1 X131.38 Y115.926 E39.73105
G0 F7200 X131.193 Y115.855
G0 X131.174 Y115.817
G0 X131.199 Y115.751
G0 X131.057 Y118.343
G0 X131.38 Y118.926
G1 F1800 X131.046 Y118.798 E39.73554
G1 X131.046 Y118.327 E39.74144
G1 X131.225 Y118.396 E39.74385
G1 X131.485 Y118.522 E39.74747
G1 X131.485 Y118.977 E39.75318
G1 X131.38 Y118.926 E39.75464
G0 F7200 X131.193 Y118.855
G0 X131.174 Y118.817
G1 F1500 E33.25464
G0 F7200 X131.199 Y118.751
G0 X128.934 Y118.787
G1 F1500 E39.75464
G0 F7200 X128.62 Y118.926
G1 F1800 X128.515 Y118.977 E39.75611
G1 X128.514 Y118.523 E39.7618
G1 X128.78 Y118.394 E39.76551
G1 X128.954 Y118.327 E39.76785
G1 X128.954 Y118.798 E39.77375
G1 X128.62 Y118.926 E39.77824
G0 F7200 X128.515 Y118.977
G0 X128.515 Y118.893
G0 X128.745 Y118.449
;MESH:NONMESH
G0 F600 X128.745 Y118.449 Z6.4
G0 F7200 X128.773 Y118.509
G0 X127.65 Y118.534
G0 X124.333 Y117.331
G0 X122.19 Y116.45
G0 X121.803 Y114.203
G0 X119.67 Y114.328
G0 X114.19 Y110.45
G0 X112.938 Y109.787
G0 X112.621 Y109.926
;TIME_ELAPSED:348.307382
;LAYER:31
;TYPE:WALL-OUTER
;MESH:output_v2\B_media_suporte.stl
G1 F1800 X112.305 Y110.08 E39.78265
G1 X112.304 Y109.625 E39.78835
G1 X112.744 Y109.411 E39.79449
G1 X112.744 Y109.879 E39.80036
G1 X112.621 Y109.926 E39.80201
G0 F7200 X112.441 Y110.013
G0 X112.705 Y109.653
G1 F1500 E33.30201
G0 F7200 X112.644 Y109.653
G0 X115.276 Y109.835
G1 F1500 E39.80201
G0 F7200 X115.38 Y109.926
G1 F1800 X115.256 Y109.879 E39.80367
G1 X115.256 Y109.411 E39.80954
G1 X115.695 Y109.624 E39.81311
G1 X115.696 Y110.08 E39.81863
G1 X115.38 Y109.926 E39.82043
G0 F7200 X115.256 Y109.879
G0 X115.256 Y109.811
G0 X115.295 Y109.81
G0 X115.356 Y109.81
G0 X115.266 Y112.427
G0 X115.379 Y112.926
G1 F1800 X115.256 Y112.879 E39.82208
G1 X115.256 Y112.411 E39.82795
G1 X115.695 Y112.624 E39.83152
G1 X115.695 Y113.08 E39.83704
G1 X115.379 Y112.926 E39.83884
G0 F7200 X115.256 Y112.879
G0 X115.256 Y112.81
G0 X115.295 Y112.81
G0 X115.356 Y112.81
G0 X112.724 Y112.835
G0 X112.621 Y112.926
G1 F1800 X112.305 Y113.08 E39.84325
G1 X112.304 Y112.625 E39.84896
G1 X112.744 Y112.411 E39.85509
G1 X112.744 Y112.879 E39.86096
G1 X112.621 Y112.926 E39.86261
G0 F7200 X112.441 Y113.013
G0 X112.705 Y112.653
G1 F1500 E33.36261
G0 F7200 X112.644 Y112.653
G0 X112.734 Y115.427
G1 F1500 E39.86261
G0 F7200 X112.621 Y115.926
G1 F1800 X112.305 Y116.08 E39.86702
G1 X112.304 Y115.625 E39.87273
G1 X112.744 Y115.411 E39.87886
G1 X112.744 Y115.879 E39.88473
G1 X112.621 Y115.926 E39.88638
G0 F7200 X112.441 Y116.013
G0 X112.705 Y115.653
G0 X112.644 Y115.653
G0 X115.276 Y115.835
G0 X115.379 Y115.926
G1 F1800 X115.256 Y115.879 E39.88803
G1 X115.256 Y115.411 E39.8939
G1 X115.695 Y115.624 E39.89748
G1 X115.695 Y116.08 E39.903
G1 X115.379 Y115.926 E39.9048
G0 F7200 X115.256 Y115.879
G0 X115.256 Y115.81
G0 X115.295 Y115.81
G0 X115.356 Y115.81
G0 X115.266 Y118.427
G0 X115.38 Y118.926
G1 F1800 X115.256 Y118.879 E39.90646
G1 X115.256 Y118.411 E39.91233
G1 X115.695 Y118.624 E39.91591
G1 X115.696 Y119.08 E39.92143
G1 X115.38 Y118.926 E39.92322
G0 F7200 X115.256 Y118.879
G0 X115.256 Y118.811
G0 X115.295 Y118.81
G1 F1500 E33.42322
G0 F7200 X115.356 Y118.81
G0 X112.724 Y118.835
G1 F1500 E39.92322
G0 F7200 X112.621 Y118.926
G1 F1800 X112.305 Y119.08 E39.92763
G1 X112.304 Y118.625 E39.93333
G1 X112.744 Y118.411 E39.93947
G1 X112.744 Y118.879 E39.94534
G1 X112.621 Y118.926 E39.94699
G0 F7200 X112.441 Y119.013
G0 X112.705 Y118.653
G0 X112.644 Y118.653
G0 X111.44 Y119.065
G0 X110.354 Y119.415
G0 X109.418 Y119.8
G0 X109.488 Y119.9
G1 F1800 X109.083 Y119.9 E39.95207
G1 X109.084 Y119.4 E39.95834
G1 X109.489 Y119.4 E39.96342
G1 X109.488 Y119.9 E39.96969
G0 F7200 X109.288 Y119.9
G0 X109.288 Y119.8
G0 X110.354 Y119.415
G0 X111.46 Y120.43
G0 X116.543 Y120.433
G0 X119.44 Y119.065
G0 X120.582 Y118.835
G0 X120.621 Y118.926
G1 F1800 X120.305 Y119.08 E39.9741
G1 X120.304 Y118.625 E39.9798
G1 X120.744 Y118.411 E39.98594
G1 X120.744 Y118.879 E39.99181
G1 X120.621 Y118.926 E39.99346
G0 F7200 X120.441 Y119.013
G0 X120.705 Y118.653
G1 F1500 E33.49346
G0 F7200 X120.644 Y118.653
G0 X123.276 Y118.835
G1 F1500 E39.99346
G0 F7200 X123.379 Y118.926
G1 F1800 X123.256 Y118.879 E39.99511
G1 X123.256 Y118.411 E40.00098
G1 X123.695 Y118.624 E40.00455
G1 X123.695 Y119.08 E40.01007
G1 X123.379 Y118.926 E40.01187
G0 F7200 X123.256 Y118.879
G0 X123.256 Y118.81
G0 X123.295 Y118.81
G0 X123.356 Y118.81
G0 X123.686 Y116.064
G0 X123.38 Y115.926
G1 F1800 X123.256 Y115.879 E40.01354
G1 X123.256 Y115.411 E40.01941
G1 X123.695 Y115.624 E40.02298
G1 X123.696 Y116.08 E40.0285
G1 X123.38 Y115.926 E40.03029
G0 F7200 X123.256 Y115.879
G0 X123.256 Y115.811
G0 X123.295 Y115.81
G0 X123.356 Y115.81
G0 X120.729 Y115.867
G0 X120.62 Y115.926
G1 F1800 X120.305 Y116.079 E40.03468
G1 X120.304 Y115.625 E40.04038
G1 X120.744 Y115.411 E40.04651
G1 X120.745 Y115.878 E40.05237
G1 X120.62 Y115.926 E40.05405
G0 F7200 X120.44 Y116.013
G0 X120.705 Y115.653
G0 X120.644 Y115.652
G0 X120.315 Y113.064
G0 X120.621 Y112.926
G1 F1800 X120.305 Y113.08 E40.05846
G1 X120.304 Y112.625 E40.06416
G1 X120.744 Y112.411 E40.0703
G1 X120.744 Y112.879 E40.07617
G1 X120.621 Y112.926 E40.07782
G0 F7200 X120.441 Y113.013
G0 X120.705 Y112.653
G0 X120.644 Y112.653
G0 X123.276 Y112.835
G0 X123.379 Y112.926
G1 F1800 X123.256 Y112.879 E40.07947
G1 X123.256 Y112.411 E40.08534
G1 X123.695 Y112.624 E40.08891
G1 X123.695 Y113.08 E40.09443
G1 X123.379 Y112.926 E40.09624
G0 F7200 X123.256 Y112.879
G0 X123.256 Y112.81
G0 X123.295 Y112.81
G0 X123.356 Y112.81
G0 X123.686 Y110.064
G0 X123.38 Y109.926
G1 F1800 X123.256 Y109.879 E40.0979
G1 X123.256 Y109.411 E40.10377
G1 X123.695 Y109.624 E40.10734
G1 X123.696 Y110.08 E40.11286
G1 X123.38 Y109.926 E40.11465
G0 F7200 X123.256 Y109.879
G0 X123.256 Y109.811
G0 X123.295 Y109.81
G0 X123.356 Y109.81
G0 X120.729 Y109.867
G0 X120.62 Y109.926
G1 F1800 X120.305 Y110.079 E40.11905
G1 X120.304 Y109.625 E40.12474
G1 X120.744 Y109.411 E40.13088
G1 X120.745 Y109.878 E40.13673
G1 X120.62 Y109.926 E40.13841
G0 F7200 X120.44 Y110.013
G0 X120.705 Y109.653
G0 X120.644 Y109.652
G0 X122.399 Y110.47
G0 X124.543 Y111.433
G0 X127.44 Y109.852
G0 X128.581 Y109.835
G0 X128.62 Y109.926
G1 F1800 X128.305 Y110.079 E40.1428
G1 X128.304 Y109.625 E40.1485
G1 X128.744 Y109.411 E40.15463
G1 X128.745 Y109.878 E40.16049
G1 X128.62 Y109.926 E40.16217
G0 F7200 X128.44 Y110.013
G0 X128.705 Y109.653
G0 X128.644 Y109.652
G0 X131.276 Y109.867
G0 X131.38 Y109.926
G1 F1800 X131.256 Y109.879 E40.16383
G1 X131.256 Y109.411 E40.1697
G1 X131.695 Y109.624 E40.17327
G1 X131.696 Y110.08 E40.17879
G1 X131.38 Y109.926 E40.18059
G0 F7200 X131.256 Y109.879
G0 X131.256 Y109.811
G0 X131.295 Y109.81
G1 F1500 E33.68059
G0 F7200 X131.356 Y109.81
G0 X131.266 Y112.427
G1 F1500 E40.18059
G0 F7200 X131.379 Y112.926
G1 F1800 X131.256 Y112.879 E40.18224
G1 X131.256 Y112.411 E40.18811
G1 X131.695 Y112.624 E40.19168
G1 X131.695 Y113.08 E40.1972
G1 X131.379 Y112.926 E40.199
G0 F7200 X131.256 Y112.879
G0 X131.256 Y112.81
G0 X131.295 Y112.81
G0 X131.356 Y112.81
G0 X128.724 Y112.835
G0 X128.621 Y112.926
G1 F1800 X128.305 Y113.08 E40.20341
G1 X128.305 Y112.624 E40.20913
G1 X128.744 Y112.411 E40.21525
G1 X128.744 Y112.879 E40.22112
G1 X128.621 Y112.926 E40.22277
G0 F7200 X128.441 Y113.013
G0 X128.705 Y112.653
G0 X128.644 Y112.653
G0 X128.734 Y115.427
G0 X128.62 Y115.926
G1 F1800 X128.305 Y116.079 E40.22716
G1 X128.305 Y115.624 E40.23287
G1 X128.744 Y115.411 E40.23898
G1 X128.745 Y115.878 E40.24484
G1 X128.62 Y115.926 E40.24652
G0 F7200 X128.44 Y116.013
G0 X128.705 Y115.653
G0 X128.644 Y115.652
G0 X131.276 Y115.867
G0 X131.38 Y115.926
G1 F1800 X131.256 Y115.879 E40.24818
G1 X131.256 Y115.411 E40.25405
G1 X131.695 Y115.624 E40.25763
G1 X131.696 Y116.08 E40.26315
G1 X131.38 Y115.926 E40.26494
G0 F7200 X131.256 Y115.879
G0 X131.256 Y115.811
G0 X131.295 Y115.81
G0 X131.356 Y115.81
G0 X131.266 Y118.427
G0 X131.379 Y118.926
G1 F1800 X131.256 Y118.879 E40.26659
G1 X131.256 Y118.411 E40.27246
G1 X131.695 Y118.624 E40.27603
G1 X131.695 Y119.08 E40.28155
G1 X131.379 Y118.926 E40.28336
G0 F7200 X131.256 Y118.879
G0 X131.256 Y118.81
G0 X131.295 Y118.81
G0 X131.356 Y118.81
G0 X128.724 Y118.835
G0 X128.621 Y118.926
G1 F1800 X128.305 Y119.08 E40.28776
G1 X128.304 Y118.625 E40.29347
G1 X128.744 Y118.411 E40.29961
G1 X128.744 Y118.879 E40.30547
G1 X128.621 Y118.926 E40.30713
G0 F7200 X128.441 Y119.013
G0 X128.705 Y118.653
;MESH:NONMESH
G0 F600 X128.705 Y118.653 Z6.6
G0 F7200 X128.644 Y118.653
G0 X127.44 Y118.636
G0 X124.543 Y117.433
G0 X122.399 Y116.47
G0 X121.59 Y114.178
G0 X119.46 Y114.43
G0 X114.695 Y110.556
G0 X113.609 Y109.868
G0 X112.493 Y109.877
G0 X112.534 Y109.968
;TIME_ELAPSED:355.110485
;LAYER:32
;TYPE:WALL-OUTER
;MESH:output_v2\B_media_suporte.stl
G1 F1800 X112.095 Y110.182 E40.31325
G1 X112.094 Y109.727 E40.31896
G1 X112.534 Y109.513 E40.32509
G1 X112.534 Y109.968 E40.3308
G0 F7200 X112.355 Y110.055
G0 X112.351 Y110.046
G0 X112.314 Y109.965
G0 X112.524 Y112.529
G0 X112.534 Y112.968
G1 F1800 X112.095 Y113.182 E40.33692
G1 X112.094 Y112.727 E40.34263
G1 X112.534 Y112.513 E40.34876
G1 X112.534 Y112.968 E40.35447
G0 F7200 X112.355 Y113.055
G0 X112.351 Y113.046
G1 F1500 E33.85447
G0 F7200 X112.314 Y112.965
G0 X112.524 Y115.529
G1 F1500 E40.35447
G0 F7200 X112.534 Y115.968
G1 F1800 X112.095 Y116.182 E40.36059
G1 X112.094 Y115.727 E40.3663
G1 X112.534 Y115.513 E40.37244
G1 X112.534 Y115.968 E40.37814
G0 F7200 X112.355 Y116.055
G0 X112.351 Y116.046
G1 F1500 E33.87814
G0 F7200 X112.314 Y115.965
G0 X112.524 Y118.529
G1 F1500 E40.37814
G0 F7200 X112.534 Y118.968
G1 F1800 X112.095 Y119.182 E40.38427
G1 X112.094 Y118.727 E40.38997
G1 X112.534 Y118.513 E40.39611
G1 X112.534 Y118.968 E40.40181
G0 F7200 X112.355 Y119.055
G0 X112.351 Y119.046
G1 F1500 E33.90181
G0 F7200 X112.314 Y118.965
G0 X109.5 Y119.414
G1 F1500 E40.40181
G0 F7200 X109.513 Y119.9
G1 F1800 X109.108 Y119.9 E40.40689
G1 X109.109 Y119.4 E40.41316
G1 X109.514 Y119.4 E40.41824
G1 X109.513 Y119.9 E40.42451
G0 F7200 X109.313 Y119.9
G0 X109.313 Y119.8
G0 X110.379 Y119.415
G0 X111.25 Y120.532
G0 X114.601 Y118.958
G0 X115.805 Y118.778
G0 X115.905 Y118.726
G1 F1800 X115.906 Y119.182 E40.43023
G1 X115.466 Y118.968 E40.43637
G1 X115.466 Y118.513 E40.44207
G1 X115.905 Y118.726 E40.44819
G0 F7200 X115.905 Y118.926
G0 X115.866 Y118.925
G1 F1500 E33.94819
G0 F7200 X115.805 Y118.924
G0 X115.895 Y116.165
G1 F1500 E40.44819
G0 F7200 X115.905 Y115.726
G1 F1800 X115.905 Y116.181 E40.4539
G1 X115.466 Y115.968 E40.46002
G1 X115.466 Y115.513 E40.46572
G1 X115.905 Y115.726 E40.47184
G0 F7200 X115.905 Y115.926
G0 X115.866 Y115.926
G1 F1500 E33.97184
G0 F7200 X115.805 Y115.926
G0 X115.895 Y113.165
G1 F1500 E40.47184
G0 F7200 X115.905 Y112.726
G1 F1800 X115.905 Y113.181 E40.47755
G1 X115.466 Y112.968 E40.48367
G1 X115.466 Y112.513 E40.48937
G1 X115.905 Y112.726 E40.49549
G0 F7200 X115.905 Y112.926
G0 X115.866 Y112.926
G1 F1500 E33.99549
G0 F7200 X115.805 Y112.926
G0 X115.896 Y110.166
G1 F1500 E40.49549
G0 F7200 X115.905 Y109.726
G1 F1800 X115.906 Y110.182 E40.50121
G1 X115.466 Y109.968 E40.50734
G1 X115.466 Y109.513 E40.51305
G1 X115.905 Y109.726 E40.51917
G0 F7200 X115.905 Y109.926
G0 X115.866 Y109.925
G1 F1500 E34.01917
G0 F7200 X115.805 Y109.924
G0 X119.23 Y109.916
G0 X120.434 Y109.915
G1 F1500 E40.51917
G0 F7200 X120.535 Y109.968
G1 F1800 X120.095 Y110.182 E40.52531
G1 X120.094 Y109.727 E40.53101
G1 X120.534 Y109.513 E40.53715
G1 X120.535 Y109.968 E40.54285
G0 F7200 X120.356 Y110.055
G0 X120.352 Y110.046
G1 F1500 E34.04285
G0 F7200 X120.315 Y109.965
G0 X120.524 Y112.529
G1 F1500 E40.54285
G0 F7200 X120.534 Y112.968
G1 F1800 X120.095 Y113.182 E40.54898
G1 X120.094 Y112.727 E40.55468
G1 X120.534 Y112.513 E40.56082
G1 X120.534 Y112.968 E40.56652
G0 F7200 X120.355 Y113.055
G0 X120.351 Y113.046
G1 F1500 E34.06652
G0 F7200 X120.314 Y112.965
G0 X120.524 Y115.529
G1 F1500 E40.56652
G0 F7200 X120.535 Y115.968
G1 F1800 X120.095 Y116.182 E40.57266
G1 X120.094 Y115.727 E40.57837
G1 X120.534 Y115.513 E40.5845
G1 X120.535 Y115.968 E40.59021
G0 F7200 X120.356 Y116.055
G0 X120.352 Y116.046
G1 F1500 E34.09021
G0 F7200 X120.315 Y115.965
G0 X120.524 Y118.529
G1 F1500 E40.59021
G0 F7200 X120.534 Y118.968
G1 F1800 X120.095 Y119.182 E40.59633
G1 X120.094 Y118.727 E40.60204
G1 X120.534 Y118.513 E40.60817
G1 X120.534 Y118.968 E40.61388
G0 F7200 X120.355 Y119.055
G0 X120.351 Y119.046
G0 X120.314 Y118.965
G0 X121.399 Y118.779
G0 X122.601 Y118.779
G0 X123.805 Y118.779
G0 X123.905 Y118.726
G1 F1800 X123.905 Y119.181 E40.61959
G1 X123.466 Y118.968 E40.62571
G1 X123.466 Y118.513 E40.63141
G1 X123.905 Y118.726 E40.63753
G0 F7200 X123.905 Y118.926
G0 X123.866 Y118.926
G1 F1500 E34.13753
G0 F7200 X123.805 Y118.926
G0 X123.896 Y116.166
G1 F1500 E40.63753
G0 F7200 X123.905 Y115.726
G1 F1800 X123.906 Y116.182 E40.64325
G1 X123.466 Y115.968 E40.64938
G1 X123.466 Y115.513 E40.65509
G1 X123.905 Y115.726 E40.66121
G0 F7200 X123.905 Y115.926
G0 X123.866 Y115.925
G1 F1500 E34.16121
G0 F7200 X123.805 Y115.924
G0 X123.895 Y113.165
G1 F1500 E40.66121
G0 F7200 X123.905 Y112.726
G1 F1800 X123.905 Y113.181 E40.66691
G1 X123.466 Y112.968 E40.67303
G1 X123.466 Y112.513 E40.67874
G1 X123.905 Y112.726 E40.68486
G0 F7200 X123.905 Y112.926
G0 X123.866 Y112.926
G1 F1500 E34.18486
G0 F7200 X123.805 Y112.926
G0 X123.896 Y110.166
G1 F1500 E40.68486
G0 F7200 X123.905 Y109.726
G1 F1800 X123.906 Y110.182 E40.69058
G1 X123.466 Y109.968 E40.69671
G1 X123.466 Y109.513 E40.70242
G1 X123.905 Y109.726 E40.70854
G0 F7200 X123.905 Y109.926
G0 X123.866 Y109.925
G1 F1500 E34.20854
G0 F7200 X123.805 Y109.924
G0 X127.23 Y109.916
G0 X128.434 Y109.915
G1 F1500 E40.70854
G0 F7200 X128.535 Y109.968
G1 F1800 X128.095 Y110.182 E40.71467
G1 X128.094 Y109.727 E40.72038
G1 X128.534 Y109.513 E40.72652
G1 X128.535 Y109.968 E40.73222
G0 F7200 X128.356 Y110.055
G0 X128.352 Y110.046
G1 F1500 E34.23222
G0 F7200 X128.315 Y109.965
G0 X128.524 Y112.529
G1 F1500 E40.73222
G0 F7200 X128.534 Y112.968
G1 F1800 X128.095 Y113.181 E40.73834
G1 X128.095 Y112.726 E40.74405
G1 X128.534 Y112.513 E40.75016
G1 X128.534 Y112.968 E40.75587
G0 F7200 X128.354 Y113.055
G0 X128.35 Y113.047
G1 F1500 E34.25587
G0 F7200 X128.313 Y112.964
G0 X128.524 Y115.529
G1 F1500 E40.75587
G0 F7200 X128.535 Y115.968
G1 F1800 X128.095 Y116.182 E40.76201
G1 X128.095 Y115.726 E40.76773
G1 X128.534 Y115.513 E40.77384
G1 X128.535 Y115.968 E40.77955
G0 F7200 X128.356 Y116.055
G0 X128.351 Y116.047
G1 F1500 E34.27955
G0 F7200 X128.314 Y115.965
G0 X128.524 Y118.529
G1 F1500 E40.77955
G0 F7200 X128.534 Y118.968
G1 F1800 X128.095 Y119.182 E40.78567
G1 X128.094 Y118.727 E40.79138
G1 X128.534 Y118.513 E40.79752
G1 X128.534 Y118.968 E40.80322
G0 F7200 X128.355 Y119.055
G0 X128.351 Y119.046
G1 F1500 E34.30322
G0 F7200 X128.314 Y118.965
G0 X129.399 Y118.779
G0 X130.601 Y118.779
G0 X131.805 Y118.779
G1 F1500 E40.80322
G0 F7200 X131.905 Y118.726
G1 F1800 X131.905 Y119.181 E40.80893
G1 X131.466 Y118.968 E40.81505
G1 X131.466 Y118.513 E40.82075
G1 X131.905 Y118.726 E40.82687
G0 F7200 X131.905 Y118.926
G0 X131.866 Y118.926
G0 X131.805 Y118.926
G0 X131.896 Y116.166
G0 X131.905 Y115.726
G1 F1800 X131.906 Y116.182 E40.83259
G1 X131.466 Y115.968 E40.83873
G1 X131.466 Y115.513 E40.84443
G1 X131.905 Y115.726 E40.85055
G0 F7200 X131.905 Y115.926
G0 X131.866 Y115.925
G1 F1500 E34.35055
G0 F7200 X131.805 Y115.924
G0 X131.895 Y113.165
G1 F1500 E40.85055
G0 F7200 X131.905 Y112.726
G1 F1800 X131.905 Y113.181 E40.85626
G1 X131.466 Y112.968 E40.86238
G1 X131.466 Y112.513 E40.86808
G1 X131.905 Y112.726 E40.8742
G0 F7200 X131.905 Y112.926
G0 X131.866 Y112.926
G1 F1500 E34.3742
G0 F7200 X131.805 Y112.926
G0 X131.896 Y110.166
G1 F1500 E40.8742
G0 F7200 X131.905 Y109.726
G1 F1800 X131.906 Y110.182 E40.87992
G1 X131.466 Y109.968 E40.88605
G1 X131.466 Y109.513 E40.89176
G1 X131.905 Y109.726 E40.89788
G0 F7200 X131.905 Y109.926
G0 X131.866 Y109.925
;MESH:NONMESH
G0 F600 X131.866 Y109.925 Z6.8
G0 F7200 X131.805 Y109.924
G0 X130.601 Y109.958
G0 X127.25 Y111.532
G0 X124.753 Y111.535
G0 X120.97 Y110.717
G0 X119.25 Y111.532
G0 X116.753 Y111.535
G0 X113.399 Y109.958
G0 X112.283 Y109.98
G0 X112.325 Y110.07
;TIME_ELAPSED:369.677674
;LAYER:33
;TYPE:WALL-OUTER
;MESH:output_v2\B_media_suporte.stl
G1 F1800 X111.885 Y110.284 E40.90402
G1 X111.884 Y109.829 E40.90972
G1 X112.324 Y109.615 E40.91586
G1 X112.325 Y110.07 E40.92156
G0 F7200 X112.146 Y110.157
G0 X112.142 Y110.148
G1 F1500 E34.42156
G0 F7200 X112.105 Y110.067
G0 X112.314 Y112.631
G1 F1500 E40.92156
G0 F7200 X112.325 Y113.07
G1 F1800 X111.885 Y113.284 E40.9277
G1 X111.884 Y112.829 E40.9334
G1 X112.324 Y112.615 E40.93954
G1 X112.325 Y113.07 E40.94525
G0 F7200 X112.146 Y113.157
G0 X112.142 Y113.148
G1 F1500 E34.44525
G0 F7200 X112.105 Y113.067
G0 X112.314 Y115.631
G1 F1500 E40.94525
G0 F7200 X112.325 Y116.07
G1 F1800 X111.884 Y116.284 E40.95139
G1 X111.884 Y115.829 E40.9571
G1 X112.324 Y115.615 E40.96323
G1 X112.325 Y116.07 E40.96894
G0 F7200 X112.145 Y116.157
G0 X112.142 Y116.148
G1 F1500 E34.46894
G0 F7200 X112.104 Y116.066
G0 X112.314 Y118.631
G1 F1500 E40.96894
G0 F7200 X112.325 Y119.07
G1 F1800 X111.884 Y119.284 E40.97509
G1 X111.884 Y118.829 E40.98079
G1 X112.324 Y118.615 E40.98693
G1 X112.325 Y119.07 E40.99264
G0 F7200 X112.145 Y119.157
G0 X112.142 Y119.148
G0 X112.104 Y119.066
G0 X109.529 Y119.414
G0 X109.542 Y119.9
G1 F1800 X109.133 Y119.9 E40.99776
G1 X109.134 Y119.4 E41.00403
G1 X109.543 Y119.4 E41.00916
G1 X109.542 Y119.9 E41.01543
G0 F7200 X109.342 Y119.9
G0 X109.342 Y119.8
G1 F1500 E34.51543
G0 F7200 X110.408 Y119.415
G0 X111.038 Y120.636
G0 X114.811 Y119.061
G0 X116.016 Y118.882
G1 F1500 E41.01543
G0 F7200 X116.116 Y118.829
G1 F1800 X116.116 Y119.285 E41.02115
G1 X115.676 Y119.071 E41.02729
G1 X115.676 Y118.615 E41.03301
G1 X116.116 Y118.829 E41.03914
G0 F7200 X116.116 Y119.029
G0 X116.076 Y119.029
G1 F1500 E34.53914
G0 F7200 X116.016 Y119.029
G0 X116.105 Y116.268
G1 F1500 E41.03914
G0 F7200 X116.116 Y115.829
G1 F1800 X116.115 Y116.284 E41.04485
G1 X115.676 Y116.071 E41.05097
G1 X115.676 Y115.615 E41.05669
G1 X116.116 Y115.829 E41.06282
G0 F7200 X116.116 Y116.029
G0 X116.076 Y116.028
G0 X116.016 Y116.028
G0 X116.105 Y113.268
G0 X116.116 Y112.829
G1 F1800 X116.115 Y113.284 E41.06853
G1 X115.676 Y113.071 E41.07465
G1 X115.676 Y112.615 E41.08036
G1 X116.116 Y112.829 E41.0865
G0 F7200 X116.116 Y113.029
G0 X116.076 Y113.028
G1 F1500 E34.5865
G0 F7200 X116.016 Y113.028
G0 X116.106 Y110.269
G1 F1500 E41.0865
G0 F7200 X116.116 Y109.829
G1 F1800 X116.116 Y110.285 E41.09222
G1 X115.676 Y110.071 E41.09835
G1 X115.676 Y109.615 E41.10407
G1 X116.116 Y109.829 E41.11021
G0 F7200 X116.116 Y110.029
G0 X116.076 Y110.029
G1 F1500 E34.61021
G0 F7200 X116.016 Y110.029
G0 X119.02 Y109.996
G0 X120.234 Y110.003
G1 F1500 E41.11021
G0 F7200 X120.324 Y110.071
G1 F1800 X119.885 Y110.284 E41.11633
G1 X119.884 Y109.829 E41.12203
G1 X120.324 Y109.615 E41.12817
G1 X120.324 Y110.071 E41.13389
G0 F7200 X120.144 Y110.158
G0 X120.141 Y110.148
G0 X120.103 Y110.067
G0 X120.314 Y112.631
G0 X120.324 Y113.071
G1 F1800 X119.885 Y113.284 E41.14001
G1 X119.884 Y112.829 E41.14571
G1 X120.324 Y112.615 E41.15185
G1 X120.324 Y113.071 E41.15757
G0 F7200 X120.144 Y113.158
G0 X120.141 Y113.148
G1 F1500 E34.65757
G0 F7200 X120.103 Y113.067
G0 X120.314 Y115.631
G1 F1500 E41.15757
G0 F7200 X120.325 Y116.07
G1 F1800 X119.884 Y116.284 E41.16371
G1 X119.884 Y115.829 E41.16942
G1 X120.324 Y115.615 E41.17556
G1 X120.325 Y116.07 E41.18126
G0 F7200 X120.145 Y116.157
G0 X120.142 Y116.148
G1 F1500 E34.68126
G0 F7200 X120.104 Y116.066
G0 X120.314 Y118.631
G1 F1500 E41.18126
G0 F7200 X120.325 Y119.07
G1 F1800 X119.884 Y119.284 E41.18741
G1 X119.884 Y118.829 E41.19311
G1 X120.324 Y118.615 E41.19925
G1 X120.325 Y119.07 E41.20496
G0 F7200 X120.145 Y119.157
G0 X120.142 Y119.148
G0 X120.104 Y119.066
G0 X121.189 Y118.888
G0 X122.81 Y118.889
G0 X124.016 Y118.881
G0 X124.116 Y118.829
G1 F1800 X124.115 Y119.284 E41.21066
G1 X123.675 Y119.07 E41.2168
G1 X123.675 Y118.615 E41.2225
G1 X124.116 Y118.829 E41.22865
G0 F7200 X124.116 Y119.029
G0 X124.075 Y119.028
G1 F1500 E34.72865
G0 F7200 X124.016 Y119.028
G0 X124.106 Y116.268
G1 F1500 E41.22865
G0 F7200 X124.116 Y115.829
G1 F1800 X124.116 Y116.284 E41.23436
G1 X123.675 Y116.07 E41.2405
G1 X123.675 Y115.615 E41.24621
G1 X124.116 Y115.829 E41.25236
G0 F7200 X124.116 Y116.029
G0 X124.075 Y116.029
G1 F1500 E34.75236
G0 F7200 X124.016 Y116.029
G0 X124.105 Y113.268
G1 F1500 E41.25236
G0 F7200 X124.116 Y112.829
G1 F1800 X124.115 Y113.284 E41.25806
G1 X123.675 Y113.07 E41.2642
G1 X123.676 Y112.615 E41.2699
G1 X124.116 Y112.829 E41.27604
G0 F7200 X124.116 Y113.029
G0 X124.075 Y113.028
G0 X124.016 Y113.028
G0 X124.106 Y110.268
G0 X124.116 Y109.829
G1 F1800 X124.116 Y110.284 E41.28175
G1 X123.675 Y110.07 E41.28789
G1 X123.676 Y109.615 E41.2936
G1 X124.116 Y109.829 E41.29973
G0 F7200 X124.116 Y110.029
G0 X124.075 Y110.029
G1 F1500 E34.79973
G0 F7200 X124.016 Y110.029
G0 X127.019 Y110.017
G0 X128.224 Y110.017
G1 F1500 E41.29973
G0 F7200 X128.325 Y110.07
G1 F1800 X127.884 Y110.284 E41.30588
G1 X127.884 Y109.829 E41.31159
G1 X128.324 Y109.615 E41.31772
G1 X128.325 Y110.07 E41.32343
G0 F7200 X128.145 Y110.157
G0 X128.142 Y110.148
G0 X128.104 Y110.066
G0 X128.314 Y112.631
G0 X128.325 Y113.07
G1 F1800 X127.884 Y113.284 E41.32958
G1 X127.885 Y112.828 E41.33529
G1 X128.324 Y112.615 E41.34141
G1 X128.325 Y113.07 E41.34712
G0 F7200 X128.145 Y113.157
G0 X128.141 Y113.148
G1 F1500 E34.84712
G0 F7200 X128.104 Y113.066
G0 X128.314 Y115.631
G1 F1500 E41.34712
G0 F7200 X128.325 Y116.07
G1 F1800 X127.884 Y116.284 E41.35327
G1 X127.885 Y115.828 E41.35898
G1 X128.324 Y115.615 E41.3651
G1 X128.325 Y116.07 E41.37081
G0 F7200 X128.145 Y116.157
G0 X128.141 Y116.148
G0 X128.104 Y116.066
G0 X128.314 Y118.631
G0 X128.325 Y119.07
G1 F1800 X127.884 Y119.284 E41.37696
G1 X127.884 Y118.829 E41.38266
G1 X128.324 Y118.615 E41.3888
G1 X128.325 Y119.07 E41.3945
G0 F7200 X128.145 Y119.157
G0 X128.142 Y119.148
G1 F1500 E34.8945
G0 F7200 X128.104 Y119.066
G0 X129.189 Y118.888
G0 X130.81 Y118.889
G0 X132.016 Y118.881
G1 F1500 E41.3945
G0 F7200 X132.116 Y118.829
G1 F1800 X132.115 Y119.284 E41.40021
G1 X131.675 Y119.07 E41.40635
G1 X131.675 Y118.615 E41.41205
G1 X132.116 Y118.829 E41.4182
G0 F7200 X132.116 Y119.029
G0 X132.075 Y119.028
G0 X132.016 Y119.028
G0 X132.106 Y116.268
G0 X132.116 Y115.829
G1 F1800 X132.116 Y116.284 E41.4239
G1 X131.675 Y116.07 E41.43005
G1 X131.675 Y115.615 E41.43576
G1 X132.116 Y115.829 E41.4419
G0 F7200 X132.116 Y116.029
G0 X132.075 Y116.029
G1 F1500 E34.9419
G0 F7200 X132.016 Y116.029
G0 X132.105 Y113.268
G1 F1500 E41.4419
G0 F7200 X132.116 Y112.829
G1 F1800 X132.115 Y113.284 E41.44761
G1 X131.675 Y113.07 E41.45375
G1 X131.676 Y112.615 E41.45945
G1 X132.116 Y112.829 E41.46559
G0 F7200 X132.116 Y113.029
G0 X132.075 Y113.028
G1 F1500 E34.96559
G0 F7200 X132.016 Y113.028
G0 X132.106 Y110.268
G1 F1500 E41.46559
G0 F7200 X132.116 Y109.829
G1 F1800 X132.116 Y110.284 E41.47129
G1 X131.675 Y110.07 E41.47744
G1 X131.676 Y109.615 E41.48315
G1 X132.116 Y109.829 E41.48928
G0 F7200 X132.116 Y110.029
G0 X132.075 Y110.029
;MESH:NONMESH
G0 F600 X132.075 Y110.029 Z7
G0 F7200 X132.016 Y110.029
G0 X130.81 Y110.06
G0 X127.038 Y111.636
G0 X124.962 Y111.636
G0 X121.182 Y110.608
G0 X119.04 Y111.633
G0 X116.962 Y111.635
G0 X113.189 Y110.059
G0 X112.074 Y110.082
G0 X112.115 Y110.172
;TIME_ELAPSED:382.102459
;LAYER:34
;TYPE:WALL-OUTER
;MESH:output_v2\B_media_suporte.stl
G1 F1800 X111.676 Y110.386 E41.49541
G1 X111.675 Y109.931 E41.50111
G1 X112.114 Y109.717 E41.50724
G1 X112.115 Y110.172 E41.51294
G0 F7200 X111.936 Y110.259
G0 X111.932 Y110.25
G1 F1500 E35.01294
G0 F7200 X111.895 Y110.169
G0 X112.104 Y112.733
G1 F1500 E41.51294
G0 F7200 X112.115 Y113.172
G1 F1800 X111.676 Y113.386 E41.51907
G1 X111.675 Y112.931 E41.52477
G1 X112.114 Y112.717 E41.5309
G1 X112.115 Y113.172 E41.5366
G0 F7200 X111.936 Y113.259
G0 X111.932 Y113.25
G0 X111.895 Y113.169
G0 X112.104 Y115.733
G0 X112.115 Y116.172
G1 F1800 X111.675 Y116.386 E41.54274
G1 X111.675 Y115.931 E41.54845
G1 X112.114 Y115.717 E41.55457
G1 X112.115 Y116.172 E41.56028
G0 F7200 X111.936 Y116.259
G0 X111.932 Y116.25
G1 F1500 E35.06028
G0 F7200 X111.895 Y116.169
G0 X112.104 Y118.733
G1 F1500 E41.56028
G0 F7200 X112.115 Y119.172
G1 F1800 X111.675 Y119.386 E41.56641
G1 X111.675 Y118.931 E41.57212
G1 X112.114 Y118.717 E41.57824
G1 X112.115 Y119.172 E41.58395
G0 F7200 X111.936 Y119.259
G0 X111.932 Y119.25
G0 X111.895 Y119.169
G0 X109.557 Y119.414
G0 X109.57 Y119.9
G1 F1800 X109.159 Y119.9 E41.5891
G1 X109.16 Y119.4 E41.59537
G1 X109.571 Y119.4 E41.60053
G1 X109.57 Y119.9 E41.6068
G0 F7200 X109.37 Y119.9
G0 X109.37 Y119.8
G1 F1500 E35.1068
G0 F7200 X110.436 Y119.415
G0 X110.829 Y120.738
G0 X115.021 Y119.163
G0 X116.225 Y118.984
G1 F1500 E41.6068
G0 F7200 X116.325 Y118.931
G1 F1800 X116.325 Y119.386 E41.6125
G1 X115.886 Y119.173 E41.61862
G1 X115.886 Y118.718 E41.62433
G1 X116.325 Y118.931 E41.63045
G0 F7200 X116.325 Y119.131
G0 X116.286 Y119.131
G0 X116.225 Y119.131
G0 X116.314 Y116.37
G0 X116.325 Y115.931
G1 F1800 X116.324 Y116.386 E41.63615
G1 X115.886 Y116.173 E41.64226
G1 X115.886 Y115.718 E41.64797
G1 X116.325 Y115.931 E41.65408
G0 F7200 X116.325 Y116.131
G0 X116.286 Y116.13
G1 F1500 E35.15408
G0 F7200 X116.225 Y116.13
G0 X116.314 Y113.37
G1 F1500 E41.65408
G0 F7200 X116.325 Y112.931
G1 F1800 X116.324 Y113.386 E41.65979
G1 X115.886 Y113.173 E41.6659
G1 X115.886 Y112.718 E41.6716
G1 X116.325 Y112.931 E41.67772
G0 F7200 X116.325 Y113.131
G0 X116.286 Y113.13
G0 X116.225 Y113.13
G0 X116.315 Y110.37
G0 X116.325 Y109.931
G1 F1800 X116.325 Y110.386 E41.68343
G1 X115.886 Y110.173 E41.68955
G1 X115.886 Y109.718 E41.69525
G1 X116.325 Y109.931 E41.70137
G0 F7200 X116.325 Y110.131
G0 X116.286 Y110.131
G0 X116.225 Y110.131
G0 X118.811 Y110.1
G0 X120.024 Y110.106
G0 X120.114 Y110.173
G1 F1800 X119.676 Y110.386 E41.70748
G1 X119.675 Y109.931 E41.71319
G1 X120.114 Y109.718 E41.71931
G1 X120.114 Y110.173 E41.72501
G0 F7200 X119.935 Y110.26
G0 X119.931 Y110.252
G1 F1500 E35.22501
G0 F7200 X119.893 Y110.17
G0 X120.104 Y112.734
G1 F1500 E41.72501
G0 F7200 X120.114 Y113.173
G1 F1800 X119.676 Y113.386 E41.73112
G1 X119.675 Y112.931 E41.73682
G1 X120.114 Y112.718 E41.74294
G1 X120.114 Y113.173 E41.74865
G0 F7200 X119.935 Y113.26
G0 X119.931 Y113.252
G0 X119.893 Y113.17
G0 X120.104 Y115.733
G0 X120.115 Y116.172
G1 F1800 X119.675 Y116.386 E41.75479
G1 X119.675 Y115.931 E41.76049
G1 X120.114 Y115.717 E41.76662
G1 X120.115 Y116.172 E41.77232
G0 F7200 X119.936 Y116.259
G0 X119.932 Y116.25
G1 F1500 E35.27232
G0 F7200 X119.895 Y116.169
G0 X120.104 Y118.733
G1 F1500 E41.77232
G0 F7200 X120.115 Y119.172
G1 F1800 X119.675 Y119.386 E41.77846
G1 X119.675 Y118.931 E41.78416
G1 X120.114 Y118.717 E41.79029
G1 X120.115 Y119.172 E41.79599
G0 F7200 X119.936 Y119.259
G0 X119.932 Y119.25
G0 X119.895 Y119.169
G0 X120.979 Y118.991
G0 X123.02 Y118.992
G0 X124.225 Y118.983
G0 X124.325 Y118.931
G1 F1800 X124.324 Y119.386 E41.8017
G1 X123.885 Y119.172 E41.80782
G1 X123.885 Y118.717 E41.81353
G1 X124.325 Y118.931 E41.81967
G0 F7200 X124.325 Y119.131
G0 X124.285 Y119.13
G1 F1500 E35.31967
G0 F7200 X124.225 Y119.13
G0 X124.315 Y116.37
G1 F1500 E41.81967
G0 F7200 X124.325 Y115.931
G1 F1800 X124.325 Y116.386 E41.82537
G1 X123.885 Y116.172 E41.83151
G1 X123.885 Y115.717 E41.83721
G1 X124.325 Y115.931 E41.84335
G0 F7200 X124.325 Y116.131
G0 X124.285 Y116.131
G0 X124.225 Y116.131
G0 X124.314 Y113.37
G0 X124.325 Y112.931
G1 F1800 X124.324 Y113.386 E41.84905
G1 X123.885 Y113.172 E41.85518
G1 X123.886 Y112.717 E41.86089
G1 X124.325 Y112.931 E41.86701
G0 F7200 X124.325 Y113.131
G0 X124.285 Y113.13
G1 F1500 E35.36701
G0 F7200 X124.225 Y113.13
G0 X124.315 Y110.37
G1 F1500 E41.86701
G0 F7200 X124.325 Y109.931
G1 F1800 X124.325 Y110.386 E41.87272
G1 X123.885 Y110.172 E41.87885
G1 X123.886 Y109.717 E41.88456
G1 X124.325 Y109.931 E41.89068
G0 F7200 X124.325 Y110.131
G0 X124.285 Y110.131
G0 X124.225 Y110.131
G0 X126.81 Y110.119
G0 X128.014 Y110.119
G0 X128.115 Y110.172
G1 F1800 X127.675 Y110.386 E41.89682
G1 X127.675 Y109.931 E41.90252
G1 X128.114 Y109.717 E41.90865
G1 X128.115 Y110.172 E41.91435
G0 F7200 X127.936 Y110.259
G0 X127.932 Y110.25
G1 F1500 E35.41435
G0 F7200 X127.895 Y110.169
G0 X128.104 Y112.733
G1 F1500 E41.91435
G0 F7200 X128.115 Y113.172
G1 F1800 X127.675 Y113.386 E41.92049
G1 X127.676 Y112.93 E41.92621
G1 X128.114 Y112.717 E41.93232
G1 X128.115 Y113.172 E41.93802
G0 F7200 X127.936 Y113.259
G0 X127.931 Y113.25
G0 X127.894 Y113.169
G0 X128.104 Y115.733
G0 X128.115 Y116.172
G1 F1800 X127.675 Y116.386 E41.94416
G1 X127.676 Y115.93 E41.94988
G1 X128.114 Y115.717 E41.95598
G1 X128.115 Y116.172 E41.96169
G0 F7200 X127.936 Y116.259
G0 X127.931 Y116.25
G1 F1500 E35.46169
G0 F7200 X127.894 Y116.169
G0 X128.104 Y118.733
G1 F1500 E41.96169
G0 F7200 X128.115 Y119.172
G1 F1800 X127.675 Y119.386 E41.96783
G1 X127.675 Y118.931 E41.97353
G1 X128.114 Y118.717 E41.97966
G1 X128.115 Y119.172 E41.98536
G0 F7200 X127.936 Y119.259
G0 X127.932 Y119.25
G0 X127.895 Y119.169
G0 X128.979 Y118.991
G0 X131.02 Y118.992
G0 X132.225 Y118.983
G0 X132.325 Y118.931
G1 F1800 X132.324 Y119.386 E41.99107
G1 X131.885 Y119.172 E41.99719
G1 X131.885 Y118.717 E42.0029
G1 X132.325 Y118.931 E42.00903
G0 F7200 X132.325 Y119.131
G0 X132.285 Y119.13
G0 X132.225 Y119.13
G0 X132.315 Y116.37
G0 X132.325 Y115.931
G1 F1800 X132.325 Y116.386 E42.01474
G1 X131.885 Y116.172 E42.02088
G1 X131.885 Y115.717 E42.02658
G1 X132.325 Y115.931 E42.03272
G0 F7200 X132.325 Y116.131
G0 X132.285 Y116.131
G1 F1500 E35.53272
G0 F7200 X132.225 Y116.131
G0 X132.314 Y113.37
G1 F1500 E42.03272
G0 F7200 X132.325 Y112.931
G1 F1800 X132.324 Y113.386 E42.03842
G1 X131.885 Y113.172 E42.04455
G1 X131.886 Y112.717 E42.05025
G1 X132.325 Y112.931 E42.05638
G0 F7200 X132.325 Y113.131
G0 X132.285 Y113.13
G0 X132.225 Y113.13
G0 X132.315 Y110.37
G0 X132.325 Y109.931
G1 F1800 X132.325 Y110.386 E42.06208
G1 X131.885 Y110.172 E42.06822
G1 X131.886 Y109.717 E42.07392
G1 X132.325 Y109.931 E42.08005
G0 F7200 X132.325 Y110.131
G0 X132.285 Y110.131
G1 F1500 E35.58005
;MESH:NONMESH
G0 F600 X132.285 Y110.131 Z7.2
G0 F7200 X132.225 Y110.131
G0 X131.02 Y110.162
G0 X126.829 Y111.738
G0 X125.171 Y111.738
G0 X120.972 Y110.71
G0 X118.831 Y111.736
G0 X117.171 Y111.738
G0 X112.979 Y110.161
G0 X111.864 Y110.184
G1 F1500 E42.08005
G0 F7200 X111.905 Y110.274
;TIME_ELAPSED:392.375730
;LAYER:35
;TYPE:WALL-OUTER
;MESH:output_v2\B_media_suporte.stl
G1 F1800 X111.466 Y110.486 E42.08616
G1 X111.465 Y110.032 E42.09186
G1 X111.904 Y109.819 E42.09798
G1 X111.905 Y110.274 E42.10368
G0 F7200 X111.725 Y110.361
G0 X111.721 Y110.353
G1 F1500 E35.60368
G0 F7200 X111.682 Y110.27
G0 X111.894 Y112.835
G1 F1500 E42.10368
G0 F7200 X111.905 Y113.274
G1 F1800 X111.466 Y113.486 E42.10979
G1 X111.465 Y113.032 E42.11549
G1 X111.904 Y112.819 E42.12161
G1 X111.905 Y113.274 E42.12731
G0 F7200 X111.725 Y113.361
G0 X111.721 Y113.353
G0 X111.682 Y113.27
G0 X111.894 Y115.835
G0 X111.905 Y116.274
G1 F1800 X111.466 Y116.486 E42.13343
G1 X111.465 Y116.032 E42.13912
G1 X111.904 Y115.819 E42.14524
G1 X111.905 Y116.274 E42.15094
G0 F7200 X111.725 Y116.361
G0 X111.721 Y116.353
G0 X111.682 Y116.27
G0 X111.894 Y118.835
G0 X111.905 Y119.274
G1 F1800 X111.466 Y119.486 E42.15706
G1 X111.465 Y119.032 E42.16275
G1 X111.904 Y118.819 E42.16887
G1 X111.905 Y119.274 E42.17458
G0 F7200 X111.725 Y119.361
G0 X111.721 Y119.353
G1 F1500 E35.67458
G0 F7200 X111.682 Y119.27
G0 X109.59 Y119.47
G1 F1500 E42.17458
G0 F7200 X109.61 Y119.9
G1 F1800 X109.195 Y119.9 E42.17978
G1 X109.196 Y119.4 E42.18605
G1 X109.61 Y119.4 E42.19124
G1 X109.61 Y119.9 E42.19751
G0 F7200 X109.41 Y119.9
G0 X109.41 Y119.8
G0 X110.475 Y119.414
G0 X110.62 Y120.751
G0 X115.231 Y119.265
G0 X116.434 Y119.084
G0 X116.534 Y119.032
G1 F1800 X116.535 Y119.488 E42.20323
G1 X116.096 Y119.275 E42.20935
G1 X116.096 Y118.819 E42.21507
G1 X116.534 Y119.032 E42.22118
G0 F7200 X116.534 Y119.232
G0 X116.496 Y119.231
G1 F1500 E35.72118
G0 F7200 X116.434 Y119.23
G0 X116.525 Y116.472
G1 F1500 E42.22118
G0 F7200 X116.534 Y116.032
G1 F1800 X116.535 Y116.488 E42.22689
G1 X116.096 Y116.275 E42.23301
G1 X116.096 Y115.819 E42.23873
G1 X116.534 Y116.032 E42.24484
G0 F7200 X116.534 Y116.232
G0 X116.496 Y116.231
G0 X116.434 Y116.23
G0 X116.525 Y113.472
G0 X116.534 Y113.032
G1 F1800 X116.535 Y113.488 E42.25056
G1 X116.096 Y113.275 E42.25668
G1 X116.096 Y112.819 E42.2624
G1 X116.534 Y113.032 E42.2685
G0 F7200 X116.534 Y113.232
G0 X116.496 Y113.231
G0 X116.434 Y113.23
G0 X116.525 Y110.472
G0 X116.534 Y110.032
G1 F1800 X116.535 Y110.488 E42.27422
G1 X116.096 Y110.275 E42.28034
G1 X116.096 Y109.819 E42.28606
G1 X116.534 Y110.032 E42.29217
G0 F7200 X116.534 Y110.232
G0 X116.496 Y110.231
G1 F1500 E35.79217
G0 F7200 X116.434 Y110.23
G0 X118.601 Y110.209
G0 X119.814 Y110.207
G1 F1500 E42.29217
G0 F7200 X119.904 Y110.275
G1 F1800 X119.466 Y110.487 E42.29827
G1 X119.465 Y110.032 E42.30398
G1 X119.904 Y109.819 E42.31009
G1 X119.904 Y110.275 E42.31581
G0 F7200 X119.724 Y110.362
G0 X119.72 Y110.353
G0 X119.682 Y110.271
G0 X119.894 Y112.835
G0 X119.904 Y113.275
G1 F1800 X119.466 Y113.487 E42.32191
G1 X119.465 Y113.032 E42.32762
G1 X119.904 Y112.819 E42.33374
G1 X119.904 Y113.275 E42.33946
G0 F7200 X119.724 Y113.362
G0 X119.72 Y113.353
G1 F1500 E35.83946
G0 F7200 X119.682 Y113.271
G0 X119.894 Y115.835
G1 F1500 E42.33946
G0 F7200 X119.905 Y116.274
G1 F1800 X119.466 Y116.486 E42.34557
G1 X119.465 Y116.032 E42.35127
G1 X119.904 Y115.819 E42.35738
G1 X119.905 Y116.274 E42.36309
G0 F7200 X119.725 Y116.361
G0 X119.721 Y116.353
G0 X119.682 Y116.27
G0 X119.894 Y118.835
G0 X119.905 Y119.274
G1 F1800 X119.466 Y119.486 E42.3692
G1 X119.465 Y119.032 E42.3749
G1 X119.904 Y118.819 E42.38102
G1 X119.905 Y119.274 E42.38672
G0 F7200 X119.725 Y119.361
G0 X119.721 Y119.353
G1 F1500 E35.88672
G0 F7200 X119.682 Y119.27
G0 X120.769 Y119.092
G0 X123.231 Y119.085
G0 X124.434 Y119.084
G1 F1500 E42.38672
G0 F7200 X124.534 Y119.032
G1 F1800 X124.535 Y119.488 E42.39244
G1 X124.096 Y119.275 E42.39856
G1 X124.095 Y118.819 E42.40428
G1 X124.534 Y119.032 E42.4104
G0 F7200 X124.534 Y119.232
G0 X124.496 Y119.232
G0 X124.434 Y119.231
G0 X124.525 Y116.472
G0 X124.534 Y116.032
G1 F1800 X124.535 Y116.488 E42.41612
G1 X124.096 Y116.275 E42.42223
G1 X124.095 Y115.819 E42.42795
G1 X124.534 Y116.032 E42.43407
G0 F7200 X124.534 Y116.232
G0 X124.496 Y116.232
G0 X124.434 Y116.231
G0 X124.525 Y113.472
G0 X124.534 Y113.032
G1 F1800 X124.535 Y113.488 E42.43979
G1 X124.096 Y113.275 E42.44591
G1 X124.096 Y112.819 E42.45163
G1 X124.534 Y113.032 E42.45774
G0 F7200 X124.534 Y113.232
G0 X124.496 Y113.231
G1 F1500 E35.95774
G0 F7200 X124.434 Y113.23
G0 X124.525 Y110.472
G1 F1500 E42.45774
G0 F7200 X124.534 Y110.032
G1 F1800 X124.535 Y110.488 E42.46345
G1 X124.096 Y110.275 E42.46957
G1 X124.096 Y109.819 E42.47529
G1 X124.534 Y110.032 E42.4814
G0 F7200 X124.534 Y110.232
G0 X124.496 Y110.231
G0 X124.434 Y110.23
G0 X126.601 Y110.222
G0 X127.804 Y110.22
G0 X127.905 Y110.274
G1 F1800 X127.466 Y110.486 E42.48751
G1 X127.465 Y110.032 E42.49321
G1 X127.904 Y109.819 E42.49932
G1 X127.905 Y110.274 E42.50503
G0 F7200 X127.725 Y110.361
G0 X127.721 Y110.353
G1 F1500 E36.00503
G0 F7200 X127.682 Y110.27
G0 X127.894 Y112.835
G1 F1500 E42.50503
G0 F7200 X127.905 Y113.274
G1 F1800 X127.466 Y113.486 E42.51114
G1 X127.465 Y113.032 E42.51684
G1 X127.904 Y112.819 E42.52296
G1 X127.905 Y113.274 E42.52866
G0 F7200 X127.725 Y113.361
G0 X127.721 Y113.353
G0 X127.682 Y113.27
G0 X127.894 Y115.835
G0 X127.905 Y116.274
G1 F1800 X127.466 Y116.486 E42.53478
G1 X127.465 Y116.032 E42.54047
G1 X127.904 Y115.819 E42.54659
G1 X127.905 Y116.274 E42.55229
G0 F7200 X127.725 Y116.361
G0 X127.721 Y116.353
G0 X127.682 Y116.27
G0 X127.894 Y118.835
G0 X127.905 Y119.274
G1 F1800 X127.466 Y119.486 E42.55841
G1 X127.465 Y119.032 E42.5641
G1 X127.904 Y118.819 E42.57022
G1 X127.905 Y119.274 E42.57593
G0 F7200 X127.725 Y119.361
G0 X127.721 Y119.353
G1 F1500 E36.07593
G0 F7200 X127.682 Y119.27
G0 X128.769 Y119.092
G0 X131.231 Y119.085
G0 X132.434 Y119.084
G1 F1500 E42.57593
G0 F7200 X132.534 Y119.032
G1 F1800 X132.535 Y119.488 E42.58164
G1 X132.096 Y119.275 E42.58776
G1 X132.095 Y118.819 E42.59348
G1 X132.534 Y119.032 E42.5996
G0 F7200 X132.534 Y119.232
G0 X132.496 Y119.232
G1 F1500 E36.0996
G0 F7200 X132.434 Y119.231
G0 X132.525 Y116.472
G1 F1500 E42.5996
G0 F7200 X132.534 Y116.032
G1 F1800 X132.535 Y116.488 E42.60532
G1 X132.096 Y116.275 E42.61144
G1 X132.095 Y115.819 E42.61716
G1 X132.534 Y116.032 E42.62328
G0 F7200 X132.534 Y116.232
G0 X132.496 Y116.232
G1 F1500 E36.12328
G0 F7200 X132.434 Y116.231
G0 X132.525 Y113.472
G1 F1500 E42.62328
G0 F7200 X132.534 Y113.032
G1 F1800 X132.535 Y113.488 E42.62899
G1 X132.096 Y113.275 E42.63511
G1 X132.096 Y112.819 E42.64083
G1 X132.534 Y113.032 E42.64694
G0 F7200 X132.534 Y113.232
G0 X132.496 Y113.231
G1 F1500 E36.14694
G0 F7200 X132.434 Y113.23
G0 X132.525 Y110.472
G1 F1500 E42.64694
G0 F7200 X132.534 Y110.032
G1 F1800 X132.535 Y110.488 E42.65266
G1 X132.096 Y110.275 E42.65878
G1 X132.096 Y109.819 E42.66449
G1 X132.534 Y110.032 E42.6706
G0 F7200 X132.534 Y110.232
G0 X132.496 Y110.231
G1 F1500 E36.1706
;MESH:NONMESH
G0 F600 X132.496 Y110.231 Z7.4
G0 F7200 X132.434 Y110.23
G0 X131.231 Y110.091
G0 X126.62 Y111.751
G0 X125.383 Y111.761
G0 X120.762 Y110.813
G0 X119.555 Y111.403
G0 X117.383 Y111.761
G0 X112.769 Y110.263
G0 X111.573 Y110.091
G1 F1500 E42.6706
G0 F7200 X111.38 Y110.074
;TIME_ELAPSED:403.163150
;LAYER:36
;TYPE:WALL-OUTER
;MESH:output_v2\B_media_suporte.stl
G1 F1800 X111.694 Y109.921 E42.67498
G1 X111.695 Y110.376 E42.68069
G1 X111.256 Y110.589 E42.68681
G1 X111.255 Y110.122 E42.69266
G1 X111.38 Y110.074 E42.69434
G0 F7200 X111.559 Y109.987
G0 X111.294 Y110.346
G1 F1500 E36.19434
G0 F7200 X111.356 Y110.347
G0 X111.684 Y112.937
G1 F1500 E42.69434
G0 F7200 X111.38 Y113.074
G1 F1800 X111.694 Y112.921 E42.69872
G1 X111.695 Y113.376 E42.70443
G1 X111.256 Y113.589 E42.71055
G1 X111.255 Y113.122 E42.7164
G1 X111.38 Y113.074 E42.71808
G0 F7200 X111.559 Y112.987
G0 X111.294 Y113.346
G1 F1500 E36.21808
G0 F7200 X111.356 Y113.347
G0 X111.684 Y115.937
G1 F1500 E42.71808
G0 F7200 X111.38 Y116.074
G1 F1800 X111.694 Y115.921 E42.72246
G1 X111.695 Y116.376 E42.72817
G1 X111.256 Y116.589 E42.73429
G1 X111.255 Y116.122 E42.74015
G1 X111.38 Y116.074 E42.74182
G0 F7200 X111.559 Y115.987
G0 X111.294 Y116.346
G1 F1500 E36.24182
G0 F7200 X111.356 Y116.347
G0 X111.684 Y118.937
G1 F1500 E42.74182
G0 F7200 X111.38 Y119.074
G1 F1800 X111.694 Y118.921 E42.7462
G1 X111.695 Y119.376 E42.75191
G1 X111.256 Y119.589 E42.75803
G1 X111.255 Y119.122 E42.76389
G1 X111.38 Y119.074 E42.76557
G0 F7200 X111.559 Y118.987
G0 X111.294 Y119.346
G1 F1500 E36.26557
G0 F7200 X111.356 Y119.347
G0 X109.632 Y119.573
G1 F1500 E42.76557
G0 F7200 X109.652 Y119.9
G1 F1800 X109.233 Y119.9 E42.77082
G1 X109.234 Y119.4 E42.77709
G1 X109.652 Y119.4 E42.78233
G1 X109.652 Y119.9 E42.7886
G0 F7200 X109.452 Y119.9
G0 X109.452 Y119.8
G0 X109.638 Y118.535
G0 X112.539 Y117.572
G0 X115.441 Y119.367
G0 X116.581 Y119.165
G0 X116.62 Y119.074
G1 F1800 X116.744 Y119.122 E42.79027
G1 X116.745 Y119.589 E42.79613
G1 X116.306 Y119.377 E42.7997
G1 X116.306 Y118.921 E42.80521
G1 X116.62 Y119.074 E42.80698
G0 F7200 X116.744 Y119.122
G0 X116.744 Y119.19
G0 X116.706 Y119.189
G0 X116.643 Y119.189
G0 X119.271 Y119.133
G0 X119.38 Y119.074
G1 F1800 X119.694 Y118.921 E42.81136
G1 X119.695 Y119.376 E42.81707
G1 X119.256 Y119.589 E42.82319
G1 X119.255 Y119.122 E42.82904
G1 X119.38 Y119.074 E42.83072
G0 F7200 X119.559 Y118.987
G0 X119.294 Y119.346
G1 F1500 E36.33072
G0 F7200 X119.356 Y119.347
G0 X119.266 Y116.573
G1 F1500 E42.83072
G0 F7200 X119.38 Y116.074
G1 F1800 X119.694 Y115.921 E42.8351
G1 X119.695 Y116.376 E42.84081
G1 X119.256 Y116.589 E42.84693
G1 X119.255 Y116.122 E42.85278
G1 X119.38 Y116.074 E42.85446
G0 F7200 X119.559 Y115.987
G0 X119.294 Y116.346
G0 X119.356 Y116.347
G0 X116.744 Y116.138
G0 X116.62 Y116.074
G1 F1800 X116.744 Y116.122 E42.85613
G1 X116.745 Y116.589 E42.86199
G1 X116.306 Y116.377 E42.86556
G1 X116.306 Y115.921 E42.87107
G1 X116.62 Y116.074 E42.87284
G0 F7200 X116.744 Y116.122
G0 X116.744 Y116.19
G0 X116.706 Y116.189
G0 X116.643 Y116.189
G0 X116.735 Y113.573
G0 X116.62 Y113.074
G1 F1800 X116.744 Y113.122 E42.87451
G1 X116.745 Y113.589 E42.88036
G1 X116.306 Y113.377 E42.88394
G1 X116.306 Y112.921 E42.88945
G1 X116.62 Y113.074 E42.89122
G0 F7200 X116.744 Y113.122
G0 X116.744 Y113.19
G0 X116.706 Y113.189
G0 X116.643 Y113.189
G0 X119.271 Y113.133
G0 X119.38 Y113.074
G1 F1800 X119.694 Y112.921 E42.8956
G1 X119.694 Y113.377 E42.90132
G1 X119.256 Y113.589 E42.90742
G1 X119.255 Y113.122 E42.91328
G1 X119.38 Y113.074 E42.91495
G0 F7200 X119.559 Y112.987
G0 X119.294 Y113.346
G0 X119.356 Y113.347
G0 X119.266 Y110.573
G0 X119.38 Y110.074
G1 F1800 X119.694 Y109.921 E42.91933
G1 X119.694 Y110.377 E42.92505
G1 X119.256 Y110.589 E42.93116
G1 X119.255 Y110.122 E42.93701
G1 X119.38 Y110.074 E42.93869
G0 F7200 X119.559 Y109.987
G0 X119.294 Y110.346
G0 X119.356 Y110.347
G0 X116.744 Y110.138
G0 X116.62 Y110.074
G1 F1800 X116.744 Y110.122 E42.94036
G1 X116.745 Y110.589 E42.94621
G1 X116.306 Y110.377 E42.94979
G1 X116.306 Y109.921 E42.9553
G1 X116.62 Y110.074 E42.95707
G0 F7200 X116.744 Y110.122
G0 X116.744 Y110.19
G0 X116.706 Y110.189
G0 X116.643 Y110.189
G0 X118.397 Y109.535
G0 X120.54 Y108.571
G0 X123.441 Y110.181
G0 X124.581 Y110.165
G0 X124.62 Y110.074
G1 F1800 X124.744 Y110.122 E42.95874
G1 X124.745 Y110.589 E42.96459
G1 X124.306 Y110.377 E42.96817
G1 X124.306 Y109.921 E42.97368
G1 X124.62 Y110.074 E42.97545
G0 F7200 X124.744 Y110.122
G0 X124.744 Y110.19
G0 X124.706 Y110.189
G0 X124.643 Y110.189
G0 X127.271 Y110.133
G0 X127.38 Y110.074
G1 F1800 X127.694 Y109.921 E42.97983
G1 X127.695 Y110.376 E42.98553
G1 X127.256 Y110.589 E42.99165
G1 X127.255 Y110.122 E42.99751
G1 X127.38 Y110.074 E42.99919
G0 F7200 X127.559 Y109.987
G0 X127.294 Y110.346
G0 X127.356 Y110.347
G0 X127.684 Y112.937
G0 X127.38 Y113.074
G1 F1800 X127.694 Y112.921 E43.00357
G1 X127.695 Y113.376 E43.00927
G1 X127.256 Y113.589 E43.01539
G1 X127.255 Y113.122 E43.02125
G1 X127.38 Y113.074 E43.02293
G0 F7200 X127.559 Y112.987
G0 X127.294 Y113.346
G1 F1500 E36.52293
G0 F7200 X127.356 Y113.347
G0 X124.744 Y113.138
G1 F1500 E43.02293
G0 F7200 X124.62 Y113.074
G1 F1800 X124.744 Y113.122 E43.0246
G1 X124.745 Y113.589 E43.03045
G1 X124.306 Y113.377 E43.03403
G1 X124.306 Y112.921 E43.03954
G1 X124.62 Y113.074 E43.04131
G0 F7200 X124.744 Y113.122
G0 X124.744 Y113.19
G0 X124.706 Y113.189
G0 X124.643 Y113.189
G0 X124.315 Y115.937
G0 X124.62 Y116.074
G1 F1800 X124.744 Y116.122 E43.04297
G1 X124.745 Y116.589 E43.04883
G1 X124.306 Y116.377 E43.0524
G1 X124.305 Y115.921 E43.05792
G1 X124.62 Y116.074 E43.0597
G0 F7200 X124.744 Y116.122
G0 X124.744 Y116.19
G0 X124.706 Y116.19
G0 X124.643 Y116.19
G0 X127.271 Y116.133
G0 X127.38 Y116.074
G1 F1800 X127.694 Y115.921 E43.06408
G1 X127.695 Y116.376 E43.06978
G1 X127.256 Y116.589 E43.0759
G1 X127.255 Y116.122 E43.08176
G1 X127.38 Y116.074 E43.08344
G0 F7200 X127.559 Y115.987
G0 X127.294 Y116.346
G1 F1500 E36.58344
G0 F7200 X127.356 Y116.347
G0 X127.684 Y118.937
G1 F1500 E43.08344
G0 F7200 X127.38 Y119.074
G1 F1800 X127.694 Y118.921 E43.08782
G1 X127.695 Y119.376 E43.09352
G1 X127.256 Y119.589 E43.09964
G1 X127.255 Y119.122 E43.1055
G1 X127.38 Y119.074 E43.10718
G0 F7200 X127.559 Y118.987
G0 X127.294 Y119.346
G0 X127.356 Y119.347
G0 X124.744 Y119.165
G0 X124.62 Y119.074
G1 F1800 X124.744 Y119.122 E43.10885
G1 X124.745 Y119.589 E43.1147
G1 X124.306 Y119.377 E43.11828
G1 X124.305 Y118.921 E43.12379
G1 X124.62 Y119.074 E43.12557
G0 F7200 X124.744 Y119.122
G0 X124.744 Y119.19
G0 X124.706 Y119.19
G0 X124.643 Y119.19
G0 X126.397 Y118.535
G0 X128.539 Y117.572
G0 X131.441 Y119.166
G0 X132.581 Y119.165
G0 X132.62 Y119.074
G1 F1800 X132.744 Y119.122 E43.12724
G1 X132.745 Y119.589 E43.13309
G1 X132.306 Y119.377 E43.13667
G1 X132.305 Y118.921 E43.14218
G1 X132.62 Y119.074 E43.14396
G0 F7200 X132.744 Y119.122
G0 X132.744 Y119.19
G0 X132.706 Y119.19
G1 F1500 E36.64396
G0 F7200 X132.643 Y119.19
G0 X132.735 Y116.573
G1 F1500 E43.14396
G0 F7200 X132.62 Y116.074
G1 F1800 X132.744 Y116.122 E43.14563
G1 X132.745 Y116.589 E43.15148
G1 X132.306 Y116.377 E43.15506
G1 X132.305 Y115.921 E43.16057
G1 X132.62 Y116.074 E43.16235
G0 F7200 X132.744 Y116.122
G0 X132.744 Y116.19
G0 X132.706 Y116.19
G0 X132.643 Y116.19
G0 X132.735 Y113.573
G0 X132.62 Y113.074
G1 F1800 X132.744 Y113.122 E43.16402
G1 X132.745 Y113.589 E43.16987
G1 X132.306 Y113.377 E43.17345
G1 X132.306 Y112.921 E43.17896
G1 X132.62 Y113.074 E43.18073
G0 F7200 X132.744 Y113.122
G0 X132.744 Y113.19
G0 X132.706 Y113.189
G1 F1500 E36.68073
G0 F7200 X132.643 Y113.189
G0 X132.735 Y110.573
G1 F1500 E43.18073
G0 F7200 X132.62 Y110.074
G1 F1800 X132.744 Y110.122 E43.1824
G1 X132.745 Y110.589 E43.18825
G1 X132.306 Y110.377 E43.19183
G1 X132.306 Y109.921 E43.19734
G1 X132.62 Y110.074 E43.19911
G0 F7200 X132.744 Y110.122
G0 X132.744 Y110.19
G0 X132.706 Y110.189
;MESH:NONMESH
G0 F600 X132.706 Y110.189 Z7.6
G0 F7200 X132.643 Y110.189
G0 X131.441 Y110.165
G0 X128.539 Y108.572
G0 X115.46 Y108.571
G0 X112.559 Y110.209
G0 X111.419 Y110.165
G0 X111.38 Y110.074
;TIME_ELAPSED:412.139310
;LAYER:37
;TYPE:WALL-OUTER
;MESH:output_v2\B_media_suporte.stl
G1 F1800 X111.484 Y110.023 E43.20056
G1 X111.485 Y110.478 E43.20626
G1 X111.225 Y110.604 E43.20989
G1 X111.046 Y110.673 E43.21229
G1 X111.045 Y110.202 E43.2182
G1 X111.38 Y110.074 E43.2227
G0 F7200 X111.484 Y110.023
G0 X111.484 Y110.108
G0 X111.253 Y110.551
G0 X111.226 Y110.492
G0 X111.474 Y113.04
G0 X111.38 Y113.074
G1 F1800 X111.484 Y113.023 E43.22415
G1 X111.485 Y113.478 E43.22986
G1 X111.225 Y113.604 E43.23348
G1 X111.046 Y113.673 E43.23588
G1 X111.045 Y113.202 E43.24179
G1 X111.38 Y113.074 E43.24629
G0 F7200 X111.484 Y113.023
G0 X111.484 Y113.108
G0 X111.253 Y113.551
G1 F1500 E36.74629
G0 F7200 X111.226 Y113.492
G0 X111.474 Y116.04
G1 F1500 E43.24629
G0 F7200 X111.38 Y116.074
G1 F1800 X111.484 Y116.023 E43.24774
G1 X111.485 Y116.478 E43.25345
G1 X111.225 Y116.604 E43.25707
G1 X111.046 Y116.673 E43.25948
G1 X111.045 Y116.202 E43.26538
G1 X111.38 Y116.074 E43.26988
G0 F7200 X111.484 Y116.023
G0 X111.484 Y116.108
G0 X111.253 Y116.551
G0 X111.226 Y116.492
G0 X111.474 Y119.04
G0 X111.38 Y119.074
G1 F1800 X111.484 Y119.023 E43.27133
G1 X111.485 Y119.478 E43.27704
G1 X111.225 Y119.604 E43.28066
G1 X111.046 Y119.673 E43.28307
G1 X111.045 Y119.202 E43.28897
G1 X111.38 Y119.074 E43.29347
G0 F7200 X111.484 Y119.023
G0 X111.484 Y119.108
G0 X111.253 Y119.551
G0 X111.226 Y119.492
G0 X109.699 Y119.659
G0 X109.7 Y119.9
G1 F1800 X109.273 Y119.9 E43.29883
G1 X109.273 Y119.4 E43.3051
G1 X109.699 Y119.4 E43.31044
G1 X109.7 Y119.9 E43.31671
G0 F7200 X109.5 Y119.9
G0 X109.5 Y119.8
G1 F1500 E36.81671
G0 F7200 X110.24 Y118.536
G0 X112.329 Y117.674
G0 X115.651 Y119.414
G1 F1500 E43.31671
G0 F7200 X116.62 Y119.074
G1 F1800 X116.954 Y119.202 E43.32119
G1 X116.955 Y119.673 E43.3271
G1 X116.775 Y119.604 E43.32952
G1 X116.516 Y119.479 E43.33312
G1 X116.516 Y119.023 E43.33884
G1 X116.62 Y119.074 E43.3403
G0 F7200 X116.807 Y119.145
G0 X116.825 Y119.185
G0 X116.8 Y119.249
G0 X119.061 Y119.213
G0 X119.38 Y119.074
G1 F1800 X119.484 Y119.023 E43.34175
G1 X119.485 Y119.478 E43.34745
G1 X119.225 Y119.604 E43.35108
G1 X119.046 Y119.673 E43.35348
G1 X119.045 Y119.202 E43.35939
G1 X119.38 Y119.074 E43.36389
G0 F7200 X119.484 Y119.023
G0 X119.484 Y119.108
G0 X119.253 Y119.551
G1 F1500 E36.86389
G0 F7200 X119.226 Y119.492
G0 X119.057 Y116.657
G1 F1500 E43.36389
G0 F7200 X119.38 Y116.074
G1 F1800 X119.484 Y116.023 E43.36534
G1 X119.485 Y116.478 E43.37104
G1 X119.225 Y116.604 E43.37467
G1 X119.046 Y116.673 E43.37707
G1 X119.045 Y116.202 E43.38298
G1 X119.38 Y116.074 E43.38748
G0 F7200 X119.484 Y116.023
G0 X119.484 Y116.108
G0 X119.253 Y116.551
G0 X119.226 Y116.492
G0 X116.938 Y116.213
G0 X116.62 Y116.074
G1 F1800 X116.954 Y116.202 E43.39196
G1 X116.955 Y116.673 E43.39787
G1 X116.775 Y116.604 E43.40029
G1 X116.516 Y116.479 E43.40389
G1 X116.516 Y116.023 E43.40961
G1 X116.62 Y116.074 E43.41106
G0 F7200 X116.807 Y116.145
G0 X116.825 Y116.185
G1 F1500 E36.91106
G0 F7200 X116.8 Y116.249
G0 X116.944 Y113.657
G1 F1500 E43.41106
G0 F7200 X116.62 Y113.074
G1 F1800 X116.954 Y113.202 E43.41555
G1 X116.955 Y113.673 E43.42146
G1 X116.775 Y113.604 E43.42387
G1 X116.516 Y113.479 E43.42748
G1 X116.516 Y113.023 E43.4332
G1 X116.62 Y113.074 E43.43465
G0 F7200 X116.807 Y113.145
G0 X116.825 Y113.185
G0 X116.8 Y113.249
G0 X119.061 Y113.213
G0 X119.38 Y113.074
G1 F1800 X119.484 Y113.023 E43.4361
G1 X119.484 Y113.479 E43.44182
G1 X119.225 Y113.604 E43.44543
G1 X119.046 Y113.673 E43.44783
G1 X119.045 Y113.202 E43.45374
G1 X119.38 Y113.074 E43.45824
G0 F7200 X119.484 Y113.023
G0 X119.484 Y113.108
G0 X119.253 Y113.552
G1 F1500 E36.95824
G0 F7200 X119.227 Y113.492
G0 X119.057 Y110.657
G1 F1500 E43.45824
G0 F7200 X119.38 Y110.074
G1 F1800 X119.484 Y110.023 E43.45969
G1 X119.484 Y110.479 E43.46541
G1 X119.225 Y110.604 E43.46902
G1 X119.046 Y110.673 E43.47142
G1 X119.045 Y110.202 E43.47733
G1 X119.38 Y110.074 E43.48182
G0 F7200 X119.484 Y110.023
G0 X119.484 Y110.108
G0 X119.253 Y110.552
G0 X119.227 Y110.492
G0 X116.938 Y110.213
G0 X116.62 Y110.074
G1 F1800 X116.954 Y110.202 E43.48631
G1 X116.955 Y110.673 E43.49222
G1 X116.775 Y110.604 E43.49463
G1 X116.516 Y110.479 E43.49824
G1 X116.516 Y110.023 E43.50396
G1 X116.62 Y110.074 E43.50541
G0 F7200 X116.807 Y110.145
G0 X116.825 Y110.185
G0 X116.8 Y110.249
G0 X117.818 Y110.211
G0 X120.33 Y108.674
G0 X123.651 Y110.213
G0 X124.62 Y110.074
G1 F1800 X124.954 Y110.202 E43.5099
G1 X124.955 Y110.673 E43.5158
G1 X124.775 Y110.604 E43.51822
G1 X124.516 Y110.479 E43.52183
G1 X124.516 Y110.023 E43.52755
G1 X124.62 Y110.074 E43.529
G0 F7200 X124.807 Y110.145
G0 X124.825 Y110.185
G1 F1500 E37.029
G0 F7200 X124.8 Y110.249
G0 X127.061 Y110.213
G1 F1500 E43.529
G0 F7200 X127.38 Y110.074
G1 F1800 X127.484 Y110.023 E43.53045
G1 X127.485 Y110.478 E43.53616
G1 X127.225 Y110.604 E43.53978
G1 X127.046 Y110.673 E43.54219
G1 X127.045 Y110.202 E43.54809
G1 X127.38 Y110.074 E43.55259
G0 F7200 X127.484 Y110.023
G0 X127.484 Y110.108
G0 X127.253 Y110.551
G0 X127.226 Y110.492
G0 X127.474 Y113.04
G0 X127.38 Y113.074
G1 F1800 X127.484 Y113.023 E43.55404
G1 X127.485 Y113.478 E43.55975
G1 X127.225 Y113.604 E43.56337
G1 X127.046 Y113.673 E43.56578
G1 X127.045 Y113.202 E43.57168
G1 X127.38 Y113.074 E43.57618
G0 F7200 X127.484 Y113.023
G0 X127.484 Y113.108
G0 X127.253 Y113.551
G1 F1500 E37.07618
G0 F7200 X127.226 Y113.492
G0 X124.938 Y113.213
G1 F1500 E43.57618
G0 F7200 X124.62 Y113.074
G1 F1800 X124.954 Y113.202 E43.58067
G1 X124.955 Y113.673 E43.58657
G1 X124.775 Y113.604 E43.58899
G1 X124.516 Y113.479 E43.5926
G1 X124.516 Y113.023 E43.59832
G1 X124.62 Y113.074 E43.59977
G0 F7200 X124.807 Y113.145
G0 X124.825 Y113.185
G0 X124.8 Y113.249
G0 X124.525 Y116.039
G0 X124.62 Y116.074
G1 F1800 X124.954 Y116.202 E43.60425
G1 X124.955 Y116.673 E43.61016
G1 X124.775 Y116.604 E43.61258
G1 X124.516 Y116.479 E43.61618
G1 X124.515 Y116.023 E43.6219
G1 X124.62 Y116.074 E43.62337
G0 F7200 X124.807 Y116.145
G0 X124.825 Y116.185
G0 X124.8 Y116.249
G0 X127.061 Y116.213
G0 X127.38 Y116.074
G1 F1800 X127.484 Y116.023 E43.62482
G1 X127.485 Y116.478 E43.63052
G1 X127.225 Y116.604 E43.63415
G1 X127.046 Y116.673 E43.63655
G1 X127.045 Y116.202 E43.64246
G1 X127.38 Y116.074 E43.64696
G0 F7200 X127.484 Y116.023
G0 X127.484 Y116.108
G0 X127.253 Y116.551
G0 X127.226 Y116.492
G0 X127.474 Y119.04
G0 X127.38 Y119.074
G1 F1800 X127.484 Y119.023 E43.64841
G1 X127.485 Y119.478 E43.65412
G1 X127.225 Y119.604 E43.65774
G1 X127.046 Y119.673 E43.66014
G1 X127.045 Y119.202 E43.66605
G1 X127.38 Y119.074 E43.67055
G0 F7200 X127.484 Y119.023
G0 X127.484 Y119.108
G0 X127.253 Y119.551
G0 X127.226 Y119.492
G0 X124.938 Y119.213
G0 X124.62 Y119.074
G1 F1800 X124.954 Y119.202 E43.67503
G1 X124.955 Y119.673 E43.68094
G1 X124.775 Y119.604 E43.68336
G1 X124.516 Y119.479 E43.68696
G1 X124.515 Y119.023 E43.69268
G1 X124.62 Y119.074 E43.69415
G0 F7200 X124.807 Y119.145
G0 X124.825 Y119.185
G0 X124.8 Y119.249
G0 X125.818 Y119.211
G0 X128.329 Y117.674
G0 X131.651 Y119.198
G0 X132.62 Y119.074
G1 F1800 X132.954 Y119.202 E43.69863
G1 X132.954 Y119.673 E43.70454
G1 X132.775 Y119.604 E43.70694
G1 X132.516 Y119.479 E43.71055
G1 X132.515 Y119.023 E43.71627
G1 X132.62 Y119.074 E43.71773
G0 F7200 X132.807 Y119.145
G0 X132.825 Y119.185
G0 X132.8 Y119.249
G0 X132.944 Y116.657
G0 X132.62 Y116.074
G1 F1800 X132.954 Y116.202 E43.72222
G1 X132.955 Y116.673 E43.72813
G1 X132.775 Y116.604 E43.73054
G1 X132.516 Y116.479 E43.73415
G1 X132.515 Y116.023 E43.73987
G1 X132.62 Y116.074 E43.74133
G0 F7200 X132.807 Y116.145
G0 X132.825 Y116.185
G0 X132.8 Y116.249
G0 X132.943 Y113.657
G0 X132.62 Y113.074
G1 F1800 X132.954 Y113.202 E43.74582
G1 X132.954 Y113.673 E43.75172
G1 X132.775 Y113.604 E43.75413
G1 X132.516 Y113.479 E43.75774
G1 X132.516 Y113.023 E43.76345
G1 X132.62 Y113.074 E43.76491
G0 F7200 X132.807 Y113.145
G0 X132.825 Y113.185
G0 X132.8 Y113.249
G0 X132.944 Y110.657
G0 X132.62 Y110.074
G1 F1800 X132.954 Y110.202 E43.76939
G1 X132.955 Y110.673 E43.7753
G1 X132.775 Y110.604 E43.77772
G1 X132.516 Y110.479 E43.78132
G1 X132.516 Y110.023 E43.78704
G1 X132.62 Y110.074 E43.78849
G0 F7200 X132.807 Y110.145
G0 X132.825 Y110.185
G1 F1500 E37.28849
;MESH:NONMESH
G0 F600 X132.825 Y110.185 Z7.8
G0 F7200 X132.8 Y110.249
G0 X131.651 Y110.266
G0 X126.198 Y111.796
G0 X119.564 Y111.4
G0 X118.198 Y111.796
G0 X112.349 Y110.311
G0 X111.157 Y110.266
G1 F1500 E43.78849
G0 F7200 X110.962 Y110.234
;TIME_ELAPSED:420.506950
;LAYER:38
;TYPE:WALL-OUTER
;MESH:output_v2\B_media_suporte.stl
G1 F1800 X111.275 Y110.114 E43.7927
G1 X111.276 Y110.58 E43.79854
G1 X111.226 Y110.604 E43.79924
G1 X110.836 Y110.754 E43.80448
G1 X110.835 Y110.269 E43.81056
G1 X110.962 Y110.234 E43.81221
G0 F7200 X111.148 Y110.163
G0 X110.875 Y110.536
G0 X110.936 Y110.537
G0 X111.264 Y113.13
G0 X110.962 Y113.234
G1 F1800 X111.275 Y113.114 E43.81641
G1 X111.276 Y113.58 E43.82226
G1 X111.226 Y113.604 E43.82295
G1 X110.836 Y113.754 E43.82819
G1 X110.835 Y113.269 E43.83428
G1 X110.962 Y113.234 E43.83593
G0 F7200 X111.148 Y113.163
G0 X110.875 Y113.536
G1 F1500 E37.33593
G0 F7200 X110.936 Y113.537
G0 X111.264 Y116.13
G1 F1500 E43.83593
G0 F7200 X110.962 Y116.234
G1 F1800 X111.275 Y116.114 E43.84013
G1 X111.276 Y116.58 E43.84598
G1 X111.226 Y116.604 E43.84667
G1 X110.836 Y116.754 E43.85191
G1 X110.835 Y116.269 E43.85799
G1 X110.962 Y116.234 E43.85964
G0 F7200 X111.148 Y116.163
G0 X111.038 Y116.412
;TYPE:SKIN
G1 F1800 X111.077 Y116.451 E43.85999
G0 F7200 X111.133 Y116.596
G0 X111.114 Y116.54
G0 X111.264 Y119.13
G0 X110.962 Y119.234
;TYPE:WALL-OUTER
G1 F1800 X111.275 Y119.114 E43.86419
G1 X111.276 Y119.58 E43.87004
G1 X111.226 Y119.604 E43.87073
G1 X110.836 Y119.754 E43.87597
G1 X110.835 Y119.269 E43.88206
G1 X110.962 Y119.234 E43.88371
G0 F7200 X111.148 Y119.163
G0 X110.875 Y119.536
G0 X110.936 Y119.537
G0 X109.743 Y119.738
G0 X109.763 Y119.9
G1 F1800 X109.328 Y119.9 E43.88916
G1 X109.329 Y119.4 E43.89543
G1 X109.763 Y119.4 E43.90088
G1 X109.763 Y119.9 E43.90715
G0 F7200 X109.563 Y119.9
G0 X109.563 Y119.8
G0 X110.236 Y118.536
G0 X112.12 Y117.78
G0 X115.86 Y119.414
G0 X117.008 Y119.329
G0 X117.038 Y119.234
G1 F1800 X117.164 Y119.268 E43.90878
G1 X117.165 Y119.754 E43.91488
G1 X116.772 Y119.603 E43.91776
G1 X116.725 Y119.58 E43.91842
G1 X116.725 Y119.114 E43.92426
G1 X117.038 Y119.234 E43.92593
G0 F7200 X117.164 Y119.268
G0 X117.164 Y119.338
G0 X117.125 Y119.337
G0 X117.061 Y119.343
G0 X118.836 Y119.329
G0 X118.962 Y119.234
G1 F1800 X119.275 Y119.114 E43.93013
G1 X119.276 Y119.58 E43.93598
G1 X119.226 Y119.604 E43.93667
G1 X118.836 Y119.754 E43.94191
G1 X118.835 Y119.269 E43.94799
G1 X118.962 Y119.234 E43.94965
G0 F7200 X119.148 Y119.163
G0 X118.875 Y119.536
G0 X118.936 Y119.537
G0 X118.847 Y116.738
G0 X118.962 Y116.234
G1 F1800 X119.275 Y116.114 E43.95385
G1 X119.276 Y116.58 E43.95969
G1 X119.226 Y116.604 E43.96039
G1 X118.836 Y116.754 E43.96563
G1 X118.835 Y116.269 E43.97171
G1 X118.962 Y116.234 E43.97336
G0 F7200 X119.148 Y116.163
G0 X118.875 Y116.536
G1 F1500 E37.47336
G0 F7200 X118.936 Y116.537
G0 X117.164 Y116.329
G1 F1500 E43.97336
G0 F7200 X117.038 Y116.234
G1 F1800 X117.164 Y116.268 E43.975
G1 X117.165 Y116.754 E43.98109
G1 X116.772 Y116.603 E43.98398
G1 X116.725 Y116.58 E43.98464
G1 X116.725 Y116.114 E43.99048
G1 X117.038 Y116.234 E43.99215
G0 F7200 X117.164 Y116.268
G0 X117.164 Y116.338
G0 X117.125 Y116.337
G0 X117.061 Y116.343
G0 X117.154 Y113.738
G0 X117.038 Y113.234
G1 F1800 X117.164 Y113.268 E43.99378
G1 X117.165 Y113.754 E43.99988
G1 X116.772 Y113.603 E44.00276
G1 X116.725 Y113.58 E44.00342
G1 X116.725 Y113.114 E44.00926
G1 X117.038 Y113.234 E44.01093
G0 F7200 X117.164 Y113.268
G0 X117.164 Y113.338
G0 X117.125 Y113.337
G0 X117.061 Y113.343
G0 X118.836 Y113.329
G0 X118.962 Y113.234
G1 F1800 X119.275 Y113.114 E44.01513
G1 X119.275 Y113.58 E44.02098
G1 X119.228 Y113.603 E44.02163
G1 X118.836 Y113.754 E44.0269
G1 X118.835 Y113.269 E44.03298
G1 X118.962 Y113.234 E44.03464
G0 F7200 X119.148 Y113.163
G0 X118.875 Y113.536
G1 F1500 E37.53464
G0 F7200 X118.936 Y113.537
G0 X118.847 Y110.738
G1 F1500 E44.03464
G0 F7200 X118.962 Y110.234
G1 F1800 X119.275 Y110.114 E44.03884
G1 X119.275 Y110.58 E44.04468
G1 X119.228 Y110.603 E44.04534
G1 X118.836 Y110.754 E44.05061
G1 X118.835 Y110.269 E44.05669
G1 X118.962 Y110.234 E44.05834
G0 F7200 X119.148 Y110.163
G0 X118.875 Y110.536
G0 X118.936 Y110.537
G0 X117.164 Y110.329
G0 X117.038 Y110.234
G1 F1800 X117.164 Y110.268 E44.05998
G1 X117.165 Y110.754 E44.06607
G1 X116.772 Y110.603 E44.06896
G1 X116.725 Y110.58 E44.06961
G1 X116.725 Y110.114 E44.07546
G1 X117.038 Y110.234 E44.07712
G0 F7200 X117.164 Y110.268
G0 X117.164 Y110.338
G0 X116.968 Y110.463
;TYPE:SKIN
G1 F1800 X116.918 Y110.413 E44.07757
G0 F7200 X116.764 Y110.412
G0 X116.825 Y110.412
G0 X118.028 Y110.343
G0 X123.86 Y110.345
G0 X125.008 Y110.329
G0 X125.038 Y110.234
;TYPE:WALL-OUTER
G1 F1800 X125.164 Y110.268 E44.0792
G1 X125.165 Y110.754 E44.0853
G1 X124.772 Y110.603 E44.08818
G1 X124.725 Y110.58 E44.08884
G1 X124.725 Y110.114 E44.09468
G1 X125.038 Y110.234 E44.09635
G0 F7200 X125.164 Y110.268
G0 X125.164 Y110.338
G0 X125.125 Y110.337
G1 F1500 E37.59635
G0 F7200 X125.061 Y110.343
G0 X126.836 Y110.329
G1 F1500 E44.09635
G0 F7200 X126.962 Y110.234
G1 F1800 X127.275 Y110.114 E44.10056
G1 X127.276 Y110.58 E44.1064
G1 X127.226 Y110.604 E44.10709
G1 X126.836 Y110.754 E44.11233
G1 X126.835 Y110.269 E44.11842
G1 X126.962 Y110.234 E44.12007
G0 F7200 X127.148 Y110.163
G0 X126.875 Y110.536
G1 F1500 E37.62007
G0 F7200 X126.936 Y110.537
G0 X127.264 Y113.13
G1 F1500 E44.12007
G0 F7200 X126.962 Y113.234
G1 F1800 X127.275 Y113.114 E44.12427
G1 X127.276 Y113.58 E44.13012
G1 X127.226 Y113.604 E44.13081
G1 X126.836 Y113.754 E44.13605
G1 X126.835 Y113.269 E44.14213
G1 X126.962 Y113.234 E44.14379
G0 F7200 X127.148 Y113.163
G0 X126.875 Y113.536
G0 X126.936 Y113.537
G0 X125.164 Y113.329
G0 X125.038 Y113.234
G1 F1800 X125.164 Y113.268 E44.14542
G1 X125.165 Y113.754 E44.15152
G1 X124.772 Y113.603 E44.1544
G1 X124.725 Y113.58 E44.15506
G1 X124.725 Y113.114 E44.1609
G1 X125.038 Y113.234 E44.16257
G0 F7200 X125.164 Y113.268
G0 X125.164 Y113.338
G0 X125.125 Y113.337
G0 X125.061 Y113.343
G0 X124.735 Y116.13
G0 X125.038 Y116.234
G1 F1800 X125.164 Y116.268 E44.16421
G1 X125.165 Y116.754 E44.1703
G1 X124.772 Y116.603 E44.17318
G1 X124.725 Y116.58 E44.17384
G1 X124.724 Y116.114 E44.17968
G1 X125.038 Y116.234 E44.18136
G0 F7200 X125.164 Y116.268
G0 X125.164 Y116.338
G0 X125.125 Y116.338
G0 X125.062 Y116.343
G0 X126.836 Y116.329
G0 X126.962 Y116.234
G1 F1800 X127.275 Y116.114 E44.18556
G1 X127.276 Y116.58 E44.19141
G1 X127.226 Y116.604 E44.1921
G1 X126.836 Y116.754 E44.19734
G1 X126.835 Y116.269 E44.20343
G1 X126.962 Y116.234 E44.20508
G0 F7200 X127.148 Y116.163
G0 X126.875 Y116.536
G0 X126.936 Y116.537
G0 X127.264 Y119.13
G0 X126.962 Y119.234
G1 F1800 X127.275 Y119.114 E44.20928
G1 X127.276 Y119.58 E44.21513
G1 X127.226 Y119.604 E44.21582
G1 X126.836 Y119.754 E44.22106
G1 X126.835 Y119.269 E44.22714
G1 X126.962 Y119.234 E44.2288
G0 F7200 X127.148 Y119.163
G0 X127.046 Y119.409
;TYPE:SKIN
G1 F1800 X127.08 Y119.443 E44.2291
G0 F7200 X127.236 Y119.443
G1 F1500 E37.7291
G0 F7200 X127.175 Y119.442
G0 X125.164 Y119.329
G1 F1500 E44.2291
G0 F7200 X125.038 Y119.234
;TYPE:WALL-OUTER
G1 F1800 X125.164 Y119.268 E44.23073
G1 X125.165 Y119.754 E44.23683
G1 X124.772 Y119.603 E44.23971
G1 X124.725 Y119.58 E44.24037
G1 X124.724 Y119.114 E44.24621
G1 X125.038 Y119.234 E44.24789
G0 F7200 X125.164 Y119.268
G0 X125.164 Y119.338
G0 X125.125 Y119.338
G0 X125.062 Y119.343
G0 X131.86 Y119.33
G0 X133.008 Y119.329
G0 X133.038 Y119.234
G1 F1800 X133.164 Y119.268 E44.24952
G1 X133.164 Y119.754 E44.25562
G1 X132.772 Y119.603 E44.2585
G1 X132.725 Y119.58 E44.25915
G1 X132.724 Y119.114 E44.265
G1 X133.038 Y119.234 E44.26667
G0 F7200 X133.164 Y119.268
G0 X133.164 Y119.338
G0 X133.125 Y119.339
G1 F1500 E37.76667
G0 F7200 X133.062 Y119.343
G0 X133.154 Y116.738
G1 F1500 E44.26667
G0 F7200 X133.038 Y116.234
G1 F1800 X133.164 Y116.268 E44.26831
G1 X133.165 Y116.754 E44.27441
G1 X132.772 Y116.603 E44.27729
G1 X132.725 Y116.58 E44.27795
G1 X132.724 Y116.114 E44.28379
G1 X133.038 Y116.234 E44.28547
G0 F7200 X133.164 Y116.268
G0 X133.164 Y116.338
G0 X133.125 Y116.338
G0 X133.062 Y116.343
G0 X133.153 Y113.738
G0 X133.038 Y113.234
G1 F1800 X133.164 Y113.268 E44.2871
G1 X133.164 Y113.754 E44.2932
G1 X132.772 Y113.603 E44.29608
G1 X132.725 Y113.58 E44.29673
G1 X132.725 Y113.114 E44.30258
G1 X133.038 Y113.234 E44.30424
G0 F7200 X133.164 Y113.268
G0 X133.164 Y113.338
G0 X132.968 Y113.452
;TYPE:SKIN
G1 F1800 X132.919 Y113.402 E44.30468
G0 F7200 X132.764 Y113.402
G1 F1500 E37.80468
G0 F7200 X132.825 Y113.402
G0 X133.154 Y110.738
G1 F1500 E44.30468
G0 F7200 X133.038 Y110.234
;TYPE:WALL-OUTER
G1 F1800 X133.164 Y110.268 E44.30632
G1 X133.165 Y110.754 E44.31241
G1 X132.772 Y110.603 E44.3153
G1 X132.725 Y110.58 E44.31595
G1 X132.725 Y110.114 E44.3218
G1 X133.038 Y110.234 E44.32347
G0 F7200 X133.164 Y110.268
G0 X133.164 Y110.338
G0 X133.125 Y110.337
;MESH:NONMESH
G0 F600 X133.125 Y110.337 Z8
G0 F7200 X133.061 Y110.343
G0 X131.86 Y110.329
G0 X125.988 Y111.861
G0 X119.106 Y111.577
G0 X118.015 Y111.865
G0 X112.14 Y110.374
G0 X110.993 Y110.329
G0 X110.962 Y110.234
;TIME_ELAPSED:428.850150
;LAYER:39
;TYPE:WALL-OUTER
;MESH:output_v2\B_media_suporte.stl
G1 F1800 X111.065 Y110.195 E44.32485
G1 X111.066 Y110.665 E44.33074
G1 X110.834 Y110.755 E44.33386
G1 X110.617 Y110.813 E44.33668
G1 X110.616 Y110.327 E44.34277
G1 X110.962 Y110.234 E44.34727
G0 F7200 X111.065 Y110.195
G0 X111.065 Y110.285
G0 X110.775 Y110.698
G0 X110.77 Y110.669
G0 X111.054 Y113.211
G0 X110.962 Y113.234
G1 F1800 X111.065 Y113.195 E44.34865
G1 X111.065 Y113.666 E44.35455
G1 X110.832 Y113.755 E44.35768
G1 X110.617 Y113.812 E44.36047
G1 X110.616 Y113.327 E44.36655
G1 X110.962 Y113.234 E44.37105
G0 F7200 X111.065 Y113.195
G0 X111.065 Y113.285
G0 X110.775 Y113.698
G1 F1500 E37.87105
G0 F7200 X110.769 Y113.669
G0 X111.054 Y116.211
G1 F1500 E44.37105
G0 F7200 X110.962 Y116.234
G1 F1800 X111.065 Y116.195 E44.37243
G1 X111.066 Y116.665 E44.37832
G1 X110.834 Y116.755 E44.38144
G1 X110.617 Y116.813 E44.38426
G1 X110.616 Y116.327 E44.39035
G1 X110.962 Y116.234 E44.39485
G0 F7200 X111.065 Y116.195
G0 X111.065 Y116.285
G0 X110.775 Y116.698
G0 X110.77 Y116.669
G0 X111.054 Y119.211
G0 X110.962 Y119.234
G1 F1800 X111.065 Y119.195 E44.39623
G1 X111.066 Y119.665 E44.40212
G1 X110.832 Y119.756 E44.40527
G1 X110.617 Y119.812 E44.40806
G1 X110.616 Y119.327 E44.41414
G1 X110.962 Y119.234 E44.41863
G0 F7200 X111.065 Y119.195
G0 X111.065 Y119.285
G0 X110.775 Y119.698
G0 X109.843 Y119.898
G1 F1800 X109.386 Y119.9 E44.42436
G1 X109.386 Y119.4 E44.43063
G1 X109.842 Y119.4 E44.43635
G1 X109.843 Y119.898 E44.4426
G0 F7200 X109.643 Y119.898
G0 X109.643 Y119.8
G1 F1500 E37.9426
G0 F7200 X109.644 Y119.798
G0 X110.154 Y118.536
G0 X111.911 Y117.963
G0 X116.07 Y119.414
G1 F1500 E44.4426
G0 F7200 X117.038 Y119.234
G1 F1800 X117.383 Y119.327 E44.44708
G1 X117.384 Y119.813 E44.45317
G1 X117.166 Y119.755 E44.456
G1 X116.935 Y119.666 E44.4591
G1 X116.935 Y119.195 E44.46501
G1 X117.038 Y119.234 E44.46639
G0 F7200 X117.231 Y119.286
G0 X117.248 Y119.357
G0 X117.238 Y119.391
G0 X118.631 Y119.339
G0 X118.962 Y119.234
G1 F1800 X119.065 Y119.195 E44.46777
G1 X119.066 Y119.665 E44.47367
G1 X118.834 Y119.755 E44.47679
G1 X118.617 Y119.813 E44.4796
G1 X118.616 Y119.327 E44.4857
G1 X118.962 Y119.234 E44.49019
G0 F7200 X119.065 Y119.195
G0 X119.065 Y119.285
G0 X118.775 Y119.698
G0 X118.77 Y119.669
G0 X118.629 Y116.798
G0 X118.962 Y116.234
G1 F1800 X119.065 Y116.195 E44.49157
G1 X119.066 Y116.665 E44.49747
G1 X118.834 Y116.755 E44.50059
G1 X118.617 Y116.813 E44.5034
G1 X118.616 Y116.327 E44.5095
G1 X118.962 Y116.234 E44.51399
G0 F7200 X119.065 Y116.195
G0 X119.065 Y116.285
G0 X118.863 Y116.461
;TYPE:SKIN
G1 F1800 X118.81 Y116.514 E44.51446
G0 F7200 X118.665 Y116.514
G1 F1500 E38.01446
G0 F7200 X118.717 Y116.515
G0 X117.383 Y116.341
G1 F1500 E44.51446
G0 F7200 X117.038 Y116.234
;TYPE:WALL-OUTER
G1 F1800 X117.383 Y116.327 E44.51894
G1 X117.384 Y116.813 E44.52504
G1 X117.166 Y116.755 E44.52787
G1 X116.935 Y116.666 E44.53097
G1 X116.935 Y116.195 E44.53688
G1 X117.038 Y116.234 E44.53826
G0 F7200 X117.231 Y116.286
G0 X117.159 Y116.468
;TYPE:SKIN
G1 F1800 X117.129 Y116.498 E44.53852
G0 F7200 X116.983 Y116.497
G0 X117.035 Y116.497
G0 X117.372 Y113.798
G0 X117.038 Y113.234
;TYPE:WALL-OUTER
G1 F1800 X117.383 Y113.327 E44.54301
G1 X117.384 Y113.813 E44.5491
G1 X117.166 Y113.755 E44.55193
G1 X116.935 Y113.666 E44.55503
G1 X116.935 Y113.195 E44.56094
G1 X117.038 Y113.234 E44.56232
G0 F7200 X117.231 Y113.286
G0 X117.248 Y113.357
G0 X117.238 Y113.391
G0 X118.631 Y113.339
G0 X118.962 Y113.234
G1 F1800 X119.065 Y113.195 E44.5637
G1 X119.065 Y113.666 E44.56961
G1 X118.834 Y113.755 E44.57271
G1 X118.617 Y113.813 E44.57553
G1 X118.616 Y113.327 E44.58162
G1 X118.962 Y113.234 E44.58612
G0 F7200 X119.065 Y113.195
G0 X119.065 Y113.285
G0 X118.775 Y113.698
G0 X118.77 Y113.669
G0 X118.629 Y110.798
G0 X118.962 Y110.234
G1 F1800 X119.065 Y110.195 E44.5875
G1 X119.066 Y110.665 E44.59339
G1 X118.834 Y110.755 E44.59651
G1 X118.617 Y110.813 E44.59933
G1 X118.616 Y110.327 E44.60542
G1 X118.962 Y110.234 E44.60992
G0 F7200 X119.065 Y110.195
G0 X119.065 Y110.285
G0 X118.87 Y110.515
;TYPE:SKIN
G1 F1800 X118.842 Y110.543 E44.61017
G0 F7200 X118.854 Y110.677
G0 X118.843 Y110.644
G0 X117.383 Y110.341
G0 X117.038 Y110.234
;TYPE:WALL-OUTER
G1 F1800 X117.383 Y110.327 E44.61465
G1 X117.384 Y110.813 E44.62074
G1 X117.166 Y110.755 E44.62357
G1 X116.935 Y110.666 E44.62667
G1 X116.935 Y110.195 E44.63258
G1 X117.038 Y110.234 E44.63396
G0 F7200 X117.231 Y110.286
G0 X117.186 Y110.501
;TYPE:SKIN
G1 F1800 X117.148 Y110.539 E44.6343
G0 F7200 X117.134 Y110.673
G0 X117.148 Y110.641
G0 X117.644 Y109.501
G0 X119.911 Y108.963
G0 X124.07 Y110.344
G0 X125.038 Y110.234
;TYPE:WALL-OUTER
G1 F1800 X125.383 Y110.327 E44.63878
G1 X125.384 Y110.813 E44.64488
G1 X125.166 Y110.755 E44.6477
G1 X124.935 Y110.666 E44.65081
G1 X124.935 Y110.195 E44.65671
G1 X125.038 Y110.234 E44.6581
G0 F7200 X125.231 Y110.286
G0 X125.248 Y110.357
G0 X125.238 Y110.391
G0 X126.631 Y110.339
G0 X126.962 Y110.234
G1 F1800 X127.065 Y110.195 E44.65948
G1 X127.066 Y110.665 E44.66537
G1 X126.834 Y110.755 E44.66849
G1 X126.617 Y110.813 E44.67131
G1 X126.616 Y110.327 E44.6774
G1 X126.962 Y110.234 E44.6819
G0 F7200 X127.065 Y110.195
G0 X127.065 Y110.285
G0 X126.775 Y110.698
G1 F1500 E38.1819
G0 F7200 X126.77 Y110.669
G0 X127.054 Y113.211
G1 F1500 E44.6819
G0 F7200 X126.962 Y113.234
G1 F1800 X127.065 Y113.195 E44.68328
G1 X127.065 Y113.666 E44.68918
G1 X126.832 Y113.755 E44.69231
G1 X126.617 Y113.812 E44.6951
G1 X126.616 Y113.327 E44.70118
G1 X126.962 Y113.234 E44.70568
G0 F7200 X127.065 Y113.195
G0 X127.065 Y113.285
G0 X126.775 Y113.698
G0 X126.769 Y113.669
G0 X125.383 Y113.341
G0 X125.038 Y113.234
G1 F1800 X125.383 Y113.327 E44.71016
G1 X125.384 Y113.813 E44.71625
G1 X125.166 Y113.755 E44.71908
G1 X124.935 Y113.666 E44.72218
G1 X124.935 Y113.195 E44.72809
G1 X125.038 Y113.234 E44.72947
G0 F7200 X125.231 Y113.286
G0 X125.248 Y113.357
G0 X125.238 Y113.391
G0 X124.946 Y116.211
G0 X125.038 Y116.234
G1 F1800 X125.383 Y116.327 E44.73395
G1 X125.384 Y116.813 E44.74005
G1 X125.166 Y116.755 E44.74288
G1 X124.935 Y116.666 E44.74598
G1 X124.935 Y116.195 E44.75189
G1 X125.038 Y116.234 E44.75327
G0 F7200 X125.231 Y116.286
G0 X125.248 Y116.357
G0 X125.238 Y116.391
G0 X126.631 Y116.339
G0 X126.962 Y116.234
G1 F1800 X127.065 Y116.195 E44.75465
G1 X127.066 Y116.665 E44.76054
G1 X126.834 Y116.755 E44.76366
G1 X126.617 Y116.813 E44.76648
G1 X126.616 Y116.327 E44.77258
G1 X126.962 Y116.234 E44.77707
G0 F7200 X127.065 Y116.195
G0 X127.065 Y116.285
G0 X126.775 Y116.698
G0 X126.77 Y116.669
G0 X127.054 Y119.211
G0 X126.962 Y119.234
G1 F1800 X127.065 Y119.195 E44.77845
G1 X127.066 Y119.665 E44.78434
G1 X126.832 Y119.756 E44.78749
G1 X126.617 Y119.812 E44.79028
G1 X126.616 Y119.327 E44.79636
G1 X126.962 Y119.234 E44.80085
G0 F7200 X127.065 Y119.195
G0 X127.065 Y119.285
G0 X126.87 Y119.485
;TYPE:SKIN
G1 F1800 X126.81 Y119.545 E44.80139
G0 F7200 X126.665 Y119.545
G0 X126.717 Y119.546
G0 X125.383 Y119.341
G0 X125.038 Y119.234
;TYPE:WALL-OUTER
G1 F1800 X125.383 Y119.327 E44.80587
G1 X125.384 Y119.813 E44.81196
G1 X125.166 Y119.755 E44.81479
G1 X124.935 Y119.666 E44.81789
G1 X124.935 Y119.195 E44.8238
G1 X125.038 Y119.234 E44.82518
G0 F7200 X125.231 Y119.286
G0 X125.183 Y119.475
;TYPE:SKIN
G1 F1800 X125.129 Y119.529 E44.82566
G0 F7200 X124.983 Y119.528
G0 X125.035 Y119.528
G0 X125.644 Y118.501
G0 X127.911 Y117.963
G0 X132.07 Y119.344
G0 X133.038 Y119.234
;TYPE:WALL-OUTER
G1 F1800 X133.383 Y119.327 E44.83014
G1 X133.384 Y119.813 E44.83624
G1 X133.166 Y119.755 E44.83907
G1 X132.935 Y119.666 E44.84217
G1 X132.935 Y119.195 E44.84808
G1 X133.038 Y119.234 E44.84946
G0 F7200 X133.231 Y119.286
G0 X133.248 Y119.357
G0 X133.238 Y119.391
G0 X133.372 Y116.798
G0 X133.038 Y116.234
G1 F1800 X133.383 Y116.327 E44.85394
G1 X133.384 Y116.813 E44.86003
G1 X133.166 Y116.755 E44.86286
G1 X132.935 Y116.666 E44.86597
G1 X132.935 Y116.195 E44.87187
G1 X133.038 Y116.234 E44.87325
G0 F7200 X133.231 Y116.286
G0 X133.248 Y116.357
G1 F1500 E38.37325
G0 F7200 X133.238 Y116.391
G0 X133.372 Y113.798
G1 F1500 E44.87325
G0 F7200 X133.038 Y113.234
G1 F1800 X133.383 Y113.327 E44.87774
G1 X133.384 Y113.813 E44.88383
G1 X133.166 Y113.755 E44.88666
G1 X132.935 Y113.666 E44.88976
G1 X132.935 Y113.195 E44.89567
G1 X133.038 Y113.234 E44.89705
G0 F7200 X133.231 Y113.286
G0 X133.167 Y113.471
;TYPE:SKIN
G1 F1800 X133.129 Y113.509 E44.89739
G0 F7200 X132.983 Y113.508
G1 F1500 E38.39739
G0 F7200 X133.035 Y113.508
G0 X133.372 Y110.798
G1 F1500 E44.89739
G0 F7200 X133.038 Y110.234
;TYPE:WALL-OUTER
G1 F1800 X133.383 Y110.327 E44.90187
G1 X133.384 Y110.813 E44.90796
G1 X133.166 Y110.755 E44.91079
G1 X132.935 Y110.666 E44.9139
G1 X132.935 Y110.195 E44.9198
G1 X133.038 Y110.234 E44.92118
G0 F7200 X133.231 Y110.286
G0 X133.248 Y110.357
G1 F1500 E38.42118
;MESH:NONMESH
G0 F600 X133.248 Y110.357 Z8.2
G0 F7200 X133.238 Y110.391
G0 X132.07 Y110.4
G0 X126.235 Y111.833
G0 X117.767 Y111.824
G0 X111.93 Y110.445
G0 X110.73 Y110.4
G1 F1500 E44.92118
G0 F7200 X110.541 Y110.347
;TIME_ELAPSED:436.668918
;LAYER:40
;TYPE:WALL-OUTER
;MESH:output_v2\B_media_suporte.stl
G1 F1800 X110.855 Y110.263 E44.92526
G1 X110.856 Y110.746 E44.93132
G1 X110.834 Y110.755 E44.93162
G1 X110.462 Y110.854 E44.93644
G1 X110.252 Y110.885 E44.9391
G1 X110.143 Y110.895 E44.94048
G1 X109.993 Y110.9 E44.94236
G1 X109.765 Y110.9 E44.94522
G1 X109.764 Y110.4 E44.95149
G1 X110.004 Y110.4 E44.9545
G1 X110.214 Y110.392 E44.95713
G1 X110.325 Y110.38 E44.95853
G1 X110.541 Y110.347 E44.96127
G0 F7200 X110.734 Y110.296
G0 X110.578 Y110.578
;TYPE:SKIN
G1 F1800 X110.339 Y110.622 E44.96238
G1 X110.08 Y110.646 E44.96357
G0 F7200 X110.025 Y110.498
G1 F1500 E38.46357
G0 F7200 X110.024 Y110.5
G0 X110.02 Y113.419
G0 X109.024 Y114.303
G0 X108.741 Y115.436
G0 X109.578 Y116.434
G1 F1500 E44.96357
G0 F7200 X109.61 Y116.34
;TYPE:WALL-OUTER
G1 F1800 X109.897 Y116.397 E44.96724
G1 X110.093 Y116.4 E44.9697
G1 X110.31 Y116.383 E44.97243
G1 X110.541 Y116.347 E44.97536
G1 X110.855 Y116.263 E44.97944
G1 X110.856 Y116.746 E44.98549
G1 X110.834 Y116.755 E44.98579
G1 X110.462 Y116.854 E44.99062
G1 X110.252 Y116.885 E44.99328
G1 X110.143 Y116.895 E44.99465
G1 X110 Y116.9 E44.99645
G1 X109.734 Y116.879 E44.9998
G1 X109.332 Y116.766 E45.00503
G1 X108.972 Y116.564 E45.01021
G1 X108.663 Y116.279 E45.01548
G1 X108.591 Y116.187 E45.01695
G1 X108.38 Y115.811 E45.02235
G1 X108.301 Y115.567 E45.02557
G1 X108.251 Y115.14 E45.03096
G1 X108.255 Y115.019 E45.03248
G1 X108.299 Y114.745 E45.03596
G1 X108.444 Y114.352 E45.04121
G1 X108.587 Y114.118 E45.04465
G1 X108.663 Y114.021 E45.0462
G1 X108.976 Y113.732 E45.05154
G1 X109.202 Y113.594 E45.05486
G1 X109.591 Y113.45 E45.06006
G1 X110.019 Y113.4 E45.06546
G1 X110.214 Y113.392 E45.06791
G1 X110.325 Y113.38 E45.06931
G1 X110.541 Y113.347 E45.07205
G1 X110.855 Y113.263 E45.07613
G1 X110.855 Y113.747 E45.0822
G1 X110.837 Y113.754 E45.08244
G1 X110.462 Y113.854 E45.08731
G1 X110.252 Y113.885 E45.08997
G1 X110.139 Y113.895 E45.09139
G1 X109.799 Y113.915 E45.09566
G1 X109.427 Y114.035 E45.10056
G1 X109.053 Y114.33 E45.10654
G1 X108.882 Y114.585 E45.11039
G1 X108.762 Y114.958 E45.1153
G1 X108.78 Y115.43 E45.12122
G1 X108.848 Y115.64 E45.12399
G1 X109.107 Y116.026 E45.12982
G1 X109.271 Y116.166 E45.13253
G1 X109.61 Y116.34 E45.1373
G0 F7200 X109.806 Y116.379
G0 X109.846 Y116.634
;TYPE:SKIN
G1 F1800 X110.138 Y116.643 E45.13858
G1 X110.626 Y116.566 E45.14075
G0 F7200 X110.658 Y116.598
G0 X109.554 Y116.625
G1 F1800 X109.358 Y116.429 E45.14248
G0 F7200 X108.609 Y115.68
G1 F1800 X108.521 Y115.309 E45.14397
G1 X108.627 Y114.567 E45.14688
G1 X108.978 Y114.069 E45.14925
G1 X109.504 Y113.747 E45.15165
G1 X110.485 Y113.596 E45.15551
G0 F7200 X110.519 Y113.756
G1 F1500 E38.65551
G0 F7200 X110.516 Y113.737
G0 X109.409 Y114
G0 X108.723 Y114.953
G0 X109.051 Y116.012
G0 X110.25 Y116.866
G0 X110.843 Y119.278
G1 F1500 E45.15551
G0 F7200 X110.541 Y119.347
;TYPE:WALL-OUTER
G1 F1800 X110.855 Y119.263 E45.15958
G1 X110.856 Y119.746 E45.16564
G1 X110.834 Y119.755 E45.16594
G1 X110.462 Y119.854 E45.17077
G1 X110.252 Y119.885 E45.17343
G1 X110.135 Y119.895 E45.1749
G1 X110.071 Y119.898 E45.1757
G1 X109.457 Y119.899 E45.1834
G1 X109.457 Y119.4 E45.18966
G1 X110.087 Y119.4 E45.19756
G1 X110.323 Y119.381 E45.20053
G1 X110.541 Y119.347 E45.2033
G0 F7200 X110.734 Y119.296
G0 X110.534 Y119.585
;TYPE:SKIN
G1 F1800 X110.293 Y119.627 E45.20432
G1 X109.748 Y119.648 E45.20659
G0 F7200 X109.695 Y119.498
G1 F1500 E38.70659
G0 F7200 X109.695 Y119.5
G0 X110.855 Y119.459
G0 X116.28 Y119.459
G0 X118.561 Y119.444
G1 F1500 E45.20659
G0 F7200 X118.541 Y119.347
;TYPE:WALL-OUTER
G1 F1800 X118.855 Y119.263 E45.21067
G1 X118.856 Y119.746 E45.21672
G1 X118.834 Y119.755 E45.21702
G1 X118.464 Y119.854 E45.22183
G1 X118.269 Y119.884 E45.2243
G1 X118.189 Y119.892 E45.22531
G1 X117.908 Y119.898 E45.22883
G1 X117.812 Y119.892 E45.23004
G1 X117.731 Y119.884 E45.23106
G1 X117.536 Y119.854 E45.23353
G1 X117.163 Y119.754 E45.23838
G1 X117.145 Y119.747 E45.23862
G1 X117.145 Y119.263 E45.24469
G1 X117.459 Y119.347 E45.24876
G1 X117.675 Y119.38 E45.2515
G1 X117.784 Y119.391 E45.25288
G1 X117.896 Y119.398 E45.25429
G1 X118.212 Y119.392 E45.25825
G1 X118.325 Y119.38 E45.25967
G1 X118.541 Y119.347 E45.26241
G0 F7200 X118.734 Y119.296
G0 X118.468 Y119.599
;TYPE:SKIN
G1 F1800 X118.222 Y119.636 E45.26346
G1 X117.641 Y119.621 E45.26591
G0 F7200 X117.631 Y119.466
G1 F1500 E38.76591
G0 F7200 X117.629 Y119.474
G0 X118.267 Y116.865
G1 F1500 E45.26591
G0 F7200 X118.541 Y116.347
;TYPE:WALL-OUTER
G1 F1800 X118.855 Y116.263 E45.26999
G1 X118.856 Y116.746 E45.27604
G1 X118.834 Y116.755 E45.27634
G1 X118.464 Y116.854 E45.28114
G1 X118.269 Y116.884 E45.28362
G1 X118.189 Y116.892 E45.28463
G1 X117.908 Y116.898 E45.28815
G1 X117.812 Y116.892 E45.28936
G1 X117.731 Y116.884 E45.29038
G1 X117.536 Y116.854 E45.29285
G1 X117.163 Y116.754 E45.29769
G1 X117.145 Y116.747 E45.29794
G1 X117.145 Y116.263 E45.30401
G1 X117.459 Y116.347 E45.30808
G1 X117.675 Y116.38 E45.31082
G1 X117.784 Y116.391 E45.3122
G1 X117.896 Y116.398 E45.3136
G1 X118.212 Y116.392 E45.31757
G1 X118.325 Y116.38 E45.31899
G1 X118.541 Y116.347 E45.32173
G0 F7200 X118.734 Y116.296
G0 X118.56 Y116.58
;TYPE:SKIN
G1 F1800 X118.323 Y116.626 E45.32265
G1 X117.431 Y116.582 E45.32606
G0 F7200 X117.407 Y116.406
G1 F1500 E38.82606
G0 F7200 X117.4 Y116.434
G0 X117.832 Y113.874
G1 F1500 E45.32606
G0 F7200 X118.541 Y113.347
;TYPE:WALL-OUTER
G1 F1800 X118.855 Y113.263 E45.33014
G1 X118.855 Y113.747 E45.33621
G1 X118.837 Y113.754 E45.33645
G1 X118.464 Y113.854 E45.34129
G1 X118.269 Y113.884 E45.34377
G1 X118.189 Y113.892 E45.34477
G1 X117.908 Y113.898 E45.3483
G1 X117.812 Y113.892 E45.34951
G1 X117.731 Y113.884 E45.35053
G1 X117.536 Y113.854 E45.353
G1 X117.163 Y113.754 E45.35784
G1 X117.145 Y113.747 E45.35809
G1 X117.145 Y113.263 E45.36416
G1 X117.459 Y113.347 E45.36823
G1 X117.675 Y113.38 E45.37097
G1 X117.784 Y113.391 E45.37235
G1 X117.896 Y113.398 E45.37375
G1 X118.212 Y113.392 E45.37772
G1 X118.325 Y113.38 E45.37914
G1 X118.541 Y113.347 E45.38188
G0 F7200 X118.734 Y113.296
G0 X118.638 Y113.547
;TYPE:SKIN
G1 F1800 X118.419 Y113.61 E45.38273
G1 X117.571 Y113.611 E45.3859
G0 F7200 X117.563 Y113.448
G1 F1500 E38.8859
G0 F7200 X117.56 Y113.463
G0 X118.267 Y110.865
G1 F1500 E45.3859
G0 F7200 X118.541 Y110.347
;TYPE:WALL-OUTER
G1 F1800 X118.855 Y110.263 E45.38998
G1 X118.856 Y110.746 E45.39603
G1 X118.834 Y110.755 E45.39633
G1 X118.464 Y110.854 E45.40113
G1 X118.269 Y110.884 E45.40361
G1 X118.189 Y110.892 E45.40462
G1 X117.908 Y110.898 E45.40814
G1 X117.812 Y110.892 E45.40935
G1 X117.731 Y110.884 E45.41037
G1 X117.536 Y110.854 E45.41284
G1 X117.163 Y110.754 E45.41768
G1 X117.145 Y110.747 E45.41793
G1 X117.145 Y110.263 E45.424
G1 X117.459 Y110.347 E45.42807
G1 X117.675 Y110.38 E45.43081
G1 X117.784 Y110.391 E45.43219
G1 X117.896 Y110.398 E45.43359
G1 X118.212 Y110.392 E45.43756
G1 X118.325 Y110.38 E45.43898
G1 X118.541 Y110.347 E45.44172
G0 F7200 X118.734 Y110.296
G0 X118.511 Y110.591
;TYPE:SKIN
G1 F1800 X118.27 Y110.633 E45.44257
G1 X117.372 Y110.583 E45.44568
G0 F7200 X117.513 Y110.76
G1 F1500 E38.94568
G0 F7200 X117.517 Y110.746
G0 X118.855 Y110.459
G0 X124.28 Y110.459
G0 X126.561 Y110.444
G1 F1500 E45.44568
G0 F7200 X126.541 Y110.347
;TYPE:WALL-OUTER
G1 F1800 X126.855 Y110.263 E45.44976
G1 X126.856 Y110.746 E45.45582
G1 X126.834 Y110.755 E45.45612
G1 X126.464 Y110.854 E45.46092
G1 X126.269 Y110.884 E45.46339
G1 X126.188 Y110.892 E45.46441
G1 X126.092 Y110.898 E45.46562
G1 X125.812 Y110.892 E45.46913
G1 X125.731 Y110.884 E45.47015
G1 X125.536 Y110.854 E45.47263
G1 X125.163 Y110.754 E45.47747
G1 X125.145 Y110.747 E45.47771
G1 X125.145 Y110.263 E45.48378
G1 X125.459 Y110.347 E45.48786
G1 X125.675 Y110.38 E45.4906
G1 X125.788 Y110.392 E45.49202
G1 X126.104 Y110.398 E45.49599
G1 X126.216 Y110.391 E45.49739
G1 X126.325 Y110.38 E45.49877
G1 X126.541 Y110.347 E45.50151
G0 F7200 X126.734 Y110.296
G0 X126.444 Y110.605
;TYPE:SKIN
G1 F1800 X126.196 Y110.639 E45.50257
G1 X125.607 Y110.617 E45.50506
G0 F7200 X125.599 Y110.458
G1 F1500 E39.00506
G0 F7200 X125.597 Y110.469
G0 X126.843 Y113.278
G1 F1500 E45.50506
G0 F7200 X126.541 Y113.347
;TYPE:WALL-OUTER
G1 F1800 X126.855 Y113.263 E45.50914
G1 X126.855 Y113.747 E45.51521
G1 X126.837 Y113.754 E45.51545
G1 X126.464 Y113.854 E45.52029
G1 X126.269 Y113.884 E45.52277
G1 X126.188 Y113.892 E45.52379
G1 X126.092 Y113.898 E45.52499
G1 X125.812 Y113.892 E45.5285
G1 X125.731 Y113.884 E45.52953
G1 X125.536 Y113.854 E45.532
G1 X125.163 Y113.754 E45.53684
G1 X125.145 Y113.747 E45.53708
G1 X125.145 Y113.263 E45.54315
G1 X125.459 Y113.347 E45.54723
G1 X125.675 Y113.38 E45.54997
G1 X125.788 Y113.392 E45.5514
G1 X126.104 Y113.398 E45.55536
G1 X126.216 Y113.391 E45.55677
G1 X126.325 Y113.38 E45.55814
G1 X126.541 Y113.347 E45.56088
G0 F7200 X126.734 Y113.296
G0 X126.586 Y113.575
;TYPE:SKIN
G1 F1800 X126.35 Y113.622 E45.56179
G1 X125.473 Y113.593 E45.56513
G0 F7200 X125.463 Y113.421
G1 F1500 E39.06513
G0 F7200 X125.458 Y113.448
G0 X126.843 Y116.278
G1 F1500 E45.56513
G0 F7200 X126.541 Y116.347
;TYPE:WALL-OUTER
G1 F1800 X126.855 Y116.263 E45.5692
G1 X126.856 Y116.746 E45.57526
G1 X126.834 Y116.755 E45.57556
G1 X126.464 Y116.854 E45.58036
G1 X126.269 Y116.884 E45.58283
G1 X126.188 Y116.892 E45.58386
G1 X126.092 Y116.898 E45.58506
G1 X125.812 Y116.892 E45.58857
G1 X125.731 Y116.884 E45.58959
G1 X125.536 Y116.854 E45.59207
G1 X125.163 Y116.754 E45.59691
G1 X125.145 Y116.747 E45.59715
G1 X125.145 Y116.263 E45.60322
G1 X125.459 Y116.347 E45.6073
G1 X125.675 Y116.38 E45.61004
G1 X125.788 Y116.392 E45.61146
G1 X126.104 Y116.398 E45.61543
G1 X126.216 Y116.391 E45.61683
G1 X126.325 Y116.38 E45.61821
G1 X126.541 Y116.347 E45.62095
G0 F7200 X126.734 Y116.296
G0 X126.494 Y116.594
;TYPE:SKIN
G1 F1800 X126.251 Y116.634 E45.62178
G1 X125.357 Y116.589 E45.62478
G0 F7200 X125.516 Y116.76
G1 F1500 E39.12478
G0 F7200 X125.519 Y116.747
G0 X126.843 Y119.278
G1 F1500 E45.62478
G0 F7200 X126.541 Y119.347
;TYPE:WALL-OUTER
G1 F1800 X126.855 Y119.263 E45.62886
G1 X126.856 Y119.746 E45.63491
G1 X126.834 Y119.755 E45.63521
G1 X126.464 Y119.854 E45.64002
G1 X126.269 Y119.884 E45.64249
G1 X126.188 Y119.892 E45.64351
G1 X126.092 Y119.898 E45.64472
G1 X125.812 Y119.892 E45.64823
G1 X125.731 Y119.884 E45.64925
G1 X125.536 Y119.854 E45.65172
G1 X125.163 Y119.754 E45.65657
G1 X125.145 Y119.747 E45.65681
G1 X125.145 Y119.263 E45.66288
G1 X125.459 Y119.347 E45.66695
G1 X125.675 Y119.38 E45.66969
G1 X125.788 Y119.392 E45.67112
G1 X126.104 Y119.398 E45.67508
G1 X126.216 Y119.391 E45.67649
G1 X126.325 Y119.38 E45.67786
G1 X126.541 Y119.347 E45.6806
G0 F7200 X126.734 Y119.296
G0 X126.631 Y119.56
;TYPE:SKIN
G1 F1800 X126.401 Y119.613 E45.6815
G1 X125.548 Y119.608 E45.68475
G0 F7200 X125.54 Y119.442
G1 F1500 E39.18475
G0 F7200 X125.537 Y119.46
G0 X126.843 Y119.278
G0 X132.28 Y116.735
G0 X134.62 Y116.947
G1 F1500 E45.68475
G0 F7200 X134.573 Y117.035
;TYPE:WALL-OUTER
G1 F1800 X134.201 Y116.915 E45.68966
G1 X133.861 Y116.895 E45.69393
G1 X133.731 Y116.884 E45.69556
G1 X133.536 Y116.854 E45.69804
G1 X133.163 Y116.754 E45.70288
G1 X133.145 Y116.747 E45.70312
G1 X133.145 Y116.263 E45.70919
G1 X133.459 Y116.347 E45.71327
G1 X133.676 Y116.381 E45.71602
G1 X133.878 Y116.398 E45.71856
G1 X133.971 Y116.398 E45.71973
G1 X134.266 Y116.421 E45.72344
G1 X134.675 Y116.536 E45.72877
G1 X134.919 Y116.661 E45.73221
G1 X135.019 Y116.727 E45.73371
G1 X135.337 Y117.021 E45.73914
G1 X135.409 Y117.113 E45.74061
G1 X135.616 Y117.482 E45.74591
G1 X135.727 Y117.878 E45.75107
G1 X135.743 Y118.293 E45.75628
G1 X135.729 Y118.416 E45.75783
G1 X135.616 Y118.818 E45.76307
G1 X135.409 Y119.187 E45.76837
G1 X135.337 Y119.279 E45.76984
G1 X135.019 Y119.573 E45.77527
G1 X134.925 Y119.636 E45.77669
G1 X134.532 Y119.817 E45.78211
G1 X134.417 Y119.849 E45.78361
G1 X133.987 Y119.899 E45.78904
G1 X133.857 Y119.895 E45.79067
G1 X133.731 Y119.884 E45.79226
G1 X133.536 Y119.854 E45.79473
G1 X133.163 Y119.754 E45.79957
G1 X133.145 Y119.747 E45.79982
G1 X133.145 Y119.263 E45.80588
G1 X133.459 Y119.347 E45.80996
G1 X133.675 Y119.38 E45.8127
G1 X133.786 Y119.392 E45.8141
G1 X133.995 Y119.4 E45.81672
G1 X134.109 Y119.396 E45.81815
G1 X134.467 Y119.31 E45.82277
G1 X134.582 Y119.258 E45.82435
G1 X134.944 Y118.972 E45.83014
G1 X135.068 Y118.801 E45.83279
G1 X135.191 Y118.536 E45.83645
G1 X135.249 Y118.24 E45.84023
G1 X135.193 Y117.767 E45.84621
G1 X135.018 Y117.425 E45.85103
G1 X134.941 Y117.326 E45.8526
G1 X134.573 Y117.035 E45.85848
G0 F7200 X134.383 Y116.974
G0 X134.205 Y116.669
;TYPE:SKIN
G1 F1800 X133.9 Y116.647 E45.86009
G1 X133.584 Y116.614 E45.86177
G0 F7200 X134.512 Y116.693
G1 F1800 X134.731 Y116.912 E45.86371
G0 F7200 X135.341 Y117.522
G1 F1800 X135.467 Y117.931 E45.86541
G1 X135.39 Y118.702 E45.8685
G1 X135.046 Y119.207 E45.87093
G1 X134.533 Y119.543 E45.87338
G1 X133.781 Y119.639 E45.8764
G1 X133.445 Y119.586 E45.87775
G0 F7200 X133.422 Y119.41
G1 F1500 E39.37775
G0 F7200 X133.415 Y119.438
G0 X134.602 Y119.292
G0 X135.288 Y118.241
G0 X134.191 Y116.435
G0 X134.007 Y113.898
G0 X134.62 Y110.947
G1 F1500 E45.87775
G0 F7200 X134.573 Y111.035
;TYPE:WALL-OUTER
G1 F1800 X134.201 Y110.915 E45.88265
G1 X133.861 Y110.895 E45.88692
G1 X133.731 Y110.884 E45.88856
G1 X133.536 Y110.854 E45.89103
G1 X133.163 Y110.754 E45.89588
G1 X133.145 Y110.747 E45.89612
G1 X133.145 Y110.263 E45.90219
G1 X133.459 Y110.347 E45.90627
G1 X133.676 Y110.381 E45.90902
G1 X133.878 Y110.398 E45.91156
G1 X133.971 Y110.398 E45.91273
G1 X134.269 Y110.421 E45.91648
G1 X134.537 Y110.485 E45.91993
G1 X134.917 Y110.661 E45.92518
G1 X135.133 Y110.818 E45.92853
G1 X135.414 Y111.122 E45.93372
G1 X135.616 Y111.482 E45.9389
G1 X135.727 Y111.878 E45.94406
G1 X135.743 Y112.293 E45.94927
G1 X135.729 Y112.416 E45.95082
G1 X135.616 Y112.818 E45.95605
G1 X135.409 Y113.187 E45.96136
G1 X135.337 Y113.279 E45.96283
G1 X135.019 Y113.573 E45.96826
G1 X134.925 Y113.636 E45.96968
G1 X134.537 Y113.815 E45.97503
G1 X134.269 Y113.879 E45.97849
G1 X133.981 Y113.9 E45.98211
G1 X133.858 Y113.895 E45.98365
G1 X133.731 Y113.884 E45.98525
G1 X133.536 Y113.854 E45.98773
G1 X133.163 Y113.754 E45.99257
G1 X133.145 Y113.747 E45.99281
G1 X133.145 Y113.263 E45.99888
G1 X133.459 Y113.347 E46.00296
G1 X133.675 Y113.38 E46.0057
G1 X133.786 Y113.392 E46.0071
G1 X133.995 Y113.4 E46.00972
G1 X134.105 Y113.396 E46.0111
G1 X134.382 Y113.341 E46.01464
G1 X134.579 Y113.26 E46.01731
G1 X134.944 Y112.972 E46.02314
G1 X135.068 Y112.801 E46.02579
G1 X135.194 Y112.529 E46.02955
G1 X135.249 Y112.06 E46.03547
G1 X135.191 Y111.764 E46.03926
G1 X135.068 Y111.499 E46.04292
G1 X134.944 Y111.328 E46.04557
G1 X134.573 Y111.035 E46.0515
G0 F7200 X134.383 Y110.974
G0 X134.505 Y110.746
;TYPE:SKIN
G1 F1800 X134.136 Y110.66 E46.05335
G1 X133.513 Y110.602 E46.05642
G0 F7200 X133.455 Y110.544
G0 X134.477 Y110.954
G0 X135.303 Y111.544
G0 X135.391 Y111.633
G1 F1800 X135.481 Y112.005 E46.05786
G1 X135.369 Y112.741 E46.06067
G1 X135.013 Y113.234 E46.06296
G1 X134.492 Y113.562 E46.06528
G1 X133.714 Y113.632 E46.06823
G1 X133.379 Y113.58 E46.06951
G0 F7200 X133.511 Y113.76
G1 F1500 E39.56951
;MESH:NONMESH
G0 F600 X133.511 Y113.76 Z8.4
G0 F7200 X133.515 Y113.746
G0 X132.28 Y113.278
G0 X127.702 Y112.046
G0 X117.616 Y111.741
G0 X111.72 Y110.734
G0 X110.561 Y110.444
G1 F1500 E46.06951
G0 F7200 X110.541 Y110.347
;TIME_ELAPSED:449.297918
;LAYER:41
;TYPE:WALL-OUTER
;MESH:output_v2\B_media_suporte.stl
G1 F1800 X110.645 Y110.319 E46.07086
G1 X110.645 Y110.805 E46.07695
G1 X110.464 Y110.854 E46.0793
G1 X110.269 Y110.884 E46.08178
G1 X110.143 Y110.895 E46.08336
G1 X109.993 Y110.9 E46.08525
G1 X109.504 Y110.9 E46.09138
G1 X109.503 Y110.4 E46.09765
G1 X110.004 Y110.4 E46.10393
G1 X110.214 Y110.392 E46.10657
G1 X110.325 Y110.38 E46.10797
G1 X110.541 Y110.347 E46.11071
G0 F7200 X110.645 Y110.319
G0 X110.645 Y110.412
G0 X110.265 Y110.633
;TYPE:SKIN
G1 F1800 X109.967 Y110.648 E46.11209
G1 X109.719 Y110.615 E46.11325
G0 F7200 X109.904 Y110.8
G1 F1500 E39.61325
G0 F7200 X109.874 Y113.417
G0 X109.578 Y116.434
G1 F1500 E46.11325
G0 F7200 X109.61 Y116.34
;TYPE:WALL-OUTER
G1 F1800 X109.896 Y116.397 E46.11691
G1 X110.068 Y116.4 E46.11907
G1 X110.282 Y116.385 E46.12176
G1 X110.432 Y116.365 E46.12365
G1 X110.542 Y116.347 E46.12505
G1 X110.645 Y116.319 E46.12639
G1 X110.645 Y116.805 E46.13248
G1 X110.464 Y116.854 E46.13484
G1 X110.269 Y116.884 E46.13731
G1 X110.143 Y116.895 E46.1389
G1 X110.001 Y116.9 E46.14068
G1 X109.734 Y116.879 E46.14404
G1 X109.332 Y116.766 E46.14927
G1 X108.972 Y116.564 E46.15445
G1 X108.663 Y116.279 E46.15972
G1 X108.591 Y116.187 E46.16119
G1 X108.38 Y115.811 E46.16659
G1 X108.301 Y115.567 E46.16981
G1 X108.251 Y115.14 E46.1752
G1 X108.255 Y115.019 E46.17672
G1 X108.299 Y114.745 E46.1802
G1 X108.444 Y114.352 E46.18545
G1 X108.587 Y114.118 E46.18889
G1 X108.663 Y114.021 E46.19044
G1 X108.976 Y113.732 E46.19578
G1 X109.202 Y113.594 E46.1991
G1 X109.591 Y113.45 E46.2043
G1 X110.019 Y113.4 E46.2097
G1 X110.214 Y113.392 E46.21215
G1 X110.325 Y113.38 E46.21355
G1 X110.541 Y113.347 E46.21629
G1 X110.645 Y113.319 E46.21764
G1 X110.646 Y113.805 E46.22374
G1 X110.463 Y113.854 E46.22611
G1 X110.269 Y113.884 E46.22858
G1 X110.139 Y113.895 E46.23021
G1 X109.799 Y113.915 E46.23448
G1 X109.427 Y114.035 E46.23938
G1 X109.053 Y114.33 E46.24536
G1 X108.882 Y114.585 E46.24921
G1 X108.762 Y114.958 E46.25412
G1 X108.78 Y115.43 E46.26004
G1 X108.848 Y115.64 E46.26281
G1 X109.107 Y116.026 E46.26864
G1 X109.271 Y116.166 E46.27135
G1 X109.61 Y116.34 E46.27612
G0 F7200 X109.806 Y116.379
G0 X109.716 Y116.558
;TYPE:SKIN
G1 F1800 X109.627 Y116.646 E46.27691
G0 F7200 X109.45 Y116.54
G1 F1800 X109.265 Y116.442 E46.27763
G1 X108.811 Y116.047 E46.27971
G1 X108.538 Y115.472 E46.28191
G1 X108.523 Y114.921 E46.28382
G1 X108.672 Y114.489 E46.28539
G1 X109.323 Y113.838 E46.28857
G1 X110.08 Y113.647 E46.29127
G1 X110.392 Y113.618 E46.29235
G0 F7200 X110.45 Y113.56
G0 X109.409 Y114
G0 X108.723 Y114.953
G0 X109.078 Y116.052
G0 X110.258 Y116.581
G0 X110.199 Y116.64
G1 F1800 X109.914 Y116.642 E46.29429
G0 F7200 X109.854 Y116.794
G1 F1500 E39.79429
G0 F7200 X109.854 Y116.788
G0 X110.001 Y119.42
G1 F1500 E46.29429
G0 F7200 X109.782 Y119.898
;TYPE:WALL-OUTER
G1 F1800 X109.759 Y119.9 E46.29458
G1 X109.542 Y119.9 E46.2973
G1 X109.542 Y119.4 E46.30357
G1 X110.063 Y119.4 E46.31011
G1 X110.323 Y119.381 E46.31338
G1 X110.541 Y119.347 E46.31614
G1 X110.645 Y119.319 E46.31749
G1 X110.646 Y119.805 E46.32359
G1 X110.463 Y119.854 E46.32596
G1 X110.269 Y119.884 E46.32843
G1 X110.126 Y119.896 E46.33022
G1 X110.003 Y119.899 E46.33177
G1 X109.782 Y119.898 E46.33454
G0 F7200 X109.759 Y119.9
G0 X109.582 Y119.9
G0 X109.764 Y119.621
;TYPE:SKIN
G1 F1800 X110.019 Y119.648 E46.33569
G1 X110.323 Y119.627 E46.33706
G0 F7200 X110.366 Y119.464
G1 F1500 E39.83706
G0 F7200 X110.367 Y119.476
G0 X111.51 Y119.457
G0 X116.49 Y119.459
G0 X118.545 Y119.443
G1 F1500 E46.33706
G0 F7200 X118.541 Y119.347
;TYPE:WALL-OUTER
G1 F1800 X118.645 Y119.319 E46.33841
G1 X118.646 Y119.805 E46.34451
G1 X118.463 Y119.854 E46.34688
G1 X118.269 Y119.884 E46.34934
G1 X118.189 Y119.892 E46.35035
G1 X117.908 Y119.898 E46.35388
G1 X117.812 Y119.892 E46.35508
G1 X117.731 Y119.884 E46.3561
G1 X117.536 Y119.854 E46.35858
G1 X117.355 Y119.805 E46.36093
G1 X117.355 Y119.319 E46.36702
G1 X117.459 Y119.347 E46.36837
G1 X117.675 Y119.38 E46.37111
G1 X117.784 Y119.391 E46.37249
G1 X117.896 Y119.398 E46.3739
G1 X118.212 Y119.392 E46.37786
G1 X118.325 Y119.38 E46.37928
G1 X118.541 Y119.347 E46.38202
G0 F7200 X118.645 Y119.319
G0 X118.645 Y119.412
G0 X118.232 Y119.637
;TYPE:SKIN
G1 F1800 X117.941 Y119.645 E46.38357
G1 X117.678 Y119.625 E46.38497
G0 F7200 X117.625 Y119.776
G1 F1500 E39.88497
G0 F7200 X117.627 Y119.768
G0 X118.545 Y119.366
G0 X118.267 Y116.865
G1 F1500 E46.38497
G0 F7200 X118.541 Y116.347
;TYPE:WALL-OUTER
G1 F1800 X118.645 Y116.319 E46.38632
G1 X118.645 Y116.805 E46.39241
G1 X118.464 Y116.854 E46.39477
G1 X118.269 Y116.884 E46.39724
G1 X118.189 Y116.892 E46.39825
G1 X117.908 Y116.898 E46.40177
G1 X117.812 Y116.892 E46.40298
G1 X117.731 Y116.884 E46.404
G1 X117.536 Y116.854 E46.40647
G1 X117.355 Y116.805 E46.40883
G1 X117.355 Y116.319 E46.41492
G1 X117.459 Y116.347 E46.41627
G1 X117.675 Y116.38 E46.41901
G1 X117.784 Y116.391 E46.42039
G1 X117.896 Y116.398 E46.42179
G1 X118.212 Y116.392 E46.42576
G1 X118.325 Y116.38 E46.42718
G1 X118.541 Y116.347 E46.42992
G0 F7200 X118.645 Y116.319
G0 X118.645 Y116.412
G0 X118.409 Y116.631
;TYPE:SKIN
G1 F1800 X118.115 Y116.643 E46.43111
G1 X117.587 Y116.606 E46.43325
G0 F7200 X117.779 Y116.488
G1 F1500 E39.93325
G0 F7200 X117.776 Y116.49
G0 X118.267 Y113.865
G1 F1500 E46.43325
G0 F7200 X118.541 Y113.347
;TYPE:WALL-OUTER
G1 F1800 X118.645 Y113.319 E46.4346
G1 X118.646 Y113.805 E46.44069
G1 X118.463 Y113.854 E46.44307
G1 X118.269 Y113.884 E46.44553
G1 X118.189 Y113.892 E46.44654
G1 X117.908 Y113.898 E46.45006
G1 X117.812 Y113.892 E46.45127
G1 X117.731 Y113.884 E46.45229
G1 X117.536 Y113.854 E46.45476
G1 X117.355 Y113.805 E46.45712
G1 X117.355 Y113.319 E46.46321
G1 X117.459 Y113.347 E46.46456
G1 X117.675 Y113.38 E46.4673
G1 X117.784 Y113.391 E46.46868
G1 X117.896 Y113.398 E46.47008
G1 X118.212 Y113.392 E46.47405
G1 X118.325 Y113.38 E46.47547
G1 X118.541 Y113.347 E46.47821
G0 F7200 X118.645 Y113.319
G0 X118.645 Y113.412
G0 X118.299 Y113.631
;TYPE:SKIN
G1 F1800 X118.001 Y113.645 E46.47978
G1 X117.731 Y113.633 E46.48121
G0 F7200 X117.684 Y113.784
G1 F1500 E39.98121
G0 F7200 X117.686 Y113.777
G0 X118.267 Y110.865
G1 F1500 E46.48121
G0 F7200 X118.541 Y110.347
;TYPE:WALL-OUTER
G1 F1800 X118.645 Y110.319 E46.48256
G1 X118.645 Y110.805 E46.48865
G1 X118.464 Y110.854 E46.49101
G1 X118.269 Y110.884 E46.49348
G1 X118.189 Y110.892 E46.49449
G1 X117.908 Y110.898 E46.49801
G1 X117.812 Y110.892 E46.49922
G1 X117.731 Y110.884 E46.50024
G1 X117.536 Y110.854 E46.50271
G1 X117.355 Y110.805 E46.50507
G1 X117.355 Y110.319 E46.51116
G1 X117.459 Y110.347 E46.51251
G1 X117.675 Y110.38 E46.51525
G1 X117.784 Y110.391 E46.51663
G1 X117.896 Y110.398 E46.51803
G1 X118.212 Y110.392 E46.522
G1 X118.325 Y110.38 E46.52342
G1 X118.541 Y110.347 E46.52616
G0 F7200 X118.645 Y110.319
G0 X118.645 Y110.412
G0 X118.177 Y110.641
;TYPE:SKIN
G1 F1800 X117.891 Y110.645 E46.52764
G1 X117.632 Y110.62 E46.52899
G0 F7200 X117.571 Y110.769
G1 F1500 E40.02899
G0 F7200 X117.574 Y110.76
G0 X118.625 Y110.444
G0 X124.49 Y110.444
G0 X126.545 Y110.444
G1 F1500 E46.52899
G0 F7200 X126.541 Y110.347
;TYPE:WALL-OUTER
G1 F1800 X126.645 Y110.319 E46.53034
G1 X126.645 Y110.805 E46.53643
G1 X126.464 Y110.854 E46.53878
G1 X126.269 Y110.884 E46.54126
G1 X126.188 Y110.892 E46.54228
G1 X126.092 Y110.898 E46.54349
G1 X125.812 Y110.892 E46.547
G1 X125.731 Y110.884 E46.54802
G1 X125.536 Y110.854 E46.55049
G1 X125.355 Y110.805 E46.55284
G1 X125.355 Y110.319 E46.55894
G1 X125.459 Y110.347 E46.56029
G1 X125.675 Y110.38 E46.56303
G1 X125.788 Y110.392 E46.56445
G1 X126.104 Y110.398 E46.56842
G1 X126.216 Y110.391 E46.56983
G1 X126.325 Y110.38 E46.5712
G1 X126.541 Y110.347 E46.57394
G0 F7200 X126.645 Y110.319
G0 X126.645 Y110.412
G0 X126.397 Y110.624
;TYPE:SKIN
G1 F1800 X126.092 Y110.646 E46.57522
G1 X125.578 Y110.595 E46.57738
G0 F7200 X125.737 Y110.791
G1 F1500 E40.07738
G0 F7200 X125.738 Y110.785
G0 X126.633 Y113.334
G1 F1500 E46.57738
G0 F7200 X126.541 Y113.347
;TYPE:WALL-OUTER
G1 F1800 X126.645 Y113.319 E46.57874
G1 X126.646 Y113.805 E46.58483
G1 X126.463 Y113.854 E46.58721
G1 X126.269 Y113.884 E46.58967
G1 X126.188 Y113.892 E46.59069
G1 X126.092 Y113.898 E46.59189
G1 X125.812 Y113.892 E46.59541
G1 X125.731 Y113.884 E46.59643
G1 X125.536 Y113.854 E46.5989
G1 X125.355 Y113.805 E46.60125
G1 X125.355 Y113.319 E46.60735
G1 X125.459 Y113.347 E46.6087
G1 X125.675 Y113.38 E46.61144
G1 X125.788 Y113.392 E46.61286
G1 X126.104 Y113.398 E46.61683
G1 X126.216 Y113.391 E46.61823
G1 X126.325 Y113.38 E46.61961
G1 X126.541 Y113.347 E46.62235
G0 F7200 X126.645 Y113.319
G0 X126.645 Y113.412
G0 X126.21 Y113.639
;TYPE:SKIN
G1 F1800 X125.923 Y113.643 E46.62387
G1 X125.66 Y113.624 E46.62526
G0 F7200 X125.599 Y113.773
G1 F1500 E40.12526
G0 F7200 X125.601 Y113.764
G0 X126.633 Y116.334
G1 F1500 E46.62526
G0 F7200 X126.541 Y116.347
;TYPE:WALL-OUTER
G1 F1800 X126.645 Y116.319 E46.62661
G1 X126.645 Y116.805 E46.63271
G1 X126.464 Y116.854 E46.63506
G1 X126.269 Y116.884 E46.63753
G1 X126.188 Y116.892 E46.63855
G1 X126.092 Y116.898 E46.63976
G1 X125.812 Y116.892 E46.64327
G1 X125.731 Y116.884 E46.64429
G1 X125.536 Y116.854 E46.64677
G1 X125.355 Y116.805 E46.64912
G1 X125.355 Y116.319 E46.65521
G1 X125.459 Y116.347 E46.65656
G1 X125.675 Y116.38 E46.6593
G1 X125.788 Y116.392 E46.66073
G1 X126.104 Y116.398 E46.66469
G1 X126.216 Y116.391 E46.6661
G1 X126.325 Y116.38 E46.66747
G1 X126.541 Y116.347 E46.67021
G0 F7200 X126.645 Y116.319
G0 X126.645 Y116.412
G0 X126.335 Y116.625
;TYPE:SKIN
G1 F1800 X126.032 Y116.646 E46.6718
G1 X125.76 Y116.635 E46.67321
G0 F7200 X125.709 Y116.788
G1 F1500 E40.17321
G0 F7200 X125.711 Y116.781
G0 X126.633 Y119.334
G1 F1500 E46.67321
G0 F7200 X126.541 Y119.347
;TYPE:WALL-OUTER
G1 F1800 X126.645 Y119.319 E46.67456
G1 X126.646 Y119.805 E46.68066
G1 X126.463 Y119.854 E46.68303
G1 X126.269 Y119.884 E46.6855
G1 X126.188 Y119.892 E46.68652
G1 X126.092 Y119.898 E46.68772
G1 X125.812 Y119.892 E46.69124
G1 X125.731 Y119.884 E46.69226
G1 X125.536 Y119.854 E46.69473
G1 X125.355 Y119.805 E46.69708
G1 X125.355 Y119.319 E46.70318
G1 X125.459 Y119.347 E46.70453
G1 X125.675 Y119.38 E46.70727
G1 X125.788 Y119.392 E46.70869
G1 X126.104 Y119.398 E46.71266
G1 X126.216 Y119.391 E46.71406
G1 X126.325 Y119.38 E46.71544
G1 X126.541 Y119.347 E46.71818
G0 F7200 X126.645 Y119.319
G0 X126.645 Y119.412
G0 X126.427 Y119.644
;TYPE:SKIN
G1 F1800 X126.145 Y119.644 E46.71926
G1 X125.608 Y119.616 E46.72132
G0 F7200 X125.571 Y119.769
G1 F1500 E40.22132
G0 F7200 X125.574 Y119.76
G0 X126.633 Y119.334
G0 X132.49 Y116.793
G0 X134.62 Y116.947
G1 F1500 E46.72132
G0 F7200 X134.573 Y117.035
;TYPE:WALL-OUTER
G1 F1800 X134.201 Y116.915 E46.72623
G1 X133.769 Y116.888 E46.73165
G1 X133.731 Y116.884 E46.73213
G1 X133.536 Y116.854 E46.73461
G1 X133.355 Y116.805 E46.73696
G1 X133.355 Y116.319 E46.74305
G1 X133.459 Y116.347 E46.7444
G1 X133.676 Y116.381 E46.74716
G1 X133.853 Y116.396 E46.74939
G1 X133.91 Y116.396 E46.7501
G1 X134.265 Y116.421 E46.75456
G1 X134.675 Y116.536 E46.7599
G1 X134.919 Y116.661 E46.76334
G1 X135.019 Y116.727 E46.76484
G1 X135.337 Y117.021 E46.77028
G1 X135.409 Y117.113 E46.77174
G1 X135.616 Y117.482 E46.77705
G1 X135.727 Y117.878 E46.7822
G1 X135.743 Y118.293 E46.78741
G1 X135.729 Y118.416 E46.78896
G1 X135.616 Y118.818 E46.7942
G1 X135.409 Y119.187 E46.79951
G1 X135.337 Y119.279 E46.80097
G1 X135.019 Y119.573 E46.8064
G1 X134.925 Y119.636 E46.80782
G1 X134.532 Y119.817 E46.81325
G1 X134.417 Y119.849 E46.81474
G1 X133.988 Y119.899 E46.82016
G1 X133.857 Y119.895 E46.8218
G1 X133.731 Y119.884 E46.82339
G1 X133.536 Y119.854 E46.82586
G1 X133.355 Y119.805 E46.82822
G1 X133.355 Y119.319 E46.83431
G1 X133.459 Y119.347 E46.83566
G1 X133.675 Y119.38 E46.8384
G1 X133.786 Y119.392 E46.8398
G1 X133.995 Y119.4 E46.84242
G1 X134.109 Y119.396 E46.84386
G1 X134.467 Y119.31 E46.84847
G1 X134.582 Y119.258 E46.85005
G1 X134.944 Y118.972 E46.85584
G1 X135.068 Y118.801 E46.85849
G1 X135.191 Y118.536 E46.86215
G1 X135.249 Y118.24 E46.86594
G1 X135.193 Y117.767 E46.87191
G1 X135.018 Y117.425 E46.87673
G1 X134.941 Y117.326 E46.8783
G1 X134.573 Y117.035 E46.88418
G0 F7200 X134.383 Y116.974
G0 X134.436 Y116.727
;TYPE:SKIN
G1 F1800 X134.645 Y116.8 E46.88499
G1 X135.246 Y117.331 E46.88793
G1 X135.473 Y117.953 E46.89036
G1 X135.434 Y118.557 E46.89257
G1 X135.048 Y119.226 E46.8954
G1 X134.408 Y119.583 E46.89809
G1 X133.787 Y119.638 E46.90037
G1 X133.565 Y119.578 E46.90121
G0 F7200 X133.549 Y119.595
G0 X134.602 Y119.292
G0 X135.288 Y118.241
G0 X134.663 Y117.057
G0 X133.949 Y116.648
G1 F1800 X134.211 Y116.669 E46.90213
G1 X133.687 Y116.627 E46.90397
G0 F7200 X133.646 Y116.781
G1 F1500 E40.40397
G0 F7200 X133.648 Y116.771
G0 X134.036 Y113.897
G0 X134.62 Y110.947
G1 F1500 E46.90397
G0 F7200 X134.573 Y111.035
;TYPE:WALL-OUTER
G1 F1800 X134.201 Y110.915 E46.90887
G1 X133.769 Y110.888 E46.9143
G1 X133.731 Y110.884 E46.91477
G1 X133.536 Y110.854 E46.91725
G1 X133.355 Y110.805 E46.9196
G1 X133.355 Y110.319 E46.9257
G1 X133.459 Y110.347 E46.92705
G1 X133.676 Y110.381 E46.9298
G1 X133.853 Y110.396 E46.93203
G1 X133.91 Y110.396 E46.93274
G1 X134.269 Y110.421 E46.93726
G1 X134.537 Y110.485 E46.94071
G1 X134.917 Y110.661 E46.94596
G1 X135.133 Y110.818 E46.94931
G1 X135.414 Y111.122 E46.9545
G1 X135.616 Y111.482 E46.95968
G1 X135.727 Y111.878 E46.96484
G1 X135.743 Y112.293 E46.97004
G1 X135.729 Y112.416 E46.9716
G1 X135.616 Y112.818 E46.97683
G1 X135.409 Y113.187 E46.98214
G1 X135.337 Y113.279 E46.9836
G1 X135.019 Y113.573 E46.98904
G1 X134.925 Y113.636 E46.99045
G1 X134.537 Y113.815 E46.99581
G1 X134.269 Y113.879 E46.99927
G1 X133.998 Y113.9 E47.00268
G1 X133.857 Y113.895 E47.00445
G1 X133.731 Y113.884 E47.00603
G1 X133.536 Y113.854 E47.00851
G1 X133.355 Y113.805 E47.01086
G1 X133.355 Y113.319 E47.01695
G1 X133.459 Y113.347 E47.0183
G1 X133.675 Y113.38 E47.02104
G1 X133.786 Y113.392 E47.02244
G1 X133.995 Y113.4 E47.02507
G1 X134.105 Y113.396 E47.02645
G1 X134.382 Y113.341 E47.02999
G1 X134.579 Y113.26 E47.03266
G1 X134.944 Y112.972 E47.03849
G1 X135.068 Y112.801 E47.04114
G1 X135.194 Y112.529 E47.0449
G1 X135.249 Y112.06 E47.05082
G1 X135.191 Y111.764 E47.0546
G1 X135.068 Y111.499 E47.05827
G1 X134.944 Y111.328 E47.06091
G1 X134.573 Y111.035 E47.06684
G0 F7200 X134.383 Y110.974
G0 X134.483 Y110.74
;TYPE:SKIN
G1 F1800 X134.686 Y110.82 E47.06751
G1 X135.272 Y111.366 E47.06994
G1 X135.488 Y111.998 E47.07197
G1 X135.395 Y112.657 E47.07399
G1 X135.179 Y113.156 E47.07564
G1 X134.496 Y113.556 E47.07804
G1 X133.844 Y113.642 E47.08004
G1 X133.591 Y113.612 E47.08081
G0 F7200 X133.549 Y113.655
G0 X134.599 Y113.294
G0 X135.288 Y112.059
G0 X134.665 Y111.058
G0 X133.694 Y110.682
G0 X133.741 Y110.634
G1 F1800 X134.006 Y110.652 E47.08214
G1 X134.265 Y110.675 E47.08345
G0 F7200 X134.355 Y110.544
G1 F1500 E40.58345
;MESH:NONMESH
G0 F600 X134.355 Y110.544 Z8.6
G0 F7200 X133.375 Y110.8
G0 X126.112 Y111.762
G0 X117.616 Y111.741
G0 X111.51 Y110.8
G0 X109.922 Y110.8
G1 F1500 E47.08345
G0 F7200 X109.922 Y110.9
;TIME_ELAPSED:461.497840
;LAYER:42
;TYPE:WALL-OUTER
;MESH:output_v2\B_media_suporte.stl
G1 F1800 X109.342 Y110.9 E47.09072
G1 X109.341 Y110.4 E47.09699
G1 X110.004 Y110.4 E47.10531
G1 X110.214 Y110.392 E47.10794
G1 X110.325 Y110.38 E47.10934
G1 X110.435 Y110.363 E47.11074
G1 X110.435 Y110.858 E47.11695
G1 X110.269 Y110.884 E47.11905
G1 X110.144 Y110.895 E47.12063
G1 X109.922 Y110.9 E47.12341
G0 F7200 X109.722 Y110.9
G0 X109.8 Y110.648
;TYPE:SKIN
G1 F1800 X109.554 Y110.685 E47.12415
G1 X110.08 Y110.646 E47.12573
G0 F7200 X110.127 Y110.796
G1 F1500 E40.62573
G0 F7200 X110.128 Y110.795
G0 X109.874 Y113.417
G0 X109.578 Y116.434
G1 F1500 E47.12573
G0 F7200 X109.61 Y116.34
;TYPE:WALL-OUTER
G1 F1800 X109.896 Y116.397 E47.12939
G1 X110.042 Y116.4 E47.13122
G1 X110.255 Y116.388 E47.13389
G1 X110.435 Y116.364 E47.13617
G1 X110.435 Y116.858 E47.14236
G1 X110.269 Y116.884 E47.14447
G1 X110.143 Y116.895 E47.14606
G1 X110.002 Y116.9 E47.14783
G1 X109.734 Y116.879 E47.1512
G1 X109.332 Y116.766 E47.15643
G1 X108.972 Y116.564 E47.16161
G1 X108.663 Y116.279 E47.16688
G1 X108.591 Y116.187 E47.16835
G1 X108.38 Y115.811 E47.17375
G1 X108.301 Y115.567 E47.17697
G1 X108.251 Y115.14 E47.18236
G1 X108.255 Y115.019 E47.18388
G1 X108.299 Y114.745 E47.18736
G1 X108.444 Y114.352 E47.19261
G1 X108.587 Y114.118 E47.19605
G1 X108.663 Y114.021 E47.1976
G1 X108.976 Y113.732 E47.20294
G1 X109.202 Y113.594 E47.20626
G1 X109.591 Y113.45 E47.21146
G1 X110.019 Y113.4 E47.21687
G1 X110.214 Y113.392 E47.21931
G1 X110.325 Y113.38 E47.22071
G1 X110.435 Y113.363 E47.22211
G1 X110.436 Y113.858 E47.22832
G1 X110.269 Y113.884 E47.23044
G1 X110.143 Y113.895 E47.23202
G1 X110.051 Y113.898 E47.23318
G1 X109.798 Y113.915 E47.23636
G1 X109.427 Y114.035 E47.24125
G1 X109.053 Y114.33 E47.24722
G1 X108.882 Y114.585 E47.25107
G1 X108.762 Y114.958 E47.25598
G1 X108.78 Y115.43 E47.26191
G1 X108.848 Y115.64 E47.26468
G1 X109.107 Y116.026 E47.27051
G1 X109.271 Y116.166 E47.27321
G1 X109.61 Y116.34 E47.27799
G0 F7200 X109.806 Y116.379
G0 X109.846 Y116.634
;TYPE:SKIN
G1 F1800 X110.137 Y116.642 E47.27915
G1 X109.456 Y116.527 E47.28191
G0 F7200 X108.609 Y115.68
G1 F1800 X108.521 Y115.309 E47.28339
G1 X108.627 Y114.567 E47.28628
G1 X108.978 Y114.069 E47.28863
G1 X109.504 Y113.747 E47.29101
G1 X110.216 Y113.61 E47.29381
G0 F7200 X110.053 Y113.8
G1 F1500 E40.79381
G0 F7200 X110.054 Y113.797
G0 X109.024 Y114.303
G0 X108.741 Y115.436
G0 X110.142 Y116.876
G0 X110.423 Y119.378
G1 F1500 E47.29381
G0 F7200 X110.322 Y119.381
;TYPE:WALL-OUTER
G1 F1800 X110.435 Y119.363 E47.29525
G1 X110.436 Y119.858 E47.30145
G1 X110.269 Y119.884 E47.30357
G1 X110.114 Y119.897 E47.30552
G1 X109.667 Y119.9 E47.31113
G1 X109.667 Y119.4 E47.3174
G1 X110.04 Y119.4 E47.32208
G1 X110.322 Y119.381 E47.32562
G0 F7200 X110.435 Y119.363
G0 X110.435 Y119.449
G0 X110.084 Y119.701
;TYPE:SKIN
G1 F1800 X109.977 Y119.594 E47.32657
G0 F7200 X109.976 Y119.497
G1 F1500 E40.82657
G0 F7200 X109.976 Y119.5
G0 X111.301 Y119.844
G0 X116.7 Y119.846
G0 X118.183 Y119.791
G1 F1500 E47.32657
G0 F7200 X118.189 Y119.892
;TYPE:WALL-OUTER
G1 F1800 X117.909 Y119.898 E47.33008
G1 X117.776 Y119.889 E47.33175
G1 X117.731 Y119.884 E47.33232
G1 X117.565 Y119.858 E47.33443
G1 X117.565 Y119.364 E47.34062
G1 X117.676 Y119.381 E47.34203
G1 X117.896 Y119.398 E47.3448
G1 X118.212 Y119.392 E47.34876
G1 X118.325 Y119.38 E47.35019
G1 X118.435 Y119.363 E47.35158
G1 X118.436 Y119.858 E47.35779
G1 X118.269 Y119.884 E47.35991
G1 X118.189 Y119.892 E47.36092
G0 F7200 X117.989 Y119.896
G0 X117.949 Y119.646
;TYPE:SKIN
G1 F1800 X118.206 Y119.621 E47.36246
G0 F7200 X118.033 Y119.495
G1 F1500 E40.86246
G0 F7200 X118.032 Y119.496
G0 X118.188 Y116.873
G1 F1500 E47.36246
G0 F7200 X118.189 Y116.892
;TYPE:WALL-OUTER
G1 F1800 X117.909 Y116.898 E47.36597
G1 X117.776 Y116.889 E47.36765
G1 X117.731 Y116.884 E47.36821
G1 X117.565 Y116.858 E47.37032
G1 X117.565 Y116.364 E47.37652
G1 X117.676 Y116.381 E47.37792
G1 X117.896 Y116.398 E47.38069
G1 X118.212 Y116.392 E47.38465
G1 X118.325 Y116.38 E47.38608
G1 X118.435 Y116.363 E47.38748
G1 X118.435 Y116.858 E47.39368
G1 X118.269 Y116.884 E47.39579
G1 X118.189 Y116.892 E47.3968
G0 F7200 X117.989 Y116.896
G0 X118.059 Y116.645
;TYPE:SKIN
G1 F1800 X117.793 Y116.662 E47.39834
G0 F7200 X117.967 Y116.797
G1 F1500 E40.89834
G0 F7200 X117.968 Y116.796
G0 X118.188 Y113.873
G1 F1500 E47.39834
G0 F7200 X118.189 Y113.892
;TYPE:WALL-OUTER
G1 F1800 X117.909 Y113.898 E47.40185
G1 X117.776 Y113.889 E47.40352
G1 X117.731 Y113.884 E47.40409
G1 X117.565 Y113.858 E47.4062
G1 X117.565 Y113.364 E47.41239
G1 X117.676 Y113.381 E47.4138
G1 X117.896 Y113.398 E47.41657
G1 X118.212 Y113.392 E47.42053
G1 X118.325 Y113.38 E47.42195
G1 X118.435 Y113.363 E47.42335
G1 X118.436 Y113.858 E47.42956
G1 X118.269 Y113.884 E47.43168
G1 X118.189 Y113.892 E47.43269
G0 F7200 X117.989 Y113.896
G0 X117.887 Y113.645
;TYPE:SKIN
G1 F1800 X118.166 Y113.64 E47.43461
G0 F7200 X118.203 Y113.793
G1 F1500 E40.93461
G0 F7200 X118.203 Y113.789
G0 X118.188 Y110.873
G1 F1500 E47.43461
G0 F7200 X118.189 Y110.892
;TYPE:WALL-OUTER
G1 F1800 X117.909 Y110.898 E47.43812
G1 X117.776 Y110.889 E47.43979
G1 X117.731 Y110.884 E47.44036
G1 X117.565 Y110.858 E47.44247
G1 X117.565 Y110.364 E47.44866
G1 X117.676 Y110.381 E47.45007
G1 X117.896 Y110.398 E47.45284
G1 X118.212 Y110.392 E47.4568
G1 X118.325 Y110.38 E47.45823
G1 X118.435 Y110.363 E47.45962
G1 X118.435 Y110.858 E47.46583
G1 X118.269 Y110.884 E47.46794
G1 X118.189 Y110.892 E47.46895
G0 F7200 X117.989 Y110.896
G0 X118.053 Y110.699
;TYPE:SKIN
G1 F1800 X117.946 Y110.592 E47.4699
G0 F7200 X117.944 Y110.497
G1 F1500 E40.9699
G0 F7200 X117.943 Y110.498
G0 X119.3 Y110.785
G0 X124.7 Y110.785
G0 X126.259 Y110.785
G1 F1500 E47.4699
G0 F7200 X126.269 Y110.884
;TYPE:WALL-OUTER
G1 F1800 X126.091 Y110.898 E47.47214
G1 X125.812 Y110.892 E47.47563
G1 X125.731 Y110.884 E47.47666
G1 X125.565 Y110.858 E47.47876
G1 X125.565 Y110.363 E47.48497
G1 X125.675 Y110.38 E47.48637
G1 X125.788 Y110.392 E47.48779
G1 X126.105 Y110.398 E47.49177
G1 X126.256 Y110.388 E47.49366
G1 X126.435 Y110.364 E47.49593
G1 X126.435 Y110.858 E47.50212
G1 X126.269 Y110.884 E47.50423
G0 F7200 X126.091 Y110.898
G0 X126.069 Y110.898
G0 X125.917 Y110.644
;TYPE:SKIN
G1 F1800 X126.193 Y110.636 E47.50603
G0 F7200 X126.039 Y110.497
G1 F1500 E41.00603
G0 F7200 X126.424 Y113.366
G1 F1500 E47.50603
G0 F7200 X126.269 Y113.884
;TYPE:WALL-OUTER
G1 F1800 X126.091 Y113.898 E47.50826
G1 X125.812 Y113.892 E47.51176
G1 X125.731 Y113.884 E47.51278
G1 X125.565 Y113.858 E47.51489
G1 X125.565 Y113.363 E47.5211
G1 X125.675 Y113.38 E47.5225
G1 X125.788 Y113.392 E47.52392
G1 X126.105 Y113.398 E47.5279
G1 X126.256 Y113.388 E47.52979
G1 X126.435 Y113.364 E47.53206
G1 X126.436 Y113.858 E47.53825
G1 X126.269 Y113.884 E47.54037
G0 F7200 X126.091 Y113.898
G0 X126.069 Y113.898
G0 X126.089 Y113.644
;TYPE:SKIN
G1 F1800 X125.808 Y113.646 E47.54221
G0 F7200 X125.961 Y113.795
G1 F1500 E41.04221
G0 F7200 X126.424 Y116.366
G1 F1500 E47.54221
G0 F7200 X126.269 Y116.884
;TYPE:WALL-OUTER
G1 F1800 X126.091 Y116.898 E47.54445
G1 X125.812 Y116.892 E47.54795
G1 X125.731 Y116.884 E47.54897
G1 X125.565 Y116.858 E47.55108
G1 X125.565 Y116.363 E47.55728
G1 X125.675 Y116.38 E47.55868
G1 X125.788 Y116.392 E47.56011
G1 X126.105 Y116.398 E47.56408
G1 X126.256 Y116.388 E47.56598
G1 X126.435 Y116.364 E47.56824
G1 X126.435 Y116.858 E47.57444
G1 X126.269 Y116.884 E47.57655
G0 F7200 X126.091 Y116.898
G0 X126.069 Y116.898
G0 X125.979 Y116.645
;TYPE:SKIN
G1 F1800 X126.221 Y116.605 E47.57784
G0 F7200 X126.032 Y116.796
G1 F1500 E41.07784
G0 F7200 X126.424 Y119.366
G1 F1500 E47.57784
G0 F7200 X126.269 Y119.884
;TYPE:WALL-OUTER
G1 F1800 X126.091 Y119.898 E47.58008
G1 X125.812 Y119.892 E47.58358
G1 X125.731 Y119.884 E47.5846
G1 X125.565 Y119.858 E47.58671
G1 X125.565 Y119.363 E47.59291
G1 X125.675 Y119.38 E47.59431
G1 X125.788 Y119.392 E47.59573
G1 X126.105 Y119.398 E47.59971
G1 X126.256 Y119.388 E47.60161
G1 X126.435 Y119.364 E47.60387
G1 X126.436 Y119.858 E47.61007
G1 X126.269 Y119.884 E47.61219
G0 F7200 X126.091 Y119.898
G0 X126.069 Y119.898
G0 X126.148 Y119.642
;TYPE:SKIN
G1 F1800 X125.865 Y119.643 E47.61404
G0 F7200 X125.837 Y119.491
G1 F1500 E41.11404
G0 F7200 X125.837 Y119.492
G0 X127.3 Y119.377
G0 X132.7 Y116.845
G0 X134.62 Y116.947
G1 F1500 E47.61404
G0 F7200 X134.573 Y117.035
;TYPE:WALL-OUTER
G1 F1800 X134.201 Y116.915 E47.61894
G1 X133.806 Y116.891 E47.6239
G1 X133.731 Y116.884 E47.62485
G1 X133.565 Y116.858 E47.62695
G1 X133.565 Y116.364 E47.63315
G1 X133.676 Y116.381 E47.63456
G1 X133.825 Y116.394 E47.63643
G1 X133.993 Y116.4 E47.63854
G1 X134.266 Y116.421 E47.64197
G1 X134.675 Y116.536 E47.6473
G1 X134.919 Y116.661 E47.65074
G1 X135.019 Y116.727 E47.65224
G1 X135.337 Y117.021 E47.65767
G1 X135.409 Y117.113 E47.65914
G1 X135.616 Y117.482 E47.66444
G1 X135.727 Y117.878 E47.6696
G1 X135.743 Y118.293 E47.67481
G1 X135.729 Y118.416 E47.67636
G1 X135.616 Y118.818 E47.6816
G1 X135.409 Y119.187 E47.6869
G1 X135.337 Y119.279 E47.68837
G1 X135.019 Y119.573 E47.6938
G1 X134.925 Y119.636 E47.69522
G1 X134.532 Y119.817 E47.70064
G1 X134.418 Y119.849 E47.70213
G1 X133.988 Y119.899 E47.70756
G1 X133.857 Y119.895 E47.7092
G1 X133.731 Y119.884 E47.71079
G1 X133.565 Y119.858 E47.71289
G1 X133.565 Y119.363 E47.7191
G1 X133.675 Y119.38 E47.7205
G1 X133.787 Y119.392 E47.72191
G1 X134.03 Y119.4 E47.72496
G1 X134.111 Y119.396 E47.72598
G1 X134.467 Y119.31 E47.73057
G1 X134.582 Y119.258 E47.73215
G1 X134.944 Y118.972 E47.73794
G1 X135.068 Y118.801 E47.74059
G1 X135.191 Y118.536 E47.74425
G1 X135.249 Y118.24 E47.74803
G1 X135.193 Y117.767 E47.75401
G1 X135.018 Y117.425 E47.75882
G1 X134.941 Y117.326 E47.7604
G1 X134.573 Y117.035 E47.76628
G0 F7200 X134.383 Y116.974
G0 X134.205 Y116.669
;TYPE:SKIN
G1 F1800 X133.9 Y116.647 E47.76753
G1 X134.621 Y116.802 E47.77054
G0 F7200 X135.341 Y117.522
G1 F1800 X135.467 Y117.931 E47.77226
G1 X135.39 Y118.702 E47.77537
G1 X135.046 Y119.207 E47.77783
G1 X134.533 Y119.543 E47.78029
G1 X133.799 Y119.657 E47.78327
G0 F7200 X133.959 Y119.798
G1 F1500 E41.28327
G0 F7200 X134.972 Y118.999
G0 X135.231 Y117.756
G0 X134.197 Y116.435
G0 X133.999 Y113.881
G0 X135.102 Y112.821
G0 X135.102 Y111.479
G1 F1500 E47.78327
G0 F7200 X134.573 Y111.035
;TYPE:WALL-OUTER
G1 F1800 X134.201 Y110.915 E47.78817
G1 X133.806 Y110.891 E47.79314
G1 X133.731 Y110.884 E47.79408
G1 X133.565 Y110.858 E47.79619
G1 X133.565 Y110.364 E47.80238
G1 X133.676 Y110.381 E47.80379
G1 X133.825 Y110.394 E47.80567
G1 X133.993 Y110.4 E47.80777
G1 X134.269 Y110.421 E47.81125
G1 X134.537 Y110.485 E47.8147
G1 X134.917 Y110.661 E47.81995
G1 X135.133 Y110.818 E47.8233
G1 X135.414 Y111.122 E47.82849
G1 X135.616 Y111.482 E47.83367
G1 X135.727 Y111.878 E47.83883
G1 X135.743 Y112.293 E47.84404
G1 X135.729 Y112.416 E47.84559
G1 X135.616 Y112.818 E47.85082
G1 X135.409 Y113.187 E47.85613
G1 X135.337 Y113.279 E47.8576
G1 X135.019 Y113.573 E47.86303
G1 X134.925 Y113.636 E47.86445
G1 X134.537 Y113.815 E47.8698
G1 X134.269 Y113.879 E47.87326
G1 X133.999 Y113.9 E47.87666
G1 X133.857 Y113.895 E47.87844
G1 X133.731 Y113.884 E47.88002
G1 X133.565 Y113.858 E47.88213
G1 X133.565 Y113.363 E47.88834
G1 X133.675 Y113.38 E47.88973
G1 X133.787 Y113.392 E47.89115
G1 X134.03 Y113.4 E47.89419
G1 X134.107 Y113.396 E47.89516
G1 X134.382 Y113.341 E47.89868
G1 X134.579 Y113.26 E47.90135
G1 X134.944 Y112.972 E47.90718
G1 X135.068 Y112.801 E47.90983
G1 X135.194 Y112.529 E47.91359
G1 X135.249 Y112.06 E47.91951
G1 X135.191 Y111.764 E47.92329
G1 X135.068 Y111.499 E47.92696
G1 X134.944 Y111.328 E47.92961
G1 X134.573 Y111.035 E47.93553
G0 F7200 X134.383 Y110.974
G0 X134.505 Y110.746
;TYPE:SKIN
G1 F1800 X134.136 Y110.66 E47.93765
G1 X133.836 Y110.643 E47.93933
G0 F7200 X133.779 Y110.586
G0 X135.303 Y111.544
G0 X135.391 Y111.633
G1 F1800 X135.481 Y112.005 E47.94085
G1 X135.369 Y112.741 E47.94382
G1 X135.013 Y113.234 E47.94624
G1 X134.492 Y113.562 E47.94869
G1 X134.01 Y113.645 E47.95063
G0 F7200 X133.961 Y113.499
G1 F1500 E41.45063
;MESH:NONMESH
G0 F600 X133.961 Y113.499 Z8.8
G0 F7200 X132.7 Y113.378
G0 X127.283 Y112.278
G0 X117.365 Y111.703
G0 X111.3 Y110.845
G0 X109.969 Y110.798
G1 F1500 E47.95063
G0 F7200 X109.971 Y110.9
;TIME_ELAPSED:473.018065
;LAYER:43
;TYPE:WALL-OUTER
;MESH:output_v2\B_media_suporte.stl
G1 F1800 X109.261 Y110.9 E47.95953
G1 X109.26 Y110.4 E47.96581
G1 X110.005 Y110.4 E47.97515
G1 X110.216 Y110.391 E47.9778
G1 X110.216 Y110.888 E47.98403
G1 X110.126 Y110.895 E47.98516
G1 X109.971 Y110.9 E47.98711
G0 F7200 X109.771 Y110.9
G0 X109.965 Y110.65
;TYPE:SKIN
G1 F1800 X109.684 Y110.649 E47.98905
G0 F7200 X109.629 Y110.8
G1 F1500 E41.48905
G0 F7200 X109.873 Y113.418
G0 X109.578 Y116.434
G1 F1500 E47.98905
G0 F7200 X109.61 Y116.34
;TYPE:WALL-OUTER
G1 F1800 X109.905 Y116.396 E47.99281
G1 X110.004 Y116.4 E47.99406
G1 X110.216 Y116.391 E47.99672
G1 X110.216 Y116.888 E48.00295
G1 X110.124 Y116.895 E48.00411
G1 X110.002 Y116.9 E48.00564
G1 X109.734 Y116.879 E48.00901
G1 X109.332 Y116.766 E48.01425
G1 X108.972 Y116.564 E48.01942
G1 X108.663 Y116.279 E48.02469
G1 X108.591 Y116.187 E48.02616
G1 X108.38 Y115.811 E48.03157
G1 X108.301 Y115.567 E48.03478
G1 X108.251 Y115.14 E48.04017
G1 X108.255 Y115.019 E48.04169
G1 X108.299 Y114.745 E48.04517
G1 X108.444 Y114.352 E48.05043
G1 X108.587 Y114.118 E48.05386
G1 X108.663 Y114.021 E48.05541
G1 X108.976 Y113.732 E48.06075
G1 X109.202 Y113.594 E48.06407
G1 X109.591 Y113.45 E48.06928
G1 X110.02 Y113.4 E48.07469
G1 X110.216 Y113.391 E48.07715
G1 X110.216 Y113.889 E48.0834
G1 X110.144 Y113.895 E48.0843
G1 X110.015 Y113.899 E48.08592
G1 X109.797 Y113.915 E48.08866
G1 X109.427 Y114.035 E48.09354
G1 X109.053 Y114.33 E48.09951
G1 X108.882 Y114.585 E48.10336
G1 X108.762 Y114.958 E48.10828
G1 X108.78 Y115.43 E48.1142
G1 X108.848 Y115.64 E48.11697
G1 X109.107 Y116.026 E48.1228
G1 X109.271 Y116.166 E48.1255
G1 X109.61 Y116.34 E48.13028
G0 F7200 X109.806 Y116.377
G0 X109.717 Y116.556
;TYPE:SKIN
G1 F1800 X109.627 Y116.646 E48.13108
G0 F7200 X109.45 Y116.54
G1 F1800 X109.265 Y116.442 E48.13181
G1 X108.811 Y116.047 E48.1339
G1 X108.538 Y115.472 E48.13612
G1 X108.523 Y114.921 E48.13803
G1 X108.672 Y114.489 E48.13962
G1 X109.323 Y113.838 E48.14283
G1 X109.767 Y113.677 E48.14447
G0 F7200 X109.827 Y113.617
G0 X109.024 Y114.303
G0 X108.741 Y115.436
G0 X109.964 Y116.592
G1 F1800 X109.863 Y116.693 E48.14537
G0 F7200 X109.822 Y116.787
G1 F1500 E41.64537
G0 F7200 X109.822 Y116.786
G0 X110.165 Y119.391
G1 F1500 E48.14537
G0 F7200 X110.103 Y119.897
;TYPE:WALL-OUTER
G1 F1800 X109.883 Y119.9 E48.14812
G1 X109.883 Y119.4 E48.1544
G1 X110.017 Y119.4 E48.15608
G1 X110.216 Y119.387 E48.15858
G1 X110.216 Y119.888 E48.16383
G1 X110.103 Y119.897 E48.16526
G0 F7200 X109.903 Y119.899
G1 F1500 E41.66526
G0 F7200 X109.983 Y119.799
G0 X111.081 Y119.497
G0 X116.919 Y119.497
G1 F1500 E48.16526
G0 F7200 X117.895 Y119.398
G1 F1800 X118.216 Y119.392 E48.16928
G1 X118.216 Y119.889 E48.17551
G1 X118.188 Y119.892 E48.17587
G1 X117.898 Y119.898 E48.1795
G1 X117.784 Y119.89 E48.18094
G1 X117.784 Y119.39 E48.18721
G1 X117.895 Y119.398 E48.1886
G0 F7200 X118.095 Y119.395
G0 X118.096 Y119.493
G1 F1500 E41.6886
G0 F7200 X118.095 Y119.495
G0 X117.898 Y116.879
G1 F1500 E48.1886
G0 F7200 X117.895 Y116.398
G1 F1800 X118.216 Y116.392 E48.19263
G1 X118.216 Y116.889 E48.19886
G1 X118.188 Y116.892 E48.19922
G1 X117.898 Y116.898 E48.20285
G1 X117.784 Y116.89 E48.20429
G1 X117.784 Y116.39 E48.21056
G1 X117.895 Y116.398 E48.21195
G0 F7200 X118.095 Y116.395
G0 X118.096 Y116.493
G1 F1500 E41.71195
G0 F7200 X118.095 Y116.495
G0 X117.898 Y113.879
G1 F1500 E48.21195
G0 F7200 X117.895 Y113.398
G1 F1800 X118.216 Y113.392 E48.21598
G1 X118.216 Y113.889 E48.22221
G1 X118.188 Y113.892 E48.22256
G1 X117.898 Y113.898 E48.2262
G1 X117.784 Y113.89 E48.22763
G1 X117.784 Y113.39 E48.2339
G1 X117.895 Y113.398 E48.2353
G0 F7200 X118.095 Y113.395
G0 X118.02 Y113.627
;TYPE:SKIN
G1 F1800 X117.978 Y113.669 E48.23567
G0 F7200 X117.816 Y113.669
G1 F1500 E41.73567
G0 F7200 X117.884 Y113.669
G0 X117.898 Y110.879
G1 F1500 E48.23567
G0 F7200 X117.895 Y110.398
;TYPE:WALL-OUTER
G1 F1800 X118.216 Y110.392 E48.2397
G1 X118.216 Y110.889 E48.24593
G1 X118.188 Y110.892 E48.24628
G1 X117.898 Y110.898 E48.24992
G1 X117.784 Y110.89 E48.25136
G1 X117.784 Y110.39 E48.25763
G1 X117.895 Y110.398 E48.25902
G0 F7200 X118.095 Y110.395
G0 X118.096 Y110.493
G1 F1500 E41.75902
G0 F7200 X118.095 Y110.495
G0 X124.919 Y110.497
G0 X126.116 Y110.497
G1 F1500 E48.25902
G0 F7200 X126.117 Y110.398
G1 F1800 X126.216 Y110.391 E48.26027
G1 X126.216 Y110.889 E48.26651
G1 X126.09 Y110.898 E48.26809
G1 X125.812 Y110.892 E48.27158
G1 X125.784 Y110.889 E48.27193
G1 X125.784 Y110.392 E48.27817
G1 X126.117 Y110.398 E48.28234
G0 F7200 X126.216 Y110.391
G0 X126.216 Y110.492
G0 X126.184 Y110.492
G1 F1500 E41.78234
G0 F7200 X126.119 Y110.497
G0 X126.203 Y113.405
G1 F1500 E48.28234
G0 F7200 X126.117 Y113.398
G1 F1800 X126.216 Y113.391 E48.28359
G1 X126.216 Y113.889 E48.28983
G1 X126.09 Y113.898 E48.29142
G1 X125.812 Y113.892 E48.29491
G1 X125.784 Y113.889 E48.29526
G1 X125.784 Y113.392 E48.30149
G1 X126.117 Y113.398 E48.30567
G0 F7200 X126.216 Y113.391
G0 X126.216 Y113.492
G0 X126.184 Y113.492
G1 F1500 E41.80567
G0 F7200 X126.119 Y113.497
G0 X126.203 Y116.405
G1 F1500 E48.30567
G0 F7200 X126.117 Y116.398
G1 F1800 X126.216 Y116.391 E48.30691
G1 X126.216 Y116.889 E48.31316
G1 X126.09 Y116.898 E48.31474
G1 X125.812 Y116.892 E48.31823
G1 X125.784 Y116.889 E48.31858
G1 X125.784 Y116.392 E48.32481
G1 X126.117 Y116.398 E48.32899
G0 F7200 X126.216 Y116.391
G0 X126.216 Y116.492
G0 X126.02 Y116.658
;TYPE:SKIN
G1 F1800 X125.978 Y116.7 E48.32936
G0 F7200 X125.816 Y116.7
G1 F1500 E41.82936
G0 F7200 X125.884 Y116.7
G0 X126.203 Y119.405
G1 F1500 E48.32936
G0 F7200 X126.117 Y119.398
;TYPE:WALL-OUTER
G1 F1800 X126.216 Y119.391 E48.33061
G1 X126.216 Y119.889 E48.33685
G1 X126.09 Y119.898 E48.33844
G1 X125.812 Y119.892 E48.34192
G1 X125.784 Y119.889 E48.34228
G1 X125.784 Y119.392 E48.34851
G1 X126.117 Y119.398 E48.35269
G0 F7200 X126.216 Y119.391
G0 X126.216 Y119.492
G0 X126.184 Y119.492
G1 F1500 E41.85269
G0 F7200 X126.119 Y119.497
G0 X132.919 Y116.876
G0 X134.62 Y116.947
G1 F1500 E48.35269
G0 F7200 X134.573 Y117.035
G1 F1800 X134.201 Y116.915 E48.35759
G1 X133.784 Y116.889 E48.36283
G1 X133.784 Y116.391 E48.36907
G1 X134.028 Y116.402 E48.37214
G1 X134.265 Y116.421 E48.37512
G1 X134.675 Y116.536 E48.38046
G1 X134.919 Y116.661 E48.38389
G1 X135.019 Y116.727 E48.3854
G1 X135.337 Y117.021 E48.39083
G1 X135.409 Y117.113 E48.39229
G1 X135.616 Y117.482 E48.3976
G1 X135.727 Y117.878 E48.40276
G1 X135.743 Y118.293 E48.40796
G1 X135.729 Y118.416 E48.40952
G1 X135.616 Y118.818 E48.41475
G1 X135.409 Y119.187 E48.42006
G1 X135.337 Y119.279 E48.42152
G1 X135.019 Y119.573 E48.42696
G1 X134.925 Y119.636 E48.42837
G1 X134.532 Y119.817 E48.4338
G1 X134.418 Y119.849 E48.43529
G1 X133.989 Y119.899 E48.4407
G1 X133.839 Y119.894 E48.44258
G1 X133.784 Y119.889 E48.44328
G1 X133.784 Y119.392 E48.44951
G1 X134.006 Y119.4 E48.45229
G1 X134.11 Y119.396 E48.4536
G1 X134.467 Y119.31 E48.4582
G1 X134.582 Y119.258 E48.45979
G1 X134.944 Y118.972 E48.46557
G1 X135.068 Y118.801 E48.46822
G1 X135.191 Y118.536 E48.47189
G1 X135.249 Y118.24 E48.47567
G1 X135.193 Y117.767 E48.48164
G1 X135.018 Y117.425 E48.48646
G1 X134.941 Y117.326 E48.48803
G1 X134.573 Y117.035 E48.49392
G0 F7200 X134.383 Y116.974
G0 X134.436 Y116.727
;TYPE:SKIN
G1 F1800 X134.645 Y116.8 E48.49476
G1 X135.246 Y117.331 E48.49783
G1 X135.473 Y117.953 E48.50036
G1 X135.434 Y118.557 E48.50268
G1 X135.048 Y119.226 E48.50564
G1 X134.408 Y119.583 E48.50844
G1 X134.064 Y119.644 E48.50978
G0 F7200 X134.01 Y119.699
G0 X134.972 Y118.999
G0 X135.231 Y117.756
G0 X134.163 Y116.717
G1 F1800 X134.259 Y116.621 E48.51063
G0 F7200 X134.222 Y116.515
G1 F1500 E42.01063
G0 F7200 X134.221 Y116.518
G0 X133.999 Y113.881
G0 X135.102 Y112.821
G0 X135.102 Y111.479
G1 F1500 E48.51063
G0 F7200 X134.573 Y111.035
;TYPE:WALL-OUTER
G1 F1800 X134.201 Y110.915 E48.51553
G1 X133.784 Y110.889 E48.52077
G1 X133.784 Y110.391 E48.52702
G1 X134.028 Y110.402 E48.53008
G1 X134.269 Y110.421 E48.53311
G1 X134.537 Y110.485 E48.53657
G1 X134.917 Y110.661 E48.54182
G1 X135.133 Y110.818 E48.54517
G1 X135.414 Y111.122 E48.55036
G1 X135.616 Y111.482 E48.55553
G1 X135.727 Y111.878 E48.56069
G1 X135.743 Y112.293 E48.5659
G1 X135.729 Y112.416 E48.56745
G1 X135.616 Y112.818 E48.57269
G1 X135.409 Y113.187 E48.57799
G1 X135.337 Y113.279 E48.57946
G1 X135.019 Y113.573 E48.58489
G1 X134.925 Y113.636 E48.58631
G1 X134.537 Y113.815 E48.59167
G1 X134.269 Y113.879 E48.59512
G1 X133.999 Y113.9 E48.59852
G1 X133.839 Y113.894 E48.60053
G1 X133.784 Y113.889 E48.60122
G1 X133.784 Y113.392 E48.60745
G1 X134.006 Y113.4 E48.61024
G1 X134.106 Y113.396 E48.61149
G1 X134.382 Y113.341 E48.61502
G1 X134.579 Y113.26 E48.61769
G1 X134.944 Y112.972 E48.62352
G1 X135.068 Y112.801 E48.62617
G1 X135.194 Y112.529 E48.62993
G1 X135.249 Y112.06 E48.63585
G1 X135.191 Y111.764 E48.63964
G1 X135.068 Y111.499 E48.6433
G1 X134.944 Y111.328 E48.64595
G1 X134.573 Y111.035 E48.65188
G0 F7200 X134.383 Y110.974
G0 X134.483 Y110.74
;TYPE:SKIN
G1 F1800 X134.686 Y110.82 E48.65254
G1 X135.272 Y111.366 E48.65497
G1 X135.488 Y111.998 E48.65699
G1 X135.395 Y112.657 E48.65901
G1 X135.179 Y113.156 E48.66066
G1 X134.496 Y113.556 E48.66306
G1 X134.132 Y113.637 E48.66419
G0 F7200 X134.07 Y113.699
G0 X134.972 Y112.999
G0 X135.102 Y111.479
G0 X134.22 Y110.72
G0 X134.265 Y110.675
G1 F1800 X134.018 Y110.639 E48.6657
G0 F7200 X134.194 Y110.514
G1 F1500 E42.1657
;MESH:NONMESH
G0 F600 X134.194 Y110.514 Z9
G0 F7200 X134.194 Y110.515
G0 X132.919 Y110.75
G0 X126.115 Y111.762
G0 X117.618 Y111.741
G0 X111.081 Y110.75
G0 X109.629 Y110.75
;TIME_ELAPSED:483.762292
;LAYER:44
;TYPE:WALL-OUTER
;MESH:output_v2\B_media_suporte.stl
G1 F1500 E48.6657
G1 F1800 X109.628 Y110.9 E48.66758
G1 X109.206 Y110.9 E48.67287
G1 X109.205 Y110.4 E48.67914
G1 X109.627 Y110.4 E48.68443
G1 X109.627 Y110.55 E48.68631
G1 X110.1 Y110.55 E48.69224
G1 X110.1 Y110.75 E48.69475
G1 X109.629 Y110.75 E48.6977
G0 F7200 X109.628 Y110.9
G0 X109.578 Y110.9
G0 X109.227 Y110.5
G1 F1500 E42.1977
G0 F7200 X109.306 Y110.501
G0 X109.914 Y113.564
G1 F1500 E48.6977
G0 F7200 X110.1 Y113.75
G1 F1800 X109.9 Y113.75 E48.70021
G1 X109.9 Y113.55 E48.70272
G1 X110.1 Y113.55 E48.70397
G1 X110.1 Y113.75 E48.70522
G0 F7200 X109.9 Y113.75
G1 F1500 E42.20522
G0 F7200 X110 Y113.68
G0 X110 Y116.57
G1 F1500 E48.70522
G0 F7200 X110.1 Y116.75
G1 F1800 X109.9 Y116.75 E48.70773
G1 X109.9 Y116.55 E48.71024
G1 X110.1 Y116.55 E48.71149
G1 X110.1 Y116.75 E48.71275
G0 F7200 X109.9 Y116.75
G1 F1500 E42.21275
G0 F7200 X110 Y116.68
G0 X110 Y119.57
G1 F1500 E48.71275
G0 F7200 X110.1 Y119.75
G1 F1800 X109.9 Y119.75 E48.71526
G1 X109.9 Y119.55 E48.71776
G1 X110.1 Y119.55 E48.71902
G1 X110.1 Y119.75 E48.72027
G0 F7200 X109.9 Y119.75
G1 F1500 E42.22027
G0 F7200 X110 Y119.68
G0 X117.035 Y119.68
G1 F1500 E48.72027
G0 F7200 X118.1 Y119.75
G1 F1800 X117.9 Y119.75 E48.72278
G1 X117.9 Y119.55 E48.72529
G1 X118.1 Y119.55 E48.72654
G1 X118.1 Y119.75 E48.7278
G0 F7200 X117.9 Y119.75
G1 F1500 E42.2278
G0 F7200 X118 Y119.68
G0 X118 Y116.73
G1 F1500 E48.7278
G0 F7200 X118.1 Y116.75
G1 F1800 X117.9 Y116.75 E48.7303
G1 X117.9 Y116.55 E48.73281
G1 X118.1 Y116.55 E48.73407
G1 X118.1 Y116.75 E48.73532
G0 F7200 X117.9 Y116.75
G1 F1500 E42.23532
G0 F7200 X118 Y116.68
G0 X118 Y113.73
G1 F1500 E48.73532
G0 F7200 X118.1 Y113.75
G1 F1800 X117.9 Y113.75 E48.73783
G1 X117.9 Y113.55 E48.74034
G1 X118.1 Y113.55 E48.74159
G1 X118.1 Y113.75 E48.74284
G0 F7200 X117.9 Y113.75
G1 F1500 E42.24284
G0 F7200 X118 Y113.68
G0 X118 Y110.73
G1 F1500 E48.74284
G0 F7200 X118.1 Y110.75
G1 F1800 X117.9 Y110.75 E48.74535
G1 X117.9 Y110.55 E48.74786
G1 X118.1 Y110.55 E48.74911
G1 X118.1 Y110.75 E48.75037
G0 F7200 X117.9 Y110.75
G1 F1500 E42.25037
G0 F7200 X118 Y110.68
G0 X125.035 Y110.68
G1 F1500 E48.75037
G0 F7200 X126.1 Y110.75
G1 F1800 X125.9 Y110.75 E48.75288
G1 X125.9 Y110.55 E48.75538
G1 X126.1 Y110.55 E48.75664
G1 X126.1 Y110.75 E48.75789
G0 F7200 X125.9 Y110.75
G1 F1500 E42.25789
G0 F7200 X126 Y110.68
G0 X126 Y113.57
G1 F1500 E48.75789
G0 F7200 X126.1 Y113.75
G1 F1800 X125.9 Y113.75 E48.7604
G1 X125.9 Y113.55 E48.76291
G1 X126.1 Y113.55 E48.76416
G1 X126.1 Y113.75 E48.76542
G0 F7200 X125.9 Y113.75
G1 F1500 E42.26542
G0 F7200 X126 Y113.68
G0 X126 Y116.57
G1 F1500 E48.76542
G0 F7200 X126.1 Y116.75
G1 F1800 X125.9 Y116.75 E48.76793
G1 X125.9 Y116.55 E48.77043
G1 X126.1 Y116.55 E48.77169
G1 X126.1 Y116.75 E48.77294
G0 F7200 X125.9 Y116.75
G1 F1500 E42.27294
G0 F7200 X126 Y116.68
G0 X126 Y119.57
G1 F1500 E48.77294
G0 F7200 X126.1 Y119.75
G1 F1800 X125.9 Y119.75 E48.77545
G1 X125.9 Y119.55 E48.77796
G1 X126.1 Y119.55 E48.77921
G1 X126.1 Y119.75 E48.78047
G0 F7200 X125.9 Y119.75
G1 F1500 E42.28047
G0 F7200 X126 Y119.68
G0 X133.035 Y119.68
G1 F1500 E48.78047
G0 F7200 X134.1 Y119.75
G1 F1800 X133.9 Y119.75 E48.78297
G1 X133.9 Y119.55 E48.78548
G1 X134.1 Y119.55 E48.78674
G1 X134.1 Y119.75 E48.78799
G0 F7200 X133.9 Y119.75
G1 F1500 E42.28799
G0 F7200 X134 Y119.68
G0 X134 Y116.73
G1 F1500 E48.78799
G0 F7200 X134.1 Y116.75
G1 F1800 X133.9 Y116.75 E48.7905
G1 X133.9 Y116.55 E48.79301
G1 X134.1 Y116.55 E48.79426
G1 X134.1 Y116.75 E48.79551
G0 F7200 X133.9 Y116.75
G1 F1500 E42.29551
G0 F7200 X134 Y116.68
G0 X134 Y113.73
G1 F1500 E48.79551
G0 F7200 X134.1 Y113.75
G1 F1800 X133.9 Y113.75 E48.79802
G1 X133.9 Y113.55 E48.80053
G1 X134.1 Y113.55 E48.80178
G1 X134.1 Y113.75 E48.80304
G0 F7200 X133.9 Y113.75
G1 F1500 E42.30304
G0 F7200 X134 Y113.68
G0 X134 Y110.73
G1 F1500 E48.80304
G0 F7200 X134.1 Y110.75
G1 F1800 X133.9 Y110.75 E48.80555
G1 X133.9 Y110.55 E48.80805
G1 X134.1 Y110.55 E48.80931
G1 X134.1 Y110.75 E48.81056
G0 F7200 X133.9 Y110.75
G1 F1500 E42.31056
;MESH:NONMESH
G0 F600 X133.9 Y110.75 Z9.2
G0 F7200 X134 Y110.68
G0 X126.953 Y111.603
G0 X117.047 Y111.603
G0 X110.965 Y110.68
G0 X109.559 Y110.68
G1 F1500 E48.81056
G0 F7200 X109.626 Y110.75
;TIME_ELAPSED:494.648651
;LAYER:45
;TYPE:WALL-OUTER
;MESH:output_v2\B_media_suporte.stl
G1 F1800 X109.627 Y110.9 E48.81244
G1 X109.215 Y110.9 E48.81761
G1 X109.215 Y110.4 E48.82388
G1 X109.628 Y110.4 E48.82906
G1 X109.629 Y110.55 E48.83094
G1 X110.1 Y110.55 E48.83685
G1 X110.1 Y110.75 E48.83936
G1 X109.626 Y110.75 E48.84234
G0 F7200 X109.627 Y110.9
G0 X109.577 Y110.9
G0 X109.228 Y110.501
G1 F1500 E42.34234
G0 F7200 X109.315 Y110.501
G0 X109.914 Y113.564
G1 F1500 E48.84234
G0 F7200 X110.1 Y113.75
G1 F1800 X109.9 Y113.75 E48.84484
G1 X109.9 Y113.55 E48.84735
G1 X110.1 Y113.55 E48.84861
G1 X110.1 Y113.75 E48.84986
G0 F7200 X109.9 Y113.75
G1 F1500 E42.34986
G0 F7200 X110 Y113.68
G0 X110 Y116.57
G1 F1500 E48.84986
G0 F7200 X110.1 Y116.75
G1 F1800 X109.9 Y116.75 E48.85237
G1 X109.9 Y116.55 E48.85488
G1 X110.1 Y116.55 E48.85613
G1 X110.1 Y116.75 E48.85739
G0 F7200 X109.9 Y116.75
G1 F1500 E42.35739
G0 F7200 X110 Y116.68
G0 X110 Y119.57
G1 F1500 E48.85739
G0 F7200 X110.1 Y119.75
G1 F1800 X109.9 Y119.75 E48.85989
G1 X109.9 Y119.55 E48.8624
G1 X110.1 Y119.55 E48.86366
G1 X110.1 Y119.75 E48.86491
G0 F7200 X109.9 Y119.75
G1 F1500 E42.36491
G0 F7200 X110 Y119.68
G0 X117.035 Y119.68
G1 F1500 E48.86491
G0 F7200 X118.1 Y119.75
G1 F1800 X117.9 Y119.75 E48.86742
G1 X117.9 Y119.55 E48.86993
G1 X118.1 Y119.55 E48.87118
G1 X118.1 Y119.75 E48.87243
G0 F7200 X117.9 Y119.75
G1 F1500 E42.37243
G0 F7200 X118 Y119.68
G0 X118 Y116.73
G1 F1500 E48.87243
G0 F7200 X118.1 Y116.75
G1 F1800 X117.9 Y116.75 E48.87494
G1 X117.9 Y116.55 E48.87745
G1 X118.1 Y116.55 E48.8787
G1 X118.1 Y116.75 E48.87996
G0 F7200 X117.9 Y116.75
G1 F1500 E42.37996
G0 F7200 X118 Y116.68
G0 X118 Y113.73
G1 F1500 E48.87996
G0 F7200 X118.1 Y113.75
G1 F1800 X117.9 Y113.75 E48.88247
G1 X117.9 Y113.55 E48.88497
G1 X118.1 Y113.55 E48.88623
G1 X118.1 Y113.75 E48.88748
G0 F7200 X117.9 Y113.75
G1 F1500 E42.38748
G0 F7200 X118 Y113.68
G0 X118 Y110.73
G1 F1500 E48.88748
G0 F7200 X118.1 Y110.75
G1 F1800 X117.9 Y110.75 E48.88999
G1 X117.9 Y110.55 E48.8925
G1 X118.1 Y110.55 E48.89375
G1 X118.1 Y110.75 E48.89501
G0 F7200 X117.9 Y110.75
G1 F1500 E42.39501
G0 F7200 X118 Y110.68
G0 X125.035 Y110.68
G1 F1500 E48.89501
G0 F7200 X126.1 Y110.75
G1 F1800 X125.9 Y110.75 E48.89751
G1 X125.9 Y110.55 E48.90002
G1 X126.1 Y110.55 E48.90128
G1 X126.1 Y110.75 E48.90253
G0 F7200 X125.9 Y110.75
G1 F1500 E42.40253
G0 F7200 X126 Y110.68
G0 X126 Y113.57
G1 F1500 E48.90253
G0 F7200 X126.1 Y113.75
G1 F1800 X125.9 Y113.75 E48.90504
G1 X125.9 Y113.55 E48.90755
G1 X126.1 Y113.55 E48.9088
G1 X126.1 Y113.75 E48.91005
G0 F7200 X125.9 Y113.75
G1 F1500 E42.41005
G0 F7200 X126 Y113.68
G0 X126 Y116.57
G1 F1500 E48.91005
G0 F7200 X126.1 Y116.75
G1 F1800 X125.9 Y116.75 E48.91256
G1 X125.9 Y116.55 E48.91507
G1 X126.1 Y116.55 E48.91632
G1 X126.1 Y116.75 E48.91758
G0 F7200 X125.9 Y116.75
G1 F1500 E42.41758
G0 F7200 X126 Y116.68
G0 X126 Y119.57
G1 F1500 E48.91758
G0 F7200 X126.1 Y119.75
G1 F1800 X125.9 Y119.75 E48.92009
G1 X125.9 Y119.55 E48.9226
G1 X126.1 Y119.55 E48.92385
G1 X126.1 Y119.75 E48.9251
G0 F7200 X125.9 Y119.75
G1 F1500 E42.4251
G0 F7200 X126 Y119.68
G0 X133.035 Y119.68
G1 F1500 E48.9251
G0 F7200 X134.1 Y119.75
G1 F1800 X133.9 Y119.75 E48.92761
G1 X133.9 Y119.55 E48.93012
G1 X134.1 Y119.55 E48.93137
G1 X134.1 Y119.75 E48.93263
G0 F7200 X133.9 Y119.75
G1 F1500 E42.43263
G0 F7200 X134 Y119.68
G0 X134 Y116.73
G1 F1500 E48.93263
G0 F7200 X134.1 Y116.75
G1 F1800 X133.9 Y116.75 E48.93514
G1 X133.9 Y116.55 E48.93764
G1 X134.1 Y116.55 E48.9389
G1 X134.1 Y116.75 E48.94015
G0 F7200 X133.9 Y116.75
G1 F1500 E42.44015
G0 F7200 X134 Y116.68
G0 X134 Y113.73
G1 F1500 E48.94015
G0 F7200 X134.1 Y113.75
G1 F1800 X133.9 Y113.75 E48.94266
G1 X133.9 Y113.55 E48.94517
G1 X134.1 Y113.55 E48.94642
G1 X134.1 Y113.75 E48.94768
G0 F7200 X133.9 Y113.75
G1 F1500 E42.44768
G0 F7200 X134 Y113.68
G0 X134 Y110.73
G1 F1500 E48.94768
G0 F7200 X134.1 Y110.75
G1 F1800 X133.9 Y110.75 E48.95018
G1 X133.9 Y110.55 E48.95269
G1 X134.1 Y110.55 E48.95395
G1 X134.1 Y110.75 E48.9552
G0 F7200 X133.9 Y110.75
G1 F1500 E42.4552
;MESH:NONMESH
G0 F600 X133.9 Y110.75 Z9.4
G0 F7200 X134 Y110.68
G0 X126.953 Y109.697
G0 X117.047 Y109.697
G0 X110.965 Y110.65
G0 X109.943 Y110.65
G1 F1500 E48.9552
G0 F7200 X109.943 Y110.9
;TIME_ELAPSED:505.271685
;LAYER:46
;TYPE:WALL-OUTER
;MESH:output_v2\B_media_suporte.stl
G1 F1800 X109.251 Y110.9 E48.96388
G1 X109.251 Y110.4 E48.97015
G1 X110.005 Y110.4 E48.9796
G1 X110.217 Y110.392 E48.98226
G1 X110.218 Y110.889 E48.9885
G1 X110.145 Y110.895 E48.98942
G1 X109.943 Y110.9 E48.99195
G0 F7200 X109.743 Y110.9
G0 X109.8 Y110.648
;TYPE:SKIN
G1 F1800 X109.517 Y110.648 E48.99388
G0 F7200 X109.462 Y110.5
G1 F1500 E42.49388
G0 F7200 X109.874 Y113.417
G0 X109.578 Y116.434
G1 F1500 E48.99388
G0 F7200 X109.61 Y116.34
;TYPE:WALL-OUTER
G1 F1800 X109.897 Y116.397 E48.99755
G1 X110.093 Y116.4 E49.00001
G1 X110.217 Y116.39 E49.00157
G1 X110.218 Y116.889 E49.00783
G1 X110.143 Y116.895 E49.00877
G1 X110 Y116.9 E49.01056
G1 X109.734 Y116.879 E49.01391
G1 X109.332 Y116.766 E49.01915
G1 X108.972 Y116.564 E49.02432
G1 X108.663 Y116.279 E49.02959
G1 X108.591 Y116.187 E49.03106
G1 X108.38 Y115.811 E49.03647
G1 X108.301 Y115.567 E49.03968
G1 X108.251 Y115.14 E49.04507
G1 X108.255 Y115.019 E49.04659
G1 X108.299 Y114.745 E49.05007
G1 X108.444 Y114.352 E49.05533
G1 X108.587 Y114.118 E49.05876
G1 X108.663 Y114.021 E49.06031
G1 X108.976 Y113.732 E49.06565
G1 X109.202 Y113.594 E49.06897
G1 X109.591 Y113.45 E49.07417
G1 X110.019 Y113.4 E49.07958
G1 X110.217 Y113.392 E49.08206
G1 X110.218 Y113.888 E49.08828
G1 X110.099 Y113.897 E49.08978
G1 X109.799 Y113.915 E49.09355
G1 X109.427 Y114.035 E49.09845
G1 X109.053 Y114.33 E49.10442
G1 X108.882 Y114.585 E49.10827
G1 X108.762 Y114.958 E49.11319
G1 X108.78 Y115.43 E49.11911
G1 X108.848 Y115.64 E49.12188
G1 X109.107 Y116.026 E49.12771
G1 X109.271 Y116.166 E49.13041
G1 X109.61 Y116.34 E49.13519
G0 F7200 X109.806 Y116.379
G0 X109.846 Y116.634
;TYPE:SKIN
G1 F1800 X109.456 Y116.527 E49.13803
G0 F7200 X108.609 Y115.68
G1 F1800 X108.521 Y115.309 E49.13957
G1 X108.627 Y114.567 E49.14259
G1 X108.978 Y114.069 E49.14506
G1 X109.504 Y113.747 E49.14755
G1 X109.976 Y113.653 E49.14949
G0 F7200 X109.806 Y113.513
G1 F1500 E42.64949
G0 F7200 X109.805 Y113.526
G0 X109.024 Y114.303
G0 X108.741 Y115.436
G0 X110 Y116.881
G0 X110.163 Y119.391
G1 F1500 E49.14949
G0 F7200 X110.143 Y119.895
;TYPE:WALL-OUTER
G1 F1800 X110 Y119.9 E49.15128
G1 X109.875 Y119.899 E49.15285
G1 X109.875 Y119.731 E49.15432
G1 X109.883 Y119.4 E49.15848
G1 X110.017 Y119.4 E49.16016
G1 X110.217 Y119.387 E49.16267
G1 X110.218 Y119.889 E49.16838
G1 X110.143 Y119.895 E49.16904
G0 F7200 X110 Y119.9
G0 X109.943 Y119.9
G0 X109.975 Y119.8
G0 X111.082 Y119.51
G0 X116.918 Y119.499
G0 X117.896 Y119.398
G1 F1800 X118.217 Y119.391 E49.17307
G1 X118.218 Y119.889 E49.17931
G1 X118.189 Y119.892 E49.17968
G1 X117.908 Y119.898 E49.1832
G1 X117.783 Y119.889 E49.18477
G1 X117.782 Y119.391 E49.19102
G1 X117.896 Y119.398 E49.19245
G0 F7200 X118.096 Y119.394
G0 X118.098 Y119.493
G1 F1500 E42.69245
G0 F7200 X118.097 Y119.494
G0 X117.908 Y116.879
G1 F1500 E49.19245
G0 F7200 X117.896 Y116.398
G1 F1800 X118.217 Y116.391 E49.19648
G1 X118.218 Y116.889 E49.20272
G1 X118.189 Y116.892 E49.20309
G1 X117.908 Y116.898 E49.20661
G1 X117.783 Y116.889 E49.20818
G1 X117.782 Y116.391 E49.21443
G1 X117.896 Y116.398 E49.21586
G0 F7200 X118.096 Y116.394
G0 X118.098 Y116.493
G0 X118.097 Y116.494
G0 X117.908 Y113.879
G0 X117.896 Y113.398
G1 F1800 X118.217 Y113.391 E49.21989
G1 X118.218 Y113.889 E49.22613
G1 X118.189 Y113.892 E49.2265
G1 X117.908 Y113.898 E49.23002
G1 X117.783 Y113.889 E49.23159
G1 X117.782 Y113.391 E49.23784
G1 X117.896 Y113.398 E49.23927
G0 F7200 X118.096 Y113.394
G0 X118.098 Y113.493
G0 X118.097 Y113.494
G0 X117.908 Y110.879
G0 X117.896 Y110.398
G1 F1800 X118.217 Y110.391 E49.2433
G1 X118.218 Y110.889 E49.24954
G1 X118.189 Y110.892 E49.24991
G1 X117.908 Y110.898 E49.25343
G1 X117.783 Y110.889 E49.25501
G1 X117.782 Y110.391 E49.26125
G1 X117.896 Y110.398 E49.26268
G0 F7200 X118.096 Y110.394
G0 X117.975 Y110.621
;TYPE:SKIN
G1 F1800 X118.022 Y110.668 E49.2631
G0 F7200 X118.183 Y110.668
G0 X118.117 Y110.667
G0 X124.918 Y110.499
G0 X126.106 Y110.497
G0 X126.104 Y110.398
;TYPE:WALL-OUTER
G1 F1800 X126.217 Y110.391 E49.26452
G1 X126.218 Y110.889 E49.27076
G1 X126.092 Y110.898 E49.27235
G1 X125.812 Y110.892 E49.27586
G1 X125.783 Y110.889 E49.27623
G1 X125.782 Y110.391 E49.28247
G1 X126.104 Y110.398 E49.28651
G0 F7200 X126.217 Y110.391
G0 X126.217 Y110.478
G0 X126.183 Y110.478
G0 X126.118 Y110.498
G0 X126.204 Y113.405
G0 X126.104 Y113.398
G1 F1800 X126.217 Y113.391 E49.28793
G1 X126.218 Y113.889 E49.29418
G1 X126.092 Y113.898 E49.29576
G1 X125.812 Y113.892 E49.29927
G1 X125.783 Y113.889 E49.29964
G1 X125.782 Y113.391 E49.30588
G1 X126.104 Y113.398 E49.30992
G0 F7200 X126.217 Y113.391
G0 X126.217 Y113.478
G0 X126.183 Y113.478
G0 X126.118 Y113.498
G0 X126.204 Y116.405
G0 X126.104 Y116.398
G1 F1800 X126.217 Y116.391 E49.31134
G1 X126.218 Y116.889 E49.31759
G1 X126.092 Y116.898 E49.31917
G1 X125.812 Y116.892 E49.32268
G1 X125.783 Y116.889 E49.32305
G1 X125.782 Y116.391 E49.32929
G1 X126.104 Y116.398 E49.33333
G0 F7200 X126.217 Y116.391
G0 X126.217 Y116.478
G0 X126.021 Y116.688
;TYPE:SKIN
G1 F1800 X125.976 Y116.642 E49.33374
G0 F7200 X125.817 Y116.642
G0 X125.883 Y116.643
G0 X126.204 Y119.405
G0 X126.104 Y119.398
;TYPE:WALL-OUTER
G1 F1800 X126.217 Y119.391 E49.33516
G1 X126.218 Y119.889 E49.3414
G1 X126.092 Y119.898 E49.34298
G1 X125.812 Y119.892 E49.3465
G1 X125.783 Y119.889 E49.34686
G1 X125.782 Y119.391 E49.35311
G1 X126.104 Y119.398 E49.35715
G0 F7200 X126.217 Y119.391
G0 X126.217 Y119.478
G0 X126.183 Y119.478
G0 X126.118 Y119.498
G0 X132.918 Y116.877
G0 X134.62 Y116.947
G0 X134.573 Y117.035
G1 F1800 X134.201 Y116.915 E49.36205
G1 X133.842 Y116.894 E49.36656
G1 X133.783 Y116.888 E49.3673
G1 X133.782 Y116.39 E49.37355
G1 X133.878 Y116.398 E49.37475
G1 X133.971 Y116.398 E49.37592
G1 X134.266 Y116.421 E49.37963
G1 X134.675 Y116.536 E49.38496
G1 X134.919 Y116.661 E49.3884
G1 X135.019 Y116.727 E49.3899
G1 X135.337 Y117.021 E49.39533
G1 X135.409 Y117.113 E49.3968
G1 X135.616 Y117.482 E49.4021
G1 X135.727 Y117.878 E49.40726
G1 X135.743 Y118.293 E49.41247
G1 X135.729 Y118.416 E49.41402
G1 X135.616 Y118.818 E49.41926
G1 X135.409 Y119.187 E49.42456
G1 X135.337 Y119.279 E49.42603
G1 X135.019 Y119.573 E49.43146
G1 X134.925 Y119.636 E49.43288
G1 X134.532 Y119.817 E49.4383
G1 X134.418 Y119.849 E49.43979
G1 X133.988 Y119.9 E49.44522
G1 X133.86 Y119.896 E49.44682
G1 X133.783 Y119.889 E49.44779
G1 X133.782 Y119.39 E49.45405
G1 X133.811 Y119.393 E49.45442
G1 X133.995 Y119.4 E49.45673
G1 X134.109 Y119.396 E49.45816
G1 X134.467 Y119.31 E49.46277
G1 X134.582 Y119.258 E49.46436
G1 X134.944 Y118.972 E49.47014
G1 X135.068 Y118.801 E49.47279
G1 X135.191 Y118.536 E49.47645
G1 X135.249 Y118.24 E49.48024
G1 X135.193 Y117.767 E49.48621
G1 X135.018 Y117.425 E49.49103
G1 X134.941 Y117.326 E49.4926
G1 X134.573 Y117.035 E49.49848
G0 F7200 X134.383 Y116.974
G0 X134.205 Y116.669
;TYPE:SKIN
G1 F1800 X134.621 Y116.802 E49.50154
G0 F7200 X135.341 Y117.522
G1 F1800 X135.467 Y117.931 E49.50331
G1 X135.39 Y118.702 E49.50652
G1 X135.046 Y119.207 E49.50905
G1 X134.533 Y119.543 E49.51158
G1 X134.066 Y119.641 E49.51356
G0 F7200 X133.992 Y119.497
G1 F1500 E43.01356
G0 F7200 X133.995 Y119.5
G0 X134.972 Y118.999
G0 X135.231 Y117.756
G0 X134.191 Y116.435
G0 X134.006 Y113.898
G0 X134.62 Y110.947
G1 F1500 E49.51356
G0 F7200 X134.573 Y111.035
;TYPE:WALL-OUTER
G1 F1800 X134.201 Y110.915 E49.51846
G1 X133.783 Y110.889 E49.52371
G1 X133.782 Y110.39 E49.52997
G1 X133.878 Y110.398 E49.53118
G1 X133.971 Y110.398 E49.53234
G1 X134.269 Y110.421 E49.53609
G1 X134.537 Y110.485 E49.53955
G1 X134.917 Y110.661 E49.5448
G1 X135.133 Y110.818 E49.54815
G1 X135.414 Y111.122 E49.55334
G1 X135.616 Y111.482 E49.55852
G1 X135.727 Y111.878 E49.56367
G1 X135.743 Y112.293 E49.56888
G1 X135.729 Y112.416 E49.57043
G1 X135.616 Y112.818 E49.57567
G1 X135.409 Y113.187 E49.58098
G1 X135.337 Y113.279 E49.58244
G1 X135.019 Y113.573 E49.58787
G1 X134.925 Y113.636 E49.58929
G1 X134.537 Y113.815 E49.59465
G1 X134.269 Y113.879 E49.5981
G1 X133.982 Y113.9 E49.60171
G1 X133.859 Y113.896 E49.60326
G1 X133.783 Y113.889 E49.60421
G1 X133.782 Y113.39 E49.61047
G1 X133.811 Y113.393 E49.61084
G1 X133.995 Y113.4 E49.61315
G1 X134.105 Y113.396 E49.61453
G1 X134.382 Y113.341 E49.61807
G1 X134.579 Y113.26 E49.62074
G1 X134.944 Y112.972 E49.62657
G1 X135.068 Y112.801 E49.62922
G1 X135.194 Y112.529 E49.63298
G1 X135.249 Y112.06 E49.6389
G1 X135.191 Y111.764 E49.64268
G1 X135.068 Y111.499 E49.64635
G1 X134.944 Y111.328 E49.64899
G1 X134.573 Y111.035 E49.65492
G0 F7200 X134.383 Y110.974
G0 X134.505 Y110.746
;TYPE:SKIN
G1 F1800 X134.136 Y110.66 E49.65756
G0 F7200 X134.078 Y110.602
G0 X135.303 Y111.544
G0 X135.391 Y111.633
G1 F1800 X135.481 Y112.005 E49.65907
G1 X135.369 Y112.741 E49.662
G1 X135.013 Y113.234 E49.6644
G1 X134.492 Y113.562 E49.66683
G1 X134.019 Y113.655 E49.66873
G0 F7200 X134.216 Y113.782
G1 F1500 E43.16873
;MESH:NONMESH
G0 F600 X134.216 Y113.782 Z9.6
G0 F7200 X132.918 Y113.406
G0 X127.067 Y112.406
G0 X117.616 Y111.741
G0 X111.082 Y110.874
G0 X109.922 Y110.8
G1 F1500 E49.66873
G0 F7200 X109.922 Y110.9
;TIME_ELAPSED:511.867422
;LAYER:47
;TYPE:WALL-OUTER
;MESH:output_v2\B_media_suporte.stl
G1 F1800 X109.348 Y110.9 E49.67593
G1 X109.348 Y110.4 E49.6822
G1 X110.005 Y110.4 E49.69044
G1 X110.214 Y110.392 E49.69306
G1 X110.325 Y110.38 E49.69446
G1 X110.435 Y110.363 E49.69586
G1 X110.436 Y110.858 E49.70207
G1 X110.269 Y110.884 E49.70419
G1 X110.144 Y110.895 E49.70576
G1 X109.922 Y110.9 E49.70855
G0 F7200 X109.722 Y110.9
G0 X109.684 Y110.649
;TYPE:SKIN
G1 F1800 X109.967 Y110.648 E49.7098
G1 X110.223 Y110.676 E49.71094
G0 F7200 X110.032 Y110.497
G1 F1500 E43.21094
G0 F7200 X110.031 Y110.5
G0 X109.874 Y113.417
G0 X109.578 Y116.434
G1 F1500 E49.71094
G0 F7200 X109.61 Y116.34
;TYPE:WALL-OUTER
G1 F1800 X109.896 Y116.397 E49.7146
G1 X110.068 Y116.4 E49.71676
G1 X110.326 Y116.38 E49.72
G1 X110.435 Y116.363 E49.72139
G1 X110.436 Y116.858 E49.7276
G1 X110.269 Y116.884 E49.72971
G1 X110.143 Y116.895 E49.7313
G1 X110 Y116.9 E49.7331
G1 X109.734 Y116.879 E49.73644
G1 X109.332 Y116.766 E49.74168
G1 X108.972 Y116.564 E49.74685
G1 X108.663 Y116.279 E49.75213
G1 X108.591 Y116.187 E49.75359
G1 X108.38 Y115.811 E49.759
G1 X108.301 Y115.567 E49.76221
G1 X108.251 Y115.14 E49.76761
G1 X108.255 Y115.019 E49.76912
G1 X108.299 Y114.745 E49.7726
G1 X108.444 Y114.352 E49.77786
G1 X108.587 Y114.118 E49.7813
G1 X108.663 Y114.021 E49.78284
G1 X108.976 Y113.732 E49.78818
G1 X109.202 Y113.594 E49.7915
G1 X109.591 Y113.45 E49.79671
G1 X110.019 Y113.4 E49.80211
G1 X110.214 Y113.392 E49.80456
G1 X110.325 Y113.38 E49.80596
G1 X110.435 Y113.363 E49.80735
G1 X110.436 Y113.858 E49.81356
G1 X110.269 Y113.884 E49.81568
G1 X110.139 Y113.895 E49.81732
G1 X109.799 Y113.915 E49.82159
G1 X109.427 Y114.035 E49.82649
G1 X109.053 Y114.33 E49.83246
G1 X108.882 Y114.585 E49.83631
G1 X108.762 Y114.958 E49.84123
G1 X108.78 Y115.43 E49.84715
G1 X108.848 Y115.64 E49.84992
G1 X109.107 Y116.026 E49.85575
G1 X109.271 Y116.166 E49.85845
G1 X109.61 Y116.34 E49.86323
G0 F7200 X109.806 Y116.379
G0 X109.716 Y116.558
;TYPE:SKIN
G1 F1800 X109.627 Y116.646 E49.86401
G0 F7200 X109.45 Y116.54
G1 F1800 X109.265 Y116.442 E49.86474
G1 X108.811 Y116.047 E49.86683
G1 X108.538 Y115.472 E49.86904
G1 X108.523 Y114.921 E49.87095
G1 X108.672 Y114.489 E49.87254
G1 X109.323 Y113.838 E49.87574
G1 X110.08 Y113.647 E49.87845
G0 F7200 X110.139 Y113.588
G0 X109.024 Y114.303
G0 X108.741 Y115.436
G0 X109.965 Y116.592
G0 X109.914 Y116.642
G1 F1800 X110.19 Y116.648 E49.88022
G0 F7200 X110.032 Y116.799
G1 F1500 E43.38022
G0 F7200 X110.033 Y116.798
G0 X110.423 Y119.379
G1 F1500 E49.88022
G0 F7200 X110.324 Y119.381
;TYPE:WALL-OUTER
G1 F1800 X110.435 Y119.364 E49.88163
G1 X110.436 Y119.858 E49.88782
G1 X110.269 Y119.884 E49.88994
G1 X110.143 Y119.895 E49.89153
G1 X110.027 Y119.899 E49.89299
G1 X109.667 Y119.9 E49.8975
G1 X109.666 Y119.4 E49.90377
G1 X110.04 Y119.4 E49.90846
G1 X110.324 Y119.381 E49.91203
G0 F7200 X110.435 Y119.364
G0 X110.435 Y119.452
G0 X110.076 Y119.592
;TYPE:SKIN
G1 F1800 X109.965 Y119.703 E49.91301
G0 F7200 X109.965 Y119.8
G1 F1500 E43.41301
G0 F7200 X109.966 Y119.799
G0 X111.301 Y119.844
G0 X116.701 Y119.834
G0 X118.183 Y119.791
G1 F1500 E49.91301
G0 F7200 X118.189 Y119.892
;TYPE:WALL-OUTER
G1 F1800 X117.908 Y119.898 E49.91654
G1 X117.812 Y119.892 E49.91774
G1 X117.731 Y119.884 E49.91877
G1 X117.565 Y119.858 E49.92087
G1 X117.564 Y119.363 E49.92708
G1 X117.675 Y119.38 E49.92849
G1 X117.784 Y119.391 E49.92986
G1 X117.896 Y119.398 E49.93127
G1 X118.212 Y119.392 E49.93523
G1 X118.325 Y119.38 E49.93666
G1 X118.435 Y119.363 E49.93805
G1 X118.436 Y119.858 E49.94426
G1 X118.269 Y119.884 E49.94638
G1 X118.189 Y119.892 E49.94739
G0 F7200 X117.989 Y119.896
G0 X117.941 Y119.645
;TYPE:SKIN
G1 F1800 X118.206 Y119.663 E49.94896
G0 F7200 X118.037 Y119.796
G1 F1500 E43.44896
G0 F7200 X118.038 Y119.795
G0 X118.188 Y116.873
G1 F1500 E49.94896
G0 F7200 X118.189 Y116.892
;TYPE:WALL-OUTER
G1 F1800 X117.908 Y116.898 E49.95248
G1 X117.812 Y116.892 E49.95369
G1 X117.731 Y116.884 E49.95471
G1 X117.565 Y116.858 E49.95682
G1 X117.564 Y116.363 E49.96303
G1 X117.675 Y116.38 E49.96443
G1 X117.784 Y116.391 E49.96581
G1 X117.896 Y116.398 E49.96722
G1 X118.212 Y116.392 E49.97118
G1 X118.325 Y116.38 E49.9726
G1 X118.435 Y116.363 E49.974
G1 X118.436 Y116.858 E49.98021
G1 X118.269 Y116.884 E49.98233
G1 X118.189 Y116.892 E49.98333
G0 F7200 X117.989 Y116.896
G0 X118.115 Y116.643
;TYPE:SKIN
G1 F1800 X117.833 Y116.642 E49.98522
G0 F7200 X117.782 Y116.792
G1 F1500 E43.48522
G0 F7200 X117.782 Y116.789
G0 X118.188 Y113.873
G1 F1500 E49.98522
G0 F7200 X118.189 Y113.892
;TYPE:WALL-OUTER
G1 F1800 X117.908 Y113.898 E49.98875
G1 X117.812 Y113.892 E49.98995
G1 X117.731 Y113.884 E49.99097
G1 X117.565 Y113.858 E49.99308
G1 X117.564 Y113.363 E49.99929
G1 X117.675 Y113.38 E50.0007
G1 X117.784 Y113.391 E50.00207
G1 X117.896 Y113.398 E50.00348
G1 X118.212 Y113.392 E50.00744
G1 X118.325 Y113.38 E50.00887
G1 X118.435 Y113.363 E50.01026
G1 X118.436 Y113.858 E50.01647
G1 X118.269 Y113.884 E50.01859
G1 X118.189 Y113.892 E50.0196
G0 F7200 X117.989 Y113.896
G0 X117.945 Y113.702
;TYPE:SKIN
G1 F1800 X118.058 Y113.589 E50.0206
G0 F7200 X118.056 Y113.494
G1 F1500 E43.5206
G0 F7200 X118.054 Y113.496
G0 X118.188 Y110.873
G1 F1500 E50.0206
G0 F7200 X118.189 Y110.892
;TYPE:WALL-OUTER
G1 F1800 X117.908 Y110.898 E50.02412
G1 X117.812 Y110.892 E50.02533
G1 X117.731 Y110.884 E50.02635
G1 X117.565 Y110.858 E50.02846
G1 X117.564 Y110.363 E50.03467
G1 X117.675 Y110.38 E50.03607
G1 X117.784 Y110.391 E50.03745
G1 X117.896 Y110.398 E50.03885
G1 X118.212 Y110.392 E50.04282
G1 X118.325 Y110.38 E50.04424
G1 X118.435 Y110.363 E50.04564
G1 X118.436 Y110.858 E50.05185
G1 X118.269 Y110.884 E50.05397
G1 X118.189 Y110.892 E50.05497
G0 F7200 X117.989 Y110.896
G0 X118.176 Y110.642
;TYPE:SKIN
G1 F1800 X117.891 Y110.644 E50.0569
G0 F7200 X117.832 Y110.795
G1 F1500 E43.5569
G0 F7200 X117.832 Y110.793
G0 X119.301 Y110.844
G0 X124.701 Y110.834
G0 X126.181 Y110.791
G1 F1500 E50.0569
G0 F7200 X126.188 Y110.892
;TYPE:WALL-OUTER
G1 F1800 X126.092 Y110.898 E50.05811
G1 X125.812 Y110.892 E50.06162
G1 X125.731 Y110.884 E50.06264
G1 X125.565 Y110.858 E50.06475
G1 X125.564 Y110.363 E50.07095
G1 X125.675 Y110.38 E50.07236
G1 X125.788 Y110.392 E50.07379
G1 X126.104 Y110.398 E50.07775
G1 X126.216 Y110.391 E50.07916
G1 X126.325 Y110.38 E50.08053
G1 X126.435 Y110.363 E50.08193
G1 X126.436 Y110.858 E50.08813
G1 X126.269 Y110.884 E50.09025
G1 X126.188 Y110.892 E50.09127
G0 F7200 X126.092 Y110.898
G0 X125.988 Y110.896
G0 X126.092 Y110.646
;TYPE:SKIN
G1 F1800 X125.816 Y110.639 E50.09319
G0 F7200 X125.764 Y110.791
G1 F1500 E43.59319
G0 F7200 X125.764 Y110.787
G0 X126.423 Y113.378
G1 F1500 E50.09319
G0 F7200 X126.188 Y113.892
;TYPE:WALL-OUTER
G1 F1800 X126.092 Y113.898 E50.0944
G1 X125.812 Y113.892 E50.09791
G1 X125.731 Y113.884 E50.09893
G1 X125.565 Y113.858 E50.10104
G1 X125.564 Y113.363 E50.10725
G1 X125.675 Y113.38 E50.10866
G1 X125.788 Y113.392 E50.11008
G1 X126.104 Y113.398 E50.11404
G1 X126.216 Y113.391 E50.11545
G1 X126.325 Y113.38 E50.11682
G1 X126.435 Y113.363 E50.11822
G1 X126.436 Y113.858 E50.12443
G1 X126.269 Y113.884 E50.12655
G1 X126.188 Y113.892 E50.12757
G0 F7200 X126.092 Y113.898
G0 X125.988 Y113.896
G0 X125.922 Y113.644
;TYPE:SKIN
G1 F1800 X126.195 Y113.655 E50.12929
G0 F7200 X126.032 Y113.796
G1 F1500 E43.62929
G0 F7200 X126.423 Y116.378
G1 F1500 E50.12929
G0 F7200 X126.188 Y116.892
;TYPE:WALL-OUTER
G1 F1800 X126.092 Y116.898 E50.13049
G1 X125.812 Y116.892 E50.13401
G1 X125.731 Y116.884 E50.13503
G1 X125.565 Y116.858 E50.13713
G1 X125.564 Y116.363 E50.14334
G1 X125.675 Y116.38 E50.14475
G1 X125.788 Y116.392 E50.14617
G1 X126.104 Y116.398 E50.15014
G1 X126.216 Y116.391 E50.15155
G1 X126.325 Y116.38 E50.15292
G1 X126.435 Y116.363 E50.15432
G1 X126.436 Y116.858 E50.16052
G1 X126.269 Y116.884 E50.16264
G1 X126.188 Y116.892 E50.16366
G0 F7200 X126.092 Y116.898
G0 X125.988 Y116.896
G0 X126.032 Y116.646
;TYPE:SKIN
G1 F1800 X125.783 Y116.612 E50.16506
G0 F7200 X125.962 Y116.795
G1 F1500 E43.66506
G0 F7200 X126.423 Y119.378
G1 F1500 E50.16506
G0 F7200 X126.188 Y119.892
;TYPE:WALL-OUTER
G1 F1800 X126.092 Y119.898 E50.16627
G1 X125.812 Y119.892 E50.16978
G1 X125.731 Y119.884 E50.1708
G1 X125.565 Y119.858 E50.17291
G1 X125.564 Y119.363 E50.17912
G1 X125.675 Y119.38 E50.18052
G1 X125.788 Y119.392 E50.18195
G1 X126.104 Y119.398 E50.18591
G1 X126.216 Y119.391 E50.18732
G1 X126.325 Y119.38 E50.18869
G1 X126.435 Y119.363 E50.19009
G1 X126.436 Y119.858 E50.1963
G1 X126.269 Y119.884 E50.19842
G1 X126.188 Y119.892 E50.19944
G0 F7200 X126.092 Y119.898
G0 X125.988 Y119.896
G0 X126.145 Y119.645
;TYPE:SKIN
G1 F1800 X125.864 Y119.642 E50.20141
G0 F7200 X125.825 Y119.792
G1 F1500 E43.70141
G0 F7200 X127.3 Y119.376
G0 X132.701 Y116.847
G0 X134.62 Y116.947
G1 F1500 E50.20141
G0 F7200 X134.573 Y117.035
;TYPE:WALL-OUTER
G1 F1800 X134.201 Y116.915 E50.20631
G1 X133.806 Y116.891 E50.21128
G1 X133.731 Y116.884 E50.21222
G1 X133.565 Y116.858 E50.21433
G1 X133.564 Y116.364 E50.22052
G1 X133.676 Y116.381 E50.22194
G1 X133.853 Y116.396 E50.22417
G1 X133.91 Y116.396 E50.22489
G1 X134.266 Y116.421 E50.22936
G1 X134.675 Y116.536 E50.23469
G1 X134.919 Y116.661 E50.23813
G1 X135.019 Y116.727 E50.23963
G1 X135.337 Y117.021 E50.24506
G1 X135.409 Y117.113 E50.24653
G1 X135.616 Y117.482 E50.25183
G1 X135.727 Y117.878 E50.25699
G1 X135.743 Y118.293 E50.2622
G1 X135.729 Y118.416 E50.26375
G1 X135.616 Y118.818 E50.26899
G1 X135.409 Y119.187 E50.27429
G1 X135.337 Y119.279 E50.27576
G1 X135.019 Y119.573 E50.28119
G1 X134.925 Y119.636 E50.28261
G1 X134.532 Y119.817 E50.28803
G1 X134.418 Y119.849 E50.28952
G1 X133.985 Y119.9 E50.29499
G1 X133.863 Y119.898 E50.29652
G1 X133.731 Y119.884 E50.29818
G1 X133.565 Y119.858 E50.30029
G1 X133.564 Y119.363 E50.3065
G1 X133.675 Y119.38 E50.3079
G1 X133.786 Y119.392 E50.3093
G1 X133.995 Y119.4 E50.31193
G1 X134.109 Y119.396 E50.31336
G1 X134.467 Y119.31 E50.31797
G1 X134.582 Y119.258 E50.31956
G1 X134.944 Y118.972 E50.32534
G1 X135.068 Y118.801 E50.32799
G1 X135.191 Y118.536 E50.33166
G1 X135.249 Y118.24 E50.33544
G1 X135.193 Y117.767 E50.34141
G1 X135.018 Y117.425 E50.34623
G1 X134.941 Y117.326 E50.3478
G1 X134.573 Y117.035 E50.35368
G0 F7200 X134.383 Y116.974
G0 X134.436 Y116.727
;TYPE:SKIN
G1 F1800 X134.645 Y116.8 E50.35452
G1 X135.246 Y117.331 E50.35753
G1 X135.473 Y117.953 E50.36001
G1 X135.434 Y118.557 E50.36229
G1 X135.048 Y119.226 E50.36519
G1 X134.408 Y119.583 E50.36794
G1 X133.798 Y119.627 E50.37024
G0 F7200 X133.759 Y119.667
G0 X134.972 Y118.999
G0 X135.231 Y117.756
G0 X133.897 Y116.701
G0 X133.949 Y116.648
G1 F1800 X134.211 Y116.669 E50.37202
G0 F7200 X134.223 Y116.515
G1 F1500 E43.87202
G0 F7200 X134.222 Y116.518
G0 X134.037 Y113.896
G0 X134.62 Y110.947
G1 F1500 E50.37202
G0 F7200 X134.573 Y111.035
;TYPE:WALL-OUTER
G1 F1800 X134.201 Y110.915 E50.37693
G1 X133.769 Y110.888 E50.38235
G1 X133.731 Y110.884 E50.38283
G1 X133.565 Y110.858 E50.38494
G1 X133.564 Y110.364 E50.39113
G1 X133.676 Y110.381 E50.39256
G1 X133.853 Y110.396 E50.39478
G1 X133.91 Y110.396 E50.3955
G1 X134.269 Y110.421 E50.40001
G1 X134.537 Y110.485 E50.40347
G1 X134.917 Y110.661 E50.40872
G1 X135.133 Y110.818 E50.41207
G1 X135.414 Y111.122 E50.41726
G1 X135.616 Y111.482 E50.42243
G1 X135.727 Y111.878 E50.42759
G1 X135.743 Y112.293 E50.4328
G1 X135.729 Y112.416 E50.43435
G1 X135.616 Y112.818 E50.43959
G1 X135.409 Y113.187 E50.44489
G1 X135.337 Y113.279 E50.44636
G1 X135.019 Y113.573 E50.45179
G1 X134.925 Y113.636 E50.45321
G1 X134.537 Y113.815 E50.45857
G1 X134.269 Y113.879 E50.46202
G1 X133.997 Y113.9 E50.46544
G1 X133.863 Y113.898 E50.46713
G1 X133.731 Y113.884 E50.46879
G1 X133.565 Y113.858 E50.4709
G1 X133.564 Y113.363 E50.4771
G1 X133.675 Y113.38 E50.47851
G1 X133.786 Y113.392 E50.47991
G1 X133.995 Y113.4 E50.48254
G1 X134.105 Y113.396 E50.48392
G1 X134.382 Y113.341 E50.48746
G1 X134.579 Y113.26 E50.49013
G1 X134.944 Y112.972 E50.49596
G1 X135.068 Y112.801 E50.49861
G1 X135.194 Y112.529 E50.50237
G1 X135.249 Y112.06 E50.50829
G1 X135.191 Y111.764 E50.51207
G1 X135.068 Y111.499 E50.51574
G1 X134.944 Y111.328 E50.51838
G1 X134.573 Y111.035 E50.52431
G0 F7200 X134.383 Y110.974
G0 X134.483 Y110.74
;TYPE:SKIN
G1 F1800 X134.686 Y110.82 E50.52498
G1 X135.272 Y111.366 E50.52742
G1 X135.488 Y111.998 E50.52945
G1 X135.395 Y112.657 E50.53147
G1 X135.179 Y113.156 E50.53313
G1 X134.496 Y113.556 E50.53554
G1 X133.844 Y113.642 E50.53754
G0 F7200 X133.792 Y113.694
G0 X134.972 Y112.999
G0 X135.102 Y111.479
G0 X133.954 Y110.704
G0 X134.006 Y110.652
G1 F1800 X134.265 Y110.675 E50.53829
G1 X133.774 Y110.6 E50.53971
G0 F7200 X133.953 Y110.8
G1 F1500 E44.03971
;MESH:NONMESH
G0 F600 X133.953 Y110.8 Z9.8
G0 F7200 X132.7 Y110.393
G0 X126.253 Y111.754
G0 X117.616 Y111.741
G0 X111.3 Y110.435
G1 F1500 E50.53971
G0 F7200 X110.541 Y110.347
;TIME_ELAPSED:523.486541
;LAYER:48
;TYPE:WALL-OUTER
;MESH:output_v2\B_media_suporte.stl
G1 F1800 X110.645 Y110.319 E50.54106
G1 X110.646 Y110.805 E50.54716
G1 X110.463 Y110.854 E50.54953
G1 X110.269 Y110.884 E50.552
G1 X110.143 Y110.895 E50.55358
G1 X109.994 Y110.9 E50.55545
G1 X109.489 Y110.9 E50.56178
G1 X109.489 Y110.4 E50.56806
G1 X110.005 Y110.4 E50.57453
G1 X110.214 Y110.392 E50.57715
G1 X110.325 Y110.38 E50.57855
G1 X110.541 Y110.347 E50.58129
G0 F7200 X110.645 Y110.319
G0 X110.645 Y110.412
G0 X110.34 Y110.623
;TYPE:SKIN
G1 F1800 X110.08 Y110.645 E50.58262
G1 X109.8 Y110.648 E50.58405
G0 F7200 X109.745 Y110.5
G1 F1500 E44.08405
G0 F7200 X109.874 Y113.417
G0 X109.578 Y116.434
G1 F1500 E50.58405
G0 F7200 X109.61 Y116.34
;TYPE:WALL-OUTER
G1 F1800 X109.896 Y116.397 E50.58771
G1 X110.042 Y116.4 E50.58954
G1 X110.256 Y116.388 E50.59223
G1 X110.424 Y116.366 E50.59436
G1 X110.542 Y116.347 E50.59585
G1 X110.645 Y116.319 E50.59719
G1 X110.646 Y116.805 E50.60329
G1 X110.463 Y116.854 E50.60566
G1 X110.269 Y116.884 E50.60813
G1 X110.143 Y116.895 E50.60971
G1 X110 Y116.9 E50.61151
G1 X109.734 Y116.879 E50.61485
G1 X109.332 Y116.766 E50.62009
G1 X108.972 Y116.564 E50.62526
G1 X108.663 Y116.279 E50.63054
G1 X108.591 Y116.187 E50.632
G1 X108.38 Y115.811 E50.63741
G1 X108.301 Y115.567 E50.64062
G1 X108.251 Y115.14 E50.64602
G1 X108.255 Y115.019 E50.64753
G1 X108.299 Y114.745 E50.65101
G1 X108.444 Y114.352 E50.65627
G1 X108.587 Y114.118 E50.65971
G1 X108.663 Y114.021 E50.66125
G1 X108.976 Y113.732 E50.66659
G1 X109.202 Y113.594 E50.66991
G1 X109.591 Y113.45 E50.67512
G1 X110.019 Y113.4 E50.68052
G1 X110.214 Y113.392 E50.68297
G1 X110.325 Y113.38 E50.68437
G1 X110.541 Y113.347 E50.68711
G1 X110.645 Y113.319 E50.68846
G1 X110.646 Y113.805 E50.69455
G1 X110.463 Y113.854 E50.69693
G1 X110.269 Y113.884 E50.69939
G1 X110.143 Y113.895 E50.70098
G1 X110.051 Y113.898 E50.70213
G1 X109.798 Y113.915 E50.70531
G1 X109.427 Y114.035 E50.7102
G1 X109.053 Y114.33 E50.71617
G1 X108.882 Y114.585 E50.72002
G1 X108.762 Y114.958 E50.72494
G1 X108.78 Y115.43 E50.73086
G1 X108.848 Y115.64 E50.73363
G1 X109.107 Y116.026 E50.73946
G1 X109.271 Y116.166 E50.74216
G1 X109.61 Y116.34 E50.74694
G0 F7200 X109.806 Y116.379
G0 X109.846 Y116.634
;TYPE:SKIN
G1 F1800 X110.137 Y116.643 E50.74787
G1 X110.392 Y116.615 E50.74869
G1 X109.456 Y116.527 E50.75169
G0 F7200 X108.609 Y115.68
G1 F1800 X108.521 Y115.309 E50.7532
G1 X108.627 Y114.567 E50.75617
G1 X108.978 Y114.069 E50.75859
G1 X109.504 Y113.747 E50.76103
G1 X110.241 Y113.635 E50.76399
G0 F7200 X110.29 Y113.789
G1 F1500 E44.26399
G0 F7200 X110.29 Y113.78
G0 X109.024 Y114.303
G0 X108.741 Y115.436
G0 X109.913 Y116.873
G0 X109.913 Y119.42
G1 F1500 E50.76399
G0 F7200 X109.685 Y119.898
;TYPE:WALL-OUTER
G1 F1800 X109.663 Y119.9 E50.76426
G1 X109.542 Y119.9 E50.76578
G1 X109.541 Y119.4 E50.77205
G1 X110.062 Y119.4 E50.77858
G1 X110.183 Y119.394 E50.7801
G1 X110.324 Y119.381 E50.78188
G1 X110.541 Y119.347 E50.78463
G1 X110.645 Y119.319 E50.78598
G1 X110.646 Y119.805 E50.79208
G1 X110.463 Y119.854 E50.79445
G1 X110.269 Y119.884 E50.79692
G1 X110.142 Y119.895 E50.79851
G1 X110.025 Y119.9 E50.79998
G1 X109.685 Y119.898 E50.80425
G0 F7200 X109.663 Y119.9
G0 X109.542 Y119.9
G0 X109.542 Y119.843
G0 X109.769 Y119.668
;TYPE:SKIN
G1 F1800 X110.03 Y119.647 E50.80544
G1 X110.295 Y119.629 E50.80666
G0 F7200 X110.337 Y119.784
G1 F1500 E44.30666
G0 F7200 X110.337 Y119.773
G0 X111.51 Y119.457
G0 X116.49 Y119.448
G0 X118.545 Y119.443
G1 F1500 E50.80666
G0 F7200 X118.541 Y119.347
;TYPE:WALL-OUTER
G1 F1800 X118.645 Y119.319 E50.80801
G1 X118.646 Y119.805 E50.8141
G1 X118.463 Y119.854 E50.81648
G1 X118.269 Y119.884 E50.81894
G1 X118.189 Y119.892 E50.81995
G1 X117.909 Y119.898 E50.82346
G1 X117.776 Y119.889 E50.82513
G1 X117.631 Y119.87 E50.82697
G1 X117.545 Y119.856 E50.82806
G1 X117.355 Y119.805 E50.83053
G1 X117.354 Y119.319 E50.83662
G1 X117.459 Y119.347 E50.83798
G1 X117.676 Y119.381 E50.84074
G1 X117.896 Y119.398 E50.8435
G1 X118.212 Y119.392 E50.84747
G1 X118.325 Y119.38 E50.84889
G1 X118.541 Y119.347 E50.85163
G0 F7200 X118.645 Y119.319
G0 X118.645 Y119.412
G0 X118.222 Y119.636
;TYPE:SKIN
G1 F1800 X117.949 Y119.646 E50.85302
G1 X117.643 Y119.622 E50.85457
G0 F7200 X117.634 Y119.465
G1 F1500 E44.35457
G0 F7200 X117.632 Y119.475
G0 X118.267 Y116.865
G1 F1500 E50.85457
G0 F7200 X118.541 Y116.347
;TYPE:WALL-OUTER
G1 F1800 X118.645 Y116.319 E50.85592
G1 X118.646 Y116.805 E50.86202
G1 X118.463 Y116.854 E50.86439
G1 X118.269 Y116.884 E50.86685
G1 X118.189 Y116.892 E50.86786
G1 X117.909 Y116.898 E50.87137
G1 X117.776 Y116.889 E50.87305
G1 X117.731 Y116.884 E50.87361
G1 X117.536 Y116.854 E50.87609
G1 X117.355 Y116.805 E50.87844
G1 X117.354 Y116.319 E50.88453
G1 X117.459 Y116.347 E50.8859
G1 X117.676 Y116.381 E50.88865
G1 X117.896 Y116.398 E50.89142
G1 X118.212 Y116.392 E50.89538
G1 X118.325 Y116.38 E50.89681
G1 X118.541 Y116.347 E50.89955
G0 F7200 X118.645 Y116.319
G0 X118.645 Y116.412
G0 X118.323 Y116.626
;TYPE:SKIN
G1 F1800 X118.058 Y116.644 E50.90091
G1 X117.769 Y116.637 E50.90239
G0 F7200 X117.742 Y116.482
G1 F1500 E44.40239
G0 F7200 X117.742 Y116.486
G0 X118.267 Y113.865
G1 F1500 E50.90239
G0 F7200 X118.541 Y113.347
;TYPE:WALL-OUTER
G1 F1800 X118.645 Y113.319 E50.90374
G1 X118.646 Y113.805 E50.90984
G1 X118.463 Y113.854 E50.91221
G1 X118.269 Y113.884 E50.91468
G1 X118.189 Y113.892 E50.91568
G1 X117.909 Y113.898 E50.9192
G1 X117.776 Y113.889 E50.92087
G1 X117.631 Y113.87 E50.9227
G1 X117.545 Y113.856 E50.92379
G1 X117.355 Y113.805 E50.92626
G1 X117.354 Y113.319 E50.93236
G1 X117.459 Y113.347 E50.93372
G1 X117.676 Y113.381 E50.93647
G1 X117.896 Y113.398 E50.93924
G1 X118.212 Y113.392 E50.9432
G1 X118.325 Y113.38 E50.94463
G1 X118.541 Y113.347 E50.94737
G0 F7200 X118.645 Y113.319
G0 X118.645 Y113.412
G0 X118.414 Y113.605
;TYPE:SKIN
G1 F1800 X118.166 Y113.64 E50.94839
G1 X117.591 Y113.631 E50.95074
G0 F7200 X117.74 Y113.788
G1 F1500 E44.45074
G0 F7200 X117.742 Y113.784
G0 X118.267 Y110.865
G1 F1500 E50.95074
G0 F7200 X118.541 Y110.347
;TYPE:WALL-OUTER
G1 F1800 X118.645 Y110.319 E50.95209
G1 X118.646 Y110.805 E50.95818
G1 X118.463 Y110.854 E50.96056
G1 X118.269 Y110.884 E50.96302
G1 X118.189 Y110.892 E50.96403
G1 X117.909 Y110.898 E50.96754
G1 X117.776 Y110.889 E50.96921
G1 X117.631 Y110.87 E50.97105
G1 X117.545 Y110.856 E50.97214
G1 X117.355 Y110.805 E50.97461
G1 X117.354 Y110.319 E50.9807
G1 X117.459 Y110.347 E50.98206
G1 X117.676 Y110.381 E50.98482
G1 X117.896 Y110.398 E50.98759
G1 X118.212 Y110.392 E50.99155
G1 X118.325 Y110.38 E50.99297
G1 X118.541 Y110.347 E50.99571
G0 F7200 X118.645 Y110.319
G0 X118.645 Y110.412
G0 X118.27 Y110.633
;TYPE:SKIN
G1 F1800 X117.999 Y110.645 E50.99708
G1 X117.703 Y110.632 E50.99857
G0 F7200 X117.663 Y110.47
G1 F1500 E44.49857
G0 F7200 X117.665 Y110.48
G0 X119.51 Y110.457
G0 X124.49 Y110.448
G0 X126.545 Y110.443
G1 F1500 E50.99857
G0 F7200 X126.542 Y110.347
;TYPE:WALL-OUTER
G1 F1800 X126.645 Y110.319 E50.99991
G1 X126.646 Y110.805 E51.006
G1 X126.463 Y110.854 E51.00838
G1 X126.269 Y110.884 E51.01084
G1 X126.091 Y110.898 E51.01308
G1 X125.812 Y110.892 E51.01658
G1 X125.731 Y110.884 E51.0176
G1 X125.536 Y110.854 E51.02008
G1 X125.355 Y110.805 E51.02243
G1 X125.354 Y110.319 E51.02852
G1 X125.459 Y110.347 E51.02988
G1 X125.675 Y110.38 E51.03262
G1 X125.788 Y110.392 E51.03405
G1 X126.105 Y110.398 E51.03803
G1 X126.257 Y110.388 E51.03994
G1 X126.424 Y110.366 E51.04205
G1 X126.542 Y110.347 E51.04355
G0 F7200 X126.645 Y110.319
G0 X126.645 Y110.413
G0 X126.427 Y110.588
;TYPE:SKIN
G1 F1800 X126.196 Y110.639 E51.0445
G1 X125.607 Y110.617 E51.04689
G0 F7200 X125.73 Y110.79
G1 F1500 E44.54689
G0 F7200 X125.731 Y110.784
G0 X126.633 Y113.334
G1 F1500 E51.04689
G0 F7200 X126.542 Y113.347
;TYPE:WALL-OUTER
G1 F1800 X126.645 Y113.319 E51.04823
G1 X126.646 Y113.805 E51.05432
G1 X126.463 Y113.854 E51.0567
G1 X126.269 Y113.884 E51.05916
G1 X126.091 Y113.898 E51.0614
G1 X125.812 Y113.892 E51.0649
G1 X125.731 Y113.884 E51.06592
G1 X125.536 Y113.854 E51.0684
G1 X125.355 Y113.805 E51.07075
G1 X125.354 Y113.319 E51.07684
G1 X125.459 Y113.347 E51.0782
G1 X125.675 Y113.38 E51.08094
G1 X125.788 Y113.392 E51.08237
G1 X126.105 Y113.398 E51.08635
G1 X126.257 Y113.388 E51.08826
G1 X126.424 Y113.366 E51.09037
G1 X126.542 Y113.347 E51.09187
G0 F7200 X126.645 Y113.319
G0 X126.645 Y113.413
G0 X126.35 Y113.622
;TYPE:SKIN
G1 F1800 X126.089 Y113.644 E51.0932
G1 X125.802 Y113.64 E51.09467
G0 F7200 X125.77 Y113.486
G1 F1500 E44.59467
G0 F7200 X125.77 Y113.491
G0 X126.633 Y116.334
G1 F1500 E51.09467
G0 F7200 X126.542 Y116.347
;TYPE:WALL-OUTER
G1 F1800 X126.645 Y116.319 E51.09601
G1 X126.646 Y116.805 E51.1021
G1 X126.463 Y116.854 E51.10448
G1 X126.269 Y116.884 E51.10694
G1 X126.091 Y116.898 E51.10918
G1 X125.812 Y116.892 E51.11268
G1 X125.731 Y116.884 E51.1137
G1 X125.536 Y116.854 E51.11617
G1 X125.355 Y116.805 E51.11853
G1 X125.354 Y116.319 E51.12462
G1 X125.459 Y116.347 E51.12598
G1 X125.675 Y116.38 E51.12872
G1 X125.788 Y116.392 E51.13015
G1 X126.105 Y116.398 E51.13412
G1 X126.257 Y116.388 E51.13603
G1 X126.424 Y116.366 E51.13815
G1 X126.542 Y116.347 E51.13965
G0 F7200 X126.645 Y116.319
G0 X126.645 Y116.413
G0 X126.25 Y116.634
;TYPE:SKIN
G1 F1800 X125.979 Y116.645 E51.14105
G1 X125.678 Y116.627 E51.1426
G0 F7200 X125.635 Y116.465
G1 F1500 E44.6426
G0 F7200 X125.632 Y116.474
G0 X126.633 Y119.334
G1 F1500 E51.1426
G0 F7200 X126.542 Y119.347
;TYPE:WALL-OUTER
G1 F1800 X126.645 Y119.319 E51.14394
G1 X126.646 Y119.805 E51.15004
G1 X126.463 Y119.854 E51.15241
G1 X126.269 Y119.884 E51.15487
G1 X126.091 Y119.898 E51.15711
G1 X125.812 Y119.892 E51.16061
G1 X125.731 Y119.884 E51.16163
G1 X125.536 Y119.854 E51.16411
G1 X125.355 Y119.805 E51.16646
G1 X125.354 Y119.319 E51.17255
G1 X125.459 Y119.347 E51.17392
G1 X125.675 Y119.38 E51.17666
G1 X125.788 Y119.392 E51.17808
G1 X126.105 Y119.398 E51.18206
G1 X126.257 Y119.388 E51.18397
G1 X126.424 Y119.366 E51.18608
G1 X126.542 Y119.347 E51.18758
G0 F7200 X126.645 Y119.319
G0 X126.645 Y119.413
G0 X126.401 Y119.613
;TYPE:SKIN
G1 F1800 X126.148 Y119.642 E51.18858
G1 X125.578 Y119.638 E51.19083
G0 F7200 X125.736 Y119.79
G1 F1500 E44.69083
G0 F7200 X125.737 Y119.785
G0 X126.633 Y119.334
G0 X132.491 Y116.795
G0 X134.62 Y116.947
G1 F1500 E51.19083
G0 F7200 X134.573 Y117.035
;TYPE:WALL-OUTER
G1 F1800 X134.201 Y116.915 E51.19573
G1 X133.862 Y116.895 E51.19999
G1 X133.731 Y116.884 E51.20164
G1 X133.536 Y116.854 E51.20411
G1 X133.355 Y116.805 E51.20646
G1 X133.354 Y116.319 E51.21256
G1 X133.459 Y116.347 E51.21392
G1 X133.676 Y116.381 E51.21667
G1 X133.825 Y116.394 E51.21855
G1 X133.993 Y116.4 E51.22066
G1 X134.266 Y116.421 E51.22409
G1 X134.675 Y116.536 E51.22942
G1 X134.919 Y116.661 E51.23286
G1 X135.019 Y116.727 E51.23436
G1 X135.337 Y117.021 E51.23979
G1 X135.409 Y117.113 E51.24125
G1 X135.616 Y117.482 E51.24656
G1 X135.727 Y117.878 E51.25172
G1 X135.743 Y118.293 E51.25693
G1 X135.729 Y118.416 E51.25848
G1 X135.616 Y118.818 E51.26371
G1 X135.409 Y119.187 E51.26902
G1 X135.337 Y119.279 E51.27049
G1 X135.019 Y119.573 E51.27592
G1 X134.925 Y119.636 E51.27734
G1 X134.532 Y119.817 E51.28276
G1 X134.417 Y119.849 E51.28426
G1 X133.984 Y119.9 E51.28973
G1 X133.865 Y119.899 E51.29122
G1 X133.729 Y119.884 E51.29293
G1 X133.536 Y119.854 E51.29538
G1 X133.355 Y119.805 E51.29774
G1 X133.354 Y119.319 E51.30383
G1 X133.459 Y119.347 E51.30519
G1 X133.675 Y119.38 E51.30793
G1 X133.787 Y119.392 E51.30935
G1 X134.03 Y119.4 E51.31239
G1 X134.111 Y119.396 E51.31341
G1 X134.467 Y119.31 E51.318
G1 X134.582 Y119.258 E51.31959
G1 X134.944 Y118.972 E51.32537
G1 X135.068 Y118.801 E51.32802
G1 X135.191 Y118.536 E51.33168
G1 X135.249 Y118.24 E51.33547
G1 X135.193 Y117.767 E51.34144
G1 X135.018 Y117.425 E51.34626
G1 X134.941 Y117.326 E51.34783
G1 X134.573 Y117.035 E51.35371
G0 F7200 X134.383 Y116.974
G0 X134.205 Y116.669
;TYPE:SKIN
G1 F1800 X133.9 Y116.647 E51.35527
G1 X133.596 Y116.626 E51.35683
G0 F7200 X134.512 Y116.693
G1 F1800 X134.731 Y116.912 E51.35877
G0 F7200 X135.341 Y117.522
G1 F1800 X135.467 Y117.931 E51.36052
G1 X135.39 Y118.702 E51.3637
G1 X135.046 Y119.207 E51.3662
G1 X134.533 Y119.543 E51.36871
G1 X133.782 Y119.64 E51.37182
G0 F7200 X133.748 Y119.483
G1 F1500 E44.87182
G0 F7200 X133.748 Y119.488
G0 X134.972 Y118.999
G0 X135.231 Y117.756
G0 X134.197 Y116.435
G0 X133.995 Y113.881
G0 X135.102 Y112.821
G0 X135.102 Y111.479
G1 F1500 E51.37182
G0 F7200 X134.573 Y111.035
;TYPE:WALL-OUTER
G1 F1800 X134.201 Y110.915 E51.37672
G1 X133.807 Y110.891 E51.38167
G1 X133.731 Y110.884 E51.38262
G1 X133.536 Y110.854 E51.3851
G1 X133.355 Y110.805 E51.38745
G1 X133.354 Y110.319 E51.39354
G1 X133.459 Y110.347 E51.39491
G1 X133.676 Y110.381 E51.39766
G1 X133.825 Y110.394 E51.39954
G1 X133.993 Y110.4 E51.40165
G1 X134.269 Y110.421 E51.40512
G1 X134.537 Y110.485 E51.40857
G1 X134.917 Y110.661 E51.41382
G1 X135.133 Y110.818 E51.41717
G1 X135.414 Y111.122 E51.42236
G1 X135.616 Y111.482 E51.42754
G1 X135.727 Y111.878 E51.4327
G1 X135.743 Y112.293 E51.43791
G1 X135.729 Y112.416 E51.43946
G1 X135.616 Y112.818 E51.4447
G1 X135.409 Y113.187 E51.45
G1 X135.337 Y113.279 E51.45147
G1 X135.019 Y113.573 E51.4569
G1 X134.925 Y113.636 E51.45832
G1 X134.537 Y113.815 E51.46367
G1 X134.269 Y113.879 E51.46713
G1 X133.995 Y113.9 E51.47058
G1 X133.865 Y113.899 E51.47221
G1 X133.729 Y113.884 E51.47392
G1 X133.536 Y113.854 E51.47637
G1 X133.355 Y113.805 E51.47872
G1 X133.354 Y113.319 E51.48482
G1 X133.459 Y113.347 E51.48618
G1 X133.675 Y113.38 E51.48892
G1 X133.787 Y113.392 E51.49033
G1 X134.03 Y113.4 E51.49338
G1 X134.107 Y113.396 E51.49435
G1 X134.382 Y113.341 E51.49787
G1 X134.579 Y113.26 E51.50054
G1 X134.944 Y112.972 E51.50637
G1 X135.068 Y112.801 E51.50902
G1 X135.194 Y112.529 E51.51278
G1 X135.249 Y112.06 E51.5187
G1 X135.191 Y111.764 E51.52248
G1 X135.068 Y111.499 E51.52614
G1 X134.944 Y111.328 E51.52879
G1 X134.573 Y111.035 E51.53472
G0 F7200 X134.383 Y110.974
G0 X134.505 Y110.746
;TYPE:SKIN
G1 F1800 X134.136 Y110.66 E51.53684
G1 X133.836 Y110.643 E51.53852
G0 F7200 X133.779 Y110.586
G0 X135.303 Y111.544
G0 X135.391 Y111.633
G1 F1800 X135.481 Y112.005 E51.54002
G1 X135.369 Y112.741 E51.54296
G1 X135.013 Y113.234 E51.54535
G1 X134.492 Y113.562 E51.54777
G1 X133.714 Y113.633 E51.55085
G0 F7200 X133.681 Y113.472
G1 F1500 E45.05085
;MESH:NONMESH
G0 F600 X133.681 Y113.472 Z10
G0 F7200 X133.68 Y113.481
G0 X132.49 Y113.336
G0 X127.493 Y112.215
G0 X117.361 Y111.702
G0 X111.511 Y110.791
G0 X110.545 Y110.443
G1 F1500 E51.55085
G0 F7200 X110.542 Y110.347
;TIME_ELAPSED:535.546383
;LAYER:49
;TYPE:WALL-OUTER
;MESH:output_v2\B_media_suporte.stl
G1 F1800 X110.855 Y110.263 E51.55491
G1 X110.856 Y110.747 E51.56098
G1 X110.838 Y110.754 E51.56122
G1 X110.464 Y110.854 E51.56608
G1 X110.269 Y110.884 E51.56855
G1 X110.124 Y110.895 E51.57038
G1 X109.992 Y110.9 E51.57203
G1 X109.78 Y110.9 E51.57469
G1 X109.78 Y110.4 E51.58096
G1 X110.029 Y110.4 E51.58408
G1 X110.228 Y110.39 E51.58658
G1 X110.358 Y110.376 E51.58822
G1 X110.542 Y110.347 E51.59056
G0 F7200 X110.735 Y110.296
G0 X110.607 Y110.574
;TYPE:SKIN
G1 F1800 X110.265 Y110.633 E51.59197
G1 X109.998 Y110.617 E51.59306
G0 F7200 X110.187 Y110.794
G1 F1500 E45.09306
G0 F7200 X110.188 Y110.789
G0 X110.021 Y113.419
G0 X109.024 Y114.303
G0 X108.741 Y115.436
G0 X109.578 Y116.434
G1 F1500 E51.59306
G0 F7200 X109.61 Y116.34
;TYPE:WALL-OUTER
G1 F1800 X109.906 Y116.396 E51.59684
G1 X110.03 Y116.4 E51.59839
G1 X110.228 Y116.39 E51.60088
G1 X110.358 Y116.376 E51.60252
G1 X110.542 Y116.347 E51.60485
G1 X110.855 Y116.263 E51.60892
G1 X110.856 Y116.747 E51.61499
G1 X110.838 Y116.754 E51.61523
G1 X110.464 Y116.854 E51.62008
G1 X110.269 Y116.884 E51.62256
G1 X110.124 Y116.895 E51.62438
G1 X110 Y116.9 E51.62594
G1 X109.734 Y116.879 E51.62928
G1 X109.332 Y116.766 E51.63452
G1 X108.972 Y116.564 E51.6397
G1 X108.663 Y116.279 E51.64497
G1 X108.591 Y116.187 E51.64643
G1 X108.38 Y115.811 E51.65184
G1 X108.301 Y115.567 E51.65506
G1 X108.251 Y115.14 E51.66045
G1 X108.255 Y115.019 E51.66197
G1 X108.299 Y114.745 E51.66545
G1 X108.444 Y114.352 E51.6707
G1 X108.587 Y114.118 E51.67414
G1 X108.663 Y114.021 E51.67568
G1 X108.976 Y113.732 E51.68103
G1 X109.202 Y113.594 E51.68435
G1 X109.591 Y113.45 E51.68955
G1 X110.02 Y113.4 E51.69496
G1 X110.227 Y113.391 E51.69756
G1 X110.358 Y113.376 E51.69922
G1 X110.542 Y113.347 E51.70155
G1 X110.855 Y113.263 E51.70562
G1 X110.856 Y113.747 E51.71169
G1 X110.838 Y113.754 E51.71193
G1 X110.464 Y113.854 E51.71678
G1 X110.269 Y113.884 E51.71926
G1 X110.144 Y113.895 E51.72083
G1 X110.015 Y113.899 E51.72245
G1 X109.797 Y113.915 E51.72519
G1 X109.427 Y114.035 E51.73007
G1 X109.053 Y114.33 E51.73604
G1 X108.882 Y114.585 E51.73989
G1 X108.762 Y114.958 E51.74481
G1 X108.78 Y115.43 E51.75073
G1 X108.848 Y115.64 E51.7535
G1 X109.107 Y116.026 E51.75933
G1 X109.271 Y116.166 E51.76203
G1 X109.61 Y116.34 E51.76681
G0 F7200 X109.806 Y116.377
G0 X109.717 Y116.556
;TYPE:SKIN
G1 F1800 X109.627 Y116.646 E51.76761
G0 F7200 X109.45 Y116.54
G1 F1800 X109.265 Y116.442 E51.76833
G1 X108.811 Y116.047 E51.77041
G1 X108.538 Y115.472 E51.77261
G1 X108.523 Y114.921 E51.77451
G1 X108.672 Y114.489 E51.77609
G1 X109.323 Y113.838 E51.77927
G1 X110.082 Y113.645 E51.78197
G1 X110.394 Y113.617 E51.78306
G0 F7200 X110.454 Y113.557
G0 X109.409 Y114
G0 X108.723 Y114.953
G0 X109.078 Y116.052
G0 X110.585 Y116.537
G0 X110.529 Y116.593
G1 F1800 X110.2 Y116.639 E51.78468
G1 X109.914 Y116.642 E51.78607
G0 F7200 X109.822 Y116.787
G1 F1500 E45.28607
G0 F7200 X109.822 Y116.786
G0 X110 Y119.42
G1 F1500 E51.78607
G0 F7200 X109.942 Y119.899
;TYPE:WALL-OUTER
G1 F1800 X109.457 Y119.9 E51.79215
G1 X109.456 Y119.4 E51.79842
G1 X110.087 Y119.4 E51.80634
G1 X110.323 Y119.381 E51.80931
G1 X110.541 Y119.347 E51.81207
G1 X110.855 Y119.263 E51.81615
G1 X110.856 Y119.747 E51.82222
G1 X110.838 Y119.754 E51.82246
G1 X110.464 Y119.854 E51.82731
G1 X110.269 Y119.884 E51.82979
G1 X110.123 Y119.895 E51.83162
G1 X110.06 Y119.898 E51.83242
G1 X110.001 Y119.897 E51.83316
G1 X109.942 Y119.899 E51.8339
G0 F7200 X109.742 Y119.899
G0 X109.736 Y119.648
;TYPE:SKIN
G1 F1800 X110.019 Y119.648 E51.83498
G1 X110.642 Y119.59 E51.83737
G0 F7200 X110.483 Y119.762
G1 F1500 E45.33737
G0 F7200 X110.481 Y119.746
G0 X111.72 Y119.458
G0 X116.28 Y119.447
G0 X118.562 Y119.444
G1 F1500 E51.83737
G0 F7200 X118.542 Y119.347
;TYPE:WALL-OUTER
G1 F1800 X118.855 Y119.263 E51.84143
G1 X118.856 Y119.747 E51.8475
G1 X118.838 Y119.754 E51.84774
G1 X118.462 Y119.854 E51.85262
G1 X118.258 Y119.885 E51.85521
G1 X118.188 Y119.892 E51.85609
G1 X117.898 Y119.898 E51.85973
G1 X117.802 Y119.891 E51.86094
G1 X117.691 Y119.879 E51.86234
G1 X117.545 Y119.856 E51.86419
G1 X117.167 Y119.755 E51.8691
G1 X117.145 Y119.746 E51.86939
G1 X117.144 Y119.263 E51.87545
G1 X117.459 Y119.347 E51.87707
G1 X117.688 Y119.382 E51.87997
G1 X117.895 Y119.398 E51.88258
G1 X118.213 Y119.392 E51.88656
G1 X118.357 Y119.376 E51.88838
G1 X118.542 Y119.347 E51.89073
G0 F7200 X118.735 Y119.296
G0 X118.572 Y119.581
;TYPE:SKIN
G1 F1800 X118.232 Y119.637 E51.89211
G1 X117.44 Y119.581 E51.8953
G0 F7200 X117.408 Y119.744
G1 F1500 E45.3953
G0 F7200 X117.415 Y119.719
G0 X117.898 Y116.878
G1 F1500 E51.8953
G0 F7200 X118.542 Y116.347
;TYPE:WALL-OUTER
G1 F1800 X118.855 Y116.263 E51.89936
G1 X118.856 Y116.747 E51.90543
G1 X118.838 Y116.754 E51.90567
G1 X118.462 Y116.854 E51.91055
G1 X118.258 Y116.885 E51.91314
G1 X118.188 Y116.892 E51.91402
G1 X117.898 Y116.898 E51.91766
G1 X117.731 Y116.884 E51.91976
G1 X117.536 Y116.854 E51.92223
G1 X117.167 Y116.755 E51.92702
G1 X117.145 Y116.746 E51.92732
G1 X117.144 Y116.263 E51.93338
G1 X117.459 Y116.347 E51.935
G1 X117.688 Y116.382 E51.9379
G1 X117.895 Y116.398 E51.9405
G1 X118.213 Y116.392 E51.94449
G1 X118.357 Y116.376 E51.94631
G1 X118.542 Y116.347 E51.94866
G0 F7200 X118.735 Y116.296
G0 X118.43 Y116.611
;TYPE:SKIN
G1 F1800 X118.115 Y116.643 E51.9499
G1 X117.36 Y116.55 E51.95289
G0 F7200 X117.516 Y116.761
G1 F1500 E45.45289
G0 F7200 X117.52 Y116.747
G0 X118.546 Y116.366
G0 X118.256 Y113.866
G1 F1500 E51.95289
G0 F7200 X118.542 Y113.347
;TYPE:WALL-OUTER
G1 F1800 X118.855 Y113.263 E51.95695
G1 X118.856 Y113.747 E51.96302
G1 X118.838 Y113.754 E51.96326
G1 X118.462 Y113.854 E51.96814
G1 X118.258 Y113.885 E51.97073
G1 X118.188 Y113.892 E51.97161
G1 X117.898 Y113.898 E51.97525
G1 X117.802 Y113.891 E51.97646
G1 X117.691 Y113.879 E51.97786
G1 X117.545 Y113.856 E51.97971
G1 X117.167 Y113.755 E51.98462
G1 X117.145 Y113.746 E51.98491
G1 X117.144 Y113.263 E51.99097
G1 X117.459 Y113.347 E51.99259
G1 X117.688 Y113.382 E51.99549
G1 X117.895 Y113.398 E51.9981
G1 X118.213 Y113.392 E52.00208
G1 X118.357 Y113.376 E52.0039
G1 X118.542 Y113.347 E52.00625
G0 F7200 X118.735 Y113.296
G0 X118.629 Y113.584
;TYPE:SKIN
G1 F1800 X118.299 Y113.63 E52.00746
G1 X117.49 Y113.591 E52.01041
G0 F7200 X117.456 Y113.751
G1 F1500 E45.51041
G0 F7200 X117.461 Y113.731
G0 X118.546 Y113.366
G0 X118.256 Y110.866
G1 F1500 E52.01041
G0 F7200 X118.542 Y110.347
;TYPE:WALL-OUTER
G1 F1800 X118.855 Y110.263 E52.01448
G1 X118.856 Y110.747 E52.02055
G1 X118.838 Y110.754 E52.02079
G1 X118.462 Y110.854 E52.02567
G1 X118.258 Y110.885 E52.02826
G1 X118.188 Y110.892 E52.02914
G1 X117.898 Y110.898 E52.03278
G1 X117.802 Y110.891 E52.03398
G1 X117.691 Y110.879 E52.03538
G1 X117.545 Y110.856 E52.03724
G1 X117.167 Y110.755 E52.04214
G1 X117.145 Y110.746 E52.04244
G1 X117.144 Y110.263 E52.0485
G1 X117.459 Y110.347 E52.05011
G1 X117.688 Y110.382 E52.05302
G1 X117.895 Y110.398 E52.05562
G1 X118.213 Y110.392 E52.05961
G1 X118.357 Y110.376 E52.06143
G1 X118.542 Y110.347 E52.06378
G0 F7200 X118.735 Y110.296
G0 X118.503 Y110.598
;TYPE:SKIN
G1 F1800 X118.177 Y110.641 E52.0651
G1 X117.397 Y110.572 E52.06825
G0 F7200 X117.332 Y110.726
G1 F1500 E45.56825
G0 F7200 X117.339 Y110.699
G0 X118.855 Y110.459
G0 X124.28 Y110.447
G0 X126.562 Y110.444
G1 F1500 E52.06825
G0 F7200 X126.542 Y110.347
;TYPE:WALL-OUTER
G1 F1800 X126.855 Y110.263 E52.07232
G1 X126.856 Y110.747 E52.07839
G1 X126.838 Y110.754 E52.07863
G1 X126.462 Y110.854 E52.08351
G1 X126.258 Y110.885 E52.0861
G1 X126.09 Y110.898 E52.08821
G1 X125.813 Y110.892 E52.09168
G1 X125.69 Y110.879 E52.09324
G1 X125.545 Y110.856 E52.09508
G1 X125.167 Y110.755 E52.09998
G1 X125.145 Y110.746 E52.10028
G1 X125.144 Y110.263 E52.10634
G1 X125.459 Y110.347 E52.10795
G1 X125.687 Y110.381 E52.11085
G1 X125.788 Y110.392 E52.11212
G1 X126.117 Y110.398 E52.11625
G1 X126.23 Y110.39 E52.11767
G1 X126.358 Y110.376 E52.11928
G1 X126.542 Y110.347 E52.12162
G0 F7200 X126.735 Y110.296
G0 X126.406 Y110.614
;TYPE:SKIN
G1 F1800 X126.092 Y110.646 E52.12305
G1 X125.565 Y110.607 E52.12544
G0 F7200 X125.53 Y110.762
G1 F1500 E45.62544
G0 F7200 X125.533 Y110.75
G0 X126.843 Y113.278
G1 F1500 E52.12544
G0 F7200 X126.542 Y113.347
;TYPE:WALL-OUTER
G1 F1800 X126.855 Y113.263 E52.1295
G1 X126.856 Y113.747 E52.13557
G1 X126.838 Y113.754 E52.13581
G1 X126.462 Y113.854 E52.14069
G1 X126.258 Y113.885 E52.14328
G1 X126.09 Y113.898 E52.14539
G1 X125.813 Y113.892 E52.14887
G1 X125.69 Y113.879 E52.15042
G1 X125.545 Y113.856 E52.15226
G1 X125.167 Y113.755 E52.15716
G1 X125.145 Y113.746 E52.15746
G1 X125.144 Y113.263 E52.16352
G1 X125.459 Y113.347 E52.16514
G1 X125.687 Y113.381 E52.16803
G1 X125.788 Y113.392 E52.1693
G1 X126.117 Y113.398 E52.17343
G1 X126.23 Y113.39 E52.17485
G1 X126.358 Y113.376 E52.17646
G1 X126.542 Y113.347 E52.1788
G0 F7200 X126.735 Y113.296
G0 X126.544 Y113.588
;TYPE:SKIN
G1 F1800 X126.21 Y113.639 E52.18015
G1 X125.423 Y113.577 E52.18332
G0 F7200 X125.378 Y113.738
G1 F1500 E45.68332
G0 F7200 X125.385 Y113.711
G0 X126.843 Y116.278
G1 F1500 E52.18332
G0 F7200 X126.542 Y116.347
;TYPE:WALL-OUTER
G1 F1800 X126.855 Y116.263 E52.18738
G1 X126.856 Y116.747 E52.19345
G1 X126.838 Y116.754 E52.19369
G1 X126.462 Y116.854 E52.19857
G1 X126.258 Y116.885 E52.20116
G1 X126.09 Y116.898 E52.20327
G1 X125.803 Y116.891 E52.20687
G1 X125.691 Y116.879 E52.20829
G1 X125.545 Y116.856 E52.21014
G1 X125.167 Y116.755 E52.21505
G1 X125.145 Y116.746 E52.21534
G1 X125.144 Y116.263 E52.2214
G1 X125.459 Y116.347 E52.22302
G1 X125.687 Y116.381 E52.22591
G1 X125.788 Y116.392 E52.22718
G1 X126.117 Y116.398 E52.23131
G1 X126.23 Y116.39 E52.23273
G1 X126.358 Y116.376 E52.23434
G1 X126.542 Y116.347 E52.23668
G0 F7200 X126.735 Y116.296
G0 X126.335 Y116.625
;TYPE:SKIN
G1 F1800 X126.032 Y116.646 E52.23805
G1 X125.516 Y116.596 E52.24038
G0 F7200 X125.481 Y116.755
G1 F1500 E45.74038
G0 F7200 X125.486 Y116.738
G0 X126.843 Y119.278
G1 F1500 E52.24038
G0 F7200 X126.542 Y119.347
;TYPE:WALL-OUTER
G1 F1800 X126.855 Y119.263 E52.24444
G1 X126.856 Y119.747 E52.25051
G1 X126.838 Y119.754 E52.25075
G1 X126.462 Y119.854 E52.25563
G1 X126.258 Y119.885 E52.25822
G1 X126.09 Y119.898 E52.26033
G1 X125.813 Y119.892 E52.26381
G1 X125.69 Y119.879 E52.26536
G1 X125.545 Y119.856 E52.2672
G1 X125.167 Y119.755 E52.27211
G1 X125.145 Y119.746 E52.2724
G1 X125.144 Y119.263 E52.27846
G1 X125.459 Y119.347 E52.28008
G1 X125.687 Y119.381 E52.28297
G1 X125.788 Y119.392 E52.28424
G1 X126.117 Y119.398 E52.28837
G1 X126.23 Y119.39 E52.28979
G1 X126.358 Y119.376 E52.2914
G1 X126.542 Y119.347 E52.29374
G0 F7200 X126.735 Y119.296
G0 X126.467 Y119.605
;TYPE:SKIN
G1 F1800 X126.145 Y119.644 E52.29507
G1 X125.373 Y119.567 E52.29826
G0 F7200 X125.309 Y119.72
G1 F1500 E45.79826
G0 F7200 X125.316 Y119.693
G0 X126.843 Y119.278
G0 X132.28 Y116.738
G0 X134.62 Y116.947
G1 F1500 E52.29826
G0 F7200 X134.573 Y117.035
;TYPE:WALL-OUTER
G1 F1800 X134.201 Y116.915 E52.30316
G1 X133.862 Y116.895 E52.30742
G1 X133.731 Y116.884 E52.30907
G1 X133.536 Y116.854 E52.31155
G1 X133.167 Y116.755 E52.31634
G1 X133.145 Y116.746 E52.31663
G1 X133.144 Y116.263 E52.32269
G1 X133.459 Y116.347 E52.32431
G1 X133.688 Y116.382 E52.32721
G1 X133.799 Y116.392 E52.32861
G1 X133.991 Y116.4 E52.33102
G1 X134.266 Y116.421 E52.33448
G1 X134.675 Y116.536 E52.33981
G1 X134.919 Y116.661 E52.34324
G1 X135.019 Y116.727 E52.34475
G1 X135.337 Y117.021 E52.35018
G1 X135.409 Y117.113 E52.35164
G1 X135.616 Y117.482 E52.35695
G1 X135.727 Y117.878 E52.36211
G1 X135.743 Y118.293 E52.36731
G1 X135.729 Y118.416 E52.36887
G1 X135.616 Y118.818 E52.3741
G1 X135.409 Y119.187 E52.37941
G1 X135.337 Y119.279 E52.38087
G1 X135.019 Y119.573 E52.38631
G1 X134.925 Y119.636 E52.38772
G1 X134.532 Y119.817 E52.39315
G1 X134.417 Y119.849 E52.39465
G1 X133.983 Y119.9 E52.40013
G1 X133.866 Y119.9 E52.40159
G1 X133.693 Y119.88 E52.40378
G1 X133.545 Y119.856 E52.40566
G1 X133.167 Y119.755 E52.41056
G1 X133.145 Y119.746 E52.41086
G1 X133.144 Y119.263 E52.41692
G1 X133.459 Y119.347 E52.41854
G1 X133.687 Y119.381 E52.42143
G1 X133.786 Y119.392 E52.42268
G1 X134.006 Y119.4 E52.42544
G1 X134.11 Y119.396 E52.42674
G1 X134.467 Y119.31 E52.43135
G1 X134.582 Y119.258 E52.43293
G1 X134.944 Y118.972 E52.43872
G1 X135.068 Y118.801 E52.44136
G1 X135.191 Y118.536 E52.44503
G1 X135.249 Y118.24 E52.44881
G1 X135.193 Y117.767 E52.45478
G1 X135.018 Y117.425 E52.4596
G1 X134.941 Y117.326 E52.46117
G1 X134.573 Y117.035 E52.46706
G0 F7200 X134.383 Y116.974
G0 X134.436 Y116.727
;TYPE:SKIN
G1 F1800 X134.645 Y116.8 E52.46789
G1 X135.246 Y117.331 E52.47088
G1 X135.473 Y117.953 E52.47336
G1 X135.434 Y118.557 E52.47563
G1 X135.048 Y119.226 E52.47851
G1 X134.408 Y119.583 E52.48126
G1 X133.787 Y119.638 E52.48359
G1 X133.541 Y119.601 E52.48452
G0 F7200 X133.501 Y119.642
G0 X134.602 Y119.292
G0 X135.288 Y118.241
G0 X134.663 Y117.057
G0 X133.949 Y116.649
G1 F1800 X134.211 Y116.669 E52.48539
G1 X133.448 Y116.583 E52.48794
G0 F7200 X133.417 Y116.745
G1 F1500 E45.98794
G0 F7200 X133.423 Y116.721
G0 X133.867 Y113.881
G0 X134.972 Y112.999
G0 X135.102 Y111.479
G1 F1500 E52.48794
G0 F7200 X134.573 Y111.035
;TYPE:WALL-OUTER
G1 F1800 X134.201 Y110.915 E52.49284
G1 X133.844 Y110.894 E52.49732
G1 X133.688 Y110.879 E52.49929
G1 X133.545 Y110.856 E52.50111
G1 X133.167 Y110.755 E52.50601
G1 X133.145 Y110.746 E52.50631
G1 X133.144 Y110.263 E52.51237
G1 X133.459 Y110.347 E52.51398
G1 X133.688 Y110.382 E52.51689
G1 X133.799 Y110.392 E52.51829
G1 X133.991 Y110.4 E52.5207
G1 X134.269 Y110.421 E52.52419
G1 X134.537 Y110.485 E52.52765
G1 X134.917 Y110.661 E52.5329
G1 X135.133 Y110.818 E52.53625
G1 X135.414 Y111.122 E52.54144
G1 X135.616 Y111.482 E52.54662
G1 X135.727 Y111.878 E52.55177
G1 X135.743 Y112.293 E52.55698
G1 X135.729 Y112.416 E52.55853
G1 X135.616 Y112.818 E52.56377
G1 X135.409 Y113.187 E52.56908
G1 X135.337 Y113.279 E52.57054
G1 X135.019 Y113.573 E52.57597
G1 X134.925 Y113.636 E52.57739
G1 X134.537 Y113.815 E52.58275
G1 X134.269 Y113.879 E52.5862
G1 X133.995 Y113.9 E52.58965
G1 X133.866 Y113.9 E52.59127
G1 X133.693 Y113.88 E52.59345
G1 X133.545 Y113.856 E52.59533
G1 X133.167 Y113.755 E52.60024
G1 X133.145 Y113.746 E52.60054
G1 X133.144 Y113.263 E52.60659
G1 X133.459 Y113.347 E52.60821
G1 X133.687 Y113.381 E52.6111
G1 X133.786 Y113.392 E52.61235
G1 X134.006 Y113.4 E52.61511
G1 X134.106 Y113.396 E52.61637
G1 X134.382 Y113.341 E52.6199
G1 X134.579 Y113.26 E52.62257
G1 X134.944 Y112.972 E52.6284
G1 X135.068 Y112.801 E52.63105
G1 X135.194 Y112.529 E52.6348
G1 X135.249 Y112.06 E52.64073
G1 X135.191 Y111.764 E52.64451
G1 X135.068 Y111.499 E52.64817
G1 X134.944 Y111.328 E52.65082
G1 X134.573 Y111.035 E52.65675
G0 F7200 X134.383 Y110.974
G0 X134.483 Y110.74
;TYPE:SKIN
G1 F1800 X134.686 Y110.82 E52.6574
G1 X135.272 Y111.366 E52.6598
G1 X135.488 Y111.998 E52.66179
G1 X135.395 Y112.657 E52.66378
G1 X135.179 Y113.156 E52.66541
G1 X134.496 Y113.556 E52.66777
G1 X133.843 Y113.643 E52.66974
G1 X133.364 Y113.556 E52.6712
G0 F7200 X133.339 Y113.582
G0 X134.599 Y113.294
G0 X135.288 Y112.059
G0 X134.665 Y111.058
G0 X133.693 Y110.682
G0 X133.74 Y110.634
G1 F1800 X134.005 Y110.652 E52.67234
G1 X133.499 Y110.593 E52.67454
G0 F7200 X133.465 Y110.753
G1 F1500 E46.17454
;MESH:NONMESH
G0 F600 X133.465 Y110.753 Z10.2
G0 F7200 X133.47 Y110.734
G0 X132.28 Y110.296
G0 X126.367 Y111.743
G0 X117.581 Y111.737
G0 X111.72 Y110.277
G1 F1500 E52.67454
G0 F7200 X110.962 Y110.234
;TIME_ELAPSED:548.410498
;LAYER:50
;TYPE:WALL-OUTER
;MESH:output_v2\B_media_suporte.stl
G1 F1800 X111.065 Y110.195 E52.67592
G1 X111.066 Y110.665 E52.68181
G1 X110.834 Y110.755 E52.68493
G1 X110.618 Y110.813 E52.68774
G1 X110.617 Y110.327 E52.69383
G1 X110.962 Y110.234 E52.69831
G0 F7200 X111.065 Y110.195
G0 X111.065 Y110.285
G0 X110.776 Y110.699
G1 F1500 E46.19831
G0 F7200 X110.768 Y110.669
G0 X111.054 Y113.211
G1 F1500 E52.69831
G0 F7200 X110.962 Y113.234
G1 F1800 X111.065 Y113.195 E52.69969
G1 X111.066 Y113.665 E52.70559
G1 X110.834 Y113.755 E52.70871
G1 X110.618 Y113.813 E52.71151
G1 X110.617 Y113.327 E52.71761
G1 X110.962 Y113.234 E52.72209
G0 F7200 X111.065 Y113.195
G0 X111.065 Y113.285
G0 X110.776 Y113.699
G1 F1500 E46.22209
G0 F7200 X110.768 Y113.669
G0 X111.054 Y116.211
G1 F1500 E52.72209
G0 F7200 X110.962 Y116.234
G1 F1800 X111.065 Y116.195 E52.72347
G1 X111.066 Y116.665 E52.72936
G1 X110.834 Y116.755 E52.73248
G1 X110.618 Y116.813 E52.73529
G1 X110.618 Y116.326 E52.7414
G1 X110.962 Y116.234 E52.74586
G0 F7200 X111.065 Y116.195
G0 X111.065 Y116.285
G0 X110.871 Y116.528
;TYPE:SKIN
G1 F1800 X110.816 Y116.473 E52.74635
G0 F7200 X110.748 Y116.358
G1 F1500 E46.24635
G0 F7200 X110.755 Y116.392
G0 X111.054 Y119.211
G1 F1500 E52.74635
G0 F7200 X110.962 Y119.234
;TYPE:WALL-OUTER
G1 F1800 X111.065 Y119.195 E52.74773
G1 X111.066 Y119.665 E52.75362
G1 X110.834 Y119.755 E52.75674
G1 X110.618 Y119.813 E52.75955
G1 X110.617 Y119.327 E52.76564
G1 X110.962 Y119.234 E52.77012
G0 F7200 X111.065 Y119.195
G0 X111.065 Y119.285
G0 X110.776 Y119.699
G0 X109.842 Y119.899
G1 F1800 X109.385 Y119.9 E52.77586
G1 X109.384 Y119.4 E52.78213
G1 X109.841 Y119.4 E52.78786
G1 X109.842 Y119.899 E52.79411
G0 F7200 X109.642 Y119.899
G0 X109.643 Y119.8
G1 F1500 E46.29411
G0 F7200 X109.644 Y119.799
G0 X110.136 Y118.536
G0 X111.911 Y117.963
G0 X116.07 Y119.4
G1 F1500 E52.79411
G0 F7200 X117.038 Y119.235
G1 F1800 X117.382 Y119.325 E52.79857
G1 X117.383 Y119.813 E52.80469
G1 X117.166 Y119.755 E52.80751
G1 X116.935 Y119.666 E52.81061
G1 X116.934 Y119.195 E52.81652
G1 X117.038 Y119.235 E52.81792
G0 F7200 X117.231 Y119.285
G0 X117.25 Y119.358
G1 F1500 E46.31792
G0 F7200 X117.24 Y119.39
G0 X118.638 Y119.331
G1 F1500 E52.81792
G0 F7200 X118.962 Y119.234
G1 F1800 X119.065 Y119.195 E52.8193
G1 X119.066 Y119.665 E52.82519
G1 X118.834 Y119.755 E52.82831
G1 X118.618 Y119.813 E52.83112
G1 X118.618 Y119.326 E52.83723
G1 X118.962 Y119.234 E52.84169
G0 F7200 X119.065 Y119.195
G0 X119.065 Y119.285
G0 X118.775 Y119.698
G1 F1500 E46.34169
G0 F7200 X118.768 Y119.669
G0 X118.63 Y116.798
G1 F1500 E52.84169
G0 F7200 X118.962 Y116.234
G1 F1800 X119.065 Y116.195 E52.84307
G1 X119.066 Y116.665 E52.84897
G1 X118.834 Y116.755 E52.85209
G1 X118.618 Y116.813 E52.85489
G1 X118.618 Y116.326 E52.861
G1 X118.962 Y116.234 E52.86546
G0 F7200 X119.065 Y116.195
G0 X119.065 Y116.285
G0 X118.775 Y116.698
G1 F1500 E46.36546
G0 F7200 X118.768 Y116.669
G0 X117.362 Y116.331
G1 F1500 E52.86546
G0 F7200 X117.038 Y116.235
G1 F1800 X117.382 Y116.325 E52.86992
G1 X117.382 Y116.813 E52.87604
G1 X117.166 Y116.755 E52.87885
G1 X116.935 Y116.666 E52.88195
G1 X116.934 Y116.195 E52.88786
G1 X117.038 Y116.235 E52.88926
G0 F7200 X117.231 Y116.285
G0 X117.25 Y116.358
G1 F1500 E46.38926
G0 F7200 X117.24 Y116.39
G0 X117.371 Y113.798
G1 F1500 E52.88926
G0 F7200 X117.038 Y113.235
G1 F1800 X117.382 Y113.325 E52.89372
G1 X117.383 Y113.813 E52.89983
G1 X117.166 Y113.755 E52.90265
G1 X116.935 Y113.666 E52.90576
G1 X116.934 Y113.195 E52.91166
G1 X117.038 Y113.235 E52.91306
G0 F7200 X117.231 Y113.285
G0 X117.139 Y113.462
;TYPE:SKIN
G1 F1800 X117.186 Y113.509 E52.91348
G0 F7200 X117.335 Y113.509
G1 F1500 E46.41348
G0 F7200 X117.282 Y113.508
G0 X118.638 Y113.331
G1 F1500 E52.91348
G0 F7200 X118.962 Y113.234
;TYPE:WALL-OUTER
G1 F1800 X119.065 Y113.195 E52.91486
G1 X119.066 Y113.665 E52.92075
G1 X118.834 Y113.755 E52.92387
G1 X118.618 Y113.813 E52.92668
G1 X118.618 Y113.326 E52.93278
G1 X118.962 Y113.234 E52.93725
G0 F7200 X119.065 Y113.195
G0 X119.065 Y113.285
G0 X118.775 Y113.698
G1 F1500 E46.43725
G0 F7200 X118.768 Y113.669
G0 X118.63 Y110.798
G1 F1500 E52.93725
G0 F7200 X118.962 Y110.234
G1 F1800 X119.065 Y110.195 E52.93863
G1 X119.066 Y110.665 E52.94452
G1 X118.834 Y110.755 E52.94765
G1 X118.618 Y110.813 E52.95045
G1 X118.618 Y110.326 E52.95656
G1 X118.962 Y110.234 E52.96102
G0 F7200 X119.065 Y110.195
G0 X119.065 Y110.285
G0 X118.775 Y110.698
G1 F1500 E46.46102
G0 F7200 X118.768 Y110.669
G0 X117.382 Y110.333
G1 F1500 E52.96102
G0 F7200 X117.038 Y110.235
G1 F1800 X117.382 Y110.325 E52.96548
G1 X117.383 Y110.813 E52.9716
G1 X117.166 Y110.755 E52.97442
G1 X116.935 Y110.666 E52.97752
G1 X116.934 Y110.195 E52.98343
G1 X117.038 Y110.235 E52.98483
G0 F7200 X117.231 Y110.285
G0 X117.25 Y110.358
G1 F1500 E46.48483
G0 F7200 X117.24 Y110.39
G0 X119.911 Y108.963
G0 X124.07 Y110.331
G1 F1500 E52.98483
G0 F7200 X125.038 Y110.235
G1 F1800 X125.382 Y110.325 E52.98929
G1 X125.382 Y110.813 E52.99541
G1 X125.166 Y110.755 E52.99821
G1 X124.935 Y110.666 E53.00131
G1 X124.934 Y110.195 E53.00722
G1 X125.038 Y110.235 E53.00862
G0 F7200 X125.231 Y110.285
G0 X125.25 Y110.358
G0 X125.24 Y110.39
G0 X126.632 Y110.339
G0 X126.962 Y110.234
G1 F1800 X127.065 Y110.195 E53.01
G1 X127.066 Y110.665 E53.01589
G1 X126.834 Y110.755 E53.01901
G1 X126.618 Y110.813 E53.02182
G1 X126.617 Y110.327 E53.02791
G1 X126.962 Y110.234 E53.03239
G0 F7200 X127.065 Y110.195
G0 X127.065 Y110.285
G0 X126.776 Y110.699
G1 F1500 E46.53239
G0 F7200 X126.768 Y110.669
G0 X127.054 Y113.211
G1 F1500 E53.03239
G0 F7200 X126.962 Y113.234
G1 F1800 X127.065 Y113.195 E53.03378
G1 X127.066 Y113.665 E53.03967
G1 X126.834 Y113.755 E53.04279
G1 X126.618 Y113.813 E53.04559
G1 X126.617 Y113.327 E53.05169
G1 X126.962 Y113.234 E53.05617
G0 F7200 X127.065 Y113.195
G0 X127.065 Y113.285
G0 X126.776 Y113.699
G0 X126.768 Y113.669
G0 X125.362 Y113.339
G0 X125.038 Y113.235
G1 F1800 X125.382 Y113.325 E53.06063
G1 X125.382 Y113.813 E53.06675
G1 X125.166 Y113.755 E53.06955
G1 X124.935 Y113.666 E53.07266
G1 X124.934 Y113.195 E53.07856
G1 X125.038 Y113.235 E53.07996
G0 F7200 X125.231 Y113.285
G0 X125.25 Y113.358
G0 X125.24 Y113.39
G0 X124.945 Y116.211
G0 X125.038 Y116.235
G1 F1800 X125.382 Y116.325 E53.08442
G1 X125.382 Y116.813 E53.09054
G1 X125.166 Y116.755 E53.09335
G1 X124.935 Y116.666 E53.09645
G1 X124.934 Y116.195 E53.10236
G1 X125.038 Y116.235 E53.10375
G0 F7200 X125.231 Y116.285
G0 X125.25 Y116.358
G0 X125.24 Y116.39
G0 X126.638 Y116.328
G0 X126.962 Y116.234
G1 F1800 X127.065 Y116.195 E53.10513
G1 X127.066 Y116.665 E53.11103
G1 X126.834 Y116.755 E53.11415
G1 X126.618 Y116.813 E53.11695
G1 X126.618 Y116.326 E53.12306
G1 X126.962 Y116.234 E53.12753
G0 F7200 X127.065 Y116.195
G0 X127.065 Y116.285
G0 X126.775 Y116.698
G0 X126.768 Y116.669
G0 X127.054 Y119.211
G0 X126.962 Y119.234
G1 F1800 X127.065 Y119.195 E53.12891
G1 X127.066 Y119.665 E53.1348
G1 X126.834 Y119.755 E53.13792
G1 X126.618 Y119.813 E53.14073
G1 X126.617 Y119.327 E53.14682
G1 X126.962 Y119.234 E53.1513
G0 F7200 X127.065 Y119.195
G0 X127.065 Y119.285
G0 X126.87 Y119.516
;TYPE:SKIN
G1 F1800 X126.827 Y119.473 E53.15168
G0 F7200 X126.758 Y119.354
G0 X126.767 Y119.39
G0 X125.362 Y119.339
G0 X125.038 Y119.235
;TYPE:WALL-OUTER
G1 F1800 X125.382 Y119.325 E53.15614
G1 X125.382 Y119.813 E53.16226
G1 X125.166 Y119.755 E53.16507
G1 X124.935 Y119.666 E53.16817
G1 X124.934 Y119.195 E53.17408
G1 X125.038 Y119.235 E53.17548
G0 F7200 X125.231 Y119.285
G0 X125.129 Y119.472
;TYPE:SKIN
G1 F1800 X125.186 Y119.529 E53.17598
G0 F7200 X125.335 Y119.53
G1 F1500 E46.67598
G0 F7200 X125.282 Y119.53
G0 X125.645 Y118.501
G0 X127.911 Y117.963
G0 X132.07 Y119.316
G1 F1500 E53.17598
G0 F7200 X133.038 Y119.235
;TYPE:WALL-OUTER
G1 F1800 X133.382 Y119.325 E53.18044
G1 X133.383 Y119.813 E53.18656
G1 X133.166 Y119.755 E53.18938
G1 X132.935 Y119.666 E53.19248
G1 X132.934 Y119.195 E53.19839
G1 X133.038 Y119.235 E53.19979
G0 F7200 X133.231 Y119.285
G0 X133.25 Y119.358
G1 F1500 E46.69979
G0 F7200 X133.24 Y119.39
G0 X133.37 Y116.798
G1 F1500 E53.19979
G0 F7200 X133.038 Y116.235
G1 F1800 X133.382 Y116.325 E53.20424
G1 X133.382 Y116.813 E53.21036
G1 X133.166 Y116.755 E53.21317
G1 X132.935 Y116.666 E53.21627
G1 X132.934 Y116.195 E53.22218
G1 X133.038 Y116.235 E53.22358
G0 F7200 X133.231 Y116.285
G0 X133.154 Y116.466
;TYPE:SKIN
G1 F1800 X133.186 Y116.498 E53.22386
G0 F7200 X133.335 Y116.499
G1 F1500 E46.72386
G0 F7200 X133.282 Y116.499
G0 X133.371 Y113.798
G1 F1500 E53.22386
G0 F7200 X133.038 Y113.235
;TYPE:WALL-OUTER
G1 F1800 X133.382 Y113.325 E53.22832
G1 X133.383 Y113.813 E53.23444
G1 X133.166 Y113.755 E53.23726
G1 X132.935 Y113.666 E53.24036
G1 X132.934 Y113.195 E53.24627
G1 X133.038 Y113.235 E53.24766
G0 F7200 X133.231 Y113.285
G0 X133.25 Y113.358
G1 F1500 E46.74766
G0 F7200 X133.24 Y113.39
G0 X133.371 Y110.798
G1 F1500 E53.24766
G0 F7200 X133.038 Y110.235
G1 F1800 X133.382 Y110.325 E53.25212
G1 X133.383 Y110.813 E53.25824
G1 X133.166 Y110.755 E53.26106
G1 X132.935 Y110.666 E53.26416
G1 X132.934 Y110.195 E53.27007
G1 X133.038 Y110.235 E53.27147
G0 F7200 X133.231 Y110.285
G0 X133.129 Y110.501
;TYPE:SKIN
G1 F1800 X133.178 Y110.551 E53.27191
G0 F7200 X133.168 Y110.682
G1 F1500 E46.77191
;MESH:NONMESH
G0 F600 X133.168 Y110.682 Z10.4
G0 F7200 X133.181 Y110.654
G0 X132.07 Y110.283
G0 X126.233 Y111.816
G0 X117.767 Y111.816
G0 X111.93 Y110.327
G1 F1500 E53.27191
G0 F7200 X110.962 Y110.235
;TIME_ELAPSED:562.100131
;LAYER:51
;TYPE:WALL-OUTER
;MESH:output_v2\B_media_suporte.stl
G1 F1800 X111.275 Y110.114 E53.27612
G1 X111.275 Y110.58 E53.28196
G1 X111.225 Y110.604 E53.28265
G1 X110.836 Y110.754 E53.28788
G1 X110.836 Y110.268 E53.29398
G1 X110.962 Y110.235 E53.29561
G0 F7200 X111.148 Y110.163
G0 X110.875 Y110.537
G1 F1500 E46.79561
G0 F7200 X110.936 Y110.537
G0 X111.264 Y113.13
G1 F1500 E53.29561
G0 F7200 X110.962 Y113.235
G1 F1800 X111.275 Y113.114 E53.29982
G1 X111.275 Y113.58 E53.30566
G1 X111.225 Y113.604 E53.30636
G1 X110.836 Y113.754 E53.31159
G1 X110.836 Y113.268 E53.31768
G1 X110.962 Y113.235 E53.31931
G0 F7200 X111.148 Y113.163
G0 X110.875 Y113.537
G1 F1500 E46.81931
G0 F7200 X110.936 Y113.537
G0 X111.264 Y116.13
G1 F1500 E53.31931
G0 F7200 X110.962 Y116.235
G1 F1800 X111.275 Y116.114 E53.32352
G1 X111.276 Y116.579 E53.32935
G1 X111.22 Y116.606 E53.33013
G1 X110.836 Y116.754 E53.33529
G1 X110.836 Y116.268 E53.34139
G1 X110.962 Y116.235 E53.34302
G0 F7200 X111.148 Y116.163
G0 X110.875 Y116.537
G1 F1500 E46.84302
G0 F7200 X110.936 Y116.537
G0 X111.264 Y119.13
G1 F1500 E53.34302
G0 F7200 X110.962 Y119.235
G1 F1800 X111.275 Y119.114 E53.34723
G1 X111.276 Y119.579 E53.35306
G1 X111.22 Y119.606 E53.35384
G1 X110.836 Y119.754 E53.359
G1 X110.836 Y119.268 E53.3651
G1 X110.962 Y119.235 E53.36673
G0 F7200 X111.148 Y119.163
G0 X110.875 Y119.537
G0 X110.936 Y119.537
G0 X109.741 Y119.738
G0 X109.761 Y119.9
G1 F1800 X109.328 Y119.9 E53.37216
G1 X109.327 Y119.4 E53.37843
G1 X109.761 Y119.4 E53.38387
G1 X109.761 Y119.9 E53.39014
G0 F7200 X109.561 Y119.9
G0 X109.561 Y119.8
G1 F1500 E46.89014
G0 F7200 X110.225 Y118.536
G0 X112.12 Y117.774
G0 X115.86 Y119.401
G0 X117.008 Y119.33
G1 F1500 E53.39014
G0 F7200 X117.038 Y119.235
G1 F1800 X117.164 Y119.268 E53.39178
G1 X117.164 Y119.754 E53.39787
G1 X116.775 Y119.604 E53.40069
G1 X116.725 Y119.58 E53.40139
G1 X116.724 Y119.114 E53.40723
G1 X117.038 Y119.235 E53.40891
G0 F7200 X117.164 Y119.268
G0 X117.164 Y119.338
G0 X117.125 Y119.339
G1 F1500 E46.90891
G0 F7200 X117.062 Y119.344
G0 X118.856 Y119.33
G1 F1500 E53.40891
G0 F7200 X118.962 Y119.235
G1 F1800 X119.275 Y119.114 E53.41312
G1 X119.276 Y119.579 E53.41895
G1 X119.22 Y119.606 E53.41973
G1 X118.836 Y119.754 E53.42489
G1 X118.836 Y119.268 E53.43098
G1 X118.962 Y119.235 E53.43262
G0 F7200 X119.148 Y119.163
G0 X118.875 Y119.537
G1 F1500 E46.93262
G0 F7200 X118.936 Y119.537
G0 X118.847 Y116.738
G1 F1500 E53.43262
G0 F7200 X118.962 Y116.235
G1 F1800 X119.275 Y116.114 E53.43682
G1 X119.276 Y116.579 E53.44266
G1 X119.22 Y116.606 E53.44344
G1 X118.836 Y116.754 E53.4486
G1 X118.836 Y116.268 E53.45469
G1 X118.962 Y116.235 E53.45632
G0 F7200 X119.148 Y116.163
G0 X118.875 Y116.537
G1 F1500 E46.95632
G0 F7200 X118.936 Y116.537
G0 X117.144 Y116.33
G1 F1500 E53.45632
G0 F7200 X117.038 Y116.235
G1 F1800 X117.164 Y116.268 E53.45796
G1 X117.164 Y116.754 E53.46405
G1 X116.775 Y116.604 E53.46688
G1 X116.725 Y116.58 E53.46757
G1 X116.724 Y116.114 E53.47341
G1 X117.038 Y116.235 E53.47509
G0 F7200 X117.164 Y116.268
G0 X117.164 Y116.338
G0 X117.125 Y116.339
G1 F1500 E46.97509
G0 F7200 X117.062 Y116.344
G0 X117.153 Y113.738
G1 F1500 E53.47509
G0 F7200 X117.038 Y113.235
G1 F1800 X117.164 Y113.268 E53.47672
G1 X117.164 Y113.754 E53.48282
G1 X116.775 Y113.604 E53.48564
G1 X116.725 Y113.58 E53.48634
G1 X116.724 Y113.114 E53.49218
G1 X117.038 Y113.235 E53.49385
G0 F7200 X117.164 Y113.268
G0 X117.164 Y113.338
G0 X117.125 Y113.339
G1 F1500 E46.99385
G0 F7200 X117.062 Y113.344
G0 X118.856 Y113.33
G1 F1500 E53.49385
G0 F7200 X118.962 Y113.235
G1 F1800 X119.275 Y113.114 E53.49806
G1 X119.275 Y113.58 E53.5039
G1 X119.225 Y113.604 E53.5046
G1 X118.836 Y113.754 E53.50983
G1 X118.836 Y113.268 E53.51592
G1 X118.962 Y113.235 E53.51756
G0 F7200 X119.148 Y113.163
G0 X119.079 Y113.417
;TYPE:SKIN
G1 F1800 X119.03 Y113.466 E53.51799
G0 F7200 X118.875 Y113.466
G1 F1500 E47.01799
G0 F7200 X118.936 Y113.466
G0 X118.847 Y110.738
G1 F1500 E53.51799
G0 F7200 X118.962 Y110.235
;TYPE:WALL-OUTER
G1 F1800 X119.275 Y110.114 E53.5222
G1 X119.275 Y110.58 E53.52804
G1 X119.225 Y110.604 E53.52874
G1 X118.836 Y110.754 E53.53397
G1 X118.836 Y110.268 E53.54006
G1 X118.962 Y110.235 E53.5417
G0 F7200 X119.148 Y110.163
G0 X118.875 Y110.537
G1 F1500 E47.0417
G0 F7200 X118.936 Y110.537
G0 X117.144 Y110.33
G1 F1500 E53.5417
G0 F7200 X117.038 Y110.235
G1 F1800 X117.164 Y110.268 E53.54333
G1 X117.164 Y110.754 E53.54942
G1 X116.775 Y110.604 E53.55225
G1 X116.725 Y110.58 E53.55294
G1 X116.724 Y110.114 E53.55879
G1 X117.038 Y110.235 E53.56046
G0 F7200 X117.164 Y110.268
G0 X117.164 Y110.338
G0 X117.125 Y110.339
G1 F1500 E47.06046
G0 F7200 X117.062 Y110.344
G0 X123.86 Y110.315
G0 X125.008 Y110.33
G1 F1500 E53.56046
G0 F7200 X125.038 Y110.235
G1 F1800 X125.164 Y110.268 E53.56209
G1 X125.164 Y110.754 E53.56819
G1 X124.775 Y110.604 E53.57101
G1 X124.725 Y110.58 E53.57171
G1 X124.724 Y110.114 E53.57755
G1 X125.038 Y110.235 E53.57922
G0 F7200 X125.164 Y110.268
G0 X125.164 Y110.338
G0 X125.125 Y110.339
G1 F1500 E47.07922
G0 F7200 X125.062 Y110.344
G0 X126.856 Y110.33
G1 F1500 E53.57922
G0 F7200 X126.962 Y110.235
G1 F1800 X127.275 Y110.114 E53.58343
G1 X127.275 Y110.58 E53.58928
G1 X127.225 Y110.604 E53.58997
G1 X126.836 Y110.754 E53.5952
G1 X126.836 Y110.268 E53.60129
G1 X126.962 Y110.235 E53.60293
G0 F7200 X127.148 Y110.163
G0 X126.875 Y110.537
G1 F1500 E47.10293
G0 F7200 X126.936 Y110.537
G0 X127.264 Y113.13
G1 F1500 E53.60293
G0 F7200 X126.962 Y113.235
G1 F1800 X127.275 Y113.114 E53.60714
G1 X127.275 Y113.58 E53.61298
G1 X127.225 Y113.604 E53.61368
G1 X126.836 Y113.754 E53.6189
G1 X126.836 Y113.268 E53.625
G1 X126.962 Y113.235 E53.62663
G0 F7200 X127.148 Y113.163
G0 X126.875 Y113.537
G1 F1500 E47.12663
G0 F7200 X126.936 Y113.537
G0 X125.144 Y113.33
G1 F1500 E53.62663
G0 F7200 X125.038 Y113.235
G1 F1800 X125.164 Y113.268 E53.62827
G1 X125.164 Y113.754 E53.63436
G1 X124.775 Y113.604 E53.63718
G1 X124.725 Y113.58 E53.63788
G1 X124.724 Y113.114 E53.64372
G1 X125.038 Y113.235 E53.6454
G0 F7200 X125.164 Y113.268
G0 X125.164 Y113.338
G0 X125.125 Y113.339
G1 F1500 E47.1454
G0 F7200 X125.062 Y113.344
G0 X124.735 Y116.13
G1 F1500 E53.6454
G0 F7200 X125.038 Y116.235
G1 F1800 X125.164 Y116.268 E53.64703
G1 X125.164 Y116.754 E53.65312
G1 X124.775 Y116.604 E53.65595
G1 X124.725 Y116.58 E53.65664
G1 X124.724 Y116.114 E53.66249
G1 X125.038 Y116.235 E53.66416
G0 F7200 X125.164 Y116.268
G0 X125.164 Y116.338
G0 X125.125 Y116.339
G1 F1500 E47.16416
G0 F7200 X125.062 Y116.344
G0 X126.856 Y116.33
G1 F1500 E53.66416
G0 F7200 X126.962 Y116.235
G1 F1800 X127.275 Y116.114 E53.66837
G1 X127.275 Y116.58 E53.67421
G1 X127.225 Y116.604 E53.67491
G1 X126.836 Y116.754 E53.68014
G1 X126.836 Y116.268 E53.68623
G1 X126.962 Y116.235 E53.68786
G0 F7200 X127.148 Y116.163
G0 X126.875 Y116.537
G1 F1500 E47.18786
G0 F7200 X126.936 Y116.537
G0 X127.264 Y119.13
G1 F1500 E53.68786
G0 F7200 X126.962 Y119.235
G1 F1800 X127.275 Y119.114 E53.69207
G1 X127.276 Y119.579 E53.6979
G1 X127.22 Y119.606 E53.69868
G1 X126.836 Y119.754 E53.70384
G1 X126.836 Y119.268 E53.70994
G1 X126.962 Y119.235 E53.71157
G0 F7200 X127.148 Y119.163
G0 X126.875 Y119.537
G1 F1500 E47.21157
G0 F7200 X126.936 Y119.537
G0 X125.144 Y119.33
G1 F1500 E53.71157
G0 F7200 X125.038 Y119.235
G1 F1800 X125.164 Y119.268 E53.71321
G1 X125.164 Y119.754 E53.7193
G1 X124.775 Y119.604 E53.72212
G1 X124.725 Y119.58 E53.72282
G1 X124.725 Y119.114 E53.72866
G1 X125.038 Y119.235 E53.73033
G0 F7200 X125.164 Y119.268
G0 X125.164 Y119.338
G0 X124.962 Y119.414
;TYPE:SKIN
G1 F1800 X124.923 Y119.452 E53.73067
G0 F7200 X124.867 Y119.597
G1 F1500 E47.23067
G0 F7200 X124.889 Y119.541
G0 X126.029 Y119.33
G0 X131.86 Y119.315
G0 X133.008 Y119.33
G1 F1500 E53.73067
G0 F7200 X133.038 Y119.235
;TYPE:WALL-OUTER
G1 F1800 X133.164 Y119.268 E53.7323
G1 X133.164 Y119.754 E53.7384
G1 X132.775 Y119.604 E53.74122
G1 X132.725 Y119.58 E53.74192
G1 X132.724 Y119.114 E53.74776
G1 X133.038 Y119.235 E53.74943
G0 F7200 X133.164 Y119.268
G0 X133.164 Y119.338
G0 X133.125 Y119.339
G1 F1500 E47.24943
G0 F7200 X133.062 Y119.344
G0 X133.153 Y116.738
G1 F1500 E53.74943
G0 F7200 X133.038 Y116.235
G1 F1800 X133.164 Y116.268 E53.75107
G1 X133.164 Y116.754 E53.75716
G1 X132.775 Y116.604 E53.75999
G1 X132.725 Y116.58 E53.76068
G1 X132.724 Y116.114 E53.76653
G1 X133.038 Y116.235 E53.7682
G0 F7200 X133.164 Y116.268
G0 X133.164 Y116.338
G0 X133.125 Y116.339
G1 F1500 E47.2682
G0 F7200 X133.062 Y116.344
G0 X133.153 Y113.738
G1 F1500 E53.7682
G0 F7200 X133.038 Y113.235
G1 F1800 X133.164 Y113.268 E53.76983
G1 X133.164 Y113.754 E53.77593
G1 X132.775 Y113.604 E53.77875
G1 X132.725 Y113.58 E53.77945
G1 X132.724 Y113.114 E53.78529
G1 X133.038 Y113.235 E53.78696
G0 F7200 X133.164 Y113.268
G0 X133.164 Y113.338
G0 X133.125 Y113.339
G1 F1500 E47.28696
G0 F7200 X133.062 Y113.344
G0 X133.153 Y110.738
G1 F1500 E53.78696
G0 F7200 X133.038 Y110.235
G1 F1800 X133.164 Y110.268 E53.7886
G1 X133.164 Y110.754 E53.79469
G1 X132.775 Y110.604 E53.79751
G1 X132.725 Y110.58 E53.79821
G1 X132.724 Y110.114 E53.80405
G1 X133.038 Y110.235 E53.80573
G0 F7200 X133.164 Y110.268
G0 X133.164 Y110.338
G0 X133.125 Y110.339
G1 F1500 E47.30573
;MESH:NONMESH
G0 F600 X133.125 Y110.339 Z10.6
G0 F7200 X133.062 Y110.344
G0 X131.86 Y110.131
G0 X128.121 Y108.774
G0 X115.877 Y108.769
G0 X112.14 Y110.13
G1 F1500 E53.80573
G0 F7200 X111.38 Y110.074
;TIME_ELAPSED:578.918533
;LAYER:52
;TYPE:WALL-OUTER
;MESH:output_v2\B_media_suporte.stl
G1 F1800 X111.485 Y110.023 E53.80719
G1 X111.485 Y110.478 E53.8129
G1 X111.225 Y110.604 E53.81652
G1 X111.046 Y110.673 E53.81893
G1 X111.046 Y110.202 E53.82483
G1 X111.38 Y110.074 E53.82932
G0 F7200 X111.485 Y110.023
G0 X111.485 Y110.107
G0 X111.254 Y110.551
G1 F1500 E47.32932
G0 F7200 X111.228 Y110.491
G0 X111.475 Y113.04
G1 F1500 E53.82932
G0 F7200 X111.38 Y113.074
G1 F1800 X111.485 Y113.023 E53.83078
G1 X111.485 Y113.478 E53.83649
G1 X111.225 Y113.604 E53.84011
G1 X111.046 Y113.673 E53.84252
G1 X111.046 Y113.202 E53.84842
G1 X111.38 Y113.074 E53.85291
G0 F7200 X111.485 Y113.023
G0 X111.485 Y113.107
G0 X111.254 Y113.551
G1 F1500 E47.35291
G0 F7200 X111.228 Y113.491
G0 X111.475 Y116.04
G1 F1500 E53.85291
G0 F7200 X111.38 Y116.074
G1 F1800 X111.485 Y116.023 E53.85437
G1 X111.486 Y116.477 E53.86007
G1 X111.22 Y116.606 E53.86377
G1 X111.046 Y116.673 E53.86611
G1 X111.046 Y116.202 E53.87202
G1 X111.38 Y116.074 E53.8765
G0 F7200 X111.485 Y116.023
G0 X111.485 Y116.107
G0 X111.255 Y116.551
G1 F1500 E47.3765
G0 F7200 X111.227 Y116.491
G0 X111.475 Y119.04
G1 F1500 E53.8765
G0 F7200 X111.38 Y119.074
G1 F1800 X111.485 Y119.023 E53.87797
G1 X111.486 Y119.477 E53.88366
G1 X111.22 Y119.606 E53.88737
G1 X111.046 Y119.673 E53.88971
G1 X111.046 Y119.202 E53.89561
G1 X111.38 Y119.074 E53.9001
G0 F7200 X111.485 Y119.023
G0 X111.485 Y119.107
G0 X111.255 Y119.551
G1 F1500 E47.4001
G0 F7200 X111.227 Y119.491
G0 X109.679 Y119.657
G1 F1500 E53.9001
G0 F7200 X109.699 Y119.9
G1 F1800 X109.272 Y119.9 E53.90545
G1 X109.271 Y119.4 E53.91172
G1 X109.699 Y119.4 E53.91709
G1 X109.699 Y119.9 E53.92336
G0 F7200 X109.499 Y119.9
G0 X109.499 Y119.8
G1 F1500 E47.42336
G0 F7200 X110.193 Y118.547
G0 X112.33 Y117.672
G0 X115.65 Y119.402
G1 F1500 E53.92336
G0 F7200 X116.62 Y119.074
G1 F1800 X116.954 Y119.202 E53.92785
G1 X116.954 Y119.673 E53.93375
G1 X116.775 Y119.604 E53.93616
G1 X116.515 Y119.478 E53.93978
G1 X116.514 Y119.022 E53.9455
G1 X116.62 Y119.074 E53.94698
G0 F7200 X116.807 Y119.145
G0 X116.826 Y119.183
G1 F1500 E47.44698
G0 F7200 X116.801 Y119.249
G0 X119.062 Y119.213
G1 F1500 E53.94698
G0 F7200 X119.38 Y119.074
G1 F1800 X119.485 Y119.023 E53.94845
G1 X119.486 Y119.477 E53.95414
G1 X119.22 Y119.606 E53.95785
G1 X119.046 Y119.673 E53.96018
G1 X119.046 Y119.202 E53.96609
G1 X119.38 Y119.074 E53.97058
G0 F7200 X119.485 Y119.023
G0 X119.485 Y119.107
G0 X119.255 Y119.551
G1 F1500 E47.47058
G0 F7200 X119.227 Y119.491
G0 X119.057 Y116.657
G1 F1500 E53.97058
G0 F7200 X119.38 Y116.074
G1 F1800 X119.485 Y116.023 E53.97204
G1 X119.486 Y116.477 E53.97773
G1 X119.22 Y116.606 E53.98144
G1 X119.046 Y116.673 E53.98378
G1 X119.046 Y116.202 E53.98969
G1 X119.38 Y116.074 E53.99417
G0 F7200 X119.485 Y116.023
G0 X119.485 Y116.107
G0 X119.255 Y116.551
G0 X119.227 Y116.491
G0 X116.934 Y116.213
G0 X116.62 Y116.074
G1 F1800 X116.954 Y116.202 E53.99866
G1 X116.954 Y116.673 E54.00456
G1 X116.775 Y116.604 E54.00697
G1 X116.515 Y116.478 E54.01059
G1 X116.514 Y116.023 E54.0163
G1 X116.62 Y116.074 E54.01777
G0 F7200 X116.807 Y116.145
G0 X116.826 Y116.183
G1 F1500 E47.51777
G0 F7200 X116.801 Y116.249
G0 X116.943 Y113.657
G1 F1500 E54.01777
G0 F7200 X116.62 Y113.074
G1 F1800 X116.954 Y113.202 E54.02226
G1 X116.954 Y113.673 E54.02816
G1 X116.775 Y113.604 E54.03057
G1 X116.515 Y113.478 E54.03419
G1 X116.514 Y113.023 E54.0399
G1 X116.62 Y113.074 E54.04137
G0 F7200 X116.807 Y113.145
G0 X116.826 Y113.183
G0 X116.801 Y113.249
G0 X119.066 Y113.213
G0 X119.38 Y113.074
G1 F1800 X119.485 Y113.023 E54.04284
G1 X119.485 Y113.478 E54.04854
G1 X119.225 Y113.604 E54.05217
G1 X119.046 Y113.673 E54.05457
G1 X119.046 Y113.202 E54.06048
G1 X119.38 Y113.074 E54.06497
G0 F7200 X119.485 Y113.023
G0 X119.485 Y113.107
G0 X119.254 Y113.551
G0 X119.228 Y113.491
G0 X119.057 Y110.657
G0 X119.38 Y110.074
G1 F1800 X119.485 Y110.023 E54.06643
G1 X119.485 Y110.478 E54.07214
G1 X119.225 Y110.604 E54.07576
G1 X119.046 Y110.673 E54.07816
G1 X119.046 Y110.202 E54.08407
G1 X119.38 Y110.074 E54.08856
G0 F7200 X119.485 Y110.023
G0 X119.485 Y110.107
G0 X119.254 Y110.551
G0 X119.228 Y110.491
G0 X116.934 Y110.213
G0 X116.62 Y110.074
G1 F1800 X116.954 Y110.202 E54.09304
G1 X116.954 Y110.673 E54.09895
G1 X116.775 Y110.604 E54.10135
G1 X116.515 Y110.478 E54.10498
G1 X116.514 Y110.023 E54.11068
G1 X116.62 Y110.074 E54.11216
G0 F7200 X116.807 Y110.145
G0 X116.826 Y110.183
G0 X116.801 Y110.249
G0 X117.819 Y110.213
G0 X120.331 Y108.672
G0 X123.65 Y110.198
G0 X124.62 Y110.074
G1 F1800 X124.954 Y110.202 E54.11664
G1 X124.954 Y110.673 E54.12255
G1 X124.775 Y110.604 E54.12496
G1 X124.515 Y110.478 E54.12858
G1 X124.514 Y110.023 E54.13428
G1 X124.62 Y110.074 E54.13576
G0 F7200 X124.807 Y110.145
G0 X124.826 Y110.183
G0 X124.801 Y110.249
G0 X127.066 Y110.213
G0 X127.38 Y110.074
G1 F1800 X127.485 Y110.023 E54.13722
G1 X127.485 Y110.478 E54.14293
G1 X127.225 Y110.604 E54.14655
G1 X127.046 Y110.673 E54.14896
G1 X127.046 Y110.202 E54.15487
G1 X127.38 Y110.074 E54.15935
G0 F7200 X127.485 Y110.023
G0 X127.485 Y110.107
G0 X127.254 Y110.551
G0 X127.228 Y110.491
G0 X127.475 Y113.04
G0 X127.38 Y113.074
G1 F1800 X127.485 Y113.023 E54.16081
G1 X127.485 Y113.478 E54.16652
G1 X127.225 Y113.604 E54.17014
G1 X127.046 Y113.673 E54.17255
G1 X127.046 Y113.202 E54.17846
G1 X127.38 Y113.074 E54.18294
G0 F7200 X127.485 Y113.023
G0 X127.485 Y113.107
G0 X127.254 Y113.551
G1 F1500 E47.68294
G0 F7200 X127.228 Y113.491
G0 X124.934 Y113.213
G1 F1500 E54.18294
G0 F7200 X124.62 Y113.074
G1 F1800 X124.954 Y113.202 E54.18743
G1 X124.954 Y113.673 E54.19333
G1 X124.775 Y113.604 E54.19574
G1 X124.515 Y113.478 E54.19936
G1 X124.514 Y113.023 E54.20507
G1 X124.62 Y113.074 E54.20654
G0 F7200 X124.807 Y113.145
G0 X124.826 Y113.183
G0 X124.801 Y113.249
G0 X124.524 Y116.039
G0 X124.62 Y116.074
G1 F1800 X124.954 Y116.202 E54.21103
G1 X124.954 Y116.673 E54.21694
G1 X124.775 Y116.604 E54.21934
G1 X124.515 Y116.478 E54.22296
G1 X124.514 Y116.023 E54.22867
G1 X124.62 Y116.074 E54.23015
G0 F7200 X124.807 Y116.145
G0 X124.826 Y116.183
G1 F1500 E47.73015
G0 F7200 X124.801 Y116.249
G0 X127.066 Y116.213
G1 F1500 E54.23015
G0 F7200 X127.38 Y116.074
G1 F1800 X127.485 Y116.023 E54.23161
G1 X127.485 Y116.478 E54.23732
G1 X127.225 Y116.604 E54.24094
G1 X127.046 Y116.673 E54.24334
G1 X127.046 Y116.202 E54.24925
G1 X127.38 Y116.074 E54.25374
G0 F7200 X127.485 Y116.023
G0 X127.485 Y116.107
G0 X127.254 Y116.551
G0 X127.228 Y116.491
G0 X127.475 Y119.04
G0 X127.38 Y119.074
G1 F1800 X127.485 Y119.023 E54.2552
G1 X127.486 Y119.477 E54.26089
G1 X127.22 Y119.606 E54.2646
G1 X127.046 Y119.673 E54.26694
G1 X127.046 Y119.202 E54.27285
G1 X127.38 Y119.074 E54.27733
G0 F7200 X127.485 Y119.023
G0 X127.485 Y119.107
G0 X127.255 Y119.551
G0 X127.227 Y119.491
G0 X124.938 Y119.213
G0 X124.62 Y119.074
G1 F1800 X124.954 Y119.202 E54.28182
G1 X124.954 Y119.673 E54.28772
G1 X124.775 Y119.604 E54.29013
G1 X124.515 Y119.478 E54.29375
G1 X124.515 Y119.023 E54.29946
G1 X124.62 Y119.074 E54.30092
G0 F7200 X124.807 Y119.145
G0 X124.826 Y119.183
G0 X124.801 Y119.249
G0 X125.819 Y119.213
G0 X128.33 Y117.672
G0 X131.65 Y119.199
G0 X132.62 Y119.074
G1 F1800 X132.954 Y119.202 E54.30541
G1 X132.954 Y119.673 E54.31131
G1 X132.775 Y119.604 E54.31372
G1 X132.515 Y119.478 E54.31734
G1 X132.514 Y119.022 E54.32306
G1 X132.62 Y119.074 E54.32454
G0 F7200 X132.807 Y119.145
G0 X132.826 Y119.183
G0 X132.801 Y119.249
G0 X132.943 Y116.657
G0 X132.62 Y116.074
G1 F1800 X132.954 Y116.202 E54.32903
G1 X132.954 Y116.673 E54.33493
G1 X132.775 Y116.604 E54.33734
G1 X132.515 Y116.478 E54.34096
G1 X132.514 Y116.023 E54.34667
G1 X132.62 Y116.074 E54.34814
G0 F7200 X132.807 Y116.145
G0 X132.826 Y116.183
G0 X132.801 Y116.249
G0 X132.943 Y113.657
G0 X132.62 Y113.074
G1 F1800 X132.954 Y113.202 E54.35263
G1 X132.954 Y113.673 E54.35854
G1 X132.775 Y113.604 E54.36094
G1 X132.515 Y113.478 E54.36456
G1 X132.514 Y113.023 E54.37027
G1 X132.62 Y113.074 E54.37175
G0 F7200 X132.807 Y113.145
G0 X132.826 Y113.183
G0 X132.801 Y113.249
G0 X132.943 Y110.657
G0 X132.62 Y110.074
G1 F1800 X132.954 Y110.202 E54.37623
G1 X132.954 Y110.673 E54.38214
G1 X132.775 Y110.604 E54.38454
G1 X132.515 Y110.478 E54.38817
G1 X132.514 Y110.023 E54.39387
G1 X132.62 Y110.074 E54.39535
G0 F7200 X132.807 Y110.145
G0 X132.826 Y110.183
G1 F1500 E47.89535
;MESH:NONMESH
G0 F600 X132.826 Y110.183 Z10.8
G0 F7200 X132.801 Y110.249
G0 X131.65 Y110.04
G0 X128.331 Y108.672
G0 X115.667 Y108.669
G0 X112.35 Y110.039
G1 F1500 E54.39535
G0 F7200 X111.379 Y110.074
;TIME_ELAPSED:588.874155
;LAYER:53
;TYPE:WALL-OUTER
;MESH:output_v2\B_media_suporte.stl
G1 F1800 X111.695 Y109.92 E54.39976
G1 X111.695 Y110.376 E54.40547
G1 X111.256 Y110.589 E54.41159
G1 X111.256 Y110.121 E54.41746
G1 X111.379 Y110.074 E54.41911
G0 F7200 X111.559 Y109.987
G0 X111.295 Y110.347
G1 F1500 E47.91911
G0 F7200 X111.356 Y110.347
G0 X111.685 Y112.936
G1 F1500 E54.41911
G0 F7200 X111.379 Y113.074
G1 F1800 X111.695 Y112.92 E54.42352
G1 X111.695 Y113.376 E54.42924
G1 X111.256 Y113.589 E54.43536
G1 X111.256 Y113.121 E54.44123
G1 X111.379 Y113.074 E54.44288
G0 F7200 X111.559 Y112.987
G0 X111.295 Y113.347
G0 X111.356 Y113.347
G0 X111.685 Y115.936
G0 X111.379 Y116.074
G1 F1800 X111.695 Y115.92 E54.44729
G1 X111.696 Y116.375 E54.45299
G1 X111.256 Y116.589 E54.45913
G1 X111.256 Y116.121 E54.465
G1 X111.379 Y116.074 E54.46665
G0 F7200 X111.559 Y115.987
G0 X111.295 Y116.347
G1 F1500 E47.96665
G0 F7200 X111.356 Y116.347
G0 X111.685 Y118.936
G1 F1500 E54.46665
G0 F7200 X111.379 Y119.074
G1 F1800 X111.695 Y118.92 E54.47106
G1 X111.696 Y119.375 E54.47676
G1 X111.256 Y119.589 E54.4829
G1 X111.256 Y119.121 E54.48877
G1 X111.379 Y119.074 E54.49042
G0 F7200 X111.559 Y118.987
G0 X111.295 Y119.347
G1 F1500 E47.99042
G0 F7200 X111.356 Y119.347
G0 X109.63 Y119.573
G1 F1500 E54.49042
G0 F7200 X109.65 Y119.9
G1 F1800 X109.234 Y119.9 E54.49564
G1 X109.233 Y119.4 E54.50191
G1 X109.65 Y119.4 E54.50714
G1 X109.65 Y119.9 E54.51341
G0 F7200 X109.45 Y119.9
G0 X109.45 Y119.8
G0 X109.636 Y118.535
G0 X112.54 Y117.57
G0 X115.44 Y119.368
G0 X116.582 Y119.165
G0 X116.621 Y119.074
G1 F1800 X116.744 Y119.121 E54.51506
G1 X116.744 Y119.589 E54.52093
G1 X116.305 Y119.376 E54.5245
G1 X116.304 Y118.92 E54.53002
G1 X116.621 Y119.074 E54.53183
G0 F7200 X116.744 Y119.121
G0 X116.744 Y119.19
G0 X116.705 Y119.191
G1 F1500 E48.03183
G0 F7200 X116.644 Y119.191
G0 X119.276 Y119.165
G1 F1500 E54.53183
G0 F7200 X119.379 Y119.074
G1 F1800 X119.695 Y118.92 E54.53624
G1 X119.696 Y119.375 E54.54195
G1 X119.256 Y119.589 E54.54808
G1 X119.256 Y119.121 E54.55395
G1 X119.379 Y119.074 E54.5556
G0 F7200 X119.559 Y118.987
G0 X119.295 Y119.347
G0 X119.356 Y119.347
G0 X119.266 Y116.573
G0 X119.379 Y116.074
G1 F1800 X119.695 Y115.92 E54.56001
G1 X119.696 Y116.375 E54.56572
G1 X119.256 Y116.589 E54.57185
G1 X119.256 Y116.121 E54.57772
G1 X119.379 Y116.074 E54.57937
G0 F7200 X119.559 Y115.987
G0 X119.295 Y116.347
G1 F1500 E48.07937
G0 F7200 X119.356 Y116.347
G0 X116.724 Y116.165
G1 F1500 E54.57937
G0 F7200 X116.62 Y116.074
G1 F1800 X116.744 Y116.121 E54.58104
G1 X116.744 Y116.589 E54.58691
G1 X116.305 Y116.376 E54.59048
G1 X116.304 Y115.92 E54.596
G1 X116.62 Y116.074 E54.59779
G0 F7200 X116.744 Y116.121
G0 X116.744 Y116.189
G0 X116.705 Y116.19
G1 F1500 E48.09779
G0 F7200 X116.644 Y116.19
G0 X116.734 Y113.573
G1 F1500 E54.59779
G0 F7200 X116.62 Y113.074
G1 F1800 X116.744 Y113.121 E54.59946
G1 X116.744 Y113.589 E54.60533
G1 X116.305 Y113.376 E54.6089
G1 X116.304 Y112.92 E54.61442
G1 X116.62 Y113.074 E54.61621
G0 F7200 X116.744 Y113.121
G0 X116.744 Y113.189
G0 X116.705 Y113.19
G0 X116.644 Y113.19
G0 X119.276 Y113.165
G0 X119.379 Y113.074
G1 F1800 X119.695 Y112.92 E54.62062
G1 X119.695 Y113.376 E54.62634
G1 X119.256 Y113.589 E54.63246
G1 X119.256 Y113.121 E54.63833
G1 X119.379 Y113.074 E54.63998
G0 F7200 X119.559 Y112.987
G0 X119.295 Y113.347
G1 F1500 E48.13998
G0 F7200 X119.356 Y113.347
G0 X119.266 Y110.573
G1 F1500 E54.63998
G0 F7200 X119.379 Y110.074
G1 F1800 X119.695 Y109.92 E54.64439
G1 X119.695 Y110.376 E54.6501
G1 X119.256 Y110.589 E54.65622
G1 X119.256 Y110.121 E54.66209
G1 X119.379 Y110.074 E54.66374
G0 F7200 X119.559 Y109.987
G0 X119.295 Y110.347
G0 X119.356 Y110.347
G0 X116.724 Y110.165
G0 X116.62 Y110.074
G1 F1800 X116.744 Y110.121 E54.66541
G1 X116.744 Y110.589 E54.67128
G1 X116.305 Y110.376 E54.67485
G1 X116.304 Y109.92 E54.68037
G1 X116.62 Y110.074 E54.68216
G0 F7200 X116.744 Y110.121
G0 X116.744 Y110.189
G0 X116.705 Y110.19
G1 F1500 E48.18216
G0 F7200 X116.644 Y110.19
G0 X118.399 Y109.53
G0 X120.541 Y108.57
G0 X123.44 Y110.15
G0 X124.581 Y110.165
G1 F1500 E54.68216
G0 F7200 X124.62 Y110.074
G1 F1800 X124.744 Y110.121 E54.68383
G1 X124.744 Y110.589 E54.68969
G1 X124.305 Y110.376 E54.69327
G1 X124.304 Y109.92 E54.69879
G1 X124.62 Y110.074 E54.70058
G0 F7200 X124.744 Y110.121
G0 X124.744 Y110.189
G0 X124.705 Y110.19
G0 X124.644 Y110.19
G0 X127.276 Y110.165
G0 X127.379 Y110.074
G1 F1800 X127.695 Y109.92 E54.70499
G1 X127.695 Y110.376 E54.71071
G1 X127.256 Y110.589 E54.71683
G1 X127.256 Y110.121 E54.7227
G1 X127.379 Y110.074 E54.72435
G0 F7200 X127.559 Y109.987
G0 X127.295 Y110.347
G1 F1500 E48.22435
G0 F7200 X127.356 Y110.347
G0 X127.685 Y112.936
G1 F1500 E54.72435
G0 F7200 X127.379 Y113.074
G1 F1800 X127.695 Y112.92 E54.72876
G1 X127.695 Y113.376 E54.73447
G1 X127.256 Y113.589 E54.74059
G1 X127.256 Y113.121 E54.74646
G1 X127.379 Y113.074 E54.74811
G0 F7200 X127.559 Y112.987
G0 X127.295 Y113.347
G0 X127.356 Y113.347
G0 X124.724 Y113.165
G0 X124.62 Y113.074
G1 F1800 X124.744 Y113.121 E54.74978
G1 X124.744 Y113.589 E54.75565
G1 X124.305 Y113.376 E54.75922
G1 X124.304 Y112.92 E54.76474
G1 X124.62 Y113.074 E54.76653
G0 F7200 X124.744 Y113.121
G0 X124.744 Y113.189
G0 X124.705 Y113.19
G0 X124.644 Y113.19
G0 X124.314 Y115.936
G0 X124.62 Y116.074
G1 F1800 X124.744 Y116.121 E54.7682
G1 X124.744 Y116.589 E54.77406
G1 X124.305 Y116.376 E54.77764
G1 X124.304 Y115.92 E54.78316
G1 X124.62 Y116.074 E54.78495
G0 F7200 X124.744 Y116.121
G0 X124.744 Y116.189
G0 X124.705 Y116.19
G0 X124.644 Y116.19
G0 X127.276 Y116.165
G0 X127.379 Y116.074
G1 F1800 X127.695 Y115.92 E54.78936
G1 X127.695 Y116.376 E54.79508
G1 X127.256 Y116.589 E54.8012
G1 X127.256 Y116.121 E54.80707
G1 X127.379 Y116.074 E54.80872
G0 F7200 X127.559 Y115.987
G0 X127.295 Y116.347
G0 X127.356 Y116.347
G0 X127.685 Y118.936
G0 X127.379 Y119.074
G1 F1800 X127.695 Y118.92 E54.81313
G1 X127.696 Y119.375 E54.81883
G1 X127.256 Y119.589 E54.82497
G1 X127.256 Y119.121 E54.83084
G1 X127.379 Y119.074 E54.83249
G0 F7200 X127.559 Y118.987
G0 X127.295 Y119.347
G0 X127.356 Y119.347
G0 X124.724 Y119.165
G0 X124.621 Y119.074
G1 F1800 X124.744 Y119.121 E54.83414
G1 X124.744 Y119.589 E54.84001
G1 X124.305 Y119.376 E54.84358
G1 X124.304 Y118.92 E54.84911
G1 X124.621 Y119.074 E54.85092
G0 F7200 X124.744 Y119.121
G0 X124.744 Y119.19
G0 X124.705 Y119.191
G0 X124.644 Y119.191
G0 X126.399 Y118.53
G0 X128.54 Y117.57
G0 X131.44 Y119.151
G0 X132.582 Y119.165
G0 X132.621 Y119.074
G1 F1800 X132.744 Y119.121 E54.85257
G1 X132.744 Y119.589 E54.85844
G1 X132.305 Y119.376 E54.86201
G1 X132.304 Y118.92 E54.86753
G1 X132.621 Y119.074 E54.86934
G0 F7200 X132.744 Y119.121
G0 X132.744 Y119.19
G0 X132.705 Y119.191
G0 X132.644 Y119.191
G0 X132.734 Y116.573
G0 X132.62 Y116.074
G1 F1800 X132.744 Y116.121 E54.87101
G1 X132.744 Y116.589 E54.87688
G1 X132.305 Y116.376 E54.88045
G1 X132.304 Y115.92 E54.88597
G1 X132.62 Y116.074 E54.88776
G0 F7200 X132.744 Y116.121
G0 X132.744 Y116.189
G0 X132.705 Y116.19
G1 F1500 E48.38776
G0 F7200 X132.644 Y116.19
G0 X132.734 Y113.573
G1 F1500 E54.88776
G0 F7200 X132.62 Y113.074
G1 F1800 X132.744 Y113.121 E54.88943
G1 X132.744 Y113.589 E54.8953
G1 X132.305 Y113.376 E54.89887
G1 X132.304 Y112.92 E54.90439
G1 X132.62 Y113.074 E54.90618
G0 F7200 X132.744 Y113.121
G0 X132.744 Y113.189
G0 X132.705 Y113.19
G0 X132.644 Y113.19
G0 X132.734 Y110.573
G0 X132.62 Y110.074
G1 F1800 X132.744 Y110.121 E54.90785
G1 X132.744 Y110.589 E54.91371
G1 X132.305 Y110.376 E54.91729
G1 X132.304 Y109.92 E54.92281
G1 X132.62 Y110.074 E54.9246
G0 F7200 X132.744 Y110.121
G0 X132.744 Y110.189
G0 X132.705 Y110.19
;MESH:NONMESH
G0 F600 X132.705 Y110.19 Z11
G0 F7200 X132.644 Y110.19
G0 X131.44 Y110.23
G0 X126.409 Y111.822
G0 X120.553 Y110.913
G0 X119.563 Y111.4
G0 X118.409 Y111.822
G0 X112.56 Y110.229
G0 X111.905 Y110.274
;TIME_ELAPSED:598.382627
;LAYER:54
;TYPE:WALL-OUTER
;MESH:output_v2\B_media_suporte.stl
G1 F1800 X111.466 Y110.487 E54.93072
G1 X111.466 Y110.032 E54.93643
G1 X111.905 Y109.819 E54.94255
G1 X111.905 Y110.274 E54.94825
G0 F7200 X111.725 Y110.361
G0 X111.721 Y110.353
G0 X111.684 Y110.27
G0 X111.895 Y112.835
G0 X111.905 Y113.274
G1 F1800 X111.466 Y113.487 E54.95437
G1 X111.466 Y113.032 E54.96008
G1 X111.905 Y112.819 E54.96619
G1 X111.905 Y113.274 E54.9719
G0 F7200 X111.725 Y113.361
G0 X111.721 Y113.353
G0 X111.684 Y113.27
G0 X111.895 Y115.834
G0 X111.906 Y116.273
G1 F1800 X111.466 Y116.487 E54.97804
G1 X111.466 Y116.032 E54.98374
G1 X111.905 Y115.818 E54.98987
G1 X111.906 Y116.273 E54.99557
G0 F7200 X111.727 Y116.36
G0 X111.723 Y116.351
G0 X111.686 Y116.27
G0 X111.895 Y118.834
G0 X111.906 Y119.273
G1 F1800 X111.466 Y119.487 E55.00171
G1 X111.466 Y119.032 E55.00741
G1 X111.905 Y118.818 E55.01354
G1 X111.906 Y119.273 E55.01924
G0 F7200 X111.727 Y119.36
G0 X111.723 Y119.351
G0 X111.686 Y119.27
G0 X109.588 Y119.471
G0 X109.608 Y119.9
G1 F1800 X109.196 Y119.9 E55.02441
G1 X109.195 Y119.4 E55.03068
G1 X109.608 Y119.4 E55.03586
G1 X109.608 Y119.9 E55.04213
G0 F7200 X109.408 Y119.9
G0 X109.408 Y119.8
G1 F1500 E48.54213
G0 F7200 X110.473 Y119.414
G0 X110.619 Y120.743
G0 X115.23 Y119.267
G0 X116.434 Y119.084
G1 F1500 E55.04213
G0 F7200 X116.534 Y119.031
G1 F1800 X116.534 Y119.487 E55.04785
G1 X116.095 Y119.274 E55.05397
G1 X116.094 Y118.818 E55.05969
G1 X116.534 Y119.031 E55.06582
G0 F7200 X116.534 Y119.231
G0 X116.495 Y119.232
G0 X116.434 Y119.232
G0 X116.524 Y116.471
G0 X116.534 Y116.031
G1 F1800 X116.534 Y116.487 E55.07154
G1 X116.095 Y116.274 E55.07765
G1 X116.094 Y115.817 E55.08339
G1 X116.534 Y116.031 E55.08952
G0 F7200 X116.534 Y116.231
G0 X116.495 Y116.232
G1 F1500 E48.58952
G0 F7200 X116.434 Y116.232
G0 X116.524 Y113.471
G1 F1500 E55.08952
G0 F7200 X116.534 Y113.032
G1 F1800 X116.534 Y113.487 E55.09523
G1 X116.095 Y113.274 E55.10135
G1 X116.094 Y112.818 E55.10706
G1 X116.534 Y113.032 E55.1132
G0 F7200 X116.534 Y113.232
G0 X116.495 Y113.233
G0 X116.434 Y113.233
G0 X116.524 Y110.471
G0 X116.534 Y110.032
G1 F1800 X116.534 Y110.487 E55.11891
G1 X116.095 Y110.274 E55.12503
G1 X116.094 Y109.818 E55.13074
G1 X116.534 Y110.032 E55.13688
G0 F7200 X116.534 Y110.232
G0 X116.495 Y110.233
G0 X116.434 Y110.233
G0 X118.601 Y110.206
G0 X119.815 Y110.206
G0 X119.905 Y110.274
G1 F1800 X119.466 Y110.487 E55.143
G1 X119.466 Y110.032 E55.1487
G1 X119.905 Y109.819 E55.15482
G1 X119.905 Y110.274 E55.16053
G0 F7200 X119.725 Y110.361
G0 X119.721 Y110.353
G0 X119.684 Y110.27
G0 X119.895 Y112.835
G0 X119.905 Y113.274
G1 F1800 X119.466 Y113.487 E55.16665
G1 X119.466 Y113.032 E55.17235
G1 X119.905 Y112.819 E55.17847
G1 X119.905 Y113.274 E55.18418
G0 F7200 X119.725 Y113.361
G0 X119.721 Y113.353
G0 X119.684 Y113.27
G0 X119.895 Y115.834
G0 X119.906 Y116.273
G1 F1800 X119.466 Y116.487 E55.19031
G1 X119.466 Y116.032 E55.19602
G1 X119.905 Y115.818 E55.20214
G1 X119.906 Y116.273 E55.20785
G0 F7200 X119.727 Y116.36
G0 X119.723 Y116.351
G0 X119.686 Y116.27
G0 X119.895 Y118.834
G0 X119.906 Y119.273
G1 F1800 X119.466 Y119.487 E55.21399
G1 X119.466 Y119.032 E55.21969
G1 X119.905 Y118.818 E55.22582
G1 X119.906 Y119.273 E55.23152
G0 F7200 X119.727 Y119.36
G0 X119.723 Y119.351
G0 X119.686 Y119.27
G0 X120.77 Y119.092
G0 X123.23 Y119.087
G0 X124.434 Y119.084
G0 X124.534 Y119.031
G1 F1800 X124.534 Y119.487 E55.23724
G1 X124.095 Y119.274 E55.24336
G1 X124.094 Y118.818 E55.24908
G1 X124.534 Y119.031 E55.25521
G0 F7200 X124.534 Y119.231
G0 X124.495 Y119.232
G0 X124.434 Y119.232
G0 X124.524 Y116.471
G0 X124.534 Y116.031
G1 F1800 X124.534 Y116.487 E55.26093
G1 X124.095 Y116.274 E55.26705
G1 X124.094 Y115.817 E55.27278
G1 X124.534 Y116.031 E55.27891
G0 F7200 X124.534 Y116.231
G0 X124.495 Y116.232
G1 F1500 E48.77891
G0 F7200 X124.434 Y116.232
G0 X124.524 Y113.471
G1 F1500 E55.27891
G0 F7200 X124.534 Y113.032
G1 F1800 X124.534 Y113.487 E55.28462
G1 X124.095 Y113.274 E55.29074
G1 X124.094 Y112.818 E55.29646
G1 X124.534 Y113.032 E55.30259
G0 F7200 X124.534 Y113.232
G0 X124.495 Y113.233
G0 X124.434 Y113.233
G0 X124.524 Y110.471
G0 X124.534 Y110.032
G1 F1800 X124.534 Y110.487 E55.3083
G1 X124.095 Y110.274 E55.31442
G1 X124.094 Y109.818 E55.32014
G1 X124.534 Y110.032 E55.32627
G0 F7200 X124.534 Y110.232
G0 X124.495 Y110.233
G1 F1500 E48.82627
G0 F7200 X124.434 Y110.233
G0 X126.601 Y110.206
G0 X127.815 Y110.206
G1 F1500 E55.32627
G0 F7200 X127.905 Y110.274
G1 F1800 X127.466 Y110.487 E55.33239
G1 X127.466 Y110.032 E55.3381
G1 X127.905 Y109.819 E55.34422
G1 X127.905 Y110.274 E55.34992
G0 F7200 X127.725 Y110.361
G0 X127.721 Y110.353
G0 X127.684 Y110.27
G0 X127.895 Y112.835
G0 X127.905 Y113.274
G1 F1800 X127.466 Y113.487 E55.35604
G1 X127.466 Y113.032 E55.36175
G1 X127.905 Y112.819 E55.36786
G1 X127.905 Y113.274 E55.37357
G0 F7200 X127.725 Y113.361
G0 X127.721 Y113.353
G1 F1500 E48.87357
G0 F7200 X127.684 Y113.27
G0 X127.895 Y115.835
G1 F1500 E55.37357
G0 F7200 X127.905 Y116.274
G1 F1800 X127.466 Y116.487 E55.37969
G1 X127.466 Y116.032 E55.3854
G1 X127.905 Y115.819 E55.39151
G1 X127.905 Y116.274 E55.39722
G0 F7200 X127.725 Y116.361
G0 X127.721 Y116.353
G0 X127.684 Y116.27
G0 X127.895 Y118.834
G0 X127.906 Y119.273
G1 F1800 X127.466 Y119.487 E55.40336
G1 X127.466 Y119.032 E55.40906
G1 X127.905 Y118.818 E55.41519
G1 X127.906 Y119.273 E55.42089
G0 F7200 X127.727 Y119.36
G0 X127.723 Y119.351
G1 F1500 E48.92089
G0 F7200 X127.686 Y119.27
G0 X128.77 Y119.092
G0 X131.23 Y119.087
G0 X132.434 Y119.084
G1 F1500 E55.42089
G0 F7200 X132.534 Y119.031
G1 F1800 X132.534 Y119.487 E55.42661
G1 X132.095 Y119.274 E55.43273
G1 X132.094 Y118.818 E55.43845
G1 X132.534 Y119.031 E55.44458
G0 F7200 X132.534 Y119.231
G0 X132.495 Y119.232
G0 X132.434 Y119.232
G0 X132.524 Y116.471
G0 X132.534 Y116.031
G1 F1800 X132.534 Y116.487 E55.4503
G1 X132.095 Y116.274 E55.45642
G1 X132.094 Y115.817 E55.46215
G1 X132.534 Y116.031 E55.46828
G0 F7200 X132.534 Y116.231
G0 X132.495 Y116.232
G1 F1500 E48.96828
G0 F7200 X132.434 Y116.232
G0 X132.524 Y113.471
G1 F1500 E55.46828
G0 F7200 X132.534 Y113.032
G1 F1800 X132.534 Y113.487 E55.47399
G1 X132.095 Y113.274 E55.48011
G1 X132.094 Y112.818 E55.48583
G1 X132.534 Y113.032 E55.49196
G0 F7200 X132.534 Y113.232
G0 X132.495 Y113.233
G0 X132.434 Y113.233
G0 X132.524 Y110.471
G0 X132.534 Y110.032
G1 F1800 X132.534 Y110.487 E55.49767
G1 X132.095 Y110.274 E55.50379
G1 X132.094 Y109.818 E55.50951
G1 X132.534 Y110.032 E55.51564
G0 F7200 X132.534 Y110.232
G0 X132.495 Y110.233
G1 F1500 E49.01564
;MESH:NONMESH
G0 F600 X132.495 Y110.233 Z11.2
G0 F7200 X132.434 Y110.233
G0 X131.23 Y110.129
G0 X126.619 Y111.743
G0 X125.381 Y111.743
G0 X120.763 Y110.811
G0 X119.564 Y111.4
G0 X118.619 Y111.743
G0 X117.381 Y111.743
G0 X112.77 Y110.128
G1 F1500 E55.51564
G0 F7200 X112.115 Y110.172
;TIME_ELAPSED:606.488544
;LAYER:55
;TYPE:WALL-OUTER
;MESH:output_v2\B_media_suporte.stl
G1 F1800 X111.675 Y110.385 E55.52177
G1 X111.676 Y109.929 E55.52749
G1 X112.116 Y109.716 E55.53362
G1 X112.115 Y110.172 E55.53934
G0 F7200 X111.935 Y110.259
G0 X111.931 Y110.25
G0 X111.893 Y110.168
G0 X112.106 Y112.732
G0 X112.115 Y113.172
G1 F1800 X111.675 Y113.385 E55.54547
G1 X111.676 Y112.929 E55.55119
G1 X112.116 Y112.716 E55.55732
G1 X112.115 Y113.172 E55.56304
G0 F7200 X111.935 Y113.259
G0 X111.931 Y113.25
G1 F1500 E49.06304
G0 F7200 X111.893 Y113.168
G0 X112.106 Y115.731
G1 F1500 E55.56304
G0 F7200 X112.116 Y116.171
G1 F1800 X111.675 Y116.385 E55.56918
G1 X111.676 Y115.929 E55.5749
G1 X112.116 Y115.715 E55.58104
G1 X112.116 Y116.171 E55.58676
G0 F7200 X111.936 Y116.258
G0 X111.933 Y116.248
G0 X111.895 Y116.167
G0 X112.106 Y118.732
G0 X112.116 Y119.171
G1 F1800 X111.675 Y119.385 E55.5929
G1 X111.675 Y118.93 E55.59861
G1 X112.116 Y118.716 E55.60476
G1 X112.116 Y119.171 E55.61046
G0 F7200 X111.936 Y119.258
G0 X111.932 Y119.25
G1 F1500 E49.11046
G0 F7200 X111.895 Y119.167
G0 X109.555 Y119.414
G1 F1500 E55.61046
G0 F7200 X109.569 Y119.9
G1 F1800 X109.159 Y119.9 E55.6156
G1 X109.158 Y119.4 E55.62187
G1 X109.569 Y119.4 E55.62703
G1 X109.569 Y119.9 E55.6333
G0 F7200 X109.369 Y119.9
G0 X109.369 Y119.8
G0 X110.434 Y119.414
G0 X110.829 Y120.737
G0 X115.02 Y119.162
G0 X116.224 Y118.982
G0 X116.324 Y118.929
G1 F1800 X116.324 Y119.385 E55.63902
G1 X115.885 Y119.172 E55.64513
G1 X115.885 Y118.716 E55.65085
G1 X116.324 Y118.929 E55.65697
G0 F7200 X116.324 Y119.129
G0 X116.285 Y119.129
G1 F1500 E49.15697
G0 F7200 X116.224 Y119.129
G0 X116.315 Y116.369
G1 F1500 E55.65697
G0 F7200 X116.324 Y115.929
G1 F1800 X116.325 Y116.385 E55.66269
G1 X115.885 Y116.172 E55.66882
G1 X115.884 Y115.716 E55.67454
G1 X116.324 Y115.929 E55.68067
G0 F7200 X116.324 Y116.129
G0 X116.285 Y116.129
G0 X116.224 Y116.128
G0 X116.315 Y113.369
G0 X116.324 Y112.929
G1 F1800 X116.325 Y113.385 E55.68639
G1 X115.885 Y113.172 E55.69252
G1 X115.884 Y112.716 E55.69824
G1 X116.324 Y112.929 E55.70437
G0 F7200 X116.324 Y113.129
G0 X116.285 Y113.129
G1 F1500 E49.20437
G0 F7200 X116.224 Y113.128
G0 X116.315 Y110.369
G1 F1500 E55.70437
G0 F7200 X116.324 Y109.929
G1 F1800 X116.325 Y110.385 E55.71009
G1 X115.885 Y110.172 E55.71622
G1 X115.884 Y109.716 E55.72193
G1 X116.324 Y109.929 E55.72806
G0 F7200 X116.324 Y110.129
G0 X116.285 Y110.129
G0 X116.224 Y110.128
G0 X118.81 Y110.121
G0 X120.025 Y110.104
G0 X120.115 Y110.172
G1 F1800 X119.675 Y110.385 E55.73419
G1 X119.676 Y109.929 E55.73991
G1 X120.116 Y109.716 E55.74604
G1 X120.115 Y110.172 E55.75176
G0 F7200 X119.935 Y110.259
G0 X119.931 Y110.25
G0 X119.893 Y110.168
G0 X120.106 Y112.732
G0 X120.115 Y113.172
G1 F1800 X119.675 Y113.385 E55.75789
G1 X119.676 Y112.929 E55.76361
G1 X120.116 Y112.716 E55.76974
G1 X120.115 Y113.172 E55.77546
G0 F7200 X119.935 Y113.259
G0 X119.931 Y113.25
G0 X119.893 Y113.168
G0 X120.106 Y115.731
G0 X120.116 Y116.171
G1 F1800 X119.675 Y116.385 E55.78161
G1 X119.676 Y115.929 E55.78732
G1 X120.116 Y115.715 E55.79346
G1 X120.116 Y116.171 E55.79918
G0 F7200 X119.936 Y116.258
G0 X119.933 Y116.248
G0 X119.895 Y116.167
G0 X120.106 Y118.732
G0 X120.116 Y119.171
G1 F1800 X119.675 Y119.385 E55.80533
G1 X119.675 Y118.93 E55.81103
G1 X120.116 Y118.716 E55.81718
G1 X120.116 Y119.171 E55.82288
G0 F7200 X119.936 Y119.258
G0 X119.932 Y119.25
G0 X119.895 Y119.167
G0 X120.981 Y118.982
G0 X123.019 Y118.992
G0 X124.224 Y118.982
G0 X124.324 Y118.929
G1 F1800 X124.324 Y119.385 E55.8286
G1 X123.884 Y119.171 E55.83474
G1 X123.885 Y118.716 E55.84044
G1 X124.324 Y118.929 E55.84656
G0 F7200 X124.324 Y119.129
G0 X124.284 Y119.129
G0 X124.224 Y119.129
G0 X124.315 Y116.369
G0 X124.324 Y115.929
G1 F1800 X124.325 Y116.385 E55.85228
G1 X123.885 Y116.172 E55.85841
G1 X123.884 Y115.716 E55.86413
G1 X124.324 Y115.929 E55.87026
G0 F7200 X124.324 Y116.129
G0 X124.285 Y116.129
G0 X124.224 Y116.128
G0 X124.315 Y113.369
G0 X124.324 Y112.929
G1 F1800 X124.325 Y113.385 E55.87598
G1 X123.885 Y113.172 E55.88211
G1 X123.884 Y112.716 E55.88783
G1 X124.324 Y112.929 E55.89396
G0 F7200 X124.324 Y113.129
G0 X124.285 Y113.129
G1 F1500 E49.39396
G0 F7200 X124.224 Y113.128
G0 X124.315 Y110.369
G1 F1500 E55.89396
G0 F7200 X124.324 Y109.929
G1 F1800 X124.325 Y110.385 E55.89968
G1 X123.885 Y110.172 E55.90581
G1 X123.884 Y109.716 E55.91153
G1 X124.324 Y109.929 E55.91766
G0 F7200 X124.324 Y110.129
G0 X124.285 Y110.129
G0 X124.224 Y110.128
G0 X126.81 Y110.121
G0 X128.025 Y110.104
G0 X128.115 Y110.172
G1 F1800 X127.675 Y110.385 E55.92379
G1 X127.676 Y109.929 E55.9295
G1 X128.116 Y109.716 E55.93564
G1 X128.115 Y110.172 E55.94135
G0 F7200 X127.935 Y110.259
G0 X127.931 Y110.25
G0 X127.893 Y110.168
G0 X128.106 Y112.732
G0 X128.115 Y113.172
G1 F1800 X127.675 Y113.385 E55.94748
G1 X127.676 Y112.929 E55.9532
G1 X128.116 Y112.716 E55.95933
G1 X128.115 Y113.172 E55.96505
G0 F7200 X127.935 Y113.259
G0 X127.931 Y113.25
G0 X127.893 Y113.168
G0 X128.106 Y115.732
G0 X128.115 Y116.172
G1 F1800 X127.675 Y116.385 E55.97118
G1 X127.676 Y115.929 E55.9769
G1 X128.116 Y115.716 E55.98303
G1 X128.115 Y116.172 E55.98875
G0 F7200 X127.935 Y116.259
G0 X127.931 Y116.25
G0 X127.893 Y116.168
G0 X128.106 Y118.732
G0 X128.116 Y119.171
G1 F1800 X127.676 Y119.385 E55.99488
G1 X127.675 Y118.93 E56.00059
G1 X128.116 Y118.716 E56.00674
G1 X128.116 Y119.171 E56.01244
G0 F7200 X127.937 Y119.258
G0 X127.932 Y119.25
G0 X127.895 Y119.168
G0 X128.981 Y118.982
G0 X131.019 Y118.992
G0 X132.224 Y118.982
G0 X132.324 Y118.929
G1 F1800 X132.324 Y119.385 E56.01816
G1 X131.884 Y119.171 E56.0243
G1 X131.885 Y118.716 E56.03
G1 X132.324 Y118.929 E56.03612
G0 F7200 X132.324 Y119.129
G0 X132.284 Y119.129
G0 X132.224 Y119.129
G0 X132.315 Y116.369
G0 X132.324 Y115.929
G1 F1800 X132.325 Y116.385 E56.04184
G1 X131.885 Y116.172 E56.04797
G1 X131.884 Y115.716 E56.05369
G1 X132.324 Y115.929 E56.05982
G0 F7200 X132.324 Y116.129
G0 X132.285 Y116.129
G1 F1500 E49.55982
G0 F7200 X132.224 Y116.128
G0 X132.315 Y113.369
G1 F1500 E56.05982
G0 F7200 X132.324 Y112.929
G1 F1800 X132.325 Y113.385 E56.06554
G1 X131.885 Y113.172 E56.07167
G1 X131.884 Y112.716 E56.07739
G1 X132.324 Y112.929 E56.08352
G0 F7200 X132.324 Y113.129
G0 X132.285 Y113.129
G0 X132.224 Y113.128
G0 X132.315 Y110.369
G0 X132.324 Y109.929
G1 F1800 X132.325 Y110.385 E56.08924
G1 X131.885 Y110.172 E56.09537
G1 X131.884 Y109.716 E56.10108
G1 X132.324 Y109.929 E56.10721
G0 F7200 X132.324 Y110.129
G0 X132.285 Y110.129
G1 F1500 E49.60721
;MESH:NONMESH
G0 F600 X132.285 Y110.129 Z11.4
G0 F7200 X132.224 Y110.128
G0 X131.02 Y110.027
G0 X128.963 Y108.364
G0 X115.037 Y108.364
G0 X112.981 Y109.981
G1 F1500 E56.10721
G0 F7200 X112.324 Y110.07
;TIME_ELAPSED:614.065725
;LAYER:56
;TYPE:WALL-OUTER
;MESH:output_v2\B_media_suporte.stl
G1 F1800 X111.885 Y110.283 E56.11333
G1 X111.886 Y109.827 E56.11905
G1 X112.325 Y109.614 E56.12517
G1 X112.324 Y110.07 E56.13089
G0 F7200 X112.144 Y110.157
G0 X112.14 Y110.148
G0 X112.103 Y110.066
G0 X112.315 Y112.63
G0 X112.324 Y113.07
G1 F1800 X111.885 Y113.283 E56.13701
G1 X111.886 Y112.827 E56.14273
G1 X112.325 Y112.614 E56.14885
G1 X112.324 Y113.07 E56.15456
G0 F7200 X112.144 Y113.157
G0 X112.14 Y113.148
G0 X112.103 Y113.066
G0 X112.315 Y115.63
G0 X112.325 Y116.069
G1 F1800 X111.885 Y116.283 E56.1607
G1 X111.886 Y115.827 E56.16642
G1 X112.325 Y115.614 E56.17254
G1 X112.325 Y116.069 E56.17824
G0 F7200 X112.146 Y116.156
G0 X112.141 Y116.148
G0 X112.104 Y116.066
G0 X112.315 Y118.63
G0 X112.325 Y119.069
G1 F1800 X111.885 Y119.283 E56.18438
G1 X111.885 Y118.828 E56.19008
G1 X112.325 Y118.614 E56.19622
G1 X112.325 Y119.069 E56.20193
G0 F7200 X112.146 Y119.156
G0 X112.142 Y119.147
G0 X112.105 Y119.066
G0 X109.527 Y119.414
G0 X109.541 Y119.9
G1 F1800 X109.134 Y119.9 E56.20703
G1 X109.133 Y119.4 E56.2133
G1 X109.541 Y119.4 E56.21842
G1 X109.541 Y119.9 E56.22469
G0 F7200 X109.341 Y119.9
G0 X109.341 Y119.8
G0 X110.406 Y119.414
G0 X111.039 Y120.635
G0 X114.811 Y119.06
G0 X116.014 Y118.88
G0 X116.114 Y118.827
G1 F1800 X116.114 Y119.283 E56.23041
G1 X115.676 Y119.07 E56.23651
G1 X115.676 Y118.614 E56.24223
G1 X116.114 Y118.827 E56.24834
G0 F7200 X116.114 Y119.027
G0 X116.076 Y119.027
G0 X116.014 Y119.027
G0 X116.105 Y116.267
G0 X116.114 Y115.827
G1 F1800 X116.115 Y116.283 E56.25406
G1 X115.676 Y116.07 E56.26018
G1 X115.675 Y115.614 E56.2659
G1 X116.114 Y115.827 E56.27201
G0 F7200 X116.114 Y116.027
G0 X116.076 Y116.027
G0 X116.014 Y116.026
G0 X116.105 Y113.267
G0 X116.114 Y112.827
G1 F1800 X116.115 Y113.283 E56.27773
G1 X115.676 Y113.07 E56.28385
G1 X115.675 Y112.614 E56.28957
G1 X116.114 Y112.827 E56.29569
G0 F7200 X116.114 Y113.027
G0 X116.076 Y113.027
G1 F1500 E49.79569
G0 F7200 X116.014 Y113.026
G0 X116.105 Y110.267
G1 F1500 E56.29569
G0 F7200 X116.114 Y109.827
G1 F1800 X116.115 Y110.283 E56.30141
G1 X115.676 Y110.07 E56.30753
G1 X115.675 Y109.614 E56.31324
G1 X116.114 Y109.827 E56.31936
G0 F7200 X116.114 Y110.027
G0 X116.076 Y110.027
G0 X116.014 Y110.026
G0 X119.02 Y110.021
G0 X120.234 Y110.002
G0 X120.324 Y110.07
G1 F1800 X119.885 Y110.283 E56.32548
G1 X119.886 Y109.827 E56.3312
G1 X120.325 Y109.614 E56.33732
G1 X120.324 Y110.07 E56.34304
G0 F7200 X120.144 Y110.157
G0 X120.14 Y110.148
G1 F1500 E49.84304
G0 F7200 X120.103 Y110.066
G0 X120.315 Y112.63
G1 F1500 E56.34304
G0 F7200 X120.324 Y113.07
G1 F1800 X119.885 Y113.283 E56.34916
G1 X119.886 Y112.827 E56.35488
G1 X120.325 Y112.614 E56.361
G1 X120.324 Y113.07 E56.36671
G0 F7200 X120.144 Y113.157
G0 X120.14 Y113.148
G0 X120.103 Y113.066
G0 X120.315 Y115.63
G0 X120.325 Y116.069
G1 F1800 X119.885 Y116.283 E56.37285
G1 X119.886 Y115.827 E56.37857
G1 X120.325 Y115.614 E56.38469
G1 X120.325 Y116.069 E56.39039
G0 F7200 X120.146 Y116.156
G0 X120.141 Y116.148
G0 X120.104 Y116.066
G0 X120.315 Y118.63
G0 X120.325 Y119.069
G1 F1800 X119.885 Y119.283 E56.39653
G1 X119.885 Y118.828 E56.40223
G1 X120.325 Y118.614 E56.40837
G1 X120.325 Y119.069 E56.41408
G0 F7200 X120.146 Y119.156
G0 X120.142 Y119.147
G1 F1500 E49.91408
G0 F7200 X120.105 Y119.066
G0 X121.19 Y118.88
G0 X122.81 Y118.889
G0 X124.014 Y118.88
G1 F1500 E56.41408
G0 F7200 X124.114 Y118.827
G1 F1800 X124.114 Y119.282 E56.41978
G1 X123.675 Y119.069 E56.4259
G1 X123.676 Y118.614 E56.43161
G1 X124.114 Y118.827 E56.43771
G0 F7200 X124.114 Y119.027
G0 X124.075 Y119.027
G0 X124.014 Y119.027
G0 X124.105 Y116.267
G0 X124.114 Y115.827
G1 F1800 X124.115 Y116.283 E56.44343
G1 X123.676 Y116.07 E56.44955
G1 X123.675 Y115.614 E56.45527
G1 X124.114 Y115.827 E56.46139
G0 F7200 X124.114 Y116.027
G0 X124.076 Y116.027
G1 F1500 E49.96139
G0 F7200 X124.014 Y116.026
G0 X124.105 Y113.267
G1 F1500 E56.46139
G0 F7200 X124.114 Y112.827
G1 F1800 X124.115 Y113.283 E56.46711
G1 X123.676 Y113.07 E56.47323
G1 X123.675 Y112.614 E56.47895
G1 X124.114 Y112.827 E56.48506
G0 F7200 X124.114 Y113.027
G0 X124.076 Y113.027
G0 X124.014 Y113.026
G0 X124.105 Y110.267
G0 X124.114 Y109.827
G1 F1800 X124.115 Y110.283 E56.49078
G1 X123.676 Y110.07 E56.4969
G1 X123.675 Y109.614 E56.50262
G1 X124.114 Y109.827 E56.50874
G0 F7200 X124.114 Y110.027
G0 X124.076 Y110.027
G0 X124.014 Y110.026
G0 X127.02 Y110.021
G0 X128.234 Y110.002
G0 X128.324 Y110.07
G1 F1800 X127.885 Y110.283 E56.51486
G1 X127.886 Y109.827 E56.52058
G1 X128.325 Y109.614 E56.5267
G1 X128.324 Y110.07 E56.53241
G0 F7200 X128.144 Y110.157
G0 X128.14 Y110.148
G1 F1500 E50.03241
G0 F7200 X128.103 Y110.066
G0 X128.315 Y112.63
G1 F1500 E56.53241
G0 F7200 X128.324 Y113.07
G1 F1800 X127.885 Y113.283 E56.53853
G1 X127.886 Y112.827 E56.54425
G1 X128.325 Y112.614 E56.55037
G1 X128.324 Y113.07 E56.55609
G0 F7200 X128.144 Y113.157
G0 X128.14 Y113.148
G0 X128.103 Y113.066
G0 X128.315 Y115.63
G0 X128.324 Y116.07
G1 F1800 X127.885 Y116.283 E56.56221
G1 X127.886 Y115.827 E56.56793
G1 X128.325 Y115.614 E56.57405
G1 X128.324 Y116.07 E56.57976
G0 F7200 X128.144 Y116.157
G0 X128.14 Y116.148
G1 F1500 E50.07976
G0 F7200 X128.103 Y116.066
G0 X128.315 Y118.63
G1 F1500 E56.57976
G0 F7200 X128.325 Y119.069
G1 F1800 X127.886 Y119.283 E56.58589
G1 X127.885 Y118.828 E56.59159
G1 X128.325 Y118.614 E56.59773
G1 X128.325 Y119.069 E56.60344
G0 F7200 X128.146 Y119.156
G0 X128.142 Y119.147
G0 X128.105 Y119.066
G0 X129.19 Y118.88
G0 X130.81 Y118.889
G0 X132.014 Y118.88
G0 X132.114 Y118.827
G1 F1800 X132.114 Y119.282 E56.60914
G1 X131.675 Y119.069 E56.61526
G1 X131.676 Y118.614 E56.62097
G1 X132.114 Y118.827 E56.62707
G0 F7200 X132.114 Y119.027
G0 X132.075 Y119.027
G1 F1500 E50.12707
G0 F7200 X132.014 Y119.027
G0 X132.105 Y116.267
G1 F1500 E56.62707
G0 F7200 X132.114 Y115.827
G1 F1800 X132.115 Y116.283 E56.63279
G1 X131.676 Y116.07 E56.63891
G1 X131.675 Y115.614 E56.64463
G1 X132.114 Y115.827 E56.65075
G0 F7200 X132.114 Y116.027
G0 X132.076 Y116.027
G0 X132.014 Y116.026
G0 X132.105 Y113.267
G0 X132.114 Y112.827
G1 F1800 X132.115 Y113.283 E56.65647
G1 X131.676 Y113.07 E56.66259
G1 X131.675 Y112.614 E56.6683
G1 X132.114 Y112.827 E56.67442
G0 F7200 X132.114 Y113.027
G0 X132.076 Y113.027
G0 X132.014 Y113.026
G0 X132.105 Y110.267
G0 X132.114 Y109.827
G1 F1800 X132.115 Y110.283 E56.68014
G1 X131.676 Y110.07 E56.68626
G1 X131.675 Y109.614 E56.69198
G1 X132.114 Y109.827 E56.6981
G0 F7200 X132.114 Y110.027
G0 X132.076 Y110.027
G1 F1500 E50.1981
;MESH:NONMESH
G0 F600 X132.076 Y110.027 Z11.6
G0 F7200 X132.014 Y110.026
G0 X130.811 Y109.926
G0 X129.172 Y108.262
G0 X114.828 Y108.262
G0 X113.19 Y109.881
G1 F1500 E56.6981
G0 F7200 X112.535 Y109.968
;TIME_ELAPSED:622.183251
;LAYER:57
;TYPE:WALL-OUTER
;MESH:output_v2\B_media_suporte.stl
G1 F1800 X112.096 Y110.181 E56.70422
G1 X112.096 Y109.725 E56.70994
G1 X112.534 Y109.513 E56.71604
G1 X112.535 Y109.968 E56.72174
G0 F7200 X112.355 Y110.055
G0 X112.351 Y110.046
G0 X112.314 Y109.964
G0 X112.524 Y112.529
G0 X112.535 Y112.968
G1 F1800 X112.096 Y113.181 E56.72786
G1 X112.096 Y112.725 E56.73358
G1 X112.534 Y112.513 E56.73968
G1 X112.535 Y112.968 E56.74539
G0 F7200 X112.355 Y113.055
G0 X112.351 Y113.046
G1 F1500 E50.24539
G0 F7200 X112.314 Y112.964
G0 X112.524 Y115.529
G1 F1500 E56.74539
G0 F7200 X112.535 Y115.968
G1 F1800 X112.096 Y116.181 E56.75151
G1 X112.096 Y115.725 E56.75723
G1 X112.534 Y115.513 E56.76333
G1 X112.535 Y115.968 E56.76904
G0 F7200 X112.355 Y116.055
G0 X112.351 Y116.046
G0 X112.314 Y115.964
G0 X112.524 Y118.529
G0 X112.535 Y118.968
G1 F1800 X112.096 Y119.181 E56.77515
G1 X112.095 Y118.726 E56.78086
G1 X112.534 Y118.513 E56.78698
G1 X112.535 Y118.968 E56.79269
G0 F7200 X112.355 Y119.055
G0 X112.351 Y119.046
G0 X112.314 Y118.964
G0 X109.499 Y119.414
G0 X109.513 Y119.9
G1 F1800 X109.109 Y119.9 E56.79775
G1 X109.108 Y119.4 E56.80402
G1 X109.513 Y119.4 E56.8091
G1 X109.513 Y119.9 E56.81537
G0 F7200 X109.313 Y119.9
G0 X109.313 Y119.8
G1 F1500 E50.31537
G0 F7200 X110.378 Y119.414
G0 X111.251 Y120.53
G0 X114.601 Y118.961
G0 X115.804 Y118.778
G1 F1500 E56.81537
G0 F7200 X115.904 Y118.725
G1 F1800 X115.904 Y119.181 E56.82109
G1 X115.466 Y118.97 E56.82719
G1 X115.465 Y118.512 E56.83293
G1 X115.904 Y118.725 E56.83905
G0 F7200 X115.904 Y118.925
G0 X115.866 Y118.926
G0 X115.804 Y118.926
G0 X115.895 Y116.166
G0 X115.904 Y115.725
G1 F1800 X115.905 Y116.182 E56.84478
G1 X115.466 Y115.97 E56.85089
G1 X115.465 Y115.512 E56.85664
G1 X115.904 Y115.725 E56.86276
G0 F7200 X115.904 Y115.925
G0 X115.866 Y115.925
G0 X115.804 Y115.924
G0 X115.895 Y113.166
G0 X115.904 Y112.725
G1 F1800 X115.905 Y113.182 E56.86849
G1 X115.466 Y112.97 E56.8746
G1 X115.465 Y112.512 E56.88034
G1 X115.904 Y112.725 E56.88646
G0 F7200 X115.904 Y112.925
G0 X115.866 Y112.925
G0 X115.804 Y112.924
G0 X115.895 Y110.166
G0 X115.904 Y109.725
G1 F1800 X115.905 Y110.182 E56.89219
G1 X115.466 Y109.97 E56.89831
G1 X115.465 Y109.512 E56.90405
G1 X115.904 Y109.725 E56.91017
G0 F7200 X115.904 Y109.925
G0 X115.866 Y109.925
G0 X115.804 Y109.924
G0 X119.231 Y109.923
G0 X120.434 Y109.914
G0 X120.535 Y109.968
G1 F1800 X120.096 Y110.181 E56.91629
G1 X120.096 Y109.725 E56.92201
G1 X120.534 Y109.513 E56.92811
G1 X120.535 Y109.968 E56.93382
G0 F7200 X120.355 Y110.055
G0 X120.351 Y110.046
G0 X120.314 Y109.964
G0 X120.524 Y112.529
G0 X120.535 Y112.968
G1 F1800 X120.096 Y113.181 E56.93993
G1 X120.096 Y112.725 E56.94565
G1 X120.534 Y112.513 E56.95175
G1 X120.535 Y112.968 E56.95746
G0 F7200 X120.355 Y113.055
G0 X120.351 Y113.046
G0 X120.314 Y112.964
G0 X120.524 Y115.529
G0 X120.535 Y115.968
G1 F1800 X120.096 Y116.181 E56.96358
G1 X120.096 Y115.725 E56.9693
G1 X120.534 Y115.513 E56.9754
G1 X120.535 Y115.968 E56.98111
G0 F7200 X120.355 Y116.055
G0 X120.351 Y116.046
G0 X120.314 Y115.964
G0 X120.524 Y118.529
G0 X120.535 Y118.968
G1 F1800 X120.096 Y119.181 E56.98723
G1 X120.095 Y118.726 E56.99293
G1 X120.534 Y118.513 E56.99905
G1 X120.535 Y118.968 E57.00476
G0 F7200 X120.355 Y119.055
G0 X120.351 Y119.046
G1 F1500 E50.50476
G0 F7200 X120.314 Y118.964
G0 X121.399 Y118.784
G0 X122.601 Y118.78
G0 X123.804 Y118.778
G1 F1500 E57.00476
G0 F7200 X123.904 Y118.725
G1 F1800 X123.904 Y119.181 E57.01047
G1 X123.466 Y118.97 E57.01657
G1 X123.465 Y118.512 E57.02231
G1 X123.904 Y118.725 E57.02843
G0 F7200 X123.904 Y118.925
G0 X123.866 Y118.926
G0 X123.804 Y118.926
G0 X123.895 Y116.166
G0 X123.904 Y115.725
G1 F1800 X123.905 Y116.182 E57.03416
G1 X123.466 Y115.97 E57.04028
G1 X123.465 Y115.512 E57.04602
G1 X123.904 Y115.725 E57.05214
G0 F7200 X123.904 Y115.925
G0 X123.866 Y115.925
G0 X123.804 Y115.924
G0 X123.895 Y113.166
G0 X123.904 Y112.725
G1 F1800 X123.905 Y113.182 E57.05787
G1 X123.466 Y112.97 E57.06399
G1 X123.465 Y112.512 E57.06973
G1 X123.904 Y112.725 E57.07585
G0 F7200 X123.904 Y112.925
G0 X123.866 Y112.925
G0 X123.804 Y112.924
G0 X123.895 Y110.166
G0 X123.904 Y109.725
G1 F1800 X123.905 Y110.182 E57.08158
G1 X123.466 Y109.97 E57.08769
G1 X123.465 Y109.512 E57.09344
G1 X123.904 Y109.725 E57.09955
G0 F7200 X123.904 Y109.925
G0 X123.866 Y109.925
G0 X123.804 Y109.924
G0 X127.231 Y109.923
G0 X128.434 Y109.914
G0 X128.535 Y109.968
G1 F1800 X128.096 Y110.181 E57.10567
G1 X128.096 Y109.725 E57.11139
G1 X128.534 Y109.513 E57.11749
G1 X128.535 Y109.968 E57.1232
G0 F7200 X128.355 Y110.055
G0 X128.351 Y110.046
G0 X128.314 Y109.964
G0 X128.524 Y112.529
G0 X128.535 Y112.968
G1 F1800 X128.096 Y113.181 E57.12932
G1 X128.096 Y112.725 E57.13504
G1 X128.534 Y112.513 E57.14114
G1 X128.535 Y112.968 E57.14685
G0 F7200 X128.355 Y113.055
G0 X128.351 Y113.046
G0 X128.314 Y112.964
G0 X128.524 Y115.529
G0 X128.535 Y115.968
G1 F1800 X128.096 Y116.181 E57.15296
G1 X128.096 Y115.725 E57.15868
G1 X128.534 Y115.513 E57.16479
G1 X128.535 Y115.968 E57.17049
G0 F7200 X128.355 Y116.055
G0 X128.351 Y116.046
G0 X128.314 Y115.964
G0 X128.524 Y118.529
G0 X128.535 Y118.968
G1 F1800 X128.096 Y119.181 E57.17661
G1 X128.095 Y118.726 E57.18232
G1 X128.534 Y118.513 E57.18844
G1 X128.535 Y118.968 E57.19414
G0 F7200 X128.355 Y119.055
G0 X128.351 Y119.046
G1 F1500 E50.69414
G0 F7200 X128.314 Y118.964
G0 X129.399 Y118.784
G0 X130.601 Y118.78
G0 X131.804 Y118.778
G1 F1500 E57.19414
G0 F7200 X131.904 Y118.725
G1 F1800 X131.904 Y119.181 E57.19986
G1 X131.466 Y118.97 E57.20596
G1 X131.465 Y118.512 E57.2117
G1 X131.904 Y118.725 E57.21782
G0 F7200 X131.904 Y118.925
G0 X131.866 Y118.926
G1 F1500 E50.71782
G0 F7200 X131.804 Y118.926
G0 X131.895 Y116.166
G1 F1500 E57.21782
G0 F7200 X131.904 Y115.725
G1 F1800 X131.905 Y116.182 E57.22355
G1 X131.466 Y115.97 E57.22966
G1 X131.465 Y115.512 E57.23541
G1 X131.904 Y115.725 E57.24153
G0 F7200 X131.904 Y115.925
G0 X131.866 Y115.925
G1 F1500 E50.74153
G0 F7200 X131.804 Y115.924
G0 X131.895 Y113.166
G1 F1500 E57.24153
G0 F7200 X131.904 Y112.725
G1 F1800 X131.905 Y113.182 E57.24726
G1 X131.466 Y112.97 E57.25337
G1 X131.465 Y112.512 E57.25911
G1 X131.904 Y112.725 E57.26523
G0 F7200 X131.904 Y112.925
G0 X131.866 Y112.925
G1 F1500 E50.76523
G0 F7200 X131.804 Y112.924
G0 X131.895 Y110.166
G1 F1500 E57.26523
G0 F7200 X131.904 Y109.725
G1 F1800 X131.905 Y110.182 E57.27096
G1 X131.466 Y109.97 E57.27708
G1 X131.465 Y109.512 E57.28282
G1 X131.904 Y109.725 E57.28894
G0 F7200 X131.904 Y109.925
G0 X131.866 Y109.925
;MESH:NONMESH
G0 F600 X131.866 Y109.925 Z11.8
G0 F7200 X131.804 Y109.924
G0 X130.601 Y109.869
G0 X129.38 Y108.257
G0 X124.768 Y109.898
G0 X124.752 Y111.531
G0 X120.97 Y110.717
G0 X119.25 Y111.531
G0 X116.752 Y111.531
G0 X113.399 Y109.957
G0 X112.62 Y109.926
;TIME_ELAPSED:629.833191
;LAYER:58
;TYPE:WALL-OUTER
;MESH:output_v2\B_media_suporte.stl
G1 F1800 X112.306 Y110.079 E57.29332
G1 X112.306 Y109.623 E57.29904
G1 X112.744 Y109.411 E57.30514
G1 X112.745 Y109.878 E57.311
G1 X112.62 Y109.926 E57.31268
G0 F7200 X112.441 Y110.013
G0 X112.706 Y109.654
G1 F1500 E50.81268
G0 F7200 X112.644 Y109.653
G0 X115.256 Y109.862
G1 F1500 E57.31268
G0 F7200 X115.38 Y109.926
G1 F1800 X115.256 Y109.878 E57.31434
G1 X115.255 Y109.411 E57.3202
G1 X115.694 Y109.623 E57.32377
G1 X115.695 Y110.079 E57.32929
G1 X115.38 Y109.926 E57.33107
G0 F7200 X115.256 Y109.878
G0 X115.256 Y109.81
G0 X115.294 Y109.81
G1 F1500 E50.83107
G0 F7200 X115.357 Y109.81
G0 X115.265 Y112.427
G1 F1500 E57.33107
G0 F7200 X115.38 Y112.926
G1 F1800 X115.256 Y112.878 E57.33273
G1 X115.255 Y112.411 E57.33859
G1 X115.694 Y112.623 E57.34217
G1 X115.695 Y113.079 E57.34768
G1 X115.38 Y112.926 E57.34946
G0 F7200 X115.256 Y112.878
G0 X115.256 Y112.81
G0 X115.294 Y112.81
G1 F1500 E50.84946
G0 F7200 X115.357 Y112.81
G0 X112.729 Y112.867
G1 F1500 E57.34946
G0 F7200 X112.62 Y112.926
G1 F1800 X112.306 Y113.079 E57.35384
G1 X112.306 Y112.623 E57.35956
G1 X112.744 Y112.411 E57.36566
G1 X112.745 Y112.878 E57.37151
G1 X112.62 Y112.926 E57.37319
G0 F7200 X112.441 Y113.013
G0 X112.706 Y112.654
G1 F1500 E50.87319
G0 F7200 X112.644 Y112.653
G0 X112.734 Y115.427
G1 F1500 E57.37319
G0 F7200 X112.62 Y115.926
G1 F1800 X112.306 Y116.079 E57.37757
G1 X112.306 Y115.623 E57.38329
G1 X112.744 Y115.411 E57.38939
G1 X112.745 Y115.878 E57.39525
G1 X112.62 Y115.926 E57.39693
G0 F7200 X112.441 Y116.013
G0 X112.706 Y115.654
G1 F1500 E50.89693
G0 F7200 X112.644 Y115.653
G0 X115.256 Y115.862
G1 F1500 E57.39693
G0 F7200 X115.38 Y115.926
G1 F1800 X115.256 Y115.878 E57.3986
G1 X115.255 Y115.411 E57.40445
G1 X115.694 Y115.623 E57.40803
G1 X115.695 Y116.079 E57.41354
G1 X115.38 Y115.926 E57.41532
G0 F7200 X115.256 Y115.878
G0 X115.256 Y115.81
G0 X115.294 Y115.81
G1 F1500 E50.91532
G0 F7200 X115.357 Y115.81
G0 X115.265 Y118.427
G1 F1500 E57.41532
G0 F7200 X115.38 Y118.926
G1 F1800 X115.256 Y118.878 E57.41699
G1 X115.255 Y118.411 E57.42284
G1 X115.694 Y118.623 E57.42642
G1 X115.694 Y119.079 E57.43193
G1 X115.38 Y118.926 E57.4337
G0 F7200 X115.256 Y118.878
G0 X115.256 Y118.81
G0 X115.294 Y118.811
G0 X115.357 Y118.811
G0 X112.729 Y118.867
G0 X112.62 Y118.926
G1 F1800 X112.306 Y119.079 E57.43808
G1 X112.305 Y118.624 E57.44379
G1 X112.744 Y118.411 E57.4499
G1 X112.745 Y118.878 E57.45576
G1 X112.62 Y118.926 E57.45744
G0 F7200 X112.441 Y119.013
G0 X112.706 Y118.654
G1 F1500 E50.95744
G0 F7200 X112.644 Y118.653
G0 X111.441 Y119.064
G0 X110.352 Y119.412
G0 X109.387 Y119.829
G1 F1500 E57.45744
G0 F7200 X109.488 Y119.9
G1 F1800 X109.083 Y119.9 E57.46252
G1 X109.083 Y119.4 E57.46879
G1 X109.487 Y119.4 E57.47385
G1 X109.488 Y119.9 E57.48013
G0 F7200 X109.288 Y119.9
G0 X109.288 Y119.8
G1 F1500 E50.98013
G0 F7200 X110.352 Y119.412
G0 X111.461 Y120.428
G0 X116.54 Y120.429
G0 X119.441 Y119.064
G0 X120.581 Y118.835
G1 F1500 E57.48013
G0 F7200 X120.62 Y118.926
G1 F1800 X120.306 Y119.079 E57.48451
G1 X120.305 Y118.624 E57.49021
G1 X120.744 Y118.411 E57.49633
G1 X120.745 Y118.878 E57.50219
G1 X120.62 Y118.926 E57.50387
G0 F7200 X120.441 Y119.013
G0 X120.706 Y118.654
G1 F1500 E51.00387
G0 F7200 X120.644 Y118.653
G0 X123.256 Y118.862
G1 F1500 E57.50387
G0 F7200 X123.38 Y118.926
G1 F1800 X123.256 Y118.878 E57.50553
G1 X123.255 Y118.411 E57.51139
G1 X123.694 Y118.623 E57.51496
G1 X123.694 Y119.079 E57.52048
G1 X123.38 Y118.926 E57.52224
G0 F7200 X123.256 Y118.878
G0 X123.256 Y118.81
G0 X123.294 Y118.811
G0 X123.357 Y118.811
G0 X123.685 Y116.063
G0 X123.38 Y115.926
G1 F1800 X123.256 Y115.878 E57.52391
G1 X123.255 Y115.411 E57.52977
G1 X123.694 Y115.623 E57.53334
G1 X123.695 Y116.079 E57.53886
G1 X123.38 Y115.926 E57.54063
G0 F7200 X123.256 Y115.878
G0 X123.256 Y115.81
G0 X123.294 Y115.81
G1 F1500 E51.04063
G0 F7200 X123.357 Y115.81
G0 X120.729 Y115.867
G1 F1500 E57.54063
G0 F7200 X120.62 Y115.926
G1 F1800 X120.306 Y116.079 E57.54501
G1 X120.306 Y115.623 E57.55073
G1 X120.744 Y115.411 E57.55684
G1 X120.745 Y115.878 E57.56269
G1 X120.62 Y115.926 E57.56437
G0 F7200 X120.441 Y116.013
G0 X120.706 Y115.654
G0 X120.644 Y115.653
G0 X120.316 Y113.063
G0 X120.62 Y112.926
G1 F1800 X120.306 Y113.079 E57.56875
G1 X120.306 Y112.623 E57.57447
G1 X120.744 Y112.411 E57.58057
G1 X120.745 Y112.878 E57.58643
G1 X120.62 Y112.926 E57.58811
G0 F7200 X120.441 Y113.013
G0 X120.706 Y112.654
G0 X120.644 Y112.653
G0 X123.256 Y112.835
G0 X123.38 Y112.926
G1 F1800 X123.256 Y112.878 E57.58977
G1 X123.255 Y112.411 E57.59563
G1 X123.694 Y112.623 E57.59921
G1 X123.695 Y113.079 E57.60472
G1 X123.38 Y112.926 E57.6065
G0 F7200 X123.256 Y112.878
G0 X123.256 Y112.81
G0 X123.294 Y112.81
G0 X123.357 Y112.81
G0 X123.685 Y110.063
G0 X123.38 Y109.926
G1 F1800 X123.256 Y109.878 E57.60817
G1 X123.255 Y109.411 E57.61402
G1 X123.694 Y109.623 E57.6176
G1 X123.695 Y110.079 E57.62311
G1 X123.38 Y109.926 E57.62489
G0 F7200 X123.256 Y109.878
G0 X123.256 Y109.81
G0 X123.294 Y109.81
G0 X123.357 Y109.81
G0 X120.729 Y109.867
G0 X120.62 Y109.926
G1 F1800 X120.306 Y110.079 E57.62927
G1 X120.306 Y109.623 E57.63499
G1 X120.744 Y109.411 E57.64109
G1 X120.745 Y109.878 E57.64695
G1 X120.62 Y109.926 E57.64862
G0 F7200 X120.441 Y110.013
G0 X120.706 Y109.654
G0 X120.644 Y109.653
G0 X122.399 Y110.467
G0 X124.542 Y111.431
G0 X127.441 Y109.867
G0 X128.581 Y109.835
G0 X128.62 Y109.926
G1 F1800 X128.306 Y110.079 E57.653
G1 X128.306 Y109.623 E57.65872
G1 X128.744 Y109.411 E57.66483
G1 X128.745 Y109.878 E57.67068
G1 X128.62 Y109.926 E57.67236
G0 F7200 X128.441 Y110.013
G0 X128.706 Y109.654
G0 X128.644 Y109.653
G0 X131.256 Y109.862
G0 X131.38 Y109.926
G1 F1800 X131.256 Y109.878 E57.67403
G1 X131.255 Y109.411 E57.67988
G1 X131.694 Y109.623 E57.68346
G1 X131.695 Y110.079 E57.68897
G1 X131.38 Y109.926 E57.69075
G0 F7200 X131.256 Y109.878
G0 X131.256 Y109.81
G0 X131.294 Y109.81
G1 F1500 E51.19075
G0 F7200 X131.357 Y109.81
G0 X131.265 Y112.427
G1 F1500 E57.69075
G0 F7200 X131.38 Y112.926
G1 F1800 X131.256 Y112.878 E57.69242
G1 X131.255 Y112.411 E57.69828
G1 X131.694 Y112.623 E57.70185
G1 X131.695 Y113.079 E57.70737
G1 X131.38 Y112.926 E57.70914
G0 F7200 X131.256 Y112.878
G0 X131.256 Y112.81
G0 X131.294 Y112.81
G1 F1500 E51.20914
G0 F7200 X131.357 Y112.81
G0 X128.729 Y112.867
G1 F1500 E57.70914
G0 F7200 X128.62 Y112.926
G1 F1800 X128.306 Y113.079 E57.71352
G1 X128.306 Y112.623 E57.71924
G1 X128.744 Y112.411 E57.72534
G1 X128.745 Y112.878 E57.7312
G1 X128.62 Y112.926 E57.73288
G0 F7200 X128.441 Y113.013
G0 X128.706 Y112.654
G1 F1500 E51.23288
G0 F7200 X128.644 Y112.653
G0 X128.734 Y115.427
G1 F1500 E57.73288
G0 F7200 X128.62 Y115.926
G1 F1800 X128.306 Y116.079 E57.73726
G1 X128.306 Y115.623 E57.74298
G1 X128.744 Y115.411 E57.74908
G1 X128.745 Y115.878 E57.75494
G1 X128.62 Y115.926 E57.75662
G0 F7200 X128.441 Y116.013
G0 X128.706 Y115.654
G1 F1500 E51.25662
G0 F7200 X128.644 Y115.653
G0 X131.256 Y115.862
G1 F1500 E57.75662
G0 F7200 X131.38 Y115.926
G1 F1800 X131.256 Y115.878 E57.75828
G1 X131.255 Y115.411 E57.76414
G1 X131.694 Y115.623 E57.76771
G1 X131.695 Y116.079 E57.77323
G1 X131.38 Y115.926 E57.77501
G0 F7200 X131.256 Y115.878
G0 X131.256 Y115.81
G0 X131.294 Y115.81
G1 F1500 E51.27501
G0 F7200 X131.357 Y115.81
G0 X131.265 Y118.427
G1 F1500 E57.77501
G0 F7200 X131.38 Y118.926
G1 F1800 X131.256 Y118.878 E57.77667
G1 X131.255 Y118.411 E57.78253
G1 X131.694 Y118.623 E57.7861
G1 X131.694 Y119.079 E57.79161
G1 X131.38 Y118.926 E57.79338
G0 F7200 X131.256 Y118.878
G0 X131.256 Y118.81
G0 X131.294 Y118.811
G0 X131.357 Y118.811
G0 X128.729 Y118.867
G0 X128.62 Y118.926
G1 F1800 X128.306 Y119.079 E57.79776
G1 X128.305 Y118.624 E57.80347
G1 X128.744 Y118.411 E57.80959
G1 X128.745 Y118.878 E57.81545
G1 X128.62 Y118.926 E57.81712
G0 F7200 X128.441 Y119.013
G0 X128.706 Y118.654
G1 F1500 E51.31712
;MESH:NONMESH
G0 F600 X128.706 Y118.654 Z12
G0 F7200 X128.644 Y118.653
G0 X127.441 Y118.635
G0 X124.542 Y117.431
G0 X122.399 Y116.467
G0 X121.59 Y114.174
G0 X119.46 Y114.429
G0 X114.697 Y110.555
G0 X113.609 Y109.866
G0 X112.581 Y109.835
G1 F1500 E57.81712
G0 F7200 X112.62 Y109.926
;TIME_ELAPSED:642.493257
;LAYER:59
;TYPE:WALL-OUTER
;MESH:output_v2\B_media_suporte.stl
G1 F1800 X112.516 Y109.977 E57.81858
G1 X112.516 Y109.521 E57.8243
G1 X112.775 Y109.396 E57.8279
G1 X112.954 Y109.327 E57.83031
G1 X112.955 Y109.798 E57.83621
G1 X112.62 Y109.926 E57.84071
G0 F7200 X112.516 Y109.977
G0 X112.516 Y109.892
G0 X112.747 Y109.448
G1 F1500 E51.34071
G0 F7200 X112.773 Y109.508
G0 X115.062 Y109.787
G1 F1500 E57.84071
G0 F7200 X115.38 Y109.926
G1 F1800 X115.046 Y109.798 E57.8452
G1 X115.045 Y109.327 E57.8511
G1 X115.225 Y109.396 E57.85352
G1 X115.484 Y109.521 E57.85713
G1 X115.485 Y109.977 E57.86285
G1 X115.38 Y109.926 E57.86431
G0 F7200 X115.193 Y109.855
G0 X115.175 Y109.815
G1 F1500 E51.36431
G0 F7200 X115.2 Y109.751
G0 X115.056 Y112.343
G1 F1500 E57.86431
G0 F7200 X115.38 Y112.926
G1 F1800 X115.046 Y112.798 E57.8688
G1 X115.045 Y112.327 E57.8747
G1 X115.225 Y112.396 E57.87712
G1 X115.484 Y112.521 E57.88073
G1 X115.485 Y112.977 E57.88644
G1 X115.38 Y112.926 E57.88791
G0 F7200 X115.193 Y112.855
G0 X115.175 Y112.815
G0 X115.2 Y112.751
G0 X112.939 Y112.787
G0 X112.62 Y112.926
G1 F1800 X112.516 Y112.977 E57.88936
G1 X112.516 Y112.521 E57.89508
G1 X112.775 Y112.396 E57.89869
G1 X112.954 Y112.327 E57.90109
G1 X112.955 Y112.798 E57.907
G1 X112.62 Y112.926 E57.91149
G0 F7200 X112.516 Y112.977
G0 X112.516 Y112.892
G0 X112.747 Y112.448
G1 F1500 E51.41149
G0 F7200 X112.773 Y112.508
G0 X112.943 Y115.343
G1 F1500 E57.91149
G0 F7200 X112.62 Y115.926
G1 F1800 X112.516 Y115.977 E57.91295
G1 X112.516 Y115.521 E57.91867
G1 X112.775 Y115.396 E57.92227
G1 X112.954 Y115.327 E57.92468
G1 X112.955 Y115.798 E57.93058
G1 X112.62 Y115.926 E57.93508
G0 F7200 X112.516 Y115.977
G0 X112.516 Y115.892
G0 X112.747 Y115.448
G1 F1500 E51.43508
G0 F7200 X112.773 Y115.508
G0 X115.062 Y115.787
G1 F1500 E57.93508
G0 F7200 X115.38 Y115.926
G1 F1800 X115.046 Y115.798 E57.93957
G1 X115.045 Y115.327 E57.94547
G1 X115.225 Y115.396 E57.94789
G1 X115.484 Y115.521 E57.9515
G1 X115.485 Y115.977 E57.95722
G1 X115.38 Y115.926 E57.95868
G0 F7200 X115.193 Y115.855
G0 X115.175 Y115.815
G1 F1500 E51.45868
G0 F7200 X115.2 Y115.751
G0 X115.056 Y118.343
G1 F1500 E57.95868
G0 F7200 X115.38 Y118.926
G1 F1800 X115.046 Y118.798 E57.96317
G1 X115.045 Y118.327 E57.96907
G1 X115.225 Y118.396 E57.97149
G1 X115.484 Y118.521 E57.9751
G1 X115.484 Y118.977 E57.98081
G1 X115.38 Y118.926 E57.98227
G0 F7200 X115.193 Y118.855
G0 X115.175 Y118.815
G1 F1500 E51.48227
G0 F7200 X115.2 Y118.751
G0 X112.939 Y118.787
G1 F1500 E57.98227
G0 F7200 X112.62 Y118.926
G1 F1800 X112.516 Y118.977 E57.98372
G1 X112.515 Y118.522 E57.98943
G1 X112.775 Y118.396 E57.99305
G1 X112.954 Y118.327 E57.99545
G1 X112.955 Y118.798 E58.00136
G1 X112.62 Y118.926 E58.00586
G0 F7200 X112.516 Y118.977
G0 X112.516 Y118.892
G0 X112.747 Y118.449
G1 F1500 E51.50586
G0 F7200 X112.774 Y118.508
G0 X111.651 Y118.961
G0 X110.336 Y119.412
G0 X109.371 Y119.829
G1 F1500 E58.00586
G0 F7200 X109.472 Y119.9
G1 F1800 X109.066 Y119.9 E58.01095
G1 X109.066 Y119.4 E58.01722
G1 X109.471 Y119.4 E58.0223
G1 X109.472 Y119.9 E58.02857
G0 F7200 X109.272 Y119.9
G0 X109.272 Y119.8
G1 F1500 E51.52857
G0 F7200 X110.336 Y119.412
G0 X111.671 Y120.326
G0 X116.33 Y120.326
G0 X119.651 Y118.961
G1 F1500 E58.02857
G0 F7200 X120.62 Y118.926
G1 F1800 X120.516 Y118.977 E58.03002
G1 X120.515 Y118.522 E58.03573
G1 X120.775 Y118.396 E58.03935
G1 X120.954 Y118.327 E58.04176
G1 X120.955 Y118.798 E58.04766
G1 X120.62 Y118.926 E58.05216
G0 F7200 X120.516 Y118.977
G0 X120.516 Y118.892
G0 X120.747 Y118.449
G1 F1500 E51.55216
G0 F7200 X120.774 Y118.508
G0 X123.062 Y118.787
G1 F1500 E58.05216
G0 F7200 X123.38 Y118.926
G1 F1800 X123.046 Y118.798 E58.05665
G1 X123.045 Y118.327 E58.06255
G1 X123.225 Y118.396 E58.06497
G1 X123.484 Y118.521 E58.06858
G1 X123.484 Y118.977 E58.07429
G1 X123.38 Y118.926 E58.07575
G0 F7200 X123.193 Y118.855
G0 X123.175 Y118.815
G1 F1500 E51.57575
G0 F7200 X123.2 Y118.751
G0 X123.475 Y115.961
G1 F1500 E58.07575
G0 F7200 X123.38 Y115.926
G1 F1800 X123.046 Y115.798 E58.08023
G1 X123.045 Y115.327 E58.08614
G1 X123.225 Y115.396 E58.08856
G1 X123.484 Y115.521 E58.09216
G1 X123.485 Y115.977 E58.09788
G1 X123.38 Y115.926 E58.09934
G0 F7200 X123.193 Y115.855
G0 X123.175 Y115.815
G1 F1500 E51.59934
G0 F7200 X123.2 Y115.751
G0 X120.939 Y115.787
G1 F1500 E58.09934
G0 F7200 X120.62 Y115.926
G1 F1800 X120.516 Y115.977 E58.1008
G1 X120.516 Y115.521 E58.10652
G1 X120.775 Y115.396 E58.11012
G1 X120.954 Y115.327 E58.11253
G1 X120.955 Y115.798 E58.11843
G1 X120.62 Y115.926 E58.12293
G0 F7200 X120.516 Y115.977
G0 X120.516 Y115.892
G0 X120.747 Y115.448
G1 F1500 E51.62293
G0 F7200 X120.773 Y115.508
G0 X120.526 Y112.96
G1 F1500 E58.12293
G0 F7200 X120.62 Y112.926
G1 F1800 X120.516 Y112.977 E58.12438
G1 X120.516 Y112.521 E58.1301
G1 X120.775 Y112.396 E58.13371
G1 X120.954 Y112.327 E58.13611
G1 X120.955 Y112.798 E58.14202
G1 X120.62 Y112.926 E58.14652
G0 F7200 X120.516 Y112.977
G0 X120.516 Y112.892
G0 X120.747 Y112.448
G1 F1500 E51.64652
G0 F7200 X120.773 Y112.508
G0 X123.062 Y112.787
G1 F1500 E58.14652
G0 F7200 X123.38 Y112.926
G1 F1800 X123.046 Y112.798 E58.151
G1 X123.045 Y112.327 E58.15691
G1 X123.225 Y112.396 E58.15933
G1 X123.484 Y112.521 E58.16293
G1 X123.485 Y112.977 E58.16865
G1 X123.38 Y112.926 E58.17012
G0 F7200 X123.193 Y112.855
G0 X123.175 Y112.815
G1 F1500 E51.67012
G0 F7200 X123.2 Y112.751
G0 X123.475 Y109.961
G1 F1500 E58.17012
G0 F7200 X123.38 Y109.926
G1 F1800 X123.046 Y109.798 E58.1746
G1 X123.045 Y109.327 E58.18051
G1 X123.225 Y109.396 E58.18293
G1 X123.484 Y109.521 E58.18653
G1 X123.485 Y109.977 E58.19225
G1 X123.38 Y109.926 E58.19371
G0 F7200 X123.193 Y109.855
G0 X123.175 Y109.815
G1 F1500 E51.69371
G0 F7200 X123.2 Y109.751
G0 X120.939 Y109.787
G1 F1500 E58.19371
G0 F7200 X120.62 Y109.926
G1 F1800 X120.516 Y109.977 E58.19517
G1 X120.516 Y109.521 E58.20089
G1 X120.775 Y109.396 E58.20449
G1 X120.954 Y109.327 E58.2069
G1 X120.955 Y109.798 E58.2128
G1 X120.62 Y109.926 E58.2173
G0 F7200 X120.516 Y109.977
G0 X120.516 Y109.892
G0 X120.747 Y109.448
G1 F1500 E51.7173
G0 F7200 X120.773 Y109.508
G0 X121.82 Y109.785
G0 X124.332 Y111.329
G0 X127.651 Y109.787
G1 F1500 E58.2173
G0 F7200 X128.62 Y109.926
G1 F1800 X128.516 Y109.977 E58.21875
G1 X128.516 Y109.521 E58.22447
G1 X128.775 Y109.396 E58.22808
G1 X128.954 Y109.327 E58.23048
G1 X128.955 Y109.798 E58.23639
G1 X128.62 Y109.926 E58.24089
G0 F7200 X128.516 Y109.977
G0 X128.516 Y109.892
G0 X128.747 Y109.448
G1 F1500 E51.74089
G0 F7200 X128.773 Y109.508
G0 X131.062 Y109.787
G1 F1500 E58.24089
G0 F7200 X131.38 Y109.926
G1 F1800 X131.046 Y109.798 E58.24537
G1 X131.045 Y109.327 E58.25128
G1 X131.225 Y109.396 E58.2537
G1 X131.484 Y109.521 E58.2573
G1 X131.485 Y109.977 E58.26302
G1 X131.38 Y109.926 E58.26449
G0 F7200 X131.193 Y109.855
G0 X131.175 Y109.815
G1 F1500 E51.76449
G0 F7200 X131.2 Y109.751
G0 X131.056 Y112.343
G1 F1500 E58.26449
G0 F7200 X131.38 Y112.926
G1 F1800 X131.046 Y112.798 E58.26897
G1 X131.045 Y112.327 E58.27488
G1 X131.225 Y112.396 E58.2773
G1 X131.484 Y112.521 E58.2809
G1 X131.485 Y112.977 E58.28662
G1 X131.38 Y112.926 E58.28809
G0 F7200 X131.193 Y112.855
G0 X131.175 Y112.815
G1 F1500 E51.78809
G0 F7200 X131.2 Y112.751
G0 X128.939 Y112.787
G1 F1500 E58.28809
G0 F7200 X128.62 Y112.926
G1 F1800 X128.516 Y112.977 E58.28954
G1 X128.516 Y112.521 E58.29526
G1 X128.775 Y112.396 E58.29886
G1 X128.954 Y112.327 E58.30127
G1 X128.955 Y112.798 E58.30717
G1 X128.62 Y112.926 E58.31167
G0 F7200 X128.516 Y112.977
G0 X128.516 Y112.892
G0 X128.747 Y112.448
G1 F1500 E51.81167
G0 F7200 X128.773 Y112.508
G0 X128.943 Y115.343
G1 F1500 E58.31167
G0 F7200 X128.62 Y115.926
G1 F1800 X128.516 Y115.977 E58.31312
G1 X128.516 Y115.521 E58.31884
G1 X128.775 Y115.396 E58.32245
G1 X128.954 Y115.327 E58.32486
G1 X128.955 Y115.798 E58.33076
G1 X128.62 Y115.926 E58.33526
G0 F7200 X128.516 Y115.977
G0 X128.516 Y115.892
G0 X128.747 Y115.448
G1 F1500 E51.83526
G0 F7200 X128.773 Y115.508
G0 X131.062 Y115.787
G1 F1500 E58.33526
G0 F7200 X131.38 Y115.926
G1 F1800 X131.046 Y115.798 E58.33974
G1 X131.045 Y115.327 E58.34565
G1 X131.225 Y115.396 E58.34807
G1 X131.484 Y115.521 E58.35167
G1 X131.485 Y115.977 E58.35739
G1 X131.38 Y115.926 E58.35886
G0 F7200 X131.193 Y115.855
G0 X131.175 Y115.815
G1 F1500 E51.85886
G0 F7200 X131.2 Y115.751
G0 X131.056 Y118.343
G1 F1500 E58.35886
G0 F7200 X131.38 Y118.926
G1 F1800 X131.046 Y118.798 E58.36334
G1 X131.045 Y118.327 E58.36925
G1 X131.225 Y118.396 E58.37167
G1 X131.484 Y118.521 E58.37527
G1 X131.484 Y118.977 E58.38099
G1 X131.38 Y118.926 E58.38244
G0 F7200 X131.193 Y118.855
G0 X131.175 Y118.815
G1 F1500 E51.88244
G0 F7200 X131.2 Y118.751
G0 X128.939 Y118.787
G1 F1500 E58.38244
G0 F7200 X128.62 Y118.926
G1 F1800 X128.516 Y118.977 E58.3839
G1 X128.515 Y118.522 E58.3896
G1 X128.775 Y118.396 E58.39323
G1 X128.954 Y118.327 E58.39563
G1 X128.955 Y118.798 E58.40154
G1 X128.62 Y118.926 E58.40604
G0 F7200 X128.516 Y118.977
G0 X128.516 Y118.892
G0 X128.747 Y118.449
G1 F1500 E51.90604
;MESH:NONMESH
G0 F600 X128.747 Y118.449 Z12.2
G0 F7200 X128.774 Y118.508
G0 X127.651 Y118.533
G0 X124.332 Y117.329
G0 X122.191 Y116.45
G0 X121.802 Y114.204
G0 X119.67 Y114.326
G0 X114.191 Y110.45
G0 X112.939 Y109.787
G1 F1500 E58.40604
G0 F7200 X113.038 Y109.766
;TIME_ELAPSED:659.367375
;LAYER:60
;TYPE:WALL-OUTER
;MESH:output_v2\B_media_suporte.stl
G1 F1800 X112.725 Y109.886 E58.41024
G1 X112.725 Y109.42 E58.41608
G1 X112.772 Y109.397 E58.41674
G1 X113.164 Y109.246 E58.42201
G1 X113.165 Y109.731 E58.42809
G1 X113.038 Y109.766 E58.42974
G0 F7200 X112.852 Y109.837
G0 X112.969 Y109.575
;TYPE:SKIN
G1 F1800 X112.936 Y109.542 E58.43003
G0 F7200 X112.881 Y109.398
G1 F1500 E51.93003
G0 F7200 X112.9 Y109.455
G0 X114.836 Y109.671
G1 F1500 E58.43003
G0 F7200 X114.962 Y109.766
;TYPE:WALL-OUTER
G1 F1800 X114.836 Y109.732 E58.43167
G1 X114.835 Y109.246 E58.43776
G1 X115.228 Y109.397 E58.44065
G1 X115.275 Y109.42 E58.44131
G1 X115.276 Y109.886 E58.44715
G1 X114.962 Y109.766 E58.44883
G0 F7200 X114.836 Y109.732
G0 X114.836 Y109.662
G0 X114.875 Y109.662
G1 F1500 E51.94883
G0 F7200 X114.938 Y109.657
G0 X114.846 Y112.262
G1 F1500 E58.44883
G0 F7200 X114.962 Y112.766
G1 F1800 X114.836 Y112.732 E58.45046
G1 X114.835 Y112.246 E58.45656
G1 X115.228 Y112.397 E58.45944
G1 X115.275 Y112.42 E58.4601
G1 X115.276 Y112.886 E58.46594
G1 X114.962 Y112.766 E58.46762
G0 F7200 X114.836 Y112.732
G0 X114.836 Y112.662
G0 X114.875 Y112.662
G1 F1500 E51.96762
G0 F7200 X114.938 Y112.657
G0 X113.164 Y112.671
G1 F1500 E58.46762
G0 F7200 X113.038 Y112.766
G1 F1800 X112.725 Y112.886 E58.47182
G1 X112.725 Y112.42 E58.47766
G1 X112.772 Y112.397 E58.47832
G1 X113.164 Y112.246 E58.48359
G1 X113.165 Y112.731 E58.48967
G1 X113.038 Y112.766 E58.49132
G0 F7200 X112.852 Y112.837
G0 X113.125 Y112.464
G1 F1500 E51.99132
G0 F7200 X113.064 Y112.463
G0 X113.153 Y115.262
G1 F1500 E58.49132
G0 F7200 X113.038 Y115.766
G1 F1800 X112.725 Y115.886 E58.49553
G1 X112.725 Y115.42 E58.50137
G1 X112.772 Y115.397 E58.50203
G1 X113.164 Y115.246 E58.50729
G1 X113.165 Y115.731 E58.51338
G1 X113.038 Y115.766 E58.51503
G0 F7200 X112.852 Y115.837
G0 X113.125 Y115.464
G1 F1500 E52.01503
G0 F7200 X113.064 Y115.463
G0 X114.836 Y115.671
G1 F1500 E58.51503
G0 F7200 X114.962 Y115.766
G1 F1800 X114.836 Y115.732 E58.51667
G1 X114.835 Y115.246 E58.52276
G1 X115.228 Y115.397 E58.52564
G1 X115.275 Y115.42 E58.5263
G1 X115.276 Y115.886 E58.53214
G1 X114.962 Y115.766 E58.53382
G0 F7200 X114.836 Y115.732
G0 X114.836 Y115.662
G0 X114.875 Y115.662
G1 F1500 E52.03382
G0 F7200 X114.938 Y115.657
G0 X114.846 Y118.262
G1 F1500 E58.53382
G0 F7200 X114.962 Y118.766
G1 F1800 X114.836 Y118.732 E58.53546
G1 X114.835 Y118.246 E58.54155
G1 X115.228 Y118.397 E58.54444
G1 X115.275 Y118.42 E58.54509
G1 X115.275 Y118.886 E58.55094
G1 X114.962 Y118.766 E58.5526
G0 F7200 X114.836 Y118.732
G0 X114.836 Y118.662
G0 X114.875 Y118.663
G1 F1500 E52.0526
G0 F7200 X114.939 Y118.657
G0 X113.164 Y118.671
G1 F1500 E58.5526
G0 F7200 X113.038 Y118.766
G1 F1800 X112.725 Y118.886 E58.55681
G1 X112.724 Y118.42 E58.56265
G1 X112.774 Y118.396 E58.56335
G1 X113.164 Y118.246 E58.56859
G1 X113.165 Y118.731 E58.57467
G1 X113.038 Y118.766 E58.57632
G0 F7200 X112.852 Y118.837
G0 X113.125 Y118.464
G0 X113.064 Y118.463
G0 X111.86 Y118.871
G0 X110.32 Y119.412
G0 X109.355 Y119.829
G0 X109.456 Y119.9
G1 F1800 X109.051 Y119.9 E58.5814
G1 X109.051 Y119.4 E58.58767
G1 X109.455 Y119.4 E58.59274
G1 X109.456 Y119.9 E58.59901
G0 F7200 X109.256 Y119.9
G0 X109.256 Y119.8
G0 X110.32 Y119.412
G0 X111.88 Y120.22
G0 X116.121 Y120.22
G0 X119.86 Y118.871
G0 X121.007 Y118.671
G0 X121.038 Y118.766
G1 F1800 X120.725 Y118.886 E58.60321
G1 X120.724 Y118.42 E58.60905
G1 X120.774 Y118.396 E58.60975
G1 X121.164 Y118.246 E58.61499
G1 X121.165 Y118.731 E58.62107
G1 X121.038 Y118.766 E58.62272
G0 F7200 X120.852 Y118.837
G0 X121.125 Y118.464
G0 X121.064 Y118.463
G0 X122.836 Y118.671
G0 X122.962 Y118.766
G1 F1800 X122.836 Y118.732 E58.62436
G1 X122.835 Y118.246 E58.63045
G1 X123.228 Y118.397 E58.63334
G1 X123.275 Y118.42 E58.634
G1 X123.275 Y118.886 E58.63984
G1 X122.962 Y118.766 E58.64151
G0 F7200 X122.836 Y118.732
G0 X122.836 Y118.662
G0 X122.875 Y118.663
G0 X122.939 Y118.657
G0 X123.265 Y115.87
G0 X122.962 Y115.766
G1 F1800 X122.836 Y115.732 E58.64314
G1 X122.835 Y115.246 E58.64924
G1 X123.228 Y115.397 E58.65212
G1 X123.275 Y115.42 E58.65278
G1 X123.276 Y115.886 E58.65862
G1 X122.962 Y115.766 E58.6603
G0 F7200 X122.836 Y115.732
G0 X122.836 Y115.662
G0 X122.875 Y115.662
G0 X122.938 Y115.657
G0 X121.164 Y115.671
G0 X121.038 Y115.766
G1 F1800 X120.725 Y115.886 E58.6645
G1 X120.725 Y115.42 E58.67035
G1 X120.772 Y115.397 E58.671
G1 X121.164 Y115.246 E58.67627
G1 X121.165 Y115.731 E58.68235
G1 X121.038 Y115.766 E58.684
G0 F7200 X120.852 Y115.837
G0 X120.96 Y115.586
;TYPE:SKIN
G1 F1800 X120.922 Y115.548 E58.68434
G0 F7200 X120.866 Y115.404
G1 F1500 E52.18434
G0 F7200 X120.885 Y115.46
G0 X120.736 Y112.87
G1 F1500 E58.68434
G0 F7200 X121.038 Y112.766
;TYPE:WALL-OUTER
G1 F1800 X120.725 Y112.886 E58.68854
G1 X120.725 Y112.42 E58.69439
G1 X120.772 Y112.397 E58.69504
G1 X121.164 Y112.246 E58.70031
G1 X121.165 Y112.731 E58.70639
G1 X121.038 Y112.766 E58.70805
G0 F7200 X120.852 Y112.837
G0 X121.125 Y112.464
G0 X121.064 Y112.463
G0 X122.836 Y112.671
G0 X122.962 Y112.766
G1 F1800 X122.836 Y112.732 E58.70968
G1 X122.835 Y112.246 E58.71578
G1 X123.228 Y112.397 E58.71866
G1 X123.275 Y112.42 E58.71932
G1 X123.276 Y112.886 E58.72516
G1 X122.962 Y112.766 E58.72684
G0 F7200 X122.836 Y112.732
G0 X122.836 Y112.662
G0 X123.03 Y112.565
;TYPE:SKIN
G1 F1800 X123.06 Y112.595 E58.7271
G0 F7200 X123.004 Y112.739
G0 X123.025 Y112.684
G0 X123.265 Y109.87
G0 X122.962 Y109.766
;TYPE:WALL-OUTER
G1 F1800 X122.836 Y109.732 E58.72874
G1 X122.835 Y109.246 E58.73484
G1 X123.228 Y109.397 E58.73772
G1 X123.275 Y109.42 E58.73838
G1 X123.276 Y109.886 E58.74422
G1 X122.962 Y109.766 E58.7459
G0 F7200 X122.836 Y109.732
G0 X122.836 Y109.662
G0 X122.875 Y109.662
G1 F1500 E52.2459
G0 F7200 X122.938 Y109.657
G0 X121.164 Y109.671
G1 F1500 E58.7459
G0 F7200 X121.038 Y109.766
G1 F1800 X120.725 Y109.886 E58.7501
G1 X120.725 Y109.42 E58.75594
G1 X120.772 Y109.397 E58.7566
G1 X121.164 Y109.246 E58.76187
G1 X121.165 Y109.731 E58.76795
G1 X121.038 Y109.766 E58.7696
G0 F7200 X120.852 Y109.837
G0 X121.125 Y109.464
G0 X121.064 Y109.463
G0 X127.86 Y109.687
G0 X129.007 Y109.671
G0 X129.038 Y109.766
G1 F1800 X128.725 Y109.886 E58.77381
G1 X128.725 Y109.42 E58.77965
G1 X128.772 Y109.397 E58.78031
G1 X129.164 Y109.246 E58.78557
G1 X129.165 Y109.731 E58.79166
G1 X129.038 Y109.766 E58.79331
G0 F7200 X128.852 Y109.837
G0 X129.125 Y109.464
G0 X129.064 Y109.463
G0 X130.836 Y109.671
G0 X130.962 Y109.766
G1 F1800 X130.836 Y109.732 E58.79494
G1 X130.835 Y109.246 E58.80104
G1 X131.228 Y109.397 E58.80392
G1 X131.275 Y109.42 E58.80458
G1 X131.276 Y109.886 E58.81042
G1 X130.962 Y109.766 E58.8121
G0 F7200 X130.836 Y109.732
G0 X130.836 Y109.662
G0 X131.029 Y109.533
;TYPE:SKIN
G1 F1800 X131.079 Y109.583 E58.81254
G0 F7200 X131.236 Y109.583
G0 X131.175 Y109.582
G0 X130.846 Y112.262
G0 X130.962 Y112.766
;TYPE:WALL-OUTER
G1 F1800 X130.836 Y112.732 E58.81418
G1 X130.835 Y112.246 E58.82027
G1 X131.228 Y112.397 E58.82316
G1 X131.275 Y112.42 E58.82381
G1 X131.276 Y112.886 E58.82966
G1 X130.962 Y112.766 E58.83133
G0 F7200 X130.836 Y112.732
G0 X130.836 Y112.662
G0 X130.875 Y112.662
G0 X130.938 Y112.657
G0 X129.164 Y112.671
G0 X129.038 Y112.766
G1 F1800 X128.725 Y112.886 E58.83554
G1 X128.725 Y112.42 E58.84138
G1 X128.772 Y112.397 E58.84204
G1 X129.164 Y112.246 E58.84731
G1 X129.165 Y112.731 E58.85339
G1 X129.038 Y112.766 E58.85504
G0 F7200 X128.852 Y112.837
G0 X129.125 Y112.464
G0 X129.064 Y112.463
G0 X129.153 Y115.262
G0 X129.038 Y115.766
G1 F1800 X128.725 Y115.886 E58.85924
G1 X128.725 Y115.42 E58.86509
G1 X128.772 Y115.397 E58.86574
G1 X129.164 Y115.246 E58.87101
G1 X129.165 Y115.731 E58.87709
G1 X129.038 Y115.766 E58.87875
G0 F7200 X128.852 Y115.837
G0 X129.125 Y115.464
G0 X129.064 Y115.463
G0 X130.836 Y115.671
G0 X130.962 Y115.766
G1 F1800 X130.836 Y115.732 E58.88038
G1 X130.835 Y115.246 E58.88648
G1 X131.228 Y115.397 E58.88936
G1 X131.275 Y115.42 E58.89002
G1 X131.276 Y115.886 E58.89586
G1 X130.962 Y115.766 E58.89754
G0 F7200 X130.836 Y115.732
G0 X130.836 Y115.662
G0 X130.875 Y115.662
G1 F1500 E52.39754
G0 F7200 X130.938 Y115.657
G0 X130.846 Y118.262
G1 F1500 E58.89754
G0 F7200 X130.962 Y118.766
G1 F1800 X130.836 Y118.732 E58.89917
G1 X130.835 Y118.246 E58.90527
G1 X131.228 Y118.397 E58.90815
G1 X131.275 Y118.42 E58.90881
G1 X131.275 Y118.886 E58.91465
G1 X130.962 Y118.766 E58.91632
G0 F7200 X130.836 Y118.732
G0 X130.836 Y118.662
G0 X130.875 Y118.663
G0 X130.939 Y118.657
G0 X129.164 Y118.671
G0 X129.038 Y118.766
G1 F1800 X128.725 Y118.886 E58.92052
G1 X128.724 Y118.42 E58.92637
G1 X128.774 Y118.396 E58.92706
G1 X129.164 Y118.246 E58.9323
G1 X129.165 Y118.731 E58.93839
G1 X129.038 Y118.766 E58.94004
G0 F7200 X128.852 Y118.837
G0 X129.125 Y118.464
G1 F1500 E52.44004
;MESH:NONMESH
G0 F600 X129.125 Y118.464 Z12.4
G0 F7200 X129.064 Y118.463
G0 X127.86 Y118.431
G0 X124.133 Y114.88
G0 X123.107 Y114.423
G0 X122.012 Y114.139
G0 X119.879 Y114.22
G0 X114.03 Y109.717
G0 X113.007 Y109.671
G1 F1500 E58.94004
G0 F7200 X113.038 Y109.766
;TIME_ELAPSED:669.261502
;LAYER:61
;TYPE:WALL-OUTER
;MESH:output_v2\B_media_suporte.stl
G1 F1800 X112.935 Y109.805 E58.94142
G1 X112.935 Y109.334 E58.94733
G1 X113.166 Y109.245 E58.95043
G1 X113.383 Y109.187 E58.95325
G1 X113.384 Y109.673 E58.95934
G1 X113.038 Y109.766 E58.96383
G0 F7200 X112.935 Y109.805
G0 X112.935 Y109.715
G0 X113.225 Y109.302
G0 X113.23 Y109.331
G0 X114.617 Y109.67
G0 X114.962 Y109.765
G1 F1800 X114.617 Y109.675 E58.96831
G1 X114.616 Y109.187 E58.97443
G1 X114.834 Y109.245 E58.97725
G1 X115.065 Y109.334 E58.98036
G1 X115.066 Y109.805 E58.98627
G1 X114.962 Y109.765 E58.98766
G0 F7200 X114.769 Y109.715
G0 X114.75 Y109.642
G1 F1500 E52.48766
G0 F7200 X114.76 Y109.61
G0 X114.629 Y112.202
G1 F1500 E58.98766
G0 F7200 X114.962 Y112.766
G1 F1800 X114.617 Y112.673 E58.99214
G1 X114.617 Y112.187 E58.99824
G1 X114.834 Y112.245 E59.00105
G1 X115.065 Y112.334 E59.00416
G1 X115.065 Y112.805 E59.01007
G1 X114.962 Y112.766 E59.01145
G0 F7200 X114.769 Y112.714
G0 X114.752 Y112.643
G1 F1500 E52.51145
G0 F7200 X114.762 Y112.609
G0 X113.369 Y112.661
G1 F1500 E59.01145
G0 F7200 X113.038 Y112.766
G1 F1800 X112.935 Y112.805 E59.01283
G1 X112.935 Y112.334 E59.01873
G1 X113.166 Y112.245 E59.02184
G1 X113.383 Y112.187 E59.02466
G1 X113.384 Y112.673 E59.03075
G1 X113.038 Y112.766 E59.03524
G0 F7200 X112.935 Y112.805
G0 X112.935 Y112.715
G0 X113.225 Y112.302
G1 F1500 E52.53524
G0 F7200 X113.23 Y112.331
G0 X113.371 Y115.202
G1 F1500 E59.03524
G0 F7200 X113.038 Y115.766
G1 F1800 X112.935 Y115.805 E59.03662
G1 X112.935 Y115.334 E59.04253
G1 X113.166 Y115.245 E59.04564
G1 X113.383 Y115.187 E59.04845
G1 X113.384 Y115.673 E59.05455
G1 X113.038 Y115.766 E59.05904
G0 F7200 X112.935 Y115.805
G0 X112.935 Y115.715
G0 X113.225 Y115.302
G0 X113.23 Y115.331
G0 X114.617 Y115.659
G0 X114.962 Y115.765
G1 F1800 X114.617 Y115.675 E59.06351
G1 X114.616 Y115.187 E59.06963
G1 X114.834 Y115.245 E59.07246
G1 X115.065 Y115.334 E59.07556
G1 X115.066 Y115.805 E59.08147
G1 X114.962 Y115.765 E59.08287
G0 F7200 X114.769 Y115.715
G0 X114.75 Y115.642
G1 F1500 E52.58287
G0 F7200 X114.76 Y115.61
G0 X114.629 Y118.202
G1 F1500 E59.08287
G0 F7200 X114.962 Y118.766
G1 F1800 X114.617 Y118.673 E59.08735
G1 X114.617 Y118.187 E59.09344
G1 X114.834 Y118.245 E59.09626
G1 X115.065 Y118.334 E59.09936
G1 X115.066 Y118.806 E59.10528
G1 X114.962 Y118.766 E59.10668
G0 F7200 X114.769 Y118.714
G0 X114.819 Y118.525
;TYPE:SKIN
G1 F1800 X114.869 Y118.475 E59.10712
G0 F7200 X115.017 Y118.474
G1 F1500 E52.60712
G0 F7200 X114.965 Y118.473
G0 X113.369 Y118.661
G1 F1500 E59.10712
G0 F7200 X113.038 Y118.766
;TYPE:WALL-OUTER
G1 F1800 X112.935 Y118.805 E59.10851
G1 X112.935 Y118.334 E59.11441
G1 X113.166 Y118.245 E59.11752
G1 X113.383 Y118.187 E59.12033
G1 X113.384 Y118.673 E59.12643
G1 X113.038 Y118.766 E59.13092
G0 F7200 X112.935 Y118.805
G0 X112.935 Y118.715
G0 X113.13 Y118.518
;TYPE:SKIN
G1 F1800 X113.188 Y118.459 E59.13144
G0 F7200 X113.335 Y118.458
G0 X113.283 Y118.457
G0 X112.07 Y118.789
G0 X110.303 Y119.412
G0 X109.338 Y119.829
G0 X109.439 Y119.9
;TYPE:WALL-OUTER
G1 F1800 X109.036 Y119.9 E59.13649
G1 X109.036 Y119.4 E59.14276
G1 X109.438 Y119.4 E59.1478
G1 X109.439 Y119.9 E59.15407
G0 F7200 X109.239 Y119.9
G0 X109.239 Y119.8
G1 F1500 E52.65407
G0 F7200 X110.303 Y119.412
G0 X112.088 Y120.037
G0 X115.914 Y120.04
G0 X120.07 Y118.789
G1 F1500 E59.15407
G0 F7200 X121.038 Y118.766
G1 F1800 X120.935 Y118.805 E59.15546
G1 X120.935 Y118.334 E59.16136
G1 X121.166 Y118.245 E59.16447
G1 X121.383 Y118.187 E59.16728
G1 X121.384 Y118.673 E59.17338
G1 X121.038 Y118.766 E59.17787
G0 F7200 X120.935 Y118.805
G0 X120.935 Y118.715
G0 X121.225 Y118.302
G0 X121.23 Y118.331
G0 X122.617 Y118.659
G0 X122.962 Y118.766
G1 F1800 X122.617 Y118.673 E59.18235
G1 X122.616 Y118.187 E59.18845
G1 X122.834 Y118.245 E59.19128
G1 X123.065 Y118.334 E59.19438
G1 X123.066 Y118.806 E59.2003
G1 X122.962 Y118.766 E59.2017
G0 F7200 X122.769 Y118.714
G0 X122.752 Y118.643
G1 F1500 E52.7017
G0 F7200 X122.762 Y118.609
G0 X123.055 Y115.79
G1 F1500 E59.2017
G0 F7200 X122.962 Y115.766
G1 F1800 X122.617 Y115.673 E59.20618
G1 X122.616 Y115.187 E59.21227
G1 X122.834 Y115.245 E59.2151
G1 X123.065 Y115.334 E59.21821
G1 X123.066 Y115.806 E59.22412
G1 X122.962 Y115.766 E59.22552
G0 F7200 X122.769 Y115.714
G0 X122.752 Y115.643
G1 F1500 E52.72552
G0 F7200 X122.762 Y115.609
G0 X121.369 Y115.661
G1 F1500 E59.22552
G0 F7200 X121.038 Y115.766
G1 F1800 X120.935 Y115.805 E59.2269
G1 X120.935 Y115.334 E59.23281
G1 X121.166 Y115.245 E59.23591
G1 X121.383 Y115.187 E59.23873
G1 X121.384 Y115.673 E59.24483
G1 X121.038 Y115.766 E59.24932
G0 F7200 X120.935 Y115.805
G0 X120.935 Y115.715
G0 X121.225 Y115.302
G0 X121.23 Y115.331
G0 X120.946 Y112.789
G0 X121.038 Y112.766
G1 F1800 X120.935 Y112.805 E59.2507
G1 X120.935 Y112.334 E59.25661
G1 X121.166 Y112.245 E59.25971
G1 X121.383 Y112.187 E59.26253
G1 X121.384 Y112.673 E59.26862
G1 X121.038 Y112.766 E59.27311
G0 F7200 X120.935 Y112.805
G0 X120.935 Y112.715
G0 X121.128 Y112.499
;TYPE:SKIN
G1 F1800 X121.179 Y112.448 E59.27357
G0 F7200 X121.167 Y112.317
G0 X121.178 Y112.348
G0 X122.617 Y112.659
G0 X122.962 Y112.766
;TYPE:WALL-OUTER
G1 F1800 X122.617 Y112.673 E59.27805
G1 X122.616 Y112.187 E59.28414
G1 X122.834 Y112.245 E59.28697
G1 X123.065 Y112.334 E59.29008
G1 X123.065 Y112.805 E59.29598
G1 X122.962 Y112.766 E59.29736
G0 F7200 X122.769 Y112.714
G0 X122.811 Y112.514
;TYPE:SKIN
G1 F1800 X122.86 Y112.464 E59.2978
G0 F7200 X122.875 Y112.329
G0 X122.86 Y112.362
G0 X123.055 Y109.79
G0 X122.962 Y109.766
;TYPE:WALL-OUTER
G1 F1800 X122.617 Y109.673 E59.30228
G1 X122.616 Y109.187 E59.30838
G1 X122.834 Y109.245 E59.31121
G1 X123.065 Y109.334 E59.31431
G1 X123.066 Y109.806 E59.32023
G1 X122.962 Y109.766 E59.32163
G0 F7200 X122.769 Y109.714
G0 X122.752 Y109.643
G0 X122.762 Y109.609
G0 X121.369 Y109.661
G0 X121.038 Y109.766
G1 F1800 X120.935 Y109.805 E59.32301
G1 X120.935 Y109.334 E59.32892
G1 X121.166 Y109.245 E59.33202
G1 X121.383 Y109.187 E59.33484
G1 X121.384 Y109.673 E59.34093
G1 X121.038 Y109.766 E59.34542
G0 F7200 X120.935 Y109.805
G0 X120.935 Y109.715
G0 X121.225 Y109.302
G0 X121.23 Y109.331
G0 X121.648 Y110.498
G0 X123.914 Y111.04
G0 X128.07 Y109.661
G0 X129.038 Y109.766
G1 F1800 X128.935 Y109.805 E59.34681
G1 X128.935 Y109.334 E59.35271
G1 X129.166 Y109.245 E59.35582
G1 X129.383 Y109.187 E59.35863
G1 X129.384 Y109.673 E59.36473
G1 X129.038 Y109.766 E59.36922
G0 F7200 X128.935 Y109.805
G0 X128.935 Y109.715
G0 X129.225 Y109.302
G0 X129.23 Y109.331
G0 X130.617 Y109.659
G0 X130.962 Y109.766
G1 F1800 X130.617 Y109.673 E59.3737
G1 X130.616 Y109.187 E59.3798
G1 X130.834 Y109.245 E59.38262
G1 X131.065 Y109.334 E59.38573
G1 X131.066 Y109.806 E59.39165
G1 X130.962 Y109.766 E59.39305
G0 F7200 X130.769 Y109.714
G0 X130.752 Y109.643
G1 F1500 E52.89305
G0 F7200 X130.762 Y109.609
G0 X130.628 Y112.202
G1 F1500 E59.39305
G0 F7200 X130.962 Y112.766
G1 F1800 X130.617 Y112.673 E59.39753
G1 X130.616 Y112.187 E59.40362
G1 X130.834 Y112.245 E59.40645
G1 X131.065 Y112.334 E59.40955
G1 X131.065 Y112.805 E59.41546
G1 X130.962 Y112.766 E59.41684
G0 F7200 X130.769 Y112.714
G0 X130.752 Y112.643
G0 X130.762 Y112.609
G0 X129.363 Y112.668
G0 X129.038 Y112.766
G1 F1800 X128.935 Y112.805 E59.41822
G1 X128.935 Y112.334 E59.42413
G1 X129.166 Y112.245 E59.42723
G1 X129.383 Y112.187 E59.43005
G1 X129.383 Y112.673 E59.43615
G1 X129.038 Y112.766 E59.44063
G0 F7200 X128.935 Y112.805
G0 X128.935 Y112.715
G0 X129.224 Y112.301
G0 X129.23 Y112.331
G0 X129.371 Y115.202
G0 X129.038 Y115.766
G1 F1800 X128.935 Y115.805 E59.44201
G1 X128.935 Y115.334 E59.44791
G1 X129.166 Y115.245 E59.45102
G1 X129.383 Y115.187 E59.45384
G1 X129.384 Y115.673 E59.45993
G1 X129.038 Y115.766 E59.46442
G0 F7200 X128.935 Y115.805
G0 X128.935 Y115.715
G0 X129.129 Y115.529
;TYPE:SKIN
G1 F1800 X129.188 Y115.47 E59.46495
G0 F7200 X129.335 Y115.469
G0 X129.283 Y115.468
G0 X130.617 Y115.659
G0 X130.962 Y115.766
;TYPE:WALL-OUTER
G1 F1800 X130.617 Y115.673 E59.46943
G1 X130.616 Y115.187 E59.47552
G1 X130.834 Y115.245 E59.47835
G1 X131.065 Y115.334 E59.48145
G1 X131.066 Y115.806 E59.48737
G1 X130.962 Y115.766 E59.48877
G0 F7200 X130.769 Y115.714
G0 X130.827 Y115.528
;TYPE:SKIN
G1 F1800 X130.869 Y115.486 E59.48914
G0 F7200 X131.017 Y115.486
G0 X130.965 Y115.485
G0 X130.628 Y118.202
G0 X130.962 Y118.766
;TYPE:WALL-OUTER
G1 F1800 X130.617 Y118.673 E59.49362
G1 X130.616 Y118.187 E59.49972
G1 X130.834 Y118.245 E59.50255
G1 X131.065 Y118.334 E59.50565
G1 X131.066 Y118.806 E59.51157
G1 X130.962 Y118.766 E59.51297
G0 F7200 X130.769 Y118.714
G0 X130.752 Y118.643
G0 X130.762 Y118.609
G0 X129.363 Y118.668
G0 X129.038 Y118.766
G1 F1800 X128.935 Y118.805 E59.51435
G1 X128.935 Y118.334 E59.52026
G1 X129.166 Y118.245 E59.52336
G1 X129.383 Y118.187 E59.52618
G1 X129.383 Y118.673 E59.53227
G1 X129.038 Y118.766 E59.53675
G0 F7200 X128.935 Y118.805
G0 X128.935 Y118.715
G0 X129.224 Y118.301
;MESH:NONMESH
G0 F600 X129.224 Y118.301 Z12.6
G0 F7200 X129.23 Y118.331
G0 X128.07 Y118.345
G0 X123.922 Y114.744
G0 X122.64 Y114.298
G0 X120.888 Y114.436
G0 X113.648 Y110.498
G0 X113.459 Y109.653
;TIME_ELAPSED:678.088873
;LAYER:62
;TYPE:WALL-OUTER
;MESH:output_v2\B_media_suporte.stl
G1 F1800 X113.145 Y109.737 E59.54083
G1 X113.145 Y109.253 E59.5469
G1 X113.163 Y109.246 E59.54714
G1 X113.536 Y109.146 E59.55198
G1 X113.731 Y109.116 E59.55446
G1 X113.812 Y109.108 E59.55548
G1 X114.092 Y109.102 E59.55899
G1 X114.188 Y109.108 E59.5602
G1 X114.269 Y109.116 E59.56122
G1 X114.464 Y109.146 E59.56369
G1 X114.837 Y109.246 E59.56853
G1 X114.855 Y109.253 E59.56878
G1 X114.856 Y109.737 E59.57485
G1 X114.541 Y109.653 E59.57646
G1 X114.325 Y109.62 E59.5792
G1 X114.216 Y109.609 E59.58058
G1 X114.104 Y109.602 E59.58198
G1 X113.788 Y109.608 E59.58595
G1 X113.675 Y109.62 E59.58737
G1 X113.459 Y109.653 E59.59011
G0 F7200 X113.266 Y109.704
G0 X113.388 Y109.428
;TYPE:SKIN
G1 F1800 X113.623 Y109.38 E59.59104
G1 X114.488 Y109.397 E59.5944
G0 F7200 X114.494 Y109.567
G1 F1500 E53.0944
G0 F7200 X114.499 Y109.546
G0 X113.455 Y109.634
G0 X113.733 Y112.135
G1 F1500 E59.5944
G0 F7200 X113.459 Y112.653
;TYPE:WALL-OUTER
G1 F1800 X113.145 Y112.737 E59.59848
G1 X113.145 Y112.253 E59.60455
G1 X113.163 Y112.246 E59.60479
G1 X113.536 Y112.146 E59.60963
G1 X113.731 Y112.116 E59.61211
G1 X113.812 Y112.108 E59.61313
G1 X114.092 Y112.102 E59.61664
G1 X114.188 Y112.108 E59.61785
G1 X114.269 Y112.116 E59.61887
G1 X114.464 Y112.146 E59.62134
G1 X114.837 Y112.246 E59.62619
G1 X114.855 Y112.253 E59.62643
G1 X114.855 Y112.737 E59.6325
G1 X114.541 Y112.653 E59.63657
G1 X114.325 Y112.62 E59.63931
G1 X114.216 Y112.609 E59.64069
G1 X114.104 Y112.602 E59.64209
G1 X113.788 Y112.608 E59.64606
G1 X113.675 Y112.62 E59.64748
G1 X113.459 Y112.653 E59.65022
G0 F7200 X113.266 Y112.704
G0 X113.53 Y112.398
;TYPE:SKIN
G1 F1800 X113.776 Y112.362 E59.65127
G1 X114.357 Y112.377 E59.65372
G0 F7200 X114.4 Y112.54
G1 F1500 E53.15372
G0 F7200 X114.402 Y112.531
G0 X113.733 Y115.135
G1 F1500 E59.65372
G0 F7200 X113.459 Y115.653
;TYPE:WALL-OUTER
G1 F1800 X113.145 Y115.737 E59.65779
G1 X113.145 Y115.253 E59.66386
G1 X113.163 Y115.246 E59.66411
G1 X113.536 Y115.146 E59.66895
G1 X113.731 Y115.116 E59.67142
G1 X113.812 Y115.108 E59.67244
G1 X114.092 Y115.102 E59.67596
G1 X114.188 Y115.108 E59.67716
G1 X114.269 Y115.116 E59.67818
G1 X114.464 Y115.146 E59.68066
G1 X114.837 Y115.246 E59.6855
G1 X114.855 Y115.253 E59.68574
G1 X114.856 Y115.737 E59.69181
G1 X114.541 Y115.653 E59.69343
G1 X114.325 Y115.62 E59.69617
G1 X114.216 Y115.609 E59.69754
G1 X114.104 Y115.602 E59.69895
G1 X113.788 Y115.608 E59.70291
G1 X113.675 Y115.62 E59.70434
G1 X113.459 Y115.653 E59.70708
G0 F7200 X113.266 Y115.704
G0 X113.437 Y115.417
;TYPE:SKIN
G1 F1800 X113.675 Y115.372 E59.708
G1 X114.567 Y115.415 E59.7114
G0 F7200 X114.591 Y115.593
G0 X114.598 Y115.566
G0 X114.168 Y118.126
G0 X113.459 Y118.653
;TYPE:WALL-OUTER
G1 F1800 X113.145 Y118.737 E59.71547
G1 X113.145 Y118.253 E59.72154
G1 X113.163 Y118.246 E59.72178
G1 X113.536 Y118.146 E59.72663
G1 X113.731 Y118.116 E59.7291
G1 X113.812 Y118.108 E59.73012
G1 X114.092 Y118.102 E59.73363
G1 X114.188 Y118.108 E59.73484
G1 X114.269 Y118.116 E59.73586
G1 X114.464 Y118.146 E59.73833
G1 X114.837 Y118.246 E59.74318
G1 X114.855 Y118.253 E59.74342
G1 X114.856 Y118.737 E59.74949
G1 X114.541 Y118.653 E59.75111
G1 X114.325 Y118.62 E59.75385
G1 X114.216 Y118.609 E59.75522
G1 X114.104 Y118.602 E59.75663
G1 X113.788 Y118.608 E59.76059
G1 X113.675 Y118.62 E59.76202
G1 X113.459 Y118.653 E59.76476
G0 F7200 X113.266 Y118.704
G0 X113.359 Y118.45
;TYPE:SKIN
G1 F1800 X113.579 Y118.388 E59.76561
G1 X114.426 Y118.386 E59.76876
G0 F7200 X114.435 Y118.551
G0 X114.438 Y118.536
G0 X113.157 Y118.722
G0 X110.287 Y119.414
G0 X109.322 Y119.83
G0 X109.422 Y119.9
;TYPE:WALL-OUTER
G1 F1800 X109.024 Y119.9 E59.77375
G1 X109.024 Y119.4 E59.78003
G1 X109.422 Y119.4 E59.78502
G1 X109.422 Y119.9 E59.79125
G0 F7200 X109.222 Y119.9
G0 X109.222 Y119.8
G1 F1500 E53.29125
G0 F7200 X110.287 Y119.414
G0 X112.298 Y119.954
G0 X115.704 Y119.958
G0 X120.28 Y118.722
G0 X121.439 Y118.556
G1 F1500 E59.79125
G0 F7200 X121.459 Y118.653
G1 F1800 X121.145 Y118.737 E59.79533
G1 X121.145 Y118.253 E59.8014
G1 X121.163 Y118.246 E59.80164
G1 X121.536 Y118.146 E59.80649
G1 X121.731 Y118.116 E59.80896
G1 X121.812 Y118.108 E59.80998
G1 X122.092 Y118.102 E59.81349
G1 X122.188 Y118.108 E59.8147
G1 X122.269 Y118.116 E59.81572
G1 X122.464 Y118.146 E59.81819
G1 X122.837 Y118.246 E59.82304
G1 X122.855 Y118.253 E59.82328
G1 X122.856 Y118.737 E59.82935
G1 X122.541 Y118.653 E59.83096
G1 X122.325 Y118.62 E59.8337
G1 X122.216 Y118.609 E59.83508
G1 X122.104 Y118.602 E59.83649
G1 X121.788 Y118.608 E59.84045
G1 X121.675 Y118.62 E59.84187
G1 X121.459 Y118.653 E59.84461
G0 F7200 X121.266 Y118.704
G0 X121.513 Y118.402
;TYPE:SKIN
G1 F1800 X121.758 Y118.364 E59.84566
G1 X122.333 Y118.373 E59.84808
G0 F7200 X122.377 Y118.536
G1 F1500 E53.34808
G0 F7200 X122.379 Y118.527
G0 X121.157 Y115.722
G1 F1500 E59.84808
G0 F7200 X121.459 Y115.653
;TYPE:WALL-OUTER
G1 F1800 X121.145 Y115.737 E59.85215
G1 X121.145 Y115.253 E59.85822
G1 X121.163 Y115.246 E59.85847
G1 X121.536 Y115.146 E59.86331
G1 X121.731 Y115.116 E59.86578
G1 X121.812 Y115.108 E59.8668
G1 X121.908 Y115.102 E59.86801
G1 X122.189 Y115.108 E59.87153
G1 X122.269 Y115.116 E59.87254
G1 X122.464 Y115.146 E59.87502
G1 X122.837 Y115.246 E59.87986
G1 X122.855 Y115.253 E59.8801
G1 X122.856 Y115.737 E59.88617
G1 X122.541 Y115.653 E59.88779
G1 X122.325 Y115.62 E59.89053
G1 X122.212 Y115.608 E59.89195
G1 X121.896 Y115.602 E59.89592
G1 X121.784 Y115.609 E59.89732
G1 X121.675 Y115.62 E59.8987
G1 X121.459 Y115.653 E59.90144
G0 F7200 X121.266 Y115.704
G0 X121.372 Y115.432
;TYPE:SKIN
G1 F1800 X121.606 Y115.383 E59.90235
G1 X122.463 Y115.392 E59.90563
G0 F7200 X122.47 Y115.561
G1 F1500 E53.40563
G0 F7200 X122.473 Y115.542
G0 X121.157 Y112.722
G1 F1500 E59.90563
G0 F7200 X121.459 Y112.653
;TYPE:WALL-OUTER
G1 F1800 X121.145 Y112.737 E59.90971
G1 X121.145 Y112.253 E59.91578
G1 X121.163 Y112.246 E59.91602
G1 X121.536 Y112.146 E59.92086
G1 X121.731 Y112.116 E59.92334
G1 X121.812 Y112.108 E59.92436
G1 X122.092 Y112.102 E59.92787
G1 X122.188 Y112.108 E59.92908
G1 X122.269 Y112.116 E59.9301
G1 X122.464 Y112.146 E59.93257
G1 X122.837 Y112.246 E59.93742
G1 X122.855 Y112.253 E59.93766
G1 X122.855 Y112.737 E59.94373
G1 X122.541 Y112.653 E59.9478
G1 X122.325 Y112.62 E59.95054
G1 X122.216 Y112.609 E59.95192
G1 X122.104 Y112.602 E59.95332
G1 X121.788 Y112.608 E59.95729
G1 X121.675 Y112.62 E59.95871
G1 X121.459 Y112.653 E59.96145
G0 F7200 X121.266 Y112.704
G0 X121.463 Y112.412
;TYPE:SKIN
G1 F1800 X121.703 Y112.369 E59.96237
G1 X122.607 Y112.425 E59.96576
G0 F7200 X122.491 Y112.241
G1 F1500 E53.46576
G0 F7200 X122.487 Y112.255
G0 X121.157 Y109.722
G1 F1500 E59.96576
G0 F7200 X121.459 Y109.653
;TYPE:WALL-OUTER
G1 F1800 X121.145 Y109.737 E59.96983
G1 X121.145 Y109.253 E59.9759
G1 X121.163 Y109.246 E59.97615
G1 X121.536 Y109.146 E59.98099
G1 X121.731 Y109.116 E59.98346
G1 X121.812 Y109.108 E59.98448
G1 X122.092 Y109.102 E59.98799
G1 X122.188 Y109.108 E59.9892
G1 X122.269 Y109.116 E59.99022
G1 X122.464 Y109.146 E59.9927
G1 X122.837 Y109.246 E59.99754
G1 X122.855 Y109.253 E59.99778
G1 X122.856 Y109.737 E60.00385
G1 X122.541 Y109.653 E60.00547
G1 X122.325 Y109.62 E60.00821
G1 X122.212 Y109.608 E60.00963
G1 X121.896 Y109.602 E60.0136
G1 X121.784 Y109.609 E60.015
G1 X121.675 Y109.62 E60.01638
G1 X121.459 Y109.653 E60.01912
G0 F7200 X121.266 Y109.704
G0 X121.555 Y109.393
;TYPE:SKIN
G1 F1800 X121.804 Y109.359 E60.02019
G1 X122.393 Y109.382 E60.0227
G0 F7200 X122.403 Y109.543
G1 F1500 E53.5227
G0 F7200 X122.405 Y109.531
G0 X123.72 Y109.568
G0 X128.28 Y109.569
G0 X129.439 Y109.556
G1 F1500 E60.0227
G0 F7200 X129.459 Y109.653
;TYPE:WALL-OUTER
G1 F1800 X129.145 Y109.737 E60.02678
G1 X129.145 Y109.253 E60.03285
G1 X129.163 Y109.246 E60.03309
G1 X129.536 Y109.146 E60.03793
G1 X129.731 Y109.116 E60.04041
G1 X129.812 Y109.108 E60.04143
G1 X129.908 Y109.102 E60.04263
G1 X130.189 Y109.108 E60.04616
G1 X130.269 Y109.116 E60.04717
G1 X130.464 Y109.146 E60.04964
G1 X130.837 Y109.246 E60.05448
G1 X130.855 Y109.253 E60.05473
G1 X130.856 Y109.737 E60.0608
G1 X130.541 Y109.653 E60.06241
G1 X130.325 Y109.62 E60.06515
G1 X130.212 Y109.608 E60.06658
G1 X129.896 Y109.602 E60.07054
G1 X129.784 Y109.609 E60.07195
G1 X129.675 Y109.62 E60.07332
G1 X129.459 Y109.653 E60.07606
G0 F7200 X129.266 Y109.704
G0 X129.489 Y109.407
;TYPE:SKIN
G1 F1800 X129.731 Y109.366 E60.07692
G1 X130.628 Y109.414 E60.08004
G0 F7200 X130.486 Y109.24
G1 F1500 E53.58004
G0 F7200 X130.483 Y109.253
G0 X129.455 Y109.634
G0 X129.733 Y112.135
G1 F1500 E60.08004
G0 F7200 X129.459 Y112.653
;TYPE:WALL-OUTER
G1 F1800 X129.145 Y112.737 E60.08412
G1 X129.145 Y112.253 E60.09019
G1 X129.163 Y112.246 E60.09043
G1 X129.536 Y112.146 E60.09527
G1 X129.731 Y112.116 E60.09775
G1 X129.812 Y112.108 E60.09877
G1 X129.908 Y112.102 E60.09997
G1 X130.189 Y112.108 E60.1035
G1 X130.269 Y112.116 E60.10451
G1 X130.464 Y112.146 E60.10698
G1 X130.837 Y112.246 E60.11182
G1 X130.855 Y112.253 E60.11207
G1 X130.855 Y112.737 E60.11813
G1 X130.541 Y112.653 E60.12221
G1 X130.325 Y112.62 E60.12495
G1 X130.212 Y112.608 E60.12638
G1 X129.896 Y112.602 E60.13034
G1 X129.784 Y112.609 E60.13175
G1 X129.675 Y112.62 E60.13312
G1 X129.459 Y112.653 E60.13586
G0 F7200 X129.266 Y112.704
G0 X129.397 Y112.426
;TYPE:SKIN
G1 F1800 X129.632 Y112.378 E60.13678
G1 X130.502 Y112.4 E60.14012
G0 F7200 X130.506 Y112.571
G1 F1500 E53.64012
G0 F7200 X130.51 Y112.547
G0 X130.188 Y115.127
G1 F1500 E60.14012
G0 F7200 X129.459 Y115.653
;TYPE:WALL-OUTER
G1 F1800 X129.145 Y115.737 E60.14419
G1 X129.145 Y115.253 E60.15026
G1 X129.163 Y115.246 E60.15051
G1 X129.536 Y115.146 E60.15535
G1 X129.731 Y115.116 E60.15782
G1 X129.812 Y115.108 E60.15884
G1 X129.908 Y115.102 E60.16005
G1 X130.189 Y115.108 E60.16357
G1 X130.269 Y115.116 E60.16458
G1 X130.464 Y115.146 E60.16706
G1 X130.837 Y115.246 E60.1719
G1 X130.855 Y115.253 E60.17214
G1 X130.856 Y115.737 E60.17821
G1 X130.541 Y115.653 E60.17983
G1 X130.325 Y115.62 E60.18257
G1 X130.212 Y115.608 E60.18399
G1 X129.896 Y115.602 E60.18796
G1 X129.784 Y115.609 E60.18936
G1 X129.675 Y115.62 E60.19074
G1 X129.459 Y115.653 E60.19348
G0 F7200 X129.266 Y115.704
G0 X129.539 Y115.397
;TYPE:SKIN
G1 F1800 X129.785 Y115.36 E60.19453
G1 X130.369 Y115.378 E60.19702
G0 F7200 X130.379 Y115.537
G1 F1500 E53.69702
G0 F7200 X130.381 Y115.528
G0 X129.733 Y118.135
G1 F1500 E60.19702
G0 F7200 X129.459 Y118.653
;TYPE:WALL-OUTER
G1 F1800 X129.145 Y118.737 E60.20109
G1 X129.145 Y118.253 E60.20716
G1 X129.163 Y118.246 E60.2074
G1 X129.536 Y118.146 E60.21225
G1 X129.731 Y118.116 E60.21472
G1 X129.812 Y118.108 E60.21574
G1 X130.092 Y118.102 E60.21925
G1 X130.188 Y118.108 E60.22046
G1 X130.269 Y118.116 E60.22148
G1 X130.464 Y118.146 E60.22395
G1 X130.837 Y118.246 E60.2288
G1 X130.855 Y118.253 E60.22904
G1 X130.856 Y118.737 E60.23511
G1 X130.541 Y118.653 E60.23672
G1 X130.325 Y118.62 E60.23947
G1 X130.216 Y118.609 E60.24084
G1 X130.104 Y118.602 E60.24225
G1 X129.788 Y118.608 E60.24621
G1 X129.675 Y118.62 E60.24763
G1 X129.459 Y118.653 E60.25037
G0 F7200 X129.266 Y118.704
G0 X129.447 Y118.416
;TYPE:SKIN
G1 F1800 X129.685 Y118.371 E60.25129
G1 X130.583 Y118.421 E60.25471
G0 F7200 X130.607 Y118.598
G1 F1500 E53.75471
;MESH:NONMESH
G0 F600 X130.607 Y118.598 Z12.8
G0 F7200 X130.614 Y118.57
G0 X129.161 Y118.264
G0 X123.712 Y114.662
G0 X121.299 Y113.591
G0 X120.298 Y113.954
G0 X115.72 Y109.721
G0 X114.339 Y109.6
G1 F1500 E60.25471
G0 F7200 X113.459 Y109.653
;TIME_ELAPSED:687.980475
;LAYER:63
;TYPE:WALL-OUTER
;MESH:output_v2\B_media_suporte.stl
G1 F1800 X113.355 Y109.681 E60.25606
G1 X113.355 Y109.195 E60.26215
G1 X113.536 Y109.146 E60.2645
G1 X113.731 Y109.116 E60.26698
G1 X113.812 Y109.108 E60.268
G1 X114.092 Y109.102 E60.27151
G1 X114.188 Y109.108 E60.27272
G1 X114.269 Y109.116 E60.27374
G1 X114.464 Y109.146 E60.27621
G1 X114.645 Y109.195 E60.27856
G1 X114.645 Y109.681 E60.28466
G1 X114.541 Y109.653 E60.28601
G1 X114.325 Y109.62 E60.28875
G1 X114.216 Y109.609 E60.29012
G1 X114.104 Y109.602 E60.29153
G1 X113.788 Y109.608 E60.29549
G1 X113.675 Y109.62 E60.29692
G1 X113.459 Y109.653 E60.29966
G0 F7200 X113.355 Y109.681
G0 X113.355 Y109.588
G0 X113.803 Y109.358
;TYPE:SKIN
G1 F1800 X114.09 Y109.354 E60.30116
G1 X114.35 Y109.377 E60.30252
G0 F7200 X114.412 Y109.229
G1 F1500 E53.80252
G0 F7200 X114.41 Y109.238
G0 X113.455 Y109.634
G0 X113.733 Y112.135
G1 F1500 E60.30252
G0 F7200 X113.459 Y112.653
;TYPE:WALL-OUTER
G1 F1800 X113.355 Y112.681 E60.30387
G1 X113.355 Y112.195 E60.30997
G1 X113.536 Y112.146 E60.31232
G1 X113.731 Y112.116 E60.31479
G1 X113.812 Y112.108 E60.31581
G1 X114.092 Y112.102 E60.31933
G1 X114.188 Y112.108 E60.32053
G1 X114.269 Y112.116 E60.32155
G1 X114.464 Y112.146 E60.32403
G1 X114.645 Y112.195 E60.32638
G1 X114.645 Y112.681 E60.33247
G1 X114.541 Y112.653 E60.33382
G1 X114.325 Y112.62 E60.33656
G1 X114.216 Y112.609 E60.33794
G1 X114.104 Y112.602 E60.33935
G1 X113.788 Y112.608 E60.34331
G1 X113.675 Y112.62 E60.34473
G1 X113.459 Y112.653 E60.34747
G0 F7200 X113.355 Y112.681
G0 X113.355 Y112.588
G0 X113.61 Y112.38
;TYPE:SKIN
G1 F1800 X113.918 Y112.355 E60.34878
G1 X114.426 Y112.413 E60.35095
G0 F7200 X114.263 Y112.21
G0 X114.262 Y112.215
G0 X113.733 Y115.135
G0 X113.459 Y115.653
;TYPE:WALL-OUTER
G1 F1800 X113.355 Y115.681 E60.35231
G1 X113.355 Y115.195 E60.3584
G1 X113.536 Y115.146 E60.36075
G1 X113.731 Y115.116 E60.36323
G1 X113.812 Y115.108 E60.36425
G1 X114.092 Y115.102 E60.36776
G1 X114.188 Y115.108 E60.36896
G1 X114.269 Y115.116 E60.36999
G1 X114.464 Y115.146 E60.37246
G1 X114.645 Y115.195 E60.37481
G1 X114.645 Y115.681 E60.38091
G1 X114.541 Y115.653 E60.38226
G1 X114.325 Y115.62 E60.385
G1 X114.216 Y115.609 E60.38637
G1 X114.104 Y115.602 E60.38778
G1 X113.788 Y115.608 E60.39174
G1 X113.675 Y115.62 E60.39317
G1 X113.459 Y115.653 E60.39591
G0 F7200 X113.355 Y115.681
G0 X113.355 Y115.588
G0 X113.738 Y115.363
;TYPE:SKIN
G1 F1800 X114.032 Y115.352 E60.39748
G1 X114.298 Y115.369 E60.39891
G0 F7200 X114.345 Y115.218
G1 F1500 E53.89891
G0 F7200 X114.342 Y115.227
G0 X113.733 Y118.135
G1 F1500 E60.39891
G0 F7200 X113.459 Y118.653
;TYPE:WALL-OUTER
G1 F1800 X113.355 Y118.681 E60.40026
G1 X113.355 Y118.195 E60.40635
G1 X113.536 Y118.146 E60.4087
G1 X113.731 Y118.116 E60.41118
G1 X113.812 Y118.108 E60.4122
G1 X114.092 Y118.102 E60.41571
G1 X114.188 Y118.108 E60.41692
G1 X114.269 Y118.116 E60.41794
G1 X114.464 Y118.146 E60.42041
G1 X114.645 Y118.195 E60.42276
G1 X114.645 Y118.681 E60.42886
G1 X114.541 Y118.653 E60.43021
G1 X114.325 Y118.62 E60.43295
G1 X114.216 Y118.609 E60.43432
G1 X114.104 Y118.602 E60.43573
G1 X113.788 Y118.608 E60.43969
G1 X113.675 Y118.62 E60.44112
G1 X113.459 Y118.653 E60.44386
G0 F7200 X113.355 Y118.681
G0 X113.355 Y118.588
G0 X113.574 Y118.355
;TYPE:SKIN
G1 F1800 X113.857 Y118.356 E60.44493
G1 X114.395 Y118.383 E60.44699
G0 F7200 X114.431 Y118.231
G0 X114.429 Y118.241
G0 X113.367 Y118.666
G0 X110.286 Y119.412
G0 X109.321 Y119.829
G0 X109.422 Y119.9
;TYPE:WALL-OUTER
G1 F1800 X109.023 Y119.9 E60.45199
G1 X109.023 Y119.4 E60.45826
G1 X109.421 Y119.4 E60.46325
G1 X109.422 Y119.9 E60.4695
G0 F7200 X109.222 Y119.9
G0 X109.222 Y119.8
G0 X110.286 Y119.412
G0 X112.506 Y119.786
G0 X115.494 Y119.786
G0 X120.49 Y118.666
G0 X121.459 Y118.653
G1 F1800 X121.355 Y118.681 E60.47085
G1 X121.355 Y118.195 E60.47694
G1 X121.536 Y118.146 E60.47929
G1 X121.731 Y118.116 E60.48177
G1 X121.812 Y118.108 E60.48279
G1 X122.092 Y118.102 E60.4863
G1 X122.188 Y118.108 E60.48751
G1 X122.269 Y118.116 E60.48853
G1 X122.464 Y118.146 E60.491
G1 X122.645 Y118.195 E60.49335
G1 X122.645 Y118.681 E60.49945
G1 X122.541 Y118.653 E60.5008
G1 X122.325 Y118.62 E60.50354
G1 X122.216 Y118.609 E60.50491
G1 X122.104 Y118.602 E60.50632
G1 X121.788 Y118.608 E60.51028
G1 X121.675 Y118.62 E60.51171
G1 X121.459 Y118.653 E60.51445
G0 F7200 X121.355 Y118.681
G0 X121.355 Y118.588
G0 X121.771 Y118.36
;TYPE:SKIN
G1 F1800 X122.062 Y118.353 E60.51599
G1 X122.325 Y118.373 E60.51738
G0 F7200 X122.387 Y118.225
G0 X122.385 Y118.234
G0 X121.367 Y115.666
G0 X121.459 Y115.653
;TYPE:WALL-OUTER
G1 F1800 X121.355 Y115.681 E60.51873
G1 X121.355 Y115.195 E60.52483
G1 X121.536 Y115.146 E60.52718
G1 X121.731 Y115.116 E60.52965
G1 X121.812 Y115.108 E60.53067
G1 X121.908 Y115.102 E60.53188
G1 X122.189 Y115.108 E60.5354
G1 X122.269 Y115.116 E60.53641
G1 X122.464 Y115.146 E60.53889
G1 X122.645 Y115.195 E60.54124
G1 X122.645 Y115.681 E60.54733
G1 X122.541 Y115.653 E60.54868
G1 X122.325 Y115.62 E60.55142
G1 X122.212 Y115.608 E60.55285
G1 X121.896 Y115.602 E60.55681
G1 X121.784 Y115.609 E60.55822
G1 X121.675 Y115.62 E60.55959
G1 X121.459 Y115.653 E60.56233
G0 F7200 X121.355 Y115.681
G0 X121.355 Y115.588
G0 X121.645 Y115.376
;TYPE:SKIN
G1 F1800 X121.951 Y115.352 E60.56392
G1 X122.224 Y115.362 E60.56534
G0 F7200 X122.275 Y115.211
G1 F1500 E54.06534
G0 F7200 X122.274 Y115.217
G0 X121.367 Y112.666
G1 F1500 E60.56534
G0 F7200 X121.459 Y112.653
;TYPE:WALL-OUTER
G1 F1800 X121.355 Y112.681 E60.56669
G1 X121.355 Y112.195 E60.57278
G1 X121.536 Y112.146 E60.57513
G1 X121.731 Y112.116 E60.57761
G1 X121.812 Y112.108 E60.57863
G1 X122.092 Y112.102 E60.58214
G1 X122.188 Y112.108 E60.58335
G1 X122.269 Y112.116 E60.58437
G1 X122.464 Y112.146 E60.58684
G1 X122.645 Y112.195 E60.58919
G1 X122.645 Y112.681 E60.59529
G1 X122.541 Y112.653 E60.59664
G1 X122.325 Y112.62 E60.59938
G1 X122.216 Y112.609 E60.60075
G1 X122.104 Y112.602 E60.60216
G1 X121.788 Y112.608 E60.60612
G1 X121.675 Y112.62 E60.60755
G1 X121.459 Y112.653 E60.61029
G0 F7200 X121.355 Y112.681
G0 X121.355 Y112.588
G0 X121.836 Y112.356
;TYPE:SKIN
G1 F1800 X122.121 Y112.354 E60.61177
G1 X122.377 Y112.38 E60.61311
G0 F7200 X122.438 Y112.233
G1 F1500 E54.11311
G0 F7200 X122.436 Y112.242
G0 X121.367 Y109.666
G1 F1500 E60.61311
G0 F7200 X121.459 Y109.653
;TYPE:WALL-OUTER
G1 F1800 X121.355 Y109.681 E60.61446
G1 X121.355 Y109.195 E60.62055
G1 X121.536 Y109.146 E60.6229
G1 X121.731 Y109.116 E60.62538
G1 X121.812 Y109.108 E60.6264
G1 X122.092 Y109.102 E60.62991
G1 X122.188 Y109.108 E60.63112
G1 X122.269 Y109.116 E60.63214
G1 X122.464 Y109.146 E60.63461
G1 X122.645 Y109.195 E60.63696
G1 X122.645 Y109.681 E60.64306
G1 X122.541 Y109.653 E60.64441
G1 X122.325 Y109.62 E60.64715
G1 X122.212 Y109.608 E60.64857
G1 X121.896 Y109.602 E60.65254
G1 X121.784 Y109.609 E60.65394
G1 X121.675 Y109.62 E60.65532
G1 X121.459 Y109.653 E60.65806
G0 F7200 X121.355 Y109.681
G0 X121.355 Y109.588
G0 X121.715 Y109.366
;TYPE:SKIN
G1 F1800 X122.011 Y109.352 E60.65962
G1 X122.279 Y109.367 E60.66103
G0 F7200 X122.328 Y109.216
G0 X122.326 Y109.225
G0 X123.51 Y109.556
G0 X128.49 Y109.556
G0 X129.459 Y109.653
;TYPE:WALL-OUTER
G1 F1800 X129.355 Y109.681 E60.66238
G1 X129.355 Y109.195 E60.66847
G1 X129.536 Y109.146 E60.67082
G1 X129.731 Y109.116 E60.6733
G1 X129.812 Y109.108 E60.67432
G1 X129.908 Y109.102 E60.67553
G1 X130.189 Y109.108 E60.67905
G1 X130.269 Y109.116 E60.68006
G1 X130.464 Y109.146 E60.68253
G1 X130.645 Y109.195 E60.68488
G1 X130.645 Y109.681 E60.69098
G1 X130.541 Y109.653 E60.69233
G1 X130.325 Y109.62 E60.69507
G1 X130.212 Y109.608 E60.69649
G1 X129.896 Y109.602 E60.70046
G1 X129.784 Y109.609 E60.70187
G1 X129.675 Y109.62 E60.70324
G1 X129.459 Y109.653 E60.70598
G0 F7200 X129.355 Y109.681
G0 X129.355 Y109.588
G0 X129.621 Y109.379
;TYPE:SKIN
G1 F1800 X129.931 Y109.352 E60.70728
G1 X130.431 Y109.419 E60.70938
G0 F7200 X130.265 Y109.21
G0 X130.263 Y109.215
G0 X129.733 Y112.135
G0 X129.459 Y112.653
;TYPE:WALL-OUTER
G1 F1800 X129.355 Y112.681 E60.71073
G1 X129.355 Y112.195 E60.71683
G1 X129.536 Y112.146 E60.71918
G1 X129.731 Y112.116 E60.72165
G1 X129.812 Y112.108 E60.72267
G1 X129.908 Y112.102 E60.72388
G1 X130.189 Y112.108 E60.7274
G1 X130.269 Y112.116 E60.72841
G1 X130.464 Y112.146 E60.73089
G1 X130.645 Y112.195 E60.73324
G1 X130.645 Y112.681 E60.73933
G1 X130.541 Y112.653 E60.74068
G1 X130.325 Y112.62 E60.74342
G1 X130.212 Y112.608 E60.74485
G1 X129.896 Y112.602 E60.74881
G1 X129.784 Y112.609 E60.75022
G1 X129.675 Y112.62 E60.75159
G1 X129.459 Y112.653 E60.75433
G0 F7200 X129.355 Y112.681
G0 X129.355 Y112.588
G0 X129.749 Y112.362
;TYPE:SKIN
G1 F1800 X130.04 Y112.355 E60.75586
G1 X130.307 Y112.371 E60.75726
G0 F7200 X130.355 Y112.219
G0 X130.353 Y112.229
G0 X129.733 Y115.135
G0 X129.459 Y115.653
;TYPE:WALL-OUTER
G1 F1800 X129.355 Y115.681 E60.75861
G1 X129.355 Y115.195 E60.76471
G1 X129.536 Y115.146 E60.76706
G1 X129.731 Y115.116 E60.76953
G1 X129.812 Y115.108 E60.77055
G1 X129.908 Y115.102 E60.77176
G1 X130.189 Y115.108 E60.77528
G1 X130.269 Y115.116 E60.77629
G1 X130.464 Y115.146 E60.77877
G1 X130.645 Y115.195 E60.78112
G1 X130.645 Y115.681 E60.78721
G1 X130.541 Y115.653 E60.78856
G1 X130.325 Y115.62 E60.7913
G1 X130.212 Y115.608 E60.79273
G1 X129.896 Y115.602 E60.79669
G1 X129.784 Y115.609 E60.7981
G1 X129.675 Y115.62 E60.79947
G1 X129.459 Y115.653 E60.80221
G0 F7200 X129.355 Y115.681
G0 X129.355 Y115.588
G0 X129.58 Y115.361
;TYPE:SKIN
G1 F1800 X129.869 Y115.354 E60.80337
G1 X130.403 Y115.385 E60.8055
G0 F7200 X130.439 Y115.233
G1 F1500 E54.3055
G0 F7200 X130.437 Y115.242
G0 X129.455 Y115.634
G0 X129.733 Y118.135
G1 F1500 E60.8055
G0 F7200 X129.459 Y118.653
;TYPE:WALL-OUTER
G1 F1800 X129.355 Y118.681 E60.80685
G1 X129.355 Y118.195 E60.81295
G1 X129.536 Y118.146 E60.8153
G1 X129.731 Y118.116 E60.81777
G1 X129.812 Y118.108 E60.81879
G1 X130.092 Y118.102 E60.82231
G1 X130.188 Y118.108 E60.82351
G1 X130.269 Y118.116 E60.82453
G1 X130.464 Y118.146 E60.82701
G1 X130.645 Y118.195 E60.82936
G1 X130.645 Y118.681 E60.83545
G1 X130.541 Y118.653 E60.8368
G1 X130.325 Y118.62 E60.83954
G1 X130.216 Y118.609 E60.84092
G1 X130.104 Y118.602 E60.84233
G1 X129.788 Y118.608 E60.84629
G1 X129.675 Y118.62 E60.84771
G1 X129.459 Y118.653 E60.85045
G0 F7200 X129.355 Y118.681
G0 X129.355 Y118.588
G0 X129.681 Y118.37
;TYPE:SKIN
G1 F1800 X129.981 Y118.353 E60.85204
G1 X130.253 Y118.365 E60.85348
G0 F7200 X130.301 Y118.214
G1 F1500 E54.35348
;MESH:NONMESH
G0 F600 X130.301 Y118.214 Z13
G0 F7200 X130.299 Y118.221
G0 X128.49 Y118.207
G0 X123.501 Y114.537
G0 X120.506 Y113.786
G0 X115.51 Y109.666
G0 X113.663 Y109.521
G1 F1500 E60.85348
G0 F7200 X113.675 Y109.62
;TIME_ELAPSED:694.645874
;LAYER:64
;TYPE:WALL-OUTER
;MESH:output_v2\B_media_suporte.stl
G1 F1800 X113.565 Y109.637 E60.85487
G1 X113.565 Y109.142 E60.86108
G1 X113.731 Y109.116 E60.86319
G1 X113.812 Y109.108 E60.86421
G1 X114.091 Y109.102 E60.86771
G1 X114.224 Y109.111 E60.86938
G1 X114.33 Y109.125 E60.87072
G1 X114.435 Y109.142 E60.87206
G1 X114.435 Y109.636 E60.87825
G1 X114.324 Y109.619 E60.87966
G1 X114.104 Y109.602 E60.88243
G1 X113.788 Y109.608 E60.88639
G1 X113.675 Y109.62 E60.88781
G0 F7200 X113.565 Y109.637
G0 X113.565 Y109.548
G0 X113.881 Y109.356
;TYPE:SKIN
G1 F1800 X114.165 Y109.357 E60.88978
G0 F7200 X114.198 Y109.514
G0 X114.198 Y109.509
G0 X113.813 Y112.127
G0 X113.675 Y112.62
;TYPE:WALL-OUTER
G1 F1800 X113.565 Y112.637 E60.89118
G1 X113.565 Y112.142 E60.89739
G1 X113.731 Y112.116 E60.89949
G1 X113.812 Y112.108 E60.90051
G1 X114.091 Y112.102 E60.90401
G1 X114.224 Y112.111 E60.90569
G1 X114.33 Y112.125 E60.90703
G1 X114.435 Y112.142 E60.90836
G1 X114.435 Y112.636 E60.91455
G1 X114.324 Y112.619 E60.91596
G1 X114.104 Y112.602 E60.91873
G1 X113.788 Y112.608 E60.92269
G1 X113.675 Y112.62 E60.92412
G0 F7200 X113.565 Y112.637
G0 X113.565 Y112.548
G0 X113.792 Y112.378
;TYPE:SKIN
G1 F1800 X114.049 Y112.352 E60.92565
G0 F7200 X114.094 Y112.504
G1 F1500 E54.42565
G0 F7200 X114.095 Y112.502
G0 X113.813 Y115.127
G1 F1500 E60.92565
G0 F7200 X113.675 Y115.62
;TYPE:WALL-OUTER
G1 F1800 X113.565 Y115.637 E60.92705
G1 X113.565 Y115.142 E60.93325
G1 X113.731 Y115.116 E60.93536
G1 X113.812 Y115.108 E60.93638
G1 X114.091 Y115.102 E60.93988
G1 X114.224 Y115.111 E60.94155
G1 X114.33 Y115.125 E60.94289
G1 X114.435 Y115.142 E60.94423
G1 X114.435 Y115.636 E60.95042
G1 X114.324 Y115.619 E60.95183
G1 X114.104 Y115.602 E60.9546
G1 X113.788 Y115.608 E60.95856
G1 X113.675 Y115.62 E60.95999
G0 F7200 X113.565 Y115.637
G0 X113.565 Y115.548
G0 X113.939 Y115.353
;TYPE:SKIN
G1 F1800 X114.205 Y115.336 E60.96154
G0 F7200 X114.033 Y115.203
G1 F1500 E54.46154
G0 F7200 X114.032 Y115.204
G0 X113.813 Y118.127
G1 F1500 E60.96154
G0 F7200 X113.675 Y118.62
;TYPE:WALL-OUTER
G1 F1800 X113.565 Y118.637 E60.96294
G1 X113.565 Y118.142 E60.96915
G1 X113.731 Y118.116 E60.97125
G1 X113.812 Y118.108 E60.97228
G1 X114.091 Y118.102 E60.97578
G1 X114.224 Y118.111 E60.97745
G1 X114.33 Y118.125 E60.97879
G1 X114.435 Y118.142 E60.98012
G1 X114.435 Y118.636 E60.98632
G1 X114.324 Y118.619 E60.98772
G1 X114.104 Y118.602 E60.99049
G1 X113.788 Y118.608 E60.99446
G1 X113.675 Y118.62 E60.99588
G0 F7200 X113.565 Y118.637
G0 X113.565 Y118.548
G0 X113.832 Y118.357
;TYPE:SKIN
G1 F1800 X114.111 Y118.353 E60.99779
G0 F7200 X114.162 Y118.508
G0 X114.162 Y118.506
G0 X112.7 Y118.622
G0 X110.285 Y119.412
G0 X109.32 Y119.829
G0 X109.421 Y119.9
;TYPE:WALL-OUTER
G1 F1800 X109.022 Y119.9 E61.0028
G1 X109.022 Y119.4 E61.00907
G1 X109.42 Y119.4 E61.01406
G1 X109.421 Y119.9 E61.0203
G0 F7200 X109.221 Y119.9
G0 X109.221 Y119.8
G0 X110.285 Y119.412
G0 X112.716 Y119.723
G0 X115.284 Y119.723
G0 X120.7 Y118.622
G0 X121.675 Y118.62
G1 F1800 X121.565 Y118.637 E61.0217
G1 X121.565 Y118.142 E61.02791
G1 X121.731 Y118.116 E61.03001
G1 X121.812 Y118.108 E61.03104
G1 X122.091 Y118.102 E61.03454
G1 X122.224 Y118.111 E61.03621
G1 X122.33 Y118.125 E61.03755
G1 X122.435 Y118.142 E61.03888
G1 X122.435 Y118.636 E61.04508
G1 X122.324 Y118.619 E61.04648
G1 X122.104 Y118.602 E61.04925
G1 X121.788 Y118.608 E61.05322
G1 X121.675 Y118.62 E61.05464
G0 F7200 X121.565 Y118.637
G0 X121.565 Y118.548
G0 X121.781 Y118.387
;TYPE:SKIN
G1 F1800 X122.03 Y118.353 E61.05601
G0 F7200 X122.086 Y118.503
G1 F1500 E54.55601
G0 F7200 X122.087 Y118.502
G0 X121.577 Y115.622
G1 F1500 E61.05601
G0 F7200 X121.674 Y115.62
;TYPE:WALL-OUTER
G1 F1800 X121.565 Y115.637 E61.05739
G1 X121.565 Y115.142 E61.0636
G1 X121.731 Y115.116 E61.06571
G1 X121.909 Y115.102 E61.06795
G1 X122.189 Y115.108 E61.07146
G1 X122.269 Y115.116 E61.07247
G1 X122.435 Y115.142 E61.07457
G1 X122.435 Y115.637 E61.08078
G1 X122.325 Y115.62 E61.08218
G1 X122.212 Y115.608 E61.0836
G1 X121.895 Y115.602 E61.08758
G1 X121.745 Y115.612 E61.08946
G1 X121.674 Y115.62 E61.09036
G0 F7200 X121.565 Y115.637
G0 X121.565 Y115.547
G0 X121.86 Y115.355
;TYPE:SKIN
G1 F1800 X122.144 Y115.356 E61.09225
G0 F7200 X122.173 Y115.51
G1 F1500 E54.59225
G0 F7200 X122.173 Y115.508
G0 X121.577 Y112.622
G1 F1500 E61.09225
G0 F7200 X121.675 Y112.62
;TYPE:WALL-OUTER
G1 F1800 X121.565 Y112.637 E61.09364
G1 X121.565 Y112.142 E61.09985
G1 X121.731 Y112.116 E61.10196
G1 X121.812 Y112.108 E61.10298
G1 X122.091 Y112.102 E61.10648
G1 X122.224 Y112.111 E61.10815
G1 X122.33 Y112.125 E61.10949
G1 X122.435 Y112.142 E61.11082
G1 X122.435 Y112.636 E61.11702
G1 X122.324 Y112.619 E61.11843
G1 X122.104 Y112.602 E61.12119
G1 X121.788 Y112.608 E61.12516
G1 X121.675 Y112.62 E61.12658
G0 F7200 X121.565 Y112.637
G0 X121.565 Y112.548
G0 X121.97 Y112.354
;TYPE:SKIN
G1 F1800 X122.221 Y112.322 E61.12782
G0 F7200 X122.037 Y112.504
G1 F1500 E54.62782
G0 F7200 X122.038 Y112.503
G0 X121.577 Y109.622
G1 F1500 E61.12782
G0 F7200 X121.674 Y109.62
;TYPE:WALL-OUTER
G1 F1800 X121.565 Y109.637 E61.12921
G1 X121.565 Y109.142 E61.13541
G1 X121.731 Y109.116 E61.13752
G1 X121.812 Y109.108 E61.13854
G1 X122.091 Y109.102 E61.14204
G1 X122.224 Y109.111 E61.14371
G1 X122.33 Y109.125 E61.14505
G1 X122.435 Y109.142 E61.14639
G1 X122.435 Y109.637 E61.1526
G1 X122.325 Y109.62 E61.15399
G1 X122.212 Y109.608 E61.15542
G1 X121.895 Y109.602 E61.15939
G1 X121.745 Y109.612 E61.16128
G1 X121.674 Y109.62 E61.16217
G0 F7200 X121.565 Y109.637
G0 X121.565 Y109.547
G0 X121.806 Y109.361
;TYPE:SKIN
G1 F1800 X122.082 Y109.354 E61.16401
G0 F7200 X122.121 Y109.505
G0 X123.3 Y109.521
G0 X128.7 Y109.521
G0 X129.674 Y109.62
;TYPE:WALL-OUTER
G1 F1800 X129.565 Y109.637 E61.16539
G1 X129.565 Y109.142 E61.1716
G1 X129.731 Y109.116 E61.1737
G1 X129.909 Y109.102 E61.17594
G1 X130.189 Y109.108 E61.17945
G1 X130.269 Y109.116 E61.18046
G1 X130.435 Y109.142 E61.18257
G1 X130.435 Y109.637 E61.18878
G1 X130.325 Y109.62 E61.19017
G1 X130.212 Y109.608 E61.1916
G1 X129.895 Y109.602 E61.19557
G1 X129.745 Y109.612 E61.19746
G1 X129.674 Y109.62 E61.19836
G0 F7200 X129.565 Y109.637
G0 X129.565 Y109.547
G0 X129.945 Y109.298
;TYPE:SKIN
G1 F1800 X130.057 Y109.409 E61.19934
G0 F7200 X130.055 Y109.505
G1 F1500 E54.69934
G0 F7200 X130.188 Y112.127
G1 F1500 E61.19934
G0 F7200 X130.435 Y112.142
;TYPE:WALL-OUTER
G1 F1800 X130.435 Y112.637 E61.20555
G1 X130.325 Y112.62 E61.20695
G1 X130.212 Y112.608 E61.20837
G1 X129.895 Y112.602 E61.21235
G1 X129.744 Y112.612 E61.21425
G1 X129.565 Y112.636 E61.21651
G1 X129.565 Y112.142 E61.22271
G1 X129.731 Y112.116 E61.22481
G1 X129.909 Y112.102 E61.22705
G1 X130.189 Y112.108 E61.23056
G1 X130.269 Y112.116 E61.23157
G1 X130.435 Y112.142 E61.23368
G0 F7200 X130.435 Y112.342
G0 X130.176 Y112.357
;TYPE:SKIN
G1 F1800 X129.89 Y112.354 E61.23558
G0 F7200 X129.834 Y112.204
G0 X129.833 Y112.209
G0 X129.733 Y115.135
G0 X129.674 Y115.62
;TYPE:WALL-OUTER
G1 F1800 X129.565 Y115.637 E61.23696
G1 X129.565 Y115.142 E61.24317
G1 X129.731 Y115.116 E61.24528
G1 X129.909 Y115.102 E61.24752
G1 X130.189 Y115.108 E61.25103
G1 X130.269 Y115.116 E61.25204
G1 X130.435 Y115.142 E61.25414
G1 X130.435 Y115.637 E61.26035
G1 X130.325 Y115.62 E61.26175
G1 X130.212 Y115.608 E61.26317
G1 X129.895 Y115.602 E61.26715
G1 X129.745 Y115.612 E61.26903
G1 X129.674 Y115.62 E61.26993
G0 F7200 X129.565 Y115.637
G0 X129.565 Y115.547
G0 X129.796 Y115.371
;TYPE:SKIN
G1 F1800 X130.062 Y115.354 E61.27158
G0 F7200 X130.116 Y115.506
G1 F1500 E54.77158
G0 F7200 X129.813 Y118.127
G1 F1500 E61.27158
G0 F7200 X129.675 Y118.62
;TYPE:WALL-OUTER
G1 F1800 X129.565 Y118.637 E61.27297
G1 X129.565 Y118.142 E61.27918
G1 X129.731 Y118.116 E61.28129
G1 X129.812 Y118.108 E61.28231
G1 X130.091 Y118.102 E61.28581
G1 X130.224 Y118.111 E61.28748
G1 X130.33 Y118.125 E61.28882
G1 X130.435 Y118.142 E61.29015
G1 X130.435 Y118.636 E61.29635
G1 X130.324 Y118.619 E61.29776
G1 X130.104 Y118.602 E61.30052
G1 X129.788 Y118.608 E61.30449
G1 X129.675 Y118.62 E61.30591
G0 F7200 X129.565 Y118.637
G0 X129.565 Y118.548
G0 X129.951 Y118.354
;TYPE:SKIN
G1 F1800 X130.211 Y118.332 E61.30735
G0 F7200 X130.033 Y118.203
;MESH:NONMESH
G0 F600 X130.033 Y118.203 Z13.2
G0 F7200 X130.032 Y118.204
G0 X128.7 Y118.155
G0 X123.291 Y114.476
G0 X120.716 Y113.723
G0 X115.3 Y109.621
G0 X114.106 Y109.503
G0 X114.105 Y109.602
;TIME_ELAPSED:701.246662
;LAYER:65
;TYPE:WALL-OUTER
;MESH:output_v2\B_media_suporte.stl
G1 F1182.4 X113.784 Y109.608 E61.31138
G1 X113.784 Y109.111 E61.31761
G1 X113.812 Y109.108 E61.31796
G1 X114.102 Y109.102 E61.3216
G1 X114.216 Y109.11 E61.32304
G1 X114.216 Y109.61 E61.32931
G1 X114.105 Y109.602 E61.3307
G0 F7200 X113.905 Y109.605
G0 X113.904 Y109.507
G1 F1500 E54.8307
G0 F7200 X113.905 Y109.505
G0 X114.102 Y112.121
G1 F1500 E61.3307
G0 F7200 X114.105 Y112.602
G1 F1182.4 X113.784 Y112.608 E61.33473
G1 X113.784 Y112.111 E61.34096
G1 X113.812 Y112.108 E61.34131
G1 X114.102 Y112.102 E61.34495
G1 X114.216 Y112.11 E61.34638
G1 X114.216 Y112.61 E61.35265
G1 X114.105 Y112.602 E61.35405
G0 F7200 X113.905 Y112.605
G0 X113.904 Y112.507
G0 X113.905 Y112.505
G0 X114.102 Y115.121
G0 X114.105 Y115.602
G1 F1182.4 X113.784 Y115.608 E61.35808
G1 X113.784 Y115.111 E61.36431
G1 X113.812 Y115.108 E61.36466
G1 X114.102 Y115.102 E61.3683
G1 X114.216 Y115.11 E61.36973
G1 X114.216 Y115.61 E61.376
G1 X114.105 Y115.602 E61.3774
G0 F7200 X113.905 Y115.605
G0 X113.979 Y115.406
;TYPE:SKIN
G1 F1182.4 X114.02 Y115.364 E61.37777
G0 F7200 X114.184 Y115.364
G0 X114.116 Y115.364
G0 X114.102 Y118.121
G0 X114.105 Y118.602
;TYPE:WALL-OUTER
G1 F1182.4 X113.784 Y118.608 E61.38179
G1 X113.784 Y118.111 E61.38802
G1 X113.812 Y118.108 E61.38838
G1 X114.102 Y118.102 E61.39201
G1 X114.216 Y118.11 E61.39345
G1 X114.216 Y118.61 E61.39972
G1 X114.105 Y118.602 E61.40111
G0 F7200 X113.905 Y118.605
G0 X113.904 Y118.507
G0 X113.905 Y118.505
G0 X110.284 Y119.412
G0 X109.319 Y119.829
G0 X109.42 Y119.9
G1 F1182.4 X109.021 Y119.9 E61.40612
G1 X109.021 Y119.4 E61.41239
G1 X109.419 Y119.4 E61.41738
G1 X109.42 Y119.9 E61.42363
G0 F7200 X109.22 Y119.9
G0 X109.22 Y119.8
G0 X110.284 Y119.412
G0 X112.933 Y119.588
G0 X115.067 Y119.584
G0 X120.919 Y118.594
G0 X122.107 Y118.503
G0 X122.105 Y118.602
G1 F1182.4 X121.784 Y118.608 E61.42765
G1 X121.784 Y118.111 E61.43388
G1 X121.811 Y118.108 E61.43422
G1 X122.102 Y118.102 E61.43787
G1 X122.216 Y118.11 E61.43931
G1 X122.216 Y118.61 E61.44558
G1 X122.105 Y118.602 E61.44697
G0 F7200 X121.905 Y118.605
G0 X121.904 Y118.507
G0 X121.905 Y118.505
G0 X121.797 Y115.595
G0 X121.883 Y115.602
G1 F1182.4 X121.784 Y115.609 E61.44822
G1 X121.784 Y115.111 E61.45446
G1 X121.91 Y115.102 E61.45605
G1 X122.189 Y115.108 E61.45955
G1 X122.216 Y115.111 E61.45989
G1 X122.216 Y115.608 E61.46612
G1 X121.883 Y115.602 E61.4703
G0 F7200 X121.784 Y115.609
G0 X121.784 Y115.508
G0 X121.978 Y115.326
;TYPE:SKIN
G1 F1182.4 X122.006 Y115.298 E61.47055
G0 F7200 X122.008 Y115.205
G0 X122.203 Y112.596
G0 X122.105 Y112.602
;TYPE:WALL-OUTER
G1 F1182.4 X121.784 Y112.608 E61.47457
G1 X121.784 Y112.111 E61.4808
G1 X121.811 Y112.108 E61.48114
G1 X122.102 Y112.102 E61.48479
G1 X122.216 Y112.11 E61.48623
G1 X122.216 Y112.61 E61.4925
G1 X122.105 Y112.602 E61.49389
G0 F7200 X121.905 Y112.605
G0 X121.904 Y112.507
G0 X121.905 Y112.505
G0 X121.797 Y109.595
G0 X121.883 Y109.602
G1 F1182.4 X121.784 Y109.609 E61.49514
G1 X121.784 Y109.111 E61.50138
G1 X121.811 Y109.108 E61.50172
G1 X122.102 Y109.102 E61.50537
G1 X122.216 Y109.11 E61.50681
G1 X122.216 Y109.608 E61.51305
G1 X121.883 Y109.602 E61.51723
G0 F7200 X121.784 Y109.609
G0 X121.784 Y109.508
G0 X121.978 Y109.386
;TYPE:SKIN
G1 F1182.4 X122.019 Y109.345 E61.51759
G0 F7200 X122.184 Y109.345
G1 F1500 E55.01759
G0 F7200 X122.116 Y109.345
G0 X128.919 Y109.503
G1 F1500 E61.51759
G0 F7200 X129.883 Y109.602
;TYPE:WALL-OUTER
G1 F1182.4 X129.784 Y109.609 E61.51884
G1 X129.784 Y109.111 E61.52508
G1 X129.91 Y109.102 E61.52667
G1 X130.189 Y109.108 E61.53017
G1 X130.216 Y109.111 E61.53051
G1 X130.216 Y109.608 E61.53674
G1 X129.883 Y109.602 E61.54092
G0 F7200 X129.784 Y109.609
G0 X129.784 Y109.508
G0 X129.816 Y109.508
G0 X129.881 Y109.503
G0 X129.91 Y112.121
G0 X129.883 Y112.602
G1 F1182.4 X129.784 Y112.609 E61.54216
G1 X129.784 Y112.111 E61.54841
G1 X129.91 Y112.102 E61.54999
G1 X130.189 Y112.108 E61.55349
G1 X130.216 Y112.111 E61.55383
G1 X130.216 Y112.608 E61.56006
G1 X129.883 Y112.602 E61.56424
G0 F7200 X129.784 Y112.609
G0 X129.784 Y112.508
G0 X129.986 Y112.409
;TYPE:SKIN
G1 F1182.4 X130.019 Y112.376 E61.56453
G0 F7200 X130.184 Y112.376
G0 X130.116 Y112.376
G0 X129.91 Y115.121
G0 X129.883 Y115.602
;TYPE:WALL-OUTER
G1 F1182.4 X129.784 Y115.609 E61.56578
G1 X129.784 Y115.111 E61.57202
G1 X129.91 Y115.102 E61.57361
G1 X130.189 Y115.108 E61.5771
G1 X130.216 Y115.111 E61.57745
G1 X130.216 Y115.608 E61.58368
G1 X129.883 Y115.602 E61.58785
G0 F7200 X129.784 Y115.609
G0 X129.784 Y115.508
G0 X129.816 Y115.508
G0 X129.881 Y115.503
G0 X130.102 Y118.121
G0 X130.105 Y118.602
G1 F1182.4 X129.784 Y118.608 E61.59188
G1 X129.784 Y118.111 E61.59811
G1 X129.811 Y118.108 E61.59845
G1 X130.102 Y118.102 E61.6021
G1 X130.216 Y118.11 E61.60354
G1 X130.216 Y118.61 E61.60981
G1 X130.105 Y118.602 E61.6112
G0 F7200 X129.905 Y118.605
G0 X129.978 Y118.356
;TYPE:SKIN
G1 F1182.4 X130.019 Y118.315 E61.61157
G0 F7200 X130.184 Y118.315
;MESH:NONMESH
G0 F600 X130.184 Y118.315 Z13.4
G0 F7200 X130.116 Y118.315
G0 X128.919 Y118.124
G0 X123.071 Y114.374
G0 X120.933 Y113.588
G0 X115.081 Y109.596
G0 X114.1 Y109.45
;TIME_ELAPSED:704.909421
;LAYER:66
;TYPE:WALL-OUTER
;MESH:output_v2\B_media_suporte.stl
G1 F600 X113.9 Y109.45 E61.61407
G1 X113.9 Y109.25 E61.61658
G1 X114.1 Y109.25 E61.61784
G1 X114.1 Y109.45 E61.61909
G0 F7200 X113.9 Y109.45
G0 X114 Y109.38
G0 X114 Y112.27
G0 X114.1 Y112.45
G1 F600 X113.9 Y112.45 E61.6216
G1 X113.9 Y112.25 E61.62411
G1 X114.1 Y112.25 E61.62536
G1 X114.1 Y112.45 E61.62661
G0 F7200 X113.9 Y112.45
G0 X114 Y112.38
G0 X114 Y115.27
G0 X114.1 Y115.45
G1 F600 X113.9 Y115.45 E61.62912
G1 X113.9 Y115.25 E61.63163
G1 X114.1 Y115.25 E61.63289
G1 X114.1 Y115.45 E61.63414
G0 F7200 X113.9 Y115.45
G0 X114 Y115.38
G0 X114 Y118.27
G0 X114.1 Y118.45
G1 F600 X113.9 Y118.45 E61.63665
G1 X113.9 Y118.25 E61.63916
G1 X114.1 Y118.25 E61.64041
G1 X114.1 Y118.45 E61.64166
G0 F7200 X113.9 Y118.45
G0 X114 Y118.38
G0 X110.283 Y119.412
G0 X109.318 Y119.829
G0 X109.419 Y119.9
G1 F600 X109.02 Y119.9 E61.64667
G1 X109.02 Y119.4 E61.65294
G1 X109.418 Y119.4 E61.65793
G1 X109.419 Y119.9 E61.66417
G0 F7200 X109.219 Y119.9
G0 X109.219 Y119.8
G0 X110.283 Y119.412
G0 X114.953 Y119.303
G0 X121.035 Y118.436
G0 X122.1 Y118.45
G1 F600 X121.9 Y118.45 E61.66668
G1 X121.9 Y118.25 E61.66919
G1 X122.1 Y118.25 E61.67045
G1 X122.1 Y118.45 E61.6717
G0 F7200 X121.9 Y118.45
G0 X122 Y118.38
G0 X122 Y115.43
G0 X122.1 Y115.45
G1 F600 X121.9 Y115.45 E61.67421
G1 X121.9 Y115.25 E61.67672
G1 X122.1 Y115.25 E61.67797
G1 X122.1 Y115.45 E61.67922
G0 F7200 X121.9 Y115.45
G0 X122 Y115.38
G0 X122 Y112.43
G0 X122.1 Y112.45
G1 F600 X121.9 Y112.45 E61.68173
G1 X121.9 Y112.25 E61.68424
G1 X122.1 Y112.25 E61.68549
G1 X122.1 Y112.45 E61.68675
G0 F7200 X121.9 Y112.45
G0 X122 Y112.38
G0 X122 Y109.43
G0 X122.1 Y109.45
G1 F600 X121.9 Y109.45 E61.68926
G1 X121.9 Y109.25 E61.69176
G1 X122.1 Y109.25 E61.69302
G1 X122.1 Y109.45 E61.69427
G0 F7200 X121.9 Y109.45
G1 F1500 E55.19427
G0 F7200 X122 Y109.38
G0 X129.035 Y109.38
G1 F1500 E61.69427
G0 F7200 X130.1 Y109.45
G1 F600 X129.9 Y109.45 E61.69678
G1 X129.9 Y109.25 E61.69929
G1 X130.1 Y109.25 E61.70054
G1 X130.1 Y109.45 E61.7018
G0 F7200 X129.9 Y109.45
G0 X130 Y109.38
G0 X130 Y112.27
G0 X130.1 Y112.45
G1 F600 X129.9 Y112.45 E61.7043
G1 X129.9 Y112.25 E61.70681
G1 X130.1 Y112.25 E61.70807
G1 X130.1 Y112.45 E61.70932
G0 F7200 X129.9 Y112.45
G0 X130 Y112.38
G0 X130 Y115.27
G0 X130.1 Y115.45
G1 F600 X129.9 Y115.45 E61.71183
G1 X129.9 Y115.25 E61.71434
G1 X130.1 Y115.25 E61.71559
G1 X130.1 Y115.45 E61.71684
G0 F7200 X129.9 Y115.45
G0 X130 Y115.38
G0 X130 Y118.27
G0 X130.1 Y118.45
G1 F600 X129.9 Y118.45 E61.71935
G1 X129.9 Y118.25 E61.72186
G1 X130.1 Y118.25 E61.72311
G1 X130.1 Y118.45 E61.72437
G0 F7200 X129.9 Y118.45
G1 F1500 E55.22437
;MESH:NONMESH
G0 F600 X129.9 Y118.45 Z13.6
G0 F7200 X130 Y118.38
G0 X122.953 Y114.397
G0 X121.873 Y113.778
G0 X114.965 Y109.436
G1 F1500 E61.72437
G0 F7200 X114.1 Y109.45
;TIME_ELAPSED:708.381842
;LAYER:67
;TYPE:WALL-OUTER
;MESH:output_v2\B_media_suporte.stl
G1 F600 X113.9 Y109.45 E61.72688
G1 X113.9 Y109.25 E61.72938
G1 X114.1 Y109.25 E61.73064
G1 X114.1 Y109.45 E61.73189
G0 F7200 X113.9 Y109.45
G0 X114 Y109.38
G0 X114 Y112.27
G0 X114.1 Y112.45
G1 F600 X113.9 Y112.45 E61.7344
G1 X113.9 Y112.25 E61.73691
G1 X114.1 Y112.25 E61.73816
G1 X114.1 Y112.45 E61.73942
G0 F7200 X113.9 Y112.45
G0 X114 Y112.38
G0 X114 Y115.27
G0 X114.1 Y115.45
G1 F600 X113.9 Y115.45 E61.74193
G1 X113.9 Y115.25 E61.74443
G1 X114.1 Y115.25 E61.74569
G1 X114.1 Y115.45 E61.74694
G0 F7200 X113.9 Y115.45
G1 F1500 E55.24694
G0 F7200 X114 Y115.38
G0 X114 Y118.27
G1 F1500 E61.74694
G0 F7200 X114.1 Y118.45
G1 F600 X113.9 Y118.45 E61.74945
G1 X113.9 Y118.25 E61.75196
G1 X114.1 Y118.25 E61.75321
G1 X114.1 Y118.45 E61.75447
G0 F7200 X113.9 Y118.45
G0 X114 Y118.38
G0 X110.282 Y119.412
G0 X109.317 Y119.829
G0 X109.418 Y119.9
G1 F600 X109.019 Y119.9 E61.75947
G1 X109.019 Y119.4 E61.76574
G1 X109.417 Y119.4 E61.77073
G1 X109.418 Y119.9 E61.77698
G0 F7200 X109.218 Y119.9
G0 X109.218 Y119.8
G1 F1500 E55.27698
G0 F7200 X110.282 Y119.412
G0 X114.953 Y119.303
G0 X121.035 Y118.436
G1 F1500 E61.77698
G0 F7200 X122.1 Y118.45
G1 F600 X121.9 Y118.45 E61.77949
G1 X121.9 Y118.25 E61.78199
G1 X122.1 Y118.25 E61.78325
G1 X122.1 Y118.45 E61.7845
G0 F7200 X121.9 Y118.45
G0 X122 Y118.38
G0 X122 Y115.43
G0 X122.1 Y115.45
G1 F600 X121.9 Y115.45 E61.78701
G1 X121.9 Y115.25 E61.78952
G1 X122.1 Y115.25 E61.79077
G1 X122.1 Y115.45 E61.79203
G0 F7200 X121.9 Y115.45
G0 X122 Y115.38
G0 X122 Y112.43
G0 X122.1 Y112.45
G1 F600 X121.9 Y112.45 E61.79453
G1 X121.9 Y112.25 E61.79704
G1 X122.1 Y112.25 E61.7983
G1 X122.1 Y112.45 E61.79955
G0 F7200 X121.9 Y112.45
G0 X122 Y112.38
G0 X122 Y109.43
G0 X122.1 Y109.45
G1 F600 X121.9 Y109.45 E61.80206
G1 X121.9 Y109.25 E61.80457
G1 X122.1 Y109.25 E61.80582
G1 X122.1 Y109.45 E61.80707
G0 F7200 X121.9 Y109.45
G0 X122 Y109.38
G0 X129.035 Y109.38
G0 X130.1 Y109.45
G1 F600 X129.9 Y109.45 E61.80958
G1 X129.9 Y109.25 E61.81209
G1 X130.1 Y109.25 E61.81334
G1 X130.1 Y109.45 E61.8146
G0 F7200 X129.9 Y109.45
G1 F1500 E55.3146
G0 F7200 X130 Y109.38
G0 X130 Y112.27
G1 F1500 E61.8146
G0 F7200 X130.1 Y112.45
G1 F600 X129.9 Y112.45 E61.81711
G1 X129.9 Y112.25 E61.81961
G1 X130.1 Y112.25 E61.82087
G1 X130.1 Y112.45 E61.82212
G0 F7200 X129.9 Y112.45
G0 X130 Y112.38
G0 X130 Y115.27
G0 X130.1 Y115.45
G1 F600 X129.9 Y115.45 E61.82463
G1 X129.9 Y115.25 E61.82714
G1 X130.1 Y115.25 E61.82839
G1 X130.1 Y115.45 E61.82965
G0 F7200 X129.9 Y115.45
G0 X130 Y115.38
G0 X130 Y118.27
G0 X130.1 Y118.45
G1 F600 X129.9 Y118.45 E61.83215
G1 X129.9 Y118.25 E61.83466
G1 X130.1 Y118.25 E61.83592
G1 X130.1 Y118.45 E61.83717
G0 F7200 X129.9 Y118.45
G1 F1500 E55.33717
;MESH:NONMESH
G0 F600 X129.9 Y118.45 Z13.8
G0 F7200 X130 Y118.38
G0 X122.953 Y114.397
G0 X121.873 Y113.778
G0 X114.965 Y109.436
G1 F1500 E61.83717
G0 F7200 X114.104 Y109.602
;TIME_ELAPSED:712.921534
;LAYER:68
;TYPE:WALL-OUTER
;MESH:output_v2\B_media_suporte.stl
G1 F1184.2 X113.783 Y109.608 E61.8412
G1 X113.782 Y109.111 E61.84743
G1 X113.812 Y109.108 E61.84781
G1 X114.092 Y109.102 E61.85132
G1 X114.217 Y109.111 E61.85289
G1 X114.218 Y109.609 E61.85914
G1 X114.104 Y109.602 E61.86057
G0 F7200 X113.904 Y109.605
G0 X113.903 Y109.507
G1 F1500 E55.36057
G0 F7200 X113.904 Y109.505
G0 X114.092 Y112.121
G1 F1500 E61.86057
G0 F7200 X114.104 Y112.602
G1 F1184.2 X113.783 Y112.609 E61.8646
G1 X113.782 Y112.111 E61.87084
G1 X113.812 Y112.108 E61.87122
G1 X114.092 Y112.102 E61.87473
G1 X114.217 Y112.111 E61.8763
G1 X114.218 Y112.609 E61.88255
G1 X114.104 Y112.602 E61.88398
G0 F7200 X113.904 Y112.606
G0 X113.902 Y112.507
G1 F1500 E55.38398
G0 F7200 X113.903 Y112.506
G0 X114.092 Y115.121
G1 F1500 E61.88398
G0 F7200 X114.104 Y115.602
G1 F1184.2 X113.783 Y115.609 E61.88801
G1 X113.782 Y115.111 E61.89425
G1 X113.812 Y115.108 E61.89463
G1 X114.092 Y115.102 E61.89814
G1 X114.217 Y115.111 E61.89971
G1 X114.218 Y115.609 E61.90596
G1 X114.104 Y115.602 E61.90739
G0 F7200 X113.904 Y115.606
G0 X113.902 Y115.507
G1 F1500 E55.40739
G0 F7200 X113.903 Y115.506
G0 X114.092 Y118.121
G1 F1500 E61.90739
G0 F7200 X114.104 Y118.602
G1 F1184.2 X113.783 Y118.609 E61.91142
G1 X113.782 Y118.111 E61.91766
G1 X113.812 Y118.108 E61.91804
G1 X114.092 Y118.102 E61.92155
G1 X114.217 Y118.111 E61.92312
G1 X114.218 Y118.609 E61.92937
G1 X114.104 Y118.602 E61.9308
G0 F7200 X113.904 Y118.606
G0 X113.902 Y118.507
G1 F1500 E55.4308
G0 F7200 X113.903 Y118.506
G0 X110.281 Y119.412
G0 X109.316 Y119.829
G1 F1500 E61.9308
G0 F7200 X109.417 Y119.9
G1 F1184.2 X109.018 Y119.9 E61.9358
G1 X109.018 Y119.4 E61.94207
G1 X109.416 Y119.4 E61.94707
G1 X109.417 Y119.9 E61.95331
G0 F7200 X109.217 Y119.9
G0 X109.217 Y119.8
G0 X110.281 Y119.412
G0 X112.933 Y119.594
G0 X115.069 Y119.601
G0 X120.918 Y118.597
G0 X122.105 Y118.503
G0 X122.104 Y118.602
G1 F1184.2 X121.783 Y118.609 E61.95734
G1 X121.782 Y118.111 E61.96358
G1 X121.812 Y118.108 E61.96396
G1 X122.092 Y118.102 E61.96747
G1 X122.217 Y118.111 E61.96905
G1 X122.218 Y118.609 E61.97529
G1 X122.104 Y118.602 E61.97672
G0 F7200 X121.904 Y118.606
G0 X122.021 Y118.344
;TYPE:SKIN
G1 F1184.2 X121.975 Y118.298 E61.97713
G0 F7200 X121.817 Y118.298
G1 F1500 E55.47713
G0 F7200 X121.883 Y118.299
G0 X122.005 Y115.585
G1 F1500 E61.97713
G0 F7200 X121.896 Y115.602
;TYPE:WALL-OUTER
G1 F1184.2 X121.783 Y115.609 E61.97855
G1 X121.782 Y115.111 E61.9848
G1 X121.908 Y115.102 E61.98638
G1 X122.189 Y115.108 E61.9899
G1 X122.217 Y115.111 E61.99026
G1 X122.218 Y115.609 E61.9965
G1 X121.896 Y115.602 E62.00054
G0 F7200 X121.783 Y115.609
G0 X121.783 Y115.522
G0 X121.817 Y115.522
G1 F1500 E55.50054
G0 F7200 X121.882 Y115.502
G0 X122.205 Y112.589
G1 F1500 E62.00054
G0 F7200 X122.104 Y112.602
G1 F1184.2 X121.783 Y112.609 E62.00457
G1 X121.782 Y112.111 E62.01081
G1 X121.812 Y112.108 E62.01119
G1 X122.092 Y112.102 E62.0147
G1 X122.217 Y112.111 E62.01628
G1 X122.218 Y112.609 E62.02252
G1 X122.104 Y112.602 E62.02395
G0 F7200 X121.904 Y112.606
G0 X122.022 Y112.405
;TYPE:SKIN
G1 F1184.2 X121.976 Y112.359 E62.02436
G0 F7200 X121.817 Y112.359
G1 F1500 E55.52436
G0 F7200 X121.883 Y112.36
G0 X122.005 Y109.585
G1 F1500 E62.02436
G0 F7200 X121.896 Y109.602
;TYPE:WALL-OUTER
G1 F1184.2 X121.783 Y109.609 E62.02578
G1 X121.782 Y109.111 E62.03203
G1 X121.812 Y109.108 E62.0324
G1 X122.092 Y109.102 E62.03592
G1 X122.217 Y109.111 E62.03749
G1 X122.218 Y109.609 E62.04373
G1 X121.896 Y109.602 E62.04777
G0 F7200 X121.783 Y109.609
G0 X121.783 Y109.522
G0 X121.817 Y109.522
G1 F1500 E55.54777
G0 F7200 X121.882 Y109.502
G0 X123.082 Y109.516
G0 X128.918 Y109.505
G1 F1500 E62.04777
G0 F7200 X129.896 Y109.602
G1 F1184.2 X129.783 Y109.609 E62.04919
G1 X129.782 Y109.111 E62.05544
G1 X129.908 Y109.102 E62.05702
G1 X130.189 Y109.108 E62.06055
G1 X130.217 Y109.111 E62.0609
G1 X130.218 Y109.609 E62.06714
G1 X129.896 Y109.602 E62.07118
G0 F7200 X129.783 Y109.609
G0 X129.783 Y109.522
G0 X129.976 Y109.328
;TYPE:SKIN
G1 F1184.2 X130.022 Y109.374 E62.07159
G0 F7200 X130.183 Y109.374
G0 X130.117 Y109.373
G0 X129.908 Y112.121
G0 X129.896 Y112.602
;TYPE:WALL-OUTER
G1 F1184.2 X129.783 Y112.609 E62.07301
G1 X129.782 Y112.111 E62.07926
G1 X129.908 Y112.102 E62.08084
G1 X130.189 Y112.108 E62.08436
G1 X130.217 Y112.111 E62.08472
G1 X130.218 Y112.609 E62.09096
G1 X129.896 Y112.602 E62.095
G0 F7200 X129.783 Y112.609
G0 X129.783 Y112.522
G0 X129.817 Y112.522
G0 X129.882 Y112.502
G0 X129.908 Y115.121
G0 X129.896 Y115.602
G1 F1184.2 X129.783 Y115.609 E62.09642
G1 X129.782 Y115.111 E62.10267
G1 X129.908 Y115.102 E62.10425
G1 X130.189 Y115.108 E62.10777
G1 X130.217 Y115.111 E62.10813
G1 X130.218 Y115.609 E62.11437
G1 X129.896 Y115.602 E62.11841
G0 F7200 X129.783 Y115.609
G0 X129.783 Y115.522
G0 X129.817 Y115.522
G0 X129.882 Y115.502
G0 X130.092 Y118.121
G0 X130.104 Y118.602
G1 F1184.2 X129.783 Y118.609 E62.12244
G1 X129.782 Y118.111 E62.12868
G1 X129.812 Y118.108 E62.12906
G1 X130.092 Y118.102 E62.13257
G1 X130.217 Y118.111 E62.13415
G1 X130.218 Y118.609 E62.14039
G1 X130.104 Y118.602 E62.14182
G0 F7200 X129.904 Y118.606
G0 X130.005 Y118.408
;TYPE:SKIN
G1 F1184.2 X129.976 Y118.38 E62.14208
G0 F7200 X129.817 Y118.38
;MESH:NONMESH
G0 F600 X129.817 Y118.38 Z14
G0 F7200 X129.883 Y118.381
G0 X123.071 Y114.374
G0 X120.933 Y113.594
G0 X115.082 Y109.593
G0 X113.883 Y109.538
G0 X113.675 Y109.62
;TIME_ELAPSED:719.776352
;LAYER:69
;TYPE:WALL-OUTER
;MESH:output_v2\B_media_suporte.stl
G1 F1800 X113.565 Y109.637 E62.14347
G1 X113.564 Y109.142 E62.14968
G1 X113.731 Y109.116 E62.1518
G1 X113.812 Y109.108 E62.15282
G1 X114.092 Y109.102 E62.15633
G1 X114.188 Y109.108 E62.15754
G1 X114.269 Y109.116 E62.15856
G1 X114.435 Y109.142 E62.16067
G1 X114.436 Y109.637 E62.16687
G1 X114.325 Y109.62 E62.16828
G1 X114.216 Y109.609 E62.16965
G1 X114.104 Y109.602 E62.17106
G1 X113.788 Y109.608 E62.17503
G1 X113.675 Y109.62 E62.17645
G0 F7200 X113.565 Y109.637
G0 X113.565 Y109.548
G0 X113.81 Y109.352
;TYPE:SKIN
G1 F1800 X114.09 Y109.354 E62.17829
G0 F7200 X114.15 Y109.204
G0 X114.15 Y109.206
G0 X113.813 Y112.127
G0 X113.675 Y112.62
;TYPE:WALL-OUTER
G1 F1800 X113.565 Y112.637 E62.17969
G1 X113.564 Y112.142 E62.1859
G1 X113.731 Y112.116 E62.18802
G1 X113.812 Y112.108 E62.18904
G1 X114.092 Y112.102 E62.19255
G1 X114.188 Y112.108 E62.19376
G1 X114.269 Y112.116 E62.19478
G1 X114.435 Y112.142 E62.19688
G1 X114.436 Y112.637 E62.20309
G1 X114.325 Y112.62 E62.2045
G1 X114.216 Y112.609 E62.20587
G1 X114.104 Y112.602 E62.20728
G1 X113.788 Y112.608 E62.21124
G1 X113.675 Y112.62 E62.21267
G0 F7200 X113.565 Y112.637
G0 X113.565 Y112.548
G0 X113.918 Y112.355
;TYPE:SKIN
G1 F1800 X114.192 Y112.363 E62.21449
G0 F7200 X114.038 Y112.504
G1 F1500 E55.71449
G0 F7200 X114.039 Y112.503
G0 X113.813 Y115.127
G1 F1500 E62.21449
G0 F7200 X113.675 Y115.62
;TYPE:WALL-OUTER
G1 F1800 X113.565 Y115.637 E62.21588
G1 X113.564 Y115.142 E62.22209
G1 X113.731 Y115.116 E62.22421
G1 X113.812 Y115.108 E62.22523
G1 X114.092 Y115.102 E62.22874
G1 X114.188 Y115.108 E62.22995
G1 X114.269 Y115.116 E62.23097
G1 X114.435 Y115.142 E62.23308
G1 X114.436 Y115.637 E62.23929
G1 X114.325 Y115.62 E62.24069
G1 X114.216 Y115.609 E62.24207
G1 X114.104 Y115.602 E62.24347
G1 X113.788 Y115.608 E62.24744
G1 X113.675 Y115.62 E62.24886
G0 F7200 X113.565 Y115.637
G0 X113.565 Y115.548
G0 X113.778 Y115.323
;TYPE:SKIN
G1 F1800 X114.032 Y115.352 E62.25021
G0 F7200 X114.087 Y115.202
G1 F1500 E55.75021
G0 F7200 X114.086 Y115.203
G0 X113.813 Y118.127
G1 F1500 E62.25021
G0 F7200 X113.675 Y118.62
;TYPE:WALL-OUTER
G1 F1800 X113.565 Y118.637 E62.25161
G1 X113.564 Y118.142 E62.25782
G1 X113.731 Y118.116 E62.25994
G1 X113.812 Y118.108 E62.26096
G1 X114.092 Y118.102 E62.26447
G1 X114.188 Y118.108 E62.26568
G1 X114.269 Y118.116 E62.2667
G1 X114.435 Y118.142 E62.2688
G1 X114.436 Y118.637 E62.27501
G1 X114.325 Y118.62 E62.27642
G1 X114.216 Y118.609 E62.27779
G1 X114.104 Y118.602 E62.2792
G1 X113.788 Y118.608 E62.28316
G1 X113.675 Y118.62 E62.28459
G0 F7200 X113.565 Y118.637
G0 X113.565 Y118.548
G0 X113.857 Y118.356
;TYPE:SKIN
G1 F1800 X114.141 Y118.354 E62.28649
G0 F7200 X114.193 Y118.206
G1 F1500 E55.78649
G0 F7200 X114.193 Y118.209
G0 X112.7 Y118.624
G0 X110.28 Y119.412
G0 X109.315 Y119.829
G1 F1500 E62.28649
G0 F7200 X109.416 Y119.9
;TYPE:WALL-OUTER
G1 F1800 X109.017 Y119.9 E62.29149
G1 X109.017 Y119.4 E62.29776
G1 X109.415 Y119.4 E62.30275
G1 X109.416 Y119.9 E62.309
G0 F7200 X109.216 Y119.9
G0 X109.216 Y119.8
G1 F1500 E55.809
G0 F7200 X110.28 Y119.412
G0 X112.717 Y119.729
G0 X115.286 Y119.735
G0 X120.7 Y118.624
G1 F1500 E62.309
G0 F7200 X121.675 Y118.62
G1 F1800 X121.565 Y118.637 E62.3104
G1 X121.564 Y118.142 E62.3166
G1 X121.731 Y118.116 E62.31872
G1 X121.812 Y118.108 E62.31974
G1 X122.092 Y118.102 E62.32326
G1 X122.188 Y118.108 E62.32446
G1 X122.269 Y118.116 E62.32548
G1 X122.435 Y118.142 E62.32759
G1 X122.436 Y118.637 E62.3338
G1 X122.325 Y118.62 E62.33521
G1 X122.216 Y118.609 E62.33658
G1 X122.104 Y118.602 E62.33799
G1 X121.788 Y118.608 E62.34195
G1 X121.675 Y118.62 E62.34338
G0 F7200 X121.565 Y118.637
G0 X121.565 Y118.548
G0 X121.794 Y118.338
;TYPE:SKIN
G1 F1800 X122.062 Y118.353 E62.34498
G0 F7200 X122.112 Y118.203
G1 F1500 E55.84498
G0 F7200 X121.577 Y115.622
G1 F1500 E62.34498
G0 F7200 X121.675 Y115.62
;TYPE:WALL-OUTER
G1 F1800 X121.565 Y115.637 E62.34638
G1 X121.564 Y115.142 E62.35259
G1 X121.731 Y115.116 E62.35471
G1 X121.812 Y115.108 E62.35573
G1 X121.908 Y115.102 E62.35693
G1 X122.189 Y115.108 E62.36046
G1 X122.269 Y115.116 E62.36147
G1 X122.435 Y115.142 E62.36357
G1 X122.436 Y115.637 E62.36978
G1 X122.325 Y115.62 E62.37119
G1 X122.212 Y115.608 E62.37261
G1 X121.896 Y115.602 E62.37658
G1 X121.784 Y115.609 E62.37798
G1 X121.675 Y115.62 E62.37936
G0 F7200 X121.565 Y115.637
G0 X121.565 Y115.548
G0 X121.951 Y115.352
;TYPE:SKIN
G1 F1800 X122.207 Y115.379 E62.38088
G0 F7200 X122.032 Y115.504
G1 F1500 E55.88088
G0 F7200 X121.577 Y112.622
G1 F1500 E62.38088
G0 F7200 X121.675 Y112.62
;TYPE:WALL-OUTER
G1 F1800 X121.565 Y112.637 E62.38227
G1 X121.564 Y112.142 E62.38848
G1 X121.731 Y112.116 E62.3906
G1 X121.812 Y112.108 E62.39162
G1 X122.092 Y112.102 E62.39513
G1 X122.188 Y112.108 E62.39634
G1 X122.269 Y112.116 E62.39736
G1 X122.435 Y112.142 E62.39947
G1 X122.436 Y112.637 E62.40568
G1 X122.325 Y112.62 E62.40708
G1 X122.216 Y112.609 E62.40846
G1 X122.104 Y112.602 E62.40986
G1 X121.788 Y112.608 E62.41383
G1 X121.675 Y112.62 E62.41525
G0 F7200 X121.565 Y112.637
G0 X121.565 Y112.548
G0 X121.836 Y112.356
;TYPE:SKIN
G1 F1800 X122.121 Y112.354 E62.41719
G0 F7200 X122.173 Y112.205
G1 F1500 E55.91719
G0 F7200 X122.18 Y112.208
G0 X121.577 Y109.622
G1 F1500 E62.41719
G0 F7200 X121.675 Y109.62
;TYPE:WALL-OUTER
G1 F1800 X121.565 Y109.637 E62.41859
G1 X121.564 Y109.142 E62.42479
G1 X121.731 Y109.116 E62.42691
G1 X121.812 Y109.108 E62.42793
G1 X122.092 Y109.102 E62.43145
G1 X122.188 Y109.108 E62.43265
G1 X122.269 Y109.116 E62.43367
G1 X122.435 Y109.142 E62.43578
G1 X122.436 Y109.637 E62.44199
G1 X122.325 Y109.62 E62.4434
G1 X122.212 Y109.608 E62.44482
G1 X121.896 Y109.602 E62.44878
G1 X121.784 Y109.609 E62.45019
G1 X121.675 Y109.62 E62.45157
G0 F7200 X121.565 Y109.637
G0 X121.565 Y109.548
G0 X121.956 Y109.408
;TYPE:SKIN
G1 F1800 X122.067 Y109.297 E62.45255
G0 F7200 X122.076 Y109.206
G1 F1500 E55.95255
G0 F7200 X123.3 Y109.534
G0 X128.7 Y109.524
G1 F1500 E62.45255
G0 F7200 X129.675 Y109.62
;TYPE:WALL-OUTER
G1 F1800 X129.565 Y109.637 E62.45395
G1 X129.564 Y109.142 E62.46015
G1 X129.731 Y109.116 E62.46227
G1 X129.812 Y109.108 E62.46329
G1 X129.908 Y109.102 E62.4645
G1 X130.189 Y109.108 E62.46802
G1 X130.269 Y109.116 E62.46903
G1 X130.435 Y109.142 E62.47114
G1 X130.436 Y109.637 E62.47735
G1 X130.325 Y109.62 E62.47876
G1 X130.212 Y109.608 E62.48018
G1 X129.896 Y109.602 E62.48414
G1 X129.784 Y109.609 E62.48555
G1 X129.675 Y109.62 E62.48693
G0 F7200 X129.565 Y109.637
G0 X129.565 Y109.548
G0 X129.931 Y109.352
;TYPE:SKIN
G1 F1800 X130.197 Y109.369 E62.48863
G0 F7200 X130.031 Y109.504
G1 F1500 E55.98863
G0 F7200 X129.813 Y112.127
G1 F1500 E62.48863
G0 F7200 X129.675 Y112.62
;TYPE:WALL-OUTER
G1 F1800 X129.565 Y112.637 E62.49002
G1 X129.564 Y112.142 E62.49623
G1 X129.731 Y112.116 E62.49835
G1 X129.812 Y112.108 E62.49937
G1 X129.908 Y112.102 E62.50058
G1 X130.189 Y112.108 E62.5041
G1 X130.269 Y112.116 E62.50511
G1 X130.435 Y112.142 E62.50722
G1 X130.436 Y112.637 E62.51342
G1 X130.325 Y112.62 E62.51483
G1 X130.212 Y112.608 E62.51626
G1 X129.896 Y112.602 E62.52022
G1 X129.784 Y112.609 E62.52163
G1 X129.675 Y112.62 E62.523
G0 F7200 X129.565 Y112.637
G0 X129.565 Y112.548
G0 X129.784 Y112.328
;TYPE:SKIN
G1 F1800 X130.04 Y112.355 E62.5244
G0 F7200 X130.096 Y112.206
G1 F1500 E56.0244
G0 F7200 X129.813 Y115.127
G1 F1500 E62.5244
G0 F7200 X129.675 Y115.62
;TYPE:WALL-OUTER
G1 F1800 X129.565 Y115.637 E62.5258
G1 X129.564 Y115.142 E62.53201
G1 X129.731 Y115.116 E62.53413
G1 X129.812 Y115.108 E62.53515
G1 X129.908 Y115.102 E62.53635
G1 X130.189 Y115.108 E62.53988
G1 X130.269 Y115.116 E62.54089
G1 X130.435 Y115.142 E62.54299
G1 X130.436 Y115.637 E62.5492
G1 X130.325 Y115.62 E62.55061
G1 X130.212 Y115.608 E62.55203
G1 X129.896 Y115.602 E62.556
G1 X129.784 Y115.609 E62.5574
G1 X129.675 Y115.62 E62.55878
G0 F7200 X129.565 Y115.637
G0 X129.565 Y115.548
G0 X129.869 Y115.354
;TYPE:SKIN
G1 F1800 X130.149 Y115.358 E62.56072
G0 F7200 X130.187 Y115.208
G1 F1500 E56.06072
G0 F7200 X129.813 Y118.127
G1 F1500 E62.56072
G0 F7200 X129.675 Y118.62
;TYPE:WALL-OUTER
G1 F1800 X129.565 Y118.637 E62.56212
G1 X129.564 Y118.142 E62.56833
G1 X129.731 Y118.116 E62.57045
G1 X129.812 Y118.108 E62.57147
G1 X130.092 Y118.102 E62.57498
G1 X130.188 Y118.108 E62.57618
G1 X130.269 Y118.116 E62.5772
G1 X130.435 Y118.142 E62.57931
G1 X130.436 Y118.637 E62.58552
G1 X130.325 Y118.62 E62.58693
G1 X130.216 Y118.609 E62.5883
G1 X130.104 Y118.602 E62.58971
G1 X129.788 Y118.608 E62.59367
G1 X129.675 Y118.62 E62.5951
G0 F7200 X129.565 Y118.637
G0 X129.565 Y118.548
G0 X129.981 Y118.353
;TYPE:SKIN
G1 F1800 X130.222 Y118.395 E62.5964
G0 F7200 X130.033 Y118.203
G1 F1500 E56.0964
;MESH:NONMESH
G0 F600 X130.033 Y118.203 Z14.2
G0 F7200 X130.032 Y118.204
G0 X128.699 Y118.156
G0 X123.29 Y114.481
G0 X120.717 Y113.729
G0 X115.3 Y109.62
G0 X113.665 Y109.562
G1 F1500 E62.5964
G0 F7200 X113.459 Y109.653
;TIME_ELAPSED:729.086815
;LAYER:70
;TYPE:WALL-OUTER
;MESH:output_v2\B_media_suporte.stl
G1 F1800 X113.355 Y109.681 E62.59775
G1 X113.354 Y109.195 E62.60384
G1 X113.537 Y109.146 E62.60622
G1 X113.731 Y109.116 E62.60868
G1 X113.812 Y109.108 E62.6097
G1 X114.091 Y109.102 E62.6132
G1 X114.224 Y109.111 E62.61487
G1 X114.369 Y109.13 E62.61671
G1 X114.455 Y109.144 E62.6178
G1 X114.645 Y109.195 E62.62027
G1 X114.646 Y109.681 E62.62636
G1 X114.541 Y109.653 E62.62772
G1 X114.324 Y109.619 E62.63048
G1 X114.104 Y109.602 E62.63325
G1 X113.788 Y109.608 E62.63721
G1 X113.675 Y109.62 E62.63863
G1 X113.459 Y109.653 E62.64137
G0 F7200 X113.355 Y109.681
G0 X113.355 Y109.588
G0 X113.623 Y109.38
;TYPE:SKIN
G1 F1800 X113.881 Y109.356 E62.64271
G1 X114.165 Y109.356 E62.64417
G0 F7200 X114.198 Y109.511
G1 F1500 E56.14417
G0 F7200 X114.198 Y109.509
G0 X113.733 Y112.135
G1 F1500 E62.64417
G0 F7200 X113.459 Y112.653
;TYPE:WALL-OUTER
G1 F1800 X113.355 Y112.681 E62.64552
G1 X113.354 Y112.195 E62.65161
G1 X113.537 Y112.146 E62.65399
G1 X113.731 Y112.116 E62.65645
G1 X113.812 Y112.108 E62.65747
G1 X114.091 Y112.102 E62.66097
G1 X114.224 Y112.111 E62.66264
G1 X114.369 Y112.13 E62.66448
G1 X114.455 Y112.144 E62.66557
G1 X114.645 Y112.195 E62.66804
G1 X114.646 Y112.681 E62.67413
G1 X114.541 Y112.653 E62.6755
G1 X114.324 Y112.619 E62.67825
G1 X114.104 Y112.602 E62.68102
G1 X113.788 Y112.608 E62.68498
G1 X113.675 Y112.62 E62.68641
G1 X113.459 Y112.653 E62.68915
G0 F7200 X113.355 Y112.681
G0 X113.355 Y112.588
G0 X113.776 Y112.362
;TYPE:SKIN
G1 F1800 X114.05 Y112.353 E62.69054
G1 X114.355 Y112.375 E62.6921
G0 F7200 X114.365 Y112.534
G1 F1500 E56.1921
G0 F7200 X114.367 Y112.525
G0 X113.733 Y115.135
G1 F1500 E62.6921
G0 F7200 X113.459 Y115.653
;TYPE:WALL-OUTER
G1 F1800 X113.355 Y115.681 E62.69345
G1 X113.354 Y115.195 E62.69954
G1 X113.537 Y115.146 E62.70192
G1 X113.731 Y115.116 E62.70438
G1 X113.812 Y115.108 E62.7054
G1 X114.091 Y115.102 E62.7089
G1 X114.224 Y115.111 E62.71057
G1 X114.369 Y115.13 E62.7124
G1 X114.455 Y115.144 E62.7135
G1 X114.645 Y115.195 E62.71596
G1 X114.646 Y115.681 E62.72206
G1 X114.541 Y115.653 E62.72342
G1 X114.324 Y115.619 E62.72618
G1 X114.104 Y115.602 E62.72894
G1 X113.788 Y115.608 E62.73291
G1 X113.675 Y115.62 E62.73433
G1 X113.459 Y115.653 E62.73707
G0 F7200 X113.355 Y115.681
G0 X113.355 Y115.588
G0 X113.675 Y115.372
;TYPE:SKIN
G1 F1800 X113.939 Y115.353 E62.73843
G1 X114.229 Y115.36 E62.73992
G0 F7200 X114.262 Y115.519
G1 F1500 E56.23992
G0 F7200 X114.262 Y115.514
G0 X113.733 Y118.135
G1 F1500 E62.73992
G0 F7200 X113.459 Y118.653
;TYPE:WALL-OUTER
G1 F1800 X113.355 Y118.681 E62.74127
G1 X113.354 Y118.195 E62.74736
G1 X113.537 Y118.146 E62.74974
G1 X113.731 Y118.116 E62.7522
G1 X113.812 Y118.108 E62.75322
G1 X114.091 Y118.102 E62.75672
G1 X114.224 Y118.111 E62.75839
G1 X114.369 Y118.13 E62.76023
G1 X114.455 Y118.144 E62.76132
G1 X114.645 Y118.195 E62.76379
G1 X114.646 Y118.681 E62.76988
G1 X114.541 Y118.653 E62.77124
G1 X114.324 Y118.619 E62.774
G1 X114.104 Y118.602 E62.77676
G1 X113.788 Y118.608 E62.78073
G1 X113.675 Y118.62 E62.78215
G1 X113.459 Y118.653 E62.78489
G0 F7200 X113.355 Y118.681
G0 X113.355 Y118.588
G0 X113.584 Y118.392
;TYPE:SKIN
G1 F1800 X113.832 Y118.357 E62.78591
G1 X114.407 Y118.367 E62.78826
G0 F7200 X114.26 Y118.212
G1 F1500 E56.28826
G0 F7200 X114.258 Y118.216
G0 X112.49 Y118.668
G0 X110.28 Y119.414
G0 X109.315 Y119.83
G1 F1500 E62.78826
G0 F7200 X109.415 Y119.9
;TYPE:WALL-OUTER
G1 F1800 X109.016 Y119.9 E62.79326
G1 X109.016 Y119.4 E62.79953
G1 X109.415 Y119.4 E62.80453
G1 X109.415 Y119.9 E62.81079
G0 F7200 X109.215 Y119.9
G0 X109.215 Y119.8
G1 F1500 E56.31079
G0 F7200 X110.28 Y119.414
G0 X112.507 Y119.785
G0 X115.496 Y119.788
G0 X120.49 Y118.668
G1 F1500 E62.81079
G0 F7200 X121.459 Y118.653
G1 F1800 X121.355 Y118.681 E62.81214
G1 X121.354 Y118.195 E62.81823
G1 X121.537 Y118.146 E62.82061
G1 X121.731 Y118.116 E62.82307
G1 X121.812 Y118.108 E62.82409
G1 X122.091 Y118.102 E62.82759
G1 X122.224 Y118.111 E62.82926
G1 X122.369 Y118.13 E62.8311
G1 X122.455 Y118.144 E62.83219
G1 X122.645 Y118.195 E62.83466
G1 X122.646 Y118.681 E62.84075
G1 X122.541 Y118.653 E62.84211
G1 X122.324 Y118.619 E62.84487
G1 X122.104 Y118.602 E62.84764
G1 X121.788 Y118.608 E62.8516
G1 X121.675 Y118.62 E62.85302
G1 X121.459 Y118.653 E62.85576
G0 F7200 X121.355 Y118.681
G0 X121.355 Y118.588
G0 X121.758 Y118.364
;TYPE:SKIN
G1 F1800 X122.029 Y118.352 E62.85713
G1 X122.332 Y118.372 E62.85867
G0 F7200 X122.373 Y118.536
G1 F1500 E56.35867
G0 F7200 X122.375 Y118.526
G0 X121.367 Y115.666
G1 F1500 E62.85867
G0 F7200 X121.458 Y115.653
;TYPE:WALL-OUTER
G1 F1800 X121.355 Y115.681 E62.86001
G1 X121.354 Y115.195 E62.8661
G1 X121.537 Y115.146 E62.86848
G1 X121.731 Y115.116 E62.87094
G1 X121.909 Y115.102 E62.87318
G1 X122.189 Y115.108 E62.87669
G1 X122.269 Y115.116 E62.8777
G1 X122.464 Y115.146 E62.88017
G1 X122.645 Y115.195 E62.88253
G1 X122.646 Y115.681 E62.88862
G1 X122.541 Y115.653 E62.88998
G1 X122.325 Y115.62 E62.89272
G1 X122.212 Y115.608 E62.89415
G1 X121.895 Y115.602 E62.89812
G1 X121.743 Y115.612 E62.90003
G1 X121.576 Y115.634 E62.90215
G1 X121.458 Y115.653 E62.90365
G0 F7200 X121.355 Y115.681
G0 X121.355 Y115.587
G0 X121.605 Y115.383
;TYPE:SKIN
G1 F1800 X121.861 Y115.356 E62.90463
G1 X122.426 Y115.355 E62.9068
G0 F7200 X122.263 Y115.209
G1 F1500 E56.4068
G0 F7200 X122.262 Y115.215
G0 X121.367 Y112.666
G1 F1500 E62.9068
G0 F7200 X121.459 Y112.653
;TYPE:WALL-OUTER
G1 F1800 X121.355 Y112.681 E62.90815
G1 X121.354 Y112.195 E62.91425
G1 X121.537 Y112.146 E62.91662
G1 X121.731 Y112.116 E62.91909
G1 X121.812 Y112.108 E62.92011
G1 X122.091 Y112.102 E62.92361
G1 X122.224 Y112.111 E62.92528
G1 X122.369 Y112.13 E62.92711
G1 X122.455 Y112.144 E62.9282
G1 X122.645 Y112.195 E62.93067
G1 X122.646 Y112.681 E62.93677
G1 X122.541 Y112.653 E62.93813
G1 X122.324 Y112.619 E62.94088
G1 X122.104 Y112.602 E62.94365
G1 X121.788 Y112.608 E62.94761
G1 X121.675 Y112.62 E62.94904
G1 X121.459 Y112.653 E62.95178
G0 F7200 X121.355 Y112.681
G0 X121.355 Y112.588
G0 X121.703 Y112.369
;TYPE:SKIN
G1 F1800 X121.97 Y112.354 E62.95314
G1 X122.263 Y112.364 E62.95464
G0 F7200 X122.296 Y112.524
G1 F1500 E56.45464
G0 F7200 X122.296 Y112.517
G0 X121.367 Y109.666
G1 F1500 E62.95464
G0 F7200 X121.459 Y109.653
;TYPE:WALL-OUTER
G1 F1800 X121.355 Y109.681 E62.95599
G1 X121.354 Y109.195 E62.96208
G1 X121.537 Y109.146 E62.96446
G1 X121.731 Y109.116 E62.96692
G1 X121.812 Y109.108 E62.96794
G1 X122.091 Y109.102 E62.97144
G1 X122.224 Y109.111 E62.97311
G1 X122.369 Y109.13 E62.97495
G1 X122.455 Y109.144 E62.97604
G1 X122.645 Y109.195 E62.97851
G1 X122.646 Y109.681 E62.9846
G1 X122.541 Y109.653 E62.98596
G1 X122.325 Y109.62 E62.98871
G1 X122.212 Y109.608 E62.99013
G1 X121.895 Y109.602 E62.99411
G1 X121.745 Y109.612 E62.99599
G1 X121.674 Y109.62 E62.99689
G1 X121.459 Y109.653 E62.99962
G0 F7200 X121.355 Y109.681
G0 X121.355 Y109.588
G0 X121.572 Y109.409
;TYPE:SKIN
G1 F1800 X121.804 Y109.359 E63.00058
G1 X122.39 Y109.379 E63.00297
G0 F7200 X122.269 Y109.21
G1 F1500 E56.50297
G0 F7200 X122.266 Y109.217
G0 X123.51 Y109.569
G0 X128.49 Y109.56
G1 F1500 E63.00297
G0 F7200 X129.459 Y109.653
;TYPE:WALL-OUTER
G1 F1800 X129.355 Y109.681 E63.00432
G1 X129.354 Y109.195 E63.01042
G1 X129.537 Y109.146 E63.01279
G1 X129.731 Y109.116 E63.01526
G1 X129.909 Y109.102 E63.01749
G1 X130.189 Y109.108 E63.02101
G1 X130.269 Y109.116 E63.02201
G1 X130.464 Y109.146 E63.02449
G1 X130.645 Y109.195 E63.02684
G1 X130.646 Y109.681 E63.03293
G1 X130.541 Y109.653 E63.0343
G1 X130.325 Y109.62 E63.03704
G1 X130.212 Y109.608 E63.03846
G1 X129.895 Y109.602 E63.04244
G1 X129.745 Y109.612 E63.04432
G1 X129.674 Y109.62 E63.04522
G1 X129.459 Y109.653 E63.04795
G0 F7200 X129.355 Y109.681
G0 X129.355 Y109.588
G0 X129.731 Y109.367
;TYPE:SKIN
G1 F1800 X130.001 Y109.353 E63.04935
G1 X130.298 Y109.368 E63.05089
G0 F7200 X130.342 Y109.531
G1 F1500 E56.55089
G0 F7200 X130.337 Y109.521
G0 X129.733 Y112.135
G1 F1500 E63.05089
G0 F7200 X129.458 Y112.653
;TYPE:WALL-OUTER
G1 F1800 X129.355 Y112.681 E63.05223
G1 X129.354 Y112.195 E63.05832
G1 X129.537 Y112.146 E63.0607
G1 X129.731 Y112.116 E63.06316
G1 X129.909 Y112.102 E63.0654
G1 X130.189 Y112.108 E63.06891
G1 X130.269 Y112.116 E63.06992
G1 X130.464 Y112.146 E63.07239
G1 X130.645 Y112.195 E63.07474
G1 X130.646 Y112.681 E63.08084
G1 X130.541 Y112.653 E63.0822
G1 X130.325 Y112.62 E63.08494
G1 X130.212 Y112.608 E63.08637
G1 X129.895 Y112.602 E63.09034
G1 X129.743 Y112.612 E63.09225
G1 X129.576 Y112.634 E63.09437
G1 X129.458 Y112.653 E63.09586
G0 F7200 X129.355 Y112.681
G0 X129.355 Y112.587
G0 X129.632 Y112.379
;TYPE:SKIN
G1 F1800 X129.891 Y112.355 E63.09717
G1 X130.176 Y112.357 E63.09861
G0 F7200 X130.205 Y112.513
G1 F1500 E56.59861
G0 F7200 X130.205 Y112.508
G0 X129.733 Y115.135
G1 F1500 E63.09861
G0 F7200 X129.458 Y115.653
;TYPE:WALL-OUTER
G1 F1800 X129.355 Y115.681 E63.09995
G1 X129.354 Y115.195 E63.10604
G1 X129.537 Y115.146 E63.10842
G1 X129.731 Y115.116 E63.11088
G1 X129.909 Y115.102 E63.11312
G1 X130.189 Y115.108 E63.11663
G1 X130.269 Y115.116 E63.11764
G1 X130.464 Y115.146 E63.12011
G1 X130.645 Y115.195 E63.12246
G1 X130.646 Y115.681 E63.12856
G1 X130.541 Y115.653 E63.12992
G1 X130.325 Y115.62 E63.13266
G1 X130.212 Y115.608 E63.13409
G1 X129.895 Y115.602 E63.13806
G1 X129.743 Y115.612 E63.13997
G1 X129.576 Y115.634 E63.14208
G1 X129.458 Y115.653 E63.14358
G0 F7200 X129.355 Y115.681
G0 X129.355 Y115.587
G0 X129.563 Y115.421
;TYPE:SKIN
G1 F1800 X129.786 Y115.361 E63.14449
G1 X130.369 Y115.378 E63.14676
G0 F7200 X130.378 Y115.537
G1 F1500 E56.64676
G0 F7200 X130.381 Y115.528
G0 X129.733 Y118.135
G1 F1500 E63.14676
G0 F7200 X129.459 Y118.653
;TYPE:WALL-OUTER
G1 F1800 X129.355 Y118.681 E63.14811
G1 X129.354 Y118.195 E63.15421
G1 X129.537 Y118.146 E63.15658
G1 X129.731 Y118.116 E63.15905
G1 X129.812 Y118.108 E63.16007
G1 X130.091 Y118.102 E63.16357
G1 X130.224 Y118.111 E63.16524
G1 X130.369 Y118.13 E63.16707
G1 X130.455 Y118.144 E63.16817
G1 X130.645 Y118.195 E63.17063
G1 X130.646 Y118.681 E63.17673
G1 X130.541 Y118.653 E63.17809
G1 X130.324 Y118.619 E63.18084
G1 X130.104 Y118.602 E63.18361
G1 X129.788 Y118.608 E63.18757
G1 X129.675 Y118.62 E63.189
G1 X129.459 Y118.653 E63.19174
G0 F7200 X129.355 Y118.681
G0 X129.355 Y118.588
G0 X129.685 Y118.371
;TYPE:SKIN
G1 F1800 X129.951 Y118.354 E63.1931
G1 X130.242 Y118.362 E63.19459
G0 F7200 X130.274 Y118.521
G1 F1500 E56.69459
;MESH:NONMESH
G0 F600 X130.274 Y118.521 Z14.4
G0 F7200 X130.274 Y118.515
G0 X128.489 Y118.209
G0 X123.5 Y114.537
G0 X120.507 Y113.785
G0 X115.51 Y109.664
G0 X114.335 Y109.609
G1 F1500 E63.19459
G0 F7200 X113.459 Y109.653
;TIME_ELAPSED:739.461034
;LAYER:71
;TYPE:WALL-OUTER
;MESH:output_v2\B_media_suporte.stl
G1 F1800 X113.145 Y109.737 E63.19866
G1 X113.144 Y109.253 E63.20473
G1 X113.162 Y109.246 E63.20497
G1 X113.538 Y109.146 E63.20985
G1 X113.742 Y109.115 E63.21244
G1 X113.812 Y109.108 E63.21332
G1 X114.102 Y109.102 E63.21696
G1 X114.198 Y109.109 E63.21817
G1 X114.309 Y109.121 E63.21957
G1 X114.455 Y109.144 E63.22142
G1 X114.833 Y109.245 E63.22633
G1 X114.855 Y109.254 E63.22663
G1 X114.856 Y109.737 E63.23268
G1 X114.541 Y109.653 E63.2343
G1 X114.312 Y109.618 E63.2372
G1 X114.105 Y109.602 E63.23981
G1 X113.788 Y109.608 E63.24378
G1 X113.675 Y109.62 E63.24521
G1 X113.459 Y109.653 E63.24795
G0 F7200 X113.266 Y109.704
G0 X113.473 Y109.406
;TYPE:SKIN
G1 F1800 X113.803 Y109.358 E63.24929
G1 X114.586 Y109.424 E63.25246
G0 F7200 X114.652 Y109.27
G1 F1500 E56.75246
G0 F7200 X114.645 Y109.297
G0 X113.455 Y109.634
G0 X113.744 Y112.134
G1 F1500 E63.25246
G0 F7200 X113.458 Y112.653
;TYPE:WALL-OUTER
G1 F1800 X113.145 Y112.737 E63.25652
G1 X113.144 Y112.253 E63.26259
G1 X113.162 Y112.246 E63.26283
G1 X113.538 Y112.146 E63.26771
G1 X113.742 Y112.115 E63.2703
G1 X113.812 Y112.108 E63.27118
G1 X114.102 Y112.102 E63.27482
G1 X114.198 Y112.109 E63.27603
G1 X114.309 Y112.121 E63.27743
G1 X114.455 Y112.144 E63.27928
G1 X114.833 Y112.245 E63.28419
G1 X114.855 Y112.254 E63.28449
G1 X114.856 Y112.737 E63.29054
G1 X114.541 Y112.653 E63.29216
G1 X114.312 Y112.618 E63.29506
G1 X114.105 Y112.602 E63.29767
G1 X113.787 Y112.608 E63.30166
G1 X113.643 Y112.624 E63.30347
G1 X113.458 Y112.653 E63.30582
G0 F7200 X113.265 Y112.704
G0 X113.608 Y112.382
;TYPE:SKIN
G1 F1800 X113.918 Y112.355 E63.30723
G1 X114.444 Y112.394 E63.30961
G0 F7200 X114.48 Y112.239
G1 F1500 E56.80961
G0 F7200 X114.477 Y112.252
G0 X113.454 Y112.634
G0 X113.744 Y115.134
G1 F1500 E63.30961
G0 F7200 X113.458 Y115.653
;TYPE:WALL-OUTER
G1 F1800 X113.145 Y115.737 E63.31367
G1 X113.144 Y115.253 E63.31974
G1 X113.162 Y115.246 E63.31999
G1 X113.538 Y115.146 E63.32486
G1 X113.742 Y115.115 E63.32745
G1 X113.812 Y115.108 E63.32833
G1 X114.102 Y115.102 E63.33197
G1 X114.198 Y115.109 E63.33318
G1 X114.309 Y115.121 E63.33458
G1 X114.455 Y115.144 E63.33643
G1 X114.833 Y115.245 E63.34134
G1 X114.855 Y115.254 E63.34164
G1 X114.856 Y115.737 E63.34769
G1 X114.541 Y115.653 E63.34931
G1 X114.312 Y115.618 E63.35222
G1 X114.105 Y115.602 E63.35482
G1 X113.787 Y115.608 E63.35881
G1 X113.643 Y115.624 E63.36062
G1 X113.458 Y115.653 E63.36297
G0 F7200 X113.265 Y115.704
G0 X113.393 Y115.425
;TYPE:SKIN
G1 F1800 X113.738 Y115.363 E63.36438
G1 X114.537 Y115.412 E63.36761
G0 F7200 X114.569 Y115.253
G1 F1500 E56.86761
G0 F7200 X114.563 Y115.275
G0 X113.454 Y115.634
G0 X113.744 Y118.134
G1 F1500 E63.36761
G0 F7200 X113.458 Y118.653
;TYPE:WALL-OUTER
G1 F1800 X113.145 Y118.737 E63.37167
G1 X113.144 Y118.253 E63.37774
G1 X113.162 Y118.246 E63.37798
G1 X113.538 Y118.146 E63.38286
G1 X113.742 Y118.115 E63.38545
G1 X113.812 Y118.108 E63.38633
G1 X114.102 Y118.102 E63.38997
G1 X114.198 Y118.109 E63.39118
G1 X114.309 Y118.121 E63.39258
G1 X114.455 Y118.144 E63.39443
G1 X114.833 Y118.245 E63.39934
G1 X114.855 Y118.254 E63.39964
G1 X114.856 Y118.737 E63.40569
G1 X114.541 Y118.653 E63.40731
G1 X114.312 Y118.618 E63.41021
G1 X114.105 Y118.602 E63.41282
G1 X113.787 Y118.608 E63.41681
G1 X113.643 Y118.624 E63.41862
G1 X113.458 Y118.653 E63.42097
G0 F7200 X113.265 Y118.704
G0 X113.538 Y118.392
;TYPE:SKIN
G1 F1800 X113.857 Y118.356 E63.42227
G1 X114.628 Y118.433 E63.4254
G0 F7200 X114.48 Y118.239
G1 F1500 E56.9254
G0 F7200 X114.477 Y118.252
G0 X113.157 Y118.722
G0 X110.293 Y119.415
G0 X109.357 Y119.8
G1 F1500 E63.4254
G0 F7200 X109.427 Y119.9
;TYPE:WALL-OUTER
G1 F1800 X109.026 Y119.9 E63.43042
G1 X109.026 Y119.4 E63.43669
G1 X109.428 Y119.4 E63.44174
G1 X109.427 Y119.9 E63.44801
G0 F7200 X109.227 Y119.9
G0 X109.227 Y119.8
G1 F1500 E56.94801
G0 F7200 X110.293 Y119.415
G0 X112.299 Y119.961
G0 X115.704 Y119.966
G0 X120.28 Y118.723
G0 X121.438 Y118.556
G1 F1500 E63.44801
G0 F7200 X121.458 Y118.653
G1 F1800 X121.145 Y118.737 E63.45207
G1 X121.144 Y118.253 E63.45814
G1 X121.162 Y118.246 E63.45838
G1 X121.538 Y118.146 E63.46326
G1 X121.742 Y118.115 E63.46585
G1 X121.812 Y118.108 E63.46673
G1 X122.102 Y118.102 E63.47037
G1 X122.198 Y118.109 E63.47157
G1 X122.309 Y118.121 E63.47297
G1 X122.455 Y118.144 E63.47483
G1 X122.833 Y118.245 E63.47973
G1 X122.855 Y118.254 E63.48003
G1 X122.856 Y118.737 E63.48609
G1 X122.541 Y118.653 E63.48771
G1 X122.312 Y118.618 E63.49061
G1 X122.105 Y118.602 E63.49321
G1 X121.775 Y118.609 E63.49735
G1 X121.642 Y118.624 E63.49903
G1 X121.458 Y118.653 E63.50137
G0 F7200 X121.265 Y118.704
G0 X121.434 Y118.415
;TYPE:SKIN
G1 F1800 X121.771 Y118.36 E63.50274
G1 X122.563 Y118.418 E63.50592
G0 F7200 X122.595 Y118.256
G1 F1500 E57.00592
G0 F7200 X122.588 Y118.282
G0 X121.157 Y115.722
G1 F1500 E63.50592
G0 F7200 X121.458 Y115.653
;TYPE:WALL-OUTER
G1 F1800 X121.145 Y115.737 E63.50998
G1 X121.144 Y115.253 E63.51605
G1 X121.162 Y115.246 E63.5163
G1 X121.538 Y115.146 E63.52117
G1 X121.742 Y115.115 E63.52376
G1 X121.91 Y115.102 E63.52588
G1 X122.187 Y115.108 E63.52935
G1 X122.31 Y115.121 E63.5309
G1 X122.455 Y115.144 E63.53274
G1 X122.833 Y115.245 E63.53765
G1 X122.855 Y115.254 E63.53795
G1 X122.856 Y115.737 E63.544
G1 X122.541 Y115.653 E63.54562
G1 X122.313 Y115.619 E63.54851
G1 X122.212 Y115.608 E63.54978
G1 X121.883 Y115.602 E63.55391
G1 X121.77 Y115.61 E63.55533
G1 X121.642 Y115.624 E63.55695
G1 X121.458 Y115.653 E63.55928
G0 F7200 X121.265 Y115.704
G0 X121.645 Y115.376
;TYPE:SKIN
G1 F1800 X121.951 Y115.352 E63.56067
G1 X122.469 Y115.4 E63.56302
G0 F7200 X122.503 Y115.243
G1 F1500 E57.06302
G0 F7200 X122.499 Y115.258
G0 X121.157 Y112.722
G1 F1500 E63.56302
G0 F7200 X121.458 Y112.653
;TYPE:WALL-OUTER
G1 F1800 X121.145 Y112.737 E63.56708
G1 X121.144 Y112.253 E63.57315
G1 X121.162 Y112.246 E63.57339
G1 X121.538 Y112.146 E63.57827
G1 X121.742 Y112.115 E63.58086
G1 X121.812 Y112.108 E63.58174
G1 X122.102 Y112.102 E63.58538
G1 X122.198 Y112.109 E63.58659
G1 X122.309 Y112.121 E63.58799
G1 X122.455 Y112.144 E63.58984
G1 X122.833 Y112.245 E63.59475
G1 X122.855 Y112.254 E63.59505
G1 X122.856 Y112.737 E63.6011
G1 X122.541 Y112.653 E63.60272
G1 X122.312 Y112.618 E63.60562
G1 X122.105 Y112.602 E63.60823
G1 X121.775 Y112.609 E63.61237
G1 X121.642 Y112.624 E63.61405
G1 X121.458 Y112.653 E63.61638
G0 F7200 X121.265 Y112.704
G0 X121.513 Y112.397
;TYPE:SKIN
G1 F1800 X121.835 Y112.357 E63.6177
G1 X122.612 Y112.429 E63.62086
G0 F7200 X122.677 Y112.276
G1 F1500 E57.12086
G0 F7200 X122.67 Y112.304
G0 X122.545 Y109.634
G0 X121.439 Y109.556
G1 F1500 E63.62086
G0 F7200 X121.459 Y109.653
;TYPE:WALL-OUTER
G1 F1800 X121.145 Y109.737 E63.62494
G1 X121.144 Y109.253 E63.63101
G1 X121.162 Y109.246 E63.63125
G1 X121.538 Y109.146 E63.63613
G1 X121.742 Y109.115 E63.63872
G1 X121.812 Y109.108 E63.6396
G1 X122.102 Y109.102 E63.64324
G1 X122.198 Y109.109 E63.64444
G1 X122.309 Y109.121 E63.64584
G1 X122.455 Y109.144 E63.6477
G1 X122.833 Y109.245 E63.6526
G1 X122.855 Y109.254 E63.6529
G1 X122.856 Y109.737 E63.65896
G1 X122.541 Y109.653 E63.66057
G1 X122.313 Y109.619 E63.66347
G1 X122.212 Y109.608 E63.66474
G1 X121.883 Y109.602 E63.66887
G1 X121.771 Y109.61 E63.67027
G1 X121.674 Y109.62 E63.6715
G1 X121.459 Y109.653 E63.67422
G0 F7200 X121.266 Y109.704
G0 X121.379 Y109.419
;TYPE:SKIN
G1 F1800 X121.714 Y109.367 E63.6755
G1 X122.52 Y109.41 E63.67854
G0 F7200 X122.552 Y109.25
G1 F1500 E57.17854
G0 F7200 X122.546 Y109.271
G0 X123.72 Y109.568
G0 X128.28 Y109.558
G0 X129.439 Y109.556
G1 F1500 E63.67854
G0 F7200 X129.459 Y109.653
;TYPE:WALL-OUTER
G1 F1800 X129.145 Y109.737 E63.68262
G1 X129.144 Y109.253 E63.68869
G1 X129.162 Y109.246 E63.68893
G1 X129.538 Y109.146 E63.69381
G1 X129.742 Y109.115 E63.6964
G1 X129.91 Y109.102 E63.69851
G1 X130.187 Y109.108 E63.70199
G1 X130.31 Y109.121 E63.70354
G1 X130.455 Y109.144 E63.70538
G1 X130.833 Y109.245 E63.71029
G1 X130.855 Y109.254 E63.71058
G1 X130.856 Y109.737 E63.71664
G1 X130.541 Y109.653 E63.71826
G1 X130.313 Y109.619 E63.72115
G1 X130.212 Y109.608 E63.72242
G1 X129.883 Y109.602 E63.72655
G1 X129.771 Y109.61 E63.72796
G1 X129.674 Y109.62 E63.72918
G1 X129.459 Y109.653 E63.73191
G0 F7200 X129.266 Y109.704
G0 X129.62 Y109.38
;TYPE:SKIN
G1 F1800 X129.931 Y109.352 E63.73331
G1 X130.453 Y109.396 E63.73566
G0 F7200 X130.488 Y109.241
G1 F1500 E57.23566
G0 F7200 X130.484 Y109.254
G0 X129.455 Y109.634
G0 X129.744 Y112.134
G1 F1500 E63.73566
G0 F7200 X129.458 Y112.653
;TYPE:WALL-OUTER
G1 F1800 X129.145 Y112.737 E63.73973
G1 X129.144 Y112.253 E63.7458
G1 X129.162 Y112.246 E63.74604
G1 X129.538 Y112.146 E63.75092
G1 X129.742 Y112.115 E63.75351
G1 X129.91 Y112.102 E63.75562
G1 X130.187 Y112.108 E63.75909
G1 X130.31 Y112.121 E63.76064
G1 X130.455 Y112.144 E63.76249
G1 X130.833 Y112.245 E63.76739
G1 X130.855 Y112.254 E63.76769
G1 X130.856 Y112.737 E63.77375
G1 X130.541 Y112.653 E63.77536
G1 X130.313 Y112.619 E63.77825
G1 X130.212 Y112.608 E63.77953
G1 X129.883 Y112.602 E63.78365
G1 X129.77 Y112.61 E63.78508
G1 X129.642 Y112.624 E63.78669
G1 X129.458 Y112.653 E63.78903
G0 F7200 X129.265 Y112.704
G0 X129.406 Y112.422
;TYPE:SKIN
G1 F1800 X129.749 Y112.363 E63.79041
G1 X130.545 Y112.415 E63.79359
G0 F7200 X130.578 Y112.254
G1 F1500 E57.29359
G0 F7200 X130.572 Y112.278
G0 X129.454 Y112.634
G0 X129.744 Y115.134
G1 F1500 E63.79359
G0 F7200 X129.458 Y115.653
;TYPE:WALL-OUTER
G1 F1800 X129.145 Y115.737 E63.79765
G1 X129.144 Y115.253 E63.80372
G1 X129.162 Y115.246 E63.80396
G1 X129.538 Y115.146 E63.80884
G1 X129.742 Y115.115 E63.81143
G1 X129.91 Y115.102 E63.81354
G1 X130.187 Y115.108 E63.81702
G1 X130.31 Y115.121 E63.81857
G1 X130.455 Y115.144 E63.82041
G1 X130.833 Y115.245 E63.82532
G1 X130.855 Y115.254 E63.82562
G1 X130.856 Y115.737 E63.83167
G1 X130.541 Y115.653 E63.83329
G1 X130.313 Y115.619 E63.83618
G1 X130.212 Y115.608 E63.83745
G1 X129.883 Y115.602 E63.84158
G1 X129.77 Y115.61 E63.843
G1 X129.642 Y115.624 E63.84462
G1 X129.458 Y115.653 E63.84695
G0 F7200 X129.265 Y115.704
G0 X129.55 Y115.391
;TYPE:SKIN
G1 F1800 X129.869 Y115.354 E63.84824
G1 X130.631 Y115.44 E63.85133
G0 F7200 X130.481 Y115.24
G1 F1500 E57.35133
G0 F7200 X130.478 Y115.252
G0 X129.454 Y115.634
G0 X129.744 Y118.134
G1 F1500 E63.85133
G0 F7200 X129.458 Y118.653
;TYPE:WALL-OUTER
G1 F1800 X129.145 Y118.737 E63.85539
G1 X129.144 Y118.253 E63.86146
G1 X129.162 Y118.246 E63.8617
G1 X129.538 Y118.146 E63.86658
G1 X129.742 Y118.115 E63.86917
G1 X129.812 Y118.108 E63.87005
G1 X130.102 Y118.102 E63.87369
G1 X130.198 Y118.109 E63.8749
G1 X130.309 Y118.121 E63.8763
G1 X130.455 Y118.144 E63.87815
G1 X130.833 Y118.245 E63.88306
G1 X130.855 Y118.254 E63.88336
G1 X130.856 Y118.737 E63.88941
G1 X130.541 Y118.653 E63.89103
G1 X130.312 Y118.618 E63.89393
G1 X130.105 Y118.602 E63.89654
G1 X129.787 Y118.608 E63.90053
G1 X129.643 Y118.624 E63.90234
G1 X129.458 Y118.653 E63.90469
G0 F7200 X129.265 Y118.704
G0 X129.359 Y118.41
;TYPE:SKIN
G1 F1800 X129.681 Y118.371 E63.90582
G1 X130.496 Y118.405 E63.90865
G0 F7200 X130.53 Y118.247
G1 F1500 E57.40865
;MESH:NONMESH
G0 F600 X130.53 Y118.247 Z14.6
G0 F7200 X130.525 Y118.265
G0 X129.168 Y118.265
G0 X123.712 Y114.666
G0 X121.306 Y113.59
G0 X120.299 Y113.961
G0 X115.72 Y109.721
G0 X114.316 Y109.579
G0 X113.245 Y109.659
G1 F1500 E63.90865
G0 F7200 X113.038 Y109.766
;TIME_ELAPSED:750.534998
;LAYER:72
;TYPE:WALL-OUTER
;MESH:output_v2\B_media_suporte.stl
G1 F1800 X112.935 Y109.805 E63.91003
G1 X112.934 Y109.335 E63.91592
G1 X113.168 Y109.244 E63.91907
G1 X113.382 Y109.188 E63.92184
G1 X113.382 Y109.674 E63.92794
G1 X113.038 Y109.766 E63.9324
G0 F7200 X112.935 Y109.805
G0 X112.935 Y109.715
G0 X113.186 Y109.509
;TYPE:SKIN
G1 F1800 X113.14 Y109.463 E63.93281
G0 F7200 X113.127 Y109.328
G1 F1500 E57.43281
G0 F7200 X113.14 Y109.362
G0 X114.638 Y109.67
G1 F1500 E63.93281
G0 F7200 X114.962 Y109.766
;TYPE:WALL-OUTER
G1 F1800 X114.618 Y109.674 E63.93728
G1 X114.618 Y109.187 E63.94338
G1 X114.834 Y109.245 E63.94619
G1 X115.065 Y109.334 E63.94929
G1 X115.066 Y109.806 E63.95521
G1 X114.962 Y109.766 E63.95661
G0 F7200 X114.769 Y109.715
G0 X114.869 Y109.495
;TYPE:SKIN
G1 F1800 X114.824 Y109.45 E63.95701
G0 F7200 X114.837 Y109.319
G1 F1500 E57.45701
G0 F7200 X114.824 Y109.348
G0 X114.629 Y112.202
G1 F1500 E63.95701
G0 F7200 X114.962 Y112.765
;TYPE:WALL-OUTER
G1 F1800 X114.618 Y112.675 E63.96147
G1 X114.617 Y112.187 E63.96759
G1 X114.834 Y112.245 E63.9704
G1 X115.065 Y112.334 E63.97351
G1 X115.066 Y112.805 E63.97941
G1 X114.962 Y112.765 E63.98081
G0 F7200 X114.769 Y112.715
G0 X114.75 Y112.642
G1 F1500 E57.48081
G0 F7200 X114.76 Y112.61
G0 X113.368 Y112.661
G1 F1500 E63.98081
G0 F7200 X113.038 Y112.766
G1 F1800 X112.935 Y112.805 E63.98219
G1 X112.934 Y112.335 E63.98809
G1 X113.168 Y112.244 E63.99124
G1 X113.382 Y112.188 E63.99401
G1 X113.383 Y112.673 E64.00009
G1 X113.038 Y112.766 E64.00457
G0 F7200 X112.935 Y112.805
G0 X112.935 Y112.715
G0 X113.224 Y112.301
G1 F1500 E57.50457
G0 F7200 X113.23 Y112.331
G0 X113.37 Y115.203
G1 F1500 E64.00457
G0 F7200 X113.038 Y115.766
G1 F1800 X112.935 Y115.805 E64.00595
G1 X112.934 Y115.335 E64.01185
G1 X113.168 Y115.244 E64.015
G1 X113.382 Y115.188 E64.01777
G1 X113.383 Y115.673 E64.02385
G1 X113.038 Y115.766 E64.02833
G0 F7200 X112.935 Y115.805
G0 X112.935 Y115.715
G0 X113.224 Y115.301
G1 F1500 E57.52833
G0 F7200 X113.23 Y115.331
G0 X114.618 Y115.659
G1 F1500 E64.02833
G0 F7200 X114.962 Y115.765
G1 F1800 X114.618 Y115.675 E64.03279
G1 X114.617 Y115.187 E64.03891
G1 X114.834 Y115.245 E64.04173
G1 X115.065 Y115.334 E64.04483
G1 X115.066 Y115.805 E64.05074
G1 X114.962 Y115.765 E64.05214
G0 F7200 X114.769 Y115.715
G0 X114.75 Y115.642
G1 F1500 E57.55214
G0 F7200 X114.76 Y115.61
G0 X114.629 Y118.202
G1 F1500 E64.05214
G0 F7200 X114.962 Y118.765
G1 F1800 X114.618 Y118.675 E64.0566
G1 X114.617 Y118.187 E64.06272
G1 X114.834 Y118.245 E64.06553
G1 X115.065 Y118.334 E64.06864
G1 X115.066 Y118.805 E64.07454
G1 X114.962 Y118.765 E64.07594
G0 F7200 X114.769 Y118.715
G0 X114.86 Y118.537
;TYPE:SKIN
G1 F1800 X114.812 Y118.489 E64.07637
G0 F7200 X114.665 Y118.489
G1 F1500 E57.57637
G0 F7200 X114.718 Y118.49
G0 X113.368 Y118.661
G1 F1500 E64.07637
G0 F7200 X113.038 Y118.766
;TYPE:WALL-OUTER
G1 F1800 X112.935 Y118.805 E64.07775
G1 X112.934 Y118.335 E64.08364
G1 X113.168 Y118.244 E64.08679
G1 X113.382 Y118.188 E64.08956
G1 X113.383 Y118.673 E64.09565
G1 X113.038 Y118.766 E64.10013
G0 F7200 X112.935 Y118.805
G0 X112.935 Y118.715
G0 X113.224 Y118.301
G1 F1500 E57.60013
G0 F7200 X113.23 Y118.331
G0 X112.07 Y118.79
G0 X110.307 Y119.415
G0 X109.371 Y119.8
G1 F1500 E64.10013
G0 F7200 X109.441 Y119.9
G1 F1800 X109.038 Y119.9 E64.10518
G1 X109.038 Y119.4 E64.11145
G1 X109.442 Y119.4 E64.11652
G1 X109.441 Y119.9 E64.12279
G0 F7200 X109.241 Y119.9
G0 X109.241 Y119.8
G1 F1500 E57.62279
G0 F7200 X110.307 Y119.415
G0 X112.089 Y120.037
G0 X115.914 Y120.04
G0 X120.07 Y118.79
G1 F1500 E64.12279
G0 F7200 X121.038 Y118.766
G1 F1800 X120.935 Y118.805 E64.12417
G1 X120.934 Y118.335 E64.13006
G1 X121.168 Y118.244 E64.13321
G1 X121.382 Y118.188 E64.13599
G1 X121.383 Y118.673 E64.14207
G1 X121.038 Y118.766 E64.14655
G0 F7200 X120.935 Y118.805
G0 X120.935 Y118.715
G0 X121.224 Y118.301
G1 F1500 E57.64655
G0 F7200 X121.23 Y118.331
G0 X122.618 Y118.659
G1 F1500 E64.14655
G0 F7200 X122.962 Y118.766
G1 F1800 X122.618 Y118.674 E64.15101
G1 X122.617 Y118.187 E64.15712
G1 X122.834 Y118.245 E64.15994
G1 X123.065 Y118.334 E64.16304
G1 X123.066 Y118.806 E64.16896
G1 X122.962 Y118.766 E64.17036
G0 F7200 X122.769 Y118.715
G0 X122.752 Y118.642
G1 F1500 E57.67036
G0 F7200 X122.761 Y118.61
G0 X123.055 Y115.79
G1 F1500 E64.17036
G0 F7200 X122.962 Y115.766
G1 F1800 X122.618 Y115.674 E64.17482
G1 X122.617 Y115.187 E64.18093
G1 X122.834 Y115.245 E64.18375
G1 X123.065 Y115.334 E64.18685
G1 X123.066 Y115.806 E64.19277
G1 X122.962 Y115.766 E64.19417
G0 F7200 X122.769 Y115.715
G0 X122.869 Y115.515
;TYPE:SKIN
G1 F1800 X122.811 Y115.457 E64.19468
G0 F7200 X122.665 Y115.457
G1 F1500 E57.69468
G0 F7200 X122.718 Y115.458
G0 X121.368 Y115.661
G1 F1500 E64.19468
G0 F7200 X121.038 Y115.766
;TYPE:WALL-OUTER
G1 F1800 X120.935 Y115.805 E64.19606
G1 X120.934 Y115.335 E64.20196
G1 X121.168 Y115.244 E64.20511
G1 X121.382 Y115.188 E64.20788
G1 X121.383 Y115.673 E64.21396
G1 X121.038 Y115.766 E64.21844
G0 F7200 X120.935 Y115.805
G0 X120.935 Y115.715
G0 X121.128 Y115.471
;TYPE:SKIN
G1 F1800 X121.181 Y115.524 E64.21891
G0 F7200 X121.251 Y115.641
G1 F1500 E57.71891
G0 F7200 X121.242 Y115.608
G0 X120.946 Y112.789
G1 F1500 E64.21891
G0 F7200 X121.038 Y112.766
;TYPE:WALL-OUTER
G1 F1800 X120.935 Y112.805 E64.22029
G1 X120.934 Y112.335 E64.22619
G1 X121.168 Y112.244 E64.22934
G1 X121.382 Y112.188 E64.23211
G1 X121.383 Y112.673 E64.23819
G1 X121.038 Y112.766 E64.24267
G0 F7200 X120.935 Y112.805
G0 X120.935 Y112.715
G0 X121.224 Y112.301
G1 F1500 E57.74267
G0 F7200 X121.23 Y112.331
G0 X122.618 Y112.659
G1 F1500 E64.24267
G0 F7200 X122.962 Y112.766
G1 F1800 X122.618 Y112.674 E64.24714
G1 X122.617 Y112.187 E64.25325
G1 X122.834 Y112.245 E64.25606
G1 X123.065 Y112.334 E64.25917
G1 X123.066 Y112.806 E64.26509
G1 X122.962 Y112.766 E64.26648
G0 F7200 X122.769 Y112.715
G0 X122.752 Y112.642
G0 X122.761 Y112.61
G0 X123.055 Y109.79
G0 X122.962 Y109.766
G1 F1800 X122.618 Y109.674 E64.27095
G1 X122.618 Y109.187 E64.27706
G1 X122.834 Y109.245 E64.27986
G1 X123.065 Y109.334 E64.28297
G1 X123.066 Y109.806 E64.28889
G1 X122.962 Y109.766 E64.29028
G0 F7200 X122.769 Y109.715
G0 X122.752 Y109.642
G0 X122.761 Y109.61
G0 X121.362 Y109.672
G0 X121.038 Y109.766
G1 F1800 X120.935 Y109.805 E64.29166
G1 X120.934 Y109.335 E64.29756
G1 X121.168 Y109.244 E64.30071
G1 X121.382 Y109.188 E64.30348
G1 X121.382 Y109.674 E64.30957
G1 X121.038 Y109.766 E64.31404
G0 F7200 X120.935 Y109.805
G0 X120.935 Y109.715
G0 X121.225 Y109.302
G1 F1500 E57.81404
G0 F7200 X121.231 Y109.33
G0 X121.641 Y110.5
G0 X123.914 Y111.04
G0 X128.07 Y109.657
G1 F1500 E64.31404
G0 F7200 X129.038 Y109.766
G1 F1800 X128.935 Y109.805 E64.31542
G1 X128.934 Y109.335 E64.32132
G1 X129.168 Y109.244 E64.32446
G1 X129.382 Y109.188 E64.32724
G1 X129.382 Y109.674 E64.33333
G1 X129.038 Y109.766 E64.3378
G0 F7200 X128.935 Y109.805
G0 X128.935 Y109.715
G0 X129.225 Y109.302
G0 X129.231 Y109.33
G0 X130.638 Y109.67
G0 X130.962 Y109.766
G1 F1800 X130.618 Y109.674 E64.34226
G1 X130.618 Y109.187 E64.34837
G1 X130.834 Y109.245 E64.35118
G1 X131.065 Y109.334 E64.35428
G1 X131.066 Y109.806 E64.3602
G1 X130.962 Y109.766 E64.3616
G0 F7200 X130.769 Y109.715
G0 X130.752 Y109.642
G1 F1500 E57.8616
G0 F7200 X130.761 Y109.61
G0 X130.629 Y112.202
G1 F1500 E64.3616
G0 F7200 X130.962 Y112.766
G1 F1800 X130.618 Y112.674 E64.36606
G1 X130.617 Y112.187 E64.37217
G1 X130.834 Y112.245 E64.37499
G1 X131.065 Y112.334 E64.37809
G1 X131.066 Y112.806 E64.38401
G1 X130.962 Y112.766 E64.38541
G0 F7200 X130.769 Y112.715
G0 X130.752 Y112.642
G0 X130.761 Y112.61
G0 X129.368 Y112.661
G0 X129.038 Y112.766
G1 F1800 X128.935 Y112.805 E64.38679
G1 X128.934 Y112.335 E64.39268
G1 X129.168 Y112.244 E64.39583
G1 X129.382 Y112.188 E64.3986
G1 X129.383 Y112.673 E64.40469
G1 X129.038 Y112.766 E64.40917
G0 F7200 X128.935 Y112.805
G0 X128.935 Y112.715
G0 X129.186 Y112.499
;TYPE:SKIN
G1 F1800 X129.148 Y112.461 E64.4095
G0 F7200 X129.135 Y112.326
G1 F1500 E57.9095
G0 F7200 X129.146 Y112.36
G0 X129.37 Y115.203
G1 F1500 E64.4095
G0 F7200 X129.038 Y115.766
;TYPE:WALL-OUTER
G1 F1800 X128.935 Y115.805 E64.41089
G1 X128.934 Y115.335 E64.41678
G1 X129.168 Y115.244 E64.41993
G1 X129.382 Y115.188 E64.4227
G1 X129.383 Y115.673 E64.42878
G1 X129.038 Y115.766 E64.43326
G0 F7200 X128.935 Y115.805
G0 X128.935 Y115.715
G0 X129.224 Y115.301
G0 X129.23 Y115.331
G0 X130.618 Y115.659
G0 X130.962 Y115.766
G1 F1800 X130.618 Y115.674 E64.43773
G1 X130.617 Y115.187 E64.44384
G1 X130.834 Y115.245 E64.44665
G1 X131.065 Y115.334 E64.44976
G1 X131.066 Y115.806 E64.45568
G1 X130.962 Y115.766 E64.45708
G0 F7200 X130.769 Y115.715
G0 X130.752 Y115.642
G0 X130.761 Y115.61
G0 X130.629 Y118.202
G0 X130.962 Y118.766
G1 F1800 X130.618 Y118.674 E64.46154
G1 X130.617 Y118.187 E64.46765
G1 X130.834 Y118.245 E64.47046
G1 X131.065 Y118.334 E64.47357
G1 X131.066 Y118.806 E64.47949
G1 X130.962 Y118.766 E64.48089
G0 F7200 X130.769 Y118.715
G0 X130.752 Y118.642
G1 F1500 E57.98089
G0 F7200 X130.761 Y118.61
G0 X129.368 Y118.661
G1 F1500 E64.48089
G0 F7200 X129.038 Y118.766
G1 F1800 X128.935 Y118.805 E64.48227
G1 X128.934 Y118.335 E64.48816
G1 X129.168 Y118.244 E64.49131
G1 X129.382 Y118.188 E64.49408
G1 X129.383 Y118.673 E64.50017
G1 X129.038 Y118.766 E64.50465
G0 F7200 X128.935 Y118.805
G0 X128.935 Y118.715
G0 X129.224 Y118.301
;MESH:NONMESH
G0 F600 X129.224 Y118.301 Z14.8
G0 F7200 X129.23 Y118.331
G0 X128.07 Y118.347
G0 X123.922 Y114.744
G0 X122.637 Y114.298
G0 X120.882 Y114.437
G0 X113.641 Y110.5
G0 X113.035 Y109.672
G0 X113.038 Y109.765
;TIME_ELAPSED:764.157885
;LAYER:73
;TYPE:WALL-OUTER
;MESH:output_v2\B_media_suporte.stl
G1 F1800 X112.725 Y109.886 E64.50885
G1 X112.724 Y109.421 E64.51469
G1 X112.78 Y109.394 E64.51547
G1 X113.164 Y109.246 E64.52063
G1 X113.164 Y109.732 E64.52672
G1 X113.038 Y109.765 E64.52835
G0 F7200 X112.852 Y109.837
G0 X113.125 Y109.463
G1 F1500 E58.02835
G0 F7200 X113.064 Y109.463
G0 X114.856 Y109.67
G1 F1500 E64.52835
G0 F7200 X114.962 Y109.765
G1 F1800 X114.836 Y109.732 E64.52999
G1 X114.836 Y109.246 E64.53608
G1 X115.225 Y109.396 E64.53891
G1 X115.275 Y109.42 E64.5396
G1 X115.276 Y109.886 E64.54544
G1 X114.962 Y109.765 E64.54712
G0 F7200 X114.836 Y109.732
G0 X114.836 Y109.662
G0 X114.875 Y109.661
G0 X114.938 Y109.656
G0 X114.847 Y112.262
G0 X114.962 Y112.765
G1 F1800 X114.836 Y112.732 E64.54875
G1 X114.836 Y112.246 E64.55485
G1 X115.225 Y112.396 E64.55767
G1 X115.275 Y112.42 E64.55837
G1 X115.275 Y112.886 E64.56421
G1 X114.962 Y112.765 E64.56587
G0 F7200 X114.836 Y112.732
G0 X114.836 Y112.662
G0 X114.875 Y112.662
G0 X114.938 Y112.657
G0 X113.164 Y112.674
G0 X113.038 Y112.766
G1 F1800 X112.725 Y112.886 E64.57008
G1 X112.724 Y112.421 E64.57591
G1 X112.78 Y112.394 E64.57669
G1 X113.164 Y112.246 E64.58185
G1 X113.165 Y112.732 E64.58794
G1 X113.038 Y112.766 E64.58959
G0 F7200 X112.852 Y112.837
G0 X113.125 Y112.464
G1 F1500 E58.08959
G0 F7200 X113.064 Y112.463
G0 X113.153 Y115.262
G1 F1500 E64.58959
G0 F7200 X113.038 Y115.765
G1 F1800 X112.725 Y115.886 E64.5938
G1 X112.724 Y115.421 E64.59963
G1 X112.78 Y115.394 E64.60041
G1 X113.164 Y115.246 E64.60557
G1 X113.164 Y115.732 E64.61167
G1 X113.038 Y115.765 E64.6133
G0 F7200 X112.852 Y115.837
G0 X113.125 Y115.463
G0 X113.064 Y115.463
G0 X114.856 Y115.67
G0 X114.962 Y115.765
G1 F1800 X114.836 Y115.732 E64.61493
G1 X114.836 Y115.246 E64.62103
G1 X115.225 Y115.396 E64.62385
G1 X115.275 Y115.42 E64.62455
G1 X115.275 Y115.886 E64.63039
G1 X114.962 Y115.765 E64.63206
G0 F7200 X114.836 Y115.732
G0 X114.836 Y115.662
G0 X114.875 Y115.662
G0 X114.938 Y115.657
G0 X114.847 Y118.262
G0 X114.962 Y118.765
G1 F1800 X114.836 Y118.732 E64.63369
G1 X114.836 Y118.246 E64.63979
G1 X115.225 Y118.396 E64.64261
G1 X115.275 Y118.42 E64.6433
G1 X115.276 Y118.886 E64.64915
G1 X114.962 Y118.765 E64.65082
G0 F7200 X114.836 Y118.732
G0 X114.836 Y118.662
G0 X115.041 Y118.586
;TYPE:SKIN
G1 F1800 X115.08 Y118.547 E64.65117
G0 F7200 X115.136 Y118.404
G1 F1500 E58.15117
G0 F7200 X115.113 Y118.46
G0 X113.164 Y118.674
G1 F1500 E64.65117
G0 F7200 X113.038 Y118.766
;TYPE:WALL-OUTER
G1 F1800 X112.725 Y118.886 E64.65537
G1 X112.724 Y118.421 E64.6612
G1 X112.78 Y118.394 E64.66198
G1 X113.164 Y118.246 E64.66714
G1 X113.165 Y118.732 E64.67324
G1 X113.038 Y118.766 E64.67489
G0 F7200 X112.852 Y118.837
G0 X113.125 Y118.464
G0 X113.064 Y118.463
G0 X111.86 Y118.871
G0 X110.321 Y119.415
G0 X109.385 Y119.8
G0 X109.455 Y119.9
G1 F1800 X109.051 Y119.9 E64.67995
G1 X109.051 Y119.4 E64.68622
G1 X109.456 Y119.4 E64.6913
G1 X109.455 Y119.9 E64.69757
G0 F7200 X109.255 Y119.9
G0 X109.255 Y119.8
G1 F1500 E58.19757
G0 F7200 X110.321 Y119.415
G0 X111.88 Y120.226
G0 X116.123 Y120.231
G0 X119.86 Y118.871
G0 X121.008 Y118.671
G1 F1500 E64.69757
G0 F7200 X121.038 Y118.766
G1 F1800 X120.725 Y118.886 E64.70178
G1 X120.724 Y118.421 E64.70761
G1 X120.78 Y118.394 E64.70839
G1 X121.164 Y118.246 E64.71355
G1 X121.165 Y118.732 E64.71964
G1 X121.038 Y118.766 E64.72129
G0 F7200 X120.852 Y118.837
G0 X121.125 Y118.464
G0 X121.064 Y118.463
G0 X122.856 Y118.673
G0 X122.962 Y118.765
G1 F1800 X122.836 Y118.732 E64.72292
G1 X122.836 Y118.246 E64.72902
G1 X123.225 Y118.396 E64.73184
G1 X123.275 Y118.42 E64.73254
G1 X123.275 Y118.886 E64.73838
G1 X122.962 Y118.765 E64.74005
G0 F7200 X122.836 Y118.732
G0 X122.836 Y118.662
G0 X122.875 Y118.662
G0 X122.938 Y118.657
G0 X123.265 Y115.87
G0 X122.962 Y115.765
G1 F1800 X122.836 Y115.732 E64.74168
G1 X122.836 Y115.246 E64.74777
G1 X123.225 Y115.396 E64.7506
G1 X123.275 Y115.42 E64.75129
G1 X123.276 Y115.886 E64.75714
G1 X122.962 Y115.765 E64.75881
G0 F7200 X122.836 Y115.732
G0 X122.836 Y115.662
G0 X122.875 Y115.661
G1 F1500 E58.25881
G0 F7200 X122.938 Y115.656
G0 X121.144 Y115.67
G1 F1500 E64.75881
G0 F7200 X121.038 Y115.765
G1 F1800 X120.725 Y115.886 E64.76302
G1 X120.724 Y115.421 E64.76885
G1 X120.78 Y115.394 E64.76963
G1 X121.164 Y115.246 E64.77479
G1 X121.164 Y115.732 E64.78089
G1 X121.038 Y115.765 E64.78252
G0 F7200 X120.852 Y115.837
G0 X121.125 Y115.463
G0 X121.064 Y115.463
G0 X120.736 Y112.87
G0 X121.038 Y112.766
G1 F1800 X120.725 Y112.886 E64.78672
G1 X120.724 Y112.421 E64.79255
G1 X120.78 Y112.394 E64.79333
G1 X121.164 Y112.246 E64.79849
G1 X121.165 Y112.732 E64.80459
G1 X121.038 Y112.766 E64.80624
G0 F7200 X120.852 Y112.837
G0 X121.125 Y112.464
G1 F1500 E58.30624
G0 F7200 X121.064 Y112.463
G0 X122.856 Y112.673
G1 F1500 E64.80624
G0 F7200 X122.962 Y112.765
G1 F1800 X122.836 Y112.732 E64.80787
G1 X122.836 Y112.246 E64.81397
G1 X123.225 Y112.396 E64.81679
G1 X123.275 Y112.42 E64.81748
G1 X123.275 Y112.886 E64.82333
G1 X122.962 Y112.765 E64.82499
G0 F7200 X122.836 Y112.732
G0 X122.836 Y112.662
G0 X123.03 Y112.577
;TYPE:SKIN
G1 F1800 X123.064 Y112.543 E64.8253
G0 F7200 X123.12 Y112.398
G0 X123.098 Y112.454
G0 X123.265 Y109.87
G0 X122.962 Y109.765
;TYPE:WALL-OUTER
G1 F1800 X122.836 Y109.732 E64.82693
G1 X122.836 Y109.246 E64.83302
G1 X123.225 Y109.396 E64.83585
G1 X123.275 Y109.42 E64.83654
G1 X123.276 Y109.886 E64.84239
G1 X122.962 Y109.765 E64.84406
G0 F7200 X122.836 Y109.732
G0 X122.836 Y109.662
G0 X122.875 Y109.661
G0 X122.938 Y109.656
G0 X121.144 Y109.67
G0 X121.038 Y109.765
G1 F1800 X120.725 Y109.886 E64.84827
G1 X120.724 Y109.421 E64.8541
G1 X120.78 Y109.394 E64.85488
G1 X121.164 Y109.246 E64.86004
G1 X121.164 Y109.732 E64.86613
G1 X121.038 Y109.765 E64.86777
G0 F7200 X120.852 Y109.837
G0 X120.918 Y109.598
;TYPE:SKIN
G1 F1800 X120.968 Y109.548 E64.86821
G0 F7200 X121.125 Y109.549
G0 X121.064 Y109.549
G0 X127.86 Y109.655
G0 X129.008 Y109.67
G0 X129.038 Y109.765
;TYPE:WALL-OUTER
G1 F1800 X128.725 Y109.886 E64.87242
G1 X128.724 Y109.421 E64.87825
G1 X128.78 Y109.394 E64.87903
G1 X129.164 Y109.246 E64.88419
G1 X129.164 Y109.732 E64.89029
G1 X129.038 Y109.765 E64.89192
G0 F7200 X128.852 Y109.837
G0 X129.125 Y109.463
G0 X129.064 Y109.463
G0 X130.856 Y109.67
G0 X130.962 Y109.765
G1 F1800 X130.836 Y109.732 E64.89355
G1 X130.836 Y109.246 E64.89965
G1 X131.225 Y109.396 E64.90247
G1 X131.275 Y109.42 E64.90317
G1 X131.276 Y109.886 E64.90901
G1 X130.962 Y109.765 E64.91068
G0 F7200 X130.836 Y109.732
G0 X130.836 Y109.662
G0 X130.875 Y109.661
G1 F1500 E58.41068
G0 F7200 X130.938 Y109.656
G0 X130.847 Y112.262
G1 F1500 E64.91068
G0 F7200 X130.962 Y112.765
G1 F1800 X130.836 Y112.732 E64.91232
G1 X130.836 Y112.246 E64.91841
G1 X131.225 Y112.396 E64.92123
G1 X131.275 Y112.42 E64.92193
G1 X131.275 Y112.886 E64.92777
G1 X130.962 Y112.765 E64.92944
G0 F7200 X130.836 Y112.732
G0 X130.836 Y112.662
G0 X130.875 Y112.662
G0 X130.938 Y112.657
G0 X129.144 Y112.67
G0 X129.038 Y112.765
G1 F1800 X128.725 Y112.886 E64.93365
G1 X128.725 Y112.42 E64.93949
G1 X128.775 Y112.396 E64.94019
G1 X129.164 Y112.246 E64.94542
G1 X129.164 Y112.732 E64.95151
G1 X129.038 Y112.765 E64.95314
G0 F7200 X128.852 Y112.837
G0 X129.125 Y112.463
G0 X129.064 Y112.463
G0 X129.153 Y115.262
G0 X129.038 Y115.765
G1 F1800 X128.725 Y115.886 E64.95735
G1 X128.725 Y115.42 E64.9632
G1 X128.775 Y115.396 E64.96389
G1 X129.164 Y115.246 E64.96912
G1 X129.164 Y115.732 E64.97521
G1 X129.038 Y115.765 E64.97685
G0 F7200 X128.852 Y115.837
G0 X129.125 Y115.463
G0 X129.064 Y115.463
G0 X130.856 Y115.67
G0 X130.962 Y115.765
G1 F1800 X130.836 Y115.732 E64.97848
G1 X130.836 Y115.246 E64.98458
G1 X131.225 Y115.396 E64.9874
G1 X131.275 Y115.42 E64.98809
G1 X131.276 Y115.886 E64.99394
G1 X130.962 Y115.765 E64.99561
G0 F7200 X130.836 Y115.732
G0 X130.836 Y115.662
G0 X131.048 Y115.59
;TYPE:SKIN
G1 F1800 X131.079 Y115.558 E64.99589
G0 F7200 X131.236 Y115.557
G0 X131.175 Y115.556
G0 X130.847 Y118.262
G0 X130.962 Y118.765
;TYPE:WALL-OUTER
G1 F1800 X130.836 Y118.732 E64.99752
G1 X130.836 Y118.246 E65.00362
G1 X131.225 Y118.396 E65.00644
G1 X131.275 Y118.42 E65.00714
G1 X131.275 Y118.886 E65.01298
G1 X130.962 Y118.765 E65.01465
G0 F7200 X130.836 Y118.732
G0 X130.836 Y118.662
G0 X130.875 Y118.662
G0 X130.938 Y118.657
G0 X129.144 Y118.67
G0 X129.038 Y118.765
G1 F1800 X128.725 Y118.886 E65.01886
G1 X128.724 Y118.421 E65.02469
G1 X128.78 Y118.394 E65.02547
G1 X129.164 Y118.246 E65.03063
G1 X129.164 Y118.732 E65.03672
G1 X129.038 Y118.765 E65.03836
G0 F7200 X128.852 Y118.837
G0 X128.918 Y118.569
;TYPE:SKIN
G1 F1800 X128.948 Y118.538 E65.03863
G0 F7200 X128.891 Y118.393
;MESH:NONMESH
G0 F600 X128.891 Y118.393 Z15
G0 F7200 X128.912 Y118.45
G0 X127.86 Y118.432
G0 X124.133 Y114.883
G0 X123.105 Y114.423
G0 X122.013 Y114.143
G0 X119.88 Y114.226
G0 X114.029 Y109.72
G0 X112.825 Y109.805
G0 X112.62 Y109.926
;TIME_ELAPSED:771.933743
;LAYER:74
;TYPE:WALL-OUTER
;MESH:output_v2\B_media_suporte.stl
G1 F1800 X112.515 Y109.977 E65.04009
G1 X112.514 Y109.523 E65.04578
G1 X112.78 Y109.394 E65.04949
G1 X112.954 Y109.327 E65.05183
G1 X112.954 Y109.798 E65.05774
G1 X112.62 Y109.926 E65.06222
G0 F7200 X112.515 Y109.977
G0 X112.515 Y109.893
G0 X112.745 Y109.449
G0 X112.773 Y109.509
G0 X115.066 Y109.787
G0 X115.38 Y109.926
G1 F1800 X115.046 Y109.798 E65.06671
G1 X115.046 Y109.327 E65.07261
G1 X115.225 Y109.396 E65.07502
G1 X115.485 Y109.522 E65.07864
G1 X115.486 Y109.977 E65.08435
G1 X115.38 Y109.926 E65.08582
G0 F7200 X115.193 Y109.855
G0 X115.174 Y109.817
G1 F1500 E58.58582
G0 F7200 X115.199 Y109.751
G0 X115.057 Y112.343
G1 F1500 E65.08582
G0 F7200 X115.38 Y112.926
G1 F1800 X115.046 Y112.798 E65.09031
G1 X115.046 Y112.327 E65.09621
G1 X115.225 Y112.396 E65.09862
G1 X115.485 Y112.522 E65.10224
G1 X115.485 Y112.977 E65.10795
G1 X115.38 Y112.926 E65.10941
G0 F7200 X115.193 Y112.855
G0 X115.174 Y112.817
G0 X115.199 Y112.751
G0 X112.939 Y112.787
G0 X112.62 Y112.926
G1 F1800 X112.515 Y112.977 E65.11088
G1 X112.514 Y112.523 E65.11657
G1 X112.78 Y112.394 E65.12028
G1 X112.954 Y112.327 E65.12262
G1 X112.955 Y112.798 E65.12852
G1 X112.62 Y112.926 E65.13302
G0 F7200 X112.515 Y112.977
G0 X112.515 Y112.893
G0 X112.746 Y112.449
G1 F1500 E58.63302
G0 F7200 X112.772 Y112.509
G0 X112.943 Y115.343
G1 F1500 E65.13302
G0 F7200 X112.62 Y115.926
G1 F1800 X112.515 Y115.977 E65.13448
G1 X112.514 Y115.523 E65.14018
G1 X112.78 Y115.394 E65.14388
G1 X112.954 Y115.327 E65.14622
G1 X112.954 Y115.798 E65.15213
G1 X112.62 Y115.926 E65.15661
G0 F7200 X112.515 Y115.977
G0 X112.515 Y115.893
G0 X112.745 Y115.449
G0 X112.773 Y115.509
G0 X115.066 Y115.787
G0 X115.38 Y115.926
G1 F1800 X115.046 Y115.798 E65.1611
G1 X115.046 Y115.327 E65.16701
G1 X115.225 Y115.396 E65.16941
G1 X115.485 Y115.522 E65.17304
G1 X115.485 Y115.977 E65.17874
G1 X115.38 Y115.926 E65.18021
G0 F7200 X115.193 Y115.855
G0 X115.174 Y115.817
G0 X115.199 Y115.751
G0 X115.057 Y118.343
G0 X115.38 Y118.926
G1 F1800 X115.046 Y118.798 E65.18469
G1 X115.046 Y118.327 E65.1906
G1 X115.225 Y118.396 E65.193
G1 X115.485 Y118.522 E65.19663
G1 X115.486 Y118.977 E65.20233
G1 X115.38 Y118.926 E65.20381
G0 F7200 X115.193 Y118.855
G0 X115.174 Y118.817
G0 X115.199 Y118.751
G0 X112.939 Y118.787
G0 X112.62 Y118.926
G1 F1800 X112.515 Y118.977 E65.20527
G1 X112.514 Y118.523 E65.21096
G1 X112.78 Y118.394 E65.21467
G1 X112.954 Y118.327 E65.21701
G1 X112.955 Y118.798 E65.22292
G1 X112.62 Y118.926 E65.22741
G0 F7200 X112.515 Y118.977
G0 X112.515 Y118.893
G0 X112.746 Y118.449
G0 X112.772 Y118.509
G0 X111.65 Y118.961
G0 X110.335 Y119.415
G0 X109.399 Y119.8
G0 X109.469 Y119.9
G1 F1800 X109.063 Y119.9 E65.23251
G1 X109.064 Y119.4 E65.23878
G1 X109.47 Y119.4 E65.24387
G1 X109.469 Y119.9 E65.25014
G0 F7200 X109.269 Y119.9
G0 X109.269 Y119.8
G0 X110.335 Y119.415
G0 X111.67 Y120.328
G0 X116.333 Y120.331
G0 X119.65 Y118.961
G0 X120.62 Y118.926
G1 F1800 X120.515 Y118.977 E65.2516
G1 X120.514 Y118.523 E65.25729
G1 X120.78 Y118.394 E65.261
G1 X120.954 Y118.327 E65.26334
G1 X120.955 Y118.798 E65.26925
G1 X120.62 Y118.926 E65.27374
G0 F7200 X120.515 Y118.977
G0 X120.515 Y118.893
G0 X120.746 Y118.449
G0 X120.772 Y118.509
G0 X123.066 Y118.787
G0 X123.38 Y118.926
G1 F1800 X123.046 Y118.798 E65.27823
G1 X123.046 Y118.327 E65.28414
G1 X123.225 Y118.396 E65.28654
G1 X123.485 Y118.522 E65.29016
G1 X123.485 Y118.977 E65.29587
G1 X123.38 Y118.926 E65.29733
G0 F7200 X123.193 Y118.855
G0 X123.174 Y118.817
G0 X123.199 Y118.751
G0 X123.476 Y115.961
G0 X123.38 Y115.926
G1 F1800 X123.046 Y115.798 E65.30182
G1 X123.046 Y115.327 E65.30773
G1 X123.225 Y115.396 E65.31013
G1 X123.485 Y115.522 E65.31375
G1 X123.486 Y115.977 E65.31946
G1 X123.38 Y115.926 E65.32094
G0 F7200 X123.193 Y115.855
G0 X123.174 Y115.817
G1 F1500 E58.82094
G0 F7200 X123.199 Y115.751
G0 X120.934 Y115.787
G1 F1500 E65.32094
G0 F7200 X120.62 Y115.926
G1 F1800 X120.515 Y115.977 E65.3224
G1 X120.514 Y115.523 E65.32809
G1 X120.78 Y115.394 E65.3318
G1 X120.954 Y115.327 E65.33414
G1 X120.954 Y115.798 E65.34005
G1 X120.62 Y115.926 E65.34453
G0 F7200 X120.515 Y115.977
G0 X120.515 Y115.893
G0 X120.745 Y115.449
G0 X120.773 Y115.509
G0 X120.525 Y112.96
G0 X120.62 Y112.926
G1 F1800 X120.515 Y112.977 E65.34599
G1 X120.514 Y112.523 E65.35169
G1 X120.78 Y112.394 E65.3554
G1 X120.954 Y112.327 E65.35773
G1 X120.955 Y112.798 E65.36364
G1 X120.62 Y112.926 E65.36814
G0 F7200 X120.515 Y112.977
G0 X120.515 Y112.893
G0 X120.746 Y112.449
G1 F1500 E58.86814
G0 F7200 X120.772 Y112.509
G0 X123.062 Y112.787
G1 F1500 E65.36814
G0 F7200 X123.38 Y112.926
G1 F1800 X123.046 Y112.798 E65.37262
G1 X123.046 Y112.327 E65.37853
G1 X123.225 Y112.396 E65.38093
G1 X123.485 Y112.522 E65.38456
G1 X123.485 Y112.977 E65.39026
G1 X123.38 Y112.926 E65.39173
G0 F7200 X123.193 Y112.855
G0 X123.174 Y112.817
G0 X123.199 Y112.751
G0 X123.476 Y109.961
G0 X123.38 Y109.926
G1 F1800 X123.046 Y109.798 E65.39621
G1 X123.046 Y109.327 E65.40212
G1 X123.225 Y109.396 E65.40453
G1 X123.485 Y109.522 E65.40815
G1 X123.486 Y109.977 E65.41385
G1 X123.38 Y109.926 E65.41533
G0 F7200 X123.193 Y109.855
G0 X123.174 Y109.817
G0 X123.199 Y109.751
G0 X120.934 Y109.787
G0 X120.62 Y109.926
G1 F1800 X120.515 Y109.977 E65.41679
G1 X120.514 Y109.523 E65.42249
G1 X120.78 Y109.394 E65.42619
G1 X120.954 Y109.327 E65.42853
G1 X120.954 Y109.798 E65.43444
G1 X120.62 Y109.926 E65.43892
G0 F7200 X120.515 Y109.977
G0 X120.515 Y109.893
G0 X120.745 Y109.449
G1 F1500 E58.93892
G0 F7200 X120.773 Y109.509
G0 X121.819 Y109.787
G0 X124.333 Y111.331
G0 X127.65 Y109.772
G1 F1500 E65.43892
G0 F7200 X128.62 Y109.926
G1 F1800 X128.515 Y109.977 E65.44039
G1 X128.514 Y109.523 E65.44608
G1 X128.78 Y109.394 E65.44979
G1 X128.954 Y109.327 E65.45213
G1 X128.954 Y109.798 E65.45803
G1 X128.62 Y109.926 E65.46252
G0 F7200 X128.515 Y109.977
G0 X128.515 Y109.893
G0 X128.745 Y109.449
G1 F1500 E58.96252
G0 F7200 X128.773 Y109.509
G0 X131.066 Y109.787
G1 F1500 E65.46252
G0 F7200 X131.38 Y109.926
G1 F1800 X131.046 Y109.798 E65.467
G1 X131.046 Y109.327 E65.47291
G1 X131.225 Y109.396 E65.47532
G1 X131.485 Y109.522 E65.47894
G1 X131.486 Y109.977 E65.48465
G1 X131.38 Y109.926 E65.48612
G0 F7200 X131.193 Y109.855
G0 X131.174 Y109.817
G0 X131.199 Y109.751
G0 X131.057 Y112.343
G0 X131.38 Y112.926
G1 F1800 X131.046 Y112.798 E65.49061
G1 X131.046 Y112.327 E65.49651
G1 X131.225 Y112.396 E65.49892
G1 X131.485 Y112.522 E65.50254
G1 X131.485 Y112.977 E65.50825
G1 X131.38 Y112.926 E65.50971
G0 F7200 X131.193 Y112.855
G0 X131.174 Y112.817
G0 X131.199 Y112.751
G0 X128.938 Y112.787
G0 X128.62 Y112.926
G1 F1800 X128.515 Y112.977 E65.51118
G1 X128.515 Y112.522 E65.51688
G1 X128.775 Y112.396 E65.5205
G1 X128.954 Y112.327 E65.52291
G1 X128.954 Y112.798 E65.52882
G1 X128.62 Y112.926 E65.5333
G0 F7200 X128.515 Y112.977
G0 X128.515 Y112.893
G0 X128.746 Y112.449
G0 X128.772 Y112.509
G0 X128.943 Y115.343
G0 X128.62 Y115.926
G1 F1800 X128.515 Y115.977 E65.53477
G1 X128.515 Y115.522 E65.54047
G1 X128.775 Y115.396 E65.5441
G1 X128.954 Y115.327 E65.5465
G1 X128.954 Y115.798 E65.55241
G1 X128.62 Y115.926 E65.55689
G0 F7200 X128.515 Y115.977
G0 X128.515 Y115.893
G0 X128.746 Y115.449
G1 F1500 E59.05689
G0 F7200 X128.772 Y115.509
G0 X131.066 Y115.787
G1 F1500 E65.55689
G0 F7200 X131.38 Y115.926
G1 F1800 X131.046 Y115.798 E65.56138
G1 X131.046 Y115.327 E65.56729
G1 X131.225 Y115.396 E65.56969
G1 X131.485 Y115.522 E65.57331
G1 X131.486 Y115.977 E65.57902
G1 X131.38 Y115.926 E65.5805
G0 F7200 X131.193 Y115.855
G0 X131.174 Y115.817
G0 X131.199 Y115.751
G0 X131.057 Y118.343
G0 X131.38 Y118.926
G1 F1800 X131.046 Y118.798 E65.58498
G1 X131.046 Y118.327 E65.59089
G1 X131.225 Y118.396 E65.59329
G1 X131.485 Y118.522 E65.59692
G1 X131.485 Y118.977 E65.60262
G1 X131.38 Y118.926 E65.60409
G0 F7200 X131.193 Y118.855
G0 X131.174 Y118.817
G1 F1500 E59.10409
G0 F7200 X131.199 Y118.751
G0 X128.934 Y118.787
G1 F1500 E65.60409
G0 F7200 X128.62 Y118.926
G1 F1800 X128.515 Y118.977 E65.60555
G1 X128.514 Y118.523 E65.61124
G1 X128.78 Y118.394 E65.61495
G1 X128.954 Y118.327 E65.61729
G1 X128.954 Y118.798 E65.6232
G1 X128.62 Y118.926 E65.62768
G0 F7200 X128.515 Y118.977
G0 X128.515 Y118.893
G0 X128.745 Y118.449
;MESH:NONMESH
G0 F600 X128.745 Y118.449 Z15.2
G0 F7200 X128.773 Y118.509
G0 X127.65 Y118.534
G0 X124.333 Y117.331
G0 X122.19 Y116.45
G0 X121.803 Y114.203
G0 X119.67 Y114.328
G0 X114.19 Y110.45
G0 X112.938 Y109.787
G0 X112.621 Y109.926
;TIME_ELAPSED:780.266059
;LAYER:75
;TYPE:WALL-OUTER
;MESH:output_v2\B_media_suporte.stl
G1 F1800 X112.305 Y110.08 E65.63209
G1 X112.304 Y109.625 E65.63779
G1 X112.744 Y109.411 E65.64393
G1 X112.744 Y109.879 E65.6498
G1 X112.621 Y109.926 E65.65145
G0 F7200 X112.441 Y110.013
G0 X112.705 Y109.653
G1 F1500 E59.15145
G0 F7200 X112.644 Y109.653
G0 X115.276 Y109.835
G1 F1500 E65.65145
G0 F7200 X115.38 Y109.926
G1 F1800 X115.256 Y109.879 E65.65311
G1 X115.256 Y109.411 E65.65898
G1 X115.695 Y109.624 E65.66256
G1 X115.696 Y110.08 E65.66808
G1 X115.38 Y109.926 E65.66987
G0 F7200 X115.256 Y109.879
G0 X115.256 Y109.811
G0 X115.295 Y109.81
G0 X115.356 Y109.81
G0 X115.266 Y112.427
G0 X115.379 Y112.926
G1 F1800 X115.256 Y112.879 E65.67152
G1 X115.256 Y112.411 E65.67739
G1 X115.695 Y112.624 E65.68096
G1 X115.695 Y113.08 E65.68648
G1 X115.379 Y112.926 E65.68829
G0 F7200 X115.256 Y112.879
G0 X115.256 Y112.81
G0 X115.295 Y112.81
G0 X115.356 Y112.81
G0 X112.724 Y112.835
G0 X112.621 Y112.926
G1 F1800 X112.305 Y113.08 E65.69269
G1 X112.304 Y112.625 E65.6984
G1 X112.744 Y112.411 E65.70454
G1 X112.744 Y112.879 E65.71041
G1 X112.621 Y112.926 E65.71206
G0 F7200 X112.441 Y113.013
G0 X112.705 Y112.653
G1 F1500 E59.21206
G0 F7200 X112.644 Y112.653
G0 X112.734 Y115.427
G1 F1500 E65.71206
G0 F7200 X112.621 Y115.926
G1 F1800 X112.305 Y116.08 E65.71646
G1 X112.304 Y115.625 E65.72217
G1 X112.744 Y115.411 E65.72831
G1 X112.744 Y115.879 E65.73418
G1 X112.621 Y115.926 E65.73583
G0 F7200 X112.441 Y116.013
G0 X112.705 Y115.653
G0 X112.644 Y115.653
G0 X115.276 Y115.835
G0 X115.379 Y115.926
G1 F1800 X115.256 Y115.879 E65.73748
G1 X115.256 Y115.411 E65.74335
G1 X115.695 Y115.624 E65.74692
G1 X115.695 Y116.08 E65.75244
G1 X115.379 Y115.926 E65.75424
G0 F7200 X115.256 Y115.879
G0 X115.256 Y115.81
G0 X115.295 Y115.81
G0 X115.356 Y115.81
G0 X115.266 Y118.427
G0 X115.38 Y118.926
G1 F1800 X115.256 Y118.879 E65.75591
G1 X115.256 Y118.411 E65.76178
G1 X115.695 Y118.624 E65.76535
G1 X115.696 Y119.08 E65.77087
G1 X115.38 Y118.926 E65.77266
G0 F7200 X115.256 Y118.879
G0 X115.256 Y118.811
G0 X115.295 Y118.81
G1 F1500 E59.27266
G0 F7200 X115.356 Y118.81
G0 X112.724 Y118.835
G1 F1500 E65.77266
G0 F7200 X112.621 Y118.926
G1 F1800 X112.305 Y119.08 E65.77707
G1 X112.304 Y118.625 E65.78278
G1 X112.744 Y118.411 E65.78891
G1 X112.744 Y118.879 E65.79478
G1 X112.621 Y118.926 E65.79643
G0 F7200 X112.441 Y119.013
G0 X112.705 Y118.653
G0 X112.644 Y118.653
G0 X111.44 Y119.065
G0 X110.355 Y119.415
G0 X109.419 Y119.8
G0 X109.489 Y119.9
G1 F1800 X109.087 Y119.9 E65.80147
G1 X109.087 Y119.4 E65.80774
G1 X109.49 Y119.4 E65.8128
G1 X109.489 Y119.9 E65.81907
G0 F7200 X109.289 Y119.9
G0 X109.289 Y119.8
G0 X110.355 Y119.415
G0 X111.46 Y120.43
G0 X116.543 Y120.433
G0 X119.44 Y119.065
G0 X120.582 Y118.835
G0 X120.621 Y118.926
G1 F1800 X120.305 Y119.08 E65.82348
G1 X120.304 Y118.625 E65.82918
G1 X120.744 Y118.411 E65.83532
G1 X120.744 Y118.879 E65.84119
G1 X120.621 Y118.926 E65.84284
G0 F7200 X120.441 Y119.013
G0 X120.705 Y118.653
G1 F1500 E59.34284
G0 F7200 X120.644 Y118.653
G0 X123.276 Y118.835
G1 F1500 E65.84284
G0 F7200 X123.379 Y118.926
G1 F1800 X123.256 Y118.879 E65.84449
G1 X123.256 Y118.411 E65.85036
G1 X123.695 Y118.624 E65.85393
G1 X123.695 Y119.08 E65.85945
G1 X123.379 Y118.926 E65.86125
G0 F7200 X123.256 Y118.879
G0 X123.256 Y118.81
G0 X123.295 Y118.81
G0 X123.356 Y118.81
G0 X123.686 Y116.064
G0 X123.38 Y115.926
G1 F1800 X123.256 Y115.879 E65.86292
G1 X123.256 Y115.411 E65.86879
G1 X123.695 Y115.624 E65.87236
G1 X123.696 Y116.08 E65.87788
G1 X123.38 Y115.926 E65.87967
G0 F7200 X123.256 Y115.879
G0 X123.256 Y115.811
G0 X123.295 Y115.81
G0 X123.356 Y115.81
G0 X120.729 Y115.867
G0 X120.62 Y115.926
G1 F1800 X120.305 Y116.079 E65.88406
G1 X120.304 Y115.625 E65.88976
G1 X120.744 Y115.411 E65.89589
G1 X120.745 Y115.878 E65.90175
G1 X120.62 Y115.926 E65.90343
G0 F7200 X120.44 Y116.013
G0 X120.705 Y115.653
G0 X120.644 Y115.652
G0 X120.315 Y113.064
G0 X120.621 Y112.926
G1 F1800 X120.305 Y113.08 E65.90784
G1 X120.304 Y112.625 E65.91354
G1 X120.744 Y112.411 E65.91968
G1 X120.744 Y112.879 E65.92555
G1 X120.621 Y112.926 E65.9272
G0 F7200 X120.441 Y113.013
G0 X120.705 Y112.653
G0 X120.644 Y112.653
G0 X123.276 Y112.835
G0 X123.379 Y112.926
G1 F1800 X123.256 Y112.879 E65.92885
G1 X123.256 Y112.411 E65.93472
G1 X123.695 Y112.624 E65.93829
G1 X123.695 Y113.08 E65.94381
G1 X123.379 Y112.926 E65.94562
G0 F7200 X123.256 Y112.879
G0 X123.256 Y112.81
G0 X123.295 Y112.81
G0 X123.356 Y112.81
G0 X123.686 Y110.064
G0 X123.38 Y109.926
G1 F1800 X123.256 Y109.879 E65.94728
G1 X123.256 Y109.411 E65.95315
G1 X123.695 Y109.624 E65.95672
G1 X123.696 Y110.08 E65.96224
G1 X123.38 Y109.926 E65.96404
G0 F7200 X123.256 Y109.879
G0 X123.256 Y109.811
G0 X123.295 Y109.81
G0 X123.356 Y109.81
G0 X120.729 Y109.867
G0 X120.62 Y109.926
G1 F1800 X120.305 Y110.079 E65.96843
G1 X120.304 Y109.625 E65.97412
G1 X120.744 Y109.411 E65.98026
G1 X120.745 Y109.878 E65.98611
G1 X120.62 Y109.926 E65.98779
G0 F7200 X120.44 Y110.013
G0 X120.705 Y109.653
G0 X120.644 Y109.652
G0 X122.399 Y110.47
G0 X124.543 Y111.433
G0 X127.44 Y109.852
G0 X128.581 Y109.835
G0 X128.62 Y109.926
G1 F1800 X128.305 Y110.079 E65.99218
G1 X128.304 Y109.625 E65.99788
G1 X128.744 Y109.411 E66.00401
G1 X128.745 Y109.878 E66.00987
G1 X128.62 Y109.926 E66.01155
G0 F7200 X128.44 Y110.013
G0 X128.705 Y109.653
G0 X128.644 Y109.652
G0 X131.276 Y109.867
G0 X131.38 Y109.926
G1 F1800 X131.256 Y109.879 E66.01321
G1 X131.256 Y109.411 E66.01908
G1 X131.695 Y109.624 E66.02265
G1 X131.696 Y110.08 E66.02817
G1 X131.38 Y109.926 E66.02997
G0 F7200 X131.256 Y109.879
G0 X131.256 Y109.811
G0 X131.295 Y109.81
G1 F1500 E59.52997
G0 F7200 X131.356 Y109.81
G0 X131.266 Y112.427
G1 F1500 E66.02997
G0 F7200 X131.379 Y112.926
G1 F1800 X131.256 Y112.879 E66.03162
G1 X131.256 Y112.411 E66.03749
G1 X131.695 Y112.624 E66.04106
G1 X131.695 Y113.08 E66.04658
G1 X131.379 Y112.926 E66.04838
G0 F7200 X131.256 Y112.879
G0 X131.256 Y112.81
G0 X131.295 Y112.81
G0 X131.356 Y112.81
G0 X128.724 Y112.835
G0 X128.621 Y112.926
G1 F1800 X128.305 Y113.08 E66.05279
G1 X128.305 Y112.624 E66.05851
G1 X128.744 Y112.411 E66.06463
G1 X128.744 Y112.879 E66.0705
G1 X128.621 Y112.926 E66.07215
G0 F7200 X128.441 Y113.013
G0 X128.705 Y112.653
G0 X128.644 Y112.653
G0 X128.734 Y115.427
G0 X128.62 Y115.926
G1 F1800 X128.305 Y116.079 E66.07654
G1 X128.305 Y115.624 E66.08225
G1 X128.744 Y115.411 E66.08837
G1 X128.745 Y115.878 E66.09422
G1 X128.62 Y115.926 E66.0959
G0 F7200 X128.44 Y116.013
G0 X128.705 Y115.653
G0 X128.644 Y115.652
G0 X131.276 Y115.867
G0 X131.38 Y115.926
G1 F1800 X131.256 Y115.879 E66.09756
G1 X131.256 Y115.411 E66.10343
G1 X131.695 Y115.624 E66.10701
G1 X131.696 Y116.08 E66.11253
G1 X131.38 Y115.926 E66.11432
G0 F7200 X131.256 Y115.879
G0 X131.256 Y115.811
G0 X131.295 Y115.81
G0 X131.356 Y115.81
G0 X131.266 Y118.427
G0 X131.379 Y118.926
G1 F1800 X131.256 Y118.879 E66.11597
G1 X131.256 Y118.411 E66.12184
G1 X131.695 Y118.624 E66.12541
G1 X131.695 Y119.08 E66.13093
G1 X131.379 Y118.926 E66.13274
G0 F7200 X131.256 Y118.879
G0 X131.256 Y118.81
G0 X131.295 Y118.81
G0 X131.356 Y118.81
G0 X128.724 Y118.835
G0 X128.621 Y118.926
G1 F1800 X128.305 Y119.08 E66.13714
G1 X128.304 Y118.625 E66.14285
G1 X128.744 Y118.411 E66.14899
G1 X128.744 Y118.879 E66.15486
G1 X128.621 Y118.926 E66.15651
G0 F7200 X128.441 Y119.013
G0 X128.705 Y118.653
;MESH:NONMESH
G0 F600 X128.705 Y118.653 Z15.4
G0 F7200 X128.644 Y118.653
G0 X127.44 Y118.636
G0 X124.543 Y117.433
G0 X122.399 Y116.47
G0 X121.59 Y114.178
G0 X119.46 Y114.43
G0 X114.695 Y110.556
G0 X113.609 Y109.868
G0 X112.493 Y109.877
G0 X112.534 Y109.968
;TIME_ELAPSED:787.068987
;LAYER:76
;TYPE:WALL-OUTER
;MESH:output_v2\B_media_suporte.stl
G1 F1800 X112.095 Y110.182 E66.16263
G1 X112.094 Y109.727 E66.16834
G1 X112.534 Y109.513 E66.17447
G1 X112.534 Y109.968 E66.18018
G0 F7200 X112.355 Y110.055
G0 X112.351 Y110.046
G0 X112.314 Y109.965
G0 X112.524 Y112.529
G0 X112.534 Y112.968
G1 F1800 X112.095 Y113.182 E66.1863
G1 X112.094 Y112.727 E66.19201
G1 X112.534 Y112.513 E66.19814
G1 X112.534 Y112.968 E66.20385
G0 F7200 X112.355 Y113.055
G0 X112.351 Y113.046
G1 F1500 E59.70385
G0 F7200 X112.314 Y112.965
G0 X112.524 Y115.529
G1 F1500 E66.20385
G0 F7200 X112.534 Y115.968
G1 F1800 X112.095 Y116.182 E66.20997
G1 X112.094 Y115.727 E66.21568
G1 X112.534 Y115.513 E66.22182
G1 X112.534 Y115.968 E66.22752
G0 F7200 X112.355 Y116.055
G0 X112.351 Y116.046
G1 F1500 E59.72752
G0 F7200 X112.314 Y115.965
G0 X112.524 Y118.529
G1 F1500 E66.22752
G0 F7200 X112.534 Y118.968
G1 F1800 X112.095 Y119.182 E66.23365
G1 X112.094 Y118.727 E66.23935
G1 X112.534 Y118.513 E66.24549
G1 X112.534 Y118.968 E66.25119
G0 F7200 X112.355 Y119.055
G0 X112.351 Y119.046
G1 F1500 E59.75119
G0 F7200 X112.314 Y118.965
G0 X109.502 Y119.414
G1 F1500 E66.25119
G0 F7200 X109.515 Y119.9
G1 F1800 X109.109 Y119.9 E66.25629
G1 X109.109 Y119.4 E66.26256
G1 X109.516 Y119.4 E66.26766
G1 X109.515 Y119.9 E66.27393
G0 F7200 X109.315 Y119.9
G0 X109.315 Y119.8
G0 X110.381 Y119.415
G0 X111.25 Y120.532
G0 X114.601 Y118.958
G0 X115.805 Y118.778
G0 X115.905 Y118.726
G1 F1800 X115.906 Y119.182 E66.27965
G1 X115.466 Y118.968 E66.28578
G1 X115.466 Y118.513 E66.29149
G1 X115.905 Y118.726 E66.29761
G0 F7200 X115.905 Y118.926
G0 X115.866 Y118.925
G1 F1500 E59.79761
G0 F7200 X115.805 Y118.924
G0 X115.895 Y116.165
G1 F1500 E66.29761
G0 F7200 X115.905 Y115.726
G1 F1800 X115.905 Y116.181 E66.30332
G1 X115.466 Y115.968 E66.30943
G1 X115.466 Y115.513 E66.31514
G1 X115.905 Y115.726 E66.32126
G0 F7200 X115.905 Y115.926
G0 X115.866 Y115.926
G1 F1500 E59.82126
G0 F7200 X115.805 Y115.926
G0 X115.895 Y113.165
G1 F1500 E66.32126
G0 F7200 X115.905 Y112.726
G1 F1800 X115.905 Y113.181 E66.32696
G1 X115.466 Y112.968 E66.33308
G1 X115.466 Y112.513 E66.33879
G1 X115.905 Y112.726 E66.34491
G0 F7200 X115.905 Y112.926
G0 X115.866 Y112.926
G1 F1500 E59.84491
G0 F7200 X115.805 Y112.926
G0 X115.896 Y110.166
G1 F1500 E66.34491
G0 F7200 X115.905 Y109.726
G1 F1800 X115.906 Y110.182 E66.35063
G1 X115.466 Y109.968 E66.35676
G1 X115.466 Y109.513 E66.36247
G1 X115.905 Y109.726 E66.36859
G0 F7200 X115.905 Y109.926
G0 X115.866 Y109.925
G1 F1500 E59.86859
G0 F7200 X115.805 Y109.924
G0 X119.23 Y109.916
G0 X120.434 Y109.915
G1 F1500 E66.36859
G0 F7200 X120.535 Y109.968
G1 F1800 X120.095 Y110.182 E66.37472
G1 X120.094 Y109.727 E66.38043
G1 X120.534 Y109.513 E66.38657
G1 X120.535 Y109.968 E66.39227
G0 F7200 X120.356 Y110.055
G0 X120.352 Y110.046
G1 F1500 E59.89227
G0 F7200 X120.315 Y109.965
G0 X120.524 Y112.529
G1 F1500 E66.39227
G0 F7200 X120.534 Y112.968
G1 F1800 X120.095 Y113.182 E66.3984
G1 X120.094 Y112.727 E66.4041
G1 X120.534 Y112.513 E66.41024
G1 X120.534 Y112.968 E66.41594
G0 F7200 X120.355 Y113.055
G0 X120.351 Y113.046
G1 F1500 E59.91594
G0 F7200 X120.314 Y112.965
G0 X120.524 Y115.529
G1 F1500 E66.41594
G0 F7200 X120.535 Y115.968
G1 F1800 X120.095 Y116.182 E66.42208
G1 X120.094 Y115.727 E66.42778
G1 X120.534 Y115.513 E66.43392
G1 X120.535 Y115.968 E66.43963
G0 F7200 X120.356 Y116.055
G0 X120.352 Y116.046
G1 F1500 E59.93963
G0 F7200 X120.315 Y115.965
G0 X120.524 Y118.529
G1 F1500 E66.43963
G0 F7200 X120.534 Y118.968
G1 F1800 X120.095 Y119.182 E66.44575
G1 X120.094 Y118.727 E66.45146
G1 X120.534 Y118.513 E66.45759
G1 X120.534 Y118.968 E66.4633
G0 F7200 X120.355 Y119.055
G0 X120.351 Y119.046
G0 X120.314 Y118.965
G0 X121.399 Y118.779
G0 X122.601 Y118.779
G0 X123.805 Y118.779
G0 X123.905 Y118.726
G1 F1800 X123.905 Y119.181 E66.469
G1 X123.466 Y118.968 E66.47512
G1 X123.466 Y118.513 E66.48083
G1 X123.905 Y118.726 E66.48695
G0 F7200 X123.905 Y118.926
G0 X123.866 Y118.926
G1 F1500 E59.98695
G0 F7200 X123.805 Y118.926
G0 X123.896 Y116.166
G1 F1500 E66.48695
G0 F7200 X123.905 Y115.726
G1 F1800 X123.906 Y116.182 E66.49267
G1 X123.466 Y115.968 E66.4988
G1 X123.466 Y115.513 E66.50451
G1 X123.905 Y115.726 E66.51063
G0 F7200 X123.905 Y115.926
G0 X123.866 Y115.925
G1 F1500 E60.01063
G0 F7200 X123.805 Y115.924
G0 X123.895 Y113.165
G1 F1500 E66.51063
G0 F7200 X123.905 Y112.726
G1 F1800 X123.905 Y113.181 E66.51633
G1 X123.466 Y112.968 E66.52245
G1 X123.466 Y112.513 E66.52816
G1 X123.905 Y112.726 E66.53428
G0 F7200 X123.905 Y112.926
G0 X123.866 Y112.926
G1 F1500 E60.03428
G0 F7200 X123.805 Y112.926
G0 X123.896 Y110.166
G1 F1500 E66.53428
G0 F7200 X123.905 Y109.726
G1 F1800 X123.906 Y110.182 E66.54
G1 X123.466 Y109.968 E66.54613
G1 X123.466 Y109.513 E66.55184
G1 X123.905 Y109.726 E66.55796
G0 F7200 X123.905 Y109.926
G0 X123.866 Y109.925
G1 F1500 E60.05796
G0 F7200 X123.805 Y109.924
G0 X127.23 Y109.916
G0 X128.434 Y109.915
G1 F1500 E66.55796
G0 F7200 X128.535 Y109.968
G1 F1800 X128.095 Y110.182 E66.56409
G1 X128.094 Y109.727 E66.5698
G1 X128.534 Y109.513 E66.57593
G1 X128.535 Y109.968 E66.58164
G0 F7200 X128.356 Y110.055
G0 X128.352 Y110.046
G0 X128.315 Y109.965
G0 X128.524 Y112.529
G0 X128.534 Y112.968
G1 F1800 X128.095 Y113.181 E66.58776
G1 X128.095 Y112.726 E66.59346
G1 X128.534 Y112.513 E66.59958
G1 X128.534 Y112.968 E66.60529
G0 F7200 X128.354 Y113.055
G0 X128.35 Y113.047
G0 X128.313 Y112.964
G0 X128.524 Y115.529
G0 X128.535 Y115.968
G1 F1800 X128.095 Y116.182 E66.61142
G1 X128.095 Y115.726 E66.61714
G1 X128.534 Y115.513 E66.62326
G1 X128.535 Y115.968 E66.62897
G0 F7200 X128.356 Y116.055
G0 X128.351 Y116.047
G0 X128.314 Y115.965
G0 X128.524 Y118.529
G0 X128.534 Y118.968
G1 F1800 X128.095 Y119.182 E66.63509
G1 X128.094 Y118.727 E66.6408
G1 X128.534 Y118.513 E66.64693
G1 X128.534 Y118.968 E66.65264
G0 F7200 X128.355 Y119.055
G0 X128.351 Y119.046
G0 X128.314 Y118.965
G0 X129.399 Y118.779
G0 X130.601 Y118.779
G0 X131.805 Y118.779
G0 X131.905 Y118.726
G1 F1800 X131.905 Y119.181 E66.65835
G1 X131.466 Y118.968 E66.66447
G1 X131.466 Y118.513 E66.67017
G1 X131.905 Y118.726 E66.67629
G0 F7200 X131.905 Y118.926
G0 X131.866 Y118.926
G0 X131.805 Y118.926
G0 X131.896 Y116.166
G0 X131.905 Y115.726
G1 F1800 X131.906 Y116.182 E66.68201
G1 X131.466 Y115.968 E66.68814
G1 X131.466 Y115.513 E66.69385
G1 X131.905 Y115.726 E66.69997
G0 F7200 X131.905 Y115.926
G0 X131.866 Y115.925
G0 X131.805 Y115.924
G0 X131.895 Y113.165
G0 X131.905 Y112.726
G1 F1800 X131.905 Y113.181 E66.70567
G1 X131.466 Y112.968 E66.71179
G1 X131.466 Y112.513 E66.7175
G1 X131.905 Y112.726 E66.72362
G0 F7200 X131.905 Y112.926
G0 X131.866 Y112.926
G1 F1500 E60.22362
G0 F7200 X131.805 Y112.926
G0 X131.896 Y110.166
G1 F1500 E66.72362
G0 F7200 X131.905 Y109.726
G1 F1800 X131.906 Y110.182 E66.72934
G1 X131.466 Y109.968 E66.73547
G1 X131.466 Y109.513 E66.74118
G1 X131.905 Y109.726 E66.7473
G0 F7200 X131.905 Y109.926
G0 X131.866 Y109.925
;MESH:NONMESH
G0 F600 X131.866 Y109.925 Z15.6
G0 F7200 X131.805 Y109.924
G0 X130.601 Y109.958
G0 X127.25 Y111.532
G0 X124.753 Y111.535
G0 X120.97 Y110.717
G0 X119.25 Y111.532
G0 X116.753 Y111.535
G0 X113.399 Y109.958
G0 X112.283 Y109.98
G0 X112.325 Y110.07
;TIME_ELAPSED:798.952648
;LAYER:77
;TYPE:WALL-OUTER
;MESH:output_v2\B_media_suporte.stl
G1 F1800 X111.885 Y110.284 E66.75343
G1 X111.884 Y109.829 E66.75914
G1 X112.324 Y109.615 E66.76528
G1 X112.325 Y110.07 E66.77098
G0 F7200 X112.146 Y110.157
G0 X112.142 Y110.148
G1 F1500 E60.27098
G0 F7200 X112.105 Y110.067
G0 X112.314 Y112.631
G1 F1500 E66.77098
G0 F7200 X112.325 Y113.07
G1 F1800 X111.885 Y113.284 E66.77712
G1 X111.884 Y112.829 E66.78282
G1 X112.324 Y112.615 E66.78896
G1 X112.325 Y113.07 E66.79466
G0 F7200 X112.146 Y113.157
G0 X112.142 Y113.148
G1 F1500 E60.29466
G0 F7200 X112.105 Y113.067
G0 X112.314 Y115.631
G1 F1500 E66.79466
G0 F7200 X112.325 Y116.07
G1 F1800 X111.884 Y116.284 E66.80081
G1 X111.884 Y115.829 E66.80652
G1 X112.324 Y115.615 E66.81265
G1 X112.325 Y116.07 E66.81836
G0 F7200 X112.145 Y116.157
G0 X112.142 Y116.148
G1 F1500 E60.31836
G0 F7200 X112.104 Y116.066
G0 X112.314 Y118.631
G1 F1500 E66.81836
G0 F7200 X112.325 Y119.07
G1 F1800 X111.884 Y119.284 E66.82451
G1 X111.884 Y118.829 E66.83021
G1 X112.324 Y118.615 E66.83635
G1 X112.325 Y119.07 E66.84205
G0 F7200 X112.145 Y119.157
G0 X112.142 Y119.148
G0 X112.104 Y119.066
G0 X109.527 Y119.414
G0 X109.54 Y119.9
G1 F1800 X109.132 Y119.9 E66.84717
G1 X109.132 Y119.4 E66.85344
G1 X109.541 Y119.4 E66.85857
G1 X109.54 Y119.9 E66.86484
G0 F7200 X109.34 Y119.9
G0 X109.34 Y119.8
G1 F1500 E60.36484
G0 F7200 X110.406 Y119.415
G0 X111.038 Y120.636
G0 X114.811 Y119.061
G0 X116.016 Y118.882
G1 F1500 E66.86484
G0 F7200 X116.116 Y118.829
G1 F1800 X116.116 Y119.285 E66.87056
G1 X115.676 Y119.071 E66.87669
G1 X115.676 Y118.615 E66.88241
G1 X116.116 Y118.829 E66.88855
G0 F7200 X116.116 Y119.029
G0 X116.076 Y119.029
G1 F1500 E60.38855
G0 F7200 X116.016 Y119.029
G0 X116.105 Y116.268
G1 F1500 E66.88855
G0 F7200 X116.116 Y115.829
G1 F1800 X116.115 Y116.284 E66.89425
G1 X115.676 Y116.071 E66.90037
G1 X115.676 Y115.615 E66.90609
G1 X116.116 Y115.829 E66.91223
G0 F7200 X116.116 Y116.029
G0 X116.076 Y116.028
G0 X116.016 Y116.028
G0 X116.105 Y113.268
G0 X116.116 Y112.829
G1 F1800 X116.115 Y113.284 E66.91793
G1 X115.676 Y113.071 E66.92405
G1 X115.676 Y112.615 E66.92977
G1 X116.116 Y112.829 E66.93591
G0 F7200 X116.116 Y113.029
G0 X116.076 Y113.028
G1 F1500 E60.43591
G0 F7200 X116.016 Y113.028
G0 X116.106 Y110.269
G1 F1500 E66.93591
G0 F7200 X116.116 Y109.829
G1 F1800 X116.116 Y110.285 E66.94162
G1 X115.676 Y110.071 E66.94776
G1 X115.676 Y109.615 E66.95348
G1 X116.116 Y109.829 E66.95961
G0 F7200 X116.116 Y110.029
G0 X116.076 Y110.029
G1 F1500 E60.45961
G0 F7200 X116.016 Y110.029
G0 X119.02 Y109.996
G0 X120.234 Y110.003
G1 F1500 E66.95961
G0 F7200 X120.324 Y110.071
G1 F1800 X119.885 Y110.284 E66.96573
G1 X119.884 Y109.829 E66.97144
G1 X120.324 Y109.615 E66.97757
G1 X120.324 Y110.071 E66.98329
G0 F7200 X120.144 Y110.158
G0 X120.141 Y110.148
G0 X120.103 Y110.067
G0 X120.314 Y112.631
G0 X120.324 Y113.071
G1 F1800 X119.885 Y113.284 E66.98941
G1 X119.884 Y112.829 E66.99512
G1 X120.324 Y112.615 E67.00125
G1 X120.324 Y113.071 E67.00697
G0 F7200 X120.144 Y113.158
G0 X120.141 Y113.148
G1 F1500 E60.50697
G0 F7200 X120.103 Y113.067
G0 X120.314 Y115.631
G1 F1500 E67.00697
G0 F7200 X120.325 Y116.07
G1 F1800 X119.884 Y116.284 E67.01312
G1 X119.884 Y115.829 E67.01883
G1 X120.324 Y115.615 E67.02496
G1 X120.325 Y116.07 E67.03067
G0 F7200 X120.145 Y116.157
G0 X120.142 Y116.148
G1 F1500 E60.53067
G0 F7200 X120.104 Y116.066
G0 X120.314 Y118.631
G1 F1500 E67.03067
G0 F7200 X120.325 Y119.07
G1 F1800 X119.884 Y119.284 E67.03681
G1 X119.884 Y118.829 E67.04252
G1 X120.324 Y118.615 E67.04866
G1 X120.325 Y119.07 E67.05436
G0 F7200 X120.145 Y119.157
G0 X120.142 Y119.148
G0 X120.104 Y119.066
G0 X121.189 Y118.888
G0 X122.81 Y118.889
G0 X124.016 Y118.881
G0 X124.116 Y118.829
G1 F1800 X124.115 Y119.284 E67.06007
G1 X123.675 Y119.07 E67.0662
G1 X123.675 Y118.615 E67.07191
G1 X124.116 Y118.829 E67.07806
G0 F7200 X124.116 Y119.029
G0 X124.075 Y119.028
G1 F1500 E60.57806
G0 F7200 X124.016 Y119.028
G0 X124.106 Y116.268
G1 F1500 E67.07806
G0 F7200 X124.116 Y115.829
G1 F1800 X124.116 Y116.284 E67.08376
G1 X123.675 Y116.07 E67.08991
G1 X123.675 Y115.615 E67.09561
G1 X124.116 Y115.829 E67.10176
G0 F7200 X124.116 Y116.029
G0 X124.075 Y116.029
G1 F1500 E60.60176
G0 F7200 X124.016 Y116.029
G0 X124.105 Y113.268
G1 F1500 E67.10176
G0 F7200 X124.116 Y112.829
G1 F1800 X124.115 Y113.284 E67.10747
G1 X123.675 Y113.07 E67.1136
G1 X123.676 Y112.615 E67.11931
G1 X124.116 Y112.829 E67.12545
G0 F7200 X124.116 Y113.029
G0 X124.075 Y113.028
G0 X124.016 Y113.028
G0 X124.106 Y110.268
G0 X124.116 Y109.829
G1 F1800 X124.116 Y110.284 E67.13115
G1 X123.675 Y110.07 E67.1373
G1 X123.676 Y109.615 E67.143
G1 X124.116 Y109.829 E67.14914
G0 F7200 X124.116 Y110.029
G0 X124.075 Y110.029
G1 F1500 E60.64914
G0 F7200 X124.016 Y110.029
G0 X127.019 Y110.017
G0 X128.224 Y110.017
G1 F1500 E67.14914
G0 F7200 X128.325 Y110.07
G1 F1800 X127.884 Y110.284 E67.15529
G1 X127.884 Y109.829 E67.16099
G1 X128.324 Y109.615 E67.16713
G1 X128.325 Y110.07 E67.17283
G0 F7200 X128.145 Y110.157
G0 X128.142 Y110.148
G0 X128.104 Y110.066
G0 X128.314 Y112.631
G0 X128.325 Y113.07
G1 F1800 X127.884 Y113.284 E67.17898
G1 X127.885 Y112.828 E67.1847
G1 X128.324 Y112.615 E67.19082
G1 X128.325 Y113.07 E67.19652
G0 F7200 X128.145 Y113.157
G0 X128.141 Y113.148
G1 F1500 E60.69652
G0 F7200 X128.104 Y113.066
G0 X128.314 Y115.631
G1 F1500 E67.19652
G0 F7200 X128.325 Y116.07
G1 F1800 X127.884 Y116.284 E67.20267
G1 X127.885 Y115.828 E67.20839
G1 X128.324 Y115.615 E67.21451
G1 X128.325 Y116.07 E67.22022
G0 F7200 X128.145 Y116.157
G0 X128.141 Y116.148
G0 X128.104 Y116.066
G0 X128.314 Y118.631
G0 X128.325 Y119.07
G1 F1800 X127.884 Y119.284 E67.22636
G1 X127.884 Y118.829 E67.23207
G1 X128.324 Y118.615 E67.2382
G1 X128.325 Y119.07 E67.24391
G0 F7200 X128.145 Y119.157
G0 X128.142 Y119.148
G1 F1500 E60.74391
G0 F7200 X128.104 Y119.066
G0 X129.189 Y118.888
G0 X130.81 Y118.889
G0 X132.016 Y118.881
G1 F1500 E67.24391
G0 F7200 X132.116 Y118.829
G1 F1800 X132.115 Y119.284 E67.24962
G1 X131.675 Y119.07 E67.25575
G1 X131.675 Y118.615 E67.26146
G1 X132.116 Y118.829 E67.2676
G0 F7200 X132.116 Y119.029
G0 X132.075 Y119.028
G0 X132.016 Y119.028
G0 X132.106 Y116.268
G0 X132.116 Y115.829
G1 F1800 X132.116 Y116.284 E67.27331
G1 X131.675 Y116.07 E67.27946
G1 X131.675 Y115.615 E67.28516
G1 X132.116 Y115.829 E67.29131
G0 F7200 X132.116 Y116.029
G0 X132.075 Y116.029
G1 F1500 E60.79131
G0 F7200 X132.016 Y116.029
G0 X132.105 Y113.268
G1 F1500 E67.29131
G0 F7200 X132.116 Y112.829
G1 F1800 X132.115 Y113.284 E67.29702
G1 X131.675 Y113.07 E67.30315
G1 X131.676 Y112.615 E67.30886
G1 X132.116 Y112.829 E67.31499
G0 F7200 X132.116 Y113.029
G0 X132.075 Y113.028
G1 F1500 E60.81499
G0 F7200 X132.016 Y113.028
G0 X132.106 Y110.268
G1 F1500 E67.31499
G0 F7200 X132.116 Y109.829
G1 F1800 X132.116 Y110.284 E67.3207
G1 X131.675 Y110.07 E67.32685
G1 X131.676 Y109.615 E67.33255
G1 X132.116 Y109.829 E67.33869
G0 F7200 X132.116 Y110.029
G0 X132.075 Y110.029
;MESH:NONMESH
G0 F600 X132.075 Y110.029 Z15.8
G0 F7200 X132.016 Y110.029
G0 X130.81 Y110.06
G0 X127.038 Y111.636
G0 X124.962 Y111.636
G0 X121.182 Y110.608
G0 X119.04 Y111.633
G0 X116.962 Y111.635
G0 X113.189 Y110.059
G0 X112.074 Y110.082
G0 X112.115 Y110.172
;TIME_ELAPSED:811.377422
;LAYER:78
;TYPE:WALL-OUTER
;MESH:output_v2\B_media_suporte.stl
G1 F1800 X111.676 Y110.386 E67.34481
G1 X111.675 Y109.931 E67.35052
G1 X112.114 Y109.717 E67.35664
G1 X112.115 Y110.172 E67.36235
G0 F7200 X111.936 Y110.259
G0 X111.932 Y110.25
G1 F1500 E60.86235
G0 F7200 X111.895 Y110.169
G0 X112.104 Y112.733
G1 F1500 E67.36235
G0 F7200 X112.115 Y113.172
G1 F1800 X111.676 Y113.386 E67.36847
G1 X111.675 Y112.931 E67.37418
G1 X112.114 Y112.717 E67.3803
G1 X112.115 Y113.172 E67.38601
G0 F7200 X111.936 Y113.259
G0 X111.932 Y113.25
G0 X111.895 Y113.169
G0 X112.104 Y115.733
G0 X112.115 Y116.172
G1 F1800 X111.675 Y116.386 E67.39215
G1 X111.675 Y115.931 E67.39785
G1 X112.114 Y115.717 E67.40398
G1 X112.115 Y116.172 E67.40968
G0 F7200 X111.936 Y116.259
G0 X111.932 Y116.25
G1 F1500 E60.90968
G0 F7200 X111.895 Y116.169
G0 X112.104 Y118.733
G1 F1500 E67.40968
G0 F7200 X112.115 Y119.172
G1 F1800 X111.675 Y119.386 E67.41582
G1 X111.675 Y118.931 E67.42152
G1 X112.114 Y118.717 E67.42765
G1 X112.115 Y119.172 E67.43335
G0 F7200 X111.936 Y119.259
G0 X111.932 Y119.25
G0 X111.895 Y119.169
G0 X109.558 Y119.414
G0 X109.572 Y119.9
G1 F1800 X109.162 Y119.9 E67.43849
G1 X109.163 Y119.4 E67.44477
G1 X109.572 Y119.4 E67.44989
G1 X109.572 Y119.9 E67.45616
G0 F7200 X109.372 Y119.9
G0 X109.372 Y119.8
G1 F1500 E60.95616
G0 F7200 X110.437 Y119.414
G0 X110.829 Y120.738
G0 X115.021 Y119.163
G0 X116.225 Y118.984
G1 F1500 E67.45616
G0 F7200 X116.325 Y118.931
G1 F1800 X116.325 Y119.386 E67.46187
G1 X115.886 Y119.173 E67.46799
G1 X115.886 Y118.718 E67.4737
G1 X116.325 Y118.931 E67.47981
G0 F7200 X116.325 Y119.131
G0 X116.286 Y119.131
G0 X116.225 Y119.131
G0 X116.314 Y116.37
G0 X116.325 Y115.931
G1 F1800 X116.324 Y116.386 E67.48552
G1 X115.886 Y116.173 E67.49163
G1 X115.886 Y115.718 E67.49733
G1 X116.325 Y115.931 E67.50345
G0 F7200 X116.325 Y116.131
G0 X116.286 Y116.13
G1 F1500 E61.00345
G0 F7200 X116.225 Y116.13
G0 X116.314 Y113.37
G1 F1500 E67.50345
G0 F7200 X116.325 Y112.931
G1 F1800 X116.324 Y113.386 E67.50916
G1 X115.886 Y113.173 E67.51527
G1 X115.886 Y112.718 E67.52097
G1 X116.325 Y112.931 E67.52709
G0 F7200 X116.325 Y113.131
G0 X116.286 Y113.13
G0 X116.225 Y113.13
G0 X116.315 Y110.37
G0 X116.325 Y109.931
G1 F1800 X116.325 Y110.386 E67.5328
G1 X115.886 Y110.173 E67.53892
G1 X115.886 Y109.718 E67.54462
G1 X116.325 Y109.931 E67.55074
G0 F7200 X116.325 Y110.131
G0 X116.286 Y110.131
G0 X116.225 Y110.131
G0 X118.811 Y110.1
G0 X120.024 Y110.106
G0 X120.114 Y110.173
G1 F1800 X119.676 Y110.386 E67.55685
G1 X119.675 Y109.931 E67.56255
G1 X120.114 Y109.718 E67.56867
G1 X120.114 Y110.173 E67.57438
G0 F7200 X119.935 Y110.26
G0 X119.931 Y110.252
G1 F1500 E61.07438
G0 F7200 X119.893 Y110.17
G0 X120.104 Y112.734
G1 F1500 E67.57438
G0 F7200 X120.114 Y113.173
G1 F1800 X119.676 Y113.386 E67.58049
G1 X119.675 Y112.931 E67.58619
G1 X120.114 Y112.718 E67.59231
G1 X120.114 Y113.173 E67.59802
G0 F7200 X119.935 Y113.26
G0 X119.931 Y113.252
G0 X119.893 Y113.17
G0 X120.104 Y115.733
G0 X120.115 Y116.172
G1 F1800 X119.675 Y116.386 E67.60415
G1 X119.675 Y115.931 E67.60986
G1 X120.114 Y115.717 E67.61598
G1 X120.115 Y116.172 E67.62169
G0 F7200 X119.936 Y116.259
G0 X119.932 Y116.25
G1 F1500 E61.12169
G0 F7200 X119.895 Y116.169
G0 X120.104 Y118.733
G1 F1500 E67.62169
G0 F7200 X120.115 Y119.172
G1 F1800 X119.675 Y119.386 E67.62783
G1 X119.675 Y118.931 E67.63353
G1 X120.114 Y118.717 E67.63966
G1 X120.115 Y119.172 E67.64536
G0 F7200 X119.936 Y119.259
G0 X119.932 Y119.25
G0 X119.895 Y119.169
G0 X120.979 Y118.991
G0 X123.02 Y118.992
G0 X124.225 Y118.983
G0 X124.325 Y118.931
G1 F1800 X124.324 Y119.386 E67.65107
G1 X123.885 Y119.172 E67.65719
G1 X123.885 Y118.717 E67.6629
G1 X124.325 Y118.931 E67.66903
G0 F7200 X124.325 Y119.131
G0 X124.285 Y119.13
G1 F1500 E61.16903
G0 F7200 X124.225 Y119.13
G0 X124.315 Y116.37
G1 F1500 E67.66903
G0 F7200 X124.325 Y115.931
G1 F1800 X124.325 Y116.386 E67.67474
G1 X123.885 Y116.172 E67.68088
G1 X123.885 Y115.717 E67.68658
G1 X124.325 Y115.931 E67.69272
G0 F7200 X124.325 Y116.131
G0 X124.285 Y116.131
G0 X124.225 Y116.131
G0 X124.314 Y113.37
G0 X124.325 Y112.931
G1 F1800 X124.324 Y113.386 E67.69842
G1 X123.885 Y113.172 E67.70455
G1 X123.886 Y112.717 E67.71025
G1 X124.325 Y112.931 E67.71638
G0 F7200 X124.325 Y113.131
G0 X124.285 Y113.13
G1 F1500 E61.21638
G0 F7200 X124.225 Y113.13
G0 X124.315 Y110.37
G1 F1500 E67.71638
G0 F7200 X124.325 Y109.931
G1 F1800 X124.325 Y110.386 E67.72208
G1 X123.885 Y110.172 E67.72822
G1 X123.886 Y109.717 E67.73393
G1 X124.325 Y109.931 E67.74005
G0 F7200 X124.325 Y110.131
G0 X124.285 Y110.131
G0 X124.225 Y110.131
G0 X126.81 Y110.119
G0 X128.014 Y110.119
G0 X128.115 Y110.172
G1 F1800 X127.675 Y110.386 E67.74619
G1 X127.675 Y109.931 E67.75189
G1 X128.114 Y109.717 E67.75802
G1 X128.115 Y110.172 E67.76372
G0 F7200 X127.936 Y110.259
G0 X127.932 Y110.25
G1 F1500 E61.26372
G0 F7200 X127.895 Y110.169
G0 X128.104 Y112.733
G1 F1500 E67.76372
G0 F7200 X128.115 Y113.172
G1 F1800 X127.675 Y113.386 E67.76986
G1 X127.676 Y112.93 E67.77558
G1 X128.114 Y112.717 E67.78168
G1 X128.115 Y113.172 E67.78739
G0 F7200 X127.936 Y113.259
G0 X127.931 Y113.25
G0 X127.894 Y113.169
G0 X128.104 Y115.733
G0 X128.115 Y116.172
G1 F1800 X127.675 Y116.386 E67.79353
G1 X127.676 Y115.93 E67.79924
G1 X128.114 Y115.717 E67.80535
G1 X128.115 Y116.172 E67.81106
G0 F7200 X127.936 Y116.259
G0 X127.931 Y116.25
G1 F1500 E61.31106
G0 F7200 X127.894 Y116.169
G0 X128.104 Y118.733
G1 F1500 E67.81106
G0 F7200 X128.115 Y119.172
G1 F1800 X127.675 Y119.386 E67.81719
G1 X127.675 Y118.931 E67.8229
G1 X128.114 Y118.717 E67.82902
G1 X128.115 Y119.172 E67.83473
G0 F7200 X127.936 Y119.259
G0 X127.932 Y119.25
G0 X127.895 Y119.169
G0 X128.979 Y118.991
G0 X131.02 Y118.992
G0 X132.225 Y118.983
G0 X132.325 Y118.931
G1 F1800 X132.324 Y119.386 E67.84044
G1 X131.885 Y119.172 E67.84656
G1 X131.885 Y118.717 E67.85227
G1 X132.325 Y118.931 E67.8584
G0 F7200 X132.325 Y119.131
G0 X132.285 Y119.13
G0 X132.225 Y119.13
G0 X132.315 Y116.37
G0 X132.325 Y115.931
G1 F1800 X132.325 Y116.386 E67.86411
G1 X131.885 Y116.172 E67.87024
G1 X131.885 Y115.717 E67.87595
G1 X132.325 Y115.931 E67.88208
G0 F7200 X132.325 Y116.131
G0 X132.285 Y116.131
G1 F1500 E61.38208
G0 F7200 X132.225 Y116.131
G0 X132.314 Y113.37
G1 F1500 E67.88208
G0 F7200 X132.325 Y112.931
G1 F1800 X132.324 Y113.386 E67.88779
G1 X131.885 Y113.172 E67.89392
G1 X131.886 Y112.717 E67.89962
G1 X132.325 Y112.931 E67.90575
G0 F7200 X132.325 Y113.131
G0 X132.285 Y113.13
G0 X132.225 Y113.13
G0 X132.315 Y110.37
G0 X132.325 Y109.931
G1 F1800 X132.325 Y110.386 E67.91145
G1 X131.885 Y110.172 E67.91759
G1 X131.886 Y109.717 E67.92329
G1 X132.325 Y109.931 E67.92942
G0 F7200 X132.325 Y110.131
G0 X132.285 Y110.131
G1 F1500 E61.42942
;MESH:NONMESH
G0 F600 X132.285 Y110.131 Z16
G0 F7200 X132.225 Y110.131
G0 X131.02 Y110.162
G0 X126.829 Y111.738
G0 X125.171 Y111.738
G0 X120.972 Y110.71
G0 X118.831 Y111.736
G0 X117.171 Y111.738
G0 X112.979 Y110.161
G0 X111.864 Y110.184
G1 F1500 E67.92942
G0 F7200 X111.905 Y110.274
;TIME_ELAPSED:821.650597
;LAYER:79
;TYPE:WALL-OUTER
;MESH:output_v2\B_media_suporte.stl
G1 F1800 X111.466 Y110.486 E67.93553
G1 X111.465 Y110.032 E67.94122
G1 X111.904 Y109.819 E67.94734
G1 X111.905 Y110.274 E67.95305
G0 F7200 X111.725 Y110.361
G0 X111.721 Y110.353
G1 F1500 E61.45305
G0 F7200 X111.682 Y110.27
G0 X111.894 Y112.835
G1 F1500 E67.95305
G0 F7200 X111.905 Y113.274
G1 F1800 X111.466 Y113.486 E67.95916
G1 X111.465 Y113.032 E67.96486
G1 X111.904 Y112.819 E67.97098
G1 X111.905 Y113.274 E67.97668
G0 F7200 X111.725 Y113.361
G0 X111.721 Y113.353
G0 X111.682 Y113.27
G0 X111.894 Y115.835
G0 X111.905 Y116.274
G1 F1800 X111.466 Y116.486 E67.98279
G1 X111.465 Y116.032 E67.98849
G1 X111.904 Y115.819 E67.99461
G1 X111.905 Y116.274 E68.00031
G0 F7200 X111.725 Y116.361
G0 X111.721 Y116.353
G0 X111.682 Y116.27
G0 X111.894 Y118.835
G0 X111.905 Y119.274
G1 F1800 X111.466 Y119.486 E68.00643
G1 X111.465 Y119.032 E68.01212
G1 X111.904 Y118.819 E68.01824
G1 X111.905 Y119.274 E68.02394
G0 F7200 X111.725 Y119.361
G0 X111.721 Y119.353
G1 F1500 E61.52394
G0 F7200 X111.682 Y119.27
G0 X109.59 Y119.47
G1 F1500 E68.02394
G0 F7200 X109.61 Y119.9
G1 F1800 X109.196 Y119.9 E68.02914
G1 X109.197 Y119.4 E68.03541
G1 X109.61 Y119.4 E68.04059
G1 X109.61 Y119.9 E68.04686
G0 F7200 X109.41 Y119.9
G0 X109.41 Y119.8
G0 X110.475 Y119.414
G0 X110.62 Y120.751
G0 X115.231 Y119.265
G0 X116.434 Y119.084
G0 X116.534 Y119.032
G1 F1800 X116.535 Y119.488 E68.05257
G1 X116.096 Y119.275 E68.05869
G1 X116.096 Y118.819 E68.06441
G1 X116.534 Y119.032 E68.07052
G0 F7200 X116.534 Y119.232
G0 X116.496 Y119.231
G1 F1500 E61.57052
G0 F7200 X116.434 Y119.23
G0 X116.525 Y116.472
G1 F1500 E68.07052
G0 F7200 X116.534 Y116.032
G1 F1800 X116.535 Y116.488 E68.07624
G1 X116.096 Y116.275 E68.08236
G1 X116.096 Y115.819 E68.08808
G1 X116.534 Y116.032 E68.09418
G0 F7200 X116.534 Y116.232
G0 X116.496 Y116.231
G0 X116.434 Y116.23
G0 X116.525 Y113.472
G0 X116.534 Y113.032
G1 F1800 X116.535 Y113.488 E68.0999
G1 X116.096 Y113.275 E68.10602
G1 X116.096 Y112.819 E68.11174
G1 X116.534 Y113.032 E68.11785
G0 F7200 X116.534 Y113.232
G0 X116.496 Y113.231
G0 X116.434 Y113.23
G0 X116.525 Y110.472
G0 X116.534 Y110.032
G1 F1800 X116.535 Y110.488 E68.12356
G1 X116.096 Y110.275 E68.12968
G1 X116.096 Y109.819 E68.1354
G1 X116.534 Y110.032 E68.14151
G0 F7200 X116.534 Y110.232
G0 X116.496 Y110.231
G1 F1500 E61.64151
G0 F7200 X116.434 Y110.23
G0 X118.601 Y110.209
G0 X119.814 Y110.207
G1 F1500 E68.14151
G0 F7200 X119.904 Y110.275
G1 F1800 X119.466 Y110.487 E68.14761
G1 X119.465 Y110.032 E68.15332
G1 X119.904 Y109.819 E68.15944
G1 X119.904 Y110.275 E68.16516
G0 F7200 X119.724 Y110.362
G0 X119.72 Y110.353
G0 X119.682 Y110.271
G0 X119.894 Y112.835
G0 X119.904 Y113.275
G1 F1800 X119.466 Y113.487 E68.17126
G1 X119.465 Y113.032 E68.17696
G1 X119.904 Y112.819 E68.18308
G1 X119.904 Y113.275 E68.1888
G0 F7200 X119.724 Y113.362
G0 X119.72 Y113.353
G1 F1500 E61.6888
G0 F7200 X119.682 Y113.271
G0 X119.894 Y115.835
G1 F1500 E68.1888
G0 F7200 X119.905 Y116.274
G1 F1800 X119.466 Y116.486 E68.19491
G1 X119.465 Y116.032 E68.20061
G1 X119.904 Y115.819 E68.20673
G1 X119.905 Y116.274 E68.21243
G0 F7200 X119.725 Y116.361
G0 X119.721 Y116.353
G0 X119.682 Y116.27
G0 X119.894 Y118.835
G0 X119.905 Y119.274
G1 F1800 X119.466 Y119.486 E68.21855
G1 X119.465 Y119.032 E68.22424
G1 X119.904 Y118.819 E68.23036
G1 X119.905 Y119.274 E68.23606
G0 F7200 X119.725 Y119.361
G0 X119.721 Y119.353
G1 F1500 E61.73606
G0 F7200 X119.682 Y119.27
G0 X120.769 Y119.092
G0 X123.231 Y119.085
G0 X124.434 Y119.084
G1 F1500 E68.23606
G0 F7200 X124.534 Y119.032
G1 F1800 X124.535 Y119.488 E68.24178
G1 X124.096 Y119.275 E68.2479
G1 X124.095 Y118.819 E68.25362
G1 X124.534 Y119.032 E68.25974
G0 F7200 X124.534 Y119.232
G0 X124.496 Y119.232
G0 X124.434 Y119.231
G0 X124.525 Y116.472
G0 X124.534 Y116.032
G1 F1800 X124.535 Y116.488 E68.26546
G1 X124.096 Y116.275 E68.27158
G1 X124.095 Y115.819 E68.2773
G1 X124.534 Y116.032 E68.28341
G0 F7200 X124.534 Y116.232
G0 X124.496 Y116.232
G0 X124.434 Y116.231
G0 X124.525 Y113.472
G0 X124.534 Y113.032
G1 F1800 X124.535 Y113.488 E68.28913
G1 X124.096 Y113.275 E68.29525
G1 X124.096 Y112.819 E68.30097
G1 X124.534 Y113.032 E68.30708
G0 F7200 X124.534 Y113.232
G0 X124.496 Y113.231
G1 F1500 E61.80708
G0 F7200 X124.434 Y113.23
G0 X124.525 Y110.472
G1 F1500 E68.30708
G0 F7200 X124.534 Y110.032
G1 F1800 X124.535 Y110.488 E68.3128
G1 X124.096 Y110.275 E68.31892
G1 X124.096 Y109.819 E68.32463
G1 X124.534 Y110.032 E68.33074
G0 F7200 X124.534 Y110.232
G0 X124.496 Y110.231
G0 X124.434 Y110.23
G0 X126.601 Y110.222
G0 X127.804 Y110.22
G0 X127.905 Y110.274
G1 F1800 X127.466 Y110.486 E68.33686
G1 X127.465 Y110.032 E68.34255
G1 X127.904 Y109.819 E68.34867
G1 X127.905 Y110.274 E68.35437
G0 F7200 X127.725 Y110.361
G0 X127.721 Y110.353
G1 F1500 E61.85437
G0 F7200 X127.682 Y110.27
G0 X127.894 Y112.835
G1 F1500 E68.35437
G0 F7200 X127.905 Y113.274
G1 F1800 X127.466 Y113.486 E68.36049
G1 X127.465 Y113.032 E68.36618
G1 X127.904 Y112.819 E68.3723
G1 X127.905 Y113.274 E68.37801
G0 F7200 X127.725 Y113.361
G0 X127.721 Y113.353
G0 X127.682 Y113.27
G0 X127.894 Y115.835
G0 X127.905 Y116.274
G1 F1800 X127.466 Y116.486 E68.38412
G1 X127.465 Y116.032 E68.38981
G1 X127.904 Y115.819 E68.39593
G1 X127.905 Y116.274 E68.40164
G0 F7200 X127.725 Y116.361
G0 X127.721 Y116.353
G0 X127.682 Y116.27
G0 X127.894 Y118.835
G0 X127.905 Y119.274
G1 F1800 X127.466 Y119.486 E68.40775
G1 X127.465 Y119.032 E68.41344
G1 X127.904 Y118.819 E68.41956
G1 X127.905 Y119.274 E68.42527
G0 F7200 X127.725 Y119.361
G0 X127.721 Y119.353
G1 F1500 E61.92527
G0 F7200 X127.682 Y119.27
G0 X128.769 Y119.092
G0 X131.231 Y119.085
G0 X132.434 Y119.084
G1 F1500 E68.42527
G0 F7200 X132.534 Y119.032
G1 F1800 X132.535 Y119.488 E68.43099
G1 X132.096 Y119.275 E68.43711
G1 X132.095 Y118.819 E68.44282
G1 X132.534 Y119.032 E68.44894
G0 F7200 X132.534 Y119.232
G0 X132.496 Y119.232
G1 F1500 E61.94894
G0 F7200 X132.434 Y119.231
G0 X132.525 Y116.472
G1 F1500 E68.44894
G0 F7200 X132.534 Y116.032
G1 F1800 X132.535 Y116.488 E68.45466
G1 X132.096 Y116.275 E68.46078
G1 X132.095 Y115.819 E68.4665
G1 X132.534 Y116.032 E68.47262
G0 F7200 X132.534 Y116.232
G0 X132.496 Y116.232
G1 F1500 E61.97262
G0 F7200 X132.434 Y116.231
G0 X132.525 Y113.472
G1 F1500 E68.47262
G0 F7200 X132.534 Y113.032
G1 F1800 X132.535 Y113.488 E68.47834
G1 X132.096 Y113.275 E68.48446
G1 X132.096 Y112.819 E68.49017
G1 X132.534 Y113.032 E68.49628
G0 F7200 X132.534 Y113.232
G0 X132.496 Y113.231
G1 F1500 E61.99628
G0 F7200 X132.434 Y113.23
G0 X132.525 Y110.472
G1 F1500 E68.49628
G0 F7200 X132.534 Y110.032
G1 F1800 X132.535 Y110.488 E68.502
G1 X132.096 Y110.275 E68.50812
G1 X132.096 Y109.819 E68.51384
G1 X132.534 Y110.032 E68.51995
G0 F7200 X132.534 Y110.232
G0 X132.496 Y110.231
G1 F1500 E62.01995
;MESH:NONMESH
G0 F600 X132.496 Y110.231 Z16.2
G0 F7200 X132.434 Y110.23
G0 X131.231 Y110.091
G0 X126.62 Y111.751
G0 X125.383 Y111.761
G0 X120.762 Y110.813
G0 X119.555 Y111.403
G0 X117.383 Y111.761
G0 X112.769 Y110.263
G0 X111.573 Y110.091
G1 F1500 E68.51995
G0 F7200 X111.38 Y110.074
;TIME_ELAPSED:832.437950
;LAYER:80
;TYPE:WALL-OUTER
;MESH:output_v2\B_media_suporte.stl
G1 F1800 X111.694 Y109.921 E68.52433
G1 X111.695 Y110.376 E68.53003
G1 X111.256 Y110.589 E68.53615
G1 X111.255 Y110.122 E68.54201
G1 X111.38 Y110.074 E68.54369
G0 F7200 X111.559 Y109.987
G0 X111.294 Y110.346
G1 F1500 E62.04369
G0 F7200 X111.356 Y110.347
G0 X111.684 Y112.937
G1 F1500 E68.54369
G0 F7200 X111.38 Y113.074
G1 F1800 X111.694 Y112.921 E68.54807
G1 X111.695 Y113.376 E68.55377
G1 X111.256 Y113.589 E68.55989
G1 X111.255 Y113.122 E68.56575
G1 X111.38 Y113.074 E68.56743
G0 F7200 X111.559 Y112.987
G0 X111.294 Y113.346
G1 F1500 E62.06743
G0 F7200 X111.356 Y113.347
G0 X111.684 Y115.937
G1 F1500 E68.56743
G0 F7200 X111.38 Y116.074
G1 F1800 X111.694 Y115.921 E68.57181
G1 X111.695 Y116.376 E68.57751
G1 X111.256 Y116.589 E68.58363
G1 X111.255 Y116.122 E68.58949
G1 X111.38 Y116.074 E68.59117
G0 F7200 X111.559 Y115.987
G0 X111.294 Y116.346
G1 F1500 E62.09117
G0 F7200 X111.356 Y116.347
G0 X111.684 Y118.937
G1 F1500 E68.59117
G0 F7200 X111.38 Y119.074
G1 F1800 X111.694 Y118.921 E68.59555
G1 X111.695 Y119.376 E68.60125
G1 X111.256 Y119.589 E68.60737
G1 X111.255 Y119.122 E68.61323
G1 X111.38 Y119.074 E68.61491
G0 F7200 X111.559 Y118.987
G0 X111.294 Y119.346
G1 F1500 E62.11491
G0 F7200 X111.356 Y119.347
G0 X109.628 Y119.573
G1 F1500 E68.61491
G0 F7200 X109.648 Y119.9
G1 F1800 X109.231 Y119.9 E68.62014
G1 X109.232 Y119.4 E68.62641
G1 X109.648 Y119.4 E68.63162
G1 X109.648 Y119.9 E68.63789
G0 F7200 X109.448 Y119.9
G0 X109.448 Y119.8
G1 F1500 E62.13789
G0 F7200 X109.634 Y118.535
G0 X112.539 Y117.572
G0 X115.441 Y119.367
G0 X116.581 Y119.165
G1 F1500 E68.63789
G0 F7200 X116.62 Y119.074
G1 F1800 X116.744 Y119.122 E68.63956
G1 X116.745 Y119.589 E68.64542
G1 X116.306 Y119.377 E68.64899
G1 X116.306 Y118.921 E68.6545
G1 X116.62 Y119.074 E68.65627
G0 F7200 X116.744 Y119.122
G0 X116.744 Y119.19
G0 X116.706 Y119.189
G1 F1500 E62.15627
G0 F7200 X116.643 Y119.189
G0 X119.271 Y119.133
G1 F1500 E68.65627
G0 F7200 X119.38 Y119.074
G1 F1800 X119.694 Y118.921 E68.66065
G1 X119.695 Y119.376 E68.66636
G1 X119.256 Y119.589 E68.67248
G1 X119.255 Y119.122 E68.67833
G1 X119.38 Y119.074 E68.68001
G0 F7200 X119.559 Y118.987
G0 X119.294 Y119.346
G1 F1500 E62.18001
G0 F7200 X119.356 Y119.347
G0 X119.266 Y116.573
G1 F1500 E68.68001
G0 F7200 X119.38 Y116.074
G1 F1800 X119.694 Y115.921 E68.68439
G1 X119.695 Y116.376 E68.6901
G1 X119.256 Y116.589 E68.69622
G1 X119.255 Y116.122 E68.70208
G1 X119.38 Y116.074 E68.70375
G0 F7200 X119.559 Y115.987
G0 X119.294 Y116.346
G1 F1500 E62.20375
G0 F7200 X119.356 Y116.347
G0 X116.744 Y116.138
G1 F1500 E68.70375
G0 F7200 X116.62 Y116.074
G1 F1800 X116.744 Y116.122 E68.70542
G1 X116.745 Y116.589 E68.71128
G1 X116.306 Y116.377 E68.71485
G1 X116.306 Y115.921 E68.72036
G1 X116.62 Y116.074 E68.72213
G0 F7200 X116.744 Y116.122
G0 X116.744 Y116.19
G0 X116.706 Y116.189
G1 F1500 E62.22213
G0 F7200 X116.643 Y116.189
G0 X116.735 Y113.573
G1 F1500 E68.72213
G0 F7200 X116.62 Y113.074
G1 F1800 X116.744 Y113.122 E68.7238
G1 X116.745 Y113.589 E68.72966
G1 X116.306 Y113.377 E68.73323
G1 X116.306 Y112.921 E68.73874
G1 X116.62 Y113.074 E68.74051
G0 F7200 X116.744 Y113.122
G0 X116.744 Y113.19
G0 X116.706 Y113.189
G0 X116.643 Y113.189
G0 X119.271 Y113.133
G0 X119.38 Y113.074
G1 F1800 X119.694 Y112.921 E68.74489
G1 X119.694 Y113.377 E68.75061
G1 X119.256 Y113.589 E68.75671
G1 X119.255 Y113.122 E68.76257
G1 X119.38 Y113.074 E68.76425
G0 F7200 X119.559 Y112.987
G0 X119.294 Y113.346
G1 F1500 E62.26425
G0 F7200 X119.356 Y113.347
G0 X119.266 Y110.573
G1 F1500 E68.76425
G0 F7200 X119.38 Y110.074
G1 F1800 X119.694 Y109.921 E68.76863
G1 X119.694 Y110.377 E68.77435
G1 X119.256 Y110.589 E68.78045
G1 X119.255 Y110.122 E68.7863
G1 X119.38 Y110.074 E68.78798
G0 F7200 X119.559 Y109.987
G0 X119.294 Y110.346
G0 X119.356 Y110.347
G0 X116.744 Y110.138
G0 X116.62 Y110.074
G1 F1800 X116.744 Y110.122 E68.78965
G1 X116.745 Y110.589 E68.79551
G1 X116.306 Y110.377 E68.79908
G1 X116.306 Y109.921 E68.80459
G1 X116.62 Y110.074 E68.80636
G0 F7200 X116.744 Y110.122
G0 X116.744 Y110.19
G0 X116.706 Y110.189
G0 X116.643 Y110.189
G0 X118.397 Y109.535
G0 X120.54 Y108.571
G0 X123.441 Y110.181
G0 X124.581 Y110.165
G0 X124.62 Y110.074
G1 F1800 X124.744 Y110.122 E68.80803
G1 X124.745 Y110.589 E68.81389
G1 X124.306 Y110.377 E68.81746
G1 X124.306 Y109.921 E68.82297
G1 X124.62 Y110.074 E68.82474
G0 F7200 X124.744 Y110.122
G0 X124.744 Y110.19
G0 X124.706 Y110.189
G1 F1500 E62.32474
G0 F7200 X124.643 Y110.189
G0 X127.271 Y110.133
G1 F1500 E68.82474
G0 F7200 X127.38 Y110.074
G1 F1800 X127.694 Y109.921 E68.82912
G1 X127.695 Y110.376 E68.83483
G1 X127.256 Y110.589 E68.84095
G1 X127.255 Y110.122 E68.8468
G1 X127.38 Y110.074 E68.84848
G0 F7200 X127.559 Y109.987
G0 X127.294 Y110.346
G0 X127.356 Y110.347
G0 X127.684 Y112.937
G0 X127.38 Y113.074
G1 F1800 X127.694 Y112.921 E68.85286
G1 X127.695 Y113.376 E68.85857
G1 X127.256 Y113.589 E68.86469
G1 X127.255 Y113.122 E68.87054
G1 X127.38 Y113.074 E68.87222
G0 F7200 X127.559 Y112.987
G0 X127.294 Y113.346
G1 F1500 E62.37222
G0 F7200 X127.356 Y113.347
G0 X124.744 Y113.138
G1 F1500 E68.87222
G0 F7200 X124.62 Y113.074
G1 F1800 X124.744 Y113.122 E68.87389
G1 X124.745 Y113.589 E68.87975
G1 X124.306 Y113.377 E68.88332
G1 X124.306 Y112.921 E68.88883
G1 X124.62 Y113.074 E68.8906
G0 F7200 X124.744 Y113.122
G0 X124.744 Y113.19
G0 X124.706 Y113.189
G0 X124.643 Y113.189
G0 X124.315 Y115.937
G0 X124.62 Y116.074
G1 F1800 X124.744 Y116.122 E68.89227
G1 X124.745 Y116.589 E68.89812
G1 X124.306 Y116.377 E68.9017
G1 X124.305 Y115.921 E68.90721
G1 X124.62 Y116.074 E68.90899
G0 F7200 X124.744 Y116.122
G0 X124.744 Y116.19
G0 X124.706 Y116.19
G0 X124.643 Y116.19
G0 X127.271 Y116.133
G0 X127.38 Y116.074
G1 F1800 X127.694 Y115.921 E68.91337
G1 X127.695 Y116.376 E68.91908
G1 X127.256 Y116.589 E68.9252
G1 X127.255 Y116.122 E68.93105
G1 X127.38 Y116.074 E68.93273
G0 F7200 X127.559 Y115.987
G0 X127.294 Y116.346
G1 F1500 E62.43273
G0 F7200 X127.356 Y116.347
G0 X127.684 Y118.937
G1 F1500 E68.93273
G0 F7200 X127.38 Y119.074
G1 F1800 X127.694 Y118.921 E68.93711
G1 X127.695 Y119.376 E68.94282
G1 X127.256 Y119.589 E68.94894
G1 X127.255 Y119.122 E68.95479
G1 X127.38 Y119.074 E68.95647
G0 F7200 X127.559 Y118.987
G0 X127.294 Y119.346
G0 X127.356 Y119.347
G0 X124.744 Y119.165
G0 X124.62 Y119.074
G1 F1800 X124.744 Y119.122 E68.95814
G1 X124.745 Y119.589 E68.964
G1 X124.306 Y119.377 E68.96757
G1 X124.305 Y118.921 E68.97308
G1 X124.62 Y119.074 E68.97486
G0 F7200 X124.744 Y119.122
G0 X124.744 Y119.19
G0 X124.706 Y119.19
G0 X124.643 Y119.19
G0 X126.397 Y118.535
G0 X128.539 Y117.572
G0 X131.441 Y119.166
G0 X132.581 Y119.165
G0 X132.62 Y119.074
G1 F1800 X132.744 Y119.122 E68.97653
G1 X132.745 Y119.589 E68.98239
G1 X132.306 Y119.377 E68.98596
G1 X132.305 Y118.921 E68.99148
G1 X132.62 Y119.074 E68.99325
G0 F7200 X132.744 Y119.122
G0 X132.744 Y119.19
G0 X132.706 Y119.19
G1 F1500 E62.49325
G0 F7200 X132.643 Y119.19
G0 X132.735 Y116.573
G1 F1500 E68.99325
G0 F7200 X132.62 Y116.074
G1 F1800 X132.744 Y116.122 E68.99492
G1 X132.745 Y116.589 E69.00078
G1 X132.306 Y116.377 E69.00435
G1 X132.305 Y115.921 E69.00987
G1 X132.62 Y116.074 E69.01164
G0 F7200 X132.744 Y116.122
G0 X132.744 Y116.19
G0 X132.706 Y116.19
G0 X132.643 Y116.19
G0 X132.735 Y113.573
G0 X132.62 Y113.074
G1 F1800 X132.744 Y113.122 E69.01331
G1 X132.745 Y113.589 E69.01917
G1 X132.306 Y113.377 E69.02274
G1 X132.306 Y112.921 E69.02825
G1 X132.62 Y113.074 E69.03002
G0 F7200 X132.744 Y113.122
G0 X132.744 Y113.19
G0 X132.706 Y113.189
G1 F1500 E62.53002
G0 F7200 X132.643 Y113.189
G0 X132.735 Y110.573
G1 F1500 E69.03002
G0 F7200 X132.62 Y110.074
G1 F1800 X132.744 Y110.122 E69.03169
G1 X132.745 Y110.589 E69.03754
G1 X132.306 Y110.377 E69.04112
G1 X132.306 Y109.921 E69.04663
G1 X132.62 Y110.074 E69.0484
G0 F7200 X132.744 Y110.122
G0 X132.744 Y110.19
G0 X132.706 Y110.189
;MESH:NONMESH
G0 F600 X132.706 Y110.189 Z16.4
G0 F7200 X132.643 Y110.189
G0 X131.441 Y110.165
G0 X128.539 Y108.572
G0 X115.46 Y108.571
G0 X112.559 Y110.209
G0 X111.419 Y110.165
G0 X111.38 Y110.074
;TIME_ELAPSED:844.620277
;LAYER:81
;TYPE:WALL-OUTER
;MESH:output_v2\B_media_suporte.stl
G1 F1800 X111.484 Y110.023 E69.04985
G1 X111.485 Y110.478 E69.05556
G1 X111.225 Y110.604 E69.05918
G1 X111.046 Y110.673 E69.06159
G1 X111.045 Y110.202 E69.06749
G1 X111.38 Y110.074 E69.07199
G0 F7200 X111.484 Y110.023
G0 X111.484 Y110.108
G0 X111.253 Y110.551
G0 X111.226 Y110.492
G0 X111.474 Y113.04
G0 X111.38 Y113.074
G1 F1800 X111.484 Y113.023 E69.07344
G1 X111.485 Y113.478 E69.07915
G1 X111.225 Y113.604 E69.08277
G1 X111.046 Y113.673 E69.08518
G1 X111.045 Y113.202 E69.09108
G1 X111.38 Y113.074 E69.09558
G0 F7200 X111.484 Y113.023
G0 X111.484 Y113.108
G0 X111.253 Y113.551
G1 F1500 E62.59558
G0 F7200 X111.226 Y113.492
G0 X111.474 Y116.04
G1 F1500 E69.09558
G0 F7200 X111.38 Y116.074
G1 F1800 X111.484 Y116.023 E69.09703
G1 X111.485 Y116.478 E69.10274
G1 X111.225 Y116.604 E69.10636
G1 X111.046 Y116.673 E69.10877
G1 X111.045 Y116.202 E69.11468
G1 X111.38 Y116.074 E69.11917
G0 F7200 X111.484 Y116.023
G0 X111.484 Y116.108
G0 X111.253 Y116.551
G0 X111.226 Y116.492
G0 X111.474 Y119.04
G0 X111.38 Y119.074
G1 F1800 X111.484 Y119.023 E69.12063
G1 X111.485 Y119.478 E69.12633
G1 X111.225 Y119.604 E69.12995
G1 X111.046 Y119.673 E69.13236
G1 X111.045 Y119.202 E69.13827
G1 X111.38 Y119.074 E69.14276
G0 F7200 X111.484 Y119.023
G0 X111.484 Y119.108
G0 X111.253 Y119.551
G0 X111.226 Y119.492
G0 X109.682 Y119.657
G0 X109.702 Y119.9
G1 F1800 X109.276 Y119.9 E69.14811
G1 X109.277 Y119.4 E69.15438
G1 X109.702 Y119.4 E69.15971
G1 X109.702 Y119.9 E69.16598
G0 F7200 X109.502 Y119.9
G0 X109.502 Y119.8
G1 F1500 E62.66598
G0 F7200 X110.24 Y118.536
G0 X112.329 Y117.674
G0 X115.651 Y119.414
G1 F1500 E69.16598
G0 F7200 X116.62 Y119.074
G1 F1800 X116.954 Y119.202 E69.17046
G1 X116.955 Y119.673 E69.17637
G1 X116.775 Y119.604 E69.17879
G1 X116.516 Y119.479 E69.18239
G1 X116.516 Y119.023 E69.18811
G1 X116.62 Y119.074 E69.18956
G0 F7200 X116.807 Y119.145
G0 X116.825 Y119.185
G0 X116.8 Y119.249
G0 X119.061 Y119.213
G0 X119.38 Y119.074
G1 F1800 X119.484 Y119.023 E69.19102
G1 X119.485 Y119.478 E69.19672
G1 X119.225 Y119.604 E69.20034
G1 X119.046 Y119.673 E69.20275
G1 X119.045 Y119.202 E69.20866
G1 X119.38 Y119.074 E69.21315
G0 F7200 X119.484 Y119.023
G0 X119.484 Y119.108
G0 X119.253 Y119.551
G1 F1500 E62.71315
G0 F7200 X119.226 Y119.492
G0 X119.057 Y116.657
G1 F1500 E69.21315
G0 F7200 X119.38 Y116.074
G1 F1800 X119.484 Y116.023 E69.21461
G1 X119.485 Y116.478 E69.22031
G1 X119.225 Y116.604 E69.22394
G1 X119.046 Y116.673 E69.22634
G1 X119.045 Y116.202 E69.23225
G1 X119.38 Y116.074 E69.23675
G0 F7200 X119.484 Y116.023
G0 X119.484 Y116.108
G0 X119.253 Y116.551
G0 X119.226 Y116.492
G0 X116.938 Y116.213
G0 X116.62 Y116.074
G1 F1800 X116.954 Y116.202 E69.24123
G1 X116.955 Y116.673 E69.24714
G1 X116.775 Y116.604 E69.24955
G1 X116.516 Y116.479 E69.25316
G1 X116.516 Y116.023 E69.25888
G1 X116.62 Y116.074 E69.26033
G0 F7200 X116.807 Y116.145
G0 X116.825 Y116.185
G1 F1500 E62.76033
G0 F7200 X116.8 Y116.249
G0 X116.944 Y113.657
G1 F1500 E69.26033
G0 F7200 X116.62 Y113.074
G1 F1800 X116.954 Y113.202 E69.26482
G1 X116.955 Y113.673 E69.27072
G1 X116.775 Y113.604 E69.27314
G1 X116.516 Y113.479 E69.27675
G1 X116.516 Y113.023 E69.28247
G1 X116.62 Y113.074 E69.28392
G0 F7200 X116.807 Y113.145
G0 X116.825 Y113.185
G0 X116.8 Y113.249
G0 X119.061 Y113.213
G0 X119.38 Y113.074
G1 F1800 X119.484 Y113.023 E69.28537
G1 X119.484 Y113.479 E69.29109
G1 X119.225 Y113.604 E69.2947
G1 X119.046 Y113.673 E69.2971
G1 X119.045 Y113.202 E69.30301
G1 X119.38 Y113.074 E69.30751
G0 F7200 X119.484 Y113.023
G0 X119.484 Y113.108
G0 X119.253 Y113.552
G1 F1500 E62.80751
G0 F7200 X119.227 Y113.492
G0 X119.057 Y110.657
G1 F1500 E69.30751
G0 F7200 X119.38 Y110.074
G1 F1800 X119.484 Y110.023 E69.30896
G1 X119.484 Y110.479 E69.31468
G1 X119.225 Y110.604 E69.31828
G1 X119.046 Y110.673 E69.32069
G1 X119.045 Y110.202 E69.3266
G1 X119.38 Y110.074 E69.33109
G0 F7200 X119.484 Y110.023
G0 X119.484 Y110.108
G0 X119.253 Y110.552
G0 X119.227 Y110.492
G0 X116.938 Y110.213
G0 X116.62 Y110.074
G1 F1800 X116.954 Y110.202 E69.33558
G1 X116.955 Y110.673 E69.34148
G1 X116.775 Y110.604 E69.3439
G1 X116.516 Y110.479 E69.34751
G1 X116.516 Y110.023 E69.35323
G1 X116.62 Y110.074 E69.35468
G0 F7200 X116.807 Y110.145
G0 X116.825 Y110.185
G0 X116.8 Y110.249
G0 X117.818 Y110.211
G0 X120.33 Y108.674
G0 X123.651 Y110.213
G0 X124.62 Y110.074
G1 F1800 X124.954 Y110.202 E69.35917
G1 X124.955 Y110.673 E69.36507
G1 X124.775 Y110.604 E69.36749
G1 X124.516 Y110.479 E69.3711
G1 X124.516 Y110.023 E69.37681
G1 X124.62 Y110.074 E69.37827
G0 F7200 X124.807 Y110.145
G0 X124.825 Y110.185
G0 X124.8 Y110.249
G0 X127.061 Y110.213
G0 X127.38 Y110.074
G1 F1800 X127.484 Y110.023 E69.37972
G1 X127.485 Y110.478 E69.38543
G1 X127.225 Y110.604 E69.38905
G1 X127.046 Y110.673 E69.39145
G1 X127.045 Y110.202 E69.39736
G1 X127.38 Y110.074 E69.40186
G0 F7200 X127.484 Y110.023
G0 X127.484 Y110.108
G0 X127.253 Y110.551
G0 X127.226 Y110.492
G0 X127.474 Y113.04
G0 X127.38 Y113.074
G1 F1800 X127.484 Y113.023 E69.40331
G1 X127.485 Y113.478 E69.40902
G1 X127.225 Y113.604 E69.41264
G1 X127.046 Y113.673 E69.41505
G1 X127.045 Y113.202 E69.42095
G1 X127.38 Y113.074 E69.42545
G0 F7200 X127.484 Y113.023
G0 X127.484 Y113.108
G0 X127.253 Y113.551
G1 F1500 E62.92545
G0 F7200 X127.226 Y113.492
G0 X124.938 Y113.213
G1 F1500 E69.42545
G0 F7200 X124.62 Y113.074
G1 F1800 X124.954 Y113.202 E69.42993
G1 X124.955 Y113.673 E69.43584
G1 X124.775 Y113.604 E69.43826
G1 X124.516 Y113.479 E69.44186
G1 X124.516 Y113.023 E69.44758
G1 X124.62 Y113.074 E69.44904
G0 F7200 X124.807 Y113.145
G0 X124.825 Y113.185
G0 X124.8 Y113.249
G0 X124.525 Y116.039
G0 X124.62 Y116.074
G1 F1800 X124.954 Y116.202 E69.45352
G1 X124.955 Y116.673 E69.45943
G1 X124.775 Y116.604 E69.46185
G1 X124.516 Y116.479 E69.46545
G1 X124.515 Y116.023 E69.47117
G1 X124.62 Y116.074 E69.47263
G0 F7200 X124.807 Y116.145
G0 X124.825 Y116.185
G0 X124.8 Y116.249
G0 X127.061 Y116.213
G0 X127.38 Y116.074
G1 F1800 X127.484 Y116.023 E69.47409
G1 X127.485 Y116.478 E69.47979
G1 X127.225 Y116.604 E69.48342
G1 X127.046 Y116.673 E69.48582
G1 X127.045 Y116.202 E69.49173
G1 X127.38 Y116.074 E69.49623
G0 F7200 X127.484 Y116.023
G0 X127.484 Y116.108
G0 X127.253 Y116.551
G0 X127.226 Y116.492
G0 X127.474 Y119.04
G0 X127.38 Y119.074
G1 F1800 X127.484 Y119.023 E69.49768
G1 X127.485 Y119.478 E69.50338
G1 X127.225 Y119.604 E69.50701
G1 X127.046 Y119.673 E69.50941
G1 X127.045 Y119.202 E69.51532
G1 X127.38 Y119.074 E69.51982
G0 F7200 X127.484 Y119.023
G0 X127.484 Y119.108
G0 X127.253 Y119.551
G0 X127.226 Y119.492
G0 X124.938 Y119.213
G0 X124.62 Y119.074
G1 F1800 X124.954 Y119.202 E69.5243
G1 X124.955 Y119.673 E69.53021
G1 X124.775 Y119.604 E69.53263
G1 X124.516 Y119.479 E69.53623
G1 X124.515 Y119.023 E69.54195
G1 X124.62 Y119.074 E69.54341
G0 F7200 X124.807 Y119.145
G0 X124.825 Y119.185
G0 X124.8 Y119.249
G0 X125.818 Y119.211
G0 X128.329 Y117.674
G0 X131.651 Y119.198
G0 X132.62 Y119.074
G1 F1800 X132.954 Y119.202 E69.5479
G1 X132.954 Y119.673 E69.55381
G1 X132.775 Y119.604 E69.55621
G1 X132.516 Y119.479 E69.55982
G1 X132.515 Y119.023 E69.56554
G1 X132.62 Y119.074 E69.567
G0 F7200 X132.807 Y119.145
G0 X132.825 Y119.185
G0 X132.8 Y119.249
G0 X132.944 Y116.657
G0 X132.62 Y116.074
G1 F1800 X132.954 Y116.202 E69.57149
G1 X132.955 Y116.673 E69.57739
G1 X132.775 Y116.604 E69.57981
G1 X132.516 Y116.479 E69.58342
G1 X132.515 Y116.023 E69.58914
G1 X132.62 Y116.074 E69.5906
G0 F7200 X132.807 Y116.145
G0 X132.825 Y116.185
G1 F1500 E63.0906
G0 F7200 X132.8 Y116.249
G0 X132.943 Y113.657
G1 F1500 E69.5906
G0 F7200 X132.62 Y113.074
G1 F1800 X132.954 Y113.202 E69.59508
G1 X132.954 Y113.673 E69.60099
G1 X132.775 Y113.604 E69.6034
G1 X132.516 Y113.479 E69.607
G1 X132.516 Y113.023 E69.61272
G1 X132.62 Y113.074 E69.61417
G0 F7200 X132.807 Y113.145
G0 X132.825 Y113.185
G0 X132.8 Y113.249
G0 X132.944 Y110.657
G0 X132.62 Y110.074
G1 F1800 X132.954 Y110.202 E69.61866
G1 X132.955 Y110.673 E69.62457
G1 X132.775 Y110.604 E69.62698
G1 X132.516 Y110.479 E69.63059
G1 X132.516 Y110.023 E69.63631
G1 X132.62 Y110.074 E69.63776
G0 F7200 X132.807 Y110.145
G0 X132.825 Y110.185
G1 F1500 E63.13776
;MESH:NONMESH
G0 F600 X132.825 Y110.185 Z16.6
G0 F7200 X132.8 Y110.249
G0 X131.651 Y110.266
G0 X126.198 Y111.796
G0 X119.564 Y111.4
G0 X118.198 Y111.796
G0 X112.349 Y110.311
G0 X111.157 Y110.266
G1 F1500 E69.63776
G0 F7200 X110.962 Y110.234
;TIME_ELAPSED:852.986577
;LAYER:82
;TYPE:WALL-OUTER
;MESH:output_v2\B_media_suporte.stl
G1 F1800 X111.275 Y110.114 E69.64196
G1 X111.276 Y110.58 E69.64781
G1 X111.226 Y110.604 E69.6485
G1 X110.836 Y110.754 E69.65374
G1 X110.835 Y110.269 E69.65983
G1 X110.962 Y110.234 E69.66148
G0 F7200 X111.148 Y110.163
G0 X110.875 Y110.536
G0 X110.936 Y110.537
G0 X111.264 Y113.13
G0 X110.962 Y113.234
G1 F1800 X111.275 Y113.114 E69.66568
G1 X111.276 Y113.58 E69.67153
G1 X111.226 Y113.604 E69.67222
G1 X110.836 Y113.754 E69.67746
G1 X110.835 Y113.269 E69.68354
G1 X110.962 Y113.234 E69.6852
G0 F7200 X111.148 Y113.163
G0 X110.875 Y113.536
G0 X110.936 Y113.537
G0 X111.264 Y116.13
G0 X110.962 Y116.234
G1 F1800 X111.275 Y116.114 E69.6894
G1 X111.276 Y116.58 E69.69524
G1 X111.226 Y116.604 E69.69594
G1 X110.836 Y116.754 E69.70118
G1 X110.835 Y116.269 E69.70726
G1 X110.962 Y116.234 E69.70891
G0 F7200 X111.148 Y116.163
G0 X111.038 Y116.412
;TYPE:SKIN
G1 F1800 X111.077 Y116.451 E69.70926
G0 F7200 X111.133 Y116.596
G0 X111.114 Y116.54
G0 X111.264 Y119.13
G0 X110.962 Y119.234
;TYPE:WALL-OUTER
G1 F1800 X111.275 Y119.114 E69.71346
G1 X111.276 Y119.58 E69.71931
G1 X111.226 Y119.604 E69.72
G1 X110.836 Y119.754 E69.72524
G1 X110.835 Y119.269 E69.73132
G1 X110.962 Y119.234 E69.73298
G0 F7200 X111.148 Y119.163
G0 X110.875 Y119.536
G0 X110.936 Y119.537
G0 X109.739 Y119.738
G0 X109.759 Y119.9
G1 F1800 X109.328 Y119.9 E69.73838
G1 X109.329 Y119.4 E69.74465
G1 X109.759 Y119.4 E69.75004
G1 X109.759 Y119.9 E69.75631
G0 F7200 X109.559 Y119.9
G0 X109.559 Y119.8
G0 X110.236 Y118.536
G0 X112.12 Y117.78
G0 X115.86 Y119.414
G0 X117.008 Y119.329
G0 X117.038 Y119.234
G1 F1800 X117.164 Y119.268 E69.75795
G1 X117.165 Y119.754 E69.76404
G1 X116.772 Y119.603 E69.76693
G1 X116.725 Y119.58 E69.76759
G1 X116.725 Y119.114 E69.77343
G1 X117.038 Y119.234 E69.7751
G0 F7200 X117.164 Y119.268
G0 X117.164 Y119.338
G0 X117.125 Y119.337
G0 X117.061 Y119.343
G0 X118.836 Y119.329
G0 X118.962 Y119.234
G1 F1800 X119.275 Y119.114 E69.7793
G1 X119.276 Y119.58 E69.78514
G1 X119.226 Y119.604 E69.78584
G1 X118.836 Y119.754 E69.79108
G1 X118.835 Y119.269 E69.79716
G1 X118.962 Y119.234 E69.79881
G0 F7200 X119.148 Y119.163
G0 X118.875 Y119.536
G0 X118.936 Y119.537
G0 X118.847 Y116.738
G0 X118.962 Y116.234
G1 F1800 X119.275 Y116.114 E69.80302
G1 X119.276 Y116.58 E69.80886
G1 X119.226 Y116.604 E69.80956
G1 X118.836 Y116.754 E69.8148
G1 X118.835 Y116.269 E69.82088
G1 X118.962 Y116.234 E69.82253
G0 F7200 X119.148 Y116.163
G0 X118.875 Y116.536
G1 F1500 E63.32253
G0 F7200 X118.936 Y116.537
G0 X117.164 Y116.329
G1 F1500 E69.82253
G0 F7200 X117.038 Y116.234
G1 F1800 X117.164 Y116.268 E69.82417
G1 X117.165 Y116.754 E69.83026
G1 X116.772 Y116.603 E69.83315
G1 X116.725 Y116.58 E69.8338
G1 X116.725 Y116.114 E69.83965
G1 X117.038 Y116.234 E69.84131
G0 F7200 X117.164 Y116.268
G0 X117.164 Y116.338
G0 X117.125 Y116.337
G0 X117.061 Y116.343
G0 X117.154 Y113.738
G0 X117.038 Y113.234
G1 F1800 X117.164 Y113.268 E69.84295
G1 X117.165 Y113.754 E69.84905
G1 X116.772 Y113.603 E69.85193
G1 X116.725 Y113.58 E69.85259
G1 X116.725 Y113.114 E69.85843
G1 X117.038 Y113.234 E69.8601
G0 F7200 X117.164 Y113.268
G0 X117.164 Y113.338
G0 X117.125 Y113.337
G0 X117.061 Y113.343
G0 X118.836 Y113.329
G0 X118.962 Y113.234
G1 F1800 X119.275 Y113.114 E69.8643
G1 X119.275 Y113.58 E69.87015
G1 X119.228 Y113.603 E69.8708
G1 X118.836 Y113.754 E69.87607
G1 X118.835 Y113.269 E69.88215
G1 X118.962 Y113.234 E69.8838
G0 F7200 X119.148 Y113.163
G0 X118.875 Y113.536
G1 F1500 E63.3838
G0 F7200 X118.936 Y113.537
G0 X118.847 Y110.738
G1 F1500 E69.8838
G0 F7200 X118.962 Y110.234
G1 F1800 X119.275 Y110.114 E69.88801
G1 X119.275 Y110.58 E69.89385
G1 X119.228 Y110.603 E69.89451
G1 X118.836 Y110.754 E69.89977
G1 X118.835 Y110.269 E69.90586
G1 X118.962 Y110.234 E69.90751
G0 F7200 X119.148 Y110.163
G0 X118.875 Y110.536
G0 X118.936 Y110.537
G0 X117.164 Y110.329
G0 X117.038 Y110.234
G1 F1800 X117.164 Y110.268 E69.90915
G1 X117.165 Y110.754 E69.91524
G1 X116.772 Y110.603 E69.91812
G1 X116.725 Y110.58 E69.91878
G1 X116.725 Y110.114 E69.92462
G1 X117.038 Y110.234 E69.92629
G0 F7200 X117.164 Y110.268
G0 X117.164 Y110.338
G0 X116.968 Y110.463
;TYPE:SKIN
G1 F1800 X116.918 Y110.413 E69.92674
G0 F7200 X116.764 Y110.412
G0 X116.825 Y110.412
G0 X118.028 Y110.343
G0 X123.86 Y110.345
G0 X125.008 Y110.329
G0 X125.038 Y110.234
;TYPE:WALL-OUTER
G1 F1800 X125.164 Y110.268 E69.92837
G1 X125.165 Y110.754 E69.93447
G1 X124.772 Y110.603 E69.93735
G1 X124.725 Y110.58 E69.93801
G1 X124.725 Y110.114 E69.94385
G1 X125.038 Y110.234 E69.94552
G0 F7200 X125.164 Y110.268
G0 X125.164 Y110.338
G0 X125.125 Y110.337
G1 F1500 E63.44552
G0 F7200 X125.061 Y110.343
G0 X126.836 Y110.329
G1 F1500 E69.94552
G0 F7200 X126.962 Y110.234
G1 F1800 X127.275 Y110.114 E69.94972
G1 X127.276 Y110.58 E69.95557
G1 X127.226 Y110.604 E69.95626
G1 X126.836 Y110.754 E69.9615
G1 X126.835 Y110.269 E69.96758
G1 X126.962 Y110.234 E69.96924
G0 F7200 X127.148 Y110.163
G0 X126.875 Y110.536
G1 F1500 E63.46924
G0 F7200 X126.936 Y110.537
G0 X127.264 Y113.13
G1 F1500 E69.96924
G0 F7200 X126.962 Y113.234
G1 F1800 X127.275 Y113.114 E69.97344
G1 X127.276 Y113.58 E69.97928
G1 X127.226 Y113.604 E69.97998
G1 X126.836 Y113.754 E69.98522
G1 X126.835 Y113.269 E69.9913
G1 X126.962 Y113.234 E69.99295
G0 F7200 X127.148 Y113.163
G0 X126.875 Y113.536
G0 X126.936 Y113.537
G0 X125.164 Y113.329
G0 X125.038 Y113.234
G1 F1800 X125.164 Y113.268 E69.99459
G1 X125.165 Y113.754 E70.00068
G1 X124.772 Y113.603 E70.00357
G1 X124.725 Y113.58 E70.00423
G1 X124.725 Y113.114 E70.01007
G1 X125.038 Y113.234 E70.01174
G0 F7200 X125.164 Y113.268
G0 X125.164 Y113.338
G0 X125.125 Y113.337
G0 X125.061 Y113.343
G0 X124.735 Y116.13
G0 X125.038 Y116.234
G1 F1800 X125.164 Y116.268 E70.01337
G1 X125.165 Y116.754 E70.01947
G1 X124.772 Y116.603 E70.02235
G1 X124.725 Y116.58 E70.02301
G1 X124.724 Y116.114 E70.02885
G1 X125.038 Y116.234 E70.03053
G0 F7200 X125.164 Y116.268
G0 X125.164 Y116.338
G0 X125.125 Y116.338
G0 X125.062 Y116.343
G0 X126.836 Y116.329
G0 X126.962 Y116.234
G1 F1800 X127.275 Y116.114 E70.03473
G1 X127.276 Y116.58 E70.04058
G1 X127.226 Y116.604 E70.04127
G1 X126.836 Y116.754 E70.04651
G1 X126.835 Y116.269 E70.05259
G1 X126.962 Y116.234 E70.05425
G0 F7200 X127.148 Y116.163
G0 X126.875 Y116.536
G0 X126.936 Y116.537
G0 X127.264 Y119.13
G0 X126.962 Y119.234
G1 F1800 X127.275 Y119.114 E70.05845
G1 X127.276 Y119.58 E70.06429
G1 X127.226 Y119.604 E70.06499
G1 X126.836 Y119.754 E70.07023
G1 X126.835 Y119.269 E70.07631
G1 X126.962 Y119.234 E70.07796
G0 F7200 X127.148 Y119.163
G0 X127.046 Y119.409
;TYPE:SKIN
G1 F1800 X127.08 Y119.443 E70.07826
G0 F7200 X127.236 Y119.443
G1 F1500 E63.57826
G0 F7200 X127.175 Y119.442
G0 X125.164 Y119.329
G1 F1500 E70.07826
G0 F7200 X125.038 Y119.234
;TYPE:WALL-OUTER
G1 F1800 X125.164 Y119.268 E70.0799
G1 X125.165 Y119.754 E70.086
G1 X124.772 Y119.603 E70.08888
G1 X124.725 Y119.58 E70.08954
G1 X124.724 Y119.114 E70.09538
G1 X125.038 Y119.234 E70.09706
G0 F7200 X125.164 Y119.268
G0 X125.164 Y119.338
G0 X125.125 Y119.338
G0 X125.062 Y119.343
G0 X131.86 Y119.33
G0 X133.008 Y119.329
G0 X133.038 Y119.234
G1 F1800 X133.164 Y119.268 E70.09869
G1 X133.164 Y119.754 E70.10479
G1 X132.772 Y119.603 E70.10767
G1 X132.725 Y119.58 E70.10832
G1 X132.724 Y119.114 E70.11417
G1 X133.038 Y119.234 E70.11584
G0 F7200 X133.164 Y119.268
G0 X133.164 Y119.338
G0 X133.125 Y119.339
G1 F1500 E63.61584
G0 F7200 X133.062 Y119.343
G0 X133.154 Y116.738
G1 F1500 E70.11584
G0 F7200 X133.038 Y116.234
G1 F1800 X133.164 Y116.268 E70.11748
G1 X133.165 Y116.754 E70.12357
G1 X132.772 Y116.603 E70.12646
G1 X132.725 Y116.58 E70.12711
G1 X132.724 Y116.114 E70.13296
G1 X133.038 Y116.234 E70.13463
G0 F7200 X133.164 Y116.268
G0 X133.164 Y116.338
G0 X133.125 Y116.338
G0 X133.062 Y116.343
G0 X133.153 Y113.738
G0 X133.038 Y113.234
G1 F1800 X133.164 Y113.268 E70.13627
G1 X133.164 Y113.754 E70.14236
G1 X132.772 Y113.603 E70.14524
G1 X132.725 Y113.58 E70.1459
G1 X132.725 Y113.114 E70.15174
G1 X133.038 Y113.234 E70.15341
G0 F7200 X133.164 Y113.268
G0 X133.164 Y113.338
G0 X132.968 Y113.452
;TYPE:SKIN
G1 F1800 X132.919 Y113.402 E70.15385
G0 F7200 X132.764 Y113.402
G1 F1500 E63.65385
G0 F7200 X132.825 Y113.402
G0 X133.154 Y110.738
G1 F1500 E70.15385
G0 F7200 X133.038 Y110.234
;TYPE:WALL-OUTER
G1 F1800 X133.164 Y110.268 E70.15549
G1 X133.165 Y110.754 E70.16158
G1 X132.772 Y110.603 E70.16447
G1 X132.725 Y110.58 E70.16512
G1 X132.725 Y110.114 E70.17097
G1 X133.038 Y110.234 E70.17263
G0 F7200 X133.164 Y110.268
G0 X133.164 Y110.338
G0 X133.125 Y110.337
;MESH:NONMESH
G0 F600 X133.125 Y110.337 Z16.8
G0 F7200 X133.061 Y110.343
G0 X131.86 Y110.329
G0 X125.988 Y111.861
G0 X119.106 Y111.577
G0 X118.015 Y111.865
G0 X112.14 Y110.374
G0 X110.993 Y110.329
G0 X110.962 Y110.234
;TIME_ELAPSED:860.802056
;LAYER:83
;TYPE:WALL-OUTER
;MESH:output_v2\B_media_suporte.stl
G1 F1800 X111.065 Y110.195 E70.17401
G1 X111.066 Y110.665 E70.17991
G1 X110.834 Y110.755 E70.18303
G1 X110.617 Y110.813 E70.18585
G1 X110.616 Y110.327 E70.19194
G1 X110.962 Y110.234 E70.19643
G0 F7200 X111.065 Y110.195
G0 X111.065 Y110.285
G0 X110.775 Y110.698
G0 X110.77 Y110.669
G0 X111.054 Y113.211
G0 X110.962 Y113.234
G1 F1800 X111.065 Y113.195 E70.19781
G1 X111.065 Y113.666 E70.20372
G1 X110.832 Y113.755 E70.20685
G1 X110.617 Y113.812 E70.20964
G1 X110.616 Y113.327 E70.21572
G1 X110.962 Y113.234 E70.22021
G0 F7200 X111.065 Y113.195
G0 X111.065 Y113.285
G0 X110.775 Y113.698
G1 F1500 E63.72021
G0 F7200 X110.769 Y113.669
G0 X111.054 Y116.211
G1 F1500 E70.22021
G0 F7200 X110.962 Y116.234
G1 F1800 X111.065 Y116.195 E70.22159
G1 X111.066 Y116.665 E70.22749
G1 X110.834 Y116.755 E70.23061
G1 X110.617 Y116.813 E70.23343
G1 X110.616 Y116.327 E70.23952
G1 X110.962 Y116.234 E70.24401
G0 F7200 X111.065 Y116.195
G0 X111.065 Y116.285
G0 X110.775 Y116.698
G0 X110.77 Y116.669
G0 X111.054 Y119.211
G0 X110.962 Y119.234
G1 F1800 X111.065 Y119.195 E70.24539
G1 X111.066 Y119.665 E70.25129
G1 X110.832 Y119.756 E70.25444
G1 X110.617 Y119.812 E70.25722
G1 X110.616 Y119.327 E70.26331
G1 X110.962 Y119.234 E70.2678
G0 F7200 X111.065 Y119.195
G0 X111.065 Y119.285
G0 X110.775 Y119.698
G0 X109.843 Y119.9
G1 F1800 X109.381 Y119.9 E70.27359
G1 X109.382 Y119.4 E70.27986
G1 X109.843 Y119.4 E70.28564
G1 X109.843 Y119.9 E70.29191
G0 F7200 X109.643 Y119.9
G0 X109.643 Y119.8
G1 F1500 E63.79191
G0 F7200 X110.154 Y118.536
G0 X111.911 Y117.963
G0 X116.07 Y119.414
G1 F1500 E70.29191
G0 F7200 X117.038 Y119.234
G1 F1800 X117.383 Y119.327 E70.29639
G1 X117.384 Y119.813 E70.30249
G1 X117.166 Y119.755 E70.30532
G1 X116.935 Y119.666 E70.30842
G1 X116.935 Y119.195 E70.31433
G1 X117.038 Y119.234 E70.31571
G0 F7200 X117.231 Y119.286
G0 X117.248 Y119.357
G0 X117.238 Y119.391
G0 X118.631 Y119.339
G0 X118.962 Y119.234
G1 F1800 X119.065 Y119.195 E70.31709
G1 X119.066 Y119.665 E70.32299
G1 X118.834 Y119.755 E70.32611
G1 X118.617 Y119.813 E70.32892
G1 X118.616 Y119.327 E70.33502
G1 X118.962 Y119.234 E70.33951
G0 F7200 X119.065 Y119.195
G0 X119.065 Y119.285
G0 X118.775 Y119.698
G0 X118.77 Y119.669
G0 X118.629 Y116.798
G0 X118.962 Y116.234
G1 F1800 X119.065 Y116.195 E70.34089
G1 X119.066 Y116.665 E70.34679
G1 X118.834 Y116.755 E70.34991
G1 X118.617 Y116.813 E70.35272
G1 X118.616 Y116.327 E70.35882
G1 X118.962 Y116.234 E70.36331
G0 F7200 X119.065 Y116.195
G0 X119.065 Y116.285
G0 X118.863 Y116.461
;TYPE:SKIN
G1 F1800 X118.81 Y116.514 E70.36378
G0 F7200 X118.665 Y116.514
G1 F1500 E63.86378
G0 F7200 X118.717 Y116.515
G0 X117.383 Y116.341
G1 F1500 E70.36378
G0 F7200 X117.038 Y116.234
;TYPE:WALL-OUTER
G1 F1800 X117.383 Y116.327 E70.36826
G1 X117.384 Y116.813 E70.37436
G1 X117.166 Y116.755 E70.37718
G1 X116.935 Y116.666 E70.38029
G1 X116.935 Y116.195 E70.3862
G1 X117.038 Y116.234 E70.38758
G0 F7200 X117.231 Y116.286
G0 X117.159 Y116.468
;TYPE:SKIN
G1 F1800 X117.129 Y116.498 E70.38784
G0 F7200 X116.983 Y116.497
G0 X117.035 Y116.497
G0 X117.372 Y113.798
G0 X117.038 Y113.234
;TYPE:WALL-OUTER
G1 F1800 X117.383 Y113.327 E70.39232
G1 X117.384 Y113.813 E70.39842
G1 X117.166 Y113.755 E70.40125
G1 X116.935 Y113.666 E70.40435
G1 X116.935 Y113.195 E70.41026
G1 X117.038 Y113.234 E70.41164
G0 F7200 X117.231 Y113.286
G0 X117.248 Y113.357
G0 X117.238 Y113.391
G0 X118.631 Y113.339
G0 X118.962 Y113.234
G1 F1800 X119.065 Y113.195 E70.41302
G1 X119.065 Y113.666 E70.41893
G1 X118.834 Y113.755 E70.42203
G1 X118.617 Y113.813 E70.42485
G1 X118.616 Y113.327 E70.43094
G1 X118.962 Y113.234 E70.43544
G0 F7200 X119.065 Y113.195
G0 X119.065 Y113.285
G0 X118.775 Y113.698
G0 X118.77 Y113.669
G0 X118.629 Y110.798
G0 X118.962 Y110.234
G1 F1800 X119.065 Y110.195 E70.43682
G1 X119.066 Y110.665 E70.44271
G1 X118.834 Y110.755 E70.44583
G1 X118.617 Y110.813 E70.44865
G1 X118.616 Y110.327 E70.45474
G1 X118.962 Y110.234 E70.45924
G0 F7200 X119.065 Y110.195
G0 X119.065 Y110.285
G0 X118.87 Y110.515
;TYPE:SKIN
G1 F1800 X118.842 Y110.543 E70.45948
G0 F7200 X118.854 Y110.677
G0 X118.843 Y110.644
G0 X117.383 Y110.341
G0 X117.038 Y110.234
;TYPE:WALL-OUTER
G1 F1800 X117.383 Y110.327 E70.46396
G1 X117.384 Y110.813 E70.47006
G1 X117.166 Y110.755 E70.47289
G1 X116.935 Y110.666 E70.47599
G1 X116.935 Y110.195 E70.4819
G1 X117.038 Y110.234 E70.48328
G0 F7200 X117.231 Y110.286
G0 X117.186 Y110.501
;TYPE:SKIN
G1 F1800 X117.148 Y110.539 E70.48362
G0 F7200 X117.134 Y110.673
G0 X117.148 Y110.641
G0 X117.644 Y109.501
G0 X119.911 Y108.963
G0 X124.07 Y110.344
G0 X125.038 Y110.234
;TYPE:WALL-OUTER
G1 F1800 X125.383 Y110.327 E70.4881
G1 X125.384 Y110.813 E70.49419
G1 X125.166 Y110.755 E70.49702
G1 X124.935 Y110.666 E70.50013
G1 X124.935 Y110.195 E70.50603
G1 X125.038 Y110.234 E70.50741
G0 F7200 X125.231 Y110.286
G0 X125.248 Y110.357
G0 X125.238 Y110.391
G0 X126.631 Y110.339
G0 X126.962 Y110.234
G1 F1800 X127.065 Y110.195 E70.50879
G1 X127.066 Y110.665 E70.51469
G1 X126.834 Y110.755 E70.51781
G1 X126.617 Y110.813 E70.52063
G1 X126.616 Y110.327 E70.52672
G1 X126.962 Y110.234 E70.53121
G0 F7200 X127.065 Y110.195
G0 X127.065 Y110.285
G0 X126.775 Y110.698
G1 F1500 E64.03121
G0 F7200 X126.77 Y110.669
G0 X127.054 Y113.211
G1 F1500 E70.53121
G0 F7200 X126.962 Y113.234
G1 F1800 X127.065 Y113.195 E70.5326
G1 X127.065 Y113.666 E70.5385
G1 X126.832 Y113.755 E70.54163
G1 X126.617 Y113.812 E70.54442
G1 X126.616 Y113.327 E70.5505
G1 X126.962 Y113.234 E70.55499
G0 F7200 X127.065 Y113.195
G0 X127.065 Y113.285
G0 X126.775 Y113.698
G0 X126.769 Y113.669
G0 X125.383 Y113.341
G0 X125.038 Y113.234
G1 F1800 X125.383 Y113.327 E70.55947
G1 X125.384 Y113.813 E70.56557
G1 X125.166 Y113.755 E70.5684
G1 X124.935 Y113.666 E70.5715
G1 X124.935 Y113.195 E70.57741
G1 X125.038 Y113.234 E70.57879
G0 F7200 X125.231 Y113.286
G0 X125.248 Y113.357
G0 X125.238 Y113.391
G0 X124.946 Y116.211
G0 X125.038 Y116.234
G1 F1800 X125.383 Y116.327 E70.58327
G1 X125.384 Y116.813 E70.58937
G1 X125.166 Y116.755 E70.59219
G1 X124.935 Y116.666 E70.5953
G1 X124.935 Y116.195 E70.60121
G1 X125.038 Y116.234 E70.60259
G0 F7200 X125.231 Y116.286
G0 X125.248 Y116.357
G0 X125.238 Y116.391
G0 X126.631 Y116.339
G0 X126.962 Y116.234
G1 F1800 X127.065 Y116.195 E70.60397
G1 X127.066 Y116.665 E70.60986
G1 X126.834 Y116.755 E70.61298
G1 X126.617 Y116.813 E70.6158
G1 X126.616 Y116.327 E70.62189
G1 X126.962 Y116.234 E70.62639
G0 F7200 X127.065 Y116.195
G0 X127.065 Y116.285
G0 X126.775 Y116.698
G0 X126.77 Y116.669
G0 X127.054 Y119.211
G0 X126.962 Y119.234
G1 F1800 X127.065 Y119.195 E70.62777
G1 X127.066 Y119.665 E70.63366
G1 X126.832 Y119.756 E70.63681
G1 X126.617 Y119.812 E70.6396
G1 X126.616 Y119.327 E70.64568
G1 X126.962 Y119.234 E70.65017
G0 F7200 X127.065 Y119.195
G0 X127.065 Y119.285
G0 X126.87 Y119.485
;TYPE:SKIN
G1 F1800 X126.81 Y119.545 E70.6507
G0 F7200 X126.665 Y119.545
G0 X126.717 Y119.546
G0 X125.383 Y119.341
G0 X125.038 Y119.234
;TYPE:WALL-OUTER
G1 F1800 X125.383 Y119.327 E70.65518
G1 X125.384 Y119.813 E70.66128
G1 X125.166 Y119.755 E70.66411
G1 X124.935 Y119.666 E70.66721
G1 X124.935 Y119.195 E70.67312
G1 X125.038 Y119.234 E70.6745
G0 F7200 X125.231 Y119.286
G0 X125.183 Y119.475
;TYPE:SKIN
G1 F1800 X125.129 Y119.529 E70.67498
G0 F7200 X124.983 Y119.528
G0 X125.035 Y119.528
G0 X125.644 Y118.501
G0 X127.911 Y117.963
G0 X132.07 Y119.344
G0 X133.038 Y119.234
;TYPE:WALL-OUTER
G1 F1800 X133.383 Y119.327 E70.67946
G1 X133.384 Y119.813 E70.68555
G1 X133.166 Y119.755 E70.68838
G1 X132.935 Y119.666 E70.69149
G1 X132.935 Y119.195 E70.69739
G1 X133.038 Y119.234 E70.69878
G0 F7200 X133.231 Y119.286
G0 X133.248 Y119.357
G0 X133.238 Y119.391
G0 X133.372 Y116.798
G0 X133.038 Y116.234
G1 F1800 X133.383 Y116.327 E70.70326
G1 X133.384 Y116.813 E70.70935
G1 X133.166 Y116.755 E70.71218
G1 X132.935 Y116.666 E70.71528
G1 X132.935 Y116.195 E70.72119
G1 X133.038 Y116.234 E70.72257
G0 F7200 X133.231 Y116.286
G0 X133.248 Y116.357
G1 F1500 E64.22257
G0 F7200 X133.238 Y116.391
G0 X133.372 Y113.798
G1 F1500 E70.72257
G0 F7200 X133.038 Y113.234
G1 F1800 X133.383 Y113.327 E70.72705
G1 X133.384 Y113.813 E70.73315
G1 X133.166 Y113.755 E70.73598
G1 X132.935 Y113.666 E70.73908
G1 X132.935 Y113.195 E70.74499
G1 X133.038 Y113.234 E70.74637
G0 F7200 X133.231 Y113.286
G0 X133.167 Y113.471
;TYPE:SKIN
G1 F1800 X133.129 Y113.509 E70.74671
G0 F7200 X132.983 Y113.508
G1 F1500 E64.24671
G0 F7200 X133.035 Y113.508
G0 X133.372 Y110.798
G1 F1500 E70.74671
G0 F7200 X133.038 Y110.234
;TYPE:WALL-OUTER
G1 F1800 X133.383 Y110.327 E70.75119
G1 X133.384 Y110.813 E70.75728
G1 X133.166 Y110.755 E70.76011
G1 X132.935 Y110.666 E70.76321
G1 X132.935 Y110.195 E70.76912
G1 X133.038 Y110.234 E70.7705
G0 F7200 X133.231 Y110.286
G0 X133.248 Y110.357
G1 F1500 E64.2705
;MESH:NONMESH
G0 F600 X133.248 Y110.357 Z17
G0 F7200 X133.238 Y110.391
G0 X132.07 Y110.4
G0 X126.235 Y111.833
G0 X117.767 Y111.824
G0 X111.93 Y110.445
G0 X110.73 Y110.4
G1 F1500 E70.7705
G0 F7200 X110.541 Y110.347
;TIME_ELAPSED:868.621295
;LAYER:84
;TYPE:WALL-OUTER
;MESH:output_v2\B_media_suporte.stl
G1 F1800 X110.855 Y110.263 E70.77458
G1 X110.856 Y110.746 E70.78064
G1 X110.834 Y110.755 E70.78093
G1 X110.464 Y110.854 E70.78574
G1 X110.269 Y110.884 E70.78821
G1 X110.2 Y110.89 E70.78908
G1 X110.2 Y110.393 E70.79531
G1 X110.325 Y110.38 E70.79689
G1 X110.541 Y110.347 E70.79963
G0 F7200 X110.734 Y110.296
G0 X110.544 Y110.544
;TYPE:SKIN
G1 F1800 X110.611 Y110.611 E70.80022
G0 F7200 X110.622 Y110.738
G1 F1500 E64.30022
G0 F7200 X110.617 Y110.71
G0 X110.545 Y113.366
G0 X109.328 Y114.046
G0 X108.723 Y114.953
G0 X109.027 Y115.976
G1 F1500 E70.80022
G0 F7200 X109.61 Y116.34
;TYPE:WALL-OUTER
G1 F1800 X109.897 Y116.397 E70.80389
G1 X110.093 Y116.4 E70.80635
G1 X110.31 Y116.383 E70.80908
G1 X110.541 Y116.347 E70.81201
G1 X110.855 Y116.263 E70.81609
G1 X110.856 Y116.746 E70.82214
G1 X110.834 Y116.755 E70.82244
G1 X110.462 Y116.854 E70.82727
G1 X110.252 Y116.885 E70.82993
G1 X110.143 Y116.895 E70.8313
G1 X110.001 Y116.9 E70.83309
G1 X109.734 Y116.879 E70.83644
G1 X109.332 Y116.766 E70.84168
G1 X108.972 Y116.564 E70.84686
G1 X108.663 Y116.279 E70.85213
G1 X108.591 Y116.187 E70.85359
G1 X108.38 Y115.811 E70.859
G1 X108.301 Y115.567 E70.86222
G1 X108.251 Y115.14 E70.86761
G1 X108.255 Y115.019 E70.86913
G1 X108.299 Y114.745 E70.87261
G1 X108.444 Y114.352 E70.87786
G1 X108.587 Y114.118 E70.8813
G1 X108.663 Y114.021 E70.88284
G1 X108.976 Y113.732 E70.88819
G1 X109.202 Y113.594 E70.89151
G1 X109.591 Y113.45 E70.89671
G1 X110.019 Y113.4 E70.90211
G1 X110.214 Y113.392 E70.90456
G1 X110.325 Y113.38 E70.90596
G1 X110.541 Y113.347 E70.9087
G1 X110.855 Y113.263 E70.91278
G1 X110.855 Y113.747 E70.91885
G1 X110.837 Y113.754 E70.91909
G1 X110.462 Y113.854 E70.92396
G1 X110.252 Y113.885 E70.92662
G1 X110.139 Y113.895 E70.92804
G1 X109.795 Y113.915 E70.93236
G1 X109.348 Y114.08 E70.93834
G1 X109.051 Y114.334 E70.94324
G1 X108.882 Y114.585 E70.94703
G1 X108.762 Y114.958 E70.95195
G1 X108.78 Y115.43 E70.95787
G1 X108.848 Y115.64 E70.96064
G1 X109.107 Y116.026 E70.96647
G1 X109.271 Y116.166 E70.96917
G1 X109.61 Y116.34 E70.97395
G0 F7200 X109.806 Y116.379
G0 X109.846 Y116.634
;TYPE:SKIN
G1 F1800 X110.138 Y116.643 E70.97523
G1 X110.626 Y116.566 E70.97739
G0 F7200 X110.658 Y116.598
G0 X109.554 Y116.625
G1 F1800 X109.358 Y116.429 E70.97913
G0 F7200 X108.609 Y115.68
G1 F1800 X108.521 Y115.309 E70.98062
G1 X108.627 Y114.567 E70.98355
G1 X108.977 Y114.068 E70.98593
G1 X109.507 Y113.75 E70.98835
G1 X110.485 Y113.596 E70.99221
G0 F7200 X110.519 Y113.756
G1 F1500 E64.49221
G0 F7200 X110.516 Y113.737
G0 X109.328 Y114.046
G0 X108.723 Y114.953
G0 X109.027 Y115.976
G0 X110.001 Y116.881
G0 X110.001 Y119.42
G1 F1500 E70.99221
G0 F7200 X109.905 Y119.9
;TYPE:WALL-OUTER
G1 F1800 X109.457 Y119.9 E70.99783
G1 X109.457 Y119.4 E71.0041
G1 X110.087 Y119.4 E71.012
G1 X110.323 Y119.381 E71.01497
G1 X110.541 Y119.347 E71.01774
G1 X110.855 Y119.263 E71.02181
G1 X110.856 Y119.746 E71.02787
G1 X110.834 Y119.755 E71.02817
G1 X110.462 Y119.854 E71.033
G1 X110.252 Y119.885 E71.03566
G1 X110.135 Y119.895 E71.03713
G1 X110.07 Y119.898 E71.03795
G1 X110 Y119.897 E71.03883
G1 X109.905 Y119.9 E71.04002
G0 F7200 X109.705 Y119.9
G0 X109.749 Y119.648
;TYPE:SKIN
G1 F1800 X110.03 Y119.647 E71.04116
G1 X110.534 Y119.585 E71.04322
G0 F7200 X110.567 Y119.749
G1 F1500 E64.54322
G0 F7200 X110.563 Y119.724
G0 X111.72 Y119.458
G0 X116.28 Y119.459
G0 X118.561 Y119.444
G1 F1500 E71.04322
G0 F7200 X118.541 Y119.347
;TYPE:WALL-OUTER
G1 F1800 X118.855 Y119.263 E71.0473
G1 X118.856 Y119.746 E71.05336
G1 X118.834 Y119.755 E71.05365
G1 X118.464 Y119.854 E71.05846
G1 X118.269 Y119.884 E71.06093
G1 X118.189 Y119.892 E71.06194
G1 X117.908 Y119.898 E71.06547
G1 X117.812 Y119.892 E71.06667
G1 X117.731 Y119.884 E71.06769
G1 X117.536 Y119.854 E71.07017
G1 X117.163 Y119.754 E71.07501
G1 X117.145 Y119.747 E71.07525
G1 X117.145 Y119.263 E71.08132
G1 X117.459 Y119.347 E71.0854
G1 X117.675 Y119.38 E71.08814
G1 X117.784 Y119.391 E71.08951
G1 X117.896 Y119.398 E71.09092
G1 X118.212 Y119.392 E71.09488
G1 X118.325 Y119.38 E71.09631
G1 X118.541 Y119.347 E71.09905
G0 F7200 X118.734 Y119.296
G0 X118.468 Y119.599
;TYPE:SKIN
G1 F1800 X118.222 Y119.636 E71.10009
G1 X117.641 Y119.621 E71.10254
G0 F7200 X117.631 Y119.466
G1 F1500 E64.60254
G0 F7200 X117.629 Y119.474
G0 X118.267 Y116.865
G1 F1500 E71.10254
G0 F7200 X118.541 Y116.347
;TYPE:WALL-OUTER
G1 F1800 X118.855 Y116.263 E71.10662
G1 X118.856 Y116.746 E71.11268
G1 X118.834 Y116.755 E71.11297
G1 X118.464 Y116.854 E71.11778
G1 X118.269 Y116.884 E71.12025
G1 X118.189 Y116.892 E71.12126
G1 X117.908 Y116.898 E71.12478
G1 X117.812 Y116.892 E71.12599
G1 X117.731 Y116.884 E71.12701
G1 X117.536 Y116.854 E71.12948
G1 X117.163 Y116.754 E71.13433
G1 X117.145 Y116.747 E71.13457
G1 X117.145 Y116.263 E71.14064
G1 X117.459 Y116.347 E71.14472
G1 X117.675 Y116.38 E71.14746
G1 X117.784 Y116.391 E71.14883
G1 X117.896 Y116.398 E71.15024
G1 X118.212 Y116.392 E71.1542
G1 X118.325 Y116.38 E71.15562
G1 X118.541 Y116.347 E71.15837
G0 F7200 X118.734 Y116.296
G0 X118.56 Y116.58
;TYPE:SKIN
G1 F1800 X118.323 Y116.626 E71.15929
G1 X117.431 Y116.582 E71.16269
G0 F7200 X117.407 Y116.406
G1 F1500 E64.66269
G0 F7200 X117.4 Y116.434
G0 X117.832 Y113.874
G1 F1500 E71.16269
G0 F7200 X118.541 Y113.347
;TYPE:WALL-OUTER
G1 F1800 X118.855 Y113.263 E71.16677
G1 X118.855 Y113.747 E71.17284
G1 X118.837 Y113.754 E71.17308
G1 X118.464 Y113.854 E71.17793
G1 X118.269 Y113.884 E71.1804
G1 X118.189 Y113.892 E71.18141
G1 X117.908 Y113.898 E71.18493
G1 X117.812 Y113.892 E71.18614
G1 X117.731 Y113.884 E71.18716
G1 X117.536 Y113.854 E71.18963
G1 X117.163 Y113.754 E71.19448
G1 X117.145 Y113.747 E71.19472
G1 X117.145 Y113.263 E71.20079
G1 X117.459 Y113.347 E71.20486
G1 X117.675 Y113.38 E71.2076
G1 X117.784 Y113.391 E71.20898
G1 X117.896 Y113.398 E71.21039
G1 X118.212 Y113.392 E71.21435
G1 X118.325 Y113.38 E71.21577
G1 X118.541 Y113.347 E71.21851
G0 F7200 X118.734 Y113.296
G0 X118.638 Y113.547
;TYPE:SKIN
G1 F1800 X118.419 Y113.61 E71.21936
G1 X117.571 Y113.611 E71.22253
G0 F7200 X117.563 Y113.448
G1 F1500 E64.72253
G0 F7200 X117.56 Y113.463
G0 X118.267 Y110.865
G1 F1500 E71.22253
G0 F7200 X118.541 Y110.347
;TYPE:WALL-OUTER
G1 F1800 X118.855 Y110.263 E71.22661
G1 X118.856 Y110.746 E71.23267
G1 X118.834 Y110.755 E71.23296
G1 X118.464 Y110.854 E71.23777
G1 X118.269 Y110.884 E71.24024
G1 X118.189 Y110.892 E71.24125
G1 X117.908 Y110.898 E71.24477
G1 X117.812 Y110.892 E71.24598
G1 X117.731 Y110.884 E71.247
G1 X117.536 Y110.854 E71.24947
G1 X117.163 Y110.754 E71.25432
G1 X117.145 Y110.747 E71.25456
G1 X117.145 Y110.263 E71.26063
G1 X117.459 Y110.347 E71.26471
G1 X117.675 Y110.38 E71.26745
G1 X117.784 Y110.391 E71.26882
G1 X117.896 Y110.398 E71.27023
G1 X118.212 Y110.392 E71.27419
G1 X118.325 Y110.38 E71.27562
G1 X118.541 Y110.347 E71.27836
G0 F7200 X118.734 Y110.296
G0 X118.511 Y110.591
;TYPE:SKIN
G1 F1800 X118.27 Y110.633 E71.2792
G1 X117.372 Y110.583 E71.28232
G0 F7200 X117.513 Y110.76
G1 F1500 E64.78232
G0 F7200 X117.517 Y110.746
G0 X118.855 Y110.459
G0 X124.28 Y110.459
G0 X126.561 Y110.444
G1 F1500 E71.28232
G0 F7200 X126.541 Y110.347
;TYPE:WALL-OUTER
G1 F1800 X126.855 Y110.263 E71.28639
G1 X126.856 Y110.746 E71.29245
G1 X126.834 Y110.755 E71.29275
G1 X126.464 Y110.854 E71.29755
G1 X126.269 Y110.884 E71.30003
G1 X126.188 Y110.892 E71.30105
G1 X126.092 Y110.898 E71.30225
G1 X125.812 Y110.892 E71.30576
G1 X125.731 Y110.884 E71.30679
G1 X125.536 Y110.854 E71.30926
G1 X125.163 Y110.754 E71.3141
G1 X125.145 Y110.747 E71.31434
G1 X125.145 Y110.263 E71.32041
G1 X125.459 Y110.347 E71.32449
G1 X125.675 Y110.38 E71.32723
G1 X125.788 Y110.392 E71.32866
G1 X126.104 Y110.398 E71.33262
G1 X126.216 Y110.391 E71.33403
G1 X126.325 Y110.38 E71.3354
G1 X126.541 Y110.347 E71.33814
G0 F7200 X126.734 Y110.296
G0 X126.444 Y110.605
;TYPE:SKIN
G1 F1800 X126.196 Y110.639 E71.3392
G1 X125.607 Y110.617 E71.34169
G0 F7200 X125.599 Y110.458
G1 F1500 E64.84169
G0 F7200 X125.597 Y110.469
G0 X126.843 Y113.278
G1 F1500 E71.34169
G0 F7200 X126.541 Y113.347
;TYPE:WALL-OUTER
G1 F1800 X126.855 Y113.263 E71.34577
G1 X126.855 Y113.747 E71.35184
G1 X126.837 Y113.754 E71.35208
G1 X126.464 Y113.854 E71.35692
G1 X126.269 Y113.884 E71.3594
G1 X126.188 Y113.892 E71.36042
G1 X126.092 Y113.898 E71.36163
G1 X125.812 Y113.892 E71.36514
G1 X125.731 Y113.884 E71.36616
G1 X125.536 Y113.854 E71.36863
G1 X125.163 Y113.754 E71.37347
G1 X125.145 Y113.747 E71.37372
G1 X125.145 Y113.263 E71.37979
G1 X125.459 Y113.347 E71.38386
G1 X125.675 Y113.38 E71.3866
G1 X125.788 Y113.392 E71.38803
G1 X126.104 Y113.398 E71.39199
G1 X126.216 Y113.391 E71.3934
G1 X126.325 Y113.38 E71.39477
G1 X126.541 Y113.347 E71.39751
G0 F7200 X126.734 Y113.296
G0 X126.586 Y113.575
;TYPE:SKIN
G1 F1800 X126.35 Y113.622 E71.39843
G1 X125.473 Y113.593 E71.40176
G0 F7200 X125.463 Y113.421
G1 F1500 E64.90176
G0 F7200 X125.458 Y113.448
G0 X126.843 Y116.278
G1 F1500 E71.40176
G0 F7200 X126.541 Y116.347
;TYPE:WALL-OUTER
G1 F1800 X126.855 Y116.263 E71.40583
G1 X126.856 Y116.746 E71.41189
G1 X126.834 Y116.755 E71.41219
G1 X126.464 Y116.854 E71.41699
G1 X126.269 Y116.884 E71.41947
G1 X126.188 Y116.892 E71.42049
G1 X126.092 Y116.898 E71.42169
G1 X125.812 Y116.892 E71.42521
G1 X125.731 Y116.884 E71.42623
G1 X125.536 Y116.854 E71.4287
G1 X125.163 Y116.754 E71.43354
G1 X125.145 Y116.747 E71.43379
G1 X125.145 Y116.263 E71.43986
G1 X125.459 Y116.347 E71.44393
G1 X125.675 Y116.38 E71.44667
G1 X125.788 Y116.392 E71.4481
G1 X126.104 Y116.398 E71.45206
G1 X126.216 Y116.391 E71.45347
G1 X126.325 Y116.38 E71.45484
G1 X126.541 Y116.347 E71.45758
G0 F7200 X126.734 Y116.296
G0 X126.494 Y116.594
;TYPE:SKIN
G1 F1800 X126.251 Y116.634 E71.45841
G1 X125.357 Y116.589 E71.46141
G0 F7200 X125.516 Y116.76
G1 F1500 E64.96141
G0 F7200 X125.519 Y116.747
G0 X126.843 Y119.278
G1 F1500 E71.46141
G0 F7200 X126.541 Y119.347
;TYPE:WALL-OUTER
G1 F1800 X126.855 Y119.263 E71.46549
G1 X126.856 Y119.746 E71.47155
G1 X126.834 Y119.755 E71.47184
G1 X126.464 Y119.854 E71.47665
G1 X126.269 Y119.884 E71.47912
G1 X126.188 Y119.892 E71.48014
G1 X126.092 Y119.898 E71.48135
G1 X125.812 Y119.892 E71.48486
G1 X125.731 Y119.884 E71.48588
G1 X125.536 Y119.854 E71.48836
G1 X125.163 Y119.754 E71.4932
G1 X125.145 Y119.747 E71.49344
G1 X125.145 Y119.263 E71.49951
G1 X125.459 Y119.347 E71.50359
G1 X125.675 Y119.38 E71.50633
G1 X125.788 Y119.392 E71.50775
G1 X126.104 Y119.398 E71.51172
G1 X126.216 Y119.391 E71.51312
G1 X126.325 Y119.38 E71.5145
G1 X126.541 Y119.347 E71.51724
G0 F7200 X126.734 Y119.296
G0 X126.631 Y119.56
;TYPE:SKIN
G1 F1800 X126.401 Y119.613 E71.51814
G1 X125.548 Y119.608 E71.52139
G0 F7200 X125.54 Y119.442
G1 F1500 E65.02139
G0 F7200 X125.537 Y119.46
G0 X126.843 Y119.278
G0 X132.28 Y116.735
G0 X134.62 Y116.947
G1 F1500 E71.52139
G0 F7200 X134.573 Y117.035
;TYPE:WALL-OUTER
G1 F1800 X134.201 Y116.915 E71.52629
G1 X133.842 Y116.894 E71.5308
G1 X133.731 Y116.884 E71.5322
G1 X133.536 Y116.854 E71.53467
G1 X133.163 Y116.754 E71.53951
G1 X133.145 Y116.747 E71.53976
G1 X133.145 Y116.263 E71.54582
G1 X133.459 Y116.347 E71.5499
G1 X133.676 Y116.381 E71.55266
G1 X133.878 Y116.398 E71.5552
G1 X133.971 Y116.398 E71.55636
G1 X134.266 Y116.421 E71.56007
G1 X134.675 Y116.536 E71.5654
G1 X134.919 Y116.661 E71.56884
G1 X135.019 Y116.727 E71.57034
G1 X135.337 Y117.021 E71.57577
G1 X135.409 Y117.113 E71.57724
G1 X135.616 Y117.482 E71.58254
G1 X135.727 Y117.878 E71.5877
G1 X135.743 Y118.293 E71.59291
G1 X135.729 Y118.416 E71.59446
G1 X135.616 Y118.818 E71.5997
G1 X135.409 Y119.187 E71.605
G1 X135.337 Y119.279 E71.60647
G1 X135.019 Y119.573 E71.6119
G1 X134.925 Y119.636 E71.61332
G1 X134.532 Y119.817 E71.61875
G1 X134.417 Y119.849 E71.62024
G1 X133.988 Y119.899 E71.62566
G1 X133.838 Y119.894 E71.62754
G1 X133.731 Y119.884 E71.62889
G1 X133.536 Y119.854 E71.63136
G1 X133.163 Y119.754 E71.63621
G1 X133.145 Y119.747 E71.63645
G1 X133.145 Y119.263 E71.64252
G1 X133.459 Y119.347 E71.64659
G1 X133.675 Y119.38 E71.64933
G1 X133.786 Y119.392 E71.65073
G1 X133.995 Y119.4 E71.65336
G1 X134.109 Y119.396 E71.65479
G1 X134.467 Y119.31 E71.6594
G1 X134.582 Y119.258 E71.66099
G1 X134.944 Y118.972 E71.66677
G1 X135.068 Y118.801 E71.66942
G1 X135.191 Y118.536 E71.67309
G1 X135.249 Y118.24 E71.67687
G1 X135.193 Y117.767 E71.68284
G1 X135.018 Y117.425 E71.68766
G1 X134.941 Y117.326 E71.68923
G1 X134.573 Y117.035 E71.69511
G0 F7200 X134.383 Y116.974
G0 X134.205 Y116.669
;TYPE:SKIN
G1 F1800 X133.901 Y116.648 E71.69672
G1 X133.584 Y116.614 E71.6984
G0 F7200 X134.512 Y116.693
G1 F1800 X134.731 Y116.912 E71.70035
G0 F7200 X135.341 Y117.522
G1 F1800 X135.467 Y117.931 E71.70205
G1 X135.39 Y118.702 E71.70514
G1 X135.046 Y119.207 E71.70758
G1 X134.533 Y119.543 E71.71002
G1 X133.781 Y119.639 E71.71304
G1 X133.445 Y119.586 E71.7144
G0 F7200 X133.422 Y119.41
G1 F1500 E65.2144
G0 F7200 X133.415 Y119.438
G0 X134.602 Y119.292
G0 X135.288 Y118.241
G0 X134.191 Y116.435
G0 X133.998 Y113.881
G0 X134.972 Y112.999
G0 X135.102 Y111.479
G1 F1500 E71.7144
G0 F7200 X134.573 Y111.035
;TYPE:WALL-OUTER
G1 F1800 X134.201 Y110.915 E71.7193
G1 X133.842 Y110.894 E71.72381
G1 X133.731 Y110.884 E71.72521
G1 X133.536 Y110.854 E71.72768
G1 X133.163 Y110.754 E71.73252
G1 X133.145 Y110.747 E71.73276
G1 X133.145 Y110.263 E71.73883
G1 X133.459 Y110.347 E71.74291
G1 X133.676 Y110.381 E71.74566
G1 X133.878 Y110.398 E71.74821
G1 X133.971 Y110.398 E71.74937
G1 X134.269 Y110.421 E71.75312
G1 X134.537 Y110.485 E71.75658
G1 X134.917 Y110.661 E71.76183
G1 X135.133 Y110.818 E71.76518
G1 X135.414 Y111.122 E71.77037
G1 X135.616 Y111.482 E71.77555
G1 X135.727 Y111.878 E71.7807
G1 X135.743 Y112.293 E71.78591
G1 X135.729 Y112.416 E71.78746
G1 X135.616 Y112.818 E71.7927
G1 X135.409 Y113.187 E71.79801
G1 X135.337 Y113.279 E71.79947
G1 X135.019 Y113.573 E71.8049
G1 X134.925 Y113.636 E71.80632
G1 X134.537 Y113.815 E71.81168
G1 X134.269 Y113.879 E71.81513
G1 X133.998 Y113.9 E71.81854
G1 X133.838 Y113.894 E71.82055
G1 X133.731 Y113.884 E71.8219
G1 X133.536 Y113.854 E71.82437
G1 X133.163 Y113.754 E71.82922
G1 X133.145 Y113.747 E71.82946
G1 X133.145 Y113.263 E71.83553
G1 X133.459 Y113.347 E71.8396
G1 X133.675 Y113.38 E71.84234
G1 X133.786 Y113.392 E71.84374
G1 X133.995 Y113.4 E71.84637
G1 X134.105 Y113.396 E71.84775
G1 X134.382 Y113.341 E71.85129
G1 X134.579 Y113.26 E71.85396
G1 X134.944 Y112.972 E71.85979
G1 X135.068 Y112.801 E71.86244
G1 X135.194 Y112.529 E71.8662
G1 X135.249 Y112.06 E71.87212
G1 X135.191 Y111.764 E71.8759
G1 X135.068 Y111.499 E71.87957
G1 X134.944 Y111.328 E71.88221
G1 X134.573 Y111.035 E71.88814
G0 F7200 X134.383 Y110.974
G0 X134.505 Y110.746
;TYPE:SKIN
G1 F1800 X134.136 Y110.66 E71.89
G1 X133.513 Y110.602 E71.89307
G0 F7200 X133.455 Y110.544
G0 X134.477 Y110.954
G0 X135.303 Y111.544
G0 X135.391 Y111.633
G1 F1800 X135.481 Y112.005 E71.89451
G1 X135.369 Y112.741 E71.89732
G1 X135.013 Y113.234 E71.89961
G1 X134.492 Y113.562 E71.90193
G1 X133.714 Y113.633 E71.90487
G1 X133.379 Y113.58 E71.90615
G0 F7200 X133.511 Y113.76
G1 F1500 E65.40615
;MESH:NONMESH
G0 F600 X133.511 Y113.76 Z17.2
G0 F7200 X133.515 Y113.746
G0 X132.28 Y113.278
G0 X127.702 Y112.046
G0 X117.616 Y111.741
G0 X111.72 Y110.734
G0 X110.561 Y110.444
G1 F1500 E71.90615
G0 F7200 X110.541 Y110.347
;TIME_ELAPSED:881.248679
;LAYER:85
;TYPE:WALL-OUTER
;MESH:output_v2\B_media_suporte.stl
G1 F1800 X110.645 Y110.319 E71.9075
G1 X110.645 Y110.805 E71.9136
G1 X110.464 Y110.854 E71.91595
G1 X110.269 Y110.884 E71.91842
G1 X110.2 Y110.891 E71.91929
G1 X110.2 Y110.393 E71.92554
G1 X110.325 Y110.38 E71.92711
G1 X110.541 Y110.347 E71.92985
G0 F7200 X110.645 Y110.319
G0 X110.645 Y110.412
G0 X110.283 Y110.789
G1 F1500 E65.42985
G0 F7200 X110.299 Y110.779
G0 X110.545 Y113.366
G0 X109.328 Y114.046
G0 X108.723 Y114.953
G0 X109.027 Y115.976
G1 F1500 E71.92985
G0 F7200 X109.61 Y116.34
G1 F1800 X109.896 Y116.397 E71.93351
G1 X110.068 Y116.4 E71.93567
G1 X110.282 Y116.385 E71.93836
G1 X110.432 Y116.365 E71.94026
G1 X110.542 Y116.347 E71.94165
G1 X110.645 Y116.319 E71.94299
G1 X110.645 Y116.805 E71.94909
G1 X110.464 Y116.854 E71.95144
G1 X110.269 Y116.884 E71.95391
G1 X110.143 Y116.895 E71.9555
G1 X110.002 Y116.9 E71.95727
G1 X109.734 Y116.879 E71.96064
G1 X109.332 Y116.766 E71.96588
G1 X108.972 Y116.564 E71.97105
G1 X108.663 Y116.279 E71.97632
G1 X108.591 Y116.187 E71.97779
G1 X108.38 Y115.811 E71.9832
G1 X108.301 Y115.567 E71.98641
G1 X108.251 Y115.14 E71.9918
G1 X108.255 Y115.019 E71.99332
G1 X108.299 Y114.745 E71.9968
G1 X108.444 Y114.352 E72.00206
G1 X108.587 Y114.118 E72.00549
G1 X108.663 Y114.021 E72.00704
G1 X108.976 Y113.732 E72.01238
G1 X109.202 Y113.594 E72.0157
G1 X109.591 Y113.45 E72.0209
G1 X110.019 Y113.4 E72.02631
G1 X110.214 Y113.392 E72.02876
G1 X110.325 Y113.38 E72.03016
G1 X110.541 Y113.347 E72.0329
G1 X110.645 Y113.319 E72.03425
G1 X110.646 Y113.805 E72.04034
G1 X110.463 Y113.854 E72.04272
G1 X110.269 Y113.884 E72.04518
G1 X110.139 Y113.895 E72.04682
G1 X109.795 Y113.915 E72.05114
G1 X109.348 Y114.08 E72.05711
G1 X109.051 Y114.334 E72.06201
G1 X108.882 Y114.585 E72.06581
G1 X108.762 Y114.958 E72.07072
G1 X108.78 Y115.43 E72.07664
G1 X108.848 Y115.64 E72.07941
G1 X109.107 Y116.026 E72.08524
G1 X109.271 Y116.166 E72.08795
G1 X109.61 Y116.34 E72.09272
G0 F7200 X109.806 Y116.379
G0 X109.716 Y116.558
;TYPE:SKIN
G1 F1800 X109.627 Y116.646 E72.09351
G0 F7200 X109.45 Y116.54
G1 F1800 X109.265 Y116.442 E72.0942
G1 X108.811 Y116.047 E72.0962
G1 X108.538 Y115.472 E72.09832
G1 X108.523 Y114.921 E72.10015
G1 X108.673 Y114.489 E72.10167
G1 X109.356 Y113.806 E72.10488
G1 X110.08 Y113.647 E72.10734
G1 X110.392 Y113.618 E72.10838
G0 F7200 X110.45 Y113.56
G0 X109.328 Y114.046
G0 X108.723 Y114.953
G0 X109.078 Y116.052
G0 X110.258 Y116.581
G0 X110.199 Y116.64
G1 F1800 X109.914 Y116.642 E72.11032
G0 F7200 X109.854 Y116.794
G1 F1500 E65.61032
G0 F7200 X109.854 Y116.788
G0 X110.633 Y119.334
G1 F1500 E72.11032
G0 F7200 X110.541 Y119.347
;TYPE:WALL-OUTER
G1 F1800 X110.645 Y119.319 E72.11167
G1 X110.646 Y119.805 E72.11777
G1 X110.463 Y119.854 E72.12014
G1 X110.269 Y119.884 E72.1226
G1 X110.126 Y119.896 E72.1244
G1 X110.004 Y119.899 E72.12593
G1 X109.55 Y119.899 E72.13163
G1 X109.55 Y119.4 E72.13788
G1 X110.064 Y119.4 E72.14433
G1 X110.199 Y119.389 E72.14603
G1 X110.322 Y119.381 E72.14757
G1 X110.541 Y119.347 E72.15035
G0 F7200 X110.645 Y119.319
G0 X110.645 Y119.412
G0 X110.323 Y119.627
;TYPE:SKIN
G1 F1800 X110.019 Y119.648 E72.15175
G1 X109.768 Y119.617 E72.15292
G0 F7200 X109.95 Y119.8
G1 F1500 E65.65292
G0 F7200 X109.95 Y119.799
G0 X111.51 Y119.457
G0 X116.49 Y119.459
G0 X118.545 Y119.443
G1 F1500 E72.15292
G0 F7200 X118.541 Y119.347
;TYPE:WALL-OUTER
G1 F1800 X118.645 Y119.319 E72.15427
G1 X118.646 Y119.805 E72.16036
G1 X118.463 Y119.854 E72.16274
G1 X118.269 Y119.884 E72.1652
G1 X118.189 Y119.892 E72.16621
G1 X117.908 Y119.898 E72.16973
G1 X117.812 Y119.892 E72.17094
G1 X117.731 Y119.884 E72.17196
G1 X117.536 Y119.854 E72.17443
G1 X117.355 Y119.805 E72.17679
G1 X117.355 Y119.319 E72.18288
G1 X117.459 Y119.347 E72.18423
G1 X117.675 Y119.38 E72.18697
G1 X117.784 Y119.391 E72.18835
G1 X117.896 Y119.398 E72.18975
G1 X118.212 Y119.392 E72.19372
G1 X118.325 Y119.38 E72.19514
G1 X118.541 Y119.347 E72.19788
G0 F7200 X118.645 Y119.319
G0 X118.645 Y119.412
G0 X118.232 Y119.637
;TYPE:SKIN
G1 F1800 X117.941 Y119.645 E72.19943
G1 X117.678 Y119.625 E72.20083
G0 F7200 X117.625 Y119.776
G1 F1500 E65.70083
G0 F7200 X117.627 Y119.768
G0 X118.545 Y119.366
G0 X118.267 Y116.865
G1 F1500 E72.20083
G0 F7200 X118.541 Y116.347
;TYPE:WALL-OUTER
G1 F1800 X118.645 Y116.319 E72.20218
G1 X118.645 Y116.805 E72.20827
G1 X118.464 Y116.854 E72.21062
G1 X118.269 Y116.884 E72.2131
G1 X118.189 Y116.892 E72.21411
G1 X117.908 Y116.898 E72.21763
G1 X117.812 Y116.892 E72.21884
G1 X117.731 Y116.884 E72.21986
G1 X117.536 Y116.854 E72.22233
G1 X117.355 Y116.805 E72.22468
G1 X117.355 Y116.319 E72.23078
G1 X117.459 Y116.347 E72.23213
G1 X117.675 Y116.38 E72.23487
G1 X117.784 Y116.391 E72.23624
G1 X117.896 Y116.398 E72.23765
G1 X118.212 Y116.392 E72.24161
G1 X118.325 Y116.38 E72.24304
G1 X118.541 Y116.347 E72.24578
G0 F7200 X118.645 Y116.319
G0 X118.645 Y116.412
G0 X118.409 Y116.631
;TYPE:SKIN
G1 F1800 X118.115 Y116.643 E72.24697
G1 X117.587 Y116.606 E72.24911
G0 F7200 X117.779 Y116.488
G1 F1500 E65.74911
G0 F7200 X117.776 Y116.49
G0 X118.267 Y113.865
G1 F1500 E72.24911
G0 F7200 X118.541 Y113.347
;TYPE:WALL-OUTER
G1 F1800 X118.645 Y113.319 E72.25046
G1 X118.646 Y113.805 E72.25655
G1 X118.463 Y113.854 E72.25893
G1 X118.269 Y113.884 E72.26139
G1 X118.189 Y113.892 E72.2624
G1 X117.908 Y113.898 E72.26592
G1 X117.812 Y113.892 E72.26713
G1 X117.731 Y113.884 E72.26815
G1 X117.536 Y113.854 E72.27062
G1 X117.355 Y113.805 E72.27297
G1 X117.355 Y113.319 E72.27907
G1 X117.459 Y113.347 E72.28042
G1 X117.675 Y113.38 E72.28316
G1 X117.784 Y113.391 E72.28453
G1 X117.896 Y113.398 E72.28594
G1 X118.212 Y113.392 E72.2899
G1 X118.325 Y113.38 E72.29133
G1 X118.541 Y113.347 E72.29407
G0 F7200 X118.645 Y113.319
G0 X118.645 Y113.412
G0 X118.299 Y113.631
;TYPE:SKIN
G1 F1800 X118.001 Y113.645 E72.29564
G1 X117.731 Y113.633 E72.29707
G0 F7200 X117.684 Y113.784
G1 F1500 E65.79707
G0 F7200 X117.686 Y113.777
G0 X118.267 Y110.865
G1 F1500 E72.29707
G0 F7200 X118.541 Y110.347
;TYPE:WALL-OUTER
G1 F1800 X118.645 Y110.319 E72.29842
G1 X118.645 Y110.805 E72.30451
G1 X118.464 Y110.854 E72.30686
G1 X118.269 Y110.884 E72.30934
G1 X118.189 Y110.892 E72.31035
G1 X117.908 Y110.898 E72.31387
G1 X117.812 Y110.892 E72.31508
G1 X117.731 Y110.884 E72.3161
G1 X117.536 Y110.854 E72.31857
G1 X117.355 Y110.805 E72.32092
G1 X117.355 Y110.319 E72.32702
G1 X117.459 Y110.347 E72.32837
G1 X117.675 Y110.38 E72.33111
G1 X117.784 Y110.391 E72.33248
G1 X117.896 Y110.398 E72.33389
G1 X118.212 Y110.392 E72.33785
G1 X118.325 Y110.38 E72.33928
G1 X118.541 Y110.347 E72.34202
G0 F7200 X118.645 Y110.319
G0 X118.645 Y110.412
G0 X118.177 Y110.641
;TYPE:SKIN
G1 F1800 X117.891 Y110.645 E72.3435
G1 X117.632 Y110.62 E72.34485
G0 F7200 X117.571 Y110.769
G1 F1500 E65.84485
G0 F7200 X117.574 Y110.76
G0 X118.625 Y110.444
G0 X124.49 Y110.444
G0 X126.545 Y110.444
G1 F1500 E72.34485
G0 F7200 X126.541 Y110.347
;TYPE:WALL-OUTER
G1 F1800 X126.645 Y110.319 E72.3462
G1 X126.645 Y110.805 E72.35229
G1 X126.464 Y110.854 E72.35464
G1 X126.269 Y110.884 E72.35712
G1 X126.188 Y110.892 E72.35814
G1 X126.092 Y110.898 E72.35934
G1 X125.812 Y110.892 E72.36286
G1 X125.731 Y110.884 E72.36388
G1 X125.536 Y110.854 E72.36635
G1 X125.355 Y110.805 E72.3687
G1 X125.355 Y110.319 E72.3748
G1 X125.459 Y110.347 E72.37615
G1 X125.675 Y110.38 E72.37889
G1 X125.788 Y110.392 E72.38031
G1 X126.104 Y110.398 E72.38428
G1 X126.216 Y110.391 E72.38568
G1 X126.325 Y110.38 E72.38706
G1 X126.541 Y110.347 E72.3898
G0 F7200 X126.645 Y110.319
G0 X126.645 Y110.412
G0 X126.397 Y110.624
;TYPE:SKIN
G1 F1800 X126.092 Y110.646 E72.39108
G1 X125.578 Y110.595 E72.39324
G0 F7200 X125.737 Y110.791
G1 F1500 E65.89324
G0 F7200 X125.738 Y110.785
G0 X126.633 Y113.334
G1 F1500 E72.39324
G0 F7200 X126.541 Y113.347
;TYPE:WALL-OUTER
G1 F1800 X126.645 Y113.319 E72.39459
G1 X126.646 Y113.805 E72.40069
G1 X126.463 Y113.854 E72.40306
G1 X126.269 Y113.884 E72.40552
G1 X126.188 Y113.892 E72.40655
G1 X126.092 Y113.898 E72.40775
G1 X125.812 Y113.892 E72.41126
G1 X125.731 Y113.884 E72.41228
G1 X125.536 Y113.854 E72.41476
G1 X125.355 Y113.805 E72.41711
G1 X125.355 Y113.319 E72.4232
G1 X125.459 Y113.347 E72.42456
G1 X125.675 Y113.38 E72.4273
G1 X125.788 Y113.392 E72.42872
G1 X126.104 Y113.398 E72.43268
G1 X126.216 Y113.391 E72.43409
G1 X126.325 Y113.38 E72.43546
G1 X126.541 Y113.347 E72.43821
G0 F7200 X126.645 Y113.319
G0 X126.645 Y113.412
G0 X126.21 Y113.639
;TYPE:SKIN
G1 F1800 X125.923 Y113.643 E72.43972
G1 X125.66 Y113.624 E72.44112
G0 F7200 X125.599 Y113.773
G1 F1500 E65.94112
G0 F7200 X125.601 Y113.764
G0 X126.633 Y116.334
G1 F1500 E72.44112
G0 F7200 X126.541 Y116.347
;TYPE:WALL-OUTER
G1 F1800 X126.645 Y116.319 E72.44247
G1 X126.645 Y116.805 E72.44856
G1 X126.464 Y116.854 E72.45092
G1 X126.269 Y116.884 E72.45339
G1 X126.188 Y116.892 E72.45441
G1 X126.092 Y116.898 E72.45562
G1 X125.812 Y116.892 E72.45913
G1 X125.731 Y116.884 E72.46015
G1 X125.536 Y116.854 E72.46262
G1 X125.355 Y116.805 E72.46498
G1 X125.355 Y116.319 E72.47107
G1 X125.459 Y116.347 E72.47242
G1 X125.675 Y116.38 E72.47516
G1 X125.788 Y116.392 E72.47659
G1 X126.104 Y116.398 E72.48055
G1 X126.216 Y116.391 E72.48196
G1 X126.325 Y116.38 E72.48333
G1 X126.541 Y116.347 E72.48607
G0 F7200 X126.645 Y116.319
G0 X126.645 Y116.412
G0 X126.335 Y116.625
;TYPE:SKIN
G1 F1800 X126.032 Y116.646 E72.48765
G1 X125.76 Y116.635 E72.48907
G0 F7200 X125.709 Y116.788
G1 F1500 E65.98907
G0 F7200 X125.711 Y116.781
G0 X126.633 Y119.334
G1 F1500 E72.48907
G0 F7200 X126.541 Y119.347
;TYPE:WALL-OUTER
G1 F1800 X126.645 Y119.319 E72.49042
G1 X126.646 Y119.805 E72.49652
G1 X126.463 Y119.854 E72.49889
G1 X126.269 Y119.884 E72.50135
G1 X126.188 Y119.892 E72.50237
G1 X126.092 Y119.898 E72.50358
G1 X125.812 Y119.892 E72.50709
G1 X125.731 Y119.884 E72.50811
G1 X125.536 Y119.854 E72.51059
G1 X125.355 Y119.805 E72.51294
G1 X125.355 Y119.319 E72.51903
G1 X125.459 Y119.347 E72.52038
G1 X125.675 Y119.38 E72.52312
G1 X125.788 Y119.392 E72.52455
G1 X126.104 Y119.398 E72.52851
G1 X126.216 Y119.391 E72.52992
G1 X126.325 Y119.38 E72.53129
G1 X126.541 Y119.347 E72.53403
G0 F7200 X126.645 Y119.319
G0 X126.645 Y119.412
G0 X126.427 Y119.644
;TYPE:SKIN
G1 F1800 X126.145 Y119.644 E72.53512
G1 X125.608 Y119.616 E72.53718
G0 F7200 X125.571 Y119.769
G1 F1500 E66.03718
G0 F7200 X125.574 Y119.76
G0 X126.633 Y119.334
G0 X132.49 Y116.793
G0 X134.62 Y116.947
G1 F1500 E72.53718
G0 F7200 X134.573 Y117.035
;TYPE:WALL-OUTER
G1 F1800 X134.201 Y116.915 E72.54208
G1 X133.806 Y116.891 E72.54705
G1 X133.731 Y116.884 E72.54799
G1 X133.536 Y116.854 E72.55046
G1 X133.355 Y116.805 E72.55282
G1 X133.355 Y116.319 E72.55891
G1 X133.459 Y116.347 E72.56026
G1 X133.676 Y116.381 E72.56302
G1 X133.853 Y116.396 E72.56524
G1 X133.91 Y116.396 E72.56596
G1 X134.266 Y116.421 E72.57043
G1 X134.675 Y116.536 E72.57576
G1 X134.919 Y116.661 E72.5792
G1 X135.019 Y116.727 E72.5807
G1 X135.337 Y117.021 E72.58613
G1 X135.409 Y117.113 E72.5876
G1 X135.616 Y117.482 E72.5929
G1 X135.727 Y117.878 E72.59806
G1 X135.743 Y118.293 E72.60327
G1 X135.729 Y118.416 E72.60482
G1 X135.616 Y118.818 E72.61006
G1 X135.409 Y119.187 E72.61536
G1 X135.337 Y119.279 E72.61683
G1 X135.019 Y119.573 E72.62226
G1 X134.925 Y119.636 E72.62368
G1 X134.532 Y119.817 E72.62911
G1 X134.418 Y119.849 E72.63059
G1 X133.988 Y119.899 E72.63602
G1 X133.857 Y119.895 E72.63766
G1 X133.731 Y119.884 E72.63925
G1 X133.536 Y119.854 E72.64172
G1 X133.355 Y119.805 E72.64407
G1 X133.355 Y119.319 E72.65017
G1 X133.459 Y119.347 E72.65152
G1 X133.675 Y119.38 E72.65426
G1 X133.786 Y119.392 E72.65566
G1 X133.995 Y119.4 E72.65828
G1 X134.109 Y119.396 E72.65971
G1 X134.467 Y119.31 E72.66433
G1 X134.582 Y119.258 E72.66591
G1 X134.944 Y118.972 E72.6717
G1 X135.068 Y118.801 E72.67435
G1 X135.191 Y118.536 E72.67801
G1 X135.249 Y118.24 E72.68179
G1 X135.193 Y117.767 E72.68777
G1 X135.018 Y117.425 E72.69258
G1 X134.941 Y117.326 E72.69416
G1 X134.573 Y117.035 E72.70004
G0 F7200 X134.383 Y116.974
G0 X134.436 Y116.727
;TYPE:SKIN
G1 F1800 X134.645 Y116.8 E72.70085
G1 X135.246 Y117.331 E72.70379
G1 X135.473 Y117.953 E72.70621
G1 X135.434 Y118.557 E72.70843
G1 X135.048 Y119.226 E72.71126
G1 X134.408 Y119.583 E72.71395
G1 X133.787 Y119.638 E72.71623
G1 X133.565 Y119.578 E72.71707
G0 F7200 X133.549 Y119.595
G0 X134.602 Y119.292
G0 X135.288 Y118.241
G0 X134.663 Y117.057
G0 X133.949 Y116.648
G1 F1800 X134.211 Y116.669 E72.718
G1 X133.687 Y116.627 E72.71985
G0 F7200 X133.646 Y116.781
G1 F1500 E66.21985
G0 F7200 X133.648 Y116.771
G0 X134.036 Y113.897
G0 X134.62 Y110.947
G1 F1500 E72.71985
G0 F7200 X134.573 Y111.035
;TYPE:WALL-OUTER
G1 F1800 X134.201 Y110.915 E72.72475
G1 X133.806 Y110.891 E72.72971
G1 X133.731 Y110.884 E72.73066
G1 X133.536 Y110.854 E72.73313
G1 X133.355 Y110.805 E72.73548
G1 X133.355 Y110.319 E72.74158
G1 X133.459 Y110.347 E72.74293
G1 X133.676 Y110.381 E72.74568
G1 X133.853 Y110.396 E72.74791
G1 X133.91 Y110.396 E72.74863
G1 X134.269 Y110.421 E72.75314
G1 X134.537 Y110.485 E72.75659
G1 X134.917 Y110.661 E72.76185
G1 X135.133 Y110.818 E72.7652
G1 X135.414 Y111.122 E72.77039
G1 X135.616 Y111.482 E72.77556
G1 X135.727 Y111.878 E72.78072
G1 X135.743 Y112.293 E72.78593
G1 X135.729 Y112.416 E72.78748
G1 X135.616 Y112.818 E72.79272
G1 X135.409 Y113.187 E72.79802
G1 X135.337 Y113.279 E72.79949
G1 X135.019 Y113.573 E72.80492
G1 X134.925 Y113.636 E72.80634
G1 X134.537 Y113.815 E72.8117
G1 X134.269 Y113.879 E72.81515
G1 X133.999 Y113.9 E72.81855
G1 X133.857 Y113.895 E72.82033
G1 X133.731 Y113.884 E72.82192
G1 X133.536 Y113.854 E72.82439
G1 X133.355 Y113.805 E72.82674
G1 X133.355 Y113.319 E72.83284
G1 X133.459 Y113.347 E72.83419
G1 X133.675 Y113.38 E72.83693
G1 X133.786 Y113.392 E72.83833
G1 X133.995 Y113.4 E72.84095
G1 X134.105 Y113.396 E72.84233
G1 X134.382 Y113.341 E72.84587
G1 X134.579 Y113.26 E72.84854
G1 X134.944 Y112.972 E72.85437
G1 X135.068 Y112.801 E72.85702
G1 X135.194 Y112.529 E72.86078
G1 X135.249 Y112.06 E72.8667
G1 X135.191 Y111.764 E72.87049
G1 X135.068 Y111.499 E72.87415
G1 X134.944 Y111.328 E72.8768
G1 X134.573 Y111.035 E72.88273
G0 F7200 X134.383 Y110.974
G0 X134.483 Y110.74
;TYPE:SKIN
G1 F1800 X134.686 Y110.82 E72.88339
G1 X135.272 Y111.366 E72.88582
G1 X135.488 Y111.998 E72.88785
G1 X135.395 Y112.657 E72.88987
G1 X135.179 Y113.156 E72.89152
G1 X134.496 Y113.556 E72.89392
G1 X133.844 Y113.642 E72.89592
G1 X133.591 Y113.612 E72.89669
G0 F7200 X133.549 Y113.655
G0 X134.599 Y113.294
G0 X135.288 Y112.059
G0 X134.665 Y111.058
G0 X133.694 Y110.682
G0 X133.741 Y110.634
G1 F1800 X134.006 Y110.652 E72.89803
G1 X134.265 Y110.675 E72.89933
G0 F7200 X134.355 Y110.544
G1 F1500 E66.39933
;MESH:NONMESH
G0 F600 X134.355 Y110.544 Z17.4
G0 F7200 X133.375 Y110.785
G0 X126.112 Y111.762
G0 X117.616 Y111.741
G0 X111.51 Y110.785
G0 X110.3 Y110.785
G1 F1500 E72.89933
G0 F7200 X110.269 Y110.884
;TIME_ELAPSED:893.425041
;LAYER:86
;TYPE:WALL-OUTER
;MESH:output_v2\B_media_suporte.stl
G1 F1800 X110.2 Y110.891 E72.9002
G1 X110.2 Y110.393 E72.90645
G1 X110.325 Y110.38 E72.90803
G1 X110.435 Y110.363 E72.90942
G1 X110.435 Y110.858 E72.91322
G1 X110.269 Y110.884 E72.91533
G0 F7200 X110.2 Y110.891
G0 X110.2 Y110.76
G1 F1500 E66.41533
G0 F7200 X110.3 Y110.76
G0 X110.423 Y113.378
G0 X109.328 Y114.046
G0 X108.723 Y114.953
G0 X109.027 Y115.976
G1 F1500 E72.91533
G0 F7200 X109.61 Y116.34
G1 F1800 X109.896 Y116.397 E72.91899
G1 X110.042 Y116.4 E72.92082
G1 X110.255 Y116.388 E72.92349
G1 X110.435 Y116.364 E72.92577
G1 X110.435 Y116.858 E72.93197
G1 X110.269 Y116.884 E72.93407
G1 X110.143 Y116.895 E72.93566
G1 X110.003 Y116.9 E72.93742
G1 X109.734 Y116.879 E72.9408
G1 X109.332 Y116.766 E72.94604
G1 X108.972 Y116.564 E72.95121
G1 X108.663 Y116.279 E72.95648
G1 X108.591 Y116.187 E72.95795
G1 X108.38 Y115.811 E72.96336
G1 X108.301 Y115.567 E72.96657
G1 X108.251 Y115.14 E72.97196
G1 X108.255 Y115.019 E72.97348
G1 X108.299 Y114.745 E72.97696
G1 X108.444 Y114.352 E72.98222
G1 X108.587 Y114.118 E72.98565
G1 X108.663 Y114.021 E72.9872
G1 X108.976 Y113.732 E72.99254
G1 X109.202 Y113.594 E72.99586
G1 X109.591 Y113.45 E73.00106
G1 X110.019 Y113.4 E73.00647
G1 X110.214 Y113.392 E73.00892
G1 X110.325 Y113.38 E73.01032
G1 X110.435 Y113.363 E73.01171
G1 X110.436 Y113.858 E73.01792
G1 X110.269 Y113.884 E73.02004
G1 X110.143 Y113.895 E73.02162
G1 X110.051 Y113.898 E73.02278
G1 X109.794 Y113.915 E73.02601
G1 X109.348 Y114.08 E73.03197
G1 X109.051 Y114.334 E73.03687
G1 X108.882 Y114.585 E73.04067
G1 X108.762 Y114.958 E73.04558
G1 X108.78 Y115.43 E73.0515
G1 X108.848 Y115.64 E73.05427
G1 X109.107 Y116.026 E73.0601
G1 X109.271 Y116.166 E73.06281
G1 X109.61 Y116.34 E73.06758
G0 F7200 X109.806 Y116.379
G0 X109.846 Y116.634
;TYPE:SKIN
G1 F1800 X110.137 Y116.642 E73.06875
G1 X109.456 Y116.527 E73.07151
G0 F7200 X108.609 Y115.68
G1 F1800 X108.521 Y115.309 E73.073
G1 X108.627 Y114.567 E73.07591
G1 X108.977 Y114.068 E73.07829
G1 X109.507 Y113.75 E73.08069
G1 X110.216 Y113.61 E73.08351
G0 F7200 X110.053 Y113.8
G1 F1500 E66.58351
G0 F7200 X110.054 Y113.797
G0 X109.022 Y114.308
G0 X108.741 Y115.436
G0 X110.142 Y116.876
G0 X110.423 Y119.378
G1 F1500 E73.08351
G0 F7200 X110.323 Y119.381
;TYPE:WALL-OUTER
G1 F1800 X110.435 Y119.363 E73.08493
G1 X110.436 Y119.858 E73.09114
G1 X110.269 Y119.884 E73.09325
G1 X110.114 Y119.897 E73.09521
G1 X109.947 Y119.9 E73.0973
G1 X109.67 Y119.9 E73.10077
G1 X109.67 Y119.4 E73.10704
G1 X110.041 Y119.4 E73.1117
G1 X110.118 Y119.394 E73.11266
G1 X110.186 Y119.392 E73.11352
G1 X110.323 Y119.381 E73.11524
G0 F7200 X110.435 Y119.363
G0 X110.435 Y119.45
G0 X110.084 Y119.701
;TYPE:SKIN
G1 F1800 X109.977 Y119.594 E73.11619
G0 F7200 X109.972 Y119.499
G1 F1500 E66.61619
G0 F7200 X109.972 Y119.5
G0 X111.301 Y119.844
G0 X116.7 Y119.846
G0 X118.183 Y119.791
G1 F1500 E73.11619
G0 F7200 X118.189 Y119.892
;TYPE:WALL-OUTER
G1 F1800 X117.909 Y119.898 E73.1197
G1 X117.776 Y119.889 E73.12137
G1 X117.731 Y119.884 E73.12194
G1 X117.565 Y119.858 E73.12405
G1 X117.565 Y119.364 E73.13024
G1 X117.676 Y119.381 E73.13165
G1 X117.896 Y119.398 E73.13442
G1 X118.212 Y119.392 E73.13838
G1 X118.325 Y119.38 E73.13981
G1 X118.435 Y119.363 E73.1412
G1 X118.436 Y119.858 E73.14741
G1 X118.269 Y119.884 E73.14953
G1 X118.189 Y119.892 E73.15054
G0 F7200 X117.989 Y119.896
G0 X117.949 Y119.646
;TYPE:SKIN
G1 F1800 X118.206 Y119.621 E73.15208
G0 F7200 X118.033 Y119.495
G1 F1500 E66.65208
G0 F7200 X118.032 Y119.496
G0 X118.188 Y116.873
G1 F1500 E73.15208
G0 F7200 X118.189 Y116.892
;TYPE:WALL-OUTER
G1 F1800 X117.909 Y116.898 E73.15559
G1 X117.776 Y116.889 E73.15727
G1 X117.731 Y116.884 E73.15783
G1 X117.565 Y116.858 E73.15994
G1 X117.565 Y116.364 E73.16614
G1 X117.676 Y116.381 E73.16754
G1 X117.896 Y116.398 E73.17031
G1 X118.212 Y116.392 E73.17427
G1 X118.325 Y116.38 E73.1757
G1 X118.435 Y116.363 E73.1771
G1 X118.435 Y116.858 E73.1833
G1 X118.269 Y116.884 E73.18541
G1 X118.189 Y116.892 E73.18642
G0 F7200 X117.989 Y116.896
G0 X118.059 Y116.645
;TYPE:SKIN
G1 F1800 X117.793 Y116.662 E73.18796
G0 F7200 X117.967 Y116.797
G1 F1500 E66.68796
G0 F7200 X117.968 Y116.796
G0 X118.188 Y113.873
G1 F1500 E73.18796
G0 F7200 X118.189 Y113.892
;TYPE:WALL-OUTER
G1 F1800 X117.909 Y113.898 E73.19147
G1 X117.776 Y113.889 E73.19314
G1 X117.731 Y113.884 E73.19371
G1 X117.565 Y113.858 E73.19582
G1 X117.565 Y113.364 E73.20201
G1 X117.676 Y113.381 E73.20342
G1 X117.896 Y113.398 E73.20619
G1 X118.212 Y113.392 E73.21015
G1 X118.325 Y113.38 E73.21158
G1 X118.435 Y113.363 E73.21297
G1 X118.436 Y113.858 E73.21918
G1 X118.269 Y113.884 E73.2213
G1 X118.189 Y113.892 E73.22231
G0 F7200 X117.989 Y113.896
G0 X117.887 Y113.645
;TYPE:SKIN
G1 F1800 X118.166 Y113.64 E73.22423
G0 F7200 X118.203 Y113.793
G1 F1500 E66.72423
G0 F7200 X118.203 Y113.789
G0 X118.188 Y110.873
G1 F1500 E73.22423
G0 F7200 X118.189 Y110.892
;TYPE:WALL-OUTER
G1 F1800 X117.909 Y110.898 E73.22774
G1 X117.776 Y110.889 E73.22942
G1 X117.731 Y110.884 E73.22998
G1 X117.565 Y110.858 E73.23209
G1 X117.565 Y110.364 E73.23829
G1 X117.676 Y110.381 E73.23969
G1 X117.896 Y110.398 E73.24246
G1 X118.212 Y110.392 E73.24642
G1 X118.325 Y110.38 E73.24785
G1 X118.435 Y110.363 E73.24924
G1 X118.435 Y110.858 E73.25545
G1 X118.269 Y110.884 E73.25756
G1 X118.189 Y110.892 E73.25857
G0 F7200 X117.989 Y110.896
G0 X118.053 Y110.699
;TYPE:SKIN
G1 F1800 X117.946 Y110.592 E73.25952
G0 F7200 X117.944 Y110.497
G1 F1500 E66.75952
G0 F7200 X117.943 Y110.498
G0 X119.3 Y110.785
G0 X124.7 Y110.785
G0 X126.259 Y110.785
G1 F1500 E73.25952
G0 F7200 X126.269 Y110.884
;TYPE:WALL-OUTER
G1 F1800 X126.091 Y110.898 E73.26176
G1 X125.812 Y110.892 E73.26526
G1 X125.731 Y110.884 E73.26628
G1 X125.565 Y110.858 E73.26838
G1 X125.565 Y110.363 E73.27459
G1 X125.675 Y110.38 E73.27599
G1 X125.788 Y110.392 E73.27741
G1 X126.105 Y110.398 E73.28139
G1 X126.256 Y110.388 E73.28328
G1 X126.435 Y110.364 E73.28555
G1 X126.435 Y110.858 E73.29174
G1 X126.269 Y110.884 E73.29385
G0 F7200 X126.091 Y110.898
G0 X126.069 Y110.898
G0 X125.917 Y110.644
;TYPE:SKIN
G1 F1800 X126.193 Y110.636 E73.29565
G0 F7200 X126.039 Y110.497
G1 F1500 E66.79565
G0 F7200 X126.424 Y113.366
G1 F1500 E73.29565
G0 F7200 X126.269 Y113.884
;TYPE:WALL-OUTER
G1 F1800 X126.091 Y113.898 E73.29788
G1 X125.812 Y113.892 E73.30138
G1 X125.731 Y113.884 E73.30241
G1 X125.565 Y113.858 E73.30451
G1 X125.565 Y113.363 E73.31072
G1 X125.675 Y113.38 E73.31212
G1 X125.788 Y113.392 E73.31354
G1 X126.105 Y113.398 E73.31752
G1 X126.256 Y113.388 E73.31941
G1 X126.435 Y113.364 E73.32168
G1 X126.436 Y113.858 E73.32787
G1 X126.269 Y113.884 E73.32999
G0 F7200 X126.091 Y113.898
G0 X126.069 Y113.898
G0 X126.089 Y113.644
;TYPE:SKIN
G1 F1800 X125.808 Y113.646 E73.33183
G0 F7200 X125.961 Y113.795
G1 F1500 E66.83183
G0 F7200 X126.424 Y116.366
G1 F1500 E73.33183
G0 F7200 X126.269 Y116.884
;TYPE:WALL-OUTER
G1 F1800 X126.091 Y116.898 E73.33407
G1 X125.812 Y116.892 E73.33757
G1 X125.731 Y116.884 E73.33859
G1 X125.565 Y116.858 E73.3407
G1 X125.565 Y116.363 E73.3469
G1 X125.675 Y116.38 E73.3483
G1 X125.788 Y116.392 E73.34973
G1 X126.105 Y116.398 E73.3537
G1 X126.256 Y116.388 E73.3556
G1 X126.435 Y116.364 E73.35786
G1 X126.435 Y116.858 E73.36406
G1 X126.269 Y116.884 E73.36617
G0 F7200 X126.091 Y116.898
G0 X126.069 Y116.898
G0 X125.979 Y116.645
;TYPE:SKIN
G1 F1800 X126.221 Y116.605 E73.36746
G0 F7200 X126.032 Y116.796
G1 F1500 E66.86746
G0 F7200 X126.424 Y119.366
G1 F1500 E73.36746
G0 F7200 X126.269 Y119.884
;TYPE:WALL-OUTER
G1 F1800 X126.091 Y119.898 E73.3697
G1 X125.812 Y119.892 E73.3732
G1 X125.731 Y119.884 E73.37422
G1 X125.565 Y119.858 E73.37633
G1 X125.565 Y119.363 E73.38253
G1 X125.675 Y119.38 E73.38393
G1 X125.788 Y119.392 E73.38535
G1 X126.105 Y119.398 E73.38933
G1 X126.256 Y119.388 E73.39123
G1 X126.435 Y119.364 E73.39349
G1 X126.436 Y119.858 E73.39969
G1 X126.269 Y119.884 E73.40181
G0 F7200 X126.091 Y119.898
G0 X126.069 Y119.898
G0 X126.148 Y119.642
;TYPE:SKIN
G1 F1800 X125.865 Y119.643 E73.40366
G0 F7200 X125.837 Y119.491
G1 F1500 E66.90366
G0 F7200 X125.837 Y119.492
G0 X127.3 Y119.377
G0 X132.7 Y116.845
G0 X134.62 Y116.947
G1 F1500 E73.40366
G0 F7200 X134.573 Y117.035
;TYPE:WALL-OUTER
G1 F1800 X134.201 Y116.915 E73.40856
G1 X133.862 Y116.895 E73.41282
G1 X133.731 Y116.884 E73.41447
G1 X133.565 Y116.858 E73.41657
G1 X133.565 Y116.364 E73.42277
G1 X133.676 Y116.381 E73.42418
G1 X133.825 Y116.394 E73.42605
G1 X133.993 Y116.4 E73.42816
G1 X134.266 Y116.421 E73.43159
G1 X134.675 Y116.536 E73.43692
G1 X134.919 Y116.661 E73.44036
G1 X135.019 Y116.727 E73.44186
G1 X135.337 Y117.021 E73.44729
G1 X135.409 Y117.113 E73.44876
G1 X135.616 Y117.482 E73.45406
G1 X135.727 Y117.878 E73.45922
G1 X135.743 Y118.293 E73.46443
G1 X135.729 Y118.416 E73.46598
G1 X135.616 Y118.818 E73.47122
G1 X135.409 Y119.187 E73.47652
G1 X135.337 Y119.279 E73.47799
G1 X135.019 Y119.573 E73.48342
G1 X134.925 Y119.636 E73.48484
G1 X134.532 Y119.817 E73.49026
G1 X134.418 Y119.849 E73.49175
G1 X133.989 Y119.899 E73.49717
G1 X133.857 Y119.895 E73.49882
G1 X133.731 Y119.884 E73.50041
G1 X133.565 Y119.858 E73.50252
G1 X133.565 Y119.363 E73.50872
G1 X133.675 Y119.38 E73.51012
G1 X133.787 Y119.392 E73.51153
G1 X134.03 Y119.4 E73.51458
G1 X134.111 Y119.396 E73.5156
G1 X134.467 Y119.31 E73.52019
G1 X134.582 Y119.258 E73.52177
G1 X134.944 Y118.972 E73.52756
G1 X135.068 Y118.801 E73.53021
G1 X135.191 Y118.536 E73.53387
G1 X135.249 Y118.24 E73.53765
G1 X135.193 Y117.767 E73.54363
G1 X135.018 Y117.425 E73.54844
G1 X134.941 Y117.326 E73.55002
G1 X134.573 Y117.035 E73.5559
G0 F7200 X134.383 Y116.974
G0 X134.205 Y116.669
;TYPE:SKIN
G1 F1800 X133.9 Y116.647 E73.55715
G1 X134.621 Y116.802 E73.56017
G0 F7200 X135.341 Y117.522
G1 F1800 X135.467 Y117.931 E73.56189
G1 X135.39 Y118.702 E73.56501
G1 X135.046 Y119.207 E73.56746
G1 X134.533 Y119.543 E73.56993
G1 X133.799 Y119.657 E73.57291
G0 F7200 X133.959 Y119.798
G1 F1500 E67.07291
G0 F7200 X134.972 Y118.999
G0 X135.231 Y117.756
G0 X134.197 Y116.435
G0 X134 Y113.881
G0 X134.972 Y112.999
G0 X135.102 Y111.479
G1 F1500 E73.57291
G0 F7200 X134.573 Y111.035
;TYPE:WALL-OUTER
G1 F1800 X134.201 Y110.915 E73.57781
G1 X133.862 Y110.895 E73.58207
G1 X133.731 Y110.884 E73.58372
G1 X133.565 Y110.858 E73.58583
G1 X133.565 Y110.364 E73.59202
G1 X133.676 Y110.381 E73.59343
G1 X133.825 Y110.394 E73.5953
G1 X133.993 Y110.4 E73.59741
G1 X134.269 Y110.421 E73.60088
G1 X134.537 Y110.485 E73.60434
G1 X134.917 Y110.661 E73.60959
G1 X135.133 Y110.818 E73.61294
G1 X135.414 Y111.122 E73.61813
G1 X135.616 Y111.482 E73.62331
G1 X135.727 Y111.878 E73.62847
G1 X135.743 Y112.293 E73.63367
G1 X135.729 Y112.416 E73.63523
G1 X135.616 Y112.818 E73.64046
G1 X135.409 Y113.187 E73.64577
G1 X135.337 Y113.279 E73.64723
G1 X135.019 Y113.573 E73.65266
G1 X134.925 Y113.636 E73.65408
G1 X134.537 Y113.815 E73.65944
G1 X134.269 Y113.879 E73.6629
G1 X134 Y113.9 E73.66628
G1 X133.857 Y113.895 E73.66808
G1 X133.731 Y113.884 E73.66966
G1 X133.565 Y113.858 E73.67177
G1 X133.565 Y113.363 E73.67798
G1 X133.675 Y113.38 E73.67937
G1 X133.787 Y113.392 E73.68078
G1 X134.03 Y113.4 E73.68383
G1 X134.107 Y113.396 E73.6848
G1 X134.382 Y113.341 E73.68832
G1 X134.579 Y113.26 E73.69099
G1 X134.944 Y112.972 E73.69682
G1 X135.068 Y112.801 E73.69947
G1 X135.194 Y112.529 E73.70323
G1 X135.249 Y112.06 E73.70915
G1 X135.191 Y111.764 E73.71293
G1 X135.068 Y111.499 E73.71659
G1 X134.944 Y111.328 E73.71924
G1 X134.573 Y111.035 E73.72517
G0 F7200 X134.383 Y110.974
G0 X134.505 Y110.746
;TYPE:SKIN
G1 F1800 X134.136 Y110.66 E73.72729
G1 X133.836 Y110.643 E73.72897
G0 F7200 X133.779 Y110.586
G0 X135.303 Y111.544
G0 X135.391 Y111.633
G1 F1800 X135.481 Y112.005 E73.7305
G1 X135.369 Y112.741 E73.73346
G1 X135.013 Y113.234 E73.73588
G1 X134.492 Y113.562 E73.73833
G1 X134.01 Y113.645 E73.74027
G0 F7200 X133.96 Y113.499
G1 F1500 E67.24027
;MESH:NONMESH
G0 F600 X133.96 Y113.499 Z17.6
G0 F7200 X132.7 Y113.378
G0 X127.283 Y112.278
G0 X117.365 Y111.703
G0 X111.3 Y110.845
G0 X110.3 Y110.789
G1 F1500 E73.74027
G0 F7200 X110.216 Y110.889
;TIME_ELAPSED:904.892921
;LAYER:87
;TYPE:WALL-OUTER
;MESH:output_v2\B_media_suporte.stl
G1 F1800 X110.2 Y110.891 E73.74048
G1 X110.2 Y110.392 E73.74673
G1 X110.216 Y110.391 E73.74694
G1 X110.216 Y110.889 E73.7472
G0 F7200 X110.2 Y110.891
G0 X110.2 Y110.707
G1 F1500 E67.2472
G0 F7200 X110.166 Y110.707
G0 X110.203 Y113.405
G0 X109.022 Y114.308
G0 X108.741 Y115.436
G0 X109.578 Y116.434
G1 F1500 E73.7472
G0 F7200 X109.61 Y116.34
G1 F1800 X109.905 Y116.396 E73.75096
G1 X110.004 Y116.4 E73.75221
G1 X110.216 Y116.391 E73.75487
G1 X110.216 Y116.889 E73.76111
G1 X110.143 Y116.895 E73.76203
G1 X110.003 Y116.9 E73.76379
G1 X109.734 Y116.879 E73.76717
G1 X109.332 Y116.766 E73.77241
G1 X108.972 Y116.564 E73.77758
G1 X108.663 Y116.279 E73.78286
G1 X108.591 Y116.187 E73.78432
G1 X108.38 Y115.811 E73.78973
G1 X108.301 Y115.567 E73.79294
G1 X108.251 Y115.14 E73.79833
G1 X108.255 Y115.019 E73.79985
G1 X108.299 Y114.745 E73.80333
G1 X108.444 Y114.352 E73.80859
G1 X108.587 Y114.118 E73.81203
G1 X108.663 Y114.021 E73.81357
G1 X108.976 Y113.732 E73.81891
G1 X109.202 Y113.594 E73.82223
G1 X109.591 Y113.45 E73.82744
G1 X110.02 Y113.4 E73.83285
G1 X110.216 Y113.391 E73.83531
G1 X110.216 Y113.889 E73.84156
G1 X110.144 Y113.895 E73.84246
G1 X110.015 Y113.899 E73.84408
G1 X109.793 Y113.916 E73.84687
G1 X109.348 Y114.08 E73.85282
G1 X109.051 Y114.334 E73.85772
G1 X108.882 Y114.585 E73.86152
G1 X108.762 Y114.958 E73.86643
G1 X108.78 Y115.43 E73.87235
G1 X108.848 Y115.64 E73.87512
G1 X109.107 Y116.026 E73.88095
G1 X109.271 Y116.166 E73.88366
G1 X109.61 Y116.34 E73.88843
G0 F7200 X109.806 Y116.377
G0 X109.717 Y116.556
;TYPE:SKIN
G1 F1800 X109.627 Y116.646 E73.88923
G0 F7200 X109.45 Y116.54
G1 F1800 X109.265 Y116.442 E73.88993
G1 X108.811 Y116.047 E73.89194
G1 X108.538 Y115.472 E73.89406
G1 X108.523 Y114.921 E73.8959
G1 X108.673 Y114.489 E73.89742
G1 X109.356 Y113.806 E73.90064
G1 X109.765 Y113.678 E73.90207
G0 F7200 X109.827 Y113.617
G0 X109.022 Y114.308
G0 X108.741 Y115.436
G0 X109.964 Y116.592
G1 F1800 X109.863 Y116.693 E73.90297
G0 F7200 X109.822 Y116.787
G1 F1500 E67.40297
G0 F7200 X109.822 Y116.786
G0 X110.085 Y119.398
G1 F1500 E73.90297
G0 F7200 X110.103 Y119.897
;TYPE:WALL-OUTER
G1 F1800 X109.891 Y119.9 E73.90563
G1 X109.889 Y119.4 E73.9119
G1 X110.015 Y119.4 E73.91348
G1 X110.137 Y119.396 E73.91501
G1 X110.216 Y119.39 E73.916
G1 X110.216 Y119.888 E73.92111
G1 X110.103 Y119.897 E73.92254
G0 F7200 X109.903 Y119.899
G1 F1500 E67.42254
G0 F7200 X109.991 Y119.8
G0 X111.081 Y119.497
G0 X116.919 Y119.497
G1 F1500 E73.92254
G0 F7200 X117.895 Y119.398
G1 F1800 X118.216 Y119.392 E73.92656
G1 X118.216 Y119.889 E73.93279
G1 X118.188 Y119.892 E73.93315
G1 X117.898 Y119.898 E73.93679
G1 X117.784 Y119.89 E73.93822
G1 X117.784 Y119.39 E73.94449
G1 X117.895 Y119.398 E73.94588
G0 F7200 X118.095 Y119.395
G0 X118.096 Y119.493
G1 F1500 E67.44588
G0 F7200 X118.095 Y119.495
G0 X117.898 Y116.879
G1 F1500 E73.94588
G0 F7200 X117.895 Y116.398
G1 F1800 X118.216 Y116.392 E73.94991
G1 X118.216 Y116.889 E73.95614
G1 X118.188 Y116.892 E73.9565
G1 X117.898 Y116.898 E73.96013
G1 X117.784 Y116.89 E73.96157
G1 X117.784 Y116.39 E73.96784
G1 X117.895 Y116.398 E73.96923
G0 F7200 X118.095 Y116.395
G0 X118.096 Y116.493
G1 F1500 E67.46923
G0 F7200 X118.095 Y116.495
G0 X117.898 Y113.879
G1 F1500 E73.96923
G0 F7200 X117.895 Y113.398
G1 F1800 X118.216 Y113.392 E73.97326
G1 X118.216 Y113.889 E73.97949
G1 X118.188 Y113.892 E73.97984
G1 X117.898 Y113.898 E73.98348
G1 X117.784 Y113.89 E73.98491
G1 X117.784 Y113.39 E73.99119
G1 X117.895 Y113.398 E73.99258
G0 F7200 X118.095 Y113.395
G0 X118.02 Y113.627
;TYPE:SKIN
G1 F1800 X117.978 Y113.669 E73.99295
G0 F7200 X117.816 Y113.669
G1 F1500 E67.49295
G0 F7200 X117.884 Y113.669
G0 X117.898 Y110.879
G1 F1500 E73.99295
G0 F7200 X117.895 Y110.398
;TYPE:WALL-OUTER
G1 F1800 X118.216 Y110.392 E73.99698
G1 X118.216 Y110.889 E74.00321
G1 X118.188 Y110.892 E74.00357
G1 X117.898 Y110.898 E74.0072
G1 X117.784 Y110.89 E74.00864
G1 X117.784 Y110.39 E74.01491
G1 X117.895 Y110.398 E74.0163
G0 F7200 X118.095 Y110.395
G0 X118.096 Y110.493
G1 F1500 E67.5163
G0 F7200 X118.095 Y110.495
G0 X124.919 Y110.497
G0 X126.116 Y110.497
G1 F1500 E74.0163
G0 F7200 X126.117 Y110.398
G1 F1800 X126.216 Y110.391 E74.01755
G1 X126.216 Y110.889 E74.02379
G1 X126.09 Y110.898 E74.02538
G1 X125.784 Y110.89 E74.02921
G1 X125.784 Y110.392 E74.03546
G1 X126.117 Y110.398 E74.03964
G0 F7200 X126.216 Y110.391
G0 X126.216 Y110.492
G0 X126.184 Y110.492
G1 F1500 E67.53964
G0 F7200 X126.119 Y110.497
G0 X126.203 Y113.405
G1 F1500 E74.03964
G0 F7200 X126.117 Y113.398
G1 F1800 X126.216 Y113.391 E74.04088
G1 X126.216 Y113.889 E74.04713
G1 X126.09 Y113.898 E74.04871
G1 X125.784 Y113.89 E74.05255
G1 X125.784 Y113.392 E74.05879
G1 X126.117 Y113.398 E74.06297
G0 F7200 X126.216 Y113.391
G0 X126.216 Y113.492
G0 X126.184 Y113.492
G1 F1500 E67.56297
G0 F7200 X126.119 Y113.497
G0 X126.203 Y116.405
G1 F1500 E74.06297
G0 F7200 X126.117 Y116.398
G1 F1800 X126.216 Y116.391 E74.06421
G1 X126.216 Y116.889 E74.07046
G1 X126.09 Y116.898 E74.07204
G1 X125.784 Y116.89 E74.07588
G1 X125.784 Y116.392 E74.08213
G1 X126.117 Y116.398 E74.0863
G0 F7200 X126.216 Y116.391
G0 X126.216 Y116.492
G0 X126.019 Y116.659
;TYPE:SKIN
G1 F1800 X125.983 Y116.695 E74.08662
G0 F7200 X125.816 Y116.695
G1 F1500 E67.58662
G0 F7200 X125.884 Y116.695
G0 X126.203 Y119.405
G1 F1500 E74.08662
G0 F7200 X126.117 Y119.398
;TYPE:WALL-OUTER
G1 F1800 X126.216 Y119.391 E74.08787
G1 X126.216 Y119.889 E74.09411
G1 X126.09 Y119.898 E74.0957
G1 X125.784 Y119.89 E74.09954
G1 X125.784 Y119.392 E74.10578
G1 X126.117 Y119.398 E74.10996
G0 F7200 X126.216 Y119.391
G0 X126.216 Y119.492
G0 X126.184 Y119.492
G1 F1500 E67.60996
G0 F7200 X126.119 Y119.497
G0 X132.919 Y116.876
G0 X134.62 Y116.947
G1 F1500 E74.10996
G0 F7200 X134.573 Y117.035
G1 F1800 X134.201 Y116.915 E74.11486
G1 X133.784 Y116.889 E74.1201
G1 X133.784 Y116.391 E74.12634
G1 X133.991 Y116.4 E74.12894
G1 X134.266 Y116.421 E74.1324
G1 X134.675 Y116.536 E74.13773
G1 X134.919 Y116.661 E74.14117
G1 X135.019 Y116.727 E74.14267
G1 X135.337 Y117.021 E74.1481
G1 X135.409 Y117.113 E74.14957
G1 X135.616 Y117.482 E74.15487
G1 X135.727 Y117.878 E74.16003
G1 X135.743 Y118.293 E74.16524
G1 X135.729 Y118.416 E74.16679
G1 X135.616 Y118.818 E74.17203
G1 X135.409 Y119.187 E74.17733
G1 X135.337 Y119.279 E74.1788
G1 X135.019 Y119.573 E74.18423
G1 X134.925 Y119.636 E74.18565
G1 X134.532 Y119.817 E74.19107
G1 X134.418 Y119.849 E74.19256
G1 X133.989 Y119.899 E74.19797
G1 X133.857 Y119.895 E74.19963
G1 X133.784 Y119.889 E74.20055
G1 X133.784 Y119.392 E74.20678
G1 X134.006 Y119.4 E74.20957
G1 X134.11 Y119.396 E74.21087
G1 X134.467 Y119.31 E74.21548
G1 X134.582 Y119.258 E74.21706
G1 X134.944 Y118.972 E74.22284
G1 X135.068 Y118.801 E74.22549
G1 X135.191 Y118.536 E74.22916
G1 X135.249 Y118.24 E74.23294
G1 X135.193 Y117.767 E74.23891
G1 X135.018 Y117.425 E74.24373
G1 X134.941 Y117.326 E74.2453
G1 X134.573 Y117.035 E74.25119
G0 F7200 X134.383 Y116.974
G0 X134.436 Y116.727
;TYPE:SKIN
G1 F1800 X134.645 Y116.8 E74.25203
G1 X135.246 Y117.331 E74.2551
G1 X135.473 Y117.953 E74.25764
G1 X135.434 Y118.557 E74.25995
G1 X135.048 Y119.226 E74.26291
G1 X134.408 Y119.583 E74.26571
G1 X134.064 Y119.644 E74.26705
G0 F7200 X134.01 Y119.699
G0 X134.972 Y118.999
G0 X135.231 Y117.756
G0 X134.163 Y116.717
G1 F1800 X134.26 Y116.621 E74.26791
G0 F7200 X134.223 Y116.515
G1 F1500 E67.76791
G0 F7200 X134.223 Y116.518
G0 X134 Y113.881
G0 X134.972 Y112.999
G0 X135.102 Y111.479
G1 F1500 E74.26791
G0 F7200 X134.573 Y111.035
;TYPE:WALL-OUTER
G1 F1800 X134.201 Y110.915 E74.27281
G1 X133.784 Y110.889 E74.27805
G1 X133.784 Y110.391 E74.28429
G1 X133.991 Y110.4 E74.28689
G1 X134.269 Y110.421 E74.29039
G1 X134.537 Y110.485 E74.29384
G1 X134.917 Y110.661 E74.29909
G1 X135.133 Y110.818 E74.30244
G1 X135.414 Y111.122 E74.30763
G1 X135.616 Y111.482 E74.31281
G1 X135.727 Y111.878 E74.31797
G1 X135.743 Y112.293 E74.32318
G1 X135.729 Y112.416 E74.32473
G1 X135.616 Y112.818 E74.32996
G1 X135.409 Y113.187 E74.33527
G1 X135.337 Y113.279 E74.33674
G1 X135.019 Y113.573 E74.34217
G1 X134.925 Y113.636 E74.34359
G1 X134.537 Y113.815 E74.34894
G1 X134.269 Y113.879 E74.3524
G1 X134 Y113.9 E74.35578
G1 X133.857 Y113.895 E74.35758
G1 X133.784 Y113.889 E74.3585
G1 X133.784 Y113.392 E74.36473
G1 X134.006 Y113.4 E74.36751
G1 X134.106 Y113.396 E74.36877
G1 X134.382 Y113.341 E74.3723
G1 X134.579 Y113.26 E74.37497
G1 X134.944 Y112.972 E74.3808
G1 X135.068 Y112.801 E74.38345
G1 X135.194 Y112.529 E74.38721
G1 X135.249 Y112.06 E74.39313
G1 X135.191 Y111.764 E74.39691
G1 X135.068 Y111.499 E74.40058
G1 X134.944 Y111.328 E74.40322
G1 X134.573 Y111.035 E74.40915
G0 F7200 X134.383 Y110.974
G0 X134.483 Y110.74
;TYPE:SKIN
G1 F1800 X134.686 Y110.82 E74.40981
G1 X135.272 Y111.366 E74.41224
G1 X135.488 Y111.998 E74.41427
G1 X135.395 Y112.657 E74.41629
G1 X135.179 Y113.156 E74.41794
G1 X134.496 Y113.556 E74.42034
G1 X134.132 Y113.637 E74.42147
G0 F7200 X134.07 Y113.699
G0 X134.972 Y112.999
G0 X135.102 Y111.479
G0 X134.22 Y110.72
G0 X134.265 Y110.675
G1 F1800 X134.018 Y110.639 E74.42297
G0 F7200 X134.194 Y110.514
;TIME_ELAPSED:915.032119
G1 F1500 E67.92297
M107

M82 ;absolute extrusion mode
M104 S0
;End of Gcode
