;FLAVOR:Marlin
;TIME:6666
;Filament used: 0m
;Layer height: 0.2
;MINX:2.14748e+06
;MINY:2.14748e+06
;MINZ:2.14748e+06
;MAXX:-2.14748e+06
;MAXY:-2.14748e+06
;MAXZ:-2.14748e+06

;Generated with Cura_SteamEngine 4.13.1
M104 S215
M105
M109 S215
M82 ;absolute extrusion mode

G92 E0
G92 E0
G1 F1500 E-6.5
;LAYER_COUNT:88
;LAYER:0
M107
;MESH:output\A_fina_suporte.stl
G0 F3600 X134.2 Y120.3 Z0.2
;TYPE:WALL-INNER
G1 F1500 E0
G1 F1800 X109.8 Y120.3 E0.30599
G1 X109.8 Y108.7 E0.45145
G1 X134.2 Y108.7 E0.75744
G1 X134.2 Y120.3 E0.90291
G0 F3600 X134.6 Y120.7
;TYPE:WALL-OUTER
G1 F1800 X109.4 Y120.7 E1.21892
G1 X109.4 Y108.3 E1.37442
G1 X134.6 Y108.3 E1.69044
G1 X134.6 Y120.7 E1.84594
G0 F3600 X134.4 Y120.7
G0 X133.81 Y119.91
;TYPE:SKIN
G1 F1800 X110.19 Y119.91 E2.14215
G1 X110.19 Y109.09 E2.27783
G1 X133.81 Y109.09 E2.57404
G1 X133.81 Y119.91 E2.70972
G0 F3600 X133.629 Y109.87
G1 F1800 X133.028 Y109.269 E2.72038
G0 F3600 X132.463 Y109.269
G1 F1800 X133.629 Y110.436 E2.74107
G0 F3600 X133.629 Y111.002
G1 F1800 X131.897 Y109.269 E2.7718
G0 F3600 X131.331 Y109.269
G1 F1800 X133.629 Y111.568 E2.81256
G0 F3600 X133.629 Y112.133
G1 F1800 X130.765 Y109.269 E2.86335
G0 F3600 X130.2 Y109.269
G1 F1800 X133.629 Y112.699 E2.92417
G0 F3600 X133.629 Y113.265
G1 F1800 X129.634 Y109.269 E2.99503
G0 F3600 X129.068 Y109.269
G1 F1800 X133.629 Y113.83 E3.07592
G0 F3600 X133.629 Y114.396
G1 F1800 X128.503 Y109.269 E3.16684
G0 F3600 X127.937 Y109.269
G1 F1800 X133.629 Y114.962 E3.26779
G0 F3600 X133.629 Y115.527
G1 F1800 X127.371 Y109.269 E3.37878
G0 F3600 X126.806 Y109.269
G1 F1800 X133.629 Y116.093 E3.49979
G0 F3600 X133.629 Y116.659
G1 F1800 X126.24 Y109.269 E3.63084
G0 F3600 X125.674 Y109.269
G1 F1800 X133.629 Y117.224 E3.77192
G0 F3600 X133.629 Y117.79
G1 F1800 X125.109 Y109.269 E3.92303
G0 F3600 X124.543 Y109.269
G1 F1800 X133.629 Y118.356 E4.08418
G0 F3600 X133.629 Y118.921
G1 F1800 X123.977 Y109.269 E4.25535
G0 F3600 X123.412 Y109.269
G1 F1800 X133.629 Y119.487 E4.43656
G0 F3600 X133.305 Y119.729
G1 F1800 X122.846 Y109.269 E4.62205
G0 F3600 X122.28 Y109.269
G1 F1800 X132.74 Y119.729 E4.80756
G0 F3600 X132.174 Y119.729
G1 F1800 X121.714 Y109.269 E4.99307
G0 F3600 X121.149 Y109.269
G1 F1800 X131.608 Y119.729 E5.17856
G0 F3600 X131.043 Y119.729
G1 F1800 X120.583 Y109.269 E5.36407
G0 F3600 X120.017 Y109.269
G1 F1800 X130.477 Y119.729 E5.54957
G0 F3600 X129.911 Y119.729
G1 F1800 X119.452 Y109.269 E5.73507
G0 F3600 X118.886 Y109.269
G1 F1800 X129.346 Y119.729 E5.92058
G0 F3600 X128.78 Y119.729
G1 F1800 X118.32 Y109.269 E6.10608
G0 F3600 X117.755 Y109.269
G1 F1800 X128.214 Y119.729 E6.29158
G0 F3600 X127.649 Y119.729
G1 F1800 X117.189 Y109.269 E6.47708
G0 F3600 X116.623 Y109.269
G1 F1800 X127.083 Y119.729 E6.66259
G0 F3600 X126.517 Y119.729
G1 F1800 X116.058 Y109.269 E6.84809
G0 F3600 X115.492 Y109.269
G1 F1800 X125.951 Y119.729 E7.03358
G0 F3600 X125.386 Y119.729
G1 F1800 X114.926 Y109.269 E7.21909
G0 F3600 X114.361 Y109.269
G1 F1800 X124.82 Y119.729 E7.40459
G0 F3600 X124.254 Y119.729
G1 F1800 X113.795 Y109.269 E7.59008
G0 F3600 X113.229 Y109.269
G1 F1800 X123.689 Y119.729 E7.77559
G0 F3600 X123.123 Y119.729
G1 F1800 X112.664 Y109.269 E7.96108
G0 F3600 X112.098 Y109.269
G1 F1800 X122.557 Y119.729 E8.14658
G0 F3600 X121.992 Y119.729
G1 F1800 X111.532 Y109.269 E8.33209
G0 F3600 X110.966 Y109.269
G1 F1800 X121.426 Y119.729 E8.51759
G0 F3600 X120.86 Y119.729
G1 F1800 X110.401 Y109.269 E8.70309
G0 F3600 X110.368 Y109.803
G1 F1800 X120.295 Y119.729 E8.87913
G0 F3600 X119.729 Y119.729
G1 F1800 X110.368 Y110.368 E9.04515
G0 F3600 X110.368 Y110.934
G1 F1800 X119.163 Y119.729 E9.20113
G0 F3600 X118.598 Y119.729
G1 F1800 X110.368 Y111.5 E9.34707
G0 F3600 X110.368 Y112.065
G1 F1800 X118.032 Y119.729 E9.48299
G0 F3600 X117.466 Y119.729
G1 F1800 X110.368 Y112.631 E9.60887
G0 F3600 X110.368 Y113.197
G1 F1800 X116.901 Y119.729 E9.72473
G0 F3600 X116.335 Y119.729
G1 F1800 X110.368 Y113.762 E9.83055
G0 F3600 X110.368 Y114.328
G1 F1800 X115.769 Y119.729 E9.92634
G0 F3600 X115.203 Y119.729
G1 F1800 X110.369 Y114.894 E10.01207
G0 F3600 X110.369 Y115.46
M104 S210
G1 F1800 X114.638 Y119.729 E10.08778
G0 F3600 X114.072 Y119.729
G1 F1800 X110.369 Y116.026 E10.15346
G0 F3600 X110.369 Y116.592
G1 F1800 X113.506 Y119.729 E10.20909
G0 F3600 X112.941 Y119.729
G1 F1800 X110.369 Y117.157 E10.2547
G0 F3600 X110.369 Y117.723
G1 F1800 X112.375 Y119.729 E10.29028
G0 F3600 X111.809 Y119.729
G1 F1800 X110.369 Y118.289 E10.31582
G0 F3600 X110.369 Y118.854
G1 F1800 X111.244 Y119.729 E10.33134
G0 F3600 X110.678 Y119.729
G1 F1800 X110.369 Y119.42 E10.33682
;MESH:NONMESH
G0 F600 X110.369 Y119.42 Z0.4
G0 F3600 X134.13 Y120.23
G0 X134.2 Y120.3
;TIME_ELAPSED:34.256078
;LAYER:1
M106 S255
;TYPE:WALL-INNER
;MESH:output\A_fina_suporte.stl
G1 F2700 X109.8 Y120.3 E10.6428
G1 X109.8 Y108.7 E10.78827
G1 X134.2 Y108.7 E11.09425
G1 X134.2 Y120.3 E11.23972
G0 F5400 X134.6 Y120.7
;TYPE:WALL-OUTER
G1 F1800 X109.4 Y120.7 E11.55574
G1 X109.4 Y108.3 E11.71124
G1 X134.6 Y108.3 E12.02726
G1 X134.6 Y120.7 E12.18276
G0 F5400 X134.4 Y120.7
G0 X133.81 Y119.91
;TYPE:SKIN
G1 F1800 X110.19 Y119.91 E12.47896
G1 X110.19 Y109.09 E12.61465
G1 X133.81 Y109.09 E12.91085
G1 X133.81 Y119.91 E13.04654
G0 F5400 X133.629 Y119.232
G1 F1800 X133.131 Y119.73 E13.05537
G0 F5400 X132.565 Y119.73
G1 F1800 X133.629 Y118.666 E13.07424
G0 F5400 X133.629 Y118.1
G1 F1800 X131.999 Y119.73 E13.10315
G0 F5400 X131.434 Y119.73
G1 F1800 X133.629 Y117.535 E13.14208
G0 F5400 X133.629 Y116.969
G1 F1800 X130.868 Y119.73 E13.19104
G0 F5400 X130.302 Y119.73
G1 F1800 X133.629 Y116.403 E13.25005
G0 F5400 X133.629 Y115.838
G1 F1800 X129.737 Y119.73 E13.31907
G0 F5400 X129.171 Y119.73
G1 F1800 X133.629 Y115.272 E13.39813
G0 F5400 X133.629 Y114.706
G1 F1800 X128.605 Y119.73 E13.48723
G0 F5400 X128.04 Y119.73
G1 F1800 X133.629 Y114.141 E13.58635
G0 F5400 X133.629 Y113.575
G1 F1800 X127.474 Y119.73 E13.69551
G0 F5400 X126.908 Y119.73
G1 F1800 X133.629 Y113.009 E13.8147
G0 F5400 X133.629 Y112.444
G1 F1800 X126.343 Y119.73 E13.94392
G0 F5400 X125.777 Y119.73
G1 F1800 X133.629 Y111.878 E14.08317
G0 F5400 X133.629 Y111.312
G1 F1800 X125.211 Y119.73 E14.23246
G0 F5400 X124.645 Y119.73
G1 F1800 X133.629 Y110.747 E14.39178
G0 F5400 X133.629 Y110.181
G1 F1800 X124.08 Y119.73 E14.56113
G0 F5400 X123.514 Y119.73
G1 F1800 X133.629 Y109.615 E14.74052
G0 F5400 X133.409 Y109.269
G1 F1800 X122.948 Y119.73 E14.92604
G0 F5400 X122.383 Y119.73
G1 F1800 X132.843 Y109.269 E15.11156
G0 F5400 X132.277 Y109.269
G1 F1800 X121.817 Y119.73 E15.29707
G0 F5400 X121.251 Y119.73
G1 F1800 X131.712 Y109.269 E15.48259
G0 F5400 X131.146 Y109.269
G1 F1800 X120.686 Y119.73 E15.66811
G0 F5400 X120.12 Y119.73
G1 F1800 X130.58 Y109.269 E15.85362
G0 F5400 X130.015 Y109.269
G1 F1800 X119.554 Y119.73 E16.03915
G0 F5400 X118.989 Y119.73
G1 F1800 X129.449 Y109.269 E16.22466
G0 F5400 X128.883 Y109.269
G1 F1800 X118.423 Y119.73 E16.41018
G0 F5400 X117.857 Y119.73
G1 F1800 X128.317 Y109.269 E16.59569
G0 F5400 X127.752 Y109.269
G1 F1800 X117.292 Y119.73 E16.7812
G0 F5400 X116.726 Y119.73
G1 F1800 X127.186 Y109.269 E16.96672
G0 F5400 X126.62 Y109.269
G1 F1800 X116.16 Y119.73 E17.15223
G0 F5400 X115.594 Y119.73
G1 F1800 X126.055 Y109.269 E17.33776
G0 F5400 X125.489 Y109.269
G1 F1800 X115.029 Y119.73 E17.52327
G0 F5400 X114.463 Y119.73
G1 F1800 X124.923 Y109.269 E17.70879
G0 F5400 X124.358 Y109.269
G1 F1800 X113.897 Y119.73 E17.89431
G0 F5400 X113.332 Y119.73
G1 F1800 X123.792 Y109.269 E18.07982
G0 F5400 X123.226 Y109.269
G1 F1800 X112.766 Y119.73 E18.26534
G0 F5400 X112.2 Y119.73
G1 F1800 X122.661 Y109.269 E18.45086
G0 F5400 X122.095 Y109.269
G1 F1800 X111.635 Y119.73 E18.63638
G0 F5400 X111.069 Y119.73
G1 F1800 X121.529 Y109.269 E18.82189
G0 F5400 X120.964 Y109.269
G1 F1800 X110.503 Y119.73 E19.00741
G0 F5400 X110.37 Y119.298
G1 F1800 X120.398 Y109.269 E19.18527
G0 F5400 X119.832 Y109.269
G1 F1800 X110.37 Y118.732 E19.35308
G0 F5400 X110.37 Y118.166
G1 F1800 X119.266 Y109.269 E19.51086
G0 F5400 X118.701 Y109.269
G1 F1800 X110.37 Y117.601 E19.65862
G0 F5400 X110.37 Y117.035
G1 F1800 X118.135 Y109.269 E19.79634
G0 F5400 X117.569 Y109.269
G1 F1800 X110.37 Y116.469 E19.92402
G0 F5400 X110.37 Y115.903
G1 F1800 X117.004 Y109.269 E20.04167
G0 F5400 X116.438 Y109.269
G1 F1800 X110.37 Y115.338 E20.14929
G0 F5400 X110.37 Y114.772
G1 F1800 X115.872 Y109.269 E20.24688
G0 F5400 X115.307 Y109.269
G1 F1800 X110.369 Y114.207 E20.33445
G0 F5400 X110.369 Y113.641
G1 F1800 X114.741 Y109.269 E20.41199
G0 F5400 X114.175 Y109.269
G1 F1800 X110.369 Y113.076 E20.4795
G0 F5400 X110.369 Y112.51
G1 F1800 X113.61 Y109.269 E20.53698
G0 F5400 X113.044 Y109.269
G1 F1800 X110.369 Y111.944 E20.58442
G0 F5400 X110.369 Y111.379
G1 F1800 X112.478 Y109.269 E20.62183
G0 F5400 X111.913 Y109.269
G1 F1800 X110.369 Y110.813 E20.64921
G0 F5400 X110.369 Y110.247
G1 F1800 X111.347 Y109.269 E20.66655
G0 F5400 X110.781 Y109.269
G1 F1800 X110.369 Y109.682 E20.67387
;MESH:NONMESH
G0 F600 X110.369 Y109.682 Z0.6
G0 F5400 X110.188 Y110.9
;TIME_ELAPSED:62.355495
;LAYER:2
;TYPE:WALL-OUTER
;MESH:output\A_fina_suporte.stl
G1 F1800 X109.8 Y110.9 E20.67874
G1 X109.8 Y110.4 E20.68501
G1 X110.004 Y110.4 E20.68756
G1 X110.226 Y110.391 E20.69035
G1 X110.226 Y110.898 E20.69671
G1 X110.188 Y110.9 E20.69719
G0 F7200 X109.988 Y110.9
G0 X109.988 Y110.8
G1 F1500 E14.19719
G0 F7200 X110.213 Y113.405
G1 F1500 E20.69719
G0 F7200 X110.188 Y113.9
G1 F1800 X109.8 Y113.9 E20.70205
G1 X109.8 Y113.4 E20.70832
G1 X110.004 Y113.4 E20.71088
G1 X110.226 Y113.391 E20.71367
G1 X110.226 Y113.898 E20.72002
G1 X110.188 Y113.9 E20.7205
G0 F7200 X109.988 Y113.9
G0 X109.988 Y113.8
G1 F1500 E14.2205
G0 F7200 X109.967 Y116.42
G1 F1500 E20.7205
G0 F7200 X109.962 Y116.89
G1 F1800 X109.8 Y116.899 E20.72254
G1 X109.8 Y116.4 E20.72879
G1 X110.004 Y116.4 E20.73135
G1 X110.226 Y116.391 E20.73414
G1 X110.226 Y116.898 E20.7405
G1 X110.216 Y116.9 E20.74062
G1 X110.019 Y116.9 E20.74309
G1 X109.962 Y116.89 E20.74382
G0 F7200 X109.8 Y116.899
G0 X109.8 Y116.861
G0 X109.826 Y116.861
G1 F1500 E14.24382
G0 F7200 X109.897 Y116.793
G0 X110.213 Y119.405
G1 F1500 E20.74382
G0 F7200 X110.188 Y119.9
G1 F1800 X109.8 Y119.9 E20.74869
G1 X109.8 Y119.4 E20.75496
G1 X110.004 Y119.4 E20.75751
G1 X110.226 Y119.391 E20.7603
G1 X110.226 Y119.898 E20.76666
G1 X110.188 Y119.9 E20.76714
G0 F7200 X109.988 Y119.9
G0 X109.988 Y119.8
G1 F1500 E14.26714
G0 F7200 X111.091 Y119.792
G0 X116.91 Y119.779
G0 X118.024 Y119.792
G1 F1500 E20.76714
G0 F7200 X118.032 Y119.891
G1 F1800 X117.982 Y119.9 E20.76777
G1 X117.8 Y119.9 E20.77005
G1 X117.775 Y119.893 E20.77038
G1 X117.774 Y119.39 E20.77669
G1 X117.896 Y119.398 E20.77822
G1 X118.226 Y119.391 E20.78236
G1 X118.226 Y119.891 E20.78863
G1 X118.032 Y119.891 E20.79106
G0 F7200 X117.982 Y119.9
G0 X117.832 Y119.9
G0 X118 Y119.697
;TYPE:SKIN
G1 F1800 X117.969 Y119.666 E20.79134
G0 F7200 X117.826 Y119.667
G1 F1500 E14.29134
G0 F7200 X117.875 Y119.668
G0 X117.981 Y116.881
G1 F1500 E20.79134
G0 F7200 X118.032 Y116.891
;TYPE:WALL-OUTER
G1 F1800 X117.982 Y116.9 E20.79198
G1 X117.8 Y116.9 E20.79426
G1 X117.775 Y116.893 E20.79458
G1 X117.774 Y116.39 E20.80089
G1 X117.896 Y116.398 E20.80242
G1 X118.226 Y116.391 E20.80656
G1 X118.226 Y116.891 E20.81283
G1 X118.032 Y116.891 E20.81527
G0 F7200 X117.982 Y116.9
G0 X117.832 Y116.9
G0 X118.175 Y116.501
G1 F1500 E14.31527
G0 F7200 X118.126 Y116.501
G0 X117.981 Y113.881
G1 F1500 E20.81527
G0 F7200 X118.032 Y113.891
G1 F1800 X117.982 Y113.9 E20.8159
G1 X117.8 Y113.9 E20.81819
G1 X117.775 Y113.893 E20.81851
G1 X117.774 Y113.39 E20.82482
G1 X117.896 Y113.398 E20.82635
G1 X118.226 Y113.391 E20.83049
G1 X118.226 Y113.891 E20.83676
G1 X118.032 Y113.891 E20.8392
G0 F7200 X117.982 Y113.9
G0 X117.832 Y113.9
G0 X118.175 Y113.501
G1 F1500 E14.3392
G0 F7200 X118.126 Y113.501
G0 X117.981 Y110.881
G1 F1500 E20.8392
G0 F7200 X118.032 Y110.891
G1 F1800 X117.982 Y110.9 E20.83983
G1 X117.8 Y110.9 E20.84211
G1 X117.775 Y110.893 E20.84244
G1 X117.774 Y110.39 E20.84875
G1 X117.896 Y110.398 E20.85028
G1 X118.226 Y110.391 E20.85442
G1 X118.226 Y110.891 E20.86069
G1 X118.032 Y110.891 E20.86312
G0 F7200 X117.982 Y110.9
G0 X117.832 Y110.9
G0 X118.03 Y110.676
;TYPE:SKIN
G1 F1800 X117.968 Y110.614 E20.86367
G0 F7200 X117.826 Y110.615
G1 F1500 E14.36367
G0 F7200 X117.875 Y110.616
G0 X119.091 Y110.792
G0 X124.91 Y110.779
G0 X126.024 Y110.792
G1 F1500 E20.86367
G0 F7200 X126.032 Y110.891
;TYPE:WALL-OUTER
G1 F1800 X125.982 Y110.9 E20.86431
G1 X125.8 Y110.9 E20.86659
G1 X125.775 Y110.893 E20.86692
G1 X125.774 Y110.391 E20.87321
G1 X126.104 Y110.398 E20.87735
G1 X126.226 Y110.39 E20.87889
G1 X126.226 Y110.891 E20.88517
G1 X126.032 Y110.891 E20.8876
G0 F7200 X125.982 Y110.9
G0 X125.832 Y110.9
G0 X126.175 Y110.501
G1 F1500 E14.3876
G0 F7200 X126.126 Y110.501
G0 X125.926 Y113.414
G1 F1500 E20.8876
G0 F7200 X126.032 Y113.891
G1 F1800 X125.982 Y113.9 E20.88824
G1 X125.8 Y113.9 E20.89052
G1 X125.775 Y113.893 E20.89085
G1 X125.774 Y113.391 E20.89714
G1 X126.104 Y113.398 E20.90128
G1 X126.226 Y113.39 E20.90281
G1 X126.226 Y113.891 E20.9091
G1 X126.032 Y113.891 E20.91153
G0 F7200 X125.982 Y113.9
G0 X125.832 Y113.9
G0 X126.175 Y113.501
G1 F1500 E14.41153
G0 F7200 X126.126 Y113.501
G0 X125.926 Y116.414
G1 F1500 E20.91153
G0 F7200 X126.032 Y116.891
G1 F1800 X125.982 Y116.9 E20.91217
G1 X125.8 Y116.9 E20.91445
G1 X125.775 Y116.893 E20.91477
G1 X125.774 Y116.391 E20.92107
G1 X126.104 Y116.398 E20.92521
G1 X126.226 Y116.39 E20.92674
G1 X126.226 Y116.891 E20.93303
G1 X126.032 Y116.891 E20.93546
G0 F7200 X125.982 Y116.9
G0 X125.832 Y116.9
G0 X126.026 Y116.693
;TYPE:SKIN
G1 F1800 X125.968 Y116.634 E20.93598
G0 F7200 X125.826 Y116.635
G1 F1500 E14.43598
G0 F7200 X125.875 Y116.636
G0 X125.926 Y119.414
G1 F1500 E20.93598
G0 F7200 X126.032 Y119.891
;TYPE:WALL-OUTER
G1 F1800 X125.982 Y119.9 E20.93661
G1 X125.8 Y119.9 E20.9389
G1 X125.775 Y119.893 E20.93922
G1 X125.774 Y119.391 E20.94552
G1 X126.104 Y119.398 E20.94966
G1 X126.226 Y119.39 E20.95119
G1 X126.226 Y119.891 E20.95747
G1 X126.032 Y119.891 E20.95991
G0 F7200 X125.982 Y119.9
G0 X125.832 Y119.9
G0 X126.175 Y119.501
G1 F1500 E14.45991
G0 F7200 X126.126 Y119.501
G0 X127.091 Y119.791
G0 X132.91 Y119.778
G0 X134.032 Y119.791
G1 F1500 E20.95991
G0 F7200 X134.038 Y119.89
G1 F1800 X133.982 Y119.9 E20.96062
G1 X133.8 Y119.9 E20.9629
G1 X133.775 Y119.893 E20.96323
G1 X133.774 Y119.391 E20.96952
G1 X133.996 Y119.4 E20.97231
G1 X134.2 Y119.4 E20.97487
G1 X134.2 Y119.899 E20.98112
G1 X134.038 Y119.89 E20.98316
G0 F7200 X133.982 Y119.9
G0 X133.838 Y119.9
G0 X134.175 Y119.501
G1 F1500 E14.48316
G0 F7200 X134.1 Y119.501
G0 X133.925 Y116.88
G1 F1500 E20.98316
G0 F7200 X134.038 Y116.89
G1 F1800 X133.982 Y116.9 E20.98387
G1 X133.8 Y116.9 E20.98615
G1 X133.775 Y116.893 E20.98648
G1 X133.774 Y116.391 E20.99278
G1 X133.996 Y116.4 E20.99556
G1 X134.2 Y116.4 E20.99812
G1 X134.2 Y116.899 E21.00438
G1 X134.038 Y116.89 E21.00641
G0 F7200 X133.982 Y116.9
G0 X133.838 Y116.9
G0 X134.175 Y116.501
G1 F1500 E14.50641
G0 F7200 X134.1 Y116.501
G0 X133.925 Y113.88
G1 F1500 E21.00641
G0 F7200 X134.038 Y113.89
G1 F1800 X133.982 Y113.9 E21.00713
G1 X133.8 Y113.9 E21.00941
G1 X133.775 Y113.893 E21.00973
G1 X133.774 Y113.391 E21.01603
G1 X133.996 Y113.4 E21.01881
G1 X134.2 Y113.4 E21.02137
G1 X134.2 Y113.899 E21.02763
G1 X134.038 Y113.89 E21.02967
G0 F7200 X133.982 Y113.9
G0 X133.838 Y113.9
G0 X134.175 Y113.501
G1 F1500 E14.52967
G0 F7200 X134.1 Y113.501
G0 X133.925 Y110.88
G1 F1500 E21.02967
G0 F7200 X134.038 Y110.89
G1 F1800 X133.982 Y110.9 E21.03038
G1 X133.8 Y110.9 E21.03266
G1 X133.775 Y110.893 E21.03299
G1 X133.774 Y110.391 E21.03928
G1 X133.996 Y110.4 E21.04207
G1 X134.2 Y110.4 E21.04463
G1 X134.2 Y110.899 E21.05088
G1 X134.038 Y110.89 E21.05292
G0 F7200 X133.982 Y110.9
G0 X133.838 Y110.9
G0 X134.175 Y110.501
G1 F1500 E14.55292
;MESH:NONMESH
G0 F600 X134.175 Y110.501 Z0.8
G0 F7200 X134.1 Y110.501
G0 X132.91 Y110.755
G0 X127.05 Y111.878
G0 X119.05 Y111.878
G0 X117.158 Y111.766
G0 X111.091 Y110.753
G1 F1500 E21.05292
G0 F7200 X110.278 Y110.883
;TIME_ELAPSED:73.675260
;LAYER:3
;TYPE:WALL-OUTER
;MESH:output\A_fina_suporte.stl
G1 F1800 X110.2 Y110.887 E21.0539
G1 X110.2 Y110.393 E21.06009
G1 X110.325 Y110.38 E21.06167
G1 X110.435 Y110.363 E21.06306
G1 X110.436 Y110.858 E21.06687
G1 X110.278 Y110.883 E21.06888
G0 F7200 X110.2 Y110.887
G0 X110.2 Y110.765
G1 F1500 E14.56888
G0 F7200 X110.3 Y110.765
G0 X110.423 Y113.378
G1 F1500 E21.06888
G0 F7200 X110.278 Y113.883
G1 F1800 X110.2 Y113.887 E21.06986
G1 X110.2 Y113.393 E21.07605
G1 X110.325 Y113.38 E21.07763
G1 X110.435 Y113.363 E21.07903
G1 X110.436 Y113.858 E21.08284
G1 X110.278 Y113.883 E21.08484
G0 F7200 X110.2 Y113.887
G0 X110.2 Y113.765
G1 F1500 E14.58484
G0 F7200 X110.3 Y113.765
G0 X110.423 Y116.378
G1 F1500 E21.08484
G0 F7200 X110.278 Y116.883
G1 F1800 X110.2 Y116.887 E21.08582
G1 X110.2 Y116.393 E21.09202
G1 X110.325 Y116.38 E21.09359
G1 X110.435 Y116.363 E21.09499
G1 X110.435 Y116.858 E21.09879
G1 X110.278 Y116.883 E21.10078
G0 F7200 X110.2 Y116.887
G0 X110.2 Y116.765
G1 F1500 E14.60078
G0 F7200 X110.3 Y116.765
G0 X110.423 Y119.378
G1 F1500 E21.10078
G0 F7200 X110.278 Y119.883
G1 F1800 X110.2 Y119.887 E21.10176
G1 X110.2 Y119.393 E21.10796
G1 X110.325 Y119.38 E21.10953
G1 X110.435 Y119.363 E21.11093
G1 X110.435 Y119.858 E21.11473
G1 X110.278 Y119.883 E21.11673
G0 F7200 X110.2 Y119.887
G0 X110.2 Y119.765
G1 F1500 E14.61673
G0 F7200 X110.3 Y119.765
G0 X111.3 Y119.781
G0 X116.7 Y119.781
G0 X118.276 Y119.781
G1 F1500 E21.11673
G0 F7200 X118.282 Y119.882
G1 F1800 X117.711 Y119.882 E21.12389
G1 X117.565 Y119.859 E21.12574
G1 X117.565 Y119.363 E21.13196
G1 X117.675 Y119.38 E21.13336
G1 X117.784 Y119.391 E21.13473
G1 X117.896 Y119.398 E21.13614
G1 X118.212 Y119.392 E21.1401
G1 X118.325 Y119.38 E21.14153
G1 X118.435 Y119.363 E21.14292
G1 X118.436 Y119.858 E21.14913
G1 X118.282 Y119.882 E21.15108
G0 F7200 X118.082 Y119.882
G0 X118.212 Y119.658
;TYPE:SKIN
G1 F1800 X117.949 Y119.638 E21.15243
G0 F7200 X117.906 Y119.798
G1 F1500 E14.65243
G0 F7200 X117.906 Y119.782
G0 X118.281 Y116.863
G1 F1500 E21.15243
G0 F7200 X118.282 Y116.882
;TYPE:WALL-OUTER
G1 F1800 X117.714 Y116.882 E21.15955
G1 X117.565 Y116.859 E21.16144
G1 X117.564 Y116.363 E21.16766
G1 X117.675 Y116.38 E21.16907
G1 X117.784 Y116.391 E21.17044
G1 X117.896 Y116.398 E21.17185
G1 X118.212 Y116.392 E21.17582
G1 X118.325 Y116.38 E21.17724
G1 X118.435 Y116.363 E21.17864
G1 X118.436 Y116.858 E21.18484
G1 X118.282 Y116.882 E21.1868
G0 F7200 X118.082 Y116.882
G0 X118.121 Y116.637
;TYPE:SKIN
G1 F1800 X117.836 Y116.639 E21.18852
G0 F7200 X117.769 Y116.791
G1 F1500 E14.68852
G0 F7200 X117.769 Y116.782
G0 X118.281 Y113.863
G1 F1500 E21.18852
G0 F7200 X118.282 Y113.882
;TYPE:WALL-OUTER
G1 F1800 X117.711 Y113.882 E21.19568
G1 X117.565 Y113.859 E21.19754
G1 X117.564 Y113.363 E21.20376
G1 X117.675 Y113.38 E21.20516
G1 X117.784 Y113.391 E21.20654
G1 X117.896 Y113.398 E21.20795
G1 X118.212 Y113.392 E21.21191
G1 X118.325 Y113.38 E21.21333
G1 X118.435 Y113.363 E21.21473
G1 X118.436 Y113.858 E21.22094
G1 X118.282 Y113.882 E21.22289
G0 F7200 X118.082 Y113.882
G0 X117.961 Y113.686
;TYPE:SKIN
G1 F1800 X118.058 Y113.589 E21.22375
G0 F7200 X118.061 Y113.482
G1 F1500 E14.72375
G0 F7200 X118.06 Y113.495
G0 X118.281 Y110.863
G1 F1500 E21.22375
G0 F7200 X118.282 Y110.882
;TYPE:WALL-OUTER
G1 F1800 X117.711 Y110.882 E21.23091
G1 X117.565 Y110.859 E21.23277
G1 X117.564 Y110.363 E21.23899
G1 X117.675 Y110.38 E21.24039
G1 X117.784 Y110.391 E21.24177
G1 X117.896 Y110.398 E21.24318
G1 X118.212 Y110.392 E21.24714
G1 X118.325 Y110.38 E21.24856
G1 X118.435 Y110.363 E21.24996
G1 X118.436 Y110.858 E21.25617
G1 X118.282 Y110.882 E21.25812
G0 F7200 X118.082 Y110.882
G0 X118.182 Y110.636
;TYPE:SKIN
G1 F1800 X117.897 Y110.638 E21.25985
G0 F7200 X117.829 Y110.795
G1 F1500 E14.75985
G0 F7200 X117.829 Y110.782
G0 X119.301 Y110.843
G0 X124.701 Y110.833
G0 X126.276 Y110.781
G1 F1500 E21.25985
G0 F7200 X126.282 Y110.882
;TYPE:WALL-OUTER
G1 F1800 X125.711 Y110.882 E21.26701
G1 X125.565 Y110.859 E21.26886
G1 X125.564 Y110.363 E21.27508
G1 X125.675 Y110.38 E21.27649
G1 X125.788 Y110.392 E21.27791
G1 X126.104 Y110.398 E21.28188
G1 X126.216 Y110.391 E21.28328
G1 X126.325 Y110.38 E21.28466
G1 X126.435 Y110.363 E21.28605
G1 X126.436 Y110.858 E21.29226
G1 X126.282 Y110.882 E21.29422
G0 F7200 X126.082 Y110.882
G0 X126.1 Y110.638
;TYPE:SKIN
G1 F1800 X125.818 Y110.636 E21.29595
G0 F7200 X125.736 Y110.791
G1 F1500 E14.79595
G0 F7200 X125.736 Y110.782
G0 X126.423 Y113.378
G1 F1500 E21.29595
G0 F7200 X126.282 Y113.882
;TYPE:WALL-OUTER
G1 F1800 X125.711 Y113.882 E21.30311
G1 X125.565 Y113.859 E21.30496
G1 X125.564 Y113.363 E21.31118
G1 X125.675 Y113.38 E21.31259
G1 X125.788 Y113.392 E21.31401
G1 X126.104 Y113.398 E21.31798
G1 X126.216 Y113.391 E21.31938
G1 X126.325 Y113.38 E21.32076
G1 X126.435 Y113.363 E21.32215
G1 X126.436 Y113.858 E21.32836
G1 X126.282 Y113.882 E21.33032
G0 F7200 X126.082 Y113.882
G0 X126.201 Y113.649
;TYPE:SKIN
G1 F1800 X125.928 Y113.639 E21.33183
G0 F7200 X125.874 Y113.793
G1 F1500 E14.83183
G0 F7200 X125.874 Y113.782
G0 X126.423 Y116.378
G1 F1500 E21.33183
G0 F7200 X126.282 Y116.882
;TYPE:WALL-OUTER
G1 F1800 X125.714 Y116.882 E21.33896
G1 X125.565 Y116.859 E21.34085
G1 X125.564 Y116.363 E21.34707
G1 X125.675 Y116.38 E21.34848
G1 X125.788 Y116.392 E21.3499
G1 X126.104 Y116.398 E21.35387
G1 X126.216 Y116.391 E21.35527
G1 X126.325 Y116.38 E21.35665
G1 X126.435 Y116.363 E21.35804
G1 X126.435 Y116.858 E21.36425
G1 X126.282 Y116.882 E21.36619
G0 F7200 X126.082 Y116.882
G0 X126.039 Y116.639
;TYPE:SKIN
G1 F1800 X125.783 Y116.612 E21.36748
G0 F7200 X125.962 Y116.795
G1 F1500 E14.86748
G0 F7200 X125.962 Y116.782
G0 X126.423 Y119.378
G1 F1500 E21.36748
G0 F7200 X126.282 Y119.882
;TYPE:WALL-OUTER
G1 F1800 X125.711 Y119.882 E21.37464
G1 X125.565 Y119.859 E21.37649
G1 X125.564 Y119.363 E21.38271
G1 X125.675 Y119.38 E21.38412
G1 X125.788 Y119.392 E21.38555
G1 X126.104 Y119.398 E21.38951
G1 X126.216 Y119.391 E21.39092
G1 X126.325 Y119.38 E21.39229
G1 X126.435 Y119.363 E21.39369
G1 X126.435 Y119.858 E21.39989
G1 X126.282 Y119.882 E21.40184
G0 F7200 X126.082 Y119.882
G0 X126.153 Y119.637
;TYPE:SKIN
G1 F1800 X125.869 Y119.638 E21.40359
G0 F7200 X125.814 Y119.792
G1 F1500 E14.90359
G0 F7200 X125.814 Y119.782
G0 X127.3 Y119.46
G0 X132.7 Y119.46
G1 F1500 E21.40359
G0 F7200 X133.8 Y119.393
;TYPE:WALL-OUTER
G1 F1800 X133.8 Y119.887 E21.40978
G1 X133.712 Y119.882 E21.41089
G1 X133.565 Y119.859 E21.41275
G1 X133.565 Y119.363 E21.41657
G1 X133.675 Y119.38 E21.41796
G1 X133.8 Y119.393 E21.41954
G0 F7200 X133.8 Y119.593
G1 F1500 E14.91954
G0 F7200 X133.7 Y119.593
G0 X133.726 Y116.863
G1 F1500 E21.41954
G0 F7200 X133.8 Y116.393
G1 F1800 X133.8 Y116.887 E21.42574
G1 X133.715 Y116.882 E21.4268
G1 X133.565 Y116.859 E21.42871
G1 X133.564 Y116.363 E21.43253
G1 X133.675 Y116.38 E21.43393
G1 X133.8 Y116.393 E21.43551
G0 F7200 X133.8 Y116.593
G1 F1500 E14.93551
G0 F7200 X133.7 Y116.593
G0 X133.721 Y113.863
G1 F1500 E21.43551
G0 F7200 X133.8 Y113.393
G1 F1800 X133.8 Y113.887 E21.4417
G1 X133.712 Y113.882 E21.44281
G1 X133.565 Y113.859 E21.44468
G1 X133.564 Y113.363 E21.4485
G1 X133.675 Y113.38 E21.4499
G1 X133.8 Y113.393 E21.45148
G0 F7200 X133.8 Y113.593
G1 F1500 E14.95148
G0 F7200 X133.7 Y113.593
G0 X133.721 Y110.863
G1 F1500 E21.45148
G0 F7200 X133.8 Y110.393
G1 F1800 X133.8 Y110.887 E21.45767
G1 X133.712 Y110.882 E21.45878
G1 X133.565 Y110.859 E21.46065
G1 X133.564 Y110.363 E21.46447
G1 X133.675 Y110.38 E21.46587
G1 X133.8 Y110.393 E21.46745
G0 F7200 X133.8 Y110.593
G1 F1500 E14.96745
;MESH:NONMESH
G0 F600 X133.8 Y110.593 Z1
G0 F7200 X133.7 Y110.593
G0 X132.7 Y110.394
G0 X126.351 Y111.746
G0 X117.517 Y111.728
G0 X111.3 Y110.436
G1 F1500 E21.46745
G0 F7200 X110.541 Y110.347
;TIME_ELAPSED:85.160985
;LAYER:4
;TYPE:WALL-OUTER
;MESH:output\A_fina_suporte.stl
G1 F1800 X110.645 Y110.319 E21.4688
G1 X110.646 Y110.805 E21.47489
G1 X110.463 Y110.854 E21.47727
G1 X110.278 Y110.883 E21.47962
G1 X110.2 Y110.887 E21.4806
G1 X110.2 Y110.393 E21.48679
G1 X110.325 Y110.38 E21.48837
G1 X110.541 Y110.347 E21.49111
G0 F7200 X110.645 Y110.319
G0 X110.645 Y110.412
G0 X110.283 Y110.789
G1 F1500 E14.99111
G0 F7200 X110.299 Y110.779
G0 X110.633 Y113.334
G1 F1500 E21.49111
G0 F7200 X110.541 Y113.347
G1 F1800 X110.645 Y113.319 E21.49246
G1 X110.646 Y113.805 E21.49855
G1 X110.463 Y113.854 E21.50093
G1 X110.278 Y113.883 E21.50328
G1 X110.2 Y113.887 E21.50426
G1 X110.2 Y113.393 E21.51045
G1 X110.325 Y113.38 E21.51203
G1 X110.541 Y113.347 E21.51477
G0 F7200 X110.645 Y113.319
G0 X110.645 Y113.412
G0 X110.283 Y113.789
G1 F1500 E15.01477
G0 F7200 X110.299 Y113.779
G0 X110.633 Y116.334
G1 F1500 E21.51477
G0 F7200 X110.541 Y116.347
G1 F1800 X110.645 Y116.319 E21.51612
G1 X110.645 Y116.805 E21.52221
G1 X110.464 Y116.854 E21.52457
G1 X110.278 Y116.883 E21.52693
G1 X110.2 Y116.887 E21.52791
G1 X110.2 Y116.393 E21.5341
G1 X110.325 Y116.38 E21.53568
G1 X110.541 Y116.347 E21.53842
G0 F7200 X110.645 Y116.319
G0 X110.645 Y116.412
G0 X110.435 Y116.657
;TYPE:SKIN
G1 F1800 X110.394 Y116.617 E21.53878
G0 F7200 X110.245 Y116.617
G1 F1500 E15.03878
G0 F7200 X110.3 Y116.617
G0 X110.633 Y119.334
G1 F1500 E21.53878
G0 F7200 X110.541 Y119.347
;TYPE:WALL-OUTER
G1 F1800 X110.645 Y119.319 E21.54013
G1 X110.645 Y119.805 E21.54622
G1 X110.464 Y119.854 E21.54857
G1 X110.278 Y119.883 E21.55093
G1 X110.2 Y119.887 E21.55191
G1 X110.2 Y119.393 E21.55811
G1 X110.325 Y119.38 E21.55968
G1 X110.541 Y119.347 E21.56242
G0 F7200 X110.645 Y119.319
G0 X110.645 Y119.412
G0 X110.283 Y119.789
G1 F1500 E15.06242
G0 F7200 X110.299 Y119.779
G0 X111.51 Y119.443
G0 X116.49 Y119.443
G0 X118.545 Y119.443
G1 F1500 E21.56242
G0 F7200 X118.541 Y119.347
G1 F1800 X118.645 Y119.319 E21.56377
G1 X118.646 Y119.805 E21.56987
G1 X118.463 Y119.854 E21.57225
G1 X118.282 Y119.882 E21.57454
G1 X117.718 Y119.882 E21.58161
G1 X117.536 Y119.854 E21.58392
G1 X117.355 Y119.805 E21.58628
G1 X117.355 Y119.319 E21.59237
G1 X117.459 Y119.347 E21.59372
G1 X117.676 Y119.381 E21.59648
G1 X117.896 Y119.398 E21.59924
G1 X118.212 Y119.392 E21.60321
G1 X118.325 Y119.38 E21.60463
G1 X118.541 Y119.347 E21.60737
G0 F7200 X118.645 Y119.319
G0 X118.645 Y119.412
G0 X118.222 Y119.636
;TYPE:SKIN
G1 F1800 X117.942 Y119.639 E21.60872
G1 X117.643 Y119.622 E21.61016
G0 F7200 X117.599 Y119.46
G1 F1500 E15.11016
G0 F7200 X117.597 Y119.47
G0 X118.281 Y116.863
G1 F1500 E21.61016
G0 F7200 X118.541 Y116.347
;TYPE:WALL-OUTER
G1 F1800 X118.645 Y116.319 E21.61151
G1 X118.646 Y116.805 E21.61761
G1 X118.463 Y116.854 E21.61998
G1 X118.282 Y116.882 E21.62228
G1 X117.714 Y116.882 E21.6294
G1 X117.541 Y116.855 E21.6316
G1 X117.355 Y116.805 E21.63402
G1 X117.354 Y116.319 E21.64011
G1 X117.459 Y116.347 E21.64147
G1 X117.676 Y116.381 E21.64423
G1 X117.896 Y116.398 E21.64699
G1 X118.212 Y116.392 E21.65096
G1 X118.325 Y116.38 E21.65238
G1 X118.541 Y116.347 E21.65512
G0 F7200 X118.645 Y116.319
G0 X118.645 Y116.412
G0 X118.323 Y116.626
;TYPE:SKIN
G1 F1800 X118.052 Y116.638 E21.65641
G1 X117.764 Y116.632 E21.65777
G0 F7200 X117.743 Y116.482
G1 F1500 E15.15777
G0 F7200 X117.743 Y116.486
G0 X118.281 Y113.863
G1 F1500 E21.65777
G0 F7200 X118.541 Y113.347
;TYPE:WALL-OUTER
G1 F1800 X118.645 Y113.319 E21.65912
G1 X118.646 Y113.805 E21.66521
G1 X118.463 Y113.854 E21.66759
G1 X118.282 Y113.882 E21.66988
G1 X117.718 Y113.882 E21.67696
G1 X117.536 Y113.854 E21.67927
G1 X117.355 Y113.805 E21.68162
G1 X117.354 Y113.319 E21.68771
G1 X117.459 Y113.347 E21.68908
G1 X117.676 Y113.381 E21.69183
G1 X117.896 Y113.398 E21.6946
G1 X118.212 Y113.392 E21.69856
G1 X118.325 Y113.38 E21.69999
G1 X118.541 Y113.347 E21.70273
G0 F7200 X118.645 Y113.319
G0 X118.645 Y113.412
G0 X118.414 Y113.605
;TYPE:SKIN
G1 F1800 X118.162 Y113.637 E21.70369
G1 X117.59 Y113.63 E21.70587
G0 F7200 X117.74 Y113.788
G1 F1500 E15.20587
G0 F7200 X117.74 Y113.782
G0 X118.281 Y110.863
G1 F1500 E21.70587
G0 F7200 X118.541 Y110.347
;TYPE:WALL-OUTER
G1 F1800 X118.645 Y110.319 E21.70722
G1 X118.646 Y110.805 E21.71331
G1 X118.463 Y110.854 E21.71569
G1 X118.282 Y110.882 E21.71799
G1 X117.718 Y110.882 E21.72506
G1 X117.536 Y110.854 E21.72737
G1 X117.355 Y110.805 E21.72972
G1 X117.354 Y110.319 E21.73582
G1 X117.459 Y110.347 E21.73718
G1 X117.676 Y110.381 E21.73993
G1 X117.896 Y110.398 E21.7427
G1 X118.212 Y110.392 E21.74666
G1 X118.325 Y110.38 E21.74809
G1 X118.541 Y110.347 E21.75083
G0 F7200 X118.645 Y110.319
G0 X118.645 Y110.412
G0 X118.27 Y110.633
;TYPE:SKIN
G1 F1800 X117.993 Y110.639 E21.75214
G1 X117.701 Y110.63 E21.75352
G0 F7200 X117.66 Y110.469
G1 F1500 E15.25352
G0 F7200 X117.665 Y110.48
G0 X119.51 Y110.457
G0 X124.49 Y110.448
G0 X126.545 Y110.443
G1 F1500 E21.75352
G0 F7200 X126.542 Y110.347
;TYPE:WALL-OUTER
G1 F1800 X126.645 Y110.319 E21.75486
G1 X126.646 Y110.805 E21.76096
G1 X126.463 Y110.854 E21.76333
G1 X126.282 Y110.882 E21.76563
G1 X125.718 Y110.882 E21.7727
G1 X125.536 Y110.854 E21.77501
G1 X125.355 Y110.805 E21.77736
G1 X125.354 Y110.319 E21.78346
G1 X125.459 Y110.347 E21.78482
G1 X125.675 Y110.38 E21.78756
G1 X125.788 Y110.392 E21.78899
G1 X126.105 Y110.398 E21.79296
G1 X126.257 Y110.388 E21.79487
G1 X126.424 Y110.366 E21.79698
G1 X126.542 Y110.347 E21.79848
G0 F7200 X126.645 Y110.319
G0 X126.645 Y110.413
G0 X126.427 Y110.588
;TYPE:SKIN
G1 F1800 X126.195 Y110.638 E21.7994
G1 X125.608 Y110.617 E21.80168
G0 F7200 X125.73 Y110.79
G1 F1500 E15.30168
G0 F7200 X125.73 Y110.782
G0 X126.633 Y113.334
G1 F1500 E21.80168
G0 F7200 X126.542 Y113.347
;TYPE:WALL-OUTER
G1 F1800 X126.645 Y113.319 E21.80302
G1 X126.646 Y113.805 E21.80912
G1 X126.463 Y113.854 E21.81149
G1 X126.282 Y113.882 E21.81379
G1 X125.718 Y113.882 E21.82086
G1 X125.536 Y113.854 E21.82317
G1 X125.355 Y113.805 E21.82552
G1 X125.354 Y113.319 E21.83162
G1 X125.459 Y113.347 E21.83298
G1 X125.675 Y113.38 E21.83572
G1 X125.788 Y113.392 E21.83715
G1 X126.105 Y113.398 E21.84112
G1 X126.257 Y113.388 E21.84303
G1 X126.424 Y113.366 E21.84515
G1 X126.542 Y113.347 E21.84664
G0 F7200 X126.645 Y113.319
G0 X126.645 Y113.413
G0 X126.35 Y113.622
;TYPE:SKIN
G1 F1800 X126.084 Y113.639 E21.8479
G1 X125.797 Y113.635 E21.84925
G0 F7200 X125.724 Y113.482
G1 F1500 E15.34925
G0 F7200 X125.724 Y113.486
G0 X126.633 Y116.334
G1 F1500 E21.84925
G0 F7200 X126.542 Y116.347
;TYPE:WALL-OUTER
G1 F1800 X126.645 Y116.319 E21.85059
G1 X126.645 Y116.805 E21.85668
G1 X126.464 Y116.854 E21.85904
G1 X126.282 Y116.882 E21.86135
G1 X125.714 Y116.882 E21.86847
G1 X125.541 Y116.855 E21.87066
G1 X125.355 Y116.805 E21.87308
G1 X125.354 Y116.319 E21.87917
G1 X125.459 Y116.347 E21.88054
G1 X125.675 Y116.38 E21.88328
G1 X125.788 Y116.392 E21.8847
G1 X126.105 Y116.398 E21.88868
G1 X126.257 Y116.388 E21.89059
G1 X126.424 Y116.366 E21.8927
G1 X126.542 Y116.347 E21.8942
G0 F7200 X126.645 Y116.319
G0 X126.645 Y116.413
G0 X126.251 Y116.634
;TYPE:SKIN
G1 F1800 X125.971 Y116.637 E21.89557
G1 X125.678 Y116.627 E21.897
G0 F7200 X125.636 Y116.466
G1 F1500 E15.397
G0 F7200 X125.634 Y116.475
G0 X126.633 Y119.334
G1 F1500 E21.897
G0 F7200 X126.542 Y119.347
;TYPE:WALL-OUTER
G1 F1800 X126.645 Y119.319 E21.89834
G1 X126.645 Y119.805 E21.90444
G1 X126.464 Y119.854 E21.90679
G1 X126.282 Y119.882 E21.9091
G1 X125.718 Y119.882 E21.91617
G1 X125.536 Y119.854 E21.91848
G1 X125.355 Y119.805 E21.92083
G1 X125.354 Y119.319 E21.92693
G1 X125.459 Y119.347 E21.92829
G1 X125.675 Y119.38 E21.93103
G1 X125.788 Y119.392 E21.93245
G1 X126.105 Y119.398 E21.93643
G1 X126.257 Y119.388 E21.93834
G1 X126.424 Y119.366 E21.94045
G1 X126.542 Y119.347 E21.94195
G0 F7200 X126.645 Y119.319
G0 X126.645 Y119.413
G0 X126.401 Y119.613
;TYPE:SKIN
G1 F1800 X126.145 Y119.639 E21.94291
G1 X125.578 Y119.638 E21.94504
G0 F7200 X125.736 Y119.79
G1 F1500 E15.44504
G0 F7200 X125.736 Y119.782
G0 X127.51 Y119.46
G0 X132.49 Y119.46
G0 X133.7 Y119.46
G1 F1500 E21.94504
G0 F7200 X133.8 Y119.393
;TYPE:WALL-OUTER
G1 F1800 X133.8 Y119.887 E21.95123
G1 X133.722 Y119.883 E21.95221
G1 X133.536 Y119.854 E21.95457
G1 X133.355 Y119.805 E21.95692
G1 X133.355 Y119.319 E21.96302
G1 X133.459 Y119.347 E21.96437
G1 X133.675 Y119.38 E21.96711
G1 X133.8 Y119.393 E21.96869
G0 F7200 X133.8 Y119.593
G0 X133.755 Y119.593
G1 F1500 E15.46869
G0 F7200 X133.7 Y119.593
G0 X133.717 Y116.863
G1 F1500 E21.96869
G0 F7200 X133.8 Y116.393
G1 F1800 X133.8 Y116.887 E21.97488
G1 X133.716 Y116.882 E21.97594
G1 X133.596 Y116.865 E21.97746
G1 X133.541 Y116.855 E21.97816
G1 X133.355 Y116.805 E21.98057
G1 X133.354 Y116.319 E21.98667
G1 X133.459 Y116.347 E21.98803
G1 X133.675 Y116.38 E21.99077
G1 X133.8 Y116.393 E21.99235
G0 F7200 X133.8 Y116.593
G0 X133.604 Y116.633
;TYPE:SKIN
G1 F1800 X133.549 Y116.578 E21.99283
G0 F7200 X133.4 Y116.579
G1 F1500 E15.49283
G0 F7200 X133.455 Y116.58
G0 X133.724 Y113.864
G1 F1500 E21.99283
G0 F7200 X133.8 Y113.393
;TYPE:WALL-OUTER
G1 F1800 X133.8 Y113.887 E21.99903
G1 X133.722 Y113.883 E22.00001
G1 X133.536 Y113.854 E22.00237
G1 X133.355 Y113.805 E22.00472
G1 X133.354 Y113.319 E22.01081
G1 X133.459 Y113.347 E22.01218
G1 X133.675 Y113.38 E22.01492
G1 X133.8 Y113.393 E22.01649
G0 F7200 X133.8 Y113.593
G0 X133.755 Y113.594
G1 F1500 E15.51649
G0 F7200 X133.7 Y113.594
G0 X133.724 Y110.864
G1 F1500 E22.01649
G0 F7200 X133.8 Y110.393
G1 F1800 X133.8 Y110.887 E22.02269
G1 X133.722 Y110.883 E22.02367
G1 X133.536 Y110.854 E22.02603
G1 X133.355 Y110.805 E22.02838
G1 X133.354 Y110.319 E22.03447
G1 X133.459 Y110.347 E22.03584
G1 X133.675 Y110.38 E22.03858
G1 X133.8 Y110.393 E22.04015
G0 F7200 X133.8 Y110.593
G0 X133.755 Y110.594
G1 F1500 E15.54015
;MESH:NONMESH
G0 F600 X133.755 Y110.594 Z1.2
G0 F7200 X133.7 Y110.594
G0 X132.49 Y110.399
G0 X126.351 Y111.746
G0 X117.649 Y111.746
G0 X111.51 Y110.441
G1 F1500 E22.04015
G0 F7200 X110.542 Y110.347
;TIME_ELAPSED:97.178104
;LAYER:5
;TYPE:WALL-OUTER
;MESH:output\A_fina_suporte.stl
G1 F1800 X110.855 Y110.263 E22.04422
G1 X110.856 Y110.747 E22.05029
G1 X110.838 Y110.754 E22.05053
G1 X110.464 Y110.854 E22.05538
G1 X110.278 Y110.883 E22.05774
G1 X110.2 Y110.887 E22.05872
G1 X110.2 Y110.392 E22.06493
G1 X110.227 Y110.391 E22.06527
G1 X110.358 Y110.376 E22.06692
G1 X110.542 Y110.347 E22.06926
G0 F7200 X110.735 Y110.296
G0 X110.66 Y110.522
;TYPE:SKIN
G1 F1800 X110.556 Y110.626 E22.07018
G0 F7200 X110.554 Y110.75
G1 F1500 E15.57018
G0 F7200 X110.55 Y110.728
G0 X110.843 Y113.278
G1 F1500 E22.07018
G0 F7200 X110.542 Y113.347
;TYPE:WALL-OUTER
G1 F1800 X110.855 Y113.263 E22.07425
G1 X110.856 Y113.747 E22.08032
G1 X110.838 Y113.754 E22.08056
G1 X110.464 Y113.854 E22.08541
G1 X110.278 Y113.883 E22.08777
G1 X110.2 Y113.887 E22.08875
G1 X110.2 Y113.392 E22.09496
G1 X110.227 Y113.391 E22.0953
G1 X110.358 Y113.376 E22.09695
G1 X110.542 Y113.347 E22.09929
G0 F7200 X110.735 Y113.296
G0 X110.454 Y113.557
;TYPE:SKIN
G1 F1800 X110.394 Y113.616 E22.09982
G0 F7200 X110.548 Y113.418
G1 F1500 E15.59982
G0 F7200 X110.55 Y113.447
G0 X110.843 Y116.278
G1 F1500 E22.09982
G0 F7200 X110.542 Y116.347
;TYPE:WALL-OUTER
G1 F1800 X110.855 Y116.263 E22.10388
G1 X110.856 Y116.747 E22.10995
G1 X110.838 Y116.754 E22.11019
G1 X110.464 Y116.854 E22.11505
G1 X110.278 Y116.883 E22.11741
G1 X110.2 Y116.887 E22.11839
G1 X110.2 Y116.392 E22.12459
G1 X110.227 Y116.391 E22.12493
G1 X110.358 Y116.376 E22.12659
G1 X110.542 Y116.347 E22.12892
G0 F7200 X110.735 Y116.296
G0 X110.585 Y116.536
;TYPE:SKIN
G1 F1800 X110.474 Y116.648 E22.12991
G0 F7200 X110.47 Y116.763
G1 F1500 E15.62991
G0 F7200 X110.469 Y116.75
G0 X110.843 Y119.278
G1 F1500 E22.12991
G0 F7200 X110.542 Y119.347
;TYPE:WALL-OUTER
G1 F1800 X110.855 Y119.263 E22.13398
G1 X110.856 Y119.747 E22.14004
G1 X110.838 Y119.754 E22.14029
G1 X110.464 Y119.854 E22.14514
G1 X110.278 Y119.883 E22.1475
G1 X110.2 Y119.887 E22.14848
G1 X110.2 Y119.392 E22.15469
G1 X110.227 Y119.391 E22.15503
G1 X110.358 Y119.376 E22.15668
G1 X110.542 Y119.347 E22.15902
G0 F7200 X110.735 Y119.296
G0 X110.66 Y119.573
;TYPE:SKIN
G1 F1800 X110.625 Y119.608 E22.15933
G0 F7200 X110.657 Y119.73
G1 F1500 E15.65933
G0 F7200 X110.652 Y119.701
G0 X111.72 Y119.458
G0 X116.28 Y119.447
G0 X118.562 Y119.444
G1 F1500 E22.15933
G0 F7200 X118.542 Y119.347
;TYPE:WALL-OUTER
G1 F1800 X118.855 Y119.263 E22.16339
G1 X118.856 Y119.747 E22.16946
G1 X118.838 Y119.754 E22.1697
G1 X118.464 Y119.854 E22.17456
G1 X118.282 Y119.882 E22.17687
G1 X117.718 Y119.882 E22.18394
G1 X117.536 Y119.854 E22.18625
G1 X117.167 Y119.755 E22.19104
G1 X117.145 Y119.746 E22.19134
G1 X117.144 Y119.263 E22.1974
G1 X117.459 Y119.347 E22.19901
G1 X117.688 Y119.382 E22.20192
G1 X117.895 Y119.398 E22.20452
G1 X118.213 Y119.392 E22.20851
G1 X118.357 Y119.376 E22.21033
G1 X118.542 Y119.347 E22.21267
G0 F7200 X118.735 Y119.296
G0 X118.572 Y119.581
;TYPE:SKIN
G1 F1800 X118.237 Y119.632 E22.21397
G1 X117.44 Y119.581 E22.21703
G0 F7200 X117.408 Y119.744
G1 F1500 E15.71703
G0 F7200 X117.415 Y119.719
G0 X117.719 Y116.863
G1 F1500 E22.21703
G0 F7200 X118.542 Y116.347
;TYPE:WALL-OUTER
G1 F1800 X118.855 Y116.263 E22.22109
G1 X118.856 Y116.747 E22.22716
G1 X118.838 Y116.754 E22.2274
G1 X118.464 Y116.854 E22.23226
G1 X118.282 Y116.882 E22.23457
G1 X117.718 Y116.882 E22.24164
G1 X117.536 Y116.854 E22.24395
G1 X117.167 Y116.755 E22.24874
G1 X117.145 Y116.747 E22.24903
G1 X117.145 Y116.263 E22.2551
G1 X117.459 Y116.347 E22.25918
G1 X117.688 Y116.382 E22.26208
G1 X117.895 Y116.398 E22.26469
G1 X118.213 Y116.392 E22.26868
G1 X118.357 Y116.376 E22.27049
G1 X118.542 Y116.347 E22.27284
G0 F7200 X118.735 Y116.296
G0 X118.429 Y116.611
;TYPE:SKIN
G1 F1800 X118.121 Y116.637 E22.27401
G1 X117.36 Y116.55 E22.27691
G0 F7200 X117.516 Y116.76
G1 F1500 E15.77691
G0 F7200 X117.519 Y116.747
G0 X118.546 Y116.366
G0 X118.281 Y113.863
G1 F1500 E22.27691
G0 F7200 X118.542 Y113.347
;TYPE:WALL-OUTER
G1 F1800 X118.855 Y113.263 E22.28098
G1 X118.856 Y113.747 E22.28705
G1 X118.838 Y113.754 E22.28729
G1 X118.464 Y113.854 E22.29214
G1 X118.282 Y113.882 E22.29445
G1 X117.718 Y113.882 E22.30152
G1 X117.536 Y113.854 E22.30383
G1 X117.167 Y113.755 E22.30863
G1 X117.145 Y113.746 E22.30892
G1 X117.144 Y113.263 E22.31498
G1 X117.459 Y113.347 E22.3166
G1 X117.688 Y113.382 E22.3195
G1 X117.895 Y113.398 E22.3221
G1 X118.213 Y113.392 E22.32609
G1 X118.357 Y113.376 E22.32791
G1 X118.542 Y113.347 E22.33026
G0 F7200 X118.735 Y113.296
G0 X118.629 Y113.584
;TYPE:SKIN
G1 F1800 X118.301 Y113.629 E22.33142
G1 X117.49 Y113.591 E22.33426
G0 F7200 X117.456 Y113.751
G1 F1500 E15.83426
G0 F7200 X117.461 Y113.732
G0 X118.546 Y113.366
G0 X118.281 Y110.863
G1 F1500 E22.33426
G0 F7200 X118.542 Y110.347
;TYPE:WALL-OUTER
G1 F1800 X118.855 Y110.263 E22.33833
G1 X118.856 Y110.747 E22.34439
G1 X118.838 Y110.754 E22.34464
G1 X118.464 Y110.854 E22.34949
G1 X118.282 Y110.882 E22.3518
G1 X117.718 Y110.882 E22.35887
G1 X117.536 Y110.854 E22.36118
G1 X117.167 Y110.755 E22.36597
G1 X117.145 Y110.747 E22.36627
G1 X117.145 Y110.263 E22.37234
G1 X117.459 Y110.347 E22.37641
G1 X117.688 Y110.382 E22.37932
G1 X117.895 Y110.398 E22.38192
G1 X118.213 Y110.392 E22.38591
G1 X118.357 Y110.376 E22.38773
G1 X118.542 Y110.347 E22.39008
G0 F7200 X118.735 Y110.296
G0 X118.503 Y110.599
;TYPE:SKIN
G1 F1800 X118.182 Y110.635 E22.39132
G1 X117.397 Y110.572 E22.39435
G0 F7200 X117.332 Y110.726
G1 F1500 E15.89435
G0 F7200 X117.339 Y110.699
G0 X118.855 Y110.459
G0 X124.28 Y110.459
G0 X126.562 Y110.444
G1 F1500 E22.39435
G0 F7200 X126.542 Y110.347
;TYPE:WALL-OUTER
G1 F1800 X126.855 Y110.263 E22.39842
G1 X126.856 Y110.747 E22.40449
G1 X126.838 Y110.754 E22.40473
G1 X126.464 Y110.854 E22.40958
G1 X126.282 Y110.882 E22.41189
G1 X125.718 Y110.882 E22.41897
G1 X125.536 Y110.854 E22.42128
G1 X125.167 Y110.755 E22.42607
G1 X125.145 Y110.747 E22.42636
G1 X125.145 Y110.263 E22.43243
G1 X125.459 Y110.347 E22.43651
G1 X125.687 Y110.381 E22.4394
G1 X125.788 Y110.392 E22.44067
G1 X126.117 Y110.398 E22.4448
G1 X126.23 Y110.39 E22.44622
G1 X126.358 Y110.376 E22.44783
G1 X126.542 Y110.347 E22.45017
G0 F7200 X126.735 Y110.296
G0 X126.406 Y110.615
;TYPE:SKIN
G1 F1800 X126.1 Y110.638 E22.45149
G1 X125.565 Y110.607 E22.45381
G0 F7200 X125.53 Y110.762
G1 F1500 E15.95381
G0 F7200 X125.533 Y110.751
G0 X126.843 Y113.278
G1 F1500 E22.45381
G0 F7200 X126.542 Y113.347
;TYPE:WALL-OUTER
G1 F1800 X126.855 Y113.263 E22.45787
G1 X126.856 Y113.747 E22.46394
G1 X126.838 Y113.754 E22.46419
G1 X126.464 Y113.854 E22.46904
G1 X126.282 Y113.882 E22.47135
G1 X125.718 Y113.882 E22.47842
G1 X125.536 Y113.854 E22.48073
G1 X125.167 Y113.755 E22.48552
G1 X125.145 Y113.746 E22.48582
G1 X125.144 Y113.263 E22.49188
G1 X125.459 Y113.347 E22.49349
G1 X125.687 Y113.381 E22.49638
G1 X125.788 Y113.392 E22.49766
G1 X126.117 Y113.398 E22.50178
G1 X126.23 Y113.39 E22.50321
G1 X126.358 Y113.376 E22.50482
G1 X126.542 Y113.347 E22.50716
G0 F7200 X126.735 Y113.296
G0 X126.543 Y113.589
;TYPE:SKIN
G1 F1800 X126.216 Y113.634 E22.50843
G1 X125.423 Y113.577 E22.51148
G0 F7200 X125.378 Y113.738
G1 F1500 E16.01148
G0 F7200 X125.385 Y113.711
G0 X126.843 Y116.278
G1 F1500 E22.51148
G0 F7200 X126.542 Y116.347
;TYPE:WALL-OUTER
G1 F1800 X126.855 Y116.263 E22.51555
G1 X126.856 Y116.747 E22.52161
G1 X126.838 Y116.754 E22.52186
G1 X126.464 Y116.854 E22.52671
G1 X126.282 Y116.882 E22.52902
G1 X125.718 Y116.882 E22.53609
G1 X125.536 Y116.854 E22.5384
G1 X125.167 Y116.755 E22.54319
G1 X125.145 Y116.747 E22.54349
G1 X125.145 Y116.263 E22.54956
G1 X125.459 Y116.347 E22.55363
G1 X125.687 Y116.381 E22.55652
G1 X125.788 Y116.392 E22.5578
G1 X126.117 Y116.398 E22.56192
G1 X126.23 Y116.39 E22.56335
G1 X126.358 Y116.376 E22.56496
G1 X126.542 Y116.347 E22.5673
G0 F7200 X126.735 Y116.296
G0 X126.334 Y116.626
;TYPE:SKIN
G1 F1800 X126.039 Y116.639 E22.56859
G1 X125.516 Y116.596 E22.57089
G0 F7200 X125.481 Y116.755
G1 F1500 E16.07089
G0 F7200 X125.485 Y116.738
G0 X126.843 Y119.278
G1 F1500 E22.57089
G0 F7200 X126.542 Y119.347
;TYPE:WALL-OUTER
G1 F1800 X126.855 Y119.263 E22.57496
G1 X126.856 Y119.747 E22.58103
G1 X126.838 Y119.754 E22.58127
G1 X126.464 Y119.854 E22.58612
G1 X126.282 Y119.882 E22.58843
G1 X125.718 Y119.882 E22.59551
G1 X125.536 Y119.854 E22.59782
G1 X125.167 Y119.755 E22.60261
G1 X125.145 Y119.746 E22.60291
G1 X125.144 Y119.263 E22.60896
G1 X125.459 Y119.347 E22.61058
G1 X125.687 Y119.381 E22.61347
G1 X125.788 Y119.392 E22.61474
G1 X126.117 Y119.398 E22.61887
G1 X126.23 Y119.39 E22.62029
G1 X126.358 Y119.376 E22.6219
G1 X126.542 Y119.347 E22.62424
G0 F7200 X126.735 Y119.296
G0 X126.466 Y119.606
;TYPE:SKIN
G1 F1800 X126.153 Y119.636 E22.62548
G1 X125.373 Y119.567 E22.62856
G0 F7200 X125.309 Y119.72
G1 F1500 E16.12856
G0 F7200 X125.316 Y119.693
G0 X126.855 Y119.474
G0 X132.28 Y119.462
G0 X133.7 Y119.46
G1 F1500 E22.62856
G0 F7200 X133.8 Y119.393
;TYPE:WALL-OUTER
G1 F1800 X133.8 Y119.887 E22.63475
G1 X133.722 Y119.883 E22.63573
G1 X133.536 Y119.854 E22.63809
G1 X133.167 Y119.755 E22.64289
G1 X133.145 Y119.746 E22.64318
G1 X133.144 Y119.263 E22.64924
G1 X133.459 Y119.347 E22.65086
G1 X133.687 Y119.381 E22.65375
G1 X133.8 Y119.393 E22.65517
G0 F7200 X133.8 Y119.593
G0 X133.582 Y119.561
;TYPE:SKIN
G1 F1800 X133.501 Y119.642 E22.65589
G0 F7200 X133.507 Y119.759
G1 F1500 E16.15589
G0 F7200 X133.511 Y119.745
G0 X133.54 Y116.835
G1 F1500 E22.65589
G0 F7200 X133.8 Y116.393
;TYPE:WALL-OUTER
G1 F1800 X133.8 Y116.887 E22.66209
G1 X133.722 Y116.883 E22.66307
G1 X133.536 Y116.854 E22.66543
G1 X133.167 Y116.755 E22.67022
G1 X133.145 Y116.747 E22.67051
G1 X133.145 Y116.263 E22.67658
G1 X133.459 Y116.347 E22.68066
G1 X133.687 Y116.381 E22.68355
G1 X133.8 Y116.393 E22.68497
G0 F7200 X133.8 Y116.593
G0 X133.484 Y116.548
;TYPE:SKIN
G1 F1800 X133.413 Y116.619 E22.6856
G0 F7200 X133.417 Y116.745
G1 F1500 E16.1856
G0 F7200 X133.423 Y116.721
G0 X133.54 Y113.835
G1 F1500 E22.6856
G0 F7200 X133.8 Y113.393
;TYPE:WALL-OUTER
G1 F1800 X133.8 Y113.887 E22.6918
G1 X133.722 Y113.883 E22.69278
G1 X133.536 Y113.854 E22.69514
G1 X133.167 Y113.755 E22.69993
G1 X133.145 Y113.746 E22.70023
G1 X133.144 Y113.263 E22.70628
G1 X133.459 Y113.347 E22.7079
G1 X133.687 Y113.381 E22.71079
G1 X133.8 Y113.393 E22.71221
G0 F7200 X133.8 Y113.593
G0 X133.576 Y113.627
;TYPE:SKIN
G1 F1800 X133.364 Y113.556 E22.71315
G0 F7200 X133.518 Y113.76
G1 F1500 E16.21315
G0 F7200 X133.521 Y113.748
G0 X133.54 Y110.835
G1 F1500 E22.71315
G0 F7200 X133.8 Y110.393
;TYPE:WALL-OUTER
G1 F1800 X133.8 Y110.887 E22.71935
G1 X133.722 Y110.883 E22.72033
G1 X133.536 Y110.854 E22.72269
G1 X133.167 Y110.755 E22.72748
G1 X133.145 Y110.747 E22.72777
G1 X133.145 Y110.263 E22.73384
G1 X133.459 Y110.347 E22.73792
G1 X133.687 Y110.381 E22.74081
G1 X133.8 Y110.393 E22.74223
G0 F7200 X133.8 Y110.593
G0 X133.537 Y110.555
;TYPE:SKIN
G1 F1800 X133.461 Y110.631 E22.74291
G0 F7200 X133.466 Y110.752
G1 F1500 E16.24291
;MESH:NONMESH
G0 F600 X133.466 Y110.752 Z1.4
G0 F7200 X133.471 Y110.734
G0 X132.28 Y110.341
G0 X126.351 Y111.746
G0 X117.649 Y111.746
G0 X111.72 Y110.386
G1 F1500 E22.74291
G0 F7200 X110.962 Y110.234
;TIME_ELAPSED:109.849961
;LAYER:6
;TYPE:WALL-OUTER
;MESH:output\A_fina_suporte.stl
G1 F1800 X111.065 Y110.195 E22.74429
G1 X111.066 Y110.665 E22.75018
G1 X110.832 Y110.756 E22.75333
G1 X110.618 Y110.812 E22.7561
G1 X110.617 Y110.327 E22.76219
G1 X110.962 Y110.234 E22.76667
G0 F7200 X111.065 Y110.195
G0 X111.065 Y110.285
G0 X110.776 Y110.699
G1 F1500 E16.26667
G0 F7200 X110.77 Y110.669
G0 X111.054 Y113.211
G1 F1500 E22.76667
G0 F7200 X110.962 Y113.234
G1 F1800 X111.065 Y113.195 E22.76805
G1 X111.066 Y113.665 E22.77394
G1 X110.832 Y113.756 E22.77709
G1 X110.618 Y113.812 E22.77986
G1 X110.617 Y113.327 E22.78595
G1 X110.962 Y113.234 E22.79043
G0 F7200 X111.065 Y113.195
G0 X111.065 Y113.285
G0 X110.776 Y113.699
G1 F1500 E16.29043
G0 F7200 X110.77 Y113.669
G0 X111.054 Y116.211
G1 F1500 E22.79043
G0 F7200 X110.962 Y116.234
G1 F1800 X111.065 Y116.195 E22.79181
G1 X111.066 Y116.665 E22.7977
G1 X110.832 Y116.756 E22.80085
G1 X110.618 Y116.812 E22.80363
G1 X110.618 Y116.326 E22.80972
G1 X110.962 Y116.234 E22.81419
G0 F7200 X111.065 Y116.195
G0 X111.065 Y116.285
G0 X110.871 Y116.528
;TYPE:SKIN
G1 F1800 X110.816 Y116.473 E22.81467
G0 F7200 X110.748 Y116.36
G1 F1500 E16.31467
G0 F7200 X110.754 Y116.393
G0 X111.054 Y119.211
G1 F1500 E22.81467
G0 F7200 X110.962 Y119.234
;TYPE:WALL-OUTER
G1 F1800 X111.065 Y119.195 E22.81605
G1 X111.066 Y119.665 E22.82195
G1 X110.832 Y119.756 E22.8251
G1 X110.618 Y119.812 E22.82787
G1 X110.617 Y119.327 E22.83395
G1 X110.962 Y119.234 E22.83843
G0 F7200 X111.065 Y119.195
G0 X111.065 Y119.285
G0 X110.776 Y119.699
G1 F1500 E16.33843
G0 F7200 X110.77 Y119.669
G0 X111.93 Y119.342
G0 X116.07 Y119.332
G1 F1500 E22.83843
G0 F7200 X117.038 Y119.235
G1 F1800 X117.382 Y119.325 E22.84289
G1 X117.383 Y119.813 E22.84901
G1 X117.166 Y119.755 E22.85183
G1 X116.935 Y119.666 E22.85493
G1 X116.934 Y119.195 E22.86084
G1 X117.038 Y119.235 E22.86224
G0 F7200 X117.231 Y119.285
G0 X117.25 Y119.358
G1 F1500 E16.36224
G0 F7200 X117.24 Y119.39
G0 X118.632 Y119.339
G1 F1500 E22.86224
G0 F7200 X118.962 Y119.234
G1 F1800 X119.065 Y119.195 E22.86362
G1 X119.066 Y119.665 E22.86951
G1 X118.832 Y119.756 E22.87266
G1 X118.618 Y119.812 E22.87544
G1 X118.617 Y119.327 E22.88152
G1 X118.962 Y119.234 E22.886
G0 F7200 X119.065 Y119.195
G0 X119.065 Y119.285
G0 X118.776 Y119.699
G1 F1500 E16.386
G0 F7200 X118.77 Y119.669
G0 X118.63 Y116.797
G1 F1500 E22.886
G0 F7200 X118.962 Y116.234
G1 F1800 X119.065 Y116.195 E22.88738
G1 X119.066 Y116.665 E22.89327
G1 X118.832 Y116.756 E22.89642
G1 X118.618 Y116.812 E22.8992
G1 X118.618 Y116.326 E22.90529
G1 X118.962 Y116.234 E22.90976
G0 F7200 X119.065 Y116.195
G0 X119.065 Y116.285
G0 X118.775 Y116.698
G1 F1500 E16.40976
G0 F7200 X118.769 Y116.67
G0 X117.362 Y116.33
G1 F1500 E22.90976
G0 F7200 X117.039 Y116.235
G1 F1800 X117.382 Y116.325 E22.9142
G1 X117.382 Y116.813 E22.92032
G1 X117.166 Y116.755 E22.92313
G1 X116.935 Y116.666 E22.92623
G1 X116.935 Y116.195 E22.93214
G1 X117.039 Y116.235 E22.93354
G0 F7200 X117.232 Y116.285
G0 X117.251 Y116.359
G1 F1500 E16.43354
G0 F7200 X117.242 Y116.391
G0 X117.371 Y113.798
G1 F1500 E22.93354
G0 F7200 X117.038 Y113.235
G1 F1800 X117.382 Y113.325 E22.93799
G1 X117.383 Y113.813 E22.94411
G1 X117.166 Y113.755 E22.94693
G1 X116.935 Y113.666 E22.95004
G1 X116.934 Y113.195 E22.95594
G1 X117.038 Y113.235 E22.95734
G0 F7200 X117.231 Y113.285
G0 X117.139 Y113.462
;TYPE:SKIN
G1 F1800 X117.186 Y113.509 E22.95776
G0 F7200 X117.335 Y113.509
G1 F1500 E16.45776
G0 F7200 X117.282 Y113.508
G0 X118.632 Y113.339
G1 F1500 E22.95776
G0 F7200 X118.962 Y113.234
;TYPE:WALL-OUTER
G1 F1800 X119.065 Y113.195 E22.95914
G1 X119.066 Y113.665 E22.96503
G1 X118.832 Y113.756 E22.96818
G1 X118.618 Y113.812 E22.97095
G1 X118.617 Y113.327 E22.97704
G1 X118.962 Y113.234 E22.98152
G0 F7200 X119.065 Y113.195
G0 X119.065 Y113.285
G0 X118.776 Y113.699
G1 F1500 E16.48152
G0 F7200 X118.77 Y113.669
G0 X118.63 Y110.797
G1 F1500 E22.98152
G0 F7200 X118.962 Y110.234
G1 F1800 X119.065 Y110.195 E22.9829
G1 X119.066 Y110.665 E22.98879
G1 X118.832 Y110.756 E22.99194
G1 X118.618 Y110.812 E22.99471
G1 X118.617 Y110.327 E23.0008
G1 X118.962 Y110.234 E23.00528
G0 F7200 X119.065 Y110.195
G0 X119.065 Y110.285
G0 X118.776 Y110.699
G1 F1500 E16.50528
G0 F7200 X118.77 Y110.669
G0 X117.382 Y110.341
G1 F1500 E23.00528
G0 F7200 X117.039 Y110.235
G1 F1800 X117.382 Y110.325 E23.00972
G1 X117.383 Y110.813 E23.01584
G1 X117.166 Y110.755 E23.01866
G1 X116.935 Y110.666 E23.02177
G1 X116.935 Y110.195 E23.02767
G1 X117.039 Y110.235 E23.02907
G0 F7200 X117.232 Y110.285
G0 X117.251 Y110.359
G1 F1500 E16.52907
G0 F7200 X117.242 Y110.391
G0 X119.911 Y108.963
G0 X124.07 Y110.345
G1 F1500 E23.02907
G0 F7200 X125.039 Y110.235
G1 F1800 X125.382 Y110.325 E23.03352
G1 X125.383 Y110.813 E23.03964
G1 X125.166 Y110.755 E23.04245
G1 X124.935 Y110.666 E23.04556
G1 X124.935 Y110.195 E23.05146
G1 X125.039 Y110.235 E23.05286
G0 F7200 X125.232 Y110.285
G0 X125.251 Y110.359
G1 F1500 E16.55286
G0 F7200 X125.242 Y110.391
G0 X126.632 Y110.339
G1 F1500 E23.05286
G0 F7200 X126.962 Y110.234
G1 F1800 X127.065 Y110.195 E23.05424
G1 X127.066 Y110.665 E23.06014
G1 X126.832 Y110.756 E23.06328
G1 X126.618 Y110.812 E23.06606
G1 X126.617 Y110.327 E23.07214
G1 X126.962 Y110.234 E23.07662
G0 F7200 X127.065 Y110.195
G0 X127.065 Y110.285
G0 X126.776 Y110.699
G1 F1500 E16.57662
G0 F7200 X126.77 Y110.669
G0 X127.054 Y113.211
G1 F1500 E23.07662
G0 F7200 X126.962 Y113.234
G1 F1800 X127.065 Y113.195 E23.078
G1 X127.066 Y113.665 E23.0839
G1 X126.832 Y113.756 E23.08705
G1 X126.618 Y113.812 E23.08982
G1 X126.617 Y113.327 E23.0959
G1 X126.962 Y113.234 E23.10038
G0 F7200 X127.065 Y113.195
G0 X127.065 Y113.285
G0 X126.776 Y113.699
G1 F1500 E16.60038
G0 F7200 X126.77 Y113.669
G0 X125.382 Y113.341
G1 F1500 E23.10038
G0 F7200 X125.038 Y113.235
G1 F1800 X125.382 Y113.325 E23.10484
G1 X125.383 Y113.813 E23.11096
G1 X125.166 Y113.755 E23.11378
G1 X124.935 Y113.666 E23.11688
G1 X124.934 Y113.195 E23.12279
G1 X125.038 Y113.235 E23.12419
G0 F7200 X125.231 Y113.285
G0 X125.25 Y113.358
G1 F1500 E16.62419
G0 F7200 X125.24 Y113.39
G0 X124.946 Y116.211
G1 F1500 E23.12419
G0 F7200 X125.039 Y116.235
G1 F1800 X125.382 Y116.325 E23.12863
G1 X125.382 Y116.813 E23.13475
G1 X125.166 Y116.755 E23.13756
G1 X124.935 Y116.666 E23.14066
G1 X124.935 Y116.195 E23.14657
G1 X125.039 Y116.235 E23.14797
G0 F7200 X125.232 Y116.285
G0 X125.251 Y116.359
G1 F1500 E16.64797
G0 F7200 X125.242 Y116.391
G0 X126.638 Y116.328
G1 F1500 E23.14797
G0 F7200 X126.962 Y116.234
G1 F1800 X127.065 Y116.195 E23.14935
G1 X127.066 Y116.665 E23.15524
G1 X126.832 Y116.756 E23.15839
G1 X126.618 Y116.812 E23.16116
G1 X126.618 Y116.326 E23.16726
G1 X126.962 Y116.234 E23.17172
G0 F7200 X127.065 Y116.195
G0 X127.065 Y116.285
G0 X126.775 Y116.698
G1 F1500 E16.67172
G0 F7200 X126.769 Y116.67
G0 X127.054 Y119.211
G1 F1500 E23.17172
G0 F7200 X126.962 Y119.234
G1 F1800 X127.065 Y119.195 E23.1731
G1 X127.066 Y119.665 E23.179
G1 X126.832 Y119.756 E23.18215
G1 X126.618 Y119.812 E23.18492
G1 X126.617 Y119.327 E23.191
G1 X126.962 Y119.234 E23.19548
G0 F7200 X127.065 Y119.195
G0 X127.065 Y119.285
G0 X126.87 Y119.516
;TYPE:SKIN
G1 F1800 X126.827 Y119.473 E23.19587
G0 F7200 X126.758 Y119.356
G1 F1500 E16.69587
G0 F7200 X126.767 Y119.39
G0 X125.382 Y119.341
G1 F1500 E23.19587
G0 F7200 X125.038 Y119.235
;TYPE:WALL-OUTER
G1 F1800 X125.382 Y119.325 E23.20032
G1 X125.383 Y119.813 E23.20644
G1 X125.166 Y119.755 E23.20926
G1 X124.935 Y119.666 E23.21237
G1 X124.934 Y119.195 E23.21827
G1 X125.038 Y119.235 E23.21967
G0 F7200 X125.231 Y119.285
G0 X125.129 Y119.472
;TYPE:SKIN
G1 F1800 X125.186 Y119.529 E23.22017
G0 F7200 X125.335 Y119.529
G1 F1500 E16.72017
G0 F7200 X125.282 Y119.528
G0 X125.645 Y118.501
G0 X127.911 Y117.963
G0 X132.07 Y119.331
G1 F1500 E23.22017
G0 F7200 X133.038 Y119.235
;TYPE:WALL-OUTER
G1 F1800 X133.382 Y119.325 E23.22463
G1 X133.383 Y119.813 E23.23075
G1 X133.166 Y119.755 E23.23357
G1 X132.935 Y119.666 E23.23667
G1 X132.934 Y119.195 E23.24258
G1 X133.038 Y119.235 E23.24398
G0 F7200 X133.231 Y119.285
G0 X133.25 Y119.358
G1 F1500 E16.74398
G0 F7200 X133.24 Y119.39
G0 X133.37 Y116.798
G1 F1500 E23.24398
G0 F7200 X133.039 Y116.235
G1 F1800 X133.382 Y116.325 E23.24843
G1 X133.382 Y116.813 E23.25455
G1 X133.166 Y116.755 E23.25735
G1 X132.935 Y116.666 E23.26045
G1 X132.935 Y116.195 E23.26636
G1 X133.039 Y116.235 E23.26776
G0 F7200 X133.232 Y116.285
G0 X133.155 Y116.468
;TYPE:SKIN
G1 F1800 X133.186 Y116.498 E23.26803
G0 F7200 X133.335 Y116.498
G1 F1500 E16.76803
G0 F7200 X133.282 Y116.498
G0 X133.371 Y113.798
G1 F1500 E23.26803
G0 F7200 X133.038 Y113.235
;TYPE:WALL-OUTER
G1 F1800 X133.382 Y113.325 E23.27249
G1 X133.383 Y113.813 E23.27861
G1 X133.166 Y113.755 E23.28142
G1 X132.935 Y113.666 E23.28453
G1 X132.934 Y113.195 E23.29043
G1 X133.038 Y113.235 E23.29183
G0 F7200 X133.231 Y113.285
G0 X133.25 Y113.358
G1 F1500 E16.79183
G0 F7200 X133.24 Y113.39
G0 X133.371 Y110.798
G1 F1500 E23.29183
G0 F7200 X133.039 Y110.235
G1 F1800 X133.382 Y110.325 E23.29628
G1 X133.383 Y110.813 E23.3024
G1 X133.166 Y110.755 E23.30522
G1 X132.935 Y110.666 E23.30832
G1 X132.935 Y110.195 E23.31423
G1 X133.039 Y110.235 E23.31562
G0 F7200 X133.232 Y110.285
G0 X133.129 Y110.501
;TYPE:SKIN
G1 F1800 X133.178 Y110.551 E23.31606
G0 F7200 X133.168 Y110.682
G1 F1500 E16.81606
;MESH:NONMESH
G0 F600 X133.168 Y110.682 Z1.6
G0 F7200 X133.181 Y110.654
G0 X132.07 Y110.328
G0 X126.234 Y111.825
G0 X117.768 Y111.818
G0 X111.93 Y110.373
G1 F1500 E23.31606
G0 F7200 X110.962 Y110.235
;TIME_ELAPSED:126.588008
;LAYER:7
;TYPE:WALL-OUTER
;MESH:output\A_fina_suporte.stl
G1 F1800 X111.275 Y110.114 E23.32027
G1 X111.276 Y110.579 E23.3261
G1 X111.22 Y110.606 E23.32688
G1 X110.836 Y110.754 E23.33204
G1 X110.836 Y110.268 E23.33814
G1 X110.962 Y110.235 E23.33977
G0 F7200 X111.148 Y110.163
G0 X111.061 Y110.404
;TYPE:SKIN
G1 F1800 X111.03 Y110.435 E23.34005
G0 F7200 X110.875 Y110.434
G1 F1500 E16.84005
G0 F7200 X110.936 Y110.434
G0 X111.264 Y113.13
G1 F1500 E23.34005
G0 F7200 X110.962 Y113.235
;TYPE:WALL-OUTER
G1 F1800 X111.275 Y113.114 E23.34425
G1 X111.276 Y113.579 E23.35009
G1 X111.22 Y113.606 E23.35086
G1 X110.836 Y113.754 E23.35603
G1 X110.836 Y113.268 E23.36212
G1 X110.962 Y113.235 E23.36375
G0 F7200 X111.148 Y113.163
G0 X110.875 Y113.537
G1 F1500 E16.86375
G0 F7200 X110.936 Y113.537
G0 X111.264 Y116.13
G1 F1500 E23.36375
G0 F7200 X110.962 Y116.235
G1 F1800 X111.275 Y116.114 E23.36796
G1 X111.276 Y116.579 E23.37379
G1 X111.22 Y116.606 E23.37457
G1 X110.836 Y116.754 E23.37973
G1 X110.836 Y116.268 E23.38583
G1 X110.962 Y116.235 E23.38746
G0 F7200 X111.148 Y116.163
G0 X110.875 Y116.537
G0 X110.936 Y116.537
G0 X111.264 Y119.13
G0 X110.962 Y119.235
G1 F1800 X111.275 Y119.114 E23.39167
G1 X111.276 Y119.579 E23.3975
G1 X111.22 Y119.606 E23.39828
G1 X110.836 Y119.754 E23.40344
G1 X110.836 Y119.268 E23.40954
G1 X110.962 Y119.235 E23.41117
G0 F7200 X111.148 Y119.163
G0 X110.875 Y119.537
G0 X110.936 Y119.537
G0 X112.14 Y119.341
G0 X115.86 Y119.332
G0 X117.008 Y119.33
G0 X117.038 Y119.235
G1 F1800 X117.164 Y119.268 E23.4128
G1 X117.164 Y119.754 E23.4189
G1 X116.775 Y119.604 E23.42172
G1 X116.725 Y119.58 E23.42242
G1 X116.724 Y119.114 E23.42826
G1 X117.038 Y119.235 E23.42993
G0 F7200 X117.164 Y119.268
G0 X117.164 Y119.338
G0 X117.125 Y119.339
G0 X117.062 Y119.344
G0 X118.856 Y119.33
G0 X118.962 Y119.235
G1 F1800 X119.275 Y119.114 E23.43414
G1 X119.276 Y119.579 E23.43997
G1 X119.22 Y119.606 E23.44075
G1 X118.836 Y119.754 E23.44591
G1 X118.836 Y119.268 E23.45201
G1 X118.962 Y119.235 E23.45364
G0 F7200 X119.148 Y119.163
G0 X118.875 Y119.537
G0 X118.936 Y119.537
G0 X118.847 Y116.738
G0 X118.962 Y116.235
G1 F1800 X119.275 Y116.114 E23.45785
G1 X119.275 Y116.58 E23.46369
G1 X119.225 Y116.604 E23.46439
G1 X118.836 Y116.754 E23.46962
G1 X118.836 Y116.268 E23.47571
G1 X118.962 Y116.235 E23.47735
G0 F7200 X119.148 Y116.163
G0 X118.875 Y116.537
G0 X118.936 Y116.537
G0 X117.144 Y116.33
G0 X117.038 Y116.235
G1 F1800 X117.164 Y116.268 E23.47898
G1 X117.164 Y116.754 E23.48507
G1 X116.775 Y116.604 E23.4879
G1 X116.725 Y116.58 E23.48859
G1 X116.724 Y116.114 E23.49444
G1 X117.038 Y116.235 E23.49611
G0 F7200 X117.164 Y116.268
G0 X117.164 Y116.338
G0 X117.125 Y116.339
G0 X117.062 Y116.344
G0 X117.153 Y113.738
G0 X117.038 Y113.235
G1 F1800 X117.164 Y113.268 E23.49774
G1 X117.164 Y113.754 E23.50384
G1 X116.775 Y113.604 E23.50666
G1 X116.725 Y113.58 E23.50736
G1 X116.724 Y113.114 E23.5132
G1 X117.038 Y113.235 E23.51487
G0 F7200 X117.164 Y113.268
G0 X117.164 Y113.338
G0 X117.125 Y113.339
G0 X117.062 Y113.344
G0 X118.856 Y113.33
G0 X118.962 Y113.235
G1 F1800 X119.275 Y113.114 E23.51908
G1 X119.275 Y113.58 E23.52493
G1 X119.225 Y113.604 E23.52562
G1 X118.836 Y113.754 E23.53085
G1 X118.836 Y113.268 E23.53695
G1 X118.962 Y113.235 E23.53858
G0 F7200 X119.148 Y113.163
G0 X119.079 Y113.417
;TYPE:SKIN
G1 F1800 X119.03 Y113.466 E23.53901
G0 F7200 X118.875 Y113.466
G0 X118.936 Y113.466
G0 X118.847 Y110.738
G0 X118.962 Y110.235
;TYPE:WALL-OUTER
G1 F1800 X119.275 Y110.114 E23.54322
G1 X119.275 Y110.58 E23.54907
G1 X119.225 Y110.604 E23.54976
G1 X118.836 Y110.754 E23.55499
G1 X118.836 Y110.268 E23.56108
G1 X118.962 Y110.235 E23.56272
G0 F7200 X119.148 Y110.163
G0 X118.875 Y110.537
G0 X118.936 Y110.537
G0 X117.144 Y110.33
G0 X117.038 Y110.235
G1 F1800 X117.164 Y110.268 E23.56435
G1 X117.164 Y110.754 E23.57045
G1 X116.775 Y110.604 E23.57327
G1 X116.725 Y110.58 E23.57396
G1 X116.724 Y110.114 E23.57981
G1 X117.038 Y110.235 E23.58148
G0 F7200 X117.164 Y110.268
G0 X117.164 Y110.338
G0 X117.125 Y110.339
G0 X117.062 Y110.344
G0 X123.86 Y110.315
G0 X125.008 Y110.33
G0 X125.038 Y110.235
G1 F1800 X125.164 Y110.268 E23.58311
G1 X125.164 Y110.754 E23.58921
G1 X124.775 Y110.604 E23.59203
G1 X124.725 Y110.58 E23.59273
G1 X124.724 Y110.114 E23.59857
G1 X125.038 Y110.235 E23.60025
G0 F7200 X125.164 Y110.268
G0 X125.164 Y110.338
G0 X125.125 Y110.339
G0 X125.062 Y110.344
G0 X126.856 Y110.33
G0 X126.962 Y110.235
G1 F1800 X127.275 Y110.114 E23.60445
G1 X127.276 Y110.579 E23.61029
G1 X127.22 Y110.606 E23.61107
G1 X126.836 Y110.754 E23.61623
G1 X126.836 Y110.268 E23.62232
G1 X126.962 Y110.235 E23.62395
G0 F7200 X127.148 Y110.163
G0 X126.875 Y110.537
G0 X126.936 Y110.537
G0 X127.264 Y113.13
G0 X126.962 Y113.235
G1 F1800 X127.275 Y113.114 E23.62816
G1 X127.276 Y113.579 E23.63399
G1 X127.22 Y113.606 E23.63477
G1 X126.836 Y113.754 E23.63993
G1 X126.836 Y113.268 E23.64603
G1 X126.962 Y113.235 E23.64766
G0 F7200 X127.148 Y113.163
G0 X126.875 Y113.537
G0 X126.936 Y113.537
G0 X125.144 Y113.33
G0 X125.038 Y113.235
G1 F1800 X125.164 Y113.268 E23.6493
G1 X125.164 Y113.754 E23.65539
G1 X124.775 Y113.604 E23.65821
G1 X124.725 Y113.58 E23.65891
G1 X124.724 Y113.114 E23.66475
G1 X125.038 Y113.235 E23.66643
G0 F7200 X125.164 Y113.268
G0 X125.164 Y113.338
G0 X125.125 Y113.339
G0 X125.062 Y113.344
G0 X124.735 Y116.13
G0 X125.038 Y116.235
G1 F1800 X125.164 Y116.268 E23.66806
G1 X125.164 Y116.754 E23.67415
G1 X124.775 Y116.604 E23.67698
G1 X124.725 Y116.58 E23.67767
G1 X124.724 Y116.114 E23.68352
G1 X125.038 Y116.235 E23.68519
G0 F7200 X125.164 Y116.268
G0 X125.164 Y116.338
G0 X125.125 Y116.339
G0 X125.062 Y116.344
G0 X126.856 Y116.33
G0 X126.962 Y116.235
G1 F1800 X127.275 Y116.114 E23.6894
G1 X127.276 Y116.579 E23.69523
G1 X127.22 Y116.606 E23.69601
G1 X126.836 Y116.754 E23.70117
G1 X126.836 Y116.268 E23.70727
G1 X126.962 Y116.235 E23.7089
G0 F7200 X127.148 Y116.163
G0 X126.875 Y116.537
G0 X126.936 Y116.537
G0 X127.264 Y119.13
G0 X126.962 Y119.235
G1 F1800 X127.275 Y119.114 E23.71311
G1 X127.276 Y119.579 E23.71894
G1 X127.22 Y119.606 E23.71972
G1 X126.836 Y119.754 E23.72488
G1 X126.836 Y119.268 E23.73097
G1 X126.962 Y119.235 E23.73261
G0 F7200 X127.148 Y119.163
G0 X126.875 Y119.537
G0 X126.936 Y119.537
G0 X125.144 Y119.33
G0 X125.038 Y119.235
G1 F1800 X125.164 Y119.268 E23.73424
G1 X125.164 Y119.754 E23.74033
G1 X124.775 Y119.604 E23.74316
G1 X124.725 Y119.58 E23.74385
G1 X124.724 Y119.114 E23.7497
G1 X125.038 Y119.235 E23.75137
G0 F7200 X125.164 Y119.268
G0 X125.164 Y119.338
G0 X124.962 Y119.414
;TYPE:SKIN
G1 F1800 X124.923 Y119.452 E23.75171
G0 F7200 X124.867 Y119.597
G0 X124.889 Y119.541
G0 X126.029 Y119.33
G0 X131.86 Y119.315
G0 X133.008 Y119.33
G0 X133.038 Y119.235
;TYPE:WALL-OUTER
G1 F1800 X133.164 Y119.268 E23.75335
G1 X133.164 Y119.754 E23.75944
G1 X132.775 Y119.604 E23.76226
G1 X132.725 Y119.58 E23.76296
G1 X132.724 Y119.114 E23.7688
G1 X133.038 Y119.235 E23.77048
G0 F7200 X133.164 Y119.268
G0 X133.164 Y119.338
G0 X133.125 Y119.339
G0 X133.062 Y119.344
G0 X133.153 Y116.738
G0 X133.038 Y116.235
G1 F1800 X133.164 Y116.268 E23.77211
G1 X133.164 Y116.754 E23.77821
G1 X132.775 Y116.604 E23.78103
G1 X132.725 Y116.58 E23.78172
G1 X132.724 Y116.114 E23.78757
G1 X133.038 Y116.235 E23.78924
G0 F7200 X133.164 Y116.268
G0 X133.164 Y116.338
G0 X133.125 Y116.339
G0 X133.062 Y116.344
G0 X133.153 Y113.738
G0 X133.038 Y113.235
G1 F1800 X133.164 Y113.268 E23.79088
G1 X133.164 Y113.754 E23.79697
G1 X132.775 Y113.604 E23.79979
G1 X132.725 Y113.58 E23.80049
G1 X132.724 Y113.114 E23.80633
G1 X133.038 Y113.235 E23.80801
G0 F7200 X133.164 Y113.268
G0 X133.164 Y113.338
G0 X133.125 Y113.339
G0 X133.062 Y113.344
G0 X133.153 Y110.738
G0 X133.038 Y110.235
G1 F1800 X133.164 Y110.268 E23.80964
G1 X133.164 Y110.754 E23.81573
G1 X132.775 Y110.604 E23.81856
G1 X132.725 Y110.58 E23.81925
G1 X132.724 Y110.114 E23.8251
G1 X133.038 Y110.235 E23.82677
G0 F7200 X133.164 Y110.268
G0 X133.164 Y110.338
G0 X133.125 Y110.339
;MESH:NONMESH
G0 F600 X133.125 Y110.339 Z1.8
G0 F7200 X133.062 Y110.344
G0 X131.86 Y110.131
G0 X128.12 Y108.774
G0 X115.877 Y108.769
G0 X112.14 Y110.129
G0 X111.38 Y110.074
;TIME_ELAPSED:131.508135
;LAYER:8
;TYPE:WALL-OUTER
;MESH:output\A_fina_suporte.stl
G1 F1800 X111.485 Y110.023 E23.82823
G1 X111.486 Y110.477 E23.83393
G1 X111.22 Y110.606 E23.83764
G1 X111.046 Y110.673 E23.83997
G1 X111.046 Y110.202 E23.84588
G1 X111.38 Y110.074 E23.85037
G0 F7200 X111.485 Y110.023
G0 X111.485 Y110.107
G0 X111.255 Y110.551
G0 X111.227 Y110.491
G0 X111.475 Y113.04
G0 X111.38 Y113.074
G1 F1800 X111.485 Y113.023 E23.85183
G1 X111.486 Y113.477 E23.85752
G1 X111.22 Y113.606 E23.86123
G1 X111.046 Y113.673 E23.86357
G1 X111.046 Y113.202 E23.86947
G1 X111.38 Y113.074 E23.87396
G0 F7200 X111.485 Y113.023
G0 X111.485 Y113.107
G0 X111.255 Y113.551
G0 X111.227 Y113.491
G0 X111.475 Y116.04
G0 X111.38 Y116.074
G1 F1800 X111.485 Y116.023 E23.87542
G1 X111.486 Y116.477 E23.88112
G1 X111.22 Y116.606 E23.88482
G1 X111.046 Y116.673 E23.88716
G1 X111.046 Y116.202 E23.89307
G1 X111.38 Y116.074 E23.89755
G0 F7200 X111.485 Y116.023
G0 X111.485 Y116.107
G0 X111.255 Y116.551
G0 X111.227 Y116.491
G0 X111.475 Y119.04
G0 X111.38 Y119.074
G1 F1800 X111.485 Y119.023 E23.89902
G1 X111.486 Y119.477 E23.90471
G1 X111.22 Y119.606 E23.90842
G1 X111.046 Y119.673 E23.91076
G1 X111.046 Y119.202 E23.91666
G1 X111.38 Y119.074 E23.92115
G0 F7200 X111.485 Y119.023
G0 X111.485 Y119.107
G0 X111.255 Y119.551
G0 X111.227 Y119.491
G0 X112.35 Y119.176
G0 X115.65 Y119.168
G0 X116.62 Y119.074
G1 F1800 X116.954 Y119.202 E23.92564
G1 X116.954 Y119.673 E23.93154
G1 X116.775 Y119.604 E23.93395
G1 X116.515 Y119.478 E23.93757
G1 X116.514 Y119.022 E23.94329
G1 X116.62 Y119.074 E23.94477
G0 F7200 X116.807 Y119.145
G0 X116.826 Y119.183
G0 X116.801 Y119.249
G0 X119.062 Y119.213
G0 X119.38 Y119.074
G1 F1800 X119.485 Y119.023 E23.94623
G1 X119.486 Y119.477 E23.95193
G1 X119.22 Y119.606 E23.95563
G1 X119.046 Y119.673 E23.95797
G1 X119.046 Y119.202 E23.96388
G1 X119.38 Y119.074 E23.96836
G0 F7200 X119.485 Y119.023
G0 X119.485 Y119.107
G0 X119.255 Y119.551
G0 X119.227 Y119.491
G0 X119.057 Y116.657
G0 X119.38 Y116.074
G1 F1800 X119.485 Y116.023 E23.96983
G1 X119.485 Y116.478 E23.97553
G1 X119.225 Y116.604 E23.97916
G1 X119.046 Y116.673 E23.98156
G1 X119.046 Y116.202 E23.98747
G1 X119.38 Y116.074 E23.99195
G0 F7200 X119.485 Y116.023
G0 X119.485 Y116.107
G0 X119.254 Y116.551
G0 X119.228 Y116.491
G0 X116.934 Y116.213
G0 X116.62 Y116.074
G1 F1800 X116.954 Y116.202 E23.99644
G1 X116.954 Y116.673 E24.00235
G1 X116.775 Y116.604 E24.00475
G1 X116.515 Y116.478 E24.00838
G1 X116.514 Y116.023 E24.01408
G1 X116.62 Y116.074 E24.01556
G0 F7200 X116.807 Y116.145
G0 X116.826 Y116.183
G0 X116.801 Y116.249
G0 X116.943 Y113.657
G0 X116.62 Y113.074
G1 F1800 X116.954 Y113.202 E24.02004
G1 X116.954 Y113.673 E24.02595
G1 X116.775 Y113.604 E24.02835
G1 X116.515 Y113.478 E24.03198
G1 X116.514 Y113.023 E24.03768
G1 X116.62 Y113.074 E24.03916
G0 F7200 X116.807 Y113.145
G0 X116.826 Y113.183
G0 X116.801 Y113.249
G0 X119.066 Y113.213
G0 X119.38 Y113.074
G1 F1800 X119.485 Y113.023 E24.04062
G1 X119.485 Y113.478 E24.04633
G1 X119.225 Y113.604 E24.04995
G1 X119.046 Y113.673 E24.05236
G1 X119.046 Y113.202 E24.05826
G1 X119.38 Y113.074 E24.06275
G0 F7200 X119.485 Y113.023
G0 X119.485 Y113.107
G0 X119.254 Y113.551
G0 X119.228 Y113.491
G0 X119.057 Y110.657
G0 X119.38 Y110.074
G1 F1800 X119.485 Y110.023 E24.06421
G1 X119.485 Y110.478 E24.06992
G1 X119.225 Y110.604 E24.07354
G1 X119.046 Y110.673 E24.07595
G1 X119.046 Y110.202 E24.08185
G1 X119.38 Y110.074 E24.08634
G0 F7200 X119.485 Y110.023
G0 X119.485 Y110.107
G0 X119.254 Y110.551
G0 X119.228 Y110.491
G0 X116.934 Y110.213
G0 X116.62 Y110.074
G1 F1800 X116.954 Y110.202 E24.09083
G1 X116.954 Y110.673 E24.09673
G1 X116.775 Y110.604 E24.09914
G1 X116.515 Y110.478 E24.10276
G1 X116.514 Y110.023 E24.10847
G1 X116.62 Y110.074 E24.10994
G0 F7200 X116.807 Y110.145
G0 X116.826 Y110.183
G0 X116.801 Y110.249
G0 X117.819 Y110.213
G0 X120.331 Y108.672
G0 X123.65 Y110.198
G0 X124.62 Y110.074
G1 F1800 X124.954 Y110.202 E24.11443
G1 X124.954 Y110.673 E24.12033
G1 X124.775 Y110.604 E24.12274
G1 X124.515 Y110.478 E24.12636
G1 X124.514 Y110.023 E24.13207
G1 X124.62 Y110.074 E24.13354
G0 F7200 X124.807 Y110.145
G0 X124.826 Y110.183
G0 X124.801 Y110.249
G0 X127.066 Y110.213
G0 X127.38 Y110.074
G1 F1800 X127.485 Y110.023 E24.13501
G1 X127.486 Y110.477 E24.1407
G1 X127.22 Y110.606 E24.14441
G1 X127.046 Y110.673 E24.14675
G1 X127.046 Y110.202 E24.15265
G1 X127.38 Y110.074 E24.15714
G0 F7200 X127.485 Y110.023
G0 X127.485 Y110.107
G0 X127.255 Y110.551
G0 X127.227 Y110.491
G0 X127.475 Y113.04
G0 X127.38 Y113.074
G1 F1800 X127.485 Y113.023 E24.1586
G1 X127.486 Y113.477 E24.1643
G1 X127.22 Y113.606 E24.168
G1 X127.046 Y113.673 E24.17034
G1 X127.046 Y113.202 E24.17625
G1 X127.38 Y113.074 E24.18073
G0 F7200 X127.485 Y113.023
G0 X127.485 Y113.107
G0 X127.255 Y113.551
G0 X127.227 Y113.491
G0 X124.934 Y113.213
G0 X124.62 Y113.074
G1 F1800 X124.954 Y113.202 E24.18522
G1 X124.954 Y113.673 E24.19113
G1 X124.775 Y113.604 E24.19353
G1 X124.515 Y113.478 E24.19715
G1 X124.514 Y113.023 E24.20286
G1 X124.62 Y113.074 E24.20434
G0 F7200 X124.807 Y113.145
G0 X124.826 Y113.183
G0 X124.801 Y113.249
G0 X124.524 Y116.039
G0 X124.62 Y116.074
G1 F1800 X124.954 Y116.202 E24.20882
G1 X124.954 Y116.673 E24.21473
G1 X124.775 Y116.604 E24.21713
G1 X124.515 Y116.478 E24.22076
G1 X124.514 Y116.023 E24.22646
G1 X124.62 Y116.074 E24.22794
G0 F7200 X124.807 Y116.145
G0 X124.826 Y116.183
G0 X124.801 Y116.249
G0 X127.066 Y116.213
G0 X127.38 Y116.074
G1 F1800 X127.485 Y116.023 E24.2294
G1 X127.486 Y116.477 E24.23509
G1 X127.22 Y116.606 E24.2388
G1 X127.046 Y116.673 E24.24114
G1 X127.046 Y116.202 E24.24705
G1 X127.38 Y116.074 E24.25153
G0 F7200 X127.485 Y116.023
G0 X127.485 Y116.107
G0 X127.255 Y116.551
G0 X127.227 Y116.491
G0 X127.475 Y119.04
G0 X127.38 Y119.074
G1 F1800 X127.485 Y119.023 E24.253
G1 X127.486 Y119.477 E24.25869
G1 X127.22 Y119.606 E24.2624
G1 X127.046 Y119.673 E24.26474
G1 X127.046 Y119.202 E24.27064
G1 X127.38 Y119.074 E24.27513
G0 F7200 X127.485 Y119.023
G0 X127.485 Y119.107
G0 X127.255 Y119.551
G0 X127.227 Y119.491
G0 X124.938 Y119.213
G0 X124.62 Y119.074
G1 F1800 X124.954 Y119.202 E24.27961
G1 X124.954 Y119.673 E24.28552
G1 X124.775 Y119.604 E24.28792
G1 X124.515 Y119.478 E24.29155
G1 X124.514 Y119.022 E24.29727
G1 X124.62 Y119.074 E24.29875
G0 F7200 X124.807 Y119.145
G0 X124.826 Y119.183
G0 X124.801 Y119.249
G0 X125.819 Y119.213
G0 X128.33 Y117.672
G0 X131.65 Y119.199
G0 X132.62 Y119.074
G1 F1800 X132.954 Y119.202 E24.30323
G1 X132.954 Y119.673 E24.30914
G1 X132.775 Y119.604 E24.31154
G1 X132.515 Y119.478 E24.31517
G1 X132.514 Y119.022 E24.32089
G1 X132.62 Y119.074 E24.32237
G0 F7200 X132.807 Y119.145
G0 X132.826 Y119.183
G0 X132.801 Y119.249
G0 X132.943 Y116.657
G0 X132.62 Y116.074
G1 F1800 X132.954 Y116.202 E24.32685
G1 X132.954 Y116.673 E24.33276
G1 X132.775 Y116.604 E24.33516
G1 X132.515 Y116.478 E24.33879
G1 X132.514 Y116.023 E24.34449
G1 X132.62 Y116.074 E24.34597
G0 F7200 X132.807 Y116.145
G0 X132.826 Y116.183
G0 X132.801 Y116.249
G0 X132.943 Y113.657
G0 X132.62 Y113.074
G1 F1800 X132.954 Y113.202 E24.35045
G1 X132.954 Y113.673 E24.35636
G1 X132.775 Y113.604 E24.35877
G1 X132.515 Y113.478 E24.36239
G1 X132.514 Y113.023 E24.3681
G1 X132.62 Y113.074 E24.36957
G0 F7200 X132.807 Y113.145
G0 X132.826 Y113.183
G0 X132.801 Y113.249
G0 X132.943 Y110.657
G0 X132.62 Y110.074
G1 F1800 X132.954 Y110.202 E24.37406
G1 X132.954 Y110.673 E24.37996
G1 X132.775 Y110.604 E24.38237
G1 X132.515 Y110.478 E24.38599
G1 X132.514 Y110.023 E24.3917
G1 X132.62 Y110.074 E24.39317
G0 F7200 X132.807 Y110.145
G0 X132.826 Y110.183
;MESH:NONMESH
G0 F600 X132.826 Y110.183 Z2
G0 F7200 X132.801 Y110.249
G0 X131.65 Y110.04
G0 X128.33 Y108.672
G0 X115.667 Y108.669
G0 X112.35 Y110.039
G0 X111.379 Y110.074
;TIME_ELAPSED:135.405879
;LAYER:9
;TYPE:WALL-OUTER
;MESH:output\A_fina_suporte.stl
G1 F1800 X111.695 Y109.92 E24.39758
G1 X111.696 Y110.375 E24.40329
G1 X111.256 Y110.589 E24.40942
G1 X111.256 Y110.121 E24.41529
G1 X111.379 Y110.074 E24.41694
G0 F7200 X111.559 Y109.987
G0 X111.295 Y110.347
G0 X111.356 Y110.347
G0 X111.685 Y112.936
G0 X111.379 Y113.074
G1 F1800 X111.695 Y112.92 E24.42135
G1 X111.696 Y113.375 E24.42706
G1 X111.256 Y113.589 E24.43319
G1 X111.256 Y113.121 E24.43906
G1 X111.379 Y113.074 E24.44071
G0 F7200 X111.559 Y112.987
G0 X111.295 Y113.347
G0 X111.356 Y113.347
G0 X111.685 Y115.936
G0 X111.379 Y116.074
G1 F1800 X111.695 Y115.92 E24.44512
G1 X111.696 Y116.375 E24.45083
G1 X111.256 Y116.589 E24.45696
G1 X111.256 Y116.121 E24.46283
G1 X111.379 Y116.074 E24.46448
G0 F7200 X111.559 Y115.987
G0 X111.295 Y116.347
G0 X111.356 Y116.347
G0 X111.685 Y118.936
G0 X111.379 Y119.074
G1 F1800 X111.695 Y118.92 E24.46889
G1 X111.696 Y119.375 E24.4746
G1 X111.256 Y119.589 E24.48073
G1 X111.256 Y119.121 E24.4866
G1 X111.379 Y119.074 E24.48825
G0 F7200 X111.559 Y118.987
G0 X111.295 Y119.347
G0 X111.356 Y119.347
G0 X112.56 Y119.174
G0 X115.44 Y119.167
G0 X116.582 Y119.165
G0 X116.621 Y119.074
G1 F1800 X116.744 Y119.121 E24.4899
G1 X116.744 Y119.589 E24.49577
G1 X116.305 Y119.376 E24.49935
G1 X116.304 Y118.92 E24.50487
G1 X116.621 Y119.074 E24.50668
G0 F7200 X116.744 Y119.121
G0 X116.744 Y119.19
G0 X116.705 Y119.191
G0 X116.644 Y119.191
G0 X119.276 Y119.165
G0 X119.379 Y119.074
G1 F1800 X119.695 Y118.92 E24.51109
G1 X119.696 Y119.375 E24.5168
G1 X119.256 Y119.589 E24.52293
G1 X119.256 Y119.121 E24.5288
G1 X119.379 Y119.074 E24.53045
G0 F7200 X119.559 Y118.987
G0 X119.295 Y119.347
G0 X119.356 Y119.347
G0 X119.266 Y116.573
G0 X119.379 Y116.074
G1 F1800 X119.695 Y115.92 E24.53486
G1 X119.695 Y116.376 E24.54058
G1 X119.256 Y116.589 E24.5467
G1 X119.256 Y116.121 E24.55257
G1 X119.379 Y116.074 E24.55422
G0 F7200 X119.559 Y115.987
G0 X119.295 Y116.347
G0 X119.356 Y116.347
G0 X116.724 Y116.165
G0 X116.62 Y116.074
G1 F1800 X116.744 Y116.121 E24.55588
G1 X116.744 Y116.589 E24.56175
G1 X116.305 Y116.376 E24.56532
G1 X116.304 Y115.92 E24.57084
G1 X116.62 Y116.074 E24.57264
G0 F7200 X116.744 Y116.121
G0 X116.744 Y116.189
G0 X116.705 Y116.19
G0 X116.644 Y116.19
G0 X116.734 Y113.573
G0 X116.62 Y113.074
G1 F1800 X116.744 Y113.121 E24.5743
G1 X116.744 Y113.589 E24.58017
G1 X116.305 Y113.376 E24.58374
G1 X116.304 Y112.92 E24.58926
G1 X116.62 Y113.074 E24.59106
G0 F7200 X116.744 Y113.121
G0 X116.744 Y113.189
G0 X116.705 Y113.19
G0 X116.644 Y113.19
G0 X119.276 Y113.165
G0 X119.379 Y113.074
G1 F1800 X119.695 Y112.92 E24.59546
G1 X119.695 Y113.376 E24.60118
G1 X119.256 Y113.589 E24.6073
G1 X119.256 Y113.121 E24.61317
G1 X119.379 Y113.074 E24.61482
G0 F7200 X119.559 Y112.987
G0 X119.295 Y113.347
G0 X119.356 Y113.347
G0 X119.266 Y110.573
G0 X119.379 Y110.074
G1 F1800 X119.695 Y109.92 E24.61923
G1 X119.695 Y110.376 E24.62495
G1 X119.256 Y110.589 E24.63107
G1 X119.256 Y110.121 E24.63694
G1 X119.379 Y110.074 E24.63859
G0 F7200 X119.559 Y109.987
G0 X119.295 Y110.347
G0 X119.356 Y110.347
G0 X116.724 Y110.165
G0 X116.62 Y110.074
G1 F1800 X116.744 Y110.121 E24.64025
G1 X116.744 Y110.589 E24.64612
G1 X116.305 Y110.376 E24.64969
G1 X116.304 Y109.92 E24.65521
G1 X116.62 Y110.074 E24.65701
G0 F7200 X116.744 Y110.121
G0 X116.744 Y110.189
G0 X116.705 Y110.19
G0 X116.644 Y110.19
G0 X118.399 Y109.53
G0 X120.541 Y108.57
G0 X123.44 Y110.15
G0 X124.581 Y110.165
G0 X124.62 Y110.074
G1 F1800 X124.744 Y110.121 E24.65867
G1 X124.744 Y110.589 E24.66454
G1 X124.305 Y110.376 E24.66811
G1 X124.304 Y109.92 E24.67363
G1 X124.62 Y110.074 E24.67543
G0 F7200 X124.744 Y110.121
G0 X124.744 Y110.189
G0 X124.705 Y110.19
G0 X124.644 Y110.19
G0 X127.276 Y110.165
G0 X127.379 Y110.074
G1 F1800 X127.695 Y109.92 E24.67983
G1 X127.696 Y110.375 E24.68554
G1 X127.256 Y110.589 E24.69168
G1 X127.256 Y110.121 E24.69754
G1 X127.379 Y110.074 E24.6992
G0 F7200 X127.559 Y109.987
G0 X127.295 Y110.347
G0 X127.356 Y110.347
G0 X127.685 Y112.936
G0 X127.379 Y113.074
G1 F1800 X127.695 Y112.92 E24.7036
G1 X127.696 Y113.375 E24.70931
G1 X127.256 Y113.589 E24.71545
G1 X127.256 Y113.121 E24.72131
G1 X127.379 Y113.074 E24.72297
G0 F7200 X127.559 Y112.987
G0 X127.295 Y113.347
G0 X127.356 Y113.347
G0 X124.724 Y113.165
G0 X124.62 Y113.074
G1 F1800 X124.744 Y113.121 E24.72463
G1 X124.744 Y113.589 E24.7305
G1 X124.305 Y113.376 E24.73407
G1 X124.304 Y112.92 E24.73959
G1 X124.62 Y113.074 E24.74138
G0 F7200 X124.744 Y113.121
G0 X124.744 Y113.189
G0 X124.705 Y113.19
G0 X124.644 Y113.19
G0 X124.314 Y115.936
G0 X124.62 Y116.074
G1 F1800 X124.744 Y116.121 E24.74305
G1 X124.744 Y116.589 E24.74892
G1 X124.305 Y116.376 E24.75249
G1 X124.304 Y115.92 E24.75801
G1 X124.62 Y116.074 E24.7598
G0 F7200 X124.744 Y116.121
G0 X124.744 Y116.189
G0 X124.705 Y116.19
G0 X124.644 Y116.19
G0 X127.276 Y116.165
G0 X127.379 Y116.074
G1 F1800 X127.695 Y115.92 E24.76421
G1 X127.696 Y116.375 E24.76992
G1 X127.256 Y116.589 E24.77605
G1 X127.256 Y116.121 E24.78192
G1 X127.379 Y116.074 E24.78357
G0 F7200 X127.559 Y115.987
G0 X127.295 Y116.347
G0 X127.356 Y116.347
G0 X127.685 Y118.936
G0 X127.379 Y119.074
G1 F1800 X127.695 Y118.92 E24.78798
G1 X127.696 Y119.375 E24.79369
G1 X127.256 Y119.589 E24.79982
G1 X127.256 Y119.121 E24.80569
G1 X127.379 Y119.074 E24.80734
G0 F7200 X127.559 Y118.987
G0 X127.295 Y119.347
G0 X127.356 Y119.347
G0 X124.724 Y119.165
G0 X124.621 Y119.074
G1 F1800 X124.744 Y119.121 E24.80899
G1 X124.744 Y119.589 E24.81486
G1 X124.305 Y119.376 E24.81844
G1 X124.304 Y118.92 E24.82396
G1 X124.621 Y119.074 E24.82577
G0 F7200 X124.744 Y119.121
G0 X124.744 Y119.19
G0 X124.705 Y119.191
G0 X124.644 Y119.191
G0 X126.399 Y118.53
G0 X128.54 Y117.57
G0 X131.44 Y119.151
G0 X132.582 Y119.165
G0 X132.621 Y119.074
G1 F1800 X132.744 Y119.121 E24.82742
G1 X132.744 Y119.589 E24.83329
G1 X132.305 Y119.376 E24.83687
G1 X132.304 Y118.92 E24.84239
G1 X132.621 Y119.074 E24.8442
G0 F7200 X132.744 Y119.121
G0 X132.744 Y119.19
G0 X132.705 Y119.191
G0 X132.644 Y119.191
G0 X132.734 Y116.573
G0 X132.62 Y116.074
G1 F1800 X132.744 Y116.121 E24.84586
G1 X132.744 Y116.589 E24.85173
G1 X132.305 Y116.376 E24.85531
G1 X132.304 Y115.92 E24.86083
G1 X132.62 Y116.074 E24.86262
G0 F7200 X132.744 Y116.121
G0 X132.744 Y116.189
G0 X132.705 Y116.19
G0 X132.644 Y116.19
G0 X132.734 Y113.573
G0 X132.62 Y113.074
G1 F1800 X132.744 Y113.121 E24.86428
G1 X132.744 Y113.589 E24.87015
G1 X132.305 Y113.376 E24.87373
G1 X132.304 Y112.92 E24.87925
G1 X132.62 Y113.074 E24.88104
G0 F7200 X132.744 Y113.121
G0 X132.744 Y113.189
G0 X132.705 Y113.19
G0 X132.644 Y113.19
G0 X132.734 Y110.573
G0 X132.62 Y110.074
G1 F1800 X132.744 Y110.121 E24.8827
G1 X132.744 Y110.589 E24.88857
G1 X132.305 Y110.376 E24.89214
G1 X132.304 Y109.92 E24.89766
G1 X132.62 Y110.074 E24.89946
G0 F7200 X132.744 Y110.121
G0 X132.744 Y110.189
G0 X132.705 Y110.19
;MESH:NONMESH
G0 F600 X132.705 Y110.19 Z2.2
G0 F7200 X132.644 Y110.19
G0 X131.44 Y110.229
G0 X126.409 Y111.822
G0 X120.553 Y110.913
G0 X119.563 Y111.4
G0 X118.409 Y111.822
G0 X112.56 Y110.364
G0 X111.906 Y110.273
;TIME_ELAPSED:139.381229
;LAYER:10
;TYPE:WALL-OUTER
;MESH:output\A_fina_suporte.stl
G1 F1800 X111.466 Y110.487 E24.90559
G1 X111.466 Y110.032 E24.9113
G1 X111.905 Y109.818 E24.91742
G1 X111.906 Y110.273 E24.92313
G0 F7200 X111.727 Y110.36
G0 X111.723 Y110.351
G0 X111.686 Y110.27
G0 X111.895 Y112.834
G0 X111.906 Y113.273
G1 F1800 X111.466 Y113.487 E24.92927
G1 X111.466 Y113.032 E24.93497
G1 X111.905 Y112.818 E24.9411
G1 X111.906 Y113.273 E24.9468
G0 F7200 X111.727 Y113.36
G0 X111.723 Y113.351
G0 X111.686 Y113.27
G0 X111.895 Y115.834
G0 X111.906 Y116.273
G1 F1800 X111.466 Y116.487 E24.95294
G1 X111.466 Y116.032 E24.95864
G1 X111.905 Y115.818 E24.96477
G1 X111.906 Y116.273 E24.97047
G0 F7200 X111.727 Y116.36
G0 X111.723 Y116.351
G0 X111.686 Y116.27
G0 X111.895 Y118.834
G0 X111.906 Y119.273
G1 F1800 X111.466 Y119.487 E24.97661
G1 X111.466 Y119.032 E24.98231
G1 X111.905 Y118.818 E24.98844
G1 X111.906 Y119.273 E24.99415
G0 F7200 X111.727 Y119.36
G0 X111.723 Y119.351
G0 X111.686 Y119.27
G0 X112.77 Y119.092
G0 X115.23 Y119.087
G0 X116.434 Y119.084
G0 X116.534 Y119.031
G1 F1800 X116.534 Y119.487 E24.99986
G1 X116.095 Y119.274 E25.00598
G1 X116.094 Y118.818 E25.0117
G1 X116.534 Y119.031 E25.01783
G0 F7200 X116.534 Y119.231
G0 X116.495 Y119.232
G0 X116.434 Y119.232
G0 X116.524 Y116.471
G0 X116.534 Y116.031
G1 F1800 X116.534 Y116.487 E25.02355
G1 X116.095 Y116.274 E25.02967
G1 X116.094 Y115.817 E25.0354
G1 X116.534 Y116.031 E25.04154
G0 F7200 X116.534 Y116.231
G0 X116.495 Y116.232
G0 X116.434 Y116.232
G0 X116.524 Y113.471
G0 X116.534 Y113.032
G1 F1800 X116.534 Y113.487 E25.04724
G1 X116.095 Y113.274 E25.05336
G1 X116.094 Y112.818 E25.05908
G1 X116.534 Y113.032 E25.06521
G0 F7200 X116.534 Y113.232
G0 X116.495 Y113.233
G0 X116.434 Y113.233
G0 X116.524 Y110.471
G0 X116.534 Y110.032
G1 F1800 X116.534 Y110.487 E25.07092
G1 X116.095 Y110.274 E25.07704
G1 X116.094 Y109.818 E25.08276
G1 X116.534 Y110.032 E25.08889
G0 F7200 X116.534 Y110.232
G0 X116.495 Y110.233
G0 X116.434 Y110.233
G0 X118.601 Y110.206
G0 X119.815 Y110.206
G0 X119.905 Y110.274
G1 F1800 X119.466 Y110.487 E25.09501
G1 X119.466 Y110.032 E25.10072
G1 X119.905 Y109.819 E25.10684
G1 X119.905 Y110.274 E25.11254
G0 F7200 X119.725 Y110.361
G0 X119.721 Y110.353
G0 X119.684 Y110.27
G0 X119.895 Y112.835
G0 X119.905 Y113.274
G1 F1800 X119.466 Y113.487 E25.11866
G1 X119.466 Y113.032 E25.12437
G1 X119.905 Y112.819 E25.13049
G1 X119.905 Y113.274 E25.13619
G0 F7200 X119.725 Y113.361
G0 X119.721 Y113.353
G0 X119.684 Y113.27
G0 X119.895 Y115.835
G0 X119.905 Y116.274
G1 F1800 X119.466 Y116.487 E25.14231
G1 X119.466 Y116.032 E25.14802
G1 X119.905 Y115.819 E25.15414
G1 X119.905 Y116.274 E25.15984
G0 F7200 X119.725 Y116.361
G0 X119.721 Y116.353
G0 X119.684 Y116.27
G0 X119.895 Y118.834
G0 X119.906 Y119.273
G1 F1800 X119.466 Y119.487 E25.16598
G1 X119.466 Y119.032 E25.17168
G1 X119.905 Y118.818 E25.17781
G1 X119.906 Y119.273 E25.18351
G0 F7200 X119.727 Y119.36
G0 X119.723 Y119.351
G0 X119.686 Y119.27
G0 X120.77 Y119.092
G0 X123.23 Y119.087
G0 X124.434 Y119.084
G0 X124.534 Y119.031
G1 F1800 X124.534 Y119.487 E25.18923
G1 X124.095 Y119.274 E25.19535
G1 X124.094 Y118.818 E25.20107
G1 X124.534 Y119.031 E25.2072
G0 F7200 X124.534 Y119.231
G0 X124.495 Y119.232
G1 F1500 E18.7072
G0 F7200 X124.434 Y119.232
G0 X124.524 Y116.471
G1 F1500 E25.2072
G0 F7200 X124.534 Y116.031
G1 F1800 X124.534 Y116.487 E25.21292
G1 X124.095 Y116.274 E25.21904
G1 X124.094 Y115.817 E25.22477
G1 X124.534 Y116.031 E25.23091
G0 F7200 X124.534 Y116.231
G0 X124.495 Y116.232
G1 F1500 E18.73091
G0 F7200 X124.434 Y116.232
G0 X124.524 Y113.471
G1 F1500 E25.23091
G0 F7200 X124.534 Y113.032
G1 F1800 X124.534 Y113.487 E25.23661
G1 X124.095 Y113.274 E25.24273
G1 X124.094 Y112.818 E25.24845
G1 X124.534 Y113.032 E25.25458
G0 F7200 X124.534 Y113.232
G0 X124.495 Y113.233
G1 F1500 E18.75458
G0 F7200 X124.434 Y113.233
G0 X124.524 Y110.471
G1 F1500 E25.25458
G0 F7200 X124.534 Y110.032
G1 F1800 X124.534 Y110.487 E25.26029
G1 X124.095 Y110.274 E25.26641
G1 X124.094 Y109.818 E25.27213
G1 X124.534 Y110.032 E25.27826
G0 F7200 X124.534 Y110.232
G0 X124.495 Y110.233
G1 F1500 E18.77826
G0 F7200 X124.434 Y110.233
G0 X126.601 Y110.22
G0 X127.805 Y110.22
G1 F1500 E25.27826
G0 F7200 X127.906 Y110.273
G1 F1800 X127.466 Y110.487 E25.2844
G1 X127.466 Y110.032 E25.2901
G1 X127.905 Y109.818 E25.29623
G1 X127.906 Y110.273 E25.30194
G0 F7200 X127.727 Y110.36
G0 X127.723 Y110.351
G1 F1500 E18.80194
G0 F7200 X127.686 Y110.27
G0 X127.895 Y112.834
G1 F1500 E25.30194
G0 F7200 X127.906 Y113.273
G1 F1800 X127.466 Y113.487 E25.30807
G1 X127.466 Y113.032 E25.31378
G1 X127.905 Y112.818 E25.3199
G1 X127.906 Y113.273 E25.32561
G0 F7200 X127.727 Y113.36
G0 X127.723 Y113.351
G1 F1500 E18.82561
G0 F7200 X127.686 Y113.27
G0 X127.895 Y115.834
G1 F1500 E25.32561
G0 F7200 X127.906 Y116.273
G1 F1800 X127.466 Y116.487 E25.33174
G1 X127.466 Y116.032 E25.33745
G1 X127.905 Y115.818 E25.34357
G1 X127.906 Y116.273 E25.34928
G0 F7200 X127.727 Y116.36
G0 X127.723 Y116.351
G1 F1500 E18.84928
G0 F7200 X127.686 Y116.27
G0 X127.895 Y118.834
G1 F1500 E25.34928
G0 F7200 X127.906 Y119.273
G1 F1800 X127.466 Y119.487 E25.35542
G1 X127.466 Y119.032 E25.36112
G1 X127.905 Y118.818 E25.36725
G1 X127.906 Y119.273 E25.37295
G0 F7200 X127.727 Y119.36
G0 X127.723 Y119.351
G1 F1500 E18.87295
G0 F7200 X127.686 Y119.27
G0 X128.77 Y119.092
G0 X131.23 Y119.087
G0 X132.434 Y119.084
G1 F1500 E25.37295
G0 F7200 X132.534 Y119.031
G1 F1800 X132.534 Y119.487 E25.37867
G1 X132.095 Y119.274 E25.38479
G1 X132.094 Y118.818 E25.39051
G1 X132.534 Y119.031 E25.39664
G0 F7200 X132.534 Y119.231
G0 X132.495 Y119.232
G1 F1500 E18.89664
G0 F7200 X132.434 Y119.232
G0 X132.524 Y116.471
G1 F1500 E25.39664
G0 F7200 X132.534 Y116.031
G1 F1800 X132.534 Y116.487 E25.40236
G1 X132.095 Y116.274 E25.40847
G1 X132.094 Y115.817 E25.41421
G1 X132.534 Y116.031 E25.42034
G0 F7200 X132.534 Y116.231
G0 X132.495 Y116.232
G1 F1500 E18.92034
G0 F7200 X132.434 Y116.232
G0 X132.524 Y113.471
G1 F1500 E25.42034
G0 F7200 X132.534 Y113.032
G1 F1800 X132.534 Y113.487 E25.42605
G1 X132.095 Y113.274 E25.43217
G1 X132.094 Y112.818 E25.43788
G1 X132.534 Y113.032 E25.44402
G0 F7200 X132.534 Y113.232
G0 X132.495 Y113.233
G1 F1500 E18.94402
G0 F7200 X132.434 Y113.233
G0 X132.524 Y110.471
G1 F1500 E25.44402
G0 F7200 X132.534 Y110.032
G1 F1800 X132.534 Y110.487 E25.44973
G1 X132.095 Y110.274 E25.45585
G1 X132.094 Y109.818 E25.46156
G1 X132.534 Y110.032 E25.4677
G0 F7200 X132.534 Y110.232
G0 X132.495 Y110.233
G1 F1500 E18.9677
;MESH:NONMESH
G0 F600 X132.495 Y110.233 Z2.4
G0 F7200 X132.434 Y110.233
G0 X131.23 Y110.128
G0 X126.619 Y111.743
G0 X125.381 Y111.743
G0 X120.763 Y110.811
G0 X119.564 Y111.4
G0 X118.619 Y111.743
G0 X117.381 Y111.743
G0 X112.77 Y110.262
G1 F1500 E25.4677
G0 F7200 X112.116 Y110.171
;TIME_ELAPSED:149.438107
;LAYER:11
;TYPE:WALL-OUTER
;MESH:output\A_fina_suporte.stl
G1 F1800 X111.675 Y110.385 E25.47385
G1 X111.675 Y109.93 E25.47955
G1 X112.116 Y109.716 E25.4857
G1 X112.116 Y110.171 E25.49141
G0 F7200 X111.936 Y110.258
G0 X111.932 Y110.25
G1 F1500 E18.99141
G0 F7200 X111.895 Y110.167
G0 X112.106 Y112.731
G1 F1500 E25.49141
G0 F7200 X112.116 Y113.171
G1 F1800 X111.675 Y113.385 E25.49755
G1 X111.676 Y112.929 E25.50327
G1 X112.116 Y112.715 E25.50941
G1 X112.116 Y113.171 E25.51513
G0 F7200 X111.936 Y113.258
G0 X111.933 Y113.248
G1 F1500 E19.01513
G0 F7200 X111.895 Y113.167
G0 X112.106 Y115.731
G1 F1500 E25.51513
G0 F7200 X112.116 Y116.171
G1 F1800 X111.675 Y116.385 E25.52127
G1 X111.676 Y115.929 E25.52699
G1 X112.116 Y115.715 E25.53313
G1 X112.116 Y116.171 E25.53884
G0 F7200 X111.936 Y116.258
G0 X111.933 Y116.248
G1 F1500 E19.03884
G0 F7200 X111.895 Y116.167
G0 X112.106 Y118.732
G1 F1500 E25.53884
G0 F7200 X112.116 Y119.171
G1 F1800 X111.675 Y119.385 E25.54499
G1 X111.675 Y118.93 E25.5507
G1 X112.116 Y118.716 E25.55684
G1 X112.116 Y119.171 E25.56255
G0 F7200 X111.936 Y119.258
G0 X111.932 Y119.25
G1 F1500 E19.06255
G0 F7200 X111.895 Y119.167
G0 X112.981 Y118.982
G0 X115.019 Y118.992
G0 X116.224 Y118.982
G1 F1500 E25.56255
G0 F7200 X116.324 Y118.929
G1 F1800 X116.324 Y119.385 E25.56827
G1 X115.884 Y119.171 E25.5744
G1 X115.885 Y118.716 E25.58011
G1 X116.324 Y118.929 E25.58623
G0 F7200 X116.324 Y119.129
G0 X116.284 Y119.129
G1 F1500 E19.08623
G0 F7200 X116.224 Y119.129
G0 X116.315 Y116.369
G1 F1500 E25.58623
G0 F7200 X116.324 Y115.929
G1 F1800 X116.325 Y116.385 E25.59195
G1 X115.885 Y116.172 E25.59808
G1 X115.884 Y115.716 E25.6038
G1 X116.324 Y115.929 E25.60993
G0 F7200 X116.324 Y116.129
G0 X116.285 Y116.129
G1 F1500 E19.10993
G0 F7200 X116.224 Y116.128
G0 X116.315 Y113.369
G1 F1500 E25.60993
G0 F7200 X116.324 Y112.929
G1 F1800 X116.325 Y113.385 E25.61565
G1 X115.885 Y113.172 E25.62178
G1 X115.884 Y112.716 E25.62749
G1 X116.324 Y112.929 E25.63362
G0 F7200 X116.324 Y113.129
G0 X116.285 Y113.129
G1 F1500 E19.13362
G0 F7200 X116.224 Y113.128
G0 X116.315 Y110.369
G1 F1500 E25.63362
G0 F7200 X116.324 Y109.929
G1 F1800 X116.325 Y110.385 E25.63934
G1 X115.885 Y110.172 E25.64547
G1 X115.884 Y109.716 E25.65119
G1 X116.324 Y109.929 E25.65732
G0 F7200 X116.324 Y110.129
G0 X116.285 Y110.129
G1 F1500 E19.15732
G0 F7200 X116.224 Y110.128
G0 X118.81 Y110.121
G0 X120.025 Y110.104
G1 F1500 E25.65732
G0 F7200 X120.115 Y110.172
G1 F1800 X119.675 Y110.385 E25.66345
G1 X119.676 Y109.929 E25.66917
G1 X120.116 Y109.716 E25.6753
G1 X120.115 Y110.172 E25.68102
G0 F7200 X119.935 Y110.259
G0 X119.931 Y110.25
G1 F1500 E19.18102
G0 F7200 X119.893 Y110.168
G0 X120.106 Y112.732
G1 F1500 E25.68102
G0 F7200 X120.115 Y113.172
G1 F1800 X119.675 Y113.385 E25.68715
G1 X119.676 Y112.929 E25.69287
G1 X120.116 Y112.716 E25.699
G1 X120.115 Y113.172 E25.70472
G0 F7200 X119.935 Y113.259
G0 X119.931 Y113.25
G1 F1500 E19.20472
G0 F7200 X119.893 Y113.168
G0 X120.106 Y115.732
G1 F1500 E25.70472
G0 F7200 X120.115 Y116.172
G1 F1800 X119.675 Y116.385 E25.71085
G1 X119.676 Y115.929 E25.71657
G1 X120.116 Y115.716 E25.7227
G1 X120.115 Y116.172 E25.72841
G0 F7200 X119.935 Y116.259
G0 X119.931 Y116.25
G1 F1500 E19.22841
G0 F7200 X119.893 Y116.168
G0 X120.106 Y118.732
G1 F1500 E25.72841
G0 F7200 X120.116 Y119.171
G1 F1800 X119.676 Y119.385 E25.73455
G1 X119.675 Y118.93 E25.74026
G1 X120.116 Y118.716 E25.7464
G1 X120.116 Y119.171 E25.75211
G0 F7200 X119.937 Y119.258
G0 X119.932 Y119.25
G0 X119.895 Y119.168
G0 X120.981 Y118.982
G0 X123.019 Y118.992
G0 X124.224 Y118.982
G0 X124.324 Y118.929
G1 F1800 X124.324 Y119.385 E25.75783
G1 X123.884 Y119.171 E25.76396
G1 X123.885 Y118.716 E25.76967
G1 X124.324 Y118.929 E25.77579
G0 F7200 X124.324 Y119.129
G0 X124.284 Y119.129
G1 F1500 E19.27579
G0 F7200 X124.224 Y119.129
G0 X124.315 Y116.369
G1 F1500 E25.77579
G0 F7200 X124.324 Y115.929
G1 F1800 X124.325 Y116.385 E25.78151
G1 X123.885 Y116.172 E25.78764
G1 X123.884 Y115.716 E25.79336
G1 X124.324 Y115.929 E25.79949
G0 F7200 X124.324 Y116.129
G0 X124.285 Y116.129
G1 F1500 E19.29949
G0 F7200 X124.224 Y116.128
G0 X124.315 Y113.369
G1 F1500 E25.79949
G0 F7200 X124.324 Y112.929
G1 F1800 X124.325 Y113.385 E25.8052
G1 X123.885 Y113.172 E25.81133
G1 X123.884 Y112.716 E25.81705
G1 X124.324 Y112.929 E25.82318
G0 F7200 X124.324 Y113.129
G0 X124.285 Y113.129
G0 X124.224 Y113.128
G0 X124.315 Y110.369
G0 X124.324 Y109.929
G1 F1800 X124.325 Y110.385 E25.8289
G1 X123.885 Y110.172 E25.83503
G1 X123.884 Y109.716 E25.84075
G1 X124.324 Y109.929 E25.84688
G0 F7200 X124.324 Y110.129
G0 X124.285 Y110.129
G1 F1500 E19.34688
G0 F7200 X124.224 Y110.128
G0 X126.81 Y110.111
G0 X128.026 Y110.103
G1 F1500 E25.84688
G0 F7200 X128.116 Y110.171
G1 F1800 X127.675 Y110.385 E25.85303
G1 X127.675 Y109.93 E25.85873
G1 X128.116 Y109.716 E25.86488
G1 X128.116 Y110.171 E25.87059
G0 F7200 X127.936 Y110.258
G0 X127.932 Y110.25
G1 F1500 E19.37059
G0 F7200 X127.895 Y110.167
G0 X128.106 Y112.731
G1 F1500 E25.87059
G0 F7200 X128.116 Y113.171
G1 F1800 X127.675 Y113.385 E25.87673
G1 X127.676 Y112.929 E25.88245
G1 X128.116 Y112.715 E25.88859
G1 X128.116 Y113.171 E25.89431
G0 F7200 X127.936 Y113.258
G0 X127.933 Y113.248
G0 X127.895 Y113.167
G0 X128.106 Y115.731
G0 X128.116 Y116.171
G1 F1800 X127.675 Y116.385 E25.90045
G1 X127.676 Y115.929 E25.90617
G1 X128.116 Y115.715 E25.91231
G1 X128.116 Y116.171 E25.91803
G0 F7200 X127.936 Y116.258
G0 X127.933 Y116.248
G1 F1500 E19.41803
G0 F7200 X127.895 Y116.167
G0 X128.106 Y118.732
G1 F1500 E25.91803
G0 F7200 X128.116 Y119.171
G1 F1800 X127.675 Y119.385 E25.92417
G1 X127.675 Y118.93 E25.92988
G1 X128.116 Y118.716 E25.93603
G1 X128.116 Y119.171 E25.94173
G0 F7200 X127.936 Y119.258
G0 X127.932 Y119.25
G1 F1500 E19.44173
G0 F7200 X127.895 Y119.167
G0 X128.981 Y118.982
G0 X131.019 Y118.992
G0 X132.224 Y118.982
G1 F1500 E25.94173
G0 F7200 X132.324 Y118.929
G1 F1800 X132.324 Y119.385 E25.94745
G1 X131.884 Y119.171 E25.95359
G1 X131.885 Y118.716 E25.95929
G1 X132.324 Y118.929 E25.96541
G0 F7200 X132.324 Y119.129
G0 X132.284 Y119.129
G1 F1500 E19.46541
G0 F7200 X132.224 Y119.129
G0 X132.315 Y116.369
G1 F1500 E25.96541
G0 F7200 X132.324 Y115.929
G1 F1800 X132.325 Y116.385 E25.97113
G1 X131.885 Y116.172 E25.97726
G1 X131.884 Y115.716 E25.98298
G1 X132.324 Y115.929 E25.98911
G0 F7200 X132.324 Y116.129
G0 X132.285 Y116.129
G1 F1500 E19.48911
G0 F7200 X132.224 Y116.128
G0 X132.315 Y113.369
G1 F1500 E25.98911
G0 F7200 X132.324 Y112.929
G1 F1800 X132.325 Y113.385 E25.99483
G1 X131.885 Y113.172 E26.00096
G1 X131.884 Y112.716 E26.00667
G1 X132.324 Y112.929 E26.01281
G0 F7200 X132.324 Y113.129
G0 X132.285 Y113.129
G1 F1500 E19.51281
G0 F7200 X132.224 Y113.128
G0 X132.315 Y110.369
G1 F1500 E26.01281
G0 F7200 X132.324 Y109.929
G1 F1800 X132.325 Y110.385 E26.01852
G1 X131.885 Y110.172 E26.02465
G1 X131.884 Y109.716 E26.03037
G1 X132.324 Y109.929 E26.0365
G0 F7200 X132.324 Y110.129
G0 X132.285 Y110.129
G1 F1500 E19.5365
;MESH:NONMESH
G0 F600 X132.285 Y110.129 Z2.6
G0 F7200 X132.224 Y110.128
G0 X131.02 Y110.027
G0 X128.962 Y108.364
G0 X115.037 Y108.364
G0 X112.981 Y110.026
G1 F1500 E26.0365
G0 F7200 X112.325 Y110.069
;TIME_ELAPSED:164.322369
;LAYER:12
;TYPE:WALL-OUTER
;MESH:output\A_fina_suporte.stl
G1 F1800 X111.885 Y110.283 E26.04264
G1 X111.885 Y109.828 E26.04834
G1 X112.325 Y109.614 E26.05448
G1 X112.325 Y110.069 E26.06019
G0 F7200 X112.146 Y110.156
G0 X112.142 Y110.147
G1 F1500 E19.56019
G0 F7200 X112.105 Y110.066
G0 X112.315 Y112.63
G1 F1500 E26.06019
G0 F7200 X112.325 Y113.069
G1 F1800 X111.885 Y113.283 E26.06632
G1 X111.886 Y112.827 E26.07204
G1 X112.325 Y112.614 E26.07816
G1 X112.325 Y113.069 E26.08386
G0 F7200 X112.146 Y113.156
G0 X112.141 Y113.148
G1 F1500 E19.58386
G0 F7200 X112.104 Y113.066
G0 X112.315 Y115.63
G1 F1500 E26.08386
G0 F7200 X112.325 Y116.069
G1 F1800 X111.885 Y116.283 E26.09
G1 X111.886 Y115.827 E26.09572
G1 X112.325 Y115.614 E26.10184
G1 X112.325 Y116.069 E26.10754
G0 F7200 X112.146 Y116.156
G0 X112.141 Y116.148
G1 F1500 E19.60754
G0 F7200 X112.104 Y116.066
G0 X112.315 Y118.63
G1 F1500 E26.10754
G0 F7200 X112.325 Y119.069
G1 F1800 X111.885 Y119.283 E26.11368
G1 X111.885 Y118.828 E26.11939
G1 X112.325 Y118.614 E26.12552
G1 X112.325 Y119.069 E26.13123
G0 F7200 X112.146 Y119.156
G0 X112.142 Y119.147
G1 F1500 E19.63123
G0 F7200 X112.105 Y119.066
G0 X113.19 Y118.88
G0 X114.81 Y118.889
G0 X116.014 Y118.88
G1 F1500 E26.13123
G0 F7200 X116.114 Y118.827
G1 F1800 X116.114 Y119.282 E26.13693
G1 X115.675 Y119.069 E26.14305
G1 X115.676 Y118.614 E26.14876
G1 X116.114 Y118.827 E26.15487
G0 F7200 X116.114 Y119.027
G0 X116.075 Y119.027
G0 X116.014 Y119.027
G0 X116.105 Y116.267
G0 X116.114 Y115.827
G1 F1800 X116.115 Y116.283 E26.16058
G1 X115.676 Y116.07 E26.1667
G1 X115.675 Y115.614 E26.17242
G1 X116.114 Y115.827 E26.17854
G0 F7200 X116.114 Y116.027
G0 X116.076 Y116.027
G1 F1500 E19.67854
G0 F7200 X116.014 Y116.026
G0 X116.105 Y113.267
G1 F1500 E26.17854
G0 F7200 X116.114 Y112.827
G1 F1800 X116.115 Y113.283 E26.18426
G1 X115.676 Y113.07 E26.19038
G1 X115.675 Y112.614 E26.1961
G1 X116.114 Y112.827 E26.20222
G0 F7200 X116.114 Y113.027
G0 X116.076 Y113.027
G0 X116.014 Y113.026
G0 X116.105 Y110.267
G0 X116.114 Y109.827
G1 F1800 X116.115 Y110.283 E26.20793
G1 X115.676 Y110.07 E26.21405
G1 X115.675 Y109.614 E26.21977
G1 X116.114 Y109.827 E26.22589
G0 F7200 X116.114 Y110.027
G0 X116.076 Y110.027
G1 F1500 E19.72589
G0 F7200 X116.014 Y110.026
G0 X119.02 Y110.021
G0 X120.234 Y110.002
G1 F1500 E26.22589
G0 F7200 X120.324 Y110.07
G1 F1800 X119.885 Y110.283 E26.23201
G1 X119.886 Y109.827 E26.23773
G1 X120.325 Y109.614 E26.24385
G1 X120.324 Y110.07 E26.24957
G0 F7200 X120.144 Y110.157
G0 X120.14 Y110.148
G0 X120.103 Y110.066
G0 X120.315 Y112.63
G0 X120.324 Y113.07
G1 F1800 X119.885 Y113.283 E26.25568
G1 X119.886 Y112.827 E26.2614
G1 X120.325 Y112.614 E26.26752
G1 X120.324 Y113.07 E26.27324
G0 F7200 X120.144 Y113.157
G0 X120.14 Y113.148
G1 F1500 E19.77324
G0 F7200 X120.103 Y113.066
G0 X120.315 Y115.63
G1 F1500 E26.27324
G0 F7200 X120.324 Y116.07
G1 F1800 X119.885 Y116.283 E26.27936
G1 X119.886 Y115.827 E26.28508
G1 X120.325 Y115.614 E26.2912
G1 X120.324 Y116.07 E26.29691
G0 F7200 X120.144 Y116.157
G0 X120.14 Y116.148
G0 X120.103 Y116.066
G0 X120.315 Y118.63
G0 X120.325 Y119.069
G1 F1800 X119.886 Y119.283 E26.30304
G1 X119.885 Y118.828 E26.30875
G1 X120.325 Y118.614 E26.31488
G1 X120.325 Y119.069 E26.32059
G0 F7200 X120.146 Y119.156
G0 X120.142 Y119.147
G1 F1500 E19.82059
G0 F7200 X120.105 Y119.066
G0 X121.19 Y118.88
G0 X122.81 Y118.889
G0 X124.014 Y118.88
G1 F1500 E26.32059
G0 F7200 X124.114 Y118.827
G1 F1800 X124.114 Y119.282 E26.32629
G1 X123.675 Y119.069 E26.33241
G1 X123.676 Y118.614 E26.33812
G1 X124.114 Y118.827 E26.34423
G0 F7200 X124.114 Y119.027
G0 X124.075 Y119.027
G0 X124.014 Y119.027
G0 X124.105 Y116.267
G0 X124.114 Y115.827
G1 F1800 X124.115 Y116.283 E26.34994
G1 X123.676 Y116.07 E26.35606
G1 X123.675 Y115.614 E26.36178
G1 X124.114 Y115.827 E26.3679
G0 F7200 X124.114 Y116.027
G0 X124.076 Y116.027
G1 F1500 E19.8679
G0 F7200 X124.014 Y116.026
G0 X124.105 Y113.267
G1 F1500 E26.3679
G0 F7200 X124.114 Y112.827
G1 F1800 X124.115 Y113.283 E26.37362
G1 X123.676 Y113.07 E26.37974
G1 X123.675 Y112.614 E26.38546
G1 X124.114 Y112.827 E26.39158
G0 F7200 X124.114 Y113.027
G0 X124.076 Y113.027
G0 X124.014 Y113.026
G0 X124.105 Y110.267
G0 X124.114 Y109.827
G1 F1800 X124.115 Y110.283 E26.39729
G1 X123.676 Y110.07 E26.40341
G1 X123.675 Y109.614 E26.40913
G1 X124.114 Y109.827 E26.41525
G0 F7200 X124.114 Y110.027
G0 X124.076 Y110.027
G1 F1500 E19.91525
G0 F7200 X124.014 Y110.026
G0 X127.02 Y110.011
G0 X128.235 Y110.002
G1 F1500 E26.41525
G0 F7200 X128.325 Y110.069
G1 F1800 X127.885 Y110.283 E26.42139
G1 X127.885 Y109.828 E26.42709
G1 X128.325 Y109.614 E26.43323
G1 X128.325 Y110.069 E26.43893
G0 F7200 X128.146 Y110.156
G0 X128.142 Y110.147
G0 X128.105 Y110.066
G0 X128.315 Y112.63
G0 X128.325 Y113.069
G1 F1800 X127.885 Y113.283 E26.44507
G1 X127.886 Y112.827 E26.45079
G1 X128.325 Y112.614 E26.45691
G1 X128.325 Y113.069 E26.46261
G0 F7200 X128.146 Y113.156
G0 X128.141 Y113.148
G1 F1500 E19.96261
G0 F7200 X128.104 Y113.066
G0 X128.315 Y115.63
G1 F1500 E26.46261
G0 F7200 X128.325 Y116.069
G1 F1800 X127.885 Y116.283 E26.46875
G1 X127.886 Y115.827 E26.47447
G1 X128.325 Y115.614 E26.48059
G1 X128.325 Y116.069 E26.48629
G0 F7200 X128.146 Y116.156
G0 X128.141 Y116.148
G1 F1500 E19.98629
G0 F7200 X128.104 Y116.066
G0 X128.315 Y118.63
G1 F1500 E26.48629
G0 F7200 X128.325 Y119.069
G1 F1800 X127.885 Y119.283 E26.49243
G1 X127.885 Y118.828 E26.49813
G1 X128.325 Y118.614 E26.50427
G1 X128.325 Y119.069 E26.50997
G0 F7200 X128.146 Y119.156
G0 X128.142 Y119.147
G1 F1500 E20.00997
G0 F7200 X128.105 Y119.066
G0 X129.19 Y118.88
G0 X130.81 Y118.889
G0 X132.014 Y118.88
G1 F1500 E26.50997
G0 F7200 X132.114 Y118.827
G1 F1800 X132.114 Y119.282 E26.51568
G1 X131.675 Y119.069 E26.5218
G1 X131.676 Y118.614 E26.52751
G1 X132.114 Y118.827 E26.53361
G0 F7200 X132.114 Y119.027
G0 X132.075 Y119.027
G1 F1500 E20.03361
G0 F7200 X132.014 Y119.027
G0 X132.105 Y116.267
G1 F1500 E26.53361
G0 F7200 X132.114 Y115.827
G1 F1800 X132.115 Y116.283 E26.53933
G1 X131.676 Y116.07 E26.54545
G1 X131.675 Y115.614 E26.55117
G1 X132.114 Y115.827 E26.55729
G0 F7200 X132.114 Y116.027
G0 X132.076 Y116.027
G1 F1500 E20.05729
G0 F7200 X132.014 Y116.026
G0 X132.105 Y113.267
G1 F1500 E26.55729
G0 F7200 X132.114 Y112.827
G1 F1800 X132.115 Y113.283 E26.56301
G1 X131.676 Y113.07 E26.56913
G1 X131.675 Y112.614 E26.57484
G1 X132.114 Y112.827 E26.58096
G0 F7200 X132.114 Y113.027
G0 X132.076 Y113.027
G1 F1500 E20.08096
G0 F7200 X132.014 Y113.026
G0 X132.105 Y110.267
G1 F1500 E26.58096
G0 F7200 X132.114 Y109.827
G1 F1800 X132.115 Y110.283 E26.58668
G1 X131.676 Y110.07 E26.5928
G1 X131.675 Y109.614 E26.59852
G1 X132.114 Y109.827 E26.60464
G0 F7200 X132.114 Y110.027
G0 X132.076 Y110.027
G1 F1500 E20.10464
;MESH:NONMESH
G0 F600 X132.076 Y110.027 Z2.8
G0 F7200 X132.014 Y110.026
G0 X130.811 Y109.927
G0 X129.171 Y108.262
G0 X114.828 Y108.262
G0 X113.19 Y109.926
G1 F1500 E26.60464
G0 F7200 X112.534 Y109.968
;TIME_ELAPSED:177.044207
;LAYER:13
;TYPE:WALL-OUTER
;MESH:output\A_fina_suporte.stl
G1 F1800 X112.096 Y110.181 E26.61075
G1 X112.095 Y109.726 E26.61645
G1 X112.534 Y109.513 E26.62257
G1 X112.534 Y109.968 E26.62828
G0 F7200 X112.355 Y110.055
G0 X112.351 Y110.047
G0 X112.313 Y109.965
G0 X112.524 Y112.529
G0 X112.535 Y112.968
G1 F1800 X112.096 Y113.181 E26.6344
G1 X112.096 Y112.725 E26.64011
G1 X112.534 Y112.513 E26.64622
G1 X112.535 Y112.968 E26.65192
G0 F7200 X112.355 Y113.055
G0 X112.351 Y113.046
G1 F1500 E20.15192
G0 F7200 X112.314 Y112.964
G0 X112.524 Y115.529
G1 F1500 E26.65192
G0 F7200 X112.534 Y115.968
G1 F1800 X112.096 Y116.181 E26.65803
G1 X112.096 Y115.725 E26.66375
G1 X112.534 Y115.513 E26.66985
G1 X112.534 Y115.968 E26.67556
G0 F7200 X112.355 Y116.055
G0 X112.351 Y116.046
G1 F1500 E20.17556
G0 F7200 X112.314 Y115.965
G0 X112.524 Y118.529
G1 F1500 E26.67556
G0 F7200 X112.535 Y118.968
G1 F1800 X112.096 Y119.181 E26.68168
G1 X112.095 Y118.726 E26.68738
G1 X112.534 Y118.513 E26.6935
G1 X112.535 Y118.968 E26.69921
G0 F7200 X112.355 Y119.055
G0 X112.351 Y119.046
G0 X112.314 Y118.964
G0 X113.399 Y118.784
G0 X114.601 Y118.78
G0 X115.804 Y118.778
G0 X115.904 Y118.725
G1 F1800 X115.904 Y119.181 E26.70492
G1 X115.466 Y118.97 E26.71102
G1 X115.465 Y118.512 E26.71676
G1 X115.904 Y118.725 E26.72288
G0 F7200 X115.904 Y118.925
G0 X115.866 Y118.926
G1 F1500 E20.22288
G0 F7200 X115.804 Y118.926
G0 X115.895 Y116.166
G1 F1500 E26.72288
G0 F7200 X115.904 Y115.725
G1 F1800 X115.905 Y116.182 E26.72861
G1 X115.466 Y115.97 E26.73473
G1 X115.465 Y115.512 E26.74047
G1 X115.904 Y115.725 E26.74659
G0 F7200 X115.904 Y115.925
G0 X115.866 Y115.925
G0 X115.804 Y115.924
G0 X115.895 Y113.166
G0 X115.904 Y112.725
G1 F1800 X115.905 Y113.182 E26.75232
G1 X115.466 Y112.97 E26.75844
G1 X115.465 Y112.512 E26.76418
G1 X115.904 Y112.725 E26.7703
G0 F7200 X115.904 Y112.925
G0 X115.866 Y112.925
G0 X115.804 Y112.924
G0 X115.895 Y110.166
G0 X115.904 Y109.725
G1 F1800 X115.905 Y110.182 E26.77603
G1 X115.466 Y109.97 E26.78214
G1 X115.465 Y109.512 E26.78789
G1 X115.904 Y109.725 E26.794
G0 F7200 X115.904 Y109.925
G0 X115.866 Y109.925
G1 F1500 E20.294
G0 F7200 X115.804 Y109.924
G0 X119.231 Y109.91
G0 X120.444 Y109.901
G1 F1500 E26.794
G0 F7200 X120.534 Y109.968
G1 F1800 X120.096 Y110.181 E26.80011
G1 X120.096 Y109.725 E26.80583
G1 X120.534 Y109.513 E26.81193
G1 X120.534 Y109.968 E26.81764
G0 F7200 X120.355 Y110.055
G0 X120.351 Y110.046
G0 X120.314 Y109.965
G0 X120.524 Y112.529
G0 X120.535 Y112.968
G1 F1800 X120.096 Y113.181 E26.82376
G1 X120.096 Y112.725 E26.82948
G1 X120.534 Y112.513 E26.83558
G1 X120.535 Y112.968 E26.84128
G0 F7200 X120.355 Y113.055
G0 X120.351 Y113.046
G1 F1500 E20.34128
G0 F7200 X120.314 Y112.964
G0 X120.524 Y115.529
G1 F1500 E26.84128
G0 F7200 X120.534 Y115.968
G1 F1800 X120.096 Y116.181 E26.84739
G1 X120.096 Y115.725 E26.85311
G1 X120.534 Y115.513 E26.85921
G1 X120.534 Y115.968 E26.86492
G0 F7200 X120.355 Y116.055
G0 X120.351 Y116.046
G0 X120.314 Y115.965
G0 X120.524 Y118.529
G0 X120.535 Y118.968
G1 F1800 X120.096 Y119.181 E26.87104
G1 X120.095 Y118.726 E26.87674
G1 X120.534 Y118.513 E26.88286
G1 X120.535 Y118.968 E26.88857
G0 F7200 X120.355 Y119.055
G0 X120.351 Y119.046
G0 X120.314 Y118.964
G0 X121.399 Y118.784
G0 X122.601 Y118.78
G0 X123.804 Y118.778
G0 X123.904 Y118.725
G1 F1800 X123.904 Y119.181 E26.89429
G1 X123.466 Y118.97 E26.90038
G1 X123.465 Y118.512 E26.90613
G1 X123.904 Y118.725 E26.91225
G0 F7200 X123.904 Y118.925
G0 X123.866 Y118.926
G1 F1500 E20.41225
G0 F7200 X123.804 Y118.926
G0 X123.895 Y116.166
G1 F1500 E26.91225
G0 F7200 X123.904 Y115.725
G1 F1800 X123.905 Y116.182 E26.91798
G1 X123.466 Y115.97 E26.92409
G1 X123.465 Y115.512 E26.92983
G1 X123.904 Y115.725 E26.93595
G0 F7200 X123.904 Y115.925
G0 X123.866 Y115.925
G0 X123.804 Y115.924
G0 X123.895 Y113.166
G0 X123.904 Y112.725
G1 F1800 X123.905 Y113.182 E26.94168
G1 X123.466 Y112.97 E26.9478
G1 X123.465 Y112.512 E26.95354
G1 X123.904 Y112.725 E26.95966
G0 F7200 X123.904 Y112.925
G0 X123.866 Y112.925
G1 F1500 E20.45966
G0 F7200 X123.804 Y112.924
G0 X123.895 Y110.166
G1 F1500 E26.95966
G0 F7200 X123.904 Y109.725
G1 F1800 X123.905 Y110.182 E26.96539
G1 X123.466 Y109.97 E26.9715
G1 X123.465 Y109.512 E26.97725
G1 X123.904 Y109.725 E26.98337
G0 F7200 X123.904 Y109.925
G0 X123.866 Y109.925
G0 X123.804 Y109.924
G0 X127.231 Y109.902
G0 X128.444 Y109.901
G0 X128.534 Y109.968
G1 F1800 X128.096 Y110.181 E26.98947
G1 X128.095 Y109.726 E26.99518
G1 X128.534 Y109.513 E27.0013
G1 X128.534 Y109.968 E27.00701
G0 F7200 X128.355 Y110.055
G0 X128.351 Y110.047
G0 X128.313 Y109.965
G0 X128.524 Y112.529
G0 X128.535 Y112.968
G1 F1800 X128.096 Y113.181 E27.01312
G1 X128.096 Y112.725 E27.01884
G1 X128.534 Y112.513 E27.02495
G1 X128.535 Y112.968 E27.03065
G0 F7200 X128.355 Y113.055
G0 X128.351 Y113.046
G1 F1500 E20.53065
G0 F7200 X128.314 Y112.964
G0 X128.524 Y115.529
G1 F1500 E27.03065
G0 F7200 X128.534 Y115.968
G1 F1800 X128.096 Y116.181 E27.03676
G1 X128.096 Y115.725 E27.04248
G1 X128.534 Y115.513 E27.04858
G1 X128.534 Y115.968 E27.05429
G0 F7200 X128.355 Y116.055
G0 X128.351 Y116.046
G0 X128.314 Y115.965
G0 X128.524 Y118.529
G0 X128.535 Y118.968
G1 F1800 X128.096 Y119.181 E27.0604
G1 X128.095 Y118.726 E27.06611
G1 X128.534 Y118.513 E27.07223
G1 X128.535 Y118.968 E27.07794
G0 F7200 X128.355 Y119.055
G0 X128.351 Y119.046
G1 F1500 E20.57794
G0 F7200 X128.314 Y118.964
G0 X129.399 Y118.784
G0 X130.601 Y118.78
G0 X131.804 Y118.778
G1 F1500 E27.07794
G0 F7200 X131.904 Y118.725
G1 F1800 X131.904 Y119.181 E27.08365
G1 X131.466 Y118.97 E27.08975
G1 X131.465 Y118.512 E27.09549
G1 X131.904 Y118.725 E27.10161
G0 F7200 X131.904 Y118.925
G0 X131.866 Y118.926
G0 X131.804 Y118.926
G0 X131.895 Y116.166
G0 X131.904 Y115.725
G1 F1800 X131.905 Y116.182 E27.10734
G1 X131.466 Y115.97 E27.11346
G1 X131.465 Y115.512 E27.1192
G1 X131.904 Y115.725 E27.12532
G0 F7200 X131.904 Y115.925
G0 X131.866 Y115.925
G0 X131.804 Y115.924
G0 X131.895 Y113.166
G0 X131.904 Y112.725
G1 F1800 X131.905 Y113.182 E27.13105
G1 X131.466 Y112.97 E27.13716
G1 X131.465 Y112.512 E27.14291
G1 X131.904 Y112.725 E27.14903
G0 F7200 X131.904 Y112.925
G0 X131.866 Y112.925
G1 F1500 E20.64903
G0 F7200 X131.804 Y112.924
G0 X131.895 Y110.166
G1 F1500 E27.14903
G0 F7200 X131.904 Y109.725
G1 F1800 X131.905 Y110.182 E27.15476
G1 X131.466 Y109.97 E27.16087
G1 X131.465 Y109.512 E27.16662
G1 X131.904 Y109.725 E27.17273
G0 F7200 X131.904 Y109.925
G0 X131.866 Y109.925
G1 F1500 E20.67273
;MESH:NONMESH
G0 F600 X131.866 Y109.925 Z3
G0 F7200 X131.804 Y109.924
G0 X130.601 Y109.87
G0 X129.381 Y108.257
G0 X114.617 Y108.239
G0 X113.399 Y109.869
G1 F1500 E27.17273
G0 F7200 X112.62 Y109.926
;TIME_ELAPSED:186.557157
;LAYER:14
;TYPE:WALL-OUTER
;MESH:output\A_fina_suporte.stl
G1 F1800 X112.306 Y110.079 E27.17711
G1 X112.305 Y109.624 E27.18282
G1 X112.744 Y109.411 E27.18894
G1 X112.744 Y109.878 E27.1948
G1 X112.62 Y109.926 E27.19646
G0 F7200 X112.441 Y110.013
G0 X112.706 Y109.654
G1 F1500 E20.69646
G0 F7200 X112.644 Y109.654
G0 X115.256 Y109.83
G1 F1500 E27.19646
G0 F7200 X115.38 Y109.926
G1 F1800 X115.256 Y109.878 E27.19813
G1 X115.255 Y109.411 E27.20399
G1 X115.694 Y109.623 E27.20756
G1 X115.695 Y110.079 E27.21308
G1 X115.38 Y109.926 E27.21485
G0 F7200 X115.256 Y109.878
G0 X115.256 Y109.81
G0 X115.294 Y109.81
G1 F1500 E20.71485
G0 F7200 X115.357 Y109.81
G0 X115.265 Y112.427
G1 F1500 E27.21485
G0 F7200 X115.38 Y112.926
G1 F1800 X115.256 Y112.878 E27.21652
G1 X115.255 Y112.411 E27.22238
G1 X115.694 Y112.623 E27.22595
G1 X115.695 Y113.079 E27.23147
G1 X115.38 Y112.926 E27.23324
G0 F7200 X115.256 Y112.878
G0 X115.256 Y112.81
G0 X115.294 Y112.81
G0 X115.357 Y112.81
G0 X112.729 Y112.867
G0 X112.62 Y112.926
G1 F1800 X112.306 Y113.079 E27.23762
G1 X112.306 Y112.623 E27.24334
G1 X112.744 Y112.411 E27.24944
G1 X112.745 Y112.878 E27.2553
G1 X112.62 Y112.926 E27.25698
G0 F7200 X112.441 Y113.013
G0 X112.706 Y112.654
G1 F1500 E20.75698
G0 F7200 X112.644 Y112.653
G0 X112.734 Y115.427
G1 F1500 E27.25698
G0 F7200 X112.62 Y115.926
G1 F1800 X112.306 Y116.079 E27.26136
G1 X112.306 Y115.623 E27.26708
G1 X112.744 Y115.411 E27.27318
G1 X112.744 Y115.878 E27.27904
G1 X112.62 Y115.926 E27.28071
G0 F7200 X112.441 Y116.013
G0 X112.706 Y115.654
G1 F1500 E20.78071
G0 F7200 X112.644 Y115.654
G0 X115.256 Y115.83
G1 F1500 E27.28071
G0 F7200 X115.38 Y115.926
G1 F1800 X115.256 Y115.878 E27.28237
G1 X115.255 Y115.411 E27.28823
G1 X115.694 Y115.623 E27.2918
G1 X115.695 Y116.079 E27.29732
G1 X115.38 Y115.926 E27.2991
G0 F7200 X115.256 Y115.878
G0 X115.256 Y115.81
G0 X115.294 Y115.81
G1 F1500 E20.7991
G0 F7200 X115.357 Y115.81
G0 X115.265 Y118.427
G1 F1500 E27.2991
G0 F7200 X115.38 Y118.926
G1 F1800 X115.256 Y118.878 E27.30076
G1 X115.255 Y118.411 E27.30662
G1 X115.694 Y118.623 E27.31019
G1 X115.694 Y119.079 E27.31571
G1 X115.38 Y118.926 E27.31747
G0 F7200 X115.256 Y118.878
G0 X115.256 Y118.81
G0 X115.294 Y118.811
G1 F1500 E20.81747
G0 F7200 X115.357 Y118.811
G0 X112.729 Y118.867
G1 F1500 E27.31747
G0 F7200 X112.62 Y118.926
G1 F1800 X112.306 Y119.079 E27.32185
G1 X112.305 Y118.624 E27.32756
G1 X112.744 Y118.411 E27.33368
G1 X112.745 Y118.878 E27.33954
G1 X112.62 Y118.926 E27.34121
G0 F7200 X112.441 Y119.013
G0 X112.706 Y118.654
G1 F1500 E20.84121
G0 F7200 X112.644 Y118.653
G0 X114.399 Y119.467
G0 X116.54 Y120.429
G0 X119.441 Y118.852
G0 X120.581 Y118.835
G1 F1500 E27.34121
G0 F7200 X120.62 Y118.926
G1 F1800 X120.306 Y119.079 E27.34559
G1 X120.305 Y118.624 E27.3513
G1 X120.744 Y118.411 E27.35742
G1 X120.745 Y118.878 E27.36328
G1 X120.62 Y118.926 E27.36496
G0 F7200 X120.441 Y119.013
G0 X120.706 Y118.654
G1 F1500 E20.86496
G0 F7200 X120.644 Y118.653
G0 X123.256 Y118.862
G1 F1500 E27.36496
G0 F7200 X123.38 Y118.926
G1 F1800 X123.256 Y118.878 E27.36662
G1 X123.255 Y118.411 E27.37248
G1 X123.694 Y118.623 E27.37605
G1 X123.694 Y119.079 E27.38156
G1 X123.38 Y118.926 E27.38333
G0 F7200 X123.256 Y118.878
G0 X123.256 Y118.81
G0 X123.294 Y118.811
G0 X123.357 Y118.811
G0 X123.685 Y116.063
G0 X123.38 Y115.926
G1 F1800 X123.256 Y115.878 E27.385
G1 X123.255 Y115.411 E27.39086
G1 X123.694 Y115.623 E27.39443
G1 X123.695 Y116.079 E27.39995
G1 X123.38 Y115.926 E27.40172
G0 F7200 X123.256 Y115.878
G0 X123.256 Y115.81
G0 X123.294 Y115.81
G1 F1500 E20.90172
G0 F7200 X123.357 Y115.81
G0 X120.724 Y115.83
G1 F1500 E27.40172
G0 F7200 X120.62 Y115.926
G1 F1800 X120.306 Y116.079 E27.4061
G1 X120.306 Y115.623 E27.41182
G1 X120.744 Y115.411 E27.41792
G1 X120.744 Y115.878 E27.42378
G1 X120.62 Y115.926 E27.42545
G0 F7200 X120.441 Y116.013
G0 X120.706 Y115.654
G1 F1500 E20.92545
G0 F7200 X120.644 Y115.654
G0 X120.316 Y113.063
G1 F1500 E27.42545
G0 F7200 X120.62 Y112.926
G1 F1800 X120.306 Y113.079 E27.42983
G1 X120.306 Y112.623 E27.43555
G1 X120.744 Y112.411 E27.44165
G1 X120.745 Y112.878 E27.44751
G1 X120.62 Y112.926 E27.44919
G0 F7200 X120.441 Y113.013
G0 X120.706 Y112.654
G1 F1500 E20.94919
G0 F7200 X120.644 Y112.653
G0 X123.256 Y112.835
G1 F1500 E27.44919
G0 F7200 X123.38 Y112.926
G1 F1800 X123.256 Y112.878 E27.45085
G1 X123.255 Y112.411 E27.45671
G1 X123.694 Y112.623 E27.46028
G1 X123.695 Y113.079 E27.4658
G1 X123.38 Y112.926 E27.46758
G0 F7200 X123.256 Y112.878
G0 X123.256 Y112.81
G0 X123.294 Y112.81
G1 F1500 E20.96758
G0 F7200 X123.357 Y112.81
G0 X123.685 Y110.063
G1 F1500 E27.46758
G0 F7200 X123.38 Y109.926
G1 F1800 X123.256 Y109.878 E27.46924
G1 X123.255 Y109.411 E27.4751
G1 X123.694 Y109.623 E27.47867
G1 X123.695 Y110.079 E27.48419
G1 X123.38 Y109.926 E27.48597
G0 F7200 X123.256 Y109.878
G0 X123.256 Y109.81
G0 X123.294 Y109.81
G1 F1500 E20.98597
G0 F7200 X123.357 Y109.81
G0 X120.724 Y109.83
G1 F1500 E27.48597
G0 F7200 X120.62 Y109.926
G1 F1800 X120.306 Y110.079 E27.49035
G1 X120.306 Y109.623 E27.49606
G1 X120.744 Y109.411 E27.50217
G1 X120.744 Y109.878 E27.50802
G1 X120.62 Y109.926 E27.50969
G0 F7200 X120.441 Y110.013
G0 X120.706 Y109.654
G1 F1500 E21.00969
G0 F7200 X120.644 Y109.654
G0 X122.399 Y110.467
G0 X124.542 Y111.431
G0 X127.441 Y109.82
G0 X128.581 Y109.835
G1 F1500 E27.50969
G0 F7200 X128.62 Y109.926
G1 F1800 X128.306 Y110.079 E27.51407
G1 X128.305 Y109.624 E27.51978
G1 X128.744 Y109.411 E27.5259
G1 X128.744 Y109.878 E27.53175
G1 X128.62 Y109.926 E27.53342
G0 F7200 X128.441 Y110.013
G0 X128.706 Y109.654
G1 F1500 E21.03342
G0 F7200 X128.644 Y109.654
G0 X131.256 Y109.83
G1 F1500 E27.53342
G0 F7200 X131.38 Y109.926
G1 F1800 X131.256 Y109.878 E27.53509
G1 X131.255 Y109.411 E27.54094
G1 X131.694 Y109.623 E27.54452
G1 X131.695 Y110.079 E27.55003
G1 X131.38 Y109.926 E27.55181
G0 F7200 X131.256 Y109.878
G0 X131.256 Y109.81
G0 X131.294 Y109.81
G0 X131.357 Y109.81
G0 X131.265 Y112.427
G0 X131.38 Y112.926
G1 F1800 X131.256 Y112.878 E27.55348
G1 X131.255 Y112.411 E27.55933
G1 X131.694 Y112.623 E27.56291
G1 X131.695 Y113.079 E27.56842
G1 X131.38 Y112.926 E27.5702
G0 F7200 X131.256 Y112.878
G0 X131.256 Y112.81
G0 X131.294 Y112.81
G1 F1500 E21.0702
G0 F7200 X131.357 Y112.81
G0 X128.729 Y112.867
G1 F1500 E27.5702
G0 F7200 X128.62 Y112.926
G1 F1800 X128.306 Y113.079 E27.57458
G1 X128.306 Y112.623 E27.5803
G1 X128.744 Y112.411 E27.5864
G1 X128.745 Y112.878 E27.59226
G1 X128.62 Y112.926 E27.59394
G0 F7200 X128.441 Y113.013
G0 X128.706 Y112.654
G1 F1500 E21.09394
G0 F7200 X128.644 Y112.653
G0 X128.734 Y115.427
G1 F1500 E27.59394
G0 F7200 X128.62 Y115.926
G1 F1800 X128.306 Y116.079 E27.59832
G1 X128.306 Y115.623 E27.60404
G1 X128.744 Y115.411 E27.61014
G1 X128.744 Y115.878 E27.61599
G1 X128.62 Y115.926 E27.61766
G0 F7200 X128.441 Y116.013
G0 X128.706 Y115.654
G1 F1500 E21.11766
G0 F7200 X128.644 Y115.654
G0 X131.256 Y115.83
G1 F1500 E27.61766
G0 F7200 X131.38 Y115.926
G1 F1800 X131.256 Y115.878 E27.61933
G1 X131.255 Y115.411 E27.62519
G1 X131.694 Y115.623 E27.62876
G1 X131.695 Y116.079 E27.63428
G1 X131.38 Y115.926 E27.63605
G0 F7200 X131.256 Y115.878
G0 X131.256 Y115.81
G0 X131.294 Y115.81
G1 F1500 E21.13605
G0 F7200 X131.357 Y115.81
G0 X131.265 Y118.427
G1 F1500 E27.63605
G0 F7200 X131.38 Y118.926
G1 F1800 X131.256 Y118.878 E27.63772
G1 X131.255 Y118.411 E27.64358
G1 X131.694 Y118.623 E27.64715
G1 X131.694 Y119.079 E27.65266
G1 X131.38 Y118.926 E27.65443
G0 F7200 X131.256 Y118.878
G0 X131.256 Y118.81
G0 X131.294 Y118.811
G1 F1500 E21.15443
G0 F7200 X131.357 Y118.811
G0 X128.729 Y118.867
G1 F1500 E27.65443
G0 F7200 X128.62 Y118.926
G1 F1800 X128.306 Y119.079 E27.65881
G1 X128.305 Y118.624 E27.66452
G1 X128.744 Y118.411 E27.67064
G1 X128.745 Y118.878 E27.67649
G1 X128.62 Y118.926 E27.67817
G0 F7200 X128.441 Y119.013
G0 X128.706 Y118.654
G1 F1500 E21.17817
;MESH:NONMESH
G0 F600 X128.706 Y118.654 Z3.2
G0 F7200 X128.644 Y118.653
G0 X127.441 Y118.635
G0 X124.542 Y117.431
G0 X122.399 Y116.467
G0 X121.591 Y114.173
G0 X119.46 Y114.429
G0 X114.692 Y110.553
G0 X113.609 Y109.867
G0 X112.581 Y109.835
G1 F1500 E27.67817
G0 F7200 X112.62 Y109.926
;TIME_ELAPSED:201.689144
;LAYER:15
;TYPE:WALL-OUTER
;MESH:output\A_fina_suporte.stl
G1 F1800 X112.516 Y109.977 E27.67962
G1 X112.515 Y109.522 E27.68533
G1 X112.775 Y109.396 E27.68895
G1 X112.954 Y109.327 E27.69136
G1 X112.955 Y109.798 E27.69727
G1 X112.62 Y109.926 E27.70176
G0 F7200 X112.516 Y109.977
G0 X112.516 Y109.892
G0 X112.747 Y109.449
G1 F1500 E21.20176
G0 F7200 X112.774 Y109.508
G0 X115.062 Y109.787
G1 F1500 E27.70176
G0 F7200 X115.38 Y109.926
G1 F1800 X115.046 Y109.798 E27.70625
G1 X115.045 Y109.327 E27.71215
G1 X115.225 Y109.396 E27.71457
G1 X115.484 Y109.521 E27.71818
G1 X115.485 Y109.977 E27.7239
G1 X115.38 Y109.926 E27.72536
G0 F7200 X115.193 Y109.855
G0 X115.175 Y109.815
G1 F1500 E21.22536
G0 F7200 X115.2 Y109.751
G0 X115.056 Y112.343
G1 F1500 E27.72536
G0 F7200 X115.38 Y112.926
G1 F1800 X115.046 Y112.798 E27.72985
G1 X115.045 Y112.327 E27.73575
G1 X115.225 Y112.396 E27.73817
G1 X115.484 Y112.521 E27.74178
G1 X115.485 Y112.977 E27.74749
G1 X115.38 Y112.926 E27.74896
G0 F7200 X115.193 Y112.855
G0 X115.175 Y112.815
G1 F1500 E21.24896
G0 F7200 X115.2 Y112.751
G0 X112.939 Y112.787
G1 F1500 E27.74896
G0 F7200 X112.62 Y112.926
G1 F1800 X112.516 Y112.977 E27.75041
G1 X112.516 Y112.521 E27.75613
G1 X112.775 Y112.396 E27.75974
G1 X112.954 Y112.327 E27.76214
G1 X112.955 Y112.798 E27.76805
G1 X112.62 Y112.926 E27.77255
G0 F7200 X112.516 Y112.977
G0 X112.516 Y112.892
G0 X112.747 Y112.448
G1 F1500 E21.27255
G0 F7200 X112.773 Y112.508
G0 X112.943 Y115.343
G1 F1500 E27.77255
G0 F7200 X112.62 Y115.926
G1 F1800 X112.516 Y115.977 E27.774
G1 X112.516 Y115.521 E27.77972
G1 X112.775 Y115.396 E27.78332
G1 X112.954 Y115.327 E27.78573
G1 X112.954 Y115.798 E27.79164
G1 X112.62 Y115.926 E27.79612
G0 F7200 X112.516 Y115.977
G0 X112.516 Y115.892
G0 X112.747 Y115.448
G1 F1500 E21.29612
G0 F7200 X112.773 Y115.508
G0 X115.062 Y115.787
G1 F1500 E27.79612
G0 F7200 X115.38 Y115.926
G1 F1800 X115.046 Y115.798 E27.80061
G1 X115.045 Y115.327 E27.80651
G1 X115.225 Y115.396 E27.80893
G1 X115.484 Y115.521 E27.81254
G1 X115.485 Y115.977 E27.81826
G1 X115.38 Y115.926 E27.81972
G0 F7200 X115.193 Y115.855
G0 X115.175 Y115.815
G1 F1500 E21.31972
G0 F7200 X115.2 Y115.751
G0 X115.056 Y118.343
G1 F1500 E27.81972
G0 F7200 X115.38 Y118.926
G1 F1800 X115.046 Y118.798 E27.8242
G1 X115.045 Y118.327 E27.83011
G1 X115.225 Y118.396 E27.83253
G1 X115.484 Y118.521 E27.83613
G1 X115.484 Y118.977 E27.84185
G1 X115.38 Y118.926 E27.84331
G0 F7200 X115.193 Y118.855
G0 X115.175 Y118.815
G1 F1500 E21.34331
G0 F7200 X115.2 Y118.751
G0 X112.934 Y118.787
G1 F1500 E27.84331
G0 F7200 X112.62 Y118.926
G1 F1800 X112.516 Y118.977 E27.84476
G1 X112.515 Y118.522 E27.85046
G1 X112.775 Y118.396 E27.85409
G1 X112.954 Y118.327 E27.85649
G1 X112.954 Y118.798 E27.8624
G1 X112.62 Y118.926 E27.86689
G0 F7200 X112.516 Y118.977
G0 X112.516 Y118.892
G0 X112.747 Y118.448
G1 F1500 E21.36689
G0 F7200 X112.773 Y118.508
G0 X113.819 Y118.787
G0 X116.33 Y120.326
G0 X119.651 Y118.772
G1 F1500 E27.86689
G0 F7200 X120.62 Y118.926
G1 F1800 X120.516 Y118.977 E27.86834
G1 X120.515 Y118.522 E27.87404
G1 X120.775 Y118.396 E27.87767
G1 X120.954 Y118.327 E27.88007
G1 X120.954 Y118.798 E27.88598
G1 X120.62 Y118.926 E27.89046
G0 F7200 X120.516 Y118.977
G0 X120.516 Y118.892
G0 X120.747 Y118.448
G0 X120.773 Y118.508
G0 X123.062 Y118.787
G0 X123.38 Y118.926
G1 F1800 X123.046 Y118.798 E27.89495
G1 X123.045 Y118.327 E27.90086
G1 X123.225 Y118.396 E27.90327
G1 X123.484 Y118.521 E27.90688
G1 X123.484 Y118.977 E27.9126
G1 X123.38 Y118.926 E27.91405
G0 F7200 X123.193 Y118.855
G0 X123.175 Y118.815
G0 X123.2 Y118.751
G0 X123.475 Y115.961
G0 X123.38 Y115.926
G1 F1800 X123.046 Y115.798 E27.91854
G1 X123.045 Y115.327 E27.92444
G1 X123.225 Y115.396 E27.92686
G1 X123.484 Y115.521 E27.93047
G1 X123.485 Y115.977 E27.93619
G1 X123.38 Y115.926 E27.93765
G0 F7200 X123.193 Y115.855
G0 X123.175 Y115.815
G0 X123.2 Y115.751
G0 X120.934 Y115.787
G0 X120.62 Y115.926
G1 F1800 X120.516 Y115.977 E27.9391
G1 X120.516 Y115.521 E27.94482
G1 X120.775 Y115.396 E27.94843
G1 X120.954 Y115.327 E27.95083
G1 X120.954 Y115.798 E27.95674
G1 X120.62 Y115.926 E27.96123
G0 F7200 X120.516 Y115.977
G0 X120.516 Y115.892
G0 X120.747 Y115.448
G0 X120.773 Y115.508
G0 X120.526 Y112.96
G0 X120.62 Y112.926
G1 F1800 X120.516 Y112.977 E27.96268
G1 X120.516 Y112.521 E27.9684
G1 X120.775 Y112.396 E27.972
G1 X120.954 Y112.327 E27.97441
G1 X120.955 Y112.798 E27.98031
G1 X120.62 Y112.926 E27.98481
G0 F7200 X120.516 Y112.977
G0 X120.516 Y112.892
G0 X120.747 Y112.448
G0 X120.773 Y112.508
G0 X123.062 Y112.787
G0 X123.38 Y112.926
G1 F1800 X123.046 Y112.798 E27.9893
G1 X123.045 Y112.327 E27.9952
G1 X123.225 Y112.396 E27.99762
G1 X123.484 Y112.521 E28.00123
G1 X123.485 Y112.977 E28.00695
G1 X123.38 Y112.926 E28.00841
G0 F7200 X123.193 Y112.855
G0 X123.175 Y112.815
G0 X123.2 Y112.751
G0 X123.475 Y109.961
G0 X123.38 Y109.926
G1 F1800 X123.046 Y109.798 E28.0129
G1 X123.045 Y109.327 E28.0188
G1 X123.225 Y109.396 E28.02122
G1 X123.484 Y109.521 E28.02483
G1 X123.485 Y109.977 E28.03054
G1 X123.38 Y109.926 E28.03201
G0 F7200 X123.193 Y109.855
G0 X123.175 Y109.815
G0 X123.2 Y109.751
G0 X120.939 Y109.787
G0 X120.62 Y109.926
G1 F1800 X120.516 Y109.977 E28.03346
G1 X120.516 Y109.521 E28.03918
G1 X120.775 Y109.396 E28.04279
G1 X120.954 Y109.327 E28.04519
G1 X120.955 Y109.798 E28.0511
G1 X120.62 Y109.926 E28.0556
G0 F7200 X120.516 Y109.977
G0 X120.516 Y109.892
G0 X120.747 Y109.448
G0 X120.773 Y109.508
G0 X121.82 Y109.785
G0 X124.332 Y111.329
G0 X127.651 Y109.772
G0 X128.62 Y109.926
G1 F1800 X128.516 Y109.977 E28.05705
G1 X128.515 Y109.522 E28.06275
G1 X128.775 Y109.396 E28.06638
G1 X128.954 Y109.327 E28.06878
G1 X128.955 Y109.798 E28.07469
G1 X128.62 Y109.926 E28.07919
G0 F7200 X128.516 Y109.977
G0 X128.516 Y109.892
G0 X128.747 Y109.449
G0 X128.774 Y109.508
G0 X131.062 Y109.787
G0 X131.38 Y109.926
G1 F1800 X131.046 Y109.798 E28.08367
G1 X131.045 Y109.327 E28.08958
G1 X131.225 Y109.396 E28.092
G1 X131.484 Y109.521 E28.0956
G1 X131.485 Y109.977 E28.10132
G1 X131.38 Y109.926 E28.10278
G0 F7200 X131.193 Y109.855
G0 X131.175 Y109.815
G0 X131.2 Y109.751
G0 X131.056 Y112.343
G0 X131.38 Y112.926
G1 F1800 X131.046 Y112.798 E28.10727
G1 X131.045 Y112.327 E28.11318
G1 X131.225 Y112.396 E28.11559
G1 X131.484 Y112.521 E28.1192
G1 X131.485 Y112.977 E28.12492
G1 X131.38 Y112.926 E28.12638
G0 F7200 X131.193 Y112.855
G0 X131.175 Y112.815
G0 X131.2 Y112.751
G0 X128.939 Y112.787
G0 X128.62 Y112.926
G1 F1800 X128.516 Y112.977 E28.12784
G1 X128.516 Y112.521 E28.13355
G1 X128.775 Y112.396 E28.13716
G1 X128.954 Y112.327 E28.13957
G1 X128.955 Y112.798 E28.14547
G1 X128.62 Y112.926 E28.14997
G0 F7200 X128.516 Y112.977
G0 X128.516 Y112.892
G0 X128.747 Y112.448
G0 X128.773 Y112.508
G0 X128.943 Y115.343
G0 X128.62 Y115.926
G1 F1800 X128.516 Y115.977 E28.15142
G1 X128.516 Y115.521 E28.15714
G1 X128.775 Y115.396 E28.16075
G1 X128.954 Y115.327 E28.16315
G1 X128.954 Y115.798 E28.16906
G1 X128.62 Y115.926 E28.17354
G0 F7200 X128.516 Y115.977
G0 X128.516 Y115.892
G0 X128.747 Y115.448
G0 X128.773 Y115.508
G0 X131.062 Y115.787
G0 X131.38 Y115.926
G1 F1800 X131.046 Y115.798 E28.17803
G1 X131.045 Y115.327 E28.18394
G1 X131.225 Y115.396 E28.18635
G1 X131.484 Y115.521 E28.18996
G1 X131.485 Y115.977 E28.19568
G1 X131.38 Y115.926 E28.19714
G0 F7200 X131.193 Y115.855
G0 X131.175 Y115.815
G0 X131.2 Y115.751
G0 X131.056 Y118.343
G0 X131.38 Y118.926
G1 F1800 X131.046 Y118.798 E28.20163
G1 X131.045 Y118.327 E28.20754
G1 X131.225 Y118.396 E28.20995
G1 X131.484 Y118.521 E28.21356
G1 X131.484 Y118.977 E28.21928
G1 X131.38 Y118.926 E28.22073
G0 F7200 X131.193 Y118.855
G0 X131.175 Y118.815
G0 X131.2 Y118.751
G0 X128.934 Y118.787
G0 X128.62 Y118.926
G1 F1800 X128.516 Y118.977 E28.22218
G1 X128.515 Y118.522 E28.22789
G1 X128.775 Y118.396 E28.23151
G1 X128.954 Y118.327 E28.23392
G1 X128.954 Y118.798 E28.23982
G1 X128.62 Y118.926 E28.24431
G0 F7200 X128.516 Y118.977
G0 X128.516 Y118.892
G0 X128.747 Y118.448
;MESH:NONMESH
G0 F600 X128.747 Y118.448 Z3.4
G0 F7200 X128.773 Y118.508
G0 X127.651 Y118.533
G0 X124.332 Y117.329
G0 X122.191 Y116.45
G0 X121.803 Y114.203
G0 X119.67 Y114.326
G0 X114.191 Y110.45
G0 X112.939 Y109.787
G0 X113.038 Y109.766
;TIME_ELAPSED:209.835377
;LAYER:16
;TYPE:WALL-OUTER
;MESH:output\A_fina_suporte.stl
G1 F1800 X112.725 Y109.886 E28.24851
G1 X112.724 Y109.42 E28.25436
G1 X112.774 Y109.396 E28.25505
G1 X113.164 Y109.246 E28.26029
G1 X113.165 Y109.731 E28.26637
G1 X113.038 Y109.766 E28.26803
G0 F7200 X112.852 Y109.837
G0 X112.969 Y109.575
;TYPE:SKIN
G1 F1800 X112.936 Y109.542 E28.26832
G0 F7200 X112.881 Y109.398
G0 X112.9 Y109.454
G0 X114.836 Y109.671
G0 X114.962 Y109.766
;TYPE:WALL-OUTER
G1 F1800 X114.836 Y109.732 E28.26996
G1 X114.835 Y109.246 E28.27605
G1 X115.228 Y109.397 E28.27893
G1 X115.275 Y109.42 E28.27959
G1 X115.276 Y109.886 E28.28543
G1 X114.962 Y109.766 E28.28711
G0 F7200 X114.836 Y109.732
G0 X114.836 Y109.662
G0 X114.875 Y109.662
G0 X114.938 Y109.657
G0 X114.846 Y112.262
G0 X114.962 Y112.766
G1 F1800 X114.836 Y112.732 E28.28875
G1 X114.835 Y112.246 E28.29484
G1 X115.228 Y112.397 E28.29773
G1 X115.275 Y112.42 E28.29838
G1 X115.276 Y112.886 E28.30423
G1 X114.962 Y112.766 E28.3059
G0 F7200 X114.836 Y112.732
G0 X114.836 Y112.662
G0 X114.875 Y112.662
G0 X114.938 Y112.657
G0 X113.164 Y112.671
G0 X113.038 Y112.766
G1 F1800 X112.725 Y112.886 E28.31011
G1 X112.725 Y112.42 E28.31595
G1 X112.772 Y112.397 E28.31661
G1 X113.164 Y112.246 E28.32187
G1 X113.165 Y112.731 E28.32796
G1 X113.038 Y112.766 E28.32961
G0 F7200 X112.852 Y112.837
G0 X113.125 Y112.464
G0 X113.064 Y112.463
G0 X113.153 Y115.262
G0 X113.038 Y115.766
G1 F1800 X112.725 Y115.886 E28.33381
G1 X112.725 Y115.42 E28.33966
G1 X112.772 Y115.397 E28.34031
G1 X113.164 Y115.246 E28.34558
G1 X113.164 Y115.732 E28.35167
G1 X113.038 Y115.766 E28.35331
G0 F7200 X112.852 Y115.837
G0 X113.125 Y115.464
G0 X113.064 Y115.464
G0 X114.836 Y115.668
G0 X114.962 Y115.766
G1 F1800 X114.836 Y115.732 E28.35495
G1 X114.835 Y115.246 E28.36104
G1 X115.228 Y115.397 E28.36393
G1 X115.275 Y115.42 E28.36458
G1 X115.276 Y115.886 E28.37043
G1 X114.962 Y115.766 E28.3721
G0 F7200 X114.836 Y115.732
G0 X114.836 Y115.662
G0 X114.875 Y115.662
G0 X114.938 Y115.657
G0 X114.846 Y118.262
G0 X114.962 Y118.766
G1 F1800 X114.836 Y118.732 E28.37374
G1 X114.835 Y118.246 E28.37983
G1 X115.228 Y118.397 E28.38272
G1 X115.275 Y118.42 E28.38337
G1 X115.275 Y118.886 E28.38922
G1 X114.962 Y118.766 E28.39089
G0 F7200 X114.836 Y118.732
G0 X114.836 Y118.662
G0 X114.875 Y118.663
G0 X114.939 Y118.657
G0 X113.144 Y118.668
G0 X113.038 Y118.766
G1 F1800 X112.725 Y118.886 E28.39509
G1 X112.724 Y118.42 E28.40093
G1 X112.774 Y118.396 E28.40163
G1 X113.164 Y118.246 E28.40687
G1 X113.164 Y118.732 E28.41296
G1 X113.038 Y118.766 E28.4146
G0 F7200 X112.852 Y118.837
G0 X113.125 Y118.464
G0 X113.064 Y118.464
G0 X119.86 Y118.656
G0 X121.008 Y118.671
G0 X121.038 Y118.766
G1 F1800 X120.725 Y118.886 E28.4188
G1 X120.724 Y118.42 E28.42465
G1 X120.774 Y118.396 E28.42534
G1 X121.164 Y118.246 E28.43058
G1 X121.164 Y118.732 E28.43668
G1 X121.038 Y118.766 E28.43831
G0 F7200 X120.852 Y118.837
G0 X121.125 Y118.464
G0 X121.064 Y118.464
G0 X122.836 Y118.668
G0 X122.962 Y118.766
G1 F1800 X122.836 Y118.732 E28.43995
G1 X122.835 Y118.246 E28.44605
G1 X123.228 Y118.397 E28.44893
G1 X123.275 Y118.42 E28.44959
G1 X123.275 Y118.886 E28.45543
G1 X122.962 Y118.766 E28.4571
G0 F7200 X122.836 Y118.732
G0 X122.836 Y118.662
G0 X122.875 Y118.663
G0 X122.939 Y118.657
G0 X123.265 Y115.87
G0 X122.962 Y115.766
G1 F1800 X122.836 Y115.732 E28.45873
G1 X122.835 Y115.246 E28.46483
G1 X123.228 Y115.397 E28.46771
G1 X123.275 Y115.42 E28.46837
G1 X123.276 Y115.886 E28.47421
G1 X122.962 Y115.766 E28.47589
G0 F7200 X122.836 Y115.732
G0 X122.836 Y115.662
G0 X122.875 Y115.662
G0 X122.938 Y115.657
G0 X121.144 Y115.668
G0 X121.038 Y115.766
G1 F1800 X120.725 Y115.886 E28.48009
G1 X120.725 Y115.42 E28.48594
G1 X120.772 Y115.397 E28.48659
G1 X121.164 Y115.246 E28.49186
G1 X121.164 Y115.732 E28.49796
G1 X121.038 Y115.766 E28.49959
G0 F7200 X120.852 Y115.837
G0 X120.959 Y115.585
;TYPE:SKIN
G1 F1800 X120.923 Y115.549 E28.49991
G0 F7200 X120.867 Y115.403
G0 X120.886 Y115.46
G0 X120.736 Y112.87
G0 X121.038 Y112.766
;TYPE:WALL-OUTER
G1 F1800 X120.725 Y112.886 E28.50412
G1 X120.725 Y112.42 E28.50996
G1 X120.772 Y112.397 E28.51062
G1 X121.164 Y112.246 E28.51588
G1 X121.165 Y112.731 E28.52197
G1 X121.038 Y112.766 E28.52362
G0 F7200 X120.852 Y112.837
G0 X121.125 Y112.464
G0 X121.064 Y112.463
G0 X122.836 Y112.671
G0 X122.962 Y112.766
G1 F1800 X122.836 Y112.732 E28.52525
G1 X122.835 Y112.246 E28.53135
G1 X123.228 Y112.397 E28.53423
G1 X123.275 Y112.42 E28.53489
G1 X123.276 Y112.886 E28.54073
G1 X122.962 Y112.766 E28.54241
G0 F7200 X122.836 Y112.732
G0 X122.836 Y112.662
G0 X123.03 Y112.565
;TYPE:SKIN
G1 F1800 X123.06 Y112.595 E28.54268
G0 F7200 X123.004 Y112.739
G0 X123.025 Y112.684
G0 X123.265 Y109.87
G0 X122.962 Y109.766
;TYPE:WALL-OUTER
G1 F1800 X122.836 Y109.732 E28.54431
G1 X122.835 Y109.246 E28.55041
G1 X123.228 Y109.397 E28.55329
G1 X123.275 Y109.42 E28.55395
G1 X123.276 Y109.886 E28.55979
G1 X122.962 Y109.766 E28.56147
G0 F7200 X122.836 Y109.732
G0 X122.836 Y109.662
G0 X122.875 Y109.662
G0 X122.938 Y109.657
G0 X121.164 Y109.671
G0 X121.038 Y109.766
G1 F1800 X120.725 Y109.886 E28.56567
G1 X120.725 Y109.42 E28.57151
G1 X120.772 Y109.397 E28.57217
G1 X121.164 Y109.246 E28.57744
G1 X121.165 Y109.731 E28.58352
G1 X121.038 Y109.766 E28.58517
G0 F7200 X120.852 Y109.837
G0 X121.125 Y109.464
G0 X121.064 Y109.463
G0 X127.86 Y109.672
G0 X129.007 Y109.671
G0 X129.038 Y109.766
G1 F1800 X128.725 Y109.886 E28.58938
G1 X128.724 Y109.42 E28.59522
G1 X128.774 Y109.396 E28.59592
G1 X129.164 Y109.246 E28.60116
G1 X129.165 Y109.731 E28.60724
G1 X129.038 Y109.766 E28.60889
G0 F7200 X128.852 Y109.837
G0 X129.125 Y109.464
G0 X129.064 Y109.463
G0 X130.836 Y109.671
G0 X130.962 Y109.766
G1 F1800 X130.836 Y109.732 E28.61053
G1 X130.835 Y109.246 E28.61662
G1 X131.228 Y109.397 E28.61951
G1 X131.275 Y109.42 E28.62016
G1 X131.276 Y109.886 E28.62601
G1 X130.962 Y109.766 E28.62768
G0 F7200 X130.836 Y109.732
G0 X130.836 Y109.662
G0 X131.029 Y109.533
;TYPE:SKIN
G1 F1800 X131.079 Y109.583 E28.62813
G0 F7200 X131.236 Y109.583
G0 X131.175 Y109.582
G0 X130.846 Y112.262
G0 X130.962 Y112.766
;TYPE:WALL-OUTER
G1 F1800 X130.836 Y112.732 E28.62976
G1 X130.835 Y112.246 E28.63586
G1 X131.228 Y112.397 E28.63874
G1 X131.275 Y112.42 E28.6394
G1 X131.276 Y112.886 E28.64524
G1 X130.962 Y112.766 E28.64692
G0 F7200 X130.836 Y112.732
G0 X130.836 Y112.662
G0 X130.875 Y112.662
G0 X130.938 Y112.657
G0 X129.164 Y112.671
G0 X129.038 Y112.766
G1 F1800 X128.725 Y112.886 E28.65112
G1 X128.725 Y112.42 E28.65696
G1 X128.772 Y112.397 E28.65762
G1 X129.164 Y112.246 E28.66289
G1 X129.165 Y112.731 E28.66897
G1 X129.038 Y112.766 E28.67062
G0 F7200 X128.852 Y112.837
G0 X129.125 Y112.464
G0 X129.064 Y112.463
G0 X129.153 Y115.262
G0 X129.038 Y115.766
G1 F1800 X128.725 Y115.886 E28.67483
G1 X128.725 Y115.42 E28.68067
G1 X128.772 Y115.397 E28.68133
G1 X129.164 Y115.246 E28.68659
G1 X129.164 Y115.732 E28.69269
G1 X129.038 Y115.766 E28.69433
G0 F7200 X128.852 Y115.837
G0 X129.125 Y115.464
G0 X129.064 Y115.464
G0 X130.836 Y115.668
G0 X130.962 Y115.766
G1 F1800 X130.836 Y115.732 E28.69596
G1 X130.835 Y115.246 E28.70206
G1 X131.228 Y115.397 E28.70494
G1 X131.275 Y115.42 E28.7056
G1 X131.276 Y115.886 E28.71144
G1 X130.962 Y115.766 E28.71312
G0 F7200 X130.836 Y115.732
G0 X130.836 Y115.662
G0 X130.875 Y115.662
G0 X130.938 Y115.657
G0 X130.846 Y118.262
G0 X130.962 Y118.766
G1 F1800 X130.836 Y118.732 E28.71475
G1 X130.835 Y118.246 E28.72085
G1 X131.228 Y118.397 E28.72373
G1 X131.275 Y118.42 E28.72439
G1 X131.275 Y118.886 E28.73023
G1 X130.962 Y118.766 E28.7319
G0 F7200 X130.836 Y118.732
G0 X130.836 Y118.662
G0 X130.875 Y118.663
G0 X130.939 Y118.657
G0 X129.144 Y118.668
G0 X129.038 Y118.766
G1 F1800 X128.725 Y118.886 E28.7361
G1 X128.724 Y118.42 E28.74195
G1 X128.774 Y118.396 E28.74264
G1 X129.164 Y118.246 E28.74788
G1 X129.164 Y118.732 E28.75398
G1 X129.038 Y118.766 E28.75561
G0 F7200 X128.852 Y118.837
G0 X129.125 Y118.464
;MESH:NONMESH
G0 F600 X129.125 Y118.464 Z3.6
G0 F7200 X129.064 Y118.464
G0 X127.86 Y118.431
G0 X124.133 Y114.88
G0 X123.107 Y114.423
G0 X122.013 Y114.139
G0 X119.879 Y114.22
G0 X114.03 Y109.717
G0 X113.007 Y109.671
G0 X113.038 Y109.766
;TIME_ELAPSED:213.648292
;LAYER:17
;TYPE:WALL-OUTER
;MESH:output\A_fina_suporte.stl
G1 F1800 X112.935 Y109.805 E28.757
G1 X112.935 Y109.334 E28.7629
G1 X113.166 Y109.245 E28.76601
G1 X113.383 Y109.187 E28.76882
G1 X113.384 Y109.673 E28.77492
G1 X113.038 Y109.766 E28.77941
G0 F7200 X112.935 Y109.805
G0 X112.935 Y109.715
G0 X113.225 Y109.302
G0 X113.23 Y109.331
G0 X114.617 Y109.659
G0 X114.962 Y109.766
G1 F1800 X114.617 Y109.673 E28.78389
G1 X114.616 Y109.187 E28.78999
G1 X114.834 Y109.245 E28.79282
G1 X115.065 Y109.334 E28.79592
G1 X115.066 Y109.806 E28.80184
G1 X114.962 Y109.766 E28.80324
G0 F7200 X114.769 Y109.714
G0 X114.752 Y109.643
G0 X114.762 Y109.609
G0 X114.629 Y112.202
G0 X114.962 Y112.766
G1 F1800 X114.617 Y112.673 E28.80772
G1 X114.617 Y112.187 E28.81381
G1 X114.834 Y112.245 E28.81663
G1 X115.065 Y112.334 E28.81973
G1 X115.065 Y112.805 E28.82564
G1 X114.962 Y112.766 E28.82702
G0 F7200 X114.769 Y112.714
G0 X114.752 Y112.643
G0 X114.762 Y112.609
G0 X113.363 Y112.671
G0 X113.038 Y112.766
G1 F1800 X112.935 Y112.805 E28.8284
G1 X112.935 Y112.334 E28.83431
G1 X113.166 Y112.245 E28.83741
G1 X113.383 Y112.187 E28.84023
G1 X113.383 Y112.673 E28.84632
G1 X113.038 Y112.766 E28.8508
G0 F7200 X112.935 Y112.805
G0 X112.935 Y112.715
G0 X113.224 Y112.301
G0 X113.23 Y112.331
G0 X113.371 Y115.202
G0 X113.038 Y115.766
G1 F1800 X112.935 Y115.805 E28.85219
G1 X112.935 Y115.334 E28.85809
G1 X113.166 Y115.245 E28.8612
G1 X113.383 Y115.187 E28.86401
G1 X113.384 Y115.673 E28.87011
G1 X113.038 Y115.766 E28.8746
G0 F7200 X112.935 Y115.805
G0 X112.935 Y115.715
G0 X113.225 Y115.302
G0 X113.23 Y115.331
G0 X114.617 Y115.659
G0 X114.962 Y115.766
G1 F1800 X114.617 Y115.673 E28.87908
G1 X114.616 Y115.187 E28.88518
G1 X114.834 Y115.245 E28.88801
G1 X115.065 Y115.334 E28.89111
G1 X115.066 Y115.806 E28.89703
G1 X114.962 Y115.766 E28.89843
G0 F7200 X114.769 Y115.714
G0 X114.752 Y115.643
G0 X114.762 Y115.609
G0 X114.629 Y118.202
G0 X114.962 Y118.766
G1 F1800 X114.617 Y118.673 E28.90291
G1 X114.617 Y118.187 E28.909
G1 X114.834 Y118.245 E28.91182
G1 X115.065 Y118.334 E28.91492
G1 X115.066 Y118.806 E28.92084
G1 X114.962 Y118.766 E28.92224
G0 F7200 X114.769 Y118.714
G0 X114.819 Y118.525
;TYPE:SKIN
G1 F1800 X114.869 Y118.475 E28.92268
G0 F7200 X115.017 Y118.474
G0 X114.965 Y118.473
G0 X113.363 Y118.671
G0 X113.038 Y118.766
;TYPE:WALL-OUTER
G1 F1800 X112.935 Y118.805 E28.92406
G1 X112.935 Y118.334 E28.92997
G1 X113.166 Y118.245 E28.93308
G1 X113.383 Y118.187 E28.93589
G1 X113.383 Y118.673 E28.94199
G1 X113.038 Y118.766 E28.94647
G0 F7200 X112.935 Y118.805
G0 X112.935 Y118.715
G0 X113.13 Y118.518
;TYPE:SKIN
G1 F1800 X113.187 Y118.46 E28.94698
G0 F7200 X113.335 Y118.46
G0 X113.283 Y118.46
G0 X113.644 Y119.499
G0 X115.914 Y120.04
G0 X120.07 Y118.671
G0 X121.038 Y118.766
;TYPE:WALL-OUTER
G1 F1800 X120.935 Y118.805 E28.94836
G1 X120.935 Y118.334 E28.95426
G1 X121.166 Y118.245 E28.95737
G1 X121.383 Y118.187 E28.96019
G1 X121.383 Y118.673 E28.96628
G1 X121.038 Y118.766 E28.97076
G0 F7200 X120.935 Y118.805
G0 X120.935 Y118.715
G0 X121.224 Y118.301
G0 X121.23 Y118.331
G0 X122.637 Y118.67
G0 X122.962 Y118.766
G1 F1800 X122.617 Y118.673 E28.97524
G1 X122.617 Y118.187 E28.98134
G1 X122.834 Y118.245 E28.98415
G1 X123.065 Y118.334 E28.98726
G1 X123.066 Y118.806 E28.99318
G1 X122.962 Y118.766 E28.99457
G0 F7200 X122.769 Y118.714
G0 X122.752 Y118.643
G0 X122.762 Y118.609
G0 X123.055 Y115.79
G0 X122.962 Y115.766
G1 F1800 X122.617 Y115.673 E28.99906
G1 X122.616 Y115.187 E29.00515
G1 X122.834 Y115.245 E29.00798
G1 X123.065 Y115.334 E29.01108
G1 X123.066 Y115.806 E29.017
G1 X122.962 Y115.766 E29.0184
G0 F7200 X122.769 Y115.714
G0 X122.752 Y115.643
G0 X122.762 Y115.609
G0 X121.369 Y115.661
G0 X121.038 Y115.766
G1 F1800 X120.935 Y115.805 E29.01978
G1 X120.935 Y115.334 E29.02569
G1 X121.166 Y115.245 E29.02879
G1 X121.383 Y115.187 E29.03161
G1 X121.384 Y115.673 E29.0377
G1 X121.038 Y115.766 E29.0422
G0 F7200 X120.935 Y115.805
G0 X120.935 Y115.715
G0 X121.225 Y115.302
G0 X121.23 Y115.331
G0 X120.946 Y112.789
G0 X121.038 Y112.766
G1 F1800 X120.935 Y112.805 E29.04358
G1 X120.935 Y112.334 E29.04948
G1 X121.166 Y112.245 E29.05259
G1 X121.383 Y112.187 E29.05541
G1 X121.383 Y112.673 E29.0615
G1 X121.038 Y112.766 E29.06598
G0 F7200 X120.935 Y112.805
G0 X120.935 Y112.715
G0 X121.128 Y112.499
;TYPE:SKIN
G1 F1800 X121.179 Y112.449 E29.06643
G0 F7200 X121.165 Y112.317
G0 X121.176 Y112.348
G0 X122.637 Y112.671
G0 X122.962 Y112.766
;TYPE:WALL-OUTER
G1 F1800 X122.617 Y112.673 E29.07091
G1 X122.617 Y112.187 E29.077
G1 X122.834 Y112.245 E29.07982
G1 X123.065 Y112.334 E29.08293
G1 X123.065 Y112.805 E29.08883
G1 X122.962 Y112.766 E29.09021
G0 F7200 X122.769 Y112.714
G0 X122.811 Y112.514
;TYPE:SKIN
G1 F1800 X122.86 Y112.464 E29.09065
G0 F7200 X122.875 Y112.329
G0 X122.86 Y112.362
G0 X123.055 Y109.79
G0 X122.962 Y109.766
;TYPE:WALL-OUTER
G1 F1800 X122.617 Y109.673 E29.09513
G1 X122.616 Y109.187 E29.10123
G1 X122.834 Y109.245 E29.10406
G1 X123.065 Y109.334 E29.10716
G1 X123.066 Y109.806 E29.11308
G1 X122.962 Y109.766 E29.11448
G0 F7200 X122.769 Y109.714
G0 X122.752 Y109.643
G0 X122.762 Y109.609
G0 X121.369 Y109.661
G0 X121.038 Y109.766
G1 F1800 X120.935 Y109.805 E29.11586
G1 X120.935 Y109.334 E29.12176
G1 X121.166 Y109.245 E29.12487
G1 X121.383 Y109.187 E29.12769
G1 X121.384 Y109.673 E29.13378
G1 X121.038 Y109.766 E29.13827
G0 F7200 X120.935 Y109.805
G0 X120.935 Y109.715
G0 X121.225 Y109.302
G0 X121.23 Y109.331
G0 X121.648 Y110.498
G0 X123.914 Y111.04
G0 X128.07 Y109.661
G0 X129.038 Y109.766
G1 F1800 X128.935 Y109.805 E29.13965
G1 X128.935 Y109.334 E29.14556
G1 X129.166 Y109.245 E29.14867
G1 X129.383 Y109.187 E29.15148
G1 X129.384 Y109.673 E29.15758
G1 X129.038 Y109.766 E29.16207
G0 F7200 X128.935 Y109.805
G0 X128.935 Y109.715
G0 X129.225 Y109.302
G0 X129.23 Y109.331
G0 X130.617 Y109.659
G0 X130.962 Y109.766
G1 F1800 X130.617 Y109.673 E29.16655
G1 X130.616 Y109.187 E29.17265
G1 X130.834 Y109.245 E29.17547
G1 X131.065 Y109.334 E29.17858
G1 X131.066 Y109.806 E29.1845
G1 X130.962 Y109.766 E29.1859
G0 F7200 X130.769 Y109.714
G0 X130.752 Y109.643
G0 X130.762 Y109.609
G0 X130.629 Y112.202
G0 X130.962 Y112.766
G1 F1800 X130.617 Y112.673 E29.19038
G1 X130.617 Y112.187 E29.19647
G1 X130.834 Y112.245 E29.19929
G1 X131.065 Y112.334 E29.20239
G1 X131.065 Y112.805 E29.2083
G1 X130.962 Y112.766 E29.20968
G0 F7200 X130.769 Y112.714
G0 X130.752 Y112.643
G0 X130.762 Y112.609
G0 X129.363 Y112.671
G0 X129.038 Y112.766
G1 F1800 X128.935 Y112.805 E29.21106
G1 X128.935 Y112.334 E29.21697
G1 X129.166 Y112.245 E29.22007
G1 X129.383 Y112.187 E29.22289
G1 X129.383 Y112.673 E29.22898
G1 X129.038 Y112.766 E29.23346
G0 F7200 X128.935 Y112.805
G0 X128.935 Y112.715
G0 X129.224 Y112.301
G0 X129.23 Y112.331
G0 X129.371 Y115.202
G0 X129.038 Y115.766
G1 F1800 X128.935 Y115.805 E29.23484
G1 X128.935 Y115.334 E29.24075
G1 X129.166 Y115.245 E29.24386
G1 X129.383 Y115.187 E29.24667
G1 X129.384 Y115.673 E29.25277
G1 X129.038 Y115.766 E29.25726
G0 F7200 X128.935 Y115.805
G0 X128.935 Y115.715
G0 X129.129 Y115.529
;TYPE:SKIN
G1 F1800 X129.188 Y115.47 E29.25778
G0 F7200 X129.335 Y115.469
G0 X129.283 Y115.468
G0 X130.617 Y115.659
G0 X130.962 Y115.766
;TYPE:WALL-OUTER
G1 F1800 X130.617 Y115.673 E29.26226
G1 X130.616 Y115.187 E29.26836
G1 X130.834 Y115.245 E29.27119
G1 X131.065 Y115.334 E29.27429
G1 X131.066 Y115.806 E29.28021
G1 X130.962 Y115.766 E29.28161
G0 F7200 X130.769 Y115.714
G0 X130.827 Y115.528
;TYPE:SKIN
G1 F1800 X130.869 Y115.486 E29.28198
G0 F7200 X131.017 Y115.486
G0 X130.965 Y115.485
G0 X130.629 Y118.202
G0 X130.962 Y118.766
;TYPE:WALL-OUTER
G1 F1800 X130.617 Y118.673 E29.28646
G1 X130.617 Y118.187 E29.29256
G1 X130.834 Y118.245 E29.29537
G1 X131.065 Y118.334 E29.29848
G1 X131.066 Y118.806 E29.3044
G1 X130.962 Y118.766 E29.30579
G0 F7200 X130.769 Y118.714
G0 X130.752 Y118.643
G0 X130.762 Y118.609
G0 X129.363 Y118.671
G0 X129.038 Y118.766
G1 F1800 X128.935 Y118.805 E29.30718
G1 X128.935 Y118.334 E29.31308
G1 X129.166 Y118.245 E29.31619
G1 X129.383 Y118.187 E29.319
G1 X129.383 Y118.673 E29.3251
G1 X129.038 Y118.766 E29.32958
G0 F7200 X128.935 Y118.805
G0 X128.935 Y118.715
G0 X129.224 Y118.301
;MESH:NONMESH
G0 F600 X129.224 Y118.301 Z3.8
G0 F7200 X129.23 Y118.331
G0 X128.07 Y118.345
G0 X123.922 Y114.744
G0 X122.64 Y114.298
G0 X120.888 Y114.436
G0 X113.648 Y110.498
G0 X113.459 Y109.653
;TIME_ELAPSED:217.493970
;LAYER:18
;TYPE:WALL-OUTER
;MESH:output\A_fina_suporte.stl
G1 F1800 X113.145 Y109.737 E29.33365
G1 X113.145 Y109.253 E29.33972
G1 X113.163 Y109.246 E29.33997
G1 X113.536 Y109.146 E29.34481
G1 X113.731 Y109.116 E29.34728
G1 X113.812 Y109.108 E29.3483
G1 X114.092 Y109.102 E29.35182
G1 X114.188 Y109.108 E29.35302
G1 X114.269 Y109.116 E29.35404
G1 X114.464 Y109.146 E29.35652
G1 X114.837 Y109.246 E29.36136
G1 X114.855 Y109.253 E29.3616
G1 X114.856 Y109.737 E29.36767
G1 X114.541 Y109.653 E29.36929
G1 X114.325 Y109.62 E29.37203
G1 X114.216 Y109.609 E29.3734
G1 X114.104 Y109.602 E29.37481
G1 X113.788 Y109.608 E29.37877
G1 X113.675 Y109.62 E29.3802
G1 X113.459 Y109.653 E29.38294
G0 F7200 X113.266 Y109.704
G0 X113.388 Y109.428
;TYPE:SKIN
G1 F1800 X113.623 Y109.38 E29.38387
G1 X114.488 Y109.397 E29.38723
G0 F7200 X114.494 Y109.567
G0 X114.499 Y109.546
G0 X113.455 Y109.634
G0 X113.733 Y112.135
G0 X113.459 Y112.653
;TYPE:WALL-OUTER
G1 F1800 X113.145 Y112.737 E29.3913
G1 X113.145 Y112.253 E29.39737
G1 X113.163 Y112.246 E29.39762
G1 X113.536 Y112.146 E29.40246
G1 X113.731 Y112.116 E29.40493
G1 X113.812 Y112.108 E29.40595
G1 X114.092 Y112.102 E29.40947
G1 X114.188 Y112.108 E29.41067
G1 X114.269 Y112.116 E29.41169
G1 X114.464 Y112.146 E29.41417
G1 X114.837 Y112.246 E29.41901
G1 X114.855 Y112.253 E29.41925
G1 X114.855 Y112.737 E29.42532
G1 X114.541 Y112.653 E29.4294
G1 X114.325 Y112.62 E29.43214
G1 X114.216 Y112.609 E29.43351
G1 X114.104 Y112.602 E29.43492
G1 X113.788 Y112.608 E29.43888
G1 X113.675 Y112.62 E29.44031
G1 X113.459 Y112.653 E29.44305
G0 F7200 X113.266 Y112.704
G0 X113.53 Y112.398
;TYPE:SKIN
G1 F1800 X113.776 Y112.362 E29.4441
G1 X114.357 Y112.377 E29.44654
G0 F7200 X114.4 Y112.54
G0 X114.402 Y112.531
G0 X113.733 Y115.135
G0 X113.459 Y115.653
;TYPE:WALL-OUTER
G1 F1800 X113.145 Y115.737 E29.45062
G1 X113.145 Y115.253 E29.45669
G1 X113.163 Y115.246 E29.45693
G1 X113.536 Y115.146 E29.46177
G1 X113.731 Y115.116 E29.46425
G1 X113.812 Y115.108 E29.46527
G1 X114.092 Y115.102 E29.46878
G1 X114.188 Y115.108 E29.46999
G1 X114.269 Y115.116 E29.47101
G1 X114.464 Y115.146 E29.47348
G1 X114.837 Y115.246 E29.47832
G1 X114.855 Y115.253 E29.47857
G1 X114.856 Y115.737 E29.48464
G1 X114.541 Y115.653 E29.48625
G1 X114.325 Y115.62 E29.48899
G1 X114.216 Y115.609 E29.49037
G1 X114.104 Y115.602 E29.49177
G1 X113.788 Y115.608 E29.49574
G1 X113.675 Y115.62 E29.49716
G1 X113.459 Y115.653 E29.4999
G0 F7200 X113.266 Y115.704
G0 X113.437 Y115.417
;TYPE:SKIN
G1 F1800 X113.675 Y115.372 E29.50082
G1 X114.567 Y115.415 E29.50422
G0 F7200 X114.591 Y115.593
G0 X114.598 Y115.566
G0 X114.168 Y118.126
G0 X113.459 Y118.653
;TYPE:WALL-OUTER
G1 F1800 X113.145 Y118.737 E29.5083
G1 X113.145 Y118.253 E29.51437
G1 X113.163 Y118.246 E29.51461
G1 X113.536 Y118.146 E29.51945
G1 X113.731 Y118.116 E29.52193
G1 X113.812 Y118.108 E29.52295
G1 X114.092 Y118.102 E29.52646
G1 X114.188 Y118.108 E29.52767
G1 X114.269 Y118.116 E29.52869
G1 X114.464 Y118.146 E29.53116
G1 X114.837 Y118.246 E29.536
G1 X114.855 Y118.253 E29.53624
G1 X114.856 Y118.737 E29.54231
G1 X114.541 Y118.653 E29.54393
G1 X114.325 Y118.62 E29.54667
G1 X114.216 Y118.609 E29.54804
G1 X114.104 Y118.602 E29.54945
G1 X113.788 Y118.608 E29.55342
G1 X113.675 Y118.62 E29.55484
G1 X113.459 Y118.653 E29.55758
G0 F7200 X113.266 Y118.704
G0 X113.359 Y118.45
;TYPE:SKIN
G1 F1800 X113.579 Y118.388 E29.55843
G1 X114.426 Y118.386 E29.56159
G0 F7200 X114.435 Y118.551
G0 X114.438 Y118.536
G0 X115.72 Y118.568
G0 X120.28 Y118.569
G0 X121.439 Y118.556
G0 X121.459 Y118.653
;TYPE:WALL-OUTER
G1 F1800 X121.145 Y118.737 E29.56567
G1 X121.145 Y118.253 E29.57173
G1 X121.163 Y118.246 E29.57198
G1 X121.536 Y118.146 E29.57682
G1 X121.731 Y118.116 E29.57929
G1 X121.812 Y118.108 E29.58031
G1 X122.092 Y118.102 E29.58383
G1 X122.188 Y118.108 E29.58503
G1 X122.269 Y118.116 E29.58605
G1 X122.464 Y118.146 E29.58853
G1 X122.837 Y118.246 E29.59337
G1 X122.855 Y118.253 E29.59361
G1 X122.856 Y118.737 E29.59968
G1 X122.541 Y118.653 E29.6013
G1 X122.325 Y118.62 E29.60404
G1 X122.216 Y118.609 E29.60541
G1 X122.104 Y118.602 E29.60682
G1 X121.788 Y118.608 E29.61078
G1 X121.675 Y118.62 E29.61221
G1 X121.459 Y118.653 E29.61495
G0 F7200 X121.266 Y118.704
G0 X121.513 Y118.402
;TYPE:SKIN
G1 F1800 X121.758 Y118.364 E29.61599
G1 X122.333 Y118.373 E29.61841
G0 F7200 X122.377 Y118.536
G0 X122.379 Y118.527
G0 X121.157 Y115.722
G0 X121.459 Y115.653
;TYPE:WALL-OUTER
G1 F1800 X121.145 Y115.737 E29.62249
G1 X121.145 Y115.253 E29.62856
G1 X121.163 Y115.246 E29.6288
G1 X121.536 Y115.146 E29.63364
G1 X121.731 Y115.116 E29.63612
G1 X121.812 Y115.108 E29.63714
G1 X121.908 Y115.102 E29.63834
G1 X122.189 Y115.108 E29.64187
G1 X122.269 Y115.116 E29.64288
G1 X122.464 Y115.146 E29.64535
G1 X122.837 Y115.246 E29.65019
G1 X122.855 Y115.253 E29.65044
G1 X122.856 Y115.737 E29.65651
G1 X122.541 Y115.653 E29.65812
G1 X122.325 Y115.62 E29.66086
G1 X122.212 Y115.608 E29.66229
G1 X121.896 Y115.602 E29.66625
G1 X121.784 Y115.609 E29.66766
G1 X121.675 Y115.62 E29.66903
G1 X121.459 Y115.653 E29.67177
G0 F7200 X121.266 Y115.704
G0 X121.372 Y115.432
;TYPE:SKIN
G1 F1800 X121.606 Y115.383 E29.67269
G1 X122.463 Y115.392 E29.67597
G0 F7200 X122.47 Y115.561
G0 X122.473 Y115.542
G0 X121.157 Y112.722
G0 X121.459 Y112.653
;TYPE:WALL-OUTER
G1 F1800 X121.145 Y112.737 E29.68004
G1 X121.145 Y112.253 E29.68611
G1 X121.163 Y112.246 E29.68636
G1 X121.536 Y112.146 E29.6912
G1 X121.731 Y112.116 E29.69367
G1 X121.812 Y112.108 E29.69469
G1 X122.092 Y112.102 E29.69821
G1 X122.188 Y112.108 E29.69941
G1 X122.269 Y112.116 E29.70043
G1 X122.464 Y112.146 E29.70291
G1 X122.837 Y112.246 E29.70775
G1 X122.855 Y112.253 E29.70799
G1 X122.855 Y112.737 E29.71406
G1 X122.541 Y112.653 E29.71814
G1 X122.325 Y112.62 E29.72088
G1 X122.216 Y112.609 E29.72225
G1 X122.104 Y112.602 E29.72366
G1 X121.788 Y112.608 E29.72762
G1 X121.675 Y112.62 E29.72905
G1 X121.459 Y112.653 E29.73179
G0 F7200 X121.266 Y112.704
G0 X121.463 Y112.412
;TYPE:SKIN
G1 F1800 X121.703 Y112.369 E29.7327
G1 X122.607 Y112.425 E29.73609
G0 F7200 X122.491 Y112.241
G1 F1500 E23.23609
G0 F7200 X122.487 Y112.255
G0 X121.157 Y109.722
G1 F1500 E29.73609
G0 F7200 X121.459 Y109.653
;TYPE:WALL-OUTER
G1 F1800 X121.145 Y109.737 E29.74017
G1 X121.145 Y109.253 E29.74624
G1 X121.163 Y109.246 E29.74648
G1 X121.536 Y109.146 E29.75132
G1 X121.731 Y109.116 E29.7538
G1 X121.812 Y109.108 E29.75482
G1 X122.092 Y109.102 E29.75833
G1 X122.188 Y109.108 E29.75954
G1 X122.269 Y109.116 E29.76056
G1 X122.464 Y109.146 E29.76303
G1 X122.837 Y109.246 E29.76787
G1 X122.855 Y109.253 E29.76811
G1 X122.856 Y109.737 E29.77418
G1 X122.541 Y109.653 E29.7758
G1 X122.325 Y109.62 E29.77854
G1 X122.212 Y109.608 E29.77997
G1 X121.896 Y109.602 E29.78393
G1 X121.784 Y109.609 E29.78534
G1 X121.675 Y109.62 E29.78671
G1 X121.459 Y109.653 E29.78945
G0 F7200 X121.266 Y109.704
G0 X121.555 Y109.393
;TYPE:SKIN
G1 F1800 X121.804 Y109.359 E29.79052
G1 X122.393 Y109.382 E29.79304
G0 F7200 X122.403 Y109.543
G1 F1500 E23.29304
G0 F7200 X122.405 Y109.531
G0 X123.72 Y109.568
G0 X128.28 Y109.569
G0 X129.439 Y109.556
G1 F1500 E29.79304
G0 F7200 X129.459 Y109.653
;TYPE:WALL-OUTER
G1 F1800 X129.145 Y109.737 E29.79711
G1 X129.145 Y109.253 E29.80318
G1 X129.163 Y109.246 E29.80342
G1 X129.536 Y109.146 E29.80827
G1 X129.731 Y109.116 E29.81074
G1 X129.812 Y109.108 E29.81176
G1 X129.908 Y109.102 E29.81297
G1 X130.189 Y109.108 E29.81649
G1 X130.269 Y109.116 E29.8175
G1 X130.464 Y109.146 E29.81998
G1 X130.837 Y109.246 E29.82482
G1 X130.855 Y109.253 E29.82506
G1 X130.856 Y109.737 E29.83113
G1 X130.541 Y109.653 E29.83275
G1 X130.325 Y109.62 E29.83549
G1 X130.212 Y109.608 E29.83691
G1 X129.896 Y109.602 E29.84087
G1 X129.784 Y109.609 E29.84228
G1 X129.675 Y109.62 E29.84366
G1 X129.459 Y109.653 E29.8464
G0 F7200 X129.266 Y109.704
G0 X129.489 Y109.407
;TYPE:SKIN
G1 F1800 X129.731 Y109.366 E29.84725
G1 X130.628 Y109.414 E29.85038
G0 F7200 X130.486 Y109.24
G1 F1500 E23.35038
G0 F7200 X130.483 Y109.253
G0 X129.455 Y109.634
G0 X129.733 Y112.135
G1 F1500 E29.85038
G0 F7200 X129.459 Y112.653
;TYPE:WALL-OUTER
G1 F1800 X129.145 Y112.737 E29.85445
G1 X129.145 Y112.253 E29.86052
G1 X129.163 Y112.246 E29.86076
G1 X129.536 Y112.146 E29.86561
G1 X129.731 Y112.116 E29.86808
G1 X129.812 Y112.108 E29.8691
G1 X129.908 Y112.102 E29.87031
G1 X130.189 Y112.108 E29.87383
G1 X130.269 Y112.116 E29.87484
G1 X130.464 Y112.146 E29.87731
G1 X130.837 Y112.246 E29.88216
G1 X130.855 Y112.253 E29.8824
G1 X130.855 Y112.737 E29.88847
G1 X130.541 Y112.653 E29.89254
G1 X130.325 Y112.62 E29.89529
G1 X130.212 Y112.608 E29.89671
G1 X129.896 Y112.602 E29.90067
G1 X129.784 Y112.609 E29.90208
G1 X129.675 Y112.62 E29.90345
G1 X129.459 Y112.653 E29.90619
G0 F7200 X129.266 Y112.704
G0 X129.397 Y112.426
;TYPE:SKIN
G1 F1800 X129.632 Y112.378 E29.90711
G1 X130.502 Y112.4 E29.91045
G0 F7200 X130.506 Y112.571
G1 F1500 E23.41045
G0 F7200 X130.51 Y112.547
G0 X130.188 Y115.127
G1 F1500 E29.91045
G0 F7200 X129.459 Y115.653
;TYPE:WALL-OUTER
G1 F1800 X129.145 Y115.737 E29.91453
G1 X129.145 Y115.253 E29.9206
G1 X129.163 Y115.246 E29.92084
G1 X129.536 Y115.146 E29.92568
G1 X129.731 Y115.116 E29.92816
G1 X129.812 Y115.108 E29.92918
G1 X129.908 Y115.102 E29.93038
G1 X130.189 Y115.108 E29.93391
G1 X130.269 Y115.116 E29.93492
G1 X130.464 Y115.146 E29.93739
G1 X130.837 Y115.246 E29.94223
G1 X130.855 Y115.253 E29.94248
G1 X130.856 Y115.737 E29.94855
G1 X130.541 Y115.653 E29.95016
G1 X130.325 Y115.62 E29.9529
G1 X130.212 Y115.608 E29.95433
G1 X129.896 Y115.602 E29.95829
G1 X129.784 Y115.609 E29.9597
G1 X129.675 Y115.62 E29.96107
G1 X129.459 Y115.653 E29.96381
G0 F7200 X129.266 Y115.704
G0 X129.539 Y115.397
;TYPE:SKIN
G1 F1800 X129.785 Y115.36 E29.96487
G1 X130.369 Y115.378 E29.96735
G0 F7200 X130.379 Y115.537
G1 F1500 E23.46735
G0 F7200 X130.381 Y115.528
G0 X129.733 Y118.135
G1 F1500 E29.96735
G0 F7200 X129.459 Y118.653
;TYPE:WALL-OUTER
G1 F1800 X129.145 Y118.737 E29.97143
G1 X129.145 Y118.253 E29.9775
G1 X129.163 Y118.246 E29.97774
G1 X129.536 Y118.146 E29.98258
G1 X129.731 Y118.116 E29.98505
G1 X129.812 Y118.108 E29.98608
G1 X130.092 Y118.102 E29.98959
G1 X130.188 Y118.108 E29.99079
G1 X130.269 Y118.116 E29.99181
G1 X130.464 Y118.146 E29.99429
G1 X130.837 Y118.246 E29.99913
G1 X130.855 Y118.253 E29.99937
G1 X130.856 Y118.737 E30.00544
G1 X130.541 Y118.653 E30.00706
G1 X130.325 Y118.62 E30.0098
G1 X130.216 Y118.609 E30.01117
G1 X130.104 Y118.602 E30.01258
G1 X129.788 Y118.608 E30.01654
G1 X129.675 Y118.62 E30.01797
G1 X129.459 Y118.653 E30.02071
G0 F7200 X129.266 Y118.704
G0 X129.447 Y118.416
;TYPE:SKIN
G1 F1800 X129.685 Y118.371 E30.02163
G1 X130.583 Y118.421 E30.02504
G0 F7200 X130.607 Y118.598
G1 F1500 E23.52504
;MESH:NONMESH
G0 F600 X130.607 Y118.598 Z4
G0 F7200 X130.614 Y118.57
G0 X129.161 Y118.264
G0 X123.712 Y114.662
G0 X121.299 Y113.591
G0 X120.298 Y113.954
G0 X115.72 Y109.721
G0 X114.339 Y109.6
G1 F1500 E30.02504
G0 F7200 X113.459 Y109.653
;TIME_ELAPSED:224.511360
;LAYER:19
;TYPE:WALL-OUTER
;MESH:output\A_fina_suporte.stl
G1 F1800 X113.355 Y109.681 E30.02639
G1 X113.355 Y109.195 E30.03249
G1 X113.536 Y109.146 E30.03484
G1 X113.731 Y109.116 E30.03731
G1 X113.812 Y109.108 E30.03833
G1 X114.092 Y109.102 E30.04185
G1 X114.188 Y109.108 E30.04305
G1 X114.269 Y109.116 E30.04407
G1 X114.464 Y109.146 E30.04655
G1 X114.645 Y109.195 E30.0489
G1 X114.645 Y109.681 E30.05499
G1 X114.541 Y109.653 E30.05634
G1 X114.325 Y109.62 E30.05908
G1 X114.216 Y109.609 E30.06046
G1 X114.104 Y109.602 E30.06186
G1 X113.788 Y109.608 E30.06583
G1 X113.675 Y109.62 E30.06725
G1 X113.459 Y109.653 E30.06999
G0 F7200 X113.355 Y109.681
G0 X113.355 Y109.588
G0 X113.803 Y109.358
;TYPE:SKIN
G1 F1800 X114.09 Y109.354 E30.07149
G1 X114.35 Y109.377 E30.07286
G0 F7200 X114.412 Y109.229
G1 F1500 E23.57286
G0 F7200 X114.41 Y109.238
G0 X113.455 Y109.634
G0 X113.733 Y112.135
G1 F1500 E30.07286
G0 F7200 X113.459 Y112.653
;TYPE:WALL-OUTER
G1 F1800 X113.355 Y112.681 E30.07421
G1 X113.355 Y112.195 E30.0803
G1 X113.536 Y112.146 E30.08265
G1 X113.731 Y112.116 E30.08513
G1 X113.812 Y112.108 E30.08615
G1 X114.092 Y112.102 E30.08966
G1 X114.188 Y112.108 E30.09087
G1 X114.269 Y112.116 E30.09189
G1 X114.464 Y112.146 E30.09436
G1 X114.645 Y112.195 E30.09671
G1 X114.645 Y112.681 E30.10281
G1 X114.541 Y112.653 E30.10416
G1 X114.325 Y112.62 E30.1069
G1 X114.216 Y112.609 E30.10827
G1 X114.104 Y112.602 E30.10968
G1 X113.788 Y112.608 E30.11364
G1 X113.675 Y112.62 E30.11507
G1 X113.459 Y112.653 E30.11781
G0 F7200 X113.355 Y112.681
G0 X113.355 Y112.588
G0 X113.61 Y112.38
;TYPE:SKIN
G1 F1800 X113.918 Y112.355 E30.11912
G1 X114.426 Y112.413 E30.12129
G0 F7200 X114.263 Y112.21
G1 F1500 E23.62129
G0 F7200 X114.262 Y112.215
G0 X113.733 Y115.135
G1 F1500 E30.12129
G0 F7200 X113.459 Y115.653
;TYPE:WALL-OUTER
G1 F1800 X113.355 Y115.681 E30.12264
G1 X113.355 Y115.195 E30.12873
G1 X113.536 Y115.146 E30.13109
G1 X113.731 Y115.116 E30.13356
G1 X113.812 Y115.108 E30.13458
G1 X114.092 Y115.102 E30.13809
G1 X114.188 Y115.108 E30.1393
G1 X114.269 Y115.116 E30.14032
G1 X114.464 Y115.146 E30.14279
G1 X114.645 Y115.195 E30.14514
G1 X114.645 Y115.681 E30.15124
G1 X114.541 Y115.653 E30.15259
G1 X114.325 Y115.62 E30.15533
G1 X114.216 Y115.609 E30.1567
G1 X114.104 Y115.602 E30.15811
G1 X113.788 Y115.608 E30.16207
G1 X113.675 Y115.62 E30.1635
G1 X113.459 Y115.653 E30.16624
G0 F7200 X113.355 Y115.681
G0 X113.355 Y115.588
G0 X113.738 Y115.363
;TYPE:SKIN
G1 F1800 X114.032 Y115.352 E30.16781
G1 X114.298 Y115.369 E30.16924
G0 F7200 X114.345 Y115.218
G1 F1500 E23.66924
G0 F7200 X114.342 Y115.227
G0 X113.733 Y118.135
G1 F1500 E30.16924
G0 F7200 X113.459 Y118.653
;TYPE:WALL-OUTER
G1 F1800 X113.355 Y118.681 E30.17059
G1 X113.355 Y118.195 E30.17669
G1 X113.536 Y118.146 E30.17904
G1 X113.731 Y118.116 E30.18151
G1 X113.812 Y118.108 E30.18253
G1 X114.092 Y118.102 E30.18604
G1 X114.188 Y118.108 E30.18725
G1 X114.269 Y118.116 E30.18827
G1 X114.464 Y118.146 E30.19074
G1 X114.645 Y118.195 E30.1931
G1 X114.645 Y118.681 E30.19919
G1 X114.541 Y118.653 E30.20054
G1 X114.325 Y118.62 E30.20328
G1 X114.216 Y118.609 E30.20466
G1 X114.104 Y118.602 E30.20606
G1 X113.788 Y118.608 E30.21003
G1 X113.675 Y118.62 E30.21145
G1 X113.459 Y118.653 E30.21419
G0 F7200 X113.355 Y118.681
G0 X113.355 Y118.588
G0 X113.574 Y118.355
;TYPE:SKIN
G1 F1800 X113.857 Y118.356 E30.21527
G1 X114.395 Y118.383 E30.21732
G0 F7200 X114.431 Y118.231
G1 F1500 E23.71732
G0 F7200 X114.429 Y118.241
G0 X115.51 Y118.556
G0 X120.49 Y118.556
G1 F1500 E30.21732
G0 F7200 X121.459 Y118.653
;TYPE:WALL-OUTER
G1 F1800 X121.355 Y118.681 E30.21867
G1 X121.355 Y118.195 E30.22476
G1 X121.536 Y118.146 E30.22712
G1 X121.731 Y118.116 E30.22959
G1 X121.812 Y118.108 E30.23061
G1 X122.092 Y118.102 E30.23412
G1 X122.188 Y118.108 E30.23533
G1 X122.269 Y118.116 E30.23635
G1 X122.464 Y118.146 E30.23882
G1 X122.645 Y118.195 E30.24118
G1 X122.645 Y118.681 E30.24727
G1 X122.541 Y118.653 E30.24862
G1 X122.325 Y118.62 E30.25136
G1 X122.216 Y118.609 E30.25274
G1 X122.104 Y118.602 E30.25414
G1 X121.788 Y118.608 E30.25811
G1 X121.675 Y118.62 E30.25953
G1 X121.459 Y118.653 E30.26227
G0 F7200 X121.355 Y118.681
G0 X121.355 Y118.588
G0 X121.771 Y118.36
;TYPE:SKIN
G1 F1800 X122.062 Y118.353 E30.26381
G1 X122.325 Y118.373 E30.2652
G0 F7200 X122.387 Y118.225
G1 F1500 E23.7652
G0 F7200 X122.385 Y118.234
G0 X121.367 Y115.666
G1 F1500 E30.2652
G0 F7200 X121.459 Y115.653
;TYPE:WALL-OUTER
G1 F1800 X121.355 Y115.681 E30.26655
G1 X121.355 Y115.195 E30.27265
G1 X121.536 Y115.146 E30.275
G1 X121.731 Y115.116 E30.27747
G1 X121.812 Y115.108 E30.2785
G1 X121.908 Y115.102 E30.2797
G1 X122.189 Y115.108 E30.28323
G1 X122.269 Y115.116 E30.28423
G1 X122.464 Y115.146 E30.28671
G1 X122.645 Y115.195 E30.28906
G1 X122.645 Y115.681 E30.29515
G1 X122.541 Y115.653 E30.29651
G1 X122.325 Y115.62 E30.29925
G1 X122.212 Y115.608 E30.30067
G1 X121.896 Y115.602 E30.30463
G1 X121.784 Y115.609 E30.30604
G1 X121.675 Y115.62 E30.30742
G1 X121.459 Y115.653 E30.31016
G0 F7200 X121.355 Y115.681
G0 X121.355 Y115.588
G0 X121.645 Y115.376
;TYPE:SKIN
G1 F1800 X121.951 Y115.352 E30.31174
G1 X122.224 Y115.362 E30.31316
G0 F7200 X122.275 Y115.211
G1 F1500 E23.81316
G0 F7200 X122.274 Y115.217
G0 X121.367 Y112.666
G1 F1500 E30.31316
G0 F7200 X121.459 Y112.653
;TYPE:WALL-OUTER
G1 F1800 X121.355 Y112.681 E30.31451
G1 X121.355 Y112.195 E30.3206
G1 X121.536 Y112.146 E30.32296
G1 X121.731 Y112.116 E30.32543
G1 X121.812 Y112.108 E30.32645
G1 X122.092 Y112.102 E30.32996
G1 X122.188 Y112.108 E30.33117
G1 X122.269 Y112.116 E30.33219
G1 X122.464 Y112.146 E30.33466
G1 X122.645 Y112.195 E30.33701
G1 X122.645 Y112.681 E30.34311
G1 X122.541 Y112.653 E30.34446
G1 X122.325 Y112.62 E30.3472
G1 X122.216 Y112.609 E30.34857
G1 X122.104 Y112.602 E30.34998
G1 X121.788 Y112.608 E30.35394
G1 X121.675 Y112.62 E30.35537
G1 X121.459 Y112.653 E30.35811
G0 F7200 X121.355 Y112.681
G0 X121.355 Y112.588
G0 X121.836 Y112.356
;TYPE:SKIN
G1 F1800 X122.121 Y112.354 E30.35959
G1 X122.377 Y112.38 E30.36093
G0 F7200 X122.438 Y112.233
G1 F1500 E23.86093
G0 F7200 X122.436 Y112.242
G0 X121.367 Y109.666
G1 F1500 E30.36093
G0 F7200 X121.459 Y109.653
;TYPE:WALL-OUTER
G1 F1800 X121.355 Y109.681 E30.36228
G1 X121.355 Y109.195 E30.36838
G1 X121.536 Y109.146 E30.37073
G1 X121.731 Y109.116 E30.3732
G1 X121.812 Y109.108 E30.37422
G1 X122.092 Y109.102 E30.37773
G1 X122.188 Y109.108 E30.37894
G1 X122.269 Y109.116 E30.37996
G1 X122.464 Y109.146 E30.38243
G1 X122.645 Y109.195 E30.38479
G1 X122.645 Y109.681 E30.39088
G1 X122.541 Y109.653 E30.39223
G1 X122.325 Y109.62 E30.39497
G1 X122.212 Y109.608 E30.3964
G1 X121.896 Y109.602 E30.40036
G1 X121.784 Y109.609 E30.40177
G1 X121.675 Y109.62 E30.40314
G1 X121.459 Y109.653 E30.40588
G0 F7200 X121.355 Y109.681
G0 X121.355 Y109.588
G0 X121.715 Y109.366
;TYPE:SKIN
G1 F1800 X122.011 Y109.352 E30.40744
G1 X122.279 Y109.367 E30.40885
G0 F7200 X122.328 Y109.216
G1 F1500 E23.90885
G0 F7200 X122.326 Y109.225
G0 X123.51 Y109.556
G0 X128.49 Y109.556
G1 F1500 E30.40885
G0 F7200 X129.459 Y109.653
;TYPE:WALL-OUTER
G1 F1800 X129.355 Y109.681 E30.4102
G1 X129.355 Y109.195 E30.4163
G1 X129.536 Y109.146 E30.41865
G1 X129.731 Y109.116 E30.42112
G1 X129.812 Y109.108 E30.42214
G1 X129.908 Y109.102 E30.42335
G1 X130.189 Y109.108 E30.42687
G1 X130.269 Y109.116 E30.42788
G1 X130.464 Y109.146 E30.43035
G1 X130.645 Y109.195 E30.43271
G1 X130.645 Y109.681 E30.4388
G1 X130.541 Y109.653 E30.44015
G1 X130.325 Y109.62 E30.44289
G1 X130.212 Y109.608 E30.44432
G1 X129.896 Y109.602 E30.44828
G1 X129.784 Y109.609 E30.44969
G1 X129.675 Y109.62 E30.45106
G1 X129.459 Y109.653 E30.4538
G0 F7200 X129.355 Y109.681
G0 X129.355 Y109.588
G0 X129.621 Y109.379
;TYPE:SKIN
G1 F1800 X129.931 Y109.352 E30.4551
G1 X130.431 Y109.419 E30.4572
G0 F7200 X130.265 Y109.21
G1 F1500 E23.9572
G0 F7200 X130.263 Y109.215
G0 X129.733 Y112.135
G1 F1500 E30.4572
G0 F7200 X129.459 Y112.653
;TYPE:WALL-OUTER
G1 F1800 X129.355 Y112.681 E30.45855
G1 X129.355 Y112.195 E30.46465
G1 X129.536 Y112.146 E30.467
G1 X129.731 Y112.116 E30.46947
G1 X129.812 Y112.108 E30.47049
G1 X129.908 Y112.102 E30.4717
G1 X130.189 Y112.108 E30.47523
G1 X130.269 Y112.116 E30.47623
G1 X130.464 Y112.146 E30.47871
G1 X130.645 Y112.195 E30.48106
G1 X130.645 Y112.681 E30.48715
G1 X130.541 Y112.653 E30.4885
G1 X130.325 Y112.62 E30.49125
G1 X130.212 Y112.608 E30.49267
G1 X129.896 Y112.602 E30.49663
G1 X129.784 Y112.609 E30.49804
G1 X129.675 Y112.62 E30.49941
G1 X129.459 Y112.653 E30.50215
G0 F7200 X129.355 Y112.681
G0 X129.355 Y112.588
G0 X129.749 Y112.362
;TYPE:SKIN
G1 F1800 X130.04 Y112.355 E30.50368
G1 X130.307 Y112.371 E30.50508
G0 F7200 X130.355 Y112.219
G1 F1500 E24.00508
G0 F7200 X130.353 Y112.229
G0 X129.733 Y115.135
G1 F1500 E30.50508
G0 F7200 X129.459 Y115.653
;TYPE:WALL-OUTER
G1 F1800 X129.355 Y115.681 E30.50643
G1 X129.355 Y115.195 E30.51253
G1 X129.536 Y115.146 E30.51488
G1 X129.731 Y115.116 E30.51735
G1 X129.812 Y115.108 E30.51838
G1 X129.908 Y115.102 E30.51958
G1 X130.189 Y115.108 E30.52311
G1 X130.269 Y115.116 E30.52411
G1 X130.464 Y115.146 E30.52659
G1 X130.645 Y115.195 E30.52894
G1 X130.645 Y115.681 E30.53503
G1 X130.541 Y115.653 E30.53639
G1 X130.325 Y115.62 E30.53913
G1 X130.212 Y115.608 E30.54055
G1 X129.896 Y115.602 E30.54451
G1 X129.784 Y115.609 E30.54592
G1 X129.675 Y115.62 E30.5473
G1 X129.459 Y115.653 E30.55004
G0 F7200 X129.355 Y115.681
G0 X129.355 Y115.588
G0 X129.58 Y115.361
;TYPE:SKIN
G1 F1800 X129.869 Y115.354 E30.55119
G1 X130.403 Y115.385 E30.55332
G0 F7200 X130.439 Y115.233
G1 F1500 E24.05332
G0 F7200 X130.437 Y115.242
G0 X129.455 Y115.634
G0 X129.733 Y118.135
G1 F1500 E30.55332
G0 F7200 X129.459 Y118.653
;TYPE:WALL-OUTER
G1 F1800 X129.355 Y118.681 E30.55468
G1 X129.355 Y118.195 E30.56077
G1 X129.536 Y118.146 E30.56312
G1 X129.731 Y118.116 E30.5656
G1 X129.812 Y118.108 E30.56662
G1 X130.092 Y118.102 E30.57013
G1 X130.188 Y118.108 E30.57133
G1 X130.269 Y118.116 E30.57236
G1 X130.464 Y118.146 E30.57483
G1 X130.645 Y118.195 E30.57718
G1 X130.645 Y118.681 E30.58328
G1 X130.541 Y118.653 E30.58463
G1 X130.325 Y118.62 E30.58737
G1 X130.216 Y118.609 E30.58874
G1 X130.104 Y118.602 E30.59015
G1 X129.788 Y118.608 E30.59411
G1 X129.675 Y118.62 E30.59554
G1 X129.459 Y118.653 E30.59828
G0 F7200 X129.355 Y118.681
G0 X129.355 Y118.588
G0 X129.681 Y118.37
;TYPE:SKIN
G1 F1800 X129.981 Y118.353 E30.59986
G1 X130.253 Y118.365 E30.6013
G0 F7200 X130.301 Y118.214
G1 F1500 E24.1013
;MESH:NONMESH
G0 F600 X130.301 Y118.214 Z4.2
G0 F7200 X130.299 Y118.221
G0 X128.49 Y118.207
G0 X123.501 Y114.537
G0 X120.506 Y113.786
G0 X115.51 Y109.666
G0 X113.663 Y109.521
G1 F1500 E30.6013
G0 F7200 X113.675 Y109.62
;TIME_ELAPSED:234.192533
;LAYER:20
;TYPE:WALL-OUTER
;MESH:output\A_fina_suporte.stl
G1 F1392.7 X113.565 Y109.637 E30.6027
G1 X113.565 Y109.142 E30.6089
G1 X113.731 Y109.116 E30.61101
G1 X113.812 Y109.108 E30.61203
G1 X114.091 Y109.102 E30.61553
G1 X114.224 Y109.111 E30.6172
G1 X114.33 Y109.125 E30.61854
G1 X114.435 Y109.142 E30.61988
G1 X114.435 Y109.636 E30.62607
G1 X114.324 Y109.619 E30.62748
G1 X114.104 Y109.602 E30.63025
G1 X113.788 Y109.608 E30.63421
G1 X113.675 Y109.62 E30.63564
G0 F7200 X113.565 Y109.637
G0 X113.565 Y109.548
G0 X113.881 Y109.356
;TYPE:SKIN
G1 F1392.7 X114.165 Y109.357 E30.63761
G0 F7200 X114.198 Y109.514
G1 F1500 E24.13761
G0 F7200 X114.198 Y109.509
G0 X113.813 Y112.127
G1 F1500 E30.63761
G0 F7200 X113.675 Y112.62
;TYPE:WALL-OUTER
G1 F1392.7 X113.565 Y112.637 E30.639
G1 X113.565 Y112.142 E30.64521
G1 X113.731 Y112.116 E30.64732
G1 X113.812 Y112.108 E30.64834
G1 X114.091 Y112.102 E30.65184
G1 X114.224 Y112.111 E30.65351
G1 X114.33 Y112.125 E30.65485
G1 X114.435 Y112.142 E30.65618
G1 X114.435 Y112.636 E30.66238
G1 X114.324 Y112.619 E30.66379
G1 X114.104 Y112.602 E30.66655
G1 X113.788 Y112.608 E30.67052
G1 X113.675 Y112.62 E30.67194
G0 F7200 X113.565 Y112.637
G0 X113.565 Y112.548
G0 X113.792 Y112.378
;TYPE:SKIN
G1 F1392.7 X114.049 Y112.352 E30.67347
G0 F7200 X114.094 Y112.504
G1 F1500 E24.17347
G0 F7200 X114.095 Y112.502
G0 X113.813 Y115.127
G1 F1500 E30.67347
G0 F7200 X113.675 Y115.62
;TYPE:WALL-OUTER
G1 F1392.7 X113.565 Y115.637 E30.67487
G1 X113.565 Y115.142 E30.68108
G1 X113.731 Y115.116 E30.68318
G1 X113.812 Y115.108 E30.6842
G1 X114.091 Y115.102 E30.6877
G1 X114.224 Y115.111 E30.68938
G1 X114.33 Y115.125 E30.69072
G1 X114.435 Y115.142 E30.69205
G1 X114.435 Y115.636 E30.69824
G1 X114.324 Y115.619 E30.69965
G1 X114.104 Y115.602 E30.70242
G1 X113.788 Y115.608 E30.70638
G1 X113.675 Y115.62 E30.70781
G0 F7200 X113.565 Y115.637
G0 X113.565 Y115.548
G0 X113.939 Y115.353
;TYPE:SKIN
G1 F1392.7 X114.205 Y115.336 E30.70937
G0 F7200 X114.033 Y115.203
G1 F1500 E24.20937
G0 F7200 X114.032 Y115.204
G0 X113.813 Y118.127
G1 F1500 E30.70937
G0 F7200 X113.675 Y118.62
;TYPE:WALL-OUTER
G1 F1392.7 X113.565 Y118.637 E30.71076
G1 X113.565 Y118.142 E30.71697
G1 X113.731 Y118.116 E30.71908
G1 X113.812 Y118.108 E30.7201
G1 X114.091 Y118.102 E30.7236
G1 X114.224 Y118.111 E30.72527
G1 X114.33 Y118.125 E30.72661
G1 X114.435 Y118.142 E30.72794
G1 X114.435 Y118.636 E30.73414
G1 X114.324 Y118.619 E30.73555
G1 X114.104 Y118.602 E30.73831
G1 X113.788 Y118.608 E30.74228
G1 X113.675 Y118.62 E30.7437
G0 F7200 X113.565 Y118.637
G0 X113.565 Y118.548
G0 X113.832 Y118.357
;TYPE:SKIN
G1 F1392.7 X114.111 Y118.353 E30.74562
G0 F7200 X114.162 Y118.508
G1 F1500 E24.24562
G0 F7200 X114.162 Y118.506
G0 X115.3 Y118.521
G0 X120.7 Y118.521
G1 F1500 E30.74562
G0 F7200 X121.675 Y118.62
;TYPE:WALL-OUTER
G1 F1392.7 X121.565 Y118.637 E30.74701
G1 X121.565 Y118.142 E30.75322
G1 X121.731 Y118.116 E30.75533
G1 X121.812 Y118.108 E30.75635
G1 X122.091 Y118.102 E30.75985
G1 X122.224 Y118.111 E30.76152
G1 X122.33 Y118.125 E30.76286
G1 X122.435 Y118.142 E30.76419
G1 X122.435 Y118.636 E30.77039
G1 X122.324 Y118.619 E30.7718
G1 X122.104 Y118.602 E30.77456
G1 X121.788 Y118.608 E30.77853
G1 X121.675 Y118.62 E30.77995
G0 F7200 X121.565 Y118.637
G0 X121.565 Y118.548
G0 X121.781 Y118.387
;TYPE:SKIN
G1 F1392.7 X122.03 Y118.353 E30.78132
G0 F7200 X122.086 Y118.503
G1 F1500 E24.28132
G0 F7200 X122.087 Y118.502
G0 X121.577 Y115.622
G1 F1500 E30.78132
G0 F7200 X121.674 Y115.62
;TYPE:WALL-OUTER
G1 F1392.7 X121.565 Y115.637 E30.7827
G1 X121.565 Y115.142 E30.78891
G1 X121.731 Y115.116 E30.79102
G1 X121.909 Y115.102 E30.79326
G1 X122.189 Y115.108 E30.79677
G1 X122.269 Y115.116 E30.79778
G1 X122.435 Y115.142 E30.79988
G1 X122.435 Y115.637 E30.80609
G1 X122.325 Y115.62 E30.80749
G1 X122.212 Y115.608 E30.80891
G1 X121.895 Y115.602 E30.81289
G1 X121.745 Y115.612 E30.81477
G1 X121.674 Y115.62 E30.81567
G0 F7200 X121.565 Y115.637
G0 X121.565 Y115.547
G0 X121.86 Y115.355
;TYPE:SKIN
G1 F1392.7 X122.144 Y115.356 E30.81756
G0 F7200 X122.173 Y115.51
G1 F1500 E24.31756
G0 F7200 X122.173 Y115.508
G0 X121.577 Y112.622
G1 F1500 E30.81756
G0 F7200 X121.675 Y112.62
;TYPE:WALL-OUTER
G1 F1392.7 X121.565 Y112.637 E30.81895
G1 X121.565 Y112.142 E30.82516
G1 X121.731 Y112.116 E30.82727
G1 X121.812 Y112.108 E30.82829
G1 X122.091 Y112.102 E30.83179
G1 X122.224 Y112.111 E30.83346
G1 X122.33 Y112.125 E30.8348
G1 X122.435 Y112.142 E30.83613
G1 X122.435 Y112.636 E30.84233
G1 X122.324 Y112.619 E30.84374
G1 X122.104 Y112.602 E30.8465
G1 X121.788 Y112.608 E30.85047
G1 X121.675 Y112.62 E30.85189
G0 F7200 X121.565 Y112.637
G0 X121.565 Y112.548
G0 X121.97 Y112.354
;TYPE:SKIN
G1 F1392.7 X122.221 Y112.322 E30.85313
G0 F7200 X122.037 Y112.504
G1 F1500 E24.35313
G0 F7200 X122.038 Y112.503
G0 X121.577 Y109.622
G1 F1500 E30.85313
G0 F7200 X121.674 Y109.62
;TYPE:WALL-OUTER
G1 F1392.7 X121.565 Y109.637 E30.85452
G1 X121.565 Y109.142 E30.86073
G1 X121.731 Y109.116 E30.86283
G1 X121.812 Y109.108 E30.86385
G1 X122.091 Y109.102 E30.86735
G1 X122.224 Y109.111 E30.86902
G1 X122.33 Y109.125 E30.87037
G1 X122.435 Y109.142 E30.8717
G1 X122.435 Y109.637 E30.87791
G1 X122.325 Y109.62 E30.8793
G1 X122.212 Y109.608 E30.88073
G1 X121.895 Y109.602 E30.8847
G1 X121.745 Y109.612 E30.88659
G1 X121.674 Y109.62 E30.88748
G0 F7200 X121.565 Y109.637
G0 X121.565 Y109.547
G0 X121.806 Y109.361
;TYPE:SKIN
G1 F1392.7 X122.082 Y109.354 E30.88932
G0 F7200 X122.121 Y109.505
G1 F1500 E24.38932
G0 F7200 X123.3 Y109.521
G0 X128.7 Y109.521
G1 F1500 E30.88932
G0 F7200 X129.674 Y109.62
;TYPE:WALL-OUTER
G1 F1392.7 X129.565 Y109.637 E30.8907
G1 X129.565 Y109.142 E30.89691
G1 X129.731 Y109.116 E30.89901
G1 X129.909 Y109.102 E30.90125
G1 X130.189 Y109.108 E30.90477
G1 X130.269 Y109.116 E30.90577
G1 X130.435 Y109.142 E30.90788
G1 X130.435 Y109.637 E30.91409
G1 X130.325 Y109.62 E30.91548
G1 X130.212 Y109.608 E30.91691
G1 X129.895 Y109.602 E30.92089
G1 X129.745 Y109.612 E30.92277
G1 X129.674 Y109.62 E30.92367
G0 F7200 X129.565 Y109.637
G0 X129.565 Y109.547
G0 X129.945 Y109.298
;TYPE:SKIN
G1 F1392.7 X130.057 Y109.409 E30.92466
G0 F7200 X130.055 Y109.505
G1 F1500 E24.42466
G0 F7200 X130.188 Y112.127
G1 F1500 E30.92466
G0 F7200 X130.435 Y112.142
;TYPE:WALL-OUTER
G1 F1392.7 X130.435 Y112.637 E30.93086
G1 X130.325 Y112.62 E30.93226
G1 X130.212 Y112.608 E30.93368
G1 X129.895 Y112.602 E30.93766
G1 X129.744 Y112.612 E30.93956
G1 X129.565 Y112.636 E30.94182
G1 X129.565 Y112.142 E30.94802
G1 X129.731 Y112.116 E30.95012
G1 X129.909 Y112.102 E30.95236
G1 X130.189 Y112.108 E30.95588
G1 X130.269 Y112.116 E30.95688
G1 X130.435 Y112.142 E30.95899
G0 F7200 X130.435 Y112.342
G0 X130.176 Y112.357
;TYPE:SKIN
G1 F1392.7 X129.89 Y112.354 E30.96089
G0 F7200 X129.834 Y112.204
G1 F1500 E24.46089
G0 F7200 X129.833 Y112.209
G0 X129.733 Y115.135
G1 F1500 E30.96089
G0 F7200 X129.674 Y115.62
;TYPE:WALL-OUTER
G1 F1392.7 X129.565 Y115.637 E30.96227
G1 X129.565 Y115.142 E30.96848
G1 X129.731 Y115.116 E30.97059
G1 X129.909 Y115.102 E30.97283
G1 X130.189 Y115.108 E30.97634
G1 X130.269 Y115.116 E30.97735
G1 X130.435 Y115.142 E30.97946
G1 X130.435 Y115.637 E30.98566
G1 X130.325 Y115.62 E30.98706
G1 X130.212 Y115.608 E30.98848
G1 X129.895 Y115.602 E30.99246
G1 X129.745 Y115.612 E30.99434
G1 X129.674 Y115.62 E30.99524
G0 F7200 X129.565 Y115.637
G0 X129.565 Y115.547
G0 X129.796 Y115.371
;TYPE:SKIN
G1 F1392.7 X130.062 Y115.354 E30.99689
G0 F7200 X130.116 Y115.506
G1 F1500 E24.49689
G0 F7200 X129.813 Y118.127
G1 F1500 E30.99689
G0 F7200 X129.675 Y118.62
;TYPE:WALL-OUTER
G1 F1392.7 X129.565 Y118.637 E30.99828
G1 X129.565 Y118.142 E31.00449
G1 X129.731 Y118.116 E31.0066
G1 X129.812 Y118.108 E31.00762
G1 X130.091 Y118.102 E31.01112
G1 X130.224 Y118.111 E31.01279
G1 X130.33 Y118.125 E31.01413
G1 X130.435 Y118.142 E31.01546
G1 X130.435 Y118.636 E31.02166
G1 X130.324 Y118.619 E31.02307
G1 X130.104 Y118.602 E31.02583
G1 X129.788 Y118.608 E31.0298
G1 X129.675 Y118.62 E31.03122
G0 F7200 X129.565 Y118.637
G0 X129.565 Y118.548
G0 X129.951 Y118.354
;TYPE:SKIN
G1 F1392.7 X130.211 Y118.332 E31.03266
G0 F7200 X130.033 Y118.203
G1 F1500 E24.53266
;MESH:NONMESH
G0 F600 X130.033 Y118.203 Z4.4
G0 F7200 X130.032 Y118.204
G0 X128.7 Y118.155
G0 X123.291 Y114.476
G0 X120.716 Y113.723
G0 X115.3 Y109.621
G0 X114.106 Y109.503
G1 F1500 E31.03266
G0 F7200 X114.105 Y109.602
;TIME_ELAPSED:243.563125
;LAYER:21
;TYPE:WALL-OUTER
;MESH:output\A_fina_suporte.stl
G1 F857.2 X113.784 Y109.608 E31.03669
G1 X113.784 Y109.111 E31.04292
G1 X113.812 Y109.108 E31.04328
G1 X114.102 Y109.102 E31.04691
G1 X114.216 Y109.11 E31.04835
G1 X114.216 Y109.61 E31.05462
G1 X114.105 Y109.602 E31.05601
G0 F7200 X113.905 Y109.605
G0 X113.904 Y109.507
G1 F1500 E24.55601
G0 F7200 X113.905 Y109.505
G0 X114.102 Y112.121
G1 F1500 E31.05601
G0 F7200 X114.105 Y112.602
G1 F857.2 X113.784 Y112.608 E31.06004
G1 X113.784 Y112.111 E31.06627
G1 X113.811 Y112.108 E31.06661
G1 X114.102 Y112.102 E31.07026
G1 X114.216 Y112.11 E31.07169
G1 X114.216 Y112.61 E31.07796
G1 X114.105 Y112.602 E31.07936
G0 F7200 X113.905 Y112.605
G0 X113.904 Y112.507
G1 F1500 E24.57936
G0 F7200 X113.905 Y112.505
G0 X114.102 Y115.121
G1 F1500 E31.07936
G0 F7200 X114.105 Y115.602
G1 F857.2 X113.784 Y115.608 E31.08339
G1 X113.784 Y115.111 E31.08962
G1 X113.812 Y115.108 E31.08997
G1 X114.102 Y115.102 E31.09361
G1 X114.216 Y115.11 E31.09504
G1 X114.216 Y115.61 E31.10131
G1 X114.105 Y115.602 E31.10271
G0 F7200 X113.905 Y115.605
G0 X113.979 Y115.406
;TYPE:SKIN
G1 F857.2 X114.02 Y115.364 E31.10308
G0 F7200 X114.184 Y115.364
G1 F1500 E24.60308
G0 F7200 X114.116 Y115.364
G0 X114.102 Y118.121
G1 F1500 E31.10308
G0 F7200 X114.105 Y118.602
;TYPE:WALL-OUTER
G1 F857.2 X113.784 Y118.608 E31.1071
G1 X113.784 Y118.111 E31.11334
G1 X113.811 Y118.108 E31.11368
G1 X114.102 Y118.102 E31.11733
G1 X114.216 Y118.11 E31.11876
G1 X114.216 Y118.61 E31.12503
G1 X114.105 Y118.602 E31.12642
G0 F7200 X113.905 Y118.605
G0 X113.904 Y118.507
G1 F1500 E24.62642
G0 F7200 X113.905 Y118.505
G0 X115.081 Y118.503
G0 X120.919 Y118.503
G0 X122.107 Y118.503
G1 F1500 E31.12642
G0 F7200 X122.105 Y118.602
G1 F857.2 X121.784 Y118.608 E31.13045
G1 X121.784 Y118.111 E31.13668
G1 X121.811 Y118.108 E31.13702
G1 X122.102 Y118.102 E31.14067
G1 X122.216 Y118.11 E31.14211
G1 X122.216 Y118.61 E31.14838
G1 X122.105 Y118.602 E31.14977
G0 F7200 X121.905 Y118.605
G0 X121.904 Y118.507
G1 F1500 E24.64977
G0 F7200 X121.905 Y118.505
G0 X121.797 Y115.595
G1 F1500 E31.14977
G0 F7200 X121.883 Y115.602
G1 F857.2 X121.784 Y115.609 E31.15102
G1 X121.784 Y115.111 E31.15726
G1 X121.91 Y115.102 E31.15885
G1 X122.189 Y115.108 E31.16235
G1 X122.216 Y115.111 E31.16269
G1 X122.216 Y115.608 E31.16892
G1 X121.883 Y115.602 E31.1731
G0 F7200 X121.784 Y115.609
G0 X121.784 Y115.508
G0 X121.978 Y115.326
;TYPE:SKIN
G1 F857.2 X122.006 Y115.298 E31.17334
G0 F7200 X122.008 Y115.205
G1 F1500 E24.67334
G0 F7200 X122.203 Y112.596
G1 F1500 E31.17334
G0 F7200 X122.105 Y112.602
;TYPE:WALL-OUTER
G1 F857.2 X121.784 Y112.608 E31.17737
G1 X121.784 Y112.111 E31.1836
G1 X121.811 Y112.108 E31.18394
G1 X122.102 Y112.102 E31.18759
G1 X122.216 Y112.11 E31.18903
G1 X122.216 Y112.61 E31.1953
G1 X122.105 Y112.602 E31.19669
G0 F7200 X121.905 Y112.605
G0 X121.904 Y112.507
G1 F1500 E24.69669
G0 F7200 X121.905 Y112.505
G0 X121.797 Y109.595
G1 F1500 E31.19669
G0 F7200 X121.883 Y109.602
G1 F857.2 X121.784 Y109.609 E31.19794
G1 X121.784 Y109.111 E31.20418
G1 X121.812 Y109.108 E31.20454
G1 X122.102 Y109.102 E31.20817
G1 X122.216 Y109.11 E31.20961
G1 X122.216 Y109.608 E31.21585
G1 X121.883 Y109.602 E31.22003
G0 F7200 X121.784 Y109.609
G0 X121.784 Y109.508
G0 X121.978 Y109.386
;TYPE:SKIN
G1 F857.2 X122.019 Y109.345 E31.22039
G0 F7200 X122.184 Y109.345
G1 F1500 E24.72039
G0 F7200 X122.116 Y109.345
G0 X128.919 Y109.503
G1 F1500 E31.22039
G0 F7200 X129.883 Y109.602
;TYPE:WALL-OUTER
G1 F857.2 X129.784 Y109.609 E31.22164
G1 X129.784 Y109.111 E31.22788
G1 X129.91 Y109.102 E31.22947
G1 X130.189 Y109.108 E31.23297
G1 X130.216 Y109.111 E31.23331
G1 X130.216 Y109.608 E31.23954
G1 X129.883 Y109.602 E31.24371
G0 F7200 X129.784 Y109.609
G0 X129.784 Y109.508
G0 X129.816 Y109.508
G1 F1500 E24.74371
G0 F7200 X129.881 Y109.503
G0 X129.91 Y112.121
G1 F1500 E31.24371
G0 F7200 X129.883 Y112.602
G1 F857.2 X129.784 Y112.609 E31.24496
G1 X129.784 Y112.111 E31.2512
G1 X129.91 Y112.102 E31.25279
G1 X130.189 Y112.108 E31.25629
G1 X130.216 Y112.111 E31.25663
G1 X130.216 Y112.608 E31.26286
G1 X129.883 Y112.602 E31.26704
G0 F7200 X129.784 Y112.609
G0 X129.784 Y112.508
G0 X129.986 Y112.409
;TYPE:SKIN
G1 F857.2 X130.019 Y112.376 E31.26733
G0 F7200 X130.184 Y112.376
G1 F1500 E24.76733
G0 F7200 X130.116 Y112.376
G0 X129.91 Y115.121
G1 F1500 E31.26733
G0 F7200 X129.883 Y115.602
;TYPE:WALL-OUTER
G1 F857.2 X129.784 Y115.609 E31.26858
G1 X129.784 Y115.111 E31.27482
G1 X129.91 Y115.102 E31.2764
G1 X130.189 Y115.108 E31.2799
G1 X130.216 Y115.111 E31.28024
G1 X130.216 Y115.608 E31.28648
G1 X129.883 Y115.602 E31.29065
G0 F7200 X129.784 Y115.609
G0 X129.784 Y115.508
G0 X129.816 Y115.508
G1 F1500 E24.79065
G0 F7200 X129.881 Y115.503
G0 X130.102 Y118.121
G1 F1500 E31.29065
G0 F7200 X130.105 Y118.602
G1 F857.2 X129.784 Y118.608 E31.29468
G1 X129.784 Y118.111 E31.30091
G1 X129.811 Y118.108 E31.30125
G1 X130.102 Y118.102 E31.3049
G1 X130.216 Y118.11 E31.30634
G1 X130.216 Y118.61 E31.31261
G1 X130.105 Y118.602 E31.314
G0 F7200 X129.905 Y118.605
G0 X129.978 Y118.356
;TYPE:SKIN
G1 F857.2 X130.019 Y118.315 E31.31437
G0 F7200 X130.184 Y118.315
G1 F1500 E24.81437
;MESH:NONMESH
G0 F600 X130.184 Y118.315 Z4.6
G0 F7200 X130.116 Y118.315
G0 X128.919 Y118.124
G0 X123.071 Y114.374
G0 X120.933 Y113.595
G0 X115.081 Y109.596
G0 X114.025 Y109.375
;TIME_ELAPSED:252.496491
;LAYER:22
;TYPE:WALL-OUTER
;MESH:output\A_fina_suporte.stl
G1 F1500 E31.31437
G1 F600 X113.975 Y109.375 E31.31499
G1 X113.975 Y109.325 E31.31562
G1 X114.025 Y109.325 E31.3157
G1 X114.025 Y109.375 E31.31578
G0 F7200 X113.975 Y109.375
G0 X113.975 Y109.325
G0 X114.025 Y109.325
G0 X114.025 Y109.375
G1 F1500 E24.81578
G0 F7200 X114.025 Y109.36
G0 X114.011 Y111.46
G1 F1500 E31.31578
G0 F7200 X114.025 Y112.375
G1 F600 X113.975 Y112.375 E31.3164
G1 X113.975 Y112.325 E31.31703
G1 X114.025 Y112.325 E31.31711
G1 X114.025 Y112.375 E31.31719
G0 F7200 X113.975 Y112.375
G0 X113.975 Y112.325
G0 X114.025 Y112.325
G0 X114.025 Y112.375
G1 F1500 E24.81719
G0 F7200 X114.025 Y112.36
G0 X114.011 Y114.46
G1 F1500 E31.31719
G0 F7200 X114.025 Y115.375
G1 F600 X113.975 Y115.375 E31.31781
G1 X113.975 Y115.325 E31.31844
G1 X114.025 Y115.325 E31.31852
G1 X114.025 Y115.375 E31.3186
G0 F7200 X113.975 Y115.375
G0 X113.975 Y115.325
G0 X114.025 Y115.325
G0 X114.025 Y115.375
G1 F1500 E24.8186
G0 F7200 X114.025 Y115.36
G0 X114.011 Y117.46
G1 F1500 E31.3186
G0 F7200 X114.025 Y118.375
G1 F600 X113.975 Y118.375 E31.31923
G1 X113.975 Y118.325 E31.31985
G1 X114.025 Y118.325 E31.31993
G1 X114.025 Y118.375 E31.32001
G0 F7200 X113.975 Y118.375
G0 X113.975 Y118.325
G0 X114.025 Y118.325
G0 X114.025 Y118.375
G1 F1500 E24.82001
G0 F7200 X114.025 Y118.36
G0 X121.11 Y118.36
G1 F1500 E31.32001
G0 F7200 X122.025 Y118.375
G1 F600 X121.975 Y118.375 E31.32064
G1 X121.975 Y118.325 E31.32126
G1 X122.025 Y118.325 E31.32134
G1 X122.025 Y118.375 E31.32142
G0 F7200 X121.975 Y118.375
G0 X121.975 Y118.325
G0 X122.025 Y118.325
G0 X122.025 Y118.375
G1 F1500 E24.82142
G0 F7200 X122.025 Y118.36
G0 X122.011 Y116.24
G1 F1500 E31.32142
G0 F7200 X122.025 Y115.375
G1 F600 X121.975 Y115.375 E31.32205
G1 X121.975 Y115.325 E31.32267
G1 X122.025 Y115.325 E31.32275
G1 X122.025 Y115.375 E31.32283
G0 F7200 X121.975 Y115.375
G0 X121.975 Y115.325
G0 X122.025 Y115.325
G0 X122.025 Y115.375
G1 F1500 E24.82283
G0 F7200 X122.025 Y115.36
G0 X122.011 Y113.24
G1 F1500 E31.32283
G0 F7200 X122.025 Y112.375
G1 F600 X121.975 Y112.375 E31.32346
G1 X121.975 Y112.325 E31.32408
G1 X122.025 Y112.325 E31.32416
G1 X122.025 Y112.375 E31.32424
G0 F7200 X121.975 Y112.375
G0 X121.975 Y112.325
G0 X122.025 Y112.325
G0 X122.025 Y112.375
G1 F1500 E24.82424
G0 F7200 X122.025 Y112.36
G0 X122.011 Y110.24
G1 F1500 E31.32424
G0 F7200 X122.025 Y109.375
G1 F600 X121.975 Y109.375 E31.32487
G1 X121.975 Y109.325 E31.3255
G1 X122.025 Y109.325 E31.32557
G1 X122.025 Y109.375 E31.32565
G0 F7200 X121.975 Y109.375
G0 X121.975 Y109.325
G0 X122.025 Y109.325
G0 X122.025 Y109.375
G1 F1500 E24.82565
G0 F7200 X122.025 Y109.36
G0 X129.11 Y109.36
G1 F1500 E31.32565
G0 F7200 X130.025 Y109.375
G1 F600 X129.975 Y109.375 E31.32628
G1 X129.975 Y109.325 E31.32691
G1 X130.025 Y109.325 E31.32698
G1 X130.025 Y109.375 E31.32706
G0 F7200 X129.975 Y109.375
G0 X129.975 Y109.325
G0 X130.025 Y109.325
G0 X130.025 Y109.375
G1 F1500 E24.82706
G0 F7200 X130.025 Y109.36
G0 X130.011 Y111.46
G1 F1500 E31.32706
G0 F7200 X130.025 Y112.375
G1 F600 X129.975 Y112.375 E31.32769
G1 X129.975 Y112.325 E31.32832
G1 X130.025 Y112.325 E31.3284
G1 X130.025 Y112.375 E31.32847
G0 F7200 X129.975 Y112.375
G0 X129.975 Y112.325
G0 X130.025 Y112.325
G0 X130.025 Y112.375
G1 F1500 E24.82847
G0 F7200 X130.025 Y112.36
G0 X130.011 Y114.46
G1 F1500 E31.32847
G0 F7200 X130.025 Y115.375
G1 F600 X129.975 Y115.375 E31.3291
G1 X129.975 Y115.325 E31.32973
G1 X130.025 Y115.325 E31.32981
G1 X130.025 Y115.375 E31.32988
G0 F7200 X129.975 Y115.375
G0 X129.975 Y115.325
G0 X130.025 Y115.325
G0 X130.025 Y115.375
G1 F1500 E24.82988
G0 F7200 X130.025 Y115.36
G0 X130.011 Y117.46
G1 F1500 E31.32988
G0 F7200 X130.025 Y118.375
G1 F600 X129.975 Y118.375 E31.33051
G1 X129.975 Y118.325 E31.33114
G1 X130.025 Y118.325 E31.33122
G1 X130.025 Y118.375 E31.3313
G0 F7200 X129.975 Y118.375
G0 X129.975 Y118.325
G0 X130.025 Y118.325
G0 X130.025 Y118.375
G1 F1500 E24.8313
;MESH:NONMESH
G0 F600 X130.025 Y118.375 Z4.8
G0 F7200 X130.025 Y118.36
G0 X114.89 Y109.361
G1 F1500 E31.3313
G0 F7200 X114.025 Y109.375
;TIME_ELAPSED:260.568794
;LAYER:23
;TYPE:WALL-OUTER
;MESH:output\A_fina_suporte.stl
G1 F600 X113.975 Y109.375 E31.33192
G1 X113.975 Y109.325 E31.33255
G1 X114.025 Y109.325 E31.33263
G1 X114.025 Y109.375 E31.33271
G0 F7200 X113.975 Y109.375
G0 X113.975 Y109.325
G0 X114.025 Y109.325
G0 X114.025 Y109.375
G0 X114.025 Y109.36
G0 X114.011 Y111.46
G0 X114.025 Y112.375
G1 F600 X113.975 Y112.375 E31.33333
G1 X113.975 Y112.325 E31.33396
G1 X114.025 Y112.325 E31.33404
G1 X114.025 Y112.375 E31.33412
G0 F7200 X113.975 Y112.375
G0 X113.975 Y112.325
G0 X114.025 Y112.325
G0 X114.025 Y112.375
G0 X114.025 Y112.36
G0 X114.011 Y114.46
G0 X114.025 Y115.375
G1 F600 X113.975 Y115.375 E31.33474
G1 X113.975 Y115.325 E31.33537
G1 X114.025 Y115.325 E31.33545
G1 X114.025 Y115.375 E31.33553
G0 F7200 X113.975 Y115.375
G0 X113.975 Y115.325
G0 X114.025 Y115.325
G0 X114.025 Y115.375
G0 X114.025 Y115.36
G0 X114.011 Y117.46
G0 X114.025 Y118.375
G1 F600 X113.975 Y118.375 E31.33615
G1 X113.975 Y118.325 E31.33678
G1 X114.025 Y118.325 E31.33686
G1 X114.025 Y118.375 E31.33694
G0 F7200 X113.975 Y118.375
G0 X113.975 Y118.325
G0 X114.025 Y118.325
G0 X114.025 Y118.375
G0 X114.025 Y118.36
G0 X121.11 Y118.36
G0 X122.025 Y118.375
G1 F600 X121.975 Y118.375 E31.33757
G1 X121.975 Y118.325 E31.33819
G1 X122.025 Y118.325 E31.33827
G1 X122.025 Y118.375 E31.33835
G0 F7200 X121.975 Y118.375
G0 X121.975 Y118.325
G0 X122.025 Y118.325
G0 X122.025 Y118.375
G0 X122.025 Y118.36
G0 X122.011 Y116.24
G0 X122.025 Y115.375
G1 F600 X121.975 Y115.375 E31.33898
G1 X121.975 Y115.325 E31.3396
G1 X122.025 Y115.325 E31.33968
G1 X122.025 Y115.375 E31.33976
G0 F7200 X121.975 Y115.375
G0 X121.975 Y115.325
G0 X122.025 Y115.325
G0 X122.025 Y115.375
G0 X122.025 Y115.36
G0 X122.011 Y113.24
G0 X122.025 Y112.375
G1 F600 X121.975 Y112.375 E31.34039
G1 X121.975 Y112.325 E31.34101
G1 X122.025 Y112.325 E31.34109
G1 X122.025 Y112.375 E31.34117
G0 F7200 X121.975 Y112.375
G0 X121.975 Y112.325
G0 X122.025 Y112.325
G0 X122.025 Y112.375
G0 X122.025 Y112.36
G0 X122.011 Y110.24
G0 X122.025 Y109.375
G1 F600 X121.975 Y109.375 E31.3418
G1 X121.975 Y109.325 E31.34242
G1 X122.025 Y109.325 E31.3425
G1 X122.025 Y109.375 E31.34258
G0 F7200 X121.975 Y109.375
G0 X121.975 Y109.325
G0 X122.025 Y109.325
G0 X122.025 Y109.375
G1 F1500 E24.84258
G0 F7200 X122.025 Y109.36
G0 X129.11 Y109.36
G1 F1500 E31.34258
G0 F7200 X130.025 Y109.375
G1 F600 X129.975 Y109.375 E31.34321
G1 X129.975 Y109.325 E31.34384
G1 X130.025 Y109.325 E31.34391
G1 X130.025 Y109.375 E31.34399
G0 F7200 X129.975 Y109.375
G0 X129.975 Y109.325
G0 X130.025 Y109.325
G0 X130.025 Y109.375
G0 X130.025 Y109.36
G0 X130.011 Y111.46
G0 X130.025 Y112.375
G1 F600 X129.975 Y112.375 E31.34462
G1 X129.975 Y112.325 E31.34525
G1 X130.025 Y112.325 E31.34532
G1 X130.025 Y112.375 E31.3454
G0 F7200 X129.975 Y112.375
G0 X129.975 Y112.325
G0 X130.025 Y112.325
G0 X130.025 Y112.375
G0 X130.025 Y112.36
G0 X130.011 Y114.46
G0 X130.025 Y115.375
G1 F600 X129.975 Y115.375 E31.34603
G1 X129.975 Y115.325 E31.34666
G1 X130.025 Y115.325 E31.34674
G1 X130.025 Y115.375 E31.34681
G0 F7200 X129.975 Y115.375
G0 X129.975 Y115.325
G0 X130.025 Y115.325
G0 X130.025 Y115.375
G0 X130.025 Y115.36
G0 X130.011 Y117.46
G0 X130.025 Y118.375
G1 F600 X129.975 Y118.375 E31.34744
G1 X129.975 Y118.325 E31.34807
G1 X130.025 Y118.325 E31.34815
G1 X130.025 Y118.375 E31.34822
G0 F7200 X129.975 Y118.375
G0 X129.975 Y118.325
G0 X130.025 Y118.325
G0 X130.025 Y118.375
;MESH:NONMESH
G0 F600 X130.025 Y118.375 Z5
G0 F7200 X130.025 Y118.36
G0 X114.89 Y109.361
G0 X114.104 Y109.602
;TIME_ELAPSED:262.432061
;LAYER:24
;TYPE:WALL-OUTER
;MESH:output\A_fina_suporte.stl
G1 F859 X113.783 Y109.608 E31.35225
G1 X113.782 Y109.111 E31.35848
G1 X113.812 Y109.108 E31.35886
G1 X114.092 Y109.102 E31.36237
G1 X114.217 Y109.111 E31.36395
G1 X114.218 Y109.609 E31.37019
G1 X114.104 Y109.602 E31.37162
G0 F7200 X113.904 Y109.605
G0 X113.903 Y109.507
G0 X113.904 Y109.505
G0 X114.092 Y112.121
G0 X114.104 Y112.602
G1 F859 X113.783 Y112.609 E31.37565
G1 X113.782 Y112.111 E31.38189
G1 X113.812 Y112.108 E31.38227
G1 X114.092 Y112.102 E31.38578
G1 X114.217 Y112.111 E31.38736
G1 X114.218 Y112.609 E31.3936
G1 X114.104 Y112.602 E31.39503
G0 F7200 X113.904 Y112.606
G0 X113.902 Y112.507
G0 X113.903 Y112.506
G0 X114.092 Y115.121
G0 X114.104 Y115.602
G1 F859 X113.783 Y115.609 E31.39906
G1 X113.782 Y115.111 E31.40531
G1 X113.812 Y115.108 E31.40568
G1 X114.092 Y115.102 E31.4092
G1 X114.217 Y115.111 E31.41077
G1 X114.218 Y115.609 E31.41701
G1 X114.104 Y115.602 E31.41844
G0 F7200 X113.904 Y115.606
G0 X113.902 Y115.507
G1 F1500 E24.91844
G0 F7200 X113.903 Y115.506
G0 X114.092 Y118.121
G1 F1500 E31.41844
G0 F7200 X114.104 Y118.602
G1 F859 X113.783 Y118.609 E31.42247
G1 X113.782 Y118.111 E31.42872
G1 X113.812 Y118.108 E31.42909
G1 X114.092 Y118.102 E31.43261
G1 X114.217 Y118.111 E31.43418
G1 X114.218 Y118.609 E31.44042
G1 X114.104 Y118.602 E31.44186
G0 F7200 X113.904 Y118.606
G0 X113.902 Y118.507
G0 X113.903 Y118.506
G0 X115.082 Y118.593
G0 X120.918 Y118.582
G0 X122.105 Y118.503
G0 X122.104 Y118.602
G1 F859 X121.783 Y118.609 E31.44588
G1 X121.782 Y118.111 E31.45213
G1 X121.812 Y118.108 E31.4525
G1 X122.092 Y118.102 E31.45602
G1 X122.217 Y118.111 E31.45759
G1 X122.218 Y118.609 E31.46383
G1 X122.104 Y118.602 E31.46527
G0 F7200 X121.904 Y118.606
G0 X122.021 Y118.344
;TYPE:SKIN
G1 F859 X121.975 Y118.298 E31.46567
G0 F7200 X121.817 Y118.298
G1 F1500 E24.96567
G0 F7200 X121.883 Y118.299
G0 X122.005 Y115.585
G1 F1500 E31.46567
G0 F7200 X121.896 Y115.602
;TYPE:WALL-OUTER
G1 F859 X121.783 Y115.609 E31.46709
G1 X121.782 Y115.111 E31.47334
G1 X121.908 Y115.102 E31.47492
G1 X122.189 Y115.108 E31.47845
G1 X122.217 Y115.111 E31.4788
G1 X122.218 Y115.609 E31.48505
G1 X121.896 Y115.602 E31.48908
G0 F7200 X121.783 Y115.609
G0 X121.783 Y115.522
G0 X121.817 Y115.522
G0 X121.882 Y115.502
G0 X122.205 Y112.589
G0 X122.104 Y112.602
G1 F859 X121.783 Y112.609 E31.49311
G1 X121.782 Y112.111 E31.49936
G1 X121.812 Y112.108 E31.49973
G1 X122.092 Y112.102 E31.50325
G1 X122.217 Y112.111 E31.50482
G1 X122.218 Y112.609 E31.51106
G1 X122.104 Y112.602 E31.5125
G0 F7200 X121.904 Y112.606
G0 X122.022 Y112.405
;TYPE:SKIN
G1 F859 X121.976 Y112.359 E31.5129
G0 F7200 X121.817 Y112.359
G0 X121.883 Y112.36
G0 X122.005 Y109.585
G0 X121.896 Y109.602
;TYPE:WALL-OUTER
G1 F859 X121.783 Y109.609 E31.51432
G1 X121.782 Y109.111 E31.52057
G1 X121.812 Y109.108 E31.52095
G1 X122.092 Y109.102 E31.52446
G1 X122.217 Y109.111 E31.52603
G1 X122.218 Y109.609 E31.53228
G1 X121.896 Y109.602 E31.53631
G0 F7200 X121.783 Y109.609
G0 X121.783 Y109.522
G0 X121.817 Y109.522
G1 F1500 E25.03631
G0 F7200 X121.882 Y109.502
G0 X123.082 Y109.516
G0 X128.918 Y109.505
G1 F1500 E31.53631
G0 F7200 X129.896 Y109.602
G1 F859 X129.783 Y109.609 E31.53773
G1 X129.782 Y109.111 E31.54398
G1 X129.908 Y109.102 E31.54556
G1 X130.189 Y109.108 E31.54909
G1 X130.217 Y109.111 E31.54944
G1 X130.218 Y109.609 E31.55569
G1 X129.896 Y109.602 E31.55972
G0 F7200 X129.783 Y109.609
G0 X129.783 Y109.522
G0 X129.976 Y109.328
;TYPE:SKIN
G1 F859 X130.022 Y109.374 E31.56013
G0 F7200 X130.183 Y109.374
G0 X130.117 Y109.373
G0 X129.908 Y112.121
G0 X129.896 Y112.602
;TYPE:WALL-OUTER
G1 F859 X129.783 Y112.609 E31.56155
G1 X129.782 Y112.111 E31.5678
G1 X129.908 Y112.102 E31.56938
G1 X130.189 Y112.108 E31.57291
G1 X130.217 Y112.111 E31.57326
G1 X130.218 Y112.609 E31.5795
G1 X129.896 Y112.602 E31.58354
G0 F7200 X129.783 Y112.609
G0 X129.783 Y112.522
G0 X129.817 Y112.522
G1 F1500 E25.08354
G0 F7200 X129.882 Y112.502
G0 X129.908 Y115.121
G1 F1500 E31.58354
G0 F7200 X129.896 Y115.602
G1 F859 X129.783 Y115.609 E31.58496
G1 X129.782 Y115.111 E31.59121
G1 X129.908 Y115.102 E31.59279
G1 X130.189 Y115.108 E31.59632
G1 X130.217 Y115.111 E31.59667
G1 X130.218 Y115.609 E31.60292
G1 X129.896 Y115.602 E31.60695
G0 F7200 X129.783 Y115.609
G0 X129.783 Y115.522
G0 X129.817 Y115.522
G0 X129.882 Y115.502
G0 X130.092 Y118.121
G0 X130.104 Y118.602
G1 F859 X129.783 Y118.609 E31.61098
G1 X129.782 Y118.111 E31.61723
G1 X129.812 Y118.108 E31.6176
G1 X130.092 Y118.102 E31.62112
G1 X130.217 Y118.111 E31.62269
G1 X130.218 Y118.609 E31.62893
G1 X130.104 Y118.602 E31.63037
G0 F7200 X129.904 Y118.606
G0 X130.005 Y118.408
;TYPE:SKIN
G1 F859 X129.976 Y118.38 E31.63062
G0 F7200 X129.817 Y118.38
;MESH:NONMESH
G0 F600 X129.817 Y118.38 Z5.2
G0 F7200 X129.883 Y118.381
G0 X123.071 Y114.374
G0 X120.933 Y113.594
G0 X115.082 Y109.593
G0 X113.883 Y109.538
G0 X113.675 Y109.62
;TIME_ELAPSED:267.357469
;LAYER:25
;TYPE:WALL-OUTER
;MESH:output\A_fina_suporte.stl
G1 F1395.7 X113.565 Y109.637 E31.63201
G1 X113.564 Y109.142 E31.63822
G1 X113.731 Y109.116 E31.64034
G1 X113.812 Y109.108 E31.64136
G1 X114.092 Y109.102 E31.64487
G1 X114.188 Y109.108 E31.64608
G1 X114.269 Y109.116 E31.6471
G1 X114.435 Y109.142 E31.64921
G1 X114.436 Y109.637 E31.65542
G1 X114.325 Y109.62 E31.65682
G1 X114.216 Y109.609 E31.6582
G1 X114.104 Y109.602 E31.6596
G1 X113.788 Y109.608 E31.66357
G1 X113.675 Y109.62 E31.66499
G0 F7200 X113.565 Y109.637
G0 X113.565 Y109.548
G0 X113.81 Y109.352
;TYPE:SKIN
G1 F1395.7 X114.09 Y109.354 E31.66684
G0 F7200 X114.15 Y109.204
G1 F1500 E25.16684
G0 F7200 X114.15 Y109.206
G0 X113.813 Y112.127
G1 F1500 E31.66684
G0 F7200 X113.675 Y112.62
;TYPE:WALL-OUTER
G1 F1395.7 X113.565 Y112.637 E31.66823
G1 X113.564 Y112.142 E31.67444
G1 X113.731 Y112.116 E31.67656
G1 X113.812 Y112.108 E31.67758
G1 X114.092 Y112.102 E31.68109
G1 X114.188 Y112.108 E31.6823
G1 X114.269 Y112.116 E31.68332
G1 X114.435 Y112.142 E31.68543
G1 X114.435 Y112.637 E31.69163
G1 X114.325 Y112.62 E31.69303
G1 X114.216 Y112.609 E31.6944
G1 X114.104 Y112.602 E31.69581
G1 X113.788 Y112.608 E31.69977
G1 X113.675 Y112.62 E31.7012
G0 F7200 X113.565 Y112.637
G0 X113.565 Y112.548
G0 X113.918 Y112.355
;TYPE:SKIN
G1 F1395.7 X114.192 Y112.363 E31.70302
G0 F7200 X114.038 Y112.504
G1 F1500 E25.20302
G0 F7200 X114.039 Y112.503
G0 X113.813 Y115.127
G1 F1500 E31.70302
G0 F7200 X113.675 Y115.62
;TYPE:WALL-OUTER
G1 F1395.7 X113.565 Y115.637 E31.70441
G1 X113.564 Y115.142 E31.71062
G1 X113.731 Y115.116 E31.71274
G1 X113.812 Y115.108 E31.71376
G1 X114.092 Y115.102 E31.71727
G1 X114.188 Y115.108 E31.71848
G1 X114.269 Y115.116 E31.7195
G1 X114.435 Y115.142 E31.72161
G1 X114.436 Y115.637 E31.72782
G1 X114.325 Y115.62 E31.72922
G1 X114.216 Y115.609 E31.7306
G1 X114.104 Y115.602 E31.732
G1 X113.788 Y115.608 E31.73597
G1 X113.675 Y115.62 E31.73739
G0 F7200 X113.565 Y115.637
G0 X113.565 Y115.548
G0 X113.778 Y115.323
;TYPE:SKIN
G1 F1395.7 X114.032 Y115.352 E31.73874
G0 F7200 X114.087 Y115.202
G1 F1500 E25.23874
G0 F7200 X114.086 Y115.203
G0 X113.813 Y118.127
G1 F1500 E31.73874
G0 F7200 X113.675 Y118.62
;TYPE:WALL-OUTER
G1 F1395.7 X113.565 Y118.637 E31.74014
G1 X113.564 Y118.142 E31.74635
G1 X113.731 Y118.116 E31.74847
G1 X113.812 Y118.108 E31.74949
G1 X114.092 Y118.102 E31.753
G1 X114.188 Y118.108 E31.75421
G1 X114.269 Y118.116 E31.75523
G1 X114.435 Y118.142 E31.75733
G1 X114.436 Y118.637 E31.76354
G1 X114.325 Y118.62 E31.76495
G1 X114.216 Y118.609 E31.76632
G1 X114.104 Y118.602 E31.76773
G1 X113.788 Y118.608 E31.77169
G1 X113.675 Y118.62 E31.77312
G0 F7200 X113.565 Y118.637
G0 X113.565 Y118.548
G0 X113.857 Y118.356
;TYPE:SKIN
G1 F1395.7 X114.141 Y118.354 E31.77502
G0 F7200 X114.193 Y118.206
G1 F1500 E25.27502
G0 F7200 X114.193 Y118.209
G0 X115.3 Y118.534
G0 X120.7 Y118.524
G1 F1500 E31.77502
G0 F7200 X121.675 Y118.62
;TYPE:WALL-OUTER
G1 F1395.7 X121.565 Y118.637 E31.77642
G1 X121.564 Y118.142 E31.78262
G1 X121.731 Y118.116 E31.78474
G1 X121.812 Y118.108 E31.78576
G1 X122.092 Y118.102 E31.78928
G1 X122.188 Y118.108 E31.79048
G1 X122.269 Y118.116 E31.7915
G1 X122.435 Y118.142 E31.79361
G1 X122.436 Y118.637 E31.79982
G1 X122.325 Y118.62 E31.80122
G1 X122.216 Y118.609 E31.8026
G1 X122.104 Y118.602 E31.80401
G1 X121.788 Y118.608 E31.80797
G1 X121.675 Y118.62 E31.80939
G0 F7200 X121.565 Y118.637
G0 X121.565 Y118.548
G0 X121.794 Y118.338
;TYPE:SKIN
G1 F1395.7 X122.062 Y118.353 E31.811
G0 F7200 X122.112 Y118.203
G1 F1500 E25.311
G0 F7200 X121.577 Y115.622
G1 F1500 E31.811
G0 F7200 X121.675 Y115.62
;TYPE:WALL-OUTER
G1 F1395.7 X121.565 Y115.637 E31.8124
G1 X121.564 Y115.142 E31.81861
G1 X121.731 Y115.116 E31.82072
G1 X121.812 Y115.108 E31.82175
G1 X121.908 Y115.102 E31.82295
G1 X122.189 Y115.108 E31.82648
G1 X122.269 Y115.116 E31.82748
G1 X122.435 Y115.142 E31.82959
G1 X122.436 Y115.637 E31.8358
G1 X122.325 Y115.62 E31.83721
G1 X122.212 Y115.608 E31.83863
G1 X121.896 Y115.602 E31.8426
G1 X121.784 Y115.609 E31.844
G1 X121.675 Y115.62 E31.84538
G0 F7200 X121.565 Y115.637
G0 X121.565 Y115.548
G0 X121.951 Y115.352
;TYPE:SKIN
G1 F1395.7 X122.207 Y115.379 E31.8469
G0 F7200 X122.032 Y115.504
G1 F1500 E25.3469
G0 F7200 X121.577 Y112.622
G1 F1500 E31.8469
G0 F7200 X121.675 Y112.62
;TYPE:WALL-OUTER
G1 F1395.7 X121.565 Y112.637 E31.84829
G1 X121.564 Y112.142 E31.8545
G1 X121.731 Y112.116 E31.85662
G1 X121.812 Y112.108 E31.85764
G1 X122.092 Y112.102 E31.86115
G1 X122.188 Y112.108 E31.86236
G1 X122.269 Y112.116 E31.86338
G1 X122.435 Y112.142 E31.86549
G1 X122.435 Y112.637 E31.87169
G1 X122.325 Y112.62 E31.87309
G1 X122.216 Y112.609 E31.87446
G1 X122.104 Y112.602 E31.87587
G1 X121.788 Y112.608 E31.87983
G1 X121.675 Y112.62 E31.88126
G0 F7200 X121.565 Y112.637
G0 X121.565 Y112.548
G0 X121.836 Y112.356
;TYPE:SKIN
G1 F1395.7 X122.121 Y112.354 E31.8832
G0 F7200 X122.173 Y112.205
G1 F1500 E25.3832
G0 F7200 X122.18 Y112.208
G0 X121.577 Y109.622
G1 F1500 E31.8832
G0 F7200 X121.675 Y109.62
;TYPE:WALL-OUTER
G1 F1395.7 X121.565 Y109.637 E31.88459
G1 X121.564 Y109.142 E31.8908
G1 X121.731 Y109.116 E31.89292
G1 X121.812 Y109.108 E31.89394
G1 X122.092 Y109.102 E31.89745
G1 X122.188 Y109.108 E31.89866
G1 X122.269 Y109.116 E31.89968
G1 X122.435 Y109.142 E31.90179
G1 X122.436 Y109.637 E31.90799
G1 X122.325 Y109.62 E31.9094
G1 X122.212 Y109.608 E31.91083
G1 X121.896 Y109.602 E31.91479
G1 X121.784 Y109.609 E31.9162
G1 X121.675 Y109.62 E31.91757
G0 F7200 X121.565 Y109.637
G0 X121.565 Y109.548
G0 X121.956 Y109.408
;TYPE:SKIN
G1 F1395.7 X122.067 Y109.297 E31.91856
G0 F7200 X122.076 Y109.206
G1 F1500 E25.41856
G0 F7200 X123.3 Y109.534
G0 X128.7 Y109.524
G1 F1500 E31.91856
G0 F7200 X129.675 Y109.62
;TYPE:WALL-OUTER
G1 F1395.7 X129.565 Y109.637 E31.91995
G1 X129.564 Y109.142 E31.92616
G1 X129.731 Y109.116 E31.92828
G1 X129.812 Y109.108 E31.9293
G1 X129.908 Y109.102 E31.93051
G1 X130.189 Y109.108 E31.93403
G1 X130.269 Y109.116 E31.93504
G1 X130.435 Y109.142 E31.93715
G1 X130.436 Y109.637 E31.94335
G1 X130.325 Y109.62 E31.94476
G1 X130.212 Y109.608 E31.94619
G1 X129.896 Y109.602 E31.95015
G1 X129.784 Y109.609 E31.95156
G1 X129.675 Y109.62 E31.95293
G0 F7200 X129.565 Y109.637
G0 X129.565 Y109.548
G0 X129.931 Y109.352
;TYPE:SKIN
G1 F1395.7 X130.197 Y109.369 E31.95463
G0 F7200 X130.031 Y109.504
G1 F1500 E25.45463
G0 F7200 X129.813 Y112.127
G1 F1500 E31.95463
G0 F7200 X129.675 Y112.62
;TYPE:WALL-OUTER
G1 F1395.7 X129.565 Y112.637 E31.95603
G1 X129.564 Y112.142 E31.96224
G1 X129.731 Y112.116 E31.96436
G1 X129.812 Y112.108 E31.96538
G1 X129.908 Y112.102 E31.96658
G1 X130.189 Y112.108 E31.97011
G1 X130.269 Y112.116 E31.97112
G1 X130.435 Y112.142 E31.97322
G1 X130.435 Y112.637 E31.97943
G1 X130.325 Y112.62 E31.98083
G1 X130.212 Y112.608 E31.98225
G1 X129.896 Y112.602 E31.98622
G1 X129.784 Y112.609 E31.98762
G1 X129.675 Y112.62 E31.989
G0 F7200 X129.565 Y112.637
G0 X129.565 Y112.548
G0 X129.784 Y112.328
;TYPE:SKIN
G1 F1395.7 X130.04 Y112.355 E31.9904
G0 F7200 X130.096 Y112.206
G1 F1500 E25.4904
G0 F7200 X129.813 Y115.127
G1 F1500 E31.9904
G0 F7200 X129.675 Y115.62
;TYPE:WALL-OUTER
G1 F1395.7 X129.565 Y115.637 E31.99179
G1 X129.564 Y115.142 E31.998
G1 X129.731 Y115.116 E32.00012
G1 X129.812 Y115.108 E32.00114
G1 X129.908 Y115.102 E32.00235
G1 X130.189 Y115.108 E32.00587
G1 X130.269 Y115.116 E32.00688
G1 X130.435 Y115.142 E32.00899
G1 X130.436 Y115.637 E32.01519
G1 X130.325 Y115.62 E32.0166
G1 X130.212 Y115.608 E32.01803
G1 X129.896 Y115.602 E32.02199
G1 X129.784 Y115.609 E32.0234
G1 X129.675 Y115.62 E32.02477
G0 F7200 X129.565 Y115.637
G0 X129.565 Y115.548
G0 X129.869 Y115.354
;TYPE:SKIN
G1 F1395.7 X130.149 Y115.358 E32.02672
G0 F7200 X130.187 Y115.208
G1 F1500 E25.52672
G0 F7200 X129.813 Y118.127
G1 F1500 E32.02672
G0 F7200 X129.675 Y118.62
;TYPE:WALL-OUTER
G1 F1395.7 X129.565 Y118.637 E32.02811
G1 X129.564 Y118.142 E32.03432
G1 X129.731 Y118.116 E32.03644
G1 X129.812 Y118.108 E32.03746
G1 X130.092 Y118.102 E32.04097
G1 X130.188 Y118.108 E32.04218
G1 X130.269 Y118.116 E32.0432
G1 X130.435 Y118.142 E32.04531
G1 X130.436 Y118.637 E32.05151
G1 X130.325 Y118.62 E32.05292
G1 X130.216 Y118.609 E32.0543
G1 X130.104 Y118.602 E32.0557
G1 X129.788 Y118.608 E32.05967
G1 X129.675 Y118.62 E32.06109
G0 F7200 X129.565 Y118.637
G0 X129.565 Y118.548
G0 X129.981 Y118.353
;TYPE:SKIN
G1 F1395.7 X130.222 Y118.395 E32.06239
G0 F7200 X130.033 Y118.203
G1 F1500 E25.56239
;MESH:NONMESH
G0 F600 X130.033 Y118.203 Z5.4
G0 F7200 X130.032 Y118.204
G0 X128.699 Y118.156
G0 X123.29 Y114.481
G0 X120.717 Y113.729
G0 X115.3 Y109.62
G0 X113.665 Y109.562
G1 F1500 E32.06239
G0 F7200 X113.459 Y109.653
;TIME_ELAPSED:276.756276
;LAYER:26
;TYPE:WALL-OUTER
;MESH:output\A_fina_suporte.stl
G1 F1800 X113.355 Y109.681 E32.06374
G1 X113.354 Y109.195 E32.06984
G1 X113.537 Y109.146 E32.07221
G1 X113.731 Y109.116 E32.07467
G1 X113.812 Y109.108 E32.0757
G1 X114.091 Y109.102 E32.0792
G1 X114.224 Y109.111 E32.08087
G1 X114.369 Y109.13 E32.0827
G1 X114.455 Y109.144 E32.08379
G1 X114.645 Y109.195 E32.08626
G1 X114.646 Y109.681 E32.09236
G1 X114.541 Y109.653 E32.09372
G1 X114.324 Y109.619 E32.09647
G1 X114.104 Y109.602 E32.09924
G1 X113.788 Y109.608 E32.1032
G1 X113.675 Y109.62 E32.10463
G1 X113.459 Y109.653 E32.10737
G0 F7200 X113.355 Y109.681
G0 X113.355 Y109.588
G0 X113.623 Y109.38
;TYPE:SKIN
G1 F1800 X113.881 Y109.356 E32.1087
G1 X114.165 Y109.356 E32.11016
G0 F7200 X114.198 Y109.511
G1 F1500 E25.61016
G0 F7200 X114.198 Y109.509
G0 X113.733 Y112.135
G1 F1500 E32.11016
G0 F7200 X113.459 Y112.653
;TYPE:WALL-OUTER
G1 F1800 X113.355 Y112.681 E32.11151
G1 X113.354 Y112.195 E32.11761
G1 X113.537 Y112.146 E32.11998
G1 X113.731 Y112.116 E32.12245
G1 X113.812 Y112.108 E32.12347
G1 X114.091 Y112.102 E32.12697
G1 X114.224 Y112.111 E32.12864
G1 X114.369 Y112.13 E32.13047
G1 X114.455 Y112.144 E32.13156
G1 X114.645 Y112.195 E32.13403
G1 X114.645 Y112.681 E32.14013
G1 X114.541 Y112.653 E32.14148
G1 X114.324 Y112.619 E32.14423
G1 X114.104 Y112.602 E32.147
G1 X113.788 Y112.608 E32.15096
G1 X113.675 Y112.62 E32.15239
G1 X113.459 Y112.653 E32.15513
G0 F7200 X113.355 Y112.681
G0 X113.355 Y112.588
G0 X113.776 Y112.362
;TYPE:SKIN
G1 F1800 X114.05 Y112.353 E32.15652
G1 X114.355 Y112.375 E32.15808
G0 F7200 X114.365 Y112.534
G1 F1500 E25.65808
G0 F7200 X114.367 Y112.525
G0 X113.733 Y115.135
G1 F1500 E32.15808
G0 F7200 X113.459 Y115.653
;TYPE:WALL-OUTER
G1 F1800 X113.355 Y115.681 E32.15943
G1 X113.354 Y115.195 E32.16552
G1 X113.537 Y115.146 E32.1679
G1 X113.731 Y115.116 E32.17036
G1 X113.812 Y115.108 E32.17138
G1 X114.091 Y115.102 E32.17488
G1 X114.224 Y115.111 E32.17655
G1 X114.369 Y115.13 E32.17839
G1 X114.455 Y115.144 E32.17948
G1 X114.645 Y115.195 E32.18194
G1 X114.646 Y115.681 E32.18804
G1 X114.541 Y115.653 E32.1894
G1 X114.324 Y115.619 E32.19216
G1 X114.104 Y115.602 E32.19492
G1 X113.788 Y115.608 E32.19889
G1 X113.675 Y115.62 E32.20031
G1 X113.459 Y115.653 E32.20305
G0 F7200 X113.355 Y115.681
G0 X113.355 Y115.588
G0 X113.675 Y115.372
;TYPE:SKIN
G1 F1800 X113.939 Y115.353 E32.20441
G1 X114.229 Y115.36 E32.2059
G0 F7200 X114.262 Y115.519
G1 F1500 E25.7059
G0 F7200 X114.262 Y115.514
G0 X113.733 Y118.135
G1 F1500 E32.2059
G0 F7200 X113.459 Y118.653
;TYPE:WALL-OUTER
G1 F1800 X113.355 Y118.681 E32.20725
G1 X113.354 Y118.195 E32.21334
G1 X113.537 Y118.146 E32.21572
G1 X113.731 Y118.116 E32.21818
G1 X113.812 Y118.108 E32.2192
G1 X114.091 Y118.102 E32.2227
G1 X114.224 Y118.111 E32.22437
G1 X114.369 Y118.13 E32.22621
G1 X114.455 Y118.144 E32.2273
G1 X114.645 Y118.195 E32.22977
G1 X114.646 Y118.681 E32.23586
G1 X114.541 Y118.653 E32.23722
G1 X114.324 Y118.619 E32.23998
G1 X114.104 Y118.602 E32.24275
G1 X113.788 Y118.608 E32.24671
G1 X113.675 Y118.62 E32.24813
G1 X113.459 Y118.653 E32.25087
G0 F7200 X113.355 Y118.681
G0 X113.355 Y118.588
G0 X113.584 Y118.392
;TYPE:SKIN
G1 F1800 X113.832 Y118.357 E32.2519
G1 X114.407 Y118.367 E32.25424
G0 F7200 X114.26 Y118.212
G1 F1500 E25.75424
G0 F7200 X114.258 Y118.216
G0 X115.51 Y118.569
G0 X120.49 Y118.56
G1 F1500 E32.25424
G0 F7200 X121.459 Y118.653
;TYPE:WALL-OUTER
G1 F1800 X121.355 Y118.681 E32.25559
G1 X121.354 Y118.195 E32.26168
G1 X121.537 Y118.146 E32.26406
G1 X121.731 Y118.116 E32.26652
G1 X121.812 Y118.108 E32.26754
G1 X122.091 Y118.102 E32.27104
G1 X122.224 Y118.111 E32.27271
G1 X122.369 Y118.13 E32.27455
G1 X122.455 Y118.144 E32.27564
G1 X122.645 Y118.195 E32.27811
G1 X122.646 Y118.681 E32.2842
G1 X122.541 Y118.653 E32.28556
G1 X122.324 Y118.619 E32.28832
G1 X122.104 Y118.602 E32.29108
G1 X121.788 Y118.608 E32.29505
G1 X121.675 Y118.62 E32.29647
G1 X121.459 Y118.653 E32.29921
G0 F7200 X121.355 Y118.681
G0 X121.355 Y118.588
G0 X121.758 Y118.364
;TYPE:SKIN
G1 F1800 X122.029 Y118.352 E32.30058
G1 X122.332 Y118.372 E32.30212
G0 F7200 X122.373 Y118.536
G1 F1500 E25.80212
G0 F7200 X122.375 Y118.526
G0 X121.367 Y115.666
G1 F1500 E32.30212
G0 F7200 X121.458 Y115.653
;TYPE:WALL-OUTER
G1 F1800 X121.355 Y115.681 E32.30346
G1 X121.354 Y115.195 E32.30955
G1 X121.537 Y115.146 E32.31193
G1 X121.731 Y115.116 E32.31439
G1 X121.909 Y115.102 E32.31663
G1 X122.189 Y115.108 E32.32014
G1 X122.269 Y115.116 E32.32115
G1 X122.464 Y115.146 E32.32362
G1 X122.645 Y115.195 E32.32597
G1 X122.646 Y115.681 E32.33207
G1 X122.541 Y115.653 E32.33343
G1 X122.325 Y115.62 E32.33617
G1 X122.212 Y115.608 E32.3376
G1 X121.895 Y115.602 E32.34157
G1 X121.743 Y115.612 E32.34348
G1 X121.576 Y115.634 E32.3456
G1 X121.458 Y115.653 E32.34709
G0 F7200 X121.355 Y115.681
G0 X121.355 Y115.587
G0 X121.605 Y115.383
;TYPE:SKIN
G1 F1800 X121.861 Y115.356 E32.34808
G1 X122.426 Y115.355 E32.35025
G0 F7200 X122.263 Y115.209
G1 F1500 E25.85025
G0 F7200 X122.262 Y115.215
G0 X121.367 Y112.666
G1 F1500 E32.35025
G0 F7200 X121.459 Y112.653
;TYPE:WALL-OUTER
G1 F1800 X121.355 Y112.681 E32.3516
G1 X121.354 Y112.195 E32.3577
G1 X121.537 Y112.146 E32.36007
G1 X121.731 Y112.116 E32.36253
G1 X121.812 Y112.108 E32.36356
G1 X122.091 Y112.102 E32.36706
G1 X122.224 Y112.111 E32.36873
G1 X122.369 Y112.13 E32.37056
G1 X122.455 Y112.144 E32.37165
G1 X122.645 Y112.195 E32.37412
G1 X122.645 Y112.681 E32.38022
G1 X122.541 Y112.653 E32.38157
G1 X122.324 Y112.619 E32.38432
G1 X122.104 Y112.602 E32.38709
G1 X121.788 Y112.608 E32.39105
G1 X121.675 Y112.62 E32.39248
G1 X121.459 Y112.653 E32.39522
G0 F7200 X121.355 Y112.681
G0 X121.355 Y112.588
G0 X121.703 Y112.369
;TYPE:SKIN
G1 F1800 X121.97 Y112.354 E32.39658
G1 X122.263 Y112.364 E32.39808
G0 F7200 X122.296 Y112.524
G1 F1500 E25.89808
G0 F7200 X122.296 Y112.517
G0 X121.367 Y109.666
G1 F1500 E32.39808
G0 F7200 X121.459 Y109.653
;TYPE:WALL-OUTER
G1 F1800 X121.355 Y109.681 E32.39943
G1 X121.354 Y109.195 E32.40552
G1 X121.537 Y109.146 E32.4079
G1 X121.731 Y109.116 E32.41036
G1 X121.812 Y109.108 E32.41138
G1 X122.091 Y109.102 E32.41488
G1 X122.224 Y109.111 E32.41655
G1 X122.369 Y109.13 E32.41839
G1 X122.455 Y109.144 E32.41948
G1 X122.645 Y109.195 E32.42194
G1 X122.646 Y109.681 E32.42804
G1 X122.541 Y109.653 E32.4294
G1 X122.325 Y109.62 E32.43214
G1 X122.212 Y109.608 E32.43357
G1 X121.895 Y109.602 E32.43754
G1 X121.745 Y109.612 E32.43943
G1 X121.674 Y109.62 E32.44032
G1 X121.459 Y109.653 E32.44305
G0 F7200 X121.355 Y109.681
G0 X121.355 Y109.588
G0 X121.572 Y109.409
;TYPE:SKIN
G1 F1800 X121.804 Y109.359 E32.44402
G1 X122.39 Y109.379 E32.44641
G0 F7200 X122.269 Y109.21
G1 F1500 E25.94641
G0 F7200 X122.266 Y109.217
G0 X123.51 Y109.569
G0 X128.49 Y109.56
G1 F1500 E32.44641
G0 F7200 X129.459 Y109.653
;TYPE:WALL-OUTER
G1 F1800 X129.355 Y109.681 E32.44776
G1 X129.354 Y109.195 E32.45386
G1 X129.537 Y109.146 E32.45623
G1 X129.731 Y109.116 E32.45869
G1 X129.909 Y109.102 E32.46093
G1 X130.189 Y109.108 E32.46444
G1 X130.269 Y109.116 E32.46545
G1 X130.464 Y109.146 E32.46793
G1 X130.645 Y109.195 E32.47028
G1 X130.646 Y109.681 E32.47637
G1 X130.541 Y109.653 E32.47773
G1 X130.325 Y109.62 E32.48048
G1 X130.212 Y109.608 E32.4819
G1 X129.895 Y109.602 E32.48588
G1 X129.745 Y109.612 E32.48776
G1 X129.674 Y109.62 E32.48866
G1 X129.459 Y109.653 E32.49139
G0 F7200 X129.355 Y109.681
G0 X129.355 Y109.588
G0 X129.731 Y109.367
;TYPE:SKIN
G1 F1800 X130.001 Y109.353 E32.49279
G1 X130.298 Y109.368 E32.49433
G0 F7200 X130.342 Y109.531
G1 F1500 E25.99433
G0 F7200 X130.337 Y109.521
G0 X129.733 Y112.135
G1 F1500 E32.49433
G0 F7200 X129.458 Y112.653
;TYPE:WALL-OUTER
G1 F1800 X129.355 Y112.681 E32.49566
G1 X129.354 Y112.195 E32.50176
G1 X129.537 Y112.146 E32.50413
G1 X129.731 Y112.116 E32.5066
G1 X129.909 Y112.102 E32.50884
G1 X130.189 Y112.108 E32.51235
G1 X130.269 Y112.116 E32.51336
G1 X130.464 Y112.146 E32.51583
G1 X130.645 Y112.195 E32.51818
G1 X130.645 Y112.681 E32.52428
G1 X130.541 Y112.653 E32.52563
G1 X130.325 Y112.62 E32.52837
G1 X130.212 Y112.608 E32.52979
G1 X129.895 Y112.602 E32.53377
G1 X129.743 Y112.612 E32.53568
G1 X129.576 Y112.634 E32.53779
G1 X129.458 Y112.653 E32.53929
G0 F7200 X129.355 Y112.681
G0 X129.355 Y112.587
G0 X129.632 Y112.379
;TYPE:SKIN
G1 F1800 X129.891 Y112.355 E32.5406
G1 X130.176 Y112.357 E32.54203
G0 F7200 X130.205 Y112.513
G1 F1500 E26.04203
G0 F7200 X130.205 Y112.508
G0 X129.733 Y115.135
G1 F1500 E32.54203
G0 F7200 X129.458 Y115.653
;TYPE:WALL-OUTER
G1 F1800 X129.355 Y115.681 E32.54337
G1 X129.354 Y115.195 E32.54947
G1 X129.537 Y115.146 E32.55184
G1 X129.731 Y115.116 E32.5543
G1 X129.909 Y115.102 E32.55654
G1 X130.189 Y115.108 E32.56005
G1 X130.269 Y115.116 E32.56106
G1 X130.464 Y115.146 E32.56354
G1 X130.645 Y115.195 E32.56589
G1 X130.646 Y115.681 E32.57198
G1 X130.541 Y115.653 E32.57335
G1 X130.325 Y115.62 E32.57609
G1 X130.212 Y115.608 E32.57751
G1 X129.895 Y115.602 E32.58149
G1 X129.743 Y115.612 E32.5834
G1 X129.576 Y115.634 E32.58551
G1 X129.458 Y115.653 E32.58701
G0 F7200 X129.355 Y115.681
G0 X129.355 Y115.587
G0 X129.563 Y115.421
;TYPE:SKIN
G1 F1800 X129.786 Y115.361 E32.58791
G1 X130.369 Y115.378 E32.59019
G0 F7200 X130.378 Y115.537
G1 F1500 E26.09019
G0 F7200 X130.381 Y115.528
G0 X129.733 Y118.135
G1 F1500 E32.59019
G0 F7200 X129.459 Y118.653
;TYPE:WALL-OUTER
G1 F1800 X129.355 Y118.681 E32.59154
G1 X129.354 Y118.195 E32.59763
G1 X129.537 Y118.146 E32.60001
G1 X129.731 Y118.116 E32.60247
G1 X129.812 Y118.108 E32.60349
G1 X130.091 Y118.102 E32.60699
G1 X130.224 Y118.111 E32.60866
G1 X130.369 Y118.13 E32.6105
G1 X130.455 Y118.144 E32.61159
G1 X130.645 Y118.195 E32.61406
G1 X130.646 Y118.681 E32.62015
G1 X130.541 Y118.653 E32.62151
G1 X130.324 Y118.619 E32.62427
G1 X130.104 Y118.602 E32.62704
G1 X129.788 Y118.608 E32.631
G1 X129.675 Y118.62 E32.63243
G1 X129.459 Y118.653 E32.63517
G0 F7200 X129.355 Y118.681
G0 X129.355 Y118.588
G0 X129.685 Y118.371
;TYPE:SKIN
G1 F1800 X129.951 Y118.354 E32.63653
G1 X130.242 Y118.362 E32.63801
G0 F7200 X130.274 Y118.521
G1 F1500 E26.13801
;MESH:NONMESH
G0 F600 X130.274 Y118.521 Z5.6
G0 F7200 X130.274 Y118.515
G0 X128.489 Y118.209
G0 X123.5 Y114.537
G0 X120.507 Y113.785
G0 X115.51 Y109.664
G0 X114.335 Y109.609
G1 F1500 E32.63801
G0 F7200 X113.459 Y109.653
;TIME_ELAPSED:286.397127
;LAYER:27
;TYPE:WALL-OUTER
;MESH:output\A_fina_suporte.stl
G1 F1800 X113.145 Y109.737 E32.64209
G1 X113.145 Y109.253 E32.64816
G1 X113.167 Y109.245 E32.64845
G1 X113.538 Y109.146 E32.65327
G1 X113.742 Y109.115 E32.65585
G1 X113.812 Y109.108 E32.65674
G1 X114.102 Y109.102 E32.66037
G1 X114.198 Y109.109 E32.66158
G1 X114.309 Y109.121 E32.66298
G1 X114.455 Y109.144 E32.66483
G1 X114.833 Y109.245 E32.66974
G1 X114.855 Y109.253 E32.67003
G1 X114.855 Y109.737 E32.6761
G1 X114.541 Y109.653 E32.68018
G1 X114.312 Y109.618 E32.68309
G1 X114.105 Y109.602 E32.68569
G1 X113.776 Y109.609 E32.68982
G1 X113.674 Y109.62 E32.6911
G1 X113.459 Y109.653 E32.69383
G0 F7200 X113.266 Y109.704
G0 X113.474 Y109.405
;TYPE:SKIN
G1 F1800 X113.803 Y109.358 E32.69518
G1 X114.586 Y109.424 E32.69836
G0 F7200 X114.652 Y109.27
G1 F1500 E26.19836
G0 F7200 X114.645 Y109.297
G0 X113.455 Y109.634
G0 X113.744 Y112.134
G1 F1500 E32.69836
G0 F7200 X113.458 Y112.653
;TYPE:WALL-OUTER
G1 F1800 X113.145 Y112.737 E32.70243
G1 X113.144 Y112.253 E32.7085
G1 X113.162 Y112.246 E32.70874
G1 X113.538 Y112.146 E32.71362
G1 X113.742 Y112.115 E32.71621
G1 X113.812 Y112.108 E32.71709
G1 X114.102 Y112.102 E32.72073
G1 X114.198 Y112.109 E32.72193
G1 X114.309 Y112.121 E32.72333
G1 X114.455 Y112.144 E32.72519
G1 X114.833 Y112.245 E32.73009
G1 X114.855 Y112.254 E32.73039
G1 X114.856 Y112.737 E32.73645
G1 X114.541 Y112.653 E32.73806
G1 X114.312 Y112.618 E32.74097
G1 X114.105 Y112.602 E32.74357
G1 X113.775 Y112.609 E32.74771
G1 X113.642 Y112.624 E32.74939
G1 X113.458 Y112.653 E32.75173
G0 F7200 X113.265 Y112.704
G0 X113.609 Y112.382
;TYPE:SKIN
G1 F1800 X113.918 Y112.355 E32.75313
G1 X114.444 Y112.394 E32.75552
G0 F7200 X114.48 Y112.239
G1 F1500 E26.25552
G0 F7200 X114.477 Y112.252
G0 X113.454 Y112.634
G0 X113.744 Y115.134
G1 F1500 E32.75552
G0 F7200 X113.458 Y115.653
;TYPE:WALL-OUTER
G1 F1800 X113.145 Y115.737 E32.75958
G1 X113.145 Y115.253 E32.76565
G1 X113.167 Y115.245 E32.76594
G1 X113.538 Y115.146 E32.77076
G1 X113.742 Y115.115 E32.77335
G1 X113.812 Y115.108 E32.77423
G1 X114.102 Y115.102 E32.77786
G1 X114.198 Y115.109 E32.77907
G1 X114.309 Y115.121 E32.78047
G1 X114.455 Y115.144 E32.78233
G1 X114.833 Y115.245 E32.78723
G1 X114.855 Y115.253 E32.78753
G1 X114.855 Y115.737 E32.7936
G1 X114.541 Y115.653 E32.79767
G1 X114.312 Y115.618 E32.80058
G1 X114.105 Y115.602 E32.80318
G1 X113.775 Y115.609 E32.80732
G1 X113.642 Y115.624 E32.809
G1 X113.458 Y115.653 E32.81133
G0 F7200 X113.265 Y115.704
G0 X113.394 Y115.424
;TYPE:SKIN
G1 F1800 X113.738 Y115.364 E32.81273
G1 X114.537 Y115.412 E32.81593
G0 F7200 X114.569 Y115.253
G1 F1500 E26.31593
G0 F7200 X114.563 Y115.275
G0 X113.454 Y115.634
G0 X113.744 Y118.134
G1 F1500 E32.81593
G0 F7200 X113.458 Y118.653
;TYPE:WALL-OUTER
G1 F1800 X113.145 Y118.737 E32.82
G1 X113.144 Y118.253 E32.82607
G1 X113.162 Y118.246 E32.82631
G1 X113.538 Y118.146 E32.83119
G1 X113.742 Y118.115 E32.83378
G1 X113.812 Y118.108 E32.83466
G1 X114.102 Y118.102 E32.8383
G1 X114.198 Y118.109 E32.8395
G1 X114.309 Y118.121 E32.8409
G1 X114.455 Y118.144 E32.84276
G1 X114.833 Y118.245 E32.84766
G1 X114.855 Y118.254 E32.84796
G1 X114.856 Y118.737 E32.85402
G1 X114.541 Y118.653 E32.85563
G1 X114.312 Y118.618 E32.85854
G1 X114.105 Y118.602 E32.86114
G1 X113.775 Y118.609 E32.86528
G1 X113.642 Y118.624 E32.86696
G1 X113.458 Y118.653 E32.8693
G0 F7200 X113.265 Y118.704
G0 X113.538 Y118.392
;TYPE:SKIN
G1 F1800 X113.857 Y118.356 E32.87059
G1 X114.628 Y118.433 E32.87372
G0 F7200 X114.48 Y118.239
G1 F1500 E26.37372
G0 F7200 X114.477 Y118.252
G0 X115.72 Y118.568
G0 X120.28 Y118.558
G0 X121.438 Y118.556
G1 F1500 E32.87372
G0 F7200 X121.458 Y118.653
;TYPE:WALL-OUTER
G1 F1800 X121.145 Y118.737 E32.87778
G1 X121.144 Y118.253 E32.88385
G1 X121.162 Y118.246 E32.8841
G1 X121.538 Y118.146 E32.88897
G1 X121.742 Y118.115 E32.89156
G1 X121.812 Y118.108 E32.89244
G1 X122.102 Y118.102 E32.89608
G1 X122.198 Y118.109 E32.89729
G1 X122.309 Y118.121 E32.89869
G1 X122.455 Y118.144 E32.90054
G1 X122.833 Y118.245 E32.90545
G1 X122.855 Y118.254 E32.90575
G1 X122.856 Y118.737 E32.9118
G1 X122.541 Y118.653 E32.91342
G1 X122.312 Y118.618 E32.91633
G1 X122.105 Y118.602 E32.91893
G1 X121.775 Y118.609 E32.92307
G1 X121.642 Y118.624 E32.92475
G1 X121.458 Y118.653 E32.92708
G0 F7200 X121.265 Y118.704
G0 X121.434 Y118.415
;TYPE:SKIN
G1 F1800 X121.771 Y118.36 E32.92845
G1 X122.563 Y118.418 E32.93163
G0 F7200 X122.595 Y118.256
G1 F1500 E26.43163
G0 F7200 X122.588 Y118.282
G0 X121.157 Y115.722
G1 F1500 E32.93163
G0 F7200 X121.458 Y115.653
;TYPE:WALL-OUTER
G1 F1800 X121.145 Y115.737 E32.9357
G1 X121.145 Y115.253 E32.94177
G1 X121.167 Y115.245 E32.94206
G1 X121.538 Y115.146 E32.94688
G1 X121.742 Y115.115 E32.94946
G1 X121.91 Y115.102 E32.95158
G1 X122.187 Y115.108 E32.95505
G1 X122.31 Y115.121 E32.9566
G1 X122.455 Y115.144 E32.95844
G1 X122.833 Y115.245 E32.96335
G1 X122.855 Y115.253 E32.96364
G1 X122.855 Y115.737 E32.96971
G1 X122.541 Y115.653 E32.97379
G1 X122.313 Y115.619 E32.97668
G1 X122.212 Y115.608 E32.97795
G1 X121.883 Y115.602 E32.98208
G1 X121.77 Y115.61 E32.9835
G1 X121.642 Y115.624 E32.98512
G1 X121.458 Y115.653 E32.98745
G0 F7200 X121.265 Y115.704
G0 X121.645 Y115.376
;TYPE:SKIN
G1 F1800 X121.951 Y115.352 E32.98884
G1 X122.469 Y115.4 E32.99119
G0 F7200 X122.503 Y115.243
G1 F1500 E26.49119
G0 F7200 X122.499 Y115.258
G0 X121.157 Y112.722
G1 F1500 E32.99119
G0 F7200 X121.458 Y112.653
;TYPE:WALL-OUTER
G1 F1800 X121.145 Y112.737 E32.99526
G1 X121.144 Y112.253 E33.00133
G1 X121.162 Y112.246 E33.00157
G1 X121.538 Y112.146 E33.00645
G1 X121.742 Y112.115 E33.00904
G1 X121.812 Y112.108 E33.00992
G1 X122.102 Y112.102 E33.01356
G1 X122.198 Y112.109 E33.01476
G1 X122.309 Y112.121 E33.01616
G1 X122.455 Y112.144 E33.01802
G1 X122.833 Y112.245 E33.02292
G1 X122.855 Y112.254 E33.02322
G1 X122.856 Y112.737 E33.02928
G1 X122.541 Y112.653 E33.03089
G1 X122.312 Y112.618 E33.0338
G1 X122.105 Y112.602 E33.0364
G1 X121.775 Y112.609 E33.04054
G1 X121.642 Y112.624 E33.04222
G1 X121.458 Y112.653 E33.04456
G0 F7200 X121.265 Y112.704
G0 X121.513 Y112.397
;TYPE:SKIN
G1 F1800 X121.835 Y112.357 E33.04587
G1 X122.612 Y112.429 E33.04904
G0 F7200 X122.677 Y112.276
G1 F1500 E26.54904
G0 F7200 X122.67 Y112.304
G0 X122.545 Y109.634
G0 X121.439 Y109.556
G1 F1500 E33.04904
G0 F7200 X121.459 Y109.653
;TYPE:WALL-OUTER
G1 F1800 X121.145 Y109.737 E33.05311
G1 X121.145 Y109.253 E33.05918
G1 X121.167 Y109.245 E33.05948
G1 X121.538 Y109.146 E33.06429
G1 X121.742 Y109.115 E33.06688
G1 X121.812 Y109.108 E33.06776
G1 X122.102 Y109.102 E33.0714
G1 X122.198 Y109.109 E33.07261
G1 X122.309 Y109.121 E33.07401
G1 X122.455 Y109.144 E33.07586
G1 X122.833 Y109.245 E33.08077
G1 X122.855 Y109.253 E33.08106
G1 X122.855 Y109.737 E33.08713
G1 X122.541 Y109.653 E33.09121
G1 X122.313 Y109.619 E33.0941
G1 X122.212 Y109.608 E33.09537
G1 X121.883 Y109.602 E33.0995
G1 X121.771 Y109.61 E33.10091
G1 X121.674 Y109.62 E33.10213
G1 X121.459 Y109.653 E33.10486
G0 F7200 X121.266 Y109.704
G0 X121.379 Y109.419
;TYPE:SKIN
G1 F1800 X121.714 Y109.367 E33.10613
G1 X122.52 Y109.41 E33.10916
G0 F7200 X122.552 Y109.25
G0 X122.546 Y109.271
G0 X123.72 Y109.556
G0 X128.28 Y109.556
G0 X129.439 Y109.556
G0 X129.459 Y109.653
;TYPE:WALL-OUTER
G1 F1800 X129.145 Y109.737 E33.11324
G1 X129.145 Y109.253 E33.11931
G1 X129.167 Y109.245 E33.1196
G1 X129.538 Y109.146 E33.12442
G1 X129.742 Y109.115 E33.127
G1 X129.91 Y109.102 E33.12912
G1 X130.187 Y109.108 E33.13259
G1 X130.31 Y109.121 E33.13414
G1 X130.455 Y109.144 E33.13598
G1 X130.833 Y109.245 E33.14089
G1 X130.855 Y109.253 E33.14118
G1 X130.855 Y109.737 E33.14725
G1 X130.541 Y109.653 E33.15133
G1 X130.313 Y109.619 E33.15422
G1 X130.212 Y109.608 E33.15549
G1 X129.883 Y109.602 E33.15962
G1 X129.771 Y109.61 E33.16103
G1 X129.674 Y109.62 E33.16225
G1 X129.459 Y109.653 E33.16498
G0 F7200 X129.266 Y109.704
G0 X129.62 Y109.38
;TYPE:SKIN
G1 F1800 X129.931 Y109.352 E33.16638
G1 X130.453 Y109.396 E33.16874
G0 F7200 X130.488 Y109.241
G0 X130.484 Y109.254
G0 X129.455 Y109.634
G0 X129.744 Y112.134
G0 X129.458 Y112.653
;TYPE:WALL-OUTER
G1 F1800 X129.145 Y112.737 E33.1728
G1 X129.144 Y112.253 E33.17887
G1 X129.162 Y112.246 E33.17911
G1 X129.538 Y112.146 E33.18399
G1 X129.742 Y112.115 E33.18658
G1 X129.91 Y112.102 E33.18869
G1 X130.187 Y112.108 E33.19217
G1 X130.31 Y112.121 E33.19372
G1 X130.455 Y112.144 E33.19556
G1 X130.833 Y112.245 E33.20046
G1 X130.855 Y112.254 E33.20076
G1 X130.856 Y112.737 E33.20682
G1 X130.541 Y112.653 E33.20844
G1 X130.313 Y112.619 E33.21133
G1 X130.212 Y112.608 E33.2126
G1 X129.883 Y112.602 E33.21673
G1 X129.77 Y112.61 E33.21815
G1 X129.642 Y112.624 E33.21976
G1 X129.458 Y112.653 E33.2221
G0 F7200 X129.265 Y112.704
G0 X129.406 Y112.422
;TYPE:SKIN
G1 F1800 X129.749 Y112.363 E33.22348
G1 X130.545 Y112.415 E33.22666
G0 F7200 X130.578 Y112.254
G0 X130.572 Y112.278
G0 X129.454 Y112.634
G0 X129.744 Y115.134
G0 X129.458 Y115.653
;TYPE:WALL-OUTER
G1 F1800 X129.145 Y115.737 E33.23073
G1 X129.145 Y115.253 E33.23679
G1 X129.167 Y115.245 E33.23709
G1 X129.538 Y115.146 E33.2419
G1 X129.742 Y115.115 E33.24449
G1 X129.91 Y115.102 E33.2466
G1 X130.187 Y115.108 E33.25008
G1 X130.31 Y115.121 E33.25163
G1 X130.455 Y115.144 E33.25347
G1 X130.833 Y115.245 E33.25838
G1 X130.855 Y115.253 E33.25867
G1 X130.855 Y115.737 E33.26474
G1 X130.541 Y115.653 E33.26882
G1 X130.313 Y115.619 E33.27171
G1 X130.212 Y115.608 E33.27298
G1 X129.883 Y115.602 E33.27711
G1 X129.77 Y115.61 E33.27853
G1 X129.642 Y115.624 E33.28014
G1 X129.458 Y115.653 E33.28248
G0 F7200 X129.265 Y115.704
G0 X129.55 Y115.39
;TYPE:SKIN
G1 F1800 X129.869 Y115.354 E33.28377
G1 X130.631 Y115.44 E33.28687
G0 F7200 X130.481 Y115.24
G0 X130.478 Y115.252
G0 X129.454 Y115.634
G0 X129.744 Y118.134
G0 X129.458 Y118.653
;TYPE:WALL-OUTER
G1 F1800 X129.145 Y118.737 E33.29093
G1 X129.144 Y118.253 E33.297
G1 X129.162 Y118.246 E33.29724
G1 X129.538 Y118.146 E33.30212
G1 X129.742 Y118.115 E33.30471
G1 X129.812 Y118.108 E33.30559
G1 X130.102 Y118.102 E33.30923
G1 X130.198 Y118.109 E33.31044
G1 X130.309 Y118.121 E33.31184
G1 X130.455 Y118.144 E33.31369
G1 X130.833 Y118.245 E33.3186
G1 X130.855 Y118.254 E33.3189
G1 X130.856 Y118.737 E33.32495
G1 X130.541 Y118.653 E33.32657
G1 X130.312 Y118.618 E33.32947
G1 X130.105 Y118.602 E33.33208
G1 X129.775 Y118.609 E33.33622
G1 X129.642 Y118.624 E33.33789
G1 X129.458 Y118.653 E33.34023
G0 F7200 X129.265 Y118.704
G0 X129.359 Y118.41
;TYPE:SKIN
G1 F1800 X129.681 Y118.371 E33.34136
G1 X130.496 Y118.405 E33.34419
G0 F7200 X130.53 Y118.247
;MESH:NONMESH
G0 F600 X130.53 Y118.247 Z5.8
G0 F7200 X130.525 Y118.265
G0 X129.168 Y118.265
G0 X123.712 Y114.666
G0 X121.306 Y113.59
G0 X120.299 Y113.961
G0 X115.72 Y109.722
G0 X114.316 Y109.579
G0 X113.245 Y109.658
G0 X113.038 Y109.766
;TIME_ELAPSED:294.066593
;LAYER:28
;TYPE:WALL-OUTER
;MESH:output\A_fina_suporte.stl
G1 F1800 X112.935 Y109.805 E33.34557
G1 X112.935 Y109.334 E33.35148
G1 X113.166 Y109.245 E33.35458
G1 X113.382 Y109.187 E33.35739
G1 X113.382 Y109.674 E33.36349
G1 X113.038 Y109.766 E33.36796
G0 F7200 X112.935 Y109.805
G0 X112.935 Y109.715
G0 X113.141 Y109.464
;TYPE:SKIN
G1 F1800 X113.186 Y109.509 E33.36836
G0 F7200 X113.335 Y109.509
G0 X113.282 Y109.509
G0 X114.638 Y109.671
G0 X114.962 Y109.766
;TYPE:WALL-OUTER
G1 F1800 X114.618 Y109.674 E33.37282
G1 X114.618 Y109.187 E33.37893
G1 X114.834 Y109.245 E33.38174
G1 X115.065 Y109.334 E33.38484
G1 X115.065 Y109.805 E33.39075
G1 X114.962 Y109.766 E33.39213
G0 F7200 X114.769 Y109.715
G0 X114.869 Y109.495
;TYPE:SKIN
G1 F1800 X114.824 Y109.45 E33.39253
G0 F7200 X114.837 Y109.319
G0 X114.824 Y109.348
G0 X114.629 Y112.202
G0 X114.962 Y112.765
;TYPE:WALL-OUTER
G1 F1800 X114.618 Y112.675 E33.39699
G1 X114.617 Y112.187 E33.40311
G1 X114.834 Y112.245 E33.40592
G1 X115.065 Y112.334 E33.40903
G1 X115.066 Y112.805 E33.41493
G1 X114.962 Y112.765 E33.41633
G0 F7200 X114.769 Y112.715
G0 X114.75 Y112.642
G0 X114.76 Y112.61
G0 X113.368 Y112.661
G0 X113.038 Y112.766
G1 F1800 X112.935 Y112.805 E33.41771
G1 X112.934 Y112.335 E33.42361
G1 X113.166 Y112.245 E33.42673
G1 X113.382 Y112.187 E33.42953
G1 X113.383 Y112.673 E33.43563
G1 X113.038 Y112.766 E33.44011
G0 F7200 X112.935 Y112.805
G0 X112.935 Y112.715
G0 X113.224 Y112.301
G0 X113.232 Y112.331
G0 X113.37 Y115.202
G0 X113.038 Y115.766
G1 F1800 X112.935 Y115.805 E33.44149
G1 X112.935 Y115.334 E33.4474
G1 X113.166 Y115.245 E33.4505
G1 X113.382 Y115.187 E33.4533
G1 X113.383 Y115.673 E33.4594
G1 X113.038 Y115.766 E33.46388
G0 F7200 X112.935 Y115.805
G0 X112.935 Y115.715
G0 X113.224 Y115.301
G0 X113.232 Y115.331
G0 X114.618 Y115.659
G0 X114.961 Y115.765
G1 F1800 X114.618 Y115.675 E33.46833
G1 X114.617 Y115.187 E33.47445
G1 X114.834 Y115.245 E33.47726
G1 X115.065 Y115.334 E33.48037
G1 X115.065 Y115.805 E33.48627
G1 X114.961 Y115.765 E33.48767
G0 F7200 X114.768 Y115.715
G0 X114.749 Y115.641
G0 X114.758 Y115.609
G0 X114.629 Y118.202
G0 X114.962 Y118.765
G1 F1800 X114.618 Y118.675 E33.49213
G1 X114.617 Y118.187 E33.49825
G1 X114.834 Y118.245 E33.50107
G1 X115.065 Y118.334 E33.50417
G1 X115.066 Y118.805 E33.51008
G1 X114.962 Y118.765 E33.51148
G0 F7200 X114.769 Y118.715
G0 X114.86 Y118.537
;TYPE:SKIN
G1 F1800 X114.812 Y118.489 E33.5119
G0 F7200 X114.665 Y118.489
G0 X114.718 Y118.49
G0 X113.368 Y118.661
G0 X113.038 Y118.766
;TYPE:WALL-OUTER
G1 F1800 X112.935 Y118.805 E33.51328
G1 X112.934 Y118.335 E33.51918
G1 X113.168 Y118.244 E33.52232
G1 X113.382 Y118.188 E33.5251
G1 X113.383 Y118.673 E33.53118
G1 X113.038 Y118.766 E33.53566
G0 F7200 X112.935 Y118.805
G0 X112.935 Y118.715
G0 X113.224 Y118.301
G0 X113.23 Y118.331
G0 X113.644 Y119.499
G0 X115.914 Y120.04
G0 X120.07 Y118.646
G0 X121.038 Y118.766
G1 F1800 X120.935 Y118.805 E33.53704
G1 X120.934 Y118.335 E33.54294
G1 X121.168 Y118.244 E33.54609
G1 X121.382 Y118.188 E33.54886
G1 X121.383 Y118.673 E33.55494
G1 X121.038 Y118.766 E33.55942
G0 F7200 X120.935 Y118.805
G0 X120.935 Y118.715
G0 X121.224 Y118.301
G0 X121.23 Y118.331
G0 X122.618 Y118.659
G0 X122.962 Y118.765
G1 F1800 X122.618 Y118.675 E33.56388
G1 X122.617 Y118.187 E33.57
G1 X122.834 Y118.245 E33.57282
G1 X123.065 Y118.334 E33.57592
G1 X123.066 Y118.805 E33.58183
G1 X122.962 Y118.765 E33.58323
G0 F7200 X122.769 Y118.715
G0 X122.75 Y118.642
G0 X122.76 Y118.61
G0 X123.054 Y115.789
G0 X122.961 Y115.765
G1 F1800 X122.618 Y115.675 E33.58767
G1 X122.617 Y115.187 E33.59379
G1 X122.834 Y115.245 E33.59661
G1 X123.065 Y115.334 E33.59971
G1 X123.065 Y115.805 E33.60562
G1 X122.961 Y115.765 E33.60702
G0 F7200 X122.768 Y115.715
G0 X122.869 Y115.515
;TYPE:SKIN
G1 F1800 X122.811 Y115.457 E33.60753
G0 F7200 X122.665 Y115.458
G0 X122.718 Y115.459
G0 X121.368 Y115.661
G0 X121.038 Y115.766
;TYPE:WALL-OUTER
G1 F1800 X120.935 Y115.805 E33.60891
G1 X120.935 Y115.334 E33.61482
G1 X121.166 Y115.245 E33.61792
G1 X121.382 Y115.187 E33.62073
G1 X121.383 Y115.673 E33.62682
G1 X121.038 Y115.766 E33.6313
G0 F7200 X120.935 Y115.805
G0 X120.935 Y115.715
G0 X121.129 Y115.472
;TYPE:SKIN
G1 F1800 X121.181 Y115.524 E33.63177
G0 F7200 X121.25 Y115.643
G0 X121.241 Y115.608
G0 X120.946 Y112.789
G0 X121.038 Y112.766
;TYPE:WALL-OUTER
G1 F1800 X120.935 Y112.805 E33.63315
G1 X120.934 Y112.335 E33.63904
G1 X121.166 Y112.245 E33.64216
G1 X121.382 Y112.187 E33.64497
G1 X121.383 Y112.673 E33.65106
G1 X121.038 Y112.766 E33.65554
G0 F7200 X120.935 Y112.805
G0 X120.935 Y112.715
G0 X121.224 Y112.301
G0 X121.232 Y112.331
G0 X122.618 Y112.659
G0 X122.962 Y112.765
G1 F1800 X122.618 Y112.675 E33.66
G1 X122.617 Y112.187 E33.66612
G1 X122.834 Y112.245 E33.66894
G1 X123.065 Y112.334 E33.67204
G1 X123.066 Y112.805 E33.67795
G1 X122.962 Y112.765 E33.67935
G0 F7200 X122.769 Y112.715
G0 X122.75 Y112.642
G0 X122.76 Y112.61
G0 X123.054 Y109.789
G0 X122.962 Y109.766
G1 F1800 X122.618 Y109.674 E33.68381
G1 X122.618 Y109.187 E33.68992
G1 X122.834 Y109.245 E33.69272
G1 X123.065 Y109.334 E33.69583
G1 X123.065 Y109.805 E33.70173
G1 X122.962 Y109.766 E33.70311
G0 F7200 X122.769 Y109.715
G0 X122.752 Y109.642
G0 X122.761 Y109.61
G0 X121.362 Y109.671
G0 X121.038 Y109.766
G1 F1800 X120.935 Y109.805 E33.7045
G1 X120.935 Y109.334 E33.7104
G1 X121.166 Y109.245 E33.71351
G1 X121.382 Y109.187 E33.71631
G1 X121.382 Y109.674 E33.72242
G1 X121.038 Y109.766 E33.72688
G0 F7200 X120.935 Y109.805
G0 X120.935 Y109.715
G0 X121.225 Y109.302
G0 X121.232 Y109.331
G0 X121.641 Y110.5
G0 X123.912 Y111.037
G0 X128.07 Y109.671
G0 X129.038 Y109.766
G1 F1800 X128.935 Y109.805 E33.72827
G1 X128.935 Y109.334 E33.73417
G1 X129.166 Y109.245 E33.73728
G1 X129.382 Y109.187 E33.74008
G1 X129.382 Y109.674 E33.74619
G1 X129.038 Y109.766 E33.75065
G0 F7200 X128.935 Y109.805
G0 X128.935 Y109.715
G0 X129.225 Y109.302
G0 X129.232 Y109.331
G0 X130.638 Y109.671
G0 X130.962 Y109.766
G1 F1800 X130.618 Y109.674 E33.75512
G1 X130.618 Y109.187 E33.76123
G1 X130.834 Y109.245 E33.76403
G1 X131.065 Y109.334 E33.76714
G1 X131.065 Y109.805 E33.77304
G1 X130.962 Y109.766 E33.77442
G0 F7200 X130.769 Y109.715
G0 X130.752 Y109.642
G0 X130.761 Y109.61
G0 X130.629 Y112.202
G0 X130.962 Y112.765
G1 F1800 X130.618 Y112.675 E33.77888
G1 X130.617 Y112.187 E33.785
G1 X130.834 Y112.245 E33.78782
G1 X131.065 Y112.334 E33.79092
G1 X131.066 Y112.805 E33.79683
G1 X130.962 Y112.765 E33.79823
G0 F7200 X130.769 Y112.715
G0 X130.75 Y112.642
G0 X130.76 Y112.61
G0 X129.368 Y112.661
G0 X129.038 Y112.766
G1 F1800 X128.935 Y112.805 E33.79961
G1 X128.934 Y112.335 E33.8055
G1 X129.166 Y112.245 E33.80862
G1 X129.382 Y112.187 E33.81143
G1 X129.383 Y112.673 E33.81752
G1 X129.038 Y112.766 E33.822
G0 F7200 X128.935 Y112.805
G0 X128.935 Y112.715
G0 X129.187 Y112.499
;TYPE:SKIN
G1 F1800 X129.148 Y112.46 E33.82235
G0 F7200 X129.134 Y112.326
G0 X129.146 Y112.36
G0 X129.37 Y115.202
G0 X129.038 Y115.766
;TYPE:WALL-OUTER
G1 F1800 X128.935 Y115.805 E33.82373
G1 X128.935 Y115.334 E33.82964
G1 X129.166 Y115.245 E33.83274
G1 X129.382 Y115.187 E33.83555
G1 X129.383 Y115.673 E33.84164
G1 X129.038 Y115.766 E33.84612
G0 F7200 X128.935 Y115.805
G0 X128.935 Y115.715
G0 X129.224 Y115.301
G0 X129.232 Y115.331
G0 X130.618 Y115.659
G0 X130.961 Y115.765
G1 F1800 X130.618 Y115.675 E33.85057
G1 X130.617 Y115.187 E33.85669
G1 X130.834 Y115.245 E33.8595
G1 X131.065 Y115.334 E33.86261
G1 X131.065 Y115.805 E33.86851
G1 X130.961 Y115.765 E33.86991
G0 F7200 X130.768 Y115.715
G0 X130.749 Y115.641
G0 X130.758 Y115.609
G0 X130.629 Y118.202
G0 X130.962 Y118.765
G1 F1800 X130.618 Y118.675 E33.87437
G1 X130.617 Y118.187 E33.88049
G1 X130.834 Y118.245 E33.88331
G1 X131.065 Y118.334 E33.88641
G1 X131.066 Y118.805 E33.89232
G1 X130.962 Y118.765 E33.89372
G0 F7200 X130.769 Y118.715
G0 X130.75 Y118.642
G0 X130.76 Y118.61
G0 X129.368 Y118.661
G0 X129.038 Y118.766
G1 F1800 X128.935 Y118.805 E33.8951
G1 X128.934 Y118.335 E33.90099
G1 X129.168 Y118.244 E33.90414
G1 X129.382 Y118.188 E33.90691
G1 X129.383 Y118.673 E33.913
G1 X129.038 Y118.766 E33.91748
G0 F7200 X128.935 Y118.805
G0 X128.935 Y118.715
G0 X129.224 Y118.301
;MESH:NONMESH
G0 F600 X129.224 Y118.301 Z6
G0 F7200 X129.23 Y118.331
G0 X128.07 Y118.347
G0 X123.922 Y114.744
G0 X122.637 Y114.298
G0 X120.883 Y114.437
G0 X113.641 Y110.5
G0 X113.035 Y109.671
G0 X113.038 Y109.765
;TIME_ELAPSED:297.916012
;LAYER:29
;TYPE:WALL-OUTER
;MESH:output\A_fina_suporte.stl
G1 F1800 X112.725 Y109.886 E33.92168
G1 X112.724 Y109.421 E33.92752
G1 X112.78 Y109.394 E33.9283
G1 X113.164 Y109.246 E33.93346
G1 X113.164 Y109.732 E33.93955
G1 X113.038 Y109.765 E33.94118
G0 F7200 X112.852 Y109.837
G0 X113.125 Y109.463
G0 X113.064 Y109.463
G0 X114.856 Y109.67
G0 X114.962 Y109.765
G1 F1800 X114.836 Y109.732 E33.94282
G1 X114.836 Y109.246 E33.94891
G1 X115.225 Y109.396 E33.95174
G1 X115.275 Y109.42 E33.95243
G1 X115.276 Y109.886 E33.95828
G1 X114.962 Y109.765 E33.95995
G0 F7200 X114.836 Y109.732
G0 X114.836 Y109.662
G0 X114.875 Y109.661
G0 X114.938 Y109.656
G0 X114.847 Y112.262
G0 X114.962 Y112.765
G1 F1800 X114.836 Y112.732 E33.96158
G1 X114.836 Y112.246 E33.96768
G1 X115.225 Y112.396 E33.9705
G1 X115.275 Y112.42 E33.9712
G1 X115.275 Y112.886 E33.97704
G1 X114.962 Y112.765 E33.97871
G0 F7200 X114.836 Y112.732
G0 X114.836 Y112.662
G0 X114.875 Y112.662
G0 X114.938 Y112.657
G0 X113.144 Y112.67
G0 X113.038 Y112.765
G1 F1800 X112.725 Y112.886 E33.98291
G1 X112.724 Y112.421 E33.98874
G1 X112.78 Y112.394 E33.98952
G1 X113.164 Y112.246 E33.99469
G1 X113.164 Y112.732 E34.00078
G1 X113.038 Y112.765 E34.00241
G0 F7200 X112.852 Y112.837
G0 X113.125 Y112.463
G0 X113.064 Y112.463
G0 X113.153 Y115.262
G0 X113.038 Y115.765
G1 F1800 X112.725 Y115.886 E34.00662
G1 X112.724 Y115.421 E34.01245
G1 X112.78 Y115.394 E34.01323
G1 X113.164 Y115.246 E34.01839
G1 X113.164 Y115.732 E34.02449
G1 X113.038 Y115.765 E34.02612
G0 F7200 X112.852 Y115.837
G0 X113.125 Y115.463
G0 X113.064 Y115.463
G0 X114.856 Y115.67
G0 X114.962 Y115.765
G1 F1800 X114.836 Y115.732 E34.02775
G1 X114.836 Y115.246 E34.03385
G1 X115.225 Y115.396 E34.03667
G1 X115.275 Y115.42 E34.03737
G1 X115.276 Y115.886 E34.04321
G1 X114.962 Y115.765 E34.04489
G0 F7200 X114.836 Y115.732
G0 X114.836 Y115.662
G0 X114.875 Y115.661
G0 X114.938 Y115.656
G0 X114.847 Y118.262
G0 X114.962 Y118.765
G1 F1800 X114.836 Y118.732 E34.04652
G1 X114.836 Y118.246 E34.05261
G1 X115.225 Y118.396 E34.05544
G1 X115.275 Y118.42 E34.05613
G1 X115.276 Y118.886 E34.06198
G1 X114.962 Y118.765 E34.06365
G0 F7200 X114.836 Y118.732
G0 X114.836 Y118.662
G0 X115.041 Y118.586
;TYPE:SKIN
G1 F1800 X115.08 Y118.547 E34.064
G0 F7200 X115.136 Y118.404
G0 X115.113 Y118.46
G0 X113.144 Y118.67
G0 X113.038 Y118.765
;TYPE:WALL-OUTER
G1 F1800 X112.725 Y118.886 E34.0682
G1 X112.724 Y118.421 E34.07404
G1 X112.78 Y118.394 E34.07482
G1 X113.164 Y118.246 E34.07998
G1 X113.164 Y118.732 E34.08607
G1 X113.038 Y118.765 E34.0877
G0 F7200 X112.852 Y118.837
G0 X113.125 Y118.463
G0 X113.064 Y118.463
G0 X119.86 Y118.655
G0 X121.008 Y118.67
G0 X121.038 Y118.765
G1 F1800 X120.725 Y118.886 E34.09191
G1 X120.724 Y118.421 E34.09774
G1 X120.78 Y118.394 E34.09852
G1 X121.164 Y118.246 E34.10368
G1 X121.164 Y118.732 E34.10978
G1 X121.038 Y118.765 E34.11141
G0 F7200 X120.852 Y118.837
G0 X121.125 Y118.463
G0 X121.064 Y118.463
G0 X122.856 Y118.67
G0 X122.962 Y118.765
G1 F1800 X122.836 Y118.732 E34.11305
G1 X122.836 Y118.246 E34.11914
G1 X123.225 Y118.396 E34.12196
G1 X123.275 Y118.42 E34.12266
G1 X123.276 Y118.886 E34.1285
G1 X122.962 Y118.765 E34.13018
G0 F7200 X122.836 Y118.732
G0 X122.836 Y118.662
G0 X122.875 Y118.661
G0 X122.938 Y118.656
G0 X123.265 Y115.87
G0 X122.962 Y115.765
G1 F1800 X122.836 Y115.732 E34.13181
G1 X122.836 Y115.246 E34.1379
G1 X123.225 Y115.396 E34.14073
G1 X123.275 Y115.42 E34.14142
G1 X123.276 Y115.886 E34.14727
G1 X122.962 Y115.765 E34.14894
G0 F7200 X122.836 Y115.732
G0 X122.836 Y115.662
G0 X122.875 Y115.661
G0 X122.938 Y115.656
G0 X121.144 Y115.67
G0 X121.038 Y115.765
G1 F1800 X120.725 Y115.886 E34.15315
G1 X120.724 Y115.421 E34.15898
G1 X120.775 Y115.396 E34.15969
G1 X121.164 Y115.246 E34.16492
G1 X121.164 Y115.732 E34.17102
G1 X121.038 Y115.765 E34.17265
G0 F7200 X120.852 Y115.837
G0 X121.125 Y115.463
G0 X121.064 Y115.463
G0 X120.736 Y112.87
G0 X121.038 Y112.765
G1 F1800 X120.725 Y112.886 E34.17686
G1 X120.724 Y112.421 E34.18269
G1 X120.78 Y112.394 E34.18347
G1 X121.164 Y112.246 E34.18863
G1 X121.164 Y112.732 E34.19472
G1 X121.038 Y112.765 E34.19636
G0 F7200 X120.852 Y112.837
G0 X121.125 Y112.463
G0 X121.064 Y112.463
G0 X122.856 Y112.67
G0 X122.962 Y112.765
G1 F1800 X122.836 Y112.732 E34.19799
G1 X122.836 Y112.246 E34.20408
G1 X123.225 Y112.396 E34.20691
G1 X123.275 Y112.42 E34.2076
G1 X123.275 Y112.886 E34.21345
G1 X122.962 Y112.765 E34.21511
G0 F7200 X122.836 Y112.732
G0 X122.836 Y112.662
G0 X123.03 Y112.577
;TYPE:SKIN
G1 F1800 X123.064 Y112.543 E34.21541
G0 F7200 X123.12 Y112.398
G0 X123.098 Y112.454
G0 X123.265 Y109.87
G0 X122.962 Y109.765
;TYPE:WALL-OUTER
G1 F1800 X122.836 Y109.732 E34.21705
G1 X122.836 Y109.246 E34.22314
G1 X123.225 Y109.396 E34.22597
G1 X123.275 Y109.42 E34.22666
G1 X123.276 Y109.886 E34.2325
G1 X122.962 Y109.765 E34.23418
G0 F7200 X122.836 Y109.732
G0 X122.836 Y109.662
G0 X122.875 Y109.661
G0 X122.938 Y109.656
G0 X121.144 Y109.67
G0 X121.038 Y109.765
G1 F1800 X120.725 Y109.886 E34.23839
G1 X120.724 Y109.421 E34.24422
G1 X120.78 Y109.394 E34.245
G1 X121.164 Y109.246 E34.25016
G1 X121.164 Y109.732 E34.25625
G1 X121.038 Y109.765 E34.25789
G0 F7200 X120.852 Y109.837
G0 X120.918 Y109.598
;TYPE:SKIN
G1 F1800 X120.968 Y109.548 E34.25833
G0 F7200 X121.125 Y109.549
G1 F1500 E27.75833
G0 F7200 X121.064 Y109.549
G0 X127.86 Y109.655
G0 X129.008 Y109.67
G1 F1500 E34.25833
G0 F7200 X129.038 Y109.765
;TYPE:WALL-OUTER
G1 F1800 X128.725 Y109.886 E34.26254
G1 X128.724 Y109.421 E34.26837
G1 X128.78 Y109.394 E34.26915
G1 X129.164 Y109.246 E34.27431
G1 X129.164 Y109.732 E34.2804
G1 X129.038 Y109.765 E34.28204
G0 F7200 X128.852 Y109.837
G0 X129.125 Y109.463
G0 X129.064 Y109.463
G0 X130.856 Y109.67
G0 X130.962 Y109.765
G1 F1800 X130.836 Y109.732 E34.28367
G1 X130.836 Y109.246 E34.28977
G1 X131.225 Y109.396 E34.29259
G1 X131.275 Y109.42 E34.29328
G1 X131.276 Y109.886 E34.29913
G1 X130.962 Y109.765 E34.3008
G0 F7200 X130.836 Y109.732
G0 X130.836 Y109.662
G0 X130.875 Y109.661
G1 F1500 E27.8008
G0 F7200 X130.938 Y109.656
G0 X130.847 Y112.262
G1 F1500 E34.3008
G0 F7200 X130.962 Y112.765
G1 F1800 X130.836 Y112.732 E34.30244
G1 X130.836 Y112.246 E34.30853
G1 X131.225 Y112.396 E34.31135
G1 X131.275 Y112.42 E34.31205
G1 X131.275 Y112.886 E34.31789
G1 X130.962 Y112.765 E34.31956
G0 F7200 X130.836 Y112.732
G0 X130.836 Y112.662
G0 X130.875 Y112.662
G0 X130.938 Y112.657
G0 X129.144 Y112.67
G0 X129.038 Y112.765
G1 F1800 X128.725 Y112.886 E34.32377
G1 X128.724 Y112.421 E34.3296
G1 X128.78 Y112.394 E34.33038
G1 X129.164 Y112.246 E34.33554
G1 X129.164 Y112.732 E34.34163
G1 X129.038 Y112.765 E34.34327
G0 F7200 X128.852 Y112.837
G0 X129.125 Y112.463
G0 X129.064 Y112.463
G0 X129.153 Y115.262
G0 X129.038 Y115.765
G1 F1800 X128.725 Y115.886 E34.34747
G1 X128.724 Y115.421 E34.35331
G1 X128.78 Y115.394 E34.35409
G1 X129.164 Y115.246 E34.35925
G1 X129.164 Y115.732 E34.36534
G1 X129.038 Y115.765 E34.36697
G0 F7200 X128.852 Y115.837
G0 X129.125 Y115.463
G1 F1500 E27.86697
G0 F7200 X129.064 Y115.463
G0 X130.856 Y115.67
G1 F1500 E34.36697
G0 F7200 X130.962 Y115.765
G1 F1800 X130.836 Y115.732 E34.36861
G1 X130.836 Y115.246 E34.3747
G1 X131.225 Y115.396 E34.37753
G1 X131.275 Y115.42 E34.37822
G1 X131.276 Y115.886 E34.38406
G1 X130.962 Y115.765 E34.38574
G0 F7200 X130.836 Y115.732
G0 X130.836 Y115.662
G0 X131.048 Y115.59
;TYPE:SKIN
G1 F1800 X131.079 Y115.558 E34.38602
G0 F7200 X131.236 Y115.557
G0 X131.175 Y115.556
G0 X130.847 Y118.262
G0 X130.962 Y118.765
;TYPE:WALL-OUTER
G1 F1800 X130.836 Y118.732 E34.38765
G1 X130.836 Y118.246 E34.39375
G1 X131.225 Y118.396 E34.39657
G1 X131.275 Y118.42 E34.39726
G1 X131.276 Y118.886 E34.40311
G1 X130.962 Y118.765 E34.40478
G0 F7200 X130.836 Y118.732
G0 X130.836 Y118.662
G0 X130.875 Y118.661
G0 X130.938 Y118.656
G0 X129.144 Y118.67
G0 X129.038 Y118.765
G1 F1800 X128.725 Y118.886 E34.40899
G1 X128.724 Y118.421 E34.41482
G1 X128.78 Y118.394 E34.4156
G1 X129.164 Y118.246 E34.42076
G1 X129.164 Y118.732 E34.42686
G1 X129.038 Y118.765 E34.42849
G0 F7200 X128.852 Y118.837
G0 X128.918 Y118.569
;TYPE:SKIN
G1 F1800 X128.948 Y118.538 E34.42876
G0 F7200 X128.891 Y118.393
G1 F1500 E27.92876
;MESH:NONMESH
G0 F600 X128.891 Y118.393 Z6.2
G0 F7200 X128.912 Y118.45
G0 X127.86 Y118.432
G0 X124.133 Y114.883
G0 X123.105 Y114.423
G0 X122.013 Y114.143
G0 X119.88 Y114.226
G0 X114.029 Y109.72
G0 X112.825 Y109.805
G1 F1500 E34.42876
G0 F7200 X112.62 Y109.926
;TIME_ELAPSED:303.882551
;LAYER:30
;TYPE:WALL-OUTER
;MESH:output\A_fina_suporte.stl
G1 F1800 X112.515 Y109.977 E34.43023
G1 X112.514 Y109.523 E34.43592
G1 X112.78 Y109.394 E34.43963
G1 X112.954 Y109.327 E34.44196
G1 X112.954 Y109.798 E34.44787
G1 X112.62 Y109.926 E34.45236
G0 F7200 X112.515 Y109.977
G0 X112.515 Y109.893
G0 X112.745 Y109.449
G0 X112.773 Y109.509
G0 X115.066 Y109.787
G0 X115.38 Y109.926
G1 F1800 X115.046 Y109.798 E34.45684
G1 X115.046 Y109.327 E34.46275
G1 X115.225 Y109.396 E34.46515
G1 X115.485 Y109.522 E34.46878
G1 X115.486 Y109.977 E34.47448
G1 X115.38 Y109.926 E34.47596
G0 F7200 X115.193 Y109.855
G0 X115.174 Y109.817
G1 F1500 E27.97596
G0 F7200 X115.199 Y109.751
G0 X115.057 Y112.343
G1 F1500 E34.47596
G0 F7200 X115.38 Y112.926
G1 F1800 X115.046 Y112.798 E34.48044
G1 X115.046 Y112.327 E34.48635
G1 X115.225 Y112.396 E34.48876
G1 X115.485 Y112.522 E34.49238
G1 X115.485 Y112.977 E34.49808
G1 X115.38 Y112.926 E34.49955
G0 F7200 X115.193 Y112.855
G0 X115.174 Y112.817
G0 X115.199 Y112.751
G0 X112.938 Y112.787
G0 X112.62 Y112.926
G1 F1800 X112.515 Y112.977 E34.50101
G1 X112.514 Y112.523 E34.50671
G1 X112.78 Y112.394 E34.51041
G1 X112.954 Y112.327 E34.51275
G1 X112.954 Y112.798 E34.51866
G1 X112.62 Y112.926 E34.52314
G0 F7200 X112.515 Y112.977
G0 X112.515 Y112.893
G0 X112.745 Y112.449
G0 X112.773 Y112.509
G0 X112.943 Y115.343
G0 X112.62 Y115.926
G1 F1800 X112.515 Y115.977 E34.52461
G1 X112.514 Y115.523 E34.5303
G1 X112.78 Y115.394 E34.53401
G1 X112.954 Y115.327 E34.53635
G1 X112.954 Y115.798 E34.54225
G1 X112.62 Y115.926 E34.54674
G0 F7200 X112.515 Y115.977
G0 X112.515 Y115.893
G0 X112.745 Y115.449
G1 F1500 E28.04674
G0 F7200 X112.773 Y115.509
G0 X115.066 Y115.787
G1 F1500 E34.54674
G0 F7200 X115.38 Y115.926
G1 F1800 X115.046 Y115.798 E34.55122
G1 X115.046 Y115.327 E34.55713
G1 X115.225 Y115.396 E34.55954
G1 X115.485 Y115.522 E34.56316
G1 X115.486 Y115.977 E34.56886
G1 X115.38 Y115.926 E34.57034
G0 F7200 X115.193 Y115.855
G0 X115.174 Y115.817
G0 X115.199 Y115.751
G0 X115.057 Y118.343
G0 X115.38 Y118.926
G1 F1800 X115.046 Y118.798 E34.57483
G1 X115.046 Y118.327 E34.58073
G1 X115.225 Y118.396 E34.58314
G1 X115.485 Y118.522 E34.58676
G1 X115.486 Y118.977 E34.59247
G1 X115.38 Y118.926 E34.59394
G0 F7200 X115.193 Y118.855
G0 X115.174 Y118.817
G1 F1500 E28.09394
G0 F7200 X115.199 Y118.751
G0 X112.934 Y118.787
G1 F1500 E34.59394
G0 F7200 X112.62 Y118.926
G1 F1800 X112.515 Y118.977 E34.59541
G1 X112.514 Y118.523 E34.6011
G1 X112.78 Y118.394 E34.60481
G1 X112.954 Y118.327 E34.60714
G1 X112.954 Y118.798 E34.61305
G1 X112.62 Y118.926 E34.61754
G0 F7200 X112.515 Y118.977
G0 X112.515 Y118.893
G0 X112.745 Y118.449
G0 X112.773 Y118.509
G0 X113.819 Y118.787
G0 X116.333 Y120.331
G0 X119.65 Y118.772
G0 X120.62 Y118.926
G1 F1800 X120.515 Y118.977 E34.619
G1 X120.514 Y118.523 E34.62469
G1 X120.78 Y118.394 E34.6284
G1 X120.954 Y118.327 E34.63074
G1 X120.954 Y118.798 E34.63665
G1 X120.62 Y118.926 E34.64113
G0 F7200 X120.515 Y118.977
G0 X120.515 Y118.893
G0 X120.745 Y118.449
G1 F1500 E28.14113
G0 F7200 X120.773 Y118.509
G0 X123.066 Y118.787
G1 F1500 E34.64113
G0 F7200 X123.38 Y118.926
G1 F1800 X123.046 Y118.798 E34.64562
G1 X123.046 Y118.327 E34.65152
G1 X123.225 Y118.396 E34.65393
G1 X123.485 Y118.522 E34.65755
G1 X123.486 Y118.977 E34.66326
G1 X123.38 Y118.926 E34.66473
G0 F7200 X123.193 Y118.855
G0 X123.174 Y118.817
G0 X123.199 Y118.751
G0 X123.476 Y115.961
G0 X123.38 Y115.926
G1 F1800 X123.046 Y115.798 E34.66922
G1 X123.046 Y115.327 E34.67513
G1 X123.225 Y115.396 E34.67753
G1 X123.485 Y115.522 E34.68115
G1 X123.486 Y115.977 E34.68686
G1 X123.38 Y115.926 E34.68834
G0 F7200 X123.193 Y115.855
G0 X123.174 Y115.817
G1 F1500 E28.18834
G0 F7200 X123.199 Y115.751
G0 X120.934 Y115.787
G1 F1500 E34.68834
G0 F7200 X120.62 Y115.926
G1 F1800 X120.515 Y115.977 E34.6898
G1 X120.514 Y115.522 E34.69551
G1 X120.775 Y115.396 E34.69914
G1 X120.954 Y115.327 E34.70155
G1 X120.954 Y115.798 E34.70745
G1 X120.62 Y115.926 E34.71194
G0 F7200 X120.515 Y115.977
G0 X120.515 Y115.893
G0 X120.745 Y115.449
G0 X120.771 Y115.509
G0 X120.525 Y112.96
G0 X120.62 Y112.926
G1 F1800 X120.515 Y112.977 E34.7134
G1 X120.514 Y112.523 E34.71909
G1 X120.78 Y112.394 E34.7228
G1 X120.954 Y112.327 E34.72514
G1 X120.954 Y112.798 E34.73105
G1 X120.62 Y112.926 E34.73553
G0 F7200 X120.515 Y112.977
G0 X120.515 Y112.893
G0 X120.745 Y112.449
G1 F1500 E28.23553
G0 F7200 X120.773 Y112.509
G0 X123.062 Y112.787
G1 F1500 E34.73553
G0 F7200 X123.38 Y112.926
G1 F1800 X123.046 Y112.798 E34.74002
G1 X123.046 Y112.327 E34.74592
G1 X123.225 Y112.396 E34.74833
G1 X123.485 Y112.522 E34.75195
G1 X123.485 Y112.977 E34.75766
G1 X123.38 Y112.926 E34.75912
G0 F7200 X123.193 Y112.855
G0 X123.174 Y112.817
G0 X123.199 Y112.751
G0 X123.476 Y109.961
G0 X123.38 Y109.926
G1 F1800 X123.046 Y109.798 E34.76361
G1 X123.046 Y109.327 E34.76951
G1 X123.225 Y109.396 E34.77192
G1 X123.485 Y109.522 E34.77554
G1 X123.486 Y109.977 E34.78125
G1 X123.38 Y109.926 E34.78272
G0 F7200 X123.193 Y109.855
G0 X123.174 Y109.817
G1 F1500 E28.28272
G0 F7200 X123.199 Y109.751
G0 X120.934 Y109.787
G1 F1500 E34.78272
G0 F7200 X120.62 Y109.926
G1 F1800 X120.515 Y109.977 E34.78419
G1 X120.514 Y109.523 E34.78988
G1 X120.78 Y109.394 E34.79359
G1 X120.954 Y109.327 E34.79593
G1 X120.954 Y109.798 E34.80183
G1 X120.62 Y109.926 E34.80632
G0 F7200 X120.515 Y109.977
G0 X120.515 Y109.893
G0 X120.745 Y109.449
G0 X120.773 Y109.509
G0 X121.819 Y109.787
G0 X124.333 Y111.331
G0 X127.65 Y109.772
G0 X128.62 Y109.926
G1 F1800 X128.515 Y109.977 E34.80778
G1 X128.514 Y109.523 E34.81348
G1 X128.78 Y109.394 E34.81718
G1 X128.954 Y109.327 E34.81952
G1 X128.954 Y109.798 E34.82543
G1 X128.62 Y109.926 E34.82991
G0 F7200 X128.515 Y109.977
G0 X128.515 Y109.893
G0 X128.745 Y109.449
G1 F1500 E28.32991
G0 F7200 X128.773 Y109.509
G0 X131.066 Y109.787
G1 F1500 E34.82991
G0 F7200 X131.38 Y109.926
G1 F1800 X131.046 Y109.798 E34.8344
G1 X131.046 Y109.327 E34.84031
G1 X131.225 Y109.396 E34.84271
G1 X131.485 Y109.522 E34.84634
G1 X131.486 Y109.977 E34.85204
G1 X131.38 Y109.926 E34.85352
G0 F7200 X131.193 Y109.855
G0 X131.174 Y109.817
G0 X131.199 Y109.751
G0 X131.057 Y112.343
G0 X131.38 Y112.926
G1 F1800 X131.046 Y112.798 E34.858
G1 X131.046 Y112.327 E34.86391
G1 X131.225 Y112.396 E34.86631
G1 X131.485 Y112.522 E34.86994
G1 X131.485 Y112.977 E34.87564
G1 X131.38 Y112.926 E34.87711
G0 F7200 X131.193 Y112.855
G0 X131.174 Y112.817
G1 F1500 E28.37711
G0 F7200 X131.199 Y112.751
G0 X128.938 Y112.787
G1 F1500 E34.87711
G0 F7200 X128.62 Y112.926
G1 F1800 X128.515 Y112.977 E34.87857
G1 X128.514 Y112.523 E34.88426
G1 X128.78 Y112.394 E34.88797
G1 X128.954 Y112.327 E34.89031
G1 X128.954 Y112.798 E34.89622
G1 X128.62 Y112.926 E34.9007
G0 F7200 X128.515 Y112.977
G0 X128.515 Y112.893
G0 X128.745 Y112.449
G0 X128.773 Y112.509
G0 X128.943 Y115.343
G0 X128.62 Y115.926
G1 F1800 X128.515 Y115.977 E34.90217
G1 X128.514 Y115.523 E34.90786
G1 X128.78 Y115.394 E34.91157
G1 X128.954 Y115.327 E34.9139
G1 X128.954 Y115.798 E34.91981
G1 X128.62 Y115.926 E34.9243
G0 F7200 X128.515 Y115.977
G0 X128.515 Y115.893
G0 X128.745 Y115.449
G1 F1500 E28.4243
G0 F7200 X128.773 Y115.509
G0 X131.066 Y115.787
G1 F1500 E34.9243
G0 F7200 X131.38 Y115.926
G1 F1800 X131.046 Y115.798 E34.92878
G1 X131.046 Y115.327 E34.93469
G1 X131.225 Y115.396 E34.93709
G1 X131.485 Y115.522 E34.94072
G1 X131.486 Y115.977 E34.94642
G1 X131.38 Y115.926 E34.9479
G0 F7200 X131.193 Y115.855
G0 X131.174 Y115.817
G0 X131.199 Y115.751
G0 X131.057 Y118.343
G0 X131.38 Y118.926
G1 F1800 X131.046 Y118.798 E34.95238
G1 X131.046 Y118.327 E34.95829
G1 X131.225 Y118.396 E34.9607
G1 X131.485 Y118.522 E34.96432
G1 X131.486 Y118.977 E34.97003
G1 X131.38 Y118.926 E34.9715
G0 F7200 X131.193 Y118.855
G0 X131.174 Y118.817
G1 F1500 E28.4715
G0 F7200 X131.199 Y118.751
G0 X128.934 Y118.787
G1 F1500 E34.9715
G0 F7200 X128.62 Y118.926
G1 F1800 X128.515 Y118.977 E34.97296
G1 X128.514 Y118.523 E34.97866
G1 X128.78 Y118.394 E34.98236
G1 X128.954 Y118.327 E34.9847
G1 X128.954 Y118.798 E34.99061
G1 X128.62 Y118.926 E34.9951
G0 F7200 X128.515 Y118.977
G0 X128.515 Y118.893
G0 X128.745 Y118.449
;MESH:NONMESH
G0 F600 X128.745 Y118.449 Z6.4
G0 F7200 X128.773 Y118.509
G0 X127.65 Y118.534
G0 X124.333 Y117.331
G0 X122.19 Y116.45
G0 X121.803 Y114.203
G0 X119.67 Y114.328
G0 X114.19 Y110.45
G0 X112.938 Y109.787
G0 X112.62 Y109.926
;TIME_ELAPSED:313.650584
;LAYER:31
;TYPE:WALL-OUTER
;MESH:output\A_fina_suporte.stl
G1 F1800 X112.305 Y110.079 E34.99949
G1 X112.304 Y109.625 E35.00518
G1 X112.744 Y109.411 E35.01132
G1 X112.745 Y109.878 E35.01717
G1 X112.62 Y109.926 E35.01885
G0 F7200 X112.44 Y110.013
G0 X112.705 Y109.653
G1 F1500 E28.51885
G0 F7200 X112.644 Y109.652
G0 X115.276 Y109.867
G1 F1500 E35.01885
G0 F7200 X115.38 Y109.926
G1 F1800 X115.256 Y109.879 E35.02051
G1 X115.256 Y109.411 E35.02638
G1 X115.695 Y109.624 E35.02996
G1 X115.696 Y110.08 E35.03548
G1 X115.38 Y109.926 E35.03727
G0 F7200 X115.256 Y109.879
G0 X115.256 Y109.811
G0 X115.295 Y109.81
G0 X115.356 Y109.81
G0 X115.266 Y112.427
G0 X115.379 Y112.926
G1 F1800 X115.256 Y112.879 E35.03892
G1 X115.256 Y112.411 E35.04479
G1 X115.695 Y112.624 E35.04836
G1 X115.695 Y113.08 E35.05388
G1 X115.379 Y112.926 E35.05569
G0 F7200 X115.256 Y112.879
G0 X115.256 Y112.81
G0 X115.295 Y112.81
G1 F1500 E28.55569
G0 F7200 X115.356 Y112.81
G0 X112.724 Y112.835
G1 F1500 E35.05569
G0 F7200 X112.621 Y112.926
G1 F1800 X112.305 Y113.08 E35.0601
G1 X112.304 Y112.625 E35.0658
G1 X112.744 Y112.411 E35.07194
G1 X112.744 Y112.879 E35.07781
G1 X112.621 Y112.926 E35.07946
G0 F7200 X112.441 Y113.013
G0 X112.705 Y112.653
G0 X112.644 Y112.653
G0 X112.734 Y115.427
G0 X112.62 Y115.926
G1 F1800 X112.305 Y116.079 E35.08385
G1 X112.304 Y115.625 E35.08954
G1 X112.744 Y115.411 E35.09568
G1 X112.745 Y115.878 E35.10153
G1 X112.62 Y115.926 E35.10321
G0 F7200 X112.44 Y116.013
G0 X112.705 Y115.653
G1 F1500 E28.60321
G0 F7200 X112.644 Y115.652
G0 X115.276 Y115.867
G1 F1500 E35.10321
G0 F7200 X115.38 Y115.926
G1 F1800 X115.256 Y115.879 E35.10488
G1 X115.256 Y115.411 E35.11074
G1 X115.695 Y115.624 E35.11432
G1 X115.696 Y116.08 E35.11984
G1 X115.38 Y115.926 E35.12163
G0 F7200 X115.256 Y115.879
G0 X115.256 Y115.811
G0 X115.295 Y115.81
G0 X115.356 Y115.81
G0 X115.266 Y118.427
G0 X115.38 Y118.926
G1 F1800 X115.256 Y118.879 E35.12329
G1 X115.256 Y118.411 E35.12916
G1 X115.695 Y118.624 E35.13274
G1 X115.696 Y119.08 E35.13826
G1 X115.38 Y118.926 E35.14005
G0 F7200 X115.256 Y118.879
G0 X115.256 Y118.811
G0 X115.295 Y118.81
G1 F1500 E28.64005
G0 F7200 X115.356 Y118.81
G0 X112.724 Y118.835
G1 F1500 E35.14005
G0 F7200 X112.621 Y118.926
G1 F1800 X112.305 Y119.08 E35.14446
G1 X112.304 Y118.625 E35.15017
G1 X112.744 Y118.411 E35.1563
G1 X112.744 Y118.879 E35.16217
G1 X112.621 Y118.926 E35.16382
G0 F7200 X112.441 Y119.013
G0 X112.705 Y118.653
G0 X112.644 Y118.653
G0 X114.399 Y119.47
G0 X116.543 Y120.433
G0 X119.44 Y118.82
G0 X120.582 Y118.835
G0 X120.621 Y118.926
G1 F1800 X120.305 Y119.08 E35.16823
G1 X120.304 Y118.625 E35.17394
G1 X120.744 Y118.411 E35.18007
G1 X120.744 Y118.879 E35.18594
G1 X120.621 Y118.926 E35.18759
G0 F7200 X120.441 Y119.013
G0 X120.705 Y118.653
G1 F1500 E28.68759
G0 F7200 X120.644 Y118.653
G0 X123.276 Y118.835
G1 F1500 E35.18759
G0 F7200 X123.38 Y118.926
G1 F1800 X123.256 Y118.879 E35.18925
G1 X123.256 Y118.411 E35.19512
G1 X123.695 Y118.624 E35.1987
G1 X123.696 Y119.08 E35.20422
G1 X123.38 Y118.926 E35.20601
G0 F7200 X123.256 Y118.879
G0 X123.256 Y118.811
G0 X123.295 Y118.81
G0 X123.356 Y118.81
G0 X123.686 Y116.064
G0 X123.38 Y115.926
G1 F1800 X123.256 Y115.879 E35.20767
G1 X123.256 Y115.411 E35.21354
G1 X123.695 Y115.624 E35.21712
G1 X123.696 Y116.08 E35.22264
G1 X123.38 Y115.926 E35.22443
G0 F7200 X123.256 Y115.879
G0 X123.256 Y115.811
G0 X123.295 Y115.81
G1 F1500 E28.72443
G0 F7200 X123.356 Y115.81
G0 X120.729 Y115.867
G1 F1500 E35.22443
G0 F7200 X120.62 Y115.926
G1 F1800 X120.304 Y116.08 E35.22884
G1 X120.305 Y115.624 E35.23456
G1 X120.744 Y115.411 E35.24067
G1 X120.745 Y115.878 E35.24653
G1 X120.62 Y115.926 E35.24821
G0 F7200 X120.44 Y116.013
G0 X120.704 Y115.654
G1 F1500 E28.74821
G0 F7200 X120.644 Y115.653
G0 X120.315 Y113.064
G1 F1500 E35.24821
G0 F7200 X120.621 Y112.926
G1 F1800 X120.305 Y113.08 E35.25262
G1 X120.304 Y112.625 E35.25832
G1 X120.744 Y112.411 E35.26446
G1 X120.744 Y112.879 E35.27033
G1 X120.621 Y112.926 E35.27198
G0 F7200 X120.441 Y113.013
G0 X120.705 Y112.653
G0 X120.644 Y112.653
G0 X123.276 Y112.835
G0 X123.379 Y112.926
G1 F1800 X123.256 Y112.879 E35.27363
G1 X123.256 Y112.411 E35.2795
G1 X123.695 Y112.624 E35.28307
G1 X123.695 Y113.08 E35.28859
G1 X123.379 Y112.926 E35.2904
G0 F7200 X123.256 Y112.879
G0 X123.256 Y112.81
G0 X123.295 Y112.81
G1 F1500 E28.7904
G0 F7200 X123.356 Y112.81
G0 X123.686 Y110.064
G1 F1500 E35.2904
G0 F7200 X123.38 Y109.926
G1 F1800 X123.256 Y109.879 E35.29206
G1 X123.256 Y109.411 E35.29793
G1 X123.695 Y109.624 E35.3015
G1 X123.696 Y110.08 E35.30702
G1 X123.38 Y109.926 E35.30882
G0 F7200 X123.256 Y109.879
G0 X123.256 Y109.811
G0 X123.295 Y109.81
G0 X123.356 Y109.81
G0 X120.729 Y109.867
G0 X120.62 Y109.926
G1 F1800 X120.305 Y110.079 E35.31321
G1 X120.304 Y109.625 E35.3189
G1 X120.744 Y109.411 E35.32504
G1 X120.745 Y109.878 E35.33089
G1 X120.62 Y109.926 E35.33257
G0 F7200 X120.44 Y110.013
G0 X120.705 Y109.653
G1 F1500 E28.83257
G0 F7200 X120.644 Y109.652
G0 X122.399 Y110.47
G0 X124.543 Y111.433
G0 X127.44 Y109.852
G0 X128.581 Y109.835
G1 F1500 E35.33257
G0 F7200 X128.62 Y109.926
G1 F1800 X128.305 Y110.079 E35.33696
G1 X128.304 Y109.625 E35.34266
G1 X128.744 Y109.411 E35.34879
G1 X128.745 Y109.878 E35.35465
G1 X128.62 Y109.926 E35.35633
G0 F7200 X128.44 Y110.013
G0 X128.705 Y109.653
G1 F1500 E28.85633
G0 F7200 X128.644 Y109.652
G0 X131.276 Y109.867
G1 F1500 E35.35633
G0 F7200 X131.38 Y109.926
G1 F1800 X131.256 Y109.879 E35.35799
G1 X131.256 Y109.411 E35.36386
G1 X131.695 Y109.624 E35.36743
G1 X131.696 Y110.08 E35.37295
G1 X131.38 Y109.926 E35.37475
G0 F7200 X131.256 Y109.879
G0 X131.256 Y109.811
G0 X131.295 Y109.81
G0 X131.356 Y109.81
G0 X131.266 Y112.427
G0 X131.379 Y112.926
G1 F1800 X131.256 Y112.879 E35.3764
G1 X131.256 Y112.411 E35.38227
G1 X131.695 Y112.624 E35.38584
G1 X131.695 Y113.08 E35.39136
G1 X131.379 Y112.926 E35.39316
G0 F7200 X131.256 Y112.879
G0 X131.256 Y112.81
G0 X131.295 Y112.81
G1 F1500 E28.89316
G0 F7200 X131.356 Y112.81
G0 X128.724 Y112.835
G1 F1500 E35.39316
G0 F7200 X128.621 Y112.926
G1 F1800 X128.305 Y113.08 E35.39757
G1 X128.304 Y112.625 E35.40328
G1 X128.744 Y112.411 E35.40941
G1 X128.744 Y112.879 E35.41528
G1 X128.621 Y112.926 E35.41693
G0 F7200 X128.441 Y113.013
G0 X128.705 Y112.653
G0 X128.644 Y112.653
G0 X128.734 Y115.427
G0 X128.62 Y115.926
G1 F1800 X128.305 Y116.079 E35.42133
G1 X128.304 Y115.625 E35.42702
G1 X128.744 Y115.411 E35.43315
G1 X128.745 Y115.878 E35.43901
G1 X128.62 Y115.926 E35.44069
G0 F7200 X128.44 Y116.013
G0 X128.705 Y115.653
G1 F1500 E28.94069
G0 F7200 X128.644 Y115.652
G0 X131.276 Y115.867
G1 F1500 E35.44069
G0 F7200 X131.38 Y115.926
G1 F1800 X131.256 Y115.879 E35.44235
G1 X131.256 Y115.411 E35.44822
G1 X131.695 Y115.624 E35.4518
G1 X131.696 Y116.08 E35.45732
G1 X131.38 Y115.926 E35.45911
G0 F7200 X131.256 Y115.879
G0 X131.256 Y115.811
G0 X131.295 Y115.81
G0 X131.356 Y115.81
G0 X131.266 Y118.427
G0 X131.38 Y118.926
G1 F1800 X131.256 Y118.879 E35.46077
G1 X131.256 Y118.411 E35.46664
G1 X131.695 Y118.624 E35.47022
G1 X131.696 Y119.08 E35.47573
G1 X131.38 Y118.926 E35.47753
G0 F7200 X131.256 Y118.879
G0 X131.256 Y118.811
G0 X131.295 Y118.81
G1 F1500 E28.97753
G0 F7200 X131.356 Y118.81
G0 X128.724 Y118.835
G1 F1500 E35.47753
G0 F7200 X128.621 Y118.926
G1 F1800 X128.305 Y119.08 E35.48194
G1 X128.304 Y118.625 E35.48764
G1 X128.744 Y118.411 E35.49378
G1 X128.744 Y118.879 E35.49965
G1 X128.621 Y118.926 E35.5013
G0 F7200 X128.441 Y119.013
G0 X128.705 Y118.653
G1 F1500 E29.0013
;MESH:NONMESH
G0 F600 X128.705 Y118.653 Z6.6
G0 F7200 X128.644 Y118.653
G0 X127.44 Y118.636
G0 X124.543 Y117.433
G0 X122.399 Y116.47
G0 X121.59 Y114.178
G0 X119.46 Y114.43
G0 X114.704 Y110.56
G0 X113.609 Y109.866
G0 X112.493 Y109.876
G1 F1500 E35.5013
G0 F7200 X112.535 Y109.968
;TIME_ELAPSED:325.028043
;LAYER:32
;TYPE:WALL-OUTER
;MESH:output\A_fina_suporte.stl
G1 F1800 X112.095 Y110.182 E35.50743
G1 X112.094 Y109.727 E35.51314
G1 X112.534 Y109.513 E35.51928
G1 X112.535 Y109.968 E35.52498
G0 F7200 X112.356 Y110.055
G0 X112.352 Y110.046
G0 X112.315 Y109.965
G0 X112.524 Y112.53
G0 X112.534 Y112.968
G1 F1800 X112.095 Y113.182 E35.53111
G1 X112.094 Y112.727 E35.53681
G1 X112.534 Y112.514 E35.54294
G1 X112.534 Y112.968 E35.54864
G0 F7200 X112.355 Y113.055
G0 X112.35 Y113.047
G1 F1500 E29.04864
G0 F7200 X112.313 Y112.966
G0 X112.524 Y115.529
G1 F1500 E35.54864
G0 F7200 X112.535 Y115.968
G1 F1800 X112.095 Y116.182 E35.55477
G1 X112.094 Y115.727 E35.56048
G1 X112.534 Y115.513 E35.56661
G1 X112.535 Y115.968 E35.57232
G0 F7200 X112.356 Y116.055
G0 X112.352 Y116.046
G1 F1500 E29.07232
G0 F7200 X112.315 Y115.965
G0 X112.524 Y118.53
G1 F1500 E35.57232
G0 F7200 X112.534 Y118.968
G1 F1800 X112.095 Y119.182 E35.57844
G1 X112.094 Y118.727 E35.58415
G1 X112.534 Y118.514 E35.59028
G1 X112.534 Y118.968 E35.59597
G0 F7200 X112.355 Y119.055
G0 X112.35 Y119.047
G1 F1500 E29.09597
G0 F7200 X112.313 Y118.966
G0 X113.399 Y118.778
G0 X114.601 Y118.778
G0 X115.805 Y118.778
G1 F1500 E35.59597
G0 F7200 X115.905 Y118.726
G1 F1800 X115.906 Y119.182 E35.60169
G1 X115.466 Y118.968 E35.60783
G1 X115.466 Y118.513 E35.61353
G1 X115.905 Y118.726 E35.61965
G0 F7200 X115.905 Y118.926
G0 X115.866 Y118.925
G1 F1500 E29.11965
G0 F7200 X115.805 Y118.924
G0 X115.896 Y116.167
G1 F1500 E35.61965
G0 F7200 X115.905 Y115.726
G1 F1800 X115.906 Y116.183 E35.62538
G1 X115.466 Y115.969 E35.63152
G1 X115.466 Y115.513 E35.63724
G1 X115.905 Y115.726 E35.64336
G0 F7200 X115.905 Y115.926
G0 X115.866 Y115.925
G1 F1500 E29.14336
G0 F7200 X115.805 Y115.924
G0 X115.895 Y113.165
G1 F1500 E35.64336
G0 F7200 X115.905 Y112.726
G1 F1800 X115.905 Y113.181 E35.64906
G1 X115.466 Y112.968 E35.65518
G1 X115.466 Y112.513 E35.66089
G1 X115.905 Y112.726 E35.66701
G0 F7200 X115.905 Y112.926
G0 X115.866 Y112.926
G1 F1500 E29.16701
G0 F7200 X115.805 Y112.926
G0 X115.896 Y110.167
G1 F1500 E35.66701
G0 F7200 X115.905 Y109.726
G1 F1800 X115.906 Y110.183 E35.67274
G1 X115.466 Y109.969 E35.67887
G1 X115.466 Y109.513 E35.68459
G1 X115.905 Y109.726 E35.69071
G0 F7200 X115.905 Y109.926
G0 X115.866 Y109.925
G1 F1500 E29.19071
G0 F7200 X115.805 Y109.924
G0 X119.23 Y109.916
G0 X120.434 Y109.915
G1 F1500 E35.69071
G0 F7200 X120.535 Y109.968
G1 F1800 X120.095 Y110.182 E35.69685
G1 X120.094 Y109.727 E35.70255
G1 X120.534 Y109.513 E35.70869
G1 X120.535 Y109.968 E35.71439
G0 F7200 X120.356 Y110.055
G0 X120.352 Y110.046
G1 F1500 E29.21439
G0 F7200 X120.315 Y109.965
G0 X120.524 Y112.53
G1 F1500 E35.71439
G0 F7200 X120.534 Y112.968
G1 F1800 X120.095 Y113.182 E35.72052
G1 X120.094 Y112.727 E35.72622
G1 X120.534 Y112.514 E35.73235
G1 X120.534 Y112.968 E35.73805
G0 F7200 X120.355 Y113.055
G0 X120.35 Y113.047
G1 F1500 E29.23805
G0 F7200 X120.313 Y112.966
G0 X120.524 Y115.529
G1 F1500 E35.73805
G0 F7200 X120.535 Y115.968
G1 F1800 X120.094 Y116.182 E35.74419
G1 X120.095 Y115.726 E35.74991
G1 X120.534 Y115.513 E35.75603
G1 X120.535 Y115.968 E35.76174
G0 F7200 X120.355 Y116.055
G0 X120.351 Y116.046
G1 F1500 E29.26174
G0 F7200 X120.314 Y115.964
G0 X120.524 Y118.53
G1 F1500 E35.76174
G0 F7200 X120.534 Y118.968
G1 F1800 X120.095 Y119.182 E35.76786
G1 X120.094 Y118.727 E35.77357
G1 X120.534 Y118.514 E35.7797
G1 X120.534 Y118.968 E35.78539
G0 F7200 X120.355 Y119.055
G0 X120.35 Y119.047
G1 F1500 E29.28539
G0 F7200 X120.313 Y118.966
G0 X121.399 Y118.778
G0 X122.601 Y118.778
G0 X123.805 Y118.778
G1 F1500 E35.78539
G0 F7200 X123.905 Y118.726
G1 F1800 X123.906 Y119.182 E35.79111
G1 X123.466 Y118.968 E35.79725
G1 X123.466 Y118.513 E35.80295
G1 X123.905 Y118.726 E35.80907
G0 F7200 X123.905 Y118.926
G0 X123.866 Y118.925
G1 F1500 E29.30907
G0 F7200 X123.805 Y118.924
G0 X123.896 Y116.167
G1 F1500 E35.80907
G0 F7200 X123.905 Y115.726
G1 F1800 X123.906 Y116.183 E35.8148
G1 X123.466 Y115.969 E35.82094
G1 X123.466 Y115.513 E35.82666
G1 X123.905 Y115.726 E35.83277
G0 F7200 X123.905 Y115.926
G0 X123.866 Y115.925
G1 F1500 E29.33277
G0 F7200 X123.805 Y115.924
G0 X123.895 Y113.165
G1 F1500 E35.83277
G0 F7200 X123.905 Y112.726
G1 F1800 X123.905 Y113.181 E35.83848
G1 X123.466 Y112.968 E35.8446
G1 X123.466 Y112.513 E35.85031
G1 X123.905 Y112.726 E35.85642
G0 F7200 X123.905 Y112.926
G0 X123.866 Y112.926
G1 F1500 E29.35642
G0 F7200 X123.805 Y112.926
G0 X123.896 Y110.167
G1 F1500 E35.85642
G0 F7200 X123.905 Y109.726
G1 F1800 X123.906 Y110.183 E35.86216
G1 X123.466 Y109.969 E35.86829
G1 X123.466 Y109.513 E35.87401
G1 X123.905 Y109.726 E35.88013
G0 F7200 X123.905 Y109.926
G0 X123.866 Y109.925
G1 F1500 E29.38013
G0 F7200 X123.805 Y109.924
G0 X127.23 Y109.916
G0 X128.434 Y109.915
G1 F1500 E35.88013
G0 F7200 X128.535 Y109.968
G1 F1800 X128.095 Y110.182 E35.88626
G1 X128.094 Y109.727 E35.89197
G1 X128.534 Y109.513 E35.89811
G1 X128.535 Y109.968 E35.90381
G0 F7200 X128.356 Y110.055
G0 X128.352 Y110.046
G1 F1500 E29.40381
G0 F7200 X128.315 Y109.965
G0 X128.524 Y112.53
G1 F1500 E35.90381
G0 F7200 X128.534 Y112.968
G1 F1800 X128.095 Y113.182 E35.90994
G1 X128.094 Y112.727 E35.91564
G1 X128.534 Y112.514 E35.92177
G1 X128.534 Y112.968 E35.92747
G0 F7200 X128.355 Y113.055
G0 X128.35 Y113.047
G1 F1500 E29.42747
G0 F7200 X128.313 Y112.966
G0 X128.524 Y115.529
G1 F1500 E35.92747
G0 F7200 X128.535 Y115.968
G1 F1800 X128.095 Y116.182 E35.9336
G1 X128.094 Y115.727 E35.93931
G1 X128.534 Y115.513 E35.94544
G1 X128.535 Y115.968 E35.95115
G0 F7200 X128.356 Y116.055
G0 X128.352 Y116.046
G1 F1500 E29.45115
G0 F7200 X128.315 Y115.965
G0 X128.524 Y118.53
G1 F1500 E35.95115
G0 F7200 X128.534 Y118.968
G1 F1800 X128.095 Y119.182 E35.95727
G1 X128.094 Y118.727 E35.96298
G1 X128.534 Y118.514 E35.96911
G1 X128.534 Y118.968 E35.9748
G0 F7200 X128.355 Y119.055
G0 X128.35 Y119.047
G1 F1500 E29.4748
G0 F7200 X128.313 Y118.966
G0 X129.399 Y118.778
G0 X130.601 Y118.778
G0 X131.805 Y118.778
G1 F1500 E35.9748
G0 F7200 X131.905 Y118.726
G1 F1800 X131.906 Y119.182 E35.98052
G1 X131.466 Y118.968 E35.98666
G1 X131.466 Y118.513 E35.99236
G1 X131.905 Y118.726 E35.99848
G0 F7200 X131.905 Y118.926
G0 X131.866 Y118.925
G1 F1500 E29.49848
G0 F7200 X131.805 Y118.924
G0 X131.896 Y116.167
G1 F1500 E35.99848
G0 F7200 X131.905 Y115.726
G1 F1800 X131.906 Y116.183 E36.00421
G1 X131.466 Y115.969 E36.01035
G1 X131.466 Y115.513 E36.01607
G1 X131.905 Y115.726 E36.02219
G0 F7200 X131.905 Y115.926
G0 X131.866 Y115.925
G1 F1500 E29.52219
G0 F7200 X131.805 Y115.924
G0 X131.895 Y113.165
G1 F1500 E36.02219
G0 F7200 X131.905 Y112.726
G1 F1800 X131.905 Y113.181 E36.02789
G1 X131.466 Y112.968 E36.03401
G1 X131.466 Y112.513 E36.03972
G1 X131.905 Y112.726 E36.04584
G0 F7200 X131.905 Y112.926
G0 X131.866 Y112.926
G1 F1500 E29.54584
G0 F7200 X131.805 Y112.926
G0 X131.896 Y110.167
G1 F1500 E36.04584
G0 F7200 X131.905 Y109.726
G1 F1800 X131.906 Y110.183 E36.05157
G1 X131.466 Y109.969 E36.0577
G1 X131.466 Y109.513 E36.06342
G1 X131.905 Y109.726 E36.06954
G0 F7200 X131.905 Y109.926
G0 X131.866 Y109.925
G1 F1500 E29.56954
;MESH:NONMESH
G0 F600 X131.866 Y109.925 Z6.8
G0 F7200 X131.805 Y109.924
G0 X130.601 Y109.959
G0 X127.25 Y111.532
G0 X124.753 Y111.534
G0 X120.97 Y110.717
G0 X119.25 Y111.532
G0 X116.753 Y111.534
G0 X113.399 Y109.957
G0 X112.284 Y109.98
G1 F1500 E36.06954
G0 F7200 X112.325 Y110.07
;TIME_ELAPSED:340.980484
;LAYER:33
;TYPE:WALL-OUTER
;MESH:output\A_fina_suporte.stl
G1 F1800 X111.884 Y110.284 E36.07569
G1 X111.884 Y109.829 E36.08139
G1 X112.324 Y109.615 E36.08753
G1 X112.325 Y110.07 E36.09323
G0 F7200 X112.145 Y110.157
G0 X112.142 Y110.148
G1 F1500 E29.59323
G0 F7200 X112.104 Y110.066
G0 X112.314 Y112.631
G1 F1500 E36.09323
G0 F7200 X112.325 Y113.07
G1 F1800 X111.884 Y113.284 E36.09938
G1 X111.884 Y112.829 E36.10509
G1 X112.324 Y112.615 E36.11122
G1 X112.325 Y113.07 E36.11693
G0 F7200 X112.145 Y113.157
G0 X112.142 Y113.148
G1 F1500 E29.61693
G0 F7200 X112.104 Y113.066
G0 X112.314 Y115.631
G1 F1500 E36.11693
G0 F7200 X112.324 Y116.071
G1 F1800 X111.885 Y116.284 E36.12305
G1 X111.884 Y115.829 E36.12875
G1 X112.324 Y115.615 E36.13489
G1 X112.324 Y116.071 E36.14061
G0 F7200 X112.144 Y116.158
G0 X112.141 Y116.148
G1 F1500 E29.64061
G0 F7200 X112.103 Y116.067
G0 X112.314 Y118.631
G1 F1500 E36.14061
G0 F7200 X112.325 Y119.07
G1 F1800 X111.884 Y119.284 E36.14676
G1 X111.884 Y118.829 E36.15246
G1 X112.324 Y118.615 E36.1586
G1 X112.325 Y119.07 E36.1643
G0 F7200 X112.145 Y119.157
G0 X112.142 Y119.148
G1 F1500 E29.6643
G0 F7200 X112.104 Y119.066
G0 X113.189 Y118.889
G0 X114.81 Y118.89
G0 X116.016 Y118.882
G1 F1500 E36.1643
G0 F7200 X116.116 Y118.829
G1 F1800 X116.116 Y119.284 E36.17001
G1 X115.675 Y119.07 E36.17616
G1 X115.675 Y118.615 E36.18186
G1 X116.116 Y118.829 E36.18801
G0 F7200 X116.116 Y119.029
G0 X116.075 Y119.029
G1 F1500 E29.68801
G0 F7200 X116.016 Y119.029
G0 X116.106 Y116.268
G1 F1500 E36.18801
G0 F7200 X116.116 Y115.829
G1 F1800 X116.116 Y116.284 E36.19371
G1 X115.675 Y116.07 E36.19986
G1 X115.675 Y115.615 E36.20557
G1 X116.116 Y115.829 E36.21171
G0 F7200 X116.116 Y116.029
G0 X116.075 Y116.029
G1 F1500 E29.71171
G0 F7200 X116.016 Y116.029
G0 X116.105 Y113.268
G1 F1500 E36.21171
G0 F7200 X116.116 Y112.829
G1 F1800 X116.115 Y113.284 E36.21742
G1 X115.675 Y113.07 E36.22356
G1 X115.676 Y112.615 E36.22926
G1 X116.116 Y112.829 E36.2354
G0 F7200 X116.116 Y113.029
G0 X116.075 Y113.028
G1 F1500 E29.7354
G0 F7200 X116.016 Y113.028
G0 X116.106 Y110.268
G1 F1500 E36.2354
G0 F7200 X116.116 Y109.829
G1 F1800 X116.116 Y110.284 E36.2411
G1 X115.675 Y110.07 E36.24725
G1 X115.676 Y109.615 E36.25296
G1 X116.116 Y109.829 E36.25909
G0 F7200 X116.116 Y110.029
G0 X116.075 Y110.029
G1 F1500 E29.75909
G0 F7200 X116.016 Y110.029
G0 X119.02 Y109.996
G0 X120.234 Y110.003
G1 F1500 E36.25909
G0 F7200 X120.324 Y110.071
G1 F1800 X119.885 Y110.284 E36.26521
G1 X119.884 Y109.829 E36.27092
G1 X120.324 Y109.615 E36.27705
G1 X120.324 Y110.071 E36.28277
G0 F7200 X120.144 Y110.158
G0 X120.141 Y110.148
G1 F1500 E29.78277
G0 F7200 X120.103 Y110.067
G0 X120.314 Y112.631
G1 F1500 E36.28277
G0 F7200 X120.325 Y113.07
G1 F1800 X119.885 Y113.284 E36.28891
G1 X119.884 Y112.829 E36.29461
G1 X120.324 Y112.615 E36.30075
G1 X120.325 Y113.07 E36.30645
G0 F7200 X120.146 Y113.157
G0 X120.142 Y113.148
G1 F1500 E29.80645
G0 F7200 X120.105 Y113.067
G0 X120.314 Y115.631
G1 F1500 E36.30645
G0 F7200 X120.325 Y116.07
G1 F1800 X119.884 Y116.284 E36.3126
G1 X119.885 Y115.828 E36.31832
G1 X120.324 Y115.615 E36.32444
G1 X120.325 Y116.07 E36.33014
G0 F7200 X120.145 Y116.157
G0 X120.141 Y116.148
G1 F1500 E29.83014
G0 F7200 X120.104 Y116.066
G0 X120.314 Y118.631
G1 F1500 E36.33014
G0 F7200 X120.325 Y119.07
G1 F1800 X119.884 Y119.284 E36.33629
G1 X119.884 Y118.829 E36.342
G1 X120.324 Y118.615 E36.34813
G1 X120.325 Y119.07 E36.35384
G0 F7200 X120.145 Y119.157
G0 X120.142 Y119.148
G1 F1500 E29.85384
G0 F7200 X120.104 Y119.066
G0 X121.189 Y118.889
G0 X122.81 Y118.89
G0 X124.016 Y118.882
G1 F1500 E36.35384
G0 F7200 X124.116 Y118.829
G1 F1800 X124.116 Y119.284 E36.35955
G1 X123.675 Y119.07 E36.36569
G1 X123.675 Y118.615 E36.3714
G1 X124.116 Y118.829 E36.37755
G0 F7200 X124.116 Y119.029
G0 X124.075 Y119.029
G1 F1500 E29.87755
G0 F7200 X124.016 Y119.029
G0 X124.106 Y116.268
G1 F1500 E36.37755
G0 F7200 X124.116 Y115.829
G1 F1800 X124.116 Y116.284 E36.38325
G1 X123.675 Y116.07 E36.3894
G1 X123.675 Y115.615 E36.3951
G1 X124.116 Y115.829 E36.40125
G0 F7200 X124.116 Y116.029
G0 X124.075 Y116.029
G1 F1500 E29.90125
G0 F7200 X124.016 Y116.029
G0 X124.105 Y113.268
G1 F1500 E36.40125
G0 F7200 X124.116 Y112.829
G1 F1800 X124.115 Y113.284 E36.40696
G1 X123.675 Y113.07 E36.41309
G1 X123.676 Y112.615 E36.4188
G1 X124.116 Y112.829 E36.42493
G0 F7200 X124.116 Y113.029
G0 X124.075 Y113.028
G1 F1500 E29.92493
G0 F7200 X124.016 Y113.028
G0 X124.106 Y110.268
G1 F1500 E36.42493
G0 F7200 X124.116 Y109.829
G1 F1800 X124.116 Y110.284 E36.43064
G1 X123.675 Y110.07 E36.43679
G1 X123.676 Y109.615 E36.44249
G1 X124.116 Y109.829 E36.44863
G0 F7200 X124.116 Y110.029
G0 X124.075 Y110.029
G0 X124.016 Y110.029
G0 X127.019 Y110.017
G0 X128.224 Y110.017
G0 X128.325 Y110.07
G1 F1800 X127.884 Y110.284 E36.45478
G1 X127.884 Y109.829 E36.46048
G1 X128.324 Y109.615 E36.46662
G1 X128.325 Y110.07 E36.47232
G0 F7200 X128.145 Y110.157
G0 X128.142 Y110.148
G1 F1500 E29.97232
G0 F7200 X128.104 Y110.066
G0 X128.314 Y112.631
G1 F1500 E36.47232
G0 F7200 X128.325 Y113.07
G1 F1800 X127.884 Y113.284 E36.47847
G1 X127.884 Y112.829 E36.48418
G1 X128.324 Y112.615 E36.49031
G1 X128.325 Y113.07 E36.49602
G0 F7200 X128.145 Y113.157
G0 X128.142 Y113.148
G1 F1500 E29.99602
G0 F7200 X128.104 Y113.066
G0 X128.314 Y115.631
G1 F1500 E36.49602
G0 F7200 X128.324 Y116.071
G1 F1800 X127.885 Y116.284 E36.50214
G1 X127.884 Y115.829 E36.50784
G1 X128.324 Y115.615 E36.51398
G1 X128.324 Y116.071 E36.5197
G0 F7200 X128.144 Y116.158
G0 X128.141 Y116.148
G0 X128.103 Y116.067
G0 X128.314 Y118.631
G0 X128.325 Y119.07
G1 F1800 X127.884 Y119.284 E36.52584
G1 X127.884 Y118.829 E36.53155
G1 X128.324 Y118.615 E36.53769
G1 X128.325 Y119.07 E36.54339
G0 F7200 X128.145 Y119.157
G0 X128.142 Y119.148
G1 F1500 E30.04339
G0 F7200 X128.104 Y119.066
G0 X129.189 Y118.889
G0 X130.81 Y118.89
G0 X132.016 Y118.882
G1 F1500 E36.54339
G0 F7200 X132.116 Y118.829
G1 F1800 X132.116 Y119.284 E36.5491
G1 X131.675 Y119.07 E36.55524
G1 X131.675 Y118.615 E36.56095
G1 X132.116 Y118.829 E36.5671
G0 F7200 X132.116 Y119.029
G0 X132.075 Y119.029
G1 F1500 E30.0671
G0 F7200 X132.016 Y119.029
G0 X132.106 Y116.268
G1 F1500 E36.5671
G0 F7200 X132.116 Y115.829
G1 F1800 X132.116 Y116.284 E36.5728
G1 X131.675 Y116.07 E36.57895
G1 X131.675 Y115.615 E36.58466
G1 X132.116 Y115.829 E36.5908
G0 F7200 X132.116 Y116.029
G0 X132.075 Y116.029
G0 X132.016 Y116.029
G0 X132.105 Y113.268
G0 X132.116 Y112.829
G1 F1800 X132.115 Y113.284 E36.59651
G1 X131.675 Y113.07 E36.60265
G1 X131.676 Y112.615 E36.60835
G1 X132.116 Y112.829 E36.61449
G0 F7200 X132.116 Y113.029
G0 X132.075 Y113.028
G1 F1500 E30.11449
G0 F7200 X132.016 Y113.028
G0 X132.106 Y110.268
G1 F1500 E36.61449
G0 F7200 X132.116 Y109.829
G1 F1800 X132.116 Y110.284 E36.62019
G1 X131.675 Y110.07 E36.62634
G1 X131.676 Y109.615 E36.63205
G1 X132.116 Y109.829 E36.63818
G0 F7200 X132.116 Y110.029
G0 X132.075 Y110.029
;MESH:NONMESH
G0 F600 X132.075 Y110.029 Z7
G0 F7200 X132.016 Y110.029
G0 X130.81 Y110.06
G0 X127.038 Y111.636
G0 X124.962 Y111.636
G0 X121.182 Y110.608
G0 X119.04 Y111.633
G0 X116.962 Y111.636
G0 X113.189 Y110.059
G0 X112.072 Y110.081
G0 X112.115 Y110.172
;TIME_ELAPSED:355.343530
;LAYER:34
;TYPE:WALL-OUTER
;MESH:output\A_fina_suporte.stl
G1 F1800 X111.675 Y110.386 E36.64432
G1 X111.675 Y109.931 E36.65002
G1 X112.114 Y109.717 E36.65615
G1 X112.115 Y110.172 E36.66185
G0 F7200 X111.936 Y110.259
G0 X111.932 Y110.25
G1 F1500 E30.16185
G0 F7200 X111.895 Y110.169
G0 X112.104 Y112.733
G1 F1500 E36.66185
G0 F7200 X112.115 Y113.172
G1 F1800 X111.675 Y113.386 E36.66799
G1 X111.675 Y112.931 E36.67369
G1 X112.114 Y112.717 E36.67982
G1 X112.115 Y113.172 E36.68553
G0 F7200 X111.936 Y113.259
G0 X111.932 Y113.25
G0 X111.895 Y113.169
G0 X112.104 Y115.734
G0 X112.114 Y116.173
G1 F1800 X111.676 Y116.386 E36.69163
G1 X111.675 Y115.931 E36.69734
G1 X112.114 Y115.718 E36.70346
G1 X112.114 Y116.173 E36.70916
G0 F7200 X111.935 Y116.26
G0 X111.931 Y116.252
G1 F1500 E30.20916
G0 F7200 X111.893 Y116.17
G0 X112.104 Y118.733
G1 F1500 E36.70916
G0 F7200 X112.115 Y119.172
G1 F1800 X111.675 Y119.386 E36.7153
G1 X111.675 Y118.931 E36.72101
G1 X112.114 Y118.717 E36.72713
G1 X112.115 Y119.172 E36.73284
G0 F7200 X111.936 Y119.259
G0 X111.932 Y119.25
G0 X111.895 Y119.169
G0 X112.979 Y118.992
G0 X115.02 Y118.993
G0 X116.225 Y118.984
G0 X116.325 Y118.931
G1 F1800 X116.325 Y119.386 E36.73854
G1 X115.885 Y119.172 E36.74468
G1 X115.885 Y118.717 E36.75038
G1 X116.325 Y118.931 E36.75652
G0 F7200 X116.325 Y119.131
G0 X116.285 Y119.131
G1 F1500 E30.25652
G0 F7200 X116.225 Y119.131
G0 X116.315 Y116.37
G1 F1500 E36.75652
G0 F7200 X116.325 Y115.931
G1 F1800 X116.325 Y116.386 E36.76222
G1 X115.885 Y116.172 E36.76836
G1 X115.885 Y115.717 E36.77407
G1 X116.325 Y115.931 E36.7802
G0 F7200 X116.325 Y116.131
G0 X116.285 Y116.131
G0 X116.225 Y116.131
G0 X116.314 Y113.37
G0 X116.325 Y112.931
G1 F1800 X116.324 Y113.386 E36.78591
G1 X115.885 Y113.172 E36.79203
G1 X115.886 Y112.717 E36.79774
G1 X116.325 Y112.931 E36.80386
G0 F7200 X116.325 Y113.131
G0 X116.285 Y113.13
G1 F1500 E30.30386
G0 F7200 X116.225 Y113.13
G0 X116.315 Y110.37
G1 F1500 E36.80386
G0 F7200 X116.325 Y109.931
G1 F1800 X116.325 Y110.386 E36.80957
G1 X115.885 Y110.172 E36.8157
G1 X115.886 Y109.717 E36.82141
G1 X116.325 Y109.931 E36.82754
G0 F7200 X116.325 Y110.131
G0 X116.285 Y110.131
G0 X116.225 Y110.131
G0 X118.811 Y110.1
G0 X120.024 Y110.106
G0 X120.114 Y110.173
G1 F1800 X119.676 Y110.386 E36.83364
G1 X119.675 Y109.931 E36.83935
G1 X120.114 Y109.718 E36.84547
G1 X120.114 Y110.173 E36.85117
G0 F7200 X119.935 Y110.26
G0 X119.931 Y110.252
G1 F1500 E30.35117
G0 F7200 X119.893 Y110.17
G0 X120.104 Y112.733
G1 F1500 E36.85117
G0 F7200 X120.115 Y113.172
G1 F1800 X119.676 Y113.386 E36.8573
G1 X119.675 Y112.931 E36.863
G1 X120.114 Y112.717 E36.86913
G1 X120.115 Y113.172 E36.87483
G0 F7200 X119.936 Y113.259
G0 X119.932 Y113.25
G0 X119.895 Y113.169
G0 X120.104 Y115.733
G0 X120.115 Y116.172
G1 F1800 X119.675 Y116.386 E36.88097
G1 X119.676 Y115.93 E36.88669
G1 X120.114 Y115.717 E36.8928
G1 X120.115 Y116.172 E36.8985
G0 F7200 X119.936 Y116.259
G0 X119.931 Y116.25
G1 F1500 E30.3985
G0 F7200 X119.894 Y116.169
G0 X120.104 Y118.733
G1 F1500 E36.8985
G0 F7200 X120.115 Y119.172
G1 F1800 X119.675 Y119.386 E36.90464
G1 X119.675 Y118.931 E36.91034
G1 X120.114 Y118.717 E36.91647
G1 X120.115 Y119.172 E36.92217
G0 F7200 X119.936 Y119.259
G0 X119.932 Y119.25
G0 X119.895 Y119.169
G0 X120.979 Y118.992
G0 X123.02 Y118.993
G0 X124.225 Y118.984
G0 X124.325 Y118.931
G1 F1800 X124.325 Y119.386 E36.92788
G1 X123.885 Y119.172 E36.93402
G1 X123.885 Y118.717 E36.93972
G1 X124.325 Y118.931 E36.94586
G0 F7200 X124.325 Y119.131
G0 X124.285 Y119.131
G0 X124.225 Y119.131
G0 X124.315 Y116.37
G0 X124.325 Y115.931
G1 F1800 X124.325 Y116.386 E36.95156
G1 X123.885 Y116.172 E36.9577
G1 X123.885 Y115.717 E36.9634
G1 X124.325 Y115.931 E36.96954
G0 F7200 X124.325 Y116.131
G0 X124.285 Y116.131
G1 F1500 E30.46954
G0 F7200 X124.225 Y116.131
G0 X124.314 Y113.37
G1 F1500 E36.96954
G0 F7200 X124.325 Y112.931
G1 F1800 X124.324 Y113.386 E36.97525
G1 X123.885 Y113.172 E36.98137
G1 X123.886 Y112.717 E36.98708
G1 X124.325 Y112.931 E36.9932
G0 F7200 X124.325 Y113.131
G0 X124.285 Y113.13
G0 X124.225 Y113.13
G0 X124.315 Y110.37
G0 X124.325 Y109.931
G1 F1800 X124.325 Y110.386 E36.99891
G1 X123.885 Y110.172 E37.00504
G1 X123.886 Y109.717 E37.01075
G1 X124.325 Y109.931 E37.01687
G0 F7200 X124.325 Y110.131
G0 X124.285 Y110.131
G1 F1500 E30.51687
G0 F7200 X124.225 Y110.131
G0 X126.81 Y110.119
G0 X128.014 Y110.119
G1 F1500 E37.01687
G0 F7200 X128.115 Y110.172
G1 F1800 X127.675 Y110.386 E37.02301
G1 X127.675 Y109.931 E37.02872
G1 X128.114 Y109.717 E37.03484
G1 X128.115 Y110.172 E37.04055
G0 F7200 X127.936 Y110.259
G0 X127.932 Y110.25
G0 X127.895 Y110.169
G0 X128.104 Y112.733
G0 X128.115 Y113.172
G1 F1800 X127.675 Y113.386 E37.04668
G1 X127.675 Y112.931 E37.05239
G1 X128.114 Y112.717 E37.05851
G1 X128.115 Y113.172 E37.06422
G0 F7200 X127.936 Y113.259
G0 X127.932 Y113.25
G1 F1500 E30.56422
G0 F7200 X127.895 Y113.169
G0 X128.104 Y115.734
G1 F1500 E37.06422
G0 F7200 X128.114 Y116.173
G1 F1800 X127.676 Y116.386 E37.07033
G1 X127.675 Y115.931 E37.07603
G1 X128.114 Y115.718 E37.08215
G1 X128.114 Y116.173 E37.08786
G0 F7200 X127.935 Y116.26
G0 X127.931 Y116.252
G0 X127.893 Y116.17
G0 X128.104 Y118.733
G0 X128.115 Y119.172
G1 F1800 X127.675 Y119.386 E37.09399
G1 X127.675 Y118.931 E37.0997
G1 X128.114 Y118.717 E37.10582
G1 X128.115 Y119.172 E37.11153
G0 F7200 X127.936 Y119.259
G0 X127.932 Y119.25
G1 F1500 E30.61153
G0 F7200 X127.895 Y119.169
G0 X128.979 Y118.992
G0 X131.02 Y118.993
G0 X132.225 Y118.984
G1 F1500 E37.11153
G0 F7200 X132.325 Y118.931
G1 F1800 X132.325 Y119.386 E37.11723
G1 X131.885 Y119.172 E37.12337
G1 X131.885 Y118.717 E37.12908
G1 X132.325 Y118.931 E37.13521
G0 F7200 X132.325 Y119.131
G0 X132.285 Y119.131
G0 X132.225 Y119.131
G0 X132.315 Y116.37
G0 X132.325 Y115.931
G1 F1800 X132.325 Y116.386 E37.14092
G1 X131.885 Y116.172 E37.14705
G1 X131.885 Y115.717 E37.15276
G1 X132.325 Y115.931 E37.15889
G0 F7200 X132.325 Y116.131
G0 X132.285 Y116.131
G1 F1500 E30.65889
G0 F7200 X132.225 Y116.131
G0 X132.314 Y113.37
G1 F1500 E37.15889
G0 F7200 X132.325 Y112.931
G1 F1800 X132.324 Y113.386 E37.1646
G1 X131.885 Y113.172 E37.17072
G1 X131.886 Y112.717 E37.17643
G1 X132.325 Y112.931 E37.18256
G0 F7200 X132.325 Y113.131
G0 X132.285 Y113.13
G0 X132.225 Y113.13
G0 X132.315 Y110.37
G0 X132.325 Y109.931
G1 F1800 X132.325 Y110.386 E37.18826
G1 X131.885 Y110.172 E37.1944
G1 X131.886 Y109.717 E37.2001
G1 X132.325 Y109.931 E37.20623
G0 F7200 X132.325 Y110.131
G0 X132.285 Y110.131
G1 F1500 E30.70623
;MESH:NONMESH
G0 F600 X132.285 Y110.131 Z7.2
G0 F7200 X132.225 Y110.131
G0 X131.02 Y110.162
G0 X126.829 Y111.738
G0 X125.171 Y111.738
G0 X120.972 Y110.71
G0 X118.831 Y111.736
G0 X117.171 Y111.738
G0 X112.979 Y110.161
G0 X111.864 Y110.184
G1 F1500 E37.20623
G0 F7200 X111.905 Y110.274
;TIME_ELAPSED:365.400701
;LAYER:35
;TYPE:WALL-OUTER
;MESH:output\A_fina_suporte.stl
G1 F1800 X111.466 Y110.486 E37.21234
G1 X111.465 Y110.032 E37.21803
G1 X111.904 Y109.819 E37.22415
G1 X111.905 Y110.274 E37.22986
G0 F7200 X111.725 Y110.361
G0 X111.721 Y110.353
G0 X111.682 Y110.27
G0 X111.894 Y112.835
G0 X111.905 Y113.274
G1 F1800 X111.466 Y113.486 E37.23597
G1 X111.465 Y113.032 E37.24167
G1 X111.904 Y112.819 E37.24778
G1 X111.905 Y113.274 E37.25349
G0 F7200 X111.725 Y113.361
G0 X111.721 Y113.353
G0 X111.682 Y113.27
G0 X111.894 Y115.835
G0 X111.904 Y116.275
G1 F1800 X111.466 Y116.487 E37.25959
G1 X111.465 Y116.032 E37.2653
G1 X111.904 Y115.819 E37.27142
G1 X111.904 Y116.275 E37.27714
G0 F7200 X111.724 Y116.362
G0 X111.72 Y116.353
G1 F1500 E30.77714
G0 F7200 X111.682 Y116.271
G0 X111.894 Y118.835
G1 F1500 E37.27714
G0 F7200 X111.905 Y119.274
G1 F1800 X111.466 Y119.486 E37.28325
G1 X111.465 Y119.032 E37.28894
G1 X111.904 Y118.819 E37.29506
G1 X111.905 Y119.274 E37.30077
G0 F7200 X111.725 Y119.361
G0 X111.721 Y119.353
G0 X111.682 Y119.27
G0 X112.769 Y119.092
G0 X115.231 Y119.085
G0 X116.434 Y119.084
G0 X116.534 Y119.032
G1 F1800 X116.535 Y119.488 E37.30649
G1 X116.096 Y119.275 E37.31261
G1 X116.095 Y118.819 E37.31832
G1 X116.534 Y119.032 E37.32444
G0 F7200 X116.534 Y119.232
G0 X116.496 Y119.232
G1 F1500 E30.82444
G0 F7200 X116.434 Y119.231
G0 X116.524 Y116.471
G1 F1500 E37.32444
G0 F7200 X116.534 Y116.032
G1 F1800 X116.534 Y116.487 E37.33015
G1 X116.096 Y116.275 E37.33625
G1 X116.095 Y115.819 E37.34197
G1 X116.534 Y116.032 E37.34809
G0 F7200 X116.534 Y116.232
G0 X116.496 Y116.233
G0 X116.434 Y116.233
G0 X116.525 Y113.472
G0 X116.534 Y113.032
G1 F1800 X116.535 Y113.488 E37.35381
G1 X116.096 Y113.275 E37.35993
G1 X116.096 Y112.819 E37.36564
G1 X116.534 Y113.032 E37.37175
G0 F7200 X116.534 Y113.232
G0 X116.496 Y113.231
G0 X116.434 Y113.23
G0 X116.524 Y110.471
G0 X116.534 Y110.032
G1 F1800 X116.534 Y110.487 E37.37746
G1 X116.096 Y110.275 E37.38356
G1 X116.096 Y109.819 E37.38928
G1 X116.534 Y110.032 E37.39539
G0 F7200 X116.534 Y110.232
G0 X116.496 Y110.232
G1 F1500 E30.89539
G0 F7200 X116.434 Y110.232
G0 X118.601 Y110.202
G0 X119.814 Y110.207
G1 F1500 E37.39539
G0 F7200 X119.904 Y110.275
G1 F1800 X119.466 Y110.487 E37.40149
G1 X119.465 Y110.032 E37.40719
G1 X119.904 Y109.819 E37.41331
G1 X119.904 Y110.275 E37.41903
G0 F7200 X119.724 Y110.362
G0 X119.72 Y110.353
G0 X119.682 Y110.271
G0 X119.894 Y112.835
G0 X119.905 Y113.274
G1 F1800 X119.466 Y113.486 E37.42515
G1 X119.465 Y113.032 E37.43084
G1 X119.904 Y112.819 E37.43696
G1 X119.905 Y113.274 E37.44266
G0 F7200 X119.725 Y113.361
G0 X119.721 Y113.353
G1 F1500 E30.94266
G0 F7200 X119.682 Y113.27
G0 X119.894 Y115.835
G1 F1500 E37.44266
G0 F7200 X119.905 Y116.274
G1 F1800 X119.466 Y116.486 E37.44878
G1 X119.465 Y116.032 E37.45447
G1 X119.904 Y115.819 E37.46059
G1 X119.905 Y116.274 E37.4663
G0 F7200 X119.725 Y116.361
G0 X119.721 Y116.353
G0 X119.682 Y116.27
G0 X119.894 Y118.835
G0 X119.905 Y119.274
G1 F1800 X119.466 Y119.486 E37.47241
G1 X119.465 Y119.032 E37.4781
G1 X119.904 Y118.819 E37.48422
G1 X119.905 Y119.274 E37.48993
G0 F7200 X119.725 Y119.361
G0 X119.721 Y119.353
G0 X119.682 Y119.27
G0 X120.769 Y119.092
G0 X123.231 Y119.085
G0 X124.434 Y119.084
G0 X124.534 Y119.032
G1 F1800 X124.535 Y119.488 E37.49565
G1 X124.096 Y119.275 E37.50176
G1 X124.095 Y118.819 E37.50748
G1 X124.534 Y119.032 E37.5136
G0 F7200 X124.534 Y119.232
G0 X124.496 Y119.232
G1 F1500 E31.0136
G0 F7200 X124.434 Y119.231
G0 X124.524 Y116.471
G1 F1500 E37.5136
G0 F7200 X124.534 Y116.032
G1 F1800 X124.534 Y116.487 E37.51931
G1 X124.096 Y116.275 E37.52541
G1 X124.095 Y115.819 E37.53113
G1 X124.534 Y116.032 E37.53725
G0 F7200 X124.534 Y116.232
G0 X124.496 Y116.233
G0 X124.434 Y116.233
G0 X124.525 Y113.472
G0 X124.534 Y113.032
G1 F1800 X124.535 Y113.488 E37.54297
G1 X124.096 Y113.275 E37.54909
G1 X124.096 Y112.819 E37.5548
G1 X124.534 Y113.032 E37.56091
G0 F7200 X124.534 Y113.232
G0 X124.496 Y113.231
G1 F1500 E31.06091
G0 F7200 X124.434 Y113.23
G0 X124.524 Y110.471
G1 F1500 E37.56091
G0 F7200 X124.534 Y110.032
G1 F1800 X124.534 Y110.487 E37.56662
G1 X124.096 Y110.275 E37.57272
G1 X124.096 Y109.819 E37.57844
G1 X124.534 Y110.032 E37.58455
G0 F7200 X124.534 Y110.232
G0 X124.496 Y110.232
G0 X124.434 Y110.232
G0 X126.601 Y110.215
G0 X127.804 Y110.22
G0 X127.905 Y110.274
G1 F1800 X127.466 Y110.486 E37.59066
G1 X127.465 Y110.032 E37.59635
G1 X127.904 Y109.819 E37.60247
G1 X127.905 Y110.274 E37.60818
G0 F7200 X127.725 Y110.361
G0 X127.721 Y110.353
G0 X127.682 Y110.27
G0 X127.894 Y112.835
G0 X127.905 Y113.274
G1 F1800 X127.466 Y113.486 E37.61429
G1 X127.465 Y113.032 E37.61998
G1 X127.904 Y112.819 E37.6261
G1 X127.905 Y113.274 E37.63181
G0 F7200 X127.725 Y113.361
G0 X127.721 Y113.353
G0 X127.682 Y113.27
G0 X127.894 Y115.835
G0 X127.904 Y116.275
G1 F1800 X127.466 Y116.487 E37.63791
G1 X127.465 Y116.032 E37.64362
G1 X127.904 Y115.819 E37.64974
G1 X127.904 Y116.275 E37.65545
G0 F7200 X127.724 Y116.362
G0 X127.72 Y116.353
G0 X127.682 Y116.271
G0 X127.894 Y118.835
G0 X127.905 Y119.274
G1 F1800 X127.466 Y119.486 E37.66157
G1 X127.465 Y119.032 E37.66726
G1 X127.904 Y118.819 E37.67338
G1 X127.905 Y119.274 E37.67909
G0 F7200 X127.725 Y119.361
G0 X127.721 Y119.353
G0 X127.682 Y119.27
G0 X128.769 Y119.092
G0 X131.231 Y119.085
G0 X132.434 Y119.084
G0 X132.534 Y119.032
G1 F1800 X132.535 Y119.488 E37.6848
G1 X132.096 Y119.275 E37.69092
G1 X132.095 Y118.819 E37.69664
G1 X132.534 Y119.032 E37.70276
G0 F7200 X132.534 Y119.232
G0 X132.496 Y119.232
G0 X132.434 Y119.231
G0 X132.524 Y116.471
G0 X132.534 Y116.032
G1 F1800 X132.534 Y116.487 E37.70847
G1 X132.096 Y116.275 E37.71457
G1 X132.095 Y115.819 E37.72029
G1 X132.534 Y116.032 E37.72641
G0 F7200 X132.534 Y116.232
G0 X132.496 Y116.233
G0 X132.434 Y116.233
G0 X132.525 Y113.472
G0 X132.534 Y113.032
G1 F1800 X132.535 Y113.488 E37.73213
G1 X132.096 Y113.275 E37.73824
G1 X132.096 Y112.819 E37.74396
G1 X132.534 Y113.032 E37.75007
G0 F7200 X132.534 Y113.232
G0 X132.496 Y113.231
G0 X132.434 Y113.23
G0 X132.524 Y110.471
G0 X132.534 Y110.032
G1 F1800 X132.534 Y110.487 E37.75578
G1 X132.096 Y110.275 E37.76188
G1 X132.096 Y109.819 E37.7676
G1 X132.534 Y110.032 E37.7737
G0 F7200 X132.534 Y110.232
G0 X132.496 Y110.232
;MESH:NONMESH
G0 F600 X132.496 Y110.232 Z7.4
G0 F7200 X132.434 Y110.232
G0 X131.231 Y110.091
G0 X126.62 Y111.751
G0 X125.381 Y111.743
G0 X120.762 Y110.813
G0 X119.555 Y111.403
G0 X117.381 Y111.743
G0 X112.769 Y110.263
G0 X111.573 Y110.091
G0 X111.38 Y110.074
;TIME_ELAPSED:372.241183
;LAYER:36
;TYPE:WALL-OUTER
;MESH:output\A_fina_suporte.stl
G1 F1800 X111.694 Y109.921 E37.77808
G1 X111.695 Y110.376 E37.78379
G1 X111.256 Y110.589 E37.78991
G1 X111.255 Y110.122 E37.79577
G1 X111.38 Y110.074 E37.79745
G0 F7200 X111.559 Y109.987
G0 X111.294 Y110.346
G0 X111.356 Y110.347
G0 X111.684 Y112.937
G0 X111.38 Y113.074
G1 F1800 X111.694 Y112.921 E37.80183
G1 X111.695 Y113.376 E37.80753
G1 X111.256 Y113.589 E37.81365
G1 X111.255 Y113.122 E37.81951
G1 X111.38 Y113.074 E37.82119
G0 F7200 X111.559 Y112.987
G0 X111.294 Y113.346
G0 X111.356 Y113.347
G0 X111.684 Y115.937
G0 X111.38 Y116.074
G1 F1800 X111.694 Y115.921 E37.82557
G1 X111.694 Y116.377 E37.83128
G1 X111.256 Y116.589 E37.83739
G1 X111.255 Y116.122 E37.84324
G1 X111.38 Y116.074 E37.84492
G0 F7200 X111.559 Y115.987
G0 X111.294 Y116.346
G0 X111.356 Y116.347
G0 X111.684 Y118.937
G0 X111.38 Y119.074
G1 F1800 X111.694 Y118.921 E37.8493
G1 X111.695 Y119.376 E37.85501
G1 X111.256 Y119.589 E37.86113
G1 X111.255 Y119.122 E37.86698
G1 X111.38 Y119.074 E37.86866
G0 F7200 X111.559 Y118.987
G0 X111.294 Y119.346
G0 X111.356 Y119.347
G0 X112.559 Y119.174
G0 X115.441 Y119.166
G0 X116.581 Y119.165
G0 X116.62 Y119.074
G1 F1800 X116.744 Y119.122 E37.87033
G1 X116.745 Y119.589 E37.87619
G1 X116.306 Y119.377 E37.87976
G1 X116.305 Y118.921 E37.88528
G1 X116.62 Y119.074 E37.88705
G0 F7200 X116.744 Y119.122
G0 X116.744 Y119.19
G0 X116.706 Y119.19
G0 X116.643 Y119.19
G0 X119.271 Y119.133
G0 X119.38 Y119.074
G1 F1800 X119.694 Y118.921 E37.89143
G1 X119.695 Y119.376 E37.89714
G1 X119.256 Y119.589 E37.90326
G1 X119.255 Y119.122 E37.90912
G1 X119.38 Y119.074 E37.91079
G0 F7200 X119.559 Y118.987
G0 X119.294 Y119.346
G0 X119.356 Y119.347
G0 X119.266 Y116.573
G0 X119.38 Y116.074
G1 F1800 X119.694 Y115.921 E37.91517
G1 X119.695 Y116.376 E37.92088
G1 X119.256 Y116.589 E37.927
G1 X119.255 Y116.122 E37.93286
G1 X119.38 Y116.074 E37.93453
G0 F7200 X119.559 Y115.987
G0 X119.294 Y116.346
G0 X119.356 Y116.347
G0 X116.724 Y116.133
G0 X116.62 Y116.074
G1 F1800 X116.744 Y116.122 E37.9362
G1 X116.744 Y116.589 E37.94206
G1 X116.306 Y116.377 E37.94562
G1 X116.305 Y115.921 E37.95114
G1 X116.62 Y116.074 E37.95292
G0 F7200 X116.744 Y116.122
G0 X116.744 Y116.19
G0 X116.706 Y116.191
G0 X116.644 Y116.191
G0 X116.735 Y113.573
G0 X116.62 Y113.074
G1 F1800 X116.744 Y113.122 E37.95458
G1 X116.745 Y113.589 E37.96044
G1 X116.306 Y113.377 E37.96402
G1 X116.306 Y112.921 E37.96953
G1 X116.62 Y113.074 E37.97129
G0 F7200 X116.744 Y113.122
G0 X116.744 Y113.19
G0 X116.706 Y113.189
G0 X116.643 Y113.189
G0 X119.271 Y113.133
G0 X119.38 Y113.074
G1 F1800 X119.694 Y112.921 E37.97568
G1 X119.695 Y113.376 E37.98138
G1 X119.256 Y113.589 E37.9875
G1 X119.255 Y113.122 E37.99336
G1 X119.38 Y113.074 E37.99504
G0 F7200 X119.559 Y112.987
G0 X119.294 Y113.346
G0 X119.356 Y113.347
G0 X119.266 Y110.573
G0 X119.38 Y110.074
G1 F1800 X119.694 Y109.921 E37.99942
G1 X119.694 Y110.377 E38.00513
G1 X119.256 Y110.589 E38.01124
G1 X119.255 Y110.122 E38.01709
G1 X119.38 Y110.074 E38.01877
G0 F7200 X119.559 Y109.987
G0 X119.294 Y110.346
G0 X119.356 Y110.347
G0 X116.724 Y110.133
G0 X116.62 Y110.074
G1 F1800 X116.744 Y110.122 E38.02044
G1 X116.744 Y110.589 E38.0263
G1 X116.306 Y110.377 E38.02986
G1 X116.306 Y109.921 E38.03537
G1 X116.62 Y110.074 E38.03714
G0 F7200 X116.744 Y110.122
G0 X116.744 Y110.19
G0 X116.706 Y110.19
G0 X116.643 Y110.19
G0 X118.397 Y109.535
G0 X120.54 Y108.571
G0 X123.441 Y110.165
G0 X124.581 Y110.165
G0 X124.62 Y110.074
G1 F1800 X124.744 Y110.122 E38.03881
G1 X124.744 Y110.589 E38.04467
G1 X124.306 Y110.377 E38.04823
G1 X124.306 Y109.921 E38.05374
G1 X124.62 Y110.074 E38.05551
G0 F7200 X124.744 Y110.122
G0 X124.744 Y110.19
G0 X124.706 Y110.19
G0 X124.643 Y110.19
G0 X127.271 Y110.133
G0 X127.38 Y110.074
G1 F1800 X127.694 Y109.921 E38.05989
G1 X127.695 Y110.376 E38.0656
G1 X127.256 Y110.589 E38.07172
G1 X127.255 Y110.122 E38.07757
G1 X127.38 Y110.074 E38.07925
G0 F7200 X127.559 Y109.987
G0 X127.294 Y110.346
G0 X127.356 Y110.347
G0 X127.684 Y112.937
G0 X127.38 Y113.074
G1 F1800 X127.694 Y112.921 E38.08363
G1 X127.695 Y113.376 E38.08934
G1 X127.256 Y113.589 E38.09546
G1 X127.255 Y113.122 E38.10131
G1 X127.38 Y113.074 E38.10299
G0 F7200 X127.559 Y112.987
G0 X127.294 Y113.346
G0 X127.356 Y113.347
G0 X124.744 Y113.138
G0 X124.62 Y113.074
G1 F1800 X124.744 Y113.122 E38.10466
G1 X124.745 Y113.589 E38.11052
G1 X124.306 Y113.377 E38.11409
G1 X124.306 Y112.921 E38.1196
G1 X124.62 Y113.074 E38.12137
G0 F7200 X124.744 Y113.122
G0 X124.744 Y113.19
G0 X124.706 Y113.189
G0 X124.643 Y113.189
G0 X124.315 Y115.937
G0 X124.62 Y116.074
G1 F1800 X124.744 Y116.122 E38.12304
G1 X124.744 Y116.589 E38.12889
G1 X124.306 Y116.377 E38.13246
G1 X124.305 Y115.921 E38.13798
G1 X124.62 Y116.074 E38.13975
G0 F7200 X124.744 Y116.122
G0 X124.744 Y116.19
G0 X124.706 Y116.191
G0 X124.644 Y116.191
G0 X127.271 Y116.133
G0 X127.38 Y116.074
G1 F1800 X127.694 Y115.921 E38.14413
G1 X127.694 Y116.377 E38.14985
G1 X127.256 Y116.589 E38.15595
G1 X127.255 Y116.122 E38.16181
G1 X127.38 Y116.074 E38.16349
G0 F7200 X127.559 Y115.987
G0 X127.294 Y116.346
G0 X127.356 Y116.347
G0 X127.684 Y118.937
G0 X127.38 Y119.074
G1 F1800 X127.694 Y118.921 E38.16787
G1 X127.695 Y119.376 E38.17357
G1 X127.256 Y119.589 E38.17969
G1 X127.255 Y119.122 E38.18555
G1 X127.38 Y119.074 E38.18723
G0 F7200 X127.559 Y118.987
G0 X127.294 Y119.346
G0 X127.356 Y119.347
G0 X124.744 Y119.165
G0 X124.62 Y119.074
G1 F1800 X124.744 Y119.122 E38.1889
G1 X124.745 Y119.589 E38.19475
G1 X124.306 Y119.377 E38.19833
G1 X124.305 Y118.921 E38.20384
G1 X124.62 Y119.074 E38.20562
G0 F7200 X124.744 Y119.122
G0 X124.744 Y119.19
G0 X124.706 Y119.19
G0 X124.643 Y119.19
G0 X126.397 Y118.535
G0 X128.539 Y117.572
G0 X131.441 Y119.166
G0 X132.581 Y119.165
G0 X132.62 Y119.074
G1 F1800 X132.744 Y119.122 E38.20729
G1 X132.745 Y119.589 E38.21314
G1 X132.306 Y119.377 E38.21672
G1 X132.305 Y118.921 E38.22223
G1 X132.62 Y119.074 E38.22401
G0 F7200 X132.744 Y119.122
G0 X132.744 Y119.19
G0 X132.706 Y119.19
G0 X132.643 Y119.19
G0 X132.734 Y116.573
G0 X132.62 Y116.074
G1 F1800 X132.744 Y116.122 E38.22568
G1 X132.744 Y116.589 E38.23153
G1 X132.306 Y116.377 E38.2351
G1 X132.305 Y115.921 E38.24062
G1 X132.62 Y116.074 E38.24239
G0 F7200 X132.744 Y116.122
G0 X132.744 Y116.19
G0 X132.706 Y116.191
G0 X132.644 Y116.191
G0 X132.735 Y113.573
G0 X132.62 Y113.074
G1 F1800 X132.744 Y113.122 E38.24406
G1 X132.745 Y113.589 E38.24992
G1 X132.306 Y113.377 E38.25349
G1 X132.306 Y112.921 E38.259
G1 X132.62 Y113.074 E38.26077
G0 F7200 X132.744 Y113.122
G0 X132.744 Y113.19
G0 X132.706 Y113.189
G0 X132.643 Y113.189
G0 X132.734 Y110.573
G0 X132.62 Y110.074
G1 F1800 X132.744 Y110.122 E38.26244
G1 X132.744 Y110.589 E38.26829
G1 X132.306 Y110.377 E38.27186
G1 X132.306 Y109.921 E38.27737
G1 X132.62 Y110.074 E38.27914
G0 F7200 X132.744 Y110.122
G0 X132.744 Y110.19
G0 X132.706 Y110.19
;MESH:NONMESH
G0 F600 X132.706 Y110.19 Z7.6
G0 F7200 X132.643 Y110.19
G0 X131.441 Y110.165
G0 X128.539 Y108.572
G0 X115.46 Y108.571
G0 X112.559 Y110.209
G0 X111.419 Y110.165
G0 X111.38 Y110.074
;TIME_ELAPSED:376.217584
;LAYER:37
;TYPE:WALL-OUTER
;MESH:output\A_fina_suporte.stl
G1 F1800 X111.484 Y110.023 E38.28059
G1 X111.485 Y110.478 E38.2863
G1 X111.225 Y110.604 E38.28992
G1 X111.046 Y110.673 E38.29233
G1 X111.045 Y110.202 E38.29823
G1 X111.38 Y110.074 E38.30273
G0 F7200 X111.484 Y110.023
G0 X111.484 Y110.108
G0 X111.253 Y110.551
G0 X111.226 Y110.492
G0 X111.474 Y113.04
G0 X111.38 Y113.074
G1 F1800 X111.484 Y113.023 E38.30418
G1 X111.485 Y113.478 E38.30989
G1 X111.225 Y113.604 E38.31351
G1 X111.046 Y113.673 E38.31592
G1 X111.045 Y113.202 E38.32182
G1 X111.38 Y113.074 E38.32632
G0 F7200 X111.484 Y113.023
G0 X111.484 Y113.108
G0 X111.253 Y113.551
G0 X111.226 Y113.492
G0 X111.474 Y116.04
G0 X111.38 Y116.074
G1 F1800 X111.484 Y116.023 E38.32777
G1 X111.484 Y116.479 E38.33349
G1 X111.225 Y116.604 E38.3371
G1 X111.046 Y116.673 E38.33951
G1 X111.046 Y116.202 E38.34541
G1 X111.38 Y116.074 E38.3499
G0 F7200 X111.484 Y116.023
G0 X111.484 Y116.108
G0 X111.253 Y116.552
G0 X111.227 Y116.492
G0 X111.474 Y119.04
G0 X111.38 Y119.074
G1 F1800 X111.484 Y119.023 E38.35135
G1 X111.485 Y119.478 E38.35706
G1 X111.225 Y119.604 E38.36068
G1 X111.046 Y119.673 E38.36308
G1 X111.046 Y119.202 E38.36899
G1 X111.38 Y119.074 E38.37348
G0 F7200 X111.484 Y119.023
G0 X111.484 Y119.108
G0 X111.253 Y119.552
G0 X111.227 Y119.492
G0 X112.349 Y119.176
G0 X115.651 Y119.167
G0 X116.62 Y119.074
G1 F1800 X116.954 Y119.202 E38.37796
G1 X116.954 Y119.673 E38.38387
G1 X116.775 Y119.604 E38.38627
G1 X116.516 Y119.479 E38.38988
G1 X116.515 Y119.023 E38.3956
G1 X116.62 Y119.074 E38.39706
G0 F7200 X116.807 Y119.145
G0 X116.825 Y119.185
G0 X116.8 Y119.249
G0 X119.061 Y119.213
G0 X119.38 Y119.074
G1 F1800 X119.484 Y119.023 E38.39852
G1 X119.485 Y119.478 E38.40422
G1 X119.225 Y119.604 E38.40784
G1 X119.046 Y119.673 E38.41025
G1 X119.045 Y119.202 E38.41616
G1 X119.38 Y119.074 E38.42065
G0 F7200 X119.484 Y119.023
G0 X119.484 Y119.108
G0 X119.253 Y119.551
G0 X119.226 Y119.492
G0 X119.057 Y116.657
G0 X119.38 Y116.074
G1 F1800 X119.484 Y116.023 E38.42211
G1 X119.485 Y116.478 E38.42781
G1 X119.225 Y116.604 E38.43144
G1 X119.046 Y116.673 E38.43384
G1 X119.045 Y116.202 E38.43975
G1 X119.38 Y116.074 E38.44425
G0 F7200 X119.484 Y116.023
G0 X119.484 Y116.108
G0 X119.253 Y116.551
G0 X119.226 Y116.492
G0 X116.938 Y116.213
G0 X116.62 Y116.074
G1 F1800 X116.954 Y116.202 E38.44873
G1 X116.955 Y116.673 E38.45464
G1 X116.775 Y116.604 E38.45705
G1 X116.516 Y116.479 E38.46066
G1 X116.515 Y116.023 E38.46638
G1 X116.62 Y116.074 E38.46784
G0 F7200 X116.807 Y116.145
G0 X116.825 Y116.185
G0 X116.8 Y116.249
G0 X116.944 Y113.657
G0 X116.62 Y113.074
G1 F1800 X116.954 Y113.202 E38.47233
G1 X116.955 Y113.673 E38.47824
G1 X116.775 Y113.604 E38.48065
G1 X116.516 Y113.479 E38.48426
G1 X116.516 Y113.023 E38.48998
G1 X116.62 Y113.074 E38.49143
G0 F7200 X116.807 Y113.145
G0 X116.825 Y113.185
G0 X116.8 Y113.249
G0 X119.061 Y113.213
G0 X119.38 Y113.074
G1 F1800 X119.484 Y113.023 E38.49288
G1 X119.485 Y113.478 E38.49859
G1 X119.225 Y113.604 E38.50221
G1 X119.046 Y113.673 E38.50462
G1 X119.045 Y113.202 E38.51052
G1 X119.38 Y113.074 E38.51502
G0 F7200 X119.484 Y113.023
G0 X119.484 Y113.108
G0 X119.253 Y113.551
G0 X119.226 Y113.492
G0 X119.057 Y110.657
G0 X119.38 Y110.074
G1 F1800 X119.484 Y110.023 E38.51647
G1 X119.484 Y110.479 E38.52219
G1 X119.225 Y110.604 E38.5258
G1 X119.046 Y110.673 E38.5282
G1 X119.045 Y110.202 E38.53411
G1 X119.38 Y110.074 E38.53861
G0 F7200 X119.484 Y110.023
G0 X119.484 Y110.108
G0 X119.253 Y110.552
G0 X119.227 Y110.492
G0 X116.938 Y110.213
G0 X116.62 Y110.074
G1 F1800 X116.954 Y110.202 E38.54309
G1 X116.955 Y110.673 E38.549
G1 X116.775 Y110.604 E38.55142
G1 X116.516 Y110.479 E38.55502
G1 X116.516 Y110.023 E38.56074
G1 X116.62 Y110.074 E38.5622
G0 F7200 X116.807 Y110.145
G0 X116.825 Y110.185
G0 X116.8 Y110.249
G0 X117.818 Y110.211
G0 X120.33 Y108.674
G0 X123.651 Y110.213
G0 X124.62 Y110.074
G1 F1800 X124.954 Y110.202 E38.56668
G1 X124.955 Y110.673 E38.57259
G1 X124.775 Y110.604 E38.57501
G1 X124.516 Y110.479 E38.57861
G1 X124.516 Y110.023 E38.58433
G1 X124.62 Y110.074 E38.58578
G0 F7200 X124.807 Y110.145
G0 X124.825 Y110.185
G0 X124.8 Y110.249
G0 X127.061 Y110.213
G0 X127.38 Y110.074
G1 F1800 X127.484 Y110.023 E38.58724
G1 X127.485 Y110.478 E38.59294
G1 X127.225 Y110.604 E38.59656
G1 X127.046 Y110.673 E38.59897
G1 X127.045 Y110.202 E38.60488
G1 X127.38 Y110.074 E38.60937
G0 F7200 X127.484 Y110.023
G0 X127.484 Y110.108
G0 X127.253 Y110.551
G0 X127.226 Y110.492
G0 X127.474 Y113.04
G0 X127.38 Y113.074
G1 F1800 X127.484 Y113.023 E38.61083
G1 X127.485 Y113.478 E38.61653
G1 X127.225 Y113.604 E38.62016
G1 X127.046 Y113.673 E38.62256
G1 X127.045 Y113.202 E38.62847
G1 X127.38 Y113.074 E38.63296
G0 F7200 X127.484 Y113.023
G0 X127.484 Y113.108
G0 X127.253 Y113.551
G0 X127.226 Y113.492
G0 X124.938 Y113.213
G0 X124.62 Y113.074
G1 F1800 X124.954 Y113.202 E38.63745
G1 X124.955 Y113.673 E38.64336
G1 X124.775 Y113.604 E38.64577
G1 X124.516 Y113.479 E38.64938
G1 X124.516 Y113.023 E38.6551
G1 X124.62 Y113.074 E38.65655
G0 F7200 X124.807 Y113.145
G0 X124.825 Y113.185
G0 X124.8 Y113.249
G0 X124.525 Y116.039
G0 X124.62 Y116.074
G1 F1800 X124.954 Y116.202 E38.66104
G1 X124.955 Y116.673 E38.66694
G1 X124.775 Y116.604 E38.66936
G1 X124.516 Y116.479 E38.67297
G1 X124.515 Y116.023 E38.67869
G1 X124.62 Y116.074 E38.68015
G0 F7200 X124.807 Y116.145
G0 X124.825 Y116.185
G0 X124.8 Y116.249
G0 X127.066 Y116.213
G0 X127.38 Y116.074
G1 F1800 X127.484 Y116.023 E38.6816
G1 X127.484 Y116.479 E38.68732
G1 X127.225 Y116.604 E38.69093
G1 X127.046 Y116.673 E38.69333
G1 X127.046 Y116.202 E38.69924
G1 X127.38 Y116.074 E38.70373
G0 F7200 X127.484 Y116.023
G0 X127.484 Y116.108
G0 X127.253 Y116.552
G0 X127.227 Y116.492
G0 X127.474 Y119.04
G0 X127.38 Y119.074
G1 F1800 X127.484 Y119.023 E38.70518
G1 X127.485 Y119.478 E38.71088
G1 X127.225 Y119.604 E38.71451
G1 X127.046 Y119.673 E38.71691
G1 X127.046 Y119.202 E38.72282
G1 X127.38 Y119.074 E38.7273
G0 F7200 X127.484 Y119.023
G0 X127.484 Y119.108
G0 X127.253 Y119.552
G0 X127.227 Y119.492
G0 X124.938 Y119.213
G0 X124.62 Y119.074
G1 F1800 X124.954 Y119.202 E38.73179
G1 X124.955 Y119.673 E38.7377
G1 X124.775 Y119.604 E38.74011
G1 X124.516 Y119.479 E38.74372
G1 X124.515 Y119.023 E38.74944
G1 X124.62 Y119.074 E38.7509
G0 F7200 X124.807 Y119.145
G0 X124.825 Y119.185
G0 X124.8 Y119.249
G0 X125.818 Y119.211
G0 X128.329 Y117.674
G0 X131.651 Y119.198
G0 X132.62 Y119.074
G1 F1800 X132.954 Y119.202 E38.75539
G1 X132.954 Y119.673 E38.76129
G1 X132.775 Y119.604 E38.7637
G1 X132.516 Y119.479 E38.76731
G1 X132.515 Y119.023 E38.77303
G1 X132.62 Y119.074 E38.77449
G0 F7200 X132.807 Y119.145
G0 X132.825 Y119.185
G1 F1500 E32.27449
G0 F7200 X132.8 Y119.249
G0 X132.944 Y116.657
G1 F1500 E38.77449
G0 F7200 X132.62 Y116.074
G1 F1800 X132.954 Y116.202 E38.77897
G1 X132.955 Y116.673 E38.78488
G1 X132.775 Y116.604 E38.7873
G1 X132.516 Y116.479 E38.79091
G1 X132.515 Y116.023 E38.79662
G1 X132.62 Y116.074 E38.79809
G0 F7200 X132.807 Y116.145
G0 X132.825 Y116.185
G0 X132.8 Y116.249
G0 X132.944 Y113.657
G0 X132.62 Y113.074
G1 F1800 X132.954 Y113.202 E38.80257
G1 X132.955 Y113.673 E38.80848
G1 X132.775 Y113.604 E38.8109
G1 X132.516 Y113.479 E38.8145
G1 X132.516 Y113.023 E38.82022
G1 X132.62 Y113.074 E38.82167
G0 F7200 X132.807 Y113.145
G0 X132.825 Y113.185
G1 F1500 E32.32167
G0 F7200 X132.8 Y113.249
G0 X132.944 Y110.657
G1 F1500 E38.82167
G0 F7200 X132.62 Y110.074
G1 F1800 X132.954 Y110.202 E38.82616
G1 X132.955 Y110.673 E38.83207
G1 X132.775 Y110.604 E38.83448
G1 X132.516 Y110.479 E38.83809
G1 X132.516 Y110.023 E38.84381
G1 X132.62 Y110.074 E38.84526
G0 F7200 X132.807 Y110.145
G0 X132.825 Y110.185
;MESH:NONMESH
G0 F600 X132.825 Y110.185 Z7.8
G0 F7200 X132.8 Y110.249
G0 X131.651 Y110.266
G0 X126.198 Y111.796
G0 X119.564 Y111.4
G0 X118.198 Y111.796
G0 X112.349 Y110.311
G0 X111.157 Y110.266
G0 X110.962 Y110.234
;TIME_ELAPSED:381.194570
;LAYER:38
;TYPE:WALL-OUTER
;MESH:output\A_fina_suporte.stl
G1 F1800 X111.275 Y110.114 E38.84946
G1 X111.276 Y110.58 E38.85531
G1 X111.226 Y110.604 E38.856
G1 X110.836 Y110.754 E38.86124
G1 X110.835 Y110.269 E38.86733
G1 X110.962 Y110.234 E38.86898
G0 F7200 X111.148 Y110.163
G0 X110.875 Y110.536
G1 F1500 E32.36898
G0 F7200 X110.936 Y110.537
G0 X111.264 Y113.13
G1 F1500 E38.86898
G0 F7200 X110.962 Y113.234
G1 F1800 X111.275 Y113.114 E38.87318
G1 X111.276 Y113.58 E38.87903
G1 X111.226 Y113.604 E38.87972
G1 X110.836 Y113.754 E38.88496
G1 X110.835 Y113.269 E38.89104
G1 X110.962 Y113.234 E38.8927
G0 F7200 X111.148 Y113.163
G0 X110.875 Y113.536
G0 X110.936 Y113.537
G0 X111.264 Y116.13
G0 X110.962 Y116.234
G1 F1800 X111.275 Y116.114 E38.8969
G1 X111.275 Y116.58 E38.90274
G1 X111.228 Y116.603 E38.9034
G1 X110.836 Y116.754 E38.90867
G1 X110.836 Y116.268 E38.91476
G1 X110.962 Y116.234 E38.9164
G0 F7200 X111.148 Y116.163
G0 X111.039 Y116.413
;TYPE:SKIN
G1 F1800 X111.076 Y116.45 E38.91673
G0 F7200 X111.132 Y116.597
G0 X111.113 Y116.54
G0 X111.264 Y119.13
G0 X110.962 Y119.234
;TYPE:WALL-OUTER
G1 F1800 X111.275 Y119.114 E38.92093
G1 X111.276 Y119.58 E38.92677
G1 X111.226 Y119.604 E38.92747
G1 X110.836 Y119.754 E38.93271
G1 X110.836 Y119.268 E38.9388
G1 X110.962 Y119.234 E38.94044
G0 F7200 X111.148 Y119.163
G0 X110.875 Y119.536
G1 F1500 E32.44044
G0 F7200 X110.936 Y119.536
G0 X112.14 Y119.34
G0 X115.86 Y119.331
G0 X117.008 Y119.329
G1 F1500 E38.94044
G0 F7200 X117.038 Y119.234
G1 F1800 X117.164 Y119.268 E38.94208
G1 X117.164 Y119.754 E38.94817
G1 X116.772 Y119.603 E38.95105
G1 X116.725 Y119.58 E38.95171
G1 X116.724 Y119.114 E38.95755
G1 X117.038 Y119.234 E38.95923
G0 F7200 X117.164 Y119.268
G0 X117.164 Y119.338
G0 X117.125 Y119.339
G0 X117.062 Y119.343
G0 X118.836 Y119.326
G0 X118.962 Y119.234
G1 F1800 X119.275 Y119.114 E38.96343
G1 X119.276 Y119.58 E38.96927
G1 X119.226 Y119.604 E38.96997
G1 X118.836 Y119.754 E38.97521
G1 X118.835 Y119.269 E38.98129
G1 X118.962 Y119.234 E38.98294
G0 F7200 X119.148 Y119.163
G0 X118.875 Y119.536
G1 F1500 E32.48294
G0 F7200 X118.936 Y119.537
G0 X118.847 Y116.738
G1 F1500 E38.98294
G0 F7200 X118.962 Y116.234
G1 F1800 X119.275 Y116.114 E38.98715
G1 X119.276 Y116.58 E38.99299
G1 X119.226 Y116.604 E38.99369
G1 X118.836 Y116.754 E38.99893
G1 X118.835 Y116.269 E39.00501
G1 X118.962 Y116.234 E39.00666
G0 F7200 X119.148 Y116.163
G0 X118.875 Y116.536
G0 X118.936 Y116.537
G0 X117.164 Y116.329
G0 X117.038 Y116.234
G1 F1800 X117.164 Y116.268 E39.0083
G1 X117.165 Y116.754 E39.01439
G1 X116.772 Y116.603 E39.01728
G1 X116.725 Y116.58 E39.01793
G1 X116.724 Y116.114 E39.02378
G1 X117.038 Y116.234 E39.02545
G0 F7200 X117.164 Y116.268
G0 X117.164 Y116.338
G0 X117.125 Y116.338
G0 X117.062 Y116.343
G0 X117.154 Y113.738
G0 X117.038 Y113.234
G1 F1800 X117.164 Y113.268 E39.02709
G1 X117.165 Y113.754 E39.03318
G1 X116.772 Y113.603 E39.03607
G1 X116.725 Y113.58 E39.03672
G1 X116.725 Y113.114 E39.04257
G1 X117.038 Y113.234 E39.04424
G0 F7200 X117.164 Y113.268
G0 X117.164 Y113.338
G0 X117.125 Y113.337
G0 X117.061 Y113.343
G0 X118.836 Y113.329
G0 X118.962 Y113.234
G1 F1800 X119.275 Y113.114 E39.04844
G1 X119.276 Y113.58 E39.05428
G1 X119.226 Y113.604 E39.05498
G1 X118.836 Y113.754 E39.06022
G1 X118.835 Y113.269 E39.0663
G1 X118.962 Y113.234 E39.06795
G0 F7200 X119.148 Y113.163
G0 X118.875 Y113.536
G1 F1500 E32.56795
G0 F7200 X118.936 Y113.537
G0 X118.847 Y110.738
G1 F1500 E39.06795
G0 F7200 X118.962 Y110.234
G1 F1800 X119.275 Y110.114 E39.07216
G1 X119.275 Y110.58 E39.078
G1 X119.228 Y110.603 E39.07866
G1 X118.836 Y110.754 E39.08392
G1 X118.835 Y110.269 E39.09001
G1 X118.962 Y110.234 E39.09166
G0 F7200 X119.148 Y110.163
G0 X118.875 Y110.536
G0 X118.936 Y110.537
G0 X117.164 Y110.329
G0 X117.038 Y110.234
G1 F1800 X117.164 Y110.268 E39.0933
G1 X117.165 Y110.754 E39.09939
G1 X116.772 Y110.603 E39.10227
G1 X116.725 Y110.58 E39.10293
G1 X116.725 Y110.114 E39.10877
G1 X117.038 Y110.234 E39.11044
G0 F7200 X117.164 Y110.268
G0 X117.164 Y110.338
G0 X116.968 Y110.463
;TYPE:SKIN
G1 F1800 X116.918 Y110.413 E39.11089
G0 F7200 X116.764 Y110.412
G1 F1500 E32.61089
G0 F7200 X116.825 Y110.412
G0 X118.028 Y110.343
G0 X123.86 Y110.345
G0 X125.008 Y110.329
G1 F1500 E39.11089
G0 F7200 X125.038 Y110.234
;TYPE:WALL-OUTER
G1 F1800 X125.164 Y110.268 E39.11252
G1 X125.165 Y110.754 E39.11862
G1 X124.772 Y110.603 E39.1215
G1 X124.725 Y110.58 E39.12216
G1 X124.725 Y110.114 E39.128
G1 X125.038 Y110.234 E39.12967
G0 F7200 X125.164 Y110.268
G0 X125.164 Y110.338
G0 X125.125 Y110.337
G0 X125.061 Y110.343
G0 X126.836 Y110.329
G0 X126.962 Y110.234
G1 F1800 X127.275 Y110.114 E39.13387
G1 X127.276 Y110.58 E39.13972
G1 X127.226 Y110.604 E39.14041
G1 X126.836 Y110.754 E39.14565
G1 X126.835 Y110.269 E39.15173
G1 X126.962 Y110.234 E39.15339
G0 F7200 X127.148 Y110.163
G0 X126.875 Y110.536
G1 F1500 E32.65339
G0 F7200 X126.936 Y110.537
G0 X127.264 Y113.13
G1 F1500 E39.15339
G0 F7200 X126.962 Y113.234
G1 F1800 X127.275 Y113.114 E39.15759
G1 X127.276 Y113.58 E39.16343
G1 X127.226 Y113.604 E39.16413
G1 X126.836 Y113.754 E39.16937
G1 X126.835 Y113.269 E39.17545
G1 X126.962 Y113.234 E39.1771
G0 F7200 X127.148 Y113.163
G0 X126.875 Y113.536
G0 X126.936 Y113.537
G0 X125.164 Y113.329
G0 X125.038 Y113.234
G1 F1800 X125.164 Y113.268 E39.17874
G1 X125.165 Y113.754 E39.18483
G1 X124.772 Y113.603 E39.18772
G1 X124.725 Y113.58 E39.18838
G1 X124.725 Y113.114 E39.19422
G1 X125.038 Y113.234 E39.19589
G0 F7200 X125.164 Y113.268
G0 X125.164 Y113.338
G0 X125.125 Y113.337
G1 F1500 E32.69589
G0 F7200 X125.061 Y113.343
G0 X124.735 Y116.13
G1 F1500 E39.19589
G0 F7200 X125.038 Y116.234
G1 F1800 X125.164 Y116.268 E39.19752
G1 X125.165 Y116.754 E39.20362
G1 X124.772 Y116.603 E39.2065
G1 X124.725 Y116.58 E39.20716
G1 X124.724 Y116.114 E39.213
G1 X125.038 Y116.234 E39.21468
G0 F7200 X125.164 Y116.268
G0 X125.164 Y116.338
G0 X125.125 Y116.338
G0 X125.062 Y116.343
G0 X126.856 Y116.332
G0 X126.962 Y116.234
G1 F1800 X127.275 Y116.114 E39.21888
G1 X127.275 Y116.58 E39.22473
G1 X127.228 Y116.603 E39.22538
G1 X126.836 Y116.754 E39.23065
G1 X126.836 Y116.268 E39.23674
G1 X126.962 Y116.234 E39.23838
G0 F7200 X127.148 Y116.163
G0 X126.875 Y116.536
G1 F1500 E32.73838
G0 F7200 X126.936 Y116.536
G0 X127.264 Y119.13
G1 F1500 E39.23838
G0 F7200 X126.962 Y119.234
G1 F1800 X127.275 Y119.114 E39.24258
G1 X127.276 Y119.58 E39.24843
G1 X127.226 Y119.604 E39.24912
G1 X126.836 Y119.754 E39.25436
G1 X126.836 Y119.268 E39.26046
G1 X126.962 Y119.234 E39.2621
G0 F7200 X127.148 Y119.163
G0 X127.047 Y119.411
;TYPE:SKIN
G1 F1800 X127.08 Y119.443 E39.26238
G0 F7200 X127.236 Y119.442
G0 X127.175 Y119.441
G0 X125.164 Y119.332
G0 X125.038 Y119.234
;TYPE:WALL-OUTER
G1 F1800 X125.164 Y119.268 E39.26402
G1 X125.165 Y119.754 E39.27011
G1 X124.772 Y119.603 E39.273
G1 X124.725 Y119.58 E39.27366
G1 X124.724 Y119.114 E39.2795
G1 X125.038 Y119.234 E39.28118
G0 F7200 X125.164 Y119.268
G0 X125.164 Y119.338
G0 X125.125 Y119.338
G0 X125.062 Y119.343
G0 X131.86 Y119.33
G0 X133.008 Y119.329
G0 X133.038 Y119.234
G1 F1800 X133.164 Y119.268 E39.28281
G1 X133.164 Y119.754 E39.28891
G1 X132.772 Y119.603 E39.29179
G1 X132.725 Y119.58 E39.29244
G1 X132.724 Y119.114 E39.29829
G1 X133.038 Y119.234 E39.29996
G0 F7200 X133.164 Y119.268
G0 X133.164 Y119.338
G0 X133.125 Y119.339
G1 F1500 E32.79996
G0 F7200 X133.062 Y119.343
G0 X133.154 Y116.738
G1 F1500 E39.29996
G0 F7200 X133.038 Y116.234
G1 F1800 X133.164 Y116.268 E39.3016
G1 X133.165 Y116.754 E39.30769
G1 X132.772 Y116.603 E39.31058
G1 X132.725 Y116.58 E39.31123
G1 X132.724 Y116.114 E39.31708
G1 X133.038 Y116.234 E39.31875
G0 F7200 X133.164 Y116.268
G0 X133.164 Y116.338
G0 X133.125 Y116.338
G0 X133.062 Y116.343
G0 X133.154 Y113.738
G0 X133.038 Y113.234
G1 F1800 X133.164 Y113.268 E39.32039
G1 X133.165 Y113.754 E39.32648
G1 X132.772 Y113.603 E39.32937
G1 X132.725 Y113.58 E39.33002
G1 X132.725 Y113.114 E39.33587
G1 X133.038 Y113.234 E39.33754
G0 F7200 X133.164 Y113.268
G0 X133.164 Y113.338
G0 X132.968 Y113.452
;TYPE:SKIN
G1 F1800 X132.919 Y113.402 E39.33798
G0 F7200 X132.764 Y113.401
G1 F1500 E32.83798
G0 F7200 X132.825 Y113.401
G0 X133.154 Y110.738
G1 F1500 E39.33798
G0 F7200 X133.038 Y110.234
;TYPE:WALL-OUTER
G1 F1800 X133.164 Y110.268 E39.33961
G1 X133.165 Y110.754 E39.34571
G1 X132.772 Y110.603 E39.34859
G1 X132.725 Y110.58 E39.34925
G1 X132.725 Y110.114 E39.35509
G1 X133.038 Y110.234 E39.35676
G0 F7200 X133.164 Y110.268
G0 X133.164 Y110.338
G0 X133.125 Y110.337
;MESH:NONMESH
G0 F600 X133.125 Y110.337 Z8
G0 F7200 X133.061 Y110.343
G0 X131.86 Y110.329
G0 X125.988 Y111.861
G0 X119.106 Y111.577
G0 X118.015 Y111.865
G0 X112.14 Y110.374
G0 X110.993 Y110.329
G0 X110.962 Y110.234
;TIME_ELAPSED:390.408235
;LAYER:39
;TYPE:WALL-OUTER
;MESH:output\A_fina_suporte.stl
G1 F1800 X111.065 Y110.195 E39.35814
G1 X111.066 Y110.665 E39.36403
G1 X110.832 Y110.756 E39.36718
G1 X110.617 Y110.812 E39.36997
G1 X110.616 Y110.327 E39.37605
G1 X110.962 Y110.234 E39.38054
G0 F7200 X111.065 Y110.195
G0 X111.065 Y110.285
G0 X110.775 Y110.698
G1 F1500 E32.88054
G0 F7200 X110.769 Y110.67
G0 X111.054 Y113.211
G1 F1500 E39.38054
G0 F7200 X110.962 Y113.234
G1 F1800 X111.065 Y113.195 E39.38192
G1 X111.065 Y113.666 E39.38783
G1 X110.834 Y113.755 E39.39094
G1 X110.617 Y113.813 E39.39375
G1 X110.617 Y113.327 E39.39985
G1 X110.962 Y113.234 E39.40433
G0 F7200 X111.065 Y113.195
G0 X111.065 Y113.285
G0 X110.776 Y113.699
G0 X110.77 Y113.669
G0 X111.054 Y116.211
G0 X110.962 Y116.234
G1 F1800 X111.065 Y116.195 E39.40571
G1 X111.066 Y116.665 E39.4116
G1 X110.832 Y116.756 E39.41475
G1 X110.617 Y116.812 E39.41754
G1 X110.616 Y116.327 E39.42362
G1 X110.962 Y116.234 E39.42811
G0 F7200 X111.065 Y116.195
G0 X111.065 Y116.285
G0 X110.775 Y116.698
G1 F1500 E32.92811
G0 F7200 X110.769 Y116.67
G0 X111.054 Y119.211
G1 F1500 E39.42811
G0 F7200 X110.962 Y119.234
G1 F1800 X111.065 Y119.195 E39.42949
G1 X111.066 Y119.665 E39.43539
G1 X110.834 Y119.755 E39.43851
G1 X110.617 Y119.813 E39.44133
G1 X110.617 Y119.327 E39.44742
G1 X110.962 Y119.234 E39.4519
G0 F7200 X111.065 Y119.195
G0 X111.065 Y119.285
G0 X110.776 Y119.699
G0 X110.77 Y119.669
G0 X111.93 Y119.34
G0 X116.07 Y119.341
G0 X117.038 Y119.234
G1 F1800 X117.383 Y119.327 E39.45638
G1 X117.383 Y119.813 E39.46248
G1 X117.166 Y119.755 E39.46529
G1 X116.935 Y119.666 E39.4684
G1 X116.935 Y119.195 E39.4743
G1 X117.038 Y119.234 E39.47568
G0 F7200 X117.231 Y119.286
G0 X117.248 Y119.357
G1 F1500 E32.97568
G0 F7200 X117.238 Y119.391
G0 X118.637 Y119.328
G1 F1500 E39.47568
G0 F7200 X118.962 Y119.234
G1 F1800 X119.065 Y119.195 E39.47707
G1 X119.066 Y119.665 E39.48296
G1 X118.834 Y119.755 E39.48608
G1 X118.617 Y119.813 E39.4889
G1 X118.617 Y119.327 E39.49499
G1 X118.962 Y119.234 E39.49947
G0 F7200 X119.065 Y119.195
G0 X119.065 Y119.285
G0 X118.776 Y119.699
G0 X118.77 Y119.669
G0 X118.629 Y116.797
G0 X118.962 Y116.234
G1 F1800 X119.065 Y116.195 E39.50085
G1 X119.066 Y116.665 E39.50675
G1 X118.832 Y116.756 E39.5099
G1 X118.617 Y116.812 E39.51268
G1 X118.616 Y116.327 E39.51876
G1 X118.962 Y116.234 E39.52326
G0 F7200 X119.065 Y116.195
G0 X119.065 Y116.285
G0 X118.863 Y116.461
;TYPE:SKIN
G1 F1800 X118.81 Y116.514 E39.52373
G0 F7200 X118.665 Y116.514
G1 F1500 E33.02373
G0 F7200 X118.717 Y116.515
G0 X117.383 Y116.341
G1 F1500 E39.52373
G0 F7200 X117.038 Y116.234
;TYPE:WALL-OUTER
G1 F1800 X117.383 Y116.327 E39.52821
G1 X117.384 Y116.813 E39.5343
G1 X117.166 Y116.755 E39.53713
G1 X116.935 Y116.666 E39.54024
G1 X116.935 Y116.195 E39.54614
G1 X117.038 Y116.234 E39.54752
G0 F7200 X117.231 Y116.286
G0 X117.159 Y116.468
;TYPE:SKIN
G1 F1800 X117.129 Y116.498 E39.54779
G0 F7200 X116.983 Y116.497
G0 X117.035 Y116.497
G0 X117.371 Y113.798
G0 X117.038 Y113.234
;TYPE:WALL-OUTER
G1 F1800 X117.383 Y113.327 E39.55227
G1 X117.383 Y113.813 E39.55837
G1 X117.166 Y113.755 E39.56118
G1 X116.935 Y113.666 E39.56429
G1 X116.935 Y113.195 E39.57019
G1 X117.038 Y113.234 E39.57157
G0 F7200 X117.231 Y113.286
G0 X117.248 Y113.357
G1 F1500 E33.07157
G0 F7200 X117.238 Y113.391
G0 X118.637 Y113.329
G1 F1500 E39.57157
G0 F7200 X118.962 Y113.234
G1 F1800 X119.065 Y113.195 E39.57296
G1 X119.065 Y113.666 E39.57886
G1 X118.834 Y113.755 E39.58197
G1 X118.617 Y113.813 E39.58478
G1 X118.617 Y113.327 E39.59088
G1 X118.962 Y113.234 E39.59536
G0 F7200 X119.065 Y113.195
G0 X119.065 Y113.285
G0 X118.776 Y113.699
G0 X118.77 Y113.669
G0 X118.629 Y110.797
G0 X118.962 Y110.234
G1 F1800 X119.065 Y110.195 E39.59674
G1 X119.066 Y110.665 E39.60263
G1 X118.832 Y110.756 E39.60578
G1 X118.617 Y110.812 E39.60857
G1 X118.616 Y110.327 E39.61465
G1 X118.962 Y110.234 E39.61914
G0 F7200 X119.065 Y110.195
G0 X119.065 Y110.285
G0 X118.87 Y110.515
;TYPE:SKIN
G1 F1800 X118.842 Y110.543 E39.61939
G0 F7200 X118.854 Y110.677
G1 F1500 E33.11939
G0 F7200 X118.842 Y110.645
G0 X117.383 Y110.341
G1 F1500 E39.61939
G0 F7200 X117.038 Y110.234
;TYPE:WALL-OUTER
G1 F1800 X117.383 Y110.327 E39.62387
G1 X117.384 Y110.813 E39.62997
G1 X117.166 Y110.755 E39.6328
G1 X116.935 Y110.666 E39.6359
G1 X116.935 Y110.195 E39.64181
G1 X117.038 Y110.234 E39.64319
G0 F7200 X117.231 Y110.286
G0 X117.186 Y110.501
;TYPE:SKIN
G1 F1800 X117.148 Y110.539 E39.64353
G0 F7200 X117.134 Y110.673
G1 F1500 E33.14353
G0 F7200 X117.148 Y110.641
G0 X117.644 Y109.501
G0 X119.911 Y108.963
G0 X124.07 Y110.344
G1 F1500 E39.64353
G0 F7200 X125.038 Y110.234
;TYPE:WALL-OUTER
G1 F1800 X125.383 Y110.327 E39.64801
G1 X125.384 Y110.813 E39.6541
G1 X125.166 Y110.755 E39.65693
G1 X124.935 Y110.666 E39.66003
G1 X124.935 Y110.195 E39.66594
G1 X125.038 Y110.234 E39.66732
G0 F7200 X125.231 Y110.286
G0 X125.248 Y110.357
G0 X125.238 Y110.391
G0 X126.631 Y110.339
G0 X126.962 Y110.234
G1 F1800 X127.065 Y110.195 E39.6687
G1 X127.066 Y110.665 E39.6746
G1 X126.832 Y110.756 E39.67775
G1 X126.617 Y110.812 E39.68053
G1 X126.616 Y110.327 E39.68661
G1 X126.962 Y110.234 E39.69111
G0 F7200 X127.065 Y110.195
G0 X127.065 Y110.285
G0 X126.775 Y110.698
G1 F1500 E33.19111
G0 F7200 X126.769 Y110.67
G0 X127.054 Y113.211
G1 F1500 E39.69111
G0 F7200 X126.962 Y113.234
G1 F1800 X127.065 Y113.195 E39.69249
G1 X127.065 Y113.666 E39.69839
G1 X126.834 Y113.755 E39.7015
G1 X126.617 Y113.813 E39.70432
G1 X126.617 Y113.327 E39.71041
G1 X126.962 Y113.234 E39.71489
G0 F7200 X127.065 Y113.195
G0 X127.065 Y113.285
G0 X126.776 Y113.699
G0 X126.77 Y113.669
G0 X125.363 Y113.329
G0 X125.038 Y113.234
G1 F1800 X125.383 Y113.327 E39.71937
G1 X125.383 Y113.813 E39.72547
G1 X125.166 Y113.755 E39.72828
G1 X124.935 Y113.666 E39.73139
G1 X124.935 Y113.195 E39.73729
G1 X125.038 Y113.234 E39.73868
G0 F7200 X125.231 Y113.286
G0 X125.248 Y113.357
G1 F1500 E33.23868
G0 F7200 X125.238 Y113.391
G0 X124.946 Y116.211
G1 F1500 E39.73868
G0 F7200 X125.038 Y116.234
G1 F1800 X125.383 Y116.327 E39.74316
G1 X125.384 Y116.813 E39.74925
G1 X125.166 Y116.755 E39.75208
G1 X124.935 Y116.666 E39.75518
G1 X124.935 Y116.195 E39.76109
G1 X125.038 Y116.234 E39.76247
G0 F7200 X125.231 Y116.286
G0 X125.248 Y116.357
G1 F1500 E33.26247
G0 F7200 X125.238 Y116.391
G0 X126.631 Y116.339
G1 F1500 E39.76247
G0 F7200 X126.962 Y116.234
G1 F1800 X127.065 Y116.195 E39.76385
G1 X127.066 Y116.665 E39.76975
G1 X126.832 Y116.756 E39.7729
G1 X126.617 Y116.812 E39.77568
G1 X126.616 Y116.327 E39.78176
G1 X126.962 Y116.234 E39.78626
G0 F7200 X127.065 Y116.195
G0 X127.065 Y116.285
G0 X126.775 Y116.698
G0 X126.769 Y116.67
G0 X127.054 Y119.211
G0 X126.962 Y119.234
G1 F1800 X127.065 Y119.195 E39.78764
G1 X127.066 Y119.665 E39.79353
G1 X126.834 Y119.755 E39.79665
G1 X126.617 Y119.813 E39.79947
G1 X126.617 Y119.327 E39.80556
G1 X126.962 Y119.234 E39.81004
G0 F7200 X127.065 Y119.195
G0 X127.065 Y119.285
G0 X126.87 Y119.485
;TYPE:SKIN
G1 F1800 X126.811 Y119.544 E39.81057
G0 F7200 X126.665 Y119.543
G1 F1500 E33.31057
G0 F7200 X126.717 Y119.543
G0 X125.363 Y119.329
G1 F1500 E39.81057
G0 F7200 X125.038 Y119.234
;TYPE:WALL-OUTER
G1 F1800 X125.383 Y119.327 E39.81505
G1 X125.383 Y119.813 E39.82114
G1 X125.166 Y119.755 E39.82396
G1 X124.935 Y119.666 E39.82706
G1 X124.935 Y119.195 E39.83297
G1 X125.038 Y119.234 E39.83435
G0 F7200 X125.231 Y119.286
G0 X125.183 Y119.475
;TYPE:SKIN
G1 F1800 X125.129 Y119.529 E39.83483
G0 F7200 X124.983 Y119.529
G1 F1500 E33.33483
G0 F7200 X125.035 Y119.529
G0 X125.644 Y118.501
G0 X127.911 Y117.963
G0 X132.07 Y119.329
G1 F1500 E39.83483
G0 F7200 X133.038 Y119.234
;TYPE:WALL-OUTER
G1 F1800 X133.383 Y119.327 E39.83931
G1 X133.383 Y119.813 E39.84541
G1 X133.166 Y119.755 E39.84822
G1 X132.935 Y119.666 E39.85133
G1 X132.935 Y119.195 E39.85723
G1 X133.038 Y119.234 E39.85862
G0 F7200 X133.231 Y119.286
G0 X133.248 Y119.357
G1 F1500 E33.35862
G0 F7200 X133.238 Y119.391
G0 X133.372 Y116.798
G1 F1500 E39.85862
G0 F7200 X133.038 Y116.234
G1 F1800 X133.383 Y116.327 E39.8631
G1 X133.384 Y116.813 E39.86919
G1 X133.166 Y116.755 E39.87202
G1 X132.935 Y116.666 E39.87512
G1 X132.935 Y116.195 E39.88103
G1 X133.038 Y116.234 E39.88241
G0 F7200 X133.231 Y116.286
G0 X133.248 Y116.357
G0 X133.238 Y116.391
G0 X133.371 Y113.798
G0 X133.038 Y113.234
G1 F1800 X133.383 Y113.327 E39.88689
G1 X133.383 Y113.813 E39.89299
G1 X133.166 Y113.755 E39.8958
G1 X132.935 Y113.666 E39.89891
G1 X132.935 Y113.195 E39.90482
G1 X133.038 Y113.234 E39.9062
G0 F7200 X133.231 Y113.286
G0 X133.167 Y113.471
;TYPE:SKIN
G1 F1800 X133.129 Y113.509 E39.90653
G0 F7200 X132.983 Y113.509
G1 F1500 E33.40653
G0 F7200 X133.035 Y113.509
G0 X133.372 Y110.798
G1 F1500 E39.90653
G0 F7200 X133.038 Y110.234
;TYPE:WALL-OUTER
G1 F1800 X133.383 Y110.327 E39.91101
G1 X133.384 Y110.813 E39.91711
G1 X133.166 Y110.755 E39.91994
G1 X132.935 Y110.666 E39.92304
G1 X132.935 Y110.195 E39.92895
G1 X133.038 Y110.234 E39.93033
G0 F7200 X133.231 Y110.286
G0 X133.248 Y110.357
;MESH:NONMESH
G0 F600 X133.248 Y110.357 Z8.2
G0 F7200 X133.238 Y110.391
G0 X132.07 Y110.4
G0 X126.235 Y111.833
G0 X117.768 Y111.826
G0 X111.93 Y110.445
G0 X110.73 Y110.4
G0 X110.541 Y110.347
;TIME_ELAPSED:401.805681
;LAYER:40
;TYPE:WALL-OUTER
;MESH:output\A_fina_suporte.stl
G1 F1800 X110.855 Y110.263 E39.93441
G1 X110.856 Y110.746 E39.94046
G1 X110.834 Y110.755 E39.94076
G1 X110.464 Y110.854 E39.94556
G1 X110.269 Y110.884 E39.94804
G1 X110.2 Y110.891 E39.94891
G1 X110.2 Y110.393 E39.95515
G1 X110.325 Y110.38 E39.95673
G1 X110.541 Y110.347 E39.95947
G0 F7200 X110.734 Y110.296
G0 X110.544 Y110.544
;TYPE:SKIN
G1 F1800 X110.611 Y110.611 E39.96006
G0 F7200 X110.622 Y110.738
G1 F1500 E33.46006
G0 F7200 X110.617 Y110.71
G0 X110.843 Y113.278
G1 F1500 E39.96006
G0 F7200 X110.541 Y113.347
;TYPE:WALL-OUTER
G1 F1800 X110.855 Y113.263 E39.96414
G1 X110.855 Y113.747 E39.97021
G1 X110.837 Y113.754 E39.97045
G1 X110.464 Y113.854 E39.97529
G1 X110.269 Y113.884 E39.97777
G1 X110.2 Y113.891 E39.97864
G1 X110.2 Y113.393 E39.98488
G1 X110.325 Y113.38 E39.98646
G1 X110.541 Y113.347 E39.9892
G0 F7200 X110.734 Y113.296
G0 X110.447 Y113.558
;TYPE:SKIN
G1 F1800 X110.522 Y113.634 E39.98987
G0 F7200 X110.519 Y113.756
G1 F1500 E33.48987
G0 F7200 X110.516 Y113.737
G0 X110.843 Y116.278
G1 F1500 E39.98987
G0 F7200 X110.541 Y116.347
;TYPE:WALL-OUTER
G1 F1800 X110.855 Y116.263 E39.99394
G1 X110.856 Y116.746 E40
G1 X110.834 Y116.755 E40.0003
G1 X110.464 Y116.854 E40.0051
G1 X110.269 Y116.884 E40.00758
G1 X110.2 Y116.891 E40.00845
G1 X110.2 Y116.393 E40.01469
G1 X110.325 Y116.38 E40.01627
G1 X110.541 Y116.347 E40.01901
G0 F7200 X110.734 Y116.296
G0 X110.626 Y116.566
;TYPE:SKIN
G1 F1800 X110.414 Y116.637 E40.01993
G0 F7200 X110.548 Y116.418
G1 F1500 E33.51993
G0 F7200 X110.552 Y116.447
G0 X110.843 Y119.278
G1 F1500 E40.01993
G0 F7200 X110.541 Y119.347
;TYPE:WALL-OUTER
G1 F1800 X110.855 Y119.263 E40.024
G1 X110.856 Y119.746 E40.03006
G1 X110.834 Y119.755 E40.03036
G1 X110.464 Y119.854 E40.03516
G1 X110.269 Y119.884 E40.03763
G1 X110.2 Y119.891 E40.0385
G1 X110.2 Y119.393 E40.04475
G1 X110.325 Y119.38 E40.04633
G1 X110.541 Y119.347 E40.04907
G0 F7200 X110.734 Y119.296
G0 X110.499 Y119.55
;TYPE:SKIN
G1 F1800 X110.57 Y119.621 E40.0497
G0 F7200 X110.567 Y119.749
G1 F1500 E33.5497
G0 F7200 X110.563 Y119.724
G0 X111.72 Y119.458
G0 X116.28 Y119.459
G0 X118.561 Y119.444
G1 F1500 E40.0497
G0 F7200 X118.541 Y119.347
;TYPE:WALL-OUTER
G1 F1800 X118.855 Y119.263 E40.05377
G1 X118.856 Y119.746 E40.05983
G1 X118.834 Y119.755 E40.06013
G1 X118.464 Y119.854 E40.06493
G1 X118.269 Y119.884 E40.0674
G1 X118.189 Y119.892 E40.06841
G1 X117.908 Y119.898 E40.07194
G1 X117.812 Y119.892 E40.07314
G1 X117.731 Y119.884 E40.07416
G1 X117.536 Y119.854 E40.07664
G1 X117.163 Y119.754 E40.08148
G1 X117.145 Y119.747 E40.08172
G1 X117.145 Y119.263 E40.08779
G1 X117.459 Y119.347 E40.09187
G1 X117.675 Y119.38 E40.09461
G1 X117.784 Y119.391 E40.09598
G1 X117.896 Y119.398 E40.09739
G1 X118.212 Y119.392 E40.10135
G1 X118.325 Y119.38 E40.10278
G1 X118.541 Y119.347 E40.10552
G0 F7200 X118.734 Y119.296
G0 X118.468 Y119.599
;TYPE:SKIN
G1 F1800 X118.222 Y119.636 E40.10657
G1 X117.641 Y119.621 E40.10901
G0 F7200 X117.631 Y119.466
G1 F1500 E33.60901
G0 F7200 X117.629 Y119.474
G0 X118.267 Y116.865
G1 F1500 E40.10901
G0 F7200 X118.541 Y116.347
;TYPE:WALL-OUTER
G1 F1800 X118.855 Y116.263 E40.11309
G1 X118.856 Y116.746 E40.11915
G1 X118.834 Y116.755 E40.11944
G1 X118.464 Y116.854 E40.12425
G1 X118.269 Y116.884 E40.12672
G1 X118.189 Y116.892 E40.12773
G1 X117.908 Y116.898 E40.13125
G1 X117.812 Y116.892 E40.13246
G1 X117.731 Y116.884 E40.13348
G1 X117.536 Y116.854 E40.13596
G1 X117.163 Y116.754 E40.1408
G1 X117.145 Y116.747 E40.14104
G1 X117.145 Y116.263 E40.14711
G1 X117.459 Y116.347 E40.15119
G1 X117.675 Y116.38 E40.15393
G1 X117.784 Y116.391 E40.1553
G1 X117.896 Y116.398 E40.15671
G1 X118.212 Y116.392 E40.16067
G1 X118.325 Y116.38 E40.1621
G1 X118.541 Y116.347 E40.16484
G0 F7200 X118.734 Y116.296
G0 X118.56 Y116.58
;TYPE:SKIN
G1 F1800 X118.323 Y116.626 E40.16576
G1 X117.431 Y116.582 E40.16917
G0 F7200 X117.407 Y116.406
G1 F1500 E33.66917
G0 F7200 X117.4 Y116.434
G0 X117.832 Y113.874
G1 F1500 E40.16917
G0 F7200 X118.541 Y113.347
;TYPE:WALL-OUTER
G1 F1800 X118.855 Y113.263 E40.17324
G1 X118.855 Y113.747 E40.17931
G1 X118.837 Y113.754 E40.17955
G1 X118.464 Y113.854 E40.1844
G1 X118.269 Y113.884 E40.18687
G1 X118.189 Y113.892 E40.18788
G1 X117.908 Y113.898 E40.1914
G1 X117.812 Y113.892 E40.19261
G1 X117.731 Y113.884 E40.19363
G1 X117.536 Y113.854 E40.1961
G1 X117.163 Y113.754 E40.20095
G1 X117.145 Y113.747 E40.20119
G1 X117.145 Y113.263 E40.20726
G1 X117.459 Y113.347 E40.21134
G1 X117.675 Y113.38 E40.21408
G1 X117.784 Y113.391 E40.21545
G1 X117.896 Y113.398 E40.21686
G1 X118.212 Y113.392 E40.22082
G1 X118.325 Y113.38 E40.22224
G1 X118.541 Y113.347 E40.22499
G0 F7200 X118.734 Y113.296
G0 X118.638 Y113.547
;TYPE:SKIN
G1 F1800 X118.419 Y113.61 E40.22584
G1 X117.571 Y113.611 E40.229
G0 F7200 X117.563 Y113.448
G1 F1500 E33.729
G0 F7200 X117.56 Y113.463
G0 X118.267 Y110.865
G1 F1500 E40.229
G0 F7200 X118.541 Y110.347
;TYPE:WALL-OUTER
G1 F1800 X118.855 Y110.263 E40.23308
G1 X118.856 Y110.746 E40.23914
G1 X118.834 Y110.755 E40.23943
G1 X118.464 Y110.854 E40.24424
G1 X118.269 Y110.884 E40.24671
G1 X118.189 Y110.892 E40.24772
G1 X117.908 Y110.898 E40.25124
G1 X117.812 Y110.892 E40.25245
G1 X117.731 Y110.884 E40.25347
G1 X117.536 Y110.854 E40.25595
G1 X117.163 Y110.754 E40.26079
G1 X117.145 Y110.747 E40.26103
G1 X117.145 Y110.263 E40.2671
G1 X117.459 Y110.347 E40.27118
G1 X117.675 Y110.38 E40.27392
G1 X117.784 Y110.391 E40.27529
G1 X117.896 Y110.398 E40.2767
G1 X118.212 Y110.392 E40.28066
G1 X118.325 Y110.38 E40.28209
G1 X118.541 Y110.347 E40.28483
G0 F7200 X118.734 Y110.296
G0 X118.511 Y110.591
;TYPE:SKIN
G1 F1800 X118.27 Y110.633 E40.28567
G1 X117.372 Y110.583 E40.28879
G0 F7200 X117.513 Y110.76
G1 F1500 E33.78879
G0 F7200 X117.517 Y110.746
G0 X118.855 Y110.459
G0 X124.28 Y110.459
G0 X126.561 Y110.444
G1 F1500 E40.28879
G0 F7200 X126.541 Y110.347
;TYPE:WALL-OUTER
G1 F1800 X126.855 Y110.263 E40.29286
G1 X126.856 Y110.746 E40.29892
G1 X126.834 Y110.755 E40.29922
G1 X126.464 Y110.854 E40.30402
G1 X126.269 Y110.884 E40.3065
G1 X126.188 Y110.892 E40.30752
G1 X126.092 Y110.898 E40.30872
G1 X125.812 Y110.892 E40.31224
G1 X125.731 Y110.884 E40.31326
G1 X125.536 Y110.854 E40.31573
G1 X125.163 Y110.754 E40.32057
G1 X125.145 Y110.747 E40.32082
G1 X125.145 Y110.263 E40.32689
G1 X125.459 Y110.347 E40.33096
G1 X125.675 Y110.38 E40.3337
G1 X125.788 Y110.392 E40.33513
G1 X126.104 Y110.398 E40.33909
G1 X126.216 Y110.391 E40.3405
G1 X126.325 Y110.38 E40.34187
G1 X126.541 Y110.347 E40.34461
G0 F7200 X126.734 Y110.296
G0 X126.444 Y110.605
;TYPE:SKIN
G1 F1800 X126.196 Y110.639 E40.34567
G1 X125.607 Y110.617 E40.34816
G0 F7200 X125.599 Y110.458
G1 F1500 E33.84816
G0 F7200 X125.597 Y110.469
G0 X126.843 Y113.278
G1 F1500 E40.34816
G0 F7200 X126.541 Y113.347
;TYPE:WALL-OUTER
G1 F1800 X126.855 Y113.263 E40.35224
G1 X126.855 Y113.747 E40.35831
G1 X126.837 Y113.754 E40.35855
G1 X126.464 Y113.854 E40.3634
G1 X126.269 Y113.884 E40.36587
G1 X126.188 Y113.892 E40.36689
G1 X126.092 Y113.898 E40.3681
G1 X125.812 Y113.892 E40.37161
G1 X125.731 Y113.884 E40.37263
G1 X125.536 Y113.854 E40.3751
G1 X125.163 Y113.754 E40.37995
G1 X125.145 Y113.747 E40.38019
G1 X125.145 Y113.263 E40.38626
G1 X125.459 Y113.347 E40.39033
G1 X125.675 Y113.38 E40.39307
G1 X125.788 Y113.392 E40.3945
G1 X126.104 Y113.398 E40.39846
G1 X126.216 Y113.391 E40.39987
G1 X126.325 Y113.38 E40.40124
G1 X126.541 Y113.347 E40.40398
G0 F7200 X126.734 Y113.296
G0 X126.586 Y113.575
;TYPE:SKIN
G1 F1800 X126.35 Y113.622 E40.4049
G1 X125.473 Y113.593 E40.40823
G0 F7200 X125.463 Y113.421
G1 F1500 E33.90823
G0 F7200 X125.458 Y113.448
G0 X126.843 Y116.278
G1 F1500 E40.40823
G0 F7200 X126.541 Y116.347
;TYPE:WALL-OUTER
G1 F1800 X126.855 Y116.263 E40.41231
G1 X126.856 Y116.746 E40.41836
G1 X126.834 Y116.755 E40.41866
G1 X126.464 Y116.854 E40.42346
G1 X126.269 Y116.884 E40.42594
G1 X126.188 Y116.892 E40.42696
G1 X126.092 Y116.898 E40.42817
G1 X125.812 Y116.892 E40.43168
G1 X125.731 Y116.884 E40.4327
G1 X125.536 Y116.854 E40.43517
G1 X125.163 Y116.754 E40.44002
G1 X125.145 Y116.747 E40.44026
G1 X125.145 Y116.263 E40.44633
G1 X125.459 Y116.347 E40.4504
G1 X125.675 Y116.38 E40.45314
G1 X125.788 Y116.392 E40.45457
G1 X126.104 Y116.398 E40.45853
G1 X126.216 Y116.391 E40.45994
G1 X126.325 Y116.38 E40.46131
G1 X126.541 Y116.347 E40.46405
G0 F7200 X126.734 Y116.296
G0 X126.494 Y116.594
;TYPE:SKIN
G1 F1800 X126.251 Y116.634 E40.46488
G1 X125.357 Y116.589 E40.46788
G0 F7200 X125.516 Y116.76
G1 F1500 E33.96788
G0 F7200 X125.519 Y116.747
G0 X126.843 Y119.278
G1 F1500 E40.46788
G0 F7200 X126.541 Y119.347
;TYPE:WALL-OUTER
G1 F1800 X126.855 Y119.263 E40.47196
G1 X126.856 Y119.746 E40.47802
G1 X126.834 Y119.755 E40.47832
G1 X126.464 Y119.854 E40.48312
G1 X126.269 Y119.884 E40.48559
G1 X126.188 Y119.892 E40.48661
G1 X126.092 Y119.898 E40.48782
G1 X125.812 Y119.892 E40.49133
G1 X125.731 Y119.884 E40.49235
G1 X125.536 Y119.854 E40.49483
G1 X125.163 Y119.754 E40.49967
G1 X125.145 Y119.747 E40.49991
G1 X125.145 Y119.263 E40.50598
G1 X125.459 Y119.347 E40.51006
G1 X125.675 Y119.38 E40.5128
G1 X125.788 Y119.392 E40.51422
G1 X126.104 Y119.398 E40.51819
G1 X126.216 Y119.391 E40.51959
G1 X126.325 Y119.38 E40.52097
G1 X126.541 Y119.347 E40.52371
G0 F7200 X126.734 Y119.296
G0 X126.631 Y119.56
;TYPE:SKIN
G1 F1800 X126.401 Y119.613 E40.52461
G1 X125.548 Y119.608 E40.52786
G0 F7200 X125.54 Y119.442
G1 F1500 E34.02786
G0 F7200 X125.537 Y119.46
G0 X126.855 Y119.474
G0 X132.28 Y119.474
G0 X133.7 Y119.46
G1 F1500 E40.52786
G0 F7200 X133.8 Y119.393
;TYPE:WALL-OUTER
G1 F1800 X133.8 Y119.891 E40.5341
G1 X133.731 Y119.884 E40.53497
G1 X133.536 Y119.854 E40.53745
G1 X133.163 Y119.754 E40.54229
G1 X133.145 Y119.747 E40.54253
G1 X133.145 Y119.263 E40.5486
G1 X133.459 Y119.347 E40.55268
G1 X133.675 Y119.38 E40.55542
G1 X133.8 Y119.393 E40.55699
G0 F7200 X133.8 Y119.593
G0 X133.501 Y119.641
;TYPE:SKIN
G1 F1800 X133.39 Y119.53 E40.55798
G0 F7200 X133.422 Y119.41
G1 F1500 E34.05798
G0 F7200 X133.415 Y119.438
G0 X133.54 Y116.835
G1 F1500 E40.55798
G0 F7200 X133.8 Y116.393
;TYPE:WALL-OUTER
G1 F1800 X133.8 Y116.891 E40.56422
G1 X133.731 Y116.884 E40.56509
G1 X133.536 Y116.854 E40.56757
G1 X133.163 Y116.754 E40.57241
G1 X133.145 Y116.747 E40.57265
G1 X133.145 Y116.263 E40.57872
G1 X133.459 Y116.347 E40.5828
G1 X133.675 Y116.38 E40.58554
G1 X133.8 Y116.393 E40.58711
G0 F7200 X133.8 Y116.593
G0 X133.604 Y116.633
;TYPE:SKIN
G1 F1800 X133.525 Y116.555 E40.58781
G0 F7200 X133.576 Y116.451
G1 F1500 E34.08781
G0 F7200 X133.573 Y116.465
G0 X133.54 Y113.835
G1 F1500 E40.58781
G0 F7200 X133.8 Y113.393
;TYPE:WALL-OUTER
G1 F1800 X133.8 Y113.891 E40.59406
G1 X133.731 Y113.884 E40.59493
G1 X133.536 Y113.854 E40.5974
G1 X133.163 Y113.754 E40.60224
G1 X133.145 Y113.747 E40.60248
G1 X133.145 Y113.263 E40.60855
G1 X133.459 Y113.347 E40.61263
G1 X133.675 Y113.38 E40.61537
G1 X133.8 Y113.393 E40.61695
G0 F7200 X133.8 Y113.593
G0 X133.419 Y113.62
;TYPE:SKIN
G1 F1800 X133.339 Y113.54 E40.61766
G0 F7200 X133.511 Y113.76
G1 F1500 E34.11766
G0 F7200 X133.515 Y113.746
G0 X133.54 Y110.835
G1 F1500 E40.61766
G0 F7200 X133.8 Y110.393
;TYPE:WALL-OUTER
G1 F1800 X133.8 Y110.891 E40.6239
G1 X133.731 Y110.884 E40.62477
G1 X133.536 Y110.854 E40.62724
G1 X133.163 Y110.754 E40.63209
G1 X133.145 Y110.747 E40.63233
G1 X133.145 Y110.263 E40.6384
G1 X133.459 Y110.347 E40.64248
G1 X133.675 Y110.38 E40.64522
G1 X133.8 Y110.393 E40.64679
G0 F7200 X133.8 Y110.593
G0 X133.571 Y110.66
;TYPE:SKIN
G1 F1800 X133.454 Y110.544 E40.64782
G0 F7200 X133.507 Y110.433
G1 F1500 E34.14782
;MESH:NONMESH
G0 F600 X133.507 Y110.433 Z8.4
G0 F7200 X133.503 Y110.455
G0 X132.28 Y110.444
G0 X126.253 Y111.754
G0 X117.616 Y111.741
G0 X111.72 Y110.489
G0 X110.561 Y110.444
G1 F1500 E40.64782
G0 F7200 X110.541 Y110.347
;TIME_ELAPSED:414.419099
;LAYER:41
;TYPE:WALL-OUTER
;MESH:output\A_fina_suporte.stl
G1 F1800 X110.645 Y110.319 E40.64917
G1 X110.645 Y110.805 E40.65527
G1 X110.464 Y110.854 E40.65762
G1 X110.269 Y110.884 E40.6601
G1 X110.2 Y110.891 E40.66096
G1 X110.2 Y110.393 E40.66721
G1 X110.325 Y110.38 E40.66879
G1 X110.541 Y110.347 E40.67153
G0 F7200 X110.645 Y110.319
G0 X110.645 Y110.412
G0 X110.283 Y110.789
G1 F1500 E34.17153
G0 F7200 X110.299 Y110.779
G0 X110.633 Y113.334
G1 F1500 E40.67153
G0 F7200 X110.541 Y113.347
G1 F1800 X110.645 Y113.319 E40.67288
G1 X110.645 Y113.805 E40.67897
G1 X110.464 Y113.854 E40.68132
G1 X110.269 Y113.884 E40.6838
G1 X110.2 Y113.891 E40.68467
G1 X110.2 Y113.393 E40.69091
G1 X110.325 Y113.38 E40.69249
G1 X110.541 Y113.347 E40.69523
G0 F7200 X110.645 Y113.319
G0 X110.645 Y113.412
G0 X110.45 Y113.561
;TYPE:SKIN
G1 F1800 X110.394 Y113.616 E40.69572
G0 F7200 X110.245 Y113.616
G1 F1500 E34.19572
G0 F7200 X110.3 Y113.616
G0 X110.633 Y116.334
G1 F1500 E40.69572
G0 F7200 X110.541 Y116.347
;TYPE:WALL-OUTER
G1 F1800 X110.645 Y116.319 E40.69707
G1 X110.645 Y116.805 E40.70317
G1 X110.464 Y116.854 E40.70552
G1 X110.269 Y116.884 E40.70799
G1 X110.2 Y116.891 E40.70886
G1 X110.2 Y116.393 E40.71511
G1 X110.325 Y116.38 E40.71668
G1 X110.541 Y116.347 E40.71942
G0 F7200 X110.645 Y116.319
G0 X110.645 Y116.412
G0 X110.283 Y116.789
G1 F1500 E34.21942
G0 F7200 X110.299 Y116.779
G0 X110.633 Y119.334
G1 F1500 E40.71942
G0 F7200 X110.541 Y119.347
G1 F1800 X110.645 Y119.319 E40.72077
G1 X110.645 Y119.805 E40.72687
G1 X110.464 Y119.854 E40.72922
G1 X110.269 Y119.884 E40.73169
G1 X110.2 Y119.891 E40.73256
G1 X110.2 Y119.393 E40.73881
G1 X110.325 Y119.38 E40.74038
G1 X110.541 Y119.347 E40.74312
G0 F7200 X110.645 Y119.319
G0 X110.645 Y119.412
G0 X110.283 Y119.789
G1 F1500 E34.24312
G0 F7200 X110.299 Y119.779
G0 X111.51 Y119.444
G0 X116.49 Y119.444
G0 X118.545 Y119.444
G1 F1500 E40.74312
G0 F7200 X118.541 Y119.347
G1 F1800 X118.645 Y119.319 E40.74447
G1 X118.645 Y119.805 E40.75057
G1 X118.464 Y119.854 E40.75292
G1 X118.269 Y119.884 E40.75539
G1 X118.189 Y119.892 E40.7564
G1 X117.908 Y119.898 E40.75993
G1 X117.812 Y119.892 E40.76113
G1 X117.731 Y119.884 E40.76215
G1 X117.536 Y119.854 E40.76463
G1 X117.355 Y119.805 E40.76698
G1 X117.355 Y119.319 E40.77308
G1 X117.459 Y119.347 E40.77443
G1 X117.675 Y119.38 E40.77717
G1 X117.784 Y119.391 E40.77854
G1 X117.896 Y119.398 E40.77995
G1 X118.212 Y119.392 E40.78391
G1 X118.325 Y119.38 E40.78534
G1 X118.541 Y119.347 E40.78808
G0 F7200 X118.645 Y119.319
G0 X118.645 Y119.412
G0 X118.232 Y119.637
;TYPE:SKIN
G1 F1800 X117.941 Y119.645 E40.78962
G1 X117.678 Y119.625 E40.79102
G0 F7200 X117.625 Y119.776
G1 F1500 E34.29102
G0 F7200 X117.627 Y119.768
G0 X118.545 Y119.366
G0 X118.267 Y116.865
G1 F1500 E40.79102
G0 F7200 X118.541 Y116.347
;TYPE:WALL-OUTER
G1 F1800 X118.645 Y116.319 E40.79237
G1 X118.645 Y116.805 E40.79847
G1 X118.464 Y116.854 E40.80082
G1 X118.269 Y116.884 E40.80329
G1 X118.189 Y116.892 E40.8043
G1 X117.908 Y116.898 E40.80782
G1 X117.812 Y116.892 E40.80903
G1 X117.731 Y116.884 E40.81005
G1 X117.536 Y116.854 E40.81253
G1 X117.355 Y116.805 E40.81488
G1 X117.355 Y116.319 E40.82097
G1 X117.459 Y116.347 E40.82232
G1 X117.675 Y116.38 E40.82506
G1 X117.784 Y116.391 E40.82644
G1 X117.896 Y116.398 E40.82784
G1 X118.212 Y116.392 E40.83181
G1 X118.325 Y116.38 E40.83323
G1 X118.541 Y116.347 E40.83597
G0 F7200 X118.645 Y116.319
G0 X118.645 Y116.412
G0 X118.409 Y116.631
;TYPE:SKIN
G1 F1800 X118.115 Y116.643 E40.83716
G1 X117.587 Y116.606 E40.8393
G0 F7200 X117.779 Y116.488
G1 F1500 E34.3393
G0 F7200 X117.776 Y116.49
G0 X118.267 Y113.865
G1 F1500 E40.8393
G0 F7200 X118.541 Y113.347
;TYPE:WALL-OUTER
G1 F1800 X118.645 Y113.319 E40.84065
G1 X118.645 Y113.805 E40.84674
G1 X118.464 Y113.854 E40.8491
G1 X118.269 Y113.884 E40.85157
G1 X118.189 Y113.892 E40.85258
G1 X117.908 Y113.898 E40.8561
G1 X117.812 Y113.892 E40.85731
G1 X117.731 Y113.884 E40.85833
G1 X117.536 Y113.854 E40.8608
G1 X117.355 Y113.805 E40.86316
G1 X117.355 Y113.319 E40.86925
G1 X117.459 Y113.347 E40.8706
G1 X117.675 Y113.38 E40.87334
G1 X117.784 Y113.391 E40.87472
G1 X117.896 Y113.398 E40.87612
G1 X118.212 Y113.392 E40.88009
G1 X118.325 Y113.38 E40.88151
G1 X118.541 Y113.347 E40.88425
G0 F7200 X118.645 Y113.319
G0 X118.645 Y113.412
G0 X118.299 Y113.631
;TYPE:SKIN
G1 F1800 X118.001 Y113.645 E40.88582
G1 X117.731 Y113.633 E40.88725
G0 F7200 X117.684 Y113.784
G1 F1500 E34.38725
G0 F7200 X117.686 Y113.777
G0 X118.267 Y110.865
G1 F1500 E40.88725
G0 F7200 X118.541 Y110.347
;TYPE:WALL-OUTER
G1 F1800 X118.645 Y110.319 E40.8886
G1 X118.645 Y110.805 E40.89469
G1 X118.464 Y110.854 E40.89705
G1 X118.269 Y110.884 E40.89952
G1 X118.189 Y110.892 E40.90053
G1 X117.908 Y110.898 E40.90405
G1 X117.812 Y110.892 E40.90526
G1 X117.731 Y110.884 E40.90628
G1 X117.536 Y110.854 E40.90875
G1 X117.355 Y110.805 E40.91111
G1 X117.355 Y110.319 E40.9172
G1 X117.459 Y110.347 E40.91855
G1 X117.675 Y110.38 E40.92129
G1 X117.784 Y110.391 E40.92266
G1 X117.896 Y110.398 E40.92407
G1 X118.212 Y110.392 E40.92804
G1 X118.325 Y110.38 E40.92946
G1 X118.541 Y110.347 E40.9322
G0 F7200 X118.645 Y110.319
G0 X118.645 Y110.412
G0 X118.177 Y110.641
;TYPE:SKIN
G1 F1800 X117.891 Y110.645 E40.93368
G1 X117.632 Y110.62 E40.93503
G0 F7200 X117.571 Y110.769
G1 F1500 E34.43503
G0 F7200 X117.574 Y110.76
G0 X118.625 Y110.444
G0 X124.49 Y110.444
G0 X126.545 Y110.444
G1 F1500 E40.93503
G0 F7200 X126.541 Y110.347
;TYPE:WALL-OUTER
G1 F1800 X126.645 Y110.319 E40.93638
G1 X126.645 Y110.805 E40.94247
G1 X126.464 Y110.854 E40.94482
G1 X126.269 Y110.884 E40.9473
G1 X126.188 Y110.892 E40.94832
G1 X126.092 Y110.898 E40.94953
G1 X125.812 Y110.892 E40.95304
G1 X125.731 Y110.884 E40.95406
G1 X125.536 Y110.854 E40.95653
G1 X125.355 Y110.805 E40.95888
G1 X125.355 Y110.319 E40.96498
G1 X125.459 Y110.347 E40.96633
G1 X125.675 Y110.38 E40.96907
G1 X125.788 Y110.392 E40.97049
G1 X126.104 Y110.398 E40.97446
G1 X126.216 Y110.391 E40.97587
G1 X126.325 Y110.38 E40.97724
G1 X126.541 Y110.347 E40.97998
G0 F7200 X126.645 Y110.319
G0 X126.645 Y110.412
G0 X126.397 Y110.624
;TYPE:SKIN
G1 F1800 X126.092 Y110.646 E40.98126
G1 X125.578 Y110.595 E40.98342
G0 F7200 X125.737 Y110.791
G1 F1500 E34.48342
G0 F7200 X125.738 Y110.785
G0 X126.633 Y113.334
G1 F1500 E40.98342
G0 F7200 X126.541 Y113.347
;TYPE:WALL-OUTER
G1 F1800 X126.645 Y113.319 E40.98477
G1 X126.645 Y113.805 E40.99087
G1 X126.464 Y113.854 E40.99322
G1 X126.269 Y113.884 E40.9957
G1 X126.188 Y113.892 E40.99672
G1 X126.092 Y113.898 E40.99792
G1 X125.812 Y113.892 E41.00143
G1 X125.731 Y113.884 E41.00246
G1 X125.536 Y113.854 E41.00493
G1 X125.355 Y113.805 E41.00728
G1 X125.355 Y113.319 E41.01338
G1 X125.459 Y113.347 E41.01473
G1 X125.675 Y113.38 E41.01747
G1 X125.788 Y113.392 E41.01889
G1 X126.104 Y113.398 E41.02285
G1 X126.216 Y113.391 E41.02426
G1 X126.325 Y113.38 E41.02564
G1 X126.541 Y113.347 E41.02838
G0 F7200 X126.645 Y113.319
G0 X126.645 Y113.412
G0 X126.21 Y113.639
;TYPE:SKIN
G1 F1800 X125.923 Y113.643 E41.02989
G1 X125.66 Y113.624 E41.03129
G0 F7200 X125.599 Y113.773
G1 F1500 E34.53129
G0 F7200 X125.601 Y113.764
G0 X126.633 Y116.334
G1 F1500 E41.03129
G0 F7200 X126.541 Y116.347
;TYPE:WALL-OUTER
G1 F1800 X126.645 Y116.319 E41.03264
G1 X126.645 Y116.805 E41.03874
G1 X126.464 Y116.854 E41.04109
G1 X126.269 Y116.884 E41.04356
G1 X126.188 Y116.892 E41.04458
G1 X126.092 Y116.898 E41.04579
G1 X125.812 Y116.892 E41.0493
G1 X125.731 Y116.884 E41.05032
G1 X125.536 Y116.854 E41.05279
G1 X125.355 Y116.805 E41.05515
G1 X125.355 Y116.319 E41.06124
G1 X125.459 Y116.347 E41.06259
G1 X125.675 Y116.38 E41.06533
G1 X125.788 Y116.392 E41.06676
G1 X126.104 Y116.398 E41.07072
G1 X126.216 Y116.391 E41.07213
G1 X126.325 Y116.38 E41.0735
G1 X126.541 Y116.347 E41.07624
G0 F7200 X126.645 Y116.319
G0 X126.645 Y116.412
G0 X126.335 Y116.625
;TYPE:SKIN
G1 F1800 X126.032 Y116.646 E41.07782
G1 X125.76 Y116.635 E41.07924
G0 F7200 X125.709 Y116.788
G1 F1500 E34.57924
G0 F7200 X125.711 Y116.781
G0 X126.633 Y119.334
G1 F1500 E41.07924
G0 F7200 X126.541 Y119.347
;TYPE:WALL-OUTER
G1 F1800 X126.645 Y119.319 E41.08059
G1 X126.645 Y119.805 E41.08669
G1 X126.464 Y119.854 E41.08904
G1 X126.269 Y119.884 E41.09151
G1 X126.188 Y119.892 E41.09253
G1 X126.092 Y119.898 E41.09374
G1 X125.812 Y119.892 E41.09725
G1 X125.731 Y119.884 E41.09827
G1 X125.536 Y119.854 E41.10075
G1 X125.355 Y119.805 E41.1031
G1 X125.355 Y119.319 E41.10919
G1 X125.459 Y119.347 E41.11054
G1 X125.675 Y119.38 E41.11328
G1 X125.788 Y119.392 E41.11471
G1 X126.104 Y119.398 E41.11867
G1 X126.216 Y119.391 E41.12008
G1 X126.325 Y119.38 E41.12145
G1 X126.541 Y119.347 E41.12419
G0 F7200 X126.645 Y119.319
G0 X126.645 Y119.412
G0 X126.427 Y119.645
;TYPE:SKIN
G1 F1800 X126.145 Y119.644 E41.12528
G1 X125.608 Y119.616 E41.12734
G0 F7200 X125.571 Y119.769
G1 F1500 E34.62734
G0 F7200 X125.574 Y119.76
G0 X126.625 Y119.46
G0 X132.49 Y119.46
G0 X133.7 Y119.46
G1 F1500 E41.12734
G0 F7200 X133.8 Y119.393
;TYPE:WALL-OUTER
G1 F1800 X133.8 Y119.891 E41.13359
G1 X133.731 Y119.884 E41.13446
G1 X133.536 Y119.854 E41.13693
G1 X133.355 Y119.805 E41.13928
G1 X133.355 Y119.319 E41.14538
G1 X133.459 Y119.347 E41.14673
G1 X133.675 Y119.38 E41.14947
G1 X133.8 Y119.393 E41.15104
G0 F7200 X133.8 Y119.593
G0 X133.58 Y119.563
;TYPE:SKIN
G1 F1800 X133.549 Y119.595 E41.15132
G0 F7200 X133.4 Y119.595
G1 F1500 E34.65132
G0 F7200 X133.455 Y119.595
G0 X133.733 Y116.865
G1 F1500 E41.15132
G0 F7200 X133.8 Y116.393
;TYPE:WALL-OUTER
G1 F1800 X133.8 Y116.891 E41.15757
G1 X133.731 Y116.884 E41.15844
G1 X133.536 Y116.854 E41.16091
G1 X133.355 Y116.805 E41.16326
G1 X133.355 Y116.319 E41.16936
G1 X133.459 Y116.347 E41.17071
G1 X133.675 Y116.38 E41.17345
G1 X133.8 Y116.393 E41.17502
G0 F7200 X133.8 Y116.593
G0 X133.755 Y116.593
G1 F1500 E34.67502
G0 F7200 X133.7 Y116.593
G0 X133.733 Y113.865
G1 F1500 E41.17502
G0 F7200 X133.8 Y113.393
G1 F1800 X133.8 Y113.891 E41.18127
G1 X133.731 Y113.884 E41.18214
G1 X133.536 Y113.854 E41.18461
G1 X133.355 Y113.805 E41.18696
G1 X133.355 Y113.319 E41.19306
G1 X133.459 Y113.347 E41.19441
G1 X133.675 Y113.38 E41.19715
G1 X133.8 Y113.393 E41.19873
G0 F7200 X133.8 Y113.593
G0 X133.604 Y113.6
;TYPE:SKIN
G1 F1800 X133.549 Y113.655 E41.19921
G0 F7200 X133.4 Y113.655
G1 F1500 E34.69921
G0 F7200 X133.455 Y113.655
G0 X133.733 Y110.865
G1 F1500 E41.19921
G0 F7200 X133.8 Y110.393
;TYPE:WALL-OUTER
G1 F1800 X133.8 Y110.891 E41.20546
G1 X133.731 Y110.884 E41.20633
G1 X133.536 Y110.854 E41.2088
G1 X133.355 Y110.805 E41.21115
G1 X133.355 Y110.319 E41.21725
G1 X133.459 Y110.347 E41.2186
G1 X133.675 Y110.38 E41.22134
G1 X133.8 Y110.393 E41.22292
G0 F7200 X133.8 Y110.593
G0 X133.755 Y110.593
G1 F1500 E34.72292
;MESH:NONMESH
G0 F600 X133.755 Y110.593 Z8.6
G0 F7200 X133.7 Y110.593
G0 X132.49 Y110.625
G0 X126.112 Y111.762
G0 X117.616 Y111.741
G0 X111.51 Y110.625
G0 X110.3 Y110.625
G1 F1500 E41.22292
G0 F7200 X110.2 Y110.625
;TIME_ELAPSED:426.464867
;LAYER:42
;TYPE:WALL-OUTER
;MESH:output\A_fina_suporte.stl
G1 F1800 X110.2 Y110.393 E41.22582
G1 X110.325 Y110.38 E41.2274
G1 X110.435 Y110.363 E41.2288
G1 X110.435 Y110.858 E41.23366
G1 X110.269 Y110.884 E41.23577
G1 X110.2 Y110.891 E41.23664
G1 X110.2 Y110.675 E41.23829
G1 X109.975 Y110.675 E41.24038
G1 X109.975 Y110.625
G1 X110.2 Y110.625 E41.24074
G0 F7200 X110.2 Y110.425
G1 F1500 E34.74074
G0 F7200 X110.305 Y110.484
G0 X110.423 Y113.378
G1 F1500 E41.24074
G0 F7200 X110.2 Y113.625
G1 F1800 X110.2 Y113.393 E41.24365
G1 X110.325 Y113.38 E41.24522
G1 X110.435 Y113.363 E41.24662
G1 X110.435 Y113.858 E41.25149
G1 X110.269 Y113.884 E41.25359
G1 X110.2 Y113.891 E41.25446
G1 X110.2 Y113.675 E41.25611
G1 X109.975 Y113.675 E41.2582
G1 X109.975 Y113.625
G1 X110.2 Y113.625 E41.25856
G0 F7200 X110.2 Y113.425
G1 F1500 E34.75856
G0 F7200 X110.305 Y113.484
G0 X110.423 Y116.378
G1 F1500 E41.25856
G0 F7200 X110.2 Y116.625
G1 F1800 X110.2 Y116.393 E41.26147
G1 X110.325 Y116.38 E41.26304
G1 X110.435 Y116.363 E41.26444
G1 X110.435 Y116.858 E41.26931
G1 X110.269 Y116.884 E41.27141
G1 X110.2 Y116.891 E41.27228
G1 X110.2 Y116.675 E41.27393
G1 X109.975 Y116.675 E41.27603
G1 X109.975 Y116.625
G1 X110.2 Y116.625 E41.27638
G0 F7200 X110.2 Y116.425
G1 F1500 E34.77638
G0 F7200 X110.305 Y116.484
G0 X110.423 Y119.378
G1 F1500 E41.27638
G0 F7200 X110.2 Y119.625
G1 F1800 X110.2 Y119.393 E41.27929
G1 X110.325 Y119.38 E41.28086
G1 X110.435 Y119.363 E41.28226
G1 X110.435 Y119.858 E41.28713
G1 X110.269 Y119.884 E41.28924
G1 X110.2 Y119.891 E41.29011
G1 X110.2 Y119.675 E41.29175
G1 X109.975 Y119.675 E41.29385
G1 X109.975 Y119.625
G1 X110.2 Y119.625 E41.2942
G0 F7200 X110.2 Y119.425
G1 F1500 E34.7942
G0 F7200 X110.305 Y119.484
G0 X111.3 Y119.791
G0 X116.7 Y119.791
G0 X118.183 Y119.791
G1 F1500 E41.2942
G0 F7200 X118.189 Y119.892
G1 F1800 X117.909 Y119.898 E41.29771
G1 X117.776 Y119.889 E41.29938
G1 X117.67 Y119.875 E41.30072
G1 X117.565 Y119.858 E41.30206
G1 X117.565 Y119.364 E41.30825
G1 X117.676 Y119.381 E41.30966
G1 X117.896 Y119.398 E41.31243
G1 X118.212 Y119.392 E41.31639
G1 X118.325 Y119.38 E41.31782
G1 X118.435 Y119.363 E41.31921
G1 X118.435 Y119.858 E41.32542
G1 X118.269 Y119.884 E41.32753
G1 X118.189 Y119.892 E41.32854
G0 F7200 X117.989 Y119.896
G0 X117.949 Y119.646
;TYPE:SKIN
G1 F1800 X118.206 Y119.621 E41.33008
G0 F7200 X118.033 Y119.495
G1 F1500 E34.83008
G0 F7200 X118.032 Y119.496
G0 X118.188 Y116.873
G1 F1500 E41.33008
G0 F7200 X118.189 Y116.892
;TYPE:WALL-OUTER
G1 F1800 X117.909 Y116.898 E41.33359
G1 X117.776 Y116.889 E41.33526
G1 X117.731 Y116.884 E41.33583
G1 X117.565 Y116.858 E41.33794
G1 X117.565 Y116.364 E41.34413
G1 X117.676 Y116.381 E41.34554
G1 X117.896 Y116.398 E41.34831
G1 X118.212 Y116.392 E41.35227
G1 X118.325 Y116.38 E41.3537
G1 X118.435 Y116.363 E41.35509
G1 X118.435 Y116.858 E41.3613
G1 X118.269 Y116.884 E41.36341
G1 X118.189 Y116.892 E41.36442
G0 F7200 X117.989 Y116.896
G0 X118.059 Y116.645
;TYPE:SKIN
G1 F1800 X117.793 Y116.662 E41.36595
G0 F7200 X117.967 Y116.797
G1 F1500 E34.86595
G0 F7200 X117.968 Y116.796
G0 X118.188 Y113.873
G1 F1500 E41.36595
G0 F7200 X118.189 Y113.892
;TYPE:WALL-OUTER
G1 F1800 X117.909 Y113.898 E41.36947
G1 X117.776 Y113.889 E41.37114
G1 X117.67 Y113.875 E41.37248
G1 X117.565 Y113.858 E41.37381
G1 X117.565 Y113.364 E41.38001
G1 X117.676 Y113.381 E41.38142
G1 X117.896 Y113.398 E41.38418
G1 X118.212 Y113.392 E41.38815
G1 X118.325 Y113.38 E41.38957
G1 X118.435 Y113.363 E41.39097
G1 X118.435 Y113.858 E41.39718
G1 X118.269 Y113.884 E41.39928
G1 X118.189 Y113.892 E41.40029
G0 F7200 X117.989 Y113.896
G0 X117.887 Y113.645
;TYPE:SKIN
G1 F1800 X118.165 Y113.64 E41.40221
G0 F7200 X118.202 Y113.793
G1 F1500 E34.90221
G0 F7200 X118.202 Y113.789
G0 X118.188 Y110.873
G1 F1500 E41.40221
G0 F7200 X118.189 Y110.892
;TYPE:WALL-OUTER
G1 F1800 X117.909 Y110.898 E41.40572
G1 X117.776 Y110.889 E41.40739
G1 X117.731 Y110.884 E41.40796
G1 X117.565 Y110.858 E41.41007
G1 X117.565 Y110.364 E41.41626
G1 X117.676 Y110.381 E41.41767
G1 X117.896 Y110.398 E41.42044
G1 X118.212 Y110.392 E41.4244
G1 X118.325 Y110.38 E41.42583
G1 X118.435 Y110.363 E41.42722
G1 X118.435 Y110.858 E41.43343
G1 X118.269 Y110.884 E41.43554
G1 X118.189 Y110.892 E41.43655
G0 F7200 X117.989 Y110.896
G0 X118.053 Y110.699
;TYPE:SKIN
G1 F1800 X117.946 Y110.592 E41.43749
G0 F7200 X117.944 Y110.497
G1 F1500 E34.93749
G0 F7200 X117.943 Y110.498
G0 X119.3 Y110.785
G0 X124.7 Y110.785
G0 X126.259 Y110.785
G1 F1500 E41.43749
G0 F7200 X126.269 Y110.884
;TYPE:WALL-OUTER
G1 F1800 X126.091 Y110.898 E41.43973
G1 X125.812 Y110.892 E41.44323
G1 X125.731 Y110.884 E41.44425
G1 X125.565 Y110.858 E41.44636
G1 X125.565 Y110.363 E41.45257
G1 X125.675 Y110.38 E41.45396
G1 X125.788 Y110.392 E41.45539
G1 X126.105 Y110.398 E41.45937
G1 X126.256 Y110.388 E41.46126
G1 X126.435 Y110.364 E41.46353
G1 X126.435 Y110.858 E41.46972
G1 X126.269 Y110.884 E41.47183
G0 F7200 X126.091 Y110.898
G0 X126.069 Y110.898
G0 X125.917 Y110.644
;TYPE:SKIN
G1 F1800 X126.193 Y110.636 E41.47362
G0 F7200 X126.039 Y110.497
G1 F1500 E34.97362
G0 F7200 X126.424 Y113.366
G1 F1500 E41.47362
G0 F7200 X126.269 Y113.884
;TYPE:WALL-OUTER
G1 F1800 X126.091 Y113.898 E41.47586
G1 X125.812 Y113.892 E41.47936
G1 X125.731 Y113.884 E41.48038
G1 X125.565 Y113.858 E41.48249
G1 X125.565 Y113.363 E41.4887
G1 X125.675 Y113.38 E41.49009
G1 X125.788 Y113.392 E41.49152
G1 X126.105 Y113.398 E41.49549
G1 X126.256 Y113.388 E41.49739
G1 X126.435 Y113.364 E41.49966
G1 X126.435 Y113.858 E41.50585
G1 X126.269 Y113.884 E41.50796
G0 F7200 X126.091 Y113.898
G0 X126.069 Y113.898
G0 X126.09 Y113.645
;TYPE:SKIN
G1 F1800 X125.808 Y113.646 E41.5098
G0 F7200 X125.961 Y113.795
G1 F1500 E35.0098
G0 F7200 X126.424 Y116.366
G1 F1500 E41.5098
G0 F7200 X126.269 Y116.884
;TYPE:WALL-OUTER
G1 F1800 X126.091 Y116.898 E41.51204
G1 X125.812 Y116.892 E41.51554
G1 X125.731 Y116.884 E41.51656
G1 X125.565 Y116.858 E41.51867
G1 X125.565 Y116.363 E41.52488
G1 X125.675 Y116.38 E41.52627
G1 X125.788 Y116.392 E41.5277
G1 X126.105 Y116.398 E41.53167
G1 X126.256 Y116.388 E41.53357
G1 X126.435 Y116.364 E41.53584
G1 X126.435 Y116.858 E41.54203
G1 X126.269 Y116.884 E41.54414
G0 F7200 X126.091 Y116.898
G0 X126.069 Y116.898
G0 X125.979 Y116.645
;TYPE:SKIN
G1 F1800 X126.221 Y116.605 E41.54543
G0 F7200 X126.032 Y116.796
G1 F1500 E35.04543
G0 F7200 X126.424 Y119.366
G1 F1500 E41.54543
G0 F7200 X126.269 Y119.884
;TYPE:WALL-OUTER
G1 F1800 X126.091 Y119.898 E41.54767
G1 X125.812 Y119.892 E41.55117
G1 X125.731 Y119.884 E41.55219
G1 X125.565 Y119.858 E41.5543
G1 X125.565 Y119.363 E41.56051
G1 X125.675 Y119.38 E41.5619
G1 X125.788 Y119.392 E41.56333
G1 X126.105 Y119.398 E41.5673
G1 X126.256 Y119.388 E41.5692
G1 X126.435 Y119.364 E41.57146
G1 X126.435 Y119.858 E41.57766
G1 X126.269 Y119.884 E41.57977
G0 F7200 X126.091 Y119.898
G0 X126.069 Y119.898
G0 X126.148 Y119.643
;TYPE:SKIN
G1 F1800 X125.865 Y119.643 E41.58163
G0 F7200 X125.837 Y119.491
G1 F1500 E35.08163
G0 F7200 X125.837 Y119.492
G0 X127.3 Y119.605
G0 X132.7 Y119.605
G1 F1500 E41.58163
G0 F7200 X133.8 Y119.675
;TYPE:WALL-OUTER
G1 F1800 X133.8 Y119.891 E41.58434
G1 X133.731 Y119.884
G1 X133.565 Y119.858 E41.58531
G1 X133.565 Y119.363 E41.59102
G1 X133.675 Y119.38 E41.59241
G1 X133.8 Y119.393 E41.59399
G1 X133.8 Y119.625 E41.59502
G1 X134.025 Y119.625 E41.5971
G1 X134.025 Y119.675
G1 X133.8 Y119.675 E41.59745
G0 F7200 X133.8 Y119.875
G1 F1500 E35.09745
G0 F7200 X133.715 Y119.782
G0 X133.787 Y116.877
G1 F1500 E41.59745
G0 F7200 X133.8 Y116.675
G1 F1800 X133.8 Y116.891 E41.60016
G1 X133.731 Y116.884
G1 X133.565 Y116.858 E41.60112
G1 X133.565 Y116.363 E41.60684
G1 X133.675 Y116.38 E41.60823
G1 X133.8 Y116.393 E41.60981
G1 X133.8 Y116.625 E41.61084
G1 X134.025 Y116.625 E41.61292
G1 X134.025 Y116.675
G1 X133.8 Y116.675 E41.61327
G0 F7200 X133.8 Y116.875
G1 F1500 E35.11327
G0 F7200 X133.715 Y116.782
G0 X133.787 Y113.877
G1 F1500 E41.61327
G0 F7200 X133.8 Y113.675
G1 F1800 X133.8 Y113.891 E41.61598
G1 X133.731 Y113.884
G1 X133.565 Y113.858 E41.61694
G1 X133.565 Y113.363 E41.62266
G1 X133.675 Y113.38 E41.62405
G1 X133.8 Y113.393 E41.62563
G1 X133.8 Y113.625 E41.62666
G1 X134.025 Y113.625 E41.62873
G1 X134.025 Y113.675
G1 X133.8 Y113.675 E41.62909
G0 F7200 X133.8 Y113.875
G1 F1500 E35.12909
G0 F7200 X133.715 Y113.782
G0 X133.787 Y110.877
G1 F1500 E41.62909
G0 F7200 X133.8 Y110.675
G1 F1800 X133.8 Y110.891 E41.6318
G1 X133.731 Y110.884
G1 X133.565 Y110.858 E41.63276
G1 X133.565 Y110.363 E41.63848
G1 X133.675 Y110.38 E41.63987
G1 X133.8 Y110.393 E41.64145
G1 X133.8 Y110.625 E41.64248
G1 X134.025 Y110.625 E41.64455
G1 X134.025 Y110.675
G1 X133.8 Y110.675 E41.64491
G0 F7200 X133.8 Y110.875
G1 F1500 E35.14491
;MESH:NONMESH
G0 F600 X133.8 Y110.875 Z8.8
G0 F7200 X133.715 Y110.782
G0 X132.7 Y110.695
G0 X126.114 Y111.762
G0 X117.613 Y111.741
G0 X111.3 Y110.695
G1 F1500 E41.64491
G0 F7200 X110.2 Y110.625
;TIME_ELAPSED:438.086289
;LAYER:43
;TYPE:WALL-OUTER
;MESH:output\A_fina_suporte.stl
G1 F1800 X110.2 Y110.392 E41.64783
G1 X110.216 Y110.391 E41.64803
G1 X110.216 Y110.889 E41.6513
G1 X110.2 Y110.891 E41.6515
G1 X110.2 Y110.675 E41.65163
G1 X109.975 Y110.675 E41.65298
G1 X109.975 Y110.625
G1 X110.2 Y110.625 E41.65333
G0 F7200 X110.2 Y110.425
G1 F1500 E35.15333
G0 F7200 X111.081 Y110.425
G0 X111.071 Y111.631
G0 X110.232 Y112.521
G0 X110.2 Y113.625
G1 F1500 E41.65333
G1 F1800 X110.2 Y113.392 E41.65625
G1 X110.216 Y113.391 E41.65645
G1 X110.216 Y113.889 E41.65972
G1 X110.2 Y113.891 E41.65992
G1 X110.2 Y113.675 E41.66005
G1 X109.975 Y113.675 E41.6614
G1 X109.975 Y113.625
G1 X110.2 Y113.625 E41.66175
G0 F7200 X110.2 Y113.425
G1 F1500 E35.16175
G0 F7200 X111.081 Y113.425
G0 X111.071 Y114.634
G0 X110.232 Y115.521
G0 X110.2 Y116.625
G1 F1500 E41.66175
G1 F1800 X110.2 Y116.392 E41.66467
G1 X110.216 Y116.391 E41.66487
G1 X110.216 Y116.889 E41.66814
G1 X110.2 Y116.891 E41.66834
G1 X110.2 Y116.675 E41.66847
G1 X109.975 Y116.675 E41.66982
G1 X109.975 Y116.625
G1 X110.2 Y116.625 E41.67017
G0 F7200 X110.2 Y116.425
G1 F1500 E35.17017
G0 F7200 X111.081 Y116.425
G0 X111.071 Y117.631
G0 X110.232 Y118.521
G0 X110.2 Y119.625
G1 F1500 E41.67017
G1 F1800 X110.2 Y119.392 E41.67309
G1 X110.216 Y119.391 E41.67329
G1 X110.216 Y119.889 E41.67656
G1 X110.2 Y119.891 E41.67676
G1 X110.2 Y119.675 E41.67689
G1 X109.975 Y119.675 E41.67824
G1 X109.975 Y119.625
G1 X110.2 Y119.625 E41.67859
G0 F7200 X110.2 Y119.425
G1 F1500 E35.17859
G0 F7200 X111.081 Y119.425
G0 X116.919 Y119.425
G1 F1500 E41.67859
G0 F7200 X117.895 Y119.398
G1 F1800 X118.216 Y119.392 E41.68262
G1 X118.216 Y119.889 E41.68885
G1 X118.188 Y119.892 E41.6892
G1 X117.898 Y119.898 E41.69284
G1 X117.784 Y119.89 E41.69427
G1 X117.784 Y119.39 E41.70054
G1 X117.895 Y119.398 E41.70194
G0 F7200 X118.095 Y119.395
G0 X118.096 Y119.493
G1 F1500 E35.20194
G0 F7200 X118.095 Y119.495
G0 X117.898 Y116.879
G1 F1500 E41.70194
G0 F7200 X117.895 Y116.398
G1 F1800 X118.216 Y116.392 E41.70597
G1 X118.216 Y116.889 E41.7122
G1 X118.189 Y116.892 E41.71254
G1 X117.898 Y116.898 E41.71619
G1 X117.784 Y116.89 E41.71762
G1 X117.784 Y116.39 E41.72389
G1 X117.895 Y116.398 E41.72529
G0 F7200 X118.095 Y116.395
G0 X118.096 Y116.493
G1 F1500 E35.22529
G0 F7200 X118.095 Y116.495
G0 X117.898 Y113.879
G1 F1500 E41.72529
G0 F7200 X117.895 Y113.398
G1 F1800 X118.216 Y113.392 E41.72931
G1 X118.216 Y113.889 E41.73555
G1 X118.188 Y113.892 E41.7359
G1 X117.898 Y113.898 E41.73954
G1 X117.784 Y113.89 E41.74097
G1 X117.784 Y113.39 E41.74724
G1 X117.895 Y113.398 E41.74864
G0 F7200 X118.095 Y113.395
G0 X118.02 Y113.627
;TYPE:SKIN
G1 F1800 X117.978 Y113.669 E41.74901
G0 F7200 X117.816 Y113.669
G1 F1500 E35.24901
G0 F7200 X117.884 Y113.669
G0 X117.898 Y110.879
G1 F1500 E41.74901
G0 F7200 X117.895 Y110.398
;TYPE:WALL-OUTER
G1 F1800 X118.216 Y110.392 E41.75304
G1 X118.216 Y110.889 E41.75927
G1 X118.189 Y110.892 E41.75961
G1 X117.898 Y110.898 E41.76326
G1 X117.784 Y110.89 E41.76469
G1 X117.784 Y110.39 E41.77096
G1 X117.895 Y110.398 E41.77236
G0 F7200 X118.095 Y110.395
G0 X118.096 Y110.493
G1 F1500 E35.27236
G0 F7200 X118.095 Y110.495
G0 X124.919 Y110.497
G0 X126.116 Y110.497
G1 F1500 E41.77236
G0 F7200 X126.117 Y110.398
G1 F1800 X126.216 Y110.391 E41.7736
G1 X126.216 Y110.889 E41.77985
G1 X126.09 Y110.898 E41.78143
G1 X125.812 Y110.892 E41.78492
G1 X125.784 Y110.889 E41.78527
G1 X125.784 Y110.392 E41.7915
G1 X126.117 Y110.398 E41.79568
G0 F7200 X126.216 Y110.391
G0 X126.216 Y110.492
G0 X126.184 Y110.492
G1 F1500 E35.29568
G0 F7200 X126.119 Y110.497
G0 X126.203 Y113.405
G1 F1500 E41.79568
G0 F7200 X126.117 Y113.398
G1 F1800 X126.216 Y113.391 E41.79693
G1 X126.216 Y113.889 E41.80317
G1 X126.09 Y113.898 E41.80475
G1 X125.812 Y113.892 E41.80824
G1 X125.784 Y113.889 E41.80859
G1 X125.784 Y113.392 E41.81483
G1 X126.117 Y113.398 E41.819
G0 F7200 X126.216 Y113.391
G0 X126.216 Y113.492
G0 X126.184 Y113.492
G1 F1500 E35.319
G0 F7200 X126.119 Y113.497
G0 X126.203 Y116.405
G1 F1500 E41.819
G0 F7200 X126.117 Y116.398
G1 F1800 X126.216 Y116.391 E41.82025
G1 X126.216 Y116.889 E41.82649
G1 X126.09 Y116.898 E41.82808
G1 X125.812 Y116.892 E41.83156
G1 X125.784 Y116.889 E41.83192
G1 X125.784 Y116.392 E41.83815
G1 X126.117 Y116.398 E41.84233
G0 F7200 X126.216 Y116.391
G0 X126.216 Y116.492
G0 X126.02 Y116.658
;TYPE:SKIN
G1 F1800 X125.978 Y116.7 E41.8427
G0 F7200 X125.816 Y116.7
G1 F1500 E35.3427
G0 F7200 X125.884 Y116.7
G0 X126.203 Y119.405
G1 F1500 E41.8427
G0 F7200 X126.117 Y119.398
;TYPE:WALL-OUTER
G1 F1800 X126.216 Y119.391 E41.84394
G1 X126.216 Y119.889 E41.85019
G1 X126.09 Y119.898 E41.85177
G1 X125.812 Y119.892 E41.85526
G1 X125.784 Y119.889 E41.85561
G1 X125.784 Y119.392 E41.86185
G1 X126.117 Y119.398 E41.86602
G0 F7200 X126.216 Y119.391
G0 X126.216 Y119.492
G0 X126.184 Y119.492
G1 F1500 E35.36602
G0 F7200 X126.119 Y119.497
G0 X132.919 Y119.725
G0 X133.8 Y119.675
G1 F1500 E41.86602
G1 F1800 X133.8 Y119.891 E41.86873
G1 X133.784 Y119.89
G1 X133.784 Y119.392 E41.87329
G1 X133.8 Y119.393 E41.87349
G1 X133.8 Y119.625
G1 X134.025 Y119.625 E41.87492
G1 X134.025 Y119.675
G1 X133.8 Y119.675 E41.87527
G0 F7200 X133.8 Y119.875
G0 X132.919 Y119.875
G0 X132.933 Y118.412
G0 X133.8 Y116.675
G1 F1800 X133.8 Y116.891 E41.87798
G1 X133.784 Y116.89
G1 X133.784 Y116.392 E41.88253
G1 X133.8 Y116.393 E41.88273
G1 X133.8 Y116.625
G1 X134.025 Y116.625 E41.88416
G1 X134.025 Y116.675
G1 X133.8 Y116.675 E41.88451
G0 F7200 X133.8 Y116.875
G0 X132.919 Y116.875
G0 X132.933 Y115.416
G0 X133.8 Y113.675
G1 F1800 X133.8 Y113.891 E41.88722
G1 X133.784 Y113.89
G1 X133.784 Y113.392 E41.89178
G1 X133.8 Y113.393 E41.89198
G1 X133.8 Y113.625
G1 X134.025 Y113.625 E41.89341
G1 X134.025 Y113.675
G1 X133.8 Y113.675 E41.89376
G0 F7200 X133.8 Y113.875
G0 X132.919 Y113.875
G0 X132.933 Y112.412
G0 X133.8 Y110.675
G1 F1800 X133.8 Y110.891 E41.89647
G1 X133.784 Y110.89
G1 X133.784 Y110.392 E41.90102
G1 X133.8 Y110.393 E41.90123
G1 X133.8 Y110.625
G1 X134.025 Y110.625 E41.90265
G1 X134.025 Y110.675
G1 X133.8 Y110.675 E41.90301
G0 F7200 X133.8 Y110.875
G1 F1500 E35.40301
;MESH:NONMESH
G0 F600 X133.8 Y110.875 Z9
G0 F7200 X132.919 Y110.875
G0 X126.115 Y111.762
G0 X117.618 Y111.741
G0 X111.081 Y110.675
G0 X110.025 Y110.675
;TIME_ELAPSED:447.471285
;LAYER:44
;TYPE:WALL-OUTER
;MESH:output\A_fina_suporte.stl
G1 F1500 E41.90301
G1 F600 X109.975 Y110.675 E41.90363
G1 X109.975 Y110.625 E41.90426
G1 X110.025 Y110.625 E41.90434
G1 X110.025 Y110.675 E41.90442
G0 F7200 X109.975 Y110.675
G0 X109.975 Y110.625
G0 X110.025 Y110.625
G0 X110.025 Y110.675
G0 X110.025 Y110.66
G0 X110.011 Y112.76
G0 X110.025 Y113.675
G1 F600 X109.975 Y113.675 E41.90504
G1 X109.975 Y113.625 E41.90567
G1 X110.025 Y113.625 E41.90575
G1 X110.025 Y113.675 E41.90583
G0 F7200 X109.975 Y113.675
G0 X109.975 Y113.625
G0 X110.025 Y113.625
G0 X110.025 Y113.675
G0 X110.025 Y113.66
G0 X110.011 Y115.76
G0 X110.025 Y116.675
G1 F600 X109.975 Y116.675 E41.90645
G1 X109.975 Y116.625 E41.90708
G1 X110.025 Y116.625 E41.90716
G1 X110.025 Y116.675 E41.90724
G0 F7200 X109.975 Y116.675
G0 X109.975 Y116.625
G0 X110.025 Y116.625
G0 X110.025 Y116.675
G0 X110.025 Y116.66
G0 X110.011 Y118.76
G0 X110.025 Y119.675
G1 F600 X109.975 Y119.675 E41.90786
G1 X109.975 Y119.625 E41.90849
G1 X110.025 Y119.625 E41.90857
G1 X110.025 Y119.675 E41.90865
G0 F7200 X109.975 Y119.675
G0 X109.975 Y119.625
G0 X110.025 Y119.625
G0 X110.025 Y119.675
G0 X110.025 Y119.66
G0 X117.11 Y119.66
G0 X118.025 Y119.675
G1 F600 X117.975 Y119.675 E41.90928
G1 X117.975 Y119.625 E41.9099
G1 X118.025 Y119.625 E41.90998
G1 X118.025 Y119.675 E41.91006
G0 F7200 X117.975 Y119.675
G0 X117.975 Y119.625
G0 X118.025 Y119.625
G0 X118.025 Y119.675
G0 X118.025 Y119.66
G0 X118.011 Y117.54
G0 X118.025 Y116.675
G1 F600 X117.975 Y116.675 E41.91069
G1 X117.975 Y116.625 E41.91131
G1 X118.025 Y116.625 E41.91139
G1 X118.025 Y116.675 E41.91147
G0 F7200 X117.975 Y116.675
G0 X117.975 Y116.625
G0 X118.025 Y116.625
G0 X118.025 Y116.675
G0 X118.025 Y116.66
G0 X118.011 Y114.54
G0 X118.025 Y113.675
G1 F600 X117.975 Y113.675 E41.9121
G1 X117.975 Y113.625 E41.91272
G1 X118.025 Y113.625 E41.9128
G1 X118.025 Y113.675 E41.91288
G0 F7200 X117.975 Y113.675
G0 X117.975 Y113.625
G0 X118.025 Y113.625
G0 X118.025 Y113.675
G0 X118.025 Y113.66
G0 X118.011 Y111.54
G0 X118.025 Y110.675
G1 F600 X117.975 Y110.675 E41.91351
G1 X117.975 Y110.625 E41.91413
G1 X118.025 Y110.625 E41.91421
G1 X118.025 Y110.675 E41.91429
G0 F7200 X117.975 Y110.675
G0 X117.975 Y110.625
G0 X118.025 Y110.625
G0 X118.025 Y110.675
G0 X118.025 Y110.66
G0 X125.11 Y110.66
G0 X126.025 Y110.675
G1 F600 X125.975 Y110.675 E41.91492
G1 X125.975 Y110.625 E41.91555
G1 X126.025 Y110.625 E41.91562
G1 X126.025 Y110.675 E41.9157
G0 F7200 X125.975 Y110.675
G0 X125.975 Y110.625
G0 X126.025 Y110.625
G0 X126.025 Y110.675
G0 X126.025 Y110.66
G0 X126.011 Y112.76
G0 X126.025 Y113.675
G1 F600 X125.975 Y113.675 E41.91633
G1 X125.975 Y113.625 E41.91696
G1 X126.025 Y113.625 E41.91703
G1 X126.025 Y113.675 E41.91711
G0 F7200 X125.975 Y113.675
G0 X125.975 Y113.625
G0 X126.025 Y113.625
G0 X126.025 Y113.675
G0 X126.025 Y113.66
G0 X126.011 Y115.76
G0 X126.025 Y116.675
G1 F600 X125.975 Y116.675 E41.91774
G1 X125.975 Y116.625 E41.91837
G1 X126.025 Y116.625 E41.91845
G1 X126.025 Y116.675 E41.91852
G0 F7200 X125.975 Y116.675
G0 X125.975 Y116.625
G0 X126.025 Y116.625
G0 X126.025 Y116.675
G0 X126.025 Y116.66
G0 X126.011 Y118.76
G0 X126.025 Y119.675
G1 F600 X125.975 Y119.675 E41.91915
G1 X125.975 Y119.625 E41.91978
G1 X126.025 Y119.625 E41.91986
G1 X126.025 Y119.675 E41.91993
G0 F7200 X125.975 Y119.675
G0 X125.975 Y119.625
G0 X126.025 Y119.625
G0 X126.025 Y119.675
G0 X126.025 Y119.66
G0 X133.11 Y119.66
G0 X134.025 Y119.675
G1 F600 X133.975 Y119.675 E41.92056
G1 X133.975 Y119.625 E41.92119
G1 X134.025 Y119.625 E41.92127
G1 X134.025 Y119.675 E41.92135
G0 F7200 X133.975 Y119.675
G0 X133.975 Y119.625
G0 X134.025 Y119.625
G0 X134.025 Y119.675
G0 X134.025 Y119.66
G0 X134.011 Y117.54
G0 X134.025 Y116.675
G1 F600 X133.975 Y116.675 E41.92197
G1 X133.975 Y116.625 E41.9226
G1 X134.025 Y116.625 E41.92268
G1 X134.025 Y116.675 E41.92276
G0 F7200 X133.975 Y116.675
G0 X133.975 Y116.625
G0 X134.025 Y116.625
G0 X134.025 Y116.675
G0 X134.025 Y116.66
G0 X134.011 Y114.54
G0 X134.025 Y113.675
G1 F600 X133.975 Y113.675 E41.92338
G1 X133.975 Y113.625 E41.92401
G1 X134.025 Y113.625 E41.92409
G1 X134.025 Y113.675 E41.92417
G0 F7200 X133.975 Y113.675
G0 X133.975 Y113.625
G0 X134.025 Y113.625
G0 X134.025 Y113.675
G0 X134.025 Y113.66
G0 X134.011 Y111.54
G0 X134.025 Y110.675
G1 F600 X133.975 Y110.675 E41.92479
G1 X133.975 Y110.625 E41.92542
G1 X134.025 Y110.625 E41.9255
G1 X134.025 Y110.675 E41.92558
G0 F7200 X133.975 Y110.675
G0 X133.975 Y110.625
G0 X134.025 Y110.625
G0 X134.025 Y110.675
;MESH:NONMESH
G0 F600 X134.025 Y110.675 Z9.2
G0 F7200 X134.025 Y110.66
G0 X126.878 Y111.528
G0 X117.122 Y111.528
G0 X110.89 Y110.66
G0 X110.025 Y110.675
;TIME_ELAPSED:449.477296
;LAYER:45
;TYPE:WALL-OUTER
;MESH:output\A_fina_suporte.stl
G1 F600 X109.975 Y110.675 E41.9262
G1 X109.975 Y110.625 E41.92683
G1 X110.025 Y110.625 E41.92691
G1 X110.025 Y110.675 E41.92699
G0 F7200 X109.975 Y110.675
G0 X109.975 Y110.625
G0 X110.025 Y110.625
G0 X110.025 Y110.675
G0 X110.025 Y110.66
G0 X110.011 Y112.76
G0 X110.025 Y113.675
G1 F600 X109.975 Y113.675 E41.92762
G1 X109.975 Y113.625 E41.92824
G1 X110.025 Y113.625 E41.92832
G1 X110.025 Y113.675 E41.9284
G0 F7200 X109.975 Y113.675
G0 X109.975 Y113.625
G0 X110.025 Y113.625
G0 X110.025 Y113.675
G0 X110.025 Y113.66
G0 X110.011 Y115.76
G0 X110.025 Y116.675
G1 F600 X109.975 Y116.675 E41.92903
G1 X109.975 Y116.625 E41.92965
G1 X110.025 Y116.625 E41.92973
G1 X110.025 Y116.675 E41.92981
G0 F7200 X109.975 Y116.675
G0 X109.975 Y116.625
G0 X110.025 Y116.625
G0 X110.025 Y116.675
G0 X110.025 Y116.66
G0 X110.011 Y118.76
G0 X110.025 Y119.675
G1 F600 X109.975 Y119.675 E41.93044
G1 X109.975 Y119.625 E41.93106
G1 X110.025 Y119.625 E41.93114
G1 X110.025 Y119.675 E41.93122
G0 F7200 X109.975 Y119.675
G0 X109.975 Y119.625
G0 X110.025 Y119.625
G0 X110.025 Y119.675
G0 X110.025 Y119.66
G0 X117.11 Y119.66
G0 X118.025 Y119.675
G1 F600 X117.975 Y119.675 E41.93185
G1 X117.975 Y119.625 E41.93248
G1 X118.025 Y119.625 E41.93255
G1 X118.025 Y119.675 E41.93263
G0 F7200 X117.975 Y119.675
G0 X117.975 Y119.625
G0 X118.025 Y119.625
G0 X118.025 Y119.675
G0 X118.025 Y119.66
G0 X118.011 Y117.54
G0 X118.025 Y116.675
G1 F600 X117.975 Y116.675 E41.93326
G1 X117.975 Y116.625 E41.93389
G1 X118.025 Y116.625 E41.93396
G1 X118.025 Y116.675 E41.93404
G0 F7200 X117.975 Y116.675
G0 X117.975 Y116.625
G0 X118.025 Y116.625
G0 X118.025 Y116.675
G0 X118.025 Y116.66
G0 X118.011 Y114.54
G0 X118.025 Y113.675
G1 F600 X117.975 Y113.675 E41.93467
G1 X117.975 Y113.625 E41.9353
G1 X118.025 Y113.625 E41.93538
G1 X118.025 Y113.675 E41.93545
G0 F7200 X117.975 Y113.675
G0 X117.975 Y113.625
G0 X118.025 Y113.625
G0 X118.025 Y113.675
G0 X118.025 Y113.66
G0 X118.011 Y111.54
G0 X118.025 Y110.675
G1 F600 X117.975 Y110.675 E41.93608
G1 X117.975 Y110.625 E41.93671
G1 X118.025 Y110.625 E41.93679
G1 X118.025 Y110.675 E41.93686
G0 F7200 X117.975 Y110.675
G0 X117.975 Y110.625
G0 X118.025 Y110.625
G0 X118.025 Y110.675
G0 X118.025 Y110.66
G0 X125.11 Y110.66
G0 X126.025 Y110.675
G1 F600 X125.975 Y110.675 E41.93749
G1 X125.975 Y110.625 E41.93812
G1 X126.025 Y110.625 E41.9382
G1 X126.025 Y110.675 E41.93827
G0 F7200 X125.975 Y110.675
G0 X125.975 Y110.625
G0 X126.025 Y110.625
G0 X126.025 Y110.675
G0 X126.025 Y110.66
G0 X126.011 Y112.76
G0 X126.025 Y113.675
G1 F600 X125.975 Y113.675 E41.9389
G1 X125.975 Y113.625 E41.93953
G1 X126.025 Y113.625 E41.93961
G1 X126.025 Y113.675 E41.93969
G0 F7200 X125.975 Y113.675
G0 X125.975 Y113.625
G0 X126.025 Y113.625
G0 X126.025 Y113.675
G0 X126.025 Y113.66
G0 X126.011 Y115.76
G0 X126.025 Y116.675
G1 F600 X125.975 Y116.675 E41.94031
G1 X125.975 Y116.625 E41.94094
G1 X126.025 Y116.625 E41.94102
G1 X126.025 Y116.675 E41.9411
G0 F7200 X125.975 Y116.675
G0 X125.975 Y116.625
G0 X126.025 Y116.625
G0 X126.025 Y116.675
G0 X126.025 Y116.66
G0 X126.011 Y118.76
G0 X126.025 Y119.675
G1 F600 X125.975 Y119.675 E41.94172
G1 X125.975 Y119.625 E41.94235
G1 X126.025 Y119.625 E41.94243
G1 X126.025 Y119.675 E41.94251
G0 F7200 X125.975 Y119.675
G0 X125.975 Y119.625
G0 X126.025 Y119.625
G0 X126.025 Y119.675
G0 X126.025 Y119.66
G0 X133.11 Y119.66
G0 X134.025 Y119.675
G1 F600 X133.975 Y119.675 E41.94313
G1 X133.975 Y119.625 E41.94376
G1 X134.025 Y119.625 E41.94384
G1 X134.025 Y119.675 E41.94392
G0 F7200 X133.975 Y119.675
G0 X133.975 Y119.625
G0 X134.025 Y119.625
G0 X134.025 Y119.675
G1 F1500 E35.44392
G0 F7200 X134.025 Y119.66
G0 X134.011 Y117.54
G1 F1500 E41.94392
G0 F7200 X134.025 Y116.675
G1 F600 X133.975 Y116.675 E41.94455
G1 X133.975 Y116.625 E41.94517
G1 X134.025 Y116.625 E41.94525
G1 X134.025 Y116.675 E41.94533
G0 F7200 X133.975 Y116.675
G0 X133.975 Y116.625
G0 X134.025 Y116.625
G0 X134.025 Y116.675
G0 X134.025 Y116.66
G0 X134.011 Y114.54
G0 X134.025 Y113.675
G1 F600 X133.975 Y113.675 E41.94596
G1 X133.975 Y113.625 E41.94658
G1 X134.025 Y113.625 E41.94666
G1 X134.025 Y113.675 E41.94674
G0 F7200 X133.975 Y113.675
G0 X133.975 Y113.625
G0 X134.025 Y113.625
G0 X134.025 Y113.675
G0 X134.025 Y113.66
G0 X134.011 Y111.54
G0 X134.025 Y110.675
G1 F600 X133.975 Y110.675 E41.94737
G1 X133.975 Y110.625 E41.94799
G1 X134.025 Y110.625 E41.94807
G1 X134.025 Y110.675 E41.94815
G0 F7200 X133.975 Y110.675
G0 X133.975 Y110.625
G0 X134.025 Y110.625
G0 X134.025 Y110.675
;MESH:NONMESH
G0 F600 X134.025 Y110.675 Z9.4
G0 F7200 X134.025 Y110.66
G0 X126.878 Y109.772
G0 X117.122 Y109.772
G0 X110.89 Y110.64
G0 X110.2 Y110.625
;TIME_ELAPSED:451.754968
;LAYER:46
;TYPE:WALL-OUTER
;MESH:output\A_fina_suporte.stl
G1 F1800 X110.2 Y110.393 E41.95106
G1 X110.217 Y110.392 E41.95127
G1 X110.218 Y110.889 E41.95454
G1 X110.2 Y110.891 E41.95477
G1 X110.2 Y110.675 E41.95491
G1 X109.975 Y110.675 E41.95626
G1 X109.975 Y110.625
G1 X110.2 Y110.625 E41.95662
G0 F7200 X110.2 Y110.425
G0 X111.082 Y110.423
G0 X111.074 Y111.62
G0 X110.214 Y112.523
G0 X110.2 Y113.625
G1 F1800 X110.2 Y113.393 E41.95952
G1 X110.217 Y113.392 E41.95974
G1 X110.218 Y113.889 E41.96301
G1 X110.2 Y113.891 E41.96323
G1 X110.2 Y113.675 E41.96337
G1 X109.975 Y113.675 E41.96473
G1 X109.975 Y113.625
G1 X110.2 Y113.625 E41.96508
G0 F7200 X110.2 Y113.425
G0 X111.082 Y113.423
G0 X111.074 Y114.62
G0 X110.214 Y115.523
G0 X110.2 Y116.625
G1 F1800 X110.2 Y116.393 E41.96799
G1 X110.217 Y116.392 E41.9682
G1 X110.218 Y116.889 E41.97147
G1 X110.2 Y116.89 E41.9717
G1 X110.2 Y116.675 E41.97183
G1 X109.975 Y116.675 E41.97318
G1 X109.975 Y116.625
G1 X110.2 Y116.625 E41.97353
G0 F7200 X110.2 Y116.425
G0 X111.082 Y116.423
G0 X111.074 Y117.62
G0 X110.214 Y118.523
G0 X110.2 Y119.625
G1 F1800 X110.2 Y119.393 E41.97644
G1 X110.217 Y119.392 E41.97665
G1 X110.218 Y119.889 E41.97992
G1 X110.2 Y119.891 E41.98015
G1 X110.2 Y119.675 E41.98029
G1 X109.975 Y119.675 E41.98164
G1 X109.975 Y119.625
G1 X110.2 Y119.625 E41.982
G0 F7200 X110.2 Y119.425
G0 X111.082 Y119.423
G0 X116.918 Y119.407
G0 X117.896 Y119.398
G1 F1800 X118.217 Y119.391 E41.98602
G1 X118.218 Y119.889 E41.99227
G1 X118.189 Y119.892 E41.99263
G1 X117.908 Y119.898 E41.99616
G1 X117.783 Y119.889 E41.99773
G1 X117.782 Y119.391 E42.00397
G1 X117.896 Y119.398 E42.00541
G0 F7200 X118.096 Y119.394
G0 X118.098 Y119.493
G0 X118.097 Y119.494
G0 X117.908 Y116.879
G0 X117.896 Y116.398
G1 F1800 X118.217 Y116.391 E42.00943
G1 X118.218 Y116.889 E42.01568
G1 X118.189 Y116.892 E42.01604
G1 X117.908 Y116.898 E42.01957
G1 X117.783 Y116.889 E42.02114
G1 X117.782 Y116.391 E42.02738
G1 X117.896 Y116.398 E42.02882
G0 F7200 X118.096 Y116.394
G0 X118.098 Y116.493
G1 F1500 E35.52882
G0 F7200 X118.097 Y116.494
G0 X117.908 Y113.879
G1 F1500 E42.02882
G0 F7200 X117.896 Y113.398
G1 F1800 X118.217 Y113.391 E42.03284
G1 X118.218 Y113.889 E42.03909
G1 X118.189 Y113.892 E42.03945
G1 X117.908 Y113.898 E42.04298
G1 X117.783 Y113.889 E42.04455
G1 X117.782 Y113.391 E42.0508
G1 X117.896 Y113.398 E42.05223
G0 F7200 X118.096 Y113.394
G0 X118.098 Y113.493
G0 X118.097 Y113.494
G0 X117.908 Y110.879
G0 X117.896 Y110.398
G1 F1800 X118.217 Y110.391 E42.05625
G1 X118.218 Y110.889 E42.0625
G1 X118.189 Y110.892 E42.06286
G1 X117.908 Y110.898 E42.06639
G1 X117.783 Y110.889 E42.06796
G1 X117.782 Y110.391 E42.07421
G1 X117.896 Y110.398 E42.07564
G0 F7200 X118.096 Y110.394
G0 X117.975 Y110.621
;TYPE:SKIN
G1 F1800 X118.022 Y110.668 E42.07606
G0 F7200 X118.183 Y110.668
G1 F1500 E35.57606
G0 F7200 X118.117 Y110.667
G0 X124.918 Y110.499
G0 X126.106 Y110.497
G1 F1500 E42.07606
G0 F7200 X126.104 Y110.398
;TYPE:WALL-OUTER
G1 F1800 X126.217 Y110.391 E42.07748
G1 X126.218 Y110.889 E42.08372
G1 X126.092 Y110.898 E42.0853
G1 X125.812 Y110.892 E42.08882
G1 X125.783 Y110.889 E42.08918
G1 X125.782 Y110.391 E42.09543
G1 X126.104 Y110.398 E42.09947
G0 F7200 X126.217 Y110.391
G0 X126.217 Y110.478
G0 X126.183 Y110.478
G0 X126.118 Y110.498
G0 X126.204 Y113.405
G0 X126.104 Y113.398
G1 F1800 X126.217 Y113.391 E42.10089
G1 X126.218 Y113.889 E42.10713
G1 X126.092 Y113.898 E42.10872
G1 X125.812 Y113.892 E42.11223
G1 X125.783 Y113.889 E42.11259
G1 X125.782 Y113.391 E42.11884
G1 X126.104 Y113.398 E42.12288
G0 F7200 X126.217 Y113.391
G0 X126.217 Y113.478
G0 X126.183 Y113.478
G0 X126.118 Y113.498
G0 X126.204 Y116.405
G0 X126.104 Y116.398
G1 F1800 X126.217 Y116.391 E42.1243
G1 X126.218 Y116.889 E42.13054
G1 X126.092 Y116.898 E42.13213
G1 X125.815 Y116.892 E42.1356
G1 X125.783 Y116.889 E42.136
G1 X125.782 Y116.391 E42.14225
G1 X126.104 Y116.398 E42.14629
G0 F7200 X126.217 Y116.391
G0 X126.217 Y116.478
G0 X126.021 Y116.688
;TYPE:SKIN
G1 F1800 X125.976 Y116.642 E42.14669
G0 F7200 X125.817 Y116.642
G0 X125.883 Y116.643
G0 X126.204 Y119.405
G0 X126.104 Y119.398
;TYPE:WALL-OUTER
G1 F1800 X126.217 Y119.391 E42.14811
G1 X126.218 Y119.889 E42.15436
G1 X126.092 Y119.898 E42.15594
G1 X125.812 Y119.892 E42.15945
G1 X125.783 Y119.889 E42.15982
G1 X125.782 Y119.391 E42.16606
G1 X126.104 Y119.398 E42.1701
G0 F7200 X126.217 Y119.391
G0 X126.217 Y119.478
G0 X126.183 Y119.478
G0 X126.118 Y119.498
G0 X132.918 Y119.727
G0 X133.8 Y119.675
G1 F1800 X133.8 Y119.891 E42.17281
G1 X133.783 Y119.889
G1 X133.782 Y119.392 E42.17737
G1 X133.8 Y119.393 E42.1776
G1 X133.8 Y119.625
G1 X134.025 Y119.625 E42.17903
G1 X134.025 Y119.675
G1 X133.8 Y119.675 E42.17938
G0 F7200 X133.8 Y119.875
G0 X132.918 Y119.877
G0 X132.931 Y118.399
G0 X133.8 Y116.675
G1 F1800 X133.8 Y116.891 E42.18209
G1 X133.783 Y116.889
G1 X133.782 Y116.392 E42.18665
G1 X133.8 Y116.393 E42.18688
G1 X133.8 Y116.625
G1 X134.025 Y116.625 E42.18831
G1 X134.025 Y116.675
G1 X133.8 Y116.675 E42.18866
G0 F7200 X133.8 Y116.875
G0 X132.918 Y116.877
G0 X132.931 Y115.399
G0 X133.8 Y113.675
G1 F1800 X133.8 Y113.891 E42.19137
G1 X133.783 Y113.889
G1 X133.782 Y113.392 E42.19593
G1 X133.8 Y113.393 E42.19616
G1 X133.8 Y113.625
G1 X134.025 Y113.625 E42.19759
G1 X134.025 Y113.675
G1 X133.8 Y113.675 E42.19794
G0 F7200 X133.8 Y113.875
G0 X132.918 Y113.877
G0 X132.931 Y112.399
G0 X133.8 Y110.675
G1 F1800 X133.8 Y110.891 E42.20065
G1 X133.783 Y110.889
G1 X133.782 Y110.392 E42.20521
G1 X133.8 Y110.393 E42.20544
G1 X133.8 Y110.625
G1 X134.025 Y110.625 E42.20687
G1 X134.025 Y110.675
G1 X133.8 Y110.675 E42.20722
G0 F7200 X133.8 Y110.875
;MESH:NONMESH
G0 F600 X133.8 Y110.875 Z9.6
G0 F7200 X132.918 Y110.877
G0 X126.112 Y111.762
G0 X117.616 Y111.741
G0 X111.082 Y110.573
G0 X110.2 Y110.625
;TIME_ELAPSED:455.572541
;LAYER:47
;TYPE:WALL-OUTER
;MESH:output\A_fina_suporte.stl
G1 F1800 X110.2 Y110.393 E42.21013
G1 X110.325 Y110.38 E42.21171
G1 X110.435 Y110.363 E42.2131
G1 X110.436 Y110.858 E42.21798
G1 X110.269 Y110.884 E42.2201
G1 X110.2 Y110.891 E42.22097
G1 X110.2 Y110.675 E42.22262
G1 X109.975 Y110.675 E42.22471
G1 X109.975 Y110.625
G1 X110.2 Y110.625 E42.22506
G0 F7200 X110.2 Y110.425
G0 X110.305 Y110.484
G0 X110.423 Y113.378
G0 X110.2 Y113.625
G1 F1800 X110.2 Y113.393 E42.22797
G1 X110.325 Y113.38 E42.22955
G1 X110.435 Y113.363 E42.23094
G1 X110.436 Y113.858 E42.23582
G1 X110.269 Y113.884 E42.23794
G1 X110.2 Y113.891 E42.23881
G1 X110.2 Y113.675 E42.24046
G1 X109.975 Y113.675 E42.24255
G1 X109.975 Y113.625
G1 X110.2 Y113.625 E42.2429
G0 F7200 X110.2 Y113.425
G0 X110.305 Y113.484
G0 X110.423 Y116.378
G0 X110.2 Y116.625
G1 F1800 X110.2 Y116.393 E42.24581
G1 X110.325 Y116.38 E42.24739
G1 X110.435 Y116.363 E42.24878
G1 X110.435 Y116.858 E42.25365
G1 X110.269 Y116.884 E42.25576
G1 X110.2 Y116.891 E42.25663
G1 X110.2 Y116.675 E42.25828
G1 X109.975 Y116.675 E42.26037
G1 X109.975 Y116.625
G1 X110.2 Y116.625 E42.26072
G0 F7200 X110.2 Y116.425
G0 X110.305 Y116.484
G0 X110.423 Y119.378
G0 X110.2 Y119.625
G1 F1800 X110.2 Y119.393 E42.26363
G1 X110.325 Y119.38 E42.26521
G1 X110.435 Y119.363 E42.2666
G1 X110.435 Y119.858 E42.27147
G1 X110.269 Y119.884 E42.27358
G1 X110.2 Y119.891 E42.27445
G1 X110.2 Y119.675 E42.2761
G1 X109.975 Y119.675 E42.27819
G1 X109.975 Y119.625
G1 X110.2 Y119.625 E42.27854
G0 F7200 X110.2 Y119.425
G0 X110.305 Y119.484
G0 X111.3 Y119.791
G0 X116.7 Y119.791
G0 X118.183 Y119.791
G0 X118.189 Y119.892
G1 F1800 X117.908 Y119.898 E42.28207
G1 X117.812 Y119.892 E42.28327
G1 X117.731 Y119.884 E42.28429
G1 X117.565 Y119.858 E42.2864
G1 X117.565 Y119.363 E42.29261
G1 X117.675 Y119.38 E42.294
G1 X117.784 Y119.391 E42.29538
G1 X117.896 Y119.398 E42.29679
G1 X118.212 Y119.392 E42.30075
G1 X118.325 Y119.38 E42.30217
G1 X118.435 Y119.363 E42.30357
G1 X118.436 Y119.858 E42.30978
G1 X118.269 Y119.884 E42.3119
G1 X118.189 Y119.892 E42.31291
G0 F7200 X117.989 Y119.896
G0 X117.941 Y119.645
;TYPE:SKIN
G1 F1800 X118.206 Y119.663 E42.31448
G0 F7200 X118.037 Y119.796
G0 X118.038 Y119.795
G0 X118.188 Y116.873
G0 X118.189 Y116.892
;TYPE:WALL-OUTER
G1 F1800 X117.908 Y116.898 E42.318
G1 X117.812 Y116.892 E42.31921
G1 X117.731 Y116.884 E42.32023
G1 X117.565 Y116.858 E42.32234
G1 X117.564 Y116.363 E42.32854
G1 X117.675 Y116.38 E42.32995
G1 X117.784 Y116.391 E42.33132
G1 X117.896 Y116.398 E42.33273
G1 X118.212 Y116.392 E42.3367
G1 X118.325 Y116.38 E42.33812
G1 X118.435 Y116.363 E42.33952
G1 X118.436 Y116.858 E42.34572
G1 X118.269 Y116.884 E42.34784
G1 X118.189 Y116.892 E42.34885
G0 F7200 X117.989 Y116.896
G0 X118.115 Y116.643
;TYPE:SKIN
G1 F1800 X117.833 Y116.642 E42.35074
G0 F7200 X117.782 Y116.792
G0 X117.782 Y116.789
G0 X118.188 Y113.873
G0 X118.189 Y113.892
;TYPE:WALL-OUTER
G1 F1800 X117.908 Y113.898 E42.35426
G1 X117.812 Y113.892 E42.35547
G1 X117.731 Y113.884 E42.35649
G1 X117.565 Y113.858 E42.3586
G1 X117.564 Y113.363 E42.36481
G1 X117.675 Y113.38 E42.36621
G1 X117.784 Y113.391 E42.36759
G1 X117.896 Y113.398 E42.36899
G1 X118.212 Y113.392 E42.37296
G1 X118.325 Y113.38 E42.37438
G1 X118.435 Y113.363 E42.37578
G1 X118.436 Y113.858 E42.38199
G1 X118.269 Y113.884 E42.38411
G1 X118.189 Y113.892 E42.38511
G0 F7200 X117.989 Y113.896
G0 X117.945 Y113.702
;TYPE:SKIN
G1 F1800 X118.058 Y113.589 E42.38612
G0 F7200 X118.056 Y113.494
G0 X118.054 Y113.496
G0 X118.188 Y110.873
G0 X118.189 Y110.892
;TYPE:WALL-OUTER
G1 F1800 X117.908 Y110.898 E42.38964
G1 X117.812 Y110.892 E42.39085
G1 X117.731 Y110.884 E42.39187
G1 X117.565 Y110.858 E42.39397
G1 X117.564 Y110.363 E42.40018
G1 X117.675 Y110.38 E42.40159
G1 X117.784 Y110.391 E42.40296
G1 X117.896 Y110.398 E42.40437
G1 X118.212 Y110.392 E42.40833
G1 X118.325 Y110.38 E42.40976
G1 X118.435 Y110.363 E42.41116
G1 X118.436 Y110.858 E42.41736
G1 X118.269 Y110.884 E42.41948
G1 X118.189 Y110.892 E42.42049
G0 F7200 X117.989 Y110.896
G0 X118.176 Y110.642
;TYPE:SKIN
G1 F1800 X117.891 Y110.644 E42.42242
G0 F7200 X117.832 Y110.795
G0 X117.832 Y110.793
G0 X119.301 Y110.844
G0 X124.701 Y110.834
G0 X126.181 Y110.791
G0 X126.188 Y110.892
;TYPE:WALL-OUTER
G1 F1800 X126.092 Y110.898 E42.42362
G1 X125.812 Y110.892 E42.42713
G1 X125.731 Y110.884 E42.42815
G1 X125.565 Y110.858 E42.43026
G1 X125.564 Y110.363 E42.43647
G1 X125.675 Y110.38 E42.43788
G1 X125.788 Y110.392 E42.4393
G1 X126.104 Y110.398 E42.44327
G1 X126.216 Y110.391 E42.44467
G1 X126.325 Y110.38 E42.44605
G1 X126.435 Y110.363 E42.44744
G1 X126.436 Y110.858 E42.45365
G1 X126.269 Y110.884 E42.45577
G1 X126.188 Y110.892 E42.45679
G0 F7200 X126.092 Y110.898
G0 X125.988 Y110.896
G0 X126.092 Y110.646
;TYPE:SKIN
G1 F1800 X125.816 Y110.639 E42.45871
G0 F7200 X125.764 Y110.791
G0 X125.764 Y110.787
G0 X126.423 Y113.378
G0 X126.188 Y113.892
;TYPE:WALL-OUTER
G1 F1800 X126.092 Y113.898 E42.45992
G1 X125.812 Y113.892 E42.46343
G1 X125.731 Y113.884 E42.46445
G1 X125.565 Y113.858 E42.46656
G1 X125.564 Y113.363 E42.47276
G1 X125.675 Y113.38 E42.47417
G1 X125.788 Y113.392 E42.4756
G1 X126.104 Y113.398 E42.47956
G1 X126.216 Y113.391 E42.48097
G1 X126.325 Y113.38 E42.48234
G1 X126.435 Y113.363 E42.48374
G1 X126.436 Y113.858 E42.48994
G1 X126.269 Y113.884 E42.49206
G1 X126.188 Y113.892 E42.49309
G0 F7200 X126.092 Y113.898
G0 X125.988 Y113.896
G0 X125.922 Y113.644
;TYPE:SKIN
G1 F1800 X126.195 Y113.655 E42.4948
G0 F7200 X126.032 Y113.796
G0 X126.423 Y116.378
G0 X126.188 Y116.892
;TYPE:WALL-OUTER
G1 F1800 X126.092 Y116.898 E42.49601
G1 X125.812 Y116.892 E42.49952
G1 X125.731 Y116.884 E42.50054
G1 X125.565 Y116.858 E42.50265
G1 X125.564 Y116.363 E42.50886
G1 X125.675 Y116.38 E42.51027
G1 X125.788 Y116.392 E42.51169
G1 X126.104 Y116.398 E42.51565
G1 X126.216 Y116.391 E42.51706
G1 X126.325 Y116.38 E42.51844
G1 X126.435 Y116.363 E42.51983
G1 X126.435 Y116.858 E42.52604
G1 X126.269 Y116.884 E42.52815
G1 X126.188 Y116.892 E42.52917
G0 F7200 X126.092 Y116.898
G0 X125.988 Y116.896
G0 X126.032 Y116.646
;TYPE:SKIN
G1 F1800 X125.783 Y116.612 E42.53057
G0 F7200 X125.962 Y116.795
G0 X126.423 Y119.378
G0 X126.188 Y119.892
;TYPE:WALL-OUTER
G1 F1800 X126.092 Y119.898 E42.53177
G1 X125.812 Y119.892 E42.53529
G1 X125.731 Y119.884 E42.53631
G1 X125.565 Y119.858 E42.53841
G1 X125.564 Y119.363 E42.54462
G1 X125.675 Y119.38 E42.54603
G1 X125.788 Y119.392 E42.54745
G1 X126.104 Y119.398 E42.55142
G1 X126.216 Y119.391 E42.55282
G1 X126.325 Y119.38 E42.5542
G1 X126.435 Y119.363 E42.55559
G1 X126.435 Y119.858 E42.5618
G1 X126.269 Y119.884 E42.56391
G1 X126.188 Y119.892 E42.56493
G0 F7200 X126.092 Y119.898
G0 X125.988 Y119.896
G0 X126.145 Y119.645
;TYPE:SKIN
G1 F1800 X125.864 Y119.642 E42.5669
G0 F7200 X125.825 Y119.792
G0 X127.3 Y119.605
G0 X132.7 Y119.605
G0 X133.8 Y119.675
;TYPE:WALL-OUTER
G1 F1800 X133.8 Y119.891 E42.56961
G1 X133.731 Y119.884
G1 X133.565 Y119.858 E42.57058
G1 X133.565 Y119.363 E42.57629
G1 X133.675 Y119.38 E42.57769
G1 X133.8 Y119.393 E42.57926
G1 X133.8 Y119.625 E42.58029
G1 X134.025 Y119.625 E42.58237
G1 X134.025 Y119.675
G1 X133.8 Y119.675 E42.58272
G0 F7200 X133.8 Y119.875
G0 X133.715 Y119.782
G0 X133.787 Y116.877
G0 X133.8 Y116.675
G1 F1800 X133.8 Y116.891 E42.58543
G1 X133.731 Y116.884
G1 X133.565 Y116.858 E42.5864
G1 X133.564 Y116.363 E42.59212
G1 X133.675 Y116.38 E42.59352
G1 X133.8 Y116.393 E42.5951
G1 X133.8 Y116.625 E42.59613
G1 X134.025 Y116.625 E42.59821
G1 X134.025 Y116.675
G1 X133.8 Y116.675 E42.59856
G0 F7200 X133.8 Y116.875
G0 X133.715 Y116.782
G0 X133.787 Y113.877
G0 X133.8 Y113.675
G1 F1800 X133.8 Y113.891 E42.60127
G1 X133.731 Y113.884
G1 X133.565 Y113.858 E42.60224
G1 X133.564 Y113.363 E42.60795
G1 X133.675 Y113.38 E42.60936
G1 X133.8 Y113.393 E42.61094
G1 X133.8 Y113.625 E42.61197
G1 X134.025 Y113.625 E42.61404
G1 X134.025 Y113.675
G1 X133.8 Y113.675 E42.6144
G0 F7200 X133.8 Y113.875
G0 X133.715 Y113.782
G0 X133.787 Y110.877
G0 X133.8 Y110.675
G1 F1800 X133.8 Y110.891 E42.61711
G1 X133.731 Y110.884
G1 X133.565 Y110.858 E42.61807
G1 X133.564 Y110.363 E42.62379
G1 X133.675 Y110.38 E42.6252
G1 X133.8 Y110.393 E42.62677
G1 X133.8 Y110.625 E42.6278
G1 X134.025 Y110.625 E42.62988
G1 X134.025 Y110.675
G1 X133.8 Y110.675 E42.63023
G0 F7200 X133.8 Y110.875
;MESH:NONMESH
G0 F600 X133.8 Y110.875 Z9.8
G0 F7200 X133.715 Y110.782
G0 X132.7 Y110.651
G0 X126.112 Y111.762
G0 X117.616 Y111.741
G0 X111.301 Y110.844
G0 X110.3 Y110.695
G0 X110.2 Y110.625
;TIME_ELAPSED:458.679927
;LAYER:48
;TYPE:WALL-OUTER
;MESH:output\A_fina_suporte.stl
G1 F1800 X110.2 Y110.393 E42.63314
G1 X110.325 Y110.38 E42.63472
G1 X110.541 Y110.347 E42.63746
G1 X110.645 Y110.319 E42.63881
G1 X110.646 Y110.805 E42.6449
G1 X110.463 Y110.854 E42.64728
G1 X110.269 Y110.884 E42.64974
G1 X110.2 Y110.891 E42.65061
G1 X110.2 Y110.675 E42.65226
G1 X109.975 Y110.675 E42.65435
G1 X109.975 Y110.625
G1 X110.2 Y110.625 E42.65471
G0 F7200 X110.2 Y110.425
G0 X110.245 Y110.424
G0 X110.3 Y110.489
G0 X110.545 Y113.366
G0 X110.2 Y113.625
G1 F1800 X110.2 Y113.393 E42.65761
G1 X110.325 Y113.38 E42.65919
G1 X110.541 Y113.347 E42.66193
G1 X110.645 Y113.319 E42.66328
G1 X110.646 Y113.805 E42.66938
G1 X110.463 Y113.854 E42.67175
G1 X110.269 Y113.884 E42.67421
G1 X110.2 Y113.891 E42.67508
G1 X110.2 Y113.675 E42.67673
G1 X109.975 Y113.675 E42.67883
G1 X109.975 Y113.625
G1 X110.2 Y113.625 E42.67918
G0 F7200 X110.2 Y113.425
G0 X110.245 Y113.424
G0 X110.3 Y113.489
G0 X110.545 Y116.366
G0 X110.2 Y116.625
G1 F1800 X110.2 Y116.393 E42.68209
G1 X110.325 Y116.38 E42.68366
G1 X110.541 Y116.347 E42.6864
G1 X110.645 Y116.319 E42.68775
G1 X110.645 Y116.805 E42.69385
G1 X110.464 Y116.854 E42.6962
G1 X110.269 Y116.884 E42.69867
G1 X110.2 Y116.891 E42.69954
G1 X110.2 Y116.675 E42.70119
G1 X109.975 Y116.675 E42.70329
G1 X109.975 Y116.625
G1 X110.2 Y116.625 E42.70364
G0 F7200 X110.2 Y116.425
G0 X110.394 Y116.617
;TYPE:SKIN
G1 F1800 X110.435 Y116.657 E42.704
G0 F7200 X110.429 Y116.77
G0 X110.429 Y116.759
G0 X110.545 Y119.366
G0 X110.2 Y119.625
;TYPE:WALL-OUTER
G1 F1800 X110.2 Y119.393 E42.70691
G1 X110.325 Y119.38 E42.70848
G1 X110.541 Y119.347 E42.71122
G1 X110.645 Y119.319 E42.71257
G1 X110.645 Y119.805 E42.71867
G1 X110.464 Y119.854 E42.72102
G1 X110.269 Y119.884 E42.72349
G1 X110.2 Y119.891 E42.72436
G1 X110.2 Y119.675 E42.72601
G1 X109.975 Y119.675 E42.72811
G1 X109.975 Y119.625
G1 X110.2 Y119.625 E42.72846
G0 F7200 X110.2 Y119.425
G0 X110.245 Y119.425
G0 X110.3 Y119.489
G0 X111.51 Y119.443
G0 X116.49 Y119.443
G0 X118.545 Y119.443
G0 X118.541 Y119.347
G1 F1800 X118.645 Y119.319 E42.72981
G1 X118.646 Y119.805 E42.7359
G1 X118.463 Y119.854 E42.73828
G1 X118.269 Y119.884 E42.74074
G1 X118.189 Y119.892 E42.74175
G1 X117.909 Y119.898 E42.74526
G1 X117.776 Y119.889 E42.74693
G1 X117.631 Y119.87 E42.74877
G1 X117.545 Y119.856 E42.74986
G1 X117.355 Y119.805 E42.75233
G1 X117.355 Y119.319 E42.75842
G1 X117.459 Y119.347 E42.75977
G1 X117.676 Y119.381 E42.76253
G1 X117.896 Y119.398 E42.76529
G1 X118.212 Y119.392 E42.76926
G1 X118.325 Y119.38 E42.77068
G1 X118.541 Y119.347 E42.77342
G0 F7200 X118.645 Y119.319
G0 X118.645 Y119.412
G0 X118.222 Y119.636
;TYPE:SKIN
G1 F1800 X117.949 Y119.646 E42.77481
G1 X117.643 Y119.622 E42.77636
G0 F7200 X117.634 Y119.465
G0 X117.632 Y119.475
G0 X118.267 Y116.865
G0 X118.541 Y116.347
;TYPE:WALL-OUTER
G1 F1800 X118.645 Y116.319 E42.77771
G1 X118.646 Y116.805 E42.78381
G1 X118.463 Y116.854 E42.78618
G1 X118.269 Y116.884 E42.78864
G1 X118.189 Y116.892 E42.78965
G1 X117.909 Y116.898 E42.79316
G1 X117.776 Y116.889 E42.79484
G1 X117.731 Y116.884 E42.7954
G1 X117.536 Y116.854 E42.79788
G1 X117.355 Y116.805 E42.80023
G1 X117.354 Y116.319 E42.80632
G1 X117.459 Y116.347 E42.80769
G1 X117.676 Y116.381 E42.81044
G1 X117.896 Y116.398 E42.81321
G1 X118.212 Y116.392 E42.81717
G1 X118.325 Y116.38 E42.8186
G1 X118.541 Y116.347 E42.82134
G0 F7200 X118.645 Y116.319
G0 X118.645 Y116.412
G0 X118.323 Y116.626
;TYPE:SKIN
G1 F1800 X118.058 Y116.644 E42.8227
G1 X117.769 Y116.637 E42.82418
G0 F7200 X117.742 Y116.482
G0 X117.742 Y116.486
G0 X118.267 Y113.865
G0 X118.541 Y113.347
;TYPE:WALL-OUTER
G1 F1800 X118.645 Y113.319 E42.82553
G1 X118.646 Y113.805 E42.83163
G1 X118.463 Y113.854 E42.834
G1 X118.269 Y113.884 E42.83647
G1 X118.189 Y113.892 E42.83747
G1 X117.909 Y113.898 E42.84099
G1 X117.776 Y113.889 E42.84266
G1 X117.631 Y113.87 E42.84449
G1 X117.545 Y113.856 E42.84559
G1 X117.355 Y113.805 E42.84805
G1 X117.354 Y113.319 E42.85415
G1 X117.459 Y113.347 E42.85551
G1 X117.676 Y113.381 E42.85826
G1 X117.896 Y113.398 E42.86103
G1 X118.212 Y113.392 E42.86499
G1 X118.325 Y113.38 E42.86642
G1 X118.541 Y113.347 E42.86916
G0 F7200 X118.645 Y113.319
G0 X118.645 Y113.412
G0 X118.414 Y113.605
;TYPE:SKIN
G1 F1800 X118.166 Y113.64 E42.87018
G1 X117.591 Y113.631 E42.87253
G0 F7200 X117.74 Y113.788
G0 X117.742 Y113.784
G0 X118.267 Y110.865
G0 X118.541 Y110.347
;TYPE:WALL-OUTER
G1 F1800 X118.645 Y110.319 E42.87388
G1 X118.646 Y110.805 E42.87997
G1 X118.463 Y110.854 E42.88235
G1 X118.269 Y110.884 E42.88481
G1 X118.189 Y110.892 E42.88582
G1 X117.909 Y110.898 E42.88933
G1 X117.776 Y110.889 E42.891
G1 X117.631 Y110.87 E42.89284
G1 X117.545 Y110.856 E42.89393
G1 X117.355 Y110.805 E42.8964
G1 X117.354 Y110.319 E42.90249
G1 X117.459 Y110.347 E42.90385
G1 X117.676 Y110.381 E42.90661
G1 X117.896 Y110.398 E42.90938
G1 X118.212 Y110.392 E42.91334
G1 X118.325 Y110.38 E42.91476
G1 X118.541 Y110.347 E42.9175
G0 F7200 X118.645 Y110.319
G0 X118.645 Y110.412
G0 X118.27 Y110.633
;TYPE:SKIN
G1 F1800 X117.999 Y110.645 E42.91887
G1 X117.703 Y110.632 E42.92036
G0 F7200 X117.663 Y110.47
G0 X117.665 Y110.48
G0 X119.51 Y110.457
G0 X124.49 Y110.448
G0 X126.545 Y110.443
G0 X126.542 Y110.347
;TYPE:WALL-OUTER
G1 F1800 X126.645 Y110.319 E42.9217
G1 X126.646 Y110.805 E42.92779
G1 X126.463 Y110.854 E42.93017
G1 X126.269 Y110.884 E42.93263
G1 X126.091 Y110.898 E42.93487
G1 X125.812 Y110.892 E42.93837
G1 X125.731 Y110.884 E42.93939
G1 X125.536 Y110.854 E42.94187
G1 X125.355 Y110.805 E42.94422
G1 X125.354 Y110.319 E42.95031
G1 X125.459 Y110.347 E42.95167
G1 X125.675 Y110.38 E42.95441
G1 X125.788 Y110.392 E42.95584
G1 X126.105 Y110.398 E42.95982
G1 X126.257 Y110.388 E42.96173
G1 X126.424 Y110.366 E42.96384
G1 X126.542 Y110.347 E42.96534
G0 F7200 X126.645 Y110.319
G0 X126.645 Y110.413
G0 X126.427 Y110.588
;TYPE:SKIN
G1 F1800 X126.196 Y110.639 E42.96629
G1 X125.607 Y110.617 E42.96868
G0 F7200 X125.73 Y110.79
G0 X125.731 Y110.784
G0 X126.633 Y113.334
G0 X126.542 Y113.347
;TYPE:WALL-OUTER
G1 F1800 X126.645 Y113.319 E42.97002
G1 X126.646 Y113.805 E42.97611
G1 X126.463 Y113.854 E42.97849
G1 X126.269 Y113.884 E42.98095
G1 X126.091 Y113.898 E42.98319
G1 X125.812 Y113.892 E42.98669
G1 X125.731 Y113.884 E42.98771
G1 X125.536 Y113.854 E42.99019
G1 X125.355 Y113.805 E42.99254
G1 X125.354 Y113.319 E42.99863
G1 X125.459 Y113.347 E42.99999
G1 X125.675 Y113.38 E43.00273
G1 X125.788 Y113.392 E43.00416
G1 X126.105 Y113.398 E43.00814
G1 X126.257 Y113.388 E43.01005
G1 X126.424 Y113.366 E43.01216
G1 X126.542 Y113.347 E43.01366
G0 F7200 X126.645 Y113.319
G0 X126.645 Y113.413
G0 X126.35 Y113.622
;TYPE:SKIN
G1 F1800 X126.089 Y113.644 E43.01499
G1 X125.802 Y113.64 E43.01646
G0 F7200 X125.77 Y113.486
G0 X125.77 Y113.491
G0 X126.633 Y116.334
G0 X126.542 Y116.347
;TYPE:WALL-OUTER
G1 F1800 X126.645 Y116.319 E43.0178
G1 X126.645 Y116.805 E43.02389
G1 X126.464 Y116.854 E43.02625
G1 X126.269 Y116.884 E43.02872
G1 X126.091 Y116.898 E43.03096
G1 X125.812 Y116.892 E43.03446
G1 X125.731 Y116.884 E43.03548
G1 X125.536 Y116.854 E43.03795
G1 X125.355 Y116.805 E43.0403
G1 X125.354 Y116.319 E43.0464
G1 X125.459 Y116.347 E43.04776
G1 X125.675 Y116.38 E43.0505
G1 X125.788 Y116.392 E43.05193
G1 X126.105 Y116.398 E43.0559
G1 X126.257 Y116.388 E43.05781
G1 X126.424 Y116.366 E43.05993
G1 X126.542 Y116.347 E43.06142
G0 F7200 X126.645 Y116.319
G0 X126.645 Y116.413
G0 X126.251 Y116.634
;TYPE:SKIN
G1 F1800 X125.979 Y116.645 E43.06283
G1 X125.678 Y116.627 E43.06439
G0 F7200 X125.635 Y116.465
G0 X125.632 Y116.474
G0 X126.633 Y119.334
G0 X126.542 Y119.347
;TYPE:WALL-OUTER
G1 F1800 X126.645 Y119.319 E43.06573
G1 X126.645 Y119.805 E43.07183
G1 X126.464 Y119.854 E43.07418
G1 X126.269 Y119.884 E43.07665
G1 X126.091 Y119.898 E43.07889
G1 X125.812 Y119.892 E43.08239
G1 X125.731 Y119.884 E43.08341
G1 X125.536 Y119.854 E43.08588
G1 X125.355 Y119.805 E43.08824
G1 X125.354 Y119.319 E43.09433
G1 X125.459 Y119.347 E43.09569
G1 X125.675 Y119.38 E43.09843
G1 X125.788 Y119.392 E43.09986
G1 X126.105 Y119.398 E43.10383
G1 X126.257 Y119.388 E43.10575
G1 X126.424 Y119.366 E43.10786
G1 X126.542 Y119.347 E43.10936
G0 F7200 X126.645 Y119.319
G0 X126.645 Y119.413
G0 X126.401 Y119.613
;TYPE:SKIN
G1 F1800 X126.148 Y119.642 E43.11036
G1 X125.578 Y119.638 E43.1126
G0 F7200 X125.736 Y119.79
G0 X125.737 Y119.785
G0 X127.51 Y119.605
G0 X132.49 Y119.605
G0 X133.7 Y119.605
G0 X133.8 Y119.675
;TYPE:WALL-OUTER
G1 F1800 X133.8 Y119.891 E43.11531
G1 X133.731 Y119.884
G1 X133.536 Y119.854 E43.11677
G1 X133.355 Y119.805 E43.11912
G1 X133.355 Y119.319 E43.12521
G1 X133.459 Y119.347 E43.12656
G1 X133.675 Y119.38 E43.1293
G1 X133.8 Y119.393 E43.13088
G1 X133.8 Y119.625 E43.13364
G1 X134.025 Y119.625 E43.13572
G1 X134.025 Y119.675
G1 X133.8 Y119.675 E43.13608
G0 F7200 X133.8 Y119.875
G0 X133.519 Y119.435
G0 X133.514 Y119.456
G0 X133.733 Y116.865
G0 X133.8 Y116.675
G1 F1800 X133.8 Y116.89 E43.13877
G1 X133.731 Y116.884
G1 X133.536 Y116.854 E43.14023
G1 X133.355 Y116.805 E43.14258
G1 X133.354 Y116.319 E43.14868
G1 X133.459 Y116.347 E43.15004
G1 X133.675 Y116.38 E43.15278
G1 X133.8 Y116.393 E43.15436
G1 X133.8 Y116.625 E43.15712
G1 X134.025 Y116.625 E43.1592
G1 X134.025 Y116.675
G1 X133.8 Y116.675 E43.15955
G0 F7200 X133.8 Y116.875
G0 X133.604 Y116.633
;TYPE:SKIN
G1 F1800 X133.549 Y116.578 E43.16004
G0 F7200 X133.4 Y116.579
G0 X133.455 Y116.58
G0 X133.733 Y113.865
G0 X133.8 Y113.675
;TYPE:WALL-OUTER
G1 F1800 X133.8 Y113.891 E43.16275
G1 X133.731 Y113.884
G1 X133.536 Y113.854 E43.1642
G1 X133.355 Y113.805 E43.16656
G1 X133.354 Y113.319 E43.17265
G1 X133.459 Y113.347 E43.17401
G1 X133.675 Y113.38 E43.17675
G1 X133.8 Y113.393 E43.17833
G1 X133.8 Y113.625 E43.1811
G1 X134.025 Y113.625 E43.18317
G1 X134.025 Y113.675
G1 X133.8 Y113.675 E43.18353
G0 F7200 X133.8 Y113.875
G0 X133.519 Y113.435
G0 X133.514 Y113.456
G0 X133.733 Y110.865
G0 X133.8 Y110.675
G1 F1800 X133.8 Y110.891 E43.18623
G1 X133.731 Y110.884
G1 X133.536 Y110.854 E43.18769
G1 X133.355 Y110.805 E43.19005
G1 X133.354 Y110.319 E43.19614
G1 X133.459 Y110.347 E43.1975
G1 X133.675 Y110.38 E43.20024
G1 X133.8 Y110.393 E43.20182
G1 X133.8 Y110.625 E43.20458
G1 X134.025 Y110.625 E43.20666
G1 X134.025 Y110.675
G1 X133.8 Y110.675 E43.20701
G0 F7200 X133.8 Y110.875
G0 X133.519 Y110.435
;MESH:NONMESH
G0 F600 X133.519 Y110.435 Z10
G0 F7200 X133.514 Y110.456
G0 X132.49 Y110.399
G0 X126.212 Y111.756
G0 X117.509 Y111.725
G0 X111.51 Y110.441
G0 X110.542 Y110.347
;TIME_ELAPSED:462.360019
;LAYER:49
;TYPE:WALL-OUTER
;MESH:output\A_fina_suporte.stl
G1 F1800 X110.855 Y110.263 E43.21108
G1 X110.856 Y110.747 E43.21715
G1 X110.838 Y110.754 E43.21739
G1 X110.462 Y110.854 E43.22227
G1 X110.258 Y110.885 E43.22486
G1 X110.2 Y110.891 E43.22559
G1 X110.2 Y110.392 E43.23185
G1 X110.227 Y110.391 E43.23219
G1 X110.358 Y110.376 E43.23384
G1 X110.542 Y110.347 E43.23617
G0 F7200 X110.735 Y110.296
G0 X110.66 Y110.522
;TYPE:SKIN
G1 F1800 X110.556 Y110.626 E43.2371
G0 F7200 X110.555 Y110.75
G0 X110.551 Y110.727
G0 X110.843 Y113.278
G0 X110.542 Y113.347
;TYPE:WALL-OUTER
G1 F1800 X110.855 Y113.263 E43.24116
G1 X110.856 Y113.747 E43.24723
G1 X110.838 Y113.754 E43.24747
G1 X110.462 Y113.854 E43.25235
G1 X110.258 Y113.885 E43.25494
G1 X110.2 Y113.891 E43.25567
G1 X110.2 Y113.392 E43.26193
G1 X110.227 Y113.391 E43.26227
G1 X110.358 Y113.376 E43.26392
G1 X110.542 Y113.347 E43.26626
G0 F7200 X110.735 Y113.296
G0 X110.454 Y113.557
;TYPE:SKIN
G1 F1800 X110.394 Y113.616 E43.26678
G0 F7200 X110.548 Y113.418
G0 X110.55 Y113.447
G0 X110.843 Y116.278
G0 X110.542 Y116.347
;TYPE:WALL-OUTER
G1 F1800 X110.855 Y116.263 E43.27085
G1 X110.856 Y116.747 E43.27692
G1 X110.838 Y116.754 E43.27716
G1 X110.462 Y116.854 E43.28204
G1 X110.258 Y116.885 E43.28463
G1 X110.2 Y116.891 E43.28536
G1 X110.2 Y116.392 E43.29162
G1 X110.227 Y116.391 E43.29195
G1 X110.358 Y116.376 E43.29361
G1 X110.542 Y116.347 E43.29594
G0 F7200 X110.735 Y116.296
G0 X110.585 Y116.536
;TYPE:SKIN
G1 F1800 X110.474 Y116.647 E43.29693
G0 F7200 X110.471 Y116.763
G1 F1500 E36.79693
G0 F7200 X110.47 Y116.749
G0 X110.843 Y119.278
G1 F1500 E43.29693
G0 F7200 X110.542 Y119.347
;TYPE:WALL-OUTER
G1 F1800 X110.855 Y119.263 E43.30099
G1 X110.856 Y119.747 E43.30706
G1 X110.838 Y119.754 E43.3073
G1 X110.462 Y119.854 E43.31218
G1 X110.258 Y119.885 E43.31477
G1 X110.2 Y119.891 E43.3155
G1 X110.2 Y119.392 E43.32176
G1 X110.227 Y119.391 E43.3221
G1 X110.358 Y119.376 E43.32375
G1 X110.542 Y119.347 E43.32609
G0 F7200 X110.735 Y119.296
G0 X110.66 Y119.573
;TYPE:SKIN
G1 F1800 X110.626 Y119.607 E43.32639
G0 F7200 X110.66 Y119.729
G1 F1500 E36.82639
G0 F7200 X110.654 Y119.7
G0 X111.72 Y119.458
G0 X116.28 Y119.447
G0 X118.562 Y119.444
G1 F1500 E43.32639
G0 F7200 X118.542 Y119.347
;TYPE:WALL-OUTER
G1 F1800 X118.855 Y119.263 E43.33045
G1 X118.856 Y119.747 E43.33652
G1 X118.838 Y119.754 E43.33676
G1 X118.462 Y119.854 E43.34164
G1 X118.258 Y119.885 E43.34423
G1 X118.188 Y119.892 E43.34511
G1 X117.898 Y119.898 E43.34875
G1 X117.802 Y119.891 E43.34996
G1 X117.691 Y119.879 E43.35136
G1 X117.545 Y119.856 E43.35321
G1 X117.167 Y119.755 E43.35812
G1 X117.145 Y119.746 E43.35842
G1 X117.144 Y119.263 E43.36447
G1 X117.459 Y119.347 E43.36609
G1 X117.688 Y119.382 E43.36899
G1 X117.895 Y119.398 E43.3716
G1 X118.213 Y119.392 E43.37559
G1 X118.357 Y119.376 E43.3774
G1 X118.542 Y119.347 E43.37975
G0 F7200 X118.735 Y119.296
G0 X118.572 Y119.581
;TYPE:SKIN
G1 F1800 X118.232 Y119.637 E43.38113
G1 X117.44 Y119.581 E43.38432
G0 F7200 X117.408 Y119.744
G1 F1500 E36.88432
G0 F7200 X117.415 Y119.719
G0 X117.898 Y116.878
G1 F1500 E43.38432
G0 F7200 X118.542 Y116.347
;TYPE:WALL-OUTER
G1 F1800 X118.855 Y116.263 E43.38838
G1 X118.856 Y116.747 E43.39445
G1 X118.838 Y116.754 E43.39469
G1 X118.462 Y116.854 E43.39957
G1 X118.258 Y116.885 E43.40216
G1 X118.188 Y116.892 E43.40304
G1 X117.898 Y116.898 E43.40668
G1 X117.731 Y116.884 E43.40878
G1 X117.536 Y116.854 E43.41126
G1 X117.167 Y116.755 E43.41605
G1 X117.145 Y116.747 E43.41634
G1 X117.145 Y116.263 E43.42241
G1 X117.459 Y116.347 E43.42649
G1 X117.688 Y116.382 E43.42939
G1 X117.895 Y116.398 E43.43199
G1 X118.213 Y116.392 E43.43598
G1 X118.357 Y116.376 E43.4378
G1 X118.542 Y116.347 E43.44015
G0 F7200 X118.735 Y116.296
G0 X118.43 Y116.611
;TYPE:SKIN
G1 F1800 X118.115 Y116.643 E43.44139
G1 X117.36 Y116.55 E43.44438
G0 F7200 X117.516 Y116.76
G1 F1500 E36.94438
G0 F7200 X117.519 Y116.747
G0 X118.546 Y116.366
G0 X118.256 Y113.866
G1 F1500 E43.44438
G0 F7200 X118.542 Y113.347
;TYPE:WALL-OUTER
G1 F1800 X118.855 Y113.263 E43.44844
G1 X118.856 Y113.747 E43.45451
G1 X118.838 Y113.754 E43.45475
G1 X118.462 Y113.854 E43.45963
G1 X118.258 Y113.885 E43.46222
G1 X118.188 Y113.892 E43.4631
G1 X117.898 Y113.898 E43.46674
G1 X117.802 Y113.891 E43.46795
G1 X117.691 Y113.879 E43.46935
G1 X117.545 Y113.856 E43.4712
G1 X117.167 Y113.755 E43.47611
G1 X117.145 Y113.746 E43.4764
G1 X117.144 Y113.263 E43.48246
G1 X117.459 Y113.347 E43.48408
G1 X117.688 Y113.382 E43.48698
G1 X117.895 Y113.398 E43.48959
G1 X118.213 Y113.392 E43.49357
G1 X118.357 Y113.376 E43.49539
G1 X118.542 Y113.347 E43.49774
G0 F7200 X118.735 Y113.296
G0 X118.629 Y113.584
;TYPE:SKIN
G1 F1800 X118.299 Y113.63 E43.49895
G1 X117.49 Y113.591 E43.5019
G0 F7200 X117.456 Y113.751
G1 F1500 E37.0019
G0 F7200 X117.461 Y113.731
G0 X118.546 Y113.366
G0 X118.256 Y110.866
G1 F1500 E43.5019
G0 F7200 X118.542 Y110.347
;TYPE:WALL-OUTER
G1 F1800 X118.855 Y110.263 E43.50597
G1 X118.856 Y110.747 E43.51204
G1 X118.838 Y110.754 E43.51228
G1 X118.462 Y110.854 E43.51716
G1 X118.258 Y110.885 E43.51975
G1 X118.188 Y110.892 E43.52063
G1 X117.898 Y110.898 E43.52427
G1 X117.802 Y110.891 E43.52547
G1 X117.691 Y110.879 E43.52687
G1 X117.545 Y110.856 E43.52873
G1 X117.167 Y110.755 E43.53363
G1 X117.145 Y110.747 E43.53393
G1 X117.145 Y110.263 E43.54
G1 X117.459 Y110.347 E43.54407
G1 X117.688 Y110.382 E43.54698
G1 X117.895 Y110.398 E43.54958
G1 X118.213 Y110.392 E43.55357
G1 X118.357 Y110.376 E43.55539
G1 X118.542 Y110.347 E43.55773
G0 F7200 X118.735 Y110.296
G0 X118.503 Y110.598
;TYPE:SKIN
G1 F1800 X118.177 Y110.641 E43.55906
G1 X117.397 Y110.572 E43.56221
G0 F7200 X117.332 Y110.726
G0 X117.339 Y110.699
G0 X118.855 Y110.459
G0 X124.28 Y110.459
G0 X126.562 Y110.444
G0 X126.542 Y110.347
;TYPE:WALL-OUTER
G1 F1800 X126.855 Y110.263 E43.56628
G1 X126.856 Y110.747 E43.57235
G1 X126.838 Y110.754 E43.57259
G1 X126.462 Y110.854 E43.57747
G1 X126.258 Y110.885 E43.58006
G1 X126.09 Y110.898 E43.58217
G1 X125.813 Y110.892 E43.58564
G1 X125.69 Y110.879 E43.58719
G1 X125.545 Y110.856 E43.58904
G1 X125.167 Y110.755 E43.59394
G1 X125.145 Y110.747 E43.59424
G1 X125.145 Y110.263 E43.6003
G1 X125.459 Y110.347 E43.60438
G1 X125.687 Y110.381 E43.60727
G1 X125.788 Y110.392 E43.60855
G1 X126.117 Y110.398 E43.61267
G1 X126.23 Y110.39 E43.61409
G1 X126.358 Y110.376 E43.61571
G1 X126.542 Y110.347 E43.61804
G0 F7200 X126.735 Y110.296
G0 X126.406 Y110.614
;TYPE:SKIN
G1 F1800 X126.092 Y110.646 E43.61947
G1 X125.565 Y110.607 E43.62186
G0 F7200 X125.53 Y110.762
G1 F1500 E37.12186
G0 F7200 X125.533 Y110.75
G0 X126.843 Y113.278
G1 F1500 E43.62186
G0 F7200 X126.542 Y113.347
;TYPE:WALL-OUTER
G1 F1800 X126.855 Y113.263 E43.62593
G1 X126.856 Y113.747 E43.632
G1 X126.838 Y113.754 E43.63224
G1 X126.462 Y113.854 E43.63712
G1 X126.258 Y113.885 E43.6397
G1 X126.09 Y113.898 E43.64182
G1 X125.813 Y113.892 E43.64529
G1 X125.69 Y113.879 E43.64684
G1 X125.545 Y113.856 E43.64868
G1 X125.167 Y113.755 E43.65359
G1 X125.145 Y113.746 E43.65389
G1 X125.144 Y113.263 E43.65995
G1 X125.459 Y113.347 E43.66156
G1 X125.687 Y113.381 E43.66445
G1 X125.788 Y113.392 E43.66573
G1 X126.117 Y113.398 E43.66985
G1 X126.23 Y113.39 E43.67127
G1 X126.358 Y113.376 E43.67289
G1 X126.542 Y113.347 E43.67522
G0 F7200 X126.735 Y113.296
G0 X126.544 Y113.588
;TYPE:SKIN
G1 F1800 X126.21 Y113.639 E43.67658
G1 X125.423 Y113.577 E43.67974
G0 F7200 X125.378 Y113.738
G1 F1500 E37.17974
G0 F7200 X125.385 Y113.711
G0 X126.843 Y116.278
G1 F1500 E43.67974
G0 F7200 X126.542 Y116.347
;TYPE:WALL-OUTER
G1 F1800 X126.855 Y116.263 E43.68381
G1 X126.856 Y116.747 E43.68988
G1 X126.838 Y116.754 E43.69012
G1 X126.462 Y116.854 E43.695
G1 X126.258 Y116.885 E43.69759
G1 X126.09 Y116.898 E43.6997
G1 X125.8 Y116.891 E43.70334
G1 X125.731 Y116.884 E43.70421
G1 X125.536 Y116.854 E43.70668
G1 X125.167 Y116.755 E43.71147
G1 X125.145 Y116.747 E43.71177
G1 X125.145 Y116.263 E43.71784
G1 X125.459 Y116.347 E43.72191
G1 X125.687 Y116.381 E43.7248
G1 X125.788 Y116.392 E43.72608
G1 X126.117 Y116.398 E43.7302
G1 X126.23 Y116.39 E43.73162
G1 X126.358 Y116.376 E43.73324
G1 X126.542 Y116.347 E43.73557
G0 F7200 X126.735 Y116.296
G0 X126.335 Y116.625
;TYPE:SKIN
G1 F1800 X126.032 Y116.646 E43.73694
G1 X125.516 Y116.596 E43.73927
G0 F7200 X125.481 Y116.755
G1 F1500 E37.23927
G0 F7200 X125.485 Y116.738
G0 X126.843 Y119.278
G1 F1500 E43.73927
G0 F7200 X126.542 Y119.347
;TYPE:WALL-OUTER
G1 F1800 X126.855 Y119.263 E43.74334
G1 X126.856 Y119.747 E43.74941
G1 X126.838 Y119.754 E43.74965
G1 X126.462 Y119.854 E43.75453
G1 X126.258 Y119.885 E43.75711
G1 X126.09 Y119.898 E43.75923
G1 X125.813 Y119.892 E43.7627
G1 X125.69 Y119.879 E43.76425
G1 X125.545 Y119.856 E43.76609
G1 X125.167 Y119.755 E43.771
G1 X125.145 Y119.746 E43.7713
G1 X125.144 Y119.263 E43.77736
G1 X125.459 Y119.347 E43.77897
G1 X125.687 Y119.381 E43.78186
G1 X125.788 Y119.392 E43.78314
G1 X126.117 Y119.398 E43.78726
G1 X126.23 Y119.39 E43.78868
G1 X126.358 Y119.376 E43.7903
G1 X126.542 Y119.347 E43.79263
G0 F7200 X126.735 Y119.296
G0 X126.467 Y119.605
;TYPE:SKIN
G1 F1800 X126.145 Y119.644 E43.79397
G1 X125.373 Y119.567 E43.79716
G0 F7200 X125.309 Y119.72
G1 F1500 E37.29716
G0 F7200 X125.316 Y119.693
G0 X126.855 Y119.474
G0 X132.28 Y119.462
G0 X133.7 Y119.46
G1 F1500 E43.79716
G0 F7200 X133.8 Y119.393
;TYPE:WALL-OUTER
G1 F1800 X133.8 Y119.891 E43.8034
G1 X133.691 Y119.879 E43.80478
G1 X133.545 Y119.856 E43.80663
G1 X133.167 Y119.755 E43.81154
G1 X133.145 Y119.746 E43.81183
G1 X133.144 Y119.263 E43.81789
G1 X133.459 Y119.347 E43.81951
G1 X133.687 Y119.381 E43.8224
G1 X133.8 Y119.393 E43.82382
G0 F7200 X133.8 Y119.593
G0 X133.582 Y119.561
;TYPE:SKIN
G1 F1800 X133.501 Y119.642 E43.82454
G0 F7200 X133.507 Y119.758
G1 F1500 E37.32454
G0 F7200 X133.511 Y119.744
G0 X133.54 Y116.835
G1 F1500 E43.82454
G0 F7200 X133.8 Y116.393
;TYPE:WALL-OUTER
G1 F1800 X133.8 Y116.891 E43.83079
G1 X133.731 Y116.884 E43.83166
G1 X133.536 Y116.854 E43.83413
G1 X133.167 Y116.755 E43.83892
G1 X133.145 Y116.747 E43.83922
G1 X133.145 Y116.263 E43.84529
G1 X133.459 Y116.347 E43.84936
G1 X133.687 Y116.381 E43.85225
G1 X133.8 Y116.393 E43.85368
G0 F7200 X133.8 Y116.593
G0 X133.484 Y116.548
;TYPE:SKIN
G1 F1800 X133.413 Y116.619 E43.85431
G0 F7200 X133.417 Y116.745
G1 F1500 E37.35431
G0 F7200 X133.423 Y116.721
G0 X133.549 Y113.837
G1 F1500 E43.85431
G0 F7200 X133.8 Y113.393
;TYPE:WALL-OUTER
G1 F1800 X133.8 Y113.891 E43.86055
G1 X133.691 Y113.879 E43.86193
G1 X133.545 Y113.856 E43.86378
G1 X133.167 Y113.755 E43.86869
G1 X133.145 Y113.746 E43.86899
G1 X133.144 Y113.263 E43.87504
G1 X133.459 Y113.347 E43.87666
G1 X133.687 Y113.381 E43.87955
G1 X133.8 Y113.393 E43.88097
G0 F7200 X133.8 Y113.593
G0 X133.576 Y113.627
;TYPE:SKIN
G1 F1800 X133.364 Y113.556 E43.88191
G0 F7200 X133.518 Y113.76
G1 F1500 E37.38191
G0 F7200 X133.521 Y113.747
G0 X133.549 Y110.837
G1 F1500 E43.88191
G0 F7200 X133.8 Y110.393
;TYPE:WALL-OUTER
G1 F1800 X133.8 Y110.891 E43.88816
G1 X133.691 Y110.879 E43.88953
G1 X133.545 Y110.856 E43.89138
G1 X133.167 Y110.755 E43.89629
G1 X133.145 Y110.747 E43.89658
G1 X133.145 Y110.263 E43.90265
G1 X133.459 Y110.347 E43.90673
G1 X133.687 Y110.381 E43.90962
G1 X133.8 Y110.393 E43.91105
G0 F7200 X133.8 Y110.593
G0 X133.537 Y110.555
;TYPE:SKIN
G1 F1800 X133.461 Y110.631 E43.91172
G0 F7200 X133.466 Y110.752
G1 F1500 E37.41172
;MESH:NONMESH
G0 F600 X133.466 Y110.752 Z10.2
G0 F7200 X133.471 Y110.734
G0 X132.28 Y110.341
G0 X126.367 Y111.743
G0 X117.581 Y111.737
G0 X111.72 Y110.386
G1 F1500 E43.91172
G0 F7200 X110.962 Y110.234
;TIME_ELAPSED:473.453321
;LAYER:50
;TYPE:WALL-OUTER
;MESH:output\A_fina_suporte.stl
G1 F1800 X111.065 Y110.195 E43.9131
G1 X111.066 Y110.665 E43.919
G1 X110.832 Y110.756 E43.92214
G1 X110.618 Y110.812 E43.92492
G1 X110.617 Y110.327 E43.931
G1 X110.962 Y110.234 E43.93548
G0 F7200 X111.065 Y110.195
G0 X111.065 Y110.285
G0 X110.776 Y110.699
G1 F1500 E37.43548
G0 F7200 X110.77 Y110.669
G0 X111.054 Y113.211
G1 F1500 E43.93548
G0 F7200 X110.962 Y113.234
G1 F1800 X111.065 Y113.195 E43.93686
G1 X111.066 Y113.665 E43.94276
G1 X110.832 Y113.756 E43.9459
G1 X110.618 Y113.812 E43.94868
G1 X110.617 Y113.327 E43.95476
G1 X110.962 Y113.234 E43.95924
G0 F7200 X111.065 Y113.195
G0 X111.065 Y113.285
G0 X110.776 Y113.699
G0 X110.77 Y113.669
G0 X111.054 Y116.211
G0 X110.962 Y116.234
G1 F1800 X111.065 Y116.195 E43.96062
G1 X111.066 Y116.665 E43.96652
G1 X110.834 Y116.755 E43.96964
G1 X110.618 Y116.813 E43.97244
G1 X110.618 Y116.326 E43.97855
G1 X110.962 Y116.234 E43.98301
G0 F7200 X111.065 Y116.195
G0 X111.065 Y116.285
G0 X110.871 Y116.528
;TYPE:SKIN
G1 F1800 X110.816 Y116.473 E43.9835
G0 F7200 X110.748 Y116.358
G1 F1500 E37.4835
G0 F7200 X110.755 Y116.392
G0 X111.054 Y119.211
G1 F1500 E43.9835
G0 F7200 X110.962 Y119.234
;TYPE:WALL-OUTER
G1 F1800 X111.065 Y119.195 E43.98488
G1 X111.066 Y119.665 E43.99078
G1 X110.832 Y119.756 E43.99393
G1 X110.618 Y119.812 E43.9967
G1 X110.617 Y119.327 E44.00278
G1 X110.962 Y119.234 E44.00726
G0 F7200 X111.065 Y119.195
G0 X111.065 Y119.285
G0 X110.776 Y119.699
G0 X110.77 Y119.669
G0 X111.93 Y119.342
G0 X116.07 Y119.332
G0 X117.038 Y119.235
G1 F1800 X117.382 Y119.325 E44.01172
G1 X117.383 Y119.813 E44.01784
G1 X117.166 Y119.755 E44.02066
G1 X116.935 Y119.666 E44.02376
G1 X116.934 Y119.195 E44.02967
G1 X117.038 Y119.235 E44.03107
G0 F7200 X117.231 Y119.285
G0 X117.25 Y119.358
G1 F1500 E37.53107
G0 F7200 X117.24 Y119.39
G0 X118.632 Y119.339
G1 F1500 E44.03107
G0 F7200 X118.962 Y119.234
G1 F1800 X119.065 Y119.195 E44.03245
G1 X119.066 Y119.665 E44.03834
G1 X118.832 Y119.756 E44.04149
G1 X118.618 Y119.812 E44.04426
G1 X118.617 Y119.327 E44.05035
G1 X118.962 Y119.234 E44.05483
G0 F7200 X119.065 Y119.195
G0 X119.065 Y119.285
G0 X118.776 Y119.699
G0 X118.77 Y119.669
G0 X118.63 Y116.798
G0 X118.962 Y116.234
G1 F1800 X119.065 Y116.195 E44.05621
G1 X119.066 Y116.665 E44.0621
G1 X118.834 Y116.755 E44.06522
G1 X118.618 Y116.813 E44.06803
G1 X118.618 Y116.326 E44.07413
G1 X118.962 Y116.234 E44.0786
G0 F7200 X119.065 Y116.195
G0 X119.065 Y116.285
G0 X118.775 Y116.698
G1 F1500 E37.5786
G0 F7200 X118.768 Y116.669
G0 X117.362 Y116.33
G1 F1500 E44.0786
G0 F7200 X117.039 Y116.235
G1 F1800 X117.382 Y116.325 E44.08305
G1 X117.382 Y116.813 E44.08917
G1 X117.166 Y116.755 E44.09197
G1 X116.935 Y116.666 E44.09508
G1 X116.935 Y116.195 E44.10098
G1 X117.039 Y116.235 E44.10238
G0 F7200 X117.232 Y116.285
G0 X117.251 Y116.359
G0 X117.242 Y116.391
G0 X117.371 Y113.798
G0 X117.038 Y113.235
G1 F1800 X117.382 Y113.325 E44.10684
G1 X117.383 Y113.813 E44.11296
G1 X117.166 Y113.755 E44.11578
G1 X116.935 Y113.666 E44.11888
G1 X116.934 Y113.195 E44.12479
G1 X117.038 Y113.235 E44.12618
G0 F7200 X117.231 Y113.285
G0 X117.139 Y113.462
;TYPE:SKIN
G1 F1800 X117.186 Y113.509 E44.1266
G0 F7200 X117.335 Y113.509
G1 F1500 E37.6266
G0 F7200 X117.282 Y113.508
G0 X118.632 Y113.339
G1 F1500 E44.1266
G0 F7200 X118.962 Y113.234
;TYPE:WALL-OUTER
G1 F1800 X119.065 Y113.195 E44.12798
G1 X119.066 Y113.665 E44.13388
G1 X118.832 Y113.756 E44.13702
G1 X118.618 Y113.812 E44.1398
G1 X118.617 Y113.327 E44.14588
G1 X118.962 Y113.234 E44.15036
G0 F7200 X119.065 Y113.195
G0 X119.065 Y113.285
G0 X118.776 Y113.699
G1 F1500 E37.65036
G0 F7200 X118.77 Y113.669
G0 X118.63 Y110.797
G1 F1500 E44.15036
G0 F7200 X118.962 Y110.234
G1 F1800 X119.065 Y110.195 E44.15174
G1 X119.066 Y110.665 E44.15764
G1 X118.832 Y110.756 E44.16078
G1 X118.618 Y110.812 E44.16356
G1 X118.617 Y110.327 E44.16964
G1 X118.962 Y110.234 E44.17412
G0 F7200 X119.065 Y110.195
G0 X119.065 Y110.285
G0 X118.776 Y110.699
G0 X118.77 Y110.669
G0 X117.382 Y110.341
G0 X117.039 Y110.235
G1 F1800 X117.382 Y110.325 E44.17857
G1 X117.383 Y110.813 E44.18469
G1 X117.166 Y110.755 E44.18751
G1 X116.935 Y110.666 E44.19061
G1 X116.935 Y110.195 E44.19652
G1 X117.039 Y110.235 E44.19791
G0 F7200 X117.232 Y110.285
G0 X117.251 Y110.359
G1 F1500 E37.69791
G0 F7200 X117.242 Y110.391
G0 X119.911 Y108.963
G0 X124.07 Y110.345
G1 F1500 E44.19791
G0 F7200 X125.039 Y110.235
G1 F1800 X125.382 Y110.325 E44.20236
G1 X125.383 Y110.813 E44.20848
G1 X125.166 Y110.755 E44.2113
G1 X124.935 Y110.666 E44.2144
G1 X124.935 Y110.195 E44.22031
G1 X125.039 Y110.235 E44.22171
G0 F7200 X125.232 Y110.285
G0 X125.251 Y110.359
G0 X125.242 Y110.391
G0 X126.632 Y110.339
G0 X126.962 Y110.234
G1 F1800 X127.065 Y110.195 E44.22309
G1 X127.066 Y110.665 E44.22898
G1 X126.832 Y110.756 E44.23213
G1 X126.618 Y110.812 E44.2349
G1 X126.617 Y110.327 E44.24098
G1 X126.962 Y110.234 E44.24547
G0 F7200 X127.065 Y110.195
G0 X127.065 Y110.285
G0 X126.776 Y110.699
G1 F1500 E37.74547
G0 F7200 X126.77 Y110.669
G0 X127.054 Y113.211
G1 F1500 E44.24547
G0 F7200 X126.962 Y113.234
G1 F1800 X127.065 Y113.195 E44.24685
G1 X127.066 Y113.665 E44.25274
G1 X126.832 Y113.756 E44.25589
G1 X126.618 Y113.812 E44.25866
G1 X126.617 Y113.327 E44.26475
G1 X126.962 Y113.234 E44.26923
G0 F7200 X127.065 Y113.195
G0 X127.065 Y113.285
G0 X126.776 Y113.699
G1 F1500 E37.76923
G0 F7200 X126.77 Y113.669
G0 X125.382 Y113.341
G1 F1500 E44.26923
G0 F7200 X125.038 Y113.235
G1 F1800 X125.382 Y113.325 E44.27369
G1 X125.383 Y113.813 E44.27981
G1 X125.166 Y113.755 E44.28262
G1 X124.935 Y113.666 E44.28573
G1 X124.934 Y113.195 E44.29163
G1 X125.038 Y113.235 E44.29303
G0 F7200 X125.231 Y113.285
G0 X125.25 Y113.358
G0 X125.24 Y113.39
G0 X124.946 Y116.211
G0 X125.039 Y116.235
G1 F1800 X125.382 Y116.325 E44.29748
G1 X125.382 Y116.813 E44.3036
G1 X125.166 Y116.755 E44.3064
G1 X124.935 Y116.666 E44.30951
G1 X124.935 Y116.195 E44.31541
G1 X125.039 Y116.235 E44.31681
G0 F7200 X125.232 Y116.285
G0 X125.251 Y116.359
G1 F1500 E37.81681
G0 F7200 X125.242 Y116.391
G0 X126.638 Y116.328
G1 F1500 E44.31681
G0 F7200 X126.962 Y116.234
G1 F1800 X127.065 Y116.195 E44.31819
G1 X127.066 Y116.665 E44.32408
G1 X126.834 Y116.755 E44.32721
G1 X126.618 Y116.813 E44.33001
G1 X126.618 Y116.326 E44.33612
G1 X126.962 Y116.234 E44.34058
G0 F7200 X127.065 Y116.195
G0 X127.065 Y116.285
G0 X126.775 Y116.698
G1 F1500 E37.84058
G0 F7200 X126.768 Y116.669
G0 X127.054 Y119.211
G1 F1500 E44.34058
G0 F7200 X126.962 Y119.234
G1 F1800 X127.065 Y119.195 E44.34196
G1 X127.066 Y119.665 E44.34786
G1 X126.832 Y119.756 E44.35101
G1 X126.618 Y119.812 E44.35378
G1 X126.617 Y119.327 E44.35986
G1 X126.962 Y119.234 E44.36434
G0 F7200 X127.065 Y119.195
G0 X127.065 Y119.285
G0 X126.87 Y119.516
;TYPE:SKIN
G1 F1800 X126.827 Y119.473 E44.36472
G0 F7200 X126.758 Y119.356
G1 F1500 E37.86472
G0 F7200 X126.767 Y119.39
G0 X125.382 Y119.341
G1 F1500 E44.36472
G0 F7200 X125.038 Y119.235
;TYPE:WALL-OUTER
G1 F1800 X125.382 Y119.325 E44.36918
G1 X125.383 Y119.813 E44.3753
G1 X125.166 Y119.755 E44.37812
G1 X124.935 Y119.666 E44.38122
G1 X124.934 Y119.195 E44.38713
G1 X125.038 Y119.235 E44.38853
G0 F7200 X125.231 Y119.285
G0 X125.129 Y119.472
;TYPE:SKIN
G1 F1800 X125.186 Y119.529 E44.38903
G0 F7200 X125.335 Y119.529
G0 X125.282 Y119.528
G0 X125.645 Y118.501
G0 X127.911 Y117.963
G0 X132.07 Y119.331
G0 X133.038 Y119.235
;TYPE:WALL-OUTER
G1 F1800 X133.382 Y119.325 E44.39349
G1 X133.383 Y119.813 E44.39961
G1 X133.166 Y119.755 E44.40243
G1 X132.935 Y119.666 E44.40553
G1 X132.934 Y119.195 E44.41144
G1 X133.038 Y119.235 E44.41284
G0 F7200 X133.231 Y119.285
G0 X133.25 Y119.358
G1 F1500 E37.91284
G0 F7200 X133.24 Y119.39
G0 X133.37 Y116.798
G1 F1500 E44.41284
G0 F7200 X133.039 Y116.235
G1 F1800 X133.382 Y116.325 E44.41728
G1 X133.382 Y116.813 E44.4234
G1 X133.166 Y116.755 E44.42621
G1 X132.935 Y116.666 E44.42931
G1 X132.935 Y116.195 E44.43522
G1 X133.039 Y116.235 E44.43662
G0 F7200 X133.232 Y116.285
G0 X133.155 Y116.468
;TYPE:SKIN
G1 F1800 X133.186 Y116.498 E44.43689
G0 F7200 X133.335 Y116.498
G0 X133.282 Y116.498
G0 X133.371 Y113.798
G0 X133.038 Y113.235
;TYPE:WALL-OUTER
G1 F1800 X133.382 Y113.325 E44.44135
G1 X133.383 Y113.813 E44.44747
G1 X133.166 Y113.755 E44.45028
G1 X132.935 Y113.666 E44.45339
G1 X132.934 Y113.195 E44.45929
G1 X133.038 Y113.235 E44.46069
G0 F7200 X133.231 Y113.285
G0 X133.25 Y113.358
G1 F1500 E37.96069
G0 F7200 X133.24 Y113.39
G0 X133.371 Y110.798
G1 F1500 E44.46069
G0 F7200 X133.039 Y110.235
G1 F1800 X133.382 Y110.325 E44.46514
G1 X133.383 Y110.813 E44.47126
G1 X133.166 Y110.755 E44.47408
G1 X132.935 Y110.666 E44.47718
G1 X132.935 Y110.195 E44.48309
G1 X133.039 Y110.235 E44.48448
G0 F7200 X133.232 Y110.285
G0 X133.129 Y110.501
;TYPE:SKIN
G1 F1800 X133.178 Y110.551 E44.48492
G0 F7200 X133.168 Y110.682
;MESH:NONMESH
G0 F600 X133.168 Y110.682 Z10.4
G0 F7200 X133.181 Y110.654
G0 X132.07 Y110.328
G0 X126.234 Y111.825
G0 X117.768 Y111.817
G0 X111.93 Y110.373
G0 X110.962 Y110.235
;TIME_ELAPSED:484.835279
;LAYER:51
;TYPE:WALL-OUTER
;MESH:output\A_fina_suporte.stl
G1 F1800 X111.275 Y110.114 E44.48913
G1 X111.276 Y110.579 E44.49496
G1 X111.22 Y110.606 E44.49574
G1 X110.836 Y110.754 E44.5009
G1 X110.836 Y110.268 E44.507
G1 X110.962 Y110.235 E44.50863
G0 F7200 X111.148 Y110.163
G0 X111.061 Y110.404
;TYPE:SKIN
G1 F1800 X111.03 Y110.435 E44.50891
G0 F7200 X110.875 Y110.434
G1 F1500 E38.00891
G0 F7200 X110.936 Y110.434
G0 X111.264 Y113.13
G1 F1500 E44.50891
G0 F7200 X110.962 Y113.235
;TYPE:WALL-OUTER
G1 F1800 X111.275 Y113.114 E44.51311
G1 X111.276 Y113.579 E44.51894
G1 X111.22 Y113.606 E44.51972
G1 X110.836 Y113.754 E44.52489
G1 X110.836 Y113.268 E44.53098
G1 X110.962 Y113.235 E44.53261
G0 F7200 X111.148 Y113.163
G0 X110.875 Y113.537
G1 F1500 E38.03261
G0 F7200 X110.936 Y113.537
G0 X111.264 Y116.13
G1 F1500 E44.53261
G0 F7200 X110.962 Y116.235
G1 F1800 X111.275 Y116.114 E44.53682
G1 X111.276 Y116.579 E44.54265
G1 X111.22 Y116.606 E44.54343
G1 X110.836 Y116.754 E44.54859
G1 X110.836 Y116.268 E44.55469
G1 X110.962 Y116.235 E44.55632
G0 F7200 X111.148 Y116.163
G0 X110.875 Y116.537
G1 F1500 E38.05632
G0 F7200 X110.936 Y116.537
G0 X111.264 Y119.13
G1 F1500 E44.55632
G0 F7200 X110.962 Y119.235
G1 F1800 X111.275 Y119.114 E44.56053
G1 X111.276 Y119.579 E44.56636
G1 X111.22 Y119.606 E44.56714
G1 X110.836 Y119.754 E44.5723
G1 X110.836 Y119.268 E44.5784
G1 X110.962 Y119.235 E44.58003
G0 F7200 X111.148 Y119.163
G0 X110.875 Y119.537
G0 X110.936 Y119.537
G0 X112.14 Y119.341
G0 X115.86 Y119.332
G0 X117.008 Y119.33
G0 X117.038 Y119.235
G1 F1800 X117.164 Y119.268 E44.58166
G1 X117.164 Y119.754 E44.58776
G1 X116.775 Y119.604 E44.59058
G1 X116.725 Y119.58 E44.59128
G1 X116.724 Y119.114 E44.59712
G1 X117.038 Y119.235 E44.59879
G0 F7200 X117.164 Y119.268
G0 X117.164 Y119.338
G0 X117.125 Y119.339
G0 X117.062 Y119.344
G0 X118.856 Y119.33
G0 X118.962 Y119.235
G1 F1800 X119.275 Y119.114 E44.603
G1 X119.276 Y119.579 E44.60883
G1 X119.22 Y119.606 E44.60961
G1 X118.836 Y119.754 E44.61477
G1 X118.836 Y119.268 E44.62087
G1 X118.962 Y119.235 E44.6225
G0 F7200 X119.148 Y119.163
G0 X118.875 Y119.537
G1 F1500 E38.1225
G0 F7200 X118.936 Y119.537
G0 X118.847 Y116.738
G1 F1500 E44.6225
G0 F7200 X118.962 Y116.235
G1 F1800 X119.275 Y116.114 E44.62671
G1 X119.275 Y116.58 E44.63255
G1 X119.225 Y116.604 E44.63325
G1 X118.836 Y116.754 E44.63848
G1 X118.836 Y116.268 E44.64457
G1 X118.962 Y116.235 E44.64621
G0 F7200 X119.148 Y116.163
G0 X118.875 Y116.537
G0 X118.936 Y116.537
G0 X117.144 Y116.33
G0 X117.038 Y116.235
G1 F1800 X117.164 Y116.268 E44.64784
G1 X117.164 Y116.754 E44.65393
G1 X116.775 Y116.604 E44.65676
G1 X116.725 Y116.58 E44.65745
G1 X116.724 Y116.114 E44.6633
G1 X117.038 Y116.235 E44.66497
G0 F7200 X117.164 Y116.268
G0 X117.164 Y116.338
G0 X117.125 Y116.339
G0 X117.062 Y116.344
G0 X117.153 Y113.738
G0 X117.038 Y113.235
G1 F1800 X117.164 Y113.268 E44.6666
G1 X117.164 Y113.754 E44.6727
G1 X116.775 Y113.604 E44.67552
G1 X116.725 Y113.58 E44.67622
G1 X116.724 Y113.114 E44.68206
G1 X117.038 Y113.235 E44.68373
G0 F7200 X117.164 Y113.268
G0 X117.164 Y113.338
G0 X117.125 Y113.339
G1 F1500 E38.18373
G0 F7200 X117.062 Y113.344
G0 X118.856 Y113.33
G1 F1500 E44.68373
G0 F7200 X118.962 Y113.235
G1 F1800 X119.275 Y113.114 E44.68794
G1 X119.275 Y113.58 E44.69379
G1 X119.225 Y113.604 E44.69448
G1 X118.836 Y113.754 E44.69971
G1 X118.836 Y113.268 E44.7058
G1 X118.962 Y113.235 E44.70744
G0 F7200 X119.148 Y113.163
G0 X119.079 Y113.417
;TYPE:SKIN
G1 F1800 X119.03 Y113.466 E44.70787
G0 F7200 X118.875 Y113.466
G0 X118.936 Y113.466
G0 X118.847 Y110.738
G0 X118.962 Y110.235
;TYPE:WALL-OUTER
G1 F1800 X119.275 Y110.114 E44.71208
G1 X119.275 Y110.58 E44.71792
G1 X119.225 Y110.604 E44.71862
G1 X118.836 Y110.754 E44.72385
G1 X118.836 Y110.268 E44.72994
G1 X118.962 Y110.235 E44.73158
G0 F7200 X119.148 Y110.163
G0 X118.875 Y110.537
G1 F1500 E38.23158
G0 F7200 X118.936 Y110.537
G0 X117.144 Y110.33
G1 F1500 E44.73158
G0 F7200 X117.038 Y110.235
G1 F1800 X117.164 Y110.268 E44.73321
G1 X117.164 Y110.754 E44.7393
G1 X116.775 Y110.604 E44.74213
G1 X116.725 Y110.58 E44.74282
G1 X116.724 Y110.114 E44.74867
G1 X117.038 Y110.235 E44.75034
G0 F7200 X117.164 Y110.268
G0 X117.164 Y110.338
G0 X117.125 Y110.339
G0 X117.062 Y110.344
G0 X123.86 Y110.315
G0 X125.008 Y110.33
G0 X125.038 Y110.235
G1 F1800 X125.164 Y110.268 E44.75197
G1 X125.164 Y110.754 E44.75807
G1 X124.775 Y110.604 E44.76089
G1 X124.725 Y110.58 E44.76159
G1 X124.724 Y110.114 E44.76743
G1 X125.038 Y110.235 E44.76911
G0 F7200 X125.164 Y110.268
G0 X125.164 Y110.338
G0 X125.125 Y110.339
G0 X125.062 Y110.344
G0 X126.856 Y110.33
G0 X126.962 Y110.235
G1 F1800 X127.275 Y110.114 E44.77331
G1 X127.276 Y110.579 E44.77915
G1 X127.22 Y110.606 E44.77992
G1 X126.836 Y110.754 E44.78509
G1 X126.836 Y110.268 E44.79118
G1 X126.962 Y110.235 E44.79281
G0 F7200 X127.148 Y110.163
G0 X126.875 Y110.537
G1 F1500 E38.29281
G0 F7200 X126.936 Y110.537
G0 X127.264 Y113.13
G1 F1500 E44.79281
G0 F7200 X126.962 Y113.235
G1 F1800 X127.275 Y113.114 E44.79702
G1 X127.276 Y113.579 E44.80285
G1 X127.22 Y113.606 E44.80363
G1 X126.836 Y113.754 E44.80879
G1 X126.836 Y113.268 E44.81489
G1 X126.962 Y113.235 E44.81652
G0 F7200 X127.148 Y113.163
G0 X126.875 Y113.537
G0 X126.936 Y113.537
G0 X125.144 Y113.33
G0 X125.038 Y113.235
G1 F1800 X125.164 Y113.268 E44.81815
G1 X125.164 Y113.754 E44.82425
G1 X124.775 Y113.604 E44.82707
G1 X124.725 Y113.58 E44.82777
G1 X124.724 Y113.114 E44.83361
G1 X125.038 Y113.235 E44.83529
G0 F7200 X125.164 Y113.268
G0 X125.164 Y113.338
G0 X125.125 Y113.339
G0 X125.062 Y113.344
G0 X124.735 Y116.13
G0 X125.038 Y116.235
G1 F1800 X125.164 Y116.268 E44.83692
G1 X125.164 Y116.754 E44.84301
G1 X124.775 Y116.604 E44.84584
G1 X124.725 Y116.58 E44.84653
G1 X124.724 Y116.114 E44.85238
G1 X125.038 Y116.235 E44.85405
G0 F7200 X125.164 Y116.268
G0 X125.164 Y116.338
G0 X125.125 Y116.339
G1 F1500 E38.35405
G0 F7200 X125.062 Y116.344
G0 X126.856 Y116.33
G1 F1500 E44.85405
G0 F7200 X126.962 Y116.235
G1 F1800 X127.275 Y116.114 E44.85826
G1 X127.276 Y116.579 E44.86409
G1 X127.22 Y116.606 E44.86487
G1 X126.836 Y116.754 E44.87003
G1 X126.836 Y116.268 E44.87612
G1 X126.962 Y116.235 E44.87776
G0 F7200 X127.148 Y116.163
G0 X126.875 Y116.537
G0 X126.936 Y116.537
G0 X127.264 Y119.13
G0 X126.962 Y119.235
G1 F1800 X127.275 Y119.114 E44.88197
G1 X127.276 Y119.579 E44.8878
G1 X127.22 Y119.606 E44.88858
G1 X126.836 Y119.754 E44.89374
G1 X126.836 Y119.268 E44.89983
G1 X126.962 Y119.235 E44.90147
G0 F7200 X127.148 Y119.163
G0 X126.875 Y119.537
G0 X126.936 Y119.537
G0 X125.144 Y119.33
G0 X125.038 Y119.235
G1 F1800 X125.164 Y119.268 E44.9031
G1 X125.164 Y119.754 E44.90919
G1 X124.775 Y119.604 E44.91202
G1 X124.725 Y119.58 E44.91271
G1 X124.724 Y119.114 E44.91856
G1 X125.038 Y119.235 E44.92023
G0 F7200 X125.164 Y119.268
G0 X125.164 Y119.338
G0 X124.962 Y119.414
;TYPE:SKIN
G1 F1800 X124.923 Y119.452 E44.92057
G0 F7200 X124.867 Y119.597
G1 F1500 E38.42057
G0 F7200 X124.889 Y119.541
G0 X126.029 Y119.33
G0 X131.86 Y119.315
G0 X133.008 Y119.33
G1 F1500 E44.92057
G0 F7200 X133.038 Y119.235
;TYPE:WALL-OUTER
G1 F1800 X133.164 Y119.268 E44.92221
G1 X133.164 Y119.754 E44.9283
G1 X132.775 Y119.604 E44.93112
G1 X132.725 Y119.58 E44.93182
G1 X132.724 Y119.114 E44.93766
G1 X133.038 Y119.235 E44.93934
G0 F7200 X133.164 Y119.268
G0 X133.164 Y119.338
G0 X133.125 Y119.339
G0 X133.062 Y119.344
G0 X133.153 Y116.738
G0 X133.038 Y116.235
G1 F1800 X133.164 Y116.268 E44.94097
G1 X133.164 Y116.754 E44.94706
G1 X132.775 Y116.604 E44.94989
G1 X132.725 Y116.58 E44.95058
G1 X132.724 Y116.114 E44.95643
G1 X133.038 Y116.235 E44.9581
G0 F7200 X133.164 Y116.268
G0 X133.164 Y116.338
G0 X133.125 Y116.339
G0 X133.062 Y116.344
G0 X133.153 Y113.738
G0 X133.038 Y113.235
G1 F1800 X133.164 Y113.268 E44.95973
G1 X133.164 Y113.754 E44.96583
G1 X132.775 Y113.604 E44.96865
G1 X132.725 Y113.58 E44.96935
G1 X132.724 Y113.114 E44.97519
G1 X133.038 Y113.235 E44.97687
G0 F7200 X133.164 Y113.268
G0 X133.164 Y113.338
G0 X133.125 Y113.339
G1 F1500 E38.47687
G0 F7200 X133.062 Y113.344
G0 X133.153 Y110.738
G1 F1500 E44.97687
G0 F7200 X133.038 Y110.235
G1 F1800 X133.164 Y110.268 E44.9785
G1 X133.164 Y110.754 E44.98459
G1 X132.775 Y110.604 E44.98742
G1 X132.725 Y110.58 E44.98811
G1 X132.724 Y110.114 E44.99396
G1 X133.038 Y110.235 E44.99563
G0 F7200 X133.164 Y110.268
G0 X133.164 Y110.338
G0 X133.125 Y110.339
;MESH:NONMESH
G0 F600 X133.125 Y110.339 Z10.6
G0 F7200 X133.062 Y110.344
G0 X131.86 Y110.131
G0 X128.12 Y108.774
G0 X115.877 Y108.769
G0 X112.14 Y110.129
G0 X111.38 Y110.074
;TIME_ELAPSED:494.009936
;LAYER:52
;TYPE:WALL-OUTER
;MESH:output\A_fina_suporte.stl
G1 F1800 X111.485 Y110.023 E44.99709
G1 X111.486 Y110.477 E45.00279
G1 X111.22 Y110.606 E45.00649
G1 X111.046 Y110.673 E45.00883
G1 X111.046 Y110.202 E45.01474
G1 X111.38 Y110.074 E45.01922
G0 F7200 X111.485 Y110.023
G0 X111.485 Y110.107
G0 X111.255 Y110.551
G0 X111.227 Y110.491
G0 X111.475 Y113.04
G0 X111.38 Y113.074
G1 F1800 X111.485 Y113.023 E45.02069
G1 X111.486 Y113.477 E45.02638
G1 X111.22 Y113.606 E45.03009
G1 X111.046 Y113.673 E45.03243
G1 X111.046 Y113.202 E45.03833
G1 X111.38 Y113.074 E45.04282
G0 F7200 X111.485 Y113.023
G0 X111.485 Y113.107
G0 X111.255 Y113.551
G1 F1500 E38.54282
G0 F7200 X111.227 Y113.491
G0 X111.475 Y116.04
G1 F1500 E45.04282
G0 F7200 X111.38 Y116.074
G1 F1800 X111.485 Y116.023 E45.04428
G1 X111.486 Y116.477 E45.04998
G1 X111.22 Y116.606 E45.05368
G1 X111.046 Y116.673 E45.05602
G1 X111.046 Y116.202 E45.06193
G1 X111.38 Y116.074 E45.06641
G0 F7200 X111.485 Y116.023
G0 X111.485 Y116.107
G0 X111.255 Y116.551
G1 F1500 E38.56641
G0 F7200 X111.227 Y116.491
G0 X111.475 Y119.04
G1 F1500 E45.06641
G0 F7200 X111.38 Y119.074
G1 F1800 X111.485 Y119.023 E45.06788
G1 X111.486 Y119.477 E45.07357
G1 X111.22 Y119.606 E45.07728
G1 X111.046 Y119.673 E45.07962
G1 X111.046 Y119.202 E45.08552
G1 X111.38 Y119.074 E45.09001
G0 F7200 X111.485 Y119.023
G0 X111.485 Y119.107
G0 X111.255 Y119.551
G1 F1500 E38.59001
G0 F7200 X111.227 Y119.491
G0 X112.35 Y119.176
G0 X115.65 Y119.168
G1 F1500 E45.09001
G0 F7200 X116.62 Y119.074
G1 F1800 X116.954 Y119.202 E45.09449
G1 X116.954 Y119.673 E45.1004
G1 X116.775 Y119.604 E45.10281
G1 X116.515 Y119.478 E45.10643
G1 X116.514 Y119.022 E45.11215
G1 X116.62 Y119.074 E45.11363
G0 F7200 X116.807 Y119.145
G0 X116.826 Y119.183
G0 X116.801 Y119.249
G0 X119.062 Y119.213
G0 X119.38 Y119.074
G1 F1800 X119.485 Y119.023 E45.11509
G1 X119.486 Y119.477 E45.12079
G1 X119.22 Y119.606 E45.12449
G1 X119.046 Y119.673 E45.12683
G1 X119.046 Y119.202 E45.13274
G1 X119.38 Y119.074 E45.13722
G0 F7200 X119.485 Y119.023
G0 X119.485 Y119.107
G0 X119.255 Y119.551
G1 F1500 E38.63722
G0 F7200 X119.227 Y119.491
G0 X119.057 Y116.657
G1 F1500 E45.13722
G0 F7200 X119.38 Y116.074
G1 F1800 X119.485 Y116.023 E45.13869
G1 X119.485 Y116.478 E45.14439
G1 X119.225 Y116.604 E45.14802
G1 X119.046 Y116.673 E45.15042
G1 X119.046 Y116.202 E45.15633
G1 X119.38 Y116.074 E45.16081
G0 F7200 X119.485 Y116.023
G0 X119.485 Y116.107
G0 X119.254 Y116.551
G1 F1500 E38.66081
G0 F7200 X119.228 Y116.491
G0 X116.934 Y116.213
G1 F1500 E45.16081
G0 F7200 X116.62 Y116.074
G1 F1800 X116.954 Y116.202 E45.1653
G1 X116.954 Y116.673 E45.17121
G1 X116.775 Y116.604 E45.17361
G1 X116.515 Y116.478 E45.17724
G1 X116.514 Y116.023 E45.18294
G1 X116.62 Y116.074 E45.18442
G0 F7200 X116.807 Y116.145
G0 X116.826 Y116.183
G1 F1500 E38.68442
G0 F7200 X116.801 Y116.249
G0 X116.943 Y113.657
G1 F1500 E45.18442
G0 F7200 X116.62 Y113.074
G1 F1800 X116.954 Y113.202 E45.1889
G1 X116.954 Y113.673 E45.19481
G1 X116.775 Y113.604 E45.19721
G1 X116.515 Y113.478 E45.20084
G1 X116.514 Y113.023 E45.20654
G1 X116.62 Y113.074 E45.20802
G0 F7200 X116.807 Y113.145
G0 X116.826 Y113.183
G1 F1500 E38.70802
G0 F7200 X116.801 Y113.249
G0 X119.066 Y113.213
G1 F1500 E45.20802
G0 F7200 X119.38 Y113.074
G1 F1800 X119.485 Y113.023 E45.20948
G1 X119.485 Y113.478 E45.21519
G1 X119.225 Y113.604 E45.21881
G1 X119.046 Y113.673 E45.22122
G1 X119.046 Y113.202 E45.22712
G1 X119.38 Y113.074 E45.23161
G0 F7200 X119.485 Y113.023
G0 X119.485 Y113.107
G0 X119.254 Y113.551
G1 F1500 E38.73161
G0 F7200 X119.228 Y113.491
G0 X119.057 Y110.657
G1 F1500 E45.23161
G0 F7200 X119.38 Y110.074
G1 F1800 X119.485 Y110.023 E45.23307
G1 X119.485 Y110.478 E45.23878
G1 X119.225 Y110.604 E45.2424
G1 X119.046 Y110.673 E45.24481
G1 X119.046 Y110.202 E45.25071
G1 X119.38 Y110.074 E45.2552
G0 F7200 X119.485 Y110.023
G0 X119.485 Y110.107
G0 X119.254 Y110.551
G1 F1500 E38.7552
G0 F7200 X119.228 Y110.491
G0 X116.934 Y110.213
G1 F1500 E45.2552
G0 F7200 X116.62 Y110.074
G1 F1800 X116.954 Y110.202 E45.25969
G1 X116.954 Y110.673 E45.26559
G1 X116.775 Y110.604 E45.268
G1 X116.515 Y110.478 E45.27162
G1 X116.514 Y110.023 E45.27733
G1 X116.62 Y110.074 E45.2788
G0 F7200 X116.807 Y110.145
G0 X116.826 Y110.183
G0 X116.801 Y110.249
G0 X117.819 Y110.213
G0 X120.331 Y108.672
G0 X123.65 Y110.198
G0 X124.62 Y110.074
G1 F1800 X124.954 Y110.202 E45.28329
G1 X124.954 Y110.673 E45.28919
G1 X124.775 Y110.604 E45.2916
G1 X124.515 Y110.478 E45.29522
G1 X124.514 Y110.023 E45.30093
G1 X124.62 Y110.074 E45.3024
G0 F7200 X124.807 Y110.145
G0 X124.826 Y110.183
G1 F1500 E38.8024
G0 F7200 X124.801 Y110.249
G0 X127.066 Y110.213
G1 F1500 E45.3024
G0 F7200 X127.38 Y110.074
G1 F1800 X127.485 Y110.023 E45.30387
G1 X127.486 Y110.477 E45.30956
G1 X127.22 Y110.606 E45.31327
G1 X127.046 Y110.673 E45.31561
G1 X127.046 Y110.202 E45.32151
G1 X127.38 Y110.074 E45.326
G0 F7200 X127.485 Y110.023
G0 X127.485 Y110.107
G0 X127.255 Y110.551
G0 X127.227 Y110.491
G0 X127.475 Y113.04
G0 X127.38 Y113.074
G1 F1800 X127.485 Y113.023 E45.32746
G1 X127.486 Y113.477 E45.33316
G1 X127.22 Y113.606 E45.33686
G1 X127.046 Y113.673 E45.3392
G1 X127.046 Y113.202 E45.34511
G1 X127.38 Y113.074 E45.34959
G0 F7200 X127.485 Y113.023
G0 X127.485 Y113.107
G0 X127.255 Y113.551
G1 F1500 E38.84959
G0 F7200 X127.227 Y113.491
G0 X124.934 Y113.213
G1 F1500 E45.34959
G0 F7200 X124.62 Y113.074
G1 F1800 X124.954 Y113.202 E45.35408
G1 X124.954 Y113.673 E45.35999
G1 X124.775 Y113.604 E45.36239
G1 X124.515 Y113.478 E45.36601
G1 X124.514 Y113.023 E45.37172
G1 X124.62 Y113.074 E45.3732
G0 F7200 X124.807 Y113.145
G0 X124.826 Y113.183
G0 X124.801 Y113.249
G0 X124.524 Y116.039
G0 X124.62 Y116.074
G1 F1800 X124.954 Y116.202 E45.37768
G1 X124.954 Y116.673 E45.38359
G1 X124.775 Y116.604 E45.38599
G1 X124.515 Y116.478 E45.38962
G1 X124.514 Y116.023 E45.39532
G1 X124.62 Y116.074 E45.3968
G0 F7200 X124.807 Y116.145
G0 X124.826 Y116.183
G1 F1500 E38.8968
G0 F7200 X124.801 Y116.249
G0 X127.066 Y116.213
G1 F1500 E45.3968
G0 F7200 X127.38 Y116.074
G1 F1800 X127.485 Y116.023 E45.39826
G1 X127.486 Y116.477 E45.40395
G1 X127.22 Y116.606 E45.40766
G1 X127.046 Y116.673 E45.41
G1 X127.046 Y116.202 E45.41591
G1 X127.38 Y116.074 E45.42039
G0 F7200 X127.485 Y116.023
G0 X127.485 Y116.107
G0 X127.255 Y116.551
G0 X127.227 Y116.491
G0 X127.475 Y119.04
G0 X127.38 Y119.074
G1 F1800 X127.485 Y119.023 E45.42186
G1 X127.486 Y119.477 E45.42755
G1 X127.22 Y119.606 E45.43126
G1 X127.046 Y119.673 E45.43359
G1 X127.046 Y119.202 E45.4395
G1 X127.38 Y119.074 E45.44399
G0 F7200 X127.485 Y119.023
G0 X127.485 Y119.107
G0 X127.255 Y119.551
G1 F1500 E38.94399
G0 F7200 X127.227 Y119.491
G0 X124.938 Y119.213
G1 F1500 E45.44399
G0 F7200 X124.62 Y119.074
G1 F1800 X124.954 Y119.202 E45.44847
G1 X124.954 Y119.673 E45.45438
G1 X124.775 Y119.604 E45.45678
G1 X124.515 Y119.478 E45.46041
G1 X124.514 Y119.022 E45.46613
G1 X124.62 Y119.074 E45.46761
G0 F7200 X124.807 Y119.145
G0 X124.826 Y119.183
G0 X124.801 Y119.249
G0 X125.819 Y119.213
G0 X128.33 Y117.672
G0 X131.65 Y119.199
G0 X132.62 Y119.074
G1 F1800 X132.954 Y119.202 E45.47209
G1 X132.954 Y119.673 E45.478
G1 X132.775 Y119.604 E45.4804
G1 X132.515 Y119.478 E45.48403
G1 X132.514 Y119.022 E45.48975
G1 X132.62 Y119.074 E45.49123
G0 F7200 X132.807 Y119.145
G0 X132.826 Y119.183
G1 F1500 E38.99123
G0 F7200 X132.801 Y119.249
G0 X132.943 Y116.657
G1 F1500 E45.49123
G0 F7200 X132.62 Y116.074
G1 F1800 X132.954 Y116.202 E45.49571
G1 X132.954 Y116.673 E45.50162
G1 X132.775 Y116.604 E45.50402
G1 X132.515 Y116.478 E45.50765
G1 X132.514 Y116.023 E45.51335
G1 X132.62 Y116.074 E45.51483
G0 F7200 X132.807 Y116.145
G0 X132.826 Y116.183
G0 X132.801 Y116.249
G0 X132.943 Y113.657
G0 X132.62 Y113.074
G1 F1800 X132.954 Y113.202 E45.51931
G1 X132.954 Y113.673 E45.52522
G1 X132.775 Y113.604 E45.52763
G1 X132.515 Y113.478 E45.53125
G1 X132.514 Y113.023 E45.53696
G1 X132.62 Y113.074 E45.53843
G0 F7200 X132.807 Y113.145
G0 X132.826 Y113.183
G1 F1500 E39.03843
G0 F7200 X132.801 Y113.249
G0 X132.943 Y110.657
G1 F1500 E45.53843
G0 F7200 X132.62 Y110.074
G1 F1800 X132.954 Y110.202 E45.54292
G1 X132.954 Y110.673 E45.54882
G1 X132.775 Y110.604 E45.55123
G1 X132.515 Y110.478 E45.55485
G1 X132.514 Y110.023 E45.56056
G1 X132.62 Y110.074 E45.56203
G0 F7200 X132.807 Y110.145
G0 X132.826 Y110.183
;MESH:NONMESH
G0 F600 X132.826 Y110.183 Z10.8
G0 F7200 X132.801 Y110.249
G0 X131.65 Y110.04
G0 X128.33 Y108.672
G0 X115.667 Y108.669
G0 X112.35 Y110.039
G0 X111.379 Y110.074
;TIME_ELAPSED:505.936518
;LAYER:53
;TYPE:WALL-OUTER
;MESH:output\A_fina_suporte.stl
G1 F1800 X111.695 Y109.92 E45.56644
G1 X111.696 Y110.375 E45.57215
G1 X111.256 Y110.589 E45.57828
G1 X111.256 Y110.121 E45.58415
G1 X111.379 Y110.074 E45.5858
G0 F7200 X111.559 Y109.987
G0 X111.295 Y110.347
G1 F1500 E39.0858
G0 F7200 X111.356 Y110.347
G0 X111.685 Y112.936
G1 F1500 E45.5858
G0 F7200 X111.379 Y113.074
G1 F1800 X111.695 Y112.92 E45.59021
G1 X111.696 Y113.375 E45.59592
G1 X111.256 Y113.589 E45.60205
G1 X111.256 Y113.121 E45.60792
G1 X111.379 Y113.074 E45.60957
G0 F7200 X111.559 Y112.987
G0 X111.295 Y113.347
G0 X111.356 Y113.347
G0 X111.685 Y115.936
G0 X111.379 Y116.074
G1 F1800 X111.695 Y115.92 E45.61398
G1 X111.696 Y116.375 E45.61969
G1 X111.256 Y116.589 E45.62582
G1 X111.256 Y116.121 E45.63169
G1 X111.379 Y116.074 E45.63334
G0 F7200 X111.559 Y115.987
G0 X111.295 Y116.347
G1 F1500 E39.13334
G0 F7200 X111.356 Y116.347
G0 X111.685 Y118.936
G1 F1500 E45.63334
G0 F7200 X111.379 Y119.074
G1 F1800 X111.695 Y118.92 E45.63775
G1 X111.696 Y119.375 E45.64346
G1 X111.256 Y119.589 E45.64959
G1 X111.256 Y119.121 E45.65546
G1 X111.379 Y119.074 E45.65711
G0 F7200 X111.559 Y118.987
G0 X111.295 Y119.347
G1 F1500 E39.15711
G0 F7200 X111.356 Y119.347
G0 X112.56 Y119.174
G0 X115.44 Y119.167
G0 X116.582 Y119.165
G1 F1500 E45.65711
G0 F7200 X116.621 Y119.074
G1 F1800 X116.744 Y119.121 E45.65876
G1 X116.744 Y119.589 E45.66463
G1 X116.305 Y119.376 E45.66821
G1 X116.304 Y118.92 E45.67373
G1 X116.621 Y119.074 E45.67554
G0 F7200 X116.744 Y119.121
G0 X116.744 Y119.19
G0 X116.705 Y119.191
G1 F1500 E39.17554
G0 F7200 X116.644 Y119.191
G0 X119.276 Y119.165
G1 F1500 E45.67554
G0 F7200 X119.379 Y119.074
G1 F1800 X119.695 Y118.92 E45.67995
G1 X119.696 Y119.375 E45.68566
G1 X119.256 Y119.589 E45.69179
G1 X119.256 Y119.121 E45.69766
G1 X119.379 Y119.074 E45.69931
G0 F7200 X119.559 Y118.987
G0 X119.295 Y119.347
G1 F1500 E39.19931
G0 F7200 X119.356 Y119.347
G0 X119.266 Y116.573
G1 F1500 E45.69931
G0 F7200 X119.379 Y116.074
G1 F1800 X119.695 Y115.92 E45.70372
G1 X119.695 Y116.376 E45.70944
G1 X119.256 Y116.589 E45.71556
G1 X119.256 Y116.121 E45.72143
G1 X119.379 Y116.074 E45.72308
G0 F7200 X119.559 Y115.987
G0 X119.295 Y116.347
G1 F1500 E39.22308
G0 F7200 X119.356 Y116.347
G0 X116.724 Y116.165
G1 F1500 E45.72308
G0 F7200 X116.62 Y116.074
G1 F1800 X116.744 Y116.121 E45.72474
G1 X116.744 Y116.589 E45.73061
G1 X116.305 Y116.376 E45.73418
G1 X116.304 Y115.92 E45.7397
G1 X116.62 Y116.074 E45.7415
G0 F7200 X116.744 Y116.121
G0 X116.744 Y116.189
G0 X116.705 Y116.19
G1 F1500 E39.2415
G0 F7200 X116.644 Y116.19
G0 X116.734 Y113.573
G1 F1500 E45.7415
G0 F7200 X116.62 Y113.074
G1 F1800 X116.744 Y113.121 E45.74316
G1 X116.744 Y113.589 E45.74903
G1 X116.305 Y113.376 E45.7526
G1 X116.304 Y112.92 E45.75812
G1 X116.62 Y113.074 E45.75992
G0 F7200 X116.744 Y113.121
G0 X116.744 Y113.189
G0 X116.705 Y113.19
G1 F1500 E39.25992
G0 F7200 X116.644 Y113.19
G0 X119.276 Y113.165
G1 F1500 E45.75992
G0 F7200 X119.379 Y113.074
G1 F1800 X119.695 Y112.92 E45.76432
G1 X119.695 Y113.376 E45.77004
G1 X119.256 Y113.589 E45.77616
G1 X119.256 Y113.121 E45.78203
G1 X119.379 Y113.074 E45.78368
G0 F7200 X119.559 Y112.987
G0 X119.295 Y113.347
G1 F1500 E39.28368
G0 F7200 X119.356 Y113.347
G0 X119.266 Y110.573
G1 F1500 E45.78368
G0 F7200 X119.379 Y110.074
G1 F1800 X119.695 Y109.92 E45.78809
G1 X119.695 Y110.376 E45.79381
G1 X119.256 Y110.589 E45.79993
G1 X119.256 Y110.121 E45.8058
G1 X119.379 Y110.074 E45.80745
G0 F7200 X119.559 Y109.987
G0 X119.295 Y110.347
G1 F1500 E39.30745
G0 F7200 X119.356 Y110.347
G0 X116.724 Y110.165
G1 F1500 E45.80745
G0 F7200 X116.62 Y110.074
G1 F1800 X116.744 Y110.121 E45.80911
G1 X116.744 Y110.589 E45.81498
G1 X116.305 Y110.376 E45.81855
G1 X116.304 Y109.92 E45.82407
G1 X116.62 Y110.074 E45.82587
G0 F7200 X116.744 Y110.121
G0 X116.744 Y110.189
G0 X116.705 Y110.19
G0 X116.644 Y110.19
G0 X118.399 Y109.53
G0 X120.541 Y108.57
G0 X123.44 Y110.15
G0 X124.581 Y110.165
G0 X124.62 Y110.074
G1 F1800 X124.744 Y110.121 E45.82753
G1 X124.744 Y110.589 E45.8334
G1 X124.305 Y110.376 E45.83697
G1 X124.304 Y109.92 E45.84249
G1 X124.62 Y110.074 E45.84428
G0 F7200 X124.744 Y110.121
G0 X124.744 Y110.189
G0 X124.705 Y110.19
G1 F1500 E39.34428
G0 F7200 X124.644 Y110.19
G0 X127.276 Y110.165
G1 F1500 E45.84428
G0 F7200 X127.379 Y110.074
G1 F1800 X127.695 Y109.92 E45.84869
G1 X127.696 Y110.375 E45.8544
G1 X127.256 Y110.589 E45.86053
G1 X127.256 Y110.121 E45.8664
G1 X127.379 Y110.074 E45.86805
G0 F7200 X127.559 Y109.987
G0 X127.295 Y110.347
G1 F1500 E39.36805
G0 F7200 X127.356 Y110.347
G0 X127.685 Y112.936
G1 F1500 E45.86805
G0 F7200 X127.379 Y113.074
G1 F1800 X127.695 Y112.92 E45.87246
G1 X127.696 Y113.375 E45.87817
G1 X127.256 Y113.589 E45.8843
G1 X127.256 Y113.121 E45.89017
G1 X127.379 Y113.074 E45.89182
G0 F7200 X127.559 Y112.987
G0 X127.295 Y113.347
G0 X127.356 Y113.347
G0 X124.724 Y113.165
G0 X124.62 Y113.074
G1 F1800 X124.744 Y113.121 E45.89349
G1 X124.744 Y113.589 E45.89936
G1 X124.305 Y113.376 E45.90293
G1 X124.304 Y112.92 E45.90845
G1 X124.62 Y113.074 E45.91024
G0 F7200 X124.744 Y113.121
G0 X124.744 Y113.189
G0 X124.705 Y113.19
G1 F1500 E39.41024
G0 F7200 X124.644 Y113.19
G0 X124.314 Y115.936
G1 F1500 E45.91024
G0 F7200 X124.62 Y116.074
G1 F1800 X124.744 Y116.121 E45.91191
G1 X124.744 Y116.589 E45.91778
G1 X124.305 Y116.376 E45.92135
G1 X124.304 Y115.92 E45.92687
G1 X124.62 Y116.074 E45.92866
G0 F7200 X124.744 Y116.121
G0 X124.744 Y116.189
G0 X124.705 Y116.19
G0 X124.644 Y116.19
G0 X127.276 Y116.165
G0 X127.379 Y116.074
G1 F1800 X127.695 Y115.92 E45.93307
G1 X127.696 Y116.375 E45.93878
G1 X127.256 Y116.589 E45.94491
G1 X127.256 Y116.121 E45.95078
G1 X127.379 Y116.074 E45.95243
G0 F7200 X127.559 Y115.987
G0 X127.295 Y116.347
G1 F1500 E39.45243
G0 F7200 X127.356 Y116.347
G0 X127.685 Y118.936
G1 F1500 E45.95243
G0 F7200 X127.379 Y119.074
G1 F1800 X127.695 Y118.92 E45.95684
G1 X127.696 Y119.375 E45.96255
G1 X127.256 Y119.589 E45.96868
G1 X127.256 Y119.121 E45.97455
G1 X127.379 Y119.074 E45.9762
G0 F7200 X127.559 Y118.987
G0 X127.295 Y119.347
G1 F1500 E39.4762
G0 F7200 X127.356 Y119.347
G0 X124.724 Y119.165
G1 F1500 E45.9762
G0 F7200 X124.621 Y119.074
G1 F1800 X124.744 Y119.121 E45.97785
G1 X124.744 Y119.589 E45.98372
G1 X124.305 Y119.376 E45.9873
G1 X124.304 Y118.92 E45.99282
G1 X124.621 Y119.074 E45.99463
G0 F7200 X124.744 Y119.121
G0 X124.744 Y119.19
G0 X124.705 Y119.191
G0 X124.644 Y119.191
G0 X126.399 Y118.53
G0 X128.54 Y117.57
G0 X131.44 Y119.151
G0 X132.582 Y119.165
G0 X132.621 Y119.074
G1 F1800 X132.744 Y119.121 E45.99628
G1 X132.744 Y119.589 E46.00215
G1 X132.305 Y119.376 E46.00573
G1 X132.304 Y118.92 E46.01125
G1 X132.621 Y119.074 E46.01306
G0 F7200 X132.744 Y119.121
G0 X132.744 Y119.19
G0 X132.705 Y119.191
G1 F1500 E39.51306
G0 F7200 X132.644 Y119.191
G0 X132.734 Y116.573
G1 F1500 E46.01306
G0 F7200 X132.62 Y116.074
G1 F1800 X132.744 Y116.121 E46.01472
G1 X132.744 Y116.589 E46.02059
G1 X132.305 Y116.376 E46.02417
G1 X132.304 Y115.92 E46.02969
G1 X132.62 Y116.074 E46.03148
G0 F7200 X132.744 Y116.121
G0 X132.744 Y116.189
G0 X132.705 Y116.19
G0 X132.644 Y116.19
G0 X132.734 Y113.573
G0 X132.62 Y113.074
G1 F1800 X132.744 Y113.121 E46.03314
G1 X132.744 Y113.589 E46.03901
G1 X132.305 Y113.376 E46.04259
G1 X132.304 Y112.92 E46.04811
G1 X132.62 Y113.074 E46.0499
G0 F7200 X132.744 Y113.121
G0 X132.744 Y113.189
G0 X132.705 Y113.19
G1 F1500 E39.5499
G0 F7200 X132.644 Y113.19
G0 X132.734 Y110.573
G1 F1500 E46.0499
G0 F7200 X132.62 Y110.074
G1 F1800 X132.744 Y110.121 E46.05156
G1 X132.744 Y110.589 E46.05743
G1 X132.305 Y110.376 E46.061
G1 X132.304 Y109.92 E46.06652
G1 X132.62 Y110.074 E46.06832
G0 F7200 X132.744 Y110.121
G0 X132.744 Y110.189
G0 X132.705 Y110.19
;MESH:NONMESH
G0 F600 X132.705 Y110.19 Z11
G0 F7200 X132.644 Y110.19
G0 X131.44 Y110.229
G0 X126.409 Y111.822
G0 X120.553 Y110.913
G0 X119.563 Y111.4
G0 X118.409 Y111.822
G0 X112.56 Y110.364
G0 X111.906 Y110.273
;TIME_ELAPSED:518.962591
;LAYER:54
;TYPE:WALL-OUTER
;MESH:output\A_fina_suporte.stl
G1 F1800 X111.466 Y110.487 E46.07445
G1 X111.466 Y110.032 E46.08016
G1 X111.905 Y109.818 E46.08628
G1 X111.906 Y110.273 E46.09199
G0 F7200 X111.727 Y110.36
G0 X111.723 Y110.351
G1 F1500 E39.59199
G0 F7200 X111.686 Y110.27
G0 X111.895 Y112.834
G1 F1500 E46.09199
G0 F7200 X111.906 Y113.273
G1 F1800 X111.466 Y113.487 E46.09812
G1 X111.466 Y113.032 E46.10383
G1 X111.905 Y112.818 E46.10995
G1 X111.906 Y113.273 E46.11566
G0 F7200 X111.727 Y113.36
G0 X111.723 Y113.351
G1 F1500 E39.61566
G0 F7200 X111.686 Y113.27
G0 X111.895 Y115.834
G1 F1500 E46.11566
G0 F7200 X111.906 Y116.273
G1 F1800 X111.466 Y116.487 E46.1218
G1 X111.466 Y116.032 E46.1275
G1 X111.905 Y115.818 E46.13363
G1 X111.906 Y116.273 E46.13933
G0 F7200 X111.727 Y116.36
G0 X111.723 Y116.351
G1 F1500 E39.63933
G0 F7200 X111.686 Y116.27
G0 X111.895 Y118.834
G1 F1500 E46.13933
G0 F7200 X111.906 Y119.273
G1 F1800 X111.466 Y119.487 E46.14547
G1 X111.466 Y119.032 E46.15117
G1 X111.905 Y118.818 E46.1573
G1 X111.906 Y119.273 E46.163
G0 F7200 X111.727 Y119.36
G0 X111.723 Y119.351
G1 F1500 E39.663
G0 F7200 X111.686 Y119.27
G0 X112.77 Y119.092
G0 X115.23 Y119.087
G0 X116.434 Y119.084
G1 F1500 E46.163
G0 F7200 X116.534 Y119.031
G1 F1800 X116.534 Y119.487 E46.16872
G1 X116.095 Y119.274 E46.17484
G1 X116.094 Y118.818 E46.18056
G1 X116.534 Y119.031 E46.18669
G0 F7200 X116.534 Y119.231
G0 X116.495 Y119.232
G1 F1500 E39.68669
G0 F7200 X116.434 Y119.232
G0 X116.524 Y116.471
G1 F1500 E46.18669
G0 F7200 X116.534 Y116.031
G1 F1800 X116.534 Y116.487 E46.19241
G1 X116.095 Y116.274 E46.19853
G1 X116.094 Y115.817 E46.20426
G1 X116.534 Y116.031 E46.2104
G0 F7200 X116.534 Y116.231
G0 X116.495 Y116.232
G1 F1500 E39.7104
G0 F7200 X116.434 Y116.232
G0 X116.524 Y113.471
G1 F1500 E46.2104
G0 F7200 X116.534 Y113.032
G1 F1800 X116.534 Y113.487 E46.2161
G1 X116.095 Y113.274 E46.22222
G1 X116.094 Y112.818 E46.22794
G1 X116.534 Y113.032 E46.23407
G0 F7200 X116.534 Y113.232
G0 X116.495 Y113.233
G1 F1500 E39.73407
G0 F7200 X116.434 Y113.233
G0 X116.524 Y110.471
G1 F1500 E46.23407
G0 F7200 X116.534 Y110.032
G1 F1800 X116.534 Y110.487 E46.23978
G1 X116.095 Y110.274 E46.2459
G1 X116.094 Y109.818 E46.25162
G1 X116.534 Y110.032 E46.25775
G0 F7200 X116.534 Y110.232
G0 X116.495 Y110.233
G1 F1500 E39.75775
G0 F7200 X116.434 Y110.233
G0 X118.601 Y110.206
G0 X119.815 Y110.206
G1 F1500 E46.25775
G0 F7200 X119.905 Y110.274
G1 F1800 X119.466 Y110.487 E46.26387
G1 X119.466 Y110.032 E46.26958
G1 X119.905 Y109.819 E46.2757
G1 X119.905 Y110.274 E46.2814
G0 F7200 X119.725 Y110.361
G0 X119.721 Y110.353
G1 F1500 E39.7814
G0 F7200 X119.684 Y110.27
G0 X119.895 Y112.835
G1 F1500 E46.2814
G0 F7200 X119.905 Y113.274
G1 F1800 X119.466 Y113.487 E46.28752
G1 X119.466 Y113.032 E46.29323
G1 X119.905 Y112.819 E46.29935
G1 X119.905 Y113.274 E46.30505
G0 F7200 X119.725 Y113.361
G0 X119.721 Y113.353
G1 F1500 E39.80505
G0 F7200 X119.684 Y113.27
G0 X119.895 Y115.835
G1 F1500 E46.30505
G0 F7200 X119.905 Y116.274
G1 F1800 X119.466 Y116.487 E46.31117
G1 X119.466 Y116.032 E46.31688
G1 X119.905 Y115.819 E46.323
G1 X119.905 Y116.274 E46.3287
G0 F7200 X119.725 Y116.361
G0 X119.721 Y116.353
G1 F1500 E39.8287
G0 F7200 X119.684 Y116.27
G0 X119.895 Y118.834
G1 F1500 E46.3287
G0 F7200 X119.906 Y119.273
G1 F1800 X119.466 Y119.487 E46.33484
G1 X119.466 Y119.032 E46.34054
G1 X119.905 Y118.818 E46.34667
G1 X119.906 Y119.273 E46.35237
G0 F7200 X119.727 Y119.36
G0 X119.723 Y119.351
G1 F1500 E39.85237
G0 F7200 X119.686 Y119.27
G0 X120.77 Y119.092
G0 X123.23 Y119.087
G0 X124.434 Y119.084
G1 F1500 E46.35237
G0 F7200 X124.534 Y119.031
G1 F1800 X124.534 Y119.487 E46.35809
G1 X124.095 Y119.274 E46.36421
G1 X124.094 Y118.818 E46.36993
G1 X124.534 Y119.031 E46.37606
G0 F7200 X124.534 Y119.231
G0 X124.495 Y119.232
G1 F1500 E39.87606
G0 F7200 X124.434 Y119.232
G0 X124.524 Y116.471
G1 F1500 E46.37606
G0 F7200 X124.534 Y116.031
G1 F1800 X124.534 Y116.487 E46.38178
G1 X124.095 Y116.274 E46.3879
G1 X124.094 Y115.817 E46.39363
G1 X124.534 Y116.031 E46.39976
G0 F7200 X124.534 Y116.231
G0 X124.495 Y116.232
G1 F1500 E39.89976
G0 F7200 X124.434 Y116.232
G0 X124.524 Y113.471
G1 F1500 E46.39976
G0 F7200 X124.534 Y113.032
G1 F1800 X124.534 Y113.487 E46.40547
G1 X124.095 Y113.274 E46.41159
G1 X124.094 Y112.818 E46.41731
G1 X124.534 Y113.032 E46.42344
G0 F7200 X124.534 Y113.232
G0 X124.495 Y113.233
G1 F1500 E39.92344
G0 F7200 X124.434 Y113.233
G0 X124.524 Y110.471
G1 F1500 E46.42344
G0 F7200 X124.534 Y110.032
G1 F1800 X124.534 Y110.487 E46.42915
G1 X124.095 Y110.274 E46.43527
G1 X124.094 Y109.818 E46.44099
G1 X124.534 Y110.032 E46.44712
G0 F7200 X124.534 Y110.232
G0 X124.495 Y110.233
G1 F1500 E39.94712
G0 F7200 X124.434 Y110.233
G0 X126.601 Y110.22
G0 X127.805 Y110.22
G1 F1500 E46.44712
G0 F7200 X127.906 Y110.273
G1 F1800 X127.466 Y110.487 E46.45326
G1 X127.466 Y110.032 E46.45896
G1 X127.905 Y109.818 E46.46509
G1 X127.906 Y110.273 E46.47079
G0 F7200 X127.727 Y110.36
G0 X127.723 Y110.351
G1 F1500 E39.97079
G0 F7200 X127.686 Y110.27
G0 X127.895 Y112.834
G1 F1500 E46.47079
G0 F7200 X127.906 Y113.273
G1 F1800 X127.466 Y113.487 E46.47693
G1 X127.466 Y113.032 E46.48264
G1 X127.905 Y112.818 E46.48876
G1 X127.906 Y113.273 E46.49447
G0 F7200 X127.727 Y113.36
G0 X127.723 Y113.351
G1 F1500 E39.99447
G0 F7200 X127.686 Y113.27
G0 X127.895 Y115.834
G1 F1500 E46.49447
G0 F7200 X127.906 Y116.273
G1 F1800 X127.466 Y116.487 E46.5006
G1 X127.466 Y116.032 E46.50631
G1 X127.905 Y115.818 E46.51243
G1 X127.906 Y116.273 E46.51814
G0 F7200 X127.727 Y116.36
G0 X127.723 Y116.351
G1 F1500 E40.01814
G0 F7200 X127.686 Y116.27
G0 X127.895 Y118.834
G1 F1500 E46.51814
G0 F7200 X127.906 Y119.273
G1 F1800 X127.466 Y119.487 E46.52427
G1 X127.466 Y119.032 E46.52998
G1 X127.905 Y118.818 E46.53611
G1 X127.906 Y119.273 E46.54181
G0 F7200 X127.727 Y119.36
G0 X127.723 Y119.351
G1 F1500 E40.04181
G0 F7200 X127.686 Y119.27
G0 X128.77 Y119.092
G0 X131.23 Y119.087
G0 X132.434 Y119.084
G1 F1500 E46.54181
G0 F7200 X132.534 Y119.031
G1 F1800 X132.534 Y119.487 E46.54753
G1 X132.095 Y119.274 E46.55365
G1 X132.094 Y118.818 E46.55937
G1 X132.534 Y119.031 E46.5655
G0 F7200 X132.534 Y119.231
G0 X132.495 Y119.232
G0 X132.434 Y119.232
G0 X132.524 Y116.471
G0 X132.534 Y116.031
G1 F1800 X132.534 Y116.487 E46.57122
G1 X132.095 Y116.274 E46.57733
G1 X132.094 Y115.817 E46.58307
G1 X132.534 Y116.031 E46.5892
G0 F7200 X132.534 Y116.231
G0 X132.495 Y116.232
G1 F1500 E40.0892
G0 F7200 X132.434 Y116.232
G0 X132.524 Y113.471
G1 F1500 E46.5892
G0 F7200 X132.534 Y113.032
G1 F1800 X132.534 Y113.487 E46.59491
G1 X132.095 Y113.274 E46.60103
G1 X132.094 Y112.818 E46.60674
G1 X132.534 Y113.032 E46.61288
G0 F7200 X132.534 Y113.232
G0 X132.495 Y113.233
G0 X132.434 Y113.233
G0 X132.524 Y110.471
G0 X132.534 Y110.032
G1 F1800 X132.534 Y110.487 E46.61859
G1 X132.095 Y110.274 E46.62471
G1 X132.094 Y109.818 E46.63042
G1 X132.534 Y110.032 E46.63656
G0 F7200 X132.534 Y110.232
G0 X132.495 Y110.233
;MESH:NONMESH
G0 F600 X132.495 Y110.233 Z11.2
G0 F7200 X132.434 Y110.233
G0 X131.23 Y110.128
G0 X126.619 Y111.743
G0 X125.381 Y111.743
G0 X120.763 Y110.811
G0 X119.564 Y111.4
G0 X118.619 Y111.743
G0 X117.381 Y111.743
G0 X112.77 Y110.262
G0 X112.116 Y110.171
;TIME_ELAPSED:533.838215
;LAYER:55
;TYPE:WALL-OUTER
;MESH:output\A_fina_suporte.stl
G1 F1800 X111.675 Y110.385 E46.64271
G1 X111.675 Y109.93 E46.64841
G1 X112.116 Y109.716 E46.65456
G1 X112.116 Y110.171 E46.66027
G0 F7200 X111.936 Y110.258
G0 X111.932 Y110.25
G0 X111.895 Y110.167
G0 X112.106 Y112.731
G0 X112.116 Y113.171
G1 F1800 X111.675 Y113.385 E46.66641
G1 X111.676 Y112.929 E46.67213
G1 X112.116 Y112.715 E46.67827
G1 X112.116 Y113.171 E46.68398
G0 F7200 X111.936 Y113.258
G0 X111.933 Y113.248
G0 X111.895 Y113.167
G0 X112.106 Y115.731
G0 X112.116 Y116.171
G1 F1800 X111.675 Y116.385 E46.69013
G1 X111.676 Y115.929 E46.69585
G1 X112.116 Y115.715 E46.70199
G1 X112.116 Y116.171 E46.7077
G0 F7200 X111.936 Y116.258
G0 X111.933 Y116.248
G0 X111.895 Y116.167
G0 X112.106 Y118.732
G0 X112.116 Y119.171
G1 F1800 X111.675 Y119.385 E46.71385
G1 X111.675 Y118.93 E46.71956
G1 X112.116 Y118.716 E46.7257
G1 X112.116 Y119.171 E46.73141
G0 F7200 X111.936 Y119.258
G0 X111.932 Y119.25
G0 X111.895 Y119.167
G0 X112.981 Y118.982
G0 X115.019 Y118.992
G0 X116.224 Y118.982
G0 X116.324 Y118.929
G1 F1800 X116.324 Y119.385 E46.73713
G1 X115.884 Y119.171 E46.74326
G1 X115.885 Y118.716 E46.74897
G1 X116.324 Y118.929 E46.75509
G0 F7200 X116.324 Y119.129
G0 X116.284 Y119.129
G0 X116.224 Y119.129
G0 X116.315 Y116.369
G0 X116.324 Y115.929
G1 F1800 X116.325 Y116.385 E46.76081
G1 X115.885 Y116.172 E46.76694
G1 X115.884 Y115.716 E46.77266
G1 X116.324 Y115.929 E46.77879
G0 F7200 X116.324 Y116.129
G0 X116.285 Y116.129
G0 X116.224 Y116.128
G0 X116.315 Y113.369
G0 X116.324 Y112.929
G1 F1800 X116.325 Y113.385 E46.78451
G1 X115.885 Y113.172 E46.79064
G1 X115.884 Y112.716 E46.79635
G1 X116.324 Y112.929 E46.80248
G0 F7200 X116.324 Y113.129
G0 X116.285 Y113.129
G0 X116.224 Y113.128
G0 X116.315 Y110.369
G0 X116.324 Y109.929
G1 F1800 X116.325 Y110.385 E46.8082
G1 X115.885 Y110.172 E46.81433
G1 X115.884 Y109.716 E46.82005
G1 X116.324 Y109.929 E46.82618
G0 F7200 X116.324 Y110.129
G0 X116.285 Y110.129
G0 X116.224 Y110.128
G0 X118.81 Y110.121
G0 X120.025 Y110.104
G0 X120.115 Y110.172
G1 F1800 X119.675 Y110.385 E46.83231
G1 X119.676 Y109.929 E46.83803
G1 X120.116 Y109.716 E46.84416
G1 X120.115 Y110.172 E46.84988
G0 F7200 X119.935 Y110.259
G0 X119.931 Y110.25
G0 X119.893 Y110.168
G0 X120.106 Y112.732
G0 X120.115 Y113.172
G1 F1800 X119.675 Y113.385 E46.85601
G1 X119.676 Y112.929 E46.86173
G1 X120.116 Y112.716 E46.86786
G1 X120.115 Y113.172 E46.87358
G0 F7200 X119.935 Y113.259
G0 X119.931 Y113.25
G0 X119.893 Y113.168
G0 X120.106 Y115.732
G0 X120.115 Y116.172
G1 F1800 X119.675 Y116.385 E46.87971
G1 X119.676 Y115.929 E46.88543
G1 X120.116 Y115.716 E46.89156
G1 X120.115 Y116.172 E46.89727
G0 F7200 X119.935 Y116.259
G0 X119.931 Y116.25
G0 X119.893 Y116.168
G0 X120.106 Y118.732
G0 X120.116 Y119.171
G1 F1800 X119.676 Y119.385 E46.90341
G1 X119.675 Y118.93 E46.90912
G1 X120.116 Y118.716 E46.91526
G1 X120.116 Y119.171 E46.92097
G0 F7200 X119.937 Y119.258
G0 X119.932 Y119.25
G0 X119.895 Y119.168
G0 X120.981 Y118.982
G0 X123.019 Y118.992
G0 X124.224 Y118.982
G0 X124.324 Y118.929
G1 F1800 X124.324 Y119.385 E46.92669
G1 X123.884 Y119.171 E46.93282
G1 X123.885 Y118.716 E46.93853
G1 X124.324 Y118.929 E46.94465
G0 F7200 X124.324 Y119.129
G0 X124.284 Y119.129
G0 X124.224 Y119.129
G0 X124.315 Y116.369
G0 X124.324 Y115.929
G1 F1800 X124.325 Y116.385 E46.95037
G1 X123.885 Y116.172 E46.9565
G1 X123.884 Y115.716 E46.96221
G1 X124.324 Y115.929 E46.96835
G0 F7200 X124.324 Y116.129
G0 X124.285 Y116.129
G0 X124.224 Y116.128
G0 X124.315 Y113.369
G0 X124.324 Y112.929
G1 F1800 X124.325 Y113.385 E46.97406
G1 X123.885 Y113.172 E46.98019
G1 X123.884 Y112.716 E46.98591
G1 X124.324 Y112.929 E46.99204
G0 F7200 X124.324 Y113.129
G0 X124.285 Y113.129
G0 X124.224 Y113.128
G0 X124.315 Y110.369
G0 X124.324 Y109.929
G1 F1800 X124.325 Y110.385 E46.99776
G1 X123.885 Y110.172 E47.00389
G1 X123.884 Y109.716 E47.00961
G1 X124.324 Y109.929 E47.01574
G0 F7200 X124.324 Y110.129
G0 X124.285 Y110.129
G0 X124.224 Y110.128
G0 X126.81 Y110.111
G0 X128.026 Y110.103
G0 X128.116 Y110.171
G1 F1800 X127.675 Y110.385 E47.02189
G1 X127.675 Y109.93 E47.02759
G1 X128.116 Y109.716 E47.03374
G1 X128.116 Y110.171 E47.03945
G0 F7200 X127.936 Y110.258
G0 X127.932 Y110.25
G0 X127.895 Y110.167
G0 X128.106 Y112.731
G0 X128.116 Y113.171
G1 F1800 X127.675 Y113.385 E47.04559
G1 X127.676 Y112.929 E47.05131
G1 X128.116 Y112.715 E47.05745
G1 X128.116 Y113.171 E47.06317
G0 F7200 X127.936 Y113.258
G0 X127.933 Y113.248
G0 X127.895 Y113.167
G0 X128.106 Y115.731
G0 X128.116 Y116.171
G1 F1800 X127.675 Y116.385 E47.06931
G1 X127.676 Y115.929 E47.07503
G1 X128.116 Y115.715 E47.08117
G1 X128.116 Y116.171 E47.08689
G0 F7200 X127.936 Y116.258
G0 X127.933 Y116.248
G0 X127.895 Y116.167
G0 X128.106 Y118.732
G0 X128.116 Y119.171
G1 F1800 X127.675 Y119.385 E47.09303
G1 X127.675 Y118.93 E47.09874
G1 X128.116 Y118.716 E47.10488
G1 X128.116 Y119.171 E47.11059
G0 F7200 X127.936 Y119.258
G0 X127.932 Y119.25
G0 X127.895 Y119.167
G0 X128.981 Y118.982
G0 X131.019 Y118.992
G0 X132.224 Y118.982
G0 X132.324 Y118.929
G1 F1800 X132.324 Y119.385 E47.11631
G1 X131.884 Y119.171 E47.12245
G1 X131.885 Y118.716 E47.12815
G1 X132.324 Y118.929 E47.13427
G0 F7200 X132.324 Y119.129
G0 X132.284 Y119.129
G0 X132.224 Y119.129
G0 X132.315 Y116.369
G0 X132.324 Y115.929
G1 F1800 X132.325 Y116.385 E47.13999
G1 X131.885 Y116.172 E47.14612
G1 X131.884 Y115.716 E47.15184
G1 X132.324 Y115.929 E47.15797
G0 F7200 X132.324 Y116.129
G0 X132.285 Y116.129
G0 X132.224 Y116.128
G0 X132.315 Y113.369
G0 X132.324 Y112.929
G1 F1800 X132.325 Y113.385 E47.16369
G1 X131.885 Y113.172 E47.16982
G1 X131.884 Y112.716 E47.17553
G1 X132.324 Y112.929 E47.18166
G0 F7200 X132.324 Y113.129
G0 X132.285 Y113.129
G0 X132.224 Y113.128
G0 X132.315 Y110.369
G0 X132.324 Y109.929
G1 F1800 X132.325 Y110.385 E47.18738
G1 X131.885 Y110.172 E47.19351
G1 X131.884 Y109.716 E47.19923
G1 X132.324 Y109.929 E47.20536
G0 F7200 X132.324 Y110.129
G0 X132.285 Y110.129
;MESH:NONMESH
G0 F600 X132.285 Y110.129 Z11.4
G0 F7200 X132.224 Y110.128
G0 X131.02 Y110.027
G0 X128.962 Y108.364
G0 X115.037 Y108.364
G0 X112.981 Y110.026
G0 X112.325 Y110.069
;TIME_ELAPSED:537.452873
;LAYER:56
;TYPE:WALL-OUTER
;MESH:output\A_fina_suporte.stl
G1 F1800 X111.885 Y110.283 E47.2115
G1 X111.885 Y109.828 E47.2172
G1 X112.325 Y109.614 E47.22334
G1 X112.325 Y110.069 E47.22905
G0 F7200 X112.146 Y110.156
G0 X112.142 Y110.147
G0 X112.105 Y110.066
G0 X112.315 Y112.63
G0 X112.325 Y113.069
G1 F1800 X111.885 Y113.283 E47.23518
G1 X111.886 Y112.827 E47.2409
G1 X112.325 Y112.614 E47.24702
G1 X112.325 Y113.069 E47.25272
G0 F7200 X112.146 Y113.156
G0 X112.141 Y113.148
G0 X112.104 Y113.066
G0 X112.315 Y115.63
G0 X112.325 Y116.069
G1 F1800 X111.885 Y116.283 E47.25886
G1 X111.886 Y115.827 E47.26458
G1 X112.325 Y115.614 E47.2707
G1 X112.325 Y116.069 E47.2764
G0 F7200 X112.146 Y116.156
G0 X112.141 Y116.148
G0 X112.104 Y116.066
G0 X112.315 Y118.63
G0 X112.325 Y119.069
G1 F1800 X111.885 Y119.283 E47.28254
G1 X111.885 Y118.828 E47.28825
G1 X112.325 Y118.614 E47.29438
G1 X112.325 Y119.069 E47.30009
G0 F7200 X112.146 Y119.156
G0 X112.142 Y119.147
G0 X112.105 Y119.066
G0 X113.19 Y118.88
G0 X114.81 Y118.889
G0 X116.014 Y118.88
G0 X116.114 Y118.827
G1 F1800 X116.114 Y119.282 E47.30579
G1 X115.675 Y119.069 E47.31191
G1 X115.676 Y118.614 E47.31762
G1 X116.114 Y118.827 E47.32373
G0 F7200 X116.114 Y119.027
G0 X116.075 Y119.027
G0 X116.014 Y119.027
G0 X116.105 Y116.267
G0 X116.114 Y115.827
G1 F1800 X116.115 Y116.283 E47.32944
G1 X115.676 Y116.07 E47.33556
G1 X115.675 Y115.614 E47.34128
G1 X116.114 Y115.827 E47.3474
G0 F7200 X116.114 Y116.027
G0 X116.076 Y116.027
G0 X116.014 Y116.026
G0 X116.105 Y113.267
G0 X116.114 Y112.827
G1 F1800 X116.115 Y113.283 E47.35312
G1 X115.676 Y113.07 E47.35924
G1 X115.675 Y112.614 E47.36496
G1 X116.114 Y112.827 E47.37108
G0 F7200 X116.114 Y113.027
G0 X116.076 Y113.027
G0 X116.014 Y113.026
G0 X116.105 Y110.267
G0 X116.114 Y109.827
G1 F1800 X116.115 Y110.283 E47.37679
G1 X115.676 Y110.07 E47.38291
G1 X115.675 Y109.614 E47.38863
G1 X116.114 Y109.827 E47.39475
G0 F7200 X116.114 Y110.027
G0 X116.076 Y110.027
G0 X116.014 Y110.026
G0 X119.02 Y110.021
G0 X120.234 Y110.002
G0 X120.324 Y110.07
G1 F1800 X119.885 Y110.283 E47.40087
G1 X119.886 Y109.827 E47.40659
G1 X120.325 Y109.614 E47.41271
G1 X120.324 Y110.07 E47.41842
G0 F7200 X120.144 Y110.157
G0 X120.14 Y110.148
G0 X120.103 Y110.066
G0 X120.315 Y112.63
G0 X120.324 Y113.07
G1 F1800 X119.885 Y113.283 E47.42454
G1 X119.886 Y112.827 E47.43026
G1 X120.325 Y112.614 E47.43638
G1 X120.324 Y113.07 E47.4421
G0 F7200 X120.144 Y113.157
G0 X120.14 Y113.148
G0 X120.103 Y113.066
G0 X120.315 Y115.63
G0 X120.324 Y116.07
G1 F1800 X119.885 Y116.283 E47.44822
G1 X119.886 Y115.827 E47.45394
G1 X120.325 Y115.614 E47.46006
G1 X120.324 Y116.07 E47.46577
G0 F7200 X120.144 Y116.157
G0 X120.14 Y116.148
G0 X120.103 Y116.066
G0 X120.315 Y118.63
G0 X120.325 Y119.069
G1 F1800 X119.886 Y119.283 E47.4719
G1 X119.885 Y118.828 E47.4776
G1 X120.325 Y118.614 E47.48374
G1 X120.325 Y119.069 E47.48945
G0 F7200 X120.146 Y119.156
G0 X120.142 Y119.147
G0 X120.105 Y119.066
G0 X121.19 Y118.88
G0 X122.81 Y118.889
G0 X124.014 Y118.88
G0 X124.114 Y118.827
G1 F1800 X124.114 Y119.282 E47.49515
G1 X123.675 Y119.069 E47.50127
G1 X123.676 Y118.614 E47.50698
G1 X124.114 Y118.827 E47.51309
G0 F7200 X124.114 Y119.027
G0 X124.075 Y119.027
G0 X124.014 Y119.027
G0 X124.105 Y116.267
G0 X124.114 Y115.827
G1 F1800 X124.115 Y116.283 E47.5188
G1 X123.676 Y116.07 E47.52492
G1 X123.675 Y115.614 E47.53064
G1 X124.114 Y115.827 E47.53676
G0 F7200 X124.114 Y116.027
G0 X124.076 Y116.027
G0 X124.014 Y116.026
G0 X124.105 Y113.267
G0 X124.114 Y112.827
G1 F1800 X124.115 Y113.283 E47.54248
G1 X123.676 Y113.07 E47.5486
G1 X123.675 Y112.614 E47.55432
G1 X124.114 Y112.827 E47.56043
G0 F7200 X124.114 Y113.027
G0 X124.076 Y113.027
G0 X124.014 Y113.026
G0 X124.105 Y110.267
G0 X124.114 Y109.827
G1 F1800 X124.115 Y110.283 E47.56615
G1 X123.676 Y110.07 E47.57227
G1 X123.675 Y109.614 E47.57799
G1 X124.114 Y109.827 E47.58411
G0 F7200 X124.114 Y110.027
G0 X124.076 Y110.027
G0 X124.014 Y110.026
G0 X127.02 Y110.011
G0 X128.235 Y110.002
G0 X128.325 Y110.069
G1 F1800 X127.885 Y110.283 E47.59025
G1 X127.885 Y109.828 E47.59595
G1 X128.325 Y109.614 E47.60209
G1 X128.325 Y110.069 E47.60779
G0 F7200 X128.146 Y110.156
G0 X128.142 Y110.147
G0 X128.105 Y110.066
G0 X128.315 Y112.63
G0 X128.325 Y113.069
G1 F1800 X127.885 Y113.283 E47.61393
G1 X127.886 Y112.827 E47.61965
G1 X128.325 Y112.614 E47.62577
G1 X128.325 Y113.069 E47.63147
G0 F7200 X128.146 Y113.156
G0 X128.141 Y113.148
G0 X128.104 Y113.066
G0 X128.315 Y115.63
G0 X128.325 Y116.069
G1 F1800 X127.885 Y116.283 E47.63761
G1 X127.886 Y115.827 E47.64333
G1 X128.325 Y115.614 E47.64945
G1 X128.325 Y116.069 E47.65515
G0 F7200 X128.146 Y116.156
G0 X128.141 Y116.148
G0 X128.104 Y116.066
G0 X128.315 Y118.63
G0 X128.325 Y119.069
G1 F1800 X127.885 Y119.283 E47.66129
G1 X127.885 Y118.828 E47.66699
G1 X128.325 Y118.614 E47.67313
G1 X128.325 Y119.069 E47.67883
G0 F7200 X128.146 Y119.156
G0 X128.142 Y119.147
G0 X128.105 Y119.066
G0 X129.19 Y118.88
G0 X130.81 Y118.889
G0 X132.014 Y118.88
G0 X132.114 Y118.827
G1 F1800 X132.114 Y119.282 E47.68454
G1 X131.675 Y119.069 E47.69066
G1 X131.676 Y118.614 E47.69637
G1 X132.114 Y118.827 E47.70247
G0 F7200 X132.114 Y119.027
G0 X132.075 Y119.027
G0 X132.014 Y119.027
G0 X132.105 Y116.267
G0 X132.114 Y115.827
G1 F1800 X132.115 Y116.283 E47.70819
G1 X131.676 Y116.07 E47.71431
G1 X131.675 Y115.614 E47.72003
G1 X132.114 Y115.827 E47.72615
G0 F7200 X132.114 Y116.027
G0 X132.076 Y116.027
G0 X132.014 Y116.026
G0 X132.105 Y113.267
G0 X132.114 Y112.827
G1 F1800 X132.115 Y113.283 E47.73187
G1 X131.676 Y113.07 E47.73799
G1 X131.675 Y112.614 E47.7437
G1 X132.114 Y112.827 E47.74982
G0 F7200 X132.114 Y113.027
G0 X132.076 Y113.027
G0 X132.014 Y113.026
G0 X132.105 Y110.267
G0 X132.114 Y109.827
G1 F1800 X132.115 Y110.283 E47.75554
G1 X131.676 Y110.07 E47.76166
G1 X131.675 Y109.614 E47.76738
G1 X132.114 Y109.827 E47.7735
G0 F7200 X132.114 Y110.027
G0 X132.076 Y110.027
;MESH:NONMESH
G0 F600 X132.076 Y110.027 Z11.6
G0 F7200 X132.014 Y110.026
G0 X130.811 Y109.927
G0 X129.171 Y108.262
G0 X114.828 Y108.262
G0 X113.19 Y109.926
G0 X112.534 Y109.968
;TIME_ELAPSED:541.064205
;LAYER:57
;TYPE:WALL-OUTER
;MESH:output\A_fina_suporte.stl
G1 F1800 X112.096 Y110.181 E47.77961
G1 X112.095 Y109.726 E47.78531
G1 X112.534 Y109.513 E47.79143
G1 X112.534 Y109.968 E47.79714
G0 F7200 X112.355 Y110.055
G0 X112.351 Y110.047
G1 F1500 E41.29714
G0 F7200 X112.313 Y109.965
G0 X112.524 Y112.529
G1 F1500 E47.79714
G0 F7200 X112.535 Y112.968
G1 F1800 X112.096 Y113.181 E47.80325
G1 X112.096 Y112.725 E47.80897
G1 X112.534 Y112.513 E47.81508
G1 X112.535 Y112.968 E47.82078
G0 F7200 X112.355 Y113.055
G0 X112.351 Y113.046
G0 X112.314 Y112.964
G0 X112.524 Y115.529
G0 X112.534 Y115.968
G1 F1800 X112.096 Y116.181 E47.82689
G1 X112.096 Y115.725 E47.83261
G1 X112.534 Y115.513 E47.83871
G1 X112.534 Y115.968 E47.84442
G0 F7200 X112.355 Y116.055
G0 X112.351 Y116.046
G1 F1500 E41.34442
G0 F7200 X112.314 Y115.965
G0 X112.524 Y118.529
G1 F1500 E47.84442
G0 F7200 X112.535 Y118.968
G1 F1800 X112.096 Y119.181 E47.85053
G1 X112.095 Y118.726 E47.85624
G1 X112.534 Y118.513 E47.86236
G1 X112.535 Y118.968 E47.86807
G0 F7200 X112.355 Y119.055
G0 X112.351 Y119.046
G0 X112.314 Y118.964
G0 X113.399 Y118.784
G0 X114.601 Y118.78
G0 X115.804 Y118.778
G0 X115.904 Y118.725
G1 F1800 X115.904 Y119.181 E47.87378
G1 X115.466 Y118.97 E47.87988
G1 X115.465 Y118.512 E47.88562
G1 X115.904 Y118.725 E47.89174
G0 F7200 X115.904 Y118.925
G0 X115.866 Y118.926
G1 F1500 E41.39174
G0 F7200 X115.804 Y118.926
G0 X115.895 Y116.166
G1 F1500 E47.89174
G0 F7200 X115.904 Y115.725
G1 F1800 X115.905 Y116.182 E47.89747
G1 X115.466 Y115.97 E47.90359
G1 X115.465 Y115.512 E47.90933
G1 X115.904 Y115.725 E47.91545
G0 F7200 X115.904 Y115.925
G0 X115.866 Y115.925
G0 X115.804 Y115.924
G0 X115.895 Y113.166
G0 X115.904 Y112.725
G1 F1800 X115.905 Y113.182 E47.92118
G1 X115.466 Y112.97 E47.92729
G1 X115.465 Y112.512 E47.93304
G1 X115.904 Y112.725 E47.93916
G0 F7200 X115.904 Y112.925
G0 X115.866 Y112.925
G0 X115.804 Y112.924
G0 X115.895 Y110.166
G0 X115.904 Y109.725
G1 F1800 X115.905 Y110.182 E47.94489
G1 X115.466 Y109.97 E47.951
G1 X115.465 Y109.512 E47.95675
G1 X115.904 Y109.725 E47.96286
G0 F7200 X115.904 Y109.925
G0 X115.866 Y109.925
G1 F1500 E41.46286
G0 F7200 X115.804 Y109.924
G0 X119.231 Y109.91
G0 X120.444 Y109.901
G1 F1500 E47.96286
G0 F7200 X120.534 Y109.968
G1 F1800 X120.096 Y110.181 E47.96897
G1 X120.096 Y109.725 E47.97469
G1 X120.534 Y109.513 E47.98079
G1 X120.534 Y109.968 E47.9865
G0 F7200 X120.355 Y110.055
G0 X120.351 Y110.046
G0 X120.314 Y109.965
G0 X120.524 Y112.529
G0 X120.535 Y112.968
G1 F1800 X120.096 Y113.181 E47.99262
G1 X120.096 Y112.725 E47.99834
G1 X120.534 Y112.513 E48.00444
G1 X120.535 Y112.968 E48.01014
G0 F7200 X120.355 Y113.055
G0 X120.351 Y113.046
G1 F1500 E41.51014
G0 F7200 X120.314 Y112.964
G0 X120.524 Y115.529
G1 F1500 E48.01014
G0 F7200 X120.534 Y115.968
G1 F1800 X120.096 Y116.181 E48.01625
G1 X120.096 Y115.725 E48.02197
G1 X120.534 Y115.513 E48.02807
G1 X120.534 Y115.968 E48.03378
G0 F7200 X120.355 Y116.055
G0 X120.351 Y116.046
G0 X120.314 Y115.965
G0 X120.524 Y118.529
G0 X120.535 Y118.968
G1 F1800 X120.096 Y119.181 E48.0399
G1 X120.095 Y118.726 E48.0456
G1 X120.534 Y118.513 E48.05172
G1 X120.535 Y118.968 E48.05743
G0 F7200 X120.355 Y119.055
G0 X120.351 Y119.046
G0 X120.314 Y118.964
G0 X121.399 Y118.784
G0 X122.601 Y118.78
G0 X123.804 Y118.778
G0 X123.904 Y118.725
G1 F1800 X123.904 Y119.181 E48.06315
G1 X123.466 Y118.97 E48.06924
G1 X123.465 Y118.512 E48.07499
G1 X123.904 Y118.725 E48.08111
G0 F7200 X123.904 Y118.925
G0 X123.866 Y118.926
G0 X123.804 Y118.926
G0 X123.895 Y116.166
G0 X123.904 Y115.725
G1 F1800 X123.905 Y116.182 E48.08684
G1 X123.466 Y115.97 E48.09295
G1 X123.465 Y115.512 E48.09869
G1 X123.904 Y115.725 E48.10481
G0 F7200 X123.904 Y115.925
G0 X123.866 Y115.925
G0 X123.804 Y115.924
G0 X123.895 Y113.166
G0 X123.904 Y112.725
G1 F1800 X123.905 Y113.182 E48.11054
G1 X123.466 Y112.97 E48.11666
G1 X123.465 Y112.512 E48.1224
G1 X123.904 Y112.725 E48.12852
G0 F7200 X123.904 Y112.925
G0 X123.866 Y112.925
G1 F1500 E41.62852
G0 F7200 X123.804 Y112.924
G0 X123.895 Y110.166
G1 F1500 E48.12852
G0 F7200 X123.904 Y109.725
G1 F1800 X123.905 Y110.182 E48.13425
G1 X123.466 Y109.97 E48.14036
G1 X123.465 Y109.512 E48.14611
G1 X123.904 Y109.725 E48.15223
G0 F7200 X123.904 Y109.925
G0 X123.866 Y109.925
G0 X123.804 Y109.924
G0 X127.231 Y109.902
G0 X128.444 Y109.901
G0 X128.534 Y109.968
G1 F1800 X128.096 Y110.181 E48.15833
G1 X128.095 Y109.726 E48.16404
G1 X128.534 Y109.513 E48.17016
G1 X128.534 Y109.968 E48.17587
G0 F7200 X128.355 Y110.055
G0 X128.351 Y110.047
G0 X128.313 Y109.965
G0 X128.524 Y112.529
G0 X128.535 Y112.968
G1 F1800 X128.096 Y113.181 E48.18198
G1 X128.096 Y112.725 E48.1877
G1 X128.534 Y112.513 E48.1938
G1 X128.535 Y112.968 E48.19951
G0 F7200 X128.355 Y113.055
G0 X128.351 Y113.046
G1 F1500 E41.69951
G0 F7200 X128.314 Y112.964
G0 X128.524 Y115.529
G1 F1500 E48.19951
G0 F7200 X128.534 Y115.968
G1 F1800 X128.096 Y116.181 E48.20562
G1 X128.096 Y115.725 E48.21134
G1 X128.534 Y115.513 E48.21744
G1 X128.534 Y115.968 E48.22315
G0 F7200 X128.355 Y116.055
G0 X128.351 Y116.046
G0 X128.314 Y115.965
G0 X128.524 Y118.529
G0 X128.535 Y118.968
G1 F1800 X128.096 Y119.181 E48.22926
G1 X128.095 Y118.726 E48.23497
G1 X128.534 Y118.513 E48.24109
G1 X128.535 Y118.968 E48.24679
G0 F7200 X128.355 Y119.055
G0 X128.351 Y119.046
G1 F1500 E41.74679
G0 F7200 X128.314 Y118.964
G0 X129.399 Y118.784
G0 X130.601 Y118.78
G0 X131.804 Y118.778
G1 F1500 E48.24679
G0 F7200 X131.904 Y118.725
G1 F1800 X131.904 Y119.181 E48.25251
G1 X131.466 Y118.97 E48.25861
G1 X131.465 Y118.512 E48.26435
G1 X131.904 Y118.725 E48.27047
G0 F7200 X131.904 Y118.925
G0 X131.866 Y118.926
G0 X131.804 Y118.926
G0 X131.895 Y116.166
G0 X131.904 Y115.725
G1 F1800 X131.905 Y116.182 E48.2762
G1 X131.466 Y115.97 E48.28232
G1 X131.465 Y115.512 E48.28806
G1 X131.904 Y115.725 E48.29418
G0 F7200 X131.904 Y115.925
G0 X131.866 Y115.925
G0 X131.804 Y115.924
G0 X131.895 Y113.166
G0 X131.904 Y112.725
G1 F1800 X131.905 Y113.182 E48.29991
G1 X131.466 Y112.97 E48.30602
G1 X131.465 Y112.512 E48.31177
G1 X131.904 Y112.725 E48.31789
G0 F7200 X131.904 Y112.925
G0 X131.866 Y112.925
G1 F1500 E41.81789
G0 F7200 X131.804 Y112.924
G0 X131.895 Y110.166
G1 F1500 E48.31789
G0 F7200 X131.904 Y109.725
G1 F1800 X131.905 Y110.182 E48.32362
G1 X131.466 Y109.97 E48.32973
G1 X131.465 Y109.512 E48.33547
G1 X131.904 Y109.725 E48.34159
G0 F7200 X131.904 Y109.925
G0 X131.866 Y109.925
G1 F1500 E41.84159
;MESH:NONMESH
G0 F600 X131.866 Y109.925 Z11.8
G0 F7200 X131.804 Y109.924
G0 X130.601 Y109.87
G0 X129.381 Y108.257
G0 X114.617 Y108.239
G0 X113.399 Y109.869
G1 F1500 E48.34159
G0 F7200 X112.62 Y109.926
;TIME_ELAPSED:550.039005
;LAYER:58
;TYPE:WALL-OUTER
;MESH:output\A_fina_suporte.stl
G1 F1800 X112.306 Y110.079 E48.34597
G1 X112.305 Y109.624 E48.35168
G1 X112.744 Y109.411 E48.3578
G1 X112.744 Y109.878 E48.36366
G1 X112.62 Y109.926 E48.36532
G0 F7200 X112.441 Y110.013
G0 X112.706 Y109.654
G1 F1500 E41.86532
G0 F7200 X112.644 Y109.654
G0 X115.256 Y109.83
G1 F1500 E48.36532
G0 F7200 X115.38 Y109.926
G1 F1800 X115.256 Y109.878 E48.36699
G1 X115.255 Y109.411 E48.37285
G1 X115.694 Y109.623 E48.37642
G1 X115.695 Y110.079 E48.38194
G1 X115.38 Y109.926 E48.38371
G0 F7200 X115.256 Y109.878
G0 X115.256 Y109.81
G0 X115.294 Y109.81
G1 F1500 E41.88371
G0 F7200 X115.357 Y109.81
G0 X115.265 Y112.427
G1 F1500 E48.38371
G0 F7200 X115.38 Y112.926
G1 F1800 X115.256 Y112.878 E48.38538
G1 X115.255 Y112.411 E48.39124
G1 X115.694 Y112.623 E48.39481
G1 X115.695 Y113.079 E48.40033
G1 X115.38 Y112.926 E48.4021
G0 F7200 X115.256 Y112.878
G0 X115.256 Y112.81
G0 X115.294 Y112.81
G0 X115.357 Y112.81
G0 X112.729 Y112.867
G0 X112.62 Y112.926
G1 F1800 X112.306 Y113.079 E48.40648
G1 X112.306 Y112.623 E48.4122
G1 X112.744 Y112.411 E48.4183
G1 X112.745 Y112.878 E48.42416
G1 X112.62 Y112.926 E48.42584
G0 F7200 X112.441 Y113.013
G0 X112.706 Y112.654
G1 F1500 E41.92584
G0 F7200 X112.644 Y112.653
G0 X112.734 Y115.427
G1 F1500 E48.42584
G0 F7200 X112.62 Y115.926
G1 F1800 X112.306 Y116.079 E48.43022
G1 X112.306 Y115.623 E48.43594
G1 X112.744 Y115.411 E48.44204
G1 X112.744 Y115.878 E48.4479
G1 X112.62 Y115.926 E48.44956
G0 F7200 X112.441 Y116.013
G0 X112.706 Y115.654
G1 F1500 E41.94956
G0 F7200 X112.644 Y115.654
G0 X115.256 Y115.83
G1 F1500 E48.44956
G0 F7200 X115.38 Y115.926
G1 F1800 X115.256 Y115.878 E48.45123
G1 X115.255 Y115.411 E48.45709
G1 X115.694 Y115.623 E48.46066
G1 X115.695 Y116.079 E48.46618
G1 X115.38 Y115.926 E48.46796
G0 F7200 X115.256 Y115.878
G0 X115.256 Y115.81
G0 X115.294 Y115.81
G0 X115.357 Y115.81
G0 X115.265 Y118.427
G0 X115.38 Y118.926
G1 F1800 X115.256 Y118.878 E48.46962
G1 X115.255 Y118.411 E48.47548
G1 X115.694 Y118.623 E48.47905
G1 X115.694 Y119.079 E48.48456
G1 X115.38 Y118.926 E48.48633
G0 F7200 X115.256 Y118.878
G0 X115.256 Y118.81
G0 X115.294 Y118.811
G1 F1500 E41.98633
G0 F7200 X115.357 Y118.811
G0 X112.729 Y118.867
G1 F1500 E48.48633
G0 F7200 X112.62 Y118.926
G1 F1800 X112.306 Y119.079 E48.49071
G1 X112.305 Y118.624 E48.49642
G1 X112.744 Y118.411 E48.50254
G1 X112.745 Y118.878 E48.50839
G1 X112.62 Y118.926 E48.51007
G0 F7200 X112.441 Y119.013
G0 X112.706 Y118.654
G0 X112.644 Y118.653
G0 X114.399 Y119.467
G0 X116.54 Y120.429
G0 X119.441 Y118.852
G0 X120.581 Y118.835
G0 X120.62 Y118.926
G1 F1800 X120.306 Y119.079 E48.51445
G1 X120.305 Y118.624 E48.52016
G1 X120.744 Y118.411 E48.52628
G1 X120.745 Y118.878 E48.53214
G1 X120.62 Y118.926 E48.53381
G0 F7200 X120.441 Y119.013
G0 X120.706 Y118.654
G1 F1500 E42.03381
G0 F7200 X120.644 Y118.653
G0 X123.256 Y118.862
G1 F1500 E48.53381
G0 F7200 X123.38 Y118.926
G1 F1800 X123.256 Y118.878 E48.53548
G1 X123.255 Y118.411 E48.54134
G1 X123.694 Y118.623 E48.54491
G1 X123.694 Y119.079 E48.55042
G1 X123.38 Y118.926 E48.55219
G0 F7200 X123.256 Y118.878
G0 X123.256 Y118.81
G0 X123.294 Y118.811
G0 X123.357 Y118.811
G0 X123.685 Y116.063
G0 X123.38 Y115.926
G1 F1800 X123.256 Y115.878 E48.55386
G1 X123.255 Y115.411 E48.55972
G1 X123.694 Y115.623 E48.56329
G1 X123.695 Y116.079 E48.56881
G1 X123.38 Y115.926 E48.57058
G0 F7200 X123.256 Y115.878
G0 X123.256 Y115.81
G0 X123.294 Y115.81
G0 X123.357 Y115.81
G0 X120.724 Y115.83
G0 X120.62 Y115.926
G1 F1800 X120.306 Y116.079 E48.57496
G1 X120.306 Y115.623 E48.58068
G1 X120.744 Y115.411 E48.58678
G1 X120.744 Y115.878 E48.59264
G1 X120.62 Y115.926 E48.59431
G0 F7200 X120.441 Y116.013
G0 X120.706 Y115.654
G1 F1500 E42.09431
G0 F7200 X120.644 Y115.654
G0 X120.316 Y113.063
G1 F1500 E48.59431
G0 F7200 X120.62 Y112.926
G1 F1800 X120.306 Y113.079 E48.59869
G1 X120.306 Y112.623 E48.60441
G1 X120.744 Y112.411 E48.61051
G1 X120.745 Y112.878 E48.61637
G1 X120.62 Y112.926 E48.61804
G0 F7200 X120.441 Y113.013
G0 X120.706 Y112.654
G0 X120.644 Y112.653
G0 X123.256 Y112.835
G0 X123.38 Y112.926
G1 F1800 X123.256 Y112.878 E48.61971
G1 X123.255 Y112.411 E48.62557
G1 X123.694 Y112.623 E48.62914
G1 X123.695 Y113.079 E48.63466
G1 X123.38 Y112.926 E48.63644
G0 F7200 X123.256 Y112.878
G0 X123.256 Y112.81
G0 X123.294 Y112.81
G1 F1500 E42.13644
G0 F7200 X123.357 Y112.81
G0 X123.685 Y110.063
G1 F1500 E48.63644
G0 F7200 X123.38 Y109.926
G1 F1800 X123.256 Y109.878 E48.6381
G1 X123.255 Y109.411 E48.64396
G1 X123.694 Y109.623 E48.64753
G1 X123.695 Y110.079 E48.65305
G1 X123.38 Y109.926 E48.65483
G0 F7200 X123.256 Y109.878
G0 X123.256 Y109.81
G0 X123.294 Y109.81
G1 F1500 E42.15483
G0 F7200 X123.357 Y109.81
G0 X120.724 Y109.83
G1 F1500 E48.65483
G0 F7200 X120.62 Y109.926
G1 F1800 X120.306 Y110.079 E48.65921
G1 X120.306 Y109.623 E48.66492
G1 X120.744 Y109.411 E48.67103
G1 X120.744 Y109.878 E48.67688
G1 X120.62 Y109.926 E48.67855
G0 F7200 X120.441 Y110.013
G0 X120.706 Y109.654
G0 X120.644 Y109.654
G0 X122.399 Y110.467
G0 X124.542 Y111.431
G0 X127.441 Y109.82
G0 X128.581 Y109.835
G0 X128.62 Y109.926
G1 F1800 X128.306 Y110.079 E48.68293
G1 X128.305 Y109.624 E48.68864
G1 X128.744 Y109.411 E48.69476
G1 X128.744 Y109.878 E48.70061
G1 X128.62 Y109.926 E48.70228
G0 F7200 X128.441 Y110.013
G0 X128.706 Y109.654
G1 F1500 E42.20228
G0 F7200 X128.644 Y109.654
G0 X131.256 Y109.83
G1 F1500 E48.70228
G0 F7200 X131.38 Y109.926
G1 F1800 X131.256 Y109.878 E48.70395
G1 X131.255 Y109.411 E48.7098
G1 X131.694 Y109.623 E48.71338
G1 X131.695 Y110.079 E48.71889
G1 X131.38 Y109.926 E48.72067
G0 F7200 X131.256 Y109.878
G0 X131.256 Y109.81
G0 X131.294 Y109.81
G0 X131.357 Y109.81
G0 X131.265 Y112.427
G0 X131.38 Y112.926
G1 F1800 X131.256 Y112.878 E48.72234
G1 X131.255 Y112.411 E48.72819
G1 X131.694 Y112.623 E48.73177
G1 X131.695 Y113.079 E48.73728
G1 X131.38 Y112.926 E48.73906
G0 F7200 X131.256 Y112.878
G0 X131.256 Y112.81
G0 X131.294 Y112.81
G0 X131.357 Y112.81
G0 X128.729 Y112.867
G0 X128.62 Y112.926
G1 F1800 X128.306 Y113.079 E48.74344
G1 X128.306 Y112.623 E48.74916
G1 X128.744 Y112.411 E48.75526
G1 X128.745 Y112.878 E48.76112
G1 X128.62 Y112.926 E48.7628
G0 F7200 X128.441 Y113.013
G0 X128.706 Y112.654
G1 F1500 E42.2628
G0 F7200 X128.644 Y112.653
G0 X128.734 Y115.427
G1 F1500 E48.7628
G0 F7200 X128.62 Y115.926
G1 F1800 X128.306 Y116.079 E48.76718
G1 X128.306 Y115.623 E48.7729
G1 X128.744 Y115.411 E48.779
G1 X128.744 Y115.878 E48.78485
G1 X128.62 Y115.926 E48.78652
G0 F7200 X128.441 Y116.013
G0 X128.706 Y115.654
G1 F1500 E42.28652
G0 F7200 X128.644 Y115.654
G0 X131.256 Y115.83
G1 F1500 E48.78652
G0 F7200 X131.38 Y115.926
G1 F1800 X131.256 Y115.878 E48.78819
G1 X131.255 Y115.411 E48.79405
G1 X131.694 Y115.623 E48.79762
G1 X131.695 Y116.079 E48.80313
G1 X131.38 Y115.926 E48.80491
G0 F7200 X131.256 Y115.878
G0 X131.256 Y115.81
G0 X131.294 Y115.81
G0 X131.357 Y115.81
G0 X131.265 Y118.427
G0 X131.38 Y118.926
G1 F1800 X131.256 Y118.878 E48.80658
G1 X131.255 Y118.411 E48.81244
G1 X131.694 Y118.623 E48.81601
G1 X131.694 Y119.079 E48.82152
G1 X131.38 Y118.926 E48.82329
G0 F7200 X131.256 Y118.878
G0 X131.256 Y118.81
G0 X131.294 Y118.811
G1 F1500 E42.32329
G0 F7200 X131.357 Y118.811
G0 X128.729 Y118.867
G1 F1500 E48.82329
G0 F7200 X128.62 Y118.926
G1 F1800 X128.306 Y119.079 E48.82767
G1 X128.305 Y118.624 E48.83338
G1 X128.744 Y118.411 E48.8395
G1 X128.745 Y118.878 E48.84535
G1 X128.62 Y118.926 E48.84703
G0 F7200 X128.441 Y119.013
G0 X128.706 Y118.654
G1 F1500 E42.34703
;MESH:NONMESH
G0 F600 X128.706 Y118.654 Z12
G0 F7200 X128.644 Y118.653
G0 X127.441 Y118.635
G0 X124.542 Y117.431
G0 X122.399 Y116.467
G0 X121.591 Y114.173
G0 X119.46 Y114.429
G0 X114.692 Y110.553
G0 X113.609 Y109.867
G0 X112.581 Y109.835
G1 F1500 E48.84703
G0 F7200 X112.62 Y109.926
;TIME_ELAPSED:561.440235
;LAYER:59
;TYPE:WALL-OUTER
;MESH:output\A_fina_suporte.stl
G1 F1800 X112.516 Y109.977 E48.84848
G1 X112.515 Y109.522 E48.85419
G1 X112.775 Y109.396 E48.85781
G1 X112.954 Y109.327 E48.86022
G1 X112.955 Y109.798 E48.86612
G1 X112.62 Y109.926 E48.87062
G0 F7200 X112.516 Y109.977
G0 X112.516 Y109.892
G0 X112.747 Y109.449
G1 F1500 E42.37062
G0 F7200 X112.774 Y109.508
G0 X115.062 Y109.787
G1 F1500 E48.87062
G0 F7200 X115.38 Y109.926
G1 F1800 X115.046 Y109.798 E48.87511
G1 X115.045 Y109.327 E48.88101
G1 X115.225 Y109.396 E48.88343
G1 X115.484 Y109.521 E48.88704
G1 X115.485 Y109.977 E48.89276
G1 X115.38 Y109.926 E48.89422
G0 F7200 X115.193 Y109.855
G0 X115.175 Y109.815
G0 X115.2 Y109.751
G0 X115.056 Y112.343
G0 X115.38 Y112.926
G1 F1800 X115.046 Y112.798 E48.89871
G1 X115.045 Y112.327 E48.90461
G1 X115.225 Y112.396 E48.90703
G1 X115.484 Y112.521 E48.91064
G1 X115.485 Y112.977 E48.91635
G1 X115.38 Y112.926 E48.91782
G0 F7200 X115.193 Y112.855
G0 X115.175 Y112.815
G1 F1500 E42.41782
G0 F7200 X115.2 Y112.751
G0 X112.939 Y112.787
G1 F1500 E48.91782
G0 F7200 X112.62 Y112.926
G1 F1800 X112.516 Y112.977 E48.91927
G1 X112.516 Y112.521 E48.92499
G1 X112.775 Y112.396 E48.9286
G1 X112.954 Y112.327 E48.931
G1 X112.955 Y112.798 E48.93691
G1 X112.62 Y112.926 E48.94141
G0 F7200 X112.516 Y112.977
G0 X112.516 Y112.892
G0 X112.747 Y112.448
G0 X112.773 Y112.508
G0 X112.943 Y115.343
G0 X112.62 Y115.926
G1 F1800 X112.516 Y115.977 E48.94286
G1 X112.516 Y115.521 E48.94858
G1 X112.775 Y115.396 E48.95218
G1 X112.954 Y115.327 E48.95459
G1 X112.954 Y115.798 E48.96049
G1 X112.62 Y115.926 E48.96498
G0 F7200 X112.516 Y115.977
G0 X112.516 Y115.892
G0 X112.747 Y115.448
G1 F1500 E42.46498
G0 F7200 X112.773 Y115.508
G0 X115.062 Y115.787
G1 F1500 E48.96498
G0 F7200 X115.38 Y115.926
G1 F1800 X115.046 Y115.798 E48.96947
G1 X115.045 Y115.327 E48.97537
G1 X115.225 Y115.396 E48.97779
G1 X115.484 Y115.521 E48.9814
G1 X115.485 Y115.977 E48.98711
G1 X115.38 Y115.926 E48.98858
G0 F7200 X115.193 Y115.855
G0 X115.175 Y115.815
G0 X115.2 Y115.751
G0 X115.056 Y118.343
G0 X115.38 Y118.926
G1 F1800 X115.046 Y118.798 E48.99306
G1 X115.045 Y118.327 E48.99897
G1 X115.225 Y118.396 E49.00139
G1 X115.484 Y118.521 E49.00499
G1 X115.484 Y118.977 E49.01071
G1 X115.38 Y118.926 E49.01217
G0 F7200 X115.193 Y118.855
G0 X115.175 Y118.815
G1 F1500 E42.51217
G0 F7200 X115.2 Y118.751
G0 X112.934 Y118.787
G1 F1500 E49.01217
G0 F7200 X112.62 Y118.926
G1 F1800 X112.516 Y118.977 E49.01362
G1 X112.515 Y118.522 E49.01932
G1 X112.775 Y118.396 E49.02295
G1 X112.954 Y118.327 E49.02535
G1 X112.954 Y118.798 E49.03126
G1 X112.62 Y118.926 E49.03574
G0 F7200 X112.516 Y118.977
G0 X112.516 Y118.892
G0 X112.747 Y118.448
G1 F1500 E42.53574
G0 F7200 X112.773 Y118.508
G0 X113.819 Y118.787
G0 X116.33 Y120.326
G0 X119.651 Y118.772
G1 F1500 E49.03574
G0 F7200 X120.62 Y118.926
G1 F1800 X120.516 Y118.977 E49.0372
G1 X120.515 Y118.522 E49.0429
G1 X120.775 Y118.396 E49.04653
G1 X120.954 Y118.327 E49.04893
G1 X120.954 Y118.798 E49.05484
G1 X120.62 Y118.926 E49.05932
G0 F7200 X120.516 Y118.977
G0 X120.516 Y118.892
G0 X120.747 Y118.448
G1 F1500 E42.55932
G0 F7200 X120.773 Y118.508
G0 X123.062 Y118.787
G1 F1500 E49.05932
G0 F7200 X123.38 Y118.926
G1 F1800 X123.046 Y118.798 E49.06381
G1 X123.045 Y118.327 E49.06972
G1 X123.225 Y118.396 E49.07213
G1 X123.484 Y118.521 E49.07574
G1 X123.484 Y118.977 E49.08146
G1 X123.38 Y118.926 E49.08291
G0 F7200 X123.193 Y118.855
G0 X123.175 Y118.815
G0 X123.2 Y118.751
G0 X123.475 Y115.961
G0 X123.38 Y115.926
G1 F1800 X123.046 Y115.798 E49.0874
G1 X123.045 Y115.327 E49.0933
G1 X123.225 Y115.396 E49.09572
G1 X123.484 Y115.521 E49.09933
G1 X123.485 Y115.977 E49.10505
G1 X123.38 Y115.926 E49.10651
G0 F7200 X123.193 Y115.855
G0 X123.175 Y115.815
G0 X123.2 Y115.751
G0 X120.934 Y115.787
G0 X120.62 Y115.926
G1 F1800 X120.516 Y115.977 E49.10796
G1 X120.516 Y115.521 E49.11368
G1 X120.775 Y115.396 E49.11729
G1 X120.954 Y115.327 E49.11969
G1 X120.954 Y115.798 E49.1256
G1 X120.62 Y115.926 E49.13008
G0 F7200 X120.516 Y115.977
G0 X120.516 Y115.892
G0 X120.747 Y115.448
G1 F1500 E42.63008
G0 F7200 X120.773 Y115.508
G0 X120.526 Y112.96
G1 F1500 E49.13008
G0 F7200 X120.62 Y112.926
G1 F1800 X120.516 Y112.977 E49.13154
G1 X120.516 Y112.521 E49.13726
G1 X120.775 Y112.396 E49.14086
G1 X120.954 Y112.327 E49.14327
G1 X120.955 Y112.798 E49.14917
G1 X120.62 Y112.926 E49.15367
G0 F7200 X120.516 Y112.977
G0 X120.516 Y112.892
G0 X120.747 Y112.448
G0 X120.773 Y112.508
G0 X123.062 Y112.787
G0 X123.38 Y112.926
G1 F1800 X123.046 Y112.798 E49.15816
G1 X123.045 Y112.327 E49.16406
G1 X123.225 Y112.396 E49.16648
G1 X123.484 Y112.521 E49.17009
G1 X123.485 Y112.977 E49.17581
G1 X123.38 Y112.926 E49.17727
G0 F7200 X123.193 Y112.855
G0 X123.175 Y112.815
G0 X123.2 Y112.751
G0 X123.475 Y109.961
G0 X123.38 Y109.926
G1 F1800 X123.046 Y109.798 E49.18176
G1 X123.045 Y109.327 E49.18766
G1 X123.225 Y109.396 E49.19008
G1 X123.484 Y109.521 E49.19369
G1 X123.485 Y109.977 E49.1994
G1 X123.38 Y109.926 E49.20087
G0 F7200 X123.193 Y109.855
G0 X123.175 Y109.815
G1 F1500 E42.70087
G0 F7200 X123.2 Y109.751
G0 X120.939 Y109.787
G1 F1500 E49.20087
G0 F7200 X120.62 Y109.926
G1 F1800 X120.516 Y109.977 E49.20232
G1 X120.516 Y109.521 E49.20804
G1 X120.775 Y109.396 E49.21165
G1 X120.954 Y109.327 E49.21405
G1 X120.955 Y109.798 E49.21996
G1 X120.62 Y109.926 E49.22445
G0 F7200 X120.516 Y109.977
G0 X120.516 Y109.892
G0 X120.747 Y109.448
G0 X120.773 Y109.508
G0 X121.82 Y109.785
G0 X124.332 Y111.329
G0 X127.651 Y109.772
G0 X128.62 Y109.926
G1 F1800 X128.516 Y109.977 E49.22591
G1 X128.515 Y109.522 E49.23161
G1 X128.775 Y109.396 E49.23524
G1 X128.954 Y109.327 E49.23764
G1 X128.955 Y109.798 E49.24355
G1 X128.62 Y109.926 E49.24805
G0 F7200 X128.516 Y109.977
G0 X128.516 Y109.892
G0 X128.747 Y109.449
G1 F1500 E42.74805
G0 F7200 X128.774 Y109.508
G0 X131.062 Y109.787
G1 F1500 E49.24805
G0 F7200 X131.38 Y109.926
G1 F1800 X131.046 Y109.798 E49.25253
G1 X131.045 Y109.327 E49.25844
G1 X131.225 Y109.396 E49.26086
G1 X131.484 Y109.521 E49.26446
G1 X131.485 Y109.977 E49.27018
G1 X131.38 Y109.926 E49.27164
G0 F7200 X131.193 Y109.855
G0 X131.175 Y109.815
G0 X131.2 Y109.751
G0 X131.056 Y112.343
G0 X131.38 Y112.926
G1 F1800 X131.046 Y112.798 E49.27613
G1 X131.045 Y112.327 E49.28204
G1 X131.225 Y112.396 E49.28445
G1 X131.484 Y112.521 E49.28806
G1 X131.485 Y112.977 E49.29378
G1 X131.38 Y112.926 E49.29524
G0 F7200 X131.193 Y112.855
G0 X131.175 Y112.815
G1 F1500 E42.79524
G0 F7200 X131.2 Y112.751
G0 X128.939 Y112.787
G1 F1500 E49.29524
G0 F7200 X128.62 Y112.926
G1 F1800 X128.516 Y112.977 E49.29669
G1 X128.516 Y112.521 E49.30241
G1 X128.775 Y112.396 E49.30602
G1 X128.954 Y112.327 E49.30843
G1 X128.955 Y112.798 E49.31433
G1 X128.62 Y112.926 E49.31883
G0 F7200 X128.516 Y112.977
G0 X128.516 Y112.892
G0 X128.747 Y112.448
G0 X128.773 Y112.508
G0 X128.943 Y115.343
G0 X128.62 Y115.926
G1 F1800 X128.516 Y115.977 E49.32028
G1 X128.516 Y115.521 E49.326
G1 X128.775 Y115.396 E49.32961
G1 X128.954 Y115.327 E49.33201
G1 X128.954 Y115.798 E49.33792
G1 X128.62 Y115.926 E49.3424
G0 F7200 X128.516 Y115.977
G0 X128.516 Y115.892
G0 X128.747 Y115.448
G0 X128.773 Y115.508
G0 X131.062 Y115.787
G0 X131.38 Y115.926
G1 F1800 X131.046 Y115.798 E49.34689
G1 X131.045 Y115.327 E49.3528
G1 X131.225 Y115.396 E49.35521
G1 X131.484 Y115.521 E49.35882
G1 X131.485 Y115.977 E49.36454
G1 X131.38 Y115.926 E49.366
G0 F7200 X131.193 Y115.855
G0 X131.175 Y115.815
G1 F1500 E42.866
G0 F7200 X131.2 Y115.751
G0 X131.056 Y118.343
G1 F1500 E49.366
G0 F7200 X131.38 Y118.926
G1 F1800 X131.046 Y118.798 E49.37049
G1 X131.045 Y118.327 E49.37639
G1 X131.225 Y118.396 E49.37881
G1 X131.484 Y118.521 E49.38242
G1 X131.484 Y118.977 E49.38814
G1 X131.38 Y118.926 E49.38959
G0 F7200 X131.193 Y118.855
G0 X131.175 Y118.815
G0 X131.2 Y118.751
G0 X128.934 Y118.787
G0 X128.62 Y118.926
G1 F1800 X128.516 Y118.977 E49.39104
G1 X128.515 Y118.522 E49.39675
G1 X128.775 Y118.396 E49.40037
G1 X128.954 Y118.327 E49.40278
G1 X128.954 Y118.798 E49.40868
G1 X128.62 Y118.926 E49.41317
G0 F7200 X128.516 Y118.977
G0 X128.516 Y118.892
G0 X128.747 Y118.448
;MESH:NONMESH
G0 F600 X128.747 Y118.448 Z12.2
G0 F7200 X128.773 Y118.508
G0 X127.651 Y118.533
G0 X124.332 Y117.329
G0 X122.191 Y116.45
G0 X121.803 Y114.203
G0 X119.67 Y114.326
G0 X114.191 Y110.45
G0 X112.939 Y109.787
G0 X113.038 Y109.766
;TIME_ELAPSED:571.192957
;LAYER:60
;TYPE:WALL-OUTER
;MESH:output\A_fina_suporte.stl
G1 F1800 X112.725 Y109.886 E49.41737
G1 X112.724 Y109.42 E49.42322
G1 X112.774 Y109.396 E49.42391
G1 X113.164 Y109.246 E49.42915
G1 X113.165 Y109.731 E49.43523
G1 X113.038 Y109.766 E49.43689
G0 F7200 X112.852 Y109.837
G0 X112.969 Y109.575
;TYPE:SKIN
G1 F1800 X112.936 Y109.542 E49.43718
G0 F7200 X112.881 Y109.398
G1 F1500 E42.93718
G0 F7200 X112.9 Y109.454
G0 X114.836 Y109.671
G1 F1500 E49.43718
G0 F7200 X114.962 Y109.766
;TYPE:WALL-OUTER
G1 F1800 X114.836 Y109.732 E49.43882
G1 X114.835 Y109.246 E49.44491
G1 X115.228 Y109.397 E49.44779
G1 X115.275 Y109.42 E49.44845
G1 X115.276 Y109.886 E49.45429
G1 X114.962 Y109.766 E49.45597
G0 F7200 X114.836 Y109.732
G0 X114.836 Y109.662
G0 X114.875 Y109.662
G0 X114.938 Y109.657
G0 X114.846 Y112.262
G0 X114.962 Y112.766
G1 F1800 X114.836 Y112.732 E49.45761
G1 X114.835 Y112.246 E49.4637
G1 X115.228 Y112.397 E49.46659
G1 X115.275 Y112.42 E49.46724
G1 X115.276 Y112.886 E49.47309
G1 X114.962 Y112.766 E49.47476
G0 F7200 X114.836 Y112.732
G0 X114.836 Y112.662
G0 X114.875 Y112.662
G0 X114.938 Y112.657
G0 X113.164 Y112.671
G0 X113.038 Y112.766
G1 F1800 X112.725 Y112.886 E49.47897
G1 X112.725 Y112.42 E49.48481
G1 X112.772 Y112.397 E49.48547
G1 X113.164 Y112.246 E49.49073
G1 X113.165 Y112.731 E49.49682
G1 X113.038 Y112.766 E49.49847
G0 F7200 X112.852 Y112.837
G0 X113.125 Y112.464
G1 F1500 E42.99847
G0 F7200 X113.064 Y112.463
G0 X113.153 Y115.262
G1 F1500 E49.49847
G0 F7200 X113.038 Y115.766
G1 F1800 X112.725 Y115.886 E49.50267
G1 X112.725 Y115.42 E49.50852
G1 X112.772 Y115.397 E49.50917
G1 X113.164 Y115.246 E49.51444
G1 X113.164 Y115.732 E49.52053
G1 X113.038 Y115.766 E49.52217
G0 F7200 X112.852 Y115.837
G0 X113.125 Y115.464
G0 X113.064 Y115.464
G0 X114.836 Y115.668
G0 X114.962 Y115.766
G1 F1800 X114.836 Y115.732 E49.52381
G1 X114.835 Y115.246 E49.5299
G1 X115.228 Y115.397 E49.53279
G1 X115.275 Y115.42 E49.53344
G1 X115.276 Y115.886 E49.53929
G1 X114.962 Y115.766 E49.54096
G0 F7200 X114.836 Y115.732
G0 X114.836 Y115.662
G0 X114.875 Y115.662
G0 X114.938 Y115.657
G0 X114.846 Y118.262
G0 X114.962 Y118.766
G1 F1800 X114.836 Y118.732 E49.5426
G1 X114.835 Y118.246 E49.54869
G1 X115.228 Y118.397 E49.55158
G1 X115.275 Y118.42 E49.55223
G1 X115.275 Y118.886 E49.55808
G1 X114.962 Y118.766 E49.55975
G0 F7200 X114.836 Y118.732
G0 X114.836 Y118.662
G0 X114.875 Y118.663
G1 F1500 E43.05975
G0 F7200 X114.939 Y118.657
G0 X113.144 Y118.668
G1 F1500 E49.55975
G0 F7200 X113.038 Y118.766
G1 F1800 X112.725 Y118.886 E49.56395
G1 X112.724 Y118.42 E49.56979
G1 X112.774 Y118.396 E49.57049
G1 X113.164 Y118.246 E49.57573
G1 X113.164 Y118.732 E49.58182
G1 X113.038 Y118.766 E49.58346
G0 F7200 X112.852 Y118.837
G0 X113.125 Y118.464
G1 F1500 E43.08346
G0 F7200 X113.064 Y118.464
G0 X119.86 Y118.656
G0 X121.008 Y118.671
G1 F1500 E49.58346
G0 F7200 X121.038 Y118.766
G1 F1800 X120.725 Y118.886 E49.58766
G1 X120.724 Y118.42 E49.59351
G1 X120.774 Y118.396 E49.5942
G1 X121.164 Y118.246 E49.59944
G1 X121.164 Y118.732 E49.60554
G1 X121.038 Y118.766 E49.60717
G0 F7200 X120.852 Y118.837
G0 X121.125 Y118.464
G1 F1500 E43.10717
G0 F7200 X121.064 Y118.464
G0 X122.836 Y118.668
G1 F1500 E49.60717
G0 F7200 X122.962 Y118.766
G1 F1800 X122.836 Y118.732 E49.60881
G1 X122.835 Y118.246 E49.61491
G1 X123.228 Y118.397 E49.61779
G1 X123.275 Y118.42 E49.61845
G1 X123.275 Y118.886 E49.62429
G1 X122.962 Y118.766 E49.62596
G0 F7200 X122.836 Y118.732
G0 X122.836 Y118.662
G0 X122.875 Y118.663
G0 X122.939 Y118.657
G0 X123.265 Y115.87
G0 X122.962 Y115.766
G1 F1800 X122.836 Y115.732 E49.62759
G1 X122.835 Y115.246 E49.63369
G1 X123.228 Y115.397 E49.63657
G1 X123.275 Y115.42 E49.63723
G1 X123.276 Y115.886 E49.64307
G1 X122.962 Y115.766 E49.64475
G0 F7200 X122.836 Y115.732
G0 X122.836 Y115.662
G0 X122.875 Y115.662
G1 F1500 E43.14475
G0 F7200 X122.938 Y115.657
G0 X121.144 Y115.668
G1 F1500 E49.64475
G0 F7200 X121.038 Y115.766
G1 F1800 X120.725 Y115.886 E49.64895
G1 X120.725 Y115.42 E49.6548
G1 X120.772 Y115.397 E49.65545
G1 X121.164 Y115.246 E49.66072
G1 X121.164 Y115.732 E49.66682
G1 X121.038 Y115.766 E49.66845
G0 F7200 X120.852 Y115.837
G0 X120.959 Y115.585
;TYPE:SKIN
G1 F1800 X120.923 Y115.549 E49.66877
G0 F7200 X120.867 Y115.403
G1 F1500 E43.16877
G0 F7200 X120.886 Y115.46
G0 X120.736 Y112.87
G1 F1500 E49.66877
G0 F7200 X121.038 Y112.766
;TYPE:WALL-OUTER
G1 F1800 X120.725 Y112.886 E49.67298
G1 X120.725 Y112.42 E49.67882
G1 X120.772 Y112.397 E49.67948
G1 X121.164 Y112.246 E49.68474
G1 X121.165 Y112.731 E49.69083
G1 X121.038 Y112.766 E49.69248
G0 F7200 X120.852 Y112.837
G0 X121.125 Y112.464
G1 F1500 E43.19248
G0 F7200 X121.064 Y112.463
G0 X122.836 Y112.671
G1 F1500 E49.69248
G0 F7200 X122.962 Y112.766
G1 F1800 X122.836 Y112.732 E49.69411
G1 X122.835 Y112.246 E49.70021
G1 X123.228 Y112.397 E49.70309
G1 X123.275 Y112.42 E49.70375
G1 X123.276 Y112.886 E49.70959
G1 X122.962 Y112.766 E49.71127
G0 F7200 X122.836 Y112.732
G0 X122.836 Y112.662
G0 X123.03 Y112.565
;TYPE:SKIN
G1 F1800 X123.06 Y112.595 E49.71153
G0 F7200 X123.004 Y112.739
G1 F1500 E43.21153
G0 F7200 X123.025 Y112.684
G0 X123.265 Y109.87
G1 F1500 E49.71153
G0 F7200 X122.962 Y109.766
;TYPE:WALL-OUTER
G1 F1800 X122.836 Y109.732 E49.71317
G1 X122.835 Y109.246 E49.71927
G1 X123.228 Y109.397 E49.72215
G1 X123.275 Y109.42 E49.72281
G1 X123.276 Y109.886 E49.72865
G1 X122.962 Y109.766 E49.73033
G0 F7200 X122.836 Y109.732
G0 X122.836 Y109.662
G0 X122.875 Y109.662
G0 X122.938 Y109.657
G0 X121.164 Y109.671
G0 X121.038 Y109.766
G1 F1800 X120.725 Y109.886 E49.73453
G1 X120.725 Y109.42 E49.74037
G1 X120.772 Y109.397 E49.74103
G1 X121.164 Y109.246 E49.7463
G1 X121.165 Y109.731 E49.75238
G1 X121.038 Y109.766 E49.75403
G0 F7200 X120.852 Y109.837
G0 X121.125 Y109.464
G1 F1500 E43.25403
G0 F7200 X121.064 Y109.463
G0 X127.86 Y109.672
G0 X129.007 Y109.671
G1 F1500 E49.75403
G0 F7200 X129.038 Y109.766
G1 F1800 X128.725 Y109.886 E49.75824
G1 X128.724 Y109.42 E49.76408
G1 X128.774 Y109.396 E49.76478
G1 X129.164 Y109.246 E49.77002
G1 X129.165 Y109.731 E49.7761
G1 X129.038 Y109.766 E49.77775
G0 F7200 X128.852 Y109.837
G0 X129.125 Y109.464
G1 F1500 E43.27775
G0 F7200 X129.064 Y109.463
G0 X130.836 Y109.671
G1 F1500 E49.77775
G0 F7200 X130.962 Y109.766
G1 F1800 X130.836 Y109.732 E49.77939
G1 X130.835 Y109.246 E49.78548
G1 X131.228 Y109.397 E49.78837
G1 X131.275 Y109.42 E49.78902
G1 X131.276 Y109.886 E49.79487
G1 X130.962 Y109.766 E49.79654
G0 F7200 X130.836 Y109.732
G0 X130.836 Y109.662
G0 X131.029 Y109.533
;TYPE:SKIN
G1 F1800 X131.079 Y109.583 E49.79698
G0 F7200 X131.236 Y109.583
G0 X131.175 Y109.582
G0 X130.846 Y112.262
G0 X130.962 Y112.766
;TYPE:WALL-OUTER
G1 F1800 X130.836 Y112.732 E49.79862
G1 X130.835 Y112.246 E49.80472
G1 X131.228 Y112.397 E49.8076
G1 X131.275 Y112.42 E49.80826
G1 X131.276 Y112.886 E49.8141
G1 X130.962 Y112.766 E49.81578
G0 F7200 X130.836 Y112.732
G0 X130.836 Y112.662
G0 X130.875 Y112.662
G1 F1500 E43.31578
G0 F7200 X130.938 Y112.657
G0 X129.164 Y112.671
G1 F1500 E49.81578
G0 F7200 X129.038 Y112.766
G1 F1800 X128.725 Y112.886 E49.81998
G1 X128.725 Y112.42 E49.82582
G1 X128.772 Y112.397 E49.82648
G1 X129.164 Y112.246 E49.83175
G1 X129.165 Y112.731 E49.83783
G1 X129.038 Y112.766 E49.83948
G0 F7200 X128.852 Y112.837
G0 X129.125 Y112.464
G0 X129.064 Y112.463
G0 X129.153 Y115.262
G0 X129.038 Y115.766
G1 F1800 X128.725 Y115.886 E49.84369
G1 X128.725 Y115.42 E49.84953
G1 X128.772 Y115.397 E49.85019
G1 X129.164 Y115.246 E49.85545
G1 X129.164 Y115.732 E49.86155
G1 X129.038 Y115.766 E49.86318
G0 F7200 X128.852 Y115.837
G0 X129.125 Y115.464
G1 F1500 E43.36318
G0 F7200 X129.064 Y115.464
G0 X130.836 Y115.668
G1 F1500 E49.86318
G0 F7200 X130.962 Y115.766
G1 F1800 X130.836 Y115.732 E49.86482
G1 X130.835 Y115.246 E49.87092
G1 X131.228 Y115.397 E49.8738
G1 X131.275 Y115.42 E49.87446
G1 X131.276 Y115.886 E49.8803
G1 X130.962 Y115.766 E49.88198
G0 F7200 X130.836 Y115.732
G0 X130.836 Y115.662
G0 X130.875 Y115.662
G0 X130.938 Y115.657
G0 X130.846 Y118.262
G0 X130.962 Y118.766
G1 F1800 X130.836 Y118.732 E49.88361
G1 X130.835 Y118.246 E49.88971
G1 X131.228 Y118.397 E49.89259
G1 X131.275 Y118.42 E49.89325
G1 X131.275 Y118.886 E49.89909
G1 X130.962 Y118.766 E49.90076
G0 F7200 X130.836 Y118.732
G0 X130.836 Y118.662
G0 X130.875 Y118.663
G1 F1500 E43.40076
G0 F7200 X130.939 Y118.657
G0 X129.144 Y118.668
G1 F1500 E49.90076
G0 F7200 X129.038 Y118.766
G1 F1800 X128.725 Y118.886 E49.90496
G1 X128.724 Y118.42 E49.91081
G1 X128.774 Y118.396 E49.9115
G1 X129.164 Y118.246 E49.91674
G1 X129.164 Y118.732 E49.92284
G1 X129.038 Y118.766 E49.92447
G0 F7200 X128.852 Y118.837
G0 X129.125 Y118.464
;MESH:NONMESH
G0 F600 X129.125 Y118.464 Z12.4
G0 F7200 X129.064 Y118.464
G0 X127.86 Y118.431
G0 X124.133 Y114.88
G0 X123.107 Y114.423
G0 X122.013 Y114.139
G0 X119.879 Y114.22
G0 X114.03 Y109.717
G0 X113.007 Y109.671
G0 X113.038 Y109.766
;TIME_ELAPSED:582.440230
;LAYER:61
;TYPE:WALL-OUTER
;MESH:output\A_fina_suporte.stl
G1 F1800 X112.935 Y109.805 E49.92586
G1 X112.935 Y109.334 E49.93176
G1 X113.166 Y109.245 E49.93487
G1 X113.383 Y109.187 E49.93768
G1 X113.384 Y109.673 E49.94378
G1 X113.038 Y109.766 E49.94827
G0 F7200 X112.935 Y109.805
G0 X112.935 Y109.715
G0 X113.225 Y109.302
G1 F1500 E43.44827
G0 F7200 X113.23 Y109.331
G0 X114.617 Y109.659
G1 F1500 E49.94827
G0 F7200 X114.962 Y109.766
G1 F1800 X114.617 Y109.673 E49.95275
G1 X114.616 Y109.187 E49.95885
G1 X114.834 Y109.245 E49.96168
G1 X115.065 Y109.334 E49.96478
G1 X115.066 Y109.806 E49.9707
G1 X114.962 Y109.766 E49.9721
G0 F7200 X114.769 Y109.714
G0 X114.752 Y109.643
G0 X114.762 Y109.609
G0 X114.629 Y112.202
G0 X114.962 Y112.766
G1 F1800 X114.617 Y112.673 E49.97658
G1 X114.617 Y112.187 E49.98267
G1 X114.834 Y112.245 E49.98549
G1 X115.065 Y112.334 E49.98859
G1 X115.065 Y112.805 E49.9945
G1 X114.962 Y112.766 E49.99588
G0 F7200 X114.769 Y112.714
G0 X114.752 Y112.643
G1 F1500 E43.49588
G0 F7200 X114.762 Y112.609
G0 X113.363 Y112.671
G1 F1500 E49.99588
G0 F7200 X113.038 Y112.766
G1 F1800 X112.935 Y112.805 E49.99726
G1 X112.935 Y112.334 E50.00317
G1 X113.166 Y112.245 E50.00627
G1 X113.383 Y112.187 E50.00909
G1 X113.383 Y112.673 E50.01518
G1 X113.038 Y112.766 E50.01966
G0 F7200 X112.935 Y112.805
G0 X112.935 Y112.715
G0 X113.224 Y112.301
G0 X113.23 Y112.331
G0 X113.371 Y115.202
G0 X113.038 Y115.766
G1 F1800 X112.935 Y115.805 E50.02105
G1 X112.935 Y115.334 E50.02695
G1 X113.166 Y115.245 E50.03006
G1 X113.383 Y115.187 E50.03287
G1 X113.384 Y115.673 E50.03897
G1 X113.038 Y115.766 E50.04346
G0 F7200 X112.935 Y115.805
G0 X112.935 Y115.715
G0 X113.225 Y115.302
G1 F1500 E43.54346
G0 F7200 X113.23 Y115.331
G0 X114.617 Y115.659
G1 F1500 E50.04346
G0 F7200 X114.962 Y115.766
G1 F1800 X114.617 Y115.673 E50.04794
G1 X114.616 Y115.187 E50.05404
G1 X114.834 Y115.245 E50.05687
G1 X115.065 Y115.334 E50.05997
G1 X115.066 Y115.806 E50.06589
G1 X114.962 Y115.766 E50.06729
G0 F7200 X114.769 Y115.714
G0 X114.752 Y115.643
G0 X114.762 Y115.609
G0 X114.629 Y118.202
G0 X114.962 Y118.766
G1 F1800 X114.617 Y118.673 E50.07177
G1 X114.617 Y118.187 E50.07786
G1 X114.834 Y118.245 E50.08068
G1 X115.065 Y118.334 E50.08378
G1 X115.066 Y118.806 E50.0897
G1 X114.962 Y118.766 E50.0911
G0 F7200 X114.769 Y118.714
G0 X114.819 Y118.525
;TYPE:SKIN
G1 F1800 X114.869 Y118.475 E50.09154
G0 F7200 X115.017 Y118.474
G1 F1500 E43.59154
G0 F7200 X114.965 Y118.473
G0 X113.363 Y118.671
G1 F1500 E50.09154
G0 F7200 X113.038 Y118.766
;TYPE:WALL-OUTER
G1 F1800 X112.935 Y118.805 E50.09292
G1 X112.935 Y118.334 E50.09883
G1 X113.166 Y118.245 E50.10193
G1 X113.383 Y118.187 E50.10475
G1 X113.383 Y118.673 E50.11085
G1 X113.038 Y118.766 E50.11533
G0 F7200 X112.935 Y118.805
G0 X112.935 Y118.715
G0 X113.13 Y118.518
;TYPE:SKIN
G1 F1800 X113.187 Y118.46 E50.11584
G0 F7200 X113.335 Y118.46
G0 X113.283 Y118.46
G0 X113.644 Y119.499
G0 X115.914 Y120.04
G0 X120.07 Y118.671
G0 X121.038 Y118.766
;TYPE:WALL-OUTER
G1 F1800 X120.935 Y118.805 E50.11722
G1 X120.935 Y118.334 E50.12312
G1 X121.166 Y118.245 E50.12623
G1 X121.383 Y118.187 E50.12905
G1 X121.383 Y118.673 E50.13514
G1 X121.038 Y118.766 E50.13962
G0 F7200 X120.935 Y118.805
G0 X120.935 Y118.715
G0 X121.224 Y118.301
G1 F1500 E43.63962
G0 F7200 X121.23 Y118.331
G0 X122.637 Y118.67
G1 F1500 E50.13962
G0 F7200 X122.962 Y118.766
G1 F1800 X122.617 Y118.673 E50.1441
G1 X122.617 Y118.187 E50.1502
G1 X122.834 Y118.245 E50.15301
G1 X123.065 Y118.334 E50.15612
G1 X123.066 Y118.806 E50.16204
G1 X122.962 Y118.766 E50.16343
G0 F7200 X122.769 Y118.714
G0 X122.752 Y118.643
G1 F1500 E43.66343
G0 F7200 X122.762 Y118.609
G0 X123.055 Y115.79
G1 F1500 E50.16343
G0 F7200 X122.962 Y115.766
G1 F1800 X122.617 Y115.673 E50.16792
G1 X122.616 Y115.187 E50.17401
G1 X122.834 Y115.245 E50.17684
G1 X123.065 Y115.334 E50.17994
G1 X123.066 Y115.806 E50.18586
G1 X122.962 Y115.766 E50.18726
G0 F7200 X122.769 Y115.714
G0 X122.752 Y115.643
G1 F1500 E43.68726
G0 F7200 X122.762 Y115.609
G0 X121.369 Y115.661
G1 F1500 E50.18726
G0 F7200 X121.038 Y115.766
G1 F1800 X120.935 Y115.805 E50.18864
G1 X120.935 Y115.334 E50.19455
G1 X121.166 Y115.245 E50.19765
G1 X121.383 Y115.187 E50.20047
G1 X121.384 Y115.673 E50.20656
G1 X121.038 Y115.766 E50.21106
G0 F7200 X120.935 Y115.805
G0 X120.935 Y115.715
G0 X121.225 Y115.302
G1 F1500 E43.71106
G0 F7200 X121.23 Y115.331
G0 X120.946 Y112.789
G1 F1500 E50.21106
G0 F7200 X121.038 Y112.766
G1 F1800 X120.935 Y112.805 E50.21244
G1 X120.935 Y112.334 E50.21834
G1 X121.166 Y112.245 E50.22145
G1 X121.383 Y112.187 E50.22426
G1 X121.383 Y112.673 E50.23036
G1 X121.038 Y112.766 E50.23484
G0 F7200 X120.935 Y112.805
G0 X120.935 Y112.715
G0 X121.128 Y112.499
;TYPE:SKIN
G1 F1800 X121.179 Y112.449 E50.23529
G0 F7200 X121.165 Y112.317
G1 F1500 E43.73529
G0 F7200 X121.176 Y112.348
G0 X122.637 Y112.671
G1 F1500 E50.23529
G0 F7200 X122.962 Y112.766
;TYPE:WALL-OUTER
G1 F1800 X122.617 Y112.673 E50.23977
G1 X122.617 Y112.187 E50.24586
G1 X122.834 Y112.245 E50.24868
G1 X123.065 Y112.334 E50.25178
G1 X123.065 Y112.805 E50.25769
G1 X122.962 Y112.766 E50.25907
G0 F7200 X122.769 Y112.714
G0 X122.811 Y112.514
;TYPE:SKIN
G1 F1800 X122.86 Y112.464 E50.25951
G0 F7200 X122.875 Y112.329
G1 F1500 E43.75951
G0 F7200 X122.86 Y112.362
G0 X123.055 Y109.79
G1 F1500 E50.25951
G0 F7200 X122.962 Y109.766
;TYPE:WALL-OUTER
G1 F1800 X122.617 Y109.673 E50.26399
G1 X122.616 Y109.187 E50.27009
G1 X122.834 Y109.245 E50.27292
G1 X123.065 Y109.334 E50.27602
G1 X123.066 Y109.806 E50.28194
G1 X122.962 Y109.766 E50.28334
G0 F7200 X122.769 Y109.714
G0 X122.752 Y109.643
G1 F1500 E43.78334
G0 F7200 X122.762 Y109.609
G0 X121.369 Y109.661
G1 F1500 E50.28334
G0 F7200 X121.038 Y109.766
G1 F1800 X120.935 Y109.805 E50.28472
G1 X120.935 Y109.334 E50.29062
G1 X121.166 Y109.245 E50.29373
G1 X121.383 Y109.187 E50.29655
G1 X121.384 Y109.673 E50.30264
G1 X121.038 Y109.766 E50.30713
G0 F7200 X120.935 Y109.805
G0 X120.935 Y109.715
G0 X121.225 Y109.302
G1 F1500 E43.80713
G0 F7200 X121.23 Y109.331
G0 X121.648 Y110.498
G0 X123.914 Y111.04
G0 X128.07 Y109.661
G1 F1500 E50.30713
G0 F7200 X129.038 Y109.766
G1 F1800 X128.935 Y109.805 E50.30851
G1 X128.935 Y109.334 E50.31442
G1 X129.166 Y109.245 E50.31753
G1 X129.383 Y109.187 E50.32034
G1 X129.384 Y109.673 E50.32644
G1 X129.038 Y109.766 E50.33093
G0 F7200 X128.935 Y109.805
G0 X128.935 Y109.715
G0 X129.225 Y109.302
G1 F1500 E43.83093
G0 F7200 X129.23 Y109.331
G0 X130.617 Y109.659
G1 F1500 E50.33093
G0 F7200 X130.962 Y109.766
G1 F1800 X130.617 Y109.673 E50.33541
G1 X130.616 Y109.187 E50.3415
G1 X130.834 Y109.245 E50.34433
G1 X131.065 Y109.334 E50.34744
G1 X131.066 Y109.806 E50.35336
G1 X130.962 Y109.766 E50.35475
G0 F7200 X130.769 Y109.714
G0 X130.752 Y109.643
G1 F1500 E43.85475
G0 F7200 X130.762 Y109.609
G0 X130.629 Y112.202
G1 F1500 E50.35475
G0 F7200 X130.962 Y112.766
G1 F1800 X130.617 Y112.673 E50.35924
G1 X130.617 Y112.187 E50.36533
G1 X130.834 Y112.245 E50.36815
G1 X131.065 Y112.334 E50.37125
G1 X131.065 Y112.805 E50.37716
G1 X130.962 Y112.766 E50.37854
G0 F7200 X130.769 Y112.714
G0 X130.752 Y112.643
G1 F1500 E43.87854
G0 F7200 X130.762 Y112.609
G0 X129.363 Y112.671
G1 F1500 E50.37854
G0 F7200 X129.038 Y112.766
G1 F1800 X128.935 Y112.805 E50.37992
G1 X128.935 Y112.334 E50.38583
G1 X129.166 Y112.245 E50.38893
G1 X129.383 Y112.187 E50.39175
G1 X129.383 Y112.673 E50.39784
G1 X129.038 Y112.766 E50.40232
G0 F7200 X128.935 Y112.805
G0 X128.935 Y112.715
G0 X129.224 Y112.301
G0 X129.23 Y112.331
G0 X129.371 Y115.202
G0 X129.038 Y115.766
G1 F1800 X128.935 Y115.805 E50.4037
G1 X128.935 Y115.334 E50.40961
G1 X129.166 Y115.245 E50.41272
G1 X129.383 Y115.187 E50.41553
G1 X129.384 Y115.673 E50.42163
G1 X129.038 Y115.766 E50.42612
G0 F7200 X128.935 Y115.805
G0 X128.935 Y115.715
G0 X129.129 Y115.529
;TYPE:SKIN
G1 F1800 X129.188 Y115.47 E50.42664
G0 F7200 X129.335 Y115.469
G1 F1500 E43.92664
G0 F7200 X129.283 Y115.468
G0 X130.617 Y115.659
G1 F1500 E50.42664
G0 F7200 X130.962 Y115.766
;TYPE:WALL-OUTER
G1 F1800 X130.617 Y115.673 E50.43112
G1 X130.616 Y115.187 E50.43722
G1 X130.834 Y115.245 E50.44005
G1 X131.065 Y115.334 E50.44315
G1 X131.066 Y115.806 E50.44907
G1 X130.962 Y115.766 E50.45047
G0 F7200 X130.769 Y115.714
G0 X130.827 Y115.528
;TYPE:SKIN
G1 F1800 X130.869 Y115.486 E50.45084
G0 F7200 X131.017 Y115.486
G0 X130.965 Y115.485
G0 X130.629 Y118.202
G0 X130.962 Y118.766
;TYPE:WALL-OUTER
G1 F1800 X130.617 Y118.673 E50.45532
G1 X130.617 Y118.187 E50.46142
G1 X130.834 Y118.245 E50.46423
G1 X131.065 Y118.334 E50.46734
G1 X131.066 Y118.806 E50.47326
G1 X130.962 Y118.766 E50.47465
G0 F7200 X130.769 Y118.714
G0 X130.752 Y118.643
G1 F1500 E43.97465
G0 F7200 X130.762 Y118.609
G0 X129.363 Y118.671
G1 F1500 E50.47465
G0 F7200 X129.038 Y118.766
G1 F1800 X128.935 Y118.805 E50.47603
G1 X128.935 Y118.334 E50.48194
G1 X129.166 Y118.245 E50.48505
G1 X129.383 Y118.187 E50.48786
G1 X129.383 Y118.673 E50.49396
G1 X129.038 Y118.766 E50.49844
G0 F7200 X128.935 Y118.805
G0 X128.935 Y118.715
G0 X129.224 Y118.301
G1 F1500 E43.99844
;MESH:NONMESH
G0 F600 X129.224 Y118.301 Z12.6
G0 F7200 X129.23 Y118.331
G0 X128.07 Y118.345
G0 X123.922 Y114.744
G0 X122.64 Y114.298
G0 X120.888 Y114.436
G0 X113.648 Y110.498
G1 F1500 E50.49844
G0 F7200 X113.459 Y109.653
;TIME_ELAPSED:595.899557
;LAYER:62
;TYPE:WALL-OUTER
;MESH:output\A_fina_suporte.stl
G1 F1800 X113.145 Y109.737 E50.50251
G1 X113.145 Y109.253 E50.50858
G1 X113.163 Y109.246 E50.50883
G1 X113.536 Y109.146 E50.51367
G1 X113.731 Y109.116 E50.51614
G1 X113.812 Y109.108 E50.51716
G1 X114.092 Y109.102 E50.52068
G1 X114.188 Y109.108 E50.52188
G1 X114.269 Y109.116 E50.5229
G1 X114.464 Y109.146 E50.52538
G1 X114.837 Y109.246 E50.53022
G1 X114.855 Y109.253 E50.53046
G1 X114.856 Y109.737 E50.53653
G1 X114.541 Y109.653 E50.53815
G1 X114.325 Y109.62 E50.54089
G1 X114.216 Y109.609 E50.54226
G1 X114.104 Y109.602 E50.54367
G1 X113.788 Y109.608 E50.54763
G1 X113.675 Y109.62 E50.54906
G1 X113.459 Y109.653 E50.5518
G0 F7200 X113.266 Y109.704
G0 X113.388 Y109.428
;TYPE:SKIN
G1 F1800 X113.623 Y109.38 E50.55273
G1 X114.488 Y109.397 E50.55609
G0 F7200 X114.494 Y109.567
G1 F1500 E44.05609
G0 F7200 X114.499 Y109.546
G0 X113.455 Y109.634
G0 X113.733 Y112.135
G1 F1500 E50.55609
G0 F7200 X113.459 Y112.653
;TYPE:WALL-OUTER
G1 F1800 X113.145 Y112.737 E50.56016
G1 X113.145 Y112.253 E50.56623
G1 X113.163 Y112.246 E50.56648
G1 X113.536 Y112.146 E50.57132
G1 X113.731 Y112.116 E50.57379
G1 X113.812 Y112.108 E50.57481
G1 X114.092 Y112.102 E50.57833
G1 X114.188 Y112.108 E50.57953
G1 X114.269 Y112.116 E50.58055
G1 X114.464 Y112.146 E50.58303
G1 X114.837 Y112.246 E50.58787
G1 X114.855 Y112.253 E50.58811
G1 X114.855 Y112.737 E50.59418
G1 X114.541 Y112.653 E50.59826
G1 X114.325 Y112.62 E50.601
G1 X114.216 Y112.609 E50.60237
G1 X114.104 Y112.602 E50.60378
G1 X113.788 Y112.608 E50.60774
G1 X113.675 Y112.62 E50.60917
G1 X113.459 Y112.653 E50.61191
G0 F7200 X113.266 Y112.704
G0 X113.53 Y112.398
;TYPE:SKIN
G1 F1800 X113.776 Y112.362 E50.61295
G1 X114.357 Y112.377 E50.6154
G0 F7200 X114.4 Y112.54
G1 F1500 E44.1154
G0 F7200 X114.402 Y112.531
G0 X113.733 Y115.135
G1 F1500 E50.6154
G0 F7200 X113.459 Y115.653
;TYPE:WALL-OUTER
G1 F1800 X113.145 Y115.737 E50.61948
G1 X113.145 Y115.253 E50.62555
G1 X113.163 Y115.246 E50.62579
G1 X113.536 Y115.146 E50.63063
G1 X113.731 Y115.116 E50.63311
G1 X113.812 Y115.108 E50.63413
G1 X114.092 Y115.102 E50.63764
G1 X114.188 Y115.108 E50.63885
G1 X114.269 Y115.116 E50.63987
G1 X114.464 Y115.146 E50.64234
G1 X114.837 Y115.246 E50.64718
G1 X114.855 Y115.253 E50.64743
G1 X114.856 Y115.737 E50.6535
G1 X114.541 Y115.653 E50.65511
G1 X114.325 Y115.62 E50.65785
G1 X114.216 Y115.609 E50.65923
G1 X114.104 Y115.602 E50.66063
G1 X113.788 Y115.608 E50.6646
G1 X113.675 Y115.62 E50.66602
G1 X113.459 Y115.653 E50.66876
G0 F7200 X113.266 Y115.704
G0 X113.437 Y115.417
;TYPE:SKIN
G1 F1800 X113.675 Y115.372 E50.66968
G1 X114.567 Y115.415 E50.67308
G0 F7200 X114.591 Y115.593
G1 F1500 E44.17308
G0 F7200 X114.598 Y115.566
G0 X114.168 Y118.126
G1 F1500 E50.67308
G0 F7200 X113.459 Y118.653
;TYPE:WALL-OUTER
G1 F1800 X113.145 Y118.737 E50.67716
G1 X113.145 Y118.253 E50.68323
G1 X113.163 Y118.246 E50.68347
G1 X113.536 Y118.146 E50.68831
G1 X113.731 Y118.116 E50.69079
G1 X113.812 Y118.108 E50.69181
G1 X114.092 Y118.102 E50.69532
G1 X114.188 Y118.108 E50.69652
G1 X114.269 Y118.116 E50.69755
G1 X114.464 Y118.146 E50.70002
G1 X114.837 Y118.246 E50.70486
G1 X114.855 Y118.253 E50.7051
G1 X114.856 Y118.737 E50.71117
G1 X114.541 Y118.653 E50.71279
G1 X114.325 Y118.62 E50.71553
G1 X114.216 Y118.609 E50.7169
G1 X114.104 Y118.602 E50.71831
G1 X113.788 Y118.608 E50.72227
G1 X113.675 Y118.62 E50.7237
G1 X113.459 Y118.653 E50.72644
G0 F7200 X113.266 Y118.704
G0 X113.359 Y118.45
;TYPE:SKIN
G1 F1800 X113.579 Y118.388 E50.72729
G1 X114.426 Y118.386 E50.73045
G0 F7200 X114.435 Y118.551
G1 F1500 E44.23045
G0 F7200 X114.438 Y118.536
G0 X115.72 Y118.568
G0 X120.28 Y118.569
G0 X121.439 Y118.556
G1 F1500 E50.73045
G0 F7200 X121.459 Y118.653
;TYPE:WALL-OUTER
G1 F1800 X121.145 Y118.737 E50.73452
G1 X121.145 Y118.253 E50.74059
G1 X121.163 Y118.246 E50.74084
G1 X121.536 Y118.146 E50.74568
G1 X121.731 Y118.116 E50.74815
G1 X121.812 Y118.108 E50.74917
G1 X122.092 Y118.102 E50.75269
G1 X122.188 Y118.108 E50.75389
G1 X122.269 Y118.116 E50.75491
G1 X122.464 Y118.146 E50.75739
G1 X122.837 Y118.246 E50.76223
G1 X122.855 Y118.253 E50.76247
G1 X122.856 Y118.737 E50.76854
G1 X122.541 Y118.653 E50.77016
G1 X122.325 Y118.62 E50.7729
G1 X122.216 Y118.609 E50.77427
G1 X122.104 Y118.602 E50.77568
G1 X121.788 Y118.608 E50.77964
G1 X121.675 Y118.62 E50.78107
G1 X121.459 Y118.653 E50.78381
G0 F7200 X121.266 Y118.704
G0 X121.513 Y118.402
;TYPE:SKIN
G1 F1800 X121.758 Y118.364 E50.78485
G1 X122.333 Y118.373 E50.78727
G0 F7200 X122.377 Y118.536
G1 F1500 E44.28727
G0 F7200 X122.379 Y118.527
G0 X121.157 Y115.722
G1 F1500 E50.78727
G0 F7200 X121.459 Y115.653
;TYPE:WALL-OUTER
G1 F1800 X121.145 Y115.737 E50.79135
G1 X121.145 Y115.253 E50.79742
G1 X121.163 Y115.246 E50.79766
G1 X121.536 Y115.146 E50.8025
G1 X121.731 Y115.116 E50.80498
G1 X121.812 Y115.108 E50.806
G1 X121.908 Y115.102 E50.8072
G1 X122.189 Y115.108 E50.81073
G1 X122.269 Y115.116 E50.81174
G1 X122.464 Y115.146 E50.81421
G1 X122.837 Y115.246 E50.81905
G1 X122.855 Y115.253 E50.8193
G1 X122.856 Y115.737 E50.82536
G1 X122.541 Y115.653 E50.82698
G1 X122.325 Y115.62 E50.82972
G1 X122.212 Y115.608 E50.83115
G1 X121.896 Y115.602 E50.83511
G1 X121.784 Y115.609 E50.83652
G1 X121.675 Y115.62 E50.83789
G1 X121.459 Y115.653 E50.84063
G0 F7200 X121.266 Y115.704
G0 X121.372 Y115.432
;TYPE:SKIN
G1 F1800 X121.606 Y115.383 E50.84155
G1 X122.463 Y115.392 E50.84483
G0 F7200 X122.47 Y115.561
G1 F1500 E44.34483
G0 F7200 X122.473 Y115.542
G0 X121.157 Y112.722
G1 F1500 E50.84483
G0 F7200 X121.459 Y112.653
;TYPE:WALL-OUTER
G1 F1800 X121.145 Y112.737 E50.8489
G1 X121.145 Y112.253 E50.85497
G1 X121.163 Y112.246 E50.85522
G1 X121.536 Y112.146 E50.86006
G1 X121.731 Y112.116 E50.86253
G1 X121.812 Y112.108 E50.86355
G1 X122.092 Y112.102 E50.86707
G1 X122.188 Y112.108 E50.86827
G1 X122.269 Y112.116 E50.86929
G1 X122.464 Y112.146 E50.87177
G1 X122.837 Y112.246 E50.87661
G1 X122.855 Y112.253 E50.87685
G1 X122.855 Y112.737 E50.88292
G1 X122.541 Y112.653 E50.887
G1 X122.325 Y112.62 E50.88974
G1 X122.216 Y112.609 E50.89111
G1 X122.104 Y112.602 E50.89252
G1 X121.788 Y112.608 E50.89648
G1 X121.675 Y112.62 E50.89791
G1 X121.459 Y112.653 E50.90065
G0 F7200 X121.266 Y112.704
G0 X121.463 Y112.412
;TYPE:SKIN
G1 F1800 X121.703 Y112.369 E50.90156
G1 X122.607 Y112.425 E50.90495
G0 F7200 X122.491 Y112.241
G1 F1500 E44.40495
G0 F7200 X122.487 Y112.255
G0 X121.157 Y109.722
G1 F1500 E50.90495
G0 F7200 X121.459 Y109.653
;TYPE:WALL-OUTER
G1 F1800 X121.145 Y109.737 E50.90903
G1 X121.145 Y109.253 E50.9151
G1 X121.163 Y109.246 E50.91534
G1 X121.536 Y109.146 E50.92018
G1 X121.731 Y109.116 E50.92266
G1 X121.812 Y109.108 E50.92368
G1 X122.092 Y109.102 E50.92719
G1 X122.188 Y109.108 E50.92839
G1 X122.269 Y109.116 E50.92942
G1 X122.464 Y109.146 E50.93189
G1 X122.837 Y109.246 E50.93673
G1 X122.855 Y109.253 E50.93697
G1 X122.856 Y109.737 E50.94304
G1 X122.541 Y109.653 E50.94466
G1 X122.325 Y109.62 E50.9474
G1 X122.212 Y109.608 E50.94883
G1 X121.896 Y109.602 E50.95279
G1 X121.784 Y109.609 E50.9542
G1 X121.675 Y109.62 E50.95557
G1 X121.459 Y109.653 E50.95831
G0 F7200 X121.266 Y109.704
G0 X121.555 Y109.393
;TYPE:SKIN
G1 F1800 X121.804 Y109.359 E50.95938
G1 X122.393 Y109.382 E50.9619
G0 F7200 X122.403 Y109.543
G1 F1500 E44.4619
G0 F7200 X122.405 Y109.531
G0 X123.72 Y109.568
G0 X128.28 Y109.569
G0 X129.439 Y109.556
G1 F1500 E50.9619
G0 F7200 X129.459 Y109.653
;TYPE:WALL-OUTER
G1 F1800 X129.145 Y109.737 E50.96597
G1 X129.145 Y109.253 E50.97204
G1 X129.163 Y109.246 E50.97228
G1 X129.536 Y109.146 E50.97713
G1 X129.731 Y109.116 E50.9796
G1 X129.812 Y109.108 E50.98062
G1 X129.908 Y109.102 E50.98183
G1 X130.189 Y109.108 E50.98535
G1 X130.269 Y109.116 E50.98636
G1 X130.464 Y109.146 E50.98883
G1 X130.837 Y109.246 E50.99368
G1 X130.855 Y109.253 E50.99392
G1 X130.856 Y109.737 E50.99999
G1 X130.541 Y109.653 E51.00161
G1 X130.325 Y109.62 E51.00435
G1 X130.212 Y109.608 E51.00577
G1 X129.896 Y109.602 E51.00973
G1 X129.784 Y109.609 E51.01114
G1 X129.675 Y109.62 E51.01252
G1 X129.459 Y109.653 E51.01526
G0 F7200 X129.266 Y109.704
G0 X129.489 Y109.407
;TYPE:SKIN
G1 F1800 X129.731 Y109.366 E51.01611
G1 X130.628 Y109.414 E51.01924
G0 F7200 X130.486 Y109.24
G1 F1500 E44.51924
G0 F7200 X130.483 Y109.253
G0 X129.455 Y109.634
G0 X129.733 Y112.135
G1 F1500 E51.01924
G0 F7200 X129.459 Y112.653
;TYPE:WALL-OUTER
G1 F1800 X129.145 Y112.737 E51.02331
G1 X129.145 Y112.253 E51.02938
G1 X129.163 Y112.246 E51.02962
G1 X129.536 Y112.146 E51.03447
G1 X129.731 Y112.116 E51.03694
G1 X129.812 Y112.108 E51.03796
G1 X129.908 Y112.102 E51.03917
G1 X130.189 Y112.108 E51.04269
G1 X130.269 Y112.116 E51.0437
G1 X130.464 Y112.146 E51.04617
G1 X130.837 Y112.246 E51.05102
G1 X130.855 Y112.253 E51.05126
G1 X130.855 Y112.737 E51.05733
G1 X130.541 Y112.653 E51.0614
G1 X130.325 Y112.62 E51.06414
G1 X130.212 Y112.608 E51.06557
G1 X129.896 Y112.602 E51.06953
G1 X129.784 Y112.609 E51.07094
G1 X129.675 Y112.62 E51.07231
G1 X129.459 Y112.653 E51.07505
G0 F7200 X129.266 Y112.704
G0 X129.397 Y112.426
;TYPE:SKIN
G1 F1800 X129.632 Y112.378 E51.07597
G1 X130.502 Y112.4 E51.07931
G0 F7200 X130.506 Y112.571
G1 F1500 E44.57931
G0 F7200 X130.51 Y112.547
G0 X130.188 Y115.127
G1 F1500 E51.07931
G0 F7200 X129.459 Y115.653
;TYPE:WALL-OUTER
G1 F1800 X129.145 Y115.737 E51.08339
G1 X129.145 Y115.253 E51.08946
G1 X129.163 Y115.246 E51.0897
G1 X129.536 Y115.146 E51.09454
G1 X129.731 Y115.116 E51.09702
G1 X129.812 Y115.108 E51.09804
G1 X129.908 Y115.102 E51.09924
G1 X130.189 Y115.108 E51.10277
G1 X130.269 Y115.116 E51.10378
G1 X130.464 Y115.146 E51.10625
G1 X130.837 Y115.246 E51.11109
G1 X130.855 Y115.253 E51.11134
G1 X130.856 Y115.737 E51.1174
G1 X130.541 Y115.653 E51.11902
G1 X130.325 Y115.62 E51.12176
G1 X130.212 Y115.608 E51.12319
G1 X129.896 Y115.602 E51.12715
G1 X129.784 Y115.609 E51.12856
G1 X129.675 Y115.62 E51.12993
G1 X129.459 Y115.653 E51.13267
G0 F7200 X129.266 Y115.704
G0 X129.539 Y115.397
;TYPE:SKIN
G1 F1800 X129.785 Y115.36 E51.13373
G1 X130.369 Y115.378 E51.13621
G0 F7200 X130.379 Y115.537
G1 F1500 E44.63621
G0 F7200 X130.381 Y115.528
G0 X129.733 Y118.135
G1 F1500 E51.13621
G0 F7200 X129.459 Y118.653
;TYPE:WALL-OUTER
G1 F1800 X129.145 Y118.737 E51.14029
G1 X129.145 Y118.253 E51.14635
G1 X129.163 Y118.246 E51.1466
G1 X129.536 Y118.146 E51.15144
G1 X129.731 Y118.116 E51.15391
G1 X129.812 Y118.108 E51.15493
G1 X130.092 Y118.102 E51.15845
G1 X130.188 Y118.108 E51.15965
G1 X130.269 Y118.116 E51.16067
G1 X130.464 Y118.146 E51.16315
G1 X130.837 Y118.246 E51.16799
G1 X130.855 Y118.253 E51.16823
G1 X130.856 Y118.737 E51.1743
G1 X130.541 Y118.653 E51.17592
G1 X130.325 Y118.62 E51.17866
G1 X130.216 Y118.609 E51.18003
G1 X130.104 Y118.602 E51.18144
G1 X129.788 Y118.608 E51.1854
G1 X129.675 Y118.62 E51.18683
G1 X129.459 Y118.653 E51.18957
G0 F7200 X129.266 Y118.704
G0 X129.447 Y118.416
;TYPE:SKIN
G1 F1800 X129.685 Y118.371 E51.19049
G1 X130.583 Y118.421 E51.1939
G0 F7200 X130.607 Y118.598
G1 F1500 E44.6939
;MESH:NONMESH
G0 F600 X130.607 Y118.598 Z12.8
G0 F7200 X130.614 Y118.57
G0 X129.161 Y118.264
G0 X123.712 Y114.662
G0 X121.299 Y113.591
G0 X120.298 Y113.954
G0 X115.72 Y109.721
G0 X114.339 Y109.6
G1 F1500 E51.1939
G0 F7200 X113.459 Y109.653
;TIME_ELAPSED:606.098876
;LAYER:63
;TYPE:WALL-OUTER
;MESH:output\A_fina_suporte.stl
G1 F1800 X113.355 Y109.681 E51.19525
G1 X113.355 Y109.195 E51.20135
G1 X113.536 Y109.146 E51.2037
G1 X113.731 Y109.116 E51.20617
G1 X113.812 Y109.108 E51.20719
G1 X114.092 Y109.102 E51.21071
G1 X114.188 Y109.108 E51.21191
G1 X114.269 Y109.116 E51.21293
G1 X114.464 Y109.146 E51.21541
G1 X114.645 Y109.195 E51.21776
G1 X114.645 Y109.681 E51.22385
G1 X114.541 Y109.653 E51.2252
G1 X114.325 Y109.62 E51.22794
G1 X114.216 Y109.609 E51.22932
G1 X114.104 Y109.602 E51.23072
G1 X113.788 Y109.608 E51.23469
G1 X113.675 Y109.62 E51.23611
G1 X113.459 Y109.653 E51.23885
G0 F7200 X113.355 Y109.681
G0 X113.355 Y109.588
G0 X113.803 Y109.358
;TYPE:SKIN
G1 F1800 X114.09 Y109.354 E51.24035
G1 X114.35 Y109.377 E51.24172
G0 F7200 X114.412 Y109.229
G1 F1500 E44.74172
G0 F7200 X114.41 Y109.238
G0 X113.455 Y109.634
G0 X113.733 Y112.135
G1 F1500 E51.24172
G0 F7200 X113.459 Y112.653
;TYPE:WALL-OUTER
G1 F1800 X113.355 Y112.681 E51.24307
G1 X113.355 Y112.195 E51.24916
G1 X113.536 Y112.146 E51.25151
G1 X113.731 Y112.116 E51.25399
G1 X113.812 Y112.108 E51.25501
G1 X114.092 Y112.102 E51.25852
G1 X114.188 Y112.108 E51.25973
G1 X114.269 Y112.116 E51.26075
G1 X114.464 Y112.146 E51.26322
G1 X114.645 Y112.195 E51.26557
G1 X114.645 Y112.681 E51.27167
G1 X114.541 Y112.653 E51.27302
G1 X114.325 Y112.62 E51.27576
G1 X114.216 Y112.609 E51.27713
G1 X114.104 Y112.602 E51.27854
G1 X113.788 Y112.608 E51.2825
G1 X113.675 Y112.62 E51.28393
G1 X113.459 Y112.653 E51.28667
G0 F7200 X113.355 Y112.681
G0 X113.355 Y112.588
G0 X113.61 Y112.38
;TYPE:SKIN
G1 F1800 X113.918 Y112.355 E51.28798
G1 X114.426 Y112.413 E51.29015
G0 F7200 X114.263 Y112.21
G1 F1500 E44.79015
G0 F7200 X114.262 Y112.215
G0 X113.733 Y115.135
G1 F1500 E51.29015
G0 F7200 X113.459 Y115.653
;TYPE:WALL-OUTER
G1 F1800 X113.355 Y115.681 E51.2915
G1 X113.355 Y115.195 E51.29759
G1 X113.536 Y115.146 E51.29994
G1 X113.731 Y115.116 E51.30242
G1 X113.812 Y115.108 E51.30344
G1 X114.092 Y115.102 E51.30695
G1 X114.188 Y115.108 E51.30816
G1 X114.269 Y115.116 E51.30918
G1 X114.464 Y115.146 E51.31165
G1 X114.645 Y115.195 E51.314
G1 X114.645 Y115.681 E51.3201
G1 X114.541 Y115.653 E51.32145
G1 X114.325 Y115.62 E51.32419
G1 X114.216 Y115.609 E51.32556
G1 X114.104 Y115.602 E51.32697
G1 X113.788 Y115.608 E51.33093
G1 X113.675 Y115.62 E51.33236
G1 X113.459 Y115.653 E51.3351
G0 F7200 X113.355 Y115.681
G0 X113.355 Y115.588
G0 X113.738 Y115.363
;TYPE:SKIN
G1 F1800 X114.032 Y115.352 E51.33667
G1 X114.298 Y115.369 E51.3381
G0 F7200 X114.345 Y115.218
G1 F1500 E44.8381
G0 F7200 X114.342 Y115.227
G0 X113.733 Y118.135
G1 F1500 E51.3381
G0 F7200 X113.459 Y118.653
;TYPE:WALL-OUTER
G1 F1800 X113.355 Y118.681 E51.33945
G1 X113.355 Y118.195 E51.34555
G1 X113.536 Y118.146 E51.3479
G1 X113.731 Y118.116 E51.35037
G1 X113.812 Y118.108 E51.35139
G1 X114.092 Y118.102 E51.3549
G1 X114.188 Y118.108 E51.35611
G1 X114.269 Y118.116 E51.35713
G1 X114.464 Y118.146 E51.3596
G1 X114.645 Y118.195 E51.36196
G1 X114.645 Y118.681 E51.36805
G1 X114.541 Y118.653 E51.3694
G1 X114.325 Y118.62 E51.37214
G1 X114.216 Y118.609 E51.37352
G1 X114.104 Y118.602 E51.37492
G1 X113.788 Y118.608 E51.37889
G1 X113.675 Y118.62 E51.38031
G1 X113.459 Y118.653 E51.38305
G0 F7200 X113.355 Y118.681
G0 X113.355 Y118.588
G0 X113.574 Y118.355
;TYPE:SKIN
G1 F1800 X113.857 Y118.356 E51.38413
G1 X114.395 Y118.383 E51.38618
G0 F7200 X114.431 Y118.231
G1 F1500 E44.88618
G0 F7200 X114.429 Y118.241
G0 X115.51 Y118.556
G0 X120.49 Y118.556
G1 F1500 E51.38618
G0 F7200 X121.459 Y118.653
;TYPE:WALL-OUTER
G1 F1800 X121.355 Y118.681 E51.38753
G1 X121.355 Y118.195 E51.39362
G1 X121.536 Y118.146 E51.39598
G1 X121.731 Y118.116 E51.39845
G1 X121.812 Y118.108 E51.39947
G1 X122.092 Y118.102 E51.40298
G1 X122.188 Y118.108 E51.40419
G1 X122.269 Y118.116 E51.40521
G1 X122.464 Y118.146 E51.40768
G1 X122.645 Y118.195 E51.41004
G1 X122.645 Y118.681 E51.41613
G1 X122.541 Y118.653 E51.41748
G1 X122.325 Y118.62 E51.42022
G1 X122.216 Y118.609 E51.42159
G1 X122.104 Y118.602 E51.423
G1 X121.788 Y118.608 E51.42697
G1 X121.675 Y118.62 E51.42839
G1 X121.459 Y118.653 E51.43113
G0 F7200 X121.355 Y118.681
G0 X121.355 Y118.588
G0 X121.771 Y118.36
;TYPE:SKIN
G1 F1800 X122.062 Y118.353 E51.43267
G1 X122.325 Y118.373 E51.43406
G0 F7200 X122.387 Y118.225
G1 F1500 E44.93406
G0 F7200 X122.385 Y118.234
G0 X121.367 Y115.666
G1 F1500 E51.43406
G0 F7200 X121.459 Y115.653
;TYPE:WALL-OUTER
G1 F1800 X121.355 Y115.681 E51.43541
G1 X121.355 Y115.195 E51.44151
G1 X121.536 Y115.146 E51.44386
G1 X121.731 Y115.116 E51.44633
G1 X121.812 Y115.108 E51.44736
G1 X121.908 Y115.102 E51.44856
G1 X122.189 Y115.108 E51.45209
G1 X122.269 Y115.116 E51.45309
G1 X122.464 Y115.146 E51.45557
G1 X122.645 Y115.195 E51.45792
G1 X122.645 Y115.681 E51.46401
G1 X122.541 Y115.653 E51.46537
G1 X122.325 Y115.62 E51.46811
G1 X122.212 Y115.608 E51.46953
G1 X121.896 Y115.602 E51.47349
G1 X121.784 Y115.609 E51.4749
G1 X121.675 Y115.62 E51.47627
G1 X121.459 Y115.653 E51.47902
G0 F7200 X121.355 Y115.681
G0 X121.355 Y115.588
G0 X121.645 Y115.376
;TYPE:SKIN
G1 F1800 X121.951 Y115.352 E51.4806
G1 X122.224 Y115.362 E51.48202
G0 F7200 X122.275 Y115.211
G1 F1500 E44.98202
G0 F7200 X122.274 Y115.217
G0 X121.367 Y112.666
G1 F1500 E51.48202
G0 F7200 X121.459 Y112.653
;TYPE:WALL-OUTER
G1 F1800 X121.355 Y112.681 E51.48337
G1 X121.355 Y112.195 E51.48946
G1 X121.536 Y112.146 E51.49181
G1 X121.731 Y112.116 E51.49429
G1 X121.812 Y112.108 E51.49531
G1 X122.092 Y112.102 E51.49882
G1 X122.188 Y112.108 E51.50003
G1 X122.269 Y112.116 E51.50105
G1 X122.464 Y112.146 E51.50352
G1 X122.645 Y112.195 E51.50587
G1 X122.645 Y112.681 E51.51197
G1 X122.541 Y112.653 E51.51332
G1 X122.325 Y112.62 E51.51606
G1 X122.216 Y112.609 E51.51743
G1 X122.104 Y112.602 E51.51884
G1 X121.788 Y112.608 E51.5228
G1 X121.675 Y112.62 E51.52423
G1 X121.459 Y112.653 E51.52697
G0 F7200 X121.355 Y112.681
G0 X121.355 Y112.588
G0 X121.836 Y112.356
;TYPE:SKIN
G1 F1800 X122.121 Y112.354 E51.52845
G1 X122.377 Y112.38 E51.52979
G0 F7200 X122.438 Y112.233
G1 F1500 E45.02979
G0 F7200 X122.436 Y112.242
G0 X121.367 Y109.666
G1 F1500 E51.52979
G0 F7200 X121.459 Y109.653
;TYPE:WALL-OUTER
G1 F1800 X121.355 Y109.681 E51.53114
G1 X121.355 Y109.195 E51.53723
G1 X121.536 Y109.146 E51.53959
G1 X121.731 Y109.116 E51.54206
G1 X121.812 Y109.108 E51.54308
G1 X122.092 Y109.102 E51.54659
G1 X122.188 Y109.108 E51.5478
G1 X122.269 Y109.116 E51.54882
G1 X122.464 Y109.146 E51.55129
G1 X122.645 Y109.195 E51.55365
G1 X122.645 Y109.681 E51.55974
G1 X122.541 Y109.653 E51.56109
G1 X122.325 Y109.62 E51.56383
G1 X122.212 Y109.608 E51.56526
G1 X121.896 Y109.602 E51.56922
G1 X121.784 Y109.609 E51.57063
G1 X121.675 Y109.62 E51.572
G1 X121.459 Y109.653 E51.57474
G0 F7200 X121.355 Y109.681
G0 X121.355 Y109.588
G0 X121.715 Y109.366
;TYPE:SKIN
G1 F1800 X122.011 Y109.352 E51.5763
G1 X122.279 Y109.367 E51.57771
G0 F7200 X122.328 Y109.216
G1 F1500 E45.07771
G0 F7200 X122.326 Y109.225
G0 X123.51 Y109.556
G0 X128.49 Y109.556
G1 F1500 E51.57771
G0 F7200 X129.459 Y109.653
;TYPE:WALL-OUTER
G1 F1800 X129.355 Y109.681 E51.57906
G1 X129.355 Y109.195 E51.58515
G1 X129.536 Y109.146 E51.58751
G1 X129.731 Y109.116 E51.58998
G1 X129.812 Y109.108 E51.591
G1 X129.908 Y109.102 E51.59221
G1 X130.189 Y109.108 E51.59573
G1 X130.269 Y109.116 E51.59674
G1 X130.464 Y109.146 E51.59921
G1 X130.645 Y109.195 E51.60157
G1 X130.645 Y109.681 E51.60766
G1 X130.541 Y109.653 E51.60901
G1 X130.325 Y109.62 E51.61175
G1 X130.212 Y109.608 E51.61318
G1 X129.896 Y109.602 E51.61714
G1 X129.784 Y109.609 E51.61855
G1 X129.675 Y109.62 E51.61992
G1 X129.459 Y109.653 E51.62266
G0 F7200 X129.355 Y109.681
G0 X129.355 Y109.588
G0 X129.621 Y109.379
;TYPE:SKIN
G1 F1800 X129.931 Y109.352 E51.62396
G1 X130.431 Y109.419 E51.62606
G0 F7200 X130.265 Y109.21
G1 F1500 E45.12606
G0 F7200 X130.263 Y109.215
G0 X129.733 Y112.135
G1 F1500 E51.62606
G0 F7200 X129.459 Y112.653
;TYPE:WALL-OUTER
G1 F1800 X129.355 Y112.681 E51.62741
G1 X129.355 Y112.195 E51.63351
G1 X129.536 Y112.146 E51.63586
G1 X129.731 Y112.116 E51.63833
G1 X129.812 Y112.108 E51.63935
G1 X129.908 Y112.102 E51.64056
G1 X130.189 Y112.108 E51.64409
G1 X130.269 Y112.116 E51.64509
G1 X130.464 Y112.146 E51.64757
G1 X130.645 Y112.195 E51.64992
G1 X130.645 Y112.681 E51.65601
G1 X130.541 Y112.653 E51.65736
G1 X130.325 Y112.62 E51.6601
G1 X130.212 Y112.608 E51.66153
G1 X129.896 Y112.602 E51.66549
G1 X129.784 Y112.609 E51.6669
G1 X129.675 Y112.62 E51.66827
G1 X129.459 Y112.653 E51.67101
G0 F7200 X129.355 Y112.681
G0 X129.355 Y112.588
G0 X129.749 Y112.362
;TYPE:SKIN
G1 F1800 X130.04 Y112.355 E51.67254
G1 X130.307 Y112.371 E51.67394
G0 F7200 X130.355 Y112.219
G1 F1500 E45.17394
G0 F7200 X130.353 Y112.229
G0 X129.733 Y115.135
G1 F1500 E51.67394
G0 F7200 X129.459 Y115.653
;TYPE:WALL-OUTER
G1 F1800 X129.355 Y115.681 E51.67529
G1 X129.355 Y115.195 E51.68139
G1 X129.536 Y115.146 E51.68374
G1 X129.731 Y115.116 E51.68621
G1 X129.812 Y115.108 E51.68723
G1 X129.908 Y115.102 E51.68844
G1 X130.189 Y115.108 E51.69197
G1 X130.269 Y115.116 E51.69297
G1 X130.464 Y115.146 E51.69545
G1 X130.645 Y115.195 E51.6978
G1 X130.645 Y115.681 E51.70389
G1 X130.541 Y115.653 E51.70524
G1 X130.325 Y115.62 E51.70799
G1 X130.212 Y115.608 E51.70941
G1 X129.896 Y115.602 E51.71337
G1 X129.784 Y115.609 E51.71478
G1 X129.675 Y115.62 E51.71615
G1 X129.459 Y115.653 E51.71889
G0 F7200 X129.355 Y115.681
G0 X129.355 Y115.588
G0 X129.58 Y115.361
;TYPE:SKIN
G1 F1800 X129.869 Y115.354 E51.72005
G1 X130.403 Y115.385 E51.72218
G0 F7200 X130.439 Y115.233
G1 F1500 E45.22218
G0 F7200 X130.437 Y115.242
G0 X129.455 Y115.634
G0 X129.733 Y118.135
G1 F1500 E51.72218
G0 F7200 X129.459 Y118.653
;TYPE:WALL-OUTER
G1 F1800 X129.355 Y118.681 E51.72353
G1 X129.355 Y118.195 E51.72963
G1 X129.536 Y118.146 E51.73198
G1 X129.731 Y118.116 E51.73446
G1 X129.812 Y118.108 E51.73548
G1 X130.092 Y118.102 E51.73899
G1 X130.188 Y118.108 E51.74019
G1 X130.269 Y118.116 E51.74121
G1 X130.464 Y118.146 E51.74369
G1 X130.645 Y118.195 E51.74604
G1 X130.645 Y118.681 E51.75214
G1 X130.541 Y118.653 E51.75349
G1 X130.325 Y118.62 E51.75623
G1 X130.216 Y118.609 E51.7576
G1 X130.104 Y118.602 E51.75901
G1 X129.788 Y118.608 E51.76297
G1 X129.675 Y118.62 E51.7644
G1 X129.459 Y118.653 E51.76714
G0 F7200 X129.355 Y118.681
G0 X129.355 Y118.588
G0 X129.681 Y118.37
;TYPE:SKIN
G1 F1800 X129.981 Y118.353 E51.76872
G1 X130.253 Y118.365 E51.77016
G0 F7200 X130.301 Y118.214
;MESH:NONMESH
G0 F600 X130.301 Y118.214 Z13
G0 F7200 X130.299 Y118.221
G0 X128.49 Y118.207
G0 X123.501 Y114.537
G0 X120.506 Y113.786
G0 X115.51 Y109.666
G0 X113.663 Y109.521
G0 X113.675 Y109.62
;TIME_ELAPSED:615.251961
;LAYER:64
;TYPE:WALL-OUTER
;MESH:output\A_fina_suporte.stl
G1 F1392.7 X113.565 Y109.637 E51.77156
G1 X113.565 Y109.142 E51.77776
G1 X113.731 Y109.116 E51.77987
G1 X113.812 Y109.108 E51.78089
G1 X114.091 Y109.102 E51.78439
G1 X114.224 Y109.111 E51.78606
G1 X114.33 Y109.125 E51.7874
G1 X114.435 Y109.142 E51.78874
G1 X114.435 Y109.636 E51.79493
G1 X114.324 Y109.619 E51.79634
G1 X114.104 Y109.602 E51.79911
G1 X113.788 Y109.608 E51.80307
G1 X113.675 Y109.62 E51.8045
G0 F7200 X113.565 Y109.637
G0 X113.565 Y109.548
G0 X113.881 Y109.356
;TYPE:SKIN
G1 F1392.7 X114.165 Y109.357 E51.80646
G0 F7200 X114.198 Y109.514
G0 X114.198 Y109.509
G0 X113.813 Y112.127
G0 X113.675 Y112.62
;TYPE:WALL-OUTER
G1 F1392.7 X113.565 Y112.637 E51.80786
G1 X113.565 Y112.142 E51.81407
G1 X113.731 Y112.116 E51.81618
G1 X113.812 Y112.108 E51.8172
G1 X114.091 Y112.102 E51.8207
G1 X114.224 Y112.111 E51.82237
G1 X114.33 Y112.125 E51.82371
G1 X114.435 Y112.142 E51.82504
G1 X114.435 Y112.636 E51.83124
G1 X114.324 Y112.619 E51.83265
G1 X114.104 Y112.602 E51.83541
G1 X113.788 Y112.608 E51.83938
G1 X113.675 Y112.62 E51.8408
G0 F7200 X113.565 Y112.637
G0 X113.565 Y112.548
G0 X113.792 Y112.378
;TYPE:SKIN
G1 F1392.7 X114.049 Y112.352 E51.84233
G0 F7200 X114.094 Y112.504
G0 X114.095 Y112.502
G0 X113.813 Y115.127
G0 X113.675 Y115.62
;TYPE:WALL-OUTER
G1 F1392.7 X113.565 Y115.637 E51.84373
G1 X113.565 Y115.142 E51.84994
G1 X113.731 Y115.116 E51.85204
G1 X113.812 Y115.108 E51.85306
G1 X114.091 Y115.102 E51.85656
G1 X114.224 Y115.111 E51.85823
G1 X114.33 Y115.125 E51.85958
G1 X114.435 Y115.142 E51.86091
G1 X114.435 Y115.636 E51.8671
G1 X114.324 Y115.619 E51.86851
G1 X114.104 Y115.602 E51.87128
G1 X113.788 Y115.608 E51.87524
G1 X113.675 Y115.62 E51.87667
G0 F7200 X113.565 Y115.637
G0 X113.565 Y115.548
G0 X113.939 Y115.353
;TYPE:SKIN
G1 F1392.7 X114.205 Y115.336 E51.87823
G0 F7200 X114.033 Y115.203
G0 X114.032 Y115.204
G0 X113.813 Y118.127
G0 X113.675 Y118.62
;TYPE:WALL-OUTER
G1 F1392.7 X113.565 Y118.637 E51.87962
G1 X113.565 Y118.142 E51.88583
G1 X113.731 Y118.116 E51.88794
G1 X113.812 Y118.108 E51.88896
G1 X114.091 Y118.102 E51.89246
G1 X114.224 Y118.111 E51.89413
G1 X114.33 Y118.125 E51.89547
G1 X114.435 Y118.142 E51.8968
G1 X114.435 Y118.636 E51.903
G1 X114.324 Y118.619 E51.90441
G1 X114.104 Y118.602 E51.90717
G1 X113.788 Y118.608 E51.91114
G1 X113.675 Y118.62 E51.91256
G0 F7200 X113.565 Y118.637
G0 X113.565 Y118.548
G0 X113.832 Y118.357
;TYPE:SKIN
G1 F1392.7 X114.111 Y118.353 E51.91447
G0 F7200 X114.162 Y118.508
G0 X114.162 Y118.506
G0 X115.3 Y118.521
G0 X120.7 Y118.521
G0 X121.675 Y118.62
;TYPE:WALL-OUTER
G1 F1392.7 X121.565 Y118.637 E51.91587
G1 X121.565 Y118.142 E51.92208
G1 X121.731 Y118.116 E51.92419
G1 X121.812 Y118.108 E51.92521
G1 X122.091 Y118.102 E51.92871
G1 X122.224 Y118.111 E51.93038
G1 X122.33 Y118.125 E51.93172
G1 X122.435 Y118.142 E51.93305
G1 X122.435 Y118.636 E51.93925
G1 X122.324 Y118.619 E51.94066
G1 X122.104 Y118.602 E51.94342
G1 X121.788 Y118.608 E51.94739
G1 X121.675 Y118.62 E51.94881
G0 F7200 X121.565 Y118.637
G0 X121.565 Y118.548
G0 X121.781 Y118.387
;TYPE:SKIN
G1 F1392.7 X122.03 Y118.353 E51.95018
G0 F7200 X122.086 Y118.503
G0 X122.087 Y118.502
G0 X121.577 Y115.622
G0 X121.674 Y115.62
;TYPE:WALL-OUTER
G1 F1392.7 X121.565 Y115.637 E51.95156
G1 X121.565 Y115.142 E51.95777
G1 X121.731 Y115.116 E51.95988
G1 X121.909 Y115.102 E51.96212
G1 X122.189 Y115.108 E51.96563
G1 X122.269 Y115.116 E51.96664
G1 X122.435 Y115.142 E51.96874
G1 X122.435 Y115.637 E51.97495
G1 X122.325 Y115.62 E51.97635
G1 X122.212 Y115.608 E51.97777
G1 X121.895 Y115.602 E51.98175
G1 X121.745 Y115.612 E51.98363
G1 X121.674 Y115.62 E51.98453
G0 F7200 X121.565 Y115.637
G0 X121.565 Y115.547
G0 X121.86 Y115.355
;TYPE:SKIN
G1 F1392.7 X122.144 Y115.356 E51.98642
G0 F7200 X122.173 Y115.51
G0 X122.173 Y115.508
G0 X121.577 Y112.622
G0 X121.675 Y112.62
;TYPE:WALL-OUTER
G1 F1392.7 X121.565 Y112.637 E51.98781
G1 X121.565 Y112.142 E51.99402
G1 X121.731 Y112.116 E51.99613
G1 X121.812 Y112.108 E51.99715
G1 X122.091 Y112.102 E52.00065
G1 X122.224 Y112.111 E52.00232
G1 X122.33 Y112.125 E52.00366
G1 X122.435 Y112.142 E52.00499
G1 X122.435 Y112.636 E52.01119
G1 X122.324 Y112.619 E52.0126
G1 X122.104 Y112.602 E52.01536
G1 X121.788 Y112.608 E52.01933
G1 X121.675 Y112.62 E52.02075
G0 F7200 X121.565 Y112.637
G0 X121.565 Y112.548
G0 X121.97 Y112.354
;TYPE:SKIN
G1 F1392.7 X122.221 Y112.322 E52.02199
G0 F7200 X122.037 Y112.504
G0 X122.038 Y112.503
G0 X121.577 Y109.622
G0 X121.674 Y109.62
;TYPE:WALL-OUTER
G1 F1392.7 X121.565 Y109.637 E52.02338
G1 X121.565 Y109.142 E52.02959
G1 X121.731 Y109.116 E52.03169
G1 X121.812 Y109.108 E52.03271
G1 X122.091 Y109.102 E52.03621
G1 X122.224 Y109.111 E52.03788
G1 X122.33 Y109.125 E52.03923
G1 X122.435 Y109.142 E52.04056
G1 X122.435 Y109.637 E52.04677
G1 X122.325 Y109.62 E52.04816
G1 X122.212 Y109.608 E52.04959
G1 X121.895 Y109.602 E52.05356
G1 X121.745 Y109.612 E52.05545
G1 X121.674 Y109.62 E52.05634
G0 F7200 X121.565 Y109.637
G0 X121.565 Y109.547
G0 X121.806 Y109.361
;TYPE:SKIN
G1 F1392.7 X122.082 Y109.354 E52.05818
G0 F7200 X122.121 Y109.505
G0 X123.3 Y109.521
G0 X128.7 Y109.521
G0 X129.674 Y109.62
;TYPE:WALL-OUTER
G1 F1392.7 X129.565 Y109.637 E52.05956
G1 X129.565 Y109.142 E52.06577
G1 X129.731 Y109.116 E52.06787
G1 X129.909 Y109.102 E52.07011
G1 X130.189 Y109.108 E52.07363
G1 X130.269 Y109.116 E52.07463
G1 X130.435 Y109.142 E52.07674
G1 X130.435 Y109.637 E52.08295
G1 X130.325 Y109.62 E52.08434
G1 X130.212 Y109.608 E52.08577
G1 X129.895 Y109.602 E52.08974
G1 X129.745 Y109.612 E52.09163
G1 X129.674 Y109.62 E52.09253
G0 F7200 X129.565 Y109.637
G0 X129.565 Y109.547
G0 X129.945 Y109.298
;TYPE:SKIN
G1 F1392.7 X130.057 Y109.409 E52.09351
G0 F7200 X130.055 Y109.505
G0 X130.188 Y112.127
G0 X130.435 Y112.142
;TYPE:WALL-OUTER
G1 F1392.7 X130.435 Y112.637 E52.09972
G1 X130.325 Y112.62 E52.10112
G1 X130.212 Y112.608 E52.10254
G1 X129.895 Y112.602 E52.10652
G1 X129.744 Y112.612 E52.10842
G1 X129.565 Y112.636 E52.11068
G1 X129.565 Y112.142 E52.11688
G1 X129.731 Y112.116 E52.11898
G1 X129.909 Y112.102 E52.12122
G1 X130.189 Y112.108 E52.12473
G1 X130.269 Y112.116 E52.12574
G1 X130.435 Y112.142 E52.12785
G0 F7200 X130.435 Y112.342
G0 X130.176 Y112.357
;TYPE:SKIN
G1 F1392.7 X129.89 Y112.354 E52.12975
G0 F7200 X129.834 Y112.204
G0 X129.833 Y112.209
G0 X129.733 Y115.135
G0 X129.674 Y115.62
;TYPE:WALL-OUTER
G1 F1392.7 X129.565 Y115.637 E52.13113
G1 X129.565 Y115.142 E52.13734
G1 X129.731 Y115.116 E52.13945
G1 X129.909 Y115.102 E52.14169
G1 X130.189 Y115.108 E52.1452
G1 X130.269 Y115.116 E52.14621
G1 X130.435 Y115.142 E52.14831
G1 X130.435 Y115.637 E52.15452
G1 X130.325 Y115.62 E52.15592
G1 X130.212 Y115.608 E52.15734
G1 X129.895 Y115.602 E52.16132
G1 X129.745 Y115.612 E52.1632
G1 X129.674 Y115.62 E52.1641
G0 F7200 X129.565 Y115.637
G0 X129.565 Y115.547
G0 X129.796 Y115.371
;TYPE:SKIN
G1 F1392.7 X130.062 Y115.354 E52.16575
G0 F7200 X130.116 Y115.506
G0 X129.813 Y118.127
G0 X129.675 Y118.62
;TYPE:WALL-OUTER
G1 F1392.7 X129.565 Y118.637 E52.16714
G1 X129.565 Y118.142 E52.17335
G1 X129.731 Y118.116 E52.17546
G1 X129.812 Y118.108 E52.17648
G1 X130.091 Y118.102 E52.17998
G1 X130.224 Y118.111 E52.18165
G1 X130.33 Y118.125 E52.18299
G1 X130.435 Y118.142 E52.18432
G1 X130.435 Y118.636 E52.19052
G1 X130.324 Y118.619 E52.19193
G1 X130.104 Y118.602 E52.19469
G1 X129.788 Y118.608 E52.19866
G1 X129.675 Y118.62 E52.20008
G0 F7200 X129.565 Y118.637
G0 X129.565 Y118.548
G0 X129.951 Y118.354
;TYPE:SKIN
G1 F1392.7 X130.211 Y118.332 E52.20152
G0 F7200 X130.033 Y118.203
;MESH:NONMESH
G0 F600 X130.033 Y118.203 Z13.2
G0 F7200 X130.032 Y118.204
G0 X128.7 Y118.155
G0 X123.291 Y114.476
G0 X120.716 Y113.723
G0 X115.3 Y109.621
G0 X114.106 Y109.503
G0 X114.105 Y109.602
;TIME_ELAPSED:618.199827
;LAYER:65
;TYPE:WALL-OUTER
;MESH:output\A_fina_suporte.stl
G1 F857.2 X113.784 Y109.608 E52.20555
G1 X113.784 Y109.111 E52.21178
G1 X113.812 Y109.108 E52.21214
G1 X114.102 Y109.102 E52.21577
G1 X114.216 Y109.11 E52.21721
G1 X114.216 Y109.61 E52.22348
G1 X114.105 Y109.602 E52.22487
G0 F7200 X113.905 Y109.605
G0 X113.904 Y109.507
G0 X113.905 Y109.505
G0 X114.102 Y112.121
G0 X114.105 Y112.602
G1 F857.2 X113.784 Y112.608 E52.2289
G1 X113.784 Y112.111 E52.23513
G1 X113.811 Y112.108 E52.23547
G1 X114.102 Y112.102 E52.23912
G1 X114.216 Y112.11 E52.24055
G1 X114.216 Y112.61 E52.24682
G1 X114.105 Y112.602 E52.24822
G0 F7200 X113.905 Y112.605
G0 X113.904 Y112.507
G0 X113.905 Y112.505
G0 X114.102 Y115.121
G0 X114.105 Y115.602
G1 F857.2 X113.784 Y115.608 E52.25225
G1 X113.784 Y115.111 E52.25848
G1 X113.812 Y115.108 E52.25883
G1 X114.102 Y115.102 E52.26247
G1 X114.216 Y115.11 E52.2639
G1 X114.216 Y115.61 E52.27017
G1 X114.105 Y115.602 E52.27157
G0 F7200 X113.905 Y115.605
G0 X113.979 Y115.406
;TYPE:SKIN
G1 F857.2 X114.02 Y115.364 E52.27194
G0 F7200 X114.184 Y115.364
G0 X114.116 Y115.364
G0 X114.102 Y118.121
G0 X114.105 Y118.602
;TYPE:WALL-OUTER
G1 F857.2 X113.784 Y118.608 E52.27596
G1 X113.784 Y118.111 E52.28219
G1 X113.811 Y118.108 E52.28254
G1 X114.102 Y118.102 E52.28619
G1 X114.216 Y118.11 E52.28762
G1 X114.216 Y118.61 E52.29389
G1 X114.105 Y118.602 E52.29528
G0 F7200 X113.905 Y118.605
G0 X113.904 Y118.507
G0 X113.905 Y118.505
G0 X115.081 Y118.503
G0 X120.919 Y118.503
G0 X122.107 Y118.503
G0 X122.105 Y118.602
G1 F857.2 X121.784 Y118.608 E52.29931
G1 X121.784 Y118.111 E52.30554
G1 X121.811 Y118.108 E52.30588
G1 X122.102 Y118.102 E52.30953
G1 X122.216 Y118.11 E52.31097
G1 X122.216 Y118.61 E52.31724
G1 X122.105 Y118.602 E52.31863
G0 F7200 X121.905 Y118.605
G0 X121.904 Y118.507
G1 F1500 E45.81863
G0 F7200 X121.905 Y118.505
G0 X121.797 Y115.595
G1 F1500 E52.31863
G0 F7200 X121.883 Y115.602
G1 F857.2 X121.784 Y115.609 E52.31988
G1 X121.784 Y115.111 E52.32612
G1 X121.91 Y115.102 E52.32771
G1 X122.189 Y115.108 E52.33121
G1 X122.216 Y115.111 E52.33155
G1 X122.216 Y115.608 E52.33778
G1 X121.883 Y115.602 E52.34196
G0 F7200 X121.784 Y115.609
G0 X121.784 Y115.508
G0 X121.978 Y115.326
;TYPE:SKIN
G1 F857.2 X122.006 Y115.298 E52.3422
G0 F7200 X122.008 Y115.205
G0 X122.203 Y112.596
G0 X122.105 Y112.602
;TYPE:WALL-OUTER
G1 F857.2 X121.784 Y112.608 E52.34623
G1 X121.784 Y112.111 E52.35246
G1 X121.811 Y112.108 E52.3528
G1 X122.102 Y112.102 E52.35645
G1 X122.216 Y112.11 E52.35789
G1 X122.216 Y112.61 E52.36416
G1 X122.105 Y112.602 E52.36555
G0 F7200 X121.905 Y112.605
G0 X121.904 Y112.507
G1 F1500 E45.86555
G0 F7200 X121.905 Y112.505
G0 X121.797 Y109.595
G1 F1500 E52.36555
G0 F7200 X121.883 Y109.602
G1 F857.2 X121.784 Y109.609 E52.3668
G1 X121.784 Y109.111 E52.37304
G1 X121.812 Y109.108 E52.3734
G1 X122.102 Y109.102 E52.37703
G1 X122.216 Y109.11 E52.37847
G1 X122.216 Y109.608 E52.38471
G1 X121.883 Y109.602 E52.38889
G0 F7200 X121.784 Y109.609
G0 X121.784 Y109.508
G0 X121.978 Y109.386
;TYPE:SKIN
G1 F857.2 X122.019 Y109.345 E52.38925
G0 F7200 X122.184 Y109.345
G0 X122.116 Y109.345
G0 X128.919 Y109.503
G0 X129.883 Y109.602
;TYPE:WALL-OUTER
G1 F857.2 X129.784 Y109.609 E52.3905
G1 X129.784 Y109.111 E52.39674
G1 X129.91 Y109.102 E52.39833
G1 X130.189 Y109.108 E52.40182
G1 X130.216 Y109.111 E52.40217
G1 X130.216 Y109.608 E52.4084
G1 X129.883 Y109.602 E52.41257
G0 F7200 X129.784 Y109.609
G0 X129.784 Y109.508
G0 X129.816 Y109.508
G1 F1500 E45.91257
G0 F7200 X129.881 Y109.503
G0 X129.91 Y112.121
G1 F1500 E52.41257
G0 F7200 X129.883 Y112.602
G1 F857.2 X129.784 Y112.609 E52.41382
G1 X129.784 Y112.111 E52.42006
G1 X129.91 Y112.102 E52.42165
G1 X130.189 Y112.108 E52.42515
G1 X130.216 Y112.111 E52.42549
G1 X130.216 Y112.608 E52.43172
G1 X129.883 Y112.602 E52.4359
G0 F7200 X129.784 Y112.609
G0 X129.784 Y112.508
G0 X129.986 Y112.409
;TYPE:SKIN
G1 F857.2 X130.019 Y112.376 E52.43619
G0 F7200 X130.184 Y112.376
G0 X130.116 Y112.376
G0 X129.91 Y115.121
G0 X129.883 Y115.602
;TYPE:WALL-OUTER
G1 F857.2 X129.784 Y115.609 E52.43743
G1 X129.784 Y115.111 E52.44368
G1 X129.91 Y115.102 E52.44526
G1 X130.189 Y115.108 E52.44876
G1 X130.216 Y115.111 E52.4491
G1 X130.216 Y115.608 E52.45534
G1 X129.883 Y115.602 E52.45951
G0 F7200 X129.784 Y115.609
G0 X129.784 Y115.508
G0 X129.816 Y115.508
G0 X129.881 Y115.503
G0 X130.102 Y118.121
G0 X130.105 Y118.602
G1 F857.2 X129.784 Y118.608 E52.46354
G1 X129.784 Y118.111 E52.46977
G1 X129.811 Y118.108 E52.47011
G1 X130.102 Y118.102 E52.47376
G1 X130.216 Y118.11 E52.4752
G1 X130.216 Y118.61 E52.48147
G1 X130.105 Y118.602 E52.48286
G0 F7200 X129.905 Y118.605
G0 X129.978 Y118.356
;TYPE:SKIN
G1 F857.2 X130.019 Y118.315 E52.48323
G0 F7200 X130.184 Y118.315
G1 F1500 E45.98323
;MESH:NONMESH
G0 F600 X130.184 Y118.315 Z13.4
G0 F7200 X130.116 Y118.315
G0 X128.919 Y118.124
G0 X123.071 Y114.374
G0 X120.933 Y113.595
G0 X115.081 Y109.596
G0 X114.025 Y109.375
;TIME_ELAPSED:622.839670
;LAYER:66
;TYPE:WALL-OUTER
;MESH:output\A_fina_suporte.stl
G1 F1500 E52.48323
G1 F600 X113.975 Y109.375 E52.48385
G1 X113.975 Y109.325 E52.48448
G1 X114.025 Y109.325 E52.48456
G1 X114.025 Y109.375 E52.48464
G0 F7200 X113.975 Y109.375
G0 X113.975 Y109.325
G0 X114.025 Y109.325
G0 X114.025 Y109.375
G0 X114.025 Y109.36
G0 X114.011 Y111.46
G0 X114.025 Y112.375
G1 F600 X113.975 Y112.375 E52.48526
G1 X113.975 Y112.325 E52.48589
G1 X114.025 Y112.325 E52.48597
G1 X114.025 Y112.375 E52.48605
G0 F7200 X113.975 Y112.375
G0 X113.975 Y112.325
G0 X114.025 Y112.325
G0 X114.025 Y112.375
G0 X114.025 Y112.36
G0 X114.011 Y114.46
G0 X114.025 Y115.375
G1 F600 X113.975 Y115.375 E52.48667
G1 X113.975 Y115.325 E52.4873
G1 X114.025 Y115.325 E52.48738
G1 X114.025 Y115.375 E52.48746
G0 F7200 X113.975 Y115.375
G0 X113.975 Y115.325
G0 X114.025 Y115.325
G0 X114.025 Y115.375
G0 X114.025 Y115.36
G0 X114.011 Y117.46
G0 X114.025 Y118.375
G1 F600 X113.975 Y118.375 E52.48808
G1 X113.975 Y118.325 E52.48871
G1 X114.025 Y118.325 E52.48879
G1 X114.025 Y118.375 E52.48887
G0 F7200 X113.975 Y118.375
G0 X113.975 Y118.325
G0 X114.025 Y118.325
G0 X114.025 Y118.375
G0 X114.025 Y118.36
G0 X121.11 Y118.36
G0 X122.025 Y118.375
G1 F600 X121.975 Y118.375 E52.4895
G1 X121.975 Y118.325 E52.49012
G1 X122.025 Y118.325 E52.4902
G1 X122.025 Y118.375 E52.49028
G0 F7200 X121.975 Y118.375
G0 X121.975 Y118.325
G0 X122.025 Y118.325
G0 X122.025 Y118.375
G0 X122.025 Y118.36
G0 X122.011 Y116.24
G0 X122.025 Y115.375
G1 F600 X121.975 Y115.375 E52.49091
G1 X121.975 Y115.325 E52.49153
G1 X122.025 Y115.325 E52.49161
G1 X122.025 Y115.375 E52.49169
G0 F7200 X121.975 Y115.375
G0 X121.975 Y115.325
G0 X122.025 Y115.325
G0 X122.025 Y115.375
G0 X122.025 Y115.36
G0 X122.011 Y113.24
G0 X122.025 Y112.375
G1 F600 X121.975 Y112.375 E52.49232
G1 X121.975 Y112.325 E52.49294
G1 X122.025 Y112.325 E52.49302
G1 X122.025 Y112.375 E52.4931
G0 F7200 X121.975 Y112.375
G0 X121.975 Y112.325
G0 X122.025 Y112.325
G0 X122.025 Y112.375
G0 X122.025 Y112.36
G0 X122.011 Y110.24
G0 X122.025 Y109.375
G1 F600 X121.975 Y109.375 E52.49373
G1 X121.975 Y109.325 E52.49436
G1 X122.025 Y109.325 E52.49443
G1 X122.025 Y109.375 E52.49451
G0 F7200 X121.975 Y109.375
G0 X121.975 Y109.325
G0 X122.025 Y109.325
G0 X122.025 Y109.375
G0 X122.025 Y109.36
G0 X129.11 Y109.36
G0 X130.025 Y109.375
G1 F600 X129.975 Y109.375 E52.49514
G1 X129.975 Y109.325 E52.49577
G1 X130.025 Y109.325 E52.49584
G1 X130.025 Y109.375 E52.49592
G0 F7200 X129.975 Y109.375
G0 X129.975 Y109.325
G0 X130.025 Y109.325
G0 X130.025 Y109.375
G0 X130.025 Y109.36
G0 X130.011 Y111.46
G0 X130.025 Y112.375
G1 F600 X129.975 Y112.375 E52.49655
G1 X129.975 Y112.325 E52.49718
G1 X130.025 Y112.325 E52.49726
G1 X130.025 Y112.375 E52.49733
G0 F7200 X129.975 Y112.375
G0 X129.975 Y112.325
G0 X130.025 Y112.325
G0 X130.025 Y112.375
G0 X130.025 Y112.36
G0 X130.011 Y114.46
G0 X130.025 Y115.375
G1 F600 X129.975 Y115.375 E52.49796
G1 X129.975 Y115.325 E52.49859
G1 X130.025 Y115.325 E52.49867
G1 X130.025 Y115.375 E52.49874
G0 F7200 X129.975 Y115.375
G0 X129.975 Y115.325
G0 X130.025 Y115.325
G0 X130.025 Y115.375
G0 X130.025 Y115.36
G0 X130.011 Y117.46
G0 X130.025 Y118.375
G1 F600 X129.975 Y118.375 E52.49937
G1 X129.975 Y118.325 E52.5
G1 X130.025 Y118.325 E52.50008
G1 X130.025 Y118.375 E52.50015
G0 F7200 X129.975 Y118.375
G0 X129.975 Y118.325
G0 X130.025 Y118.325
G0 X130.025 Y118.375
;MESH:NONMESH
G0 F600 X130.025 Y118.375 Z13.6
G0 F7200 X130.025 Y118.36
G0 X114.89 Y109.361
G0 X114.025 Y109.375
;TIME_ELAPSED:624.423108
;LAYER:67
;TYPE:WALL-OUTER
;MESH:output\A_fina_suporte.stl
G1 F600 X113.975 Y109.375 E52.50078
G1 X113.975 Y109.325 E52.50141
G1 X114.025 Y109.325 E52.50149
G1 X114.025 Y109.375 E52.50157
G0 F7200 X113.975 Y109.375
G0 X113.975 Y109.325
G0 X114.025 Y109.325
G0 X114.025 Y109.375
G0 X114.025 Y109.36
G0 X114.011 Y111.46
G0 X114.025 Y112.375
G1 F600 X113.975 Y112.375 E52.50219
G1 X113.975 Y112.325 E52.50282
G1 X114.025 Y112.325 E52.5029
G1 X114.025 Y112.375 E52.50298
G0 F7200 X113.975 Y112.375
G0 X113.975 Y112.325
G0 X114.025 Y112.325
G0 X114.025 Y112.375
G0 X114.025 Y112.36
G0 X114.011 Y114.46
G0 X114.025 Y115.375
G1 F600 X113.975 Y115.375 E52.5036
G1 X113.975 Y115.325 E52.50423
G1 X114.025 Y115.325 E52.50431
G1 X114.025 Y115.375 E52.50439
G0 F7200 X113.975 Y115.375
G0 X113.975 Y115.325
G0 X114.025 Y115.325
G0 X114.025 Y115.375
G0 X114.025 Y115.36
G0 X114.011 Y117.46
G0 X114.025 Y118.375
G1 F600 X113.975 Y118.375 E52.50501
G1 X113.975 Y118.325 E52.50564
G1 X114.025 Y118.325 E52.50572
G1 X114.025 Y118.375 E52.5058
G0 F7200 X113.975 Y118.375
G0 X113.975 Y118.325
G0 X114.025 Y118.325
G0 X114.025 Y118.375
G0 X114.025 Y118.36
G0 X121.11 Y118.36
G0 X122.025 Y118.375
G1 F600 X121.975 Y118.375 E52.50643
G1 X121.975 Y118.325 E52.50705
G1 X122.025 Y118.325 E52.50713
G1 X122.025 Y118.375 E52.50721
G0 F7200 X121.975 Y118.375
G0 X121.975 Y118.325
G0 X122.025 Y118.325
G0 X122.025 Y118.375
G0 X122.025 Y118.36
G0 X122.011 Y116.24
G0 X122.025 Y115.375
G1 F600 X121.975 Y115.375 E52.50784
G1 X121.975 Y115.325 E52.50846
G1 X122.025 Y115.325 E52.50854
G1 X122.025 Y115.375 E52.50862
G0 F7200 X121.975 Y115.375
G0 X121.975 Y115.325
G0 X122.025 Y115.325
G0 X122.025 Y115.375
G0 X122.025 Y115.36
G0 X122.011 Y113.24
G0 X122.025 Y112.375
G1 F600 X121.975 Y112.375 E52.50925
G1 X121.975 Y112.325 E52.50987
G1 X122.025 Y112.325 E52.50995
G1 X122.025 Y112.375 E52.51003
G0 F7200 X121.975 Y112.375
G0 X121.975 Y112.325
G0 X122.025 Y112.325
G0 X122.025 Y112.375
G0 X122.025 Y112.36
G0 X122.011 Y110.24
G0 X122.025 Y109.375
G1 F600 X121.975 Y109.375 E52.51066
G1 X121.975 Y109.325 E52.51128
G1 X122.025 Y109.325 E52.51136
G1 X122.025 Y109.375 E52.51144
G0 F7200 X121.975 Y109.375
G0 X121.975 Y109.325
G0 X122.025 Y109.325
G0 X122.025 Y109.375
G1 F1500 E46.01144
G0 F7200 X122.025 Y109.36
G0 X129.11 Y109.36
G1 F1500 E52.51144
G0 F7200 X130.025 Y109.375
G1 F600 X129.975 Y109.375 E52.51207
G1 X129.975 Y109.325 E52.5127
G1 X130.025 Y109.325 E52.51277
G1 X130.025 Y109.375 E52.51285
G0 F7200 X129.975 Y109.375
G0 X129.975 Y109.325
G0 X130.025 Y109.325
G0 X130.025 Y109.375
G0 X130.025 Y109.36
G0 X130.011 Y111.46
G0 X130.025 Y112.375
G1 F600 X129.975 Y112.375 E52.51348
G1 X129.975 Y112.325 E52.51411
G1 X130.025 Y112.325 E52.51418
G1 X130.025 Y112.375 E52.51426
G0 F7200 X129.975 Y112.375
G0 X129.975 Y112.325
G0 X130.025 Y112.325
G0 X130.025 Y112.375
G0 X130.025 Y112.36
G0 X130.011 Y114.46
G0 X130.025 Y115.375
G1 F600 X129.975 Y115.375 E52.51489
G1 X129.975 Y115.325 E52.51552
G1 X130.025 Y115.325 E52.5156
G1 X130.025 Y115.375 E52.51567
G0 F7200 X129.975 Y115.375
G0 X129.975 Y115.325
G0 X130.025 Y115.325
G0 X130.025 Y115.375
G0 X130.025 Y115.36
G0 X130.011 Y117.46
G0 X130.025 Y118.375
G1 F600 X129.975 Y118.375 E52.5163
G1 X129.975 Y118.325 E52.51693
G1 X130.025 Y118.325 E52.51701
G1 X130.025 Y118.375 E52.51708
G0 F7200 X129.975 Y118.375
G0 X129.975 Y118.325
G0 X130.025 Y118.325
G0 X130.025 Y118.375
;MESH:NONMESH
G0 F600 X130.025 Y118.375 Z13.8
G0 F7200 X130.025 Y118.36
G0 X114.89 Y109.361
G0 X114.104 Y109.602
;TIME_ELAPSED:626.286375
;LAYER:68
;TYPE:WALL-OUTER
;MESH:output\A_fina_suporte.stl
G1 F859 X113.783 Y109.608 E52.52111
G1 X113.782 Y109.111 E52.52734
G1 X113.812 Y109.108 E52.52772
G1 X114.092 Y109.102 E52.53123
G1 X114.217 Y109.111 E52.53281
G1 X114.218 Y109.609 E52.53905
G1 X114.104 Y109.602 E52.54048
G0 F7200 X113.904 Y109.605
G0 X113.903 Y109.507
G0 X113.904 Y109.505
G0 X114.092 Y112.121
G0 X114.104 Y112.602
G1 F859 X113.783 Y112.609 E52.54451
G1 X113.782 Y112.111 E52.55075
G1 X113.812 Y112.108 E52.55113
G1 X114.092 Y112.102 E52.55464
G1 X114.217 Y112.111 E52.55622
G1 X114.218 Y112.609 E52.56246
G1 X114.104 Y112.602 E52.56389
G0 F7200 X113.904 Y112.606
G0 X113.902 Y112.507
G0 X113.903 Y112.506
G0 X114.092 Y115.121
G0 X114.104 Y115.602
G1 F859 X113.783 Y115.609 E52.56792
G1 X113.782 Y115.111 E52.57416
G1 X113.812 Y115.108 E52.57454
G1 X114.092 Y115.102 E52.57805
G1 X114.217 Y115.111 E52.57963
G1 X114.218 Y115.609 E52.58587
G1 X114.104 Y115.602 E52.5873
G0 F7200 X113.904 Y115.606
G0 X113.902 Y115.507
G0 X113.903 Y115.506
G0 X114.092 Y118.121
G0 X114.104 Y118.602
G1 F859 X113.783 Y118.609 E52.59133
G1 X113.782 Y118.111 E52.59758
G1 X113.812 Y118.108 E52.59795
G1 X114.092 Y118.102 E52.60147
G1 X114.217 Y118.111 E52.60304
G1 X114.218 Y118.609 E52.60928
G1 X114.104 Y118.602 E52.61071
G0 F7200 X113.904 Y118.606
G0 X113.902 Y118.507
G0 X113.903 Y118.506
G0 X115.082 Y118.593
G0 X120.918 Y118.582
G0 X122.105 Y118.503
G0 X122.104 Y118.602
G1 F859 X121.783 Y118.609 E52.61474
G1 X121.782 Y118.111 E52.62099
G1 X121.812 Y118.108 E52.62136
G1 X122.092 Y118.102 E52.62488
G1 X122.217 Y118.111 E52.62645
G1 X122.218 Y118.609 E52.63269
G1 X122.104 Y118.602 E52.63413
G0 F7200 X121.904 Y118.606
G0 X122.021 Y118.344
;TYPE:SKIN
G1 F859 X121.975 Y118.298 E52.63453
G0 F7200 X121.817 Y118.298
G1 F1500 E46.13453
G0 F7200 X121.883 Y118.299
G0 X122.005 Y115.585
G1 F1500 E52.63453
G0 F7200 X121.896 Y115.602
;TYPE:WALL-OUTER
G1 F859 X121.783 Y115.609 E52.63595
G1 X121.782 Y115.111 E52.6422
G1 X121.908 Y115.102 E52.64378
G1 X122.189 Y115.108 E52.64731
G1 X122.217 Y115.111 E52.64766
G1 X122.218 Y115.609 E52.65391
G1 X121.896 Y115.602 E52.65794
G0 F7200 X121.783 Y115.609
G0 X121.783 Y115.522
G0 X121.817 Y115.522
G0 X121.882 Y115.502
G0 X122.205 Y112.589
G0 X122.104 Y112.602
G1 F859 X121.783 Y112.609 E52.66197
G1 X121.782 Y112.111 E52.66822
G1 X121.812 Y112.108 E52.66859
G1 X122.092 Y112.102 E52.67211
G1 X122.217 Y112.111 E52.67368
G1 X122.218 Y112.609 E52.67992
G1 X122.104 Y112.602 E52.68135
G0 F7200 X121.904 Y112.606
G0 X122.022 Y112.405
;TYPE:SKIN
G1 F859 X121.976 Y112.359 E52.68176
G0 F7200 X121.817 Y112.359
G0 X121.883 Y112.36
G0 X122.005 Y109.585
G0 X121.896 Y109.602
;TYPE:WALL-OUTER
G1 F859 X121.783 Y109.609 E52.68318
G1 X121.782 Y109.111 E52.68943
G1 X121.812 Y109.108 E52.68981
G1 X122.092 Y109.102 E52.69332
G1 X122.217 Y109.111 E52.69489
G1 X122.218 Y109.609 E52.70113
G1 X121.896 Y109.602 E52.70517
G0 F7200 X121.783 Y109.609
G0 X121.783 Y109.522
G0 X121.817 Y109.522
G1 F1500 E46.20517
G0 F7200 X121.882 Y109.502
G0 X123.082 Y109.516
G0 X128.918 Y109.505
G1 F1500 E52.70517
G0 F7200 X129.896 Y109.602
G1 F859 X129.783 Y109.609 E52.70659
G1 X129.782 Y109.111 E52.71284
G1 X129.908 Y109.102 E52.71442
G1 X130.189 Y109.108 E52.71795
G1 X130.217 Y109.111 E52.7183
G1 X130.218 Y109.609 E52.72455
G1 X129.896 Y109.602 E52.72858
G0 F7200 X129.783 Y109.609
G0 X129.783 Y109.522
G0 X129.976 Y109.328
;TYPE:SKIN
G1 F859 X130.022 Y109.374 E52.72899
G0 F7200 X130.183 Y109.374
G0 X130.117 Y109.373
G0 X129.908 Y112.121
G0 X129.896 Y112.602
;TYPE:WALL-OUTER
G1 F859 X129.783 Y112.609 E52.73041
G1 X129.782 Y112.111 E52.73666
G1 X129.908 Y112.102 E52.73824
G1 X130.189 Y112.108 E52.74177
G1 X130.217 Y112.111 E52.74212
G1 X130.218 Y112.609 E52.74836
G1 X129.896 Y112.602 E52.7524
G0 F7200 X129.783 Y112.609
G0 X129.783 Y112.522
G0 X129.817 Y112.522
G1 F1500 E46.2524
G0 F7200 X129.882 Y112.502
G0 X129.908 Y115.121
G1 F1500 E52.7524
G0 F7200 X129.896 Y115.602
G1 F859 X129.783 Y115.609 E52.75382
G1 X129.782 Y115.111 E52.76007
G1 X129.908 Y115.102 E52.76165
G1 X130.189 Y115.108 E52.76518
G1 X130.217 Y115.111 E52.76553
G1 X130.218 Y115.609 E52.77178
G1 X129.896 Y115.602 E52.77581
G0 F7200 X129.783 Y115.609
G0 X129.783 Y115.522
G0 X129.817 Y115.522
G0 X129.882 Y115.502
G0 X130.092 Y118.121
G0 X130.104 Y118.602
G1 F859 X129.783 Y118.609 E52.77984
G1 X129.782 Y118.111 E52.78609
G1 X129.812 Y118.108 E52.78646
G1 X130.092 Y118.102 E52.78998
G1 X130.217 Y118.111 E52.79155
G1 X130.218 Y118.609 E52.79779
G1 X130.104 Y118.602 E52.79922
G0 F7200 X129.904 Y118.606
G0 X130.005 Y118.408
;TYPE:SKIN
G1 F859 X129.976 Y118.38 E52.79948
G0 F7200 X129.817 Y118.38
;MESH:NONMESH
G0 F600 X129.817 Y118.38 Z14
G0 F7200 X129.883 Y118.381
G0 X123.071 Y114.374
G0 X120.933 Y113.594
G0 X115.082 Y109.593
G0 X113.883 Y109.538
G0 X113.675 Y109.62
;TIME_ELAPSED:630.672648
;LAYER:69
;TYPE:WALL-OUTER
;MESH:output\A_fina_suporte.stl
G1 F1395.7 X113.565 Y109.637 E52.80087
G1 X113.564 Y109.142 E52.80708
G1 X113.731 Y109.116 E52.8092
G1 X113.812 Y109.108 E52.81022
G1 X114.092 Y109.102 E52.81373
G1 X114.188 Y109.108 E52.81494
G1 X114.269 Y109.116 E52.81596
G1 X114.435 Y109.142 E52.81807
G1 X114.436 Y109.637 E52.82427
G1 X114.325 Y109.62 E52.82568
G1 X114.216 Y109.609 E52.82706
G1 X114.104 Y109.602 E52.82846
G1 X113.788 Y109.608 E52.83243
G1 X113.675 Y109.62 E52.83385
G0 F7200 X113.565 Y109.637
G0 X113.565 Y109.548
G0 X113.81 Y109.352
;TYPE:SKIN
G1 F1395.7 X114.09 Y109.354 E52.8357
G0 F7200 X114.15 Y109.204
G1 F1500 E46.3357
G0 F7200 X114.15 Y109.206
G0 X113.813 Y112.127
G1 F1500 E52.8357
G0 F7200 X113.675 Y112.62
;TYPE:WALL-OUTER
G1 F1395.7 X113.565 Y112.637 E52.83709
G1 X113.564 Y112.142 E52.8433
G1 X113.731 Y112.116 E52.84542
G1 X113.812 Y112.108 E52.84644
G1 X114.092 Y112.102 E52.84995
G1 X114.188 Y112.108 E52.85116
G1 X114.269 Y112.116 E52.85218
G1 X114.435 Y112.142 E52.85429
G1 X114.435 Y112.637 E52.86049
G1 X114.325 Y112.62 E52.86189
G1 X114.216 Y112.609 E52.86326
G1 X114.104 Y112.602 E52.86467
G1 X113.788 Y112.608 E52.86863
G1 X113.675 Y112.62 E52.87006
G0 F7200 X113.565 Y112.637
G0 X113.565 Y112.548
G0 X113.918 Y112.355
;TYPE:SKIN
G1 F1395.7 X114.192 Y112.363 E52.87188
G0 F7200 X114.038 Y112.504
G1 F1500 E46.37188
G0 F7200 X114.039 Y112.503
G0 X113.813 Y115.127
G1 F1500 E52.87188
G0 F7200 X113.675 Y115.62
;TYPE:WALL-OUTER
G1 F1395.7 X113.565 Y115.637 E52.87327
G1 X113.564 Y115.142 E52.87948
G1 X113.731 Y115.116 E52.8816
G1 X113.812 Y115.108 E52.88262
G1 X114.092 Y115.102 E52.88613
G1 X114.188 Y115.108 E52.88734
G1 X114.269 Y115.116 E52.88836
G1 X114.435 Y115.142 E52.89047
G1 X114.436 Y115.637 E52.89667
G1 X114.325 Y115.62 E52.89808
G1 X114.216 Y115.609 E52.89946
G1 X114.104 Y115.602 E52.90086
G1 X113.788 Y115.608 E52.90483
G1 X113.675 Y115.62 E52.90625
G0 F7200 X113.565 Y115.637
G0 X113.565 Y115.548
G0 X113.778 Y115.323
;TYPE:SKIN
G1 F1395.7 X114.032 Y115.352 E52.9076
G0 F7200 X114.087 Y115.202
G1 F1500 E46.4076
G0 F7200 X114.086 Y115.203
G0 X113.813 Y118.127
G1 F1500 E52.9076
G0 F7200 X113.675 Y118.62
;TYPE:WALL-OUTER
G1 F1395.7 X113.565 Y118.637 E52.909
G1 X113.564 Y118.142 E52.91521
G1 X113.731 Y118.116 E52.91733
G1 X113.812 Y118.108 E52.91835
G1 X114.092 Y118.102 E52.92186
G1 X114.188 Y118.108 E52.92307
G1 X114.269 Y118.116 E52.92409
G1 X114.435 Y118.142 E52.92619
G1 X114.436 Y118.637 E52.9324
G1 X114.325 Y118.62 E52.93381
G1 X114.216 Y118.609 E52.93518
G1 X114.104 Y118.602 E52.93659
G1 X113.788 Y118.608 E52.94055
G1 X113.675 Y118.62 E52.94198
G0 F7200 X113.565 Y118.637
G0 X113.565 Y118.548
G0 X113.857 Y118.356
;TYPE:SKIN
G1 F1395.7 X114.141 Y118.354 E52.94388
G0 F7200 X114.193 Y118.206
G1 F1500 E46.44388
G0 F7200 X114.193 Y118.209
G0 X115.3 Y118.534
G0 X120.7 Y118.524
G1 F1500 E52.94388
G0 F7200 X121.675 Y118.62
;TYPE:WALL-OUTER
G1 F1395.7 X121.565 Y118.637 E52.94527
G1 X121.564 Y118.142 E52.95148
G1 X121.731 Y118.116 E52.9536
G1 X121.812 Y118.108 E52.95462
G1 X122.092 Y118.102 E52.95813
G1 X122.188 Y118.108 E52.95934
G1 X122.269 Y118.116 E52.96036
G1 X122.435 Y118.142 E52.96247
G1 X122.436 Y118.637 E52.96868
G1 X122.325 Y118.62 E52.97008
G1 X122.216 Y118.609 E52.97146
G1 X122.104 Y118.602 E52.97287
G1 X121.788 Y118.608 E52.97683
G1 X121.675 Y118.62 E52.97825
G0 F7200 X121.565 Y118.637
G0 X121.565 Y118.548
G0 X121.794 Y118.338
;TYPE:SKIN
G1 F1395.7 X122.062 Y118.353 E52.97986
G0 F7200 X122.112 Y118.203
G1 F1500 E46.47986
G0 F7200 X121.577 Y115.622
G1 F1500 E52.97986
G0 F7200 X121.675 Y115.62
;TYPE:WALL-OUTER
G1 F1395.7 X121.565 Y115.637 E52.98126
G1 X121.564 Y115.142 E52.98746
G1 X121.731 Y115.116 E52.98958
G1 X121.812 Y115.108 E52.99061
G1 X121.908 Y115.102 E52.99181
G1 X122.189 Y115.108 E52.99534
G1 X122.269 Y115.116 E52.99634
G1 X122.435 Y115.142 E52.99845
G1 X122.436 Y115.637 E53.00466
G1 X122.325 Y115.62 E53.00607
G1 X122.212 Y115.608 E53.00749
G1 X121.896 Y115.602 E53.01146
G1 X121.784 Y115.609 E53.01286
G1 X121.675 Y115.62 E53.01424
G0 F7200 X121.565 Y115.637
G0 X121.565 Y115.548
G0 X121.951 Y115.352
;TYPE:SKIN
G1 F1395.7 X122.207 Y115.379 E53.01576
G0 F7200 X122.032 Y115.504
G1 F1500 E46.51576
G0 F7200 X121.577 Y112.622
G1 F1500 E53.01576
G0 F7200 X121.675 Y112.62
;TYPE:WALL-OUTER
G1 F1395.7 X121.565 Y112.637 E53.01715
G1 X121.564 Y112.142 E53.02336
G1 X121.731 Y112.116 E53.02548
G1 X121.812 Y112.108 E53.0265
G1 X122.092 Y112.102 E53.03001
G1 X122.188 Y112.108 E53.03122
G1 X122.269 Y112.116 E53.03224
G1 X122.435 Y112.142 E53.03435
G1 X122.435 Y112.637 E53.04055
G1 X122.325 Y112.62 E53.04195
G1 X122.216 Y112.609 E53.04332
G1 X122.104 Y112.602 E53.04473
G1 X121.788 Y112.608 E53.04869
G1 X121.675 Y112.62 E53.05012
G0 F7200 X121.565 Y112.637
G0 X121.565 Y112.548
G0 X121.836 Y112.356
;TYPE:SKIN
G1 F1395.7 X122.121 Y112.354 E53.05206
G0 F7200 X122.173 Y112.205
G1 F1500 E46.55206
G0 F7200 X122.18 Y112.208
G0 X121.577 Y109.622
G1 F1500 E53.05206
G0 F7200 X121.675 Y109.62
;TYPE:WALL-OUTER
G1 F1395.7 X121.565 Y109.637 E53.05345
G1 X121.564 Y109.142 E53.05966
G1 X121.731 Y109.116 E53.06178
G1 X121.812 Y109.108 E53.0628
G1 X122.092 Y109.102 E53.06631
G1 X122.188 Y109.108 E53.06752
G1 X122.269 Y109.116 E53.06854
G1 X122.435 Y109.142 E53.07065
G1 X122.436 Y109.637 E53.07685
G1 X122.325 Y109.62 E53.07826
G1 X122.212 Y109.608 E53.07969
G1 X121.896 Y109.602 E53.08365
G1 X121.784 Y109.609 E53.08506
G1 X121.675 Y109.62 E53.08643
G0 F7200 X121.565 Y109.637
G0 X121.565 Y109.548
G0 X121.956 Y109.408
;TYPE:SKIN
G1 F1395.7 X122.067 Y109.297 E53.08742
G0 F7200 X122.076 Y109.206
G1 F1500 E46.58742
G0 F7200 X123.3 Y109.534
G0 X128.7 Y109.524
G1 F1500 E53.08742
G0 F7200 X129.675 Y109.62
;TYPE:WALL-OUTER
G1 F1395.7 X129.565 Y109.637 E53.08881
G1 X129.564 Y109.142 E53.09502
G1 X129.731 Y109.116 E53.09714
G1 X129.812 Y109.108 E53.09816
G1 X129.908 Y109.102 E53.09937
G1 X130.189 Y109.108 E53.10289
G1 X130.269 Y109.116 E53.1039
G1 X130.435 Y109.142 E53.10601
G1 X130.436 Y109.637 E53.11221
G1 X130.325 Y109.62 E53.11362
G1 X130.212 Y109.608 E53.11505
G1 X129.896 Y109.602 E53.11901
G1 X129.784 Y109.609 E53.12042
G1 X129.675 Y109.62 E53.12179
G0 F7200 X129.565 Y109.637
G0 X129.565 Y109.548
G0 X129.931 Y109.352
;TYPE:SKIN
G1 F1395.7 X130.197 Y109.369 E53.12349
G0 F7200 X130.031 Y109.504
G1 F1500 E46.62349
G0 F7200 X129.813 Y112.127
G1 F1500 E53.12349
G0 F7200 X129.675 Y112.62
;TYPE:WALL-OUTER
G1 F1395.7 X129.565 Y112.637 E53.12489
G1 X129.564 Y112.142 E53.1311
G1 X129.731 Y112.116 E53.13322
G1 X129.812 Y112.108 E53.13424
G1 X129.908 Y112.102 E53.13544
G1 X130.189 Y112.108 E53.13897
G1 X130.269 Y112.116 E53.13998
G1 X130.435 Y112.142 E53.14208
G1 X130.435 Y112.637 E53.14829
G1 X130.325 Y112.62 E53.14969
G1 X130.212 Y112.608 E53.15111
G1 X129.896 Y112.602 E53.15507
G1 X129.784 Y112.609 E53.15648
G1 X129.675 Y112.62 E53.15786
G0 F7200 X129.565 Y112.637
G0 X129.565 Y112.548
G0 X129.784 Y112.328
;TYPE:SKIN
G1 F1395.7 X130.04 Y112.355 E53.15926
G0 F7200 X130.096 Y112.206
G1 F1500 E46.65926
G0 F7200 X129.813 Y115.127
G1 F1500 E53.15926
G0 F7200 X129.675 Y115.62
;TYPE:WALL-OUTER
G1 F1395.7 X129.565 Y115.637 E53.16065
G1 X129.564 Y115.142 E53.16686
G1 X129.731 Y115.116 E53.16898
G1 X129.812 Y115.108 E53.17
G1 X129.908 Y115.102 E53.17121
G1 X130.189 Y115.108 E53.17473
G1 X130.269 Y115.116 E53.17574
G1 X130.435 Y115.142 E53.17785
G1 X130.436 Y115.637 E53.18405
G1 X130.325 Y115.62 E53.18546
G1 X130.212 Y115.608 E53.18689
G1 X129.896 Y115.602 E53.19085
G1 X129.784 Y115.609 E53.19226
G1 X129.675 Y115.62 E53.19363
G0 F7200 X129.565 Y115.637
G0 X129.565 Y115.548
G0 X129.869 Y115.354
;TYPE:SKIN
G1 F1395.7 X130.149 Y115.358 E53.19558
G0 F7200 X130.187 Y115.208
G1 F1500 E46.69558
G0 F7200 X129.813 Y118.127
G1 F1500 E53.19558
G0 F7200 X129.675 Y118.62
;TYPE:WALL-OUTER
G1 F1395.7 X129.565 Y118.637 E53.19697
G1 X129.564 Y118.142 E53.20318
G1 X129.731 Y118.116 E53.2053
G1 X129.812 Y118.108 E53.20632
G1 X130.092 Y118.102 E53.20983
G1 X130.188 Y118.108 E53.21104
G1 X130.269 Y118.116 E53.21206
G1 X130.435 Y118.142 E53.21417
G1 X130.436 Y118.637 E53.22037
G1 X130.325 Y118.62 E53.22178
G1 X130.216 Y118.609 E53.22315
G1 X130.104 Y118.602 E53.22456
G1 X129.788 Y118.608 E53.22853
G1 X129.675 Y118.62 E53.22995
G0 F7200 X129.565 Y118.637
G0 X129.565 Y118.548
G0 X129.981 Y118.353
;TYPE:SKIN
G1 F1395.7 X130.222 Y118.395 E53.23125
G0 F7200 X130.033 Y118.203
G1 F1500 E46.73125
;MESH:NONMESH
G0 F600 X130.033 Y118.203 Z14.2
G0 F7200 X130.032 Y118.204
G0 X128.699 Y118.156
G0 X123.29 Y114.481
G0 X120.717 Y113.729
G0 X115.3 Y109.62
G0 X113.665 Y109.562
G1 F1500 E53.23125
G0 F7200 X113.459 Y109.653
;TIME_ELAPSED:640.071456
;LAYER:70
;TYPE:WALL-OUTER
;MESH:output\A_fina_suporte.stl
G1 F1800 X113.355 Y109.681 E53.2326
G1 X113.354 Y109.195 E53.2387
G1 X113.537 Y109.146 E53.24107
G1 X113.731 Y109.116 E53.24353
G1 X113.812 Y109.108 E53.24456
G1 X114.091 Y109.102 E53.24805
G1 X114.224 Y109.111 E53.24973
G1 X114.369 Y109.13 E53.25156
G1 X114.455 Y109.144 E53.25265
G1 X114.645 Y109.195 E53.25512
G1 X114.646 Y109.681 E53.26121
G1 X114.541 Y109.653 E53.26258
G1 X114.324 Y109.619 E53.26533
G1 X114.104 Y109.602 E53.2681
G1 X113.788 Y109.608 E53.27206
G1 X113.675 Y109.62 E53.27349
G1 X113.459 Y109.653 E53.27623
G0 F7200 X113.355 Y109.681
G0 X113.355 Y109.588
G0 X113.623 Y109.38
;TYPE:SKIN
G1 F1800 X113.881 Y109.356 E53.27756
G1 X114.165 Y109.356 E53.27902
G0 F7200 X114.198 Y109.511
G1 F1500 E46.77902
G0 F7200 X114.198 Y109.509
G0 X113.733 Y112.135
G1 F1500 E53.27902
G0 F7200 X113.459 Y112.653
;TYPE:WALL-OUTER
G1 F1800 X113.355 Y112.681 E53.28037
G1 X113.354 Y112.195 E53.28647
G1 X113.537 Y112.146 E53.28884
G1 X113.731 Y112.116 E53.29131
G1 X113.812 Y112.108 E53.29233
G1 X114.091 Y112.102 E53.29583
G1 X114.224 Y112.111 E53.2975
G1 X114.369 Y112.13 E53.29933
G1 X114.455 Y112.144 E53.30042
G1 X114.645 Y112.195 E53.30289
G1 X114.645 Y112.681 E53.30899
G1 X114.541 Y112.653 E53.31034
G1 X114.324 Y112.619 E53.31309
G1 X114.104 Y112.602 E53.31586
G1 X113.788 Y112.608 E53.31982
G1 X113.675 Y112.62 E53.32125
G1 X113.459 Y112.653 E53.32399
G0 F7200 X113.355 Y112.681
G0 X113.355 Y112.588
G0 X113.776 Y112.362
;TYPE:SKIN
G1 F1800 X114.05 Y112.353 E53.32538
G1 X114.355 Y112.375 E53.32694
G0 F7200 X114.365 Y112.534
G1 F1500 E46.82694
G0 F7200 X114.367 Y112.525
G0 X113.733 Y115.135
G1 F1500 E53.32694
G0 F7200 X113.459 Y115.653
;TYPE:WALL-OUTER
G1 F1800 X113.355 Y115.681 E53.32829
G1 X113.354 Y115.195 E53.33438
G1 X113.537 Y115.146 E53.33676
G1 X113.731 Y115.116 E53.33922
G1 X113.812 Y115.108 E53.34024
G1 X114.091 Y115.102 E53.34374
G1 X114.224 Y115.111 E53.34541
G1 X114.369 Y115.13 E53.34724
G1 X114.455 Y115.144 E53.34834
G1 X114.645 Y115.195 E53.3508
G1 X114.646 Y115.681 E53.3569
G1 X114.541 Y115.653 E53.35826
G1 X114.324 Y115.619 E53.36102
G1 X114.104 Y115.602 E53.36378
G1 X113.788 Y115.608 E53.36775
G1 X113.675 Y115.62 E53.36917
G1 X113.459 Y115.653 E53.37191
G0 F7200 X113.355 Y115.681
G0 X113.355 Y115.588
G0 X113.675 Y115.372
;TYPE:SKIN
G1 F1800 X113.939 Y115.353 E53.37327
G1 X114.229 Y115.36 E53.37476
G0 F7200 X114.262 Y115.519
G1 F1500 E46.87476
G0 F7200 X114.262 Y115.514
G0 X113.733 Y118.135
G1 F1500 E53.37476
G0 F7200 X113.459 Y118.653
;TYPE:WALL-OUTER
G1 F1800 X113.355 Y118.681 E53.37611
G1 X113.354 Y118.195 E53.3822
G1 X113.537 Y118.146 E53.38458
G1 X113.731 Y118.116 E53.38704
G1 X113.812 Y118.108 E53.38806
G1 X114.091 Y118.102 E53.39156
G1 X114.224 Y118.111 E53.39323
G1 X114.369 Y118.13 E53.39507
G1 X114.455 Y118.144 E53.39616
G1 X114.645 Y118.195 E53.39863
G1 X114.646 Y118.681 E53.40472
G1 X114.541 Y118.653 E53.40608
G1 X114.324 Y118.619 E53.40884
G1 X114.104 Y118.602 E53.41161
G1 X113.788 Y118.608 E53.41557
G1 X113.675 Y118.62 E53.41699
G1 X113.459 Y118.653 E53.41973
G0 F7200 X113.355 Y118.681
G0 X113.355 Y118.588
G0 X113.584 Y118.392
;TYPE:SKIN
G1 F1800 X113.832 Y118.357 E53.42075
G1 X114.407 Y118.367 E53.4231
G0 F7200 X114.26 Y118.212
G1 F1500 E46.9231
G0 F7200 X114.258 Y118.216
G0 X115.51 Y118.569
G0 X120.49 Y118.56
G1 F1500 E53.4231
G0 F7200 X121.459 Y118.653
;TYPE:WALL-OUTER
G1 F1800 X121.355 Y118.681 E53.42445
G1 X121.354 Y118.195 E53.43054
G1 X121.537 Y118.146 E53.43292
G1 X121.731 Y118.116 E53.43538
G1 X121.812 Y118.108 E53.4364
G1 X122.091 Y118.102 E53.4399
G1 X122.224 Y118.111 E53.44157
G1 X122.369 Y118.13 E53.44341
G1 X122.455 Y118.144 E53.4445
G1 X122.645 Y118.195 E53.44697
G1 X122.646 Y118.681 E53.45306
G1 X122.541 Y118.653 E53.45442
G1 X122.324 Y118.619 E53.45718
G1 X122.104 Y118.602 E53.45994
G1 X121.788 Y118.608 E53.46391
G1 X121.675 Y118.62 E53.46533
G1 X121.459 Y118.653 E53.46807
G0 F7200 X121.355 Y118.681
G0 X121.355 Y118.588
G0 X121.758 Y118.364
;TYPE:SKIN
G1 F1800 X122.029 Y118.352 E53.46944
G1 X122.332 Y118.372 E53.47098
G0 F7200 X122.373 Y118.536
G1 F1500 E46.97098
G0 F7200 X122.375 Y118.526
G0 X121.367 Y115.666
G1 F1500 E53.47098
G0 F7200 X121.458 Y115.653
;TYPE:WALL-OUTER
G1 F1800 X121.355 Y115.681 E53.47232
G1 X121.354 Y115.195 E53.47841
G1 X121.537 Y115.146 E53.48079
G1 X121.731 Y115.116 E53.48325
G1 X121.909 Y115.102 E53.48549
G1 X122.189 Y115.108 E53.489
G1 X122.269 Y115.116 E53.49001
G1 X122.464 Y115.146 E53.49248
G1 X122.645 Y115.195 E53.49483
G1 X122.646 Y115.681 E53.50093
G1 X122.541 Y115.653 E53.50229
G1 X122.325 Y115.62 E53.50503
G1 X122.212 Y115.608 E53.50646
G1 X121.895 Y115.602 E53.51043
G1 X121.743 Y115.612 E53.51234
G1 X121.576 Y115.634 E53.51446
G1 X121.458 Y115.653 E53.51595
G0 F7200 X121.355 Y115.681
G0 X121.355 Y115.587
G0 X121.605 Y115.383
;TYPE:SKIN
G1 F1800 X121.861 Y115.356 E53.51694
G1 X122.426 Y115.355 E53.51911
G0 F7200 X122.263 Y115.209
G1 F1500 E47.01911
G0 F7200 X122.262 Y115.215
G0 X121.367 Y112.666
G1 F1500 E53.51911
G0 F7200 X121.459 Y112.653
;TYPE:WALL-OUTER
G1 F1800 X121.355 Y112.681 E53.52046
G1 X121.354 Y112.195 E53.52656
G1 X121.537 Y112.146 E53.52893
G1 X121.731 Y112.116 E53.53139
G1 X121.812 Y112.108 E53.53242
G1 X122.091 Y112.102 E53.53591
G1 X122.224 Y112.111 E53.53759
G1 X122.369 Y112.13 E53.53942
G1 X122.455 Y112.144 E53.54051
G1 X122.645 Y112.195 E53.54298
G1 X122.645 Y112.681 E53.54907
G1 X122.541 Y112.653 E53.55043
G1 X122.324 Y112.619 E53.55318
G1 X122.104 Y112.602 E53.55595
G1 X121.788 Y112.608 E53.55991
G1 X121.675 Y112.62 E53.56134
G1 X121.459 Y112.653 E53.56408
G0 F7200 X121.355 Y112.681
G0 X121.355 Y112.588
G0 X121.703 Y112.369
;TYPE:SKIN
G1 F1800 X121.97 Y112.354 E53.56544
G1 X122.263 Y112.364 E53.56694
G0 F7200 X122.296 Y112.524
G1 F1500 E47.06694
G0 F7200 X122.296 Y112.517
G0 X121.367 Y109.666
G1 F1500 E53.56694
G0 F7200 X121.459 Y109.653
;TYPE:WALL-OUTER
G1 F1800 X121.355 Y109.681 E53.56829
G1 X121.354 Y109.195 E53.57438
G1 X121.537 Y109.146 E53.57676
G1 X121.731 Y109.116 E53.57922
G1 X121.812 Y109.108 E53.58024
G1 X122.091 Y109.102 E53.58374
G1 X122.224 Y109.111 E53.58541
G1 X122.369 Y109.13 E53.58724
G1 X122.455 Y109.144 E53.58834
G1 X122.645 Y109.195 E53.5908
G1 X122.646 Y109.681 E53.5969
G1 X122.541 Y109.653 E53.59826
G1 X122.325 Y109.62 E53.601
G1 X122.212 Y109.608 E53.60243
G1 X121.895 Y109.602 E53.6064
G1 X121.745 Y109.612 E53.60829
G1 X121.674 Y109.62 E53.60918
G1 X121.459 Y109.653 E53.61191
G0 F7200 X121.355 Y109.681
G0 X121.355 Y109.588
G0 X121.572 Y109.409
;TYPE:SKIN
G1 F1800 X121.804 Y109.359 E53.61288
G1 X122.39 Y109.379 E53.61527
G0 F7200 X122.269 Y109.21
G1 F1500 E47.11527
G0 F7200 X122.266 Y109.217
G0 X123.51 Y109.569
G0 X128.49 Y109.56
G1 F1500 E53.61527
G0 F7200 X129.459 Y109.653
;TYPE:WALL-OUTER
G1 F1800 X129.355 Y109.681 E53.61662
G1 X129.354 Y109.195 E53.62271
G1 X129.537 Y109.146 E53.62509
G1 X129.731 Y109.116 E53.62755
G1 X129.909 Y109.102 E53.62979
G1 X130.189 Y109.108 E53.6333
G1 X130.269 Y109.116 E53.63431
G1 X130.464 Y109.146 E53.63679
G1 X130.645 Y109.195 E53.63914
G1 X130.646 Y109.681 E53.64523
G1 X130.541 Y109.653 E53.64659
G1 X130.325 Y109.62 E53.64933
G1 X130.212 Y109.608 E53.65076
G1 X129.895 Y109.602 E53.65474
G1 X129.745 Y109.612 E53.65662
G1 X129.674 Y109.62 E53.65752
G1 X129.459 Y109.653 E53.66024
G0 F7200 X129.355 Y109.681
G0 X129.355 Y109.588
G0 X129.731 Y109.367
;TYPE:SKIN
G1 F1800 X130.001 Y109.353 E53.66165
G1 X130.298 Y109.368 E53.66319
G0 F7200 X130.342 Y109.531
G1 F1500 E47.16319
G0 F7200 X130.337 Y109.521
G0 X129.733 Y112.135
G1 F1500 E53.66319
G0 F7200 X129.458 Y112.653
;TYPE:WALL-OUTER
G1 F1800 X129.355 Y112.681 E53.66452
G1 X129.354 Y112.195 E53.67062
G1 X129.537 Y112.146 E53.67299
G1 X129.731 Y112.116 E53.67546
G1 X129.909 Y112.102 E53.67769
G1 X130.189 Y112.108 E53.68121
G1 X130.269 Y112.116 E53.68222
G1 X130.464 Y112.146 E53.68469
G1 X130.645 Y112.195 E53.68704
G1 X130.645 Y112.681 E53.69314
G1 X130.541 Y112.653 E53.69449
G1 X130.325 Y112.62 E53.69723
G1 X130.212 Y112.608 E53.69865
G1 X129.895 Y112.602 E53.70263
G1 X129.743 Y112.612 E53.70454
G1 X129.576 Y112.634 E53.70665
G1 X129.458 Y112.653 E53.70815
G0 F7200 X129.355 Y112.681
G0 X129.355 Y112.587
G0 X129.632 Y112.379
;TYPE:SKIN
G1 F1800 X129.891 Y112.355 E53.70946
G1 X130.176 Y112.357 E53.71089
G0 F7200 X130.205 Y112.513
G1 F1500 E47.21089
G0 F7200 X130.205 Y112.508
G0 X129.733 Y115.135
G1 F1500 E53.71089
G0 F7200 X129.458 Y115.653
;TYPE:WALL-OUTER
G1 F1800 X129.355 Y115.681 E53.71223
G1 X129.354 Y115.195 E53.71833
G1 X129.537 Y115.146 E53.7207
G1 X129.731 Y115.116 E53.72316
G1 X129.909 Y115.102 E53.7254
G1 X130.189 Y115.108 E53.72891
G1 X130.269 Y115.116 E53.72992
G1 X130.464 Y115.146 E53.7324
G1 X130.645 Y115.195 E53.73475
G1 X130.646 Y115.681 E53.74084
G1 X130.541 Y115.653 E53.74221
G1 X130.325 Y115.62 E53.74495
G1 X130.212 Y115.608 E53.74637
G1 X129.895 Y115.602 E53.75035
G1 X129.743 Y115.612 E53.75226
G1 X129.576 Y115.634 E53.75437
G1 X129.458 Y115.653 E53.75587
G0 F7200 X129.355 Y115.681
G0 X129.355 Y115.587
G0 X129.563 Y115.421
;TYPE:SKIN
G1 F1800 X129.786 Y115.361 E53.75677
G1 X130.369 Y115.378 E53.75905
G0 F7200 X130.378 Y115.537
G1 F1500 E47.25905
G0 F7200 X130.381 Y115.528
G0 X129.733 Y118.135
G1 F1500 E53.75905
G0 F7200 X129.459 Y118.653
;TYPE:WALL-OUTER
G1 F1800 X129.355 Y118.681 E53.7604
G1 X129.354 Y118.195 E53.76649
G1 X129.537 Y118.146 E53.76887
G1 X129.731 Y118.116 E53.77133
G1 X129.812 Y118.108 E53.77235
G1 X130.091 Y118.102 E53.77585
G1 X130.224 Y118.111 E53.77752
G1 X130.369 Y118.13 E53.77936
G1 X130.455 Y118.144 E53.78045
G1 X130.645 Y118.195 E53.78292
G1 X130.646 Y118.681 E53.78901
G1 X130.541 Y118.653 E53.79037
G1 X130.324 Y118.619 E53.79313
G1 X130.104 Y118.602 E53.7959
G1 X129.788 Y118.608 E53.79986
G1 X129.675 Y118.62 E53.80128
G1 X129.459 Y118.653 E53.80402
G0 F7200 X129.355 Y118.681
G0 X129.355 Y118.588
G0 X129.685 Y118.371
;TYPE:SKIN
G1 F1800 X129.951 Y118.354 E53.80539
G1 X130.242 Y118.362 E53.80687
G0 F7200 X130.274 Y118.521
G1 F1500 E47.30687
;MESH:NONMESH
G0 F600 X130.274 Y118.521 Z14.4
G0 F7200 X130.274 Y118.515
G0 X128.489 Y118.209
G0 X123.5 Y114.537
G0 X120.507 Y113.785
G0 X115.51 Y109.664
G0 X114.335 Y109.609
G1 F1500 E53.80687
G0 F7200 X113.459 Y109.653
;TIME_ELAPSED:649.712306
;LAYER:71
;TYPE:WALL-OUTER
;MESH:output\A_fina_suporte.stl
G1 F1800 X113.145 Y109.737 E53.81095
G1 X113.145 Y109.253 E53.81702
G1 X113.167 Y109.245 E53.81731
G1 X113.538 Y109.146 E53.82213
G1 X113.742 Y109.115 E53.82471
G1 X113.812 Y109.108 E53.8256
G1 X114.102 Y109.102 E53.82923
G1 X114.198 Y109.109 E53.83044
G1 X114.309 Y109.121 E53.83184
G1 X114.455 Y109.144 E53.83369
G1 X114.833 Y109.245 E53.8386
G1 X114.855 Y109.253 E53.83889
G1 X114.855 Y109.737 E53.84496
G1 X114.541 Y109.653 E53.84904
G1 X114.312 Y109.618 E53.85195
G1 X114.105 Y109.602 E53.85455
G1 X113.776 Y109.609 E53.85868
G1 X113.674 Y109.62 E53.85996
G1 X113.459 Y109.653 E53.86269
G0 F7200 X113.266 Y109.704
G0 X113.474 Y109.405
;TYPE:SKIN
G1 F1800 X113.803 Y109.358 E53.86404
G1 X114.586 Y109.424 E53.86722
G0 F7200 X114.652 Y109.27
G1 F1500 E47.36722
G0 F7200 X114.645 Y109.297
G0 X113.455 Y109.634
G0 X113.744 Y112.134
G1 F1500 E53.86722
G0 F7200 X113.458 Y112.653
;TYPE:WALL-OUTER
G1 F1800 X113.145 Y112.737 E53.87129
G1 X113.144 Y112.253 E53.87736
G1 X113.162 Y112.246 E53.8776
G1 X113.538 Y112.146 E53.88248
G1 X113.742 Y112.115 E53.88507
G1 X113.812 Y112.108 E53.88595
G1 X114.102 Y112.102 E53.88959
G1 X114.198 Y112.109 E53.89079
G1 X114.309 Y112.121 E53.89219
G1 X114.455 Y112.144 E53.89405
G1 X114.833 Y112.245 E53.89895
G1 X114.855 Y112.254 E53.89925
G1 X114.856 Y112.737 E53.90531
G1 X114.541 Y112.653 E53.90692
G1 X114.312 Y112.618 E53.90983
G1 X114.105 Y112.602 E53.91243
G1 X113.775 Y112.609 E53.91657
G1 X113.642 Y112.624 E53.91825
G1 X113.458 Y112.653 E53.92059
G0 F7200 X113.265 Y112.704
G0 X113.609 Y112.382
;TYPE:SKIN
G1 F1800 X113.918 Y112.355 E53.92199
G1 X114.444 Y112.394 E53.92437
G0 F7200 X114.48 Y112.239
G1 F1500 E47.42437
G0 F7200 X114.477 Y112.252
G0 X113.454 Y112.634
G0 X113.744 Y115.134
G1 F1500 E53.92437
G0 F7200 X113.458 Y115.653
;TYPE:WALL-OUTER
G1 F1800 X113.145 Y115.737 E53.92844
G1 X113.145 Y115.253 E53.93451
G1 X113.167 Y115.245 E53.9348
G1 X113.538 Y115.146 E53.93962
G1 X113.742 Y115.115 E53.9422
G1 X113.812 Y115.108 E53.94309
G1 X114.102 Y115.102 E53.94672
G1 X114.198 Y115.109 E53.94793
G1 X114.309 Y115.121 E53.94933
G1 X114.455 Y115.144 E53.95118
G1 X114.833 Y115.245 E53.95609
G1 X114.855 Y115.253 E53.95639
G1 X114.855 Y115.737 E53.96245
G1 X114.541 Y115.653 E53.96653
G1 X114.312 Y115.618 E53.96944
G1 X114.105 Y115.602 E53.97204
G1 X113.775 Y115.609 E53.97618
G1 X113.642 Y115.624 E53.97786
G1 X113.458 Y115.653 E53.98019
G0 F7200 X113.265 Y115.704
G0 X113.394 Y115.424
;TYPE:SKIN
G1 F1800 X113.738 Y115.364 E53.98159
G1 X114.537 Y115.412 E53.98479
G0 F7200 X114.569 Y115.253
G1 F1500 E47.48479
G0 F7200 X114.563 Y115.275
G0 X113.454 Y115.634
G0 X113.744 Y118.134
G1 F1500 E53.98479
G0 F7200 X113.458 Y118.653
;TYPE:WALL-OUTER
G1 F1800 X113.145 Y118.737 E53.98886
G1 X113.144 Y118.253 E53.99493
G1 X113.162 Y118.246 E53.99517
G1 X113.538 Y118.146 E54.00005
G1 X113.742 Y118.115 E54.00264
G1 X113.812 Y118.108 E54.00352
G1 X114.102 Y118.102 E54.00716
G1 X114.198 Y118.109 E54.00836
G1 X114.309 Y118.121 E54.00976
G1 X114.455 Y118.144 E54.01162
G1 X114.833 Y118.245 E54.01652
G1 X114.855 Y118.254 E54.01682
G1 X114.856 Y118.737 E54.02288
G1 X114.541 Y118.653 E54.02449
G1 X114.312 Y118.618 E54.0274
G1 X114.105 Y118.602 E54.03
G1 X113.775 Y118.609 E54.03414
G1 X113.642 Y118.624 E54.03582
G1 X113.458 Y118.653 E54.03816
G0 F7200 X113.265 Y118.704
G0 X113.538 Y118.392
;TYPE:SKIN
G1 F1800 X113.857 Y118.356 E54.03945
G1 X114.628 Y118.433 E54.04258
G0 F7200 X114.48 Y118.239
G1 F1500 E47.54258
G0 F7200 X114.477 Y118.252
G0 X115.72 Y118.568
G0 X120.28 Y118.558
G0 X121.438 Y118.556
G1 F1500 E54.04258
G0 F7200 X121.458 Y118.653
;TYPE:WALL-OUTER
G1 F1800 X121.145 Y118.737 E54.04664
G1 X121.144 Y118.253 E54.05271
G1 X121.162 Y118.246 E54.05296
G1 X121.538 Y118.146 E54.05783
G1 X121.742 Y118.115 E54.06042
G1 X121.812 Y118.108 E54.0613
G1 X122.102 Y118.102 E54.06494
G1 X122.198 Y118.109 E54.06615
G1 X122.309 Y118.121 E54.06755
G1 X122.455 Y118.144 E54.0694
G1 X122.833 Y118.245 E54.07431
G1 X122.855 Y118.254 E54.07461
G1 X122.856 Y118.737 E54.08066
G1 X122.541 Y118.653 E54.08228
G1 X122.312 Y118.618 E54.08519
G1 X122.105 Y118.602 E54.08779
G1 X121.775 Y118.609 E54.09193
G1 X121.642 Y118.624 E54.09361
G1 X121.458 Y118.653 E54.09594
G0 F7200 X121.265 Y118.704
G0 X121.434 Y118.415
;TYPE:SKIN
G1 F1800 X121.771 Y118.36 E54.09731
G1 X122.563 Y118.418 E54.10049
G0 F7200 X122.595 Y118.256
G1 F1500 E47.60049
G0 F7200 X122.588 Y118.282
G0 X121.157 Y115.722
G1 F1500 E54.10049
G0 F7200 X121.458 Y115.653
;TYPE:WALL-OUTER
G1 F1800 X121.145 Y115.737 E54.10456
G1 X121.145 Y115.253 E54.11063
G1 X121.167 Y115.245 E54.11092
G1 X121.538 Y115.146 E54.11574
G1 X121.742 Y115.115 E54.11832
G1 X121.91 Y115.102 E54.12044
G1 X122.187 Y115.108 E54.12391
G1 X122.31 Y115.121 E54.12546
G1 X122.455 Y115.144 E54.1273
G1 X122.833 Y115.245 E54.13221
G1 X122.855 Y115.253 E54.1325
G1 X122.855 Y115.737 E54.13857
G1 X122.541 Y115.653 E54.14265
G1 X122.313 Y115.619 E54.14554
G1 X122.212 Y115.608 E54.14681
G1 X121.883 Y115.602 E54.15094
G1 X121.77 Y115.61 E54.15236
G1 X121.642 Y115.624 E54.15398
G1 X121.458 Y115.653 E54.15631
G0 F7200 X121.265 Y115.704
G0 X121.645 Y115.376
;TYPE:SKIN
G1 F1800 X121.951 Y115.352 E54.1577
G1 X122.469 Y115.4 E54.16005
G0 F7200 X122.503 Y115.243
G1 F1500 E47.66005
G0 F7200 X122.499 Y115.258
G0 X121.157 Y112.722
G1 F1500 E54.16005
G0 F7200 X121.458 Y112.653
;TYPE:WALL-OUTER
G1 F1800 X121.145 Y112.737 E54.16412
G1 X121.144 Y112.253 E54.17019
G1 X121.162 Y112.246 E54.17043
G1 X121.538 Y112.146 E54.17531
G1 X121.742 Y112.115 E54.1779
G1 X121.812 Y112.108 E54.17878
G1 X122.102 Y112.102 E54.18242
G1 X122.198 Y112.109 E54.18362
G1 X122.309 Y112.121 E54.18502
G1 X122.455 Y112.144 E54.18688
G1 X122.833 Y112.245 E54.19178
G1 X122.855 Y112.254 E54.19208
G1 X122.856 Y112.737 E54.19814
G1 X122.541 Y112.653 E54.19975
G1 X122.312 Y112.618 E54.20266
G1 X122.105 Y112.602 E54.20526
G1 X121.775 Y112.609 E54.2094
G1 X121.642 Y112.624 E54.21108
G1 X121.458 Y112.653 E54.21342
G0 F7200 X121.265 Y112.704
G0 X121.513 Y112.397
;TYPE:SKIN
G1 F1800 X121.835 Y112.357 E54.21473
G1 X122.612 Y112.429 E54.2179
G0 F7200 X122.677 Y112.276
G1 F1500 E47.7179
G0 F7200 X122.67 Y112.304
G0 X122.545 Y109.634
G0 X121.439 Y109.556
G1 F1500 E54.2179
G0 F7200 X121.459 Y109.653
;TYPE:WALL-OUTER
G1 F1800 X121.145 Y109.737 E54.22197
G1 X121.145 Y109.253 E54.22804
G1 X121.167 Y109.245 E54.22834
G1 X121.538 Y109.146 E54.23315
G1 X121.742 Y109.115 E54.23574
G1 X121.812 Y109.108 E54.23662
G1 X122.102 Y109.102 E54.24026
G1 X122.198 Y109.109 E54.24147
G1 X122.309 Y109.121 E54.24287
G1 X122.455 Y109.144 E54.24472
G1 X122.833 Y109.245 E54.24963
G1 X122.855 Y109.253 E54.24992
G1 X122.855 Y109.737 E54.25599
G1 X122.541 Y109.653 E54.26007
G1 X122.313 Y109.619 E54.26296
G1 X122.212 Y109.608 E54.26423
G1 X121.883 Y109.602 E54.26836
G1 X121.771 Y109.61 E54.26977
G1 X121.674 Y109.62 E54.27099
G1 X121.459 Y109.653 E54.27372
G0 F7200 X121.266 Y109.704
G0 X121.379 Y109.419
;TYPE:SKIN
G1 F1800 X121.714 Y109.367 E54.27499
G1 X122.52 Y109.41 E54.27802
G0 F7200 X122.552 Y109.25
G1 F1500 E47.77802
G0 F7200 X122.546 Y109.271
G0 X123.72 Y109.556
G0 X128.28 Y109.556
G0 X129.439 Y109.556
G1 F1500 E54.27802
G0 F7200 X129.459 Y109.653
;TYPE:WALL-OUTER
G1 F1800 X129.145 Y109.737 E54.2821
G1 X129.145 Y109.253 E54.28817
G1 X129.167 Y109.245 E54.28846
G1 X129.538 Y109.146 E54.29328
G1 X129.742 Y109.115 E54.29586
G1 X129.91 Y109.102 E54.29798
G1 X130.187 Y109.108 E54.30145
G1 X130.31 Y109.121 E54.303
G1 X130.455 Y109.144 E54.30484
G1 X130.833 Y109.245 E54.30975
G1 X130.855 Y109.253 E54.31004
G1 X130.855 Y109.737 E54.31611
G1 X130.541 Y109.653 E54.32019
G1 X130.313 Y109.619 E54.32308
G1 X130.212 Y109.608 E54.32435
G1 X129.883 Y109.602 E54.32848
G1 X129.771 Y109.61 E54.32989
G1 X129.674 Y109.62 E54.33111
G1 X129.459 Y109.653 E54.33384
G0 F7200 X129.266 Y109.704
G0 X129.62 Y109.38
;TYPE:SKIN
G1 F1800 X129.931 Y109.352 E54.33524
G1 X130.453 Y109.396 E54.3376
G0 F7200 X130.488 Y109.241
G1 F1500 E47.8376
G0 F7200 X130.484 Y109.254
G0 X129.455 Y109.634
G0 X129.744 Y112.134
G1 F1500 E54.3376
G0 F7200 X129.458 Y112.653
;TYPE:WALL-OUTER
G1 F1800 X129.145 Y112.737 E54.34166
G1 X129.144 Y112.253 E54.34773
G1 X129.162 Y112.246 E54.34797
G1 X129.538 Y112.146 E54.35285
G1 X129.742 Y112.115 E54.35544
G1 X129.91 Y112.102 E54.35755
G1 X130.187 Y112.108 E54.36103
G1 X130.31 Y112.121 E54.36258
G1 X130.455 Y112.144 E54.36442
G1 X130.833 Y112.245 E54.36932
G1 X130.855 Y112.254 E54.36962
G1 X130.856 Y112.737 E54.37568
G1 X130.541 Y112.653 E54.3773
G1 X130.313 Y112.619 E54.38019
G1 X130.212 Y112.608 E54.38146
G1 X129.883 Y112.602 E54.38559
G1 X129.77 Y112.61 E54.38701
G1 X129.642 Y112.624 E54.38862
G1 X129.458 Y112.653 E54.39096
G0 F7200 X129.265 Y112.704
G0 X129.406 Y112.422
;TYPE:SKIN
G1 F1800 X129.749 Y112.363 E54.39234
G1 X130.545 Y112.415 E54.39552
G0 F7200 X130.578 Y112.254
G1 F1500 E47.89552
G0 F7200 X130.572 Y112.278
G0 X129.454 Y112.634
G0 X129.744 Y115.134
G1 F1500 E54.39552
G0 F7200 X129.458 Y115.653
;TYPE:WALL-OUTER
G1 F1800 X129.145 Y115.737 E54.39958
G1 X129.145 Y115.253 E54.40565
G1 X129.167 Y115.245 E54.40595
G1 X129.538 Y115.146 E54.41076
G1 X129.742 Y115.115 E54.41335
G1 X129.91 Y115.102 E54.41546
G1 X130.187 Y115.108 E54.41894
G1 X130.31 Y115.121 E54.42049
G1 X130.455 Y115.144 E54.42233
G1 X130.833 Y115.245 E54.42724
G1 X130.855 Y115.253 E54.42753
G1 X130.855 Y115.737 E54.4336
G1 X130.541 Y115.653 E54.43768
G1 X130.313 Y115.619 E54.44057
G1 X130.212 Y115.608 E54.44184
G1 X129.883 Y115.602 E54.44597
G1 X129.77 Y115.61 E54.44739
G1 X129.642 Y115.624 E54.449
G1 X129.458 Y115.653 E54.45134
G0 F7200 X129.265 Y115.704
G0 X129.55 Y115.39
;TYPE:SKIN
G1 F1800 X129.869 Y115.354 E54.45263
G1 X130.631 Y115.44 E54.45573
G0 F7200 X130.481 Y115.24
G1 F1500 E47.95573
G0 F7200 X130.478 Y115.252
G0 X129.454 Y115.634
G0 X129.744 Y118.134
G1 F1500 E54.45573
G0 F7200 X129.458 Y118.653
;TYPE:WALL-OUTER
G1 F1800 X129.145 Y118.737 E54.45979
G1 X129.144 Y118.253 E54.46586
G1 X129.162 Y118.246 E54.4661
G1 X129.538 Y118.146 E54.47098
G1 X129.742 Y118.115 E54.47357
G1 X129.812 Y118.108 E54.47445
G1 X130.102 Y118.102 E54.47809
G1 X130.198 Y118.109 E54.4793
G1 X130.309 Y118.121 E54.4807
G1 X130.455 Y118.144 E54.48255
G1 X130.833 Y118.245 E54.48746
G1 X130.855 Y118.254 E54.48775
G1 X130.856 Y118.737 E54.49381
G1 X130.541 Y118.653 E54.49543
G1 X130.312 Y118.618 E54.49833
G1 X130.105 Y118.602 E54.50094
G1 X129.775 Y118.609 E54.50508
G1 X129.642 Y118.624 E54.50675
G1 X129.458 Y118.653 E54.50909
G0 F7200 X129.265 Y118.704
G0 X129.359 Y118.41
;TYPE:SKIN
G1 F1800 X129.681 Y118.371 E54.51022
G1 X130.496 Y118.405 E54.51305
G0 F7200 X130.53 Y118.247
G1 F1500 E48.01305
;MESH:NONMESH
G0 F600 X130.53 Y118.247 Z14.6
G0 F7200 X130.525 Y118.265
G0 X129.168 Y118.265
G0 X123.712 Y114.666
G0 X121.306 Y113.59
G0 X120.299 Y113.961
G0 X115.72 Y109.722
G0 X114.316 Y109.579
G0 X113.245 Y109.658
G1 F1500 E54.51305
G0 F7200 X113.038 Y109.766
;TIME_ELAPSED:660.039728
;LAYER:72
;TYPE:WALL-OUTER
;MESH:output\A_fina_suporte.stl
G1 F1800 X112.935 Y109.805 E54.51443
G1 X112.935 Y109.334 E54.52034
G1 X113.166 Y109.245 E54.52344
G1 X113.382 Y109.187 E54.52625
G1 X113.382 Y109.674 E54.53235
G1 X113.038 Y109.766 E54.53682
G0 F7200 X112.935 Y109.805
G0 X112.935 Y109.715
G0 X113.141 Y109.464
;TYPE:SKIN
G1 F1800 X113.186 Y109.509 E54.53722
G0 F7200 X113.335 Y109.509
G1 F1500 E48.03722
G0 F7200 X113.282 Y109.509
G0 X114.638 Y109.671
G1 F1500 E54.53722
G0 F7200 X114.962 Y109.766
;TYPE:WALL-OUTER
G1 F1800 X114.618 Y109.674 E54.54168
G1 X114.618 Y109.187 E54.54779
G1 X114.834 Y109.245 E54.5506
G1 X115.065 Y109.334 E54.5537
G1 X115.065 Y109.805 E54.55961
G1 X114.962 Y109.766 E54.56099
G0 F7200 X114.769 Y109.715
G0 X114.869 Y109.495
;TYPE:SKIN
G1 F1800 X114.824 Y109.45 E54.56139
G0 F7200 X114.837 Y109.319
G1 F1500 E48.06139
G0 F7200 X114.824 Y109.348
G0 X114.629 Y112.202
G1 F1500 E54.56139
G0 F7200 X114.962 Y112.765
;TYPE:WALL-OUTER
G1 F1800 X114.618 Y112.675 E54.56585
G1 X114.617 Y112.187 E54.57197
G1 X114.834 Y112.245 E54.57478
G1 X115.065 Y112.334 E54.57789
G1 X115.066 Y112.805 E54.58379
G1 X114.962 Y112.765 E54.58519
G0 F7200 X114.769 Y112.715
G0 X114.75 Y112.642
G1 F1500 E48.08519
G0 F7200 X114.76 Y112.61
G0 X113.368 Y112.661
G1 F1500 E54.58519
G0 F7200 X113.038 Y112.766
G1 F1800 X112.935 Y112.805 E54.58657
G1 X112.934 Y112.335 E54.59247
G1 X113.166 Y112.245 E54.59559
G1 X113.382 Y112.187 E54.59839
G1 X113.383 Y112.673 E54.60449
G1 X113.038 Y112.766 E54.60897
G0 F7200 X112.935 Y112.805
G0 X112.935 Y112.715
G0 X113.224 Y112.301
G1 F1500 E48.10897
G0 F7200 X113.232 Y112.331
G0 X113.37 Y115.202
G1 F1500 E54.60897
G0 F7200 X113.038 Y115.766
G1 F1800 X112.935 Y115.805 E54.61035
G1 X112.935 Y115.334 E54.61625
G1 X113.166 Y115.245 E54.61936
G1 X113.382 Y115.187 E54.62216
G1 X113.383 Y115.673 E54.62826
G1 X113.038 Y115.766 E54.63274
G0 F7200 X112.935 Y115.805
G0 X112.935 Y115.715
G0 X113.224 Y115.301
G1 F1500 E48.13274
G0 F7200 X113.232 Y115.331
G0 X114.618 Y115.659
G1 F1500 E54.63274
G0 F7200 X114.961 Y115.765
G1 F1800 X114.618 Y115.675 E54.63719
G1 X114.617 Y115.187 E54.64331
G1 X114.834 Y115.245 E54.64612
G1 X115.065 Y115.334 E54.64923
G1 X115.065 Y115.805 E54.65513
G1 X114.961 Y115.765 E54.65653
G0 F7200 X114.768 Y115.715
G0 X114.749 Y115.641
G1 F1500 E48.15653
G0 F7200 X114.758 Y115.609
G0 X114.629 Y118.202
G1 F1500 E54.65653
G0 F7200 X114.962 Y118.765
G1 F1800 X114.618 Y118.675 E54.66099
G1 X114.617 Y118.187 E54.66711
G1 X114.834 Y118.245 E54.66993
G1 X115.065 Y118.334 E54.67303
G1 X115.066 Y118.805 E54.67894
G1 X114.962 Y118.765 E54.68033
G0 F7200 X114.769 Y118.715
G0 X114.86 Y118.537
;TYPE:SKIN
G1 F1800 X114.812 Y118.489 E54.68076
G0 F7200 X114.665 Y118.489
G1 F1500 E48.18076
G0 F7200 X114.718 Y118.49
G0 X113.368 Y118.661
G1 F1500 E54.68076
G0 F7200 X113.038 Y118.766
;TYPE:WALL-OUTER
G1 F1800 X112.935 Y118.805 E54.68214
G1 X112.934 Y118.335 E54.68804
G1 X113.168 Y118.244 E54.69118
G1 X113.382 Y118.188 E54.69396
G1 X113.383 Y118.673 E54.70004
G1 X113.038 Y118.766 E54.70452
G0 F7200 X112.935 Y118.805
G0 X112.935 Y118.715
G0 X113.224 Y118.301
G1 F1500 E48.20452
G0 F7200 X113.23 Y118.331
G0 X113.644 Y119.499
G0 X115.914 Y120.04
G0 X120.07 Y118.646
G1 F1500 E54.70452
G0 F7200 X121.038 Y118.766
G1 F1800 X120.935 Y118.805 E54.7059
G1 X120.934 Y118.335 E54.7118
G1 X121.168 Y118.244 E54.71494
G1 X121.382 Y118.188 E54.71772
G1 X121.383 Y118.673 E54.7238
G1 X121.038 Y118.766 E54.72828
G0 F7200 X120.935 Y118.805
G0 X120.935 Y118.715
G0 X121.224 Y118.301
G1 F1500 E48.22828
G0 F7200 X121.23 Y118.331
G0 X122.618 Y118.659
G1 F1500 E54.72828
G0 F7200 X122.962 Y118.765
G1 F1800 X122.618 Y118.675 E54.73274
G1 X122.617 Y118.187 E54.73886
G1 X122.834 Y118.245 E54.74168
G1 X123.065 Y118.334 E54.74478
G1 X123.066 Y118.805 E54.75069
G1 X122.962 Y118.765 E54.75209
G0 F7200 X122.769 Y118.715
G0 X122.75 Y118.642
G1 F1500 E48.25209
G0 F7200 X122.76 Y118.61
G0 X123.054 Y115.789
G1 F1500 E54.75209
G0 F7200 X122.961 Y115.765
G1 F1800 X122.618 Y115.675 E54.75653
G1 X122.617 Y115.187 E54.76265
G1 X122.834 Y115.245 E54.76547
G1 X123.065 Y115.334 E54.76857
G1 X123.065 Y115.805 E54.77448
G1 X122.961 Y115.765 E54.77588
G0 F7200 X122.768 Y115.715
G0 X122.869 Y115.515
;TYPE:SKIN
G1 F1800 X122.811 Y115.457 E54.77639
G0 F7200 X122.665 Y115.458
G1 F1500 E48.27639
G0 F7200 X122.718 Y115.459
G0 X121.368 Y115.661
G1 F1500 E54.77639
G0 F7200 X121.038 Y115.766
;TYPE:WALL-OUTER
G1 F1800 X120.935 Y115.805 E54.77777
G1 X120.935 Y115.334 E54.78368
G1 X121.166 Y115.245 E54.78678
G1 X121.382 Y115.187 E54.78959
G1 X121.383 Y115.673 E54.79568
G1 X121.038 Y115.766 E54.80016
G0 F7200 X120.935 Y115.805
G0 X120.935 Y115.715
G0 X121.129 Y115.472
;TYPE:SKIN
G1 F1800 X121.181 Y115.524 E54.80062
G0 F7200 X121.25 Y115.643
G1 F1500 E48.30062
G0 F7200 X121.241 Y115.608
G0 X120.946 Y112.789
G1 F1500 E54.80062
G0 F7200 X121.038 Y112.766
;TYPE:WALL-OUTER
G1 F1800 X120.935 Y112.805 E54.80201
G1 X120.934 Y112.335 E54.8079
G1 X121.166 Y112.245 E54.81102
G1 X121.382 Y112.187 E54.81383
G1 X121.383 Y112.673 E54.81992
G1 X121.038 Y112.766 E54.8244
G0 F7200 X120.935 Y112.805
G0 X120.935 Y112.715
G0 X121.224 Y112.301
G1 F1500 E48.3244
G0 F7200 X121.232 Y112.331
G0 X122.618 Y112.659
G1 F1500 E54.8244
G0 F7200 X122.962 Y112.765
G1 F1800 X122.618 Y112.675 E54.82886
G1 X122.617 Y112.187 E54.83498
G1 X122.834 Y112.245 E54.8378
G1 X123.065 Y112.334 E54.8409
G1 X123.066 Y112.805 E54.84681
G1 X122.962 Y112.765 E54.8482
G0 F7200 X122.769 Y112.715
G0 X122.75 Y112.642
G1 F1500 E48.3482
G0 F7200 X122.76 Y112.61
G0 X123.054 Y109.789
G1 F1500 E54.8482
G0 F7200 X122.962 Y109.766
G1 F1800 X122.618 Y109.674 E54.85267
G1 X122.618 Y109.187 E54.85878
G1 X122.834 Y109.245 E54.86158
G1 X123.065 Y109.334 E54.86469
G1 X123.065 Y109.805 E54.87059
G1 X122.962 Y109.766 E54.87197
G0 F7200 X122.769 Y109.715
G0 X122.752 Y109.642
G1 F1500 E48.37197
G0 F7200 X122.761 Y109.61
G0 X121.362 Y109.671
G1 F1500 E54.87197
G0 F7200 X121.038 Y109.766
G1 F1800 X120.935 Y109.805 E54.87336
G1 X120.935 Y109.334 E54.87926
G1 X121.166 Y109.245 E54.88237
G1 X121.382 Y109.187 E54.88517
G1 X121.382 Y109.674 E54.89128
G1 X121.038 Y109.766 E54.89574
G0 F7200 X120.935 Y109.805
G0 X120.935 Y109.715
G0 X121.225 Y109.302
G1 F1500 E48.39574
G0 F7200 X121.232 Y109.331
G0 X121.641 Y110.5
G0 X123.912 Y111.037
G0 X128.07 Y109.671
G1 F1500 E54.89574
G0 F7200 X129.038 Y109.766
G1 F1800 X128.935 Y109.805 E54.89712
G1 X128.935 Y109.334 E54.90303
G1 X129.166 Y109.245 E54.90614
G1 X129.382 Y109.187 E54.90894
G1 X129.382 Y109.674 E54.91505
G1 X129.038 Y109.766 E54.91951
G0 F7200 X128.935 Y109.805
G0 X128.935 Y109.715
G0 X129.225 Y109.302
G1 F1500 E48.41951
G0 F7200 X129.232 Y109.331
G0 X130.638 Y109.671
G1 F1500 E54.91951
G0 F7200 X130.962 Y109.766
G1 F1800 X130.618 Y109.674 E54.92398
G1 X130.618 Y109.187 E54.93009
G1 X130.834 Y109.245 E54.93289
G1 X131.065 Y109.334 E54.93599
G1 X131.065 Y109.805 E54.9419
G1 X130.962 Y109.766 E54.94328
G0 F7200 X130.769 Y109.715
G0 X130.752 Y109.642
G1 F1500 E48.44328
G0 F7200 X130.761 Y109.61
G0 X130.629 Y112.202
G1 F1500 E54.94328
G0 F7200 X130.962 Y112.765
G1 F1800 X130.618 Y112.675 E54.94774
G1 X130.617 Y112.187 E54.95386
G1 X130.834 Y112.245 E54.95668
G1 X131.065 Y112.334 E54.95978
G1 X131.066 Y112.805 E54.96569
G1 X130.962 Y112.765 E54.96709
G0 F7200 X130.769 Y112.715
G0 X130.75 Y112.642
G1 F1500 E48.46709
G0 F7200 X130.76 Y112.61
G0 X129.368 Y112.661
G1 F1500 E54.96709
G0 F7200 X129.038 Y112.766
G1 F1800 X128.935 Y112.805 E54.96847
G1 X128.934 Y112.335 E54.97436
G1 X129.166 Y112.245 E54.97748
G1 X129.382 Y112.187 E54.98029
G1 X129.383 Y112.673 E54.98638
G1 X129.038 Y112.766 E54.99086
G0 F7200 X128.935 Y112.805
G0 X128.935 Y112.715
G0 X129.187 Y112.499
;TYPE:SKIN
G1 F1800 X129.148 Y112.46 E54.99121
G0 F7200 X129.134 Y112.326
G1 F1500 E48.49121
G0 F7200 X129.146 Y112.36
G0 X129.37 Y115.202
G1 F1500 E54.99121
G0 F7200 X129.038 Y115.766
;TYPE:WALL-OUTER
G1 F1800 X128.935 Y115.805 E54.99259
G1 X128.935 Y115.334 E54.9985
G1 X129.166 Y115.245 E55.0016
G1 X129.382 Y115.187 E55.0044
G1 X129.383 Y115.673 E55.0105
G1 X129.038 Y115.766 E55.01498
G0 F7200 X128.935 Y115.805
G0 X128.935 Y115.715
G0 X129.224 Y115.301
G1 F1500 E48.51498
G0 F7200 X129.232 Y115.331
G0 X130.618 Y115.659
G1 F1500 E55.01498
G0 F7200 X130.961 Y115.765
G1 F1800 X130.618 Y115.675 E55.01943
G1 X130.617 Y115.187 E55.02555
G1 X130.834 Y115.245 E55.02836
G1 X131.065 Y115.334 E55.03147
G1 X131.065 Y115.805 E55.03737
G1 X130.961 Y115.765 E55.03877
G0 F7200 X130.768 Y115.715
G0 X130.749 Y115.641
G1 F1500 E48.53877
G0 F7200 X130.758 Y115.609
G0 X130.629 Y118.202
G1 F1500 E55.03877
G0 F7200 X130.962 Y118.765
G1 F1800 X130.618 Y118.675 E55.04323
G1 X130.617 Y118.187 E55.04935
G1 X130.834 Y118.245 E55.05217
G1 X131.065 Y118.334 E55.05527
G1 X131.066 Y118.805 E55.06118
G1 X130.962 Y118.765 E55.06258
G0 F7200 X130.769 Y118.715
G0 X130.75 Y118.642
G1 F1500 E48.56258
G0 F7200 X130.76 Y118.61
G0 X129.368 Y118.661
G1 F1500 E55.06258
G0 F7200 X129.038 Y118.766
G1 F1800 X128.935 Y118.805 E55.06396
G1 X128.934 Y118.335 E55.06985
G1 X129.168 Y118.244 E55.073
G1 X129.382 Y118.188 E55.07577
G1 X129.383 Y118.673 E55.08186
G1 X129.038 Y118.766 E55.08634
G0 F7200 X128.935 Y118.805
G0 X128.935 Y118.715
G0 X129.224 Y118.301
G1 F1500 E48.58634
;MESH:NONMESH
G0 F600 X129.224 Y118.301 Z14.8
G0 F7200 X129.23 Y118.331
G0 X128.07 Y118.347
G0 X123.922 Y114.744
G0 X122.637 Y114.298
G0 X120.883 Y114.437
G0 X113.641 Y110.5
G0 X113.035 Y109.671
G1 F1500 E55.08634
G0 F7200 X113.038 Y109.765
;TIME_ELAPSED:676.700450
;LAYER:73
;TYPE:WALL-OUTER
;MESH:output\A_fina_suporte.stl
G1 F1800 X112.725 Y109.886 E55.09054
G1 X112.724 Y109.421 E55.09638
G1 X112.78 Y109.394 E55.09716
G1 X113.164 Y109.246 E55.10232
G1 X113.164 Y109.732 E55.10841
G1 X113.038 Y109.765 E55.11004
G0 F7200 X112.852 Y109.837
G0 X113.125 Y109.463
G0 X113.064 Y109.463
G0 X114.856 Y109.67
G0 X114.962 Y109.765
G1 F1800 X114.836 Y109.732 E55.11168
G1 X114.836 Y109.246 E55.11777
G1 X115.225 Y109.396 E55.1206
G1 X115.275 Y109.42 E55.12129
G1 X115.276 Y109.886 E55.12713
G1 X114.962 Y109.765 E55.12881
G0 F7200 X114.836 Y109.732
G0 X114.836 Y109.662
G0 X114.875 Y109.661
G1 F1500 E48.62881
G0 F7200 X114.938 Y109.656
G0 X114.847 Y112.262
G1 F1500 E55.12881
G0 F7200 X114.962 Y112.765
G1 F1800 X114.836 Y112.732 E55.13044
G1 X114.836 Y112.246 E55.13654
G1 X115.225 Y112.396 E55.13936
G1 X115.275 Y112.42 E55.14006
G1 X115.275 Y112.886 E55.1459
G1 X114.962 Y112.765 E55.14756
G0 F7200 X114.836 Y112.732
G0 X114.836 Y112.662
G0 X114.875 Y112.662
G0 X114.938 Y112.657
G0 X113.144 Y112.67
G0 X113.038 Y112.765
G1 F1800 X112.725 Y112.886 E55.15177
G1 X112.724 Y112.421 E55.1576
G1 X112.78 Y112.394 E55.15838
G1 X113.164 Y112.246 E55.16354
G1 X113.164 Y112.732 E55.16964
G1 X113.038 Y112.765 E55.17127
G0 F7200 X112.852 Y112.837
G0 X113.125 Y112.463
G0 X113.064 Y112.463
G0 X113.153 Y115.262
G0 X113.038 Y115.765
G1 F1800 X112.725 Y115.886 E55.17548
G1 X112.724 Y115.421 E55.18131
G1 X112.78 Y115.394 E55.18209
G1 X113.164 Y115.246 E55.18725
G1 X113.164 Y115.732 E55.19335
G1 X113.038 Y115.765 E55.19498
G0 F7200 X112.852 Y115.837
G0 X113.125 Y115.463
G1 F1500 E48.69498
G0 F7200 X113.064 Y115.463
G0 X114.856 Y115.67
G1 F1500 E55.19498
G0 F7200 X114.962 Y115.765
G1 F1800 X114.836 Y115.732 E55.19661
G1 X114.836 Y115.246 E55.20271
G1 X115.225 Y115.396 E55.20553
G1 X115.275 Y115.42 E55.20623
G1 X115.276 Y115.886 E55.21207
G1 X114.962 Y115.765 E55.21375
G0 F7200 X114.836 Y115.732
G0 X114.836 Y115.662
G0 X114.875 Y115.661
G0 X114.938 Y115.656
G0 X114.847 Y118.262
G0 X114.962 Y118.765
G1 F1800 X114.836 Y118.732 E55.21538
G1 X114.836 Y118.246 E55.22147
G1 X115.225 Y118.396 E55.2243
G1 X115.275 Y118.42 E55.22499
G1 X115.276 Y118.886 E55.23084
G1 X114.962 Y118.765 E55.23251
G0 F7200 X114.836 Y118.732
G0 X114.836 Y118.662
G0 X115.041 Y118.586
;TYPE:SKIN
G1 F1800 X115.08 Y118.547 E55.23286
G0 F7200 X115.136 Y118.404
G1 F1500 E48.73286
G0 F7200 X115.113 Y118.46
G0 X113.144 Y118.67
G1 F1500 E55.23286
G0 F7200 X113.038 Y118.765
;TYPE:WALL-OUTER
G1 F1800 X112.725 Y118.886 E55.23706
G1 X112.724 Y118.421 E55.24289
G1 X112.78 Y118.394 E55.24367
G1 X113.164 Y118.246 E55.24884
G1 X113.164 Y118.732 E55.25493
G1 X113.038 Y118.765 E55.25656
G0 F7200 X112.852 Y118.837
G0 X113.125 Y118.463
G0 X113.064 Y118.463
G0 X119.86 Y118.655
G0 X121.008 Y118.67
G0 X121.038 Y118.765
G1 F1800 X120.725 Y118.886 E55.26077
G1 X120.724 Y118.421 E55.2666
G1 X120.78 Y118.394 E55.26738
G1 X121.164 Y118.246 E55.27254
G1 X121.164 Y118.732 E55.27864
G1 X121.038 Y118.765 E55.28027
G0 F7200 X120.852 Y118.837
G0 X121.125 Y118.463
G0 X121.064 Y118.463
G0 X122.856 Y118.67
G0 X122.962 Y118.765
G1 F1800 X122.836 Y118.732 E55.2819
G1 X122.836 Y118.246 E55.288
G1 X123.225 Y118.396 E55.29082
G1 X123.275 Y118.42 E55.29152
G1 X123.276 Y118.886 E55.29736
G1 X122.962 Y118.765 E55.29904
G0 F7200 X122.836 Y118.732
G0 X122.836 Y118.662
G0 X122.875 Y118.661
G1 F1500 E48.79904
G0 F7200 X122.938 Y118.656
G0 X123.265 Y115.87
G1 F1500 E55.29904
G0 F7200 X122.962 Y115.765
G1 F1800 X122.836 Y115.732 E55.30067
G1 X122.836 Y115.246 E55.30676
G1 X123.225 Y115.396 E55.30959
G1 X123.275 Y115.42 E55.31028
G1 X123.276 Y115.886 E55.31613
G1 X122.962 Y115.765 E55.3178
G0 F7200 X122.836 Y115.732
G0 X122.836 Y115.662
G0 X122.875 Y115.661
G0 X122.938 Y115.656
G0 X121.144 Y115.67
G0 X121.038 Y115.765
G1 F1800 X120.725 Y115.886 E55.32201
G1 X120.724 Y115.421 E55.32784
G1 X120.775 Y115.396 E55.32855
G1 X121.164 Y115.246 E55.33378
G1 X121.164 Y115.732 E55.33988
G1 X121.038 Y115.765 E55.34151
G0 F7200 X120.852 Y115.837
G0 X121.125 Y115.463
G0 X121.064 Y115.463
G0 X120.736 Y112.87
G0 X121.038 Y112.765
G1 F1800 X120.725 Y112.886 E55.34572
G1 X120.724 Y112.421 E55.35155
G1 X120.78 Y112.394 E55.35233
G1 X121.164 Y112.246 E55.35749
G1 X121.164 Y112.732 E55.36358
G1 X121.038 Y112.765 E55.36522
G0 F7200 X120.852 Y112.837
G0 X121.125 Y112.463
G1 F1500 E48.86522
G0 F7200 X121.064 Y112.463
G0 X122.856 Y112.67
G1 F1500 E55.36522
G0 F7200 X122.962 Y112.765
G1 F1800 X122.836 Y112.732 E55.36685
G1 X122.836 Y112.246 E55.37294
G1 X123.225 Y112.396 E55.37577
G1 X123.275 Y112.42 E55.37646
G1 X123.275 Y112.886 E55.38231
G1 X122.962 Y112.765 E55.38397
G0 F7200 X122.836 Y112.732
G0 X122.836 Y112.662
G0 X123.03 Y112.577
;TYPE:SKIN
G1 F1800 X123.064 Y112.543 E55.38427
G0 F7200 X123.12 Y112.398
G0 X123.098 Y112.454
G0 X123.265 Y109.87
G0 X122.962 Y109.765
;TYPE:WALL-OUTER
G1 F1800 X122.836 Y109.732 E55.38591
G1 X122.836 Y109.246 E55.392
G1 X123.225 Y109.396 E55.39483
G1 X123.275 Y109.42 E55.39552
G1 X123.276 Y109.886 E55.40136
G1 X122.962 Y109.765 E55.40304
G0 F7200 X122.836 Y109.732
G0 X122.836 Y109.662
G0 X122.875 Y109.661
G0 X122.938 Y109.656
G0 X121.144 Y109.67
G0 X121.038 Y109.765
G1 F1800 X120.725 Y109.886 E55.40725
G1 X120.724 Y109.421 E55.41308
G1 X120.78 Y109.394 E55.41386
G1 X121.164 Y109.246 E55.41902
G1 X121.164 Y109.732 E55.42511
G1 X121.038 Y109.765 E55.42675
G0 F7200 X120.852 Y109.837
G0 X120.918 Y109.598
;TYPE:SKIN
G1 F1800 X120.968 Y109.548 E55.42719
G0 F7200 X121.125 Y109.549
G1 F1500 E48.92719
G0 F7200 X121.064 Y109.549
G0 X127.86 Y109.655
G0 X129.008 Y109.67
G1 F1500 E55.42719
G0 F7200 X129.038 Y109.765
;TYPE:WALL-OUTER
G1 F1800 X128.725 Y109.886 E55.4314
G1 X128.724 Y109.421 E55.43723
G1 X128.78 Y109.394 E55.43801
G1 X129.164 Y109.246 E55.44317
G1 X129.164 Y109.732 E55.44926
G1 X129.038 Y109.765 E55.4509
G0 F7200 X128.852 Y109.837
G0 X129.125 Y109.463
G0 X129.064 Y109.463
G0 X130.856 Y109.67
G0 X130.962 Y109.765
G1 F1800 X130.836 Y109.732 E55.45253
G1 X130.836 Y109.246 E55.45863
G1 X131.225 Y109.396 E55.46145
G1 X131.275 Y109.42 E55.46214
G1 X131.276 Y109.886 E55.46799
G1 X130.962 Y109.765 E55.46966
G0 F7200 X130.836 Y109.732
G0 X130.836 Y109.662
G0 X130.875 Y109.661
G1 F1500 E48.96966
G0 F7200 X130.938 Y109.656
G0 X130.847 Y112.262
G1 F1500 E55.46966
G0 F7200 X130.962 Y112.765
G1 F1800 X130.836 Y112.732 E55.4713
G1 X130.836 Y112.246 E55.47739
G1 X131.225 Y112.396 E55.48021
G1 X131.275 Y112.42 E55.48091
G1 X131.275 Y112.886 E55.48675
G1 X130.962 Y112.765 E55.48842
G0 F7200 X130.836 Y112.732
G0 X130.836 Y112.662
G0 X130.875 Y112.662
G0 X130.938 Y112.657
G0 X129.144 Y112.67
G0 X129.038 Y112.765
G1 F1800 X128.725 Y112.886 E55.49263
G1 X128.724 Y112.421 E55.49846
G1 X128.78 Y112.394 E55.49924
G1 X129.164 Y112.246 E55.5044
G1 X129.164 Y112.732 E55.51049
G1 X129.038 Y112.765 E55.51213
G0 F7200 X128.852 Y112.837
G0 X129.125 Y112.463
G0 X129.064 Y112.463
G0 X129.153 Y115.262
G0 X129.038 Y115.765
G1 F1800 X128.725 Y115.886 E55.51633
G1 X128.724 Y115.421 E55.52217
G1 X128.78 Y115.394 E55.52295
G1 X129.164 Y115.246 E55.52811
G1 X129.164 Y115.732 E55.5342
G1 X129.038 Y115.765 E55.53583
G0 F7200 X128.852 Y115.837
G0 X129.125 Y115.463
G1 F1500 E49.03583
G0 F7200 X129.064 Y115.463
G0 X130.856 Y115.67
G1 F1500 E55.53583
G0 F7200 X130.962 Y115.765
G1 F1800 X130.836 Y115.732 E55.53747
G1 X130.836 Y115.246 E55.54356
G1 X131.225 Y115.396 E55.54639
G1 X131.275 Y115.42 E55.54708
G1 X131.276 Y115.886 E55.55292
G1 X130.962 Y115.765 E55.5546
G0 F7200 X130.836 Y115.732
G0 X130.836 Y115.662
G0 X131.048 Y115.59
;TYPE:SKIN
G1 F1800 X131.079 Y115.558 E55.55488
G0 F7200 X131.236 Y115.557
G0 X131.175 Y115.556
G0 X130.847 Y118.262
G0 X130.962 Y118.765
;TYPE:WALL-OUTER
G1 F1800 X130.836 Y118.732 E55.55651
G1 X130.836 Y118.246 E55.56261
G1 X131.225 Y118.396 E55.56543
G1 X131.275 Y118.42 E55.56612
G1 X131.276 Y118.886 E55.57197
G1 X130.962 Y118.765 E55.57364
G0 F7200 X130.836 Y118.732
G0 X130.836 Y118.662
G0 X130.875 Y118.661
G0 X130.938 Y118.656
G0 X129.144 Y118.67
G0 X129.038 Y118.765
G1 F1800 X128.725 Y118.886 E55.57785
G1 X128.724 Y118.421 E55.58368
G1 X128.78 Y118.394 E55.58446
G1 X129.164 Y118.246 E55.58962
G1 X129.164 Y118.732 E55.59572
G1 X129.038 Y118.765 E55.59735
G0 F7200 X128.852 Y118.837
G0 X128.918 Y118.569
;TYPE:SKIN
G1 F1800 X128.948 Y118.538 E55.59762
G0 F7200 X128.891 Y118.393
G1 F1500 E49.09762
;MESH:NONMESH
G0 F600 X128.891 Y118.393 Z15
G0 F7200 X128.912 Y118.45
G0 X127.86 Y118.432
G0 X124.133 Y114.883
G0 X123.105 Y114.423
G0 X122.013 Y114.143
G0 X119.88 Y114.226
G0 X114.029 Y109.72
G0 X112.825 Y109.805
G1 F1500 E55.59762
G0 F7200 X112.62 Y109.926
;TIME_ELAPSED:685.328535
;LAYER:74
;TYPE:WALL-OUTER
;MESH:output\A_fina_suporte.stl
G1 F1800 X112.515 Y109.977 E55.59908
G1 X112.514 Y109.523 E55.60478
G1 X112.78 Y109.394 E55.60849
G1 X112.954 Y109.327 E55.61082
G1 X112.954 Y109.798 E55.61673
G1 X112.62 Y109.926 E55.62122
G0 F7200 X112.515 Y109.977
G0 X112.515 Y109.893
G0 X112.745 Y109.449
G0 X112.773 Y109.509
G0 X115.066 Y109.787
G0 X115.38 Y109.926
G1 F1800 X115.046 Y109.798 E55.6257
G1 X115.046 Y109.327 E55.63161
G1 X115.225 Y109.396 E55.63401
G1 X115.485 Y109.522 E55.63764
G1 X115.486 Y109.977 E55.64334
G1 X115.38 Y109.926 E55.64482
G0 F7200 X115.193 Y109.855
G0 X115.174 Y109.817
G1 F1500 E49.14482
G0 F7200 X115.199 Y109.751
G0 X115.057 Y112.343
G1 F1500 E55.64482
G0 F7200 X115.38 Y112.926
G1 F1800 X115.046 Y112.798 E55.6493
G1 X115.046 Y112.327 E55.65521
G1 X115.225 Y112.396 E55.65762
G1 X115.485 Y112.522 E55.66124
G1 X115.485 Y112.977 E55.66694
G1 X115.38 Y112.926 E55.66841
G0 F7200 X115.193 Y112.855
G0 X115.174 Y112.817
G0 X115.199 Y112.751
G0 X112.938 Y112.787
G0 X112.62 Y112.926
G1 F1800 X112.515 Y112.977 E55.66987
G1 X112.514 Y112.523 E55.67557
G1 X112.78 Y112.394 E55.67927
G1 X112.954 Y112.327 E55.68161
G1 X112.954 Y112.798 E55.68752
G1 X112.62 Y112.926 E55.692
G0 F7200 X112.515 Y112.977
G0 X112.515 Y112.893
G0 X112.745 Y112.449
G0 X112.773 Y112.509
G0 X112.943 Y115.343
G0 X112.62 Y115.926
G1 F1800 X112.515 Y115.977 E55.69347
G1 X112.514 Y115.523 E55.69916
G1 X112.78 Y115.394 E55.70287
G1 X112.954 Y115.327 E55.70521
G1 X112.954 Y115.798 E55.71111
G1 X112.62 Y115.926 E55.7156
G0 F7200 X112.515 Y115.977
G0 X112.515 Y115.893
G0 X112.745 Y115.449
G1 F1500 E49.2156
G0 F7200 X112.773 Y115.509
G0 X115.066 Y115.787
G1 F1500 E55.7156
G0 F7200 X115.38 Y115.926
G1 F1800 X115.046 Y115.798 E55.72008
G1 X115.046 Y115.327 E55.72599
G1 X115.225 Y115.396 E55.7284
G1 X115.485 Y115.522 E55.73202
G1 X115.486 Y115.977 E55.73772
G1 X115.38 Y115.926 E55.7392
G0 F7200 X115.193 Y115.855
G0 X115.174 Y115.817
G0 X115.199 Y115.751
G0 X115.057 Y118.343
G0 X115.38 Y118.926
G1 F1800 X115.046 Y118.798 E55.74369
G1 X115.046 Y118.327 E55.74959
G1 X115.225 Y118.396 E55.752
G1 X115.485 Y118.522 E55.75562
G1 X115.486 Y118.977 E55.76133
G1 X115.38 Y118.926 E55.7628
G0 F7200 X115.193 Y118.855
G0 X115.174 Y118.817
G1 F1500 E49.2628
G0 F7200 X115.199 Y118.751
G0 X112.934 Y118.787
G1 F1500 E55.7628
G0 F7200 X112.62 Y118.926
G1 F1800 X112.515 Y118.977 E55.76427
G1 X112.514 Y118.523 E55.76996
G1 X112.78 Y118.394 E55.77367
G1 X112.954 Y118.327 E55.776
G1 X112.954 Y118.798 E55.78191
G1 X112.62 Y118.926 E55.7864
G0 F7200 X112.515 Y118.977
G0 X112.515 Y118.893
G0 X112.745 Y118.449
G0 X112.773 Y118.509
G0 X113.819 Y118.787
G0 X116.333 Y120.331
G0 X119.65 Y118.772
G0 X120.62 Y118.926
G1 F1800 X120.515 Y118.977 E55.78786
G1 X120.514 Y118.523 E55.79355
G1 X120.78 Y118.394 E55.79726
G1 X120.954 Y118.327 E55.7996
G1 X120.954 Y118.798 E55.80551
G1 X120.62 Y118.926 E55.80999
G0 F7200 X120.515 Y118.977
G0 X120.515 Y118.893
G0 X120.745 Y118.449
G1 F1500 E49.30999
G0 F7200 X120.773 Y118.509
G0 X123.066 Y118.787
G1 F1500 E55.80999
G0 F7200 X123.38 Y118.926
G1 F1800 X123.046 Y118.798 E55.81448
G1 X123.046 Y118.327 E55.82038
G1 X123.225 Y118.396 E55.82279
G1 X123.485 Y118.522 E55.82641
G1 X123.486 Y118.977 E55.83212
G1 X123.38 Y118.926 E55.83359
G0 F7200 X123.193 Y118.855
G0 X123.174 Y118.817
G0 X123.199 Y118.751
G0 X123.476 Y115.961
G0 X123.38 Y115.926
G1 F1800 X123.046 Y115.798 E55.83808
G1 X123.046 Y115.327 E55.84399
G1 X123.225 Y115.396 E55.84639
G1 X123.485 Y115.522 E55.85001
G1 X123.486 Y115.977 E55.85572
G1 X123.38 Y115.926 E55.8572
G0 F7200 X123.193 Y115.855
G0 X123.174 Y115.817
G1 F1500 E49.3572
G0 F7200 X123.199 Y115.751
G0 X120.934 Y115.787
G1 F1500 E55.8572
G0 F7200 X120.62 Y115.926
G1 F1800 X120.515 Y115.977 E55.85866
G1 X120.514 Y115.522 E55.86436
G1 X120.775 Y115.396 E55.868
G1 X120.954 Y115.327 E55.8704
G1 X120.954 Y115.798 E55.87631
G1 X120.62 Y115.926 E55.8808
G0 F7200 X120.515 Y115.977
G0 X120.515 Y115.893
G0 X120.745 Y115.449
G0 X120.771 Y115.509
G0 X120.525 Y112.96
G0 X120.62 Y112.926
G1 F1800 X120.515 Y112.977 E55.88226
G1 X120.514 Y112.523 E55.88795
G1 X120.78 Y112.394 E55.89166
G1 X120.954 Y112.327 E55.894
G1 X120.954 Y112.798 E55.89991
G1 X120.62 Y112.926 E55.90439
G0 F7200 X120.515 Y112.977
G0 X120.515 Y112.893
G0 X120.745 Y112.449
G1 F1500 E49.40439
G0 F7200 X120.773 Y112.509
G0 X123.062 Y112.787
G1 F1500 E55.90439
G0 F7200 X123.38 Y112.926
G1 F1800 X123.046 Y112.798 E55.90888
G1 X123.046 Y112.327 E55.91478
G1 X123.225 Y112.396 E55.91719
G1 X123.485 Y112.522 E55.92081
G1 X123.485 Y112.977 E55.92652
G1 X123.38 Y112.926 E55.92798
G0 F7200 X123.193 Y112.855
G0 X123.174 Y112.817
G0 X123.199 Y112.751
G0 X123.476 Y109.961
G0 X123.38 Y109.926
G1 F1800 X123.046 Y109.798 E55.93247
G1 X123.046 Y109.327 E55.93837
G1 X123.225 Y109.396 E55.94078
G1 X123.485 Y109.522 E55.9444
G1 X123.486 Y109.977 E55.95011
G1 X123.38 Y109.926 E55.95158
G0 F7200 X123.193 Y109.855
G0 X123.174 Y109.817
G1 F1500 E49.45158
G0 F7200 X123.199 Y109.751
G0 X120.934 Y109.787
G1 F1500 E55.95158
G0 F7200 X120.62 Y109.926
G1 F1800 X120.515 Y109.977 E55.95305
G1 X120.514 Y109.523 E55.95874
G1 X120.78 Y109.394 E55.96245
G1 X120.954 Y109.327 E55.96479
G1 X120.954 Y109.798 E55.97069
G1 X120.62 Y109.926 E55.97518
G0 F7200 X120.515 Y109.977
G0 X120.515 Y109.893
G0 X120.745 Y109.449
G0 X120.773 Y109.509
G0 X121.819 Y109.787
G0 X124.333 Y111.331
G0 X127.65 Y109.772
G0 X128.62 Y109.926
G1 F1800 X128.515 Y109.977 E55.97664
G1 X128.514 Y109.523 E55.98234
G1 X128.78 Y109.394 E55.98604
G1 X128.954 Y109.327 E55.98838
G1 X128.954 Y109.798 E55.99429
G1 X128.62 Y109.926 E55.99877
G0 F7200 X128.515 Y109.977
G0 X128.515 Y109.893
G0 X128.745 Y109.449
G1 F1500 E49.49877
G0 F7200 X128.773 Y109.509
G0 X131.066 Y109.787
G1 F1500 E55.99877
G0 F7200 X131.38 Y109.926
G1 F1800 X131.046 Y109.798 E56.00326
G1 X131.046 Y109.327 E56.00917
G1 X131.225 Y109.396 E56.01157
G1 X131.485 Y109.522 E56.01519
G1 X131.486 Y109.977 E56.0209
G1 X131.38 Y109.926 E56.02238
G0 F7200 X131.193 Y109.855
G0 X131.174 Y109.817
G0 X131.199 Y109.751
G0 X131.057 Y112.343
G0 X131.38 Y112.926
G1 F1800 X131.046 Y112.798 E56.02686
G1 X131.046 Y112.327 E56.03277
G1 X131.225 Y112.396 E56.03517
G1 X131.485 Y112.522 E56.0388
G1 X131.485 Y112.977 E56.0445
G1 X131.38 Y112.926 E56.04597
G0 F7200 X131.193 Y112.855
G0 X131.174 Y112.817
G1 F1500 E49.54597
G0 F7200 X131.199 Y112.751
G0 X128.938 Y112.787
G1 F1500 E56.04597
G0 F7200 X128.62 Y112.926
G1 F1800 X128.515 Y112.977 E56.04743
G1 X128.514 Y112.523 E56.05312
G1 X128.78 Y112.394 E56.05683
G1 X128.954 Y112.327 E56.05917
G1 X128.954 Y112.798 E56.06508
G1 X128.62 Y112.926 E56.06956
G0 F7200 X128.515 Y112.977
G0 X128.515 Y112.893
G0 X128.745 Y112.449
G0 X128.773 Y112.509
G0 X128.943 Y115.343
G0 X128.62 Y115.926
G1 F1800 X128.515 Y115.977 E56.07103
G1 X128.514 Y115.523 E56.07672
G1 X128.78 Y115.394 E56.08043
G1 X128.954 Y115.327 E56.08276
G1 X128.954 Y115.798 E56.08867
G1 X128.62 Y115.926 E56.09316
G0 F7200 X128.515 Y115.977
G0 X128.515 Y115.893
G0 X128.745 Y115.449
G1 F1500 E49.59316
G0 F7200 X128.773 Y115.509
G0 X131.066 Y115.787
G1 F1500 E56.09316
G0 F7200 X131.38 Y115.926
G1 F1800 X131.046 Y115.798 E56.09764
G1 X131.046 Y115.327 E56.10355
G1 X131.225 Y115.396 E56.10595
G1 X131.485 Y115.522 E56.10958
G1 X131.486 Y115.977 E56.11528
G1 X131.38 Y115.926 E56.11676
G0 F7200 X131.193 Y115.855
G0 X131.174 Y115.817
G0 X131.199 Y115.751
G0 X131.057 Y118.343
G0 X131.38 Y118.926
G1 F1800 X131.046 Y118.798 E56.12124
G1 X131.046 Y118.327 E56.12715
G1 X131.225 Y118.396 E56.12956
G1 X131.485 Y118.522 E56.13318
G1 X131.486 Y118.977 E56.13888
G1 X131.38 Y118.926 E56.14036
G0 F7200 X131.193 Y118.855
G0 X131.174 Y118.817
G1 F1500 E49.64036
G0 F7200 X131.199 Y118.751
G0 X128.934 Y118.787
G1 F1500 E56.14036
G0 F7200 X128.62 Y118.926
G1 F1800 X128.515 Y118.977 E56.14182
G1 X128.514 Y118.523 E56.14752
G1 X128.78 Y118.394 E56.15122
G1 X128.954 Y118.327 E56.15356
G1 X128.954 Y118.798 E56.15947
G1 X128.62 Y118.926 E56.16395
G0 F7200 X128.515 Y118.977
G0 X128.515 Y118.893
G0 X128.745 Y118.449
;MESH:NONMESH
G0 F600 X128.745 Y118.449 Z15.2
G0 F7200 X128.773 Y118.509
G0 X127.65 Y118.534
G0 X124.333 Y117.331
G0 X122.19 Y116.45
G0 X121.803 Y114.203
G0 X119.67 Y114.328
G0 X114.19 Y110.45
G0 X112.938 Y109.787
G0 X112.62 Y109.926
;TIME_ELAPSED:695.096568
;LAYER:75
;TYPE:WALL-OUTER
;MESH:output\A_fina_suporte.stl
G1 F1800 X112.305 Y110.079 E56.16835
G1 X112.304 Y109.625 E56.17404
G1 X112.744 Y109.411 E56.18018
G1 X112.745 Y109.878 E56.18603
G1 X112.62 Y109.926 E56.18771
G0 F7200 X112.44 Y110.013
G0 X112.705 Y109.653
G1 F1500 E49.68771
G0 F7200 X112.644 Y109.652
G0 X115.276 Y109.867
G1 F1500 E56.18771
G0 F7200 X115.38 Y109.926
G1 F1800 X115.256 Y109.879 E56.18937
G1 X115.256 Y109.411 E56.19524
G1 X115.695 Y109.624 E56.19882
G1 X115.696 Y110.08 E56.20434
G1 X115.38 Y109.926 E56.20613
G0 F7200 X115.256 Y109.879
G0 X115.256 Y109.811
G0 X115.295 Y109.81
G0 X115.356 Y109.81
G0 X115.266 Y112.427
G0 X115.379 Y112.926
G1 F1800 X115.256 Y112.879 E56.20778
G1 X115.256 Y112.411 E56.21365
G1 X115.695 Y112.624 E56.21722
G1 X115.695 Y113.08 E56.22274
G1 X115.379 Y112.926 E56.22455
G0 F7200 X115.256 Y112.879
G0 X115.256 Y112.81
G0 X115.295 Y112.81
G1 F1500 E49.72455
G0 F7200 X115.356 Y112.81
G0 X112.724 Y112.835
G1 F1500 E56.22455
G0 F7200 X112.621 Y112.926
G1 F1800 X112.305 Y113.08 E56.22895
G1 X112.304 Y112.625 E56.23466
G1 X112.744 Y112.411 E56.2408
G1 X112.744 Y112.879 E56.24667
G1 X112.621 Y112.926 E56.24832
G0 F7200 X112.441 Y113.013
G0 X112.705 Y112.653
G0 X112.644 Y112.653
G0 X112.734 Y115.427
G0 X112.62 Y115.926
G1 F1800 X112.305 Y116.079 E56.25271
G1 X112.304 Y115.625 E56.2584
G1 X112.744 Y115.411 E56.26454
G1 X112.745 Y115.878 E56.27039
G1 X112.62 Y115.926 E56.27207
G0 F7200 X112.44 Y116.013
G0 X112.705 Y115.653
G0 X112.644 Y115.652
G0 X115.276 Y115.867
G0 X115.38 Y115.926
G1 F1800 X115.256 Y115.879 E56.27374
G1 X115.256 Y115.411 E56.2796
G1 X115.695 Y115.624 E56.28318
G1 X115.696 Y116.08 E56.2887
G1 X115.38 Y115.926 E56.29049
G0 F7200 X115.256 Y115.879
G0 X115.256 Y115.811
G0 X115.295 Y115.81
G0 X115.356 Y115.81
G0 X115.266 Y118.427
G0 X115.38 Y118.926
G1 F1800 X115.256 Y118.879 E56.29215
G1 X115.256 Y118.411 E56.29802
G1 X115.695 Y118.624 E56.3016
G1 X115.696 Y119.08 E56.30712
G1 X115.38 Y118.926 E56.30891
G0 F7200 X115.256 Y118.879
G0 X115.256 Y118.811
G0 X115.295 Y118.81
G0 X115.356 Y118.81
G0 X112.724 Y118.835
G0 X112.621 Y118.926
G1 F1800 X112.305 Y119.08 E56.31332
G1 X112.304 Y118.625 E56.31902
G1 X112.744 Y118.411 E56.32516
G1 X112.744 Y118.879 E56.33103
G1 X112.621 Y118.926 E56.33268
G0 F7200 X112.441 Y119.013
G0 X112.705 Y118.653
G0 X112.644 Y118.653
G0 X114.399 Y119.47
G0 X116.543 Y120.433
G0 X119.44 Y118.82
G0 X120.582 Y118.835
G0 X120.621 Y118.926
G1 F1800 X120.305 Y119.08 E56.33709
G1 X120.304 Y118.625 E56.34279
G1 X120.744 Y118.411 E56.34893
G1 X120.744 Y118.879 E56.3548
G1 X120.621 Y118.926 E56.35645
G0 F7200 X120.441 Y119.013
G0 X120.705 Y118.653
G0 X120.644 Y118.653
G0 X123.276 Y118.835
G0 X123.38 Y118.926
G1 F1800 X123.256 Y118.879 E56.35811
G1 X123.256 Y118.411 E56.36398
G1 X123.695 Y118.624 E56.36756
G1 X123.696 Y119.08 E56.37308
G1 X123.38 Y118.926 E56.37487
G0 F7200 X123.256 Y118.879
G0 X123.256 Y118.811
G0 X123.295 Y118.81
G0 X123.356 Y118.81
G0 X123.686 Y116.064
G0 X123.38 Y115.926
G1 F1800 X123.256 Y115.879 E56.37653
G1 X123.256 Y115.411 E56.3824
G1 X123.695 Y115.624 E56.38598
G1 X123.696 Y116.08 E56.3915
G1 X123.38 Y115.926 E56.39329
G0 F7200 X123.256 Y115.879
G0 X123.256 Y115.811
G0 X123.295 Y115.81
G0 X123.356 Y115.81
G0 X120.729 Y115.867
G0 X120.62 Y115.926
G1 F1800 X120.304 Y116.08 E56.3977
G1 X120.305 Y115.624 E56.40342
G1 X120.744 Y115.411 E56.40953
G1 X120.745 Y115.878 E56.41539
G1 X120.62 Y115.926 E56.41707
G0 F7200 X120.44 Y116.013
G0 X120.704 Y115.654
G0 X120.644 Y115.653
G0 X120.315 Y113.064
G0 X120.621 Y112.926
G1 F1800 X120.305 Y113.08 E56.42148
G1 X120.304 Y112.625 E56.42718
G1 X120.744 Y112.411 E56.43332
G1 X120.744 Y112.879 E56.43919
G1 X120.621 Y112.926 E56.44084
G0 F7200 X120.441 Y113.013
G0 X120.705 Y112.653
G0 X120.644 Y112.653
G0 X123.276 Y112.835
G0 X123.379 Y112.926
G1 F1800 X123.256 Y112.879 E56.44249
G1 X123.256 Y112.411 E56.44836
G1 X123.695 Y112.624 E56.45193
G1 X123.695 Y113.08 E56.45745
G1 X123.379 Y112.926 E56.45926
G0 F7200 X123.256 Y112.879
G0 X123.256 Y112.81
G0 X123.295 Y112.81
G0 X123.356 Y112.81
G0 X123.686 Y110.064
G0 X123.38 Y109.926
G1 F1800 X123.256 Y109.879 E56.46092
G1 X123.256 Y109.411 E56.46679
G1 X123.695 Y109.624 E56.47036
G1 X123.696 Y110.08 E56.47588
G1 X123.38 Y109.926 E56.47768
G0 F7200 X123.256 Y109.879
G0 X123.256 Y109.811
G0 X123.295 Y109.81
G0 X123.356 Y109.81
G0 X120.729 Y109.867
G0 X120.62 Y109.926
G1 F1800 X120.305 Y110.079 E56.48207
G1 X120.304 Y109.625 E56.48776
G1 X120.744 Y109.411 E56.4939
G1 X120.745 Y109.878 E56.49975
G1 X120.62 Y109.926 E56.50143
G0 F7200 X120.44 Y110.013
G0 X120.705 Y109.653
G0 X120.644 Y109.652
G0 X122.399 Y110.47
G0 X124.543 Y111.433
G0 X127.44 Y109.852
G0 X128.581 Y109.835
G0 X128.62 Y109.926
G1 F1800 X128.305 Y110.079 E56.50582
G1 X128.304 Y109.625 E56.51152
G1 X128.744 Y109.411 E56.51765
G1 X128.745 Y109.878 E56.52351
G1 X128.62 Y109.926 E56.52519
G0 F7200 X128.44 Y110.013
G0 X128.705 Y109.653
G0 X128.644 Y109.652
G0 X131.276 Y109.867
G0 X131.38 Y109.926
G1 F1800 X131.256 Y109.879 E56.52685
G1 X131.256 Y109.411 E56.53272
G1 X131.695 Y109.624 E56.53629
G1 X131.696 Y110.08 E56.54181
G1 X131.38 Y109.926 E56.54361
G0 F7200 X131.256 Y109.879
G0 X131.256 Y109.811
G0 X131.295 Y109.81
G0 X131.356 Y109.81
G0 X131.266 Y112.427
G0 X131.379 Y112.926
G1 F1800 X131.256 Y112.879 E56.54526
G1 X131.256 Y112.411 E56.55113
G1 X131.695 Y112.624 E56.5547
G1 X131.695 Y113.08 E56.56022
G1 X131.379 Y112.926 E56.56202
G0 F7200 X131.256 Y112.879
G0 X131.256 Y112.81
G0 X131.295 Y112.81
G0 X131.356 Y112.81
G0 X128.724 Y112.835
G0 X128.621 Y112.926
G1 F1800 X128.305 Y113.08 E56.56643
G1 X128.304 Y112.625 E56.57214
G1 X128.744 Y112.411 E56.57827
G1 X128.744 Y112.879 E56.58414
G1 X128.621 Y112.926 E56.58579
G0 F7200 X128.441 Y113.013
G0 X128.705 Y112.653
G0 X128.644 Y112.653
G0 X128.734 Y115.427
G0 X128.62 Y115.926
G1 F1800 X128.305 Y116.079 E56.59018
G1 X128.304 Y115.625 E56.59588
G1 X128.744 Y115.411 E56.60201
G1 X128.745 Y115.878 E56.60787
G1 X128.62 Y115.926 E56.60955
G0 F7200 X128.44 Y116.013
G0 X128.705 Y115.653
G0 X128.644 Y115.652
G0 X131.276 Y115.867
G0 X131.38 Y115.926
G1 F1800 X131.256 Y115.879 E56.61121
G1 X131.256 Y115.411 E56.61708
G1 X131.695 Y115.624 E56.62066
G1 X131.696 Y116.08 E56.62618
G1 X131.38 Y115.926 E56.62797
G0 F7200 X131.256 Y115.879
G0 X131.256 Y115.811
G0 X131.295 Y115.81
G0 X131.356 Y115.81
G0 X131.266 Y118.427
G0 X131.38 Y118.926
G1 F1800 X131.256 Y118.879 E56.62963
G1 X131.256 Y118.411 E56.6355
G1 X131.695 Y118.624 E56.63907
G1 X131.696 Y119.08 E56.64459
G1 X131.38 Y118.926 E56.64639
G0 F7200 X131.256 Y118.879
G0 X131.256 Y118.811
G0 X131.295 Y118.81
G0 X131.356 Y118.81
G0 X128.724 Y118.835
G0 X128.621 Y118.926
G1 F1800 X128.305 Y119.08 E56.6508
G1 X128.304 Y118.625 E56.6565
G1 X128.744 Y118.411 E56.66264
G1 X128.744 Y118.879 E56.66851
G1 X128.621 Y118.926 E56.67016
G0 F7200 X128.441 Y119.013
G0 X128.705 Y118.653
;MESH:NONMESH
G0 F600 X128.705 Y118.653 Z15.4
G0 F7200 X128.644 Y118.653
G0 X127.44 Y118.636
G0 X124.543 Y117.433
G0 X122.399 Y116.47
G0 X121.59 Y114.178
G0 X119.46 Y114.43
G0 X114.704 Y110.56
G0 X113.609 Y109.866
G0 X112.493 Y109.876
G0 X112.535 Y109.968
;TIME_ELAPSED:700.108719
;LAYER:76
;TYPE:WALL-OUTER
;MESH:output\A_fina_suporte.stl
G1 F1800 X112.095 Y110.182 E56.67629
G1 X112.094 Y109.727 E56.682
G1 X112.534 Y109.513 E56.68813
G1 X112.535 Y109.968 E56.69384
G0 F7200 X112.356 Y110.055
G0 X112.352 Y110.046
G0 X112.315 Y109.965
G0 X112.524 Y112.53
G0 X112.534 Y112.968
G1 F1800 X112.095 Y113.182 E56.69997
G1 X112.094 Y112.727 E56.70567
G1 X112.534 Y112.514 E56.7118
G1 X112.534 Y112.968 E56.71749
G0 F7200 X112.355 Y113.055
G0 X112.35 Y113.047
G0 X112.313 Y112.966
G0 X112.524 Y115.529
G0 X112.535 Y115.968
G1 F1800 X112.095 Y116.182 E56.72363
G1 X112.094 Y115.727 E56.72934
G1 X112.534 Y115.513 E56.73547
G1 X112.535 Y115.968 E56.74118
G0 F7200 X112.356 Y116.055
G0 X112.352 Y116.046
G0 X112.315 Y115.965
G0 X112.524 Y118.53
G0 X112.534 Y118.968
G1 F1800 X112.095 Y119.182 E56.7473
G1 X112.094 Y118.727 E56.75301
G1 X112.534 Y118.514 E56.75914
G1 X112.534 Y118.968 E56.76483
G0 F7200 X112.355 Y119.055
G0 X112.35 Y119.047
G0 X112.313 Y118.966
G0 X113.399 Y118.778
G0 X114.601 Y118.778
G0 X115.805 Y118.778
G0 X115.905 Y118.726
G1 F1800 X115.906 Y119.182 E56.77055
G1 X115.466 Y118.968 E56.77669
G1 X115.466 Y118.513 E56.78239
G1 X115.905 Y118.726 E56.78851
G0 F7200 X115.905 Y118.926
G0 X115.866 Y118.925
G0 X115.805 Y118.924
G0 X115.896 Y116.167
G0 X115.905 Y115.726
G1 F1800 X115.906 Y116.183 E56.79424
G1 X115.466 Y115.969 E56.80038
G1 X115.466 Y115.513 E56.8061
G1 X115.905 Y115.726 E56.81222
G0 F7200 X115.905 Y115.926
G0 X115.866 Y115.925
G0 X115.805 Y115.924
G0 X115.895 Y113.165
G0 X115.905 Y112.726
G1 F1800 X115.905 Y113.181 E56.81792
G1 X115.466 Y112.968 E56.82404
G1 X115.466 Y112.513 E56.82975
G1 X115.905 Y112.726 E56.83586
G0 F7200 X115.905 Y112.926
G0 X115.866 Y112.926
G1 F1500 E50.33586
G0 F7200 X115.805 Y112.926
G0 X115.896 Y110.167
G1 F1500 E56.83586
G0 F7200 X115.905 Y109.726
G1 F1800 X115.906 Y110.183 E56.8416
G1 X115.466 Y109.969 E56.84773
G1 X115.466 Y109.513 E56.85345
G1 X115.905 Y109.726 E56.85957
G0 F7200 X115.905 Y109.926
G0 X115.866 Y109.925
G0 X115.805 Y109.924
G0 X119.23 Y109.916
G0 X120.434 Y109.915
G0 X120.535 Y109.968
G1 F1800 X120.095 Y110.182 E56.8657
G1 X120.094 Y109.727 E56.87141
G1 X120.534 Y109.513 E56.87755
G1 X120.535 Y109.968 E56.88325
G0 F7200 X120.356 Y110.055
G0 X120.352 Y110.046
G1 F1500 E50.38325
G0 F7200 X120.315 Y109.965
G0 X120.524 Y112.53
G1 F1500 E56.88325
G0 F7200 X120.534 Y112.968
G1 F1800 X120.095 Y113.182 E56.88938
G1 X120.094 Y112.727 E56.89508
G1 X120.534 Y112.514 E56.90121
G1 X120.534 Y112.968 E56.90691
G0 F7200 X120.355 Y113.055
G0 X120.35 Y113.047
G0 X120.313 Y112.966
G0 X120.524 Y115.529
G0 X120.535 Y115.968
G1 F1800 X120.094 Y116.182 E56.91305
G1 X120.095 Y115.726 E56.91877
G1 X120.534 Y115.513 E56.92489
G1 X120.535 Y115.968 E56.9306
G0 F7200 X120.355 Y116.055
G0 X120.351 Y116.046
G1 F1500 E50.4306
G0 F7200 X120.314 Y115.964
G0 X120.524 Y118.53
G1 F1500 E56.9306
G0 F7200 X120.534 Y118.968
G1 F1800 X120.095 Y119.182 E56.93672
G1 X120.094 Y118.727 E56.94243
G1 X120.534 Y118.514 E56.94856
G1 X120.534 Y118.968 E56.95425
G0 F7200 X120.355 Y119.055
G0 X120.35 Y119.047
G0 X120.313 Y118.966
G0 X121.399 Y118.778
G0 X122.601 Y118.778
G0 X123.805 Y118.778
G0 X123.905 Y118.726
G1 F1800 X123.906 Y119.182 E56.95997
G1 X123.466 Y118.968 E56.9661
G1 X123.466 Y118.513 E56.97181
G1 X123.905 Y118.726 E56.97793
G0 F7200 X123.905 Y118.926
G0 X123.866 Y118.925
G0 X123.805 Y118.924
G0 X123.896 Y116.167
G0 X123.905 Y115.726
G1 F1800 X123.906 Y116.183 E56.98366
G1 X123.466 Y115.969 E56.9898
G1 X123.466 Y115.513 E56.99551
G1 X123.905 Y115.726 E57.00163
G0 F7200 X123.905 Y115.926
G0 X123.866 Y115.925
G1 F1500 E50.50163
G0 F7200 X123.805 Y115.924
G0 X123.895 Y113.165
G1 F1500 E57.00163
G0 F7200 X123.905 Y112.726
G1 F1800 X123.905 Y113.181 E57.00734
G1 X123.466 Y112.968 E57.01346
G1 X123.466 Y112.513 E57.01916
G1 X123.905 Y112.726 E57.02528
G0 F7200 X123.905 Y112.926
G0 X123.866 Y112.926
G1 F1500 E50.52528
G0 F7200 X123.805 Y112.926
G0 X123.896 Y110.167
G1 F1500 E57.02528
G0 F7200 X123.905 Y109.726
G1 F1800 X123.906 Y110.183 E57.03101
G1 X123.466 Y109.969 E57.03715
G1 X123.466 Y109.513 E57.04287
G1 X123.905 Y109.726 E57.04899
G0 F7200 X123.905 Y109.926
G0 X123.866 Y109.925
G0 X123.805 Y109.924
G0 X127.23 Y109.916
G0 X128.434 Y109.915
G0 X128.535 Y109.968
G1 F1800 X128.095 Y110.182 E57.05512
G1 X128.094 Y109.727 E57.06083
G1 X128.534 Y109.513 E57.06697
G1 X128.535 Y109.968 E57.07267
G0 F7200 X128.356 Y110.055
G0 X128.352 Y110.046
G0 X128.315 Y109.965
G0 X128.524 Y112.53
G0 X128.534 Y112.968
G1 F1800 X128.095 Y113.182 E57.0788
G1 X128.094 Y112.727 E57.0845
G1 X128.534 Y112.514 E57.09063
G1 X128.534 Y112.968 E57.09633
G0 F7200 X128.355 Y113.055
G0 X128.35 Y113.047
G0 X128.313 Y112.966
G0 X128.524 Y115.529
G0 X128.535 Y115.968
G1 F1800 X128.095 Y116.182 E57.10246
G1 X128.094 Y115.727 E57.10817
G1 X128.534 Y115.513 E57.1143
G1 X128.535 Y115.968 E57.12001
G0 F7200 X128.356 Y116.055
G0 X128.352 Y116.046
G0 X128.315 Y115.965
G0 X128.524 Y118.53
G0 X128.534 Y118.968
G1 F1800 X128.095 Y119.182 E57.12613
G1 X128.094 Y118.727 E57.13184
G1 X128.534 Y118.514 E57.13797
G1 X128.534 Y118.968 E57.14366
G0 F7200 X128.355 Y119.055
G0 X128.35 Y119.047
G1 F1500 E50.64366
G0 F7200 X128.313 Y118.966
G0 X129.399 Y118.778
G0 X130.601 Y118.778
G0 X131.805 Y118.778
G1 F1500 E57.14366
G0 F7200 X131.905 Y118.726
G1 F1800 X131.906 Y119.182 E57.14938
G1 X131.466 Y118.968 E57.15552
G1 X131.466 Y118.513 E57.16122
G1 X131.905 Y118.726 E57.16734
G0 F7200 X131.905 Y118.926
G0 X131.866 Y118.925
G0 X131.805 Y118.924
G0 X131.896 Y116.167
G0 X131.905 Y115.726
G1 F1800 X131.906 Y116.183 E57.17307
G1 X131.466 Y115.969 E57.17921
G1 X131.466 Y115.513 E57.18493
G1 X131.905 Y115.726 E57.19105
G0 F7200 X131.905 Y115.926
G0 X131.866 Y115.925
G0 X131.805 Y115.924
G0 X131.895 Y113.165
G0 X131.905 Y112.726
G1 F1800 X131.905 Y113.181 E57.19675
G1 X131.466 Y112.968 E57.20287
G1 X131.466 Y112.513 E57.20858
G1 X131.905 Y112.726 E57.2147
G0 F7200 X131.905 Y112.926
G0 X131.866 Y112.926
G1 F1500 E50.7147
G0 F7200 X131.805 Y112.926
G0 X131.896 Y110.167
G1 F1500 E57.2147
G0 F7200 X131.905 Y109.726
G1 F1800 X131.906 Y110.183 E57.22043
G1 X131.466 Y109.969 E57.22656
G1 X131.466 Y109.513 E57.23228
G1 X131.905 Y109.726 E57.2384
G0 F7200 X131.905 Y109.926
G0 X131.866 Y109.925
;MESH:NONMESH
G0 F600 X131.866 Y109.925 Z15.6
G0 F7200 X131.805 Y109.924
G0 X130.601 Y109.959
G0 X127.25 Y111.532
G0 X124.753 Y111.534
G0 X120.97 Y110.717
G0 X119.25 Y111.532
G0 X116.753 Y111.534
G0 X113.399 Y109.957
G0 X112.284 Y109.98
G0 X112.325 Y110.07
;TIME_ELAPSED:707.487013
;LAYER:77
;TYPE:WALL-OUTER
;MESH:output\A_fina_suporte.stl
G1 F1800 X111.884 Y110.284 E57.24455
G1 X111.884 Y109.829 E57.25025
G1 X112.324 Y109.615 E57.25639
G1 X112.325 Y110.07 E57.26209
G0 F7200 X112.145 Y110.157
G0 X112.142 Y110.148
G1 F1500 E50.76209
G0 F7200 X112.104 Y110.066
G0 X112.314 Y112.631
G1 F1500 E57.26209
G0 F7200 X112.325 Y113.07
G1 F1800 X111.884 Y113.284 E57.26824
G1 X111.884 Y112.829 E57.27395
G1 X112.324 Y112.615 E57.28008
G1 X112.325 Y113.07 E57.28579
G0 F7200 X112.145 Y113.157
G0 X112.142 Y113.148
G0 X112.104 Y113.066
G0 X112.314 Y115.631
G0 X112.324 Y116.071
G1 F1800 X111.885 Y116.284 E57.29191
G1 X111.884 Y115.829 E57.29761
G1 X112.324 Y115.615 E57.30375
G1 X112.324 Y116.071 E57.30947
G0 F7200 X112.144 Y116.158
G0 X112.141 Y116.148
G0 X112.103 Y116.067
G0 X112.314 Y118.631
G0 X112.325 Y119.07
G1 F1800 X111.884 Y119.284 E57.31561
G1 X111.884 Y118.829 E57.32132
G1 X112.324 Y118.615 E57.32746
G1 X112.325 Y119.07 E57.33316
G0 F7200 X112.145 Y119.157
G0 X112.142 Y119.148
G0 X112.104 Y119.066
G0 X113.189 Y118.889
G0 X114.81 Y118.89
G0 X116.016 Y118.882
G0 X116.116 Y118.829
G1 F1800 X116.116 Y119.284 E57.33887
G1 X115.675 Y119.07 E57.34502
G1 X115.675 Y118.615 E57.35072
G1 X116.116 Y118.829 E57.35687
G0 F7200 X116.116 Y119.029
G0 X116.075 Y119.029
G1 F1500 E50.85687
G0 F7200 X116.016 Y119.029
G0 X116.106 Y116.268
G1 F1500 E57.35687
G0 F7200 X116.116 Y115.829
G1 F1800 X116.116 Y116.284 E57.36257
G1 X115.675 Y116.07 E57.36872
G1 X115.675 Y115.615 E57.37443
G1 X116.116 Y115.829 E57.38057
G0 F7200 X116.116 Y116.029
G0 X116.075 Y116.029
G1 F1500 E50.88057
G0 F7200 X116.016 Y116.029
G0 X116.105 Y113.268
G1 F1500 E57.38057
G0 F7200 X116.116 Y112.829
G1 F1800 X116.115 Y113.284 E57.38628
G1 X115.675 Y113.07 E57.39242
G1 X115.676 Y112.615 E57.39812
G1 X116.116 Y112.829 E57.40426
G0 F7200 X116.116 Y113.029
G0 X116.075 Y113.028
G0 X116.016 Y113.028
G0 X116.106 Y110.268
G0 X116.116 Y109.829
G1 F1800 X116.116 Y110.284 E57.40996
G1 X115.675 Y110.07 E57.41611
G1 X115.676 Y109.615 E57.42182
G1 X116.116 Y109.829 E57.42795
G0 F7200 X116.116 Y110.029
G0 X116.075 Y110.029
G1 F1500 E50.92795
G0 F7200 X116.016 Y110.029
G0 X119.02 Y109.996
G0 X120.234 Y110.003
G1 F1500 E57.42795
G0 F7200 X120.324 Y110.071
G1 F1800 X119.885 Y110.284 E57.43407
G1 X119.884 Y109.829 E57.43978
G1 X120.324 Y109.615 E57.44591
G1 X120.324 Y110.071 E57.45163
G0 F7200 X120.144 Y110.158
G0 X120.141 Y110.148
G1 F1500 E50.95163
G0 F7200 X120.103 Y110.067
G0 X120.314 Y112.631
G1 F1500 E57.45163
G0 F7200 X120.325 Y113.07
G1 F1800 X119.885 Y113.284 E57.45777
G1 X119.884 Y112.829 E57.46347
G1 X120.324 Y112.615 E57.46961
G1 X120.325 Y113.07 E57.47531
G0 F7200 X120.146 Y113.157
G0 X120.142 Y113.148
G0 X120.105 Y113.067
G0 X120.314 Y115.631
G0 X120.325 Y116.07
G1 F1800 X119.884 Y116.284 E57.48146
G1 X119.885 Y115.828 E57.48718
G1 X120.324 Y115.615 E57.4933
G1 X120.325 Y116.07 E57.499
G0 F7200 X120.145 Y116.157
G0 X120.141 Y116.148
G1 F1500 E50.999
G0 F7200 X120.104 Y116.066
G0 X120.314 Y118.631
G1 F1500 E57.499
G0 F7200 X120.325 Y119.07
G1 F1800 X119.884 Y119.284 E57.50515
G1 X119.884 Y118.829 E57.51086
G1 X120.324 Y118.615 E57.51699
G1 X120.325 Y119.07 E57.5227
G0 F7200 X120.145 Y119.157
G0 X120.142 Y119.148
G1 F1500 E51.0227
G0 F7200 X120.104 Y119.066
G0 X121.189 Y118.889
G0 X122.81 Y118.89
G0 X124.016 Y118.882
G1 F1500 E57.5227
G0 F7200 X124.116 Y118.829
G1 F1800 X124.116 Y119.284 E57.5284
G1 X123.675 Y119.07 E57.53455
G1 X123.675 Y118.615 E57.54026
G1 X124.116 Y118.829 E57.5464
G0 F7200 X124.116 Y119.029
G0 X124.075 Y119.029
G0 X124.016 Y119.029
G0 X124.106 Y116.268
G0 X124.116 Y115.829
G1 F1800 X124.116 Y116.284 E57.55211
G1 X123.675 Y116.07 E57.55826
G1 X123.675 Y115.615 E57.56396
G1 X124.116 Y115.829 E57.57011
G0 F7200 X124.116 Y116.029
G0 X124.075 Y116.029
G1 F1500 E51.07011
G0 F7200 X124.016 Y116.029
G0 X124.105 Y113.268
G1 F1500 E57.57011
G0 F7200 X124.116 Y112.829
G1 F1800 X124.115 Y113.284 E57.57582
G1 X123.675 Y113.07 E57.58195
G1 X123.676 Y112.615 E57.58766
G1 X124.116 Y112.829 E57.59379
G0 F7200 X124.116 Y113.029
G0 X124.075 Y113.028
G1 F1500 E51.09379
G0 F7200 X124.016 Y113.028
G0 X124.106 Y110.268
G1 F1500 E57.59379
G0 F7200 X124.116 Y109.829
G1 F1800 X124.116 Y110.284 E57.5995
G1 X123.675 Y110.07 E57.60565
G1 X123.676 Y109.615 E57.61135
G1 X124.116 Y109.829 E57.61749
G0 F7200 X124.116 Y110.029
G0 X124.075 Y110.029
G0 X124.016 Y110.029
G0 X127.019 Y110.017
G0 X128.224 Y110.017
G0 X128.325 Y110.07
G1 F1800 X127.884 Y110.284 E57.62364
G1 X127.884 Y109.829 E57.62934
G1 X128.324 Y109.615 E57.63548
G1 X128.325 Y110.07 E57.64118
G0 F7200 X128.145 Y110.157
G0 X128.142 Y110.148
G1 F1500 E51.14118
G0 F7200 X128.104 Y110.066
G0 X128.314 Y112.631
G1 F1500 E57.64118
G0 F7200 X128.325 Y113.07
G1 F1800 X127.884 Y113.284 E57.64733
G1 X127.884 Y112.829 E57.65304
G1 X128.324 Y112.615 E57.65917
G1 X128.325 Y113.07 E57.66488
G0 F7200 X128.145 Y113.157
G0 X128.142 Y113.148
G1 F1500 E51.16488
G0 F7200 X128.104 Y113.066
G0 X128.314 Y115.631
G1 F1500 E57.66488
G0 F7200 X128.324 Y116.071
G1 F1800 X127.885 Y116.284 E57.671
G1 X127.884 Y115.829 E57.6767
G1 X128.324 Y115.615 E57.68284
G1 X128.324 Y116.071 E57.68856
G0 F7200 X128.144 Y116.158
G0 X128.141 Y116.148
G0 X128.103 Y116.067
G0 X128.314 Y118.631
G0 X128.325 Y119.07
G1 F1800 X127.884 Y119.284 E57.6947
G1 X127.884 Y118.829 E57.70041
G1 X128.324 Y118.615 E57.70655
G1 X128.325 Y119.07 E57.71225
G0 F7200 X128.145 Y119.157
G0 X128.142 Y119.148
G1 F1500 E51.21225
G0 F7200 X128.104 Y119.066
G0 X129.189 Y118.889
G0 X130.81 Y118.89
G0 X132.016 Y118.882
G1 F1500 E57.71225
G0 F7200 X132.116 Y118.829
G1 F1800 X132.116 Y119.284 E57.71796
G1 X131.675 Y119.07 E57.7241
G1 X131.675 Y118.615 E57.72981
G1 X132.116 Y118.829 E57.73596
G0 F7200 X132.116 Y119.029
G0 X132.075 Y119.029
G1 F1500 E51.23596
G0 F7200 X132.016 Y119.029
G0 X132.106 Y116.268
G1 F1500 E57.73596
G0 F7200 X132.116 Y115.829
G1 F1800 X132.116 Y116.284 E57.74166
G1 X131.675 Y116.07 E57.74781
G1 X131.675 Y115.615 E57.75352
G1 X132.116 Y115.829 E57.75966
G0 F7200 X132.116 Y116.029
G0 X132.075 Y116.029
G0 X132.016 Y116.029
G0 X132.105 Y113.268
G0 X132.116 Y112.829
G1 F1800 X132.115 Y113.284 E57.76537
G1 X131.675 Y113.07 E57.7715
G1 X131.676 Y112.615 E57.77721
G1 X132.116 Y112.829 E57.78335
G0 F7200 X132.116 Y113.029
G0 X132.075 Y113.028
G1 F1500 E51.28335
G0 F7200 X132.016 Y113.028
G0 X132.106 Y110.268
G1 F1500 E57.78335
G0 F7200 X132.116 Y109.829
G1 F1800 X132.116 Y110.284 E57.78905
G1 X131.675 Y110.07 E57.7952
G1 X131.676 Y109.615 E57.80091
G1 X132.116 Y109.829 E57.80704
G0 F7200 X132.116 Y110.029
G0 X132.075 Y110.029
;MESH:NONMESH
G0 F600 X132.075 Y110.029 Z15.8
G0 F7200 X132.016 Y110.029
G0 X130.81 Y110.06
G0 X127.038 Y111.636
G0 X124.962 Y111.636
G0 X121.182 Y110.608
G0 X119.04 Y111.633
G0 X116.962 Y111.636
G0 X113.189 Y110.059
G0 X112.072 Y110.081
G0 X112.115 Y110.172
;TIME_ELAPSED:718.628999
;LAYER:78
;TYPE:WALL-OUTER
;MESH:output\A_fina_suporte.stl
G1 F1800 X111.675 Y110.386 E57.81318
G1 X111.675 Y109.931 E57.81888
G1 X112.114 Y109.717 E57.82501
G1 X112.115 Y110.172 E57.83071
G0 F7200 X111.936 Y110.259
G0 X111.932 Y110.25
G1 F1500 E51.33071
G0 F7200 X111.895 Y110.169
G0 X112.104 Y112.733
G1 F1500 E57.83071
G0 F7200 X112.115 Y113.172
G1 F1800 X111.675 Y113.386 E57.83685
G1 X111.675 Y112.931 E57.84255
G1 X112.114 Y112.717 E57.84868
G1 X112.115 Y113.172 E57.85438
G0 F7200 X111.936 Y113.259
G0 X111.932 Y113.25
G0 X111.895 Y113.169
G0 X112.104 Y115.734
G0 X112.114 Y116.173
G1 F1800 X111.676 Y116.386 E57.86049
G1 X111.675 Y115.931 E57.8662
G1 X112.114 Y115.718 E57.87232
G1 X112.114 Y116.173 E57.87802
G0 F7200 X111.935 Y116.26
G0 X111.931 Y116.252
G1 F1500 E51.37802
G0 F7200 X111.893 Y116.17
G0 X112.104 Y118.733
G1 F1500 E57.87802
G0 F7200 X112.115 Y119.172
G1 F1800 X111.675 Y119.386 E57.88416
G1 X111.675 Y118.931 E57.88987
G1 X112.114 Y118.717 E57.89599
G1 X112.115 Y119.172 E57.9017
G0 F7200 X111.936 Y119.259
G0 X111.932 Y119.25
G0 X111.895 Y119.169
G0 X112.979 Y118.992
G0 X115.02 Y118.993
G0 X116.225 Y118.984
G0 X116.325 Y118.931
G1 F1800 X116.325 Y119.386 E57.9074
G1 X115.885 Y119.172 E57.91354
G1 X115.885 Y118.717 E57.91924
G1 X116.325 Y118.931 E57.92538
G0 F7200 X116.325 Y119.131
G0 X116.285 Y119.131
G1 F1500 E51.42538
G0 F7200 X116.225 Y119.131
G0 X116.315 Y116.37
G1 F1500 E57.92538
G0 F7200 X116.325 Y115.931
G1 F1800 X116.325 Y116.386 E57.93108
G1 X115.885 Y116.172 E57.93722
G1 X115.885 Y115.717 E57.94293
G1 X116.325 Y115.931 E57.94906
G0 F7200 X116.325 Y116.131
G0 X116.285 Y116.131
G0 X116.225 Y116.131
G0 X116.314 Y113.37
G0 X116.325 Y112.931
G1 F1800 X116.324 Y113.386 E57.95477
G1 X115.885 Y113.172 E57.96089
G1 X115.886 Y112.717 E57.9666
G1 X116.325 Y112.931 E57.97272
G0 F7200 X116.325 Y113.131
G0 X116.285 Y113.13
G1 F1500 E51.47272
G0 F7200 X116.225 Y113.13
G0 X116.315 Y110.37
G1 F1500 E57.97272
G0 F7200 X116.325 Y109.931
G1 F1800 X116.325 Y110.386 E57.97843
G1 X115.885 Y110.172 E57.98456
G1 X115.886 Y109.717 E57.99027
G1 X116.325 Y109.931 E57.99639
G0 F7200 X116.325 Y110.131
G0 X116.285 Y110.131
G0 X116.225 Y110.131
G0 X118.811 Y110.1
G0 X120.024 Y110.106
G0 X120.114 Y110.173
G1 F1800 X119.676 Y110.386 E58.0025
G1 X119.675 Y109.931 E58.00821
G1 X120.114 Y109.718 E58.01433
G1 X120.114 Y110.173 E58.02003
G0 F7200 X119.935 Y110.26
G0 X119.931 Y110.252
G1 F1500 E51.52003
G0 F7200 X119.893 Y110.17
G0 X120.104 Y112.733
G1 F1500 E58.02003
G0 F7200 X120.115 Y113.172
G1 F1800 X119.676 Y113.386 E58.02616
G1 X119.675 Y112.931 E58.03186
G1 X120.114 Y112.717 E58.03799
G1 X120.115 Y113.172 E58.04369
G0 F7200 X119.936 Y113.259
G0 X119.932 Y113.25
G0 X119.895 Y113.169
G0 X120.104 Y115.733
G0 X120.115 Y116.172
G1 F1800 X119.675 Y116.386 E58.04983
G1 X119.676 Y115.93 E58.05555
G1 X120.114 Y115.717 E58.06166
G1 X120.115 Y116.172 E58.06736
G0 F7200 X119.936 Y116.259
G0 X119.931 Y116.25
G1 F1500 E51.56736
G0 F7200 X119.894 Y116.169
G0 X120.104 Y118.733
G1 F1500 E58.06736
G0 F7200 X120.115 Y119.172
G1 F1800 X119.675 Y119.386 E58.0735
G1 X119.675 Y118.931 E58.0792
G1 X120.114 Y118.717 E58.08533
G1 X120.115 Y119.172 E58.09103
G0 F7200 X119.936 Y119.259
G0 X119.932 Y119.25
G0 X119.895 Y119.169
G0 X120.979 Y118.992
G0 X123.02 Y118.993
G0 X124.225 Y118.984
G0 X124.325 Y118.931
G1 F1800 X124.325 Y119.386 E58.09674
G1 X123.885 Y119.172 E58.10288
G1 X123.885 Y118.717 E58.10858
G1 X124.325 Y118.931 E58.11472
G0 F7200 X124.325 Y119.131
G0 X124.285 Y119.131
G0 X124.225 Y119.131
G0 X124.315 Y116.37
G0 X124.325 Y115.931
G1 F1800 X124.325 Y116.386 E58.12042
G1 X123.885 Y116.172 E58.12656
G1 X123.885 Y115.717 E58.13226
G1 X124.325 Y115.931 E58.1384
G0 F7200 X124.325 Y116.131
G0 X124.285 Y116.131
G1 F1500 E51.6384
G0 F7200 X124.225 Y116.131
G0 X124.314 Y113.37
G1 F1500 E58.1384
G0 F7200 X124.325 Y112.931
G1 F1800 X124.324 Y113.386 E58.14411
G1 X123.885 Y113.172 E58.15023
G1 X123.886 Y112.717 E58.15594
G1 X124.325 Y112.931 E58.16206
G0 F7200 X124.325 Y113.131
G0 X124.285 Y113.13
G0 X124.225 Y113.13
G0 X124.315 Y110.37
G0 X124.325 Y109.931
G1 F1800 X124.325 Y110.386 E58.16777
G1 X123.885 Y110.172 E58.1739
G1 X123.886 Y109.717 E58.17961
G1 X124.325 Y109.931 E58.18573
G0 F7200 X124.325 Y110.131
G0 X124.285 Y110.131
G1 F1500 E51.68573
G0 F7200 X124.225 Y110.131
G0 X126.81 Y110.119
G0 X128.014 Y110.119
G1 F1500 E58.18573
G0 F7200 X128.115 Y110.172
G1 F1800 X127.675 Y110.386 E58.19187
G1 X127.675 Y109.931 E58.19757
G1 X128.114 Y109.717 E58.2037
G1 X128.115 Y110.172 E58.20941
G0 F7200 X127.936 Y110.259
G0 X127.932 Y110.25
G0 X127.895 Y110.169
G0 X128.104 Y112.733
G0 X128.115 Y113.172
G1 F1800 X127.675 Y113.386 E58.21554
G1 X127.675 Y112.931 E58.22125
G1 X128.114 Y112.717 E58.22737
G1 X128.115 Y113.172 E58.23308
G0 F7200 X127.936 Y113.259
G0 X127.932 Y113.25
G1 F1500 E51.73308
G0 F7200 X127.895 Y113.169
G0 X128.104 Y115.734
G1 F1500 E58.23308
G0 F7200 X128.114 Y116.173
G1 F1800 X127.676 Y116.386 E58.23918
G1 X127.675 Y115.931 E58.24489
G1 X128.114 Y115.718 E58.25101
G1 X128.114 Y116.173 E58.25672
G0 F7200 X127.935 Y116.26
G0 X127.931 Y116.252
G0 X127.893 Y116.17
G0 X128.104 Y118.733
G0 X128.115 Y119.172
G1 F1800 X127.675 Y119.386 E58.26285
G1 X127.675 Y118.931 E58.26856
G1 X128.114 Y118.717 E58.27468
G1 X128.115 Y119.172 E58.28039
G0 F7200 X127.936 Y119.259
G0 X127.932 Y119.25
G1 F1500 E51.78039
G0 F7200 X127.895 Y119.169
G0 X128.979 Y118.992
G0 X131.02 Y118.993
G0 X132.225 Y118.984
G1 F1500 E58.28039
G0 F7200 X132.325 Y118.931
G1 F1800 X132.325 Y119.386 E58.28609
G1 X131.885 Y119.172 E58.29223
G1 X131.885 Y118.717 E58.29794
G1 X132.325 Y118.931 E58.30407
G0 F7200 X132.325 Y119.131
G0 X132.285 Y119.131
G0 X132.225 Y119.131
G0 X132.315 Y116.37
G0 X132.325 Y115.931
G1 F1800 X132.325 Y116.386 E58.30978
G1 X131.885 Y116.172 E58.31591
G1 X131.885 Y115.717 E58.32162
G1 X132.325 Y115.931 E58.32775
G0 F7200 X132.325 Y116.131
G0 X132.285 Y116.131
G1 F1500 E51.82775
G0 F7200 X132.225 Y116.131
G0 X132.314 Y113.37
G1 F1500 E58.32775
G0 F7200 X132.325 Y112.931
G1 F1800 X132.324 Y113.386 E58.33346
G1 X131.885 Y113.172 E58.33958
G1 X131.886 Y112.717 E58.34529
G1 X132.325 Y112.931 E58.35141
G0 F7200 X132.325 Y113.131
G0 X132.285 Y113.13
G0 X132.225 Y113.13
G0 X132.315 Y110.37
G0 X132.325 Y109.931
G1 F1800 X132.325 Y110.386 E58.35712
G1 X131.885 Y110.172 E58.36326
G1 X131.886 Y109.717 E58.36896
G1 X132.325 Y109.931 E58.37509
G0 F7200 X132.325 Y110.131
G0 X132.285 Y110.131
G1 F1500 E51.87509
;MESH:NONMESH
G0 F600 X132.285 Y110.131 Z16
G0 F7200 X132.225 Y110.131
G0 X131.02 Y110.162
G0 X126.829 Y111.738
G0 X125.171 Y111.738
G0 X120.972 Y110.71
G0 X118.831 Y111.736
G0 X117.171 Y111.738
G0 X112.979 Y110.161
G0 X111.864 Y110.184
G1 F1500 E58.37509
G0 F7200 X111.905 Y110.274
;TIME_ELAPSED:728.686169
;LAYER:79
;TYPE:WALL-OUTER
;MESH:output\A_fina_suporte.stl
G1 F1800 X111.466 Y110.486 E58.3812
G1 X111.465 Y110.032 E58.38689
G1 X111.904 Y109.819 E58.39301
G1 X111.905 Y110.274 E58.39872
G0 F7200 X111.725 Y110.361
G0 X111.721 Y110.353
G0 X111.682 Y110.27
G0 X111.894 Y112.835
G0 X111.905 Y113.274
G1 F1800 X111.466 Y113.486 E58.40483
G1 X111.465 Y113.032 E58.41053
G1 X111.904 Y112.819 E58.41664
G1 X111.905 Y113.274 E58.42235
G0 F7200 X111.725 Y113.361
G0 X111.721 Y113.353
G0 X111.682 Y113.27
G0 X111.894 Y115.835
G0 X111.904 Y116.275
G1 F1800 X111.466 Y116.487 E58.42845
G1 X111.465 Y116.032 E58.43416
G1 X111.904 Y115.819 E58.44028
G1 X111.904 Y116.275 E58.446
G0 F7200 X111.724 Y116.362
G0 X111.72 Y116.353
G1 F1500 E51.946
G0 F7200 X111.682 Y116.271
G0 X111.894 Y118.835
G1 F1500 E58.446
G0 F7200 X111.905 Y119.274
G1 F1800 X111.466 Y119.486 E58.45211
G1 X111.465 Y119.032 E58.4578
G1 X111.904 Y118.819 E58.46392
G1 X111.905 Y119.274 E58.46963
G0 F7200 X111.725 Y119.361
G0 X111.721 Y119.353
G0 X111.682 Y119.27
G0 X112.769 Y119.092
G0 X115.231 Y119.085
G0 X116.434 Y119.084
G0 X116.534 Y119.032
G1 F1800 X116.535 Y119.488 E58.47535
G1 X116.096 Y119.275 E58.48147
G1 X116.095 Y118.819 E58.48718
G1 X116.534 Y119.032 E58.4933
G0 F7200 X116.534 Y119.232
G0 X116.496 Y119.232
G1 F1500 E51.9933
G0 F7200 X116.434 Y119.231
G0 X116.524 Y116.471
G1 F1500 E58.4933
G0 F7200 X116.534 Y116.032
G1 F1800 X116.534 Y116.487 E58.49901
G1 X116.096 Y116.275 E58.50511
G1 X116.095 Y115.819 E58.51083
G1 X116.534 Y116.032 E58.51695
G0 F7200 X116.534 Y116.232
G0 X116.496 Y116.233
G0 X116.434 Y116.233
G0 X116.525 Y113.472
G0 X116.534 Y113.032
G1 F1800 X116.535 Y113.488 E58.52267
G1 X116.096 Y113.275 E58.52879
G1 X116.096 Y112.819 E58.5345
G1 X116.534 Y113.032 E58.54061
G0 F7200 X116.534 Y113.232
G0 X116.496 Y113.231
G0 X116.434 Y113.23
G0 X116.524 Y110.471
G0 X116.534 Y110.032
G1 F1800 X116.534 Y110.487 E58.54632
G1 X116.096 Y110.275 E58.55242
G1 X116.096 Y109.819 E58.55814
G1 X116.534 Y110.032 E58.56425
G0 F7200 X116.534 Y110.232
G0 X116.496 Y110.232
G1 F1500 E52.06425
G0 F7200 X116.434 Y110.232
G0 X118.601 Y110.202
G0 X119.814 Y110.207
G1 F1500 E58.56425
G0 F7200 X119.904 Y110.275
G1 F1800 X119.466 Y110.487 E58.57035
G1 X119.465 Y110.032 E58.57605
G1 X119.904 Y109.819 E58.58217
G1 X119.904 Y110.275 E58.58789
G0 F7200 X119.724 Y110.362
G0 X119.72 Y110.353
G0 X119.682 Y110.271
G0 X119.894 Y112.835
G0 X119.905 Y113.274
G1 F1800 X119.466 Y113.486 E58.59401
G1 X119.465 Y113.032 E58.5997
G1 X119.904 Y112.819 E58.60582
G1 X119.905 Y113.274 E58.61152
G0 F7200 X119.725 Y113.361
G0 X119.721 Y113.353
G1 F1500 E52.11152
G0 F7200 X119.682 Y113.27
G0 X119.894 Y115.835
G1 F1500 E58.61152
G0 F7200 X119.905 Y116.274
G1 F1800 X119.466 Y116.486 E58.61764
G1 X119.465 Y116.032 E58.62333
G1 X119.904 Y115.819 E58.62945
G1 X119.905 Y116.274 E58.63516
G0 F7200 X119.725 Y116.361
G0 X119.721 Y116.353
G0 X119.682 Y116.27
G0 X119.894 Y118.835
G0 X119.905 Y119.274
G1 F1800 X119.466 Y119.486 E58.64127
G1 X119.465 Y119.032 E58.64696
G1 X119.904 Y118.819 E58.65308
G1 X119.905 Y119.274 E58.65879
G0 F7200 X119.725 Y119.361
G0 X119.721 Y119.353
G0 X119.682 Y119.27
G0 X120.769 Y119.092
G0 X123.231 Y119.085
G0 X124.434 Y119.084
G0 X124.534 Y119.032
G1 F1800 X124.535 Y119.488 E58.66451
G1 X124.096 Y119.275 E58.67062
G1 X124.095 Y118.819 E58.67634
G1 X124.534 Y119.032 E58.68246
G0 F7200 X124.534 Y119.232
G0 X124.496 Y119.232
G1 F1500 E52.18246
G0 F7200 X124.434 Y119.231
G0 X124.524 Y116.471
G1 F1500 E58.68246
G0 F7200 X124.534 Y116.032
G1 F1800 X124.534 Y116.487 E58.68817
G1 X124.096 Y116.275 E58.69427
G1 X124.095 Y115.819 E58.69999
G1 X124.534 Y116.032 E58.70611
G0 F7200 X124.534 Y116.232
G0 X124.496 Y116.233
G0 X124.434 Y116.233
G0 X124.525 Y113.472
G0 X124.534 Y113.032
G1 F1800 X124.535 Y113.488 E58.71183
G1 X124.096 Y113.275 E58.71794
G1 X124.096 Y112.819 E58.72366
G1 X124.534 Y113.032 E58.72977
G0 F7200 X124.534 Y113.232
G0 X124.496 Y113.231
G1 F1500 E52.22977
G0 F7200 X124.434 Y113.23
G0 X124.524 Y110.471
G1 F1500 E58.72977
G0 F7200 X124.534 Y110.032
G1 F1800 X124.534 Y110.487 E58.73548
G1 X124.096 Y110.275 E58.74158
G1 X124.096 Y109.819 E58.7473
G1 X124.534 Y110.032 E58.75341
G0 F7200 X124.534 Y110.232
G0 X124.496 Y110.232
G0 X124.434 Y110.232
G0 X126.601 Y110.215
G0 X127.804 Y110.22
G0 X127.905 Y110.274
G1 F1800 X127.466 Y110.486 E58.75952
G1 X127.465 Y110.032 E58.76521
G1 X127.904 Y109.819 E58.77133
G1 X127.905 Y110.274 E58.77704
G0 F7200 X127.725 Y110.361
G0 X127.721 Y110.353
G0 X127.682 Y110.27
G0 X127.894 Y112.835
G0 X127.905 Y113.274
G1 F1800 X127.466 Y113.486 E58.78315
G1 X127.465 Y113.032 E58.78884
G1 X127.904 Y112.819 E58.79496
G1 X127.905 Y113.274 E58.80067
G0 F7200 X127.725 Y113.361
G0 X127.721 Y113.353
G1 F1500 E52.30067
G0 F7200 X127.682 Y113.27
G0 X127.894 Y115.835
G1 F1500 E58.80067
G0 F7200 X127.904 Y116.275
G1 F1800 X127.466 Y116.487 E58.80677
G1 X127.465 Y116.032 E58.81248
G1 X127.904 Y115.819 E58.8186
G1 X127.904 Y116.275 E58.82431
G0 F7200 X127.724 Y116.362
G0 X127.72 Y116.353
G0 X127.682 Y116.271
G0 X127.894 Y118.835
G0 X127.905 Y119.274
G1 F1800 X127.466 Y119.486 E58.83043
G1 X127.465 Y119.032 E58.83612
G1 X127.904 Y118.819 E58.84224
G1 X127.905 Y119.274 E58.84795
G0 F7200 X127.725 Y119.361
G0 X127.721 Y119.353
G1 F1500 E52.34795
G0 F7200 X127.682 Y119.27
G0 X128.769 Y119.092
G0 X131.231 Y119.085
G0 X132.434 Y119.084
G1 F1500 E58.84795
G0 F7200 X132.534 Y119.032
G1 F1800 X132.535 Y119.488 E58.85366
G1 X132.096 Y119.275 E58.85978
G1 X132.095 Y118.819 E58.8655
G1 X132.534 Y119.032 E58.87162
G0 F7200 X132.534 Y119.232
G0 X132.496 Y119.232
G0 X132.434 Y119.231
G0 X132.524 Y116.471
G0 X132.534 Y116.032
G1 F1800 X132.534 Y116.487 E58.87733
G1 X132.096 Y116.275 E58.88343
G1 X132.095 Y115.819 E58.88915
G1 X132.534 Y116.032 E58.89527
G0 F7200 X132.534 Y116.232
G0 X132.496 Y116.233
G0 X132.434 Y116.233
G0 X132.525 Y113.472
G0 X132.534 Y113.032
G1 F1800 X132.535 Y113.488 E58.90098
G1 X132.096 Y113.275 E58.9071
G1 X132.096 Y112.819 E58.91282
G1 X132.534 Y113.032 E58.91893
G0 F7200 X132.534 Y113.232
G0 X132.496 Y113.231
G1 F1500 E52.41893
G0 F7200 X132.434 Y113.23
G0 X132.524 Y110.471
G1 F1500 E58.91893
G0 F7200 X132.534 Y110.032
G1 F1800 X132.534 Y110.487 E58.92464
G1 X132.096 Y110.275 E58.93074
G1 X132.096 Y109.819 E58.93646
G1 X132.534 Y110.032 E58.94256
G0 F7200 X132.534 Y110.232
G0 X132.496 Y110.232
;MESH:NONMESH
G0 F600 X132.496 Y110.232 Z16.2
G0 F7200 X132.434 Y110.232
G0 X131.231 Y110.091
G0 X126.62 Y111.751
G0 X125.381 Y111.743
G0 X120.762 Y110.813
G0 X119.555 Y111.403
G0 X117.381 Y111.743
G0 X112.769 Y110.263
G0 X111.573 Y110.091
G0 X111.38 Y110.074
;TIME_ELAPSED:737.134472
;LAYER:80
;TYPE:WALL-OUTER
;MESH:output\A_fina_suporte.stl
G1 F1800 X111.694 Y109.921 E58.94694
G1 X111.695 Y110.376 E58.95265
G1 X111.256 Y110.589 E58.95877
G1 X111.255 Y110.122 E58.96463
G1 X111.38 Y110.074 E58.9663
G0 F7200 X111.559 Y109.987
G0 X111.294 Y110.346
G1 F1500 E52.4663
G0 F7200 X111.356 Y110.347
G0 X111.684 Y112.937
G1 F1500 E58.9663
G0 F7200 X111.38 Y113.074
G1 F1800 X111.694 Y112.921 E58.97069
G1 X111.695 Y113.376 E58.97639
G1 X111.256 Y113.589 E58.98251
G1 X111.255 Y113.122 E58.98837
G1 X111.38 Y113.074 E58.99005
G0 F7200 X111.559 Y112.987
G0 X111.294 Y113.346
G0 X111.356 Y113.347
G0 X111.684 Y115.937
G0 X111.38 Y116.074
G1 F1800 X111.694 Y115.921 E58.99443
G1 X111.694 Y116.377 E59.00014
G1 X111.256 Y116.589 E59.00625
G1 X111.255 Y116.122 E59.0121
G1 X111.38 Y116.074 E59.01378
G0 F7200 X111.559 Y115.987
G0 X111.294 Y116.346
G1 F1500 E52.51378
G0 F7200 X111.356 Y116.347
G0 X111.684 Y118.937
G1 F1500 E59.01378
G0 F7200 X111.38 Y119.074
G1 F1800 X111.694 Y118.921 E59.01816
G1 X111.695 Y119.376 E59.02387
G1 X111.256 Y119.589 E59.02999
G1 X111.255 Y119.122 E59.03584
G1 X111.38 Y119.074 E59.03752
G0 F7200 X111.559 Y118.987
G0 X111.294 Y119.346
G1 F1500 E52.53752
G0 F7200 X111.356 Y119.347
G0 X112.559 Y119.174
G0 X115.441 Y119.166
G0 X116.581 Y119.165
G1 F1500 E59.03752
G0 F7200 X116.62 Y119.074
G1 F1800 X116.744 Y119.122 E59.03919
G1 X116.745 Y119.589 E59.04505
G1 X116.306 Y119.377 E59.04862
G1 X116.305 Y118.921 E59.05414
G1 X116.62 Y119.074 E59.05591
G0 F7200 X116.744 Y119.122
G0 X116.744 Y119.19
G0 X116.706 Y119.19
G0 X116.643 Y119.19
G0 X119.271 Y119.133
G0 X119.38 Y119.074
G1 F1800 X119.694 Y118.921 E59.06029
G1 X119.695 Y119.376 E59.066
G1 X119.256 Y119.589 E59.07212
G1 X119.255 Y119.122 E59.07797
G1 X119.38 Y119.074 E59.07965
G0 F7200 X119.559 Y118.987
G0 X119.294 Y119.346
G1 F1500 E52.57965
G0 F7200 X119.356 Y119.347
G0 X119.266 Y116.573
G1 F1500 E59.07965
G0 F7200 X119.38 Y116.074
G1 F1800 X119.694 Y115.921 E59.08403
G1 X119.695 Y116.376 E59.08974
G1 X119.256 Y116.589 E59.09586
G1 X119.255 Y116.122 E59.10172
G1 X119.38 Y116.074 E59.10339
G0 F7200 X119.559 Y115.987
G0 X119.294 Y116.346
G1 F1500 E52.60339
G0 F7200 X119.356 Y116.347
G0 X116.724 Y116.133
G1 F1500 E59.10339
G0 F7200 X116.62 Y116.074
G1 F1800 X116.744 Y116.122 E59.10506
G1 X116.744 Y116.589 E59.11092
G1 X116.306 Y116.377 E59.11448
G1 X116.305 Y115.921 E59.12
G1 X116.62 Y116.074 E59.12178
G0 F7200 X116.744 Y116.122
G0 X116.744 Y116.19
G0 X116.706 Y116.191
G1 F1500 E52.62178
G0 F7200 X116.644 Y116.191
G0 X116.735 Y113.573
G1 F1500 E59.12178
G0 F7200 X116.62 Y113.074
G1 F1800 X116.744 Y113.122 E59.12344
G1 X116.745 Y113.589 E59.1293
G1 X116.306 Y113.377 E59.13287
G1 X116.306 Y112.921 E59.13839
G1 X116.62 Y113.074 E59.14015
G0 F7200 X116.744 Y113.122
G0 X116.744 Y113.19
G0 X116.706 Y113.189
G1 F1500 E52.64015
G0 F7200 X116.643 Y113.189
G0 X119.271 Y113.133
G1 F1500 E59.14015
G0 F7200 X119.38 Y113.074
G1 F1800 X119.694 Y112.921 E59.14453
G1 X119.695 Y113.376 E59.15024
G1 X119.256 Y113.589 E59.15636
G1 X119.255 Y113.122 E59.16222
G1 X119.38 Y113.074 E59.1639
G0 F7200 X119.559 Y112.987
G0 X119.294 Y113.346
G1 F1500 E52.6639
G0 F7200 X119.356 Y113.347
G0 X119.266 Y110.573
G1 F1500 E59.1639
G0 F7200 X119.38 Y110.074
G1 F1800 X119.694 Y109.921 E59.16828
G1 X119.694 Y110.377 E59.17399
G1 X119.256 Y110.589 E59.1801
G1 X119.255 Y110.122 E59.18595
G1 X119.38 Y110.074 E59.18763
G0 F7200 X119.559 Y109.987
G0 X119.294 Y110.346
G1 F1500 E52.68763
G0 F7200 X119.356 Y110.347
G0 X116.724 Y110.133
G1 F1500 E59.18763
G0 F7200 X116.62 Y110.074
G1 F1800 X116.744 Y110.122 E59.1893
G1 X116.744 Y110.589 E59.19516
G1 X116.306 Y110.377 E59.19872
G1 X116.306 Y109.921 E59.20423
G1 X116.62 Y110.074 E59.206
G0 F7200 X116.744 Y110.122
G0 X116.744 Y110.19
G0 X116.706 Y110.19
G1 F1500 E52.706
G0 F7200 X116.643 Y110.19
G0 X118.397 Y109.535
G0 X120.54 Y108.571
G0 X123.441 Y110.165
G0 X124.581 Y110.165
G1 F1500 E59.206
G0 F7200 X124.62 Y110.074
G1 F1800 X124.744 Y110.122 E59.20767
G1 X124.744 Y110.589 E59.21352
G1 X124.306 Y110.377 E59.21709
G1 X124.306 Y109.921 E59.2226
G1 X124.62 Y110.074 E59.22437
G0 F7200 X124.744 Y110.122
G0 X124.744 Y110.19
G0 X124.706 Y110.19
G0 X124.643 Y110.19
G0 X127.271 Y110.133
G0 X127.38 Y110.074
G1 F1800 X127.694 Y109.921 E59.22875
G1 X127.695 Y110.376 E59.23446
G1 X127.256 Y110.589 E59.24058
G1 X127.255 Y110.122 E59.24643
G1 X127.38 Y110.074 E59.24811
G0 F7200 X127.559 Y109.987
G0 X127.294 Y110.346
G1 F1500 E52.74811
G0 F7200 X127.356 Y110.347
G0 X127.684 Y112.937
G1 F1500 E59.24811
G0 F7200 X127.38 Y113.074
G1 F1800 X127.694 Y112.921 E59.25249
G1 X127.695 Y113.376 E59.2582
G1 X127.256 Y113.589 E59.26432
G1 X127.255 Y113.122 E59.27017
G1 X127.38 Y113.074 E59.27185
G0 F7200 X127.559 Y112.987
G0 X127.294 Y113.346
G1 F1500 E52.77185
G0 F7200 X127.356 Y113.347
G0 X124.744 Y113.138
G1 F1500 E59.27185
G0 F7200 X124.62 Y113.074
G1 F1800 X124.744 Y113.122 E59.27352
G1 X124.745 Y113.589 E59.27938
G1 X124.306 Y113.377 E59.28295
G1 X124.306 Y112.921 E59.28846
G1 X124.62 Y113.074 E59.29023
G0 F7200 X124.744 Y113.122
G0 X124.744 Y113.19
G0 X124.706 Y113.189
G1 F1500 E52.79023
G0 F7200 X124.643 Y113.189
G0 X124.315 Y115.937
G1 F1500 E59.29023
G0 F7200 X124.62 Y116.074
G1 F1800 X124.744 Y116.122 E59.2919
G1 X124.744 Y116.589 E59.29775
G1 X124.306 Y116.377 E59.30132
G1 X124.305 Y115.921 E59.30683
G1 X124.62 Y116.074 E59.30861
G0 F7200 X124.744 Y116.122
G0 X124.744 Y116.19
G0 X124.706 Y116.191
G1 F1500 E52.80861
G0 F7200 X124.644 Y116.191
G0 X127.271 Y116.133
G1 F1500 E59.30861
G0 F7200 X127.38 Y116.074
G1 F1800 X127.694 Y115.921 E59.31299
G1 X127.694 Y116.377 E59.31871
G1 X127.256 Y116.589 E59.32481
G1 X127.255 Y116.122 E59.33067
G1 X127.38 Y116.074 E59.33235
G0 F7200 X127.559 Y115.987
G0 X127.294 Y116.346
G1 F1500 E52.83235
G0 F7200 X127.356 Y116.347
G0 X127.684 Y118.937
G1 F1500 E59.33235
G0 F7200 X127.38 Y119.074
G1 F1800 X127.694 Y118.921 E59.33673
G1 X127.695 Y119.376 E59.34243
G1 X127.256 Y119.589 E59.34855
G1 X127.255 Y119.122 E59.35441
G1 X127.38 Y119.074 E59.35609
G0 F7200 X127.559 Y118.987
G0 X127.294 Y119.346
G1 F1500 E52.85609
G0 F7200 X127.356 Y119.347
G0 X124.744 Y119.165
G1 F1500 E59.35609
G0 F7200 X124.62 Y119.074
G1 F1800 X124.744 Y119.122 E59.35776
G1 X124.745 Y119.589 E59.36361
G1 X124.306 Y119.377 E59.36719
G1 X124.305 Y118.921 E59.3727
G1 X124.62 Y119.074 E59.37448
G0 F7200 X124.744 Y119.122
G0 X124.744 Y119.19
G0 X124.706 Y119.19
G1 F1500 E52.87448
G0 F7200 X124.643 Y119.19
G0 X126.397 Y118.535
G0 X128.539 Y117.572
G0 X131.441 Y119.166
G0 X132.581 Y119.165
G1 F1500 E59.37448
G0 F7200 X132.62 Y119.074
G1 F1800 X132.744 Y119.122 E59.37615
G1 X132.745 Y119.589 E59.382
G1 X132.306 Y119.377 E59.38558
G1 X132.305 Y118.921 E59.39109
G1 X132.62 Y119.074 E59.39287
G0 F7200 X132.744 Y119.122
G0 X132.744 Y119.19
G0 X132.706 Y119.19
G0 X132.643 Y119.19
G0 X132.734 Y116.573
G0 X132.62 Y116.074
G1 F1800 X132.744 Y116.122 E59.39454
G1 X132.744 Y116.589 E59.40039
G1 X132.306 Y116.377 E59.40396
G1 X132.305 Y115.921 E59.40947
G1 X132.62 Y116.074 E59.41125
G0 F7200 X132.744 Y116.122
G0 X132.744 Y116.19
G0 X132.706 Y116.191
G1 F1500 E52.91125
G0 F7200 X132.644 Y116.191
G0 X132.735 Y113.573
G1 F1500 E59.41125
G0 F7200 X132.62 Y113.074
G1 F1800 X132.744 Y113.122 E59.41292
G1 X132.745 Y113.589 E59.41878
G1 X132.306 Y113.377 E59.42235
G1 X132.306 Y112.921 E59.42786
G1 X132.62 Y113.074 E59.42963
G0 F7200 X132.744 Y113.122
G0 X132.744 Y113.19
G0 X132.706 Y113.189
G1 F1500 E52.92963
G0 F7200 X132.643 Y113.189
G0 X132.734 Y110.573
G1 F1500 E59.42963
G0 F7200 X132.62 Y110.074
G1 F1800 X132.744 Y110.122 E59.4313
G1 X132.744 Y110.589 E59.43715
G1 X132.306 Y110.377 E59.44072
G1 X132.306 Y109.921 E59.44623
G1 X132.62 Y110.074 E59.448
G0 F7200 X132.744 Y110.122
G0 X132.744 Y110.19
G0 X132.706 Y110.19
G1 F1500 E52.948
;MESH:NONMESH
G0 F600 X132.706 Y110.19 Z16.4
G0 F7200 X132.643 Y110.19
G0 X131.441 Y110.165
G0 X128.539 Y108.572
G0 X115.46 Y108.571
G0 X112.559 Y110.209
G0 X111.419 Y110.165
G1 F1500 E59.448
G0 F7200 X111.38 Y110.074
;TIME_ELAPSED:751.751147
;LAYER:81
;TYPE:WALL-OUTER
;MESH:output\A_fina_suporte.stl
G1 F1800 X111.484 Y110.023 E59.44945
G1 X111.485 Y110.478 E59.45516
G1 X111.225 Y110.604 E59.45878
G1 X111.046 Y110.673 E59.46119
G1 X111.045 Y110.202 E59.46709
G1 X111.38 Y110.074 E59.47159
G0 F7200 X111.484 Y110.023
G0 X111.484 Y110.108
G0 X111.253 Y110.551
G1 F1500 E52.97159
G0 F7200 X111.226 Y110.492
G0 X111.474 Y113.04
G1 F1500 E59.47159
G0 F7200 X111.38 Y113.074
G1 F1800 X111.484 Y113.023 E59.47304
G1 X111.485 Y113.478 E59.47875
G1 X111.225 Y113.604 E59.48237
G1 X111.046 Y113.673 E59.48478
G1 X111.045 Y113.202 E59.49068
G1 X111.38 Y113.074 E59.49518
G0 F7200 X111.484 Y113.023
G0 X111.484 Y113.108
G0 X111.253 Y113.551
G1 F1500 E52.99518
G0 F7200 X111.226 Y113.492
G0 X111.474 Y116.04
G1 F1500 E59.49518
G0 F7200 X111.38 Y116.074
G1 F1800 X111.484 Y116.023 E59.49663
G1 X111.484 Y116.479 E59.50235
G1 X111.225 Y116.604 E59.50596
G1 X111.046 Y116.673 E59.50836
G1 X111.046 Y116.202 E59.51427
G1 X111.38 Y116.074 E59.51876
G0 F7200 X111.484 Y116.023
G0 X111.484 Y116.108
G0 X111.253 Y116.552
G1 F1500 E53.01876
G0 F7200 X111.227 Y116.492
G0 X111.474 Y119.04
G1 F1500 E59.51876
G0 F7200 X111.38 Y119.074
G1 F1800 X111.484 Y119.023 E59.52021
G1 X111.485 Y119.478 E59.52592
G1 X111.225 Y119.604 E59.52954
G1 X111.046 Y119.673 E59.53194
G1 X111.046 Y119.202 E59.53785
G1 X111.38 Y119.074 E59.54234
G0 F7200 X111.484 Y119.023
G0 X111.484 Y119.108
G0 X111.253 Y119.552
G1 F1500 E53.04234
G0 F7200 X111.227 Y119.492
G0 X112.349 Y119.176
G0 X115.651 Y119.167
G1 F1500 E59.54234
G0 F7200 X116.62 Y119.074
G1 F1800 X116.954 Y119.202 E59.54682
G1 X116.954 Y119.673 E59.55273
G1 X116.775 Y119.604 E59.55513
G1 X116.516 Y119.479 E59.55874
G1 X116.515 Y119.023 E59.56446
G1 X116.62 Y119.074 E59.56592
G0 F7200 X116.807 Y119.145
G0 X116.825 Y119.185
G1 F1500 E53.06592
G0 F7200 X116.8 Y119.249
G0 X119.061 Y119.213
G1 F1500 E59.56592
G0 F7200 X119.38 Y119.074
G1 F1800 X119.484 Y119.023 E59.56738
G1 X119.485 Y119.478 E59.57308
G1 X119.225 Y119.604 E59.5767
G1 X119.046 Y119.673 E59.57911
G1 X119.045 Y119.202 E59.58502
G1 X119.38 Y119.074 E59.58951
G0 F7200 X119.484 Y119.023
G0 X119.484 Y119.108
G0 X119.253 Y119.551
G1 F1500 E53.08951
G0 F7200 X119.226 Y119.492
G0 X119.057 Y116.657
G1 F1500 E59.58951
G0 F7200 X119.38 Y116.074
G1 F1800 X119.484 Y116.023 E59.59097
G1 X119.485 Y116.478 E59.59667
G1 X119.225 Y116.604 E59.6003
G1 X119.046 Y116.673 E59.6027
G1 X119.045 Y116.202 E59.60861
G1 X119.38 Y116.074 E59.61311
G0 F7200 X119.484 Y116.023
G0 X119.484 Y116.108
G0 X119.253 Y116.551
G0 X119.226 Y116.492
G0 X116.938 Y116.213
G0 X116.62 Y116.074
G1 F1800 X116.954 Y116.202 E59.61759
G1 X116.955 Y116.673 E59.6235
G1 X116.775 Y116.604 E59.62591
G1 X116.516 Y116.479 E59.62952
G1 X116.515 Y116.023 E59.63524
G1 X116.62 Y116.074 E59.6367
G0 F7200 X116.807 Y116.145
G0 X116.825 Y116.185
G1 F1500 E53.1367
G0 F7200 X116.8 Y116.249
G0 X116.944 Y113.657
G1 F1500 E59.6367
G0 F7200 X116.62 Y113.074
G1 F1800 X116.954 Y113.202 E59.64119
G1 X116.955 Y113.673 E59.6471
G1 X116.775 Y113.604 E59.64951
G1 X116.516 Y113.479 E59.65312
G1 X116.516 Y113.023 E59.65884
G1 X116.62 Y113.074 E59.66029
G0 F7200 X116.807 Y113.145
G0 X116.825 Y113.185
G0 X116.8 Y113.249
G0 X119.061 Y113.213
G0 X119.38 Y113.074
G1 F1800 X119.484 Y113.023 E59.66174
G1 X119.485 Y113.478 E59.66745
G1 X119.225 Y113.604 E59.67107
G1 X119.046 Y113.673 E59.67348
G1 X119.045 Y113.202 E59.67938
G1 X119.38 Y113.074 E59.68388
G0 F7200 X119.484 Y113.023
G0 X119.484 Y113.108
G0 X119.253 Y113.551
G0 X119.226 Y113.492
G0 X119.057 Y110.657
G0 X119.38 Y110.074
G1 F1800 X119.484 Y110.023 E59.68533
G1 X119.484 Y110.479 E59.69105
G1 X119.225 Y110.604 E59.69466
G1 X119.046 Y110.673 E59.69706
G1 X119.045 Y110.202 E59.70297
G1 X119.38 Y110.074 E59.70747
G0 F7200 X119.484 Y110.023
G0 X119.484 Y110.108
G0 X119.253 Y110.552
G1 F1500 E53.20747
G0 F7200 X119.227 Y110.492
G0 X116.938 Y110.213
G1 F1500 E59.70747
G0 F7200 X116.62 Y110.074
G1 F1800 X116.954 Y110.202 E59.71195
G1 X116.955 Y110.673 E59.71786
G1 X116.775 Y110.604 E59.72028
G1 X116.516 Y110.479 E59.72388
G1 X116.516 Y110.023 E59.7296
G1 X116.62 Y110.074 E59.73106
G0 F7200 X116.807 Y110.145
G0 X116.825 Y110.185
G0 X116.8 Y110.249
G0 X117.818 Y110.211
G0 X120.33 Y108.674
G0 X123.651 Y110.213
G0 X124.62 Y110.074
G1 F1800 X124.954 Y110.202 E59.73554
G1 X124.955 Y110.673 E59.74145
G1 X124.775 Y110.604 E59.74386
G1 X124.516 Y110.479 E59.74747
G1 X124.516 Y110.023 E59.75319
G1 X124.62 Y110.074 E59.75464
G0 F7200 X124.807 Y110.145
G0 X124.825 Y110.185
G1 F1500 E53.25464
G0 F7200 X124.8 Y110.249
G0 X127.061 Y110.213
G1 F1500 E59.75464
G0 F7200 X127.38 Y110.074
G1 F1800 X127.484 Y110.023 E59.75609
G1 X127.485 Y110.478 E59.7618
G1 X127.225 Y110.604 E59.76542
G1 X127.046 Y110.673 E59.76783
G1 X127.045 Y110.202 E59.77374
G1 X127.38 Y110.074 E59.77823
G0 F7200 X127.484 Y110.023
G0 X127.484 Y110.108
G0 X127.253 Y110.551
G0 X127.226 Y110.492
G0 X127.474 Y113.04
G0 X127.38 Y113.074
G1 F1800 X127.484 Y113.023 E59.77969
G1 X127.485 Y113.478 E59.78539
G1 X127.225 Y113.604 E59.78901
G1 X127.046 Y113.673 E59.79142
G1 X127.045 Y113.202 E59.79733
G1 X127.38 Y113.074 E59.80182
G0 F7200 X127.484 Y113.023
G0 X127.484 Y113.108
G0 X127.253 Y113.551
G1 F1500 E53.30182
G0 F7200 X127.226 Y113.492
G0 X124.938 Y113.213
G1 F1500 E59.80182
G0 F7200 X124.62 Y113.074
G1 F1800 X124.954 Y113.202 E59.80631
G1 X124.955 Y113.673 E59.81222
G1 X124.775 Y113.604 E59.81463
G1 X124.516 Y113.479 E59.81824
G1 X124.516 Y113.023 E59.82396
G1 X124.62 Y113.074 E59.82541
G0 F7200 X124.807 Y113.145
G0 X124.825 Y113.185
G0 X124.8 Y113.249
G0 X124.525 Y116.039
G0 X124.62 Y116.074
G1 F1800 X124.954 Y116.202 E59.8299
G1 X124.955 Y116.673 E59.8358
G1 X124.775 Y116.604 E59.83822
G1 X124.516 Y116.479 E59.84183
G1 X124.515 Y116.023 E59.84755
G1 X124.62 Y116.074 E59.84901
G0 F7200 X124.807 Y116.145
G0 X124.825 Y116.185
G0 X124.8 Y116.249
G0 X127.066 Y116.213
G0 X127.38 Y116.074
G1 F1800 X127.484 Y116.023 E59.85046
G1 X127.484 Y116.479 E59.85618
G1 X127.225 Y116.604 E59.85979
G1 X127.046 Y116.673 E59.86219
G1 X127.046 Y116.202 E59.8681
G1 X127.38 Y116.074 E59.87258
G0 F7200 X127.484 Y116.023
G0 X127.484 Y116.108
G0 X127.253 Y116.552
G1 F1500 E53.37258
G0 F7200 X127.227 Y116.492
G0 X127.474 Y119.04
G1 F1500 E59.87258
G0 F7200 X127.38 Y119.074
G1 F1800 X127.484 Y119.023 E59.87404
G1 X127.485 Y119.478 E59.87974
G1 X127.225 Y119.604 E59.88337
G1 X127.046 Y119.673 E59.88577
G1 X127.046 Y119.202 E59.89168
G1 X127.38 Y119.074 E59.89616
G0 F7200 X127.484 Y119.023
G0 X127.484 Y119.108
G0 X127.253 Y119.552
G0 X127.227 Y119.492
G0 X124.938 Y119.213
G0 X124.62 Y119.074
G1 F1800 X124.954 Y119.202 E59.90065
G1 X124.955 Y119.673 E59.90656
G1 X124.775 Y119.604 E59.90897
G1 X124.516 Y119.479 E59.91258
G1 X124.515 Y119.023 E59.9183
G1 X124.62 Y119.074 E59.91976
G0 F7200 X124.807 Y119.145
G0 X124.825 Y119.185
G0 X124.8 Y119.249
G0 X125.818 Y119.211
G0 X128.329 Y117.674
G0 X131.651 Y119.198
G0 X132.62 Y119.074
G1 F1800 X132.954 Y119.202 E59.92425
G1 X132.954 Y119.673 E59.93015
G1 X132.775 Y119.604 E59.93256
G1 X132.516 Y119.479 E59.93617
G1 X132.515 Y119.023 E59.94188
G1 X132.62 Y119.074 E59.94335
G0 F7200 X132.807 Y119.145
G0 X132.825 Y119.185
G1 F1500 E53.44335
G0 F7200 X132.8 Y119.249
G0 X132.944 Y116.657
G1 F1500 E59.94335
G0 F7200 X132.62 Y116.074
G1 F1800 X132.954 Y116.202 E59.94783
G1 X132.955 Y116.673 E59.95374
G1 X132.775 Y116.604 E59.95616
G1 X132.516 Y116.479 E59.95976
G1 X132.515 Y116.023 E59.96548
G1 X132.62 Y116.074 E59.96695
G0 F7200 X132.807 Y116.145
G0 X132.825 Y116.185
G0 X132.8 Y116.249
G0 X132.944 Y113.657
G0 X132.62 Y113.074
G1 F1800 X132.954 Y113.202 E59.97143
G1 X132.955 Y113.673 E59.97734
G1 X132.775 Y113.604 E59.97976
G1 X132.516 Y113.479 E59.98336
G1 X132.516 Y113.023 E59.98908
G1 X132.62 Y113.074 E59.99053
G0 F7200 X132.807 Y113.145
G0 X132.825 Y113.185
G1 F1500 E53.49053
G0 F7200 X132.8 Y113.249
G0 X132.944 Y110.657
G1 F1500 E59.99053
G0 F7200 X132.62 Y110.074
G1 F1800 X132.954 Y110.202 E59.99502
G1 X132.955 Y110.673 E60.00093
G1 X132.775 Y110.604 E60.00334
G1 X132.516 Y110.479 E60.00695
G1 X132.516 Y110.023 E60.01267
G1 X132.62 Y110.074 E60.01412
G0 F7200 X132.807 Y110.145
G0 X132.825 Y110.185
;MESH:NONMESH
G0 F600 X132.825 Y110.185 Z16.6
G0 F7200 X132.8 Y110.249
G0 X131.651 Y110.266
G0 X126.198 Y111.796
G0 X119.564 Y111.4
G0 X118.198 Y111.796
G0 X112.349 Y110.311
G0 X111.157 Y110.266
G0 X110.962 Y110.234
;TIME_ELAPSED:762.598947
;LAYER:82
;TYPE:WALL-OUTER
;MESH:output\A_fina_suporte.stl
G1 F1800 X111.275 Y110.114 E60.01832
G1 X111.276 Y110.58 E60.02417
G1 X111.226 Y110.604 E60.02486
G1 X110.836 Y110.754 E60.0301
G1 X110.835 Y110.269 E60.03619
G1 X110.962 Y110.234 E60.03784
G0 F7200 X111.148 Y110.163
G0 X110.875 Y110.536
G1 F1500 E53.53784
G0 F7200 X110.936 Y110.537
G0 X111.264 Y113.13
G1 F1500 E60.03784
G0 F7200 X110.962 Y113.234
G1 F1800 X111.275 Y113.114 E60.04204
G1 X111.276 Y113.58 E60.04789
G1 X111.226 Y113.604 E60.04858
G1 X110.836 Y113.754 E60.05382
G1 X110.835 Y113.269 E60.0599
G1 X110.962 Y113.234 E60.06156
G0 F7200 X111.148 Y113.163
G0 X110.875 Y113.536
G0 X110.936 Y113.537
G0 X111.264 Y116.13
G0 X110.962 Y116.234
G1 F1800 X111.275 Y116.114 E60.06576
G1 X111.275 Y116.58 E60.0716
G1 X111.228 Y116.603 E60.07226
G1 X110.836 Y116.754 E60.07753
G1 X110.836 Y116.268 E60.08362
G1 X110.962 Y116.234 E60.08526
G0 F7200 X111.148 Y116.163
G0 X111.039 Y116.413
;TYPE:SKIN
G1 F1800 X111.076 Y116.45 E60.08559
G0 F7200 X111.132 Y116.597
G0 X111.113 Y116.54
G0 X111.264 Y119.13
G0 X110.962 Y119.234
;TYPE:WALL-OUTER
G1 F1800 X111.275 Y119.114 E60.08979
G1 X111.276 Y119.58 E60.09563
G1 X111.226 Y119.604 E60.09633
G1 X110.836 Y119.754 E60.10157
G1 X110.836 Y119.268 E60.10766
G1 X110.962 Y119.234 E60.1093
G0 F7200 X111.148 Y119.163
G0 X110.875 Y119.536
G1 F1500 E53.6093
G0 F7200 X110.936 Y119.536
G0 X112.14 Y119.34
G0 X115.86 Y119.331
G0 X117.008 Y119.329
G1 F1500 E60.1093
G0 F7200 X117.038 Y119.234
G1 F1800 X117.164 Y119.268 E60.11094
G1 X117.164 Y119.754 E60.11703
G1 X116.772 Y119.603 E60.11991
G1 X116.725 Y119.58 E60.12057
G1 X116.724 Y119.114 E60.12641
G1 X117.038 Y119.234 E60.12809
G0 F7200 X117.164 Y119.268
G0 X117.164 Y119.338
G0 X117.125 Y119.339
G0 X117.062 Y119.343
G0 X118.836 Y119.326
G0 X118.962 Y119.234
G1 F1800 X119.275 Y119.114 E60.13229
G1 X119.276 Y119.58 E60.13813
G1 X119.226 Y119.604 E60.13883
G1 X118.836 Y119.754 E60.14407
G1 X118.835 Y119.269 E60.15015
G1 X118.962 Y119.234 E60.1518
G0 F7200 X119.148 Y119.163
G0 X118.875 Y119.536
G1 F1500 E53.6518
G0 F7200 X118.936 Y119.537
G0 X118.847 Y116.738
G1 F1500 E60.1518
G0 F7200 X118.962 Y116.234
G1 F1800 X119.275 Y116.114 E60.15601
G1 X119.276 Y116.58 E60.16185
G1 X119.226 Y116.604 E60.16255
G1 X118.836 Y116.754 E60.16779
G1 X118.835 Y116.269 E60.17387
G1 X118.962 Y116.234 E60.17552
G0 F7200 X119.148 Y116.163
G0 X118.875 Y116.536
G0 X118.936 Y116.537
G0 X117.164 Y116.329
G0 X117.038 Y116.234
G1 F1800 X117.164 Y116.268 E60.17716
G1 X117.165 Y116.754 E60.18325
G1 X116.772 Y116.603 E60.18614
G1 X116.725 Y116.58 E60.18679
G1 X116.724 Y116.114 E60.19264
G1 X117.038 Y116.234 E60.19431
G0 F7200 X117.164 Y116.268
G0 X117.164 Y116.338
G0 X117.125 Y116.338
G0 X117.062 Y116.343
G0 X117.154 Y113.738
G0 X117.038 Y113.234
G1 F1800 X117.164 Y113.268 E60.19595
G1 X117.165 Y113.754 E60.20204
G1 X116.772 Y113.603 E60.20493
G1 X116.725 Y113.58 E60.20558
G1 X116.725 Y113.114 E60.21143
G1 X117.038 Y113.234 E60.2131
G0 F7200 X117.164 Y113.268
G0 X117.164 Y113.338
G0 X117.125 Y113.337
G0 X117.061 Y113.343
G0 X118.836 Y113.329
G0 X118.962 Y113.234
G1 F1800 X119.275 Y113.114 E60.2173
G1 X119.276 Y113.58 E60.22314
G1 X119.226 Y113.604 E60.22384
G1 X118.836 Y113.754 E60.22908
G1 X118.835 Y113.269 E60.23516
G1 X118.962 Y113.234 E60.23681
G0 F7200 X119.148 Y113.163
G0 X118.875 Y113.536
G1 F1500 E53.73681
G0 F7200 X118.936 Y113.537
G0 X118.847 Y110.738
G1 F1500 E60.23681
G0 F7200 X118.962 Y110.234
G1 F1800 X119.275 Y110.114 E60.24102
G1 X119.275 Y110.58 E60.24686
G1 X119.228 Y110.603 E60.24752
G1 X118.836 Y110.754 E60.25278
G1 X118.835 Y110.269 E60.25887
G1 X118.962 Y110.234 E60.26052
G0 F7200 X119.148 Y110.163
G0 X118.875 Y110.536
G0 X118.936 Y110.537
G0 X117.164 Y110.329
G0 X117.038 Y110.234
G1 F1800 X117.164 Y110.268 E60.26216
G1 X117.165 Y110.754 E60.26825
G1 X116.772 Y110.603 E60.27113
G1 X116.725 Y110.58 E60.27179
G1 X116.725 Y110.114 E60.27763
G1 X117.038 Y110.234 E60.2793
G0 F7200 X117.164 Y110.268
G0 X117.164 Y110.338
G0 X116.968 Y110.463
;TYPE:SKIN
G1 F1800 X116.918 Y110.413 E60.27975
G0 F7200 X116.764 Y110.412
G1 F1500 E53.77975
G0 F7200 X116.825 Y110.412
G0 X118.028 Y110.343
G0 X123.86 Y110.345
G0 X125.008 Y110.329
G1 F1500 E60.27975
G0 F7200 X125.038 Y110.234
;TYPE:WALL-OUTER
G1 F1800 X125.164 Y110.268 E60.28138
G1 X125.165 Y110.754 E60.28748
G1 X124.772 Y110.603 E60.29036
G1 X124.725 Y110.58 E60.29102
G1 X124.725 Y110.114 E60.29686
G1 X125.038 Y110.234 E60.29853
G0 F7200 X125.164 Y110.268
G0 X125.164 Y110.338
G0 X125.125 Y110.337
G0 X125.061 Y110.343
G0 X126.836 Y110.329
G0 X126.962 Y110.234
G1 F1800 X127.275 Y110.114 E60.30273
G1 X127.276 Y110.58 E60.30858
G1 X127.226 Y110.604 E60.30927
G1 X126.836 Y110.754 E60.31451
G1 X126.835 Y110.269 E60.32059
G1 X126.962 Y110.234 E60.32225
G0 F7200 X127.148 Y110.163
G0 X126.875 Y110.536
G1 F1500 E53.82225
G0 F7200 X126.936 Y110.537
G0 X127.264 Y113.13
G1 F1500 E60.32225
G0 F7200 X126.962 Y113.234
G1 F1800 X127.275 Y113.114 E60.32645
G1 X127.276 Y113.58 E60.33229
G1 X127.226 Y113.604 E60.33299
G1 X126.836 Y113.754 E60.33823
G1 X126.835 Y113.269 E60.34431
G1 X126.962 Y113.234 E60.34596
G0 F7200 X127.148 Y113.163
G0 X126.875 Y113.536
G0 X126.936 Y113.537
G0 X125.164 Y113.329
G0 X125.038 Y113.234
G1 F1800 X125.164 Y113.268 E60.3476
G1 X125.165 Y113.754 E60.35369
G1 X124.772 Y113.603 E60.35658
G1 X124.725 Y113.58 E60.35723
G1 X124.725 Y113.114 E60.36308
G1 X125.038 Y113.234 E60.36475
G0 F7200 X125.164 Y113.268
G0 X125.164 Y113.338
G0 X125.125 Y113.337
G1 F1500 E53.86475
G0 F7200 X125.061 Y113.343
G0 X124.735 Y116.13
G1 F1500 E60.36475
G0 F7200 X125.038 Y116.234
G1 F1800 X125.164 Y116.268 E60.36638
G1 X125.165 Y116.754 E60.37248
G1 X124.772 Y116.603 E60.37536
G1 X124.725 Y116.58 E60.37602
G1 X124.724 Y116.114 E60.38186
G1 X125.038 Y116.234 E60.38354
G0 F7200 X125.164 Y116.268
G0 X125.164 Y116.338
G0 X125.125 Y116.338
G0 X125.062 Y116.343
G0 X126.856 Y116.332
G0 X126.962 Y116.234
G1 F1800 X127.275 Y116.114 E60.38774
G1 X127.275 Y116.58 E60.39359
G1 X127.228 Y116.603 E60.39424
G1 X126.836 Y116.754 E60.39951
G1 X126.836 Y116.268 E60.4056
G1 X126.962 Y116.234 E60.40724
G0 F7200 X127.148 Y116.163
G0 X126.875 Y116.536
G1 F1500 E53.90724
G0 F7200 X126.936 Y116.536
G0 X127.264 Y119.13
G1 F1500 E60.40724
G0 F7200 X126.962 Y119.234
G1 F1800 X127.275 Y119.114 E60.41144
G1 X127.276 Y119.58 E60.41729
G1 X127.226 Y119.604 E60.41798
G1 X126.836 Y119.754 E60.42322
G1 X126.836 Y119.268 E60.42932
G1 X126.962 Y119.234 E60.43095
G0 F7200 X127.148 Y119.163
G0 X127.047 Y119.411
;TYPE:SKIN
G1 F1800 X127.08 Y119.443 E60.43124
G0 F7200 X127.236 Y119.442
G0 X127.175 Y119.441
G0 X125.164 Y119.332
G0 X125.038 Y119.234
;TYPE:WALL-OUTER
G1 F1800 X125.164 Y119.268 E60.43288
G1 X125.165 Y119.754 E60.43897
G1 X124.772 Y119.603 E60.44186
G1 X124.725 Y119.58 E60.44252
G1 X124.724 Y119.114 E60.44836
G1 X125.038 Y119.234 E60.45003
G0 F7200 X125.164 Y119.268
G0 X125.164 Y119.338
G0 X125.125 Y119.338
G0 X125.062 Y119.343
G0 X131.86 Y119.33
G0 X133.008 Y119.329
G0 X133.038 Y119.234
G1 F1800 X133.164 Y119.268 E60.45167
G1 X133.164 Y119.754 E60.45777
G1 X132.772 Y119.603 E60.46064
G1 X132.725 Y119.58 E60.4613
G1 X132.724 Y119.114 E60.46714
G1 X133.038 Y119.234 E60.46882
G0 F7200 X133.164 Y119.268
G0 X133.164 Y119.338
G0 X133.125 Y119.339
G1 F1500 E53.96882
G0 F7200 X133.062 Y119.343
G0 X133.154 Y116.738
G1 F1500 E60.46882
G0 F7200 X133.038 Y116.234
G1 F1800 X133.164 Y116.268 E60.47046
G1 X133.165 Y116.754 E60.47655
G1 X132.772 Y116.603 E60.47944
G1 X132.725 Y116.58 E60.48009
G1 X132.724 Y116.114 E60.48594
G1 X133.038 Y116.234 E60.48761
G0 F7200 X133.164 Y116.268
G0 X133.164 Y116.338
G0 X133.125 Y116.338
G0 X133.062 Y116.343
G0 X133.154 Y113.738
G0 X133.038 Y113.234
G1 F1800 X133.164 Y113.268 E60.48925
G1 X133.165 Y113.754 E60.49534
G1 X132.772 Y113.603 E60.49823
G1 X132.725 Y113.58 E60.49888
G1 X132.725 Y113.114 E60.50473
G1 X133.038 Y113.234 E60.5064
G0 F7200 X133.164 Y113.268
G0 X133.164 Y113.338
G0 X132.968 Y113.452
;TYPE:SKIN
G1 F1800 X132.919 Y113.402 E60.50683
G0 F7200 X132.764 Y113.401
G1 F1500 E54.00683
G0 F7200 X132.825 Y113.401
G0 X133.154 Y110.738
G1 F1500 E60.50683
G0 F7200 X133.038 Y110.234
;TYPE:WALL-OUTER
G1 F1800 X133.164 Y110.268 E60.50847
G1 X133.165 Y110.754 E60.51457
G1 X132.772 Y110.603 E60.51745
G1 X132.725 Y110.58 E60.51811
G1 X132.725 Y110.114 E60.52395
G1 X133.038 Y110.234 E60.52562
G0 F7200 X133.164 Y110.268
G0 X133.164 Y110.338
G0 X133.125 Y110.337
;MESH:NONMESH
G0 F600 X133.125 Y110.337 Z16.8
G0 F7200 X133.061 Y110.343
G0 X131.86 Y110.329
G0 X125.988 Y111.861
G0 X119.106 Y111.577
G0 X118.015 Y111.865
G0 X112.14 Y110.374
G0 X110.993 Y110.329
G0 X110.962 Y110.234
;TIME_ELAPSED:771.812612
;LAYER:83
;TYPE:WALL-OUTER
;MESH:output\A_fina_suporte.stl
G1 F1800 X111.065 Y110.195 E60.527
G1 X111.066 Y110.665 E60.53289
G1 X110.832 Y110.756 E60.53604
G1 X110.617 Y110.812 E60.53883
G1 X110.616 Y110.327 E60.54491
G1 X110.962 Y110.234 E60.5494
G0 F7200 X111.065 Y110.195
G0 X111.065 Y110.285
G0 X110.775 Y110.698
G1 F1500 E54.0494
G0 F7200 X110.769 Y110.67
G0 X111.054 Y113.211
G1 F1500 E60.5494
G0 F7200 X110.962 Y113.234
G1 F1800 X111.065 Y113.195 E60.55078
G1 X111.065 Y113.666 E60.55669
G1 X110.834 Y113.755 E60.5598
G1 X110.617 Y113.813 E60.56261
G1 X110.617 Y113.327 E60.56871
G1 X110.962 Y113.234 E60.57319
G0 F7200 X111.065 Y113.195
G0 X111.065 Y113.285
G0 X110.776 Y113.699
G0 X110.77 Y113.669
G0 X111.054 Y116.211
G0 X110.962 Y116.234
G1 F1800 X111.065 Y116.195 E60.57457
G1 X111.066 Y116.665 E60.58046
G1 X110.832 Y116.756 E60.58361
G1 X110.617 Y116.812 E60.5864
G1 X110.616 Y116.327 E60.59248
G1 X110.962 Y116.234 E60.59697
G0 F7200 X111.065 Y116.195
G0 X111.065 Y116.285
G0 X110.775 Y116.698
G1 F1500 E54.09697
G0 F7200 X110.769 Y116.67
G0 X111.054 Y119.211
G1 F1500 E60.59697
G0 F7200 X110.962 Y119.234
G1 F1800 X111.065 Y119.195 E60.59835
G1 X111.066 Y119.665 E60.60425
G1 X110.834 Y119.755 E60.60737
G1 X110.617 Y119.813 E60.61018
G1 X110.617 Y119.327 E60.61628
G1 X110.962 Y119.234 E60.62076
G0 F7200 X111.065 Y119.195
G0 X111.065 Y119.285
G0 X110.776 Y119.699
G0 X110.77 Y119.669
G0 X111.93 Y119.34
G0 X116.07 Y119.341
G0 X117.038 Y119.234
G1 F1800 X117.383 Y119.327 E60.62524
G1 X117.383 Y119.813 E60.63134
G1 X117.166 Y119.755 E60.63415
G1 X116.935 Y119.666 E60.63726
G1 X116.935 Y119.195 E60.64316
G1 X117.038 Y119.234 E60.64454
G0 F7200 X117.231 Y119.286
G0 X117.248 Y119.357
G1 F1500 E54.14454
G0 F7200 X117.238 Y119.391
G0 X118.637 Y119.328
G1 F1500 E60.64454
G0 F7200 X118.962 Y119.234
G1 F1800 X119.065 Y119.195 E60.64593
G1 X119.066 Y119.665 E60.65182
G1 X118.834 Y119.755 E60.65494
G1 X118.617 Y119.813 E60.65776
G1 X118.617 Y119.327 E60.66385
G1 X118.962 Y119.234 E60.66833
G0 F7200 X119.065 Y119.195
G0 X119.065 Y119.285
G0 X118.776 Y119.699
G0 X118.77 Y119.669
G0 X118.629 Y116.797
G0 X118.962 Y116.234
G1 F1800 X119.065 Y116.195 E60.66971
G1 X119.066 Y116.665 E60.67561
G1 X118.832 Y116.756 E60.67876
G1 X118.617 Y116.812 E60.68154
G1 X118.616 Y116.327 E60.68762
G1 X118.962 Y116.234 E60.69212
G0 F7200 X119.065 Y116.195
G0 X119.065 Y116.285
G0 X118.863 Y116.461
;TYPE:SKIN
G1 F1800 X118.81 Y116.514 E60.69259
G0 F7200 X118.665 Y116.514
G1 F1500 E54.19259
G0 F7200 X118.717 Y116.515
G0 X117.383 Y116.341
G1 F1500 E60.69259
G0 F7200 X117.038 Y116.234
;TYPE:WALL-OUTER
G1 F1800 X117.383 Y116.327 E60.69707
G1 X117.384 Y116.813 E60.70316
G1 X117.166 Y116.755 E60.70599
G1 X116.935 Y116.666 E60.7091
G1 X116.935 Y116.195 E60.715
G1 X117.038 Y116.234 E60.71638
G0 F7200 X117.231 Y116.286
G0 X117.159 Y116.468
;TYPE:SKIN
G1 F1800 X117.129 Y116.498 E60.71665
G0 F7200 X116.983 Y116.497
G0 X117.035 Y116.497
G0 X117.371 Y113.798
G0 X117.038 Y113.234
;TYPE:WALL-OUTER
G1 F1800 X117.383 Y113.327 E60.72113
G1 X117.383 Y113.813 E60.72723
G1 X117.166 Y113.755 E60.73004
G1 X116.935 Y113.666 E60.73315
G1 X116.935 Y113.195 E60.73905
G1 X117.038 Y113.234 E60.74043
G0 F7200 X117.231 Y113.286
G0 X117.248 Y113.357
G1 F1500 E54.24043
G0 F7200 X117.238 Y113.391
G0 X118.637 Y113.329
G1 F1500 E60.74043
G0 F7200 X118.962 Y113.234
G1 F1800 X119.065 Y113.195 E60.74182
G1 X119.065 Y113.666 E60.74772
G1 X118.834 Y113.755 E60.75083
G1 X118.617 Y113.813 E60.75364
G1 X118.617 Y113.327 E60.75974
G1 X118.962 Y113.234 E60.76422
G0 F7200 X119.065 Y113.195
G0 X119.065 Y113.285
G0 X118.776 Y113.699
G0 X118.77 Y113.669
G0 X118.629 Y110.797
G0 X118.962 Y110.234
G1 F1800 X119.065 Y110.195 E60.7656
G1 X119.066 Y110.665 E60.77149
G1 X118.832 Y110.756 E60.77464
G1 X118.617 Y110.812 E60.77743
G1 X118.616 Y110.327 E60.78351
G1 X118.962 Y110.234 E60.788
G0 F7200 X119.065 Y110.195
G0 X119.065 Y110.285
G0 X118.87 Y110.515
;TYPE:SKIN
G1 F1800 X118.842 Y110.543 E60.78825
G0 F7200 X118.854 Y110.677
G0 X118.842 Y110.645
G0 X117.383 Y110.341
G0 X117.038 Y110.234
;TYPE:WALL-OUTER
G1 F1800 X117.383 Y110.327 E60.79273
G1 X117.384 Y110.813 E60.79883
G1 X117.166 Y110.755 E60.80166
G1 X116.935 Y110.666 E60.80476
G1 X116.935 Y110.195 E60.81067
G1 X117.038 Y110.234 E60.81205
G0 F7200 X117.231 Y110.286
G0 X117.186 Y110.501
;TYPE:SKIN
G1 F1800 X117.148 Y110.539 E60.81239
G0 F7200 X117.134 Y110.673
G0 X117.148 Y110.641
G0 X117.644 Y109.501
G0 X119.911 Y108.963
G0 X124.07 Y110.344
G0 X125.038 Y110.234
;TYPE:WALL-OUTER
G1 F1800 X125.383 Y110.327 E60.81687
G1 X125.384 Y110.813 E60.82296
G1 X125.166 Y110.755 E60.82579
G1 X124.935 Y110.666 E60.82889
G1 X124.935 Y110.195 E60.8348
G1 X125.038 Y110.234 E60.83618
G0 F7200 X125.231 Y110.286
G0 X125.248 Y110.357
G0 X125.238 Y110.391
G0 X126.631 Y110.339
G0 X126.962 Y110.234
G1 F1800 X127.065 Y110.195 E60.83756
G1 X127.066 Y110.665 E60.84346
G1 X126.832 Y110.756 E60.84661
G1 X126.617 Y110.812 E60.84939
G1 X126.616 Y110.327 E60.85547
G1 X126.962 Y110.234 E60.85997
G0 F7200 X127.065 Y110.195
G0 X127.065 Y110.285
G0 X126.775 Y110.698
G0 X126.769 Y110.67
G0 X127.054 Y113.211
G0 X126.962 Y113.234
G1 F1800 X127.065 Y113.195 E60.86135
G1 X127.065 Y113.666 E60.86725
G1 X126.834 Y113.755 E60.87036
G1 X126.617 Y113.813 E60.87318
G1 X126.617 Y113.327 E60.87927
G1 X126.962 Y113.234 E60.88375
G0 F7200 X127.065 Y113.195
G0 X127.065 Y113.285
G0 X126.776 Y113.699
G0 X126.77 Y113.669
G0 X125.363 Y113.329
G0 X125.038 Y113.234
G1 F1800 X125.383 Y113.327 E60.88823
G1 X125.383 Y113.813 E60.89433
G1 X125.166 Y113.755 E60.89714
G1 X124.935 Y113.666 E60.90025
G1 X124.935 Y113.195 E60.90615
G1 X125.038 Y113.234 E60.90754
G0 F7200 X125.231 Y113.286
G0 X125.248 Y113.357
G0 X125.238 Y113.391
G0 X124.946 Y116.211
G0 X125.038 Y116.234
G1 F1800 X125.383 Y116.327 E60.91202
G1 X125.384 Y116.813 E60.91811
G1 X125.166 Y116.755 E60.92094
G1 X124.935 Y116.666 E60.92404
G1 X124.935 Y116.195 E60.92995
G1 X125.038 Y116.234 E60.93133
G0 F7200 X125.231 Y116.286
G0 X125.248 Y116.357
G0 X125.238 Y116.391
G0 X126.631 Y116.339
G0 X126.962 Y116.234
G1 F1800 X127.065 Y116.195 E60.93271
G1 X127.066 Y116.665 E60.93861
G1 X126.832 Y116.756 E60.94176
G1 X126.617 Y116.812 E60.94454
G1 X126.616 Y116.327 E60.95062
G1 X126.962 Y116.234 E60.95512
G0 F7200 X127.065 Y116.195
G0 X127.065 Y116.285
G0 X126.775 Y116.698
G0 X126.769 Y116.67
G0 X127.054 Y119.211
G0 X126.962 Y119.234
G1 F1800 X127.065 Y119.195 E60.9565
G1 X127.066 Y119.665 E60.96239
G1 X126.834 Y119.755 E60.96551
G1 X126.617 Y119.813 E60.96833
G1 X126.617 Y119.327 E60.97442
G1 X126.962 Y119.234 E60.9789
G0 F7200 X127.065 Y119.195
G0 X127.065 Y119.285
G0 X126.87 Y119.485
;TYPE:SKIN
G1 F1800 X126.811 Y119.544 E60.97943
G0 F7200 X126.665 Y119.543
G0 X126.717 Y119.543
G0 X125.363 Y119.329
G0 X125.038 Y119.234
;TYPE:WALL-OUTER
G1 F1800 X125.383 Y119.327 E60.98391
G1 X125.383 Y119.813 E60.99
G1 X125.166 Y119.755 E60.99282
G1 X124.935 Y119.666 E60.99592
G1 X124.935 Y119.195 E61.00183
G1 X125.038 Y119.234 E61.00321
G0 F7200 X125.231 Y119.286
G0 X125.183 Y119.475
;TYPE:SKIN
G1 F1800 X125.129 Y119.529 E61.00369
G0 F7200 X124.983 Y119.529
G0 X125.035 Y119.529
G0 X125.644 Y118.501
G0 X127.911 Y117.963
G0 X132.07 Y119.329
G0 X133.038 Y119.234
;TYPE:WALL-OUTER
G1 F1800 X133.383 Y119.327 E61.00817
G1 X133.383 Y119.813 E61.01427
G1 X133.166 Y119.755 E61.01708
G1 X132.935 Y119.666 E61.02019
G1 X132.935 Y119.195 E61.02609
G1 X133.038 Y119.234 E61.02748
G0 F7200 X133.231 Y119.286
G0 X133.248 Y119.357
G0 X133.238 Y119.391
G0 X133.372 Y116.798
G0 X133.038 Y116.234
G1 F1800 X133.383 Y116.327 E61.03196
G1 X133.384 Y116.813 E61.03805
G1 X133.166 Y116.755 E61.04088
G1 X132.935 Y116.666 E61.04398
G1 X132.935 Y116.195 E61.04989
G1 X133.038 Y116.234 E61.05127
G0 F7200 X133.231 Y116.286
G0 X133.248 Y116.357
G0 X133.238 Y116.391
G0 X133.371 Y113.798
G0 X133.038 Y113.234
G1 F1800 X133.383 Y113.327 E61.05575
G1 X133.383 Y113.813 E61.06185
G1 X133.166 Y113.755 E61.06466
G1 X132.935 Y113.666 E61.06777
G1 X132.935 Y113.195 E61.07367
G1 X133.038 Y113.234 E61.07506
G0 F7200 X133.231 Y113.286
G0 X133.167 Y113.471
;TYPE:SKIN
G1 F1800 X133.129 Y113.509 E61.07539
G0 F7200 X132.983 Y113.509
G0 X133.035 Y113.509
G0 X133.372 Y110.798
G0 X133.038 Y110.234
;TYPE:WALL-OUTER
G1 F1800 X133.383 Y110.327 E61.07987
G1 X133.384 Y110.813 E61.08597
G1 X133.166 Y110.755 E61.0888
G1 X132.935 Y110.666 E61.0919
G1 X132.935 Y110.195 E61.09781
G1 X133.038 Y110.234 E61.09919
G0 F7200 X133.231 Y110.286
G0 X133.248 Y110.357
;MESH:NONMESH
G0 F600 X133.248 Y110.357 Z17
G0 F7200 X133.238 Y110.391
G0 X132.07 Y110.4
G0 X126.235 Y111.833
G0 X117.768 Y111.826
G0 X111.93 Y110.445
G0 X110.73 Y110.4
G0 X110.541 Y110.347
;TIME_ELAPSED:778.406290
;LAYER:84
;TYPE:WALL-OUTER
;MESH:output\A_fina_suporte.stl
G1 F1800 X110.855 Y110.263 E61.10327
G1 X110.856 Y110.746 E61.10932
G1 X110.834 Y110.755 E61.10962
G1 X110.464 Y110.854 E61.11442
G1 X110.269 Y110.884 E61.1169
G1 X110.2 Y110.89 E61.11777
G1 X110.2 Y110.393 E61.124
G1 X110.325 Y110.38 E61.12557
G1 X110.541 Y110.347 E61.12832
G0 F7200 X110.734 Y110.296
G0 X110.544 Y110.544
;TYPE:SKIN
G1 F1800 X110.611 Y110.611 E61.12891
G0 F7200 X110.622 Y110.738
G0 X110.617 Y110.71
G0 X110.843 Y113.278
G0 X110.541 Y113.347
;TYPE:WALL-OUTER
G1 F1800 X110.855 Y113.263 E61.13299
G1 X110.855 Y113.747 E61.13905
G1 X110.837 Y113.754 E61.1393
G1 X110.464 Y113.854 E61.14414
G1 X110.269 Y113.884 E61.14661
G1 X110.2 Y113.89 E61.14748
G1 X110.2 Y113.393 E61.15372
G1 X110.325 Y113.38 E61.15529
G1 X110.541 Y113.347 E61.15803
G0 F7200 X110.734 Y113.296
G0 X110.447 Y113.558
;TYPE:SKIN
G1 F1800 X110.522 Y113.634 E61.1587
G0 F7200 X110.519 Y113.756
G0 X110.516 Y113.737
G0 X110.843 Y116.278
G0 X110.541 Y116.347
;TYPE:WALL-OUTER
G1 F1800 X110.855 Y116.263 E61.16278
G1 X110.856 Y116.746 E61.16883
G1 X110.834 Y116.755 E61.16913
G1 X110.464 Y116.854 E61.17394
G1 X110.269 Y116.884 E61.17641
G1 X110.2 Y116.89 E61.17728
G1 X110.2 Y116.393 E61.18351
G1 X110.325 Y116.38 E61.18509
G1 X110.541 Y116.347 E61.18783
G0 F7200 X110.734 Y116.296
G0 X110.626 Y116.566
;TYPE:SKIN
G1 F1800 X110.414 Y116.637 E61.18874
G0 F7200 X110.548 Y116.418
G0 X110.552 Y116.447
G0 X110.843 Y119.278
G0 X110.541 Y119.347
;TYPE:WALL-OUTER
G1 F1800 X110.855 Y119.263 E61.19282
G1 X110.856 Y119.746 E61.19888
G1 X110.834 Y119.755 E61.19918
G1 X110.464 Y119.854 E61.20398
G1 X110.269 Y119.884 E61.20645
G1 X110.2 Y119.89 E61.20732
G1 X110.2 Y119.393 E61.21355
G1 X110.325 Y119.38 E61.21513
G1 X110.541 Y119.347 E61.21787
G0 F7200 X110.734 Y119.296
G0 X110.499 Y119.55
;TYPE:SKIN
G1 F1800 X110.57 Y119.621 E61.2185
G0 F7200 X110.567 Y119.749
G0 X110.563 Y119.724
G0 X111.72 Y119.458
G0 X116.28 Y119.459
G0 X118.561 Y119.444
G0 X118.541 Y119.347
;TYPE:WALL-OUTER
G1 F1800 X118.855 Y119.263 E61.22258
G1 X118.856 Y119.746 E61.22863
G1 X118.834 Y119.755 E61.22893
G1 X118.464 Y119.854 E61.23373
G1 X118.269 Y119.884 E61.23621
G1 X118.189 Y119.892 E61.23722
G1 X117.908 Y119.898 E61.24074
G1 X117.812 Y119.892 E61.24195
G1 X117.731 Y119.884 E61.24297
G1 X117.536 Y119.854 E61.24544
G1 X117.163 Y119.754 E61.25028
G1 X117.145 Y119.747 E61.25053
G1 X117.145 Y119.263 E61.2566
G1 X117.459 Y119.347 E61.26067
G1 X117.675 Y119.38 E61.26341
G1 X117.784 Y119.391 E61.26479
G1 X117.896 Y119.398 E61.26619
G1 X118.212 Y119.392 E61.27016
G1 X118.325 Y119.38 E61.27158
G1 X118.541 Y119.347 E61.27432
G0 F7200 X118.734 Y119.296
G0 X118.468 Y119.599
;TYPE:SKIN
G1 F1800 X118.222 Y119.636 E61.27537
G1 X117.641 Y119.621 E61.27782
G0 F7200 X117.631 Y119.466
G0 X117.629 Y119.474
G0 X118.267 Y116.865
G0 X118.541 Y116.347
;TYPE:WALL-OUTER
G1 F1800 X118.855 Y116.263 E61.28189
G1 X118.856 Y116.746 E61.28795
G1 X118.834 Y116.755 E61.28825
G1 X118.464 Y116.854 E61.29305
G1 X118.269 Y116.884 E61.29553
G1 X118.189 Y116.892 E61.29653
G1 X117.908 Y116.898 E61.30006
G1 X117.812 Y116.892 E61.30127
G1 X117.731 Y116.884 E61.30229
G1 X117.536 Y116.854 E61.30476
G1 X117.163 Y116.754 E61.3096
G1 X117.145 Y116.747 E61.30985
G1 X117.145 Y116.263 E61.31592
G1 X117.459 Y116.347 E61.31999
G1 X117.675 Y116.38 E61.32273
G1 X117.784 Y116.391 E61.32411
G1 X117.896 Y116.398 E61.32551
G1 X118.212 Y116.392 E61.32948
G1 X118.325 Y116.38 E61.3309
G1 X118.541 Y116.347 E61.33364
G0 F7200 X118.734 Y116.296
G0 X118.56 Y116.58
;TYPE:SKIN
G1 F1800 X118.323 Y116.626 E61.33456
G1 X117.431 Y116.582 E61.33797
G0 F7200 X117.407 Y116.406
G1 F1500 E54.83797
G0 F7200 X117.4 Y116.434
G0 X117.832 Y113.874
G1 F1500 E61.33797
G0 F7200 X118.541 Y113.347
;TYPE:WALL-OUTER
G1 F1800 X118.855 Y113.263 E61.34205
G1 X118.855 Y113.747 E61.34812
G1 X118.837 Y113.754 E61.34836
G1 X118.464 Y113.854 E61.3532
G1 X118.269 Y113.884 E61.35568
G1 X118.189 Y113.892 E61.35668
G1 X117.908 Y113.898 E61.36021
G1 X117.812 Y113.892 E61.36141
G1 X117.731 Y113.884 E61.36244
G1 X117.536 Y113.854 E61.36491
G1 X117.163 Y113.754 E61.36975
G1 X117.145 Y113.747 E61.36999
G1 X117.145 Y113.263 E61.37606
G1 X117.459 Y113.347 E61.38014
G1 X117.675 Y113.38 E61.38288
G1 X117.784 Y113.391 E61.38425
G1 X117.896 Y113.398 E61.38566
G1 X118.212 Y113.392 E61.38962
G1 X118.325 Y113.38 E61.39105
G1 X118.541 Y113.347 E61.39379
G0 F7200 X118.734 Y113.296
G0 X118.638 Y113.547
;TYPE:SKIN
G1 F1800 X118.419 Y113.61 E61.39464
G1 X117.571 Y113.611 E61.39781
G0 F7200 X117.563 Y113.448
G1 F1500 E54.89781
G0 F7200 X117.56 Y113.463
G0 X118.267 Y110.865
G1 F1500 E61.39781
G0 F7200 X118.541 Y110.347
;TYPE:WALL-OUTER
G1 F1800 X118.855 Y110.263 E61.40188
G1 X118.856 Y110.746 E61.40794
G1 X118.834 Y110.755 E61.40824
G1 X118.464 Y110.854 E61.41304
G1 X118.269 Y110.884 E61.41552
G1 X118.189 Y110.892 E61.41653
G1 X117.908 Y110.898 E61.42005
G1 X117.812 Y110.892 E61.42126
G1 X117.731 Y110.884 E61.42228
G1 X117.536 Y110.854 E61.42475
G1 X117.163 Y110.754 E61.42959
G1 X117.145 Y110.747 E61.42984
G1 X117.145 Y110.263 E61.43591
G1 X117.459 Y110.347 E61.43998
G1 X117.675 Y110.38 E61.44272
G1 X117.784 Y110.391 E61.4441
G1 X117.896 Y110.398 E61.4455
G1 X118.212 Y110.392 E61.44947
G1 X118.325 Y110.38 E61.45089
G1 X118.541 Y110.347 E61.45363
G0 F7200 X118.734 Y110.296
G0 X118.511 Y110.591
;TYPE:SKIN
G1 F1800 X118.27 Y110.633 E61.45448
G1 X117.372 Y110.583 E61.45759
G0 F7200 X117.513 Y110.76
G1 F1500 E54.95759
G0 F7200 X117.517 Y110.746
G0 X118.855 Y110.459
G0 X124.28 Y110.459
G0 X126.561 Y110.444
G1 F1500 E61.45759
G0 F7200 X126.541 Y110.347
;TYPE:WALL-OUTER
G1 F1800 X126.855 Y110.263 E61.46167
G1 X126.856 Y110.746 E61.46773
G1 X126.834 Y110.755 E61.46802
G1 X126.464 Y110.854 E61.47283
G1 X126.269 Y110.884 E61.4753
G1 X126.188 Y110.892 E61.47632
G1 X126.092 Y110.898 E61.47753
G1 X125.812 Y110.892 E61.48104
G1 X125.731 Y110.884 E61.48206
G1 X125.536 Y110.854 E61.48454
G1 X125.163 Y110.754 E61.48938
G1 X125.145 Y110.747 E61.48962
G1 X125.145 Y110.263 E61.49569
G1 X125.459 Y110.347 E61.49977
G1 X125.675 Y110.38 E61.50251
G1 X125.788 Y110.392 E61.50393
G1 X126.104 Y110.398 E61.50789
G1 X126.216 Y110.391 E61.5093
G1 X126.325 Y110.38 E61.51068
G1 X126.541 Y110.347 E61.51342
G0 F7200 X126.734 Y110.296
G0 X126.444 Y110.605
;TYPE:SKIN
G1 F1800 X126.196 Y110.639 E61.51448
G1 X125.607 Y110.617 E61.51697
G0 F7200 X125.599 Y110.458
G1 F1500 E55.01697
G0 F7200 X125.597 Y110.469
G0 X126.843 Y113.278
G1 F1500 E61.51697
G0 F7200 X126.541 Y113.347
;TYPE:WALL-OUTER
G1 F1800 X126.855 Y113.263 E61.52105
G1 X126.855 Y113.747 E61.52712
G1 X126.837 Y113.754 E61.52736
G1 X126.464 Y113.854 E61.5322
G1 X126.269 Y113.884 E61.53467
G1 X126.188 Y113.892 E61.53569
G1 X126.092 Y113.898 E61.5369
G1 X125.812 Y113.892 E61.54041
G1 X125.731 Y113.884 E61.54143
G1 X125.536 Y113.854 E61.54391
G1 X125.163 Y113.754 E61.54875
G1 X125.145 Y113.747 E61.54899
G1 X125.145 Y113.263 E61.55506
G1 X125.459 Y113.347 E61.55914
G1 X125.675 Y113.38 E61.56188
G1 X125.788 Y113.392 E61.5633
G1 X126.104 Y113.398 E61.56727
G1 X126.216 Y113.391 E61.56867
G1 X126.325 Y113.38 E61.57005
G1 X126.541 Y113.347 E61.57279
G0 F7200 X126.734 Y113.296
G0 X126.586 Y113.575
;TYPE:SKIN
G1 F1800 X126.35 Y113.622 E61.5737
G1 X125.473 Y113.593 E61.57703
G0 F7200 X125.463 Y113.421
G1 F1500 E55.07703
G0 F7200 X125.458 Y113.448
G0 X126.843 Y116.278
G1 F1500 E61.57703
G0 F7200 X126.541 Y116.347
;TYPE:WALL-OUTER
G1 F1800 X126.855 Y116.263 E61.58111
G1 X126.856 Y116.746 E61.58717
G1 X126.834 Y116.755 E61.58747
G1 X126.464 Y116.854 E61.59227
G1 X126.269 Y116.884 E61.59474
G1 X126.188 Y116.892 E61.59576
G1 X126.092 Y116.898 E61.59697
G1 X125.812 Y116.892 E61.60048
G1 X125.731 Y116.884 E61.6015
G1 X125.536 Y116.854 E61.60398
G1 X125.163 Y116.754 E61.60882
G1 X125.145 Y116.747 E61.60906
G1 X125.145 Y116.263 E61.61513
G1 X125.459 Y116.347 E61.61921
G1 X125.675 Y116.38 E61.62195
G1 X125.788 Y116.392 E61.62337
G1 X126.104 Y116.398 E61.62734
G1 X126.216 Y116.391 E61.62874
G1 X126.325 Y116.38 E61.63012
G1 X126.541 Y116.347 E61.63286
G0 F7200 X126.734 Y116.296
G0 X126.494 Y116.594
;TYPE:SKIN
G1 F1800 X126.251 Y116.634 E61.63368
G1 X125.357 Y116.589 E61.63669
G0 F7200 X125.516 Y116.76
G0 X125.519 Y116.747
G0 X126.843 Y119.278
G0 X126.541 Y119.347
;TYPE:WALL-OUTER
G1 F1800 X126.855 Y119.263 E61.64077
G1 X126.856 Y119.746 E61.64682
G1 X126.834 Y119.755 E61.64712
G1 X126.464 Y119.854 E61.65192
G1 X126.269 Y119.884 E61.6544
G1 X126.188 Y119.892 E61.65542
G1 X126.092 Y119.898 E61.65663
G1 X125.812 Y119.892 E61.66014
G1 X125.731 Y119.884 E61.66116
G1 X125.536 Y119.854 E61.66363
G1 X125.163 Y119.754 E61.66847
G1 X125.145 Y119.747 E61.66872
G1 X125.145 Y119.263 E61.67479
G1 X125.459 Y119.347 E61.67886
G1 X125.675 Y119.38 E61.6816
G1 X125.788 Y119.392 E61.68303
G1 X126.104 Y119.398 E61.68699
G1 X126.216 Y119.391 E61.6884
G1 X126.325 Y119.38 E61.68977
G1 X126.541 Y119.347 E61.69251
G0 F7200 X126.734 Y119.296
G0 X126.631 Y119.56
;TYPE:SKIN
G1 F1800 X126.401 Y119.613 E61.69341
G1 X125.548 Y119.608 E61.69666
G0 F7200 X125.54 Y119.442
G1 F1500 E55.19666
G0 F7200 X125.537 Y119.46
G0 X126.855 Y119.474
G0 X132.28 Y119.474
G0 X133.7 Y119.46
G1 F1500 E61.69666
G0 F7200 X133.8 Y119.393
;TYPE:WALL-OUTER
G1 F1800 X133.8 Y119.891 E61.70291
G1 X133.731 Y119.884 E61.70378
G1 X133.536 Y119.854 E61.70625
G1 X133.163 Y119.754 E61.71109
G1 X133.145 Y119.747 E61.71134
G1 X133.145 Y119.263 E61.71741
G1 X133.459 Y119.347 E61.72148
G1 X133.675 Y119.38 E61.72422
G1 X133.8 Y119.393 E61.7258
G0 F7200 X133.8 Y119.593
G0 X133.501 Y119.641
;TYPE:SKIN
G1 F1800 X133.39 Y119.53 E61.72678
G0 F7200 X133.422 Y119.41
G1 F1500 E55.22678
G0 F7200 X133.415 Y119.438
G0 X133.54 Y116.835
G1 F1500 E61.72678
G0 F7200 X133.8 Y116.393
;TYPE:WALL-OUTER
G1 F1800 X133.8 Y116.891 E61.73303
G1 X133.731 Y116.884 E61.7339
G1 X133.536 Y116.854 E61.73637
G1 X133.163 Y116.754 E61.74121
G1 X133.145 Y116.747 E61.74146
G1 X133.145 Y116.263 E61.74753
G1 X133.459 Y116.347 E61.7516
G1 X133.675 Y116.38 E61.75434
G1 X133.8 Y116.393 E61.75592
G0 F7200 X133.8 Y116.593
G0 X133.604 Y116.633
;TYPE:SKIN
G1 F1800 X133.525 Y116.555 E61.75662
G0 F7200 X133.576 Y116.451
G0 X133.573 Y116.465
G0 X133.54 Y113.835
G0 X133.8 Y113.393
;TYPE:WALL-OUTER
G1 F1800 X133.8 Y113.891 E61.76286
G1 X133.731 Y113.884 E61.76373
G1 X133.536 Y113.854 E61.7662
G1 X133.163 Y113.754 E61.77105
G1 X133.145 Y113.747 E61.77129
G1 X133.145 Y113.263 E61.77736
G1 X133.459 Y113.347 E61.78143
G1 X133.675 Y113.38 E61.78417
G1 X133.8 Y113.393 E61.78575
G0 F7200 X133.8 Y113.593
G0 X133.419 Y113.62
;TYPE:SKIN
G1 F1800 X133.339 Y113.54 E61.78646
G0 F7200 X133.511 Y113.76
G1 F1500 E55.28646
G0 F7200 X133.515 Y113.746
G0 X133.54 Y110.835
G1 F1500 E61.78646
G0 F7200 X133.8 Y110.393
;TYPE:WALL-OUTER
G1 F1800 X133.8 Y110.891 E61.79271
G1 X133.731 Y110.884 E61.79358
G1 X133.536 Y110.854 E61.79605
G1 X133.163 Y110.754 E61.80089
G1 X133.145 Y110.747 E61.80113
G1 X133.145 Y110.263 E61.8072
G1 X133.459 Y110.347 E61.81128
G1 X133.675 Y110.38 E61.81402
G1 X133.8 Y110.393 E61.8156
G0 F7200 X133.8 Y110.593
G0 X133.571 Y110.66
;TYPE:SKIN
G1 F1800 X133.454 Y110.544 E61.81663
G0 F7200 X133.507 Y110.433
;MESH:NONMESH
G0 F600 X133.507 Y110.433 Z17.2
G0 F7200 X133.503 Y110.455
G0 X132.28 Y110.444
G0 X126.253 Y111.754
G0 X117.616 Y111.741
G0 X111.72 Y110.489
G0 X110.561 Y110.444
G0 X110.541 Y110.347
;TIME_ELAPSED:786.781091
;LAYER:85
;TYPE:WALL-OUTER
;MESH:output\A_fina_suporte.stl
G1 F1800 X110.645 Y110.319 E61.81798
G1 X110.645 Y110.805 E61.82407
G1 X110.464 Y110.854 E61.82643
G1 X110.269 Y110.884 E61.8289
G1 X110.2 Y110.891 E61.82977
G1 X110.2 Y110.393 E61.83601
G1 X110.325 Y110.38 E61.83759
G1 X110.541 Y110.347 E61.84033
G0 F7200 X110.645 Y110.319
G0 X110.645 Y110.412
G0 X110.283 Y110.789
G0 X110.299 Y110.779
G0 X110.633 Y113.334
G0 X110.541 Y113.347
G1 F1800 X110.645 Y113.319 E61.84168
G1 X110.645 Y113.805 E61.84778
G1 X110.464 Y113.854 E61.85013
G1 X110.269 Y113.884 E61.8526
G1 X110.2 Y113.891 E61.85347
G1 X110.2 Y113.393 E61.85972
G1 X110.325 Y113.38 E61.86129
G1 X110.541 Y113.347 E61.86403
G0 F7200 X110.645 Y113.319
G0 X110.645 Y113.412
G0 X110.45 Y113.561
;TYPE:SKIN
G1 F1800 X110.394 Y113.616 E61.86452
G0 F7200 X110.245 Y113.616
G1 F1500 E55.36452
G0 F7200 X110.3 Y113.616
G0 X110.633 Y116.334
G1 F1500 E61.86452
G0 F7200 X110.541 Y116.347
;TYPE:WALL-OUTER
G1 F1800 X110.645 Y116.319 E61.86588
G1 X110.645 Y116.805 E61.87197
G1 X110.464 Y116.854 E61.87432
G1 X110.269 Y116.884 E61.8768
G1 X110.2 Y116.891 E61.87767
G1 X110.2 Y116.393 E61.88391
G1 X110.325 Y116.38 E61.88549
G1 X110.541 Y116.347 E61.88823
G0 F7200 X110.645 Y116.319
G0 X110.645 Y116.412
G0 X110.283 Y116.789
G1 F1500 E55.38823
G0 F7200 X110.299 Y116.779
G0 X110.633 Y119.334
G1 F1500 E61.88823
G0 F7200 X110.541 Y119.347
G1 F1800 X110.645 Y119.319 E61.88958
G1 X110.645 Y119.805 E61.89567
G1 X110.464 Y119.854 E61.89802
G1 X110.269 Y119.884 E61.9005
G1 X110.2 Y119.891 E61.90137
G1 X110.2 Y119.393 E61.90761
G1 X110.325 Y119.38 E61.90919
G1 X110.541 Y119.347 E61.91193
G0 F7200 X110.645 Y119.319
G0 X110.645 Y119.412
G0 X110.283 Y119.789
G0 X110.299 Y119.779
G0 X111.51 Y119.444
G0 X116.49 Y119.444
G0 X118.545 Y119.444
G0 X118.541 Y119.347
G1 F1800 X118.645 Y119.319 E61.91328
G1 X118.645 Y119.805 E61.91937
G1 X118.464 Y119.854 E61.92173
G1 X118.269 Y119.884 E61.9242
G1 X118.189 Y119.892 E61.92521
G1 X117.908 Y119.898 E61.92873
G1 X117.812 Y119.892 E61.92994
G1 X117.731 Y119.884 E61.93096
G1 X117.536 Y119.854 E61.93343
G1 X117.355 Y119.805 E61.93579
G1 X117.355 Y119.319 E61.94188
G1 X117.459 Y119.347 E61.94323
G1 X117.675 Y119.38 E61.94597
G1 X117.784 Y119.391 E61.94734
G1 X117.896 Y119.398 E61.94875
G1 X118.212 Y119.392 E61.95272
G1 X118.325 Y119.38 E61.95414
G1 X118.541 Y119.347 E61.95688
G0 F7200 X118.645 Y119.319
G0 X118.645 Y119.412
G0 X118.232 Y119.637
;TYPE:SKIN
G1 F1800 X117.941 Y119.645 E61.95843
G1 X117.678 Y119.625 E61.95983
G0 F7200 X117.625 Y119.776
G1 F1500 E55.45983
G0 F7200 X117.627 Y119.768
G0 X118.545 Y119.366
G0 X118.267 Y116.865
G1 F1500 E61.95983
G0 F7200 X118.541 Y116.347
;TYPE:WALL-OUTER
G1 F1800 X118.645 Y116.319 E61.96118
G1 X118.645 Y116.805 E61.96727
G1 X118.464 Y116.854 E61.96962
G1 X118.269 Y116.884 E61.9721
G1 X118.189 Y116.892 E61.9731
G1 X117.908 Y116.898 E61.97663
G1 X117.812 Y116.892 E61.97784
G1 X117.731 Y116.884 E61.97886
G1 X117.536 Y116.854 E61.98133
G1 X117.355 Y116.805 E61.98368
G1 X117.355 Y116.319 E61.98978
G1 X117.459 Y116.347 E61.99113
G1 X117.675 Y116.38 E61.99387
G1 X117.784 Y116.391 E61.99524
G1 X117.896 Y116.398 E61.99665
G1 X118.212 Y116.392 E62.00061
G1 X118.325 Y116.38 E62.00204
G1 X118.541 Y116.347 E62.00478
G0 F7200 X118.645 Y116.319
G0 X118.645 Y116.412
G0 X118.409 Y116.631
;TYPE:SKIN
G1 F1800 X118.115 Y116.643 E62.00597
G1 X117.587 Y116.606 E62.0081
G0 F7200 X117.779 Y116.488
G1 F1500 E55.5081
G0 F7200 X117.776 Y116.49
G0 X118.267 Y113.865
G1 F1500 E62.0081
G0 F7200 X118.541 Y113.347
;TYPE:WALL-OUTER
G1 F1800 X118.645 Y113.319 E62.00945
G1 X118.645 Y113.805 E62.01555
G1 X118.464 Y113.854 E62.0179
G1 X118.269 Y113.884 E62.02038
G1 X118.189 Y113.892 E62.02138
G1 X117.908 Y113.898 E62.02491
G1 X117.812 Y113.892 E62.02611
G1 X117.731 Y113.884 E62.02713
G1 X117.536 Y113.854 E62.02961
G1 X117.355 Y113.805 E62.03196
G1 X117.355 Y113.319 E62.03806
G1 X117.459 Y113.347 E62.03941
G1 X117.675 Y113.38 E62.04215
G1 X117.784 Y113.391 E62.04352
G1 X117.896 Y113.398 E62.04493
G1 X118.212 Y113.392 E62.04889
G1 X118.325 Y113.38 E62.05032
G1 X118.541 Y113.347 E62.05306
G0 F7200 X118.645 Y113.319
G0 X118.645 Y113.412
G0 X118.299 Y113.631
;TYPE:SKIN
G1 F1800 X118.001 Y113.645 E62.05463
G1 X117.731 Y113.633 E62.05605
G0 F7200 X117.684 Y113.784
G1 F1500 E55.55605
G0 F7200 X117.686 Y113.777
G0 X118.267 Y110.865
G1 F1500 E62.05605
G0 F7200 X118.541 Y110.347
;TYPE:WALL-OUTER
G1 F1800 X118.645 Y110.319 E62.0574
G1 X118.645 Y110.805 E62.0635
G1 X118.464 Y110.854 E62.06585
G1 X118.269 Y110.884 E62.06832
G1 X118.189 Y110.892 E62.06933
G1 X117.908 Y110.898 E62.07286
G1 X117.812 Y110.892 E62.07406
G1 X117.731 Y110.884 E62.07508
G1 X117.536 Y110.854 E62.07756
G1 X117.355 Y110.805 E62.07991
G1 X117.355 Y110.319 E62.086
G1 X117.459 Y110.347 E62.08736
G1 X117.675 Y110.38 E62.0901
G1 X117.784 Y110.391 E62.09147
G1 X117.896 Y110.398 E62.09288
G1 X118.212 Y110.392 E62.09684
G1 X118.325 Y110.38 E62.09827
G1 X118.541 Y110.347 E62.10101
G0 F7200 X118.645 Y110.319
G0 X118.645 Y110.412
G0 X118.177 Y110.641
;TYPE:SKIN
G1 F1800 X117.891 Y110.645 E62.10249
G1 X117.632 Y110.62 E62.10383
G0 F7200 X117.571 Y110.769
G1 F1500 E55.60383
G0 F7200 X117.574 Y110.76
G0 X118.625 Y110.444
G0 X124.49 Y110.444
G0 X126.545 Y110.444
G1 F1500 E62.10383
G0 F7200 X126.541 Y110.347
;TYPE:WALL-OUTER
G1 F1800 X126.645 Y110.319 E62.10518
G1 X126.645 Y110.805 E62.11128
G1 X126.464 Y110.854 E62.11363
G1 X126.269 Y110.884 E62.1161
G1 X126.188 Y110.892 E62.11712
G1 X126.092 Y110.898 E62.11833
G1 X125.812 Y110.892 E62.12184
G1 X125.731 Y110.884 E62.12286
G1 X125.536 Y110.854 E62.12534
G1 X125.355 Y110.805 E62.12769
G1 X125.355 Y110.319 E62.13378
G1 X125.459 Y110.347 E62.13513
G1 X125.675 Y110.38 E62.13787
G1 X125.788 Y110.392 E62.1393
G1 X126.104 Y110.398 E62.14326
G1 X126.216 Y110.391 E62.14467
G1 X126.325 Y110.38 E62.14604
G1 X126.541 Y110.347 E62.14878
G0 F7200 X126.645 Y110.319
G0 X126.645 Y110.412
G0 X126.397 Y110.624
;TYPE:SKIN
G1 F1800 X126.092 Y110.646 E62.15007
G1 X125.578 Y110.595 E62.15223
G0 F7200 X125.737 Y110.791
G1 F1500 E55.65223
G0 F7200 X125.738 Y110.785
G0 X126.633 Y113.334
G1 F1500 E62.15223
G0 F7200 X126.541 Y113.347
;TYPE:WALL-OUTER
G1 F1800 X126.645 Y113.319 E62.15358
G1 X126.645 Y113.805 E62.15967
G1 X126.464 Y113.854 E62.16203
G1 X126.269 Y113.884 E62.1645
G1 X126.188 Y113.892 E62.16552
G1 X126.092 Y113.898 E62.16673
G1 X125.812 Y113.892 E62.17024
G1 X125.731 Y113.884 E62.17126
G1 X125.536 Y113.854 E62.17373
G1 X125.355 Y113.805 E62.17609
G1 X125.355 Y113.319 E62.18218
G1 X125.459 Y113.347 E62.18353
G1 X125.675 Y113.38 E62.18627
G1 X125.788 Y113.392 E62.1877
G1 X126.104 Y113.398 E62.19166
G1 X126.216 Y113.391 E62.19307
G1 X126.325 Y113.38 E62.19444
G1 X126.541 Y113.347 E62.19718
G0 F7200 X126.645 Y113.319
G0 X126.645 Y113.412
G0 X126.21 Y113.639
;TYPE:SKIN
G1 F1800 X125.923 Y113.643 E62.1987
G1 X125.66 Y113.624 E62.20009
G0 F7200 X125.599 Y113.773
G1 F1500 E55.70009
G0 F7200 X125.601 Y113.764
G0 X126.633 Y116.334
G1 F1500 E62.20009
G0 F7200 X126.541 Y116.347
;TYPE:WALL-OUTER
G1 F1800 X126.645 Y116.319 E62.20145
G1 X126.645 Y116.805 E62.20754
G1 X126.464 Y116.854 E62.20989
G1 X126.269 Y116.884 E62.21237
G1 X126.188 Y116.892 E62.21339
G1 X126.092 Y116.898 E62.21459
G1 X125.812 Y116.892 E62.2181
G1 X125.731 Y116.884 E62.21913
G1 X125.536 Y116.854 E62.2216
G1 X125.355 Y116.805 E62.22395
G1 X125.355 Y116.319 E62.23005
G1 X125.459 Y116.347 E62.2314
G1 X125.675 Y116.38 E62.23414
G1 X125.788 Y116.392 E62.23556
G1 X126.104 Y116.398 E62.23952
G1 X126.216 Y116.391 E62.24093
G1 X126.325 Y116.38 E62.24231
G1 X126.541 Y116.347 E62.24505
G0 F7200 X126.645 Y116.319
G0 X126.645 Y116.412
G0 X126.335 Y116.625
;TYPE:SKIN
G1 F1800 X126.032 Y116.646 E62.24663
G1 X125.76 Y116.635 E62.24805
G0 F7200 X125.709 Y116.788
G1 F1500 E55.74805
G0 F7200 X125.711 Y116.781
G0 X126.633 Y119.334
G1 F1500 E62.24805
G0 F7200 X126.541 Y119.347
;TYPE:WALL-OUTER
G1 F1800 X126.645 Y119.319 E62.2494
G1 X126.645 Y119.805 E62.25549
G1 X126.464 Y119.854 E62.25784
G1 X126.269 Y119.884 E62.26032
G1 X126.188 Y119.892 E62.26134
G1 X126.092 Y119.898 E62.26254
G1 X125.812 Y119.892 E62.26606
G1 X125.731 Y119.884 E62.26708
G1 X125.536 Y119.854 E62.26955
G1 X125.355 Y119.805 E62.2719
G1 X125.355 Y119.319 E62.278
G1 X125.459 Y119.347 E62.27935
G1 X125.675 Y119.38 E62.28209
G1 X125.788 Y119.392 E62.28351
G1 X126.104 Y119.398 E62.28748
G1 X126.216 Y119.391 E62.28888
G1 X126.325 Y119.38 E62.29026
G1 X126.541 Y119.347 E62.293
G0 F7200 X126.645 Y119.319
G0 X126.645 Y119.412
G0 X126.427 Y119.645
;TYPE:SKIN
G1 F1800 X126.145 Y119.644 E62.29408
G1 X125.608 Y119.616 E62.29615
G0 F7200 X125.571 Y119.769
G1 F1500 E55.79615
G0 F7200 X125.574 Y119.76
G0 X126.625 Y119.46
G0 X132.49 Y119.46
G0 X133.7 Y119.46
G1 F1500 E62.29615
G0 F7200 X133.8 Y119.393
;TYPE:WALL-OUTER
G1 F1800 X133.8 Y119.891 E62.30239
G1 X133.731 Y119.884 E62.30326
G1 X133.536 Y119.854 E62.30573
G1 X133.355 Y119.805 E62.30809
G1 X133.355 Y119.319 E62.31418
G1 X133.459 Y119.347 E62.31553
G1 X133.675 Y119.38 E62.31827
G1 X133.8 Y119.393 E62.31985
G0 F7200 X133.8 Y119.593
G0 X133.58 Y119.563
;TYPE:SKIN
G1 F1800 X133.549 Y119.595 E62.32013
G0 F7200 X133.4 Y119.595
G1 F1500 E55.82013
G0 F7200 X133.455 Y119.595
G0 X133.733 Y116.865
G1 F1500 E62.32013
G0 F7200 X133.8 Y116.393
;TYPE:WALL-OUTER
G1 F1800 X133.8 Y116.891 E62.32637
G1 X133.731 Y116.884 E62.32724
G1 X133.536 Y116.854 E62.32972
G1 X133.355 Y116.805 E62.33207
G1 X133.355 Y116.319 E62.33816
G1 X133.459 Y116.347 E62.33951
G1 X133.675 Y116.38 E62.34225
G1 X133.8 Y116.393 E62.34383
G0 F7200 X133.8 Y116.593
G0 X133.755 Y116.593
G1 F1500 E55.84383
G0 F7200 X133.7 Y116.593
G0 X133.733 Y113.865
G1 F1500 E62.34383
G0 F7200 X133.8 Y113.393
G1 F1800 X133.8 Y113.891 E62.35007
G1 X133.731 Y113.884 E62.35094
G1 X133.536 Y113.854 E62.35342
G1 X133.355 Y113.805 E62.35577
G1 X133.355 Y113.319 E62.36186
G1 X133.459 Y113.347 E62.36321
G1 X133.675 Y113.38 E62.36595
G1 X133.8 Y113.393 E62.36753
G0 F7200 X133.8 Y113.593
G0 X133.604 Y113.6
;TYPE:SKIN
G1 F1800 X133.549 Y113.655 E62.36802
G0 F7200 X133.4 Y113.655
G1 F1500 E55.86802
G0 F7200 X133.455 Y113.655
G0 X133.733 Y110.865
G1 F1500 E62.36802
G0 F7200 X133.8 Y110.393
;TYPE:WALL-OUTER
G1 F1800 X133.8 Y110.891 E62.37426
G1 X133.731 Y110.884 E62.37513
G1 X133.536 Y110.854 E62.37761
G1 X133.355 Y110.805 E62.37996
G1 X133.355 Y110.319 E62.38605
G1 X133.459 Y110.347 E62.3874
G1 X133.675 Y110.38 E62.39014
G1 X133.8 Y110.393 E62.39172
G0 F7200 X133.8 Y110.593
G0 X133.755 Y110.593
G1 F1500 E55.89172
;MESH:NONMESH
G0 F600 X133.755 Y110.593 Z17.4
G0 F7200 X133.7 Y110.593
G0 X132.49 Y110.785
G0 X126.112 Y111.762
G0 X117.616 Y111.741
G0 X111.51 Y110.785
G0 X110.3 Y110.785
G1 F1500 E62.39172
G0 F7200 X110.269 Y110.884
;TIME_ELAPSED:797.773089
;LAYER:86
;TYPE:WALL-OUTER
;MESH:output\A_fina_suporte.stl
G1 F1800 X110.2 Y110.891 E62.39259
G1 X110.2 Y110.393 E62.39883
G1 X110.325 Y110.38 E62.40041
G1 X110.435 Y110.363 E62.40181
G1 X110.435 Y110.858 E62.40561
G1 X110.269 Y110.884 E62.40772
G0 F7200 X110.2 Y110.891
G0 X110.2 Y110.76
G1 F1500 E55.90772
G0 F7200 X110.3 Y110.76
G0 X110.423 Y113.378
G1 F1500 E62.40772
G0 F7200 X110.269 Y113.884
G1 F1800 X110.2 Y113.891 E62.40859
G1 X110.2 Y113.393 E62.41483
G1 X110.325 Y113.38 E62.41641
G1 X110.435 Y113.363 E62.4178
G1 X110.435 Y113.858 E62.4216
G1 X110.269 Y113.884 E62.42371
G0 F7200 X110.2 Y113.891
G0 X110.2 Y113.76
G0 X110.3 Y113.76
G0 X110.423 Y116.378
G0 X110.269 Y116.884
G1 F1800 X110.2 Y116.891 E62.42458
G1 X110.2 Y116.393 E62.43083
G1 X110.325 Y116.38 E62.4324
G1 X110.435 Y116.363 E62.4338
G1 X110.435 Y116.858 E62.4376
G1 X110.269 Y116.884 E62.43971
G0 F7200 X110.2 Y116.891
G0 X110.2 Y116.76
G1 F1500 E55.93971
G0 F7200 X110.3 Y116.76
G0 X110.423 Y119.378
G1 F1500 E62.43971
G0 F7200 X110.269 Y119.884
G1 F1800 X110.2 Y119.891 E62.44058
G1 X110.2 Y119.393 E62.44682
G1 X110.325 Y119.38 E62.4484
G1 X110.435 Y119.363 E62.44979
G1 X110.435 Y119.858 E62.4536
G1 X110.269 Y119.884 E62.4557
G0 F7200 X110.2 Y119.891
G0 X110.2 Y119.76
G0 X110.3 Y119.76
G0 X111.3 Y119.791
G0 X116.7 Y119.791
G0 X118.183 Y119.791
G0 X118.189 Y119.892
G1 F1800 X117.909 Y119.898 E62.45922
G1 X117.776 Y119.889 E62.46089
G1 X117.67 Y119.875 E62.46223
G1 X117.565 Y119.858 E62.46356
G1 X117.565 Y119.364 E62.46976
G1 X117.676 Y119.381 E62.47116
G1 X117.896 Y119.398 E62.47393
G1 X118.212 Y119.392 E62.4779
G1 X118.325 Y119.38 E62.47932
G1 X118.435 Y119.363 E62.48072
G1 X118.435 Y119.858 E62.48692
G1 X118.269 Y119.884 E62.48903
G1 X118.189 Y119.892 E62.49004
G0 F7200 X117.989 Y119.896
G0 X117.949 Y119.646
;TYPE:SKIN
G1 F1800 X118.206 Y119.621 E62.49158
G0 F7200 X118.033 Y119.495
G1 F1500 E55.99158
G0 F7200 X118.032 Y119.496
G0 X118.188 Y116.873
G1 F1500 E62.49158
G0 F7200 X118.189 Y116.892
;TYPE:WALL-OUTER
G1 F1800 X117.909 Y116.898 E62.49509
G1 X117.776 Y116.889 E62.49677
G1 X117.731 Y116.884 E62.49733
G1 X117.565 Y116.858 E62.49944
G1 X117.565 Y116.364 E62.50564
G1 X117.676 Y116.381 E62.50704
G1 X117.896 Y116.398 E62.50981
G1 X118.212 Y116.392 E62.51378
G1 X118.325 Y116.38 E62.5152
G1 X118.435 Y116.363 E62.5166
G1 X118.435 Y116.858 E62.5228
G1 X118.269 Y116.884 E62.52491
G1 X118.189 Y116.892 E62.52592
G0 F7200 X117.989 Y116.896
G0 X118.059 Y116.645
;TYPE:SKIN
G1 F1800 X117.793 Y116.662 E62.52746
G0 F7200 X117.967 Y116.797
G1 F1500 E56.02746
G0 F7200 X117.968 Y116.796
G0 X118.188 Y113.873
G1 F1500 E62.52746
G0 F7200 X118.189 Y113.892
;TYPE:WALL-OUTER
G1 F1800 X117.909 Y113.898 E62.53097
G1 X117.776 Y113.889 E62.53264
G1 X117.67 Y113.875 E62.53398
G1 X117.565 Y113.858 E62.53532
G1 X117.565 Y113.364 E62.54151
G1 X117.676 Y113.381 E62.54292
G1 X117.896 Y113.398 E62.54569
G1 X118.212 Y113.392 E62.54965
G1 X118.325 Y113.38 E62.55108
G1 X118.435 Y113.363 E62.55247
G1 X118.435 Y113.858 E62.55868
G1 X118.269 Y113.884 E62.56079
G1 X118.189 Y113.892 E62.56179
G0 F7200 X117.989 Y113.896
G0 X117.887 Y113.645
;TYPE:SKIN
G1 F1800 X118.165 Y113.64 E62.56371
G0 F7200 X118.202 Y113.793
G0 X118.202 Y113.789
G0 X118.188 Y110.873
G0 X118.189 Y110.892
;TYPE:WALL-OUTER
G1 F1800 X117.909 Y110.898 E62.56723
G1 X117.776 Y110.889 E62.5689
G1 X117.731 Y110.884 E62.56946
G1 X117.565 Y110.858 E62.57157
G1 X117.565 Y110.364 E62.57777
G1 X117.676 Y110.381 E62.57917
G1 X117.896 Y110.398 E62.58194
G1 X118.212 Y110.392 E62.58591
G1 X118.325 Y110.38 E62.58733
G1 X118.435 Y110.363 E62.58873
G1 X118.435 Y110.858 E62.59493
G1 X118.269 Y110.884 E62.59704
G1 X118.189 Y110.892 E62.59805
G0 F7200 X117.989 Y110.896
G0 X118.053 Y110.699
;TYPE:SKIN
G1 F1800 X117.946 Y110.592 E62.599
G0 F7200 X117.944 Y110.497
G1 F1500 E56.099
G0 F7200 X117.943 Y110.498
G0 X119.3 Y110.785
G0 X124.7 Y110.785
G0 X126.259 Y110.785
G1 F1500 E62.599
G0 F7200 X126.269 Y110.884
;TYPE:WALL-OUTER
G1 F1800 X126.091 Y110.898 E62.60124
G1 X125.812 Y110.892 E62.60474
G1 X125.731 Y110.884 E62.60576
G1 X125.565 Y110.858 E62.60786
G1 X125.565 Y110.363 E62.61407
G1 X125.675 Y110.38 E62.61547
G1 X125.788 Y110.392 E62.61689
G1 X126.105 Y110.398 E62.62087
G1 X126.256 Y110.388 E62.62277
G1 X126.435 Y110.364 E62.62503
G1 X126.435 Y110.858 E62.63123
G1 X126.269 Y110.884 E62.63333
G0 F7200 X126.091 Y110.898
G0 X126.069 Y110.898
G0 X125.917 Y110.644
;TYPE:SKIN
G1 F1800 X126.193 Y110.636 E62.63513
G0 F7200 X126.039 Y110.497
G0 X126.424 Y113.366
G0 X126.269 Y113.884
;TYPE:WALL-OUTER
G1 F1800 X126.091 Y113.898 E62.63737
G1 X125.812 Y113.892 E62.64087
G1 X125.731 Y113.884 E62.64189
G1 X125.565 Y113.858 E62.64399
G1 X125.565 Y113.363 E62.6502
G1 X125.675 Y113.38 E62.6516
G1 X125.788 Y113.392 E62.65302
G1 X126.105 Y113.398 E62.657
G1 X126.256 Y113.388 E62.6589
G1 X126.435 Y113.364 E62.66116
G1 X126.435 Y113.858 E62.66736
G1 X126.269 Y113.884 E62.66946
G0 F7200 X126.091 Y113.898
G0 X126.069 Y113.898
G0 X126.09 Y113.645
;TYPE:SKIN
G1 F1800 X125.808 Y113.646 E62.67131
G0 F7200 X125.961 Y113.795
G1 F1500 E56.17131
G0 F7200 X126.424 Y116.366
G1 F1500 E62.67131
G0 F7200 X126.269 Y116.884
;TYPE:WALL-OUTER
G1 F1800 X126.091 Y116.898 E62.67355
G1 X125.812 Y116.892 E62.67704
G1 X125.731 Y116.884 E62.67807
G1 X125.565 Y116.858 E62.68017
G1 X125.565 Y116.363 E62.68638
G1 X125.675 Y116.38 E62.68778
G1 X125.788 Y116.392 E62.6892
G1 X126.105 Y116.398 E62.69318
G1 X126.256 Y116.388 E62.69507
G1 X126.435 Y116.364 E62.69734
G1 X126.435 Y116.858 E62.70353
G1 X126.269 Y116.884 E62.70564
G0 F7200 X126.091 Y116.898
G0 X126.069 Y116.898
G0 X125.979 Y116.645
;TYPE:SKIN
G1 F1800 X126.221 Y116.605 E62.70693
G0 F7200 X126.032 Y116.796
G1 F1500 E56.20693
G0 F7200 X126.424 Y119.366
G1 F1500 E62.70693
G0 F7200 X126.269 Y119.884
;TYPE:WALL-OUTER
G1 F1800 X126.091 Y119.898 E62.70917
G1 X125.812 Y119.892 E62.71267
G1 X125.731 Y119.884 E62.71369
G1 X125.565 Y119.858 E62.7158
G1 X125.565 Y119.363 E62.72201
G1 X125.675 Y119.38 E62.7234
G1 X125.788 Y119.392 E62.72483
G1 X126.105 Y119.398 E62.72881
G1 X126.256 Y119.388 E62.7307
G1 X126.435 Y119.364 E62.73297
G1 X126.435 Y119.858 E62.73916
G1 X126.269 Y119.884 E62.74127
G0 F7200 X126.091 Y119.898
G0 X126.069 Y119.898
G0 X126.148 Y119.643
;TYPE:SKIN
G1 F1800 X125.865 Y119.643 E62.74313
G0 F7200 X125.837 Y119.491
G1 F1500 E56.24313
G0 F7200 X125.837 Y119.492
G0 X127.3 Y119.46
G0 X132.7 Y119.46
G1 F1500 E62.74313
G0 F7200 X133.8 Y119.393
;TYPE:WALL-OUTER
G1 F1800 X133.8 Y119.89 E62.74936
G1 X133.774 Y119.889 E62.74969
G1 X133.67 Y119.875 E62.75101
G1 X133.565 Y119.858 E62.75234
G1 X133.565 Y119.363 E62.75616
G1 X133.675 Y119.38 E62.75755
G1 X133.8 Y119.393 E62.75913
G0 F7200 X133.8 Y119.593
G0 X133.7 Y119.593
G0 X133.796 Y116.87
G0 X133.8 Y116.393
G1 F1800 X133.8 Y116.89 E62.76536
G1 X133.731 Y116.884 E62.76623
G1 X133.565 Y116.858 E62.76834
G1 X133.565 Y116.363 E62.77215
G1 X133.675 Y116.38 E62.77355
G1 X133.8 Y116.393 E62.77513
G0 F7200 X133.8 Y116.593
G0 X133.7 Y116.593
G0 X133.775 Y113.87
G0 X133.8 Y113.393
G1 F1800 X133.8 Y113.89 E62.78136
G1 X133.774 Y113.889 E62.78168
G1 X133.67 Y113.875 E62.783
G1 X133.565 Y113.858 E62.78433
G1 X133.565 Y113.363 E62.78815
G1 X133.675 Y113.38 E62.78955
G1 X133.8 Y113.393 E62.79112
G0 F7200 X133.8 Y113.593
G1 F1500 E56.29112
G0 F7200 X133.7 Y113.593
G0 X133.796 Y110.87
G1 F1500 E62.79112
G0 F7200 X133.8 Y110.393
G1 F1800 X133.8 Y110.89 E62.79736
G1 X133.731 Y110.884 E62.79822
G1 X133.565 Y110.858 E62.80033
G1 X133.565 Y110.363 E62.80415
G1 X133.675 Y110.38 E62.80554
G1 X133.8 Y110.393 E62.80712
G0 F7200 X133.8 Y110.593
;MESH:NONMESH
G0 F600 X133.8 Y110.593 Z17.6
G0 F7200 X133.7 Y110.593
G0 X132.7 Y110.789
G0 X126.114 Y111.762
G0 X117.613 Y111.741
G0 X111.3 Y110.789
G0 X110.216 Y110.889
;TIME_ELAPSED:805.502780
;LAYER:87
;TYPE:WALL-OUTER
;MESH:output\A_fina_suporte.stl
G1 F1800 X110.2 Y110.891 E62.80732
G1 X110.2 Y110.392 E62.81358
G1 X110.216 Y110.391 E62.81378
G1 X110.216 Y110.889 E62.81404
G0 F7200 X110.2 Y110.891
G0 X110.2 Y110.707
G0 X110.207 Y111.757
G0 X111.067 Y112.412
G0 X111.081 Y113.823
G0 X110.216 Y113.889
G1 F1800 X110.2 Y113.891 E62.81424
G1 X110.2 Y113.392 E62.8205
G1 X110.216 Y113.391 E62.8207
G1 X110.216 Y113.889 E62.82097
G0 F7200 X110.2 Y113.891
G0 X110.2 Y113.707
G0 X110.207 Y114.757
G0 X111.067 Y115.412
G0 X111.081 Y116.823
G0 X110.216 Y116.889
G1 F1800 X110.2 Y116.891 E62.82117
G1 X110.2 Y116.392 E62.82743
G1 X110.216 Y116.391 E62.82763
G1 X110.216 Y116.889 E62.82789
G0 F7200 X110.2 Y116.891
G0 X110.2 Y116.707
G1 F1500 E56.32789
G0 F7200 X110.207 Y117.757
G0 X111.067 Y118.412
G0 X111.081 Y119.823
G0 X110.216 Y119.889
G1 F1500 E62.82789
G1 F1800 X110.2 Y119.891 E62.82809
G1 X110.2 Y119.392 E62.83435
G1 X110.216 Y119.391 E62.83455
G1 X110.216 Y119.889 E62.83481
G0 F7200 X110.2 Y119.891
G0 X110.2 Y119.707
G0 X111.081 Y119.707
G0 X116.919 Y119.707
G0 X117.895 Y119.398
G1 F1800 X118.216 Y119.392 E62.83884
G1 X118.216 Y119.889 E62.84507
G1 X118.188 Y119.892 E62.84542
G1 X117.898 Y119.898 E62.84906
G1 X117.784 Y119.89 E62.85049
G1 X117.784 Y119.39 E62.85676
G1 X117.895 Y119.398 E62.85816
G0 F7200 X118.095 Y119.395
G0 X118.096 Y119.493
G0 X118.095 Y119.495
G0 X117.898 Y116.879
G0 X117.895 Y116.398
G1 F1800 X118.216 Y116.392 E62.86219
G1 X118.216 Y116.889 E62.86842
G1 X118.189 Y116.892 E62.86876
G1 X117.898 Y116.898 E62.87241
G1 X117.784 Y116.89 E62.87384
G1 X117.784 Y116.39 E62.88011
G1 X117.895 Y116.398 E62.88151
G0 F7200 X118.095 Y116.395
G0 X118.096 Y116.493
G1 F1500 E56.38151
G0 F7200 X118.095 Y116.495
G0 X117.898 Y113.879
G1 F1500 E62.88151
G0 F7200 X117.895 Y113.398
G1 F1800 X118.216 Y113.392 E62.88553
G1 X118.216 Y113.889 E62.89177
G1 X118.188 Y113.892 E62.89212
G1 X117.898 Y113.898 E62.89576
G1 X117.784 Y113.89 E62.89719
G1 X117.784 Y113.39 E62.90346
G1 X117.895 Y113.398 E62.90486
G0 F7200 X118.095 Y113.395
G0 X118.02 Y113.627
;TYPE:SKIN
G1 F1800 X117.978 Y113.669 E62.90523
G0 F7200 X117.816 Y113.669
G0 X117.884 Y113.669
G0 X117.898 Y110.879
G0 X117.895 Y110.398
;TYPE:WALL-OUTER
G1 F1800 X118.216 Y110.392 E62.90925
G1 X118.216 Y110.889 E62.91549
G1 X118.189 Y110.892 E62.91583
G1 X117.898 Y110.898 E62.91948
G1 X117.784 Y110.89 E62.92091
G1 X117.784 Y110.39 E62.92718
G1 X117.895 Y110.398 E62.92858
G0 F7200 X118.095 Y110.395
G0 X118.096 Y110.493
G0 X118.095 Y110.495
G0 X124.919 Y110.497
G0 X126.116 Y110.497
G0 X126.117 Y110.398
G1 F1800 X126.216 Y110.391 E62.92982
G1 X126.216 Y110.889 E62.93607
G1 X126.09 Y110.898 E62.93765
G1 X125.812 Y110.892 E62.94114
G1 X125.784 Y110.889 E62.94149
G1 X125.784 Y110.392 E62.94772
G1 X126.117 Y110.398 E62.9519
G0 F7200 X126.216 Y110.391
G0 X126.216 Y110.492
G0 X126.184 Y110.492
G1 F1500 E56.4519
G0 F7200 X126.119 Y110.497
G0 X126.203 Y113.405
G1 F1500 E62.9519
G0 F7200 X126.117 Y113.398
G1 F1800 X126.216 Y113.391 E62.95314
G1 X126.216 Y113.889 E62.95939
G1 X126.09 Y113.898 E62.96097
G1 X125.812 Y113.892 E62.96446
G1 X125.784 Y113.889 E62.96481
G1 X125.784 Y113.392 E62.97105
G1 X126.117 Y113.398 E62.97522
G0 F7200 X126.216 Y113.391
G0 X126.216 Y113.492
G0 X126.184 Y113.492
G0 X126.119 Y113.497
G0 X126.203 Y116.405
G0 X126.117 Y116.398
G1 F1800 X126.216 Y116.391 E62.97647
G1 X126.216 Y116.889 E62.98271
G1 X126.09 Y116.898 E62.9843
G1 X125.784 Y116.89 E62.98814
G1 X125.784 Y116.392 E62.99438
G1 X126.117 Y116.398 E62.99856
G0 F7200 X126.216 Y116.391
G0 X126.216 Y116.492
G0 X126.019 Y116.659
;TYPE:SKIN
G1 F1800 X125.983 Y116.695 E62.99888
G0 F7200 X125.816 Y116.695
G1 F1500 E56.49888
G0 F7200 X125.884 Y116.695
G0 X126.203 Y119.405
G1 F1500 E62.99888
G0 F7200 X126.117 Y119.398
;TYPE:WALL-OUTER
G1 F1800 X126.216 Y119.391 E63.00012
G1 X126.216 Y119.889 E63.00637
G1 X126.09 Y119.898 E63.00795
G1 X125.812 Y119.892 E63.01144
G1 X125.784 Y119.889 E63.01179
G1 X125.784 Y119.392 E63.01802
G1 X126.117 Y119.398 E63.0222
G0 F7200 X126.216 Y119.391
G0 X126.216 Y119.492
G0 X126.184 Y119.492
G0 X126.119 Y119.497
G0 X132.919 Y119.461
G0 X133.8 Y119.393
G1 F1800 X133.8 Y119.891 E63.02844
G1 X133.784 Y119.89 E63.02865
G1 X133.784 Y119.392 E63.02891
G1 X133.8 Y119.393 E63.02911
G0 F7200 X133.8 Y119.593
G0 X133.839 Y118.528
G0 X134.652 Y117.78
G0 X134.665 Y116.461
G0 X133.8 Y116.393
G1 F1800 X133.8 Y116.891 E63.03535
G1 X133.784 Y116.89 E63.03555
G1 X133.784 Y116.392 E63.03582
G1 X133.8 Y116.393 E63.03602
G0 F7200 X133.8 Y116.593
G0 X133.876 Y115.529
G0 X134.652 Y114.78
G0 X134.665 Y113.461
G0 X133.8 Y113.393
G1 F1800 X133.8 Y113.891 E63.04226
G1 X133.784 Y113.89 E63.04246
G1 X133.784 Y113.392 E63.04273
G1 X133.8 Y113.393 E63.04293
G0 F7200 X133.8 Y113.593
G0 X133.839 Y112.528
G0 X134.652 Y111.78
G0 X134.665 Y110.461
G0 X133.8 Y110.393
G1 F1800 X133.8 Y110.891 E63.04917
G1 X133.784 Y110.89 E63.04937
G1 X133.784 Y110.392 E63.04963
G1 X133.8 Y110.393 E63.04984
G0 F7200 X133.8 Y110.593
;TIME_ELAPSED:809.964674
G1 F1500 E56.54984
M107

M82 ;absolute extrusion mode
M104 S0
;End of Gcode
