;FLAVOR:Marlin
;TIME:6666
;Filament used: 0m
;Layer height: 0.2
;MINX:2.14748e+06
;MINY:2.14748e+06
;MINZ:2.14748e+06
;MAXX:-2.14748e+06
;MAXY:-2.14748e+06
;MAXZ:-2.14748e+06

;Generated with Cura_SteamEngine 4.13.1
M104 S215
M105
M109 S215
M82 ;absolute extrusion mode

G92 E0
G92 E0
G1 F1500 E-6.5
;LAYER_COUNT:88
;LAYER:0
M107
;MESH:output\B_media_suporte.stl
G0 F3600 X134.2 Y120.3 Z0.2
;TYPE:WALL-INNER
G1 F1500 E0
G1 F1800 X109.8 Y120.3 E0.30599
G1 X109.8 Y108.7 E0.45145
G1 X134.2 Y108.7 E0.75744
G1 X134.2 Y120.3 E0.90291
G0 F3600 X134.6 Y120.7
;TYPE:WALL-OUTER
G1 F1800 X109.4 Y120.7 E1.21892
G1 X109.4 Y108.3 E1.37442
G1 X134.6 Y108.3 E1.69044
G1 X134.6 Y120.7 E1.84594
G0 F3600 X134.4 Y120.7
G0 X133.81 Y119.91
;TYPE:SKIN
G1 F1800 X110.19 Y119.91 E2.14215
G1 X110.19 Y109.09 E2.27783
G1 X133.81 Y109.09 E2.57404
G1 X133.81 Y119.91 E2.70972
G0 F3600 X133.629 Y109.87
G1 F1800 X133.028 Y109.269 E2.72038
G0 F3600 X132.463 Y109.269
G1 F1800 X133.629 Y110.436 E2.74107
G0 F3600 X133.629 Y111.002
G1 F1800 X131.897 Y109.269 E2.7718
G0 F3600 X131.331 Y109.269
G1 F1800 X133.629 Y111.568 E2.81256
G0 F3600 X133.629 Y112.133
G1 F1800 X130.765 Y109.269 E2.86335
G0 F3600 X130.2 Y109.269
G1 F1800 X133.629 Y112.699 E2.92417
G0 F3600 X133.629 Y113.265
G1 F1800 X129.634 Y109.269 E2.99503
G0 F3600 X129.068 Y109.269
G1 F1800 X133.629 Y113.83 E3.07592
G0 F3600 X133.629 Y114.396
G1 F1800 X128.503 Y109.269 E3.16684
G0 F3600 X127.937 Y109.269
G1 F1800 X133.629 Y114.962 E3.26779
G0 F3600 X133.629 Y115.527
G1 F1800 X127.371 Y109.269 E3.37878
G0 F3600 X126.806 Y109.269
G1 F1800 X133.629 Y116.093 E3.49979
G0 F3600 X133.629 Y116.659
G1 F1800 X126.24 Y109.269 E3.63084
G0 F3600 X125.674 Y109.269
G1 F1800 X133.629 Y117.224 E3.77192
G0 F3600 X133.629 Y117.79
G1 F1800 X125.109 Y109.269 E3.92303
G0 F3600 X124.543 Y109.269
G1 F1800 X133.629 Y118.356 E4.08418
G0 F3600 X133.629 Y118.921
G1 F1800 X123.977 Y109.269 E4.25535
G0 F3600 X123.412 Y109.269
G1 F1800 X133.629 Y119.487 E4.43656
G0 F3600 X133.305 Y119.729
G1 F1800 X122.846 Y109.269 E4.62205
G0 F3600 X122.28 Y109.269
G1 F1800 X132.74 Y119.729 E4.80756
G0 F3600 X132.174 Y119.729
G1 F1800 X121.714 Y109.269 E4.99307
G0 F3600 X121.149 Y109.269
G1 F1800 X131.608 Y119.729 E5.17856
G0 F3600 X131.043 Y119.729
G1 F1800 X120.583 Y109.269 E5.36407
G0 F3600 X120.017 Y109.269
G1 F1800 X130.477 Y119.729 E5.54957
G0 F3600 X129.911 Y119.729
G1 F1800 X119.452 Y109.269 E5.73507
G0 F3600 X118.886 Y109.269
G1 F1800 X129.346 Y119.729 E5.92058
G0 F3600 X128.78 Y119.729
G1 F1800 X118.32 Y109.269 E6.10608
G0 F3600 X117.755 Y109.269
G1 F1800 X128.214 Y119.729 E6.29158
G0 F3600 X127.649 Y119.729
G1 F1800 X117.189 Y109.269 E6.47708
G0 F3600 X116.623 Y109.269
G1 F1800 X127.083 Y119.729 E6.66259
G0 F3600 X126.517 Y119.729
G1 F1800 X116.058 Y109.269 E6.84809
G0 F3600 X115.492 Y109.269
G1 F1800 X125.951 Y119.729 E7.03358
G0 F3600 X125.386 Y119.729
G1 F1800 X114.926 Y109.269 E7.21909
G0 F3600 X114.361 Y109.269
G1 F1800 X124.82 Y119.729 E7.40459
G0 F3600 X124.254 Y119.729
G1 F1800 X113.795 Y109.269 E7.59008
G0 F3600 X113.229 Y109.269
G1 F1800 X123.689 Y119.729 E7.77559
G0 F3600 X123.123 Y119.729
G1 F1800 X112.664 Y109.269 E7.96108
G0 F3600 X112.098 Y109.269
G1 F1800 X122.557 Y119.729 E8.14658
G0 F3600 X121.992 Y119.729
G1 F1800 X111.532 Y109.269 E8.33209
G0 F3600 X110.966 Y109.269
G1 F1800 X121.426 Y119.729 E8.51759
G0 F3600 X120.86 Y119.729
G1 F1800 X110.401 Y109.269 E8.70309
G0 F3600 X110.368 Y109.803
G1 F1800 X120.295 Y119.729 E8.87913
G0 F3600 X119.729 Y119.729
G1 F1800 X110.368 Y110.368 E9.04515
G0 F3600 X110.368 Y110.934
G1 F1800 X119.163 Y119.729 E9.20113
G0 F3600 X118.598 Y119.729
G1 F1800 X110.368 Y111.5 E9.34707
G0 F3600 X110.368 Y112.065
G1 F1800 X118.032 Y119.729 E9.48299
G0 F3600 X117.466 Y119.729
G1 F1800 X110.368 Y112.631 E9.60887
G0 F3600 X110.368 Y113.197
G1 F1800 X116.901 Y119.729 E9.72473
G0 F3600 X116.335 Y119.729
G1 F1800 X110.368 Y113.762 E9.83055
G0 F3600 X110.368 Y114.328
G1 F1800 X115.769 Y119.729 E9.92634
G0 F3600 X115.203 Y119.729
G1 F1800 X110.369 Y114.894 E10.01207
G0 F3600 X110.369 Y115.46
M104 S210
G1 F1800 X114.638 Y119.729 E10.08778
G0 F3600 X114.072 Y119.729
G1 F1800 X110.369 Y116.026 E10.15346
G0 F3600 X110.369 Y116.592
G1 F1800 X113.506 Y119.729 E10.20909
G0 F3600 X112.941 Y119.729
G1 F1800 X110.369 Y117.157 E10.2547
G0 F3600 X110.369 Y117.723
G1 F1800 X112.375 Y119.729 E10.29028
G0 F3600 X111.809 Y119.729
G1 F1800 X110.369 Y118.289 E10.31582
G0 F3600 X110.369 Y118.854
G1 F1800 X111.244 Y119.729 E10.33134
G0 F3600 X110.678 Y119.729
G1 F1800 X110.369 Y119.42 E10.33682
;MESH:NONMESH
G0 F600 X110.369 Y119.42 Z0.4
G0 F3600 X134.13 Y120.23
G0 X134.2 Y120.3
;TIME_ELAPSED:34.256078
;LAYER:1
M106 S255
;TYPE:WALL-INNER
;MESH:output\B_media_suporte.stl
G1 F2700 X109.8 Y120.3 E10.6428
G1 X109.8 Y108.7 E10.78827
G1 X134.2 Y108.7 E11.09425
G1 X134.2 Y120.3 E11.23972
G0 F5400 X134.6 Y120.7
;TYPE:WALL-OUTER
G1 F1800 X109.4 Y120.7 E11.55574
G1 X109.4 Y108.3 E11.71124
G1 X134.6 Y108.3 E12.02726
G1 X134.6 Y120.7 E12.18276
G0 F5400 X134.4 Y120.7
G0 X133.81 Y119.91
;TYPE:SKIN
G1 F1800 X110.19 Y119.91 E12.47896
G1 X110.19 Y109.09 E12.61465
G1 X133.81 Y109.09 E12.91085
G1 X133.81 Y119.91 E13.04654
G0 F5400 X133.629 Y119.232
G1 F1800 X133.131 Y119.73 E13.05537
G0 F5400 X132.565 Y119.73
G1 F1800 X133.629 Y118.666 E13.07424
G0 F5400 X133.629 Y118.1
G1 F1800 X131.999 Y119.73 E13.10315
G0 F5400 X131.434 Y119.73
G1 F1800 X133.629 Y117.535 E13.14208
G0 F5400 X133.629 Y116.969
G1 F1800 X130.868 Y119.73 E13.19104
G0 F5400 X130.302 Y119.73
G1 F1800 X133.629 Y116.403 E13.25005
G0 F5400 X133.629 Y115.838
G1 F1800 X129.737 Y119.73 E13.31907
G0 F5400 X129.171 Y119.73
G1 F1800 X133.629 Y115.272 E13.39813
G0 F5400 X133.629 Y114.706
G1 F1800 X128.605 Y119.73 E13.48723
G0 F5400 X128.04 Y119.73
G1 F1800 X133.629 Y114.141 E13.58635
G0 F5400 X133.629 Y113.575
G1 F1800 X127.474 Y119.73 E13.69551
G0 F5400 X126.908 Y119.73
G1 F1800 X133.629 Y113.009 E13.8147
G0 F5400 X133.629 Y112.444
G1 F1800 X126.343 Y119.73 E13.94392
G0 F5400 X125.777 Y119.73
G1 F1800 X133.629 Y111.878 E14.08317
G0 F5400 X133.629 Y111.312
G1 F1800 X125.211 Y119.73 E14.23246
G0 F5400 X124.645 Y119.73
G1 F1800 X133.629 Y110.747 E14.39178
G0 F5400 X133.629 Y110.181
G1 F1800 X124.08 Y119.73 E14.56113
G0 F5400 X123.514 Y119.73
G1 F1800 X133.629 Y109.615 E14.74052
G0 F5400 X133.409 Y109.269
G1 F1800 X122.948 Y119.73 E14.92604
G0 F5400 X122.383 Y119.73
G1 F1800 X132.843 Y109.269 E15.11156
G0 F5400 X132.277 Y109.269
G1 F1800 X121.817 Y119.73 E15.29707
G0 F5400 X121.251 Y119.73
G1 F1800 X131.712 Y109.269 E15.48259
G0 F5400 X131.146 Y109.269
G1 F1800 X120.686 Y119.73 E15.66811
G0 F5400 X120.12 Y119.73
G1 F1800 X130.58 Y109.269 E15.85362
G0 F5400 X130.015 Y109.269
G1 F1800 X119.554 Y119.73 E16.03915
G0 F5400 X118.989 Y119.73
G1 F1800 X129.449 Y109.269 E16.22466
G0 F5400 X128.883 Y109.269
G1 F1800 X118.423 Y119.73 E16.41018
G0 F5400 X117.857 Y119.73
G1 F1800 X128.317 Y109.269 E16.59569
G0 F5400 X127.752 Y109.269
G1 F1800 X117.292 Y119.73 E16.7812
G0 F5400 X116.726 Y119.73
G1 F1800 X127.186 Y109.269 E16.96672
G0 F5400 X126.62 Y109.269
G1 F1800 X116.16 Y119.73 E17.15223
G0 F5400 X115.594 Y119.73
G1 F1800 X126.055 Y109.269 E17.33776
G0 F5400 X125.489 Y109.269
G1 F1800 X115.029 Y119.73 E17.52327
G0 F5400 X114.463 Y119.73
G1 F1800 X124.923 Y109.269 E17.70879
G0 F5400 X124.358 Y109.269
G1 F1800 X113.897 Y119.73 E17.89431
G0 F5400 X113.332 Y119.73
G1 F1800 X123.792 Y109.269 E18.07982
G0 F5400 X123.226 Y109.269
G1 F1800 X112.766 Y119.73 E18.26534
G0 F5400 X112.2 Y119.73
G1 F1800 X122.661 Y109.269 E18.45086
G0 F5400 X122.095 Y109.269
G1 F1800 X111.635 Y119.73 E18.63638
G0 F5400 X111.069 Y119.73
G1 F1800 X121.529 Y109.269 E18.82189
G0 F5400 X120.964 Y109.269
G1 F1800 X110.503 Y119.73 E19.00741
G0 F5400 X110.37 Y119.298
G1 F1800 X120.398 Y109.269 E19.18527
G0 F5400 X119.832 Y109.269
G1 F1800 X110.37 Y118.732 E19.35308
G0 F5400 X110.37 Y118.166
G1 F1800 X119.266 Y109.269 E19.51086
G0 F5400 X118.701 Y109.269
G1 F1800 X110.37 Y117.601 E19.65862
G0 F5400 X110.37 Y117.035
G1 F1800 X118.135 Y109.269 E19.79634
G0 F5400 X117.569 Y109.269
G1 F1800 X110.37 Y116.469 E19.92402
G0 F5400 X110.37 Y115.903
G1 F1800 X117.004 Y109.269 E20.04167
G0 F5400 X116.438 Y109.269
G1 F1800 X110.37 Y115.338 E20.14929
G0 F5400 X110.37 Y114.772
G1 F1800 X115.872 Y109.269 E20.24688
G0 F5400 X115.307 Y109.269
G1 F1800 X110.369 Y114.207 E20.33445
G0 F5400 X110.369 Y113.641
G1 F1800 X114.741 Y109.269 E20.41199
G0 F5400 X114.175 Y109.269
G1 F1800 X110.369 Y113.076 E20.4795
G0 F5400 X110.369 Y112.51
G1 F1800 X113.61 Y109.269 E20.53698
G0 F5400 X113.044 Y109.269
G1 F1800 X110.369 Y111.944 E20.58442
G0 F5400 X110.369 Y111.379
G1 F1800 X112.478 Y109.269 E20.62183
G0 F5400 X111.913 Y109.269
G1 F1800 X110.369 Y110.813 E20.64921
G0 F5400 X110.369 Y110.247
G1 F1800 X111.347 Y109.269 E20.66655
G0 F5400 X110.781 Y109.269
G1 F1800 X110.369 Y109.682 E20.67387
;MESH:NONMESH
G0 F600 X110.369 Y109.682 Z0.6
G0 F5400 X110.188 Y110.9
;TIME_ELAPSED:62.355495
;LAYER:2
;TYPE:WALL-OUTER
;MESH:output\B_media_suporte.stl
G1 F1800 X109.8 Y110.9 E20.67874
G1 X109.8 Y110.4 E20.68501
G1 X110.004 Y110.4 E20.68756
G1 X110.226 Y110.391 E20.69035
G1 X110.226 Y110.898 E20.69671
G1 X110.188 Y110.9 E20.69719
G0 F7200 X109.988 Y110.9
G0 X109.988 Y110.8
G1 F1500 E14.19719
G0 F7200 X110.213 Y113.405
G1 F1500 E20.69719
G0 F7200 X110.188 Y113.9
G1 F1800 X109.8 Y113.9 E20.70205
G1 X109.8 Y113.4 E20.70832
G1 X110.004 Y113.4 E20.71088
G1 X110.226 Y113.391 E20.71367
G1 X110.226 Y113.898 E20.72002
G1 X110.188 Y113.9 E20.7205
G0 F7200 X109.988 Y113.9
G0 X109.988 Y113.8
G1 F1500 E14.2205
G0 F7200 X109.967 Y116.42
G1 F1500 E20.7205
G0 F7200 X109.962 Y116.89
G1 F1800 X109.8 Y116.899 E20.72254
G1 X109.8 Y116.4 E20.72879
G1 X110.004 Y116.4 E20.73135
G1 X110.226 Y116.391 E20.73414
G1 X110.226 Y116.898 E20.7405
G1 X110.216 Y116.9 E20.74062
G1 X110.019 Y116.9 E20.74309
G1 X109.962 Y116.89 E20.74382
G0 F7200 X109.8 Y116.899
G0 X109.8 Y116.861
G0 X109.826 Y116.861
G1 F1500 E14.24382
G0 F7200 X109.897 Y116.793
G0 X110.213 Y119.405
G1 F1500 E20.74382
G0 F7200 X110.188 Y119.9
G1 F1800 X109.8 Y119.9 E20.74869
G1 X109.8 Y119.4 E20.75496
G1 X110.004 Y119.4 E20.75751
G1 X110.226 Y119.391 E20.7603
G1 X110.226 Y119.898 E20.76666
G1 X110.188 Y119.9 E20.76714
G0 F7200 X109.988 Y119.9
G0 X109.988 Y119.8
G1 F1500 E14.26714
G0 F7200 X111.091 Y119.792
G0 X116.91 Y119.779
G0 X118.024 Y119.792
G1 F1500 E20.76714
G0 F7200 X118.032 Y119.891
G1 F1800 X117.982 Y119.9 E20.76777
G1 X117.8 Y119.9 E20.77005
G1 X117.775 Y119.893 E20.77038
G1 X117.774 Y119.39 E20.77669
G1 X117.896 Y119.398 E20.77822
G1 X118.226 Y119.391 E20.78236
G1 X118.226 Y119.891 E20.78863
G1 X118.032 Y119.891 E20.79106
G0 F7200 X117.982 Y119.9
G0 X117.832 Y119.9
G0 X118 Y119.697
;TYPE:SKIN
G1 F1800 X117.969 Y119.666 E20.79134
G0 F7200 X117.826 Y119.667
G1 F1500 E14.29134
G0 F7200 X117.875 Y119.668
G0 X117.981 Y116.881
G1 F1500 E20.79134
G0 F7200 X118.032 Y116.891
;TYPE:WALL-OUTER
G1 F1800 X117.982 Y116.9 E20.79198
G1 X117.8 Y116.9 E20.79426
G1 X117.775 Y116.893 E20.79458
G1 X117.774 Y116.39 E20.80089
G1 X117.896 Y116.398 E20.80242
G1 X118.226 Y116.391 E20.80656
G1 X118.226 Y116.891 E20.81283
G1 X118.032 Y116.891 E20.81527
G0 F7200 X117.982 Y116.9
G0 X117.832 Y116.9
G0 X118.175 Y116.501
G1 F1500 E14.31527
G0 F7200 X118.126 Y116.501
G0 X117.981 Y113.881
G1 F1500 E20.81527
G0 F7200 X118.032 Y113.891
G1 F1800 X117.982 Y113.9 E20.8159
G1 X117.8 Y113.9 E20.81819
G1 X117.775 Y113.893 E20.81851
G1 X117.774 Y113.39 E20.82482
G1 X117.896 Y113.398 E20.82635
G1 X118.226 Y113.391 E20.83049
G1 X118.226 Y113.891 E20.83676
G1 X118.032 Y113.891 E20.8392
G0 F7200 X117.982 Y113.9
G0 X117.832 Y113.9
G0 X118.175 Y113.501
G1 F1500 E14.3392
G0 F7200 X118.126 Y113.501
G0 X117.981 Y110.881
G1 F1500 E20.8392
G0 F7200 X118.032 Y110.891
G1 F1800 X117.982 Y110.9 E20.83983
G1 X117.8 Y110.9 E20.84211
G1 X117.775 Y110.893 E20.84244
G1 X117.774 Y110.39 E20.84875
G1 X117.896 Y110.398 E20.85028
G1 X118.226 Y110.391 E20.85442
G1 X118.226 Y110.891 E20.86069
G1 X118.032 Y110.891 E20.86312
G0 F7200 X117.982 Y110.9
G0 X117.832 Y110.9
G0 X118.03 Y110.676
;TYPE:SKIN
G1 F1800 X117.968 Y110.614 E20.86367
G0 F7200 X117.826 Y110.615
G1 F1500 E14.36367
G0 F7200 X117.875 Y110.616
G0 X119.091 Y110.792
G0 X124.91 Y110.779
G0 X126.024 Y110.792
G1 F1500 E20.86367
G0 F7200 X126.032 Y110.891
;TYPE:WALL-OUTER
G1 F1800 X125.982 Y110.9 E20.86431
G1 X125.8 Y110.9 E20.86659
G1 X125.775 Y110.893 E20.86692
G1 X125.774 Y110.391 E20.87321
G1 X126.104 Y110.398 E20.87735
G1 X126.226 Y110.39 E20.87889
G1 X126.226 Y110.891 E20.88517
G1 X126.032 Y110.891 E20.8876
G0 F7200 X125.982 Y110.9
G0 X125.832 Y110.9
G0 X126.175 Y110.501
G1 F1500 E14.3876
G0 F7200 X126.126 Y110.501
G0 X125.926 Y113.414
G1 F1500 E20.8876
G0 F7200 X126.032 Y113.891
G1 F1800 X125.982 Y113.9 E20.88824
G1 X125.8 Y113.9 E20.89052
G1 X125.775 Y113.893 E20.89085
G1 X125.774 Y113.391 E20.89714
G1 X126.104 Y113.398 E20.90128
G1 X126.226 Y113.39 E20.90281
G1 X126.226 Y113.891 E20.9091
G1 X126.032 Y113.891 E20.91153
G0 F7200 X125.982 Y113.9
G0 X125.832 Y113.9
G0 X126.175 Y113.501
G1 F1500 E14.41153
G0 F7200 X126.126 Y113.501
G0 X125.926 Y116.414
G1 F1500 E20.91153
G0 F7200 X126.032 Y116.891
G1 F1800 X125.982 Y116.9 E20.91217
G1 X125.8 Y116.9 E20.91445
G1 X125.775 Y116.893 E20.91477
G1 X125.774 Y116.391 E20.92107
G1 X126.104 Y116.398 E20.92521
G1 X126.226 Y116.39 E20.92674
G1 X126.226 Y116.891 E20.93303
G1 X126.032 Y116.891 E20.93546
G0 F7200 X125.982 Y116.9
G0 X125.832 Y116.9
G0 X126.026 Y116.693
;TYPE:SKIN
G1 F1800 X125.968 Y116.634 E20.93598
G0 F7200 X125.826 Y116.635
G1 F1500 E14.43598
G0 F7200 X125.875 Y116.636
G0 X125.926 Y119.414
G1 F1500 E20.93598
G0 F7200 X126.032 Y119.891
;TYPE:WALL-OUTER
G1 F1800 X125.982 Y119.9 E20.93661
G1 X125.8 Y119.9 E20.9389
G1 X125.775 Y119.893 E20.93922
G1 X125.774 Y119.391 E20.94552
G1 X126.104 Y119.398 E20.94966
G1 X126.226 Y119.39 E20.95119
G1 X126.226 Y119.891 E20.95747
G1 X126.032 Y119.891 E20.95991
G0 F7200 X125.982 Y119.9
G0 X125.832 Y119.9
G0 X126.175 Y119.501
G1 F1500 E14.45991
G0 F7200 X126.126 Y119.501
G0 X127.091 Y119.791
G0 X132.91 Y119.778
G0 X134.032 Y119.791
G1 F1500 E20.95991
G0 F7200 X134.038 Y119.89
G1 F1800 X133.982 Y119.9 E20.96062
G1 X133.8 Y119.9 E20.9629
G1 X133.775 Y119.893 E20.96323
G1 X133.774 Y119.391 E20.96952
G1 X133.996 Y119.4 E20.97231
G1 X134.2 Y119.4 E20.97487
G1 X134.2 Y119.899 E20.98112
G1 X134.038 Y119.89 E20.98316
G0 F7200 X133.982 Y119.9
G0 X133.838 Y119.9
G0 X134.175 Y119.501
G1 F1500 E14.48316
G0 F7200 X134.1 Y119.501
G0 X133.925 Y116.88
G1 F1500 E20.98316
G0 F7200 X134.038 Y116.89
G1 F1800 X133.982 Y116.9 E20.98387
G1 X133.8 Y116.9 E20.98615
G1 X133.775 Y116.893 E20.98648
G1 X133.774 Y116.391 E20.99278
G1 X133.996 Y116.4 E20.99556
G1 X134.2 Y116.4 E20.99812
G1 X134.2 Y116.899 E21.00438
G1 X134.038 Y116.89 E21.00641
G0 F7200 X133.982 Y116.9
G0 X133.838 Y116.9
G0 X134.175 Y116.501
G1 F1500 E14.50641
G0 F7200 X134.1 Y116.501
G0 X133.925 Y113.88
G1 F1500 E21.00641
G0 F7200 X134.038 Y113.89
G1 F1800 X133.982 Y113.9 E21.00713
G1 X133.8 Y113.9 E21.00941
G1 X133.775 Y113.893 E21.00973
G1 X133.774 Y113.391 E21.01603
G1 X133.996 Y113.4 E21.01881
G1 X134.2 Y113.4 E21.02137
G1 X134.2 Y113.899 E21.02763
G1 X134.038 Y113.89 E21.02967
G0 F7200 X133.982 Y113.9
G0 X133.838 Y113.9
G0 X134.175 Y113.501
G1 F1500 E14.52967
G0 F7200 X134.1 Y113.501
G0 X133.925 Y110.88
G1 F1500 E21.02967
G0 F7200 X134.038 Y110.89
G1 F1800 X133.982 Y110.9 E21.03038
G1 X133.8 Y110.9 E21.03266
G1 X133.775 Y110.893 E21.03299
G1 X133.774 Y110.391 E21.03928
G1 X133.996 Y110.4 E21.04207
G1 X134.2 Y110.4 E21.04463
G1 X134.2 Y110.899 E21.05088
G1 X134.038 Y110.89 E21.05292
G0 F7200 X133.982 Y110.9
G0 X133.838 Y110.9
G0 X134.175 Y110.501
G1 F1500 E14.55292
;MESH:NONMESH
G0 F600 X134.175 Y110.501 Z0.8
G0 F7200 X134.1 Y110.501
G0 X132.91 Y110.755
G0 X127.05 Y111.878
G0 X119.05 Y111.878
G0 X117.158 Y111.766
G0 X111.091 Y110.753
G1 F1500 E21.05292
G0 F7200 X110.278 Y110.883
;TIME_ELAPSED:73.675260
;LAYER:3
;TYPE:WALL-OUTER
;MESH:output\B_media_suporte.stl
G1 F1800 X110.2 Y110.887 E21.0539
G1 X110.2 Y110.393 E21.06009
G1 X110.325 Y110.38 E21.06167
G1 X110.435 Y110.363 E21.06306
G1 X110.436 Y110.858 E21.06687
G1 X110.278 Y110.883 E21.06888
G0 F7200 X110.2 Y110.887
G0 X110.2 Y110.765
G1 F1500 E14.56888
G0 F7200 X110.3 Y110.765
G0 X110.423 Y113.378
G1 F1500 E21.06888
G0 F7200 X110.278 Y113.883
G1 F1800 X110.2 Y113.887 E21.06986
G1 X110.2 Y113.393 E21.07605
G1 X110.325 Y113.38 E21.07763
G1 X110.435 Y113.363 E21.07903
G1 X110.436 Y113.858 E21.08284
G1 X110.278 Y113.883 E21.08484
G0 F7200 X110.2 Y113.887
G0 X110.2 Y113.765
G1 F1500 E14.58484
G0 F7200 X110.3 Y113.765
G0 X110.423 Y116.378
G1 F1500 E21.08484
G0 F7200 X110.278 Y116.883
G1 F1800 X110.2 Y116.887 E21.08582
G1 X110.2 Y116.393 E21.09202
G1 X110.325 Y116.38 E21.09359
G1 X110.435 Y116.363 E21.09499
G1 X110.435 Y116.858 E21.09879
G1 X110.278 Y116.883 E21.10078
G0 F7200 X110.2 Y116.887
G0 X110.2 Y116.765
G1 F1500 E14.60078
G0 F7200 X110.3 Y116.765
G0 X110.423 Y119.378
G1 F1500 E21.10078
G0 F7200 X110.278 Y119.883
G1 F1800 X110.2 Y119.887 E21.10176
G1 X110.2 Y119.393 E21.10796
G1 X110.325 Y119.38 E21.10953
G1 X110.435 Y119.363 E21.11093
G1 X110.435 Y119.858 E21.11473
G1 X110.278 Y119.883 E21.11673
G0 F7200 X110.2 Y119.887
G0 X110.2 Y119.765
G1 F1500 E14.61673
G0 F7200 X110.3 Y119.765
G0 X111.3 Y119.781
G0 X116.7 Y119.781
G0 X118.276 Y119.781
G1 F1500 E21.11673
G0 F7200 X118.282 Y119.882
G1 F1800 X117.711 Y119.882 E21.12389
G1 X117.565 Y119.859 E21.12574
G1 X117.565 Y119.363 E21.13196
G1 X117.675 Y119.38 E21.13336
G1 X117.784 Y119.391 E21.13473
G1 X117.896 Y119.398 E21.13614
G1 X118.212 Y119.392 E21.1401
G1 X118.325 Y119.38 E21.14153
G1 X118.435 Y119.363 E21.14292
G1 X118.436 Y119.858 E21.14913
G1 X118.282 Y119.882 E21.15108
G0 F7200 X118.082 Y119.882
G0 X118.212 Y119.658
;TYPE:SKIN
G1 F1800 X117.949 Y119.638 E21.15243
G0 F7200 X117.906 Y119.798
G1 F1500 E14.65243
G0 F7200 X117.906 Y119.782
G0 X118.281 Y116.863
G1 F1500 E21.15243
G0 F7200 X118.282 Y116.882
;TYPE:WALL-OUTER
G1 F1800 X117.714 Y116.882 E21.15955
G1 X117.565 Y116.859 E21.16144
G1 X117.564 Y116.363 E21.16766
G1 X117.675 Y116.38 E21.16907
G1 X117.784 Y116.391 E21.17044
G1 X117.896 Y116.398 E21.17185
G1 X118.212 Y116.392 E21.17582
G1 X118.325 Y116.38 E21.17724
G1 X118.435 Y116.363 E21.17864
G1 X118.436 Y116.858 E21.18484
G1 X118.282 Y116.882 E21.1868
G0 F7200 X118.082 Y116.882
G0 X118.121 Y116.637
;TYPE:SKIN
G1 F1800 X117.836 Y116.639 E21.18852
G0 F7200 X117.769 Y116.791
G1 F1500 E14.68852
G0 F7200 X117.769 Y116.782
G0 X118.281 Y113.863
G1 F1500 E21.18852
G0 F7200 X118.282 Y113.882
;TYPE:WALL-OUTER
G1 F1800 X117.711 Y113.882 E21.19568
G1 X117.565 Y113.859 E21.19754
G1 X117.564 Y113.363 E21.20376
G1 X117.675 Y113.38 E21.20516
G1 X117.784 Y113.391 E21.20654
G1 X117.896 Y113.398 E21.20795
G1 X118.212 Y113.392 E21.21191
G1 X118.325 Y113.38 E21.21333
G1 X118.435 Y113.363 E21.21473
G1 X118.436 Y113.858 E21.22094
G1 X118.282 Y113.882 E21.22289
G0 F7200 X118.082 Y113.882
G0 X117.961 Y113.686
;TYPE:SKIN
G1 F1800 X118.058 Y113.589 E21.22375
G0 F7200 X118.061 Y113.482
G1 F1500 E14.72375
G0 F7200 X118.06 Y113.495
G0 X118.281 Y110.863
G1 F1500 E21.22375
G0 F7200 X118.282 Y110.882
;TYPE:WALL-OUTER
G1 F1800 X117.711 Y110.882 E21.23091
G1 X117.565 Y110.859 E21.23277
G1 X117.564 Y110.363 E21.23899
G1 X117.675 Y110.38 E21.24039
G1 X117.784 Y110.391 E21.24177
G1 X117.896 Y110.398 E21.24318
G1 X118.212 Y110.392 E21.24714
G1 X118.325 Y110.38 E21.24856
G1 X118.435 Y110.363 E21.24996
G1 X118.436 Y110.858 E21.25617
G1 X118.282 Y110.882 E21.25812
G0 F7200 X118.082 Y110.882
G0 X118.182 Y110.636
;TYPE:SKIN
G1 F1800 X117.897 Y110.638 E21.25985
G0 F7200 X117.829 Y110.795
G1 F1500 E14.75985
G0 F7200 X117.829 Y110.782
G0 X119.301 Y110.843
G0 X124.701 Y110.833
G0 X126.276 Y110.781
G1 F1500 E21.25985
G0 F7200 X126.282 Y110.882
;TYPE:WALL-OUTER
G1 F1800 X125.711 Y110.882 E21.26701
G1 X125.565 Y110.859 E21.26886
G1 X125.564 Y110.363 E21.27508
G1 X125.675 Y110.38 E21.27649
G1 X125.788 Y110.392 E21.27791
G1 X126.104 Y110.398 E21.28188
G1 X126.216 Y110.391 E21.28328
G1 X126.325 Y110.38 E21.28466
G1 X126.435 Y110.363 E21.28605
G1 X126.436 Y110.858 E21.29226
G1 X126.282 Y110.882 E21.29422
G0 F7200 X126.082 Y110.882
G0 X126.1 Y110.638
;TYPE:SKIN
G1 F1800 X125.818 Y110.636 E21.29595
G0 F7200 X125.736 Y110.791
G1 F1500 E14.79595
G0 F7200 X125.736 Y110.782
G0 X126.423 Y113.378
G1 F1500 E21.29595
G0 F7200 X126.282 Y113.882
;TYPE:WALL-OUTER
G1 F1800 X125.711 Y113.882 E21.30311
G1 X125.565 Y113.859 E21.30496
G1 X125.564 Y113.363 E21.31118
G1 X125.675 Y113.38 E21.31259
G1 X125.788 Y113.392 E21.31401
G1 X126.104 Y113.398 E21.31798
G1 X126.216 Y113.391 E21.31938
G1 X126.325 Y113.38 E21.32076
G1 X126.435 Y113.363 E21.32215
G1 X126.436 Y113.858 E21.32836
G1 X126.282 Y113.882 E21.33032
G0 F7200 X126.082 Y113.882
G0 X126.201 Y113.649
;TYPE:SKIN
G1 F1800 X125.928 Y113.639 E21.33183
G0 F7200 X125.874 Y113.793
G1 F1500 E14.83183
G0 F7200 X125.874 Y113.782
G0 X126.423 Y116.378
G1 F1500 E21.33183
G0 F7200 X126.282 Y116.882
;TYPE:WALL-OUTER
G1 F1800 X125.714 Y116.882 E21.33896
G1 X125.565 Y116.859 E21.34085
G1 X125.564 Y116.363 E21.34707
G1 X125.675 Y116.38 E21.34848
G1 X125.788 Y116.392 E21.3499
G1 X126.104 Y116.398 E21.35387
G1 X126.216 Y116.391 E21.35527
G1 X126.325 Y116.38 E21.35665
G1 X126.435 Y116.363 E21.35804
G1 X126.435 Y116.858 E21.36425
G1 X126.282 Y116.882 E21.36619
G0 F7200 X126.082 Y116.882
G0 X126.039 Y116.639
;TYPE:SKIN
G1 F1800 X125.783 Y116.612 E21.36748
G0 F7200 X125.962 Y116.795
G1 F1500 E14.86748
G0 F7200 X125.962 Y116.782
G0 X126.423 Y119.378
G1 F1500 E21.36748
G0 F7200 X126.282 Y119.882
;TYPE:WALL-OUTER
G1 F1800 X125.711 Y119.882 E21.37464
G1 X125.565 Y119.859 E21.37649
G1 X125.564 Y119.363 E21.38271
G1 X125.675 Y119.38 E21.38412
G1 X125.788 Y119.392 E21.38555
G1 X126.104 Y119.398 E21.38951
G1 X126.216 Y119.391 E21.39092
G1 X126.325 Y119.38 E21.39229
G1 X126.435 Y119.363 E21.39369
G1 X126.435 Y119.858 E21.39989
G1 X126.282 Y119.882 E21.40184
G0 F7200 X126.082 Y119.882
G0 X126.153 Y119.637
;TYPE:SKIN
G1 F1800 X125.869 Y119.638 E21.40359
G0 F7200 X125.814 Y119.792
G1 F1500 E14.90359
G0 F7200 X125.814 Y119.782
G0 X127.3 Y119.46
G0 X132.7 Y119.46
G1 F1500 E21.40359
G0 F7200 X133.8 Y119.393
;TYPE:WALL-OUTER
G1 F1800 X133.8 Y119.887 E21.40978
G1 X133.712 Y119.882 E21.41089
G1 X133.565 Y119.859 E21.41275
G1 X133.565 Y119.363 E21.41657
G1 X133.675 Y119.38 E21.41796
G1 X133.8 Y119.393 E21.41954
G0 F7200 X133.8 Y119.593
G1 F1500 E14.91954
G0 F7200 X133.7 Y119.593
G0 X133.726 Y116.863
G1 F1500 E21.41954
G0 F7200 X133.8 Y116.393
G1 F1800 X133.8 Y116.887 E21.42574
G1 X133.715 Y116.882 E21.4268
G1 X133.565 Y116.859 E21.42871
G1 X133.564 Y116.363 E21.43253
G1 X133.675 Y116.38 E21.43393
G1 X133.8 Y116.393 E21.43551
G0 F7200 X133.8 Y116.593
G1 F1500 E14.93551
G0 F7200 X133.7 Y116.593
G0 X133.721 Y113.863
G1 F1500 E21.43551
G0 F7200 X133.8 Y113.393
G1 F1800 X133.8 Y113.887 E21.4417
G1 X133.712 Y113.882 E21.44281
G1 X133.565 Y113.859 E21.44468
G1 X133.564 Y113.363 E21.4485
G1 X133.675 Y113.38 E21.4499
G1 X133.8 Y113.393 E21.45148
G0 F7200 X133.8 Y113.593
G1 F1500 E14.95148
G0 F7200 X133.7 Y113.593
G0 X133.721 Y110.863
G1 F1500 E21.45148
G0 F7200 X133.8 Y110.393
G1 F1800 X133.8 Y110.887 E21.45767
G1 X133.712 Y110.882 E21.45878
G1 X133.565 Y110.859 E21.46065
G1 X133.564 Y110.363 E21.46447
G1 X133.675 Y110.38 E21.46587
G1 X133.8 Y110.393 E21.46745
G0 F7200 X133.8 Y110.593
G1 F1500 E14.96745
;MESH:NONMESH
G0 F600 X133.8 Y110.593 Z1
G0 F7200 X133.7 Y110.593
G0 X132.7 Y110.394
G0 X126.351 Y111.746
G0 X117.517 Y111.728
G0 X111.3 Y110.436
G1 F1500 E21.46745
G0 F7200 X110.541 Y110.347
;TIME_ELAPSED:85.160985
;LAYER:4
;TYPE:WALL-OUTER
;MESH:output\B_media_suporte.stl
G1 F1800 X110.645 Y110.319 E21.4688
G1 X110.646 Y110.805 E21.47489
G1 X110.463 Y110.854 E21.47727
G1 X110.278 Y110.883 E21.47962
G1 X110.2 Y110.887 E21.4806
G1 X110.2 Y110.393 E21.48679
G1 X110.325 Y110.38 E21.48837
G1 X110.541 Y110.347 E21.49111
G0 F7200 X110.645 Y110.319
G0 X110.645 Y110.412
G0 X110.283 Y110.789
G1 F1500 E14.99111
G0 F7200 X110.299 Y110.779
G0 X110.633 Y113.334
G1 F1500 E21.49111
G0 F7200 X110.541 Y113.347
G1 F1800 X110.645 Y113.319 E21.49246
G1 X110.646 Y113.805 E21.49855
G1 X110.463 Y113.854 E21.50093
G1 X110.278 Y113.883 E21.50328
G1 X110.2 Y113.887 E21.50426
G1 X110.2 Y113.393 E21.51045
G1 X110.325 Y113.38 E21.51203
G1 X110.541 Y113.347 E21.51477
G0 F7200 X110.645 Y113.319
G0 X110.645 Y113.412
G0 X110.283 Y113.789
G1 F1500 E15.01477
G0 F7200 X110.299 Y113.779
G0 X110.633 Y116.334
G1 F1500 E21.51477
G0 F7200 X110.541 Y116.347
G1 F1800 X110.645 Y116.319 E21.51612
G1 X110.645 Y116.805 E21.52221
G1 X110.464 Y116.854 E21.52457
G1 X110.278 Y116.883 E21.52693
G1 X110.2 Y116.887 E21.52791
G1 X110.2 Y116.393 E21.5341
G1 X110.325 Y116.38 E21.53568
G1 X110.541 Y116.347 E21.53842
G0 F7200 X110.645 Y116.319
G0 X110.645 Y116.412
G0 X110.435 Y116.657
;TYPE:SKIN
G1 F1800 X110.394 Y116.617 E21.53878
G0 F7200 X110.245 Y116.617
G1 F1500 E15.03878
G0 F7200 X110.3 Y116.617
G0 X110.633 Y119.334
G1 F1500 E21.53878
G0 F7200 X110.541 Y119.347
;TYPE:WALL-OUTER
G1 F1800 X110.645 Y119.319 E21.54013
G1 X110.645 Y119.805 E21.54622
G1 X110.464 Y119.854 E21.54857
G1 X110.278 Y119.883 E21.55093
G1 X110.2 Y119.887 E21.55191
G1 X110.2 Y119.393 E21.55811
G1 X110.325 Y119.38 E21.55968
G1 X110.541 Y119.347 E21.56242
G0 F7200 X110.645 Y119.319
G0 X110.645 Y119.412
G0 X110.283 Y119.789
G1 F1500 E15.06242
G0 F7200 X110.299 Y119.779
G0 X111.51 Y119.443
G0 X116.49 Y119.443
G0 X118.545 Y119.443
G1 F1500 E21.56242
G0 F7200 X118.541 Y119.347
G1 F1800 X118.645 Y119.319 E21.56377
G1 X118.646 Y119.805 E21.56987
G1 X118.463 Y119.854 E21.57225
G1 X118.282 Y119.882 E21.57454
G1 X117.718 Y119.882 E21.58161
G1 X117.536 Y119.854 E21.58392
G1 X117.355 Y119.805 E21.58628
G1 X117.355 Y119.319 E21.59237
G1 X117.459 Y119.347 E21.59372
G1 X117.676 Y119.381 E21.59648
G1 X117.896 Y119.398 E21.59924
G1 X118.212 Y119.392 E21.60321
G1 X118.325 Y119.38 E21.60463
G1 X118.541 Y119.347 E21.60737
G0 F7200 X118.645 Y119.319
G0 X118.645 Y119.412
G0 X118.222 Y119.636
;TYPE:SKIN
G1 F1800 X117.942 Y119.639 E21.60872
G1 X117.643 Y119.622 E21.61016
G0 F7200 X117.599 Y119.46
G1 F1500 E15.11016
G0 F7200 X117.597 Y119.47
G0 X118.281 Y116.863
G1 F1500 E21.61016
G0 F7200 X118.541 Y116.347
;TYPE:WALL-OUTER
G1 F1800 X118.645 Y116.319 E21.61151
G1 X118.646 Y116.805 E21.61761
G1 X118.463 Y116.854 E21.61998
G1 X118.282 Y116.882 E21.62228
G1 X117.714 Y116.882 E21.6294
G1 X117.541 Y116.855 E21.6316
G1 X117.355 Y116.805 E21.63402
G1 X117.354 Y116.319 E21.64011
G1 X117.459 Y116.347 E21.64147
G1 X117.676 Y116.381 E21.64423
G1 X117.896 Y116.398 E21.64699
G1 X118.212 Y116.392 E21.65096
G1 X118.325 Y116.38 E21.65238
G1 X118.541 Y116.347 E21.65512
G0 F7200 X118.645 Y116.319
G0 X118.645 Y116.412
G0 X118.323 Y116.626
;TYPE:SKIN
G1 F1800 X118.052 Y116.638 E21.65641
G1 X117.764 Y116.632 E21.65777
G0 F7200 X117.743 Y116.482
G1 F1500 E15.15777
G0 F7200 X117.743 Y116.486
G0 X118.281 Y113.863
G1 F1500 E21.65777
G0 F7200 X118.541 Y113.347
;TYPE:WALL-OUTER
G1 F1800 X118.645 Y113.319 E21.65912
G1 X118.646 Y113.805 E21.66521
G1 X118.463 Y113.854 E21.66759
G1 X118.282 Y113.882 E21.66988
G1 X117.718 Y113.882 E21.67696
G1 X117.536 Y113.854 E21.67927
G1 X117.355 Y113.805 E21.68162
G1 X117.354 Y113.319 E21.68771
G1 X117.459 Y113.347 E21.68908
G1 X117.676 Y113.381 E21.69183
G1 X117.896 Y113.398 E21.6946
G1 X118.212 Y113.392 E21.69856
G1 X118.325 Y113.38 E21.69999
G1 X118.541 Y113.347 E21.70273
G0 F7200 X118.645 Y113.319
G0 X118.645 Y113.412
G0 X118.414 Y113.605
;TYPE:SKIN
G1 F1800 X118.162 Y113.637 E21.70369
G1 X117.59 Y113.63 E21.70587
G0 F7200 X117.74 Y113.788
G1 F1500 E15.20587
G0 F7200 X117.74 Y113.782
G0 X118.281 Y110.863
G1 F1500 E21.70587
G0 F7200 X118.541 Y110.347
;TYPE:WALL-OUTER
G1 F1800 X118.645 Y110.319 E21.70722
G1 X118.646 Y110.805 E21.71331
G1 X118.463 Y110.854 E21.71569
G1 X118.282 Y110.882 E21.71799
G1 X117.718 Y110.882 E21.72506
G1 X117.536 Y110.854 E21.72737
G1 X117.355 Y110.805 E21.72972
G1 X117.354 Y110.319 E21.73582
G1 X117.459 Y110.347 E21.73718
G1 X117.676 Y110.381 E21.73993
G1 X117.896 Y110.398 E21.7427
G1 X118.212 Y110.392 E21.74666
G1 X118.325 Y110.38 E21.74809
G1 X118.541 Y110.347 E21.75083
G0 F7200 X118.645 Y110.319
G0 X118.645 Y110.412
G0 X118.27 Y110.633
;TYPE:SKIN
G1 F1800 X117.993 Y110.639 E21.75214
G1 X117.701 Y110.63 E21.75352
G0 F7200 X117.66 Y110.469
G1 F1500 E15.25352
G0 F7200 X117.665 Y110.48
G0 X119.51 Y110.457
G0 X124.49 Y110.448
G0 X126.545 Y110.443
G1 F1500 E21.75352
G0 F7200 X126.542 Y110.347
;TYPE:WALL-OUTER
G1 F1800 X126.645 Y110.319 E21.75486
G1 X126.646 Y110.805 E21.76096
G1 X126.463 Y110.854 E21.76333
G1 X126.282 Y110.882 E21.76563
G1 X125.718 Y110.882 E21.7727
G1 X125.536 Y110.854 E21.77501
G1 X125.355 Y110.805 E21.77736
G1 X125.354 Y110.319 E21.78346
G1 X125.459 Y110.347 E21.78482
G1 X125.675 Y110.38 E21.78756
G1 X125.788 Y110.392 E21.78899
G1 X126.105 Y110.398 E21.79296
G1 X126.257 Y110.388 E21.79487
G1 X126.424 Y110.366 E21.79698
G1 X126.542 Y110.347 E21.79848
G0 F7200 X126.645 Y110.319
G0 X126.645 Y110.413
G0 X126.427 Y110.588
;TYPE:SKIN
G1 F1800 X126.195 Y110.638 E21.7994
G1 X125.608 Y110.617 E21.80168
G0 F7200 X125.73 Y110.79
G1 F1500 E15.30168
G0 F7200 X125.73 Y110.782
G0 X126.633 Y113.334
G1 F1500 E21.80168
G0 F7200 X126.542 Y113.347
;TYPE:WALL-OUTER
G1 F1800 X126.645 Y113.319 E21.80302
G1 X126.646 Y113.805 E21.80912
G1 X126.463 Y113.854 E21.81149
G1 X126.282 Y113.882 E21.81379
G1 X125.718 Y113.882 E21.82086
G1 X125.536 Y113.854 E21.82317
G1 X125.355 Y113.805 E21.82552
G1 X125.354 Y113.319 E21.83162
G1 X125.459 Y113.347 E21.83298
G1 X125.675 Y113.38 E21.83572
G1 X125.788 Y113.392 E21.83715
G1 X126.105 Y113.398 E21.84112
G1 X126.257 Y113.388 E21.84303
G1 X126.424 Y113.366 E21.84515
G1 X126.542 Y113.347 E21.84664
G0 F7200 X126.645 Y113.319
G0 X126.645 Y113.413
G0 X126.35 Y113.622
;TYPE:SKIN
G1 F1800 X126.084 Y113.639 E21.8479
G1 X125.797 Y113.635 E21.84925
G0 F7200 X125.724 Y113.482
G1 F1500 E15.34925
G0 F7200 X125.724 Y113.486
G0 X126.633 Y116.334
G1 F1500 E21.84925
G0 F7200 X126.542 Y116.347
;TYPE:WALL-OUTER
G1 F1800 X126.645 Y116.319 E21.85059
G1 X126.645 Y116.805 E21.85668
G1 X126.464 Y116.854 E21.85904
G1 X126.282 Y116.882 E21.86135
G1 X125.714 Y116.882 E21.86847
G1 X125.541 Y116.855 E21.87066
G1 X125.355 Y116.805 E21.87308
G1 X125.354 Y116.319 E21.87917
G1 X125.459 Y116.347 E21.88054
G1 X125.675 Y116.38 E21.88328
G1 X125.788 Y116.392 E21.8847
G1 X126.105 Y116.398 E21.88868
G1 X126.257 Y116.388 E21.89059
G1 X126.424 Y116.366 E21.8927
G1 X126.542 Y116.347 E21.8942
G0 F7200 X126.645 Y116.319
G0 X126.645 Y116.413
G0 X126.251 Y116.634
;TYPE:SKIN
G1 F1800 X125.971 Y116.637 E21.89557
G1 X125.678 Y116.627 E21.897
G0 F7200 X125.636 Y116.466
G1 F1500 E15.397
G0 F7200 X125.634 Y116.475
G0 X126.633 Y119.334
G1 F1500 E21.897
G0 F7200 X126.542 Y119.347
;TYPE:WALL-OUTER
G1 F1800 X126.645 Y119.319 E21.89834
G1 X126.645 Y119.805 E21.90444
G1 X126.464 Y119.854 E21.90679
G1 X126.282 Y119.882 E21.9091
G1 X125.718 Y119.882 E21.91617
G1 X125.536 Y119.854 E21.91848
G1 X125.355 Y119.805 E21.92083
G1 X125.354 Y119.319 E21.92693
G1 X125.459 Y119.347 E21.92829
G1 X125.675 Y119.38 E21.93103
G1 X125.788 Y119.392 E21.93245
G1 X126.105 Y119.398 E21.93643
G1 X126.257 Y119.388 E21.93834
G1 X126.424 Y119.366 E21.94045
G1 X126.542 Y119.347 E21.94195
G0 F7200 X126.645 Y119.319
G0 X126.645 Y119.413
G0 X126.401 Y119.613
;TYPE:SKIN
G1 F1800 X126.145 Y119.639 E21.94291
G1 X125.578 Y119.638 E21.94504
G0 F7200 X125.736 Y119.79
G1 F1500 E15.44504
G0 F7200 X125.736 Y119.782
G0 X127.51 Y119.46
G0 X132.49 Y119.46
G0 X133.7 Y119.46
G1 F1500 E21.94504
G0 F7200 X133.8 Y119.393
;TYPE:WALL-OUTER
G1 F1800 X133.8 Y119.887 E21.95123
G1 X133.722 Y119.883 E21.95221
G1 X133.536 Y119.854 E21.95457
G1 X133.355 Y119.805 E21.95692
G1 X133.355 Y119.319 E21.96302
G1 X133.459 Y119.347 E21.96437
G1 X133.675 Y119.38 E21.96711
G1 X133.8 Y119.393 E21.96869
G0 F7200 X133.8 Y119.593
G0 X133.755 Y119.593
G1 F1500 E15.46869
G0 F7200 X133.7 Y119.593
G0 X133.717 Y116.863
G1 F1500 E21.96869
G0 F7200 X133.8 Y116.393
G1 F1800 X133.8 Y116.887 E21.97488
G1 X133.716 Y116.882 E21.97594
G1 X133.596 Y116.865 E21.97746
G1 X133.541 Y116.855 E21.97816
G1 X133.355 Y116.805 E21.98057
G1 X133.354 Y116.319 E21.98667
G1 X133.459 Y116.347 E21.98803
G1 X133.675 Y116.38 E21.99077
G1 X133.8 Y116.393 E21.99235
G0 F7200 X133.8 Y116.593
G0 X133.604 Y116.633
;TYPE:SKIN
G1 F1800 X133.549 Y116.578 E21.99283
G0 F7200 X133.4 Y116.579
G1 F1500 E15.49283
G0 F7200 X133.455 Y116.58
G0 X133.724 Y113.864
G1 F1500 E21.99283
G0 F7200 X133.8 Y113.393
;TYPE:WALL-OUTER
G1 F1800 X133.8 Y113.887 E21.99903
G1 X133.722 Y113.883 E22.00001
G1 X133.536 Y113.854 E22.00237
G1 X133.355 Y113.805 E22.00472
G1 X133.354 Y113.319 E22.01081
G1 X133.459 Y113.347 E22.01218
G1 X133.675 Y113.38 E22.01492
G1 X133.8 Y113.393 E22.01649
G0 F7200 X133.8 Y113.593
G0 X133.755 Y113.594
G1 F1500 E15.51649
G0 F7200 X133.7 Y113.594
G0 X133.724 Y110.864
G1 F1500 E22.01649
G0 F7200 X133.8 Y110.393
G1 F1800 X133.8 Y110.887 E22.02269
G1 X133.722 Y110.883 E22.02367
G1 X133.536 Y110.854 E22.02603
G1 X133.355 Y110.805 E22.02838
G1 X133.354 Y110.319 E22.03447
G1 X133.459 Y110.347 E22.03584
G1 X133.675 Y110.38 E22.03858
G1 X133.8 Y110.393 E22.04015
G0 F7200 X133.8 Y110.593
G0 X133.755 Y110.594
G1 F1500 E15.54015
;MESH:NONMESH
G0 F600 X133.755 Y110.594 Z1.2
G0 F7200 X133.7 Y110.594
G0 X132.49 Y110.399
G0 X126.351 Y111.746
G0 X117.649 Y111.746
G0 X111.51 Y110.441
G1 F1500 E22.04015
G0 F7200 X110.542 Y110.347
;TIME_ELAPSED:97.178104
;LAYER:5
;TYPE:WALL-OUTER
;MESH:output\B_media_suporte.stl
G1 F1800 X110.855 Y110.263 E22.04422
G1 X110.856 Y110.747 E22.05029
G1 X110.838 Y110.754 E22.05053
G1 X110.464 Y110.854 E22.05538
G1 X110.278 Y110.883 E22.05774
G1 X110.2 Y110.887 E22.05872
G1 X110.2 Y110.392 E22.06493
G1 X110.227 Y110.391 E22.06527
G1 X110.358 Y110.376 E22.06692
G1 X110.542 Y110.347 E22.06926
G0 F7200 X110.735 Y110.296
G0 X110.66 Y110.522
;TYPE:SKIN
G1 F1800 X110.556 Y110.626 E22.07018
G0 F7200 X110.554 Y110.75
G1 F1500 E15.57018
G0 F7200 X110.55 Y110.728
G0 X110.843 Y113.278
G1 F1500 E22.07018
G0 F7200 X110.542 Y113.347
;TYPE:WALL-OUTER
G1 F1800 X110.855 Y113.263 E22.07425
G1 X110.856 Y113.747 E22.08032
G1 X110.838 Y113.754 E22.08056
G1 X110.464 Y113.854 E22.08541
G1 X110.278 Y113.883 E22.08777
G1 X110.2 Y113.887 E22.08875
G1 X110.2 Y113.392 E22.09496
G1 X110.227 Y113.391 E22.0953
G1 X110.358 Y113.376 E22.09695
G1 X110.542 Y113.347 E22.09929
G0 F7200 X110.735 Y113.296
G0 X110.454 Y113.557
;TYPE:SKIN
G1 F1800 X110.394 Y113.616 E22.09982
G0 F7200 X110.548 Y113.418
G1 F1500 E15.59982
G0 F7200 X110.55 Y113.447
G0 X110.843 Y116.278
G1 F1500 E22.09982
G0 F7200 X110.542 Y116.347
;TYPE:WALL-OUTER
G1 F1800 X110.855 Y116.263 E22.10388
G1 X110.856 Y116.747 E22.10995
G1 X110.838 Y116.754 E22.11019
G1 X110.464 Y116.854 E22.11505
G1 X110.278 Y116.883 E22.11741
G1 X110.2 Y116.887 E22.11839
G1 X110.2 Y116.392 E22.12459
G1 X110.227 Y116.391 E22.12493
G1 X110.358 Y116.376 E22.12659
G1 X110.542 Y116.347 E22.12892
G0 F7200 X110.735 Y116.296
G0 X110.585 Y116.536
;TYPE:SKIN
G1 F1800 X110.474 Y116.648 E22.12991
G0 F7200 X110.47 Y116.763
G1 F1500 E15.62991
G0 F7200 X110.469 Y116.75
G0 X110.843 Y119.278
G1 F1500 E22.12991
G0 F7200 X110.542 Y119.347
;TYPE:WALL-OUTER
G1 F1800 X110.855 Y119.263 E22.13398
G1 X110.856 Y119.747 E22.14004
G1 X110.838 Y119.754 E22.14029
G1 X110.464 Y119.854 E22.14514
G1 X110.278 Y119.883 E22.1475
G1 X110.2 Y119.887 E22.14848
G1 X110.2 Y119.392 E22.15469
G1 X110.227 Y119.391 E22.15503
G1 X110.358 Y119.376 E22.15668
G1 X110.542 Y119.347 E22.15902
G0 F7200 X110.735 Y119.296
G0 X110.66 Y119.573
;TYPE:SKIN
G1 F1800 X110.625 Y119.608 E22.15933
G0 F7200 X110.657 Y119.73
G1 F1500 E15.65933
G0 F7200 X110.652 Y119.701
G0 X111.72 Y119.458
G0 X116.28 Y119.447
G0 X118.562 Y119.444
G1 F1500 E22.15933
G0 F7200 X118.542 Y119.347
;TYPE:WALL-OUTER
G1 F1800 X118.855 Y119.263 E22.16339
G1 X118.856 Y119.747 E22.16946
G1 X118.838 Y119.754 E22.1697
G1 X118.464 Y119.854 E22.17456
G1 X118.282 Y119.882 E22.17687
G1 X117.718 Y119.882 E22.18394
G1 X117.536 Y119.854 E22.18625
G1 X117.167 Y119.755 E22.19104
G1 X117.145 Y119.746 E22.19134
G1 X117.144 Y119.263 E22.1974
G1 X117.459 Y119.347 E22.19901
G1 X117.688 Y119.382 E22.20192
G1 X117.895 Y119.398 E22.20452
G1 X118.213 Y119.392 E22.20851
G1 X118.357 Y119.376 E22.21033
G1 X118.542 Y119.347 E22.21267
G0 F7200 X118.735 Y119.296
G0 X118.572 Y119.581
;TYPE:SKIN
G1 F1800 X118.237 Y119.632 E22.21397
G1 X117.44 Y119.581 E22.21703
G0 F7200 X117.408 Y119.744
G1 F1500 E15.71703
G0 F7200 X117.415 Y119.719
G0 X117.719 Y116.863
G1 F1500 E22.21703
G0 F7200 X118.542 Y116.347
;TYPE:WALL-OUTER
G1 F1800 X118.855 Y116.263 E22.22109
G1 X118.856 Y116.747 E22.22716
G1 X118.838 Y116.754 E22.2274
G1 X118.464 Y116.854 E22.23226
G1 X118.282 Y116.882 E22.23457
G1 X117.718 Y116.882 E22.24164
G1 X117.536 Y116.854 E22.24395
G1 X117.167 Y116.755 E22.24874
G1 X117.145 Y116.747 E22.24903
G1 X117.145 Y116.263 E22.2551
G1 X117.459 Y116.347 E22.25918
G1 X117.688 Y116.382 E22.26208
G1 X117.895 Y116.398 E22.26469
G1 X118.213 Y116.392 E22.26868
G1 X118.357 Y116.376 E22.27049
G1 X118.542 Y116.347 E22.27284
G0 F7200 X118.735 Y116.296
G0 X118.429 Y116.611
;TYPE:SKIN
G1 F1800 X118.121 Y116.637 E22.27401
G1 X117.36 Y116.55 E22.27691
G0 F7200 X117.516 Y116.76
G1 F1500 E15.77691
G0 F7200 X117.519 Y116.747
G0 X118.546 Y116.366
G0 X118.281 Y113.863
G1 F1500 E22.27691
G0 F7200 X118.542 Y113.347
;TYPE:WALL-OUTER
G1 F1800 X118.855 Y113.263 E22.28098
G1 X118.856 Y113.747 E22.28705
G1 X118.838 Y113.754 E22.28729
G1 X118.464 Y113.854 E22.29214
G1 X118.282 Y113.882 E22.29445
G1 X117.718 Y113.882 E22.30152
G1 X117.536 Y113.854 E22.30383
G1 X117.167 Y113.755 E22.30863
G1 X117.145 Y113.746 E22.30892
G1 X117.144 Y113.263 E22.31498
G1 X117.459 Y113.347 E22.3166
G1 X117.688 Y113.382 E22.3195
G1 X117.895 Y113.398 E22.3221
G1 X118.213 Y113.392 E22.32609
G1 X118.357 Y113.376 E22.32791
G1 X118.542 Y113.347 E22.33026
G0 F7200 X118.735 Y113.296
G0 X118.629 Y113.584
;TYPE:SKIN
G1 F1800 X118.301 Y113.629 E22.33142
G1 X117.49 Y113.591 E22.33426
G0 F7200 X117.456 Y113.751
G1 F1500 E15.83426
G0 F7200 X117.461 Y113.732
G0 X118.546 Y113.366
G0 X118.281 Y110.863
G1 F1500 E22.33426
G0 F7200 X118.542 Y110.347
;TYPE:WALL-OUTER
G1 F1800 X118.855 Y110.263 E22.33833
G1 X118.856 Y110.747 E22.34439
G1 X118.838 Y110.754 E22.34464
G1 X118.464 Y110.854 E22.34949
G1 X118.282 Y110.882 E22.3518
G1 X117.718 Y110.882 E22.35887
G1 X117.536 Y110.854 E22.36118
G1 X117.167 Y110.755 E22.36597
G1 X117.145 Y110.747 E22.36627
G1 X117.145 Y110.263 E22.37234
G1 X117.459 Y110.347 E22.37641
G1 X117.688 Y110.382 E22.37932
G1 X117.895 Y110.398 E22.38192
G1 X118.213 Y110.392 E22.38591
G1 X118.357 Y110.376 E22.38773
G1 X118.542 Y110.347 E22.39008
G0 F7200 X118.735 Y110.296
G0 X118.503 Y110.599
;TYPE:SKIN
G1 F1800 X118.182 Y110.635 E22.39132
G1 X117.397 Y110.572 E22.39435
G0 F7200 X117.332 Y110.726
G1 F1500 E15.89435
G0 F7200 X117.339 Y110.699
G0 X118.855 Y110.459
G0 X124.28 Y110.459
G0 X126.562 Y110.444
G1 F1500 E22.39435
G0 F7200 X126.542 Y110.347
;TYPE:WALL-OUTER
G1 F1800 X126.855 Y110.263 E22.39842
G1 X126.856 Y110.747 E22.40449
G1 X126.838 Y110.754 E22.40473
G1 X126.464 Y110.854 E22.40958
G1 X126.282 Y110.882 E22.41189
G1 X125.718 Y110.882 E22.41897
G1 X125.536 Y110.854 E22.42128
G1 X125.167 Y110.755 E22.42607
G1 X125.145 Y110.747 E22.42636
G1 X125.145 Y110.263 E22.43243
G1 X125.459 Y110.347 E22.43651
G1 X125.687 Y110.381 E22.4394
G1 X125.788 Y110.392 E22.44067
G1 X126.117 Y110.398 E22.4448
G1 X126.23 Y110.39 E22.44622
G1 X126.358 Y110.376 E22.44783
G1 X126.542 Y110.347 E22.45017
G0 F7200 X126.735 Y110.296
G0 X126.406 Y110.615
;TYPE:SKIN
G1 F1800 X126.1 Y110.638 E22.45149
G1 X125.565 Y110.607 E22.45381
G0 F7200 X125.53 Y110.762
G1 F1500 E15.95381
G0 F7200 X125.533 Y110.751
G0 X126.843 Y113.278
G1 F1500 E22.45381
G0 F7200 X126.542 Y113.347
;TYPE:WALL-OUTER
G1 F1800 X126.855 Y113.263 E22.45787
G1 X126.856 Y113.747 E22.46394
G1 X126.838 Y113.754 E22.46419
G1 X126.464 Y113.854 E22.46904
G1 X126.282 Y113.882 E22.47135
G1 X125.718 Y113.882 E22.47842
G1 X125.536 Y113.854 E22.48073
G1 X125.167 Y113.755 E22.48552
G1 X125.145 Y113.746 E22.48582
G1 X125.144 Y113.263 E22.49188
G1 X125.459 Y113.347 E22.49349
G1 X125.687 Y113.381 E22.49638
G1 X125.788 Y113.392 E22.49766
G1 X126.117 Y113.398 E22.50178
G1 X126.23 Y113.39 E22.50321
G1 X126.358 Y113.376 E22.50482
G1 X126.542 Y113.347 E22.50716
G0 F7200 X126.735 Y113.296
G0 X126.543 Y113.589
;TYPE:SKIN
G1 F1800 X126.216 Y113.634 E22.50843
G1 X125.423 Y113.577 E22.51148
G0 F7200 X125.378 Y113.738
G1 F1500 E16.01148
G0 F7200 X125.385 Y113.711
G0 X126.843 Y116.278
G1 F1500 E22.51148
G0 F7200 X126.542 Y116.347
;TYPE:WALL-OUTER
G1 F1800 X126.855 Y116.263 E22.51555
G1 X126.856 Y116.747 E22.52161
G1 X126.838 Y116.754 E22.52186
G1 X126.464 Y116.854 E22.52671
G1 X126.282 Y116.882 E22.52902
G1 X125.718 Y116.882 E22.53609
G1 X125.536 Y116.854 E22.5384
G1 X125.167 Y116.755 E22.54319
G1 X125.145 Y116.747 E22.54349
G1 X125.145 Y116.263 E22.54956
G1 X125.459 Y116.347 E22.55363
G1 X125.687 Y116.381 E22.55652
G1 X125.788 Y116.392 E22.5578
G1 X126.117 Y116.398 E22.56192
G1 X126.23 Y116.39 E22.56335
G1 X126.358 Y116.376 E22.56496
G1 X126.542 Y116.347 E22.5673
G0 F7200 X126.735 Y116.296
G0 X126.334 Y116.626
;TYPE:SKIN
G1 F1800 X126.039 Y116.639 E22.56859
G1 X125.516 Y116.596 E22.57089
G0 F7200 X125.481 Y116.755
G1 F1500 E16.07089
G0 F7200 X125.485 Y116.738
G0 X126.843 Y119.278
G1 F1500 E22.57089
G0 F7200 X126.542 Y119.347
;TYPE:WALL-OUTER
G1 F1800 X126.855 Y119.263 E22.57496
G1 X126.856 Y119.747 E22.58103
G1 X126.838 Y119.754 E22.58127
G1 X126.464 Y119.854 E22.58612
G1 X126.282 Y119.882 E22.58843
G1 X125.718 Y119.882 E22.59551
G1 X125.536 Y119.854 E22.59782
G1 X125.167 Y119.755 E22.60261
G1 X125.145 Y119.746 E22.60291
G1 X125.144 Y119.263 E22.60896
G1 X125.459 Y119.347 E22.61058
G1 X125.687 Y119.381 E22.61347
G1 X125.788 Y119.392 E22.61474
G1 X126.117 Y119.398 E22.61887
G1 X126.23 Y119.39 E22.62029
G1 X126.358 Y119.376 E22.6219
G1 X126.542 Y119.347 E22.62424
G0 F7200 X126.735 Y119.296
G0 X126.466 Y119.606
;TYPE:SKIN
G1 F1800 X126.153 Y119.636 E22.62548
G1 X125.373 Y119.567 E22.62856
G0 F7200 X125.309 Y119.72
G1 F1500 E16.12856
G0 F7200 X125.316 Y119.693
G0 X126.855 Y119.474
G0 X132.28 Y119.462
G0 X133.7 Y119.46
G1 F1500 E22.62856
G0 F7200 X133.8 Y119.393
;TYPE:WALL-OUTER
G1 F1800 X133.8 Y119.887 E22.63475
G1 X133.722 Y119.883 E22.63573
G1 X133.536 Y119.854 E22.63809
G1 X133.167 Y119.755 E22.64289
G1 X133.145 Y119.746 E22.64318
G1 X133.144 Y119.263 E22.64924
G1 X133.459 Y119.347 E22.65086
G1 X133.687 Y119.381 E22.65375
G1 X133.8 Y119.393 E22.65517
G0 F7200 X133.8 Y119.593
G0 X133.582 Y119.561
;TYPE:SKIN
G1 F1800 X133.501 Y119.642 E22.65589
G0 F7200 X133.507 Y119.759
G1 F1500 E16.15589
G0 F7200 X133.511 Y119.745
G0 X133.54 Y116.835
G1 F1500 E22.65589
G0 F7200 X133.8 Y116.393
;TYPE:WALL-OUTER
G1 F1800 X133.8 Y116.887 E22.66209
G1 X133.722 Y116.883 E22.66307
G1 X133.536 Y116.854 E22.66543
G1 X133.167 Y116.755 E22.67022
G1 X133.145 Y116.747 E22.67051
G1 X133.145 Y116.263 E22.67658
G1 X133.459 Y116.347 E22.68066
G1 X133.687 Y116.381 E22.68355
G1 X133.8 Y116.393 E22.68497
G0 F7200 X133.8 Y116.593
G0 X133.484 Y116.548
;TYPE:SKIN
G1 F1800 X133.413 Y116.619 E22.6856
G0 F7200 X133.417 Y116.745
G1 F1500 E16.1856
G0 F7200 X133.423 Y116.721
G0 X133.54 Y113.835
G1 F1500 E22.6856
G0 F7200 X133.8 Y113.393
;TYPE:WALL-OUTER
G1 F1800 X133.8 Y113.887 E22.6918
G1 X133.722 Y113.883 E22.69278
G1 X133.536 Y113.854 E22.69514
G1 X133.167 Y113.755 E22.69993
G1 X133.145 Y113.746 E22.70023
G1 X133.144 Y113.263 E22.70628
G1 X133.459 Y113.347 E22.7079
G1 X133.687 Y113.381 E22.71079
G1 X133.8 Y113.393 E22.71221
G0 F7200 X133.8 Y113.593
G0 X133.576 Y113.627
;TYPE:SKIN
G1 F1800 X133.364 Y113.556 E22.71315
G0 F7200 X133.518 Y113.76
G1 F1500 E16.21315
G0 F7200 X133.521 Y113.748
G0 X133.54 Y110.835
G1 F1500 E22.71315
G0 F7200 X133.8 Y110.393
;TYPE:WALL-OUTER
G1 F1800 X133.8 Y110.887 E22.71935
G1 X133.722 Y110.883 E22.72033
G1 X133.536 Y110.854 E22.72269
G1 X133.167 Y110.755 E22.72748
G1 X133.145 Y110.747 E22.72777
G1 X133.145 Y110.263 E22.73384
G1 X133.459 Y110.347 E22.73792
G1 X133.687 Y110.381 E22.74081
G1 X133.8 Y110.393 E22.74223
G0 F7200 X133.8 Y110.593
G0 X133.537 Y110.555
;TYPE:SKIN
G1 F1800 X133.461 Y110.631 E22.74291
G0 F7200 X133.466 Y110.752
G1 F1500 E16.24291
;MESH:NONMESH
G0 F600 X133.466 Y110.752 Z1.4
G0 F7200 X133.471 Y110.734
G0 X132.28 Y110.341
G0 X126.351 Y111.746
G0 X117.649 Y111.746
G0 X111.72 Y110.386
G1 F1500 E22.74291
G0 F7200 X110.962 Y110.234
;TIME_ELAPSED:109.849961
;LAYER:6
;TYPE:WALL-OUTER
;MESH:output\B_media_suporte.stl
G1 F1800 X111.065 Y110.195 E22.74429
G1 X111.066 Y110.665 E22.75018
G1 X110.832 Y110.756 E22.75333
G1 X110.618 Y110.812 E22.7561
G1 X110.617 Y110.327 E22.76219
G1 X110.962 Y110.234 E22.76667
G0 F7200 X111.065 Y110.195
G0 X111.065 Y110.285
G0 X110.776 Y110.699
G1 F1500 E16.26667
G0 F7200 X110.77 Y110.669
G0 X111.054 Y113.211
G1 F1500 E22.76667
G0 F7200 X110.962 Y113.234
G1 F1800 X111.065 Y113.195 E22.76805
G1 X111.066 Y113.665 E22.77394
G1 X110.832 Y113.756 E22.77709
G1 X110.618 Y113.812 E22.77986
G1 X110.617 Y113.327 E22.78595
G1 X110.962 Y113.234 E22.79043
G0 F7200 X111.065 Y113.195
G0 X111.065 Y113.285
G0 X110.776 Y113.699
G1 F1500 E16.29043
G0 F7200 X110.77 Y113.669
G0 X111.054 Y116.211
G1 F1500 E22.79043
G0 F7200 X110.962 Y116.234
G1 F1800 X111.065 Y116.195 E22.79181
G1 X111.066 Y116.665 E22.7977
G1 X110.832 Y116.756 E22.80085
G1 X110.618 Y116.812 E22.80363
G1 X110.618 Y116.326 E22.80972
G1 X110.962 Y116.234 E22.81419
G0 F7200 X111.065 Y116.195
G0 X111.065 Y116.285
G0 X110.871 Y116.528
;TYPE:SKIN
G1 F1800 X110.816 Y116.473 E22.81467
G0 F7200 X110.748 Y116.36
G1 F1500 E16.31467
G0 F7200 X110.754 Y116.393
G0 X111.054 Y119.211
G1 F1500 E22.81467
G0 F7200 X110.962 Y119.234
;TYPE:WALL-OUTER
G1 F1800 X111.065 Y119.195 E22.81605
G1 X111.066 Y119.665 E22.82195
G1 X110.832 Y119.756 E22.8251
G1 X110.618 Y119.812 E22.82787
G1 X110.617 Y119.327 E22.83395
G1 X110.962 Y119.234 E22.83843
G0 F7200 X111.065 Y119.195
G0 X111.065 Y119.285
G0 X110.776 Y119.699
G1 F1500 E16.33843
G0 F7200 X110.77 Y119.669
G0 X111.93 Y119.342
G0 X116.07 Y119.332
G1 F1500 E22.83843
G0 F7200 X117.038 Y119.235
G1 F1800 X117.382 Y119.325 E22.84289
G1 X117.383 Y119.813 E22.84901
G1 X117.166 Y119.755 E22.85183
G1 X116.935 Y119.666 E22.85493
G1 X116.934 Y119.195 E22.86084
G1 X117.038 Y119.235 E22.86224
G0 F7200 X117.231 Y119.285
G0 X117.25 Y119.358
G1 F1500 E16.36224
G0 F7200 X117.24 Y119.39
G0 X118.632 Y119.339
G1 F1500 E22.86224
G0 F7200 X118.962 Y119.234
G1 F1800 X119.065 Y119.195 E22.86362
G1 X119.066 Y119.665 E22.86951
G1 X118.832 Y119.756 E22.87266
G1 X118.618 Y119.812 E22.87544
G1 X118.617 Y119.327 E22.88152
G1 X118.962 Y119.234 E22.886
G0 F7200 X119.065 Y119.195
G0 X119.065 Y119.285
G0 X118.776 Y119.699
G1 F1500 E16.386
G0 F7200 X118.77 Y119.669
G0 X118.63 Y116.797
G1 F1500 E22.886
G0 F7200 X118.962 Y116.234
G1 F1800 X119.065 Y116.195 E22.88738
G1 X119.066 Y116.665 E22.89327
G1 X118.832 Y116.756 E22.89642
G1 X118.618 Y116.812 E22.8992
G1 X118.618 Y116.326 E22.90529
G1 X118.962 Y116.234 E22.90976
G0 F7200 X119.065 Y116.195
G0 X119.065 Y116.285
G0 X118.775 Y116.698
G1 F1500 E16.40976
G0 F7200 X118.769 Y116.67
G0 X117.362 Y116.33
G1 F1500 E22.90976
G0 F7200 X117.039 Y116.235
G1 F1800 X117.382 Y116.325 E22.9142
G1 X117.382 Y116.813 E22.92032
G1 X117.166 Y116.755 E22.92313
G1 X116.935 Y116.666 E22.92623
G1 X116.935 Y116.195 E22.93214
G1 X117.039 Y116.235 E22.93354
G0 F7200 X117.232 Y116.285
G0 X117.251 Y116.359
G1 F1500 E16.43354
G0 F7200 X117.242 Y116.391
G0 X117.371 Y113.798
G1 F1500 E22.93354
G0 F7200 X117.038 Y113.235
G1 F1800 X117.382 Y113.325 E22.93799
G1 X117.383 Y113.813 E22.94411
G1 X117.166 Y113.755 E22.94693
G1 X116.935 Y113.666 E22.95004
G1 X116.934 Y113.195 E22.95594
G1 X117.038 Y113.235 E22.95734
G0 F7200 X117.231 Y113.285
G0 X117.139 Y113.462
;TYPE:SKIN
G1 F1800 X117.186 Y113.509 E22.95776
G0 F7200 X117.335 Y113.509
G1 F1500 E16.45776
G0 F7200 X117.282 Y113.508
G0 X118.632 Y113.339
G1 F1500 E22.95776
G0 F7200 X118.962 Y113.234
;TYPE:WALL-OUTER
G1 F1800 X119.065 Y113.195 E22.95914
G1 X119.066 Y113.665 E22.96503
G1 X118.832 Y113.756 E22.96818
G1 X118.618 Y113.812 E22.97095
G1 X118.617 Y113.327 E22.97704
G1 X118.962 Y113.234 E22.98152
G0 F7200 X119.065 Y113.195
G0 X119.065 Y113.285
G0 X118.776 Y113.699
G1 F1500 E16.48152
G0 F7200 X118.77 Y113.669
G0 X118.63 Y110.797
G1 F1500 E22.98152
G0 F7200 X118.962 Y110.234
G1 F1800 X119.065 Y110.195 E22.9829
G1 X119.066 Y110.665 E22.98879
G1 X118.832 Y110.756 E22.99194
G1 X118.618 Y110.812 E22.99471
G1 X118.617 Y110.327 E23.0008
G1 X118.962 Y110.234 E23.00528
G0 F7200 X119.065 Y110.195
G0 X119.065 Y110.285
G0 X118.776 Y110.699
G1 F1500 E16.50528
G0 F7200 X118.77 Y110.669
G0 X117.382 Y110.341
G1 F1500 E23.00528
G0 F7200 X117.039 Y110.235
G1 F1800 X117.382 Y110.325 E23.00972
G1 X117.383 Y110.813 E23.01584
G1 X117.166 Y110.755 E23.01866
G1 X116.935 Y110.666 E23.02177
G1 X116.935 Y110.195 E23.02767
G1 X117.039 Y110.235 E23.02907
G0 F7200 X117.232 Y110.285
G0 X117.251 Y110.359
G1 F1500 E16.52907
G0 F7200 X117.242 Y110.391
G0 X119.911 Y108.963
G0 X124.07 Y110.345
G1 F1500 E23.02907
G0 F7200 X125.039 Y110.235
G1 F1800 X125.382 Y110.325 E23.03352
G1 X125.383 Y110.813 E23.03964
G1 X125.166 Y110.755 E23.04245
G1 X124.935 Y110.666 E23.04556
G1 X124.935 Y110.195 E23.05146
G1 X125.039 Y110.235 E23.05286
G0 F7200 X125.232 Y110.285
G0 X125.251 Y110.359
G1 F1500 E16.55286
G0 F7200 X125.242 Y110.391
G0 X126.632 Y110.339
G1 F1500 E23.05286
G0 F7200 X126.962 Y110.234
G1 F1800 X127.065 Y110.195 E23.05424
G1 X127.066 Y110.665 E23.06014
G1 X126.832 Y110.756 E23.06328
G1 X126.618 Y110.812 E23.06606
G1 X126.617 Y110.327 E23.07214
G1 X126.962 Y110.234 E23.07662
G0 F7200 X127.065 Y110.195
G0 X127.065 Y110.285
G0 X126.776 Y110.699
G1 F1500 E16.57662
G0 F7200 X126.77 Y110.669
G0 X127.054 Y113.211
G1 F1500 E23.07662
G0 F7200 X126.962 Y113.234
G1 F1800 X127.065 Y113.195 E23.078
G1 X127.066 Y113.665 E23.0839
G1 X126.832 Y113.756 E23.08705
G1 X126.618 Y113.812 E23.08982
G1 X126.617 Y113.327 E23.0959
G1 X126.962 Y113.234 E23.10038
G0 F7200 X127.065 Y113.195
G0 X127.065 Y113.285
G0 X126.776 Y113.699
G1 F1500 E16.60038
G0 F7200 X126.77 Y113.669
G0 X125.382 Y113.341
G1 F1500 E23.10038
G0 F7200 X125.038 Y113.235
G1 F1800 X125.382 Y113.325 E23.10484
G1 X125.383 Y113.813 E23.11096
G1 X125.166 Y113.755 E23.11378
G1 X124.935 Y113.666 E23.11688
G1 X124.934 Y113.195 E23.12279
G1 X125.038 Y113.235 E23.12419
G0 F7200 X125.231 Y113.285
G0 X125.25 Y113.358
G1 F1500 E16.62419
G0 F7200 X125.24 Y113.39
G0 X124.946 Y116.211
G1 F1500 E23.12419
G0 F7200 X125.039 Y116.235
G1 F1800 X125.382 Y116.325 E23.12863
G1 X125.382 Y116.813 E23.13475
G1 X125.166 Y116.755 E23.13756
G1 X124.935 Y116.666 E23.14066
G1 X124.935 Y116.195 E23.14657
G1 X125.039 Y116.235 E23.14797
G0 F7200 X125.232 Y116.285
G0 X125.251 Y116.359
G1 F1500 E16.64797
G0 F7200 X125.242 Y116.391
G0 X126.638 Y116.328
G1 F1500 E23.14797
G0 F7200 X126.962 Y116.234
G1 F1800 X127.065 Y116.195 E23.14935
G1 X127.066 Y116.665 E23.15524
G1 X126.832 Y116.756 E23.15839
G1 X126.618 Y116.812 E23.16116
G1 X126.618 Y116.326 E23.16726
G1 X126.962 Y116.234 E23.17172
G0 F7200 X127.065 Y116.195
G0 X127.065 Y116.285
G0 X126.775 Y116.698
G1 F1500 E16.67172
G0 F7200 X126.769 Y116.67
G0 X127.054 Y119.211
G1 F1500 E23.17172
G0 F7200 X126.962 Y119.234
G1 F1800 X127.065 Y119.195 E23.1731
G1 X127.066 Y119.665 E23.179
G1 X126.832 Y119.756 E23.18215
G1 X126.618 Y119.812 E23.18492
G1 X126.617 Y119.327 E23.191
G1 X126.962 Y119.234 E23.19548
G0 F7200 X127.065 Y119.195
G0 X127.065 Y119.285
G0 X126.87 Y119.516
;TYPE:SKIN
G1 F1800 X126.827 Y119.473 E23.19587
G0 F7200 X126.758 Y119.356
G1 F1500 E16.69587
G0 F7200 X126.767 Y119.39
G0 X125.382 Y119.341
G1 F1500 E23.19587
G0 F7200 X125.038 Y119.235
;TYPE:WALL-OUTER
G1 F1800 X125.382 Y119.325 E23.20032
G1 X125.383 Y119.813 E23.20644
G1 X125.166 Y119.755 E23.20926
G1 X124.935 Y119.666 E23.21237
G1 X124.934 Y119.195 E23.21827
G1 X125.038 Y119.235 E23.21967
G0 F7200 X125.231 Y119.285
G0 X125.129 Y119.472
;TYPE:SKIN
G1 F1800 X125.186 Y119.529 E23.22017
G0 F7200 X125.335 Y119.529
G1 F1500 E16.72017
G0 F7200 X125.282 Y119.528
G0 X125.645 Y118.501
G0 X127.911 Y117.963
G0 X132.07 Y119.331
G1 F1500 E23.22017
G0 F7200 X133.038 Y119.235
;TYPE:WALL-OUTER
G1 F1800 X133.382 Y119.325 E23.22463
G1 X133.383 Y119.813 E23.23075
G1 X133.166 Y119.755 E23.23357
G1 X132.935 Y119.666 E23.23667
G1 X132.934 Y119.195 E23.24258
G1 X133.038 Y119.235 E23.24398
G0 F7200 X133.231 Y119.285
G0 X133.25 Y119.358
G1 F1500 E16.74398
G0 F7200 X133.24 Y119.39
G0 X133.37 Y116.798
G1 F1500 E23.24398
G0 F7200 X133.039 Y116.235
G1 F1800 X133.382 Y116.325 E23.24843
G1 X133.382 Y116.813 E23.25455
G1 X133.166 Y116.755 E23.25735
G1 X132.935 Y116.666 E23.26045
G1 X132.935 Y116.195 E23.26636
G1 X133.039 Y116.235 E23.26776
G0 F7200 X133.232 Y116.285
G0 X133.155 Y116.468
;TYPE:SKIN
G1 F1800 X133.186 Y116.498 E23.26803
G0 F7200 X133.335 Y116.498
G1 F1500 E16.76803
G0 F7200 X133.282 Y116.498
G0 X133.371 Y113.798
G1 F1500 E23.26803
G0 F7200 X133.038 Y113.235
;TYPE:WALL-OUTER
G1 F1800 X133.382 Y113.325 E23.27249
G1 X133.383 Y113.813 E23.27861
G1 X133.166 Y113.755 E23.28142
G1 X132.935 Y113.666 E23.28453
G1 X132.934 Y113.195 E23.29043
G1 X133.038 Y113.235 E23.29183
G0 F7200 X133.231 Y113.285
G0 X133.25 Y113.358
G1 F1500 E16.79183
G0 F7200 X133.24 Y113.39
G0 X133.371 Y110.798
G1 F1500 E23.29183
G0 F7200 X133.039 Y110.235
G1 F1800 X133.382 Y110.325 E23.29628
G1 X133.383 Y110.813 E23.3024
G1 X133.166 Y110.755 E23.30522
G1 X132.935 Y110.666 E23.30832
G1 X132.935 Y110.195 E23.31423
G1 X133.039 Y110.235 E23.31562
G0 F7200 X133.232 Y110.285
G0 X133.129 Y110.501
;TYPE:SKIN
G1 F1800 X133.178 Y110.551 E23.31606
G0 F7200 X133.168 Y110.682
G1 F1500 E16.81606
;MESH:NONMESH
G0 F600 X133.168 Y110.682 Z1.6
G0 F7200 X133.181 Y110.654
G0 X132.07 Y110.328
G0 X126.234 Y111.825
G0 X117.768 Y111.818
G0 X111.93 Y110.373
G1 F1500 E23.31606
G0 F7200 X110.962 Y110.235
;TIME_ELAPSED:126.588008
;LAYER:7
;TYPE:WALL-OUTER
;MESH:output\B_media_suporte.stl
G1 F1800 X111.275 Y110.114 E23.32027
G1 X111.276 Y110.579 E23.3261
G1 X111.22 Y110.606 E23.32688
G1 X110.836 Y110.754 E23.33204
G1 X110.836 Y110.268 E23.33814
G1 X110.962 Y110.235 E23.33977
G0 F7200 X111.148 Y110.163
G0 X111.061 Y110.404
;TYPE:SKIN
G1 F1800 X111.03 Y110.435 E23.34005
G0 F7200 X110.875 Y110.434
G1 F1500 E16.84005
G0 F7200 X110.936 Y110.434
G0 X111.264 Y113.13
G1 F1500 E23.34005
G0 F7200 X110.962 Y113.235
;TYPE:WALL-OUTER
G1 F1800 X111.275 Y113.114 E23.34425
G1 X111.276 Y113.579 E23.35009
G1 X111.22 Y113.606 E23.35086
G1 X110.836 Y113.754 E23.35603
G1 X110.836 Y113.268 E23.36212
G1 X110.962 Y113.235 E23.36375
G0 F7200 X111.148 Y113.163
G0 X110.875 Y113.537
G1 F1500 E16.86375
G0 F7200 X110.936 Y113.537
G0 X111.264 Y116.13
G1 F1500 E23.36375
G0 F7200 X110.962 Y116.235
G1 F1800 X111.275 Y116.114 E23.36796
G1 X111.276 Y116.579 E23.37379
G1 X111.22 Y116.606 E23.37457
G1 X110.836 Y116.754 E23.37973
G1 X110.836 Y116.268 E23.38583
G1 X110.962 Y116.235 E23.38746
G0 F7200 X111.148 Y116.163
G0 X110.875 Y116.537
G0 X110.936 Y116.537
G0 X111.264 Y119.13
G0 X110.962 Y119.235
G1 F1800 X111.275 Y119.114 E23.39167
G1 X111.276 Y119.579 E23.3975
G1 X111.22 Y119.606 E23.39828
G1 X110.836 Y119.754 E23.40344
G1 X110.836 Y119.268 E23.40954
G1 X110.962 Y119.235 E23.41117
G0 F7200 X111.148 Y119.163
G0 X110.875 Y119.537
G0 X110.936 Y119.537
G0 X112.14 Y119.341
G0 X115.86 Y119.332
G0 X117.008 Y119.33
G0 X117.038 Y119.235
G1 F1800 X117.164 Y119.268 E23.4128
G1 X117.164 Y119.754 E23.4189
G1 X116.775 Y119.604 E23.42172
G1 X116.725 Y119.58 E23.42242
G1 X116.724 Y119.114 E23.42826
G1 X117.038 Y119.235 E23.42993
G0 F7200 X117.164 Y119.268
G0 X117.164 Y119.338
G0 X117.125 Y119.339
G0 X117.062 Y119.344
G0 X118.856 Y119.33
G0 X118.962 Y119.235
G1 F1800 X119.275 Y119.114 E23.43414
G1 X119.276 Y119.579 E23.43997
G1 X119.22 Y119.606 E23.44075
G1 X118.836 Y119.754 E23.44591
G1 X118.836 Y119.268 E23.45201
G1 X118.962 Y119.235 E23.45364
G0 F7200 X119.148 Y119.163
G0 X118.875 Y119.537
G0 X118.936 Y119.537
G0 X118.847 Y116.738
G0 X118.962 Y116.235
G1 F1800 X119.275 Y116.114 E23.45785
G1 X119.275 Y116.58 E23.46369
G1 X119.225 Y116.604 E23.46439
G1 X118.836 Y116.754 E23.46962
G1 X118.836 Y116.268 E23.47571
G1 X118.962 Y116.235 E23.47735
G0 F7200 X119.148 Y116.163
G0 X118.875 Y116.537
G0 X118.936 Y116.537
G0 X117.144 Y116.33
G0 X117.038 Y116.235
G1 F1800 X117.164 Y116.268 E23.47898
G1 X117.164 Y116.754 E23.48507
G1 X116.775 Y116.604 E23.4879
G1 X116.725 Y116.58 E23.48859
G1 X116.724 Y116.114 E23.49444
G1 X117.038 Y116.235 E23.49611
G0 F7200 X117.164 Y116.268
G0 X117.164 Y116.338
G0 X117.125 Y116.339
G0 X117.062 Y116.344
G0 X117.153 Y113.738
G0 X117.038 Y113.235
G1 F1800 X117.164 Y113.268 E23.49774
G1 X117.164 Y113.754 E23.50384
G1 X116.775 Y113.604 E23.50666
G1 X116.725 Y113.58 E23.50736
G1 X116.724 Y113.114 E23.5132
G1 X117.038 Y113.235 E23.51487
G0 F7200 X117.164 Y113.268
G0 X117.164 Y113.338
G0 X117.125 Y113.339
G0 X117.062 Y113.344
G0 X118.856 Y113.33
G0 X118.962 Y113.235
G1 F1800 X119.275 Y113.114 E23.51908
G1 X119.275 Y113.58 E23.52493
G1 X119.225 Y113.604 E23.52562
G1 X118.836 Y113.754 E23.53085
G1 X118.836 Y113.268 E23.53695
G1 X118.962 Y113.235 E23.53858
G0 F7200 X119.148 Y113.163
G0 X119.079 Y113.417
;TYPE:SKIN
G1 F1800 X119.03 Y113.466 E23.53901
G0 F7200 X118.875 Y113.466
G0 X118.936 Y113.466
G0 X118.847 Y110.738
G0 X118.962 Y110.235
;TYPE:WALL-OUTER
G1 F1800 X119.275 Y110.114 E23.54322
G1 X119.275 Y110.58 E23.54907
G1 X119.225 Y110.604 E23.54976
G1 X118.836 Y110.754 E23.55499
G1 X118.836 Y110.268 E23.56108
G1 X118.962 Y110.235 E23.56272
G0 F7200 X119.148 Y110.163
G0 X118.875 Y110.537
G0 X118.936 Y110.537
G0 X117.144 Y110.33
G0 X117.038 Y110.235
G1 F1800 X117.164 Y110.268 E23.56435
G1 X117.164 Y110.754 E23.57045
G1 X116.775 Y110.604 E23.57327
G1 X116.725 Y110.58 E23.57396
G1 X116.724 Y110.114 E23.57981
G1 X117.038 Y110.235 E23.58148
G0 F7200 X117.164 Y110.268
G0 X117.164 Y110.338
G0 X117.125 Y110.339
G0 X117.062 Y110.344
G0 X123.86 Y110.315
G0 X125.008 Y110.33
G0 X125.038 Y110.235
G1 F1800 X125.164 Y110.268 E23.58311
G1 X125.164 Y110.754 E23.58921
G1 X124.775 Y110.604 E23.59203
G1 X124.725 Y110.58 E23.59273
G1 X124.724 Y110.114 E23.59857
G1 X125.038 Y110.235 E23.60025
G0 F7200 X125.164 Y110.268
G0 X125.164 Y110.338
G0 X125.125 Y110.339
G0 X125.062 Y110.344
G0 X126.856 Y110.33
G0 X126.962 Y110.235
G1 F1800 X127.275 Y110.114 E23.60445
G1 X127.276 Y110.579 E23.61029
G1 X127.22 Y110.606 E23.61107
G1 X126.836 Y110.754 E23.61623
G1 X126.836 Y110.268 E23.62232
G1 X126.962 Y110.235 E23.62395
G0 F7200 X127.148 Y110.163
G0 X126.875 Y110.537
G0 X126.936 Y110.537
G0 X127.264 Y113.13
G0 X126.962 Y113.235
G1 F1800 X127.275 Y113.114 E23.62816
G1 X127.276 Y113.579 E23.63399
G1 X127.22 Y113.606 E23.63477
G1 X126.836 Y113.754 E23.63993
G1 X126.836 Y113.268 E23.64603
G1 X126.962 Y113.235 E23.64766
G0 F7200 X127.148 Y113.163
G0 X126.875 Y113.537
G0 X126.936 Y113.537
G0 X125.144 Y113.33
G0 X125.038 Y113.235
G1 F1800 X125.164 Y113.268 E23.6493
G1 X125.164 Y113.754 E23.65539
G1 X124.775 Y113.604 E23.65821
G1 X124.725 Y113.58 E23.65891
G1 X124.724 Y113.114 E23.66475
G1 X125.038 Y113.235 E23.66643
G0 F7200 X125.164 Y113.268
G0 X125.164 Y113.338
G0 X125.125 Y113.339
G0 X125.062 Y113.344
G0 X124.735 Y116.13
G0 X125.038 Y116.235
G1 F1800 X125.164 Y116.268 E23.66806
G1 X125.164 Y116.754 E23.67415
G1 X124.775 Y116.604 E23.67698
G1 X124.725 Y116.58 E23.67767
G1 X124.724 Y116.114 E23.68352
G1 X125.038 Y116.235 E23.68519
G0 F7200 X125.164 Y116.268
G0 X125.164 Y116.338
G0 X125.125 Y116.339
G0 X125.062 Y116.344
G0 X126.856 Y116.33
G0 X126.962 Y116.235
G1 F1800 X127.275 Y116.114 E23.6894
G1 X127.276 Y116.579 E23.69523
G1 X127.22 Y116.606 E23.69601
G1 X126.836 Y116.754 E23.70117
G1 X126.836 Y116.268 E23.70727
G1 X126.962 Y116.235 E23.7089
G0 F7200 X127.148 Y116.163
G0 X126.875 Y116.537
G0 X126.936 Y116.537
G0 X127.264 Y119.13
G0 X126.962 Y119.235
G1 F1800 X127.275 Y119.114 E23.71311
G1 X127.276 Y119.579 E23.71894
G1 X127.22 Y119.606 E23.71972
G1 X126.836 Y119.754 E23.72488
G1 X126.836 Y119.268 E23.73097
G1 X126.962 Y119.235 E23.73261
G0 F7200 X127.148 Y119.163
G0 X126.875 Y119.537
G0 X126.936 Y119.537
G0 X125.144 Y119.33
G0 X125.038 Y119.235
G1 F1800 X125.164 Y119.268 E23.73424
G1 X125.164 Y119.754 E23.74033
G1 X124.775 Y119.604 E23.74316
G1 X124.725 Y119.58 E23.74385
G1 X124.724 Y119.114 E23.7497
G1 X125.038 Y119.235 E23.75137
G0 F7200 X125.164 Y119.268
G0 X125.164 Y119.338
G0 X124.962 Y119.414
;TYPE:SKIN
G1 F1800 X124.923 Y119.452 E23.75171
G0 F7200 X124.867 Y119.597
G0 X124.889 Y119.541
G0 X126.029 Y119.33
G0 X131.86 Y119.315
G0 X133.008 Y119.33
G0 X133.038 Y119.235
;TYPE:WALL-OUTER
G1 F1800 X133.164 Y119.268 E23.75335
G1 X133.164 Y119.754 E23.75944
G1 X132.775 Y119.604 E23.76226
G1 X132.725 Y119.58 E23.76296
G1 X132.724 Y119.114 E23.7688
G1 X133.038 Y119.235 E23.77048
G0 F7200 X133.164 Y119.268
G0 X133.164 Y119.338
G0 X133.125 Y119.339
G0 X133.062 Y119.344
G0 X133.153 Y116.738
G0 X133.038 Y116.235
G1 F1800 X133.164 Y116.268 E23.77211
G1 X133.164 Y116.754 E23.77821
G1 X132.775 Y116.604 E23.78103
G1 X132.725 Y116.58 E23.78172
G1 X132.724 Y116.114 E23.78757
G1 X133.038 Y116.235 E23.78924
G0 F7200 X133.164 Y116.268
G0 X133.164 Y116.338
G0 X133.125 Y116.339
G0 X133.062 Y116.344
G0 X133.153 Y113.738
G0 X133.038 Y113.235
G1 F1800 X133.164 Y113.268 E23.79088
G1 X133.164 Y113.754 E23.79697
G1 X132.775 Y113.604 E23.79979
G1 X132.725 Y113.58 E23.80049
G1 X132.724 Y113.114 E23.80633
G1 X133.038 Y113.235 E23.80801
G0 F7200 X133.164 Y113.268
G0 X133.164 Y113.338
G0 X133.125 Y113.339
G0 X133.062 Y113.344
G0 X133.153 Y110.738
G0 X133.038 Y110.235
G1 F1800 X133.164 Y110.268 E23.80964
G1 X133.164 Y110.754 E23.81573
G1 X132.775 Y110.604 E23.81856
G1 X132.725 Y110.58 E23.81925
G1 X132.724 Y110.114 E23.8251
G1 X133.038 Y110.235 E23.82677
G0 F7200 X133.164 Y110.268
G0 X133.164 Y110.338
G0 X133.125 Y110.339
;MESH:NONMESH
G0 F600 X133.125 Y110.339 Z1.8
G0 F7200 X133.062 Y110.344
G0 X131.86 Y110.131
G0 X128.12 Y108.774
G0 X115.877 Y108.769
G0 X112.14 Y110.129
G0 X111.38 Y110.074
;TIME_ELAPSED:131.508135
;LAYER:8
;TYPE:WALL-OUTER
;MESH:output\B_media_suporte.stl
G1 F1800 X111.485 Y110.023 E23.82823
G1 X111.486 Y110.477 E23.83393
G1 X111.22 Y110.606 E23.83764
G1 X111.046 Y110.673 E23.83997
G1 X111.046 Y110.202 E23.84588
G1 X111.38 Y110.074 E23.85037
G0 F7200 X111.485 Y110.023
G0 X111.485 Y110.107
G0 X111.255 Y110.551
G0 X111.227 Y110.491
G0 X111.475 Y113.04
G0 X111.38 Y113.074
G1 F1800 X111.485 Y113.023 E23.85183
G1 X111.486 Y113.477 E23.85752
G1 X111.22 Y113.606 E23.86123
G1 X111.046 Y113.673 E23.86357
G1 X111.046 Y113.202 E23.86947
G1 X111.38 Y113.074 E23.87396
G0 F7200 X111.485 Y113.023
G0 X111.485 Y113.107
G0 X111.255 Y113.551
G0 X111.227 Y113.491
G0 X111.475 Y116.04
G0 X111.38 Y116.074
G1 F1800 X111.485 Y116.023 E23.87542
G1 X111.486 Y116.477 E23.88112
G1 X111.22 Y116.606 E23.88482
G1 X111.046 Y116.673 E23.88716
G1 X111.046 Y116.202 E23.89307
G1 X111.38 Y116.074 E23.89755
G0 F7200 X111.485 Y116.023
G0 X111.485 Y116.107
G0 X111.255 Y116.551
G0 X111.227 Y116.491
G0 X111.475 Y119.04
G0 X111.38 Y119.074
G1 F1800 X111.485 Y119.023 E23.89902
G1 X111.486 Y119.477 E23.90471
G1 X111.22 Y119.606 E23.90842
G1 X111.046 Y119.673 E23.91076
G1 X111.046 Y119.202 E23.91666
G1 X111.38 Y119.074 E23.92115
G0 F7200 X111.485 Y119.023
G0 X111.485 Y119.107
G0 X111.255 Y119.551
G0 X111.227 Y119.491
G0 X112.35 Y119.176
G0 X115.65 Y119.168
G0 X116.62 Y119.074
G1 F1800 X116.954 Y119.202 E23.92564
G1 X116.954 Y119.673 E23.93154
G1 X116.775 Y119.604 E23.93395
G1 X116.515 Y119.478 E23.93757
G1 X116.514 Y119.022 E23.94329
G1 X116.62 Y119.074 E23.94477
G0 F7200 X116.807 Y119.145
G0 X116.826 Y119.183
G0 X116.801 Y119.249
G0 X119.062 Y119.213
G0 X119.38 Y119.074
G1 F1800 X119.485 Y119.023 E23.94623
G1 X119.486 Y119.477 E23.95193
G1 X119.22 Y119.606 E23.95563
G1 X119.046 Y119.673 E23.95797
G1 X119.046 Y119.202 E23.96388
G1 X119.38 Y119.074 E23.96836
G0 F7200 X119.485 Y119.023
G0 X119.485 Y119.107
G0 X119.255 Y119.551
G0 X119.227 Y119.491
G0 X119.057 Y116.657
G0 X119.38 Y116.074
G1 F1800 X119.485 Y116.023 E23.96983
G1 X119.485 Y116.478 E23.97553
G1 X119.225 Y116.604 E23.97916
G1 X119.046 Y116.673 E23.98156
G1 X119.046 Y116.202 E23.98747
G1 X119.38 Y116.074 E23.99195
G0 F7200 X119.485 Y116.023
G0 X119.485 Y116.107
G0 X119.254 Y116.551
G0 X119.228 Y116.491
G0 X116.934 Y116.213
G0 X116.62 Y116.074
G1 F1800 X116.954 Y116.202 E23.99644
G1 X116.954 Y116.673 E24.00235
G1 X116.775 Y116.604 E24.00475
G1 X116.515 Y116.478 E24.00838
G1 X116.514 Y116.023 E24.01408
G1 X116.62 Y116.074 E24.01556
G0 F7200 X116.807 Y116.145
G0 X116.826 Y116.183
G0 X116.801 Y116.249
G0 X116.943 Y113.657
G0 X116.62 Y113.074
G1 F1800 X116.954 Y113.202 E24.02004
G1 X116.954 Y113.673 E24.02595
G1 X116.775 Y113.604 E24.02835
G1 X116.515 Y113.478 E24.03198
G1 X116.514 Y113.023 E24.03768
G1 X116.62 Y113.074 E24.03916
G0 F7200 X116.807 Y113.145
G0 X116.826 Y113.183
G0 X116.801 Y113.249
G0 X119.066 Y113.213
G0 X119.38 Y113.074
G1 F1800 X119.485 Y113.023 E24.04062
G1 X119.485 Y113.478 E24.04633
G1 X119.225 Y113.604 E24.04995
G1 X119.046 Y113.673 E24.05236
G1 X119.046 Y113.202 E24.05826
G1 X119.38 Y113.074 E24.06275
G0 F7200 X119.485 Y113.023
G0 X119.485 Y113.107
G0 X119.254 Y113.551
G0 X119.228 Y113.491
G0 X119.057 Y110.657
G0 X119.38 Y110.074
G1 F1800 X119.485 Y110.023 E24.06421
G1 X119.485 Y110.478 E24.06992
G1 X119.225 Y110.604 E24.07354
G1 X119.046 Y110.673 E24.07595
G1 X119.046 Y110.202 E24.08185
G1 X119.38 Y110.074 E24.08634
G0 F7200 X119.485 Y110.023
G0 X119.485 Y110.107
G0 X119.254 Y110.551
G0 X119.228 Y110.491
G0 X116.934 Y110.213
G0 X116.62 Y110.074
G1 F1800 X116.954 Y110.202 E24.09083
G1 X116.954 Y110.673 E24.09673
G1 X116.775 Y110.604 E24.09914
G1 X116.515 Y110.478 E24.10276
G1 X116.514 Y110.023 E24.10847
G1 X116.62 Y110.074 E24.10994
G0 F7200 X116.807 Y110.145
G0 X116.826 Y110.183
G0 X116.801 Y110.249
G0 X117.819 Y110.213
G0 X120.331 Y108.672
G0 X123.65 Y110.198
G0 X124.62 Y110.074
G1 F1800 X124.954 Y110.202 E24.11443
G1 X124.954 Y110.673 E24.12033
G1 X124.775 Y110.604 E24.12274
G1 X124.515 Y110.478 E24.12636
G1 X124.514 Y110.023 E24.13207
G1 X124.62 Y110.074 E24.13354
G0 F7200 X124.807 Y110.145
G0 X124.826 Y110.183
G0 X124.801 Y110.249
G0 X127.066 Y110.213
G0 X127.38 Y110.074
G1 F1800 X127.485 Y110.023 E24.13501
G1 X127.486 Y110.477 E24.1407
G1 X127.22 Y110.606 E24.14441
G1 X127.046 Y110.673 E24.14675
G1 X127.046 Y110.202 E24.15265
G1 X127.38 Y110.074 E24.15714
G0 F7200 X127.485 Y110.023
G0 X127.485 Y110.107
G0 X127.255 Y110.551
G0 X127.227 Y110.491
G0 X127.475 Y113.04
G0 X127.38 Y113.074
G1 F1800 X127.485 Y113.023 E24.1586
G1 X127.486 Y113.477 E24.1643
G1 X127.22 Y113.606 E24.168
G1 X127.046 Y113.673 E24.17034
G1 X127.046 Y113.202 E24.17625
G1 X127.38 Y113.074 E24.18073
G0 F7200 X127.485 Y113.023
G0 X127.485 Y113.107
G0 X127.255 Y113.551
G0 X127.227 Y113.491
G0 X124.934 Y113.213
G0 X124.62 Y113.074
G1 F1800 X124.954 Y113.202 E24.18522
G1 X124.954 Y113.673 E24.19113
G1 X124.775 Y113.604 E24.19353
G1 X124.515 Y113.478 E24.19715
G1 X124.514 Y113.023 E24.20286
G1 X124.62 Y113.074 E24.20434
G0 F7200 X124.807 Y113.145
G0 X124.826 Y113.183
G0 X124.801 Y113.249
G0 X124.524 Y116.039
G0 X124.62 Y116.074
G1 F1800 X124.954 Y116.202 E24.20882
G1 X124.954 Y116.673 E24.21473
G1 X124.775 Y116.604 E24.21713
G1 X124.515 Y116.478 E24.22076
G1 X124.514 Y116.023 E24.22646
G1 X124.62 Y116.074 E24.22794
G0 F7200 X124.807 Y116.145
G0 X124.826 Y116.183
G0 X124.801 Y116.249
G0 X127.066 Y116.213
G0 X127.38 Y116.074
G1 F1800 X127.485 Y116.023 E24.2294
G1 X127.486 Y116.477 E24.23509
G1 X127.22 Y116.606 E24.2388
G1 X127.046 Y116.673 E24.24114
G1 X127.046 Y116.202 E24.24705
G1 X127.38 Y116.074 E24.25153
G0 F7200 X127.485 Y116.023
G0 X127.485 Y116.107
G0 X127.255 Y116.551
G0 X127.227 Y116.491
G0 X127.475 Y119.04
G0 X127.38 Y119.074
G1 F1800 X127.485 Y119.023 E24.253
G1 X127.486 Y119.477 E24.25869
G1 X127.22 Y119.606 E24.2624
G1 X127.046 Y119.673 E24.26474
G1 X127.046 Y119.202 E24.27064
G1 X127.38 Y119.074 E24.27513
G0 F7200 X127.485 Y119.023
G0 X127.485 Y119.107
G0 X127.255 Y119.551
G0 X127.227 Y119.491
G0 X124.938 Y119.213
G0 X124.62 Y119.074
G1 F1800 X124.954 Y119.202 E24.27961
G1 X124.954 Y119.673 E24.28552
G1 X124.775 Y119.604 E24.28792
G1 X124.515 Y119.478 E24.29155
G1 X124.514 Y119.022 E24.29727
G1 X124.62 Y119.074 E24.29875
G0 F7200 X124.807 Y119.145
G0 X124.826 Y119.183
G0 X124.801 Y119.249
G0 X125.819 Y119.213
G0 X128.33 Y117.672
G0 X131.65 Y119.199
G0 X132.62 Y119.074
G1 F1800 X132.954 Y119.202 E24.30323
G1 X132.954 Y119.673 E24.30914
G1 X132.775 Y119.604 E24.31154
G1 X132.515 Y119.478 E24.31517
G1 X132.514 Y119.022 E24.32089
G1 X132.62 Y119.074 E24.32237
G0 F7200 X132.807 Y119.145
G0 X132.826 Y119.183
G0 X132.801 Y119.249
G0 X132.943 Y116.657
G0 X132.62 Y116.074
G1 F1800 X132.954 Y116.202 E24.32685
G1 X132.954 Y116.673 E24.33276
G1 X132.775 Y116.604 E24.33516
G1 X132.515 Y116.478 E24.33879
G1 X132.514 Y116.023 E24.34449
G1 X132.62 Y116.074 E24.34597
G0 F7200 X132.807 Y116.145
G0 X132.826 Y116.183
G0 X132.801 Y116.249
G0 X132.943 Y113.657
G0 X132.62 Y113.074
G1 F1800 X132.954 Y113.202 E24.35045
G1 X132.954 Y113.673 E24.35636
G1 X132.775 Y113.604 E24.35877
G1 X132.515 Y113.478 E24.36239
G1 X132.514 Y113.023 E24.3681
G1 X132.62 Y113.074 E24.36957
G0 F7200 X132.807 Y113.145
G0 X132.826 Y113.183
G0 X132.801 Y113.249
G0 X132.943 Y110.657
G0 X132.62 Y110.074
G1 F1800 X132.954 Y110.202 E24.37406
G1 X132.954 Y110.673 E24.37996
G1 X132.775 Y110.604 E24.38237
G1 X132.515 Y110.478 E24.38599
G1 X132.514 Y110.023 E24.3917
G1 X132.62 Y110.074 E24.39317
G0 F7200 X132.807 Y110.145
G0 X132.826 Y110.183
;MESH:NONMESH
G0 F600 X132.826 Y110.183 Z2
G0 F7200 X132.801 Y110.249
G0 X131.65 Y110.04
G0 X128.33 Y108.672
G0 X115.667 Y108.669
G0 X112.35 Y110.039
G0 X111.379 Y110.074
;TIME_ELAPSED:135.405879
;LAYER:9
;TYPE:WALL-OUTER
;MESH:output\B_media_suporte.stl
G1 F1800 X111.695 Y109.92 E24.39758
G1 X111.696 Y110.375 E24.40329
G1 X111.256 Y110.589 E24.40942
G1 X111.256 Y110.121 E24.41529
G1 X111.379 Y110.074 E24.41694
G0 F7200 X111.559 Y109.987
G0 X111.295 Y110.347
G0 X111.356 Y110.347
G0 X111.685 Y112.936
G0 X111.379 Y113.074
G1 F1800 X111.695 Y112.92 E24.42135
G1 X111.696 Y113.375 E24.42706
G1 X111.256 Y113.589 E24.43319
G1 X111.256 Y113.121 E24.43906
G1 X111.379 Y113.074 E24.44071
G0 F7200 X111.559 Y112.987
G0 X111.295 Y113.347
G0 X111.356 Y113.347
G0 X111.685 Y115.936
G0 X111.379 Y116.074
G1 F1800 X111.695 Y115.92 E24.44512
G1 X111.696 Y116.375 E24.45083
G1 X111.256 Y116.589 E24.45696
G1 X111.256 Y116.121 E24.46283
G1 X111.379 Y116.074 E24.46448
G0 F7200 X111.559 Y115.987
G0 X111.295 Y116.347
G0 X111.356 Y116.347
G0 X111.685 Y118.936
G0 X111.379 Y119.074
G1 F1800 X111.695 Y118.92 E24.46889
G1 X111.696 Y119.375 E24.4746
G1 X111.256 Y119.589 E24.48073
G1 X111.256 Y119.121 E24.4866
G1 X111.379 Y119.074 E24.48825
G0 F7200 X111.559 Y118.987
G0 X111.295 Y119.347
G0 X111.356 Y119.347
G0 X112.56 Y119.174
G0 X115.44 Y119.167
G0 X116.582 Y119.165
G0 X116.621 Y119.074
G1 F1800 X116.744 Y119.121 E24.4899
G1 X116.744 Y119.589 E24.49577
G1 X116.305 Y119.376 E24.49935
G1 X116.304 Y118.92 E24.50487
G1 X116.621 Y119.074 E24.50668
G0 F7200 X116.744 Y119.121
G0 X116.744 Y119.19
G0 X116.705 Y119.191
G0 X116.644 Y119.191
G0 X119.276 Y119.165
G0 X119.379 Y119.074
G1 F1800 X119.695 Y118.92 E24.51109
G1 X119.696 Y119.375 E24.5168
G1 X119.256 Y119.589 E24.52293
G1 X119.256 Y119.121 E24.5288
G1 X119.379 Y119.074 E24.53045
G0 F7200 X119.559 Y118.987
G0 X119.295 Y119.347
G0 X119.356 Y119.347
G0 X119.266 Y116.573
G0 X119.379 Y116.074
G1 F1800 X119.695 Y115.92 E24.53486
G1 X119.695 Y116.376 E24.54058
G1 X119.256 Y116.589 E24.5467
G1 X119.256 Y116.121 E24.55257
G1 X119.379 Y116.074 E24.55422
G0 F7200 X119.559 Y115.987
G0 X119.295 Y116.347
G0 X119.356 Y116.347
G0 X116.724 Y116.165
G0 X116.62 Y116.074
G1 F1800 X116.744 Y116.121 E24.55588
G1 X116.744 Y116.589 E24.56175
G1 X116.305 Y116.376 E24.56532
G1 X116.304 Y115.92 E24.57084
G1 X116.62 Y116.074 E24.57264
G0 F7200 X116.744 Y116.121
G0 X116.744 Y116.189
G0 X116.705 Y116.19
G0 X116.644 Y116.19
G0 X116.734 Y113.573
G0 X116.62 Y113.074
G1 F1800 X116.744 Y113.121 E24.5743
G1 X116.744 Y113.589 E24.58017
G1 X116.305 Y113.376 E24.58374
G1 X116.304 Y112.92 E24.58926
G1 X116.62 Y113.074 E24.59106
G0 F7200 X116.744 Y113.121
G0 X116.744 Y113.189
G0 X116.705 Y113.19
G0 X116.644 Y113.19
G0 X119.276 Y113.165
G0 X119.379 Y113.074
G1 F1800 X119.695 Y112.92 E24.59546
G1 X119.695 Y113.376 E24.60118
G1 X119.256 Y113.589 E24.6073
G1 X119.256 Y113.121 E24.61317
G1 X119.379 Y113.074 E24.61482
G0 F7200 X119.559 Y112.987
G0 X119.295 Y113.347
G0 X119.356 Y113.347
G0 X119.266 Y110.573
G0 X119.379 Y110.074
G1 F1800 X119.695 Y109.92 E24.61923
G1 X119.695 Y110.376 E24.62495
G1 X119.256 Y110.589 E24.63107
G1 X119.256 Y110.121 E24.63694
G1 X119.379 Y110.074 E24.63859
G0 F7200 X119.559 Y109.987
G0 X119.295 Y110.347
G0 X119.356 Y110.347
G0 X116.724 Y110.165
G0 X116.62 Y110.074
G1 F1800 X116.744 Y110.121 E24.64025
G1 X116.744 Y110.589 E24.64612
G1 X116.305 Y110.376 E24.64969
G1 X116.304 Y109.92 E24.65521
G1 X116.62 Y110.074 E24.65701
G0 F7200 X116.744 Y110.121
G0 X116.744 Y110.189
G0 X116.705 Y110.19
G0 X116.644 Y110.19
G0 X118.399 Y109.53
G0 X120.541 Y108.57
G0 X123.44 Y110.15
G0 X124.581 Y110.165
G0 X124.62 Y110.074
G1 F1800 X124.744 Y110.121 E24.65867
G1 X124.744 Y110.589 E24.66454
G1 X124.305 Y110.376 E24.66811
G1 X124.304 Y109.92 E24.67363
G1 X124.62 Y110.074 E24.67543
G0 F7200 X124.744 Y110.121
G0 X124.744 Y110.189
G0 X124.705 Y110.19
G0 X124.644 Y110.19
G0 X127.276 Y110.165
G0 X127.379 Y110.074
G1 F1800 X127.695 Y109.92 E24.67983
G1 X127.696 Y110.375 E24.68554
G1 X127.256 Y110.589 E24.69168
G1 X127.256 Y110.121 E24.69754
G1 X127.379 Y110.074 E24.6992
G0 F7200 X127.559 Y109.987
G0 X127.295 Y110.347
G0 X127.356 Y110.347
G0 X127.685 Y112.936
G0 X127.379 Y113.074
G1 F1800 X127.695 Y112.92 E24.7036
G1 X127.696 Y113.375 E24.70931
G1 X127.256 Y113.589 E24.71545
G1 X127.256 Y113.121 E24.72131
G1 X127.379 Y113.074 E24.72297
G0 F7200 X127.559 Y112.987
G0 X127.295 Y113.347
G0 X127.356 Y113.347
G0 X124.724 Y113.165
G0 X124.62 Y113.074
G1 F1800 X124.744 Y113.121 E24.72463
G1 X124.744 Y113.589 E24.7305
G1 X124.305 Y113.376 E24.73407
G1 X124.304 Y112.92 E24.73959
G1 X124.62 Y113.074 E24.74138
G0 F7200 X124.744 Y113.121
G0 X124.744 Y113.189
G0 X124.705 Y113.19
G0 X124.644 Y113.19
G0 X124.314 Y115.936
G0 X124.62 Y116.074
G1 F1800 X124.744 Y116.121 E24.74305
G1 X124.744 Y116.589 E24.74892
G1 X124.305 Y116.376 E24.75249
G1 X124.304 Y115.92 E24.75801
G1 X124.62 Y116.074 E24.7598
G0 F7200 X124.744 Y116.121
G0 X124.744 Y116.189
G0 X124.705 Y116.19
G0 X124.644 Y116.19
G0 X127.276 Y116.165
G0 X127.379 Y116.074
G1 F1800 X127.695 Y115.92 E24.76421
G1 X127.696 Y116.375 E24.76992
G1 X127.256 Y116.589 E24.77605
G1 X127.256 Y116.121 E24.78192
G1 X127.379 Y116.074 E24.78357
G0 F7200 X127.559 Y115.987
G0 X127.295 Y116.347
G0 X127.356 Y116.347
G0 X127.685 Y118.936
G0 X127.379 Y119.074
G1 F1800 X127.695 Y118.92 E24.78798
G1 X127.696 Y119.375 E24.79369
G1 X127.256 Y119.589 E24.79982
G1 X127.256 Y119.121 E24.80569
G1 X127.379 Y119.074 E24.80734
G0 F7200 X127.559 Y118.987
G0 X127.295 Y119.347
G0 X127.356 Y119.347
G0 X124.724 Y119.165
G0 X124.621 Y119.074
G1 F1800 X124.744 Y119.121 E24.80899
G1 X124.744 Y119.589 E24.81486
G1 X124.305 Y119.376 E24.81844
G1 X124.304 Y118.92 E24.82396
G1 X124.621 Y119.074 E24.82577
G0 F7200 X124.744 Y119.121
G0 X124.744 Y119.19
G0 X124.705 Y119.191
G0 X124.644 Y119.191
G0 X126.399 Y118.53
G0 X128.54 Y117.57
G0 X131.44 Y119.151
G0 X132.582 Y119.165
G0 X132.621 Y119.074
G1 F1800 X132.744 Y119.121 E24.82742
G1 X132.744 Y119.589 E24.83329
G1 X132.305 Y119.376 E24.83687
G1 X132.304 Y118.92 E24.84239
G1 X132.621 Y119.074 E24.8442
G0 F7200 X132.744 Y119.121
G0 X132.744 Y119.19
G0 X132.705 Y119.191
G0 X132.644 Y119.191
G0 X132.734 Y116.573
G0 X132.62 Y116.074
G1 F1800 X132.744 Y116.121 E24.84586
G1 X132.744 Y116.589 E24.85173
G1 X132.305 Y116.376 E24.85531
G1 X132.304 Y115.92 E24.86083
G1 X132.62 Y116.074 E24.86262
G0 F7200 X132.744 Y116.121
G0 X132.744 Y116.189
G0 X132.705 Y116.19
G0 X132.644 Y116.19
G0 X132.734 Y113.573
G0 X132.62 Y113.074
G1 F1800 X132.744 Y113.121 E24.86428
G1 X132.744 Y113.589 E24.87015
G1 X132.305 Y113.376 E24.87373
G1 X132.304 Y112.92 E24.87925
G1 X132.62 Y113.074 E24.88104
G0 F7200 X132.744 Y113.121
G0 X132.744 Y113.189
G0 X132.705 Y113.19
G0 X132.644 Y113.19
G0 X132.734 Y110.573
G0 X132.62 Y110.074
G1 F1800 X132.744 Y110.121 E24.8827
G1 X132.744 Y110.589 E24.88857
G1 X132.305 Y110.376 E24.89214
G1 X132.304 Y109.92 E24.89766
G1 X132.62 Y110.074 E24.89946
G0 F7200 X132.744 Y110.121
G0 X132.744 Y110.189
G0 X132.705 Y110.19
;MESH:NONMESH
G0 F600 X132.705 Y110.19 Z2.2
G0 F7200 X132.644 Y110.19
G0 X131.44 Y110.229
G0 X126.409 Y111.822
G0 X120.553 Y110.913
G0 X119.563 Y111.4
G0 X118.409 Y111.822
G0 X112.56 Y110.364
G0 X111.906 Y110.273
;TIME_ELAPSED:139.381229
;LAYER:10
;TYPE:WALL-OUTER
;MESH:output\B_media_suporte.stl
G1 F1800 X111.466 Y110.487 E24.90559
G1 X111.466 Y110.032 E24.9113
G1 X111.905 Y109.818 E24.91742
G1 X111.906 Y110.273 E24.92313
G0 F7200 X111.727 Y110.36
G0 X111.723 Y110.351
G0 X111.686 Y110.27
G0 X111.895 Y112.834
G0 X111.906 Y113.273
G1 F1800 X111.466 Y113.487 E24.92927
G1 X111.466 Y113.032 E24.93497
G1 X111.905 Y112.818 E24.9411
G1 X111.906 Y113.273 E24.9468
G0 F7200 X111.727 Y113.36
G0 X111.723 Y113.351
G0 X111.686 Y113.27
G0 X111.895 Y115.834
G0 X111.906 Y116.273
G1 F1800 X111.466 Y116.487 E24.95294
G1 X111.466 Y116.032 E24.95864
G1 X111.905 Y115.818 E24.96477
G1 X111.906 Y116.273 E24.97047
G0 F7200 X111.727 Y116.36
G0 X111.723 Y116.351
G0 X111.686 Y116.27
G0 X111.895 Y118.834
G0 X111.906 Y119.273
G1 F1800 X111.466 Y119.487 E24.97661
G1 X111.466 Y119.032 E24.98231
G1 X111.905 Y118.818 E24.98844
G1 X111.906 Y119.273 E24.99415
G0 F7200 X111.727 Y119.36
G0 X111.723 Y119.351
G0 X111.686 Y119.27
G0 X112.77 Y119.092
G0 X115.23 Y119.087
G0 X116.434 Y119.084
G0 X116.534 Y119.031
G1 F1800 X116.534 Y119.487 E24.99986
G1 X116.095 Y119.274 E25.00598
G1 X116.094 Y118.818 E25.0117
G1 X116.534 Y119.031 E25.01783
G0 F7200 X116.534 Y119.231
G0 X116.495 Y119.232
G0 X116.434 Y119.232
G0 X116.524 Y116.471
G0 X116.534 Y116.031
G1 F1800 X116.534 Y116.487 E25.02355
G1 X116.095 Y116.274 E25.02967
G1 X116.094 Y115.817 E25.0354
G1 X116.534 Y116.031 E25.04154
G0 F7200 X116.534 Y116.231
G0 X116.495 Y116.232
G0 X116.434 Y116.232
G0 X116.524 Y113.471
G0 X116.534 Y113.032
G1 F1800 X116.534 Y113.487 E25.04724
G1 X116.095 Y113.274 E25.05336
G1 X116.094 Y112.818 E25.05908
G1 X116.534 Y113.032 E25.06521
G0 F7200 X116.534 Y113.232
G0 X116.495 Y113.233
G0 X116.434 Y113.233
G0 X116.524 Y110.471
G0 X116.534 Y110.032
G1 F1800 X116.534 Y110.487 E25.07092
G1 X116.095 Y110.274 E25.07704
G1 X116.094 Y109.818 E25.08276
G1 X116.534 Y110.032 E25.08889
G0 F7200 X116.534 Y110.232
G0 X116.495 Y110.233
G0 X116.434 Y110.233
G0 X118.601 Y110.206
G0 X119.815 Y110.206
G0 X119.905 Y110.274
G1 F1800 X119.466 Y110.487 E25.09501
G1 X119.466 Y110.032 E25.10072
G1 X119.905 Y109.819 E25.10684
G1 X119.905 Y110.274 E25.11254
G0 F7200 X119.725 Y110.361
G0 X119.721 Y110.353
G0 X119.684 Y110.27
G0 X119.895 Y112.835
G0 X119.905 Y113.274
G1 F1800 X119.466 Y113.487 E25.11866
G1 X119.466 Y113.032 E25.12437
G1 X119.905 Y112.819 E25.13049
G1 X119.905 Y113.274 E25.13619
G0 F7200 X119.725 Y113.361
G0 X119.721 Y113.353
G0 X119.684 Y113.27
G0 X119.895 Y115.835
G0 X119.905 Y116.274
G1 F1800 X119.466 Y116.487 E25.14231
G1 X119.466 Y116.032 E25.14802
G1 X119.905 Y115.819 E25.15414
G1 X119.905 Y116.274 E25.15984
G0 F7200 X119.725 Y116.361
G0 X119.721 Y116.353
G0 X119.684 Y116.27
G0 X119.895 Y118.834
G0 X119.906 Y119.273
G1 F1800 X119.466 Y119.487 E25.16598
G1 X119.466 Y119.032 E25.17168
G1 X119.905 Y118.818 E25.17781
G1 X119.906 Y119.273 E25.18351
G0 F7200 X119.727 Y119.36
G0 X119.723 Y119.351
G0 X119.686 Y119.27
G0 X120.77 Y119.092
G0 X123.23 Y119.087
G0 X124.434 Y119.084
G0 X124.534 Y119.031
G1 F1800 X124.534 Y119.487 E25.18923
G1 X124.095 Y119.274 E25.19535
G1 X124.094 Y118.818 E25.20107
G1 X124.534 Y119.031 E25.2072
G0 F7200 X124.534 Y119.231
G0 X124.495 Y119.232
G1 F1500 E18.7072
G0 F7200 X124.434 Y119.232
G0 X124.524 Y116.471
G1 F1500 E25.2072
G0 F7200 X124.534 Y116.031
G1 F1800 X124.534 Y116.487 E25.21292
G1 X124.095 Y116.274 E25.21904
G1 X124.094 Y115.817 E25.22477
G1 X124.534 Y116.031 E25.23091
G0 F7200 X124.534 Y116.231
G0 X124.495 Y116.232
G1 F1500 E18.73091
G0 F7200 X124.434 Y116.232
G0 X124.524 Y113.471
G1 F1500 E25.23091
G0 F7200 X124.534 Y113.032
G1 F1800 X124.534 Y113.487 E25.23661
G1 X124.095 Y113.274 E25.24273
G1 X124.094 Y112.818 E25.24845
G1 X124.534 Y113.032 E25.25458
G0 F7200 X124.534 Y113.232
G0 X124.495 Y113.233
G1 F1500 E18.75458
G0 F7200 X124.434 Y113.233
G0 X124.524 Y110.471
G1 F1500 E25.25458
G0 F7200 X124.534 Y110.032
G1 F1800 X124.534 Y110.487 E25.26029
G1 X124.095 Y110.274 E25.26641
G1 X124.094 Y109.818 E25.27213
G1 X124.534 Y110.032 E25.27826
G0 F7200 X124.534 Y110.232
G0 X124.495 Y110.233
G1 F1500 E18.77826
G0 F7200 X124.434 Y110.233
G0 X126.601 Y110.22
G0 X127.805 Y110.22
G1 F1500 E25.27826
G0 F7200 X127.906 Y110.273
G1 F1800 X127.466 Y110.487 E25.2844
G1 X127.466 Y110.032 E25.2901
G1 X127.905 Y109.818 E25.29623
G1 X127.906 Y110.273 E25.30194
G0 F7200 X127.727 Y110.36
G0 X127.723 Y110.351
G1 F1500 E18.80194
G0 F7200 X127.686 Y110.27
G0 X127.895 Y112.834
G1 F1500 E25.30194
G0 F7200 X127.906 Y113.273
G1 F1800 X127.466 Y113.487 E25.30807
G1 X127.466 Y113.032 E25.31378
G1 X127.905 Y112.818 E25.3199
G1 X127.906 Y113.273 E25.32561
G0 F7200 X127.727 Y113.36
G0 X127.723 Y113.351
G1 F1500 E18.82561
G0 F7200 X127.686 Y113.27
G0 X127.895 Y115.834
G1 F1500 E25.32561
G0 F7200 X127.906 Y116.273
G1 F1800 X127.466 Y116.487 E25.33174
G1 X127.466 Y116.032 E25.33745
G1 X127.905 Y115.818 E25.34357
G1 X127.906 Y116.273 E25.34928
G0 F7200 X127.727 Y116.36
G0 X127.723 Y116.351
G1 F1500 E18.84928
G0 F7200 X127.686 Y116.27
G0 X127.895 Y118.834
G1 F1500 E25.34928
G0 F7200 X127.906 Y119.273
G1 F1800 X127.466 Y119.487 E25.35542
G1 X127.466 Y119.032 E25.36112
G1 X127.905 Y118.818 E25.36725
G1 X127.906 Y119.273 E25.37295
G0 F7200 X127.727 Y119.36
G0 X127.723 Y119.351
G1 F1500 E18.87295
G0 F7200 X127.686 Y119.27
G0 X128.77 Y119.092
G0 X131.23 Y119.087
G0 X132.434 Y119.084
G1 F1500 E25.37295
G0 F7200 X132.534 Y119.031
G1 F1800 X132.534 Y119.487 E25.37867
G1 X132.095 Y119.274 E25.38479
G1 X132.094 Y118.818 E25.39051
G1 X132.534 Y119.031 E25.39664
G0 F7200 X132.534 Y119.231
G0 X132.495 Y119.232
G1 F1500 E18.89664
G0 F7200 X132.434 Y119.232
G0 X132.524 Y116.471
G1 F1500 E25.39664
G0 F7200 X132.534 Y116.031
G1 F1800 X132.534 Y116.487 E25.40236
G1 X132.095 Y116.274 E25.40847
G1 X132.094 Y115.817 E25.41421
G1 X132.534 Y116.031 E25.42034
G0 F7200 X132.534 Y116.231
G0 X132.495 Y116.232
G1 F1500 E18.92034
G0 F7200 X132.434 Y116.232
G0 X132.524 Y113.471
G1 F1500 E25.42034
G0 F7200 X132.534 Y113.032
G1 F1800 X132.534 Y113.487 E25.42605
G1 X132.095 Y113.274 E25.43217
G1 X132.094 Y112.818 E25.43788
G1 X132.534 Y113.032 E25.44402
G0 F7200 X132.534 Y113.232
G0 X132.495 Y113.233
G1 F1500 E18.94402
G0 F7200 X132.434 Y113.233
G0 X132.524 Y110.471
G1 F1500 E25.44402
G0 F7200 X132.534 Y110.032
G1 F1800 X132.534 Y110.487 E25.44973
G1 X132.095 Y110.274 E25.45585
G1 X132.094 Y109.818 E25.46156
G1 X132.534 Y110.032 E25.4677
G0 F7200 X132.534 Y110.232
G0 X132.495 Y110.233
G1 F1500 E18.9677
;MESH:NONMESH
G0 F600 X132.495 Y110.233 Z2.4
G0 F7200 X132.434 Y110.233
G0 X131.23 Y110.128
G0 X126.619 Y111.743
G0 X125.381 Y111.743
G0 X120.763 Y110.811
G0 X119.564 Y111.4
G0 X118.619 Y111.743
G0 X117.381 Y111.743
G0 X112.77 Y110.262
G1 F1500 E25.4677
G0 F7200 X112.116 Y110.171
;TIME_ELAPSED:149.438107
;LAYER:11
;TYPE:WALL-OUTER
;MESH:output\B_media_suporte.stl
G1 F1800 X111.675 Y110.385 E25.47385
G1 X111.675 Y109.93 E25.47955
G1 X112.116 Y109.716 E25.4857
G1 X112.116 Y110.171 E25.49141
G0 F7200 X111.936 Y110.258
G0 X111.932 Y110.25
G1 F1500 E18.99141
G0 F7200 X111.895 Y110.167
G0 X112.106 Y112.731
G1 F1500 E25.49141
G0 F7200 X112.116 Y113.171
G1 F1800 X111.675 Y113.385 E25.49755
G1 X111.676 Y112.929 E25.50327
G1 X112.116 Y112.715 E25.50941
G1 X112.116 Y113.171 E25.51513
G0 F7200 X111.936 Y113.258
G0 X111.933 Y113.248
G1 F1500 E19.01513
G0 F7200 X111.895 Y113.167
G0 X112.106 Y115.731
G1 F1500 E25.51513
G0 F7200 X112.116 Y116.171
G1 F1800 X111.675 Y116.385 E25.52127
G1 X111.676 Y115.929 E25.52699
G1 X112.116 Y115.715 E25.53313
G1 X112.116 Y116.171 E25.53884
G0 F7200 X111.936 Y116.258
G0 X111.933 Y116.248
G1 F1500 E19.03884
G0 F7200 X111.895 Y116.167
G0 X112.106 Y118.732
G1 F1500 E25.53884
G0 F7200 X112.116 Y119.171
G1 F1800 X111.675 Y119.385 E25.54499
G1 X111.675 Y118.93 E25.5507
G1 X112.116 Y118.716 E25.55684
G1 X112.116 Y119.171 E25.56255
G0 F7200 X111.936 Y119.258
G0 X111.932 Y119.25
G1 F1500 E19.06255
G0 F7200 X111.895 Y119.167
G0 X112.981 Y118.982
G0 X115.019 Y118.992
G0 X116.224 Y118.982
G1 F1500 E25.56255
G0 F7200 X116.324 Y118.929
G1 F1800 X116.324 Y119.385 E25.56827
G1 X115.884 Y119.171 E25.5744
G1 X115.885 Y118.716 E25.58011
G1 X116.324 Y118.929 E25.58623
G0 F7200 X116.324 Y119.129
G0 X116.284 Y119.129
G1 F1500 E19.08623
G0 F7200 X116.224 Y119.129
G0 X116.315 Y116.369
G1 F1500 E25.58623
G0 F7200 X116.324 Y115.929
G1 F1800 X116.325 Y116.385 E25.59195
G1 X115.885 Y116.172 E25.59808
G1 X115.884 Y115.716 E25.6038
G1 X116.324 Y115.929 E25.60993
G0 F7200 X116.324 Y116.129
G0 X116.285 Y116.129
G1 F1500 E19.10993
G0 F7200 X116.224 Y116.128
G0 X116.315 Y113.369
G1 F1500 E25.60993
G0 F7200 X116.324 Y112.929
G1 F1800 X116.325 Y113.385 E25.61565
G1 X115.885 Y113.172 E25.62178
G1 X115.884 Y112.716 E25.62749
G1 X116.324 Y112.929 E25.63362
G0 F7200 X116.324 Y113.129
G0 X116.285 Y113.129
G1 F1500 E19.13362
G0 F7200 X116.224 Y113.128
G0 X116.315 Y110.369
G1 F1500 E25.63362
G0 F7200 X116.324 Y109.929
G1 F1800 X116.325 Y110.385 E25.63934
G1 X115.885 Y110.172 E25.64547
G1 X115.884 Y109.716 E25.65119
G1 X116.324 Y109.929 E25.65732
G0 F7200 X116.324 Y110.129
G0 X116.285 Y110.129
G1 F1500 E19.15732
G0 F7200 X116.224 Y110.128
G0 X118.81 Y110.121
G0 X120.025 Y110.104
G1 F1500 E25.65732
G0 F7200 X120.115 Y110.172
G1 F1800 X119.675 Y110.385 E25.66345
G1 X119.676 Y109.929 E25.66917
G1 X120.116 Y109.716 E25.6753
G1 X120.115 Y110.172 E25.68102
G0 F7200 X119.935 Y110.259
G0 X119.931 Y110.25
G1 F1500 E19.18102
G0 F7200 X119.893 Y110.168
G0 X120.106 Y112.732
G1 F1500 E25.68102
G0 F7200 X120.115 Y113.172
G1 F1800 X119.675 Y113.385 E25.68715
G1 X119.676 Y112.929 E25.69287
G1 X120.116 Y112.716 E25.699
G1 X120.115 Y113.172 E25.70472
G0 F7200 X119.935 Y113.259
G0 X119.931 Y113.25
G1 F1500 E19.20472
G0 F7200 X119.893 Y113.168
G0 X120.106 Y115.732
G1 F1500 E25.70472
G0 F7200 X120.115 Y116.172
G1 F1800 X119.675 Y116.385 E25.71085
G1 X119.676 Y115.929 E25.71657
G1 X120.116 Y115.716 E25.7227
G1 X120.115 Y116.172 E25.72841
G0 F7200 X119.935 Y116.259
G0 X119.931 Y116.25
G1 F1500 E19.22841
G0 F7200 X119.893 Y116.168
G0 X120.106 Y118.732
G1 F1500 E25.72841
G0 F7200 X120.116 Y119.171
G1 F1800 X119.676 Y119.385 E25.73455
G1 X119.675 Y118.93 E25.74026
G1 X120.116 Y118.716 E25.7464
G1 X120.116 Y119.171 E25.75211
G0 F7200 X119.937 Y119.258
G0 X119.932 Y119.25
G0 X119.895 Y119.168
G0 X120.981 Y118.982
G0 X123.019 Y118.992
G0 X124.224 Y118.982
G0 X124.324 Y118.929
G1 F1800 X124.324 Y119.385 E25.75783
G1 X123.884 Y119.171 E25.76396
G1 X123.885 Y118.716 E25.76967
G1 X124.324 Y118.929 E25.77579
G0 F7200 X124.324 Y119.129
G0 X124.284 Y119.129
G1 F1500 E19.27579
G0 F7200 X124.224 Y119.129
G0 X124.315 Y116.369
G1 F1500 E25.77579
G0 F7200 X124.324 Y115.929
G1 F1800 X124.325 Y116.385 E25.78151
G1 X123.885 Y116.172 E25.78764
G1 X123.884 Y115.716 E25.79336
G1 X124.324 Y115.929 E25.79949
G0 F7200 X124.324 Y116.129
G0 X124.285 Y116.129
G1 F1500 E19.29949
G0 F7200 X124.224 Y116.128
G0 X124.315 Y113.369
G1 F1500 E25.79949
G0 F7200 X124.324 Y112.929
G1 F1800 X124.325 Y113.385 E25.8052
G1 X123.885 Y113.172 E25.81133
G1 X123.884 Y112.716 E25.81705
G1 X124.324 Y112.929 E25.82318
G0 F7200 X124.324 Y113.129
G0 X124.285 Y113.129
G0 X124.224 Y113.128
G0 X124.315 Y110.369
G0 X124.324 Y109.929
G1 F1800 X124.325 Y110.385 E25.8289
G1 X123.885 Y110.172 E25.83503
G1 X123.884 Y109.716 E25.84075
G1 X124.324 Y109.929 E25.84688
G0 F7200 X124.324 Y110.129
G0 X124.285 Y110.129
G1 F1500 E19.34688
G0 F7200 X124.224 Y110.128
G0 X126.81 Y110.111
G0 X128.026 Y110.103
G1 F1500 E25.84688
G0 F7200 X128.116 Y110.171
G1 F1800 X127.675 Y110.385 E25.85303
G1 X127.675 Y109.93 E25.85873
G1 X128.116 Y109.716 E25.86488
G1 X128.116 Y110.171 E25.87059
G0 F7200 X127.936 Y110.258
G0 X127.932 Y110.25
G1 F1500 E19.37059
G0 F7200 X127.895 Y110.167
G0 X128.106 Y112.731
G1 F1500 E25.87059
G0 F7200 X128.116 Y113.171
G1 F1800 X127.675 Y113.385 E25.87673
G1 X127.676 Y112.929 E25.88245
G1 X128.116 Y112.715 E25.88859
G1 X128.116 Y113.171 E25.89431
G0 F7200 X127.936 Y113.258
G0 X127.933 Y113.248
G0 X127.895 Y113.167
G0 X128.106 Y115.731
G0 X128.116 Y116.171
G1 F1800 X127.675 Y116.385 E25.90045
G1 X127.676 Y115.929 E25.90617
G1 X128.116 Y115.715 E25.91231
G1 X128.116 Y116.171 E25.91803
G0 F7200 X127.936 Y116.258
G0 X127.933 Y116.248
G1 F1500 E19.41803
G0 F7200 X127.895 Y116.167
G0 X128.106 Y118.732
G1 F1500 E25.91803
G0 F7200 X128.116 Y119.171
G1 F1800 X127.675 Y119.385 E25.92417
G1 X127.675 Y118.93 E25.92988
G1 X128.116 Y118.716 E25.93603
G1 X128.116 Y119.171 E25.94173
G0 F7200 X127.936 Y119.258
G0 X127.932 Y119.25
G1 F1500 E19.44173
G0 F7200 X127.895 Y119.167
G0 X128.981 Y118.982
G0 X131.019 Y118.992
G0 X132.224 Y118.982
G1 F1500 E25.94173
G0 F7200 X132.324 Y118.929
G1 F1800 X132.324 Y119.385 E25.94745
G1 X131.884 Y119.171 E25.95359
G1 X131.885 Y118.716 E25.95929
G1 X132.324 Y118.929 E25.96541
G0 F7200 X132.324 Y119.129
G0 X132.284 Y119.129
G1 F1500 E19.46541
G0 F7200 X132.224 Y119.129
G0 X132.315 Y116.369
G1 F1500 E25.96541
G0 F7200 X132.324 Y115.929
G1 F1800 X132.325 Y116.385 E25.97113
G1 X131.885 Y116.172 E25.97726
G1 X131.884 Y115.716 E25.98298
G1 X132.324 Y115.929 E25.98911
G0 F7200 X132.324 Y116.129
G0 X132.285 Y116.129
G1 F1500 E19.48911
G0 F7200 X132.224 Y116.128
G0 X132.315 Y113.369
G1 F1500 E25.98911
G0 F7200 X132.324 Y112.929
G1 F1800 X132.325 Y113.385 E25.99483
G1 X131.885 Y113.172 E26.00096
G1 X131.884 Y112.716 E26.00667
G1 X132.324 Y112.929 E26.01281
G0 F7200 X132.324 Y113.129
G0 X132.285 Y113.129
G1 F1500 E19.51281
G0 F7200 X132.224 Y113.128
G0 X132.315 Y110.369
G1 F1500 E26.01281
G0 F7200 X132.324 Y109.929
G1 F1800 X132.325 Y110.385 E26.01852
G1 X131.885 Y110.172 E26.02465
G1 X131.884 Y109.716 E26.03037
G1 X132.324 Y109.929 E26.0365
G0 F7200 X132.324 Y110.129
G0 X132.285 Y110.129
G1 F1500 E19.5365
;MESH:NONMESH
G0 F600 X132.285 Y110.129 Z2.6
G0 F7200 X132.224 Y110.128
G0 X131.02 Y110.027
G0 X128.962 Y108.364
G0 X115.037 Y108.364
G0 X112.981 Y110.026
G1 F1500 E26.0365
G0 F7200 X112.325 Y110.069
;TIME_ELAPSED:164.322369
;LAYER:12
;TYPE:WALL-OUTER
;MESH:output\B_media_suporte.stl
G1 F1800 X111.885 Y110.283 E26.04264
G1 X111.885 Y109.828 E26.04834
G1 X112.325 Y109.614 E26.05448
G1 X112.325 Y110.069 E26.06019
G0 F7200 X112.146 Y110.156
G0 X112.142 Y110.147
G1 F1500 E19.56019
G0 F7200 X112.105 Y110.066
G0 X112.315 Y112.63
G1 F1500 E26.06019
G0 F7200 X112.325 Y113.069
G1 F1800 X111.885 Y113.283 E26.06632
G1 X111.886 Y112.827 E26.07204
G1 X112.325 Y112.614 E26.07816
G1 X112.325 Y113.069 E26.08386
G0 F7200 X112.146 Y113.156
G0 X112.141 Y113.148
G1 F1500 E19.58386
G0 F7200 X112.104 Y113.066
G0 X112.315 Y115.63
G1 F1500 E26.08386
G0 F7200 X112.325 Y116.069
G1 F1800 X111.885 Y116.283 E26.09
G1 X111.886 Y115.827 E26.09572
G1 X112.325 Y115.614 E26.10184
G1 X112.325 Y116.069 E26.10754
G0 F7200 X112.146 Y116.156
G0 X112.141 Y116.148
G1 F1500 E19.60754
G0 F7200 X112.104 Y116.066
G0 X112.315 Y118.63
G1 F1500 E26.10754
G0 F7200 X112.325 Y119.069
G1 F1800 X111.885 Y119.283 E26.11368
G1 X111.885 Y118.828 E26.11939
G1 X112.325 Y118.614 E26.12552
G1 X112.325 Y119.069 E26.13123
G0 F7200 X112.146 Y119.156
G0 X112.142 Y119.147
G1 F1500 E19.63123
G0 F7200 X112.105 Y119.066
G0 X113.19 Y118.88
G0 X114.81 Y118.889
G0 X116.014 Y118.88
G1 F1500 E26.13123
G0 F7200 X116.114 Y118.827
G1 F1800 X116.114 Y119.282 E26.13693
G1 X115.675 Y119.069 E26.14305
G1 X115.676 Y118.614 E26.14876
G1 X116.114 Y118.827 E26.15487
G0 F7200 X116.114 Y119.027
G0 X116.075 Y119.027
G0 X116.014 Y119.027
G0 X116.105 Y116.267
G0 X116.114 Y115.827
G1 F1800 X116.115 Y116.283 E26.16058
G1 X115.676 Y116.07 E26.1667
G1 X115.675 Y115.614 E26.17242
G1 X116.114 Y115.827 E26.17854
G0 F7200 X116.114 Y116.027
G0 X116.076 Y116.027
G1 F1500 E19.67854
G0 F7200 X116.014 Y116.026
G0 X116.105 Y113.267
G1 F1500 E26.17854
G0 F7200 X116.114 Y112.827
G1 F1800 X116.115 Y113.283 E26.18426
G1 X115.676 Y113.07 E26.19038
G1 X115.675 Y112.614 E26.1961
G1 X116.114 Y112.827 E26.20222
G0 F7200 X116.114 Y113.027
G0 X116.076 Y113.027
G0 X116.014 Y113.026
G0 X116.105 Y110.267
G0 X116.114 Y109.827
G1 F1800 X116.115 Y110.283 E26.20793
G1 X115.676 Y110.07 E26.21405
G1 X115.675 Y109.614 E26.21977
G1 X116.114 Y109.827 E26.22589
G0 F7200 X116.114 Y110.027
G0 X116.076 Y110.027
G1 F1500 E19.72589
G0 F7200 X116.014 Y110.026
G0 X119.02 Y110.021
G0 X120.234 Y110.002
G1 F1500 E26.22589
G0 F7200 X120.324 Y110.07
G1 F1800 X119.885 Y110.283 E26.23201
G1 X119.886 Y109.827 E26.23773
G1 X120.325 Y109.614 E26.24385
G1 X120.324 Y110.07 E26.24957
G0 F7200 X120.144 Y110.157
G0 X120.14 Y110.148
G0 X120.103 Y110.066
G0 X120.315 Y112.63
G0 X120.324 Y113.07
G1 F1800 X119.885 Y113.283 E26.25568
G1 X119.886 Y112.827 E26.2614
G1 X120.325 Y112.614 E26.26752
G1 X120.324 Y113.07 E26.27324
G0 F7200 X120.144 Y113.157
G0 X120.14 Y113.148
G1 F1500 E19.77324
G0 F7200 X120.103 Y113.066
G0 X120.315 Y115.63
G1 F1500 E26.27324
G0 F7200 X120.324 Y116.07
G1 F1800 X119.885 Y116.283 E26.27936
G1 X119.886 Y115.827 E26.28508
G1 X120.325 Y115.614 E26.2912
G1 X120.324 Y116.07 E26.29691
G0 F7200 X120.144 Y116.157
G0 X120.14 Y116.148
G0 X120.103 Y116.066
G0 X120.315 Y118.63
G0 X120.325 Y119.069
G1 F1800 X119.886 Y119.283 E26.30304
G1 X119.885 Y118.828 E26.30875
G1 X120.325 Y118.614 E26.31488
G1 X120.325 Y119.069 E26.32059
G0 F7200 X120.146 Y119.156
G0 X120.142 Y119.147
G1 F1500 E19.82059
G0 F7200 X120.105 Y119.066
G0 X121.19 Y118.88
G0 X122.81 Y118.889
G0 X124.014 Y118.88
G1 F1500 E26.32059
G0 F7200 X124.114 Y118.827
G1 F1800 X124.114 Y119.282 E26.32629
G1 X123.675 Y119.069 E26.33241
G1 X123.676 Y118.614 E26.33812
G1 X124.114 Y118.827 E26.34423
G0 F7200 X124.114 Y119.027
G0 X124.075 Y119.027
G0 X124.014 Y119.027
G0 X124.105 Y116.267
G0 X124.114 Y115.827
G1 F1800 X124.115 Y116.283 E26.34994
G1 X123.676 Y116.07 E26.35606
G1 X123.675 Y115.614 E26.36178
G1 X124.114 Y115.827 E26.3679
G0 F7200 X124.114 Y116.027
G0 X124.076 Y116.027
G1 F1500 E19.8679
G0 F7200 X124.014 Y116.026
G0 X124.105 Y113.267
G1 F1500 E26.3679
G0 F7200 X124.114 Y112.827
G1 F1800 X124.115 Y113.283 E26.37362
G1 X123.676 Y113.07 E26.37974
G1 X123.675 Y112.614 E26.38546
G1 X124.114 Y112.827 E26.39158
G0 F7200 X124.114 Y113.027
G0 X124.076 Y113.027
G0 X124.014 Y113.026
G0 X124.105 Y110.267
G0 X124.114 Y109.827
G1 F1800 X124.115 Y110.283 E26.39729
G1 X123.676 Y110.07 E26.40341
G1 X123.675 Y109.614 E26.40913
G1 X124.114 Y109.827 E26.41525
G0 F7200 X124.114 Y110.027
G0 X124.076 Y110.027
G1 F1500 E19.91525
G0 F7200 X124.014 Y110.026
G0 X127.02 Y110.011
G0 X128.235 Y110.002
G1 F1500 E26.41525
G0 F7200 X128.325 Y110.069
G1 F1800 X127.885 Y110.283 E26.42139
G1 X127.885 Y109.828 E26.42709
G1 X128.325 Y109.614 E26.43323
G1 X128.325 Y110.069 E26.43893
G0 F7200 X128.146 Y110.156
G0 X128.142 Y110.147
G0 X128.105 Y110.066
G0 X128.315 Y112.63
G0 X128.325 Y113.069
G1 F1800 X127.885 Y113.283 E26.44507
G1 X127.886 Y112.827 E26.45079
G1 X128.325 Y112.614 E26.45691
G1 X128.325 Y113.069 E26.46261
G0 F7200 X128.146 Y113.156
G0 X128.141 Y113.148
G1 F1500 E19.96261
G0 F7200 X128.104 Y113.066
G0 X128.315 Y115.63
G1 F1500 E26.46261
G0 F7200 X128.325 Y116.069
G1 F1800 X127.885 Y116.283 E26.46875
G1 X127.886 Y115.827 E26.47447
G1 X128.325 Y115.614 E26.48059
G1 X128.325 Y116.069 E26.48629
G0 F7200 X128.146 Y116.156
G0 X128.141 Y116.148
G1 F1500 E19.98629
G0 F7200 X128.104 Y116.066
G0 X128.315 Y118.63
G1 F1500 E26.48629
G0 F7200 X128.325 Y119.069
G1 F1800 X127.885 Y119.283 E26.49243
G1 X127.885 Y118.828 E26.49813
G1 X128.325 Y118.614 E26.50427
G1 X128.325 Y119.069 E26.50997
G0 F7200 X128.146 Y119.156
G0 X128.142 Y119.147
G1 F1500 E20.00997
G0 F7200 X128.105 Y119.066
G0 X129.19 Y118.88
G0 X130.81 Y118.889
G0 X132.014 Y118.88
G1 F1500 E26.50997
G0 F7200 X132.114 Y118.827
G1 F1800 X132.114 Y119.282 E26.51568
G1 X131.675 Y119.069 E26.5218
G1 X131.676 Y118.614 E26.52751
G1 X132.114 Y118.827 E26.53361
G0 F7200 X132.114 Y119.027
G0 X132.075 Y119.027
G1 F1500 E20.03361
G0 F7200 X132.014 Y119.027
G0 X132.105 Y116.267
G1 F1500 E26.53361
G0 F7200 X132.114 Y115.827
G1 F1800 X132.115 Y116.283 E26.53933
G1 X131.676 Y116.07 E26.54545
G1 X131.675 Y115.614 E26.55117
G1 X132.114 Y115.827 E26.55729
G0 F7200 X132.114 Y116.027
G0 X132.076 Y116.027
G1 F1500 E20.05729
G0 F7200 X132.014 Y116.026
G0 X132.105 Y113.267
G1 F1500 E26.55729
G0 F7200 X132.114 Y112.827
G1 F1800 X132.115 Y113.283 E26.56301
G1 X131.676 Y113.07 E26.56913
G1 X131.675 Y112.614 E26.57484
G1 X132.114 Y112.827 E26.58096
G0 F7200 X132.114 Y113.027
G0 X132.076 Y113.027
G1 F1500 E20.08096
G0 F7200 X132.014 Y113.026
G0 X132.105 Y110.267
G1 F1500 E26.58096
G0 F7200 X132.114 Y109.827
G1 F1800 X132.115 Y110.283 E26.58668
G1 X131.676 Y110.07 E26.5928
G1 X131.675 Y109.614 E26.59852
G1 X132.114 Y109.827 E26.60464
G0 F7200 X132.114 Y110.027
G0 X132.076 Y110.027
G1 F1500 E20.10464
;MESH:NONMESH
G0 F600 X132.076 Y110.027 Z2.8
G0 F7200 X132.014 Y110.026
G0 X130.811 Y109.927
G0 X129.171 Y108.262
G0 X114.828 Y108.262
G0 X113.19 Y109.926
G1 F1500 E26.60464
G0 F7200 X112.534 Y109.968
;TIME_ELAPSED:177.044207
;LAYER:13
;TYPE:WALL-OUTER
;MESH:output\B_media_suporte.stl
G1 F1800 X112.096 Y110.181 E26.61075
G1 X112.095 Y109.726 E26.61645
G1 X112.534 Y109.513 E26.62257
G1 X112.534 Y109.968 E26.62828
G0 F7200 X112.355 Y110.055
G0 X112.351 Y110.047
G0 X112.313 Y109.965
G0 X112.524 Y112.529
G0 X112.535 Y112.968
G1 F1800 X112.096 Y113.181 E26.6344
G1 X112.096 Y112.725 E26.64011
G1 X112.534 Y112.513 E26.64622
G1 X112.535 Y112.968 E26.65192
G0 F7200 X112.355 Y113.055
G0 X112.351 Y113.046
G1 F1500 E20.15192
G0 F7200 X112.314 Y112.964
G0 X112.524 Y115.529
G1 F1500 E26.65192
G0 F7200 X112.534 Y115.968
G1 F1800 X112.096 Y116.181 E26.65803
G1 X112.096 Y115.725 E26.66375
G1 X112.534 Y115.513 E26.66985
G1 X112.534 Y115.968 E26.67556
G0 F7200 X112.355 Y116.055
G0 X112.351 Y116.046
G1 F1500 E20.17556
G0 F7200 X112.314 Y115.965
G0 X112.524 Y118.529
G1 F1500 E26.67556
G0 F7200 X112.535 Y118.968
G1 F1800 X112.096 Y119.181 E26.68168
G1 X112.095 Y118.726 E26.68738
G1 X112.534 Y118.513 E26.6935
G1 X112.535 Y118.968 E26.69921
G0 F7200 X112.355 Y119.055
G0 X112.351 Y119.046
G0 X112.314 Y118.964
G0 X113.399 Y118.784
G0 X114.601 Y118.78
G0 X115.804 Y118.778
G0 X115.904 Y118.725
G1 F1800 X115.904 Y119.181 E26.70492
G1 X115.466 Y118.97 E26.71102
G1 X115.465 Y118.512 E26.71676
G1 X115.904 Y118.725 E26.72288
G0 F7200 X115.904 Y118.925
G0 X115.866 Y118.926
G1 F1500 E20.22288
G0 F7200 X115.804 Y118.926
G0 X115.895 Y116.166
G1 F1500 E26.72288
G0 F7200 X115.904 Y115.725
G1 F1800 X115.905 Y116.182 E26.72861
G1 X115.466 Y115.97 E26.73473
G1 X115.465 Y115.512 E26.74047
G1 X115.904 Y115.725 E26.74659
G0 F7200 X115.904 Y115.925
G0 X115.866 Y115.925
G0 X115.804 Y115.924
G0 X115.895 Y113.166
G0 X115.904 Y112.725
G1 F1800 X115.905 Y113.182 E26.75232
G1 X115.466 Y112.97 E26.75844
G1 X115.465 Y112.512 E26.76418
G1 X115.904 Y112.725 E26.7703
G0 F7200 X115.904 Y112.925
G0 X115.866 Y112.925
G0 X115.804 Y112.924
G0 X115.895 Y110.166
G0 X115.904 Y109.725
G1 F1800 X115.905 Y110.182 E26.77603
G1 X115.466 Y109.97 E26.78214
G1 X115.465 Y109.512 E26.78789
G1 X115.904 Y109.725 E26.794
G0 F7200 X115.904 Y109.925
G0 X115.866 Y109.925
G1 F1500 E20.294
G0 F7200 X115.804 Y109.924
G0 X119.231 Y109.91
G0 X120.444 Y109.901
G1 F1500 E26.794
G0 F7200 X120.534 Y109.968
G1 F1800 X120.096 Y110.181 E26.80011
G1 X120.096 Y109.725 E26.80583
G1 X120.534 Y109.513 E26.81193
G1 X120.534 Y109.968 E26.81764
G0 F7200 X120.355 Y110.055
G0 X120.351 Y110.046
G0 X120.314 Y109.965
G0 X120.524 Y112.529
G0 X120.535 Y112.968
G1 F1800 X120.096 Y113.181 E26.82376
G1 X120.096 Y112.725 E26.82948
G1 X120.534 Y112.513 E26.83558
G1 X120.535 Y112.968 E26.84128
G0 F7200 X120.355 Y113.055
G0 X120.351 Y113.046
G1 F1500 E20.34128
G0 F7200 X120.314 Y112.964
G0 X120.524 Y115.529
G1 F1500 E26.84128
G0 F7200 X120.534 Y115.968
G1 F1800 X120.096 Y116.181 E26.84739
G1 X120.096 Y115.725 E26.85311
G1 X120.534 Y115.513 E26.85921
G1 X120.534 Y115.968 E26.86492
G0 F7200 X120.355 Y116.055
G0 X120.351 Y116.046
G0 X120.314 Y115.965
G0 X120.524 Y118.529
G0 X120.535 Y118.968
G1 F1800 X120.096 Y119.181 E26.87104
G1 X120.095 Y118.726 E26.87674
G1 X120.534 Y118.513 E26.88286
G1 X120.535 Y118.968 E26.88857
G0 F7200 X120.355 Y119.055
G0 X120.351 Y119.046
G0 X120.314 Y118.964
G0 X121.399 Y118.784
G0 X122.601 Y118.78
G0 X123.804 Y118.778
G0 X123.904 Y118.725
G1 F1800 X123.904 Y119.181 E26.89429
G1 X123.466 Y118.97 E26.90038
G1 X123.465 Y118.512 E26.90613
G1 X123.904 Y118.725 E26.91225
G0 F7200 X123.904 Y118.925
G0 X123.866 Y118.926
G1 F1500 E20.41225
G0 F7200 X123.804 Y118.926
G0 X123.895 Y116.166
G1 F1500 E26.91225
G0 F7200 X123.904 Y115.725
G1 F1800 X123.905 Y116.182 E26.91798
G1 X123.466 Y115.97 E26.92409
G1 X123.465 Y115.512 E26.92983
G1 X123.904 Y115.725 E26.93595
G0 F7200 X123.904 Y115.925
G0 X123.866 Y115.925
G0 X123.804 Y115.924
G0 X123.895 Y113.166
G0 X123.904 Y112.725
G1 F1800 X123.905 Y113.182 E26.94168
G1 X123.466 Y112.97 E26.9478
G1 X123.465 Y112.512 E26.95354
G1 X123.904 Y112.725 E26.95966
G0 F7200 X123.904 Y112.925
G0 X123.866 Y112.925
G1 F1500 E20.45966
G0 F7200 X123.804 Y112.924
G0 X123.895 Y110.166
G1 F1500 E26.95966
G0 F7200 X123.904 Y109.725
G1 F1800 X123.905 Y110.182 E26.96539
G1 X123.466 Y109.97 E26.9715
G1 X123.465 Y109.512 E26.97725
G1 X123.904 Y109.725 E26.98337
G0 F7200 X123.904 Y109.925
G0 X123.866 Y109.925
G0 X123.804 Y109.924
G0 X127.231 Y109.902
G0 X128.444 Y109.901
G0 X128.534 Y109.968
G1 F1800 X128.096 Y110.181 E26.98947
G1 X128.095 Y109.726 E26.99518
G1 X128.534 Y109.513 E27.0013
G1 X128.534 Y109.968 E27.00701
G0 F7200 X128.355 Y110.055
G0 X128.351 Y110.047
G0 X128.313 Y109.965
G0 X128.524 Y112.529
G0 X128.535 Y112.968
G1 F1800 X128.096 Y113.181 E27.01312
G1 X128.096 Y112.725 E27.01884
G1 X128.534 Y112.513 E27.02495
G1 X128.535 Y112.968 E27.03065
G0 F7200 X128.355 Y113.055
G0 X128.351 Y113.046
G1 F1500 E20.53065
G0 F7200 X128.314 Y112.964
G0 X128.524 Y115.529
G1 F1500 E27.03065
G0 F7200 X128.534 Y115.968
G1 F1800 X128.096 Y116.181 E27.03676
G1 X128.096 Y115.725 E27.04248
G1 X128.534 Y115.513 E27.04858
G1 X128.534 Y115.968 E27.05429
G0 F7200 X128.355 Y116.055
G0 X128.351 Y116.046
G0 X128.314 Y115.965
G0 X128.524 Y118.529
G0 X128.535 Y118.968
G1 F1800 X128.096 Y119.181 E27.0604
G1 X128.095 Y118.726 E27.06611
G1 X128.534 Y118.513 E27.07223
G1 X128.535 Y118.968 E27.07794
G0 F7200 X128.355 Y119.055
G0 X128.351 Y119.046
G1 F1500 E20.57794
G0 F7200 X128.314 Y118.964
G0 X129.399 Y118.784
G0 X130.601 Y118.78
G0 X131.804 Y118.778
G1 F1500 E27.07794
G0 F7200 X131.904 Y118.725
G1 F1800 X131.904 Y119.181 E27.08365
G1 X131.466 Y118.97 E27.08975
G1 X131.465 Y118.512 E27.09549
G1 X131.904 Y118.725 E27.10161
G0 F7200 X131.904 Y118.925
G0 X131.866 Y118.926
G0 X131.804 Y118.926
G0 X131.895 Y116.166
G0 X131.904 Y115.725
G1 F1800 X131.905 Y116.182 E27.10734
G1 X131.466 Y115.97 E27.11346
G1 X131.465 Y115.512 E27.1192
G1 X131.904 Y115.725 E27.12532
G0 F7200 X131.904 Y115.925
G0 X131.866 Y115.925
G0 X131.804 Y115.924
G0 X131.895 Y113.166
G0 X131.904 Y112.725
G1 F1800 X131.905 Y113.182 E27.13105
G1 X131.466 Y112.97 E27.13716
G1 X131.465 Y112.512 E27.14291
G1 X131.904 Y112.725 E27.14903
G0 F7200 X131.904 Y112.925
G0 X131.866 Y112.925
G1 F1500 E20.64903
G0 F7200 X131.804 Y112.924
G0 X131.895 Y110.166
G1 F1500 E27.14903
G0 F7200 X131.904 Y109.725
G1 F1800 X131.905 Y110.182 E27.15476
G1 X131.466 Y109.97 E27.16087
G1 X131.465 Y109.512 E27.16662
G1 X131.904 Y109.725 E27.17273
G0 F7200 X131.904 Y109.925
G0 X131.866 Y109.925
G1 F1500 E20.67273
;MESH:NONMESH
G0 F600 X131.866 Y109.925 Z3
G0 F7200 X131.804 Y109.924
G0 X130.601 Y109.87
G0 X129.381 Y108.257
G0 X114.617 Y108.239
G0 X113.399 Y109.869
G1 F1500 E27.17273
G0 F7200 X112.62 Y109.926
;TIME_ELAPSED:186.557157
;LAYER:14
;TYPE:WALL-OUTER
;MESH:output\B_media_suporte.stl
G1 F1800 X112.306 Y110.079 E27.17711
G1 X112.305 Y109.624 E27.18282
G1 X112.744 Y109.411 E27.18894
G1 X112.744 Y109.878 E27.1948
G1 X112.62 Y109.926 E27.19646
G0 F7200 X112.441 Y110.013
G0 X112.706 Y109.654
G1 F1500 E20.69646
G0 F7200 X112.644 Y109.654
G0 X115.256 Y109.83
G1 F1500 E27.19646
G0 F7200 X115.38 Y109.926
G1 F1800 X115.256 Y109.878 E27.19813
G1 X115.255 Y109.411 E27.20399
G1 X115.694 Y109.623 E27.20756
G1 X115.695 Y110.079 E27.21308
G1 X115.38 Y109.926 E27.21485
G0 F7200 X115.256 Y109.878
G0 X115.256 Y109.81
G0 X115.294 Y109.81
G1 F1500 E20.71485
G0 F7200 X115.357 Y109.81
G0 X115.265 Y112.427
G1 F1500 E27.21485
G0 F7200 X115.38 Y112.926
G1 F1800 X115.256 Y112.878 E27.21652
G1 X115.255 Y112.411 E27.22238
G1 X115.694 Y112.623 E27.22595
G1 X115.695 Y113.079 E27.23147
G1 X115.38 Y112.926 E27.23324
G0 F7200 X115.256 Y112.878
G0 X115.256 Y112.81
G0 X115.294 Y112.81
G0 X115.357 Y112.81
G0 X112.729 Y112.867
G0 X112.62 Y112.926
G1 F1800 X112.306 Y113.079 E27.23762
G1 X112.306 Y112.623 E27.24334
G1 X112.744 Y112.411 E27.24944
G1 X112.745 Y112.878 E27.2553
G1 X112.62 Y112.926 E27.25698
G0 F7200 X112.441 Y113.013
G0 X112.706 Y112.654
G1 F1500 E20.75698
G0 F7200 X112.644 Y112.653
G0 X112.734 Y115.427
G1 F1500 E27.25698
G0 F7200 X112.62 Y115.926
G1 F1800 X112.306 Y116.079 E27.26136
G1 X112.306 Y115.623 E27.26708
G1 X112.744 Y115.411 E27.27318
G1 X112.744 Y115.878 E27.27904
G1 X112.62 Y115.926 E27.28071
G0 F7200 X112.441 Y116.013
G0 X112.706 Y115.654
G1 F1500 E20.78071
G0 F7200 X112.644 Y115.654
G0 X115.256 Y115.83
G1 F1500 E27.28071
G0 F7200 X115.38 Y115.926
G1 F1800 X115.256 Y115.878 E27.28237
G1 X115.255 Y115.411 E27.28823
G1 X115.694 Y115.623 E27.2918
G1 X115.695 Y116.079 E27.29732
G1 X115.38 Y115.926 E27.2991
G0 F7200 X115.256 Y115.878
G0 X115.256 Y115.81
G0 X115.294 Y115.81
G1 F1500 E20.7991
G0 F7200 X115.357 Y115.81
G0 X115.265 Y118.427
G1 F1500 E27.2991
G0 F7200 X115.38 Y118.926
G1 F1800 X115.256 Y118.878 E27.30076
G1 X115.255 Y118.411 E27.30662
G1 X115.694 Y118.623 E27.31019
G1 X115.694 Y119.079 E27.31571
G1 X115.38 Y118.926 E27.31747
G0 F7200 X115.256 Y118.878
G0 X115.256 Y118.81
G0 X115.294 Y118.811
G1 F1500 E20.81747
G0 F7200 X115.357 Y118.811
G0 X112.729 Y118.867
G1 F1500 E27.31747
G0 F7200 X112.62 Y118.926
G1 F1800 X112.306 Y119.079 E27.32185
G1 X112.305 Y118.624 E27.32756
G1 X112.744 Y118.411 E27.33368
G1 X112.745 Y118.878 E27.33954
G1 X112.62 Y118.926 E27.34121
G0 F7200 X112.441 Y119.013
G0 X112.706 Y118.654
G1 F1500 E20.84121
G0 F7200 X112.644 Y118.653
G0 X114.399 Y119.467
G0 X116.54 Y120.429
G0 X119.441 Y118.852
G0 X120.581 Y118.835
G1 F1500 E27.34121
G0 F7200 X120.62 Y118.926
G1 F1800 X120.306 Y119.079 E27.34559
G1 X120.305 Y118.624 E27.3513
G1 X120.744 Y118.411 E27.35742
G1 X120.745 Y118.878 E27.36328
G1 X120.62 Y118.926 E27.36496
G0 F7200 X120.441 Y119.013
G0 X120.706 Y118.654
G1 F1500 E20.86496
G0 F7200 X120.644 Y118.653
G0 X123.256 Y118.862
G1 F1500 E27.36496
G0 F7200 X123.38 Y118.926
G1 F1800 X123.256 Y118.878 E27.36662
G1 X123.255 Y118.411 E27.37248
G1 X123.694 Y118.623 E27.37605
G1 X123.694 Y119.079 E27.38156
G1 X123.38 Y118.926 E27.38333
G0 F7200 X123.256 Y118.878
G0 X123.256 Y118.81
G0 X123.294 Y118.811
G0 X123.357 Y118.811
G0 X123.685 Y116.063
G0 X123.38 Y115.926
G1 F1800 X123.256 Y115.878 E27.385
G1 X123.255 Y115.411 E27.39086
G1 X123.694 Y115.623 E27.39443
G1 X123.695 Y116.079 E27.39995
G1 X123.38 Y115.926 E27.40172
G0 F7200 X123.256 Y115.878
G0 X123.256 Y115.81
G0 X123.294 Y115.81
G1 F1500 E20.90172
G0 F7200 X123.357 Y115.81
G0 X120.724 Y115.83
G1 F1500 E27.40172
G0 F7200 X120.62 Y115.926
G1 F1800 X120.306 Y116.079 E27.4061
G1 X120.306 Y115.623 E27.41182
G1 X120.744 Y115.411 E27.41792
G1 X120.744 Y115.878 E27.42378
G1 X120.62 Y115.926 E27.42545
G0 F7200 X120.441 Y116.013
G0 X120.706 Y115.654
G1 F1500 E20.92545
G0 F7200 X120.644 Y115.654
G0 X120.316 Y113.063
G1 F1500 E27.42545
G0 F7200 X120.62 Y112.926
G1 F1800 X120.306 Y113.079 E27.42983
G1 X120.306 Y112.623 E27.43555
G1 X120.744 Y112.411 E27.44165
G1 X120.745 Y112.878 E27.44751
G1 X120.62 Y112.926 E27.44919
G0 F7200 X120.441 Y113.013
G0 X120.706 Y112.654
G1 F1500 E20.94919
G0 F7200 X120.644 Y112.653
G0 X123.256 Y112.835
G1 F1500 E27.44919
G0 F7200 X123.38 Y112.926
G1 F1800 X123.256 Y112.878 E27.45085
G1 X123.255 Y112.411 E27.45671
G1 X123.694 Y112.623 E27.46028
G1 X123.695 Y113.079 E27.4658
G1 X123.38 Y112.926 E27.46758
G0 F7200 X123.256 Y112.878
G0 X123.256 Y112.81
G0 X123.294 Y112.81
G1 F1500 E20.96758
G0 F7200 X123.357 Y112.81
G0 X123.685 Y110.063
G1 F1500 E27.46758
G0 F7200 X123.38 Y109.926
G1 F1800 X123.256 Y109.878 E27.46924
G1 X123.255 Y109.411 E27.4751
G1 X123.694 Y109.623 E27.47867
G1 X123.695 Y110.079 E27.48419
G1 X123.38 Y109.926 E27.48597
G0 F7200 X123.256 Y109.878
G0 X123.256 Y109.81
G0 X123.294 Y109.81
G1 F1500 E20.98597
G0 F7200 X123.357 Y109.81
G0 X120.724 Y109.83
G1 F1500 E27.48597
G0 F7200 X120.62 Y109.926
G1 F1800 X120.306 Y110.079 E27.49035
G1 X120.306 Y109.623 E27.49606
G1 X120.744 Y109.411 E27.50217
G1 X120.744 Y109.878 E27.50802
G1 X120.62 Y109.926 E27.50969
G0 F7200 X120.441 Y110.013
G0 X120.706 Y109.654
G1 F1500 E21.00969
G0 F7200 X120.644 Y109.654
G0 X122.399 Y110.467
G0 X124.542 Y111.431
G0 X127.441 Y109.82
G0 X128.581 Y109.835
G1 F1500 E27.50969
G0 F7200 X128.62 Y109.926
G1 F1800 X128.306 Y110.079 E27.51407
G1 X128.305 Y109.624 E27.51978
G1 X128.744 Y109.411 E27.5259
G1 X128.744 Y109.878 E27.53175
G1 X128.62 Y109.926 E27.53342
G0 F7200 X128.441 Y110.013
G0 X128.706 Y109.654
G1 F1500 E21.03342
G0 F7200 X128.644 Y109.654
G0 X131.256 Y109.83
G1 F1500 E27.53342
G0 F7200 X131.38 Y109.926
G1 F1800 X131.256 Y109.878 E27.53509
G1 X131.255 Y109.411 E27.54094
G1 X131.694 Y109.623 E27.54452
G1 X131.695 Y110.079 E27.55003
G1 X131.38 Y109.926 E27.55181
G0 F7200 X131.256 Y109.878
G0 X131.256 Y109.81
G0 X131.294 Y109.81
G0 X131.357 Y109.81
G0 X131.265 Y112.427
G0 X131.38 Y112.926
G1 F1800 X131.256 Y112.878 E27.55348
G1 X131.255 Y112.411 E27.55933
G1 X131.694 Y112.623 E27.56291
G1 X131.695 Y113.079 E27.56842
G1 X131.38 Y112.926 E27.5702
G0 F7200 X131.256 Y112.878
G0 X131.256 Y112.81
G0 X131.294 Y112.81
G1 F1500 E21.0702
G0 F7200 X131.357 Y112.81
G0 X128.729 Y112.867
G1 F1500 E27.5702
G0 F7200 X128.62 Y112.926
G1 F1800 X128.306 Y113.079 E27.57458
G1 X128.306 Y112.623 E27.5803
G1 X128.744 Y112.411 E27.5864
G1 X128.745 Y112.878 E27.59226
G1 X128.62 Y112.926 E27.59394
G0 F7200 X128.441 Y113.013
G0 X128.706 Y112.654
G1 F1500 E21.09394
G0 F7200 X128.644 Y112.653
G0 X128.734 Y115.427
G1 F1500 E27.59394
G0 F7200 X128.62 Y115.926
G1 F1800 X128.306 Y116.079 E27.59832
G1 X128.306 Y115.623 E27.60404
G1 X128.744 Y115.411 E27.61014
G1 X128.744 Y115.878 E27.61599
G1 X128.62 Y115.926 E27.61766
G0 F7200 X128.441 Y116.013
G0 X128.706 Y115.654
G1 F1500 E21.11766
G0 F7200 X128.644 Y115.654
G0 X131.256 Y115.83
G1 F1500 E27.61766
G0 F7200 X131.38 Y115.926
G1 F1800 X131.256 Y115.878 E27.61933
G1 X131.255 Y115.411 E27.62519
G1 X131.694 Y115.623 E27.62876
G1 X131.695 Y116.079 E27.63428
G1 X131.38 Y115.926 E27.63605
G0 F7200 X131.256 Y115.878
G0 X131.256 Y115.81
G0 X131.294 Y115.81
G1 F1500 E21.13605
G0 F7200 X131.357 Y115.81
G0 X131.265 Y118.427
G1 F1500 E27.63605
G0 F7200 X131.38 Y118.926
G1 F1800 X131.256 Y118.878 E27.63772
G1 X131.255 Y118.411 E27.64358
G1 X131.694 Y118.623 E27.64715
G1 X131.694 Y119.079 E27.65266
G1 X131.38 Y118.926 E27.65443
G0 F7200 X131.256 Y118.878
G0 X131.256 Y118.81
G0 X131.294 Y118.811
G1 F1500 E21.15443
G0 F7200 X131.357 Y118.811
G0 X128.729 Y118.867
G1 F1500 E27.65443
G0 F7200 X128.62 Y118.926
G1 F1800 X128.306 Y119.079 E27.65881
G1 X128.305 Y118.624 E27.66452
G1 X128.744 Y118.411 E27.67064
G1 X128.745 Y118.878 E27.67649
G1 X128.62 Y118.926 E27.67817
G0 F7200 X128.441 Y119.013
G0 X128.706 Y118.654
G1 F1500 E21.17817
;MESH:NONMESH
G0 F600 X128.706 Y118.654 Z3.2
G0 F7200 X128.644 Y118.653
G0 X127.441 Y118.635
G0 X124.542 Y117.431
G0 X122.399 Y116.467
G0 X121.591 Y114.173
G0 X119.46 Y114.429
G0 X114.692 Y110.553
G0 X113.609 Y109.867
G0 X112.581 Y109.835
G1 F1500 E27.67817
G0 F7200 X112.62 Y109.926
;TIME_ELAPSED:201.689144
;LAYER:15
;TYPE:WALL-OUTER
;MESH:output\B_media_suporte.stl
G1 F1800 X112.516 Y109.977 E27.67962
G1 X112.515 Y109.522 E27.68533
G1 X112.775 Y109.396 E27.68895
G1 X112.954 Y109.327 E27.69136
G1 X112.955 Y109.798 E27.69727
G1 X112.62 Y109.926 E27.70176
G0 F7200 X112.516 Y109.977
G0 X112.516 Y109.892
G0 X112.747 Y109.449
G1 F1500 E21.20176
G0 F7200 X112.774 Y109.508
G0 X115.062 Y109.787
G1 F1500 E27.70176
G0 F7200 X115.38 Y109.926
G1 F1800 X115.046 Y109.798 E27.70625
G1 X115.045 Y109.327 E27.71215
G1 X115.225 Y109.396 E27.71457
G1 X115.484 Y109.521 E27.71818
G1 X115.485 Y109.977 E27.7239
G1 X115.38 Y109.926 E27.72536
G0 F7200 X115.193 Y109.855
G0 X115.175 Y109.815
G1 F1500 E21.22536
G0 F7200 X115.2 Y109.751
G0 X115.056 Y112.343
G1 F1500 E27.72536
G0 F7200 X115.38 Y112.926
G1 F1800 X115.046 Y112.798 E27.72985
G1 X115.045 Y112.327 E27.73575
G1 X115.225 Y112.396 E27.73817
G1 X115.484 Y112.521 E27.74178
G1 X115.485 Y112.977 E27.74749
G1 X115.38 Y112.926 E27.74896
G0 F7200 X115.193 Y112.855
G0 X115.175 Y112.815
G1 F1500 E21.24896
G0 F7200 X115.2 Y112.751
G0 X112.939 Y112.787
G1 F1500 E27.74896
G0 F7200 X112.62 Y112.926
G1 F1800 X112.516 Y112.977 E27.75041
G1 X112.516 Y112.521 E27.75613
G1 X112.775 Y112.396 E27.75974
G1 X112.954 Y112.327 E27.76214
G1 X112.955 Y112.798 E27.76805
G1 X112.62 Y112.926 E27.77255
G0 F7200 X112.516 Y112.977
G0 X112.516 Y112.892
G0 X112.747 Y112.448
G1 F1500 E21.27255
G0 F7200 X112.773 Y112.508
G0 X112.943 Y115.343
G1 F1500 E27.77255
G0 F7200 X112.62 Y115.926
G1 F1800 X112.516 Y115.977 E27.774
G1 X112.516 Y115.521 E27.77972
G1 X112.775 Y115.396 E27.78332
G1 X112.954 Y115.327 E27.78573
G1 X112.954 Y115.798 E27.79164
G1 X112.62 Y115.926 E27.79612
G0 F7200 X112.516 Y115.977
G0 X112.516 Y115.892
G0 X112.747 Y115.448
G1 F1500 E21.29612
G0 F7200 X112.773 Y115.508
G0 X115.062 Y115.787
G1 F1500 E27.79612
G0 F7200 X115.38 Y115.926
G1 F1800 X115.046 Y115.798 E27.80061
G1 X115.045 Y115.327 E27.80651
G1 X115.225 Y115.396 E27.80893
G1 X115.484 Y115.521 E27.81254
G1 X115.485 Y115.977 E27.81826
G1 X115.38 Y115.926 E27.81972
G0 F7200 X115.193 Y115.855
G0 X115.175 Y115.815
G1 F1500 E21.31972
G0 F7200 X115.2 Y115.751
G0 X115.056 Y118.343
G1 F1500 E27.81972
G0 F7200 X115.38 Y118.926
G1 F1800 X115.046 Y118.798 E27.8242
G1 X115.045 Y118.327 E27.83011
G1 X115.225 Y118.396 E27.83253
G1 X115.484 Y118.521 E27.83613
G1 X115.484 Y118.977 E27.84185
G1 X115.38 Y118.926 E27.84331
G0 F7200 X115.193 Y118.855
G0 X115.175 Y118.815
G1 F1500 E21.34331
G0 F7200 X115.2 Y118.751
G0 X112.934 Y118.787
G1 F1500 E27.84331
G0 F7200 X112.62 Y118.926
G1 F1800 X112.516 Y118.977 E27.84476
G1 X112.515 Y118.522 E27.85046
G1 X112.775 Y118.396 E27.85409
G1 X112.954 Y118.327 E27.85649
G1 X112.954 Y118.798 E27.8624
G1 X112.62 Y118.926 E27.86689
G0 F7200 X112.516 Y118.977
G0 X112.516 Y118.892
G0 X112.747 Y118.448
G1 F1500 E21.36689
G0 F7200 X112.773 Y118.508
G0 X113.819 Y118.787
G0 X116.33 Y120.326
G0 X119.651 Y118.772
G1 F1500 E27.86689
G0 F7200 X120.62 Y118.926
G1 F1800 X120.516 Y118.977 E27.86834
G1 X120.515 Y118.522 E27.87404
G1 X120.775 Y118.396 E27.87767
G1 X120.954 Y118.327 E27.88007
G1 X120.954 Y118.798 E27.88598
G1 X120.62 Y118.926 E27.89046
G0 F7200 X120.516 Y118.977
G0 X120.516 Y118.892
G0 X120.747 Y118.448
G0 X120.773 Y118.508
G0 X123.062 Y118.787
G0 X123.38 Y118.926
G1 F1800 X123.046 Y118.798 E27.89495
G1 X123.045 Y118.327 E27.90086
G1 X123.225 Y118.396 E27.90327
G1 X123.484 Y118.521 E27.90688
G1 X123.484 Y118.977 E27.9126
G1 X123.38 Y118.926 E27.91405
G0 F7200 X123.193 Y118.855
G0 X123.175 Y118.815
G0 X123.2 Y118.751
G0 X123.475 Y115.961
G0 X123.38 Y115.926
G1 F1800 X123.046 Y115.798 E27.91854
G1 X123.045 Y115.327 E27.92444
G1 X123.225 Y115.396 E27.92686
G1 X123.484 Y115.521 E27.93047
G1 X123.485 Y115.977 E27.93619
G1 X123.38 Y115.926 E27.93765
G0 F7200 X123.193 Y115.855
G0 X123.175 Y115.815
G0 X123.2 Y115.751
G0 X120.934 Y115.787
G0 X120.62 Y115.926
G1 F1800 X120.516 Y115.977 E27.9391
G1 X120.516 Y115.521 E27.94482
G1 X120.775 Y115.396 E27.94843
G1 X120.954 Y115.327 E27.95083
G1 X120.954 Y115.798 E27.95674
G1 X120.62 Y115.926 E27.96123
G0 F7200 X120.516 Y115.977
G0 X120.516 Y115.892
G0 X120.747 Y115.448
G0 X120.773 Y115.508
G0 X120.526 Y112.96
G0 X120.62 Y112.926
G1 F1800 X120.516 Y112.977 E27.96268
G1 X120.516 Y112.521 E27.9684
G1 X120.775 Y112.396 E27.972
G1 X120.954 Y112.327 E27.97441
G1 X120.955 Y112.798 E27.98031
G1 X120.62 Y112.926 E27.98481
G0 F7200 X120.516 Y112.977
G0 X120.516 Y112.892
G0 X120.747 Y112.448
G0 X120.773 Y112.508
G0 X123.062 Y112.787
G0 X123.38 Y112.926
G1 F1800 X123.046 Y112.798 E27.9893
G1 X123.045 Y112.327 E27.9952
G1 X123.225 Y112.396 E27.99762
G1 X123.484 Y112.521 E28.00123
G1 X123.485 Y112.977 E28.00695
G1 X123.38 Y112.926 E28.00841
G0 F7200 X123.193 Y112.855
G0 X123.175 Y112.815
G0 X123.2 Y112.751
G0 X123.475 Y109.961
G0 X123.38 Y109.926
G1 F1800 X123.046 Y109.798 E28.0129
G1 X123.045 Y109.327 E28.0188
G1 X123.225 Y109.396 E28.02122
G1 X123.484 Y109.521 E28.02483
G1 X123.485 Y109.977 E28.03054
G1 X123.38 Y109.926 E28.03201
G0 F7200 X123.193 Y109.855
G0 X123.175 Y109.815
G0 X123.2 Y109.751
G0 X120.939 Y109.787
G0 X120.62 Y109.926
G1 F1800 X120.516 Y109.977 E28.03346
G1 X120.516 Y109.521 E28.03918
G1 X120.775 Y109.396 E28.04279
G1 X120.954 Y109.327 E28.04519
G1 X120.955 Y109.798 E28.0511
G1 X120.62 Y109.926 E28.0556
G0 F7200 X120.516 Y109.977
G0 X120.516 Y109.892
G0 X120.747 Y109.448
G0 X120.773 Y109.508
G0 X121.82 Y109.785
G0 X124.332 Y111.329
G0 X127.651 Y109.772
G0 X128.62 Y109.926
G1 F1800 X128.516 Y109.977 E28.05705
G1 X128.515 Y109.522 E28.06275
G1 X128.775 Y109.396 E28.06638
G1 X128.954 Y109.327 E28.06878
G1 X128.955 Y109.798 E28.07469
G1 X128.62 Y109.926 E28.07919
G0 F7200 X128.516 Y109.977
G0 X128.516 Y109.892
G0 X128.747 Y109.449
G0 X128.774 Y109.508
G0 X131.062 Y109.787
G0 X131.38 Y109.926
G1 F1800 X131.046 Y109.798 E28.08367
G1 X131.045 Y109.327 E28.08958
G1 X131.225 Y109.396 E28.092
G1 X131.484 Y109.521 E28.0956
G1 X131.485 Y109.977 E28.10132
G1 X131.38 Y109.926 E28.10278
G0 F7200 X131.193 Y109.855
G0 X131.175 Y109.815
G0 X131.2 Y109.751
G0 X131.056 Y112.343
G0 X131.38 Y112.926
G1 F1800 X131.046 Y112.798 E28.10727
G1 X131.045 Y112.327 E28.11318
G1 X131.225 Y112.396 E28.11559
G1 X131.484 Y112.521 E28.1192
G1 X131.485 Y112.977 E28.12492
G1 X131.38 Y112.926 E28.12638
G0 F7200 X131.193 Y112.855
G0 X131.175 Y112.815
G0 X131.2 Y112.751
G0 X128.939 Y112.787
G0 X128.62 Y112.926
G1 F1800 X128.516 Y112.977 E28.12784
G1 X128.516 Y112.521 E28.13355
G1 X128.775 Y112.396 E28.13716
G1 X128.954 Y112.327 E28.13957
G1 X128.955 Y112.798 E28.14547
G1 X128.62 Y112.926 E28.14997
G0 F7200 X128.516 Y112.977
G0 X128.516 Y112.892
G0 X128.747 Y112.448
G0 X128.773 Y112.508
G0 X128.943 Y115.343
G0 X128.62 Y115.926
G1 F1800 X128.516 Y115.977 E28.15142
G1 X128.516 Y115.521 E28.15714
G1 X128.775 Y115.396 E28.16075
G1 X128.954 Y115.327 E28.16315
G1 X128.954 Y115.798 E28.16906
G1 X128.62 Y115.926 E28.17354
G0 F7200 X128.516 Y115.977
G0 X128.516 Y115.892
G0 X128.747 Y115.448
G0 X128.773 Y115.508
G0 X131.062 Y115.787
G0 X131.38 Y115.926
G1 F1800 X131.046 Y115.798 E28.17803
G1 X131.045 Y115.327 E28.18394
G1 X131.225 Y115.396 E28.18635
G1 X131.484 Y115.521 E28.18996
G1 X131.485 Y115.977 E28.19568
G1 X131.38 Y115.926 E28.19714
G0 F7200 X131.193 Y115.855
G0 X131.175 Y115.815
G0 X131.2 Y115.751
G0 X131.056 Y118.343
G0 X131.38 Y118.926
G1 F1800 X131.046 Y118.798 E28.20163
G1 X131.045 Y118.327 E28.20754
G1 X131.225 Y118.396 E28.20995
G1 X131.484 Y118.521 E28.21356
G1 X131.484 Y118.977 E28.21928
G1 X131.38 Y118.926 E28.22073
G0 F7200 X131.193 Y118.855
G0 X131.175 Y118.815
G0 X131.2 Y118.751
G0 X128.934 Y118.787
G0 X128.62 Y118.926
G1 F1800 X128.516 Y118.977 E28.22218
G1 X128.515 Y118.522 E28.22789
G1 X128.775 Y118.396 E28.23151
G1 X128.954 Y118.327 E28.23392
G1 X128.954 Y118.798 E28.23982
G1 X128.62 Y118.926 E28.24431
G0 F7200 X128.516 Y118.977
G0 X128.516 Y118.892
G0 X128.747 Y118.448
;MESH:NONMESH
G0 F600 X128.747 Y118.448 Z3.4
G0 F7200 X128.773 Y118.508
G0 X127.651 Y118.533
G0 X124.332 Y117.329
G0 X122.191 Y116.45
G0 X121.803 Y114.203
G0 X119.67 Y114.326
G0 X114.191 Y110.45
G0 X112.939 Y109.787
G0 X113.038 Y109.766
;TIME_ELAPSED:209.835377
;LAYER:16
;TYPE:WALL-OUTER
;MESH:output\B_media_suporte.stl
G1 F1800 X112.725 Y109.886 E28.24851
G1 X112.724 Y109.42 E28.25436
G1 X112.774 Y109.396 E28.25505
G1 X113.164 Y109.246 E28.26029
G1 X113.165 Y109.731 E28.26637
G1 X113.038 Y109.766 E28.26803
G0 F7200 X112.852 Y109.837
G0 X112.969 Y109.575
;TYPE:SKIN
G1 F1800 X112.936 Y109.542 E28.26832
G0 F7200 X112.881 Y109.398
G0 X112.9 Y109.454
G0 X114.836 Y109.671
G0 X114.962 Y109.766
;TYPE:WALL-OUTER
G1 F1800 X114.836 Y109.732 E28.26996
G1 X114.835 Y109.246 E28.27605
G1 X115.228 Y109.397 E28.27893
G1 X115.275 Y109.42 E28.27959
G1 X115.276 Y109.886 E28.28543
G1 X114.962 Y109.766 E28.28711
G0 F7200 X114.836 Y109.732
G0 X114.836 Y109.662
G0 X114.875 Y109.662
G0 X114.938 Y109.657
G0 X114.846 Y112.262
G0 X114.962 Y112.766
G1 F1800 X114.836 Y112.732 E28.28875
G1 X114.835 Y112.246 E28.29484
G1 X115.228 Y112.397 E28.29773
G1 X115.275 Y112.42 E28.29838
G1 X115.276 Y112.886 E28.30423
G1 X114.962 Y112.766 E28.3059
G0 F7200 X114.836 Y112.732
G0 X114.836 Y112.662
G0 X114.875 Y112.662
G0 X114.938 Y112.657
G0 X113.164 Y112.671
G0 X113.038 Y112.766
G1 F1800 X112.725 Y112.886 E28.31011
G1 X112.725 Y112.42 E28.31595
G1 X112.772 Y112.397 E28.31661
G1 X113.164 Y112.246 E28.32187
G1 X113.165 Y112.731 E28.32796
G1 X113.038 Y112.766 E28.32961
G0 F7200 X112.852 Y112.837
G0 X113.125 Y112.464
G0 X113.064 Y112.463
G0 X113.153 Y115.262
G0 X113.038 Y115.766
G1 F1800 X112.725 Y115.886 E28.33381
G1 X112.725 Y115.42 E28.33966
G1 X112.772 Y115.397 E28.34031
G1 X113.164 Y115.246 E28.34558
G1 X113.164 Y115.732 E28.35167
G1 X113.038 Y115.766 E28.35331
G0 F7200 X112.852 Y115.837
G0 X113.125 Y115.464
G0 X113.064 Y115.464
G0 X114.836 Y115.668
G0 X114.962 Y115.766
G1 F1800 X114.836 Y115.732 E28.35495
G1 X114.835 Y115.246 E28.36104
G1 X115.228 Y115.397 E28.36393
G1 X115.275 Y115.42 E28.36458
G1 X115.276 Y115.886 E28.37043
G1 X114.962 Y115.766 E28.3721
G0 F7200 X114.836 Y115.732
G0 X114.836 Y115.662
G0 X114.875 Y115.662
G0 X114.938 Y115.657
G0 X114.846 Y118.262
G0 X114.962 Y118.766
G1 F1800 X114.836 Y118.732 E28.37374
G1 X114.835 Y118.246 E28.37983
G1 X115.228 Y118.397 E28.38272
G1 X115.275 Y118.42 E28.38337
G1 X115.275 Y118.886 E28.38922
G1 X114.962 Y118.766 E28.39089
G0 F7200 X114.836 Y118.732
G0 X114.836 Y118.662
G0 X114.875 Y118.663
G0 X114.939 Y118.657
G0 X113.144 Y118.668
G0 X113.038 Y118.766
G1 F1800 X112.725 Y118.886 E28.39509
G1 X112.724 Y118.42 E28.40093
G1 X112.774 Y118.396 E28.40163
G1 X113.164 Y118.246 E28.40687
G1 X113.164 Y118.732 E28.41296
G1 X113.038 Y118.766 E28.4146
G0 F7200 X112.852 Y118.837
G0 X113.125 Y118.464
G0 X113.064 Y118.464
G0 X119.86 Y118.656
G0 X121.008 Y118.671
G0 X121.038 Y118.766
G1 F1800 X120.725 Y118.886 E28.4188
G1 X120.724 Y118.42 E28.42465
G1 X120.774 Y118.396 E28.42534
G1 X121.164 Y118.246 E28.43058
G1 X121.164 Y118.732 E28.43668
G1 X121.038 Y118.766 E28.43831
G0 F7200 X120.852 Y118.837
G0 X121.125 Y118.464
G0 X121.064 Y118.464
G0 X122.836 Y118.668
G0 X122.962 Y118.766
G1 F1800 X122.836 Y118.732 E28.43995
G1 X122.835 Y118.246 E28.44605
G1 X123.228 Y118.397 E28.44893
G1 X123.275 Y118.42 E28.44959
G1 X123.275 Y118.886 E28.45543
G1 X122.962 Y118.766 E28.4571
G0 F7200 X122.836 Y118.732
G0 X122.836 Y118.662
G0 X122.875 Y118.663
G0 X122.939 Y118.657
G0 X123.265 Y115.87
G0 X122.962 Y115.766
G1 F1800 X122.836 Y115.732 E28.45873
G1 X122.835 Y115.246 E28.46483
G1 X123.228 Y115.397 E28.46771
G1 X123.275 Y115.42 E28.46837
G1 X123.276 Y115.886 E28.47421
G1 X122.962 Y115.766 E28.47589
G0 F7200 X122.836 Y115.732
G0 X122.836 Y115.662
G0 X122.875 Y115.662
G0 X122.938 Y115.657
G0 X121.144 Y115.668
G0 X121.038 Y115.766
G1 F1800 X120.725 Y115.886 E28.48009
G1 X120.725 Y115.42 E28.48594
G1 X120.772 Y115.397 E28.48659
G1 X121.164 Y115.246 E28.49186
G1 X121.164 Y115.732 E28.49796
G1 X121.038 Y115.766 E28.49959
G0 F7200 X120.852 Y115.837
G0 X120.959 Y115.585
;TYPE:SKIN
G1 F1800 X120.923 Y115.549 E28.49991
G0 F7200 X120.867 Y115.403
G0 X120.886 Y115.46
G0 X120.736 Y112.87
G0 X121.038 Y112.766
;TYPE:WALL-OUTER
G1 F1800 X120.725 Y112.886 E28.50412
G1 X120.725 Y112.42 E28.50996
G1 X120.772 Y112.397 E28.51062
G1 X121.164 Y112.246 E28.51588
G1 X121.165 Y112.731 E28.52197
G1 X121.038 Y112.766 E28.52362
G0 F7200 X120.852 Y112.837
G0 X121.125 Y112.464
G0 X121.064 Y112.463
G0 X122.836 Y112.671
G0 X122.962 Y112.766
G1 F1800 X122.836 Y112.732 E28.52525
G1 X122.835 Y112.246 E28.53135
G1 X123.228 Y112.397 E28.53423
G1 X123.275 Y112.42 E28.53489
G1 X123.276 Y112.886 E28.54073
G1 X122.962 Y112.766 E28.54241
G0 F7200 X122.836 Y112.732
G0 X122.836 Y112.662
G0 X123.03 Y112.565
;TYPE:SKIN
G1 F1800 X123.06 Y112.595 E28.54268
G0 F7200 X123.004 Y112.739
G0 X123.025 Y112.684
G0 X123.265 Y109.87
G0 X122.962 Y109.766
;TYPE:WALL-OUTER
G1 F1800 X122.836 Y109.732 E28.54431
G1 X122.835 Y109.246 E28.55041
G1 X123.228 Y109.397 E28.55329
G1 X123.275 Y109.42 E28.55395
G1 X123.276 Y109.886 E28.55979
G1 X122.962 Y109.766 E28.56147
G0 F7200 X122.836 Y109.732
G0 X122.836 Y109.662
G0 X122.875 Y109.662
G0 X122.938 Y109.657
G0 X121.164 Y109.671
G0 X121.038 Y109.766
G1 F1800 X120.725 Y109.886 E28.56567
G1 X120.725 Y109.42 E28.57151
G1 X120.772 Y109.397 E28.57217
G1 X121.164 Y109.246 E28.57744
G1 X121.165 Y109.731 E28.58352
G1 X121.038 Y109.766 E28.58517
G0 F7200 X120.852 Y109.837
G0 X121.125 Y109.464
G0 X121.064 Y109.463
G0 X127.86 Y109.672
G0 X129.007 Y109.671
G0 X129.038 Y109.766
G1 F1800 X128.725 Y109.886 E28.58938
G1 X128.724 Y109.42 E28.59522
G1 X128.774 Y109.396 E28.59592
G1 X129.164 Y109.246 E28.60116
G1 X129.165 Y109.731 E28.60724
G1 X129.038 Y109.766 E28.60889
G0 F7200 X128.852 Y109.837
G0 X129.125 Y109.464
G0 X129.064 Y109.463
G0 X130.836 Y109.671
G0 X130.962 Y109.766
G1 F1800 X130.836 Y109.732 E28.61053
G1 X130.835 Y109.246 E28.61662
G1 X131.228 Y109.397 E28.61951
G1 X131.275 Y109.42 E28.62016
G1 X131.276 Y109.886 E28.62601
G1 X130.962 Y109.766 E28.62768
G0 F7200 X130.836 Y109.732
G0 X130.836 Y109.662
G0 X131.029 Y109.533
;TYPE:SKIN
G1 F1800 X131.079 Y109.583 E28.62813
G0 F7200 X131.236 Y109.583
G0 X131.175 Y109.582
G0 X130.846 Y112.262
G0 X130.962 Y112.766
;TYPE:WALL-OUTER
G1 F1800 X130.836 Y112.732 E28.62976
G1 X130.835 Y112.246 E28.63586
G1 X131.228 Y112.397 E28.63874
G1 X131.275 Y112.42 E28.6394
G1 X131.276 Y112.886 E28.64524
G1 X130.962 Y112.766 E28.64692
G0 F7200 X130.836 Y112.732
G0 X130.836 Y112.662
G0 X130.875 Y112.662
G0 X130.938 Y112.657
G0 X129.164 Y112.671
G0 X129.038 Y112.766
G1 F1800 X128.725 Y112.886 E28.65112
G1 X128.725 Y112.42 E28.65696
G1 X128.772 Y112.397 E28.65762
G1 X129.164 Y112.246 E28.66289
G1 X129.165 Y112.731 E28.66897
G1 X129.038 Y112.766 E28.67062
G0 F7200 X128.852 Y112.837
G0 X129.125 Y112.464
G0 X129.064 Y112.463
G0 X129.153 Y115.262
G0 X129.038 Y115.766
G1 F1800 X128.725 Y115.886 E28.67483
G1 X128.725 Y115.42 E28.68067
G1 X128.772 Y115.397 E28.68133
G1 X129.164 Y115.246 E28.68659
G1 X129.164 Y115.732 E28.69269
G1 X129.038 Y115.766 E28.69433
G0 F7200 X128.852 Y115.837
G0 X129.125 Y115.464
G0 X129.064 Y115.464
G0 X130.836 Y115.668
G0 X130.962 Y115.766
G1 F1800 X130.836 Y115.732 E28.69596
G1 X130.835 Y115.246 E28.70206
G1 X131.228 Y115.397 E28.70494
G1 X131.275 Y115.42 E28.7056
G1 X131.276 Y115.886 E28.71144
G1 X130.962 Y115.766 E28.71312
G0 F7200 X130.836 Y115.732
G0 X130.836 Y115.662
G0 X130.875 Y115.662
G0 X130.938 Y115.657
G0 X130.846 Y118.262
G0 X130.962 Y118.766
G1 F1800 X130.836 Y118.732 E28.71475
G1 X130.835 Y118.246 E28.72085
G1 X131.228 Y118.397 E28.72373
G1 X131.275 Y118.42 E28.72439
G1 X131.275 Y118.886 E28.73023
G1 X130.962 Y118.766 E28.7319
G0 F7200 X130.836 Y118.732
G0 X130.836 Y118.662
G0 X130.875 Y118.663
G0 X130.939 Y118.657
G0 X129.144 Y118.668
G0 X129.038 Y118.766
G1 F1800 X128.725 Y118.886 E28.7361
G1 X128.724 Y118.42 E28.74195
G1 X128.774 Y118.396 E28.74264
G1 X129.164 Y118.246 E28.74788
G1 X129.164 Y118.732 E28.75398
G1 X129.038 Y118.766 E28.75561
G0 F7200 X128.852 Y118.837
G0 X129.125 Y118.464
;MESH:NONMESH
G0 F600 X129.125 Y118.464 Z3.6
G0 F7200 X129.064 Y118.464
G0 X127.86 Y118.431
G0 X124.133 Y114.88
G0 X123.107 Y114.423
G0 X122.013 Y114.139
G0 X119.879 Y114.22
G0 X114.03 Y109.717
G0 X113.007 Y109.671
G0 X113.038 Y109.766
;TIME_ELAPSED:213.648292
;LAYER:17
;TYPE:WALL-OUTER
;MESH:output\B_media_suporte.stl
G1 F1800 X112.935 Y109.805 E28.757
G1 X112.935 Y109.334 E28.7629
G1 X113.166 Y109.245 E28.76601
G1 X113.383 Y109.187 E28.76882
G1 X113.384 Y109.673 E28.77492
G1 X113.038 Y109.766 E28.77941
G0 F7200 X112.935 Y109.805
G0 X112.935 Y109.715
G0 X113.225 Y109.302
G0 X113.23 Y109.331
G0 X114.617 Y109.659
G0 X114.962 Y109.766
G1 F1800 X114.617 Y109.673 E28.78389
G1 X114.616 Y109.187 E28.78999
G1 X114.834 Y109.245 E28.79282
G1 X115.065 Y109.334 E28.79592
G1 X115.066 Y109.806 E28.80184
G1 X114.962 Y109.766 E28.80324
G0 F7200 X114.769 Y109.714
G0 X114.752 Y109.643
G0 X114.762 Y109.609
G0 X114.629 Y112.202
G0 X114.962 Y112.766
G1 F1800 X114.617 Y112.673 E28.80772
G1 X114.617 Y112.187 E28.81381
G1 X114.834 Y112.245 E28.81663
G1 X115.065 Y112.334 E28.81973
G1 X115.065 Y112.805 E28.82564
G1 X114.962 Y112.766 E28.82702
G0 F7200 X114.769 Y112.714
G0 X114.752 Y112.643
G0 X114.762 Y112.609
G0 X113.363 Y112.671
G0 X113.038 Y112.766
G1 F1800 X112.935 Y112.805 E28.8284
G1 X112.935 Y112.334 E28.83431
G1 X113.166 Y112.245 E28.83741
G1 X113.383 Y112.187 E28.84023
G1 X113.383 Y112.673 E28.84632
G1 X113.038 Y112.766 E28.8508
G0 F7200 X112.935 Y112.805
G0 X112.935 Y112.715
G0 X113.224 Y112.301
G0 X113.23 Y112.331
G0 X113.371 Y115.202
G0 X113.038 Y115.766
G1 F1800 X112.935 Y115.805 E28.85219
G1 X112.935 Y115.334 E28.85809
G1 X113.166 Y115.245 E28.8612
G1 X113.383 Y115.187 E28.86401
G1 X113.384 Y115.673 E28.87011
G1 X113.038 Y115.766 E28.8746
G0 F7200 X112.935 Y115.805
G0 X112.935 Y115.715
G0 X113.225 Y115.302
G0 X113.23 Y115.331
G0 X114.617 Y115.659
G0 X114.962 Y115.766
G1 F1800 X114.617 Y115.673 E28.87908
G1 X114.616 Y115.187 E28.88518
G1 X114.834 Y115.245 E28.88801
G1 X115.065 Y115.334 E28.89111
G1 X115.066 Y115.806 E28.89703
G1 X114.962 Y115.766 E28.89843
G0 F7200 X114.769 Y115.714
G0 X114.752 Y115.643
G0 X114.762 Y115.609
G0 X114.629 Y118.202
G0 X114.962 Y118.766
G1 F1800 X114.617 Y118.673 E28.90291
G1 X114.617 Y118.187 E28.909
G1 X114.834 Y118.245 E28.91182
G1 X115.065 Y118.334 E28.91492
G1 X115.066 Y118.806 E28.92084
G1 X114.962 Y118.766 E28.92224
G0 F7200 X114.769 Y118.714
G0 X114.819 Y118.525
;TYPE:SKIN
G1 F1800 X114.869 Y118.475 E28.92268
G0 F7200 X115.017 Y118.474
G0 X114.965 Y118.473
G0 X113.363 Y118.671
G0 X113.038 Y118.766
;TYPE:WALL-OUTER
G1 F1800 X112.935 Y118.805 E28.92406
G1 X112.935 Y118.334 E28.92997
G1 X113.166 Y118.245 E28.93308
G1 X113.383 Y118.187 E28.93589
G1 X113.383 Y118.673 E28.94199
G1 X113.038 Y118.766 E28.94647
G0 F7200 X112.935 Y118.805
G0 X112.935 Y118.715
G0 X113.13 Y118.518
;TYPE:SKIN
G1 F1800 X113.187 Y118.46 E28.94698
G0 F7200 X113.335 Y118.46
G0 X113.283 Y118.46
G0 X113.644 Y119.499
G0 X115.914 Y120.04
G0 X120.07 Y118.671
G0 X121.038 Y118.766
;TYPE:WALL-OUTER
G1 F1800 X120.935 Y118.805 E28.94836
G1 X120.935 Y118.334 E28.95426
G1 X121.166 Y118.245 E28.95737
G1 X121.383 Y118.187 E28.96019
G1 X121.383 Y118.673 E28.96628
G1 X121.038 Y118.766 E28.97076
G0 F7200 X120.935 Y118.805
G0 X120.935 Y118.715
G0 X121.224 Y118.301
G0 X121.23 Y118.331
G0 X122.637 Y118.67
G0 X122.962 Y118.766
G1 F1800 X122.617 Y118.673 E28.97524
G1 X122.617 Y118.187 E28.98134
G1 X122.834 Y118.245 E28.98415
G1 X123.065 Y118.334 E28.98726
G1 X123.066 Y118.806 E28.99318
G1 X122.962 Y118.766 E28.99457
G0 F7200 X122.769 Y118.714
G0 X122.752 Y118.643
G0 X122.762 Y118.609
G0 X123.055 Y115.79
G0 X122.962 Y115.766
G1 F1800 X122.617 Y115.673 E28.99906
G1 X122.616 Y115.187 E29.00515
G1 X122.834 Y115.245 E29.00798
G1 X123.065 Y115.334 E29.01108
G1 X123.066 Y115.806 E29.017
G1 X122.962 Y115.766 E29.0184
G0 F7200 X122.769 Y115.714
G0 X122.752 Y115.643
G0 X122.762 Y115.609
G0 X121.369 Y115.661
G0 X121.038 Y115.766
G1 F1800 X120.935 Y115.805 E29.01978
G1 X120.935 Y115.334 E29.02569
G1 X121.166 Y115.245 E29.02879
G1 X121.383 Y115.187 E29.03161
G1 X121.384 Y115.673 E29.0377
G1 X121.038 Y115.766 E29.0422
G0 F7200 X120.935 Y115.805
G0 X120.935 Y115.715
G0 X121.225 Y115.302
G0 X121.23 Y115.331
G0 X120.946 Y112.789
G0 X121.038 Y112.766
G1 F1800 X120.935 Y112.805 E29.04358
G1 X120.935 Y112.334 E29.04948
G1 X121.166 Y112.245 E29.05259
G1 X121.383 Y112.187 E29.05541
G1 X121.383 Y112.673 E29.0615
G1 X121.038 Y112.766 E29.06598
G0 F7200 X120.935 Y112.805
G0 X120.935 Y112.715
G0 X121.128 Y112.499
;TYPE:SKIN
G1 F1800 X121.179 Y112.449 E29.06643
G0 F7200 X121.165 Y112.317
G0 X121.176 Y112.348
G0 X122.637 Y112.671
G0 X122.962 Y112.766
;TYPE:WALL-OUTER
G1 F1800 X122.617 Y112.673 E29.07091
G1 X122.617 Y112.187 E29.077
G1 X122.834 Y112.245 E29.07982
G1 X123.065 Y112.334 E29.08293
G1 X123.065 Y112.805 E29.08883
G1 X122.962 Y112.766 E29.09021
G0 F7200 X122.769 Y112.714
G0 X122.811 Y112.514
;TYPE:SKIN
G1 F1800 X122.86 Y112.464 E29.09065
G0 F7200 X122.875 Y112.329
G0 X122.86 Y112.362
G0 X123.055 Y109.79
G0 X122.962 Y109.766
;TYPE:WALL-OUTER
G1 F1800 X122.617 Y109.673 E29.09513
G1 X122.616 Y109.187 E29.10123
G1 X122.834 Y109.245 E29.10406
G1 X123.065 Y109.334 E29.10716
G1 X123.066 Y109.806 E29.11308
G1 X122.962 Y109.766 E29.11448
G0 F7200 X122.769 Y109.714
G0 X122.752 Y109.643
G0 X122.762 Y109.609
G0 X121.369 Y109.661
G0 X121.038 Y109.766
G1 F1800 X120.935 Y109.805 E29.11586
G1 X120.935 Y109.334 E29.12176
G1 X121.166 Y109.245 E29.12487
G1 X121.383 Y109.187 E29.12769
G1 X121.384 Y109.673 E29.13378
G1 X121.038 Y109.766 E29.13827
G0 F7200 X120.935 Y109.805
G0 X120.935 Y109.715
G0 X121.225 Y109.302
G0 X121.23 Y109.331
G0 X121.648 Y110.498
G0 X123.914 Y111.04
G0 X128.07 Y109.661
G0 X129.038 Y109.766
G1 F1800 X128.935 Y109.805 E29.13965
G1 X128.935 Y109.334 E29.14556
G1 X129.166 Y109.245 E29.14867
G1 X129.383 Y109.187 E29.15148
G1 X129.384 Y109.673 E29.15758
G1 X129.038 Y109.766 E29.16207
G0 F7200 X128.935 Y109.805
G0 X128.935 Y109.715
G0 X129.225 Y109.302
G0 X129.23 Y109.331
G0 X130.617 Y109.659
G0 X130.962 Y109.766
G1 F1800 X130.617 Y109.673 E29.16655
G1 X130.616 Y109.187 E29.17265
G1 X130.834 Y109.245 E29.17547
G1 X131.065 Y109.334 E29.17858
G1 X131.066 Y109.806 E29.1845
G1 X130.962 Y109.766 E29.1859
G0 F7200 X130.769 Y109.714
G0 X130.752 Y109.643
G0 X130.762 Y109.609
G0 X130.629 Y112.202
G0 X130.962 Y112.766
G1 F1800 X130.617 Y112.673 E29.19038
G1 X130.617 Y112.187 E29.19647
G1 X130.834 Y112.245 E29.19929
G1 X131.065 Y112.334 E29.20239
G1 X131.065 Y112.805 E29.2083
G1 X130.962 Y112.766 E29.20968
G0 F7200 X130.769 Y112.714
G0 X130.752 Y112.643
G0 X130.762 Y112.609
G0 X129.363 Y112.671
G0 X129.038 Y112.766
G1 F1800 X128.935 Y112.805 E29.21106
G1 X128.935 Y112.334 E29.21697
G1 X129.166 Y112.245 E29.22007
G1 X129.383 Y112.187 E29.22289
G1 X129.383 Y112.673 E29.22898
G1 X129.038 Y112.766 E29.23346
G0 F7200 X128.935 Y112.805
G0 X128.935 Y112.715
G0 X129.224 Y112.301
G0 X129.23 Y112.331
G0 X129.371 Y115.202
G0 X129.038 Y115.766
G1 F1800 X128.935 Y115.805 E29.23484
G1 X128.935 Y115.334 E29.24075
G1 X129.166 Y115.245 E29.24386
G1 X129.383 Y115.187 E29.24667
G1 X129.384 Y115.673 E29.25277
G1 X129.038 Y115.766 E29.25726
G0 F7200 X128.935 Y115.805
G0 X128.935 Y115.715
G0 X129.129 Y115.529
;TYPE:SKIN
G1 F1800 X129.188 Y115.47 E29.25778
G0 F7200 X129.335 Y115.469
G0 X129.283 Y115.468
G0 X130.617 Y115.659
G0 X130.962 Y115.766
;TYPE:WALL-OUTER
G1 F1800 X130.617 Y115.673 E29.26226
G1 X130.616 Y115.187 E29.26836
G1 X130.834 Y115.245 E29.27119
G1 X131.065 Y115.334 E29.27429
G1 X131.066 Y115.806 E29.28021
G1 X130.962 Y115.766 E29.28161
G0 F7200 X130.769 Y115.714
G0 X130.827 Y115.528
;TYPE:SKIN
G1 F1800 X130.869 Y115.486 E29.28198
G0 F7200 X131.017 Y115.486
G0 X130.965 Y115.485
G0 X130.629 Y118.202
G0 X130.962 Y118.766
;TYPE:WALL-OUTER
G1 F1800 X130.617 Y118.673 E29.28646
G1 X130.617 Y118.187 E29.29256
G1 X130.834 Y118.245 E29.29537
G1 X131.065 Y118.334 E29.29848
G1 X131.066 Y118.806 E29.3044
G1 X130.962 Y118.766 E29.30579
G0 F7200 X130.769 Y118.714
G0 X130.752 Y118.643
G0 X130.762 Y118.609
G0 X129.363 Y118.671
G0 X129.038 Y118.766
G1 F1800 X128.935 Y118.805 E29.30718
G1 X128.935 Y118.334 E29.31308
G1 X129.166 Y118.245 E29.31619
G1 X129.383 Y118.187 E29.319
G1 X129.383 Y118.673 E29.3251
G1 X129.038 Y118.766 E29.32958
G0 F7200 X128.935 Y118.805
G0 X128.935 Y118.715
G0 X129.224 Y118.301
;MESH:NONMESH
G0 F600 X129.224 Y118.301 Z3.8
G0 F7200 X129.23 Y118.331
G0 X128.07 Y118.345
G0 X123.922 Y114.744
G0 X122.64 Y114.298
G0 X120.888 Y114.436
G0 X113.648 Y110.498
G0 X113.459 Y109.653
;TIME_ELAPSED:217.493970
;LAYER:18
;TYPE:WALL-OUTER
;MESH:output\B_media_suporte.stl
G1 F1800 X113.145 Y109.737 E29.33365
G1 X113.145 Y109.253 E29.33972
G1 X113.163 Y109.246 E29.33997
G1 X113.536 Y109.146 E29.34481
G1 X113.731 Y109.116 E29.34728
G1 X113.812 Y109.108 E29.3483
G1 X114.092 Y109.102 E29.35182
G1 X114.188 Y109.108 E29.35302
G1 X114.269 Y109.116 E29.35404
G1 X114.464 Y109.146 E29.35652
G1 X114.837 Y109.246 E29.36136
G1 X114.855 Y109.253 E29.3616
G1 X114.856 Y109.737 E29.36767
G1 X114.541 Y109.653 E29.36929
G1 X114.325 Y109.62 E29.37203
G1 X114.216 Y109.609 E29.3734
G1 X114.104 Y109.602 E29.37481
G1 X113.788 Y109.608 E29.37877
G1 X113.675 Y109.62 E29.3802
G1 X113.459 Y109.653 E29.38294
G0 F7200 X113.266 Y109.704
G0 X113.388 Y109.428
;TYPE:SKIN
G1 F1800 X113.623 Y109.38 E29.38387
G1 X114.488 Y109.397 E29.38723
G0 F7200 X114.494 Y109.567
G0 X114.499 Y109.546
G0 X113.455 Y109.634
G0 X113.733 Y112.135
G0 X113.459 Y112.653
;TYPE:WALL-OUTER
G1 F1800 X113.145 Y112.737 E29.3913
G1 X113.145 Y112.253 E29.39737
G1 X113.163 Y112.246 E29.39762
G1 X113.536 Y112.146 E29.40246
G1 X113.731 Y112.116 E29.40493
G1 X113.812 Y112.108 E29.40595
G1 X114.092 Y112.102 E29.40947
G1 X114.188 Y112.108 E29.41067
G1 X114.269 Y112.116 E29.41169
G1 X114.464 Y112.146 E29.41417
G1 X114.837 Y112.246 E29.41901
G1 X114.855 Y112.253 E29.41925
G1 X114.855 Y112.737 E29.42532
G1 X114.541 Y112.653 E29.4294
G1 X114.325 Y112.62 E29.43214
G1 X114.216 Y112.609 E29.43351
G1 X114.104 Y112.602 E29.43492
G1 X113.788 Y112.608 E29.43888
G1 X113.675 Y112.62 E29.44031
G1 X113.459 Y112.653 E29.44305
G0 F7200 X113.266 Y112.704
G0 X113.53 Y112.398
;TYPE:SKIN
G1 F1800 X113.776 Y112.362 E29.4441
G1 X114.357 Y112.377 E29.44654
G0 F7200 X114.4 Y112.54
G0 X114.402 Y112.531
G0 X113.733 Y115.135
G0 X113.459 Y115.653
;TYPE:WALL-OUTER
G1 F1800 X113.145 Y115.737 E29.45062
G1 X113.145 Y115.253 E29.45669
G1 X113.163 Y115.246 E29.45693
G1 X113.536 Y115.146 E29.46177
G1 X113.731 Y115.116 E29.46425
G1 X113.812 Y115.108 E29.46527
G1 X114.092 Y115.102 E29.46878
G1 X114.188 Y115.108 E29.46999
G1 X114.269 Y115.116 E29.47101
G1 X114.464 Y115.146 E29.47348
G1 X114.837 Y115.246 E29.47832
G1 X114.855 Y115.253 E29.47857
G1 X114.856 Y115.737 E29.48464
G1 X114.541 Y115.653 E29.48625
G1 X114.325 Y115.62 E29.48899
G1 X114.216 Y115.609 E29.49037
G1 X114.104 Y115.602 E29.49177
G1 X113.788 Y115.608 E29.49574
G1 X113.675 Y115.62 E29.49716
G1 X113.459 Y115.653 E29.4999
G0 F7200 X113.266 Y115.704
G0 X113.437 Y115.417
;TYPE:SKIN
G1 F1800 X113.675 Y115.372 E29.50082
G1 X114.567 Y115.415 E29.50422
G0 F7200 X114.591 Y115.593
G0 X114.598 Y115.566
G0 X114.168 Y118.126
G0 X113.459 Y118.653
;TYPE:WALL-OUTER
G1 F1800 X113.145 Y118.737 E29.5083
G1 X113.145 Y118.253 E29.51437
G1 X113.163 Y118.246 E29.51461
G1 X113.536 Y118.146 E29.51945
G1 X113.731 Y118.116 E29.52193
G1 X113.812 Y118.108 E29.52295
G1 X114.092 Y118.102 E29.52646
G1 X114.188 Y118.108 E29.52767
G1 X114.269 Y118.116 E29.52869
G1 X114.464 Y118.146 E29.53116
G1 X114.837 Y118.246 E29.536
G1 X114.855 Y118.253 E29.53624
G1 X114.856 Y118.737 E29.54231
G1 X114.541 Y118.653 E29.54393
G1 X114.325 Y118.62 E29.54667
G1 X114.216 Y118.609 E29.54804
G1 X114.104 Y118.602 E29.54945
G1 X113.788 Y118.608 E29.55342
G1 X113.675 Y118.62 E29.55484
G1 X113.459 Y118.653 E29.55758
G0 F7200 X113.266 Y118.704
G0 X113.359 Y118.45
;TYPE:SKIN
G1 F1800 X113.579 Y118.388 E29.55843
G1 X114.426 Y118.386 E29.56159
G0 F7200 X114.435 Y118.551
G0 X114.438 Y118.536
G0 X115.72 Y118.568
G0 X120.28 Y118.569
G0 X121.439 Y118.556
G0 X121.459 Y118.653
;TYPE:WALL-OUTER
G1 F1800 X121.145 Y118.737 E29.56567
G1 X121.145 Y118.253 E29.57173
G1 X121.163 Y118.246 E29.57198
G1 X121.536 Y118.146 E29.57682
G1 X121.731 Y118.116 E29.57929
G1 X121.812 Y118.108 E29.58031
G1 X122.092 Y118.102 E29.58383
G1 X122.188 Y118.108 E29.58503
G1 X122.269 Y118.116 E29.58605
G1 X122.464 Y118.146 E29.58853
G1 X122.837 Y118.246 E29.59337
G1 X122.855 Y118.253 E29.59361
G1 X122.856 Y118.737 E29.59968
G1 X122.541 Y118.653 E29.6013
G1 X122.325 Y118.62 E29.60404
G1 X122.216 Y118.609 E29.60541
G1 X122.104 Y118.602 E29.60682
G1 X121.788 Y118.608 E29.61078
G1 X121.675 Y118.62 E29.61221
G1 X121.459 Y118.653 E29.61495
G0 F7200 X121.266 Y118.704
G0 X121.513 Y118.402
;TYPE:SKIN
G1 F1800 X121.758 Y118.364 E29.61599
G1 X122.333 Y118.373 E29.61841
G0 F7200 X122.377 Y118.536
G0 X122.379 Y118.527
G0 X121.157 Y115.722
G0 X121.459 Y115.653
;TYPE:WALL-OUTER
G1 F1800 X121.145 Y115.737 E29.62249
G1 X121.145 Y115.253 E29.62856
G1 X121.163 Y115.246 E29.6288
G1 X121.536 Y115.146 E29.63364
G1 X121.731 Y115.116 E29.63612
G1 X121.812 Y115.108 E29.63714
G1 X121.908 Y115.102 E29.63834
G1 X122.189 Y115.108 E29.64187
G1 X122.269 Y115.116 E29.64288
G1 X122.464 Y115.146 E29.64535
G1 X122.837 Y115.246 E29.65019
G1 X122.855 Y115.253 E29.65044
G1 X122.856 Y115.737 E29.65651
G1 X122.541 Y115.653 E29.65812
G1 X122.325 Y115.62 E29.66086
G1 X122.212 Y115.608 E29.66229
G1 X121.896 Y115.602 E29.66625
G1 X121.784 Y115.609 E29.66766
G1 X121.675 Y115.62 E29.66903
G1 X121.459 Y115.653 E29.67177
G0 F7200 X121.266 Y115.704
G0 X121.372 Y115.432
;TYPE:SKIN
G1 F1800 X121.606 Y115.383 E29.67269
G1 X122.463 Y115.392 E29.67597
G0 F7200 X122.47 Y115.561
G0 X122.473 Y115.542
G0 X121.157 Y112.722
G0 X121.459 Y112.653
;TYPE:WALL-OUTER
G1 F1800 X121.145 Y112.737 E29.68004
G1 X121.145 Y112.253 E29.68611
G1 X121.163 Y112.246 E29.68636
G1 X121.536 Y112.146 E29.6912
G1 X121.731 Y112.116 E29.69367
G1 X121.812 Y112.108 E29.69469
G1 X122.092 Y112.102 E29.69821
G1 X122.188 Y112.108 E29.69941
G1 X122.269 Y112.116 E29.70043
G1 X122.464 Y112.146 E29.70291
G1 X122.837 Y112.246 E29.70775
G1 X122.855 Y112.253 E29.70799
G1 X122.855 Y112.737 E29.71406
G1 X122.541 Y112.653 E29.71814
G1 X122.325 Y112.62 E29.72088
G1 X122.216 Y112.609 E29.72225
G1 X122.104 Y112.602 E29.72366
G1 X121.788 Y112.608 E29.72762
G1 X121.675 Y112.62 E29.72905
G1 X121.459 Y112.653 E29.73179
G0 F7200 X121.266 Y112.704
G0 X121.463 Y112.412
;TYPE:SKIN
G1 F1800 X121.703 Y112.369 E29.7327
G1 X122.607 Y112.425 E29.73609
G0 F7200 X122.491 Y112.241
G1 F1500 E23.23609
G0 F7200 X122.487 Y112.255
G0 X121.157 Y109.722
G1 F1500 E29.73609
G0 F7200 X121.459 Y109.653
;TYPE:WALL-OUTER
G1 F1800 X121.145 Y109.737 E29.74017
G1 X121.145 Y109.253 E29.74624
G1 X121.163 Y109.246 E29.74648
G1 X121.536 Y109.146 E29.75132
G1 X121.731 Y109.116 E29.7538
G1 X121.812 Y109.108 E29.75482
G1 X122.092 Y109.102 E29.75833
G1 X122.188 Y109.108 E29.75954
G1 X122.269 Y109.116 E29.76056
G1 X122.464 Y109.146 E29.76303
G1 X122.837 Y109.246 E29.76787
G1 X122.855 Y109.253 E29.76811
G1 X122.856 Y109.737 E29.77418
G1 X122.541 Y109.653 E29.7758
G1 X122.325 Y109.62 E29.77854
G1 X122.212 Y109.608 E29.77997
G1 X121.896 Y109.602 E29.78393
G1 X121.784 Y109.609 E29.78534
G1 X121.675 Y109.62 E29.78671
G1 X121.459 Y109.653 E29.78945
G0 F7200 X121.266 Y109.704
G0 X121.555 Y109.393
;TYPE:SKIN
G1 F1800 X121.804 Y109.359 E29.79052
G1 X122.393 Y109.382 E29.79304
G0 F7200 X122.403 Y109.543
G1 F1500 E23.29304
G0 F7200 X122.405 Y109.531
G0 X123.72 Y109.568
G0 X128.28 Y109.569
G0 X129.439 Y109.556
G1 F1500 E29.79304
G0 F7200 X129.459 Y109.653
;TYPE:WALL-OUTER
G1 F1800 X129.145 Y109.737 E29.79711
G1 X129.145 Y109.253 E29.80318
G1 X129.163 Y109.246 E29.80342
G1 X129.536 Y109.146 E29.80827
G1 X129.731 Y109.116 E29.81074
G1 X129.812 Y109.108 E29.81176
G1 X129.908 Y109.102 E29.81297
G1 X130.189 Y109.108 E29.81649
G1 X130.269 Y109.116 E29.8175
G1 X130.464 Y109.146 E29.81998
G1 X130.837 Y109.246 E29.82482
G1 X130.855 Y109.253 E29.82506
G1 X130.856 Y109.737 E29.83113
G1 X130.541 Y109.653 E29.83275
G1 X130.325 Y109.62 E29.83549
G1 X130.212 Y109.608 E29.83691
G1 X129.896 Y109.602 E29.84087
G1 X129.784 Y109.609 E29.84228
G1 X129.675 Y109.62 E29.84366
G1 X129.459 Y109.653 E29.8464
G0 F7200 X129.266 Y109.704
G0 X129.489 Y109.407
;TYPE:SKIN
G1 F1800 X129.731 Y109.366 E29.84725
G1 X130.628 Y109.414 E29.85038
G0 F7200 X130.486 Y109.24
G1 F1500 E23.35038
G0 F7200 X130.483 Y109.253
G0 X129.455 Y109.634
G0 X129.733 Y112.135
G1 F1500 E29.85038
G0 F7200 X129.459 Y112.653
;TYPE:WALL-OUTER
G1 F1800 X129.145 Y112.737 E29.85445
G1 X129.145 Y112.253 E29.86052
G1 X129.163 Y112.246 E29.86076
G1 X129.536 Y112.146 E29.86561
G1 X129.731 Y112.116 E29.86808
G1 X129.812 Y112.108 E29.8691
G1 X129.908 Y112.102 E29.87031
G1 X130.189 Y112.108 E29.87383
G1 X130.269 Y112.116 E29.87484
G1 X130.464 Y112.146 E29.87731
G1 X130.837 Y112.246 E29.88216
G1 X130.855 Y112.253 E29.8824
G1 X130.855 Y112.737 E29.88847
G1 X130.541 Y112.653 E29.89254
G1 X130.325 Y112.62 E29.89529
G1 X130.212 Y112.608 E29.89671
G1 X129.896 Y112.602 E29.90067
G1 X129.784 Y112.609 E29.90208
G1 X129.675 Y112.62 E29.90345
G1 X129.459 Y112.653 E29.90619
G0 F7200 X129.266 Y112.704
G0 X129.397 Y112.426
;TYPE:SKIN
G1 F1800 X129.632 Y112.378 E29.90711
G1 X130.502 Y112.4 E29.91045
G0 F7200 X130.506 Y112.571
G1 F1500 E23.41045
G0 F7200 X130.51 Y112.547
G0 X130.188 Y115.127
G1 F1500 E29.91045
G0 F7200 X129.459 Y115.653
;TYPE:WALL-OUTER
G1 F1800 X129.145 Y115.737 E29.91453
G1 X129.145 Y115.253 E29.9206
G1 X129.163 Y115.246 E29.92084
G1 X129.536 Y115.146 E29.92568
G1 X129.731 Y115.116 E29.92816
G1 X129.812 Y115.108 E29.92918
G1 X129.908 Y115.102 E29.93038
G1 X130.189 Y115.108 E29.93391
G1 X130.269 Y115.116 E29.93492
G1 X130.464 Y115.146 E29.93739
G1 X130.837 Y115.246 E29.94223
G1 X130.855 Y115.253 E29.94248
G1 X130.856 Y115.737 E29.94855
G1 X130.541 Y115.653 E29.95016
G1 X130.325 Y115.62 E29.9529
G1 X130.212 Y115.608 E29.95433
G1 X129.896 Y115.602 E29.95829
G1 X129.784 Y115.609 E29.9597
G1 X129.675 Y115.62 E29.96107
G1 X129.459 Y115.653 E29.96381
G0 F7200 X129.266 Y115.704
G0 X129.539 Y115.397
;TYPE:SKIN
G1 F1800 X129.785 Y115.36 E29.96487
G1 X130.369 Y115.378 E29.96735
G0 F7200 X130.379 Y115.537
G1 F1500 E23.46735
G0 F7200 X130.381 Y115.528
G0 X129.733 Y118.135
G1 F1500 E29.96735
G0 F7200 X129.459 Y118.653
;TYPE:WALL-OUTER
G1 F1800 X129.145 Y118.737 E29.97143
G1 X129.145 Y118.253 E29.9775
G1 X129.163 Y118.246 E29.97774
G1 X129.536 Y118.146 E29.98258
G1 X129.731 Y118.116 E29.98505
G1 X129.812 Y118.108 E29.98608
G1 X130.092 Y118.102 E29.98959
G1 X130.188 Y118.108 E29.99079
G1 X130.269 Y118.116 E29.99181
G1 X130.464 Y118.146 E29.99429
G1 X130.837 Y118.246 E29.99913
G1 X130.855 Y118.253 E29.99937
G1 X130.856 Y118.737 E30.00544
G1 X130.541 Y118.653 E30.00706
G1 X130.325 Y118.62 E30.0098
G1 X130.216 Y118.609 E30.01117
G1 X130.104 Y118.602 E30.01258
G1 X129.788 Y118.608 E30.01654
G1 X129.675 Y118.62 E30.01797
G1 X129.459 Y118.653 E30.02071
G0 F7200 X129.266 Y118.704
G0 X129.447 Y118.416
;TYPE:SKIN
G1 F1800 X129.685 Y118.371 E30.02163
G1 X130.583 Y118.421 E30.02504
G0 F7200 X130.607 Y118.598
G1 F1500 E23.52504
;MESH:NONMESH
G0 F600 X130.607 Y118.598 Z4
G0 F7200 X130.614 Y118.57
G0 X129.161 Y118.264
G0 X123.712 Y114.662
G0 X121.299 Y113.591
G0 X120.298 Y113.954
G0 X115.72 Y109.721
G0 X114.339 Y109.6
G1 F1500 E30.02504
G0 F7200 X113.459 Y109.653
;TIME_ELAPSED:224.511360
;LAYER:19
;TYPE:WALL-OUTER
;MESH:output\B_media_suporte.stl
G1 F1800 X113.355 Y109.681 E30.02639
G1 X113.355 Y109.195 E30.03249
G1 X113.536 Y109.146 E30.03484
G1 X113.731 Y109.116 E30.03731
G1 X113.812 Y109.108 E30.03833
G1 X114.092 Y109.102 E30.04185
G1 X114.188 Y109.108 E30.04305
G1 X114.269 Y109.116 E30.04407
G1 X114.464 Y109.146 E30.04655
G1 X114.645 Y109.195 E30.0489
G1 X114.645 Y109.681 E30.05499
G1 X114.541 Y109.653 E30.05634
G1 X114.325 Y109.62 E30.05908
G1 X114.216 Y109.609 E30.06046
G1 X114.104 Y109.602 E30.06186
G1 X113.788 Y109.608 E30.06583
G1 X113.675 Y109.62 E30.06725
G1 X113.459 Y109.653 E30.06999
G0 F7200 X113.355 Y109.681
G0 X113.355 Y109.588
G0 X113.803 Y109.358
;TYPE:SKIN
G1 F1800 X114.09 Y109.354 E30.07149
G1 X114.35 Y109.377 E30.07286
G0 F7200 X114.412 Y109.229
G1 F1500 E23.57286
G0 F7200 X114.41 Y109.238
G0 X113.455 Y109.634
G0 X113.733 Y112.135
G1 F1500 E30.07286
G0 F7200 X113.459 Y112.653
;TYPE:WALL-OUTER
G1 F1800 X113.355 Y112.681 E30.07421
G1 X113.355 Y112.195 E30.0803
G1 X113.536 Y112.146 E30.08265
G1 X113.731 Y112.116 E30.08513
G1 X113.812 Y112.108 E30.08615
G1 X114.092 Y112.102 E30.08966
G1 X114.188 Y112.108 E30.09087
G1 X114.269 Y112.116 E30.09189
G1 X114.464 Y112.146 E30.09436
G1 X114.645 Y112.195 E30.09671
G1 X114.645 Y112.681 E30.10281
G1 X114.541 Y112.653 E30.10416
G1 X114.325 Y112.62 E30.1069
G1 X114.216 Y112.609 E30.10827
G1 X114.104 Y112.602 E30.10968
G1 X113.788 Y112.608 E30.11364
G1 X113.675 Y112.62 E30.11507
G1 X113.459 Y112.653 E30.11781
G0 F7200 X113.355 Y112.681
G0 X113.355 Y112.588
G0 X113.61 Y112.38
;TYPE:SKIN
G1 F1800 X113.918 Y112.355 E30.11912
G1 X114.426 Y112.413 E30.12129
G0 F7200 X114.263 Y112.21
G1 F1500 E23.62129
G0 F7200 X114.262 Y112.215
G0 X113.733 Y115.135
G1 F1500 E30.12129
G0 F7200 X113.459 Y115.653
;TYPE:WALL-OUTER
G1 F1800 X113.355 Y115.681 E30.12264
G1 X113.355 Y115.195 E30.12873
G1 X113.536 Y115.146 E30.13109
G1 X113.731 Y115.116 E30.13356
G1 X113.812 Y115.108 E30.13458
G1 X114.092 Y115.102 E30.13809
G1 X114.188 Y115.108 E30.1393
G1 X114.269 Y115.116 E30.14032
G1 X114.464 Y115.146 E30.14279
G1 X114.645 Y115.195 E30.14514
G1 X114.645 Y115.681 E30.15124
G1 X114.541 Y115.653 E30.15259
G1 X114.325 Y115.62 E30.15533
G1 X114.216 Y115.609 E30.1567
G1 X114.104 Y115.602 E30.15811
G1 X113.788 Y115.608 E30.16207
G1 X113.675 Y115.62 E30.1635
G1 X113.459 Y115.653 E30.16624
G0 F7200 X113.355 Y115.681
G0 X113.355 Y115.588
G0 X113.738 Y115.363
;TYPE:SKIN
G1 F1800 X114.032 Y115.352 E30.16781
G1 X114.298 Y115.369 E30.16924
G0 F7200 X114.345 Y115.218
G1 F1500 E23.66924
G0 F7200 X114.342 Y115.227
G0 X113.733 Y118.135
G1 F1500 E30.16924
G0 F7200 X113.459 Y118.653
;TYPE:WALL-OUTER
G1 F1800 X113.355 Y118.681 E30.17059
G1 X113.355 Y118.195 E30.17669
G1 X113.536 Y118.146 E30.17904
G1 X113.731 Y118.116 E30.18151
G1 X113.812 Y118.108 E30.18253
G1 X114.092 Y118.102 E30.18604
G1 X114.188 Y118.108 E30.18725
G1 X114.269 Y118.116 E30.18827
G1 X114.464 Y118.146 E30.19074
G1 X114.645 Y118.195 E30.1931
G1 X114.645 Y118.681 E30.19919
G1 X114.541 Y118.653 E30.20054
G1 X114.325 Y118.62 E30.20328
G1 X114.216 Y118.609 E30.20466
G1 X114.104 Y118.602 E30.20606
G1 X113.788 Y118.608 E30.21003
G1 X113.675 Y118.62 E30.21145
G1 X113.459 Y118.653 E30.21419
G0 F7200 X113.355 Y118.681
G0 X113.355 Y118.588
G0 X113.574 Y118.355
;TYPE:SKIN
G1 F1800 X113.857 Y118.356 E30.21527
G1 X114.395 Y118.383 E30.21732
G0 F7200 X114.431 Y118.231
G1 F1500 E23.71732
G0 F7200 X114.429 Y118.241
G0 X115.51 Y118.556
G0 X120.49 Y118.556
G1 F1500 E30.21732
G0 F7200 X121.459 Y118.653
;TYPE:WALL-OUTER
G1 F1800 X121.355 Y118.681 E30.21867
G1 X121.355 Y118.195 E30.22476
G1 X121.536 Y118.146 E30.22712
G1 X121.731 Y118.116 E30.22959
G1 X121.812 Y118.108 E30.23061
G1 X122.092 Y118.102 E30.23412
G1 X122.188 Y118.108 E30.23533
G1 X122.269 Y118.116 E30.23635
G1 X122.464 Y118.146 E30.23882
G1 X122.645 Y118.195 E30.24118
G1 X122.645 Y118.681 E30.24727
G1 X122.541 Y118.653 E30.24862
G1 X122.325 Y118.62 E30.25136
G1 X122.216 Y118.609 E30.25274
G1 X122.104 Y118.602 E30.25414
G1 X121.788 Y118.608 E30.25811
G1 X121.675 Y118.62 E30.25953
G1 X121.459 Y118.653 E30.26227
G0 F7200 X121.355 Y118.681
G0 X121.355 Y118.588
G0 X121.771 Y118.36
;TYPE:SKIN
G1 F1800 X122.062 Y118.353 E30.26381
G1 X122.325 Y118.373 E30.2652
G0 F7200 X122.387 Y118.225
G1 F1500 E23.7652
G0 F7200 X122.385 Y118.234
G0 X121.367 Y115.666
G1 F1500 E30.2652
G0 F7200 X121.459 Y115.653
;TYPE:WALL-OUTER
G1 F1800 X121.355 Y115.681 E30.26655
G1 X121.355 Y115.195 E30.27265
G1 X121.536 Y115.146 E30.275
G1 X121.731 Y115.116 E30.27747
G1 X121.812 Y115.108 E30.2785
G1 X121.908 Y115.102 E30.2797
G1 X122.189 Y115.108 E30.28323
G1 X122.269 Y115.116 E30.28423
G1 X122.464 Y115.146 E30.28671
G1 X122.645 Y115.195 E30.28906
G1 X122.645 Y115.681 E30.29515
G1 X122.541 Y115.653 E30.29651
G1 X122.325 Y115.62 E30.29925
G1 X122.212 Y115.608 E30.30067
G1 X121.896 Y115.602 E30.30463
G1 X121.784 Y115.609 E30.30604
G1 X121.675 Y115.62 E30.30742
G1 X121.459 Y115.653 E30.31016
G0 F7200 X121.355 Y115.681
G0 X121.355 Y115.588
G0 X121.645 Y115.376
;TYPE:SKIN
G1 F1800 X121.951 Y115.352 E30.31174
G1 X122.224 Y115.362 E30.31316
G0 F7200 X122.275 Y115.211
G1 F1500 E23.81316
G0 F7200 X122.274 Y115.217
G0 X121.367 Y112.666
G1 F1500 E30.31316
G0 F7200 X121.459 Y112.653
;TYPE:WALL-OUTER
G1 F1800 X121.355 Y112.681 E30.31451
G1 X121.355 Y112.195 E30.3206
G1 X121.536 Y112.146 E30.32296
G1 X121.731 Y112.116 E30.32543
G1 X121.812 Y112.108 E30.32645
G1 X122.092 Y112.102 E30.32996
G1 X122.188 Y112.108 E30.33117
G1 X122.269 Y112.116 E30.33219
G1 X122.464 Y112.146 E30.33466
G1 X122.645 Y112.195 E30.33701
G1 X122.645 Y112.681 E30.34311
G1 X122.541 Y112.653 E30.34446
G1 X122.325 Y112.62 E30.3472
G1 X122.216 Y112.609 E30.34857
G1 X122.104 Y112.602 E30.34998
G1 X121.788 Y112.608 E30.35394
G1 X121.675 Y112.62 E30.35537
G1 X121.459 Y112.653 E30.35811
G0 F7200 X121.355 Y112.681
G0 X121.355 Y112.588
G0 X121.836 Y112.356
;TYPE:SKIN
G1 F1800 X122.121 Y112.354 E30.35959
G1 X122.377 Y112.38 E30.36093
G0 F7200 X122.438 Y112.233
G1 F1500 E23.86093
G0 F7200 X122.436 Y112.242
G0 X121.367 Y109.666
G1 F1500 E30.36093
G0 F7200 X121.459 Y109.653
;TYPE:WALL-OUTER
G1 F1800 X121.355 Y109.681 E30.36228
G1 X121.355 Y109.195 E30.36838
G1 X121.536 Y109.146 E30.37073
G1 X121.731 Y109.116 E30.3732
G1 X121.812 Y109.108 E30.37422
G1 X122.092 Y109.102 E30.37773
G1 X122.188 Y109.108 E30.37894
G1 X122.269 Y109.116 E30.37996
G1 X122.464 Y109.146 E30.38243
G1 X122.645 Y109.195 E30.38479
G1 X122.645 Y109.681 E30.39088
G1 X122.541 Y109.653 E30.39223
G1 X122.325 Y109.62 E30.39497
G1 X122.212 Y109.608 E30.3964
G1 X121.896 Y109.602 E30.40036
G1 X121.784 Y109.609 E30.40177
G1 X121.675 Y109.62 E30.40314
G1 X121.459 Y109.653 E30.40588
G0 F7200 X121.355 Y109.681
G0 X121.355 Y109.588
G0 X121.715 Y109.366
;TYPE:SKIN
G1 F1800 X122.011 Y109.352 E30.40744
G1 X122.279 Y109.367 E30.40885
G0 F7200 X122.328 Y109.216
G1 F1500 E23.90885
G0 F7200 X122.326 Y109.225
G0 X123.51 Y109.556
G0 X128.49 Y109.556
G1 F1500 E30.40885
G0 F7200 X129.459 Y109.653
;TYPE:WALL-OUTER
G1 F1800 X129.355 Y109.681 E30.4102
G1 X129.355 Y109.195 E30.4163
G1 X129.536 Y109.146 E30.41865
G1 X129.731 Y109.116 E30.42112
G1 X129.812 Y109.108 E30.42214
G1 X129.908 Y109.102 E30.42335
G1 X130.189 Y109.108 E30.42687
G1 X130.269 Y109.116 E30.42788
G1 X130.464 Y109.146 E30.43035
G1 X130.645 Y109.195 E30.43271
G1 X130.645 Y109.681 E30.4388
G1 X130.541 Y109.653 E30.44015
G1 X130.325 Y109.62 E30.44289
G1 X130.212 Y109.608 E30.44432
G1 X129.896 Y109.602 E30.44828
G1 X129.784 Y109.609 E30.44969
G1 X129.675 Y109.62 E30.45106
G1 X129.459 Y109.653 E30.4538
G0 F7200 X129.355 Y109.681
G0 X129.355 Y109.588
G0 X129.621 Y109.379
;TYPE:SKIN
G1 F1800 X129.931 Y109.352 E30.4551
G1 X130.431 Y109.419 E30.4572
G0 F7200 X130.265 Y109.21
G1 F1500 E23.9572
G0 F7200 X130.263 Y109.215
G0 X129.733 Y112.135
G1 F1500 E30.4572
G0 F7200 X129.459 Y112.653
;TYPE:WALL-OUTER
G1 F1800 X129.355 Y112.681 E30.45855
G1 X129.355 Y112.195 E30.46465
G1 X129.536 Y112.146 E30.467
G1 X129.731 Y112.116 E30.46947
G1 X129.812 Y112.108 E30.47049
G1 X129.908 Y112.102 E30.4717
G1 X130.189 Y112.108 E30.47523
G1 X130.269 Y112.116 E30.47623
G1 X130.464 Y112.146 E30.47871
G1 X130.645 Y112.195 E30.48106
G1 X130.645 Y112.681 E30.48715
G1 X130.541 Y112.653 E30.4885
G1 X130.325 Y112.62 E30.49125
G1 X130.212 Y112.608 E30.49267
G1 X129.896 Y112.602 E30.49663
G1 X129.784 Y112.609 E30.49804
G1 X129.675 Y112.62 E30.49941
G1 X129.459 Y112.653 E30.50215
G0 F7200 X129.355 Y112.681
G0 X129.355 Y112.588
G0 X129.749 Y112.362
;TYPE:SKIN
G1 F1800 X130.04 Y112.355 E30.50368
G1 X130.307 Y112.371 E30.50508
G0 F7200 X130.355 Y112.219
G1 F1500 E24.00508
G0 F7200 X130.353 Y112.229
G0 X129.733 Y115.135
G1 F1500 E30.50508
G0 F7200 X129.459 Y115.653
;TYPE:WALL-OUTER
G1 F1800 X129.355 Y115.681 E30.50643
G1 X129.355 Y115.195 E30.51253
G1 X129.536 Y115.146 E30.51488
G1 X129.731 Y115.116 E30.51735
G1 X129.812 Y115.108 E30.51838
G1 X129.908 Y115.102 E30.51958
G1 X130.189 Y115.108 E30.52311
G1 X130.269 Y115.116 E30.52411
G1 X130.464 Y115.146 E30.52659
G1 X130.645 Y115.195 E30.52894
G1 X130.645 Y115.681 E30.53503
G1 X130.541 Y115.653 E30.53639
G1 X130.325 Y115.62 E30.53913
G1 X130.212 Y115.608 E30.54055
G1 X129.896 Y115.602 E30.54451
G1 X129.784 Y115.609 E30.54592
G1 X129.675 Y115.62 E30.5473
G1 X129.459 Y115.653 E30.55004
G0 F7200 X129.355 Y115.681
G0 X129.355 Y115.588
G0 X129.58 Y115.361
;TYPE:SKIN
G1 F1800 X129.869 Y115.354 E30.55119
G1 X130.403 Y115.385 E30.55332
G0 F7200 X130.439 Y115.233
G1 F1500 E24.05332
G0 F7200 X130.437 Y115.242
G0 X129.455 Y115.634
G0 X129.733 Y118.135
G1 F1500 E30.55332
G0 F7200 X129.459 Y118.653
;TYPE:WALL-OUTER
G1 F1800 X129.355 Y118.681 E30.55468
G1 X129.355 Y118.195 E30.56077
G1 X129.536 Y118.146 E30.56312
G1 X129.731 Y118.116 E30.5656
G1 X129.812 Y118.108 E30.56662
G1 X130.092 Y118.102 E30.57013
G1 X130.188 Y118.108 E30.57133
G1 X130.269 Y118.116 E30.57236
G1 X130.464 Y118.146 E30.57483
G1 X130.645 Y118.195 E30.57718
G1 X130.645 Y118.681 E30.58328
G1 X130.541 Y118.653 E30.58463
G1 X130.325 Y118.62 E30.58737
G1 X130.216 Y118.609 E30.58874
G1 X130.104 Y118.602 E30.59015
G1 X129.788 Y118.608 E30.59411
G1 X129.675 Y118.62 E30.59554
G1 X129.459 Y118.653 E30.59828
G0 F7200 X129.355 Y118.681
G0 X129.355 Y118.588
G0 X129.681 Y118.37
;TYPE:SKIN
G1 F1800 X129.981 Y118.353 E30.59986
G1 X130.253 Y118.365 E30.6013
G0 F7200 X130.301 Y118.214
G1 F1500 E24.1013
;MESH:NONMESH
G0 F600 X130.301 Y118.214 Z4.2
G0 F7200 X130.299 Y118.221
G0 X128.49 Y118.207
G0 X123.501 Y114.537
G0 X120.506 Y113.786
G0 X115.51 Y109.666
G0 X113.663 Y109.521
G1 F1500 E30.6013
G0 F7200 X113.675 Y109.62
;TIME_ELAPSED:234.192533
;LAYER:20
;TYPE:WALL-OUTER
;MESH:output\B_media_suporte.stl
G1 F1392.7 X113.565 Y109.637 E30.6027
G1 X113.565 Y109.142 E30.6089
G1 X113.731 Y109.116 E30.61101
G1 X113.812 Y109.108 E30.61203
G1 X114.091 Y109.102 E30.61553
G1 X114.224 Y109.111 E30.6172
G1 X114.33 Y109.125 E30.61854
G1 X114.435 Y109.142 E30.61988
G1 X114.435 Y109.636 E30.62607
G1 X114.324 Y109.619 E30.62748
G1 X114.104 Y109.602 E30.63025
G1 X113.788 Y109.608 E30.63421
G1 X113.675 Y109.62 E30.63564
G0 F7200 X113.565 Y109.637
G0 X113.565 Y109.548
G0 X113.881 Y109.356
;TYPE:SKIN
G1 F1392.7 X114.165 Y109.357 E30.63761
G0 F7200 X114.198 Y109.514
G1 F1500 E24.13761
G0 F7200 X114.198 Y109.509
G0 X113.813 Y112.127
G1 F1500 E30.63761
G0 F7200 X113.675 Y112.62
;TYPE:WALL-OUTER
G1 F1392.7 X113.565 Y112.637 E30.639
G1 X113.565 Y112.142 E30.64521
G1 X113.731 Y112.116 E30.64732
G1 X113.812 Y112.108 E30.64834
G1 X114.091 Y112.102 E30.65184
G1 X114.224 Y112.111 E30.65351
G1 X114.33 Y112.125 E30.65485
G1 X114.435 Y112.142 E30.65618
G1 X114.435 Y112.636 E30.66238
G1 X114.324 Y112.619 E30.66379
G1 X114.104 Y112.602 E30.66655
G1 X113.788 Y112.608 E30.67052
G1 X113.675 Y112.62 E30.67194
G0 F7200 X113.565 Y112.637
G0 X113.565 Y112.548
G0 X113.792 Y112.378
;TYPE:SKIN
G1 F1392.7 X114.049 Y112.352 E30.67347
G0 F7200 X114.094 Y112.504
G1 F1500 E24.17347
G0 F7200 X114.095 Y112.502
G0 X113.813 Y115.127
G1 F1500 E30.67347
G0 F7200 X113.675 Y115.62
;TYPE:WALL-OUTER
G1 F1392.7 X113.565 Y115.637 E30.67487
G1 X113.565 Y115.142 E30.68108
G1 X113.731 Y115.116 E30.68318
G1 X113.812 Y115.108 E30.6842
G1 X114.091 Y115.102 E30.6877
G1 X114.224 Y115.111 E30.68938
G1 X114.33 Y115.125 E30.69072
G1 X114.435 Y115.142 E30.69205
G1 X114.435 Y115.636 E30.69824
G1 X114.324 Y115.619 E30.69965
G1 X114.104 Y115.602 E30.70242
G1 X113.788 Y115.608 E30.70638
G1 X113.675 Y115.62 E30.70781
G0 F7200 X113.565 Y115.637
G0 X113.565 Y115.548
G0 X113.939 Y115.353
;TYPE:SKIN
G1 F1392.7 X114.205 Y115.336 E30.70937
G0 F7200 X114.033 Y115.203
G1 F1500 E24.20937
G0 F7200 X114.032 Y115.204
G0 X113.813 Y118.127
G1 F1500 E30.70937
G0 F7200 X113.675 Y118.62
;TYPE:WALL-OUTER
G1 F1392.7 X113.565 Y118.637 E30.71076
G1 X113.565 Y118.142 E30.71697
G1 X113.731 Y118.116 E30.71908
G1 X113.812 Y118.108 E30.7201
G1 X114.091 Y118.102 E30.7236
G1 X114.224 Y118.111 E30.72527
G1 X114.33 Y118.125 E30.72661
G1 X114.435 Y118.142 E30.72794
G1 X114.435 Y118.636 E30.73414
G1 X114.324 Y118.619 E30.73555
G1 X114.104 Y118.602 E30.73831
G1 X113.788 Y118.608 E30.74228
G1 X113.675 Y118.62 E30.7437
G0 F7200 X113.565 Y118.637
G0 X113.565 Y118.548
G0 X113.832 Y118.357
;TYPE:SKIN
G1 F1392.7 X114.111 Y118.353 E30.74562
G0 F7200 X114.162 Y118.508
G1 F1500 E24.24562
G0 F7200 X114.162 Y118.506
G0 X115.3 Y118.521
G0 X120.7 Y118.521
G1 F1500 E30.74562
G0 F7200 X121.675 Y118.62
;TYPE:WALL-OUTER
G1 F1392.7 X121.565 Y118.637 E30.74701
G1 X121.565 Y118.142 E30.75322
G1 X121.731 Y118.116 E30.75533
G1 X121.812 Y118.108 E30.75635
G1 X122.091 Y118.102 E30.75985
G1 X122.224 Y118.111 E30.76152
G1 X122.33 Y118.125 E30.76286
G1 X122.435 Y118.142 E30.76419
G1 X122.435 Y118.636 E30.77039
G1 X122.324 Y118.619 E30.7718
G1 X122.104 Y118.602 E30.77456
G1 X121.788 Y118.608 E30.77853
G1 X121.675 Y118.62 E30.77995
G0 F7200 X121.565 Y118.637
G0 X121.565 Y118.548
G0 X121.781 Y118.387
;TYPE:SKIN
G1 F1392.7 X122.03 Y118.353 E30.78132
G0 F7200 X122.086 Y118.503
G1 F1500 E24.28132
G0 F7200 X122.087 Y118.502
G0 X121.577 Y115.622
G1 F1500 E30.78132
G0 F7200 X121.674 Y115.62
;TYPE:WALL-OUTER
G1 F1392.7 X121.565 Y115.637 E30.7827
G1 X121.565 Y115.142 E30.78891
G1 X121.731 Y115.116 E30.79102
G1 X121.909 Y115.102 E30.79326
G1 X122.189 Y115.108 E30.79677
G1 X122.269 Y115.116 E30.79778
G1 X122.435 Y115.142 E30.79988
G1 X122.435 Y115.637 E30.80609
G1 X122.325 Y115.62 E30.80749
G1 X122.212 Y115.608 E30.80891
G1 X121.895 Y115.602 E30.81289
G1 X121.745 Y115.612 E30.81477
G1 X121.674 Y115.62 E30.81567
G0 F7200 X121.565 Y115.637
G0 X121.565 Y115.547
G0 X121.86 Y115.355
;TYPE:SKIN
G1 F1392.7 X122.144 Y115.356 E30.81756
G0 F7200 X122.173 Y115.51
G1 F1500 E24.31756
G0 F7200 X122.173 Y115.508
G0 X121.577 Y112.622
G1 F1500 E30.81756
G0 F7200 X121.675 Y112.62
;TYPE:WALL-OUTER
G1 F1392.7 X121.565 Y112.637 E30.81895
G1 X121.565 Y112.142 E30.82516
G1 X121.731 Y112.116 E30.82727
G1 X121.812 Y112.108 E30.82829
G1 X122.091 Y112.102 E30.83179
G1 X122.224 Y112.111 E30.83346
G1 X122.33 Y112.125 E30.8348
G1 X122.435 Y112.142 E30.83613
G1 X122.435 Y112.636 E30.84233
G1 X122.324 Y112.619 E30.84374
G1 X122.104 Y112.602 E30.8465
G1 X121.788 Y112.608 E30.85047
G1 X121.675 Y112.62 E30.85189
G0 F7200 X121.565 Y112.637
G0 X121.565 Y112.548
G0 X121.97 Y112.354
;TYPE:SKIN
G1 F1392.7 X122.221 Y112.322 E30.85313
G0 F7200 X122.037 Y112.504
G1 F1500 E24.35313
G0 F7200 X122.038 Y112.503
G0 X121.577 Y109.622
G1 F1500 E30.85313
G0 F7200 X121.674 Y109.62
;TYPE:WALL-OUTER
G1 F1392.7 X121.565 Y109.637 E30.85452
G1 X121.565 Y109.142 E30.86073
G1 X121.731 Y109.116 E30.86283
G1 X121.812 Y109.108 E30.86385
G1 X122.091 Y109.102 E30.86735
G1 X122.224 Y109.111 E30.86902
G1 X122.33 Y109.125 E30.87037
G1 X122.435 Y109.142 E30.8717
G1 X122.435 Y109.637 E30.87791
G1 X122.325 Y109.62 E30.8793
G1 X122.212 Y109.608 E30.88073
G1 X121.895 Y109.602 E30.8847
G1 X121.745 Y109.612 E30.88659
G1 X121.674 Y109.62 E30.88748
G0 F7200 X121.565 Y109.637
G0 X121.565 Y109.547
G0 X121.806 Y109.361
;TYPE:SKIN
G1 F1392.7 X122.082 Y109.354 E30.88932
G0 F7200 X122.121 Y109.505
G1 F1500 E24.38932
G0 F7200 X123.3 Y109.521
G0 X128.7 Y109.521
G1 F1500 E30.88932
G0 F7200 X129.674 Y109.62
;TYPE:WALL-OUTER
G1 F1392.7 X129.565 Y109.637 E30.8907
G1 X129.565 Y109.142 E30.89691
G1 X129.731 Y109.116 E30.89901
G1 X129.909 Y109.102 E30.90125
G1 X130.189 Y109.108 E30.90477
G1 X130.269 Y109.116 E30.90577
G1 X130.435 Y109.142 E30.90788
G1 X130.435 Y109.637 E30.91409
G1 X130.325 Y109.62 E30.91548
G1 X130.212 Y109.608 E30.91691
G1 X129.895 Y109.602 E30.92089
G1 X129.745 Y109.612 E30.92277
G1 X129.674 Y109.62 E30.92367
G0 F7200 X129.565 Y109.637
G0 X129.565 Y109.547
G0 X129.945 Y109.298
;TYPE:SKIN
G1 F1392.7 X130.057 Y109.409 E30.92466
G0 F7200 X130.055 Y109.505
G1 F1500 E24.42466
G0 F7200 X130.188 Y112.127
G1 F1500 E30.92466
G0 F7200 X130.435 Y112.142
;TYPE:WALL-OUTER
G1 F1392.7 X130.435 Y112.637 E30.93086
G1 X130.325 Y112.62 E30.93226
G1 X130.212 Y112.608 E30.93368
G1 X129.895 Y112.602 E30.93766
G1 X129.744 Y112.612 E30.93956
G1 X129.565 Y112.636 E30.94182
G1 X129.565 Y112.142 E30.94802
G1 X129.731 Y112.116 E30.95012
G1 X129.909 Y112.102 E30.95236
G1 X130.189 Y112.108 E30.95588
G1 X130.269 Y112.116 E30.95688
G1 X130.435 Y112.142 E30.95899
G0 F7200 X130.435 Y112.342
G0 X130.176 Y112.357
;TYPE:SKIN
G1 F1392.7 X129.89 Y112.354 E30.96089
G0 F7200 X129.834 Y112.204
G1 F1500 E24.46089
G0 F7200 X129.833 Y112.209
G0 X129.733 Y115.135
G1 F1500 E30.96089
G0 F7200 X129.674 Y115.62
;TYPE:WALL-OUTER
G1 F1392.7 X129.565 Y115.637 E30.96227
G1 X129.565 Y115.142 E30.96848
G1 X129.731 Y115.116 E30.97059
G1 X129.909 Y115.102 E30.97283
G1 X130.189 Y115.108 E30.97634
G1 X130.269 Y115.116 E30.97735
G1 X130.435 Y115.142 E30.97946
G1 X130.435 Y115.637 E30.98566
G1 X130.325 Y115.62 E30.98706
G1 X130.212 Y115.608 E30.98848
G1 X129.895 Y115.602 E30.99246
G1 X129.745 Y115.612 E30.99434
G1 X129.674 Y115.62 E30.99524
G0 F7200 X129.565 Y115.637
G0 X129.565 Y115.547
G0 X129.796 Y115.371
;TYPE:SKIN
G1 F1392.7 X130.062 Y115.354 E30.99689
G0 F7200 X130.116 Y115.506
G1 F1500 E24.49689
G0 F7200 X129.813 Y118.127
G1 F1500 E30.99689
G0 F7200 X129.675 Y118.62
;TYPE:WALL-OUTER
G1 F1392.7 X129.565 Y118.637 E30.99828
G1 X129.565 Y118.142 E31.00449
G1 X129.731 Y118.116 E31.0066
G1 X129.812 Y118.108 E31.00762
G1 X130.091 Y118.102 E31.01112
G1 X130.224 Y118.111 E31.01279
G1 X130.33 Y118.125 E31.01413
G1 X130.435 Y118.142 E31.01546
G1 X130.435 Y118.636 E31.02166
G1 X130.324 Y118.619 E31.02307
G1 X130.104 Y118.602 E31.02583
G1 X129.788 Y118.608 E31.0298
G1 X129.675 Y118.62 E31.03122
G0 F7200 X129.565 Y118.637
G0 X129.565 Y118.548
G0 X129.951 Y118.354
;TYPE:SKIN
G1 F1392.7 X130.211 Y118.332 E31.03266
G0 F7200 X130.033 Y118.203
G1 F1500 E24.53266
;MESH:NONMESH
G0 F600 X130.033 Y118.203 Z4.4
G0 F7200 X130.032 Y118.204
G0 X128.7 Y118.155
G0 X123.291 Y114.476
G0 X120.716 Y113.723
G0 X115.3 Y109.621
G0 X114.106 Y109.503
G1 F1500 E31.03266
G0 F7200 X114.105 Y109.602
;TIME_ELAPSED:243.563125
;LAYER:21
;TYPE:WALL-OUTER
;MESH:output\B_media_suporte.stl
G1 F857.2 X113.784 Y109.608 E31.03669
G1 X113.784 Y109.111 E31.04292
G1 X113.812 Y109.108 E31.04328
G1 X114.102 Y109.102 E31.04691
G1 X114.216 Y109.11 E31.04835
G1 X114.216 Y109.61 E31.05462
G1 X114.105 Y109.602 E31.05601
G0 F7200 X113.905 Y109.605
G0 X113.904 Y109.507
G1 F1500 E24.55601
G0 F7200 X113.905 Y109.505
G0 X114.102 Y112.121
G1 F1500 E31.05601
G0 F7200 X114.105 Y112.602
G1 F857.2 X113.784 Y112.608 E31.06004
G1 X113.784 Y112.111 E31.06627
G1 X113.811 Y112.108 E31.06661
G1 X114.102 Y112.102 E31.07026
G1 X114.216 Y112.11 E31.07169
G1 X114.216 Y112.61 E31.07796
G1 X114.105 Y112.602 E31.07936
G0 F7200 X113.905 Y112.605
G0 X113.904 Y112.507
G1 F1500 E24.57936
G0 F7200 X113.905 Y112.505
G0 X114.102 Y115.121
G1 F1500 E31.07936
G0 F7200 X114.105 Y115.602
G1 F857.2 X113.784 Y115.608 E31.08339
G1 X113.784 Y115.111 E31.08962
G1 X113.812 Y115.108 E31.08997
G1 X114.102 Y115.102 E31.09361
G1 X114.216 Y115.11 E31.09504
G1 X114.216 Y115.61 E31.10131
G1 X114.105 Y115.602 E31.10271
G0 F7200 X113.905 Y115.605
G0 X113.979 Y115.406
;TYPE:SKIN
G1 F857.2 X114.02 Y115.364 E31.10308
G0 F7200 X114.184 Y115.364
G1 F1500 E24.60308
G0 F7200 X114.116 Y115.364
G0 X114.102 Y118.121
G1 F1500 E31.10308
G0 F7200 X114.105 Y118.602
;TYPE:WALL-OUTER
G1 F857.2 X113.784 Y118.608 E31.1071
G1 X113.784 Y118.111 E31.11334
G1 X113.811 Y118.108 E31.11368
G1 X114.102 Y118.102 E31.11733
G1 X114.216 Y118.11 E31.11876
G1 X114.216 Y118.61 E31.12503
G1 X114.105 Y118.602 E31.12642
G0 F7200 X113.905 Y118.605
G0 X113.904 Y118.507
G1 F1500 E24.62642
G0 F7200 X113.905 Y118.505
G0 X115.081 Y118.503
G0 X120.919 Y118.503
G0 X122.107 Y118.503
G1 F1500 E31.12642
G0 F7200 X122.105 Y118.602
G1 F857.2 X121.784 Y118.608 E31.13045
G1 X121.784 Y118.111 E31.13668
G1 X121.811 Y118.108 E31.13702
G1 X122.102 Y118.102 E31.14067
G1 X122.216 Y118.11 E31.14211
G1 X122.216 Y118.61 E31.14838
G1 X122.105 Y118.602 E31.14977
G0 F7200 X121.905 Y118.605
G0 X121.904 Y118.507
G1 F1500 E24.64977
G0 F7200 X121.905 Y118.505
G0 X121.797 Y115.595
G1 F1500 E31.14977
G0 F7200 X121.883 Y115.602
G1 F857.2 X121.784 Y115.609 E31.15102
G1 X121.784 Y115.111 E31.15726
G1 X121.91 Y115.102 E31.15885
G1 X122.189 Y115.108 E31.16235
G1 X122.216 Y115.111 E31.16269
G1 X122.216 Y115.608 E31.16892
G1 X121.883 Y115.602 E31.1731
G0 F7200 X121.784 Y115.609
G0 X121.784 Y115.508
G0 X121.978 Y115.326
;TYPE:SKIN
G1 F857.2 X122.006 Y115.298 E31.17334
G0 F7200 X122.008 Y115.205
G1 F1500 E24.67334
G0 F7200 X122.203 Y112.596
G1 F1500 E31.17334
G0 F7200 X122.105 Y112.602
;TYPE:WALL-OUTER
G1 F857.2 X121.784 Y112.608 E31.17737
G1 X121.784 Y112.111 E31.1836
G1 X121.811 Y112.108 E31.18394
G1 X122.102 Y112.102 E31.18759
G1 X122.216 Y112.11 E31.18903
G1 X122.216 Y112.61 E31.1953
G1 X122.105 Y112.602 E31.19669
G0 F7200 X121.905 Y112.605
G0 X121.904 Y112.507
G1 F1500 E24.69669
G0 F7200 X121.905 Y112.505
G0 X121.797 Y109.595
G1 F1500 E31.19669
G0 F7200 X121.883 Y109.602
G1 F857.2 X121.784 Y109.609 E31.19794
G1 X121.784 Y109.111 E31.20418
G1 X121.812 Y109.108 E31.20454
G1 X122.102 Y109.102 E31.20817
G1 X122.216 Y109.11 E31.20961
G1 X122.216 Y109.608 E31.21585
G1 X121.883 Y109.602 E31.22003
G0 F7200 X121.784 Y109.609
G0 X121.784 Y109.508
G0 X121.978 Y109.386
;TYPE:SKIN
G1 F857.2 X122.019 Y109.345 E31.22039
G0 F7200 X122.184 Y109.345
G1 F1500 E24.72039
G0 F7200 X122.116 Y109.345
G0 X128.919 Y109.503
G1 F1500 E31.22039
G0 F7200 X129.883 Y109.602
;TYPE:WALL-OUTER
G1 F857.2 X129.784 Y109.609 E31.22164
G1 X129.784 Y109.111 E31.22788
G1 X129.91 Y109.102 E31.22947
G1 X130.189 Y109.108 E31.23297
G1 X130.216 Y109.111 E31.23331
G1 X130.216 Y109.608 E31.23954
G1 X129.883 Y109.602 E31.24371
G0 F7200 X129.784 Y109.609
G0 X129.784 Y109.508
G0 X129.816 Y109.508
G1 F1500 E24.74371
G0 F7200 X129.881 Y109.503
G0 X129.91 Y112.121
G1 F1500 E31.24371
G0 F7200 X129.883 Y112.602
G1 F857.2 X129.784 Y112.609 E31.24496
G1 X129.784 Y112.111 E31.2512
G1 X129.91 Y112.102 E31.25279
G1 X130.189 Y112.108 E31.25629
G1 X130.216 Y112.111 E31.25663
G1 X130.216 Y112.608 E31.26286
G1 X129.883 Y112.602 E31.26704
G0 F7200 X129.784 Y112.609
G0 X129.784 Y112.508
G0 X129.986 Y112.409
;TYPE:SKIN
G1 F857.2 X130.019 Y112.376 E31.26733
G0 F7200 X130.184 Y112.376
G1 F1500 E24.76733
G0 F7200 X130.116 Y112.376
G0 X129.91 Y115.121
G1 F1500 E31.26733
G0 F7200 X129.883 Y115.602
;TYPE:WALL-OUTER
G1 F857.2 X129.784 Y115.609 E31.26858
G1 X129.784 Y115.111 E31.27482
G1 X129.91 Y115.102 E31.2764
G1 X130.189 Y115.108 E31.2799
G1 X130.216 Y115.111 E31.28024
G1 X130.216 Y115.608 E31.28648
G1 X129.883 Y115.602 E31.29065
G0 F7200 X129.784 Y115.609
G0 X129.784 Y115.508
G0 X129.816 Y115.508
G1 F1500 E24.79065
G0 F7200 X129.881 Y115.503
G0 X130.102 Y118.121
G1 F1500 E31.29065
G0 F7200 X130.105 Y118.602
G1 F857.2 X129.784 Y118.608 E31.29468
G1 X129.784 Y118.111 E31.30091
G1 X129.811 Y118.108 E31.30125
G1 X130.102 Y118.102 E31.3049
G1 X130.216 Y118.11 E31.30634
G1 X130.216 Y118.61 E31.31261
G1 X130.105 Y118.602 E31.314
G0 F7200 X129.905 Y118.605
G0 X129.978 Y118.356
;TYPE:SKIN
G1 F857.2 X130.019 Y118.315 E31.31437
G0 F7200 X130.184 Y118.315
G1 F1500 E24.81437
;MESH:NONMESH
G0 F600 X130.184 Y118.315 Z4.6
G0 F7200 X130.116 Y118.315
G0 X128.919 Y118.124
G0 X123.071 Y114.374
G0 X120.933 Y113.595
G0 X115.081 Y109.596
G0 X114.1 Y109.45
;TIME_ELAPSED:252.496835
;LAYER:22
;TYPE:WALL-OUTER
;MESH:output\B_media_suporte.stl
G1 F1500 E31.31437
G1 F600 X113.9 Y109.45 E31.31687
G1 X113.9 Y109.25 E31.31938
G1 X114.1 Y109.25 E31.32064
G1 X114.1 Y109.45 E31.32189
G0 F7200 X113.9 Y109.45
G1 F1500 E24.82189
G0 F7200 X114 Y109.38
G0 X114 Y112.27
G1 F1500 E31.32189
G0 F7200 X114.1 Y112.45
G1 F600 X113.9 Y112.45 E31.3244
G1 X113.9 Y112.25 E31.32691
G1 X114.1 Y112.25 E31.32816
G1 X114.1 Y112.45 E31.32941
G0 F7200 X113.9 Y112.45
G1 F1500 E24.82941
G0 F7200 X114 Y112.38
G0 X114 Y115.27
G1 F1500 E31.32941
G0 F7200 X114.1 Y115.45
G1 F600 X113.9 Y115.45 E31.33192
G1 X113.9 Y115.25 E31.33443
G1 X114.1 Y115.25 E31.33568
G1 X114.1 Y115.45 E31.33694
G0 F7200 X113.9 Y115.45
G1 F1500 E24.83694
G0 F7200 X114 Y115.38
G0 X114 Y118.27
G1 F1500 E31.33694
G0 F7200 X114.1 Y118.45
G1 F600 X113.9 Y118.45 E31.33945
G1 X113.9 Y118.25 E31.34195
G1 X114.1 Y118.25 E31.34321
G1 X114.1 Y118.45 E31.34446
G0 F7200 X113.9 Y118.45
G1 F1500 E24.84446
G0 F7200 X114 Y118.38
G0 X121.035 Y118.38
G1 F1500 E31.34446
G0 F7200 X122.1 Y118.45
G1 F600 X121.9 Y118.45 E31.34697
G1 X121.9 Y118.25 E31.34948
G1 X122.1 Y118.25 E31.35073
G1 X122.1 Y118.45 E31.35199
G0 F7200 X121.9 Y118.45
G1 F1500 E24.85199
G0 F7200 X122 Y118.38
G0 X122 Y115.43
G1 F1500 E31.35199
G0 F7200 X122.1 Y115.45
G1 F600 X121.9 Y115.45 E31.3545
G1 X121.9 Y115.25 E31.357
G1 X122.1 Y115.25 E31.35826
G1 X122.1 Y115.45 E31.35951
G0 F7200 X121.9 Y115.45
G1 F1500 E24.85951
G0 F7200 X122 Y115.38
G0 X122 Y112.43
G1 F1500 E31.35951
G0 F7200 X122.1 Y112.45
G1 F600 X121.9 Y112.45 E31.36202
G1 X121.9 Y112.25 E31.36453
G1 X122.1 Y112.25 E31.36578
G1 X122.1 Y112.45 E31.36704
G0 F7200 X121.9 Y112.45
G1 F1500 E24.86704
G0 F7200 X122 Y112.38
G0 X122 Y109.43
G1 F1500 E31.36704
G0 F7200 X122.1 Y109.45
G1 F600 X121.9 Y109.45 E31.36954
G1 X121.9 Y109.25 E31.37205
G1 X122.1 Y109.25 E31.37331
G1 X122.1 Y109.45 E31.37456
G0 F7200 X121.9 Y109.45
G1 F1500 E24.87456
G0 F7200 X122 Y109.38
G0 X129.035 Y109.38
G1 F1500 E31.37456
G0 F7200 X130.1 Y109.45
G1 F600 X129.9 Y109.45 E31.37707
G1 X129.9 Y109.25 E31.37958
G1 X130.1 Y109.25 E31.38083
G1 X130.1 Y109.45 E31.38208
G0 F7200 X129.9 Y109.45
G1 F1500 E24.88208
G0 F7200 X130 Y109.38
G0 X130 Y112.27
G1 F1500 E31.38208
G0 F7200 X130.1 Y112.45
G1 F600 X129.9 Y112.45 E31.38459
G1 X129.9 Y112.25 E31.3871
G1 X130.1 Y112.25 E31.38835
G1 X130.1 Y112.45 E31.38961
G0 F7200 X129.9 Y112.45
G1 F1500 E24.88961
G0 F7200 X130 Y112.38
G0 X130 Y115.27
G1 F1500 E31.38961
G0 F7200 X130.1 Y115.45
G1 F600 X129.9 Y115.45 E31.39212
G1 X129.9 Y115.25 E31.39462
G1 X130.1 Y115.25 E31.39588
G1 X130.1 Y115.45 E31.39713
G0 F7200 X129.9 Y115.45
G1 F1500 E24.89713
G0 F7200 X130 Y115.38
G0 X130 Y118.27
G1 F1500 E31.39713
G0 F7200 X130.1 Y118.45
G1 F600 X129.9 Y118.45 E31.39964
G1 X129.9 Y118.25 E31.40215
G1 X130.1 Y118.25 E31.4034
G1 X130.1 Y118.45 E31.40466
G0 F7200 X129.9 Y118.45
G1 F1500 E24.90466
;MESH:NONMESH
G0 F600 X129.9 Y118.45 Z4.8
G0 F7200 X130 Y118.38
G0 X122.953 Y114.397
G0 X121.873 Y113.778
G0 X114.965 Y109.436
G1 F1500 E31.40466
G0 F7200 X114.1 Y109.45
;TIME_ELAPSED:261.234709
;LAYER:23
;TYPE:WALL-OUTER
;MESH:output\B_media_suporte.stl
G1 F600 X113.9 Y109.45 E31.40716
G1 X113.9 Y109.25 E31.40967
G1 X114.1 Y109.25 E31.41093
G1 X114.1 Y109.45 E31.41218
G0 F7200 X113.9 Y109.45
G1 F1500 E24.91218
G0 F7200 X114 Y109.38
G0 X114 Y112.27
G1 F1500 E31.41218
G0 F7200 X114.1 Y112.45
G1 F600 X113.9 Y112.45 E31.41469
G1 X113.9 Y112.25 E31.4172
G1 X114.1 Y112.25 E31.41845
G1 X114.1 Y112.45 E31.41971
G0 F7200 X113.9 Y112.45
G1 F1500 E24.91971
G0 F7200 X114 Y112.38
G0 X114 Y115.27
G1 F1500 E31.41971
G0 F7200 X114.1 Y115.45
G1 F600 X113.9 Y115.45 E31.42221
G1 X113.9 Y115.25 E31.42472
G1 X114.1 Y115.25 E31.42598
G1 X114.1 Y115.45 E31.42723
G0 F7200 X113.9 Y115.45
G0 X114 Y115.38
G0 X114 Y118.27
G0 X114.1 Y118.45
G1 F600 X113.9 Y118.45 E31.42974
G1 X113.9 Y118.25 E31.43225
G1 X114.1 Y118.25 E31.4335
G1 X114.1 Y118.45 E31.43475
G0 F7200 X113.9 Y118.45
G0 X114 Y118.38
G0 X121.035 Y118.38
G0 X122.1 Y118.45
G1 F600 X121.9 Y118.45 E31.43726
G1 X121.9 Y118.25 E31.43977
G1 X122.1 Y118.25 E31.44102
G1 X122.1 Y118.45 E31.44228
G0 F7200 X121.9 Y118.45
G0 X122 Y118.38
G0 X122 Y115.43
G0 X122.1 Y115.45
G1 F600 X121.9 Y115.45 E31.44479
G1 X121.9 Y115.25 E31.44729
G1 X122.1 Y115.25 E31.44855
G1 X122.1 Y115.45 E31.4498
G0 F7200 X121.9 Y115.45
G0 X122 Y115.38
G0 X122 Y112.43
G0 X122.1 Y112.45
G1 F600 X121.9 Y112.45 E31.45231
G1 X121.9 Y112.25 E31.45482
G1 X122.1 Y112.25 E31.45607
G1 X122.1 Y112.45 E31.45733
G0 F7200 X121.9 Y112.45
G0 X122 Y112.38
G0 X122 Y109.43
G0 X122.1 Y109.45
G1 F600 X121.9 Y109.45 E31.45983
G1 X121.9 Y109.25 E31.46234
G1 X122.1 Y109.25 E31.4636
G1 X122.1 Y109.45 E31.46485
G0 F7200 X121.9 Y109.45
G1 F1500 E24.96485
G0 F7200 X122 Y109.38
G0 X129.035 Y109.38
G1 F1500 E31.46485
G0 F7200 X130.1 Y109.45
G1 F600 X129.9 Y109.45 E31.46736
G1 X129.9 Y109.25 E31.46987
G1 X130.1 Y109.25 E31.47112
G1 X130.1 Y109.45 E31.47237
G0 F7200 X129.9 Y109.45
G0 X130 Y109.38
G0 X130 Y112.27
G0 X130.1 Y112.45
G1 F600 X129.9 Y112.45 E31.47488
G1 X129.9 Y112.25 E31.47739
G1 X130.1 Y112.25 E31.47864
G1 X130.1 Y112.45 E31.4799
G0 F7200 X129.9 Y112.45
G0 X130 Y112.38
G0 X130 Y115.27
G0 X130.1 Y115.45
G1 F600 X129.9 Y115.45 E31.48241
G1 X129.9 Y115.25 E31.48491
G1 X130.1 Y115.25 E31.48617
G1 X130.1 Y115.45 E31.48742
G0 F7200 X129.9 Y115.45
G0 X130 Y115.38
G0 X130 Y118.27
G0 X130.1 Y118.45
G1 F600 X129.9 Y118.45 E31.48993
G1 X129.9 Y118.25 E31.49244
G1 X130.1 Y118.25 E31.49369
G1 X130.1 Y118.45 E31.49495
G0 F7200 X129.9 Y118.45
;MESH:NONMESH
G0 F600 X129.9 Y118.45 Z5
G0 F7200 X130 Y118.38
G0 X122.953 Y114.397
G0 X121.873 Y113.778
G0 X114.965 Y109.436
G0 X114.104 Y109.602
;TIME_ELAPSED:264.921593
;LAYER:24
;TYPE:WALL-OUTER
;MESH:output\B_media_suporte.stl
G1 F858.7 X113.783 Y109.608 E31.49897
G1 X113.782 Y109.111 E31.50521
G1 X113.812 Y109.108 E31.50558
G1 X114.092 Y109.102 E31.5091
G1 X114.217 Y109.111 E31.51067
G1 X114.218 Y109.609 E31.51691
G1 X114.104 Y109.602 E31.51835
G0 F7200 X113.904 Y109.605
G0 X113.903 Y109.507
G0 X113.904 Y109.505
G0 X114.092 Y112.121
G0 X114.104 Y112.602
G1 F858.7 X113.783 Y112.609 E31.52237
G1 X113.782 Y112.111 E31.52862
G1 X113.812 Y112.108 E31.52899
G1 X114.092 Y112.102 E31.53251
G1 X114.217 Y112.111 E31.53408
G1 X114.218 Y112.609 E31.54032
G1 X114.104 Y112.602 E31.54176
G0 F7200 X113.904 Y112.606
G0 X113.902 Y112.507
G1 F1500 E25.04176
G0 F7200 X113.903 Y112.506
G0 X114.092 Y115.121
G1 F1500 E31.54176
G0 F7200 X114.104 Y115.602
G1 F858.7 X113.783 Y115.609 E31.54578
G1 X113.782 Y115.111 E31.55203
G1 X113.812 Y115.108 E31.55241
G1 X114.092 Y115.102 E31.55592
G1 X114.217 Y115.111 E31.55749
G1 X114.218 Y115.609 E31.56373
G1 X114.104 Y115.602 E31.56517
G0 F7200 X113.904 Y115.606
G0 X113.902 Y115.507
G0 X113.903 Y115.506
G0 X114.092 Y118.121
G0 X114.104 Y118.602
G1 F858.7 X113.783 Y118.609 E31.56919
G1 X113.782 Y118.111 E31.57544
G1 X113.812 Y118.108 E31.57582
G1 X114.092 Y118.102 E31.57933
G1 X114.217 Y118.111 E31.5809
G1 X114.218 Y118.609 E31.58715
G1 X114.104 Y118.602 E31.58858
G0 F7200 X113.904 Y118.606
G0 X113.902 Y118.507
G1 F1500 E25.08858
G0 F7200 X113.903 Y118.506
G0 X115.082 Y118.593
G0 X120.918 Y118.582
G0 X122.105 Y118.503
G1 F1500 E31.58858
G0 F7200 X122.104 Y118.602
G1 F858.7 X121.783 Y118.609 E31.5926
G1 X121.782 Y118.111 E31.59885
G1 X121.812 Y118.108 E31.59923
G1 X122.092 Y118.102 E31.60274
G1 X122.217 Y118.111 E31.60431
G1 X122.218 Y118.609 E31.61056
G1 X122.104 Y118.602 E31.61199
G0 F7200 X121.904 Y118.606
G0 X122.021 Y118.344
;TYPE:SKIN
G1 F858.7 X121.975 Y118.298 E31.6124
G0 F7200 X121.817 Y118.298
G0 X121.883 Y118.299
G0 X122.005 Y115.585
G0 X121.896 Y115.602
;TYPE:WALL-OUTER
G1 F858.7 X121.783 Y115.609 E31.61382
G1 X121.782 Y115.111 E31.62006
G1 X121.908 Y115.102 E31.62165
G1 X122.189 Y115.108 E31.62517
G1 X122.217 Y115.111 E31.62552
G1 X122.218 Y115.609 E31.63177
G1 X121.896 Y115.602 E31.63581
G0 F7200 X121.783 Y115.609
G0 X121.783 Y115.522
G0 X121.817 Y115.522
G0 X121.882 Y115.502
G0 X122.205 Y112.589
G0 X122.104 Y112.602
G1 F858.7 X121.783 Y112.609 E31.63983
G1 X121.782 Y112.111 E31.64608
G1 X121.812 Y112.108 E31.64646
G1 X122.092 Y112.102 E31.64997
G1 X122.217 Y112.111 E31.65154
G1 X122.218 Y112.609 E31.65779
G1 X122.104 Y112.602 E31.65922
G0 F7200 X121.904 Y112.606
G0 X122.022 Y112.405
;TYPE:SKIN
G1 F858.7 X121.976 Y112.359 E31.65963
G0 F7200 X121.817 Y112.359
G1 F1500 E25.15963
G0 F7200 X121.883 Y112.36
G0 X122.005 Y109.585
G1 F1500 E31.65963
G0 F7200 X121.896 Y109.602
;TYPE:WALL-OUTER
G1 F858.7 X121.783 Y109.609 E31.66105
G1 X121.782 Y109.111 E31.66729
G1 X121.812 Y109.108 E31.66767
G1 X122.092 Y109.102 E31.67118
G1 X122.217 Y109.111 E31.67275
G1 X122.218 Y109.609 E31.679
G1 X121.896 Y109.602 E31.68304
G0 F7200 X121.783 Y109.609
G0 X121.783 Y109.522
G0 X121.817 Y109.522
G1 F1500 E25.18304
G0 F7200 X121.882 Y109.502
G0 X123.082 Y109.516
G0 X128.918 Y109.505
G1 F1500 E31.68304
G0 F7200 X129.896 Y109.602
G1 F858.7 X129.783 Y109.609 E31.68446
G1 X129.782 Y109.111 E31.6907
G1 X129.908 Y109.102 E31.69229
G1 X130.189 Y109.108 E31.69581
G1 X130.217 Y109.111 E31.69616
G1 X130.218 Y109.609 E31.70241
G1 X129.896 Y109.602 E31.70645
G0 F7200 X129.783 Y109.609
G0 X129.783 Y109.522
G0 X129.976 Y109.328
;TYPE:SKIN
G1 F858.7 X130.022 Y109.374 E31.70686
G0 F7200 X130.183 Y109.374
G1 F1500 E25.20686
G0 F7200 X130.117 Y109.373
G0 X129.908 Y112.121
G1 F1500 E31.70686
G0 F7200 X129.896 Y112.602
;TYPE:WALL-OUTER
G1 F858.7 X129.783 Y112.609 E31.70827
G1 X129.782 Y112.111 E31.71452
G1 X129.908 Y112.102 E31.7161
G1 X130.189 Y112.108 E31.71963
G1 X130.217 Y112.111 E31.71998
G1 X130.218 Y112.609 E31.72623
G1 X129.896 Y112.602 E31.73027
G0 F7200 X129.783 Y112.609
G0 X129.783 Y112.522
G0 X129.817 Y112.522
G1 F1500 E25.23027
G0 F7200 X129.882 Y112.502
G0 X129.908 Y115.121
G1 F1500 E31.73027
G0 F7200 X129.896 Y115.602
G1 F858.7 X129.783 Y115.609 E31.73169
G1 X129.782 Y115.111 E31.73793
G1 X129.908 Y115.102 E31.73952
G1 X130.189 Y115.108 E31.74304
G1 X130.217 Y115.111 E31.74339
G1 X130.218 Y115.609 E31.74964
G1 X129.896 Y115.602 E31.75368
G0 F7200 X129.783 Y115.609
G0 X129.783 Y115.522
G0 X129.817 Y115.522
G0 X129.882 Y115.502
G0 X130.092 Y118.121
G0 X130.104 Y118.602
G1 F858.7 X129.783 Y118.609 E31.7577
G1 X129.782 Y118.111 E31.76395
G1 X129.812 Y118.108 E31.76433
G1 X130.092 Y118.102 E31.76784
G1 X130.217 Y118.111 E31.76941
G1 X130.218 Y118.609 E31.77566
G1 X130.104 Y118.602 E31.77709
G0 F7200 X129.904 Y118.606
G0 X130.005 Y118.408
;TYPE:SKIN
G1 F858.7 X129.976 Y118.38 E31.77734
G0 F7200 X129.817 Y118.38
G1 F1500 E25.27734
;MESH:NONMESH
G0 F600 X129.817 Y118.38 Z5.2
G0 F7200 X129.883 Y118.381
G0 X123.071 Y114.374
G0 X120.933 Y113.594
G0 X115.082 Y109.593
G0 X113.883 Y109.538
G1 F1500 E31.77734
G0 F7200 X113.675 Y109.62
;TIME_ELAPSED:271.448696
;LAYER:25
;TYPE:WALL-OUTER
;MESH:output\B_media_suporte.stl
G1 F1395.7 X113.565 Y109.637 E31.77874
G1 X113.564 Y109.142 E31.78494
G1 X113.731 Y109.116 E31.78706
G1 X113.812 Y109.108 E31.78808
G1 X114.092 Y109.102 E31.7916
G1 X114.188 Y109.108 E31.7928
G1 X114.269 Y109.116 E31.79382
G1 X114.435 Y109.142 E31.79593
G1 X114.436 Y109.637 E31.80214
G1 X114.325 Y109.62 E31.80355
G1 X114.216 Y109.609 E31.80492
G1 X114.104 Y109.602 E31.80633
G1 X113.788 Y109.608 E31.81029
G1 X113.675 Y109.62 E31.81172
G0 F7200 X113.565 Y109.637
G0 X113.565 Y109.548
G0 X113.81 Y109.352
;TYPE:SKIN
G1 F1395.7 X114.09 Y109.354 E31.81356
G0 F7200 X114.15 Y109.204
G1 F1500 E25.31356
G0 F7200 X114.15 Y109.206
G0 X113.813 Y112.127
G1 F1500 E31.81356
G0 F7200 X113.675 Y112.62
;TYPE:WALL-OUTER
G1 F1395.7 X113.565 Y112.637 E31.81495
G1 X113.564 Y112.142 E31.82116
G1 X113.731 Y112.116 E31.82328
G1 X113.812 Y112.108 E31.8243
G1 X114.092 Y112.102 E31.82781
G1 X114.188 Y112.108 E31.82902
G1 X114.269 Y112.116 E31.83004
G1 X114.435 Y112.142 E31.83215
G1 X114.435 Y112.637 E31.83836
G1 X114.325 Y112.62 E31.83975
G1 X114.216 Y112.609 E31.84113
G1 X114.104 Y112.602 E31.84253
G1 X113.788 Y112.608 E31.8465
G1 X113.675 Y112.62 E31.84792
G0 F7200 X113.565 Y112.637
G0 X113.565 Y112.548
G0 X113.918 Y112.355
;TYPE:SKIN
G1 F1395.7 X114.192 Y112.363 E31.84974
G0 F7200 X114.038 Y112.504
G1 F1500 E25.34974
G0 F7200 X114.039 Y112.503
G0 X113.813 Y115.127
G1 F1500 E31.84974
G0 F7200 X113.675 Y115.62
;TYPE:WALL-OUTER
G1 F1395.7 X113.565 Y115.637 E31.85114
G1 X113.564 Y115.142 E31.85734
G1 X113.731 Y115.116 E31.85946
G1 X113.812 Y115.108 E31.86048
G1 X114.092 Y115.102 E31.864
G1 X114.188 Y115.108 E31.8652
G1 X114.269 Y115.116 E31.86622
G1 X114.435 Y115.142 E31.86833
G1 X114.436 Y115.637 E31.87454
G1 X114.325 Y115.62 E31.87595
G1 X114.216 Y115.609 E31.87732
G1 X114.104 Y115.602 E31.87873
G1 X113.788 Y115.608 E31.88269
G1 X113.675 Y115.62 E31.88412
G0 F7200 X113.565 Y115.637
G0 X113.565 Y115.548
G0 X113.778 Y115.323
;TYPE:SKIN
G1 F1395.7 X114.032 Y115.352 E31.88547
G0 F7200 X114.087 Y115.202
G1 F1500 E25.38547
G0 F7200 X114.086 Y115.203
G0 X113.813 Y118.127
G1 F1500 E31.88547
G0 F7200 X113.675 Y118.62
;TYPE:WALL-OUTER
G1 F1395.7 X113.565 Y118.637 E31.88686
G1 X113.564 Y118.142 E31.89307
G1 X113.731 Y118.116 E31.89519
G1 X113.812 Y118.108 E31.89621
G1 X114.092 Y118.102 E31.89972
G1 X114.188 Y118.108 E31.90093
G1 X114.269 Y118.116 E31.90195
G1 X114.435 Y118.142 E31.90406
G1 X114.436 Y118.637 E31.91026
G1 X114.325 Y118.62 E31.91167
G1 X114.216 Y118.609 E31.91305
G1 X114.104 Y118.602 E31.91445
G1 X113.788 Y118.608 E31.91842
G1 X113.675 Y118.62 E31.91984
G0 F7200 X113.565 Y118.637
G0 X113.565 Y118.548
G0 X113.857 Y118.356
;TYPE:SKIN
G1 F1395.7 X114.141 Y118.354 E31.92174
G0 F7200 X114.193 Y118.206
G1 F1500 E25.42174
G0 F7200 X114.193 Y118.209
G0 X115.3 Y118.534
G0 X120.7 Y118.524
G1 F1500 E31.92174
G0 F7200 X121.675 Y118.62
;TYPE:WALL-OUTER
G1 F1395.7 X121.565 Y118.637 E31.92314
G1 X121.564 Y118.142 E31.92935
G1 X121.731 Y118.116 E31.93146
G1 X121.812 Y118.108 E31.93249
G1 X122.092 Y118.102 E31.936
G1 X122.188 Y118.108 E31.9372
G1 X122.269 Y118.116 E31.93822
G1 X122.435 Y118.142 E31.94033
G1 X122.436 Y118.637 E31.94654
G1 X122.325 Y118.62 E31.94795
G1 X122.216 Y118.609 E31.94932
G1 X122.104 Y118.602 E31.95073
G1 X121.788 Y118.608 E31.95469
G1 X121.675 Y118.62 E31.95612
G0 F7200 X121.565 Y118.637
G0 X121.565 Y118.548
G0 X121.794 Y118.338
;TYPE:SKIN
G1 F1395.7 X122.062 Y118.353 E31.95772
G0 F7200 X122.112 Y118.203
G1 F1500 E25.45772
G0 F7200 X121.577 Y115.622
G1 F1500 E31.95772
G0 F7200 X121.675 Y115.62
;TYPE:WALL-OUTER
G1 F1395.7 X121.565 Y115.637 E31.95912
G1 X121.564 Y115.142 E31.96533
G1 X121.731 Y115.116 E31.96745
G1 X121.812 Y115.108 E31.96847
G1 X121.908 Y115.102 E31.96967
G1 X122.189 Y115.108 E31.9732
G1 X122.269 Y115.116 E31.97421
G1 X122.435 Y115.142 E31.97631
G1 X122.436 Y115.637 E31.98252
G1 X122.325 Y115.62 E31.98393
G1 X122.212 Y115.608 E31.98535
G1 X121.896 Y115.602 E31.98932
G1 X121.784 Y115.609 E31.99073
G1 X121.675 Y115.62 E31.9921
G0 F7200 X121.565 Y115.637
G0 X121.565 Y115.548
G0 X121.951 Y115.352
;TYPE:SKIN
G1 F1395.7 X122.207 Y115.379 E31.99362
G0 F7200 X122.032 Y115.504
G1 F1500 E25.49362
G0 F7200 X121.577 Y112.622
G1 F1500 E31.99362
G0 F7200 X121.675 Y112.62
;TYPE:WALL-OUTER
G1 F1395.7 X121.565 Y112.637 E31.99502
G1 X121.564 Y112.142 E32.00122
G1 X121.731 Y112.116 E32.00334
G1 X121.812 Y112.108 E32.00436
G1 X122.092 Y112.102 E32.00787
G1 X122.188 Y112.108 E32.00908
G1 X122.269 Y112.116 E32.0101
G1 X122.435 Y112.142 E32.01221
G1 X122.435 Y112.637 E32.01842
G1 X122.325 Y112.62 E32.01981
G1 X122.216 Y112.609 E32.02119
G1 X122.104 Y112.602 E32.02259
G1 X121.788 Y112.608 E32.02656
G1 X121.675 Y112.62 E32.02798
G0 F7200 X121.565 Y112.637
G0 X121.565 Y112.548
G0 X121.836 Y112.356
;TYPE:SKIN
G1 F1395.7 X122.121 Y112.354 E32.02992
G0 F7200 X122.173 Y112.205
G1 F1500 E25.52992
G0 F7200 X122.18 Y112.208
G0 X121.577 Y109.622
G1 F1500 E32.02992
G0 F7200 X121.675 Y109.62
;TYPE:WALL-OUTER
G1 F1395.7 X121.565 Y109.637 E32.03132
G1 X121.564 Y109.142 E32.03752
G1 X121.731 Y109.116 E32.03964
G1 X121.812 Y109.108 E32.04066
G1 X122.092 Y109.102 E32.04417
G1 X122.188 Y109.108 E32.04538
G1 X122.269 Y109.116 E32.0464
G1 X122.435 Y109.142 E32.04851
G1 X122.436 Y109.637 E32.05472
G1 X122.325 Y109.62 E32.05612
G1 X122.212 Y109.608 E32.05755
G1 X121.896 Y109.602 E32.06151
G1 X121.784 Y109.609 E32.06292
G1 X121.675 Y109.62 E32.06429
G0 F7200 X121.565 Y109.637
G0 X121.565 Y109.548
G0 X121.956 Y109.408
;TYPE:SKIN
G1 F1395.7 X122.067 Y109.297 E32.06528
G0 F7200 X122.076 Y109.206
G1 F1500 E25.56528
G0 F7200 X123.3 Y109.534
G0 X128.7 Y109.524
G1 F1500 E32.06528
G0 F7200 X129.675 Y109.62
;TYPE:WALL-OUTER
G1 F1395.7 X129.565 Y109.637 E32.06667
G1 X129.564 Y109.142 E32.07288
G1 X129.731 Y109.116 E32.075
G1 X129.812 Y109.108 E32.07602
G1 X129.908 Y109.102 E32.07723
G1 X130.189 Y109.108 E32.08075
G1 X130.269 Y109.116 E32.08176
G1 X130.435 Y109.142 E32.08387
G1 X130.436 Y109.637 E32.09008
G1 X130.325 Y109.62 E32.09148
G1 X130.212 Y109.608 E32.09291
G1 X129.896 Y109.602 E32.09687
G1 X129.784 Y109.609 E32.09828
G1 X129.675 Y109.62 E32.09965
G0 F7200 X129.565 Y109.637
G0 X129.565 Y109.548
G0 X129.931 Y109.352
;TYPE:SKIN
G1 F1395.7 X130.197 Y109.369 E32.10136
G0 F7200 X130.031 Y109.504
G1 F1500 E25.60136
G0 F7200 X129.813 Y112.127
G1 F1500 E32.10136
G0 F7200 X129.675 Y112.62
;TYPE:WALL-OUTER
G1 F1395.7 X129.565 Y112.637 E32.10275
G1 X129.564 Y112.142 E32.10896
G1 X129.731 Y112.116 E32.11108
G1 X129.812 Y112.108 E32.1121
G1 X129.908 Y112.102 E32.11331
G1 X130.189 Y112.108 E32.11683
G1 X130.269 Y112.116 E32.11784
G1 X130.435 Y112.142 E32.11995
G1 X130.435 Y112.637 E32.12615
G1 X130.325 Y112.62 E32.12755
G1 X130.212 Y112.608 E32.12897
G1 X129.896 Y112.602 E32.13294
G1 X129.784 Y112.609 E32.13434
G1 X129.675 Y112.62 E32.13572
G0 F7200 X129.565 Y112.637
G0 X129.565 Y112.548
G0 X129.784 Y112.328
;TYPE:SKIN
G1 F1395.7 X130.04 Y112.355 E32.13712
G0 F7200 X130.096 Y112.206
G1 F1500 E25.63712
G0 F7200 X129.813 Y115.127
G1 F1500 E32.13712
G0 F7200 X129.675 Y115.62
;TYPE:WALL-OUTER
G1 F1395.7 X129.565 Y115.637 E32.13852
G1 X129.564 Y115.142 E32.14472
G1 X129.731 Y115.116 E32.14684
G1 X129.812 Y115.108 E32.14786
G1 X129.908 Y115.102 E32.14907
G1 X130.189 Y115.108 E32.15259
G1 X130.269 Y115.116 E32.1536
G1 X130.435 Y115.142 E32.15571
G1 X130.436 Y115.637 E32.16192
G1 X130.325 Y115.62 E32.16332
G1 X130.212 Y115.608 E32.16475
G1 X129.896 Y115.602 E32.16871
G1 X129.784 Y115.609 E32.17012
G1 X129.675 Y115.62 E32.17149
G0 F7200 X129.565 Y115.637
G0 X129.565 Y115.548
G0 X129.869 Y115.354
;TYPE:SKIN
G1 F1395.7 X130.149 Y115.358 E32.17344
G0 F7200 X130.187 Y115.208
G1 F1500 E25.67344
G0 F7200 X129.813 Y118.127
G1 F1500 E32.17344
G0 F7200 X129.675 Y118.62
;TYPE:WALL-OUTER
G1 F1395.7 X129.565 Y118.637 E32.17483
G1 X129.564 Y118.142 E32.18104
G1 X129.731 Y118.116 E32.18316
G1 X129.812 Y118.108 E32.18418
G1 X130.092 Y118.102 E32.18769
G1 X130.188 Y118.108 E32.1889
G1 X130.269 Y118.116 E32.18992
G1 X130.435 Y118.142 E32.19203
G1 X130.436 Y118.637 E32.19824
G1 X130.325 Y118.62 E32.19964
G1 X130.216 Y118.609 E32.20102
G1 X130.104 Y118.602 E32.20242
G1 X129.788 Y118.608 E32.20639
G1 X129.675 Y118.62 E32.20781
G0 F7200 X129.565 Y118.637
G0 X129.565 Y118.548
G0 X129.981 Y118.353
;TYPE:SKIN
G1 F1395.7 X130.222 Y118.395 E32.20911
G0 F7200 X130.033 Y118.203
G1 F1500 E25.70911
;MESH:NONMESH
G0 F600 X130.033 Y118.203 Z5.4
G0 F7200 X130.032 Y118.204
G0 X128.699 Y118.156
G0 X123.29 Y114.481
G0 X120.717 Y113.729
G0 X115.3 Y109.62
G0 X113.665 Y109.562
G1 F1500 E32.20911
G0 F7200 X113.459 Y109.653
;TIME_ELAPSED:280.847504
;LAYER:26
;TYPE:WALL-OUTER
;MESH:output\B_media_suporte.stl
G1 F1800 X113.355 Y109.681 E32.21047
G1 X113.354 Y109.195 E32.21656
G1 X113.537 Y109.146 E32.21894
G1 X113.731 Y109.116 E32.2214
G1 X113.812 Y109.108 E32.22242
G1 X114.091 Y109.102 E32.22592
G1 X114.224 Y109.111 E32.22759
G1 X114.369 Y109.13 E32.22942
G1 X114.455 Y109.144 E32.23052
G1 X114.645 Y109.195 E32.23298
G1 X114.646 Y109.681 E32.23908
G1 X114.541 Y109.653 E32.24044
G1 X114.324 Y109.619 E32.24319
G1 X114.104 Y109.602 E32.24596
G1 X113.788 Y109.608 E32.24993
G1 X113.675 Y109.62 E32.25135
G1 X113.459 Y109.653 E32.25409
G0 F7200 X113.355 Y109.681
G0 X113.355 Y109.588
G0 X113.623 Y109.38
;TYPE:SKIN
G1 F1800 X113.881 Y109.356 E32.25542
G1 X114.165 Y109.356 E32.25689
G0 F7200 X114.198 Y109.511
G1 F1500 E25.75689
G0 F7200 X114.198 Y109.509
G0 X113.733 Y112.135
G1 F1500 E32.25689
G0 F7200 X113.459 Y112.653
;TYPE:WALL-OUTER
G1 F1800 X113.355 Y112.681 E32.25824
G1 X113.354 Y112.195 E32.26433
G1 X113.537 Y112.146 E32.26671
G1 X113.731 Y112.116 E32.26917
G1 X113.812 Y112.108 E32.27019
G1 X114.091 Y112.102 E32.27369
G1 X114.224 Y112.111 E32.27536
G1 X114.369 Y112.13 E32.27719
G1 X114.455 Y112.144 E32.27829
G1 X114.645 Y112.195 E32.28075
G1 X114.645 Y112.681 E32.28685
G1 X114.541 Y112.653 E32.2882
G1 X114.324 Y112.619 E32.29095
G1 X114.104 Y112.602 E32.29372
G1 X113.788 Y112.608 E32.29768
G1 X113.675 Y112.62 E32.29911
G1 X113.459 Y112.653 E32.30185
G0 F7200 X113.355 Y112.681
G0 X113.355 Y112.588
G0 X113.776 Y112.362
;TYPE:SKIN
G1 F1800 X114.05 Y112.353 E32.30324
G1 X114.355 Y112.375 E32.3048
G0 F7200 X114.365 Y112.534
G1 F1500 E25.8048
G0 F7200 X114.367 Y112.525
G0 X113.733 Y115.135
G1 F1500 E32.3048
G0 F7200 X113.459 Y115.653
;TYPE:WALL-OUTER
G1 F1800 X113.355 Y115.681 E32.30615
G1 X113.354 Y115.195 E32.31224
G1 X113.537 Y115.146 E32.31462
G1 X113.731 Y115.116 E32.31708
G1 X113.812 Y115.108 E32.3181
G1 X114.091 Y115.102 E32.3216
G1 X114.224 Y115.111 E32.32327
G1 X114.369 Y115.13 E32.32511
G1 X114.455 Y115.144 E32.3262
G1 X114.645 Y115.195 E32.32867
G1 X114.646 Y115.681 E32.33476
G1 X114.541 Y115.653 E32.33612
G1 X114.324 Y115.619 E32.33888
G1 X114.104 Y115.602 E32.34165
G1 X113.788 Y115.608 E32.34561
G1 X113.675 Y115.62 E32.34703
G1 X113.459 Y115.653 E32.34977
G0 F7200 X113.355 Y115.681
G0 X113.355 Y115.588
G0 X113.675 Y115.372
;TYPE:SKIN
G1 F1800 X113.939 Y115.353 E32.35113
G1 X114.229 Y115.36 E32.35262
G0 F7200 X114.262 Y115.519
G1 F1500 E25.85262
G0 F7200 X114.262 Y115.514
G0 X113.733 Y118.135
G1 F1500 E32.35262
G0 F7200 X113.459 Y118.653
;TYPE:WALL-OUTER
G1 F1800 X113.355 Y118.681 E32.35397
G1 X113.354 Y118.195 E32.36007
G1 X113.537 Y118.146 E32.36244
G1 X113.731 Y118.116 E32.3649
G1 X113.812 Y118.108 E32.36592
G1 X114.091 Y118.102 E32.36942
G1 X114.224 Y118.111 E32.3711
G1 X114.369 Y118.13 E32.37293
G1 X114.455 Y118.144 E32.37402
G1 X114.645 Y118.195 E32.37649
G1 X114.646 Y118.681 E32.38258
G1 X114.541 Y118.653 E32.38395
G1 X114.324 Y118.619 E32.3867
G1 X114.104 Y118.602 E32.38947
G1 X113.788 Y118.608 E32.39343
G1 X113.675 Y118.62 E32.39486
G1 X113.459 Y118.653 E32.3976
G0 F7200 X113.355 Y118.681
G0 X113.355 Y118.588
G0 X113.584 Y118.392
;TYPE:SKIN
G1 F1800 X113.832 Y118.357 E32.39862
G1 X114.407 Y118.367 E32.40096
G0 F7200 X114.26 Y118.212
G1 F1500 E25.90096
G0 F7200 X114.258 Y118.216
G0 X115.51 Y118.569
G0 X120.49 Y118.56
G1 F1500 E32.40096
G0 F7200 X121.459 Y118.653
;TYPE:WALL-OUTER
G1 F1800 X121.355 Y118.681 E32.40231
G1 X121.354 Y118.195 E32.40841
G1 X121.537 Y118.146 E32.41078
G1 X121.731 Y118.116 E32.41324
G1 X121.812 Y118.108 E32.41426
G1 X122.091 Y118.102 E32.41776
G1 X122.224 Y118.111 E32.41943
G1 X122.369 Y118.13 E32.42127
G1 X122.455 Y118.144 E32.42236
G1 X122.645 Y118.195 E32.42483
G1 X122.646 Y118.681 E32.43092
G1 X122.541 Y118.653 E32.43229
G1 X122.324 Y118.619 E32.43504
G1 X122.104 Y118.602 E32.43781
G1 X121.788 Y118.608 E32.44177
G1 X121.675 Y118.62 E32.4432
G1 X121.459 Y118.653 E32.44594
G0 F7200 X121.355 Y118.681
G0 X121.355 Y118.588
G0 X121.758 Y118.364
;TYPE:SKIN
G1 F1800 X122.029 Y118.352 E32.44731
G1 X122.332 Y118.372 E32.44884
G0 F7200 X122.373 Y118.536
G1 F1500 E25.94884
G0 F7200 X122.375 Y118.526
G0 X121.367 Y115.666
G1 F1500 E32.44884
G0 F7200 X121.458 Y115.653
;TYPE:WALL-OUTER
G1 F1800 X121.355 Y115.681 E32.45018
G1 X121.354 Y115.195 E32.45627
G1 X121.537 Y115.146 E32.45865
G1 X121.731 Y115.116 E32.46111
G1 X121.909 Y115.102 E32.46335
G1 X122.189 Y115.108 E32.46686
G1 X122.269 Y115.116 E32.46787
G1 X122.464 Y115.146 E32.47035
G1 X122.645 Y115.195 E32.4727
G1 X122.646 Y115.681 E32.47879
G1 X122.541 Y115.653 E32.48015
G1 X122.325 Y115.62 E32.48289
G1 X122.212 Y115.608 E32.48432
G1 X121.895 Y115.602 E32.4883
G1 X121.743 Y115.612 E32.49021
G1 X121.576 Y115.634 E32.49232
G1 X121.458 Y115.653 E32.49382
G0 F7200 X121.355 Y115.681
G0 X121.355 Y115.587
G0 X121.605 Y115.383
;TYPE:SKIN
G1 F1800 X121.861 Y115.356 E32.49481
G1 X122.426 Y115.355 E32.49697
G0 F7200 X122.263 Y115.209
G1 F1500 E25.99697
G0 F7200 X122.262 Y115.215
G0 X121.367 Y112.666
G1 F1500 E32.49697
G0 F7200 X121.459 Y112.653
;TYPE:WALL-OUTER
G1 F1800 X121.355 Y112.681 E32.49833
G1 X121.354 Y112.195 E32.50442
G1 X121.537 Y112.146 E32.5068
G1 X121.731 Y112.116 E32.50926
G1 X121.812 Y112.108 E32.51028
G1 X122.091 Y112.102 E32.51378
G1 X122.224 Y112.111 E32.51545
G1 X122.369 Y112.13 E32.51728
G1 X122.455 Y112.144 E32.51838
G1 X122.645 Y112.195 E32.52084
G1 X122.645 Y112.681 E32.52694
G1 X122.541 Y112.653 E32.52829
G1 X122.324 Y112.619 E32.53104
G1 X122.104 Y112.602 E32.53381
G1 X121.788 Y112.608 E32.53777
G1 X121.675 Y112.62 E32.5392
G1 X121.459 Y112.653 E32.54194
G0 F7200 X121.355 Y112.681
G0 X121.355 Y112.588
G0 X121.703 Y112.369
;TYPE:SKIN
G1 F1800 X121.97 Y112.354 E32.5433
G1 X122.263 Y112.364 E32.5448
G0 F7200 X122.296 Y112.524
G1 F1500 E26.0448
G0 F7200 X122.296 Y112.517
G0 X121.367 Y109.666
G1 F1500 E32.5448
G0 F7200 X121.459 Y109.653
;TYPE:WALL-OUTER
G1 F1800 X121.355 Y109.681 E32.54615
G1 X121.354 Y109.195 E32.55224
G1 X121.537 Y109.146 E32.55462
G1 X121.731 Y109.116 E32.55708
G1 X121.812 Y109.108 E32.5581
G1 X122.091 Y109.102 E32.5616
G1 X122.224 Y109.111 E32.56327
G1 X122.369 Y109.13 E32.56511
G1 X122.455 Y109.144 E32.5662
G1 X122.645 Y109.195 E32.56867
G1 X122.646 Y109.681 E32.57476
G1 X122.541 Y109.653 E32.57612
G1 X122.325 Y109.62 E32.57886
G1 X122.212 Y109.608 E32.58029
G1 X121.895 Y109.602 E32.58427
G1 X121.745 Y109.612 E32.58615
G1 X121.674 Y109.62 E32.58705
G1 X121.459 Y109.653 E32.58977
G0 F7200 X121.355 Y109.681
G0 X121.355 Y109.588
G0 X121.572 Y109.409
;TYPE:SKIN
G1 F1800 X121.804 Y109.359 E32.59074
G1 X122.39 Y109.379 E32.59313
G0 F7200 X122.269 Y109.21
G1 F1500 E26.09313
G0 F7200 X122.266 Y109.217
G0 X123.51 Y109.569
G0 X128.49 Y109.56
G1 F1500 E32.59313
G0 F7200 X129.459 Y109.653
;TYPE:WALL-OUTER
G1 F1800 X129.355 Y109.681 E32.59448
G1 X129.354 Y109.195 E32.60058
G1 X129.537 Y109.146 E32.60295
G1 X129.731 Y109.116 E32.60541
G1 X129.909 Y109.102 E32.60765
G1 X130.189 Y109.108 E32.61117
G1 X130.269 Y109.116 E32.61217
G1 X130.464 Y109.146 E32.61465
G1 X130.645 Y109.195 E32.617
G1 X130.646 Y109.681 E32.62309
G1 X130.541 Y109.653 E32.62446
G1 X130.325 Y109.62 E32.6272
G1 X130.212 Y109.608 E32.62862
G1 X129.895 Y109.602 E32.6326
G1 X129.745 Y109.612 E32.63448
G1 X129.674 Y109.62 E32.63538
G1 X129.459 Y109.653 E32.63811
G0 F7200 X129.355 Y109.681
G0 X129.355 Y109.588
G0 X129.731 Y109.367
;TYPE:SKIN
G1 F1800 X130.001 Y109.353 E32.63951
G1 X130.298 Y109.368 E32.64105
G0 F7200 X130.342 Y109.531
G1 F1500 E26.14105
G0 F7200 X130.337 Y109.521
G0 X129.733 Y112.135
G1 F1500 E32.64105
G0 F7200 X129.458 Y112.653
;TYPE:WALL-OUTER
G1 F1800 X129.355 Y112.681 E32.64239
G1 X129.354 Y112.195 E32.64848
G1 X129.537 Y112.146 E32.65086
G1 X129.731 Y112.116 E32.65332
G1 X129.909 Y112.102 E32.65556
G1 X130.189 Y112.108 E32.65907
G1 X130.269 Y112.116 E32.66008
G1 X130.464 Y112.146 E32.66255
G1 X130.645 Y112.195 E32.6649
G1 X130.645 Y112.681 E32.671
G1 X130.541 Y112.653 E32.67235
G1 X130.325 Y112.62 E32.67509
G1 X130.212 Y112.608 E32.67651
G1 X129.895 Y112.602 E32.68049
G1 X129.743 Y112.612 E32.6824
G1 X129.576 Y112.634 E32.68451
G1 X129.458 Y112.653 E32.68601
G0 F7200 X129.355 Y112.681
G0 X129.355 Y112.587
G0 X129.632 Y112.379
;TYPE:SKIN
G1 F1800 X129.891 Y112.355 E32.68732
G1 X130.176 Y112.357 E32.68876
G0 F7200 X130.205 Y112.513
G1 F1500 E26.18876
G0 F7200 X130.205 Y112.508
G0 X129.733 Y115.135
G1 F1500 E32.68876
G0 F7200 X129.458 Y115.653
;TYPE:WALL-OUTER
G1 F1800 X129.355 Y115.681 E32.69009
G1 X129.354 Y115.195 E32.69619
G1 X129.537 Y115.146 E32.69856
G1 X129.731 Y115.116 E32.70103
G1 X129.909 Y115.102 E32.70327
G1 X130.189 Y115.108 E32.70678
G1 X130.269 Y115.116 E32.70779
G1 X130.464 Y115.146 E32.71026
G1 X130.645 Y115.195 E32.71261
G1 X130.646 Y115.681 E32.71871
G1 X130.541 Y115.653 E32.72007
G1 X130.325 Y115.62 E32.72281
G1 X130.212 Y115.608 E32.72423
G1 X129.895 Y115.602 E32.72821
G1 X129.743 Y115.612 E32.73012
G1 X129.576 Y115.634 E32.73223
G1 X129.458 Y115.653 E32.73373
G0 F7200 X129.355 Y115.681
G0 X129.355 Y115.587
G0 X129.563 Y115.421
;TYPE:SKIN
G1 F1800 X129.786 Y115.361 E32.73463
G1 X130.369 Y115.378 E32.73691
G0 F7200 X130.378 Y115.537
G1 F1500 E26.23691
G0 F7200 X130.381 Y115.528
G0 X129.733 Y118.135
G1 F1500 E32.73691
G0 F7200 X129.459 Y118.653
;TYPE:WALL-OUTER
G1 F1800 X129.355 Y118.681 E32.73826
G1 X129.354 Y118.195 E32.74436
G1 X129.537 Y118.146 E32.74673
G1 X129.731 Y118.116 E32.74919
G1 X129.812 Y118.108 E32.75022
G1 X130.091 Y118.102 E32.75371
G1 X130.224 Y118.111 E32.75539
G1 X130.369 Y118.13 E32.75722
G1 X130.455 Y118.144 E32.75831
G1 X130.645 Y118.195 E32.76078
G1 X130.646 Y118.681 E32.76687
G1 X130.541 Y118.653 E32.76824
G1 X130.324 Y118.619 E32.77099
G1 X130.104 Y118.602 E32.77376
G1 X129.788 Y118.608 E32.77772
G1 X129.675 Y118.62 E32.77915
G1 X129.459 Y118.653 E32.78189
G0 F7200 X129.355 Y118.681
G0 X129.355 Y118.588
G0 X129.685 Y118.371
;TYPE:SKIN
G1 F1800 X129.951 Y118.354 E32.78325
G1 X130.242 Y118.362 E32.78473
G0 F7200 X130.274 Y118.521
G1 F1500 E26.28473
;MESH:NONMESH
G0 F600 X130.274 Y118.521 Z5.6
G0 F7200 X130.274 Y118.515
G0 X128.489 Y118.209
G0 X123.5 Y114.537
G0 X120.507 Y113.785
G0 X115.51 Y109.664
G0 X114.335 Y109.609
G1 F1500 E32.78473
G0 F7200 X113.459 Y109.653
;TIME_ELAPSED:290.488354
;LAYER:27
;TYPE:WALL-OUTER
;MESH:output\B_media_suporte.stl
G1 F1800 X113.145 Y109.737 E32.78881
G1 X113.145 Y109.253 E32.79488
G1 X113.167 Y109.245 E32.79517
G1 X113.538 Y109.146 E32.79999
G1 X113.742 Y109.115 E32.80258
G1 X113.812 Y109.108 E32.80346
G1 X114.102 Y109.102 E32.8071
G1 X114.198 Y109.109 E32.8083
G1 X114.309 Y109.121 E32.8097
G1 X114.455 Y109.144 E32.81156
G1 X114.833 Y109.245 E32.81646
G1 X114.855 Y109.253 E32.81676
G1 X114.855 Y109.737 E32.82283
G1 X114.541 Y109.653 E32.8269
G1 X114.312 Y109.618 E32.82981
G1 X114.105 Y109.602 E32.83241
G1 X113.776 Y109.609 E32.83654
G1 X113.674 Y109.62 E32.83782
G1 X113.459 Y109.653 E32.84055
G0 F7200 X113.266 Y109.704
G0 X113.474 Y109.405
;TYPE:SKIN
G1 F1800 X113.803 Y109.358 E32.8419
G1 X114.586 Y109.424 E32.84509
G0 F7200 X114.652 Y109.27
G1 F1500 E26.34509
G0 F7200 X114.645 Y109.297
G0 X113.455 Y109.634
G0 X113.744 Y112.134
G1 F1500 E32.84509
G0 F7200 X113.458 Y112.653
;TYPE:WALL-OUTER
G1 F1800 X113.145 Y112.737 E32.84915
G1 X113.144 Y112.253 E32.85522
G1 X113.162 Y112.246 E32.85546
G1 X113.538 Y112.146 E32.86034
G1 X113.742 Y112.115 E32.86293
G1 X113.812 Y112.108 E32.86381
G1 X114.102 Y112.102 E32.86745
G1 X114.198 Y112.109 E32.86866
G1 X114.309 Y112.121 E32.87006
G1 X114.455 Y112.144 E32.87191
G1 X114.833 Y112.245 E32.87682
G1 X114.855 Y112.254 E32.87711
G1 X114.856 Y112.737 E32.88317
G1 X114.541 Y112.653 E32.88479
G1 X114.312 Y112.618 E32.88769
G1 X114.105 Y112.602 E32.8903
G1 X113.775 Y112.609 E32.89444
G1 X113.642 Y112.624 E32.89611
G1 X113.458 Y112.653 E32.89845
G0 F7200 X113.265 Y112.704
G0 X113.609 Y112.382
;TYPE:SKIN
G1 F1800 X113.918 Y112.355 E32.89985
G1 X114.444 Y112.394 E32.90224
G0 F7200 X114.48 Y112.239
G1 F1500 E26.40224
G0 F7200 X114.477 Y112.252
G0 X113.454 Y112.634
G0 X113.744 Y115.134
G1 F1500 E32.90224
G0 F7200 X113.458 Y115.653
;TYPE:WALL-OUTER
G1 F1800 X113.145 Y115.737 E32.9063
G1 X113.145 Y115.253 E32.91237
G1 X113.167 Y115.245 E32.91266
G1 X113.538 Y115.146 E32.91748
G1 X113.742 Y115.115 E32.92007
G1 X113.812 Y115.108 E32.92095
G1 X114.102 Y115.102 E32.92459
G1 X114.198 Y115.109 E32.92579
G1 X114.309 Y115.121 E32.92719
G1 X114.455 Y115.144 E32.92905
G1 X114.833 Y115.245 E32.93395
G1 X114.855 Y115.253 E32.93425
G1 X114.855 Y115.737 E32.94032
G1 X114.541 Y115.653 E32.94439
G1 X114.312 Y115.618 E32.9473
G1 X114.105 Y115.602 E32.9499
G1 X113.775 Y115.609 E32.95404
G1 X113.642 Y115.624 E32.95572
G1 X113.458 Y115.653 E32.95806
G0 F7200 X113.265 Y115.704
G0 X113.394 Y115.424
;TYPE:SKIN
G1 F1800 X113.738 Y115.364 E32.95945
G1 X114.537 Y115.412 E32.96266
G0 F7200 X114.569 Y115.253
G0 X114.563 Y115.275
G0 X113.454 Y115.634
G0 X113.744 Y118.134
G0 X113.458 Y118.653
;TYPE:WALL-OUTER
G1 F1800 X113.145 Y118.737 E32.96672
G1 X113.144 Y118.253 E32.97279
G1 X113.162 Y118.246 E32.97303
G1 X113.538 Y118.146 E32.97791
G1 X113.742 Y118.115 E32.9805
G1 X113.812 Y118.108 E32.98138
G1 X114.102 Y118.102 E32.98502
G1 X114.198 Y118.109 E32.98623
G1 X114.309 Y118.121 E32.98763
G1 X114.455 Y118.144 E32.98948
G1 X114.833 Y118.245 E32.99439
G1 X114.855 Y118.254 E32.99468
G1 X114.856 Y118.737 E33.00074
G1 X114.541 Y118.653 E33.00236
G1 X114.312 Y118.618 E33.00526
G1 X114.105 Y118.602 E33.00787
G1 X113.775 Y118.609 E33.012
G1 X113.642 Y118.624 E33.01368
G1 X113.458 Y118.653 E33.01602
G0 F7200 X113.265 Y118.704
G0 X113.538 Y118.392
;TYPE:SKIN
G1 F1800 X113.857 Y118.356 E33.01731
G1 X114.628 Y118.433 E33.02044
G0 F7200 X114.48 Y118.239
G0 X114.477 Y118.252
G0 X115.72 Y118.568
G0 X120.28 Y118.558
G0 X121.438 Y118.556
G0 X121.458 Y118.653
;TYPE:WALL-OUTER
G1 F1800 X121.145 Y118.737 E33.02451
G1 X121.144 Y118.253 E33.03058
G1 X121.162 Y118.246 E33.03082
G1 X121.538 Y118.146 E33.0357
G1 X121.742 Y118.115 E33.03828
G1 X121.812 Y118.108 E33.03917
G1 X122.102 Y118.102 E33.0428
G1 X122.198 Y118.109 E33.04401
G1 X122.309 Y118.121 E33.04541
G1 X122.455 Y118.144 E33.04727
G1 X122.833 Y118.245 E33.05217
G1 X122.855 Y118.254 E33.05247
G1 X122.856 Y118.737 E33.05853
G1 X122.541 Y118.653 E33.06014
G1 X122.312 Y118.618 E33.06305
G1 X122.105 Y118.602 E33.06565
G1 X121.775 Y118.609 E33.06979
G1 X121.642 Y118.624 E33.07147
G1 X121.458 Y118.653 E33.07381
G0 F7200 X121.265 Y118.704
G0 X121.434 Y118.415
;TYPE:SKIN
G1 F1800 X121.771 Y118.36 E33.07517
G1 X122.563 Y118.418 E33.07836
G0 F7200 X122.595 Y118.256
G0 X122.588 Y118.282
G0 X121.157 Y115.722
G0 X121.458 Y115.653
;TYPE:WALL-OUTER
G1 F1800 X121.145 Y115.737 E33.08242
G1 X121.145 Y115.253 E33.08849
G1 X121.167 Y115.245 E33.08878
G1 X121.538 Y115.146 E33.0936
G1 X121.742 Y115.115 E33.09619
G1 X121.91 Y115.102 E33.0983
G1 X122.187 Y115.108 E33.10177
G1 X122.31 Y115.121 E33.10333
G1 X122.455 Y115.144 E33.10517
G1 X122.833 Y115.245 E33.11007
G1 X122.855 Y115.253 E33.11037
G1 X122.855 Y115.737 E33.11644
G1 X122.541 Y115.653 E33.12051
G1 X122.313 Y115.619 E33.1234
G1 X122.212 Y115.608 E33.12468
G1 X121.883 Y115.602 E33.1288
G1 X121.77 Y115.61 E33.13022
G1 X121.642 Y115.624 E33.13184
G1 X121.458 Y115.653 E33.13417
G0 F7200 X121.265 Y115.704
G0 X121.645 Y115.376
;TYPE:SKIN
G1 F1800 X121.951 Y115.352 E33.13556
G1 X122.469 Y115.4 E33.13792
G0 F7200 X122.503 Y115.243
G0 X122.499 Y115.258
G0 X121.157 Y112.722
G0 X121.458 Y112.653
;TYPE:WALL-OUTER
G1 F1800 X121.145 Y112.737 E33.14198
G1 X121.144 Y112.253 E33.14805
G1 X121.162 Y112.246 E33.14829
G1 X121.538 Y112.146 E33.15317
G1 X121.742 Y112.115 E33.15576
G1 X121.812 Y112.108 E33.15664
G1 X122.102 Y112.102 E33.16028
G1 X122.198 Y112.109 E33.16149
G1 X122.309 Y112.121 E33.16289
G1 X122.455 Y112.144 E33.16474
G1 X122.833 Y112.245 E33.16965
G1 X122.855 Y112.254 E33.16994
G1 X122.856 Y112.737 E33.176
G1 X122.541 Y112.653 E33.17762
G1 X122.312 Y112.618 E33.18052
G1 X122.105 Y112.602 E33.18313
G1 X121.775 Y112.609 E33.18727
G1 X121.642 Y112.624 E33.18894
G1 X121.458 Y112.653 E33.19128
G0 F7200 X121.265 Y112.704
G0 X121.513 Y112.397
;TYPE:SKIN
G1 F1800 X121.835 Y112.357 E33.1926
G1 X122.612 Y112.429 E33.19576
G0 F7200 X122.677 Y112.276
G0 X122.67 Y112.304
G0 X122.545 Y109.634
G0 X121.439 Y109.556
G0 X121.459 Y109.653
;TYPE:WALL-OUTER
G1 F1800 X121.145 Y109.737 E33.19984
G1 X121.145 Y109.253 E33.20591
G1 X121.167 Y109.245 E33.2062
G1 X121.538 Y109.146 E33.21101
G1 X121.742 Y109.115 E33.2136
G1 X121.812 Y109.108 E33.21448
G1 X122.102 Y109.102 E33.21812
G1 X122.198 Y109.109 E33.21933
G1 X122.309 Y109.121 E33.22073
G1 X122.455 Y109.144 E33.22258
G1 X122.833 Y109.245 E33.22749
G1 X122.855 Y109.253 E33.22778
G1 X122.855 Y109.737 E33.23385
G1 X122.541 Y109.653 E33.23793
G1 X122.313 Y109.619 E33.24082
G1 X122.212 Y109.608 E33.24209
G1 X121.883 Y109.602 E33.24622
G1 X121.771 Y109.61 E33.24763
G1 X121.674 Y109.62 E33.24885
G1 X121.459 Y109.653 E33.25158
G0 F7200 X121.266 Y109.704
G0 X121.379 Y109.419
;TYPE:SKIN
G1 F1800 X121.714 Y109.367 E33.25285
G1 X122.52 Y109.41 E33.25588
G0 F7200 X122.552 Y109.25
G0 X122.546 Y109.271
G0 X123.72 Y109.556
G0 X128.28 Y109.556
G0 X129.439 Y109.556
G0 X129.459 Y109.653
;TYPE:WALL-OUTER
G1 F1800 X129.145 Y109.737 E33.25996
G1 X129.145 Y109.253 E33.26603
G1 X129.167 Y109.245 E33.26632
G1 X129.538 Y109.146 E33.27114
G1 X129.742 Y109.115 E33.27373
G1 X129.91 Y109.102 E33.27584
G1 X130.187 Y109.108 E33.27931
G1 X130.31 Y109.121 E33.28087
G1 X130.455 Y109.144 E33.28271
G1 X130.833 Y109.245 E33.28761
G1 X130.855 Y109.253 E33.28791
G1 X130.855 Y109.737 E33.29398
G1 X130.541 Y109.653 E33.29805
G1 X130.313 Y109.619 E33.30094
G1 X130.212 Y109.608 E33.30222
G1 X129.883 Y109.602 E33.30634
G1 X129.771 Y109.61 E33.30775
G1 X129.674 Y109.62 E33.30897
G1 X129.459 Y109.653 E33.3117
G0 F7200 X129.266 Y109.704
G0 X129.62 Y109.38
;TYPE:SKIN
G1 F1800 X129.931 Y109.352 E33.31311
G1 X130.453 Y109.396 E33.31546
G0 F7200 X130.488 Y109.241
G0 X130.484 Y109.254
G0 X129.455 Y109.634
G0 X129.744 Y112.134
G0 X129.458 Y112.653
;TYPE:WALL-OUTER
G1 F1800 X129.145 Y112.737 E33.31952
G1 X129.144 Y112.253 E33.32559
G1 X129.162 Y112.246 E33.32583
G1 X129.538 Y112.146 E33.33071
G1 X129.742 Y112.115 E33.3333
G1 X129.91 Y112.102 E33.33541
G1 X130.187 Y112.108 E33.33889
G1 X130.31 Y112.121 E33.34044
G1 X130.455 Y112.144 E33.34228
G1 X130.833 Y112.245 E33.34719
G1 X130.855 Y112.254 E33.34749
G1 X130.856 Y112.737 E33.35354
G1 X130.541 Y112.653 E33.35516
G1 X130.313 Y112.619 E33.35805
G1 X130.212 Y112.608 E33.35932
G1 X129.883 Y112.602 E33.36345
G1 X129.77 Y112.61 E33.36487
G1 X129.642 Y112.624 E33.36649
G1 X129.458 Y112.653 E33.36882
G0 F7200 X129.265 Y112.704
G0 X129.406 Y112.422
;TYPE:SKIN
G1 F1800 X129.749 Y112.363 E33.37021
G1 X130.545 Y112.415 E33.37338
G0 F7200 X130.578 Y112.254
G0 X130.572 Y112.278
G0 X129.454 Y112.634
G0 X129.744 Y115.134
G0 X129.458 Y115.653
;TYPE:WALL-OUTER
G1 F1800 X129.145 Y115.737 E33.37745
G1 X129.145 Y115.253 E33.38352
G1 X129.167 Y115.245 E33.38381
G1 X129.538 Y115.146 E33.38863
G1 X129.742 Y115.115 E33.39121
G1 X129.91 Y115.102 E33.39333
G1 X130.187 Y115.108 E33.3968
G1 X130.31 Y115.121 E33.39835
G1 X130.455 Y115.144 E33.40019
G1 X130.833 Y115.245 E33.4051
G1 X130.855 Y115.253 E33.40539
G1 X130.855 Y115.737 E33.41146
G1 X130.541 Y115.653 E33.41554
G1 X130.313 Y115.619 E33.41843
G1 X130.212 Y115.608 E33.4197
G1 X129.883 Y115.602 E33.42383
G1 X129.77 Y115.61 E33.42525
G1 X129.642 Y115.624 E33.42687
G1 X129.458 Y115.653 E33.4292
G0 F7200 X129.265 Y115.704
G0 X129.55 Y115.39
;TYPE:SKIN
G1 F1800 X129.869 Y115.354 E33.4305
G1 X130.631 Y115.44 E33.43359
G0 F7200 X130.481 Y115.24
G0 X130.478 Y115.252
G0 X129.454 Y115.634
G0 X129.744 Y118.134
G0 X129.458 Y118.653
;TYPE:WALL-OUTER
G1 F1800 X129.145 Y118.737 E33.43765
G1 X129.144 Y118.253 E33.44372
G1 X129.162 Y118.246 E33.44397
G1 X129.538 Y118.146 E33.44884
G1 X129.742 Y118.115 E33.45143
G1 X129.812 Y118.108 E33.45231
G1 X130.102 Y118.102 E33.45595
G1 X130.198 Y118.109 E33.45716
G1 X130.309 Y118.121 E33.45856
G1 X130.455 Y118.144 E33.46041
G1 X130.833 Y118.245 E33.46532
G1 X130.855 Y118.254 E33.46562
G1 X130.856 Y118.737 E33.47167
G1 X130.541 Y118.653 E33.47329
G1 X130.312 Y118.618 E33.4762
G1 X130.105 Y118.602 E33.4788
G1 X129.775 Y118.609 E33.48294
G1 X129.642 Y118.624 E33.48462
G1 X129.458 Y118.653 E33.48695
G0 F7200 X129.265 Y118.704
G0 X129.359 Y118.41
;TYPE:SKIN
G1 F1800 X129.681 Y118.371 E33.48808
G1 X130.496 Y118.405 E33.49091
G0 F7200 X130.53 Y118.247
;MESH:NONMESH
G0 F600 X130.53 Y118.247 Z5.8
G0 F7200 X130.525 Y118.265
G0 X129.168 Y118.265
G0 X123.712 Y114.666
G0 X121.306 Y113.59
G0 X120.299 Y113.961
G0 X115.72 Y109.722
G0 X114.316 Y109.579
G0 X113.245 Y109.658
G0 X113.038 Y109.766
;TIME_ELAPSED:295.517811
;LAYER:28
;TYPE:WALL-OUTER
;MESH:output\B_media_suporte.stl
G1 F1800 X112.935 Y109.805 E33.49229
G1 X112.935 Y109.334 E33.4982
G1 X113.166 Y109.245 E33.50131
G1 X113.382 Y109.187 E33.50411
G1 X113.382 Y109.674 E33.51022
G1 X113.038 Y109.766 E33.51468
G0 F7200 X112.935 Y109.805
G0 X112.935 Y109.715
G0 X113.141 Y109.464
;TYPE:SKIN
G1 F1800 X113.186 Y109.509 E33.51508
G0 F7200 X113.335 Y109.509
G0 X113.282 Y109.509
G0 X114.638 Y109.671
G0 X114.962 Y109.766
;TYPE:WALL-OUTER
G1 F1800 X114.618 Y109.674 E33.51955
G1 X114.618 Y109.187 E33.52565
G1 X114.834 Y109.245 E33.52846
G1 X115.065 Y109.334 E33.53156
G1 X115.065 Y109.805 E33.53747
G1 X114.962 Y109.766 E33.53885
G0 F7200 X114.769 Y109.715
G0 X114.869 Y109.495
;TYPE:SKIN
G1 F1800 X114.824 Y109.45 E33.53925
G0 F7200 X114.837 Y109.319
G0 X114.824 Y109.348
G0 X114.629 Y112.202
G0 X114.962 Y112.765
;TYPE:WALL-OUTER
G1 F1800 X114.618 Y112.675 E33.54371
G1 X114.617 Y112.187 E33.54983
G1 X114.834 Y112.245 E33.55265
G1 X115.065 Y112.334 E33.55575
G1 X115.066 Y112.805 E33.56166
G1 X114.962 Y112.765 E33.56305
G0 F7200 X114.769 Y112.715
G0 X114.75 Y112.642
G0 X114.76 Y112.61
G0 X113.368 Y112.661
G0 X113.038 Y112.766
G1 F1800 X112.935 Y112.805 E33.56444
G1 X112.934 Y112.335 E33.57033
G1 X113.166 Y112.245 E33.57345
G1 X113.382 Y112.187 E33.57625
G1 X113.383 Y112.673 E33.58235
G1 X113.038 Y112.766 E33.58683
G0 F7200 X112.935 Y112.805
G0 X112.935 Y112.715
G0 X113.224 Y112.301
G0 X113.232 Y112.331
G0 X113.37 Y115.202
G0 X113.038 Y115.766
G1 F1800 X112.935 Y115.805 E33.58821
G1 X112.935 Y115.334 E33.59412
G1 X113.166 Y115.245 E33.59722
G1 X113.382 Y115.187 E33.60003
G1 X113.383 Y115.673 E33.60612
G1 X113.038 Y115.766 E33.6106
G0 F7200 X112.935 Y115.805
G0 X112.935 Y115.715
G0 X113.224 Y115.301
G0 X113.232 Y115.331
G0 X114.618 Y115.659
G0 X114.961 Y115.765
G1 F1800 X114.618 Y115.675 E33.61505
G1 X114.617 Y115.187 E33.62117
G1 X114.834 Y115.245 E33.62399
G1 X115.065 Y115.334 E33.62709
G1 X115.065 Y115.805 E33.633
G1 X114.961 Y115.765 E33.63439
G0 F7200 X114.768 Y115.715
G0 X114.749 Y115.641
G0 X114.758 Y115.609
G0 X114.629 Y118.202
G0 X114.962 Y118.765
G1 F1800 X114.618 Y118.675 E33.63885
G1 X114.617 Y118.187 E33.64497
G1 X114.834 Y118.245 E33.64779
G1 X115.065 Y118.334 E33.65089
G1 X115.066 Y118.805 E33.6568
G1 X114.962 Y118.765 E33.6582
G0 F7200 X114.769 Y118.715
G0 X114.86 Y118.537
;TYPE:SKIN
G1 F1800 X114.812 Y118.489 E33.65862
G0 F7200 X114.665 Y118.489
G0 X114.718 Y118.49
G0 X113.368 Y118.661
G0 X113.038 Y118.766
;TYPE:WALL-OUTER
G1 F1800 X112.935 Y118.805 E33.66
G1 X112.934 Y118.335 E33.6659
G1 X113.168 Y118.244 E33.66905
G1 X113.382 Y118.188 E33.67182
G1 X113.383 Y118.673 E33.6779
G1 X113.038 Y118.766 E33.68238
G0 F7200 X112.935 Y118.805
G0 X112.935 Y118.715
G0 X113.224 Y118.301
G0 X113.23 Y118.331
G0 X113.644 Y119.499
G0 X115.914 Y120.04
G0 X120.07 Y118.646
G0 X121.038 Y118.766
G1 F1800 X120.935 Y118.805 E33.68377
G1 X120.934 Y118.335 E33.68966
G1 X121.168 Y118.244 E33.69281
G1 X121.382 Y118.188 E33.69558
G1 X121.383 Y118.673 E33.70166
G1 X121.038 Y118.766 E33.70614
G0 F7200 X120.935 Y118.805
G0 X120.935 Y118.715
G0 X121.224 Y118.301
G0 X121.23 Y118.331
G0 X122.618 Y118.659
G0 X122.962 Y118.765
G1 F1800 X122.618 Y118.675 E33.7106
G1 X122.617 Y118.187 E33.71672
G1 X122.834 Y118.245 E33.71954
G1 X123.065 Y118.334 E33.72264
G1 X123.066 Y118.805 E33.72855
G1 X122.962 Y118.765 E33.72995
G0 F7200 X122.769 Y118.715
G0 X122.75 Y118.642
G0 X122.76 Y118.61
G0 X123.054 Y115.789
G0 X122.961 Y115.765
G1 F1800 X122.618 Y115.675 E33.7344
G1 X122.617 Y115.187 E33.74052
G1 X122.834 Y115.245 E33.74333
G1 X123.065 Y115.334 E33.74644
G1 X123.065 Y115.805 E33.75234
G1 X122.961 Y115.765 E33.75374
G0 F7200 X122.768 Y115.715
G0 X122.869 Y115.515
;TYPE:SKIN
G1 F1800 X122.811 Y115.457 E33.75425
G0 F7200 X122.665 Y115.458
G0 X122.718 Y115.459
G0 X121.368 Y115.661
G0 X121.038 Y115.766
;TYPE:WALL-OUTER
G1 F1800 X120.935 Y115.805 E33.75564
G1 X120.935 Y115.334 E33.76154
G1 X121.166 Y115.245 E33.76465
G1 X121.382 Y115.187 E33.76745
G1 X121.383 Y115.673 E33.77355
G1 X121.038 Y115.766 E33.77803
G0 F7200 X120.935 Y115.805
G0 X120.935 Y115.715
G0 X121.129 Y115.472
;TYPE:SKIN
G1 F1800 X121.181 Y115.524 E33.77849
G0 F7200 X121.25 Y115.643
G0 X121.241 Y115.608
G0 X120.946 Y112.789
G0 X121.038 Y112.766
;TYPE:WALL-OUTER
G1 F1800 X120.935 Y112.805 E33.77987
G1 X120.934 Y112.335 E33.78576
G1 X121.166 Y112.245 E33.78888
G1 X121.382 Y112.187 E33.79169
G1 X121.383 Y112.673 E33.79778
G1 X121.038 Y112.766 E33.80226
G0 F7200 X120.935 Y112.805
G0 X120.935 Y112.715
G0 X121.224 Y112.301
G0 X121.232 Y112.331
G0 X122.618 Y112.659
G0 X122.962 Y112.765
G1 F1800 X122.618 Y112.675 E33.80672
G1 X122.617 Y112.187 E33.81284
G1 X122.834 Y112.245 E33.81566
G1 X123.065 Y112.334 E33.81876
G1 X123.066 Y112.805 E33.82467
G1 X122.962 Y112.765 E33.82607
G0 F7200 X122.769 Y112.715
G0 X122.75 Y112.642
G0 X122.76 Y112.61
G0 X123.054 Y109.789
G0 X122.962 Y109.766
G1 F1800 X122.618 Y109.674 E33.83053
G1 X122.618 Y109.187 E33.83664
G1 X122.834 Y109.245 E33.83944
G1 X123.065 Y109.334 E33.84255
G1 X123.065 Y109.805 E33.84846
G1 X122.962 Y109.766 E33.84984
G0 F7200 X122.769 Y109.715
G0 X122.752 Y109.642
G0 X122.761 Y109.61
G0 X121.362 Y109.671
G0 X121.038 Y109.766
G1 F1800 X120.935 Y109.805 E33.85122
G1 X120.935 Y109.334 E33.85712
G1 X121.166 Y109.245 E33.86023
G1 X121.382 Y109.187 E33.86303
G1 X121.382 Y109.674 E33.86914
G1 X121.038 Y109.766 E33.87361
G0 F7200 X120.935 Y109.805
G0 X120.935 Y109.715
G0 X121.225 Y109.302
G0 X121.232 Y109.331
G0 X121.641 Y110.5
G0 X123.912 Y111.037
G0 X128.07 Y109.671
G0 X129.038 Y109.766
G1 F1800 X128.935 Y109.805 E33.87499
G1 X128.935 Y109.334 E33.88089
G1 X129.166 Y109.245 E33.884
G1 X129.382 Y109.187 E33.8868
G1 X129.382 Y109.674 E33.89291
G1 X129.038 Y109.766 E33.89738
G0 F7200 X128.935 Y109.805
G0 X128.935 Y109.715
G0 X129.225 Y109.302
G0 X129.232 Y109.331
G0 X130.638 Y109.671
G0 X130.962 Y109.766
G1 F1800 X130.618 Y109.674 E33.90184
G1 X130.618 Y109.187 E33.90795
G1 X130.834 Y109.245 E33.91075
G1 X131.065 Y109.334 E33.91386
G1 X131.065 Y109.805 E33.91976
G1 X130.962 Y109.766 E33.92115
G0 F7200 X130.769 Y109.715
G0 X130.752 Y109.642
G0 X130.761 Y109.61
G0 X130.629 Y112.202
G0 X130.962 Y112.765
G1 F1800 X130.618 Y112.675 E33.9256
G1 X130.617 Y112.187 E33.93172
G1 X130.834 Y112.245 E33.93454
G1 X131.065 Y112.334 E33.93765
G1 X131.066 Y112.805 E33.94355
G1 X130.962 Y112.765 E33.94495
G0 F7200 X130.769 Y112.715
G0 X130.75 Y112.642
G0 X130.76 Y112.61
G0 X129.368 Y112.661
G0 X129.038 Y112.766
G1 F1800 X128.935 Y112.805 E33.94633
G1 X128.934 Y112.335 E33.95222
G1 X129.166 Y112.245 E33.95534
G1 X129.382 Y112.187 E33.95815
G1 X129.383 Y112.673 E33.96424
G1 X129.038 Y112.766 E33.96872
G0 F7200 X128.935 Y112.805
G0 X128.935 Y112.715
G0 X129.187 Y112.499
;TYPE:SKIN
G1 F1800 X129.148 Y112.46 E33.96907
G0 F7200 X129.134 Y112.326
G0 X129.146 Y112.36
G0 X129.37 Y115.202
G0 X129.038 Y115.766
;TYPE:WALL-OUTER
G1 F1800 X128.935 Y115.805 E33.97045
G1 X128.935 Y115.334 E33.97636
G1 X129.166 Y115.245 E33.97946
G1 X129.382 Y115.187 E33.98227
G1 X129.383 Y115.673 E33.98836
G1 X129.038 Y115.766 E33.99284
G0 F7200 X128.935 Y115.805
G0 X128.935 Y115.715
G0 X129.224 Y115.301
G0 X129.232 Y115.331
G0 X130.618 Y115.659
G0 X130.961 Y115.765
G1 F1800 X130.618 Y115.675 E33.99729
G1 X130.617 Y115.187 E34.00341
G1 X130.834 Y115.245 E34.00623
G1 X131.065 Y115.334 E34.00933
G1 X131.065 Y115.805 E34.01524
G1 X130.961 Y115.765 E34.01663
G0 F7200 X130.768 Y115.715
G0 X130.749 Y115.641
G0 X130.758 Y115.609
G0 X130.629 Y118.202
G0 X130.962 Y118.765
G1 F1800 X130.618 Y118.675 E34.02109
G1 X130.617 Y118.187 E34.02721
G1 X130.834 Y118.245 E34.03003
G1 X131.065 Y118.334 E34.03313
G1 X131.066 Y118.805 E34.03904
G1 X130.962 Y118.765 E34.04044
G0 F7200 X130.769 Y118.715
G0 X130.75 Y118.642
G0 X130.76 Y118.61
G0 X129.368 Y118.661
G0 X129.038 Y118.766
G1 F1800 X128.935 Y118.805 E34.04182
G1 X128.934 Y118.335 E34.04771
G1 X129.168 Y118.244 E34.05086
G1 X129.382 Y118.188 E34.05364
G1 X129.383 Y118.673 E34.05972
G1 X129.038 Y118.766 E34.0642
G0 F7200 X128.935 Y118.805
G0 X128.935 Y118.715
G0 X129.224 Y118.301
;MESH:NONMESH
G0 F600 X129.224 Y118.301 Z6
G0 F7200 X129.23 Y118.331
G0 X128.07 Y118.347
G0 X123.922 Y114.744
G0 X122.637 Y114.298
G0 X120.883 Y114.437
G0 X113.641 Y110.5
G0 X113.035 Y109.671
G0 X113.038 Y109.765
;TIME_ELAPSED:299.367230
;LAYER:29
;TYPE:WALL-OUTER
;MESH:output\B_media_suporte.stl
G1 F1800 X112.725 Y109.886 E34.06841
G1 X112.724 Y109.421 E34.07424
G1 X112.78 Y109.394 E34.07502
G1 X113.164 Y109.246 E34.08018
G1 X113.164 Y109.732 E34.08627
G1 X113.038 Y109.765 E34.08791
G0 F7200 X112.852 Y109.837
G0 X113.125 Y109.463
G0 X113.064 Y109.463
G0 X114.856 Y109.67
G0 X114.962 Y109.765
G1 F1800 X114.836 Y109.732 E34.08954
G1 X114.836 Y109.246 E34.09563
G1 X115.225 Y109.396 E34.09846
G1 X115.275 Y109.42 E34.09915
G1 X115.276 Y109.886 E34.105
G1 X114.962 Y109.765 E34.10667
G0 F7200 X114.836 Y109.732
G0 X114.836 Y109.662
G0 X114.875 Y109.661
G0 X114.938 Y109.656
G0 X114.847 Y112.262
G0 X114.962 Y112.765
G1 F1800 X114.836 Y112.732 E34.1083
G1 X114.836 Y112.246 E34.1144
G1 X115.225 Y112.396 E34.11722
G1 X115.275 Y112.42 E34.11792
G1 X115.275 Y112.886 E34.12376
G1 X114.962 Y112.765 E34.12543
G0 F7200 X114.836 Y112.732
G0 X114.836 Y112.662
G0 X114.875 Y112.662
G0 X114.938 Y112.657
G0 X113.144 Y112.67
G0 X113.038 Y112.765
G1 F1800 X112.725 Y112.886 E34.12964
G1 X112.724 Y112.421 E34.13547
G1 X112.78 Y112.394 E34.13625
G1 X113.164 Y112.246 E34.14141
G1 X113.164 Y112.732 E34.1475
G1 X113.038 Y112.765 E34.14914
G0 F7200 X112.852 Y112.837
G0 X113.125 Y112.463
G0 X113.064 Y112.463
G0 X113.153 Y115.262
G0 X113.038 Y115.765
G1 F1800 X112.725 Y115.886 E34.15334
G1 X112.724 Y115.421 E34.15917
G1 X112.78 Y115.394 E34.15995
G1 X113.164 Y115.246 E34.16512
G1 X113.164 Y115.732 E34.17121
G1 X113.038 Y115.765 E34.17284
G0 F7200 X112.852 Y115.837
G0 X113.125 Y115.463
G0 X113.064 Y115.463
G0 X114.856 Y115.67
G0 X114.962 Y115.765
G1 F1800 X114.836 Y115.732 E34.17448
G1 X114.836 Y115.246 E34.18057
G1 X115.225 Y115.396 E34.18339
G1 X115.275 Y115.42 E34.18409
G1 X115.276 Y115.886 E34.18993
G1 X114.962 Y115.765 E34.19161
G0 F7200 X114.836 Y115.732
G0 X114.836 Y115.662
G0 X114.875 Y115.661
G0 X114.938 Y115.656
G0 X114.847 Y118.262
G0 X114.962 Y118.765
G1 F1800 X114.836 Y118.732 E34.19324
G1 X114.836 Y118.246 E34.19934
G1 X115.225 Y118.396 E34.20216
G1 X115.275 Y118.42 E34.20285
G1 X115.276 Y118.886 E34.2087
G1 X114.962 Y118.765 E34.21037
G0 F7200 X114.836 Y118.732
G0 X114.836 Y118.662
G0 X115.041 Y118.586
;TYPE:SKIN
G1 F1800 X115.08 Y118.547 E34.21072
G0 F7200 X115.136 Y118.404
G0 X115.113 Y118.46
G0 X113.144 Y118.67
G0 X113.038 Y118.765
;TYPE:WALL-OUTER
G1 F1800 X112.725 Y118.886 E34.21493
G1 X112.724 Y118.421 E34.22076
G1 X112.78 Y118.394 E34.22154
G1 X113.164 Y118.246 E34.2267
G1 X113.164 Y118.732 E34.23279
G1 X113.038 Y118.765 E34.23443
G0 F7200 X112.852 Y118.837
G0 X113.125 Y118.463
G0 X113.064 Y118.463
G0 X119.86 Y118.655
G0 X121.008 Y118.67
G0 X121.038 Y118.765
G1 F1800 X120.725 Y118.886 E34.23863
G1 X120.724 Y118.421 E34.24447
G1 X120.78 Y118.394 E34.24525
G1 X121.164 Y118.246 E34.25041
G1 X121.164 Y118.732 E34.2565
G1 X121.038 Y118.765 E34.25813
G0 F7200 X120.852 Y118.837
G0 X121.125 Y118.463
G1 F1500 E27.75813
G0 F7200 X121.064 Y118.463
G0 X122.856 Y118.67
G1 F1500 E34.25813
G0 F7200 X122.962 Y118.765
G1 F1800 X122.836 Y118.732 E34.25977
G1 X122.836 Y118.246 E34.26586
G1 X123.225 Y118.396 E34.26869
G1 X123.275 Y118.42 E34.26938
G1 X123.276 Y118.886 E34.27522
G1 X122.962 Y118.765 E34.2769
G0 F7200 X122.836 Y118.732
G0 X122.836 Y118.662
G0 X122.875 Y118.661
G0 X122.938 Y118.656
G0 X123.265 Y115.87
G0 X122.962 Y115.765
G1 F1800 X122.836 Y115.732 E34.27853
G1 X122.836 Y115.246 E34.28463
G1 X123.225 Y115.396 E34.28745
G1 X123.275 Y115.42 E34.28815
G1 X123.276 Y115.886 E34.29399
G1 X122.962 Y115.765 E34.29566
G0 F7200 X122.836 Y115.732
G0 X122.836 Y115.662
G0 X122.875 Y115.661
G1 F1500 E27.79566
G0 F7200 X122.938 Y115.656
G0 X121.144 Y115.67
G1 F1500 E34.29566
G0 F7200 X121.038 Y115.765
G1 F1800 X120.725 Y115.886 E34.29987
G1 X120.724 Y115.421 E34.3057
G1 X120.775 Y115.396 E34.30641
G1 X121.164 Y115.246 E34.31164
G1 X121.164 Y115.732 E34.31774
G1 X121.038 Y115.765 E34.31937
G0 F7200 X120.852 Y115.837
G0 X121.125 Y115.463
G0 X121.064 Y115.463
G0 X120.736 Y112.87
G0 X121.038 Y112.765
G1 F1800 X120.725 Y112.886 E34.32358
G1 X120.724 Y112.421 E34.32941
G1 X120.78 Y112.394 E34.33019
G1 X121.164 Y112.246 E34.33535
G1 X121.164 Y112.732 E34.34145
G1 X121.038 Y112.765 E34.34308
G0 F7200 X120.852 Y112.837
G0 X121.125 Y112.463
G0 X121.064 Y112.463
G0 X122.856 Y112.67
G0 X122.962 Y112.765
G1 F1800 X122.836 Y112.732 E34.34471
G1 X122.836 Y112.246 E34.35081
G1 X123.225 Y112.396 E34.35363
G1 X123.275 Y112.42 E34.35433
G1 X123.275 Y112.886 E34.36017
G1 X122.962 Y112.765 E34.36184
G0 F7200 X122.836 Y112.732
G0 X122.836 Y112.662
G0 X123.03 Y112.577
;TYPE:SKIN
G1 F1800 X123.064 Y112.543 E34.36214
G0 F7200 X123.12 Y112.398
G1 F1500 E27.86214
G0 F7200 X123.098 Y112.454
G0 X123.265 Y109.87
G1 F1500 E34.36214
G0 F7200 X122.962 Y109.765
;TYPE:WALL-OUTER
G1 F1800 X122.836 Y109.732 E34.36377
G1 X122.836 Y109.246 E34.36986
G1 X123.225 Y109.396 E34.37269
G1 X123.275 Y109.42 E34.37338
G1 X123.276 Y109.886 E34.37923
G1 X122.962 Y109.765 E34.3809
G0 F7200 X122.836 Y109.732
G0 X122.836 Y109.662
G0 X122.875 Y109.661
G0 X122.938 Y109.656
G0 X121.144 Y109.67
G0 X121.038 Y109.765
G1 F1800 X120.725 Y109.886 E34.38511
G1 X120.724 Y109.421 E34.39094
G1 X120.78 Y109.394 E34.39172
G1 X121.164 Y109.246 E34.39688
G1 X121.164 Y109.732 E34.40298
G1 X121.038 Y109.765 E34.40461
G0 F7200 X120.852 Y109.837
G0 X120.918 Y109.598
;TYPE:SKIN
G1 F1800 X120.968 Y109.548 E34.40505
G0 F7200 X121.125 Y109.549
G0 X121.064 Y109.549
G0 X127.86 Y109.655
G0 X129.008 Y109.67
G0 X129.038 Y109.765
;TYPE:WALL-OUTER
G1 F1800 X128.725 Y109.886 E34.40926
G1 X128.724 Y109.421 E34.41509
G1 X128.78 Y109.394 E34.41587
G1 X129.164 Y109.246 E34.42103
G1 X129.164 Y109.732 E34.42713
G1 X129.038 Y109.765 E34.42876
G0 F7200 X128.852 Y109.837
G0 X129.125 Y109.463
G1 F1500 E27.92876
G0 F7200 X129.064 Y109.463
G0 X130.856 Y109.67
G1 F1500 E34.42876
G0 F7200 X130.962 Y109.765
G1 F1800 X130.836 Y109.732 E34.43039
G1 X130.836 Y109.246 E34.43649
G1 X131.225 Y109.396 E34.43931
G1 X131.275 Y109.42 E34.44001
G1 X131.276 Y109.886 E34.44585
G1 X130.962 Y109.765 E34.44752
G0 F7200 X130.836 Y109.732
G0 X130.836 Y109.662
G0 X130.875 Y109.661
G0 X130.938 Y109.656
G0 X130.847 Y112.262
G0 X130.962 Y112.765
G1 F1800 X130.836 Y112.732 E34.44916
G1 X130.836 Y112.246 E34.45525
G1 X131.225 Y112.396 E34.45808
G1 X131.275 Y112.42 E34.45877
G1 X131.275 Y112.886 E34.46462
G1 X130.962 Y112.765 E34.46628
G0 F7200 X130.836 Y112.732
G0 X130.836 Y112.662
G0 X130.875 Y112.662
G0 X130.938 Y112.657
G0 X129.144 Y112.67
G0 X129.038 Y112.765
G1 F1800 X128.725 Y112.886 E34.47049
G1 X128.724 Y112.421 E34.47632
G1 X128.78 Y112.394 E34.4771
G1 X129.164 Y112.246 E34.48226
G1 X129.164 Y112.732 E34.48836
G1 X129.038 Y112.765 E34.48999
G0 F7200 X128.852 Y112.837
G0 X129.125 Y112.463
G1 F1500 E27.98999
G0 F7200 X129.064 Y112.463
G0 X129.153 Y115.262
G1 F1500 E34.48999
G0 F7200 X129.038 Y115.765
G1 F1800 X128.725 Y115.886 E34.4942
G1 X128.724 Y115.421 E34.50003
G1 X128.78 Y115.394 E34.50081
G1 X129.164 Y115.246 E34.50597
G1 X129.164 Y115.732 E34.51206
G1 X129.038 Y115.765 E34.5137
G0 F7200 X128.852 Y115.837
G0 X129.125 Y115.463
G0 X129.064 Y115.463
G0 X130.856 Y115.67
G0 X130.962 Y115.765
G1 F1800 X130.836 Y115.732 E34.51533
G1 X130.836 Y115.246 E34.52142
G1 X131.225 Y115.396 E34.52425
G1 X131.275 Y115.42 E34.52494
G1 X131.276 Y115.886 E34.53079
G1 X130.962 Y115.765 E34.53246
G0 F7200 X130.836 Y115.732
G0 X130.836 Y115.662
G0 X131.048 Y115.59
;TYPE:SKIN
G1 F1800 X131.079 Y115.558 E34.53274
G0 F7200 X131.236 Y115.557
G1 F1500 E28.03274
G0 F7200 X131.175 Y115.556
G0 X130.847 Y118.262
G1 F1500 E34.53274
G0 F7200 X130.962 Y118.765
;TYPE:WALL-OUTER
G1 F1800 X130.836 Y118.732 E34.53437
G1 X130.836 Y118.246 E34.54047
G1 X131.225 Y118.396 E34.54329
G1 X131.275 Y118.42 E34.54399
G1 X131.276 Y118.886 E34.54983
G1 X130.962 Y118.765 E34.55151
G0 F7200 X130.836 Y118.732
G0 X130.836 Y118.662
G0 X130.875 Y118.661
G0 X130.938 Y118.656
G0 X129.144 Y118.67
G0 X129.038 Y118.765
G1 F1800 X128.725 Y118.886 E34.55571
G1 X128.724 Y118.421 E34.56154
G1 X128.78 Y118.394 E34.56232
G1 X129.164 Y118.246 E34.56749
G1 X129.164 Y118.732 E34.57358
G1 X129.038 Y118.765 E34.57521
G0 F7200 X128.852 Y118.837
G0 X128.918 Y118.569
;TYPE:SKIN
G1 F1800 X128.948 Y118.538 E34.57548
G0 F7200 X128.891 Y118.393
G1 F1500 E28.07548
;MESH:NONMESH
G0 F600 X128.891 Y118.393 Z6.2
G0 F7200 X128.912 Y118.45
G0 X127.86 Y118.432
G0 X124.133 Y114.883
G0 X123.105 Y114.423
G0 X122.013 Y114.143
G0 X119.88 Y114.226
G0 X114.029 Y109.72
G0 X112.825 Y109.805
G1 F1500 E34.57548
G0 F7200 X112.62 Y109.926
;TIME_ELAPSED:306.933050
;LAYER:30
;TYPE:WALL-OUTER
;MESH:output\B_media_suporte.stl
G1 F1800 X112.515 Y109.977 E34.57695
G1 X112.514 Y109.523 E34.58264
G1 X112.78 Y109.394 E34.58635
G1 X112.954 Y109.327 E34.58869
G1 X112.954 Y109.798 E34.59459
G1 X112.62 Y109.926 E34.59908
G0 F7200 X112.515 Y109.977
G0 X112.515 Y109.893
G0 X112.745 Y109.449
G0 X112.773 Y109.509
G0 X115.066 Y109.787
G0 X115.38 Y109.926
G1 F1800 X115.046 Y109.798 E34.60356
G1 X115.046 Y109.327 E34.60947
G1 X115.225 Y109.396 E34.61188
G1 X115.485 Y109.522 E34.6155
G1 X115.486 Y109.977 E34.62121
G1 X115.38 Y109.926 E34.62268
G0 F7200 X115.193 Y109.855
G0 X115.174 Y109.817
G1 F1500 E28.12268
G0 F7200 X115.199 Y109.751
G0 X115.057 Y112.343
G1 F1500 E34.62268
G0 F7200 X115.38 Y112.926
G1 F1800 X115.046 Y112.798 E34.62717
G1 X115.046 Y112.327 E34.63307
G1 X115.225 Y112.396 E34.63548
G1 X115.485 Y112.522 E34.6391
G1 X115.485 Y112.977 E34.64481
G1 X115.38 Y112.926 E34.64627
G0 F7200 X115.193 Y112.855
G0 X115.174 Y112.817
G0 X115.199 Y112.751
G0 X112.938 Y112.787
G0 X112.62 Y112.926
G1 F1800 X112.515 Y112.977 E34.64773
G1 X112.514 Y112.523 E34.65343
G1 X112.78 Y112.394 E34.65714
G1 X112.954 Y112.327 E34.65947
G1 X112.954 Y112.798 E34.66538
G1 X112.62 Y112.926 E34.66987
G0 F7200 X112.515 Y112.977
G0 X112.515 Y112.893
G0 X112.745 Y112.449
G1 F1500 E28.16987
G0 F7200 X112.773 Y112.509
G0 X112.943 Y115.343
G1 F1500 E34.66987
G0 F7200 X112.62 Y115.926
G1 F1800 X112.515 Y115.977 E34.67133
G1 X112.514 Y115.523 E34.67702
G1 X112.78 Y115.394 E34.68073
G1 X112.954 Y115.327 E34.68307
G1 X112.954 Y115.798 E34.68897
G1 X112.62 Y115.926 E34.69346
G0 F7200 X112.515 Y115.977
G0 X112.515 Y115.893
G0 X112.745 Y115.449
G0 X112.773 Y115.509
G0 X115.066 Y115.787
G0 X115.38 Y115.926
G1 F1800 X115.046 Y115.798 E34.69795
G1 X115.046 Y115.327 E34.70385
G1 X115.225 Y115.396 E34.70626
G1 X115.485 Y115.522 E34.70988
G1 X115.486 Y115.977 E34.71559
G1 X115.38 Y115.926 E34.71706
G0 F7200 X115.193 Y115.855
G0 X115.174 Y115.817
G0 X115.199 Y115.751
G0 X115.057 Y118.343
G0 X115.38 Y118.926
G1 F1800 X115.046 Y118.798 E34.72155
G1 X115.046 Y118.327 E34.72745
G1 X115.225 Y118.396 E34.72986
G1 X115.485 Y118.522 E34.73348
G1 X115.486 Y118.977 E34.73919
G1 X115.38 Y118.926 E34.74066
G0 F7200 X115.193 Y118.855
G0 X115.174 Y118.817
G1 F1500 E28.24066
G0 F7200 X115.199 Y118.751
G0 X112.934 Y118.787
G1 F1500 E34.74066
G0 F7200 X112.62 Y118.926
G1 F1800 X112.515 Y118.977 E34.74213
G1 X112.514 Y118.523 E34.74782
G1 X112.78 Y118.394 E34.75153
G1 X112.954 Y118.327 E34.75387
G1 X112.954 Y118.798 E34.75977
G1 X112.62 Y118.926 E34.76426
G0 F7200 X112.515 Y118.977
G0 X112.515 Y118.893
G0 X112.745 Y118.449
G0 X112.773 Y118.509
G0 X113.819 Y118.787
G0 X116.333 Y120.331
G0 X119.65 Y118.772
G0 X120.62 Y118.926
G1 F1800 X120.515 Y118.977 E34.76572
G1 X120.514 Y118.523 E34.77142
G1 X120.78 Y118.394 E34.77512
G1 X120.954 Y118.327 E34.77746
G1 X120.954 Y118.798 E34.78337
G1 X120.62 Y118.926 E34.78785
G0 F7200 X120.515 Y118.977
G0 X120.515 Y118.893
G0 X120.745 Y118.449
G1 F1500 E28.28785
G0 F7200 X120.773 Y118.509
G0 X123.066 Y118.787
G1 F1500 E34.78785
G0 F7200 X123.38 Y118.926
G1 F1800 X123.046 Y118.798 E34.79234
G1 X123.046 Y118.327 E34.79825
G1 X123.225 Y118.396 E34.80065
G1 X123.485 Y118.522 E34.80427
G1 X123.486 Y118.977 E34.80998
G1 X123.38 Y118.926 E34.81146
G0 F7200 X123.193 Y118.855
G0 X123.174 Y118.817
G0 X123.199 Y118.751
G0 X123.476 Y115.961
G0 X123.38 Y115.926
G1 F1800 X123.046 Y115.798 E34.81594
G1 X123.046 Y115.327 E34.82185
G1 X123.225 Y115.396 E34.82425
G1 X123.485 Y115.522 E34.82788
G1 X123.486 Y115.977 E34.83358
G1 X123.38 Y115.926 E34.83506
G0 F7200 X123.193 Y115.855
G0 X123.174 Y115.817
G1 F1500 E28.33506
G0 F7200 X123.199 Y115.751
G0 X120.934 Y115.787
G1 F1500 E34.83506
G0 F7200 X120.62 Y115.926
G1 F1800 X120.515 Y115.977 E34.83652
G1 X120.514 Y115.522 E34.84223
G1 X120.775 Y115.396 E34.84586
G1 X120.954 Y115.327 E34.84827
G1 X120.954 Y115.798 E34.85417
G1 X120.62 Y115.926 E34.85866
G0 F7200 X120.515 Y115.977
G0 X120.515 Y115.893
G0 X120.745 Y115.449
G0 X120.771 Y115.509
G0 X120.525 Y112.96
G0 X120.62 Y112.926
G1 F1800 X120.515 Y112.977 E34.86012
G1 X120.514 Y112.523 E34.86582
G1 X120.78 Y112.394 E34.86952
G1 X120.954 Y112.327 E34.87186
G1 X120.954 Y112.798 E34.87777
G1 X120.62 Y112.926 E34.88225
G0 F7200 X120.515 Y112.977
G0 X120.515 Y112.893
G0 X120.745 Y112.449
G1 F1500 E28.38225
G0 F7200 X120.773 Y112.509
G0 X123.062 Y112.787
G1 F1500 E34.88225
G0 F7200 X123.38 Y112.926
G1 F1800 X123.046 Y112.798 E34.88674
G1 X123.046 Y112.327 E34.89265
G1 X123.225 Y112.396 E34.89505
G1 X123.485 Y112.522 E34.89868
G1 X123.485 Y112.977 E34.90438
G1 X123.38 Y112.926 E34.90585
G0 F7200 X123.193 Y112.855
G0 X123.174 Y112.817
G0 X123.199 Y112.751
G0 X123.476 Y109.961
G0 X123.38 Y109.926
G1 F1800 X123.046 Y109.798 E34.91033
G1 X123.046 Y109.327 E34.91624
G1 X123.225 Y109.396 E34.91864
G1 X123.485 Y109.522 E34.92227
G1 X123.486 Y109.977 E34.92797
G1 X123.38 Y109.926 E34.92945
G0 F7200 X123.193 Y109.855
G0 X123.174 Y109.817
G1 F1500 E28.42945
G0 F7200 X123.199 Y109.751
G0 X120.934 Y109.787
G1 F1500 E34.92945
G0 F7200 X120.62 Y109.926
G1 F1800 X120.515 Y109.977 E34.93091
G1 X120.514 Y109.523 E34.9366
G1 X120.78 Y109.394 E34.94031
G1 X120.954 Y109.327 E34.94265
G1 X120.954 Y109.798 E34.94856
G1 X120.62 Y109.926 E34.95304
G0 F7200 X120.515 Y109.977
G0 X120.515 Y109.893
G0 X120.745 Y109.449
G0 X120.773 Y109.509
G0 X121.819 Y109.787
G0 X124.333 Y111.331
G0 X127.65 Y109.772
G0 X128.62 Y109.926
G1 F1800 X128.515 Y109.977 E34.95451
G1 X128.514 Y109.523 E34.9602
G1 X128.78 Y109.394 E34.96391
G1 X128.954 Y109.327 E34.96624
G1 X128.954 Y109.798 E34.97215
G1 X128.62 Y109.926 E34.97664
G0 F7200 X128.515 Y109.977
G0 X128.515 Y109.893
G0 X128.745 Y109.449
G1 F1500 E28.47664
G0 F7200 X128.773 Y109.509
G0 X131.066 Y109.787
G1 F1500 E34.97664
G0 F7200 X131.38 Y109.926
G1 F1800 X131.046 Y109.798 E34.98112
G1 X131.046 Y109.327 E34.98703
G1 X131.225 Y109.396 E34.98943
G1 X131.485 Y109.522 E34.99306
G1 X131.486 Y109.977 E34.99876
G1 X131.38 Y109.926 E35.00024
G0 F7200 X131.193 Y109.855
G0 X131.174 Y109.817
G0 X131.199 Y109.751
G0 X131.057 Y112.343
G0 X131.38 Y112.926
G1 F1800 X131.046 Y112.798 E35.00472
G1 X131.046 Y112.327 E35.01063
G1 X131.225 Y112.396 E35.01304
G1 X131.485 Y112.522 E35.01666
G1 X131.485 Y112.977 E35.02237
G1 X131.38 Y112.926 E35.02383
G0 F7200 X131.193 Y112.855
G0 X131.174 Y112.817
G1 F1500 E28.52383
G0 F7200 X131.199 Y112.751
G0 X128.938 Y112.787
G1 F1500 E35.02383
G0 F7200 X128.62 Y112.926
G1 F1800 X128.515 Y112.977 E35.02529
G1 X128.514 Y112.523 E35.03099
G1 X128.78 Y112.394 E35.03469
G1 X128.954 Y112.327 E35.03703
G1 X128.954 Y112.798 E35.04294
G1 X128.62 Y112.926 E35.04742
G0 F7200 X128.515 Y112.977
G0 X128.515 Y112.893
G0 X128.745 Y112.449
G0 X128.773 Y112.509
G0 X128.943 Y115.343
G0 X128.62 Y115.926
G1 F1800 X128.515 Y115.977 E35.04889
G1 X128.514 Y115.523 E35.05458
G1 X128.78 Y115.394 E35.05829
G1 X128.954 Y115.327 E35.06063
G1 X128.954 Y115.798 E35.06653
G1 X128.62 Y115.926 E35.07102
G0 F7200 X128.515 Y115.977
G0 X128.515 Y115.893
G0 X128.745 Y115.449
G1 F1500 E28.57102
G0 F7200 X128.773 Y115.509
G0 X131.066 Y115.787
G1 F1500 E35.07102
G0 F7200 X131.38 Y115.926
G1 F1800 X131.046 Y115.798 E35.0755
G1 X131.046 Y115.327 E35.08141
G1 X131.225 Y115.396 E35.08382
G1 X131.485 Y115.522 E35.08744
G1 X131.486 Y115.977 E35.09315
G1 X131.38 Y115.926 E35.09462
G0 F7200 X131.193 Y115.855
G0 X131.174 Y115.817
G0 X131.199 Y115.751
G0 X131.057 Y118.343
G0 X131.38 Y118.926
G1 F1800 X131.046 Y118.798 E35.09911
G1 X131.046 Y118.327 E35.10501
G1 X131.225 Y118.396 E35.10742
G1 X131.485 Y118.522 E35.11104
G1 X131.486 Y118.977 E35.11675
G1 X131.38 Y118.926 E35.11822
G0 F7200 X131.193 Y118.855
G0 X131.174 Y118.817
G1 F1500 E28.61822
G0 F7200 X131.199 Y118.751
G0 X128.934 Y118.787
G1 F1500 E35.11822
G0 F7200 X128.62 Y118.926
G1 F1800 X128.515 Y118.977 E35.11969
G1 X128.514 Y118.523 E35.12538
G1 X128.78 Y118.394 E35.12909
G1 X128.954 Y118.327 E35.13143
G1 X128.954 Y118.798 E35.13733
G1 X128.62 Y118.926 E35.14182
G0 F7200 X128.515 Y118.977
G0 X128.515 Y118.893
G0 X128.745 Y118.449
G1 F1500 E28.64182
;MESH:NONMESH
G0 F600 X128.745 Y118.449 Z6.4
G0 F7200 X128.773 Y118.509
G0 X127.65 Y118.534
G0 X124.333 Y117.331
G0 X122.19 Y116.45
G0 X121.803 Y114.203
G0 X119.67 Y114.328
G0 X114.19 Y110.45
G0 X112.938 Y109.787
G1 F1500 E35.14182
G0 F7200 X112.62 Y109.926
;TIME_ELAPSED:317.229132
;LAYER:31
;TYPE:WALL-OUTER
;MESH:output\B_media_suporte.stl
G1 F1800 X112.305 Y110.079 E35.14621
G1 X112.304 Y109.625 E35.1519
G1 X112.744 Y109.411 E35.15804
G1 X112.745 Y109.878 E35.16389
G1 X112.62 Y109.926 E35.16557
G0 F7200 X112.44 Y110.013
G0 X112.705 Y109.653
G0 X112.644 Y109.652
G0 X115.276 Y109.867
G0 X115.38 Y109.926
G1 F1800 X115.256 Y109.879 E35.16724
G1 X115.256 Y109.411 E35.17311
G1 X115.695 Y109.624 E35.17668
G1 X115.696 Y110.08 E35.1822
G1 X115.38 Y109.926 E35.18399
G0 F7200 X115.256 Y109.879
G0 X115.256 Y109.811
G0 X115.295 Y109.81
G1 F1500 E28.68399
G0 F7200 X115.356 Y109.81
G0 X115.266 Y112.427
G1 F1500 E35.18399
G0 F7200 X115.379 Y112.926
G1 F1800 X115.256 Y112.879 E35.18564
G1 X115.256 Y112.411 E35.19151
G1 X115.695 Y112.624 E35.19509
G1 X115.695 Y113.08 E35.20061
G1 X115.379 Y112.926 E35.20241
G0 F7200 X115.256 Y112.879
G0 X115.256 Y112.81
G0 X115.295 Y112.81
G0 X115.356 Y112.81
G0 X112.724 Y112.835
G0 X112.621 Y112.926
G1 F1800 X112.305 Y113.08 E35.20682
G1 X112.304 Y112.625 E35.21252
G1 X112.744 Y112.411 E35.21866
G1 X112.744 Y112.879 E35.22453
G1 X112.621 Y112.926 E35.22618
G0 F7200 X112.441 Y113.013
G0 X112.705 Y112.653
G1 F1500 E28.72618
G0 F7200 X112.644 Y112.653
G0 X112.734 Y115.427
G1 F1500 E35.22618
G0 F7200 X112.62 Y115.926
G1 F1800 X112.305 Y116.079 E35.23057
G1 X112.304 Y115.625 E35.23626
G1 X112.744 Y115.411 E35.2424
G1 X112.745 Y115.878 E35.24826
G1 X112.62 Y115.926 E35.24994
G0 F7200 X112.44 Y116.013
G0 X112.705 Y115.653
G1 F1500 E28.74994
G0 F7200 X112.644 Y115.652
G0 X115.276 Y115.867
G1 F1500 E35.24994
G0 F7200 X115.38 Y115.926
G1 F1800 X115.256 Y115.879 E35.2516
G1 X115.256 Y115.411 E35.25747
G1 X115.695 Y115.624 E35.26104
G1 X115.696 Y116.08 E35.26656
G1 X115.38 Y115.926 E35.26835
G0 F7200 X115.256 Y115.879
G0 X115.256 Y115.811
G0 X115.295 Y115.81
G0 X115.356 Y115.81
G0 X115.266 Y118.427
G0 X115.38 Y118.926
G1 F1800 X115.256 Y118.879 E35.27002
G1 X115.256 Y118.411 E35.27589
G1 X115.695 Y118.624 E35.27946
G1 X115.696 Y119.08 E35.28498
G1 X115.38 Y118.926 E35.28677
G0 F7200 X115.256 Y118.879
G0 X115.256 Y118.811
G0 X115.295 Y118.81
G1 F1500 E28.78677
G0 F7200 X115.356 Y118.81
G0 X112.724 Y118.835
G1 F1500 E35.28677
G0 F7200 X112.621 Y118.926
G1 F1800 X112.305 Y119.08 E35.29118
G1 X112.304 Y118.625 E35.29689
G1 X112.744 Y118.411 E35.30302
G1 X112.744 Y118.879 E35.30889
G1 X112.621 Y118.926 E35.31054
G0 F7200 X112.441 Y119.013
G0 X112.705 Y118.653
G0 X112.644 Y118.653
G0 X114.399 Y119.47
G0 X116.543 Y120.433
G0 X119.44 Y118.82
G0 X120.582 Y118.835
G0 X120.621 Y118.926
G1 F1800 X120.305 Y119.08 E35.31495
G1 X120.304 Y118.625 E35.32066
G1 X120.744 Y118.411 E35.32679
G1 X120.744 Y118.879 E35.33266
G1 X120.621 Y118.926 E35.33431
G0 F7200 X120.441 Y119.013
G0 X120.705 Y118.653
G1 F1500 E28.83431
G0 F7200 X120.644 Y118.653
G0 X123.276 Y118.835
G1 F1500 E35.33431
G0 F7200 X123.38 Y118.926
G1 F1800 X123.256 Y118.879 E35.33598
G1 X123.256 Y118.411 E35.34185
G1 X123.695 Y118.624 E35.34542
G1 X123.696 Y119.08 E35.35094
G1 X123.38 Y118.926 E35.35273
G0 F7200 X123.256 Y118.879
G0 X123.256 Y118.811
G0 X123.295 Y118.81
G0 X123.356 Y118.81
G0 X123.686 Y116.064
G0 X123.38 Y115.926
G1 F1800 X123.256 Y115.879 E35.3544
G1 X123.256 Y115.411 E35.36026
G1 X123.695 Y115.624 E35.36384
G1 X123.696 Y116.08 E35.36936
G1 X123.38 Y115.926 E35.37115
G0 F7200 X123.256 Y115.879
G0 X123.256 Y115.811
G0 X123.295 Y115.81
G1 F1500 E28.87115
G0 F7200 X123.356 Y115.81
G0 X120.729 Y115.867
G1 F1500 E35.37115
G0 F7200 X120.62 Y115.926
G1 F1800 X120.304 Y116.08 E35.37556
G1 X120.305 Y115.624 E35.38128
G1 X120.744 Y115.411 E35.3874
G1 X120.745 Y115.878 E35.39325
G1 X120.62 Y115.926 E35.39493
G0 F7200 X120.44 Y116.013
G0 X120.704 Y115.654
G1 F1500 E28.89493
G0 F7200 X120.644 Y115.653
G0 X120.315 Y113.064
G1 F1500 E35.39493
G0 F7200 X120.621 Y112.926
G1 F1800 X120.305 Y113.08 E35.39934
G1 X120.304 Y112.625 E35.40505
G1 X120.744 Y112.411 E35.41118
G1 X120.744 Y112.879 E35.41705
G1 X120.621 Y112.926 E35.4187
G0 F7200 X120.441 Y113.013
G0 X120.705 Y112.653
G0 X120.644 Y112.653
G0 X123.276 Y112.835
G0 X123.379 Y112.926
G1 F1800 X123.256 Y112.879 E35.42035
G1 X123.256 Y112.411 E35.42622
G1 X123.695 Y112.624 E35.4298
G1 X123.695 Y113.08 E35.43532
G1 X123.379 Y112.926 E35.43712
G0 F7200 X123.256 Y112.879
G0 X123.256 Y112.81
G0 X123.295 Y112.81
G1 F1500 E28.93712
G0 F7200 X123.356 Y112.81
G0 X123.686 Y110.064
G1 F1500 E35.43712
G0 F7200 X123.38 Y109.926
G1 F1800 X123.256 Y109.879 E35.43878
G1 X123.256 Y109.411 E35.44465
G1 X123.695 Y109.624 E35.44823
G1 X123.696 Y110.08 E35.45375
G1 X123.38 Y109.926 E35.45554
G0 F7200 X123.256 Y109.879
G0 X123.256 Y109.811
G0 X123.295 Y109.81
G0 X123.356 Y109.81
G0 X120.729 Y109.867
G0 X120.62 Y109.926
G1 F1800 X120.305 Y110.079 E35.45993
G1 X120.304 Y109.625 E35.46562
G1 X120.744 Y109.411 E35.47176
G1 X120.745 Y109.878 E35.47762
G1 X120.62 Y109.926 E35.47929
G0 F7200 X120.44 Y110.013
G0 X120.705 Y109.653
G1 F1500 E28.97929
G0 F7200 X120.644 Y109.652
G0 X122.399 Y110.47
G0 X124.543 Y111.433
G0 X127.44 Y109.852
G0 X128.581 Y109.835
G1 F1500 E35.47929
G0 F7200 X128.62 Y109.926
G1 F1800 X128.305 Y110.079 E35.48369
G1 X128.304 Y109.625 E35.48938
G1 X128.744 Y109.411 E35.49551
G1 X128.745 Y109.878 E35.50137
G1 X128.62 Y109.926 E35.50305
G0 F7200 X128.44 Y110.013
G0 X128.705 Y109.653
G1 F1500 E29.00305
G0 F7200 X128.644 Y109.652
G0 X131.276 Y109.867
G1 F1500 E35.50305
G0 F7200 X131.38 Y109.926
G1 F1800 X131.256 Y109.879 E35.50471
G1 X131.256 Y109.411 E35.51058
G1 X131.695 Y109.624 E35.51416
G1 X131.696 Y110.08 E35.51968
G1 X131.38 Y109.926 E35.52147
G0 F7200 X131.256 Y109.879
G0 X131.256 Y109.811
G0 X131.295 Y109.81
G0 X131.356 Y109.81
G0 X131.266 Y112.427
G0 X131.379 Y112.926
G1 F1800 X131.256 Y112.879 E35.52312
G1 X131.256 Y112.411 E35.52899
G1 X131.695 Y112.624 E35.53256
G1 X131.695 Y113.08 E35.53808
G1 X131.379 Y112.926 E35.53989
G0 F7200 X131.256 Y112.879
G0 X131.256 Y112.81
G0 X131.295 Y112.81
G1 F1500 E29.03989
G0 F7200 X131.356 Y112.81
G0 X128.724 Y112.835
G1 F1500 E35.53989
G0 F7200 X128.621 Y112.926
G1 F1800 X128.305 Y113.08 E35.54429
G1 X128.304 Y112.625 E35.55
G1 X128.744 Y112.411 E35.55614
G1 X128.744 Y112.879 E35.562
G1 X128.621 Y112.926 E35.56366
G0 F7200 X128.441 Y113.013
G0 X128.705 Y112.653
G1 F1500 E29.06366
G0 F7200 X128.644 Y112.653
G0 X128.734 Y115.427
G1 F1500 E35.56366
G0 F7200 X128.62 Y115.926
G1 F1800 X128.305 Y116.079 E35.56805
G1 X128.304 Y115.625 E35.57374
G1 X128.744 Y115.411 E35.57988
G1 X128.745 Y115.878 E35.58573
G1 X128.62 Y115.926 E35.58741
G0 F7200 X128.44 Y116.013
G0 X128.705 Y115.653
G1 F1500 E29.08741
G0 F7200 X128.644 Y115.652
G0 X131.276 Y115.867
G1 F1500 E35.58741
G0 F7200 X131.38 Y115.926
G1 F1800 X131.256 Y115.879 E35.58908
G1 X131.256 Y115.411 E35.59494
G1 X131.695 Y115.624 E35.59852
G1 X131.696 Y116.08 E35.60404
G1 X131.38 Y115.926 E35.60583
G0 F7200 X131.256 Y115.879
G0 X131.256 Y115.811
G0 X131.295 Y115.81
G1 F1500 E29.10583
G0 F7200 X131.356 Y115.81
G0 X131.266 Y118.427
G1 F1500 E35.60583
G0 F7200 X131.38 Y118.926
G1 F1800 X131.256 Y118.879 E35.60749
G1 X131.256 Y118.411 E35.61336
G1 X131.695 Y118.624 E35.61694
G1 X131.696 Y119.08 E35.62246
G1 X131.38 Y118.926 E35.62425
G0 F7200 X131.256 Y118.879
G0 X131.256 Y118.811
G0 X131.295 Y118.81
G0 X131.356 Y118.81
G0 X128.724 Y118.835
G0 X128.621 Y118.926
G1 F1800 X128.305 Y119.08 E35.62866
G1 X128.304 Y118.625 E35.63436
G1 X128.744 Y118.411 E35.6405
G1 X128.744 Y118.879 E35.64637
G1 X128.621 Y118.926 E35.64802
G0 F7200 X128.441 Y119.013
G0 X128.705 Y118.653
G1 F1500 E29.14802
;MESH:NONMESH
G0 F600 X128.705 Y118.653 Z6.6
G0 F7200 X128.644 Y118.653
G0 X127.44 Y118.636
G0 X124.543 Y117.433
G0 X122.399 Y116.47
G0 X121.59 Y114.178
G0 X119.46 Y114.43
G0 X114.704 Y110.56
G0 X113.609 Y109.866
G0 X112.493 Y109.876
G1 F1500 E35.64802
G0 F7200 X112.535 Y109.968
;TIME_ELAPSED:329.167118
;LAYER:32
;TYPE:WALL-OUTER
;MESH:output\B_media_suporte.stl
G1 F1800 X112.095 Y110.182 E35.65416
G1 X112.094 Y109.727 E35.65986
G1 X112.534 Y109.513 E35.666
G1 X112.535 Y109.968 E35.6717
G0 F7200 X112.356 Y110.055
G0 X112.352 Y110.046
G1 F1500 E29.1717
G0 F7200 X112.315 Y109.965
G0 X112.524 Y112.53
G1 F1500 E35.6717
G0 F7200 X112.534 Y112.968
G1 F1800 X112.095 Y113.182 E35.67783
G1 X112.094 Y112.727 E35.68353
G1 X112.534 Y112.514 E35.68966
G1 X112.534 Y112.968 E35.69536
G0 F7200 X112.355 Y113.055
G0 X112.35 Y113.047
G1 F1500 E29.19536
G0 F7200 X112.313 Y112.966
G0 X112.524 Y115.529
G1 F1500 E35.69536
G0 F7200 X112.535 Y115.968
G1 F1800 X112.095 Y116.182 E35.70149
G1 X112.094 Y115.727 E35.7072
G1 X112.534 Y115.513 E35.71333
G1 X112.535 Y115.968 E35.71904
G0 F7200 X112.356 Y116.055
G0 X112.352 Y116.046
G1 F1500 E29.21904
G0 F7200 X112.315 Y115.965
G0 X112.524 Y118.53
G1 F1500 E35.71904
G0 F7200 X112.534 Y118.968
G1 F1800 X112.095 Y119.182 E35.72517
G1 X112.094 Y118.727 E35.73087
G1 X112.534 Y118.514 E35.737
G1 X112.534 Y118.968 E35.74269
G0 F7200 X112.355 Y119.055
G0 X112.35 Y119.047
G1 F1500 E29.24269
G0 F7200 X112.313 Y118.966
G0 X113.399 Y118.778
G0 X114.601 Y118.778
G0 X115.805 Y118.778
G1 F1500 E35.74269
G0 F7200 X115.905 Y118.726
G1 F1800 X115.906 Y119.182 E35.74841
G1 X115.466 Y118.968 E35.75455
G1 X115.466 Y118.513 E35.76025
G1 X115.905 Y118.726 E35.76637
G0 F7200 X115.905 Y118.926
G0 X115.866 Y118.925
G1 F1500 E29.26637
G0 F7200 X115.805 Y118.924
G0 X115.896 Y116.167
G1 F1500 E35.76637
G0 F7200 X115.905 Y115.726
G1 F1800 X115.906 Y116.183 E35.7721
G1 X115.466 Y115.969 E35.77824
G1 X115.466 Y115.513 E35.78396
G1 X115.905 Y115.726 E35.79008
G0 F7200 X115.905 Y115.926
G0 X115.866 Y115.925
G1 F1500 E29.29008
G0 F7200 X115.805 Y115.924
G0 X115.895 Y113.165
G1 F1500 E35.79008
G0 F7200 X115.905 Y112.726
G1 F1800 X115.905 Y113.181 E35.79578
G1 X115.466 Y112.968 E35.8019
G1 X115.466 Y112.513 E35.80761
G1 X115.905 Y112.726 E35.81373
G0 F7200 X115.905 Y112.926
G0 X115.866 Y112.926
G1 F1500 E29.31373
G0 F7200 X115.805 Y112.926
G0 X115.896 Y110.167
G1 F1500 E35.81373
G0 F7200 X115.905 Y109.726
G1 F1800 X115.906 Y110.183 E35.81946
G1 X115.466 Y109.969 E35.82559
G1 X115.466 Y109.513 E35.83131
G1 X115.905 Y109.726 E35.83743
G0 F7200 X115.905 Y109.926
G0 X115.866 Y109.925
G1 F1500 E29.33743
G0 F7200 X115.805 Y109.924
G0 X119.23 Y109.916
G0 X120.434 Y109.915
G1 F1500 E35.83743
G0 F7200 X120.535 Y109.968
G1 F1800 X120.095 Y110.182 E35.84357
G1 X120.094 Y109.727 E35.84927
G1 X120.534 Y109.513 E35.85541
G1 X120.535 Y109.968 E35.86112
G0 F7200 X120.356 Y110.055
G0 X120.352 Y110.046
G1 F1500 E29.36112
G0 F7200 X120.315 Y109.965
G0 X120.524 Y112.53
G1 F1500 E35.86112
G0 F7200 X120.534 Y112.968
G1 F1800 X120.095 Y113.182 E35.86724
G1 X120.094 Y112.727 E35.87295
G1 X120.534 Y112.514 E35.87908
G1 X120.534 Y112.968 E35.88477
G0 F7200 X120.355 Y113.055
G0 X120.35 Y113.047
G1 F1500 E29.38477
G0 F7200 X120.313 Y112.966
G0 X120.524 Y115.529
G1 F1500 E35.88477
G0 F7200 X120.535 Y115.968
G1 F1800 X120.094 Y116.182 E35.89092
G1 X120.095 Y115.726 E35.89663
G1 X120.534 Y115.513 E35.90275
G1 X120.535 Y115.968 E35.90846
G0 F7200 X120.355 Y116.055
G0 X120.351 Y116.046
G1 F1500 E29.40846
G0 F7200 X120.314 Y115.964
G0 X120.524 Y118.53
G1 F1500 E35.90846
G0 F7200 X120.534 Y118.968
G1 F1800 X120.095 Y119.182 E35.91458
G1 X120.094 Y118.727 E35.92029
G1 X120.534 Y118.514 E35.92642
G1 X120.534 Y118.968 E35.93211
G0 F7200 X120.355 Y119.055
G0 X120.35 Y119.047
G1 F1500 E29.43211
G0 F7200 X120.313 Y118.966
G0 X121.399 Y118.778
G0 X122.601 Y118.778
G0 X123.805 Y118.778
G1 F1500 E35.93211
G0 F7200 X123.905 Y118.726
G1 F1800 X123.906 Y119.182 E35.93783
G1 X123.466 Y118.968 E35.94397
G1 X123.466 Y118.513 E35.94967
G1 X123.905 Y118.726 E35.95579
G0 F7200 X123.905 Y118.926
G0 X123.866 Y118.925
G1 F1500 E29.45579
G0 F7200 X123.805 Y118.924
G0 X123.896 Y116.167
G1 F1500 E35.95579
G0 F7200 X123.905 Y115.726
G1 F1800 X123.906 Y116.183 E35.96152
G1 X123.466 Y115.969 E35.96766
G1 X123.466 Y115.513 E35.97338
G1 X123.905 Y115.726 E35.9795
G0 F7200 X123.905 Y115.926
G0 X123.866 Y115.925
G1 F1500 E29.4795
G0 F7200 X123.805 Y115.924
G0 X123.895 Y113.165
G1 F1500 E35.9795
G0 F7200 X123.905 Y112.726
G1 F1800 X123.905 Y113.181 E35.9852
G1 X123.466 Y112.968 E35.99132
G1 X123.466 Y112.513 E35.99703
G1 X123.905 Y112.726 E36.00315
G0 F7200 X123.905 Y112.926
G0 X123.866 Y112.926
G1 F1500 E29.50315
G0 F7200 X123.805 Y112.926
G0 X123.896 Y110.167
G1 F1500 E36.00315
G0 F7200 X123.905 Y109.726
G1 F1800 X123.906 Y110.183 E36.00888
G1 X123.466 Y109.969 E36.01501
G1 X123.466 Y109.513 E36.02073
G1 X123.905 Y109.726 E36.02685
G0 F7200 X123.905 Y109.926
G0 X123.866 Y109.925
G1 F1500 E29.52685
G0 F7200 X123.805 Y109.924
G0 X127.23 Y109.916
G0 X128.434 Y109.915
G1 F1500 E36.02685
G0 F7200 X128.535 Y109.968
G1 F1800 X128.095 Y110.182 E36.03299
G1 X128.094 Y109.727 E36.03869
G1 X128.534 Y109.513 E36.04483
G1 X128.535 Y109.968 E36.05053
G0 F7200 X128.356 Y110.055
G0 X128.352 Y110.046
G1 F1500 E29.55053
G0 F7200 X128.315 Y109.965
G0 X128.524 Y112.53
G1 F1500 E36.05053
G0 F7200 X128.534 Y112.968
G1 F1800 X128.095 Y113.182 E36.05666
G1 X128.094 Y112.727 E36.06236
G1 X128.534 Y112.514 E36.06849
G1 X128.534 Y112.968 E36.07419
G0 F7200 X128.355 Y113.055
G0 X128.35 Y113.047
G1 F1500 E29.57419
G0 F7200 X128.313 Y112.966
G0 X128.524 Y115.529
G1 F1500 E36.07419
G0 F7200 X128.535 Y115.968
G1 F1800 X128.095 Y116.182 E36.08032
G1 X128.094 Y115.727 E36.08603
G1 X128.534 Y115.513 E36.09217
G1 X128.535 Y115.968 E36.09787
G0 F7200 X128.356 Y116.055
G0 X128.352 Y116.046
G1 F1500 E29.59787
G0 F7200 X128.315 Y115.965
G0 X128.524 Y118.53
G1 F1500 E36.09787
G0 F7200 X128.534 Y118.968
G1 F1800 X128.095 Y119.182 E36.104
G1 X128.094 Y118.727 E36.1097
G1 X128.534 Y118.514 E36.11583
G1 X128.534 Y118.968 E36.12153
G0 F7200 X128.355 Y119.055
G0 X128.35 Y119.047
G1 F1500 E29.62153
G0 F7200 X128.313 Y118.966
G0 X129.399 Y118.778
G0 X130.601 Y118.778
G0 X131.805 Y118.778
G1 F1500 E36.12153
G0 F7200 X131.905 Y118.726
G1 F1800 X131.906 Y119.182 E36.12724
G1 X131.466 Y118.968 E36.13338
G1 X131.466 Y118.513 E36.13909
G1 X131.905 Y118.726 E36.1452
G0 F7200 X131.905 Y118.926
G0 X131.866 Y118.925
G1 F1500 E29.6452
G0 F7200 X131.805 Y118.924
G0 X131.896 Y116.167
G1 F1500 E36.1452
G0 F7200 X131.905 Y115.726
G1 F1800 X131.906 Y116.183 E36.15094
G1 X131.466 Y115.969 E36.15707
G1 X131.466 Y115.513 E36.16279
G1 X131.905 Y115.726 E36.16891
G0 F7200 X131.905 Y115.926
G0 X131.866 Y115.925
G1 F1500 E29.66891
G0 F7200 X131.805 Y115.924
G0 X131.895 Y113.165
G1 F1500 E36.16891
G0 F7200 X131.905 Y112.726
G1 F1800 X131.905 Y113.181 E36.17461
G1 X131.466 Y112.968 E36.18073
G1 X131.466 Y112.513 E36.18644
G1 X131.905 Y112.726 E36.19256
G0 F7200 X131.905 Y112.926
G0 X131.866 Y112.926
G1 F1500 E29.69256
G0 F7200 X131.805 Y112.926
G0 X131.896 Y110.167
G1 F1500 E36.19256
G0 F7200 X131.905 Y109.726
G1 F1800 X131.906 Y110.183 E36.19829
G1 X131.466 Y109.969 E36.20442
G1 X131.466 Y109.513 E36.21014
G1 X131.905 Y109.726 E36.21626
G0 F7200 X131.905 Y109.926
G0 X131.866 Y109.925
G1 F1500 E29.71626
;MESH:NONMESH
G0 F600 X131.866 Y109.925 Z6.8
G0 F7200 X131.805 Y109.924
G0 X130.601 Y109.959
G0 X127.25 Y111.532
G0 X124.753 Y111.534
G0 X120.97 Y110.717
G0 X119.25 Y111.532
G0 X116.753 Y111.534
G0 X113.399 Y109.957
G0 X112.284 Y109.98
G1 F1500 E36.21626
G0 F7200 X112.325 Y110.07
;TIME_ELAPSED:345.657345
;LAYER:33
;TYPE:WALL-OUTER
;MESH:output\B_media_suporte.stl
G1 F1800 X111.884 Y110.284 E36.22241
G1 X111.884 Y109.829 E36.22812
G1 X112.324 Y109.615 E36.23425
G1 X112.325 Y110.07 E36.23996
G0 F7200 X112.145 Y110.157
G0 X112.142 Y110.148
G1 F1500 E29.73996
G0 F7200 X112.104 Y110.066
G0 X112.314 Y112.631
G1 F1500 E36.23996
G0 F7200 X112.325 Y113.07
G1 F1800 X111.884 Y113.284 E36.2461
G1 X111.884 Y112.829 E36.25181
G1 X112.324 Y112.615 E36.25795
G1 X112.325 Y113.07 E36.26365
G0 F7200 X112.145 Y113.157
G0 X112.142 Y113.148
G1 F1500 E29.76365
G0 F7200 X112.104 Y113.066
G0 X112.314 Y115.631
G1 F1500 E36.26365
G0 F7200 X112.324 Y116.071
G1 F1800 X111.885 Y116.284 E36.26977
G1 X111.884 Y115.829 E36.27548
G1 X112.324 Y115.615 E36.28161
G1 X112.324 Y116.071 E36.28733
G0 F7200 X112.144 Y116.158
G0 X112.141 Y116.148
G1 F1500 E29.78733
G0 F7200 X112.103 Y116.067
G0 X112.314 Y118.631
G1 F1500 E36.28733
G0 F7200 X112.325 Y119.07
G1 F1800 X111.884 Y119.284 E36.29348
G1 X111.884 Y118.829 E36.29918
G1 X112.324 Y118.615 E36.30532
G1 X112.325 Y119.07 E36.31103
G0 F7200 X112.145 Y119.157
G0 X112.142 Y119.148
G1 F1500 E29.81103
G0 F7200 X112.104 Y119.066
G0 X113.189 Y118.889
G0 X114.81 Y118.89
G0 X116.016 Y118.882
G1 F1500 E36.31103
G0 F7200 X116.116 Y118.829
G1 F1800 X116.116 Y119.284 E36.31673
G1 X115.675 Y119.07 E36.32288
G1 X115.675 Y118.615 E36.32858
G1 X116.116 Y118.829 E36.33473
G0 F7200 X116.116 Y119.029
G0 X116.075 Y119.029
G1 F1500 E29.83473
G0 F7200 X116.016 Y119.029
G0 X116.106 Y116.268
G1 F1500 E36.33473
G0 F7200 X116.116 Y115.829
G1 F1800 X116.116 Y116.284 E36.34044
G1 X115.675 Y116.07 E36.34658
G1 X115.675 Y115.615 E36.35229
G1 X116.116 Y115.829 E36.35844
G0 F7200 X116.116 Y116.029
G0 X116.075 Y116.029
G1 F1500 E29.85844
G0 F7200 X116.016 Y116.029
G0 X116.105 Y113.268
G1 F1500 E36.35844
G0 F7200 X116.116 Y112.829
G1 F1800 X116.115 Y113.284 E36.36414
G1 X115.675 Y113.07 E36.37028
G1 X115.676 Y112.615 E36.37598
G1 X116.116 Y112.829 E36.38212
G0 F7200 X116.116 Y113.029
G0 X116.075 Y113.028
G1 F1500 E29.88212
G0 F7200 X116.016 Y113.028
G0 X116.106 Y110.268
G1 F1500 E36.38212
G0 F7200 X116.116 Y109.829
G1 F1800 X116.116 Y110.284 E36.38783
G1 X115.675 Y110.07 E36.39397
G1 X115.676 Y109.615 E36.39968
G1 X116.116 Y109.829 E36.40581
G0 F7200 X116.116 Y110.029
G0 X116.075 Y110.029
G1 F1500 E29.90581
G0 F7200 X116.016 Y110.029
G0 X119.02 Y109.996
G0 X120.234 Y110.003
G1 F1500 E36.40581
G0 F7200 X120.324 Y110.071
G1 F1800 X119.885 Y110.284 E36.41193
G1 X119.884 Y109.829 E36.41764
G1 X120.324 Y109.615 E36.42378
G1 X120.324 Y110.071 E36.42949
G0 F7200 X120.144 Y110.158
G0 X120.141 Y110.148
G1 F1500 E29.92949
G0 F7200 X120.103 Y110.067
G0 X120.314 Y112.631
G1 F1500 E36.42949
G0 F7200 X120.325 Y113.07
G1 F1800 X119.885 Y113.284 E36.43563
G1 X119.884 Y112.829 E36.44134
G1 X120.324 Y112.615 E36.44747
G1 X120.325 Y113.07 E36.45318
G0 F7200 X120.146 Y113.157
G0 X120.142 Y113.148
G1 F1500 E29.95318
G0 F7200 X120.105 Y113.067
G0 X120.314 Y115.631
G1 F1500 E36.45318
G0 F7200 X120.325 Y116.07
G1 F1800 X119.884 Y116.284 E36.45932
G1 X119.885 Y115.828 E36.46504
G1 X120.324 Y115.615 E36.47116
G1 X120.325 Y116.07 E36.47687
G0 F7200 X120.145 Y116.157
G0 X120.141 Y116.148
G1 F1500 E29.97687
G0 F7200 X120.104 Y116.066
G0 X120.314 Y118.631
G1 F1500 E36.47687
G0 F7200 X120.325 Y119.07
G1 F1800 X119.884 Y119.284 E36.48301
G1 X119.884 Y118.829 E36.48872
G1 X120.324 Y118.615 E36.49486
G1 X120.325 Y119.07 E36.50056
G0 F7200 X120.145 Y119.157
G0 X120.142 Y119.148
G1 F1500 E30.00056
G0 F7200 X120.104 Y119.066
G0 X121.189 Y118.889
G0 X122.81 Y118.89
G0 X124.016 Y118.882
G1 F1500 E36.50056
G0 F7200 X124.116 Y118.829
G1 F1800 X124.116 Y119.284 E36.50627
G1 X123.675 Y119.07 E36.51241
G1 X123.675 Y118.615 E36.51812
G1 X124.116 Y118.829 E36.52427
G0 F7200 X124.116 Y119.029
G0 X124.075 Y119.029
G0 X124.016 Y119.029
G0 X124.106 Y116.268
G0 X124.116 Y115.829
G1 F1800 X124.116 Y116.284 E36.52997
G1 X123.675 Y116.07 E36.53612
G1 X123.675 Y115.615 E36.54183
G1 X124.116 Y115.829 E36.54797
G0 F7200 X124.116 Y116.029
G0 X124.075 Y116.029
G1 F1500 E30.04797
G0 F7200 X124.016 Y116.029
G0 X124.105 Y113.268
G1 F1500 E36.54797
G0 F7200 X124.116 Y112.829
G1 F1800 X124.115 Y113.284 E36.55368
G1 X123.675 Y113.07 E36.55982
G1 X123.676 Y112.615 E36.56552
G1 X124.116 Y112.829 E36.57166
G0 F7200 X124.116 Y113.029
G0 X124.075 Y113.028
G1 F1500 E30.07166
G0 F7200 X124.016 Y113.028
G0 X124.106 Y110.268
G1 F1500 E36.57166
G0 F7200 X124.116 Y109.829
G1 F1800 X124.116 Y110.284 E36.57736
G1 X123.675 Y110.07 E36.58351
G1 X123.676 Y109.615 E36.58922
G1 X124.116 Y109.829 E36.59535
G0 F7200 X124.116 Y110.029
G0 X124.075 Y110.029
G0 X124.016 Y110.029
G0 X127.019 Y110.017
G0 X128.224 Y110.017
G0 X128.325 Y110.07
G1 F1800 X127.884 Y110.284 E36.6015
G1 X127.884 Y109.829 E36.6072
G1 X128.324 Y109.615 E36.61334
G1 X128.325 Y110.07 E36.61905
G0 F7200 X128.145 Y110.157
G0 X128.142 Y110.148
G1 F1500 E30.11905
G0 F7200 X128.104 Y110.066
G0 X128.314 Y112.631
G1 F1500 E36.61905
G0 F7200 X128.325 Y113.07
G1 F1800 X127.884 Y113.284 E36.62519
G1 X127.884 Y112.829 E36.6309
G1 X128.324 Y112.615 E36.63703
G1 X128.325 Y113.07 E36.64274
G0 F7200 X128.145 Y113.157
G0 X128.142 Y113.148
G1 F1500 E30.14274
G0 F7200 X128.104 Y113.066
G0 X128.314 Y115.631
G1 F1500 E36.64274
G0 F7200 X128.324 Y116.071
G1 F1800 X127.885 Y116.284 E36.64886
G1 X127.884 Y115.829 E36.65457
G1 X128.324 Y115.615 E36.6607
G1 X128.324 Y116.071 E36.66642
G0 F7200 X128.144 Y116.158
G0 X128.141 Y116.148
G0 X128.103 Y116.067
G0 X128.314 Y118.631
G0 X128.325 Y119.07
G1 F1800 X127.884 Y119.284 E36.67257
G1 X127.884 Y118.829 E36.67827
G1 X128.324 Y118.615 E36.68441
G1 X128.325 Y119.07 E36.69011
G0 F7200 X128.145 Y119.157
G0 X128.142 Y119.148
G1 F1500 E30.19011
G0 F7200 X128.104 Y119.066
G0 X129.189 Y118.889
G0 X130.81 Y118.89
G0 X132.016 Y118.882
G1 F1500 E36.69011
G0 F7200 X132.116 Y118.829
G1 F1800 X132.116 Y119.284 E36.69582
G1 X131.675 Y119.07 E36.70197
G1 X131.675 Y118.615 E36.70767
G1 X132.116 Y118.829 E36.71382
G0 F7200 X132.116 Y119.029
G0 X132.075 Y119.029
G1 F1500 E30.21382
G0 F7200 X132.016 Y119.029
G0 X132.106 Y116.268
G1 F1500 E36.71382
G0 F7200 X132.116 Y115.829
G1 F1800 X132.116 Y116.284 E36.71953
G1 X131.675 Y116.07 E36.72567
G1 X131.675 Y115.615 E36.73138
G1 X132.116 Y115.829 E36.73753
G0 F7200 X132.116 Y116.029
G0 X132.075 Y116.029
G0 X132.016 Y116.029
G0 X132.105 Y113.268
G0 X132.116 Y112.829
G1 F1800 X132.115 Y113.284 E36.74323
G1 X131.675 Y113.07 E36.74937
G1 X131.676 Y112.615 E36.75507
G1 X132.116 Y112.829 E36.76121
G0 F7200 X132.116 Y113.029
G0 X132.075 Y113.028
G1 F1500 E30.26121
G0 F7200 X132.016 Y113.028
G0 X132.106 Y110.268
G1 F1500 E36.76121
G0 F7200 X132.116 Y109.829
G1 F1800 X132.116 Y110.284 E36.76691
G1 X131.675 Y110.07 E36.77306
G1 X131.676 Y109.615 E36.77877
G1 X132.116 Y109.829 E36.7849
G0 F7200 X132.116 Y110.029
G0 X132.075 Y110.029
;MESH:NONMESH
G0 F600 X132.075 Y110.029 Z7
G0 F7200 X132.016 Y110.029
G0 X130.81 Y110.06
G0 X127.038 Y111.636
G0 X124.962 Y111.636
G0 X121.182 Y110.608
G0 X119.04 Y111.633
G0 X116.962 Y111.636
G0 X113.189 Y110.059
G0 X112.072 Y110.081
G0 X112.115 Y110.172
;TIME_ELAPSED:359.482144
;LAYER:34
;TYPE:WALL-OUTER
;MESH:output\B_media_suporte.stl
G1 F1800 X111.675 Y110.386 E36.79104
G1 X111.675 Y109.931 E36.79675
G1 X112.114 Y109.717 E36.80287
G1 X112.115 Y110.172 E36.80858
G0 F7200 X111.936 Y110.259
G0 X111.932 Y110.25
G1 F1500 E30.30858
G0 F7200 X111.895 Y110.169
G0 X112.104 Y112.733
G1 F1500 E36.80858
G0 F7200 X112.115 Y113.172
G1 F1800 X111.675 Y113.386 E36.81471
G1 X111.675 Y112.931 E36.82042
G1 X112.114 Y112.717 E36.82654
G1 X112.115 Y113.172 E36.83225
G0 F7200 X111.936 Y113.259
G0 X111.932 Y113.25
G0 X111.895 Y113.169
G0 X112.104 Y115.734
G0 X112.114 Y116.173
G1 F1800 X111.676 Y116.386 E36.83836
G1 X111.675 Y115.931 E36.84406
G1 X112.114 Y115.718 E36.85018
G1 X112.114 Y116.173 E36.85589
G0 F7200 X111.935 Y116.26
G0 X111.931 Y116.252
G1 F1500 E30.35589
G0 F7200 X111.893 Y116.17
G0 X112.104 Y118.733
G1 F1500 E36.85589
G0 F7200 X112.115 Y119.172
G1 F1800 X111.675 Y119.386 E36.86202
G1 X111.675 Y118.931 E36.86773
G1 X112.114 Y118.717 E36.87385
G1 X112.115 Y119.172 E36.87956
G0 F7200 X111.936 Y119.259
G0 X111.932 Y119.25
G0 X111.895 Y119.169
G0 X112.979 Y118.992
G0 X115.02 Y118.993
G0 X116.225 Y118.984
G0 X116.325 Y118.931
G1 F1800 X116.325 Y119.386 E36.88526
G1 X115.885 Y119.172 E36.8914
G1 X115.885 Y118.717 E36.89711
G1 X116.325 Y118.931 E36.90324
G0 F7200 X116.325 Y119.131
G0 X116.285 Y119.131
G1 F1500 E30.40324
G0 F7200 X116.225 Y119.131
G0 X116.315 Y116.37
G1 F1500 E36.90324
G0 F7200 X116.325 Y115.931
G1 F1800 X116.325 Y116.386 E36.90895
G1 X115.885 Y116.172 E36.91508
G1 X115.885 Y115.717 E36.92079
G1 X116.325 Y115.931 E36.92692
G0 F7200 X116.325 Y116.131
G0 X116.285 Y116.131
G0 X116.225 Y116.131
G0 X116.314 Y113.37
G0 X116.325 Y112.931
G1 F1800 X116.324 Y113.386 E36.93263
G1 X115.885 Y113.172 E36.93876
G1 X115.886 Y112.717 E36.94446
G1 X116.325 Y112.931 E36.95059
G0 F7200 X116.325 Y113.131
G0 X116.285 Y113.13
G1 F1500 E30.45059
G0 F7200 X116.225 Y113.13
G0 X116.315 Y110.37
G1 F1500 E36.95059
G0 F7200 X116.325 Y109.931
G1 F1800 X116.325 Y110.386 E36.95629
G1 X115.885 Y110.172 E36.96243
G1 X115.886 Y109.717 E36.96813
G1 X116.325 Y109.931 E36.97426
G0 F7200 X116.325 Y110.131
G0 X116.285 Y110.131
G0 X116.225 Y110.131
G0 X118.811 Y110.1
G0 X120.024 Y110.106
G0 X120.114 Y110.173
G1 F1800 X119.676 Y110.386 E36.98037
G1 X119.675 Y109.931 E36.98607
G1 X120.114 Y109.718 E36.99219
G1 X120.114 Y110.173 E36.9979
G0 F7200 X119.935 Y110.26
G0 X119.931 Y110.252
G1 F1500 E30.4979
G0 F7200 X119.893 Y110.17
G0 X120.104 Y112.733
G1 F1500 E36.9979
G0 F7200 X120.115 Y113.172
G1 F1800 X119.676 Y113.386 E37.00402
G1 X119.675 Y112.931 E37.00973
G1 X120.114 Y112.717 E37.01585
G1 X120.115 Y113.172 E37.02156
G0 F7200 X119.936 Y113.259
G0 X119.932 Y113.25
G0 X119.895 Y113.169
G0 X120.104 Y115.733
G0 X120.115 Y116.172
G1 F1800 X119.675 Y116.386 E37.02769
G1 X119.676 Y115.93 E37.03341
G1 X120.114 Y115.717 E37.03952
G1 X120.115 Y116.172 E37.04522
G0 F7200 X119.936 Y116.259
G0 X119.931 Y116.25
G1 F1500 E30.54522
G0 F7200 X119.894 Y116.169
G0 X120.104 Y118.733
G1 F1500 E37.04522
G0 F7200 X120.115 Y119.172
G1 F1800 X119.675 Y119.386 E37.05136
G1 X119.675 Y118.931 E37.05707
G1 X120.114 Y118.717 E37.06319
G1 X120.115 Y119.172 E37.0689
G0 F7200 X119.936 Y119.259
G0 X119.932 Y119.25
G0 X119.895 Y119.169
G0 X120.979 Y118.992
G0 X123.02 Y118.993
G0 X124.225 Y118.984
G0 X124.325 Y118.931
G1 F1800 X124.325 Y119.386 E37.0746
G1 X123.885 Y119.172 E37.08074
G1 X123.885 Y118.717 E37.08644
G1 X124.325 Y118.931 E37.09258
G0 F7200 X124.325 Y119.131
G0 X124.285 Y119.131
G0 X124.225 Y119.131
G0 X124.315 Y116.37
G0 X124.325 Y115.931
G1 F1800 X124.325 Y116.386 E37.09829
G1 X123.885 Y116.172 E37.10442
G1 X123.885 Y115.717 E37.11013
G1 X124.325 Y115.931 E37.11626
G0 F7200 X124.325 Y116.131
G0 X124.285 Y116.131
G1 F1500 E30.61626
G0 F7200 X124.225 Y116.131
G0 X124.314 Y113.37
G1 F1500 E37.11626
G0 F7200 X124.325 Y112.931
G1 F1800 X124.324 Y113.386 E37.12197
G1 X123.885 Y113.172 E37.12809
G1 X123.886 Y112.717 E37.1338
G1 X124.325 Y112.931 E37.13992
G0 F7200 X124.325 Y113.131
G0 X124.285 Y113.13
G0 X124.225 Y113.13
G0 X124.315 Y110.37
G0 X124.325 Y109.931
G1 F1800 X124.325 Y110.386 E37.14563
G1 X123.885 Y110.172 E37.15177
G1 X123.886 Y109.717 E37.15747
G1 X124.325 Y109.931 E37.1636
G0 F7200 X124.325 Y110.131
G0 X124.285 Y110.131
G1 F1500 E30.6636
G0 F7200 X124.225 Y110.131
G0 X126.81 Y110.119
G0 X128.014 Y110.119
G1 F1500 E37.1636
G0 F7200 X128.115 Y110.172
G1 F1800 X127.675 Y110.386 E37.16973
G1 X127.675 Y109.931 E37.17544
G1 X128.114 Y109.717 E37.18156
G1 X128.115 Y110.172 E37.18727
G0 F7200 X127.936 Y110.259
G0 X127.932 Y110.25
G0 X127.895 Y110.169
G0 X128.104 Y112.733
G0 X128.115 Y113.172
G1 F1800 X127.675 Y113.386 E37.1934
G1 X127.675 Y112.931 E37.19911
G1 X128.114 Y112.717 E37.20523
G1 X128.115 Y113.172 E37.21094
G0 F7200 X127.936 Y113.259
G0 X127.932 Y113.25
G1 F1500 E30.71094
G0 F7200 X127.895 Y113.169
G0 X128.104 Y115.734
G1 F1500 E37.21094
G0 F7200 X128.114 Y116.173
G1 F1800 X127.676 Y116.386 E37.21705
G1 X127.675 Y115.931 E37.22275
G1 X128.114 Y115.718 E37.22887
G1 X128.114 Y116.173 E37.23458
G0 F7200 X127.935 Y116.26
G0 X127.931 Y116.252
G0 X127.893 Y116.17
G0 X128.104 Y118.733
G0 X128.115 Y119.172
G1 F1800 X127.675 Y119.386 E37.24071
G1 X127.675 Y118.931 E37.24642
G1 X128.114 Y118.717 E37.25254
G1 X128.115 Y119.172 E37.25825
G0 F7200 X127.936 Y119.259
G0 X127.932 Y119.25
G1 F1500 E30.75825
G0 F7200 X127.895 Y119.169
G0 X128.979 Y118.992
G0 X131.02 Y118.993
G0 X132.225 Y118.984
G1 F1500 E37.25825
G0 F7200 X132.325 Y118.931
G1 F1800 X132.325 Y119.386 E37.26396
G1 X131.885 Y119.172 E37.27009
G1 X131.885 Y118.717 E37.2758
G1 X132.325 Y118.931 E37.28193
G0 F7200 X132.325 Y119.131
G0 X132.285 Y119.131
G0 X132.225 Y119.131
G0 X132.315 Y116.37
G0 X132.325 Y115.931
G1 F1800 X132.325 Y116.386 E37.28764
G1 X131.885 Y116.172 E37.29378
G1 X131.885 Y115.717 E37.29948
G1 X132.325 Y115.931 E37.30562
G0 F7200 X132.325 Y116.131
G0 X132.285 Y116.131
G1 F1500 E30.80562
G0 F7200 X132.225 Y116.131
G0 X132.314 Y113.37
G1 F1500 E37.30562
G0 F7200 X132.325 Y112.931
G1 F1800 X132.324 Y113.386 E37.31132
G1 X131.885 Y113.172 E37.31745
G1 X131.886 Y112.717 E37.32315
G1 X132.325 Y112.931 E37.32928
G0 F7200 X132.325 Y113.131
G0 X132.285 Y113.13
G0 X132.225 Y113.13
G0 X132.315 Y110.37
G0 X132.325 Y109.931
G1 F1800 X132.325 Y110.386 E37.33498
G1 X131.885 Y110.172 E37.34112
G1 X131.886 Y109.717 E37.34683
G1 X132.325 Y109.931 E37.35295
G0 F7200 X132.325 Y110.131
G0 X132.285 Y110.131
G1 F1500 E30.85295
;MESH:NONMESH
G0 F600 X132.285 Y110.131 Z7.2
G0 F7200 X132.225 Y110.131
G0 X131.02 Y110.162
G0 X126.829 Y111.738
G0 X125.171 Y111.738
G0 X120.972 Y110.71
G0 X118.831 Y111.736
G0 X117.171 Y111.738
G0 X112.979 Y110.161
G0 X111.864 Y110.184
G1 F1500 E37.35295
G0 F7200 X111.905 Y110.274
;TIME_ELAPSED:369.539315
;LAYER:35
;TYPE:WALL-OUTER
;MESH:output\B_media_suporte.stl
G1 F1800 X111.466 Y110.486 E37.35906
G1 X111.465 Y110.032 E37.36476
G1 X111.904 Y109.819 E37.37088
G1 X111.905 Y110.274 E37.37658
G0 F7200 X111.725 Y110.361
G0 X111.721 Y110.353
G0 X111.682 Y110.27
G0 X111.894 Y112.835
G0 X111.905 Y113.274
G1 F1800 X111.466 Y113.486 E37.38269
G1 X111.465 Y113.032 E37.38839
G1 X111.904 Y112.819 E37.39451
G1 X111.905 Y113.274 E37.40021
G0 F7200 X111.725 Y113.361
G0 X111.721 Y113.353
G0 X111.682 Y113.27
G0 X111.894 Y115.835
G0 X111.904 Y116.275
G1 F1800 X111.466 Y116.487 E37.40632
G1 X111.465 Y116.032 E37.41202
G1 X111.904 Y115.819 E37.41814
G1 X111.904 Y116.275 E37.42386
G0 F7200 X111.724 Y116.362
G0 X111.72 Y116.353
G1 F1500 E30.92386
G0 F7200 X111.682 Y116.271
G0 X111.894 Y118.835
G1 F1500 E37.42386
G0 F7200 X111.905 Y119.274
G1 F1800 X111.466 Y119.486 E37.42997
G1 X111.465 Y119.032 E37.43567
G1 X111.904 Y118.819 E37.44178
G1 X111.905 Y119.274 E37.44749
G0 F7200 X111.725 Y119.361
G0 X111.721 Y119.353
G0 X111.682 Y119.27
G0 X112.769 Y119.092
G0 X115.231 Y119.085
G0 X116.434 Y119.084
G0 X116.534 Y119.032
G1 F1800 X116.535 Y119.488 E37.45321
G1 X116.096 Y119.275 E37.45933
G1 X116.095 Y118.819 E37.46505
G1 X116.534 Y119.032 E37.47117
G0 F7200 X116.534 Y119.232
G0 X116.496 Y119.232
G0 X116.434 Y119.231
G0 X116.524 Y116.471
G0 X116.534 Y116.032
G1 F1800 X116.534 Y116.487 E37.47687
G1 X116.096 Y116.275 E37.48297
G1 X116.095 Y115.819 E37.48869
G1 X116.534 Y116.032 E37.49481
G0 F7200 X116.534 Y116.232
G0 X116.496 Y116.233
G0 X116.434 Y116.233
G0 X116.525 Y113.472
G0 X116.534 Y113.032
G1 F1800 X116.535 Y113.488 E37.50053
G1 X116.096 Y113.275 E37.50665
G1 X116.096 Y112.819 E37.51237
G1 X116.534 Y113.032 E37.51847
G0 F7200 X116.534 Y113.232
G0 X116.496 Y113.231
G0 X116.434 Y113.23
G0 X116.524 Y110.471
G0 X116.534 Y110.032
G1 F1800 X116.534 Y110.487 E37.52418
G1 X116.096 Y110.275 E37.53028
G1 X116.096 Y109.819 E37.536
G1 X116.534 Y110.032 E37.54211
G0 F7200 X116.534 Y110.232
G0 X116.496 Y110.232
G0 X116.434 Y110.232
G0 X118.601 Y110.202
G0 X119.814 Y110.207
G0 X119.904 Y110.275
G1 F1800 X119.466 Y110.487 E37.54821
G1 X119.465 Y110.032 E37.55392
G1 X119.904 Y109.819 E37.56004
G1 X119.904 Y110.275 E37.56575
G0 F7200 X119.724 Y110.362
G0 X119.72 Y110.353
G0 X119.682 Y110.271
G0 X119.894 Y112.835
G0 X119.905 Y113.274
G1 F1800 X119.466 Y113.486 E37.57187
G1 X119.465 Y113.032 E37.57756
G1 X119.904 Y112.819 E37.58368
G1 X119.905 Y113.274 E37.58939
G0 F7200 X119.725 Y113.361
G0 X119.721 Y113.353
G0 X119.682 Y113.27
G0 X119.894 Y115.835
G0 X119.905 Y116.274
G1 F1800 X119.466 Y116.486 E37.5955
G1 X119.465 Y116.032 E37.60119
G1 X119.904 Y115.819 E37.60731
G1 X119.905 Y116.274 E37.61302
G0 F7200 X119.725 Y116.361
G0 X119.721 Y116.353
G0 X119.682 Y116.27
G0 X119.894 Y118.835
G0 X119.905 Y119.274
G1 F1800 X119.466 Y119.486 E37.61913
G1 X119.465 Y119.032 E37.62482
G1 X119.904 Y118.819 E37.63094
G1 X119.905 Y119.274 E37.63665
G0 F7200 X119.725 Y119.361
G0 X119.721 Y119.353
G0 X119.682 Y119.27
G0 X120.769 Y119.092
G0 X123.231 Y119.085
G0 X124.434 Y119.084
G0 X124.534 Y119.032
G1 F1800 X124.535 Y119.488 E37.64237
G1 X124.096 Y119.275 E37.64849
G1 X124.095 Y118.819 E37.65421
G1 X124.534 Y119.032 E37.66032
G0 F7200 X124.534 Y119.232
G0 X124.496 Y119.232
G0 X124.434 Y119.231
G0 X124.524 Y116.471
G0 X124.534 Y116.032
G1 F1800 X124.534 Y116.487 E37.66603
G1 X124.096 Y116.275 E37.67213
G1 X124.095 Y115.819 E37.67785
G1 X124.534 Y116.032 E37.68397
G0 F7200 X124.534 Y116.232
G0 X124.496 Y116.233
G0 X124.434 Y116.233
G0 X124.525 Y113.472
G0 X124.534 Y113.032
G1 F1800 X124.535 Y113.488 E37.68969
G1 X124.096 Y113.275 E37.69581
G1 X124.096 Y112.819 E37.70153
G1 X124.534 Y113.032 E37.70763
G0 F7200 X124.534 Y113.232
G0 X124.496 Y113.231
G0 X124.434 Y113.23
G0 X124.524 Y110.471
G0 X124.534 Y110.032
G1 F1800 X124.534 Y110.487 E37.71334
G1 X124.096 Y110.275 E37.71944
G1 X124.096 Y109.819 E37.72516
G1 X124.534 Y110.032 E37.73127
G0 F7200 X124.534 Y110.232
G0 X124.496 Y110.232
G0 X124.434 Y110.232
G0 X126.601 Y110.215
G0 X127.804 Y110.22
G0 X127.905 Y110.274
G1 F1800 X127.466 Y110.486 E37.73738
G1 X127.465 Y110.032 E37.74307
G1 X127.904 Y109.819 E37.74919
G1 X127.905 Y110.274 E37.7549
G0 F7200 X127.725 Y110.361
G0 X127.721 Y110.353
G0 X127.682 Y110.27
G0 X127.894 Y112.835
G0 X127.905 Y113.274
G1 F1800 X127.466 Y113.486 E37.76101
G1 X127.465 Y113.032 E37.76671
G1 X127.904 Y112.819 E37.77283
G1 X127.905 Y113.274 E37.77853
G0 F7200 X127.725 Y113.361
G0 X127.721 Y113.353
G0 X127.682 Y113.27
G0 X127.894 Y115.835
G0 X127.904 Y116.275
G1 F1800 X127.466 Y116.487 E37.78463
G1 X127.465 Y116.032 E37.79034
G1 X127.904 Y115.819 E37.79646
G1 X127.904 Y116.275 E37.80218
G0 F7200 X127.724 Y116.362
G0 X127.72 Y116.353
G0 X127.682 Y116.271
G0 X127.894 Y118.835
G0 X127.905 Y119.274
G1 F1800 X127.466 Y119.486 E37.80829
G1 X127.465 Y119.032 E37.81398
G1 X127.904 Y118.819 E37.8201
G1 X127.905 Y119.274 E37.82581
G0 F7200 X127.725 Y119.361
G0 X127.721 Y119.353
G0 X127.682 Y119.27
G0 X128.769 Y119.092
G0 X131.231 Y119.085
G0 X132.434 Y119.084
G0 X132.534 Y119.032
G1 F1800 X132.535 Y119.488 E37.83153
G1 X132.096 Y119.275 E37.83765
G1 X132.095 Y118.819 E37.84336
G1 X132.534 Y119.032 E37.84948
G0 F7200 X132.534 Y119.232
G0 X132.496 Y119.232
G0 X132.434 Y119.231
G0 X132.524 Y116.471
G0 X132.534 Y116.032
G1 F1800 X132.534 Y116.487 E37.85519
G1 X132.096 Y116.275 E37.86129
G1 X132.095 Y115.819 E37.86701
G1 X132.534 Y116.032 E37.87313
G0 F7200 X132.534 Y116.232
G0 X132.496 Y116.233
G0 X132.434 Y116.233
G0 X132.525 Y113.472
G0 X132.534 Y113.032
G1 F1800 X132.535 Y113.488 E37.87885
G1 X132.096 Y113.275 E37.88497
G1 X132.096 Y112.819 E37.89068
G1 X132.534 Y113.032 E37.89679
G0 F7200 X132.534 Y113.232
G0 X132.496 Y113.231
G0 X132.434 Y113.23
G0 X132.524 Y110.471
G0 X132.534 Y110.032
G1 F1800 X132.534 Y110.487 E37.9025
G1 X132.096 Y110.275 E37.9086
G1 X132.096 Y109.819 E37.91432
G1 X132.534 Y110.032 E37.92043
G0 F7200 X132.534 Y110.232
G0 X132.496 Y110.232
;MESH:NONMESH
G0 F600 X132.496 Y110.232 Z7.4
G0 F7200 X132.434 Y110.232
G0 X131.231 Y110.091
G0 X126.62 Y111.751
G0 X125.381 Y111.743
G0 X120.762 Y110.813
G0 X119.555 Y111.403
G0 X117.381 Y111.743
G0 X112.769 Y110.263
G0 X111.573 Y110.091
G0 X111.38 Y110.074
;TIME_ELAPSED:373.695443
;LAYER:36
;TYPE:WALL-OUTER
;MESH:output\B_media_suporte.stl
G1 F1800 X111.694 Y109.921 E37.92481
G1 X111.695 Y110.376 E37.93051
G1 X111.256 Y110.589 E37.93663
G1 X111.255 Y110.122 E37.94249
G1 X111.38 Y110.074 E37.94417
G0 F7200 X111.559 Y109.987
G0 X111.294 Y110.346
G0 X111.356 Y110.347
G0 X111.684 Y112.937
G0 X111.38 Y113.074
G1 F1800 X111.694 Y112.921 E37.94855
G1 X111.695 Y113.376 E37.95425
G1 X111.256 Y113.589 E37.96037
G1 X111.255 Y113.122 E37.96623
G1 X111.38 Y113.074 E37.96791
G0 F7200 X111.559 Y112.987
G0 X111.294 Y113.346
G0 X111.356 Y113.347
G0 X111.684 Y115.937
G0 X111.38 Y116.074
G1 F1800 X111.694 Y115.921 E37.97229
G1 X111.694 Y116.377 E37.97801
G1 X111.256 Y116.589 E37.98411
G1 X111.255 Y116.122 E37.98997
G1 X111.38 Y116.074 E37.99164
G0 F7200 X111.559 Y115.987
G0 X111.294 Y116.346
G0 X111.356 Y116.347
G0 X111.684 Y118.937
G0 X111.38 Y119.074
G1 F1800 X111.694 Y118.921 E37.99602
G1 X111.695 Y119.376 E38.00173
G1 X111.256 Y119.589 E38.00785
G1 X111.255 Y119.122 E38.01371
G1 X111.38 Y119.074 E38.01539
G0 F7200 X111.559 Y118.987
G0 X111.294 Y119.346
G0 X111.356 Y119.347
G0 X112.559 Y119.174
G0 X115.441 Y119.166
G0 X116.581 Y119.165
G0 X116.62 Y119.074
G1 F1800 X116.744 Y119.122 E38.01705
G1 X116.745 Y119.589 E38.02291
G1 X116.306 Y119.377 E38.02648
G1 X116.305 Y118.921 E38.032
G1 X116.62 Y119.074 E38.03378
G0 F7200 X116.744 Y119.122
G0 X116.744 Y119.19
G0 X116.706 Y119.19
G0 X116.643 Y119.19
G0 X119.271 Y119.133
G0 X119.38 Y119.074
G1 F1800 X119.694 Y118.921 E38.03816
G1 X119.695 Y119.376 E38.04386
G1 X119.256 Y119.589 E38.04998
G1 X119.255 Y119.122 E38.05584
G1 X119.38 Y119.074 E38.05752
G0 F7200 X119.559 Y118.987
G0 X119.294 Y119.346
G0 X119.356 Y119.347
G0 X119.266 Y116.573
G0 X119.38 Y116.074
G1 F1800 X119.694 Y115.921 E38.0619
G1 X119.695 Y116.376 E38.0676
G1 X119.256 Y116.589 E38.07372
G1 X119.255 Y116.122 E38.07958
G1 X119.38 Y116.074 E38.08126
G0 F7200 X119.559 Y115.987
G0 X119.294 Y116.346
G0 X119.356 Y116.347
G0 X116.724 Y116.133
G0 X116.62 Y116.074
G1 F1800 X116.744 Y116.122 E38.08292
G1 X116.744 Y116.589 E38.08878
G1 X116.306 Y116.377 E38.09235
G1 X116.305 Y115.921 E38.09786
G1 X116.62 Y116.074 E38.09964
G0 F7200 X116.744 Y116.122
G0 X116.744 Y116.19
G0 X116.706 Y116.191
G0 X116.644 Y116.191
G0 X116.735 Y113.573
G0 X116.62 Y113.074
G1 F1800 X116.744 Y113.122 E38.10131
G1 X116.745 Y113.589 E38.10716
G1 X116.306 Y113.377 E38.11074
G1 X116.306 Y112.921 E38.11625
G1 X116.62 Y113.074 E38.11802
G0 F7200 X116.744 Y113.122
G0 X116.744 Y113.19
G0 X116.706 Y113.189
G0 X116.643 Y113.189
G0 X119.271 Y113.133
G0 X119.38 Y113.074
G1 F1800 X119.694 Y112.921 E38.1224
G1 X119.695 Y113.376 E38.1281
G1 X119.256 Y113.589 E38.13422
G1 X119.255 Y113.122 E38.14008
G1 X119.38 Y113.074 E38.14176
G0 F7200 X119.559 Y112.987
G0 X119.294 Y113.346
G0 X119.356 Y113.347
G0 X119.266 Y110.573
G0 X119.38 Y110.074
G1 F1800 X119.694 Y109.921 E38.14614
G1 X119.694 Y110.377 E38.15186
G1 X119.256 Y110.589 E38.15796
G1 X119.255 Y110.122 E38.16382
G1 X119.38 Y110.074 E38.16549
G0 F7200 X119.559 Y109.987
G0 X119.294 Y110.346
G0 X119.356 Y110.347
G0 X116.724 Y110.133
G0 X116.62 Y110.074
G1 F1800 X116.744 Y110.122 E38.16716
G1 X116.744 Y110.589 E38.17302
G1 X116.306 Y110.377 E38.17658
G1 X116.306 Y109.921 E38.18209
G1 X116.62 Y110.074 E38.18386
G0 F7200 X116.744 Y110.122
G0 X116.744 Y110.19
G0 X116.706 Y110.19
G0 X116.643 Y110.19
G0 X118.397 Y109.535
G0 X120.54 Y108.571
G0 X123.441 Y110.165
G0 X124.581 Y110.165
G0 X124.62 Y110.074
G1 F1800 X124.744 Y110.122 E38.18553
G1 X124.744 Y110.589 E38.19139
G1 X124.306 Y110.377 E38.19495
G1 X124.306 Y109.921 E38.20046
G1 X124.62 Y110.074 E38.20223
G0 F7200 X124.744 Y110.122
G0 X124.744 Y110.19
G0 X124.706 Y110.19
G0 X124.643 Y110.19
G0 X127.271 Y110.133
G0 X127.38 Y110.074
G1 F1800 X127.694 Y109.921 E38.20661
G1 X127.695 Y110.376 E38.21232
G1 X127.256 Y110.589 E38.21844
G1 X127.255 Y110.122 E38.22429
G1 X127.38 Y110.074 E38.22597
G0 F7200 X127.559 Y109.987
G0 X127.294 Y110.346
G0 X127.356 Y110.347
G0 X127.684 Y112.937
G0 X127.38 Y113.074
G1 F1800 X127.694 Y112.921 E38.23035
G1 X127.695 Y113.376 E38.23606
G1 X127.256 Y113.589 E38.24218
G1 X127.255 Y113.122 E38.24804
G1 X127.38 Y113.074 E38.24971
G0 F7200 X127.559 Y112.987
G0 X127.294 Y113.346
G0 X127.356 Y113.347
G0 X124.744 Y113.138
G0 X124.62 Y113.074
G1 F1800 X124.744 Y113.122 E38.25138
G1 X124.745 Y113.589 E38.25724
G1 X124.306 Y113.377 E38.26081
G1 X124.306 Y112.921 E38.26632
G1 X124.62 Y113.074 E38.26809
G0 F7200 X124.744 Y113.122
G0 X124.744 Y113.19
G0 X124.706 Y113.189
G0 X124.643 Y113.189
G0 X124.315 Y115.937
G0 X124.62 Y116.074
G1 F1800 X124.744 Y116.122 E38.26976
G1 X124.744 Y116.589 E38.27562
G1 X124.306 Y116.377 E38.27918
G1 X124.305 Y115.921 E38.2847
G1 X124.62 Y116.074 E38.28647
G0 F7200 X124.744 Y116.122
G0 X124.744 Y116.19
G0 X124.706 Y116.191
G0 X124.644 Y116.191
G0 X127.271 Y116.133
G0 X127.38 Y116.074
G1 F1800 X127.694 Y115.921 E38.29085
G1 X127.694 Y116.377 E38.29657
G1 X127.256 Y116.589 E38.30268
G1 X127.255 Y116.122 E38.30853
G1 X127.38 Y116.074 E38.31021
G0 F7200 X127.559 Y115.987
G0 X127.294 Y116.346
G0 X127.356 Y116.347
G0 X127.684 Y118.937
G0 X127.38 Y119.074
G1 F1800 X127.694 Y118.921 E38.31459
G1 X127.695 Y119.376 E38.3203
G1 X127.256 Y119.589 E38.32642
G1 X127.255 Y119.122 E38.33227
G1 X127.38 Y119.074 E38.33395
G0 F7200 X127.559 Y118.987
G0 X127.294 Y119.346
G0 X127.356 Y119.347
G0 X124.744 Y119.165
G0 X124.62 Y119.074
G1 F1800 X124.744 Y119.122 E38.33562
G1 X124.745 Y119.589 E38.34148
G1 X124.306 Y119.377 E38.34505
G1 X124.305 Y118.921 E38.35057
G1 X124.62 Y119.074 E38.35234
G0 F7200 X124.744 Y119.122
G0 X124.744 Y119.19
G0 X124.706 Y119.19
G0 X124.643 Y119.19
G0 X126.397 Y118.535
G0 X128.539 Y117.572
G0 X131.441 Y119.166
G0 X132.581 Y119.165
G0 X132.62 Y119.074
G1 F1800 X132.744 Y119.122 E38.35401
G1 X132.745 Y119.589 E38.35987
G1 X132.306 Y119.377 E38.36344
G1 X132.305 Y118.921 E38.36896
G1 X132.62 Y119.074 E38.37073
G0 F7200 X132.744 Y119.122
G0 X132.744 Y119.19
G0 X132.706 Y119.19
G0 X132.643 Y119.19
G0 X132.734 Y116.573
G0 X132.62 Y116.074
G1 F1800 X132.744 Y116.122 E38.3724
G1 X132.744 Y116.589 E38.37826
G1 X132.306 Y116.377 E38.38182
G1 X132.305 Y115.921 E38.38734
G1 X132.62 Y116.074 E38.38911
G0 F7200 X132.744 Y116.122
G0 X132.744 Y116.19
G0 X132.706 Y116.191
G0 X132.644 Y116.191
G0 X132.735 Y113.573
G0 X132.62 Y113.074
G1 F1800 X132.744 Y113.122 E38.39078
G1 X132.745 Y113.589 E38.39664
G1 X132.306 Y113.377 E38.40021
G1 X132.306 Y112.921 E38.40572
G1 X132.62 Y113.074 E38.40749
G0 F7200 X132.744 Y113.122
G0 X132.744 Y113.19
G0 X132.706 Y113.189
G0 X132.643 Y113.189
G0 X132.734 Y110.573
G0 X132.62 Y110.074
G1 F1800 X132.744 Y110.122 E38.40916
G1 X132.744 Y110.589 E38.41502
G1 X132.306 Y110.377 E38.41858
G1 X132.306 Y109.921 E38.42409
G1 X132.62 Y110.074 E38.42586
G0 F7200 X132.744 Y110.122
G0 X132.744 Y110.19
G0 X132.706 Y110.19
;MESH:NONMESH
G0 F600 X132.706 Y110.19 Z7.6
G0 F7200 X132.643 Y110.19
G0 X131.441 Y110.165
G0 X128.539 Y108.572
G0 X115.46 Y108.571
G0 X112.559 Y110.209
G0 X111.419 Y110.165
G0 X111.38 Y110.074
;TIME_ELAPSED:377.671844
;LAYER:37
;TYPE:WALL-OUTER
;MESH:output\B_media_suporte.stl
G1 F1800 X111.484 Y110.023 E38.42731
G1 X111.485 Y110.478 E38.43302
G1 X111.225 Y110.604 E38.43664
G1 X111.046 Y110.673 E38.43905
G1 X111.045 Y110.202 E38.44496
G1 X111.38 Y110.074 E38.44945
G0 F7200 X111.484 Y110.023
G0 X111.484 Y110.108
G0 X111.253 Y110.551
G0 X111.226 Y110.492
G0 X111.474 Y113.04
G0 X111.38 Y113.074
G1 F1800 X111.484 Y113.023 E38.45091
G1 X111.485 Y113.478 E38.45661
G1 X111.225 Y113.604 E38.46023
G1 X111.046 Y113.673 E38.46264
G1 X111.045 Y113.202 E38.46855
G1 X111.38 Y113.074 E38.47304
G0 F7200 X111.484 Y113.023
G0 X111.484 Y113.108
G0 X111.253 Y113.551
G0 X111.226 Y113.492
G0 X111.474 Y116.04
G0 X111.38 Y116.074
G1 F1800 X111.484 Y116.023 E38.4745
G1 X111.484 Y116.479 E38.48022
G1 X111.225 Y116.604 E38.48382
G1 X111.046 Y116.673 E38.48623
G1 X111.046 Y116.202 E38.49213
G1 X111.38 Y116.074 E38.49662
G0 F7200 X111.484 Y116.023
G0 X111.484 Y116.108
G0 X111.253 Y116.552
G0 X111.227 Y116.492
G0 X111.474 Y119.04
G0 X111.38 Y119.074
G1 F1800 X111.484 Y119.023 E38.49807
G1 X111.485 Y119.478 E38.50378
G1 X111.225 Y119.604 E38.5074
G1 X111.046 Y119.673 E38.50981
G1 X111.046 Y119.202 E38.51571
G1 X111.38 Y119.074 E38.5202
G0 F7200 X111.484 Y119.023
G0 X111.484 Y119.108
G0 X111.253 Y119.552
G0 X111.227 Y119.492
G0 X112.349 Y119.176
G0 X115.651 Y119.167
G0 X116.62 Y119.074
G1 F1800 X116.954 Y119.202 E38.52468
G1 X116.954 Y119.673 E38.53059
G1 X116.775 Y119.604 E38.533
G1 X116.516 Y119.479 E38.5366
G1 X116.515 Y119.023 E38.54232
G1 X116.62 Y119.074 E38.54379
G0 F7200 X116.807 Y119.145
G0 X116.825 Y119.185
G0 X116.8 Y119.249
G0 X119.061 Y119.213
G0 X119.38 Y119.074
G1 F1800 X119.484 Y119.023 E38.54524
G1 X119.485 Y119.478 E38.55094
G1 X119.225 Y119.604 E38.55457
G1 X119.046 Y119.673 E38.55697
G1 X119.045 Y119.202 E38.56288
G1 X119.38 Y119.074 E38.56738
G0 F7200 X119.484 Y119.023
G0 X119.484 Y119.108
G0 X119.253 Y119.551
G0 X119.226 Y119.492
G0 X119.057 Y116.657
G0 X119.38 Y116.074
G1 F1800 X119.484 Y116.023 E38.56883
G1 X119.485 Y116.478 E38.57454
G1 X119.225 Y116.604 E38.57816
G1 X119.046 Y116.673 E38.58056
G1 X119.045 Y116.202 E38.58647
G1 X119.38 Y116.074 E38.59097
G0 F7200 X119.484 Y116.023
G0 X119.484 Y116.108
G0 X119.253 Y116.551
G0 X119.226 Y116.492
G0 X116.938 Y116.213
G0 X116.62 Y116.074
G1 F1800 X116.954 Y116.202 E38.59545
G1 X116.955 Y116.673 E38.60136
G1 X116.775 Y116.604 E38.60378
G1 X116.516 Y116.479 E38.60738
G1 X116.515 Y116.023 E38.6131
G1 X116.62 Y116.074 E38.61457
G0 F7200 X116.807 Y116.145
G0 X116.825 Y116.185
G0 X116.8 Y116.249
G0 X116.944 Y113.657
G0 X116.62 Y113.074
G1 F1800 X116.954 Y113.202 E38.61905
G1 X116.955 Y113.673 E38.62496
G1 X116.775 Y113.604 E38.62738
G1 X116.516 Y113.479 E38.63098
G1 X116.516 Y113.023 E38.6367
G1 X116.62 Y113.074 E38.63815
G0 F7200 X116.807 Y113.145
G0 X116.825 Y113.185
G0 X116.8 Y113.249
G0 X119.061 Y113.213
G0 X119.38 Y113.074
G1 F1800 X119.484 Y113.023 E38.63961
G1 X119.485 Y113.478 E38.64531
G1 X119.225 Y113.604 E38.64893
G1 X119.046 Y113.673 E38.65134
G1 X119.045 Y113.202 E38.65725
G1 X119.38 Y113.074 E38.66174
G0 F7200 X119.484 Y113.023
G0 X119.484 Y113.108
G0 X119.253 Y113.551
G0 X119.226 Y113.492
G0 X119.057 Y110.657
G0 X119.38 Y110.074
G1 F1800 X119.484 Y110.023 E38.6632
G1 X119.484 Y110.479 E38.66892
G1 X119.225 Y110.604 E38.67252
G1 X119.046 Y110.673 E38.67493
G1 X119.045 Y110.202 E38.68083
G1 X119.38 Y110.074 E38.68533
G0 F7200 X119.484 Y110.023
G0 X119.484 Y110.108
G0 X119.253 Y110.552
G0 X119.227 Y110.492
G0 X116.938 Y110.213
G0 X116.62 Y110.074
G1 F1800 X116.954 Y110.202 E38.68982
G1 X116.955 Y110.673 E38.69572
G1 X116.775 Y110.604 E38.69814
G1 X116.516 Y110.479 E38.70175
G1 X116.516 Y110.023 E38.70747
G1 X116.62 Y110.074 E38.70892
G0 F7200 X116.807 Y110.145
G0 X116.825 Y110.185
G0 X116.8 Y110.249
G0 X117.818 Y110.211
G0 X120.33 Y108.674
G0 X123.651 Y110.213
G0 X124.62 Y110.074
G1 F1800 X124.954 Y110.202 E38.7134
G1 X124.955 Y110.673 E38.71931
G1 X124.775 Y110.604 E38.72173
G1 X124.516 Y110.479 E38.72533
G1 X124.516 Y110.023 E38.73105
G1 X124.62 Y110.074 E38.7325
G0 F7200 X124.807 Y110.145
G0 X124.825 Y110.185
G0 X124.8 Y110.249
G0 X127.061 Y110.213
G0 X127.38 Y110.074
G1 F1800 X127.484 Y110.023 E38.73396
G1 X127.485 Y110.478 E38.73966
G1 X127.225 Y110.604 E38.74329
G1 X127.046 Y110.673 E38.74569
G1 X127.045 Y110.202 E38.7516
G1 X127.38 Y110.074 E38.7561
G0 F7200 X127.484 Y110.023
G0 X127.484 Y110.108
G0 X127.253 Y110.551
G0 X127.226 Y110.492
G0 X127.474 Y113.04
G0 X127.38 Y113.074
G1 F1800 X127.484 Y113.023 E38.75755
G1 X127.485 Y113.478 E38.76325
G1 X127.225 Y113.604 E38.76688
G1 X127.046 Y113.673 E38.76928
G1 X127.045 Y113.202 E38.77519
G1 X127.38 Y113.074 E38.77969
G0 F7200 X127.484 Y113.023
G0 X127.484 Y113.108
G0 X127.253 Y113.551
G1 F1500 E32.27969
G0 F7200 X127.226 Y113.492
G0 X124.938 Y113.213
G1 F1500 E38.77969
G0 F7200 X124.62 Y113.074
G1 F1800 X124.954 Y113.202 E38.78417
G1 X124.955 Y113.673 E38.79008
G1 X124.775 Y113.604 E38.7925
G1 X124.516 Y113.479 E38.7961
G1 X124.516 Y113.023 E38.80182
G1 X124.62 Y113.074 E38.80327
G0 F7200 X124.807 Y113.145
G0 X124.825 Y113.185
G1 F1500 E32.30327
G0 F7200 X124.8 Y113.249
G0 X124.525 Y116.039
G1 F1500 E38.80327
G0 F7200 X124.62 Y116.074
G1 F1800 X124.954 Y116.202 E38.80776
G1 X124.955 Y116.673 E38.81367
G1 X124.775 Y116.604 E38.81608
G1 X124.516 Y116.479 E38.81969
G1 X124.515 Y116.023 E38.82541
G1 X124.62 Y116.074 E38.82687
G0 F7200 X124.807 Y116.145
G0 X124.825 Y116.185
G0 X124.8 Y116.249
G0 X127.066 Y116.213
G0 X127.38 Y116.074
G1 F1800 X127.484 Y116.023 E38.82832
G1 X127.484 Y116.479 E38.83404
G1 X127.225 Y116.604 E38.83765
G1 X127.046 Y116.673 E38.84006
G1 X127.046 Y116.202 E38.84596
G1 X127.38 Y116.074 E38.85045
G0 F7200 X127.484 Y116.023
G0 X127.484 Y116.108
G0 X127.253 Y116.552
G0 X127.227 Y116.492
G0 X127.474 Y119.04
G0 X127.38 Y119.074
G1 F1800 X127.484 Y119.023 E38.8519
G1 X127.485 Y119.478 E38.85761
G1 X127.225 Y119.604 E38.86123
G1 X127.046 Y119.673 E38.86363
G1 X127.046 Y119.202 E38.86954
G1 X127.38 Y119.074 E38.87403
G0 F7200 X127.484 Y119.023
G0 X127.484 Y119.108
G0 X127.253 Y119.552
G1 F1500 E32.37403
G0 F7200 X127.227 Y119.492
G0 X124.938 Y119.213
G1 F1500 E38.87403
G0 F7200 X124.62 Y119.074
G1 F1800 X124.954 Y119.202 E38.87851
G1 X124.955 Y119.673 E38.88442
G1 X124.775 Y119.604 E38.88684
G1 X124.516 Y119.479 E38.89044
G1 X124.515 Y119.023 E38.89616
G1 X124.62 Y119.074 E38.89762
G0 F7200 X124.807 Y119.145
G0 X124.825 Y119.185
G0 X124.8 Y119.249
G0 X125.818 Y119.211
G0 X128.329 Y117.674
G0 X131.651 Y119.198
G0 X132.62 Y119.074
G1 F1800 X132.954 Y119.202 E38.90211
G1 X132.954 Y119.673 E38.90802
G1 X132.775 Y119.604 E38.91042
G1 X132.516 Y119.479 E38.91403
G1 X132.515 Y119.023 E38.91975
G1 X132.62 Y119.074 E38.92121
G0 F7200 X132.807 Y119.145
G0 X132.825 Y119.185
G0 X132.8 Y119.249
G0 X132.944 Y116.657
G0 X132.62 Y116.074
G1 F1800 X132.954 Y116.202 E38.9257
G1 X132.955 Y116.673 E38.9316
G1 X132.775 Y116.604 E38.93402
G1 X132.516 Y116.479 E38.93763
G1 X132.515 Y116.023 E38.94335
G1 X132.62 Y116.074 E38.94481
G0 F7200 X132.807 Y116.145
G0 X132.825 Y116.185
G1 F1500 E32.44481
G0 F7200 X132.8 Y116.249
G0 X132.944 Y113.657
G1 F1500 E38.94481
G0 F7200 X132.62 Y113.074
G1 F1800 X132.954 Y113.202 E38.9493
G1 X132.955 Y113.673 E38.9552
G1 X132.775 Y113.604 E38.95762
G1 X132.516 Y113.479 E38.96123
G1 X132.516 Y113.023 E38.96694
G1 X132.62 Y113.074 E38.9684
G0 F7200 X132.807 Y113.145
G0 X132.825 Y113.185
G0 X132.8 Y113.249
G0 X132.944 Y110.657
G0 X132.62 Y110.074
G1 F1800 X132.954 Y110.202 E38.97288
G1 X132.955 Y110.673 E38.97879
G1 X132.775 Y110.604 E38.98121
G1 X132.516 Y110.479 E38.98481
G1 X132.516 Y110.023 E38.99053
G1 X132.62 Y110.074 E38.99198
G0 F7200 X132.807 Y110.145
G0 X132.825 Y110.185
G1 F1500 E32.49198
;MESH:NONMESH
G0 F600 X132.825 Y110.185 Z7.8
G0 F7200 X132.8 Y110.249
G0 X131.651 Y110.266
G0 X126.198 Y111.796
G0 X119.564 Y111.4
G0 X118.198 Y111.796
G0 X112.349 Y110.311
G0 X111.157 Y110.266
G1 F1500 E38.99198
G0 F7200 X110.962 Y110.234
;TIME_ELAPSED:384.249811
;LAYER:38
;TYPE:WALL-OUTER
;MESH:output\B_media_suporte.stl
G1 F1800 X111.275 Y110.114 E38.99619
G1 X111.276 Y110.58 E39.00203
G1 X111.226 Y110.604 E39.00273
G1 X110.836 Y110.754 E39.00797
G1 X110.835 Y110.269 E39.01405
G1 X110.962 Y110.234 E39.0157
G0 F7200 X111.148 Y110.163
G0 X110.875 Y110.536
G0 X110.936 Y110.537
G0 X111.264 Y113.13
G0 X110.962 Y113.234
G1 F1800 X111.275 Y113.114 E39.0199
G1 X111.276 Y113.58 E39.02575
G1 X111.226 Y113.604 E39.02644
G1 X110.836 Y113.754 E39.03168
G1 X110.835 Y113.269 E39.03777
G1 X110.962 Y113.234 E39.03942
G0 F7200 X111.148 Y113.163
G0 X110.875 Y113.536
G1 F1500 E32.53942
G0 F7200 X110.936 Y113.537
G0 X111.264 Y116.13
G1 F1500 E39.03942
G0 F7200 X110.962 Y116.234
G1 F1800 X111.275 Y116.114 E39.04362
G1 X111.275 Y116.58 E39.04947
G1 X111.228 Y116.603 E39.05012
G1 X110.836 Y116.754 E39.05539
G1 X110.836 Y116.268 E39.06148
G1 X110.962 Y116.234 E39.06312
G0 F7200 X111.148 Y116.163
G0 X111.039 Y116.413
;TYPE:SKIN
G1 F1800 X111.076 Y116.45 E39.06345
G0 F7200 X111.132 Y116.597
G0 X111.113 Y116.54
G0 X111.264 Y119.13
G0 X110.962 Y119.234
;TYPE:WALL-OUTER
G1 F1800 X111.275 Y119.114 E39.06765
G1 X111.276 Y119.58 E39.0735
G1 X111.226 Y119.604 E39.07419
G1 X110.836 Y119.754 E39.07943
G1 X110.836 Y119.268 E39.08553
G1 X110.962 Y119.234 E39.08716
G0 F7200 X111.148 Y119.163
G0 X110.875 Y119.536
G1 F1500 E32.58716
G0 F7200 X110.936 Y119.536
G0 X112.14 Y119.34
G0 X115.86 Y119.331
G0 X117.008 Y119.329
G1 F1500 E39.08716
G0 F7200 X117.038 Y119.234
G1 F1800 X117.164 Y119.268 E39.0888
G1 X117.164 Y119.754 E39.09489
G1 X116.772 Y119.603 E39.09777
G1 X116.725 Y119.58 E39.09843
G1 X116.724 Y119.114 E39.10427
G1 X117.038 Y119.234 E39.10595
G0 F7200 X117.164 Y119.268
G0 X117.164 Y119.338
G0 X117.125 Y119.339
G0 X117.062 Y119.343
G0 X118.836 Y119.326
G0 X118.962 Y119.234
G1 F1800 X119.275 Y119.114 E39.11015
G1 X119.276 Y119.58 E39.116
G1 X119.226 Y119.604 E39.11669
G1 X118.836 Y119.754 E39.12193
G1 X118.835 Y119.269 E39.12801
G1 X118.962 Y119.234 E39.12967
G0 F7200 X119.148 Y119.163
G0 X118.875 Y119.536
G1 F1500 E32.62967
G0 F7200 X118.936 Y119.537
G0 X118.847 Y116.738
G1 F1500 E39.12967
G0 F7200 X118.962 Y116.234
G1 F1800 X119.275 Y116.114 E39.13387
G1 X119.276 Y116.58 E39.13971
G1 X119.226 Y116.604 E39.14041
G1 X118.836 Y116.754 E39.14565
G1 X118.835 Y116.269 E39.15173
G1 X118.962 Y116.234 E39.15338
G0 F7200 X119.148 Y116.163
G0 X118.875 Y116.536
G0 X118.936 Y116.537
G0 X117.164 Y116.329
G0 X117.038 Y116.234
G1 F1800 X117.164 Y116.268 E39.15502
G1 X117.165 Y116.754 E39.16111
G1 X116.772 Y116.603 E39.164
G1 X116.725 Y116.58 E39.16466
G1 X116.724 Y116.114 E39.1705
G1 X117.038 Y116.234 E39.17218
G0 F7200 X117.164 Y116.268
G0 X117.164 Y116.338
G0 X117.125 Y116.338
G1 F1500 E32.67218
G0 F7200 X117.062 Y116.343
G0 X117.154 Y113.738
G1 F1500 E39.17218
G0 F7200 X117.038 Y113.234
G1 F1800 X117.164 Y113.268 E39.17381
G1 X117.165 Y113.754 E39.17991
G1 X116.772 Y113.603 E39.18279
G1 X116.725 Y113.58 E39.18345
G1 X116.725 Y113.114 E39.18929
G1 X117.038 Y113.234 E39.19096
G0 F7200 X117.164 Y113.268
G0 X117.164 Y113.338
G0 X117.125 Y113.337
G0 X117.061 Y113.343
G0 X118.836 Y113.329
G0 X118.962 Y113.234
G1 F1800 X119.275 Y113.114 E39.19516
G1 X119.276 Y113.58 E39.20101
G1 X119.226 Y113.604 E39.2017
G1 X118.836 Y113.754 E39.20694
G1 X118.835 Y113.269 E39.21302
G1 X118.962 Y113.234 E39.21468
G0 F7200 X119.148 Y113.163
G0 X118.875 Y113.536
G0 X118.936 Y113.537
G0 X118.847 Y110.738
G0 X118.962 Y110.234
G1 F1800 X119.275 Y110.114 E39.21888
G1 X119.275 Y110.58 E39.22472
G1 X119.228 Y110.603 E39.22538
G1 X118.836 Y110.754 E39.23065
G1 X118.835 Y110.269 E39.23673
G1 X118.962 Y110.234 E39.23838
G0 F7200 X119.148 Y110.163
G0 X118.875 Y110.536
G0 X118.936 Y110.537
G0 X117.164 Y110.329
G0 X117.038 Y110.234
G1 F1800 X117.164 Y110.268 E39.24002
G1 X117.165 Y110.754 E39.24611
G1 X116.772 Y110.603 E39.249
G1 X116.725 Y110.58 E39.24965
G1 X116.725 Y110.114 E39.2555
G1 X117.038 Y110.234 E39.25716
G0 F7200 X117.164 Y110.268
G0 X117.164 Y110.338
G0 X116.968 Y110.463
;TYPE:SKIN
G1 F1800 X116.918 Y110.413 E39.25761
G0 F7200 X116.764 Y110.412
G1 F1500 E32.75761
G0 F7200 X116.825 Y110.412
G0 X118.028 Y110.343
G0 X123.86 Y110.345
G0 X125.008 Y110.329
G1 F1500 E39.25761
G0 F7200 X125.038 Y110.234
;TYPE:WALL-OUTER
G1 F1800 X125.164 Y110.268 E39.25924
G1 X125.165 Y110.754 E39.26534
G1 X124.772 Y110.603 E39.26822
G1 X124.725 Y110.58 E39.26888
G1 X124.725 Y110.114 E39.27472
G1 X125.038 Y110.234 E39.27639
G0 F7200 X125.164 Y110.268
G0 X125.164 Y110.338
G0 X125.125 Y110.337
G0 X125.061 Y110.343
G0 X126.836 Y110.329
G0 X126.962 Y110.234
G1 F1800 X127.275 Y110.114 E39.28059
G1 X127.276 Y110.58 E39.28644
G1 X127.226 Y110.604 E39.28713
G1 X126.836 Y110.754 E39.29237
G1 X126.835 Y110.269 E39.29846
G1 X126.962 Y110.234 E39.30011
G0 F7200 X127.148 Y110.163
G0 X126.875 Y110.536
G1 F1500 E32.80011
G0 F7200 X126.936 Y110.537
G0 X127.264 Y113.13
G1 F1500 E39.30011
G0 F7200 X126.962 Y113.234
G1 F1800 X127.275 Y113.114 E39.30431
G1 X127.276 Y113.58 E39.31016
G1 X127.226 Y113.604 E39.31085
G1 X126.836 Y113.754 E39.31609
G1 X126.835 Y113.269 E39.32217
G1 X126.962 Y113.234 E39.32383
G0 F7200 X127.148 Y113.163
G0 X126.875 Y113.536
G0 X126.936 Y113.537
G0 X125.164 Y113.329
G0 X125.038 Y113.234
G1 F1800 X125.164 Y113.268 E39.32546
G1 X125.165 Y113.754 E39.33156
G1 X124.772 Y113.603 E39.33444
G1 X124.725 Y113.58 E39.3351
G1 X124.725 Y113.114 E39.34094
G1 X125.038 Y113.234 E39.34261
G0 F7200 X125.164 Y113.268
G0 X125.164 Y113.338
G0 X125.125 Y113.337
G1 F1500 E32.84261
G0 F7200 X125.061 Y113.343
G0 X124.735 Y116.13
G1 F1500 E39.34261
G0 F7200 X125.038 Y116.234
G1 F1800 X125.164 Y116.268 E39.34425
G1 X125.165 Y116.754 E39.35034
G1 X124.772 Y116.603 E39.35322
G1 X124.725 Y116.58 E39.35388
G1 X124.724 Y116.114 E39.35972
G1 X125.038 Y116.234 E39.3614
G0 F7200 X125.164 Y116.268
G0 X125.164 Y116.338
G0 X125.125 Y116.338
G0 X125.062 Y116.343
G0 X126.856 Y116.332
G0 X126.962 Y116.234
G1 F1800 X127.275 Y116.114 E39.3656
G1 X127.275 Y116.58 E39.37145
G1 X127.228 Y116.603 E39.3721
G1 X126.836 Y116.754 E39.37737
G1 X126.836 Y116.268 E39.38347
G1 X126.962 Y116.234 E39.3851
G0 F7200 X127.148 Y116.163
G0 X126.875 Y116.536
G1 F1500 E32.8851
G0 F7200 X126.936 Y116.536
G0 X127.264 Y119.13
G1 F1500 E39.3851
G0 F7200 X126.962 Y119.234
G1 F1800 X127.275 Y119.114 E39.38931
G1 X127.276 Y119.58 E39.39515
G1 X127.226 Y119.604 E39.39585
G1 X126.836 Y119.754 E39.40109
G1 X126.836 Y119.268 E39.40718
G1 X126.962 Y119.234 E39.40882
G0 F7200 X127.148 Y119.163
G0 X127.047 Y119.411
;TYPE:SKIN
G1 F1800 X127.08 Y119.443 E39.40911
G0 F7200 X127.236 Y119.442
G0 X127.175 Y119.441
G0 X125.164 Y119.332
G0 X125.038 Y119.234
;TYPE:WALL-OUTER
G1 F1800 X125.164 Y119.268 E39.41074
G1 X125.165 Y119.754 E39.41684
G1 X124.772 Y119.603 E39.41972
G1 X124.725 Y119.58 E39.42038
G1 X124.724 Y119.114 E39.42622
G1 X125.038 Y119.234 E39.4279
G0 F7200 X125.164 Y119.268
G0 X125.164 Y119.338
G0 X125.125 Y119.338
G0 X125.062 Y119.343
G0 X131.86 Y119.33
G0 X133.008 Y119.329
G0 X133.038 Y119.234
G1 F1800 X133.164 Y119.268 E39.42953
G1 X133.164 Y119.754 E39.43563
G1 X132.772 Y119.603 E39.43851
G1 X132.725 Y119.58 E39.43916
G1 X132.724 Y119.114 E39.44501
G1 X133.038 Y119.234 E39.44668
G0 F7200 X133.164 Y119.268
G0 X133.164 Y119.338
G0 X133.125 Y119.339
G1 F1500 E32.94668
G0 F7200 X133.062 Y119.343
G0 X133.154 Y116.738
G1 F1500 E39.44668
G0 F7200 X133.038 Y116.234
G1 F1800 X133.164 Y116.268 E39.44832
G1 X133.165 Y116.754 E39.45441
G1 X132.772 Y116.603 E39.4573
G1 X132.725 Y116.58 E39.45796
G1 X132.724 Y116.114 E39.4638
G1 X133.038 Y116.234 E39.46548
G0 F7200 X133.164 Y116.268
G0 X133.164 Y116.338
G0 X133.125 Y116.338
G0 X133.062 Y116.343
G0 X133.154 Y113.738
G0 X133.038 Y113.234
G1 F1800 X133.164 Y113.268 E39.46711
G1 X133.165 Y113.754 E39.47321
G1 X132.772 Y113.603 E39.47609
G1 X132.725 Y113.58 E39.47675
G1 X132.725 Y113.114 E39.48259
G1 X133.038 Y113.234 E39.48426
G0 F7200 X133.164 Y113.268
G0 X133.164 Y113.338
G0 X132.968 Y113.452
;TYPE:SKIN
G1 F1800 X132.919 Y113.402 E39.4847
G0 F7200 X132.764 Y113.401
G1 F1500 E32.9847
G0 F7200 X132.825 Y113.401
G0 X133.154 Y110.738
G1 F1500 E39.4847
G0 F7200 X133.038 Y110.234
;TYPE:WALL-OUTER
G1 F1800 X133.164 Y110.268 E39.48633
G1 X133.165 Y110.754 E39.49243
G1 X132.772 Y110.603 E39.49531
G1 X132.725 Y110.58 E39.49597
G1 X132.725 Y110.114 E39.50181
G1 X133.038 Y110.234 E39.50348
G0 F7200 X133.164 Y110.268
G0 X133.164 Y110.338
G0 X133.125 Y110.337
;MESH:NONMESH
G0 F600 X133.125 Y110.337 Z8
G0 F7200 X133.061 Y110.343
G0 X131.86 Y110.329
G0 X125.988 Y111.861
G0 X119.106 Y111.577
G0 X118.015 Y111.865
G0 X112.14 Y110.374
G0 X110.993 Y110.329
G0 X110.962 Y110.234
;TIME_ELAPSED:393.463955
;LAYER:39
;TYPE:WALL-OUTER
;MESH:output\B_media_suporte.stl
G1 F1800 X111.065 Y110.195 E39.50486
G1 X111.066 Y110.665 E39.51076
G1 X110.832 Y110.756 E39.5139
G1 X110.617 Y110.812 E39.51669
G1 X110.616 Y110.327 E39.52277
G1 X110.962 Y110.234 E39.52727
G0 F7200 X111.065 Y110.195
G0 X111.065 Y110.285
G0 X110.775 Y110.698
G1 F1500 E33.02727
G0 F7200 X110.769 Y110.67
G0 X111.054 Y113.211
G1 F1500 E39.52727
G0 F7200 X110.962 Y113.234
G1 F1800 X111.065 Y113.195 E39.52865
G1 X111.065 Y113.666 E39.53455
G1 X110.834 Y113.755 E39.53766
G1 X110.617 Y113.813 E39.54047
G1 X110.617 Y113.327 E39.54657
G1 X110.962 Y113.234 E39.55105
G0 F7200 X111.065 Y113.195
G0 X111.065 Y113.285
G0 X110.776 Y113.699
G0 X110.77 Y113.669
G0 X111.054 Y116.211
G0 X110.962 Y116.234
G1 F1800 X111.065 Y116.195 E39.55243
G1 X111.066 Y116.665 E39.55833
G1 X110.832 Y116.756 E39.56147
G1 X110.617 Y116.812 E39.56426
G1 X110.616 Y116.327 E39.57034
G1 X110.962 Y116.234 E39.57483
G0 F7200 X111.065 Y116.195
G0 X111.065 Y116.285
G0 X110.775 Y116.698
G1 F1500 E33.07483
G0 F7200 X110.769 Y116.67
G0 X111.054 Y119.211
G1 F1500 E39.57483
G0 F7200 X110.962 Y119.234
G1 F1800 X111.065 Y119.195 E39.57622
G1 X111.066 Y119.665 E39.58211
G1 X110.834 Y119.755 E39.58523
G1 X110.617 Y119.813 E39.58805
G1 X110.617 Y119.327 E39.59414
G1 X110.962 Y119.234 E39.59862
G0 F7200 X111.065 Y119.195
G0 X111.065 Y119.285
G0 X110.776 Y119.699
G0 X110.77 Y119.669
G0 X111.93 Y119.34
G0 X116.07 Y119.341
G0 X117.038 Y119.234
G1 F1800 X117.383 Y119.327 E39.6031
G1 X117.383 Y119.813 E39.6092
G1 X117.166 Y119.755 E39.61202
G1 X116.935 Y119.666 E39.61512
G1 X116.935 Y119.195 E39.62103
G1 X117.038 Y119.234 E39.62241
G0 F7200 X117.231 Y119.286
G0 X117.248 Y119.357
G1 F1500 E33.12241
G0 F7200 X117.238 Y119.391
G0 X118.637 Y119.328
G1 F1500 E39.62241
G0 F7200 X118.962 Y119.234
G1 F1800 X119.065 Y119.195 E39.62379
G1 X119.066 Y119.665 E39.62968
G1 X118.834 Y119.755 E39.6328
G1 X118.617 Y119.813 E39.63562
G1 X118.617 Y119.327 E39.64171
G1 X118.962 Y119.234 E39.6462
G0 F7200 X119.065 Y119.195
G0 X119.065 Y119.285
G0 X118.776 Y119.699
G1 F1500 E33.1462
G0 F7200 X118.77 Y119.669
G0 X118.629 Y116.797
G1 F1500 E39.6462
G0 F7200 X118.962 Y116.234
G1 F1800 X119.065 Y116.195 E39.64758
G1 X119.066 Y116.665 E39.65347
G1 X118.832 Y116.756 E39.65662
G1 X118.617 Y116.812 E39.65941
G1 X118.616 Y116.327 E39.66549
G1 X118.962 Y116.234 E39.66998
G0 F7200 X119.065 Y116.195
G0 X119.065 Y116.285
G0 X118.863 Y116.461
;TYPE:SKIN
G1 F1800 X118.81 Y116.514 E39.67045
G0 F7200 X118.665 Y116.514
G0 X118.717 Y116.515
G0 X117.383 Y116.341
G0 X117.038 Y116.234
;TYPE:WALL-OUTER
G1 F1800 X117.383 Y116.327 E39.67493
G1 X117.384 Y116.813 E39.68103
G1 X117.166 Y116.755 E39.68385
G1 X116.935 Y116.666 E39.68696
G1 X116.935 Y116.195 E39.69287
G1 X117.038 Y116.234 E39.69425
G0 F7200 X117.231 Y116.286
G0 X117.159 Y116.468
;TYPE:SKIN
G1 F1800 X117.129 Y116.498 E39.69451
G0 F7200 X116.983 Y116.497
G1 F1500 E33.19451
G0 F7200 X117.035 Y116.497
G0 X117.371 Y113.798
G1 F1500 E39.69451
G0 F7200 X117.038 Y113.234
;TYPE:WALL-OUTER
G1 F1800 X117.383 Y113.327 E39.69899
G1 X117.383 Y113.813 E39.70509
G1 X117.166 Y113.755 E39.7079
G1 X116.935 Y113.666 E39.71101
G1 X116.935 Y113.195 E39.71692
G1 X117.038 Y113.234 E39.7183
G0 F7200 X117.231 Y113.286
G0 X117.248 Y113.357
G0 X117.238 Y113.391
G0 X118.637 Y113.329
G0 X118.962 Y113.234
G1 F1800 X119.065 Y113.195 E39.71968
G1 X119.065 Y113.666 E39.72558
G1 X118.834 Y113.755 E39.72869
G1 X118.617 Y113.813 E39.73151
G1 X118.617 Y113.327 E39.7376
G1 X118.962 Y113.234 E39.74208
G0 F7200 X119.065 Y113.195
G0 X119.065 Y113.285
G0 X118.776 Y113.699
G1 F1500 E33.24208
G0 F7200 X118.77 Y113.669
G0 X118.629 Y110.797
G1 F1500 E39.74208
G0 F7200 X118.962 Y110.234
G1 F1800 X119.065 Y110.195 E39.74346
G1 X119.066 Y110.665 E39.74936
G1 X118.832 Y110.756 E39.7525
G1 X118.617 Y110.812 E39.75529
G1 X118.616 Y110.327 E39.76137
G1 X118.962 Y110.234 E39.76587
G0 F7200 X119.065 Y110.195
G0 X119.065 Y110.285
G0 X118.87 Y110.515
;TYPE:SKIN
G1 F1800 X118.842 Y110.543 E39.76611
G0 F7200 X118.854 Y110.677
G1 F1500 E33.26611
G0 F7200 X118.842 Y110.645
G0 X117.383 Y110.341
G1 F1500 E39.76611
G0 F7200 X117.038 Y110.234
;TYPE:WALL-OUTER
G1 F1800 X117.383 Y110.327 E39.7706
G1 X117.384 Y110.813 E39.77669
G1 X117.166 Y110.755 E39.77952
G1 X116.935 Y110.666 E39.78262
G1 X116.935 Y110.195 E39.78853
G1 X117.038 Y110.234 E39.78991
G0 F7200 X117.231 Y110.286
G0 X117.186 Y110.501
;TYPE:SKIN
G1 F1800 X117.148 Y110.539 E39.79025
G0 F7200 X117.134 Y110.673
G1 F1500 E33.29025
G0 F7200 X117.148 Y110.641
G0 X117.644 Y109.501
G0 X119.911 Y108.963
G0 X124.07 Y110.344
G1 F1500 E39.79025
G0 F7200 X125.038 Y110.234
;TYPE:WALL-OUTER
G1 F1800 X125.383 Y110.327 E39.79473
G1 X125.384 Y110.813 E39.80082
G1 X125.166 Y110.755 E39.80365
G1 X124.935 Y110.666 E39.80676
G1 X124.935 Y110.195 E39.81266
G1 X125.038 Y110.234 E39.81404
G0 F7200 X125.231 Y110.286
G0 X125.248 Y110.357
G0 X125.238 Y110.391
G0 X126.631 Y110.339
G0 X126.962 Y110.234
G1 F1800 X127.065 Y110.195 E39.81543
G1 X127.066 Y110.665 E39.82132
G1 X126.832 Y110.756 E39.82447
G1 X126.617 Y110.812 E39.82725
G1 X126.616 Y110.327 E39.83334
G1 X126.962 Y110.234 E39.83783
G0 F7200 X127.065 Y110.195
G0 X127.065 Y110.285
G0 X126.775 Y110.698
G1 F1500 E33.33783
G0 F7200 X126.769 Y110.67
G0 X127.054 Y113.211
G1 F1500 E39.83783
G0 F7200 X126.962 Y113.234
G1 F1800 X127.065 Y113.195 E39.83921
G1 X127.065 Y113.666 E39.84512
G1 X126.834 Y113.755 E39.84822
G1 X126.617 Y113.813 E39.85104
G1 X126.617 Y113.327 E39.85713
G1 X126.962 Y113.234 E39.86161
G0 F7200 X127.065 Y113.195
G0 X127.065 Y113.285
G0 X126.776 Y113.699
G0 X126.77 Y113.669
G0 X125.363 Y113.329
G0 X125.038 Y113.234
G1 F1800 X125.383 Y113.327 E39.86609
G1 X125.383 Y113.813 E39.87219
G1 X125.166 Y113.755 E39.87501
G1 X124.935 Y113.666 E39.87811
G1 X124.935 Y113.195 E39.88402
G1 X125.038 Y113.234 E39.8854
G0 F7200 X125.231 Y113.286
G0 X125.248 Y113.357
G1 F1500 E33.3854
G0 F7200 X125.238 Y113.391
G0 X124.946 Y116.211
G1 F1500 E39.8854
G0 F7200 X125.038 Y116.234
G1 F1800 X125.383 Y116.327 E39.88988
G1 X125.384 Y116.813 E39.89597
G1 X125.166 Y116.755 E39.8988
G1 X124.935 Y116.666 E39.90191
G1 X124.935 Y116.195 E39.90781
G1 X125.038 Y116.234 E39.90919
G0 F7200 X125.231 Y116.286
G0 X125.248 Y116.357
G1 F1500 E33.40919
G0 F7200 X125.238 Y116.391
G0 X126.631 Y116.339
G1 F1500 E39.90919
G0 F7200 X126.962 Y116.234
G1 F1800 X127.065 Y116.195 E39.91058
G1 X127.066 Y116.665 E39.91647
G1 X126.832 Y116.756 E39.91962
G1 X126.617 Y116.812 E39.9224
G1 X126.616 Y116.327 E39.92849
G1 X126.962 Y116.234 E39.93298
G0 F7200 X127.065 Y116.195
G0 X127.065 Y116.285
G0 X126.775 Y116.698
G0 X126.769 Y116.67
G0 X127.054 Y119.211
G0 X126.962 Y119.234
G1 F1800 X127.065 Y119.195 E39.93436
G1 X127.066 Y119.665 E39.94025
G1 X126.834 Y119.755 E39.94337
G1 X126.617 Y119.813 E39.94619
G1 X126.617 Y119.327 E39.95229
G1 X126.962 Y119.234 E39.95677
G0 F7200 X127.065 Y119.195
G0 X127.065 Y119.285
G0 X126.87 Y119.485
;TYPE:SKIN
G1 F1800 X126.811 Y119.544 E39.95729
G0 F7200 X126.665 Y119.543
G1 F1500 E33.45729
G0 F7200 X126.717 Y119.543
G0 X125.363 Y119.329
G1 F1500 E39.95729
G0 F7200 X125.038 Y119.234
;TYPE:WALL-OUTER
G1 F1800 X125.383 Y119.327 E39.96177
G1 X125.383 Y119.813 E39.96787
G1 X125.166 Y119.755 E39.97068
G1 X124.935 Y119.666 E39.97379
G1 X124.935 Y119.195 E39.97969
G1 X125.038 Y119.234 E39.98107
G0 F7200 X125.231 Y119.286
G0 X125.183 Y119.475
;TYPE:SKIN
G1 F1800 X125.129 Y119.529 E39.98155
G0 F7200 X124.983 Y119.529
G1 F1500 E33.48155
G0 F7200 X125.035 Y119.529
G0 X125.644 Y118.501
G0 X127.911 Y117.963
G0 X132.07 Y119.329
G1 F1500 E39.98155
G0 F7200 X133.038 Y119.234
;TYPE:WALL-OUTER
G1 F1800 X133.383 Y119.327 E39.98603
G1 X133.383 Y119.813 E39.99213
G1 X133.166 Y119.755 E39.99495
G1 X132.935 Y119.666 E39.99805
G1 X132.935 Y119.195 E40.00396
G1 X133.038 Y119.234 E40.00534
G0 F7200 X133.231 Y119.286
G0 X133.248 Y119.357
G1 F1500 E33.50534
G0 F7200 X133.238 Y119.391
G0 X133.372 Y116.798
G1 F1500 E40.00534
G0 F7200 X133.038 Y116.234
G1 F1800 X133.383 Y116.327 E40.00982
G1 X133.384 Y116.813 E40.01591
G1 X133.166 Y116.755 E40.01874
G1 X132.935 Y116.666 E40.02185
G1 X132.935 Y116.195 E40.02775
G1 X133.038 Y116.234 E40.02913
G0 F7200 X133.231 Y116.286
G0 X133.248 Y116.357
G0 X133.238 Y116.391
G0 X133.371 Y113.798
G0 X133.038 Y113.234
G1 F1800 X133.383 Y113.327 E40.03362
G1 X133.383 Y113.813 E40.03971
G1 X133.166 Y113.755 E40.04253
G1 X132.935 Y113.666 E40.04563
G1 X132.935 Y113.195 E40.05154
G1 X133.038 Y113.234 E40.05292
G0 F7200 X133.231 Y113.286
G0 X133.167 Y113.471
;TYPE:SKIN
G1 F1800 X133.129 Y113.509 E40.05326
G0 F7200 X132.983 Y113.509
G1 F1500 E33.55326
G0 F7200 X133.035 Y113.509
G0 X133.372 Y110.798
G1 F1500 E40.05326
G0 F7200 X133.038 Y110.234
;TYPE:WALL-OUTER
G1 F1800 X133.383 Y110.327 E40.05774
G1 X133.384 Y110.813 E40.06383
G1 X133.166 Y110.755 E40.06666
G1 X132.935 Y110.666 E40.06976
G1 X132.935 Y110.195 E40.07567
G1 X133.038 Y110.234 E40.07705
G0 F7200 X133.231 Y110.286
G0 X133.248 Y110.357
G1 F1500 E33.57705
;MESH:NONMESH
G0 F600 X133.248 Y110.357 Z8.2
G0 F7200 X133.238 Y110.391
G0 X132.07 Y110.4
G0 X126.235 Y111.833
G0 X117.768 Y111.826
G0 X111.93 Y110.445
G0 X110.73 Y110.4
G1 F1500 E40.07705
G0 F7200 X110.541 Y110.347
;TIME_ELAPSED:405.921472
;LAYER:40
;TYPE:WALL-OUTER
;MESH:output\B_media_suporte.stl
G1 F1800 X110.855 Y110.263 E40.08113
G1 X110.856 Y110.746 E40.08719
G1 X110.834 Y110.755 E40.08748
G1 X110.464 Y110.854 E40.09229
G1 X110.269 Y110.884 E40.09476
G1 X110.2 Y110.891 E40.09563
G1 X110.2 Y110.393 E40.10188
G1 X110.325 Y110.38 E40.10345
G1 X110.541 Y110.347 E40.10619
G0 F7200 X110.734 Y110.296
G0 X110.544 Y110.544
;TYPE:SKIN
G1 F1800 X110.611 Y110.611 E40.10679
G0 F7200 X110.622 Y110.738
G1 F1500 E33.60679
G0 F7200 X110.617 Y110.71
G0 X110.843 Y113.278
G1 F1500 E40.10679
G0 F7200 X110.541 Y113.347
;TYPE:WALL-OUTER
G1 F1800 X110.855 Y113.263 E40.11086
G1 X110.855 Y113.747 E40.11693
G1 X110.837 Y113.754 E40.11717
G1 X110.464 Y113.854 E40.12202
G1 X110.269 Y113.884 E40.12449
G1 X110.2 Y113.891 E40.12536
G1 X110.2 Y113.393 E40.13161
G1 X110.325 Y113.38 E40.13318
G1 X110.541 Y113.347 E40.13592
G0 F7200 X110.734 Y113.296
G0 X110.447 Y113.558
;TYPE:SKIN
G1 F1800 X110.522 Y113.634 E40.13659
G0 F7200 X110.519 Y113.756
G1 F1500 E33.63659
G0 F7200 X110.516 Y113.737
G0 X110.843 Y116.278
G1 F1500 E40.13659
G0 F7200 X110.541 Y116.347
;TYPE:WALL-OUTER
G1 F1800 X110.855 Y116.263 E40.14067
G1 X110.856 Y116.746 E40.14672
G1 X110.834 Y116.755 E40.14702
G1 X110.464 Y116.854 E40.15183
G1 X110.269 Y116.884 E40.1543
G1 X110.2 Y116.891 E40.15517
G1 X110.2 Y116.393 E40.16141
G1 X110.325 Y116.38 E40.16299
G1 X110.541 Y116.347 E40.16573
G0 F7200 X110.734 Y116.296
G0 X110.626 Y116.566
;TYPE:SKIN
G1 F1800 X110.414 Y116.637 E40.16665
G0 F7200 X110.548 Y116.418
G1 F1500 E33.66665
G0 F7200 X110.552 Y116.447
G0 X110.843 Y119.278
G1 F1500 E40.16665
G0 F7200 X110.541 Y119.347
;TYPE:WALL-OUTER
G1 F1800 X110.855 Y119.263 E40.17072
G1 X110.856 Y119.746 E40.17678
G1 X110.834 Y119.755 E40.17708
G1 X110.464 Y119.854 E40.18188
G1 X110.269 Y119.884 E40.18436
G1 X110.2 Y119.891 E40.18523
G1 X110.2 Y119.393 E40.19147
G1 X110.325 Y119.38 E40.19305
G1 X110.541 Y119.347 E40.19579
G0 F7200 X110.734 Y119.296
G0 X110.499 Y119.55
;TYPE:SKIN
G1 F1800 X110.57 Y119.621 E40.19642
G0 F7200 X110.567 Y119.749
G1 F1500 E33.69642
G0 F7200 X110.563 Y119.724
G0 X111.72 Y119.458
G0 X116.28 Y119.459
G0 X118.561 Y119.444
G1 F1500 E40.19642
G0 F7200 X118.541 Y119.347
;TYPE:WALL-OUTER
G1 F1800 X118.855 Y119.263 E40.20049
G1 X118.856 Y119.746 E40.20655
G1 X118.834 Y119.755 E40.20685
G1 X118.464 Y119.854 E40.21165
G1 X118.269 Y119.884 E40.21413
G1 X118.189 Y119.892 E40.21513
G1 X117.908 Y119.898 E40.21866
G1 X117.812 Y119.892 E40.21986
G1 X117.731 Y119.884 E40.22089
G1 X117.536 Y119.854 E40.22336
G1 X117.163 Y119.754 E40.2282
G1 X117.145 Y119.747 E40.22844
G1 X117.145 Y119.263 E40.23451
G1 X117.459 Y119.347 E40.23859
G1 X117.675 Y119.38 E40.24133
G1 X117.784 Y119.391 E40.2427
G1 X117.896 Y119.398 E40.24411
G1 X118.212 Y119.392 E40.24808
G1 X118.325 Y119.38 E40.2495
G1 X118.541 Y119.347 E40.25224
G0 F7200 X118.734 Y119.296
G0 X118.468 Y119.599
;TYPE:SKIN
G1 F1800 X118.222 Y119.636 E40.25329
G1 X117.641 Y119.621 E40.25574
G0 F7200 X117.631 Y119.466
G1 F1500 E33.75574
G0 F7200 X117.629 Y119.474
G0 X118.267 Y116.865
G1 F1500 E40.25574
G0 F7200 X118.541 Y116.347
;TYPE:WALL-OUTER
G1 F1800 X118.855 Y116.263 E40.25981
G1 X118.856 Y116.746 E40.26587
G1 X118.834 Y116.755 E40.26617
G1 X118.464 Y116.854 E40.27097
G1 X118.269 Y116.884 E40.27344
G1 X118.189 Y116.892 E40.27445
G1 X117.908 Y116.898 E40.27798
G1 X117.812 Y116.892 E40.27918
G1 X117.731 Y116.884 E40.2802
G1 X117.536 Y116.854 E40.28268
G1 X117.163 Y116.754 E40.28752
G1 X117.145 Y116.747 E40.28776
G1 X117.145 Y116.263 E40.29383
G1 X117.459 Y116.347 E40.29791
G1 X117.675 Y116.38 E40.30065
G1 X117.784 Y116.391 E40.30202
G1 X117.896 Y116.398 E40.30343
G1 X118.212 Y116.392 E40.30739
G1 X118.325 Y116.38 E40.30882
G1 X118.541 Y116.347 E40.31156
G0 F7200 X118.734 Y116.296
G0 X118.56 Y116.58
;TYPE:SKIN
G1 F1800 X118.323 Y116.626 E40.31248
G1 X117.431 Y116.582 E40.31589
G0 F7200 X117.407 Y116.406
G1 F1500 E33.81589
G0 F7200 X117.4 Y116.434
G0 X117.832 Y113.874
G1 F1500 E40.31589
G0 F7200 X118.541 Y113.347
;TYPE:WALL-OUTER
G1 F1800 X118.855 Y113.263 E40.31996
G1 X118.855 Y113.747 E40.32603
G1 X118.837 Y113.754 E40.32628
G1 X118.464 Y113.854 E40.33112
G1 X118.269 Y113.884 E40.33359
G1 X118.189 Y113.892 E40.3346
G1 X117.908 Y113.898 E40.33813
G1 X117.812 Y113.892 E40.33933
G1 X117.731 Y113.884 E40.34035
G1 X117.536 Y113.854 E40.34283
G1 X117.163 Y113.754 E40.34767
G1 X117.145 Y113.747 E40.34791
G1 X117.145 Y113.263 E40.35398
G1 X117.459 Y113.347 E40.35806
G1 X117.675 Y113.38 E40.3608
G1 X117.784 Y113.391 E40.36217
G1 X117.896 Y113.398 E40.36358
G1 X118.212 Y113.392 E40.36754
G1 X118.325 Y113.38 E40.36897
G1 X118.541 Y113.347 E40.37171
G0 F7200 X118.734 Y113.296
G0 X118.638 Y113.547
;TYPE:SKIN
G1 F1800 X118.419 Y113.61 E40.37256
G1 X117.571 Y113.611 E40.37573
G0 F7200 X117.563 Y113.448
G1 F1500 E33.87573
G0 F7200 X117.56 Y113.463
G0 X118.267 Y110.865
G1 F1500 E40.37573
G0 F7200 X118.541 Y110.347
;TYPE:WALL-OUTER
G1 F1800 X118.855 Y110.263 E40.3798
G1 X118.856 Y110.746 E40.38586
G1 X118.834 Y110.755 E40.38616
G1 X118.464 Y110.854 E40.39096
G1 X118.269 Y110.884 E40.39343
G1 X118.189 Y110.892 E40.39444
G1 X117.908 Y110.898 E40.39797
G1 X117.812 Y110.892 E40.39917
G1 X117.731 Y110.884 E40.40019
G1 X117.536 Y110.854 E40.40267
G1 X117.163 Y110.754 E40.40751
G1 X117.145 Y110.747 E40.40775
G1 X117.145 Y110.263 E40.41382
G1 X117.459 Y110.347 E40.4179
G1 X117.675 Y110.38 E40.42064
G1 X117.784 Y110.391 E40.42201
G1 X117.896 Y110.398 E40.42342
G1 X118.212 Y110.392 E40.42738
G1 X118.325 Y110.38 E40.42881
G1 X118.541 Y110.347 E40.43155
G0 F7200 X118.734 Y110.296
G0 X118.511 Y110.591
;TYPE:SKIN
G1 F1800 X118.27 Y110.633 E40.4324
G1 X117.372 Y110.583 E40.43551
G0 F7200 X117.513 Y110.76
G1 F1500 E33.93551
G0 F7200 X117.517 Y110.746
G0 X118.855 Y110.459
G0 X124.28 Y110.459
G0 X126.561 Y110.444
G1 F1500 E40.43551
G0 F7200 X126.541 Y110.347
;TYPE:WALL-OUTER
G1 F1800 X126.855 Y110.263 E40.43959
G1 X126.856 Y110.746 E40.44564
G1 X126.834 Y110.755 E40.44594
G1 X126.464 Y110.854 E40.45074
G1 X126.269 Y110.884 E40.45322
G1 X126.188 Y110.892 E40.45424
G1 X126.092 Y110.898 E40.45545
G1 X125.812 Y110.892 E40.45896
G1 X125.731 Y110.884 E40.45998
G1 X125.536 Y110.854 E40.46245
G1 X125.163 Y110.754 E40.4673
G1 X125.145 Y110.747 E40.46754
G1 X125.145 Y110.263 E40.47361
G1 X125.459 Y110.347 E40.47768
G1 X125.675 Y110.38 E40.48042
G1 X125.788 Y110.392 E40.48185
G1 X126.104 Y110.398 E40.48581
G1 X126.216 Y110.391 E40.48722
G1 X126.325 Y110.38 E40.48859
G1 X126.541 Y110.347 E40.49133
G0 F7200 X126.734 Y110.296
G0 X126.444 Y110.605
;TYPE:SKIN
G1 F1800 X126.196 Y110.639 E40.49239
G1 X125.607 Y110.617 E40.49489
G0 F7200 X125.599 Y110.458
G1 F1500 E33.99489
G0 F7200 X125.597 Y110.469
G0 X126.843 Y113.278
G1 F1500 E40.49489
G0 F7200 X126.541 Y113.347
;TYPE:WALL-OUTER
G1 F1800 X126.855 Y113.263 E40.49896
G1 X126.855 Y113.747 E40.50503
G1 X126.837 Y113.754 E40.50527
G1 X126.464 Y113.854 E40.51012
G1 X126.269 Y113.884 E40.51259
G1 X126.188 Y113.892 E40.51361
G1 X126.092 Y113.898 E40.51482
G1 X125.812 Y113.892 E40.51833
G1 X125.731 Y113.884 E40.51935
G1 X125.536 Y113.854 E40.52183
G1 X125.163 Y113.754 E40.52667
G1 X125.145 Y113.747 E40.52691
G1 X125.145 Y113.263 E40.53298
G1 X125.459 Y113.347 E40.53706
G1 X125.675 Y113.38 E40.5398
G1 X125.788 Y113.392 E40.54122
G1 X126.104 Y113.398 E40.54518
G1 X126.216 Y113.391 E40.54659
G1 X126.325 Y113.38 E40.54797
G1 X126.541 Y113.347 E40.55071
G0 F7200 X126.734 Y113.296
G0 X126.586 Y113.575
;TYPE:SKIN
G1 F1800 X126.35 Y113.622 E40.55162
G1 X125.473 Y113.593 E40.55495
G0 F7200 X125.463 Y113.421
G1 F1500 E34.05495
G0 F7200 X125.458 Y113.448
G0 X126.843 Y116.278
G1 F1500 E40.55495
G0 F7200 X126.541 Y116.347
;TYPE:WALL-OUTER
G1 F1800 X126.855 Y116.263 E40.55903
G1 X126.856 Y116.746 E40.56509
G1 X126.834 Y116.755 E40.56538
G1 X126.464 Y116.854 E40.57019
G1 X126.269 Y116.884 E40.57266
G1 X126.188 Y116.892 E40.57368
G1 X126.092 Y116.898 E40.57489
G1 X125.812 Y116.892 E40.5784
G1 X125.731 Y116.884 E40.57942
G1 X125.536 Y116.854 E40.58189
G1 X125.163 Y116.754 E40.58674
G1 X125.145 Y116.747 E40.58698
G1 X125.145 Y116.263 E40.59305
G1 X125.459 Y116.347 E40.59713
G1 X125.675 Y116.38 E40.59987
G1 X125.788 Y116.392 E40.60129
G1 X126.104 Y116.398 E40.60525
G1 X126.216 Y116.391 E40.60666
G1 X126.325 Y116.38 E40.60804
G1 X126.541 Y116.347 E40.61078
G0 F7200 X126.734 Y116.296
G0 X126.494 Y116.594
;TYPE:SKIN
G1 F1800 X126.251 Y116.634 E40.6116
G1 X125.357 Y116.589 E40.61461
G0 F7200 X125.516 Y116.76
G1 F1500 E34.11461
G0 F7200 X125.519 Y116.747
G0 X126.843 Y119.278
G1 F1500 E40.61461
G0 F7200 X126.541 Y119.347
;TYPE:WALL-OUTER
G1 F1800 X126.855 Y119.263 E40.61868
G1 X126.856 Y119.746 E40.62474
G1 X126.834 Y119.755 E40.62504
G1 X126.464 Y119.854 E40.62984
G1 X126.269 Y119.884 E40.63232
G1 X126.188 Y119.892 E40.63334
G1 X126.092 Y119.898 E40.63454
G1 X125.812 Y119.892 E40.63805
G1 X125.731 Y119.884 E40.63908
G1 X125.536 Y119.854 E40.64155
G1 X125.163 Y119.754 E40.64639
G1 X125.145 Y119.747 E40.64663
G1 X125.145 Y119.263 E40.6527
G1 X125.459 Y119.347 E40.65678
G1 X125.675 Y119.38 E40.65952
G1 X125.788 Y119.392 E40.66095
G1 X126.104 Y119.398 E40.66491
G1 X126.216 Y119.391 E40.66632
G1 X126.325 Y119.38 E40.66769
G1 X126.541 Y119.347 E40.67043
G0 F7200 X126.734 Y119.296
G0 X126.631 Y119.56
;TYPE:SKIN
G1 F1800 X126.401 Y119.613 E40.67133
G1 X125.548 Y119.608 E40.67458
G0 F7200 X125.54 Y119.442
G1 F1500 E34.17458
G0 F7200 X125.537 Y119.46
G0 X126.855 Y119.474
G0 X132.28 Y119.474
G0 X133.7 Y119.46
G1 F1500 E40.67458
G0 F7200 X133.8 Y119.393
;TYPE:WALL-OUTER
G1 F1800 X133.8 Y119.891 E40.68083
G1 X133.731 Y119.884 E40.6817
G1 X133.536 Y119.854 E40.68417
G1 X133.163 Y119.754 E40.68901
G1 X133.145 Y119.747 E40.68925
G1 X133.145 Y119.263 E40.69532
G1 X133.459 Y119.347 E40.6994
G1 X133.675 Y119.38 E40.70214
G1 X133.8 Y119.393 E40.70372
G0 F7200 X133.8 Y119.593
G0 X133.501 Y119.641
;TYPE:SKIN
G1 F1800 X133.39 Y119.53 E40.7047
G0 F7200 X133.422 Y119.41
G1 F1500 E34.2047
G0 F7200 X133.415 Y119.438
G0 X133.54 Y116.835
G1 F1500 E40.7047
G0 F7200 X133.8 Y116.393
;TYPE:WALL-OUTER
G1 F1800 X133.8 Y116.891 E40.71095
G1 X133.731 Y116.884 E40.71182
G1 X133.536 Y116.854 E40.71429
G1 X133.163 Y116.754 E40.71913
G1 X133.145 Y116.747 E40.71937
G1 X133.145 Y116.263 E40.72544
G1 X133.459 Y116.347 E40.72952
G1 X133.675 Y116.38 E40.73226
G1 X133.8 Y116.393 E40.73384
G0 F7200 X133.8 Y116.593
G0 X133.604 Y116.633
;TYPE:SKIN
G1 F1800 X133.525 Y116.555 E40.73453
G0 F7200 X133.576 Y116.451
G1 F1500 E34.23453
G0 F7200 X133.573 Y116.465
G0 X133.54 Y113.835
G1 F1500 E40.73453
G0 F7200 X133.8 Y113.393
;TYPE:WALL-OUTER
G1 F1800 X133.8 Y113.891 E40.74078
G1 X133.731 Y113.884 E40.74165
G1 X133.536 Y113.854 E40.74412
G1 X133.163 Y113.754 E40.74896
G1 X133.145 Y113.747 E40.74921
G1 X133.145 Y113.263 E40.75528
G1 X133.459 Y113.347 E40.75935
G1 X133.675 Y113.38 E40.76209
G1 X133.8 Y113.393 E40.76367
G0 F7200 X133.8 Y113.593
G0 X133.419 Y113.62
;TYPE:SKIN
G1 F1800 X133.339 Y113.54 E40.76438
G0 F7200 X133.511 Y113.76
G1 F1500 E34.26438
G0 F7200 X133.515 Y113.746
G0 X133.54 Y110.835
G1 F1500 E40.76438
G0 F7200 X133.8 Y110.393
;TYPE:WALL-OUTER
G1 F1800 X133.8 Y110.891 E40.77062
G1 X133.731 Y110.884 E40.77149
G1 X133.536 Y110.854 E40.77397
G1 X133.163 Y110.754 E40.77881
G1 X133.145 Y110.747 E40.77905
G1 X133.145 Y110.263 E40.78512
G1 X133.459 Y110.347 E40.7892
G1 X133.675 Y110.38 E40.79194
G1 X133.8 Y110.393 E40.79351
G0 F7200 X133.8 Y110.593
G0 X133.571 Y110.66
;TYPE:SKIN
G1 F1800 X133.454 Y110.544 E40.79455
G0 F7200 X133.507 Y110.433
G1 F1500 E34.29455
;MESH:NONMESH
G0 F600 X133.507 Y110.433 Z8.4
G0 F7200 X133.503 Y110.455
G0 X132.28 Y110.444
G0 X126.253 Y111.754
G0 X117.616 Y111.741
G0 X111.72 Y110.489
G0 X110.561 Y110.444
G1 F1500 E40.79455
G0 F7200 X110.541 Y110.347
;TIME_ELAPSED:418.534889
;LAYER:41
;TYPE:WALL-OUTER
;MESH:output\B_media_suporte.stl
G1 F1800 X110.645 Y110.319 E40.7959
G1 X110.645 Y110.805 E40.80199
G1 X110.464 Y110.854 E40.80434
G1 X110.269 Y110.884 E40.80682
G1 X110.2 Y110.891 E40.80769
G1 X110.2 Y110.393 E40.81393
G1 X110.325 Y110.38 E40.81551
G1 X110.541 Y110.347 E40.81825
G0 F7200 X110.645 Y110.319
G0 X110.645 Y110.412
G0 X110.283 Y110.789
G1 F1500 E34.31825
G0 F7200 X110.299 Y110.779
G0 X110.633 Y113.334
G1 F1500 E40.81825
G0 F7200 X110.541 Y113.347
G1 F1800 X110.645 Y113.319 E40.8196
G1 X110.645 Y113.805 E40.82569
G1 X110.464 Y113.854 E40.82805
G1 X110.269 Y113.884 E40.83052
G1 X110.2 Y113.891 E40.83139
G1 X110.2 Y113.393 E40.83763
G1 X110.325 Y113.38 E40.83921
G1 X110.541 Y113.347 E40.84195
G0 F7200 X110.645 Y113.319
G0 X110.645 Y113.412
G0 X110.45 Y113.561
;TYPE:SKIN
G1 F1800 X110.394 Y113.616 E40.84244
G0 F7200 X110.245 Y113.616
G1 F1500 E34.34244
G0 F7200 X110.3 Y113.616
G0 X110.633 Y116.334
G1 F1500 E40.84244
G0 F7200 X110.541 Y116.347
;TYPE:WALL-OUTER
G1 F1800 X110.645 Y116.319 E40.84379
G1 X110.645 Y116.805 E40.84989
G1 X110.464 Y116.854 E40.85224
G1 X110.269 Y116.884 E40.85471
G1 X110.2 Y116.891 E40.85558
G1 X110.2 Y116.393 E40.86183
G1 X110.325 Y116.38 E40.8634
G1 X110.541 Y116.347 E40.86614
G0 F7200 X110.645 Y116.319
G0 X110.645 Y116.412
G0 X110.283 Y116.789
G1 F1500 E34.36614
G0 F7200 X110.299 Y116.779
G0 X110.633 Y119.334
G1 F1500 E40.86614
G0 F7200 X110.541 Y119.347
G1 F1800 X110.645 Y119.319 E40.8675
G1 X110.645 Y119.805 E40.87359
G1 X110.464 Y119.854 E40.87594
G1 X110.269 Y119.884 E40.87842
G1 X110.2 Y119.891 E40.87929
G1 X110.2 Y119.393 E40.88553
G1 X110.325 Y119.38 E40.88711
G1 X110.541 Y119.347 E40.88985
G0 F7200 X110.645 Y119.319
G0 X110.645 Y119.412
G0 X110.283 Y119.789
G1 F1500 E34.38985
G0 F7200 X110.299 Y119.779
G0 X111.51 Y119.444
G0 X116.49 Y119.444
G0 X118.545 Y119.444
G1 F1500 E40.88985
G0 F7200 X118.541 Y119.347
G1 F1800 X118.645 Y119.319 E40.8912
G1 X118.645 Y119.805 E40.89729
G1 X118.464 Y119.854 E40.89964
G1 X118.269 Y119.884 E40.90212
G1 X118.189 Y119.892 E40.90313
G1 X117.908 Y119.898 E40.90665
G1 X117.812 Y119.892 E40.90786
G1 X117.731 Y119.884 E40.90888
G1 X117.536 Y119.854 E40.91135
G1 X117.355 Y119.805 E40.9137
G1 X117.355 Y119.319 E40.9198
G1 X117.459 Y119.347 E40.92115
G1 X117.675 Y119.38 E40.92389
G1 X117.784 Y119.391 E40.92526
G1 X117.896 Y119.398 E40.92667
G1 X118.212 Y119.392 E40.93063
G1 X118.325 Y119.38 E40.93206
G1 X118.541 Y119.347 E40.9348
G0 F7200 X118.645 Y119.319
G0 X118.645 Y119.412
G0 X118.232 Y119.637
;TYPE:SKIN
G1 F1800 X117.941 Y119.645 E40.93634
G1 X117.678 Y119.625 E40.93774
G0 F7200 X117.625 Y119.776
G1 F1500 E34.43774
G0 F7200 X117.627 Y119.768
G0 X118.545 Y119.366
G0 X118.267 Y116.865
G1 F1500 E40.93774
G0 F7200 X118.541 Y116.347
;TYPE:WALL-OUTER
G1 F1800 X118.645 Y116.319 E40.93909
G1 X118.645 Y116.805 E40.94519
G1 X118.464 Y116.854 E40.94754
G1 X118.269 Y116.884 E40.95001
G1 X118.189 Y116.892 E40.95102
G1 X117.908 Y116.898 E40.95455
G1 X117.812 Y116.892 E40.95575
G1 X117.731 Y116.884 E40.95677
G1 X117.536 Y116.854 E40.95925
G1 X117.355 Y116.805 E40.9616
G1 X117.355 Y116.319 E40.96769
G1 X117.459 Y116.347 E40.96904
G1 X117.675 Y116.38 E40.97178
G1 X117.784 Y116.391 E40.97316
G1 X117.896 Y116.398 E40.97457
G1 X118.212 Y116.392 E40.97853
G1 X118.325 Y116.38 E40.97995
G1 X118.541 Y116.347 E40.98269
G0 F7200 X118.645 Y116.319
G0 X118.645 Y116.412
G0 X118.409 Y116.631
;TYPE:SKIN
G1 F1800 X118.115 Y116.643 E40.98388
G1 X117.587 Y116.606 E40.98602
G0 F7200 X117.779 Y116.488
G1 F1500 E34.48602
G0 F7200 X117.776 Y116.49
G0 X118.267 Y113.865
G1 F1500 E40.98602
G0 F7200 X118.541 Y113.347
;TYPE:WALL-OUTER
G1 F1800 X118.645 Y113.319 E40.98737
G1 X118.645 Y113.805 E40.99347
G1 X118.464 Y113.854 E40.99582
G1 X118.269 Y113.884 E40.99829
G1 X118.189 Y113.892 E40.9993
G1 X117.908 Y113.898 E41.00283
G1 X117.812 Y113.892 E41.00403
G1 X117.731 Y113.884 E41.00505
G1 X117.536 Y113.854 E41.00753
G1 X117.355 Y113.805 E41.00988
G1 X117.355 Y113.319 E41.01597
G1 X117.459 Y113.347 E41.01732
G1 X117.675 Y113.38 E41.02006
G1 X117.784 Y113.391 E41.02144
G1 X117.896 Y113.398 E41.02284
G1 X118.212 Y113.392 E41.02681
G1 X118.325 Y113.38 E41.02823
G1 X118.541 Y113.347 E41.03097
G0 F7200 X118.645 Y113.319
G0 X118.645 Y113.412
G0 X118.299 Y113.631
;TYPE:SKIN
G1 F1800 X118.001 Y113.645 E41.03255
G1 X117.731 Y113.633 E41.03397
G0 F7200 X117.684 Y113.784
G1 F1500 E34.53397
G0 F7200 X117.686 Y113.777
G0 X118.267 Y110.865
G1 F1500 E41.03397
G0 F7200 X118.541 Y110.347
;TYPE:WALL-OUTER
G1 F1800 X118.645 Y110.319 E41.03532
G1 X118.645 Y110.805 E41.04142
G1 X118.464 Y110.854 E41.04377
G1 X118.269 Y110.884 E41.04624
G1 X118.189 Y110.892 E41.04725
G1 X117.908 Y110.898 E41.05078
G1 X117.812 Y110.892 E41.05198
G1 X117.731 Y110.884 E41.053
G1 X117.536 Y110.854 E41.05548
G1 X117.355 Y110.805 E41.05783
G1 X117.355 Y110.319 E41.06392
G1 X117.459 Y110.347 E41.06527
G1 X117.675 Y110.38 E41.06801
G1 X117.784 Y110.391 E41.06939
G1 X117.896 Y110.398 E41.07079
G1 X118.212 Y110.392 E41.07476
G1 X118.325 Y110.38 E41.07618
G1 X118.541 Y110.347 E41.07892
G0 F7200 X118.645 Y110.319
G0 X118.645 Y110.412
G0 X118.177 Y110.641
;TYPE:SKIN
G1 F1800 X117.891 Y110.645 E41.0804
G1 X117.632 Y110.62 E41.08175
G0 F7200 X117.571 Y110.769
G1 F1500 E34.58175
G0 F7200 X117.574 Y110.76
G0 X118.625 Y110.444
G0 X124.49 Y110.444
G0 X126.545 Y110.444
G1 F1500 E41.08175
G0 F7200 X126.541 Y110.347
;TYPE:WALL-OUTER
G1 F1800 X126.645 Y110.319 E41.0831
G1 X126.645 Y110.805 E41.0892
G1 X126.464 Y110.854 E41.09155
G1 X126.269 Y110.884 E41.09402
G1 X126.188 Y110.892 E41.09504
G1 X126.092 Y110.898 E41.09625
G1 X125.812 Y110.892 E41.09976
G1 X125.731 Y110.884 E41.10078
G1 X125.536 Y110.854 E41.10325
G1 X125.355 Y110.805 E41.10561
G1 X125.355 Y110.319 E41.1117
G1 X125.459 Y110.347 E41.11305
G1 X125.675 Y110.38 E41.11579
G1 X125.788 Y110.392 E41.11722
G1 X126.104 Y110.398 E41.12118
G1 X126.216 Y110.391 E41.12259
G1 X126.325 Y110.38 E41.12396
G1 X126.541 Y110.347 E41.1267
G0 F7200 X126.645 Y110.319
G0 X126.645 Y110.412
G0 X126.397 Y110.624
;TYPE:SKIN
G1 F1800 X126.092 Y110.646 E41.12798
G1 X125.578 Y110.595 E41.13015
G0 F7200 X125.737 Y110.791
G1 F1500 E34.63015
G0 F7200 X125.738 Y110.785
G0 X126.633 Y113.334
G1 F1500 E41.13015
G0 F7200 X126.541 Y113.347
;TYPE:WALL-OUTER
G1 F1800 X126.645 Y113.319 E41.1315
G1 X126.645 Y113.805 E41.13759
G1 X126.464 Y113.854 E41.13994
G1 X126.269 Y113.884 E41.14242
G1 X126.188 Y113.892 E41.14344
G1 X126.092 Y113.898 E41.14464
G1 X125.812 Y113.892 E41.14816
G1 X125.731 Y113.884 E41.14918
G1 X125.536 Y113.854 E41.15165
G1 X125.355 Y113.805 E41.154
G1 X125.355 Y113.319 E41.1601
G1 X125.459 Y113.347 E41.16145
G1 X125.675 Y113.38 E41.16419
G1 X125.788 Y113.392 E41.16561
G1 X126.104 Y113.398 E41.16958
G1 X126.216 Y113.391 E41.17098
G1 X126.325 Y113.38 E41.17236
G1 X126.541 Y113.347 E41.1751
G0 F7200 X126.645 Y113.319
G0 X126.645 Y113.412
G0 X126.21 Y113.639
;TYPE:SKIN
G1 F1800 X125.923 Y113.643 E41.17662
G1 X125.66 Y113.624 E41.17801
G0 F7200 X125.599 Y113.773
G1 F1500 E34.67801
G0 F7200 X125.601 Y113.764
G0 X126.633 Y116.334
G1 F1500 E41.17801
G0 F7200 X126.541 Y116.347
;TYPE:WALL-OUTER
G1 F1800 X126.645 Y116.319 E41.17936
G1 X126.645 Y116.805 E41.18546
G1 X126.464 Y116.854 E41.18781
G1 X126.269 Y116.884 E41.19028
G1 X126.188 Y116.892 E41.1913
G1 X126.092 Y116.898 E41.19251
G1 X125.812 Y116.892 E41.19602
G1 X125.731 Y116.884 E41.19704
G1 X125.536 Y116.854 E41.19952
G1 X125.355 Y116.805 E41.20187
G1 X125.355 Y116.319 E41.20796
G1 X125.459 Y116.347 E41.20931
G1 X125.675 Y116.38 E41.21205
G1 X125.788 Y116.392 E41.21348
G1 X126.104 Y116.398 E41.21744
G1 X126.216 Y116.391 E41.21885
G1 X126.325 Y116.38 E41.22022
G1 X126.541 Y116.347 E41.22296
G0 F7200 X126.645 Y116.319
G0 X126.645 Y116.412
G0 X126.335 Y116.625
;TYPE:SKIN
G1 F1800 X126.032 Y116.646 E41.22455
G1 X125.76 Y116.635 E41.22596
G0 F7200 X125.709 Y116.788
G1 F1500 E34.72596
G0 F7200 X125.711 Y116.781
G0 X126.633 Y119.334
G1 F1500 E41.22596
G0 F7200 X126.541 Y119.347
;TYPE:WALL-OUTER
G1 F1800 X126.645 Y119.319 E41.22731
G1 X126.645 Y119.805 E41.23341
G1 X126.464 Y119.854 E41.23576
G1 X126.269 Y119.884 E41.23823
G1 X126.188 Y119.892 E41.23926
G1 X126.092 Y119.898 E41.24046
G1 X125.812 Y119.892 E41.24397
G1 X125.731 Y119.884 E41.24499
G1 X125.536 Y119.854 E41.24747
G1 X125.355 Y119.805 E41.24982
G1 X125.355 Y119.319 E41.25591
G1 X125.459 Y119.347 E41.25727
G1 X125.675 Y119.38 E41.26001
G1 X125.788 Y119.392 E41.26143
G1 X126.104 Y119.398 E41.26539
G1 X126.216 Y119.391 E41.2668
G1 X126.325 Y119.38 E41.26818
G1 X126.541 Y119.347 E41.27092
G0 F7200 X126.645 Y119.319
G0 X126.645 Y119.412
G0 X126.427 Y119.645
;TYPE:SKIN
G1 F1800 X126.145 Y119.644 E41.272
G1 X125.608 Y119.616 E41.27406
G0 F7200 X125.571 Y119.769
G1 F1500 E34.77406
G0 F7200 X125.574 Y119.76
G0 X126.625 Y119.46
G0 X132.49 Y119.46
G0 X133.7 Y119.46
G1 F1500 E41.27406
G0 F7200 X133.8 Y119.393
;TYPE:WALL-OUTER
G1 F1800 X133.8 Y119.891 E41.28031
G1 X133.731 Y119.884 E41.28118
G1 X133.536 Y119.854 E41.28365
G1 X133.355 Y119.805 E41.286
G1 X133.355 Y119.319 E41.2921
G1 X133.459 Y119.347 E41.29345
G1 X133.675 Y119.38 E41.29619
G1 X133.8 Y119.393 E41.29776
G0 F7200 X133.8 Y119.593
G0 X133.58 Y119.563
;TYPE:SKIN
G1 F1800 X133.549 Y119.595 E41.29804
G0 F7200 X133.4 Y119.595
G1 F1500 E34.79804
G0 F7200 X133.455 Y119.595
G0 X133.733 Y116.865
G1 F1500 E41.29804
G0 F7200 X133.8 Y116.393
;TYPE:WALL-OUTER
G1 F1800 X133.8 Y116.891 E41.30429
G1 X133.731 Y116.884 E41.30516
G1 X133.536 Y116.854 E41.30763
G1 X133.355 Y116.805 E41.30998
G1 X133.355 Y116.319 E41.31608
G1 X133.459 Y116.347 E41.31743
G1 X133.675 Y116.38 E41.32017
G1 X133.8 Y116.393 E41.32175
G0 F7200 X133.8 Y116.593
G0 X133.755 Y116.593
G1 F1500 E34.82175
G0 F7200 X133.7 Y116.593
G0 X133.733 Y113.865
G1 F1500 E41.32175
G0 F7200 X133.8 Y113.393
G1 F1800 X133.8 Y113.891 E41.32799
G1 X133.731 Y113.884 E41.32886
G1 X133.536 Y113.854 E41.33133
G1 X133.355 Y113.805 E41.33369
G1 X133.355 Y113.319 E41.33978
G1 X133.459 Y113.347 E41.34113
G1 X133.675 Y113.38 E41.34387
G1 X133.8 Y113.393 E41.34545
G0 F7200 X133.8 Y113.593
G0 X133.604 Y113.6
;TYPE:SKIN
G1 F1800 X133.549 Y113.655 E41.34594
G0 F7200 X133.4 Y113.655
G1 F1500 E34.84594
G0 F7200 X133.455 Y113.655
G0 X133.733 Y110.865
G1 F1500 E41.34594
G0 F7200 X133.8 Y110.393
;TYPE:WALL-OUTER
G1 F1800 X133.8 Y110.891 E41.35218
G1 X133.731 Y110.884 E41.35305
G1 X133.536 Y110.854 E41.35552
G1 X133.355 Y110.805 E41.35788
G1 X133.355 Y110.319 E41.36397
G1 X133.459 Y110.347 E41.36532
G1 X133.675 Y110.38 E41.36806
G1 X133.8 Y110.393 E41.36964
G0 F7200 X133.8 Y110.593
G0 X133.755 Y110.593
G1 F1500 E34.86964
;MESH:NONMESH
G0 F600 X133.755 Y110.593 Z8.6
G0 F7200 X133.7 Y110.593
G0 X132.49 Y110.55
G0 X126.253 Y111.754
G0 X117.616 Y111.741
G0 X111.51 Y110.55
G0 X110.3 Y110.55
G1 F1500 E41.36964
G0 F7200 X110.2 Y110.55
;TIME_ELAPSED:430.582378
;LAYER:42
;TYPE:WALL-OUTER
;MESH:output\B_media_suporte.stl
G1 F1800 X110.2 Y110.393 E41.37161
G1 X110.325 Y110.38 E41.37318
G1 X110.435 Y110.363 E41.37458
G1 X110.435 Y110.858 E41.37988
G1 X110.269 Y110.884 E41.38198
G1 X110.2 Y110.891 E41.38285
G1 X110.2 Y110.75 E41.38343
G1 X109.9 Y110.75 E41.38697
G1 X109.9 Y110.55 E41.38892
G1 X110.2 Y110.55 E41.3908
G0 F7200 X110.2 Y110.393
G0 X110.243 Y110.389
G1 F1500 E34.8908
G0 F7200 X110.3 Y110.489
G0 X110.423 Y113.378
G1 F1500 E41.3908
G0 F7200 X110.2 Y113.55
G1 F1800 X110.2 Y113.393 E41.39277
G1 X110.325 Y113.38 E41.39434
G1 X110.435 Y113.363 E41.39574
G1 X110.435 Y113.858 E41.40104
G1 X110.269 Y113.884 E41.40314
G1 X110.2 Y113.891 E41.40401
G1 X110.2 Y113.75 E41.40459
G1 X109.9 Y113.75 E41.40813
G1 X109.9 Y113.55 E41.41008
G1 X110.2 Y113.55 E41.41196
G0 F7200 X110.2 Y113.393
G0 X110.243 Y113.389
G1 F1500 E34.91196
G0 F7200 X110.3 Y113.489
G0 X110.423 Y116.378
G1 F1500 E41.41196
G0 F7200 X110.2 Y116.55
G1 F1800 X110.2 Y116.393 E41.41393
G1 X110.325 Y116.38 E41.4155
G1 X110.435 Y116.363 E41.4169
G1 X110.435 Y116.858 E41.4222
G1 X110.269 Y116.884 E41.4243
G1 X110.2 Y116.891 E41.42517
G1 X110.2 Y116.75 E41.42575
G1 X109.9 Y116.75 E41.42929
G1 X109.9 Y116.55 E41.43123
G1 X110.2 Y116.55 E41.43312
G0 F7200 X110.2 Y116.393
G0 X110.243 Y116.389
G1 F1500 E34.93312
G0 F7200 X110.3 Y116.489
G0 X110.423 Y119.378
G1 F1500 E41.43312
G0 F7200 X110.2 Y119.55
G1 F1800 X110.2 Y119.393 E41.43508
G1 X110.325 Y119.38 E41.43666
G1 X110.435 Y119.363 E41.43806
G1 X110.435 Y119.858 E41.44335
G1 X110.269 Y119.884 E41.44546
G1 X110.2 Y119.891 E41.44633
G1 X110.2 Y119.75 E41.44691
G1 X109.9 Y119.75 E41.45045
G1 X109.9 Y119.55 E41.45239
G1 X110.2 Y119.55 E41.45428
G0 F7200 X110.2 Y119.393
G0 X110.243 Y119.389
G1 F1500 E34.95428
G0 F7200 X110.3 Y119.489
G0 X111.3 Y119.791
G0 X116.7 Y119.791
G0 X118.183 Y119.791
G1 F1500 E41.45428
G0 F7200 X118.189 Y119.892
G1 F1800 X117.909 Y119.898 E41.45779
G1 X117.776 Y119.889 E41.45946
G1 X117.67 Y119.875 E41.4608
G1 X117.565 Y119.858 E41.46213
G1 X117.565 Y119.364 E41.46833
G1 X117.676 Y119.381 E41.46974
G1 X117.896 Y119.398 E41.4725
G1 X118.212 Y119.392 E41.47647
G1 X118.325 Y119.38 E41.47789
G1 X118.435 Y119.363 E41.47929
G1 X118.435 Y119.858 E41.4855
G1 X118.269 Y119.884 E41.4876
G1 X118.189 Y119.892 E41.48861
G0 F7200 X117.989 Y119.896
G0 X117.949 Y119.646
;TYPE:SKIN
G1 F1800 X118.206 Y119.621 E41.49016
G0 F7200 X118.033 Y119.495
G1 F1500 E34.99016
G0 F7200 X118.032 Y119.496
G0 X118.188 Y116.873
G1 F1500 E41.49016
G0 F7200 X118.189 Y116.892
;TYPE:WALL-OUTER
G1 F1800 X117.909 Y116.898 E41.49367
G1 X117.776 Y116.889 E41.49534
G1 X117.731 Y116.884 E41.49591
G1 X117.565 Y116.858 E41.49801
G1 X117.565 Y116.364 E41.50421
G1 X117.676 Y116.381 E41.50562
G1 X117.896 Y116.398 E41.50838
G1 X118.212 Y116.392 E41.51235
G1 X118.325 Y116.38 E41.51377
G1 X118.435 Y116.363 E41.51517
G1 X118.435 Y116.858 E41.52138
G1 X118.269 Y116.884 E41.52348
G1 X118.189 Y116.892 E41.52449
G0 F7200 X117.989 Y116.896
G0 X118.059 Y116.645
;TYPE:SKIN
G1 F1800 X117.793 Y116.662 E41.52603
G0 F7200 X117.967 Y116.797
G1 F1500 E35.02603
G0 F7200 X117.968 Y116.796
G0 X118.188 Y113.873
G1 F1500 E41.52603
G0 F7200 X118.189 Y113.892
;TYPE:WALL-OUTER
G1 F1800 X117.909 Y113.898 E41.52954
G1 X117.776 Y113.889 E41.53121
G1 X117.67 Y113.875 E41.53256
G1 X117.565 Y113.858 E41.53389
G1 X117.565 Y113.364 E41.54008
G1 X117.676 Y113.381 E41.54149
G1 X117.896 Y113.398 E41.54426
G1 X118.212 Y113.392 E41.54822
G1 X118.325 Y113.38 E41.54965
G1 X118.435 Y113.363 E41.55104
G1 X118.435 Y113.858 E41.55725
G1 X118.269 Y113.884 E41.55936
G1 X118.189 Y113.892 E41.56037
G0 F7200 X117.989 Y113.896
G0 X117.887 Y113.645
;TYPE:SKIN
G1 F1800 X118.165 Y113.64 E41.56229
G0 F7200 X118.202 Y113.793
G1 F1500 E35.06229
G0 F7200 X118.202 Y113.789
G0 X118.188 Y110.873
G1 F1500 E41.56229
G0 F7200 X118.189 Y110.892
;TYPE:WALL-OUTER
G1 F1800 X117.909 Y110.898 E41.5658
G1 X117.776 Y110.889 E41.56747
G1 X117.731 Y110.884 E41.56804
G1 X117.565 Y110.858 E41.57014
G1 X117.565 Y110.364 E41.57634
G1 X117.676 Y110.381 E41.57775
G1 X117.896 Y110.398 E41.58051
G1 X118.212 Y110.392 E41.58448
G1 X118.325 Y110.38 E41.5859
G1 X118.435 Y110.363 E41.5873
G1 X118.435 Y110.858 E41.59351
G1 X118.269 Y110.884 E41.59561
G1 X118.189 Y110.892 E41.59662
G0 F7200 X117.989 Y110.896
G0 X118.053 Y110.699
;TYPE:SKIN
G1 F1800 X117.946 Y110.592 E41.59757
G0 F7200 X117.944 Y110.497
G1 F1500 E35.09757
G0 F7200 X117.943 Y110.498
G0 X119.3 Y110.785
G0 X124.7 Y110.785
G0 X126.259 Y110.785
G1 F1500 E41.59757
G0 F7200 X126.269 Y110.884
;TYPE:WALL-OUTER
G1 F1800 X126.091 Y110.898 E41.59981
G1 X125.812 Y110.892 E41.60331
G1 X125.731 Y110.884 E41.60433
G1 X125.565 Y110.858 E41.60644
G1 X125.565 Y110.363 E41.61264
G1 X125.675 Y110.38 E41.61404
G1 X125.788 Y110.392 E41.61547
G1 X126.105 Y110.398 E41.61944
G1 X126.256 Y110.388 E41.62134
G1 X126.435 Y110.364 E41.6236
G1 X126.435 Y110.858 E41.6298
G1 X126.269 Y110.884 E41.63191
G0 F7200 X126.091 Y110.898
G0 X126.069 Y110.898
G0 X125.917 Y110.644
;TYPE:SKIN
G1 F1800 X126.193 Y110.636 E41.6337
G0 F7200 X126.039 Y110.497
G1 F1500 E35.1337
G0 F7200 X126.424 Y113.366
G1 F1500 E41.6337
G0 F7200 X126.269 Y113.884
;TYPE:WALL-OUTER
G1 F1800 X126.091 Y113.898 E41.63594
G1 X125.812 Y113.892 E41.63944
G1 X125.731 Y113.884 E41.64046
G1 X125.565 Y113.858 E41.64257
G1 X125.565 Y113.363 E41.64877
G1 X125.675 Y113.38 E41.65017
G1 X125.788 Y113.392 E41.65159
G1 X126.105 Y113.398 E41.65557
G1 X126.256 Y113.388 E41.65747
G1 X126.435 Y113.364 E41.65973
G1 X126.435 Y113.858 E41.66593
G1 X126.269 Y113.884 E41.66804
G0 F7200 X126.091 Y113.898
G0 X126.069 Y113.898
G0 X126.09 Y113.645
;TYPE:SKIN
G1 F1800 X125.808 Y113.646 E41.66988
G0 F7200 X125.961 Y113.795
G1 F1500 E35.16988
G0 F7200 X126.424 Y116.366
G1 F1500 E41.66988
G0 F7200 X126.269 Y116.884
;TYPE:WALL-OUTER
G1 F1800 X126.091 Y116.898 E41.67212
G1 X125.812 Y116.892 E41.67562
G1 X125.731 Y116.884 E41.67664
G1 X125.565 Y116.858 E41.67874
G1 X125.565 Y116.363 E41.68495
G1 X125.675 Y116.38 E41.68635
G1 X125.788 Y116.392 E41.68777
G1 X126.105 Y116.398 E41.69175
G1 X126.256 Y116.388 E41.69365
G1 X126.435 Y116.364 E41.69591
G1 X126.435 Y116.858 E41.70211
G1 X126.269 Y116.884 E41.70421
G0 F7200 X126.091 Y116.898
G0 X126.069 Y116.898
G0 X125.979 Y116.645
;TYPE:SKIN
G1 F1800 X126.221 Y116.605 E41.70551
G0 F7200 X126.032 Y116.796
G1 F1500 E35.20551
G0 F7200 X126.424 Y119.366
G1 F1500 E41.70551
G0 F7200 X126.269 Y119.884
;TYPE:WALL-OUTER
G1 F1800 X126.091 Y119.898 E41.70775
G1 X125.812 Y119.892 E41.71125
G1 X125.731 Y119.884 E41.71227
G1 X125.565 Y119.858 E41.71437
G1 X125.565 Y119.363 E41.72058
G1 X125.675 Y119.38 E41.72198
G1 X125.788 Y119.392 E41.7234
G1 X126.105 Y119.398 E41.72738
G1 X126.256 Y119.388 E41.72928
G1 X126.435 Y119.364 E41.73154
G1 X126.435 Y119.858 E41.73774
G1 X126.269 Y119.884 E41.73984
G0 F7200 X126.091 Y119.898
G0 X126.069 Y119.898
G0 X126.148 Y119.643
;TYPE:SKIN
G1 F1800 X125.865 Y119.643 E41.7417
G0 F7200 X125.837 Y119.491
G1 F1500 E35.2417
G0 F7200 X125.837 Y119.492
G0 X127.3 Y119.68
G0 X132.7 Y119.68
G0 X133.73 Y119.68
G1 F1500 E41.7417
G0 F7200 X133.8 Y119.75
;TYPE:WALL-OUTER
G1 F1800 X133.8 Y119.891 E41.74347
G1 X133.731 Y119.884 E41.74351
G1 X133.565 Y119.858 E41.7447
G1 X133.565 Y119.363 E41.75091
G1 X133.675 Y119.38 E41.7523
G1 X133.8 Y119.393 E41.75388
G1 X133.8 Y119.55 E41.75416
G1 X134.1 Y119.55 E41.75766
G1 X134.1 Y119.75 E41.75961
G1 X133.8 Y119.75 E41.76149
G0 F7200 X133.8 Y119.891
G0 X133.741 Y119.886
G1 F1500 E35.26149
G0 F7200 X133.7 Y119.786
G0 X133.787 Y116.877
G1 F1500 E41.76149
G0 F7200 X133.8 Y116.75
G1 F1800 X133.8 Y116.891 E41.76326
G1 X133.731 Y116.884 E41.76329
G1 X133.565 Y116.858 E41.76448
G1 X133.565 Y116.363 E41.77069
G1 X133.675 Y116.38 E41.77209
G1 X133.8 Y116.393 E41.77366
G1 X133.8 Y116.55 E41.77395
G1 X134.1 Y116.55 E41.77745
G1 X134.1 Y116.75 E41.77939
G1 X133.8 Y116.75 E41.78127
G0 F7200 X133.8 Y116.891
G0 X133.741 Y116.886
G1 F1500 E35.28127
G0 F7200 X133.7 Y116.786
G0 X133.787 Y113.877
G1 F1500 E41.78127
G0 F7200 X133.8 Y113.75
G1 F1800 X133.8 Y113.891 E41.78304
G1 X133.731 Y113.884 E41.78307
G1 X133.565 Y113.858 E41.78427
G1 X133.565 Y113.363 E41.79048
G1 X133.675 Y113.38 E41.79187
G1 X133.8 Y113.393 E41.79345
G1 X133.8 Y113.55 E41.79373
G1 X134.1 Y113.55 E41.79723
G1 X134.1 Y113.75 E41.79917
G1 X133.8 Y113.75 E41.80105
G0 F7200 X133.8 Y113.891
G0 X133.741 Y113.886
G1 F1500 E35.30105
G0 F7200 X133.7 Y113.786
G0 X133.787 Y110.877
G1 F1500 E41.80105
G0 F7200 X133.8 Y110.75
G1 F1800 X133.8 Y110.891 E41.80282
G1 X133.731 Y110.884 E41.80286
G1 X133.565 Y110.858 E41.80405
G1 X133.565 Y110.363 E41.81026
G1 X133.675 Y110.38 E41.81165
G1 X133.8 Y110.393 E41.81323
G1 X133.8 Y110.55 E41.81351
G1 X134.1 Y110.55 E41.81701
G1 X134.1 Y110.75 E41.81896
G1 X133.8 Y110.75 E41.82084
G0 F7200 X133.8 Y110.891
G0 X133.741 Y110.886
G1 F1500 E35.32084
;MESH:NONMESH
G0 F600 X133.741 Y110.886 Z8.8
G0 F7200 X133.7 Y110.786
G0 X132.7 Y110.62
G0 X126.114 Y111.762
G0 X117.613 Y111.741
G0 X111.3 Y110.62
G0 X110.27 Y110.62
G1 F1500 E41.82084
G0 F7200 X110.2 Y110.55
;TIME_ELAPSED:442.205325
;LAYER:43
;TYPE:WALL-OUTER
;MESH:output\B_media_suporte.stl
G1 F1800 X110.2 Y110.392 E41.82282
G1 X110.216 Y110.391 E41.82302
G1 X110.216 Y110.889 E41.82698
G1 X110.2 Y110.891 E41.82718
G1 X110.2 Y110.75
G1 X109.9 Y110.75 E41.82937
G1 X109.9 Y110.55 E41.83112
G1 X110.2 Y110.55 E41.833
G0 F7200 X110.2 Y110.392
G0 X110.216 Y110.391
G0 X110.216 Y110.417
G1 F1500 E35.333
G0 F7200 X110.116 Y110.6
G0 X110.203 Y113.405
G1 F1500 E41.833
G0 F7200 X110.2 Y113.55
G1 F1800 X110.2 Y113.392 E41.83498
G1 X110.216 Y113.391 E41.83518
G1 X110.216 Y113.889 E41.83914
G1 X110.2 Y113.891 E41.83934
G1 X110.2 Y113.75
G1 X109.9 Y113.75 E41.84153
G1 X109.9 Y113.55 E41.84328
G1 X110.2 Y113.55 E41.84516
G0 F7200 X110.2 Y113.392
G0 X110.216 Y113.391
G0 X110.216 Y113.417
G1 F1500 E35.34516
G0 F7200 X110.116 Y113.6
G0 X110.203 Y116.405
G1 F1500 E41.84516
G0 F7200 X110.2 Y116.55
G1 F1800 X110.2 Y116.392 E41.84714
G1 X110.216 Y116.391 E41.84734
G1 X110.216 Y116.889 E41.8513
G1 X110.2 Y116.891 E41.8515
G1 X110.2 Y116.75
G1 X109.9 Y116.75 E41.85369
G1 X109.9 Y116.55 E41.85544
G1 X110.2 Y116.55 E41.85732
G0 F7200 X110.2 Y116.392
G0 X110.216 Y116.391
G0 X110.216 Y116.417
G1 F1500 E35.35732
G0 F7200 X110.116 Y116.6
G0 X110.203 Y119.405
G1 F1500 E41.85732
G0 F7200 X110.2 Y119.55
G1 F1800 X110.2 Y119.392 E41.8593
G1 X110.216 Y119.391 E41.85951
G1 X110.216 Y119.889 E41.86346
G1 X110.2 Y119.891 E41.86366
G1 X110.2 Y119.75
G1 X109.9 Y119.75 E41.86586
G1 X109.9 Y119.55 E41.8676
G1 X110.2 Y119.55 E41.86948
G0 F7200 X110.2 Y119.392
G0 X110.216 Y119.391
G0 X110.216 Y119.417
G1 F1500 E35.36948
G0 F7200 X110.116 Y119.6
G0 X116.919 Y119.57
G1 F1500 E41.86948
G0 F7200 X117.895 Y119.398
G1 F1800 X118.216 Y119.392 E41.87351
G1 X118.216 Y119.889 E41.87974
G1 X118.188 Y119.892 E41.8801
G1 X117.898 Y119.898 E41.88373
G1 X117.784 Y119.89 E41.88517
G1 X117.784 Y119.39 E41.89144
G1 X117.895 Y119.398 E41.89283
G0 F7200 X118.095 Y119.395
G0 X118.096 Y119.493
G1 F1500 E35.39283
G0 F7200 X118.095 Y119.495
G0 X117.898 Y116.879
G1 F1500 E41.89283
G0 F7200 X117.895 Y116.398
G1 F1800 X118.216 Y116.392 E41.89686
G1 X118.216 Y116.889 E41.90309
G1 X118.189 Y116.892 E41.90343
G1 X117.898 Y116.898 E41.90708
G1 X117.784 Y116.89 E41.90851
G1 X117.784 Y116.39 E41.91479
G1 X117.895 Y116.398 E41.91618
G0 F7200 X118.095 Y116.395
G0 X118.096 Y116.493
G1 F1500 E35.41618
G0 F7200 X118.095 Y116.495
G0 X117.898 Y113.879
G1 F1500 E41.91618
G0 F7200 X117.895 Y113.398
G1 F1800 X118.216 Y113.392 E41.92021
G1 X118.216 Y113.889 E41.92644
G1 X118.188 Y113.892 E41.92679
G1 X117.898 Y113.898 E41.93043
G1 X117.784 Y113.89 E41.93186
G1 X117.784 Y113.39 E41.93813
G1 X117.895 Y113.398 E41.93953
G0 F7200 X118.095 Y113.395
G0 X118.02 Y113.627
;TYPE:SKIN
G1 F1800 X117.978 Y113.669 E41.9399
G0 F7200 X117.816 Y113.669
G1 F1500 E35.4399
G0 F7200 X117.884 Y113.669
G0 X117.898 Y110.879
G1 F1500 E41.9399
G0 F7200 X117.895 Y110.398
;TYPE:WALL-OUTER
G1 F1800 X118.216 Y110.392 E41.94393
G1 X118.216 Y110.889 E41.95016
G1 X118.189 Y110.892 E41.9505
G1 X117.898 Y110.898 E41.95415
G1 X117.784 Y110.89 E41.95558
G1 X117.784 Y110.39 E41.96185
G1 X117.895 Y110.398 E41.96325
G0 F7200 X118.095 Y110.395
G0 X118.096 Y110.493
G1 F1500 E35.46325
G0 F7200 X118.095 Y110.495
G0 X124.919 Y110.497
G0 X126.116 Y110.497
G1 F1500 E41.96325
G0 F7200 X126.117 Y110.398
G1 F1800 X126.216 Y110.391 E41.96449
G1 X126.216 Y110.889 E41.97074
G1 X126.09 Y110.898 E41.97232
G1 X125.812 Y110.892 E41.97581
G1 X125.784 Y110.889 E41.97616
G1 X125.784 Y110.392 E41.9824
G1 X126.117 Y110.398 E41.98657
G0 F7200 X126.216 Y110.391
G0 X126.216 Y110.492
G0 X126.184 Y110.492
G1 F1500 E35.48657
G0 F7200 X126.119 Y110.497
G0 X126.203 Y113.405
G1 F1500 E41.98657
G0 F7200 X126.117 Y113.398
G1 F1800 X126.216 Y113.391 E41.98782
G1 X126.216 Y113.889 E41.99406
G1 X126.09 Y113.898 E41.99565
G1 X125.812 Y113.892 E41.99913
G1 X125.784 Y113.889 E41.99949
G1 X125.784 Y113.392 E42.00572
G1 X126.117 Y113.398 E42.0099
G0 F7200 X126.216 Y113.391
G0 X126.216 Y113.492
G0 X126.184 Y113.492
G1 F1500 E35.5099
G0 F7200 X126.119 Y113.497
G0 X126.203 Y116.405
G1 F1500 E42.0099
G0 F7200 X126.117 Y116.398
G1 F1800 X126.216 Y116.391 E42.01114
G1 X126.216 Y116.889 E42.01739
G1 X126.09 Y116.898 E42.01897
G1 X125.812 Y116.892 E42.02246
G1 X125.784 Y116.889 E42.02281
G1 X125.784 Y116.392 E42.02904
G1 X126.117 Y116.398 E42.03322
G0 F7200 X126.216 Y116.391
G0 X126.216 Y116.492
G0 X126.02 Y116.658
;TYPE:SKIN
G1 F1800 X125.978 Y116.7 E42.03359
G0 F7200 X125.816 Y116.7
G1 F1500 E35.53359
G0 F7200 X125.884 Y116.7
G0 X126.203 Y119.405
G1 F1500 E42.03359
G0 F7200 X126.117 Y119.398
;TYPE:WALL-OUTER
G1 F1800 X126.216 Y119.391 E42.03484
G1 X126.216 Y119.889 E42.04108
G1 X126.09 Y119.898 E42.04267
G1 X125.812 Y119.892 E42.04615
G1 X125.784 Y119.889 E42.04651
G1 X125.784 Y119.392 E42.05274
G1 X126.117 Y119.398 E42.05691
G0 F7200 X126.216 Y119.391
G0 X126.216 Y119.492
G0 X126.184 Y119.492
G0 X126.119 Y119.497
G0 X132.919 Y119.68
G0 X133.8 Y119.75
G1 F1800 X133.8 Y119.891 E42.05868
G1 X133.784 Y119.89
G1 X133.784 Y119.392 E42.06399
G1 X133.8 Y119.393 E42.06419
G1 X133.8 Y119.55
G1 X134.1 Y119.55 E42.06647
G1 X134.1 Y119.75 E42.06826
G1 X133.8 Y119.75 E42.07014
G0 F7200 X133.8 Y119.891
G0 X133.784 Y119.89
G0 X133.784 Y119.847
G0 X133.884 Y119.7
G0 X133.787 Y116.877
G0 X133.8 Y116.75
G1 F1800 X133.8 Y116.891 E42.07191
G1 X133.784 Y116.89
G1 X133.784 Y116.392 E42.07722
G1 X133.8 Y116.393 E42.07742
G1 X133.8 Y116.55
G1 X134.1 Y116.55 E42.0797
G1 X134.1 Y116.75 E42.08149
G1 X133.8 Y116.75 E42.08337
G0 F7200 X133.8 Y116.891
G0 X133.784 Y116.89
G0 X133.784 Y116.847
G0 X133.884 Y116.7
G0 X133.787 Y113.877
G0 X133.8 Y113.75
G1 F1800 X133.8 Y113.891 E42.08514
G1 X133.784 Y113.89
G1 X133.784 Y113.392 E42.09045
G1 X133.8 Y113.393 E42.09065
G1 X133.8 Y113.55
G1 X134.1 Y113.55 E42.09293
G1 X134.1 Y113.75 E42.09472
G1 X133.8 Y113.75 E42.0966
G0 F7200 X133.8 Y113.891
G0 X133.784 Y113.89
G0 X133.784 Y113.847
G0 X133.884 Y113.7
G0 X133.787 Y110.877
G0 X133.8 Y110.75
G1 F1800 X133.8 Y110.891 E42.09837
G1 X133.784 Y110.89
G1 X133.784 Y110.392 E42.10368
G1 X133.8 Y110.393 E42.10388
G1 X133.8 Y110.55
G1 X134.1 Y110.55 E42.10616
G1 X134.1 Y110.75 E42.10795
G1 X133.8 Y110.75 E42.10983
G0 F7200 X133.8 Y110.891
G0 X133.784 Y110.89
G0 X133.784 Y110.847
;MESH:NONMESH
G0 F600 X133.784 Y110.847 Z9
G0 F7200 X133.884 Y110.7
G0 X126.115 Y111.762
G0 X117.618 Y111.741
G0 X111.081 Y110.65
G0 X110.1 Y110.75
;TIME_ELAPSED:450.649720
;LAYER:44
;TYPE:WALL-OUTER
;MESH:output\B_media_suporte.stl
G1 F1800 X109.9 Y110.75 E42.11234
G1 X109.9 Y110.55 E42.11485
G1 X110.1 Y110.55 E42.1161
G1 X110.1 Y110.75 E42.11736
G0 F7200 X109.9 Y110.75
G0 X110 Y110.68
G0 X110 Y113.57
G0 X110.1 Y113.75
G1 F1800 X109.9 Y113.75 E42.11987
G1 X109.9 Y113.55 E42.12237
G1 X110.1 Y113.55 E42.12363
G1 X110.1 Y113.75 E42.12488
G0 F7200 X109.9 Y113.75
G0 X110 Y113.68
G0 X110 Y116.57
G0 X110.1 Y116.75
G1 F1800 X109.9 Y116.75 E42.12739
G1 X109.9 Y116.55 E42.1299
G1 X110.1 Y116.55 E42.13115
G1 X110.1 Y116.75 E42.13241
G0 F7200 X109.9 Y116.75
G0 X110 Y116.68
G0 X110 Y119.57
G0 X110.1 Y119.75
G1 F1800 X109.9 Y119.75 E42.13491
G1 X109.9 Y119.55 E42.13742
G1 X110.1 Y119.55 E42.13868
G1 X110.1 Y119.75 E42.13993
G0 F7200 X109.9 Y119.75
G0 X110 Y119.68
G0 X117.035 Y119.68
G0 X118.1 Y119.75
G1 F1800 X117.9 Y119.75 E42.14244
G1 X117.9 Y119.55 E42.14495
G1 X118.1 Y119.55 E42.1462
G1 X118.1 Y119.75 E42.14745
G0 F7200 X117.9 Y119.75
G0 X118 Y119.68
G0 X118 Y116.73
G0 X118.1 Y116.75
G1 F1800 X117.9 Y116.75 E42.14996
G1 X117.9 Y116.55 E42.15247
G1 X118.1 Y116.55 E42.15372
G1 X118.1 Y116.75 E42.15498
G0 F7200 X117.9 Y116.75
G0 X118 Y116.68
G0 X118 Y113.73
G0 X118.1 Y113.75
G1 F1800 X117.9 Y113.75 E42.15749
G1 X117.9 Y113.55 E42.15999
G1 X118.1 Y113.55 E42.16125
G1 X118.1 Y113.75 E42.1625
G0 F7200 X117.9 Y113.75
G0 X118 Y113.68
G0 X118 Y110.73
G0 X118.1 Y110.75
G1 F1800 X117.9 Y110.75 E42.16501
G1 X117.9 Y110.55 E42.16752
G1 X118.1 Y110.55 E42.16877
G1 X118.1 Y110.75 E42.17003
G0 F7200 X117.9 Y110.75
G0 X118 Y110.68
G0 X125.035 Y110.68
G0 X126.1 Y110.75
G1 F1800 X125.9 Y110.75 E42.17253
G1 X125.9 Y110.55 E42.17504
G1 X126.1 Y110.55 E42.1763
G1 X126.1 Y110.75 E42.17755
G0 F7200 X125.9 Y110.75
G0 X126 Y110.68
G0 X126 Y113.57
G0 X126.1 Y113.75
G1 F1800 X125.9 Y113.75 E42.18006
G1 X125.9 Y113.55 E42.18257
G1 X126.1 Y113.55 E42.18382
G1 X126.1 Y113.75 E42.18508
G0 F7200 X125.9 Y113.75
G0 X126 Y113.68
G0 X126 Y116.57
G0 X126.1 Y116.75
G1 F1800 X125.9 Y116.75 E42.18758
G1 X125.9 Y116.55 E42.19009
G1 X126.1 Y116.55 E42.19135
G1 X126.1 Y116.75 E42.1926
G0 F7200 X125.9 Y116.75
G0 X126 Y116.68
G0 X126 Y119.57
G0 X126.1 Y119.75
G1 F1800 X125.9 Y119.75 E42.19511
G1 X125.9 Y119.55 E42.19762
G1 X126.1 Y119.55 E42.19887
G1 X126.1 Y119.75 E42.20012
G0 F7200 X125.9 Y119.75
G0 X126 Y119.68
G0 X133.035 Y119.68
G0 X134.1 Y119.75
G1 F1800 X133.9 Y119.75 E42.20263
G1 X133.9 Y119.55 E42.20514
G1 X134.1 Y119.55 E42.20639
G1 X134.1 Y119.75 E42.20765
G0 F7200 X133.9 Y119.75
G0 X134 Y119.68
G0 X134 Y116.73
G0 X134.1 Y116.75
G1 F1800 X133.9 Y116.75 E42.21016
G1 X133.9 Y116.55 E42.21266
G1 X134.1 Y116.55 E42.21392
G1 X134.1 Y116.75 E42.21517
G0 F7200 X133.9 Y116.75
G0 X134 Y116.68
G0 X134 Y113.73
G0 X134.1 Y113.75
G1 F1800 X133.9 Y113.75 E42.21768
G1 X133.9 Y113.55 E42.22019
G1 X134.1 Y113.55 E42.22144
G1 X134.1 Y113.75 E42.2227
G0 F7200 X133.9 Y113.75
G0 X134 Y113.68
G0 X134 Y110.73
G0 X134.1 Y110.75
G1 F1800 X133.9 Y110.75 E42.2252
G1 X133.9 Y110.55 E42.22771
G1 X134.1 Y110.55 E42.22897
G1 X134.1 Y110.75 E42.23022
G0 F7200 X133.9 Y110.75
;MESH:NONMESH
G0 F600 X133.9 Y110.75 Z9.2
G0 F7200 X134 Y110.68
G0 X126.953 Y111.603
G0 X117.047 Y111.603
G0 X110.965 Y110.68
G0 X110.1 Y110.75
;TIME_ELAPSED:452.659146
;LAYER:45
;TYPE:WALL-OUTER
;MESH:output\B_media_suporte.stl
G1 F1800 X109.9 Y110.75 E42.23273
G1 X109.9 Y110.55 E42.23524
G1 X110.1 Y110.55 E42.23649
G1 X110.1 Y110.75 E42.23774
G0 F7200 X109.9 Y110.75
G0 X110 Y110.68
G0 X110 Y113.57
G0 X110.1 Y113.75
G1 F1800 X109.9 Y113.75 E42.24025
G1 X109.9 Y113.55 E42.24276
G1 X110.1 Y113.55 E42.24401
G1 X110.1 Y113.75 E42.24527
G0 F7200 X109.9 Y113.75
G0 X110 Y113.68
G0 X110 Y116.57
G0 X110.1 Y116.75
G1 F1800 X109.9 Y116.75 E42.24778
G1 X109.9 Y116.55 E42.25029
G1 X110.1 Y116.55 E42.25154
G1 X110.1 Y116.75 E42.25279
G0 F7200 X109.9 Y116.75
G0 X110 Y116.68
G0 X110 Y119.57
G0 X110.1 Y119.75
G1 F1800 X109.9 Y119.75 E42.2553
G1 X109.9 Y119.55 E42.25781
G1 X110.1 Y119.55 E42.25906
G1 X110.1 Y119.75 E42.26032
G0 F7200 X109.9 Y119.75
G0 X110 Y119.68
G0 X117.035 Y119.68
G0 X118.1 Y119.75
G1 F1800 X117.9 Y119.75 E42.26283
G1 X117.9 Y119.55 E42.26533
G1 X118.1 Y119.55 E42.26659
G1 X118.1 Y119.75 E42.26784
G0 F7200 X117.9 Y119.75
G0 X118 Y119.68
G0 X118 Y116.73
G0 X118.1 Y116.75
G1 F1800 X117.9 Y116.75 E42.27035
G1 X117.9 Y116.55 E42.27286
G1 X118.1 Y116.55 E42.27411
G1 X118.1 Y116.75 E42.27537
G0 F7200 X117.9 Y116.75
G0 X118 Y116.68
G0 X118 Y113.73
G0 X118.1 Y113.75
G1 F1800 X117.9 Y113.75 E42.27787
G1 X117.9 Y113.55 E42.28038
G1 X118.1 Y113.55 E42.28164
G1 X118.1 Y113.75 E42.28289
G0 F7200 X117.9 Y113.75
G0 X118 Y113.68
G0 X118 Y110.73
G0 X118.1 Y110.75
G1 F1800 X117.9 Y110.75 E42.2854
G1 X117.9 Y110.55 E42.28791
G1 X118.1 Y110.55 E42.28916
G1 X118.1 Y110.75 E42.29041
G0 F7200 X117.9 Y110.75
G0 X118 Y110.68
G0 X125.035 Y110.68
G0 X126.1 Y110.75
G1 F1800 X125.9 Y110.75 E42.29292
G1 X125.9 Y110.55 E42.29543
G1 X126.1 Y110.55 E42.29668
G1 X126.1 Y110.75 E42.29794
G0 F7200 X125.9 Y110.75
G0 X126 Y110.68
G0 X126 Y113.57
G0 X126.1 Y113.75
G1 F1800 X125.9 Y113.75 E42.30045
G1 X125.9 Y113.55 E42.30295
G1 X126.1 Y113.55 E42.30421
G1 X126.1 Y113.75 E42.30546
G0 F7200 X125.9 Y113.75
G0 X126 Y113.68
G0 X126 Y116.57
G0 X126.1 Y116.75
G1 F1800 X125.9 Y116.75 E42.30797
G1 X125.9 Y116.55 E42.31048
G1 X126.1 Y116.55 E42.31173
G1 X126.1 Y116.75 E42.31299
G0 F7200 X125.9 Y116.75
G0 X126 Y116.68
G0 X126 Y119.57
G0 X126.1 Y119.75
G1 F1800 X125.9 Y119.75 E42.3155
G1 X125.9 Y119.55 E42.318
G1 X126.1 Y119.55 E42.31926
G1 X126.1 Y119.75 E42.32051
G0 F7200 X125.9 Y119.75
G0 X126 Y119.68
G0 X133.035 Y119.68
G0 X134.1 Y119.75
G1 F1800 X133.9 Y119.75 E42.32302
G1 X133.9 Y119.55 E42.32553
G1 X134.1 Y119.55 E42.32678
G1 X134.1 Y119.75 E42.32804
G0 F7200 X133.9 Y119.75
G0 X134 Y119.68
G0 X134 Y116.73
G0 X134.1 Y116.75
G1 F1800 X133.9 Y116.75 E42.33054
G1 X133.9 Y116.55 E42.33305
G1 X134.1 Y116.55 E42.33431
G1 X134.1 Y116.75 E42.33556
G0 F7200 X133.9 Y116.75
G0 X134 Y116.68
G0 X134 Y113.73
G0 X134.1 Y113.75
G1 F1800 X133.9 Y113.75 E42.33807
G1 X133.9 Y113.55 E42.34058
G1 X134.1 Y113.55 E42.34183
G1 X134.1 Y113.75 E42.34308
G0 F7200 X133.9 Y113.75
G0 X134 Y113.68
G0 X134 Y110.73
G0 X134.1 Y110.75
G1 F1800 X133.9 Y110.75 E42.34559
G1 X133.9 Y110.55 E42.3481
G1 X134.1 Y110.55 E42.34935
G1 X134.1 Y110.75 E42.35061
G0 F7200 X133.9 Y110.75
;MESH:NONMESH
G0 F600 X133.9 Y110.75 Z9.4
G0 F7200 X134 Y110.68
G0 X126.953 Y109.697
G0 X117.047 Y109.697
G0 X110.965 Y110.62
G0 X110.2 Y110.55
;TIME_ELAPSED:454.667643
;LAYER:46
;TYPE:WALL-OUTER
;MESH:output\B_media_suporte.stl
G1 F1800 X110.2 Y110.393 E42.35258
G1 X110.217 Y110.392 E42.35279
G1 X110.218 Y110.889 E42.35675
G1 X110.2 Y110.891 E42.35697
G1 X110.2 Y110.75
G1 X109.9 Y110.75 E42.35917
G1 X109.9 Y110.55 E42.36094
G1 X110.2 Y110.55 E42.36282
G0 F7200 X110.2 Y110.393
G0 X110.217 Y110.392
G0 X110.217 Y110.418
G0 X110.167 Y110.65
G0 X110.204 Y113.406
G0 X110.2 Y113.55
G1 F1800 X110.2 Y113.393 E42.36479
G1 X110.217 Y113.392 E42.365
G1 X110.218 Y113.889 E42.36896
G1 X110.2 Y113.891 E42.36919
G1 X110.2 Y113.75
G1 X109.9 Y113.75 E42.37139
G1 X109.9 Y113.55 E42.37315
G1 X110.2 Y113.55 E42.37503
G0 F7200 X110.2 Y113.393
G0 X110.217 Y113.392
G0 X110.217 Y113.418
G0 X110.167 Y113.65
G0 X110.204 Y116.406
G0 X110.2 Y116.55
G1 F1800 X110.2 Y116.393 E42.377
G1 X110.217 Y116.392 E42.37722
G1 X110.218 Y116.889 E42.38117
G1 X110.2 Y116.89 E42.3814
G1 X110.2 Y116.75
G1 X109.9 Y116.75 E42.3836
G1 X109.9 Y116.55 E42.38536
G1 X110.2 Y116.55 E42.38724
G0 F7200 X110.2 Y116.393
G0 X110.217 Y116.392
G0 X110.217 Y116.418
G0 X110.167 Y116.65
G0 X110.204 Y119.406
G0 X110.2 Y119.55
G1 F1800 X110.2 Y119.393 E42.38921
G1 X110.217 Y119.392 E42.38943
G1 X110.218 Y119.889 E42.39338
G1 X110.2 Y119.891 E42.39361
G1 X110.2 Y119.75
G1 X109.9 Y119.75 E42.39581
G1 X109.9 Y119.55 E42.39758
G1 X110.2 Y119.55 E42.39946
G0 F7200 X110.2 Y119.393
G0 X110.217 Y119.392
G0 X110.217 Y119.418
G0 X110.167 Y119.65
G0 X116.918 Y119.499
G0 X117.896 Y119.398
G1 F1800 X118.217 Y119.391 E42.40348
G1 X118.218 Y119.889 E42.40973
G1 X118.189 Y119.892 E42.41009
G1 X117.908 Y119.898 E42.41362
G1 X117.783 Y119.889 E42.41519
G1 X117.782 Y119.391 E42.42144
G1 X117.896 Y119.398 E42.42287
G0 F7200 X118.096 Y119.394
G0 X118.098 Y119.493
G0 X118.097 Y119.494
G0 X117.908 Y116.879
G0 X117.896 Y116.398
G1 F1800 X118.217 Y116.391 E42.42689
G1 X118.218 Y116.889 E42.43314
G1 X118.189 Y116.892 E42.43351
G1 X117.908 Y116.898 E42.43703
G1 X117.783 Y116.889 E42.4386
G1 X117.782 Y116.391 E42.44485
G1 X117.896 Y116.398 E42.44628
G0 F7200 X118.096 Y116.394
G0 X118.098 Y116.493
G0 X118.097 Y116.494
G0 X117.908 Y113.879
G0 X117.896 Y113.398
G1 F1800 X118.217 Y113.391 E42.45031
G1 X118.218 Y113.889 E42.45655
G1 X118.189 Y113.892 E42.45692
G1 X117.908 Y113.898 E42.46044
G1 X117.783 Y113.889 E42.46201
G1 X117.782 Y113.391 E42.46826
G1 X117.896 Y113.398 E42.46969
G0 F7200 X118.096 Y113.394
G0 X118.098 Y113.493
G0 X118.097 Y113.494
G0 X117.908 Y110.879
G0 X117.896 Y110.398
G1 F1800 X118.217 Y110.391 E42.47372
G1 X118.218 Y110.889 E42.47996
G1 X118.189 Y110.892 E42.48033
G1 X117.908 Y110.898 E42.48385
G1 X117.783 Y110.889 E42.48542
G1 X117.782 Y110.391 E42.49167
G1 X117.896 Y110.398 E42.4931
G0 F7200 X118.096 Y110.394
G0 X117.975 Y110.621
;TYPE:SKIN
G1 F1800 X118.022 Y110.668 E42.49352
G0 F7200 X118.183 Y110.668
G0 X118.117 Y110.667
G0 X124.918 Y110.499
G0 X126.106 Y110.497
G0 X126.104 Y110.398
;TYPE:WALL-OUTER
G1 F1800 X126.217 Y110.391 E42.49494
G1 X126.218 Y110.889 E42.50118
G1 X126.092 Y110.898 E42.50277
G1 X125.812 Y110.892 E42.50628
G1 X125.783 Y110.889 E42.50664
G1 X125.782 Y110.391 E42.51289
G1 X126.104 Y110.398 E42.51693
G0 F7200 X126.217 Y110.391
G0 X126.217 Y110.478
G0 X126.183 Y110.478
G0 X126.118 Y110.498
G0 X126.204 Y113.405
G0 X126.104 Y113.398
G1 F1800 X126.217 Y113.391 E42.51835
G1 X126.218 Y113.889 E42.52459
G1 X126.092 Y113.898 E42.52618
G1 X125.812 Y113.892 E42.52969
G1 X125.783 Y113.889 E42.53005
G1 X125.782 Y113.391 E42.5363
G1 X126.104 Y113.398 E42.54034
G0 F7200 X126.217 Y113.391
G0 X126.217 Y113.478
G0 X126.183 Y113.478
G0 X126.118 Y113.498
G0 X126.204 Y116.405
G0 X126.104 Y116.398
G1 F1800 X126.217 Y116.391 E42.54176
G1 X126.218 Y116.889 E42.548
G1 X126.092 Y116.898 E42.54959
G1 X125.815 Y116.892 E42.55306
G1 X125.783 Y116.889 E42.55347
G1 X125.782 Y116.391 E42.55971
G1 X126.104 Y116.398 E42.56375
G0 F7200 X126.217 Y116.391
G0 X126.217 Y116.478
G0 X126.021 Y116.688
;TYPE:SKIN
G1 F1800 X125.976 Y116.642 E42.56415
G0 F7200 X125.817 Y116.642
G0 X125.883 Y116.643
G0 X126.204 Y119.405
G0 X126.104 Y119.398
;TYPE:WALL-OUTER
G1 F1800 X126.217 Y119.391 E42.56557
G1 X126.218 Y119.889 E42.57182
G1 X126.092 Y119.898 E42.5734
G1 X125.812 Y119.892 E42.57691
G1 X125.783 Y119.889 E42.57728
G1 X125.782 Y119.391 E42.58352
G1 X126.104 Y119.398 E42.58756
G0 F7200 X126.217 Y119.391
G0 X126.217 Y119.478
G0 X126.183 Y119.478
G0 X126.118 Y119.498
G0 X132.918 Y119.683
G0 X133.8 Y119.75
G1 F1800 X133.8 Y119.891 E42.58933
G1 X133.783 Y119.889
G1 X133.782 Y119.392 E42.59464
G1 X133.8 Y119.393 E42.59487
G1 X133.8 Y119.55
G1 X134.1 Y119.55 E42.59715
G1 X134.1 Y119.75 E42.59896
G1 X133.8 Y119.75 E42.60084
G0 F7200 X133.8 Y119.891
G0 X133.783 Y119.889
G0 X133.783 Y119.847
G0 X133.833 Y119.65
G0 X133.787 Y116.877
G0 X133.8 Y116.75
G1 F1800 X133.8 Y116.891 E42.60261
G1 X133.783 Y116.889
G1 X133.782 Y116.392 E42.60792
G1 X133.8 Y116.393 E42.60815
G1 X133.8 Y116.55
G1 X134.1 Y116.55 E42.61044
G1 X134.1 Y116.75 E42.61224
G1 X133.8 Y116.75 E42.61413
G0 F7200 X133.8 Y116.891
G0 X133.783 Y116.889
G0 X133.783 Y116.847
G0 X133.833 Y116.65
G0 X133.787 Y113.877
G0 X133.8 Y113.75
G1 F1800 X133.8 Y113.891 E42.61589
G1 X133.783 Y113.889
G1 X133.782 Y113.392 E42.6212
G1 X133.8 Y113.393 E42.62143
G1 X133.8 Y113.55
G1 X134.1 Y113.55 E42.62372
G1 X134.1 Y113.75 E42.62553
G1 X133.8 Y113.75 E42.62741
G0 F7200 X133.8 Y113.891
G0 X133.783 Y113.889
G0 X133.783 Y113.847
G0 X133.833 Y113.65
G0 X133.787 Y110.877
G0 X133.8 Y110.75
G1 F1800 X133.8 Y110.891 E42.62917
G1 X133.783 Y110.889
G1 X133.782 Y110.392 E42.63448
G1 X133.8 Y110.393 E42.63471
G1 X133.8 Y110.55
G1 X134.1 Y110.55 E42.637
G1 X134.1 Y110.75 E42.63881
G1 X133.8 Y110.75 E42.64069
G0 F7200 X133.8 Y110.891
G0 X133.783 Y110.889
G0 X133.783 Y110.847
;MESH:NONMESH
G0 F600 X133.783 Y110.847 Z9.6
G0 F7200 X133.833 Y110.65
G0 X126.112 Y111.762
G0 X117.616 Y111.741
G0 X111.082 Y110.617
G0 X110.2 Y110.55
;TIME_ELAPSED:457.237463
;LAYER:47
;TYPE:WALL-OUTER
;MESH:output\B_media_suporte.stl
G1 F1800 X110.2 Y110.393 E42.64266
G1 X110.325 Y110.38 E42.64423
G1 X110.435 Y110.363 E42.64563
G1 X110.436 Y110.858 E42.65093
G1 X110.269 Y110.884 E42.65305
G1 X110.2 Y110.891 E42.65392
G1 X110.2 Y110.75 E42.6545
G1 X109.9 Y110.75 E42.65804
G1 X109.9 Y110.55 E42.65999
G1 X110.2 Y110.55 E42.66187
G0 F7200 X110.2 Y110.393
G0 X110.243 Y110.389
G0 X110.3 Y110.489
G0 X110.423 Y113.378
G0 X110.2 Y113.55
G1 F1800 X110.2 Y113.393 E42.66384
G1 X110.325 Y113.38 E42.66541
G1 X110.435 Y113.363 E42.66681
G1 X110.436 Y113.858 E42.67211
G1 X110.269 Y113.884 E42.67423
G1 X110.2 Y113.891 E42.6751
G1 X110.2 Y113.75 E42.67568
G1 X109.9 Y113.75 E42.67922
G1 X109.9 Y113.55 E42.68117
G1 X110.2 Y113.55 E42.68305
G0 F7200 X110.2 Y113.393
G0 X110.243 Y113.389
G0 X110.3 Y113.489
G0 X110.423 Y116.378
G0 X110.2 Y116.55
G1 F1800 X110.2 Y116.393 E42.68502
G1 X110.325 Y116.38 E42.68659
G1 X110.435 Y116.363 E42.68799
G1 X110.435 Y116.858 E42.69329
G1 X110.269 Y116.884 E42.69539
G1 X110.2 Y116.891 E42.69626
G1 X110.2 Y116.75 E42.69684
G1 X109.9 Y116.75 E42.70038
G1 X109.9 Y116.55 E42.70233
G1 X110.2 Y116.55 E42.70421
G0 F7200 X110.2 Y116.393
G0 X110.243 Y116.389
G0 X110.3 Y116.489
G0 X110.423 Y119.378
G0 X110.2 Y119.55
G1 F1800 X110.2 Y119.393 E42.70618
G1 X110.325 Y119.38 E42.70775
G1 X110.435 Y119.363 E42.70915
G1 X110.435 Y119.858 E42.71445
G1 X110.269 Y119.884 E42.71655
G1 X110.2 Y119.891 E42.71742
G1 X110.2 Y119.75 E42.718
G1 X109.9 Y119.75 E42.72154
G1 X109.9 Y119.55 E42.72349
G1 X110.2 Y119.55 E42.72537
G0 F7200 X110.2 Y119.393
G0 X110.243 Y119.389
G0 X110.3 Y119.489
G0 X111.3 Y119.791
G0 X116.7 Y119.791
G0 X118.183 Y119.791
G0 X118.189 Y119.892
G1 F1800 X117.908 Y119.898 E42.72889
G1 X117.812 Y119.892 E42.7301
G1 X117.731 Y119.884 E42.73112
G1 X117.565 Y119.858 E42.73323
G1 X117.565 Y119.363 E42.73943
G1 X117.675 Y119.38 E42.74083
G1 X117.784 Y119.391 E42.7422
G1 X117.896 Y119.398 E42.74361
G1 X118.212 Y119.392 E42.74757
G1 X118.325 Y119.38 E42.749
G1 X118.435 Y119.363 E42.7504
G1 X118.436 Y119.858 E42.7566
G1 X118.269 Y119.884 E42.75872
G1 X118.189 Y119.892 E42.75973
G0 F7200 X117.989 Y119.896
G0 X117.941 Y119.645
;TYPE:SKIN
G1 F1800 X118.206 Y119.663 E42.7613
G0 F7200 X118.037 Y119.796
G0 X118.038 Y119.795
G0 X118.188 Y116.873
G0 X118.189 Y116.892
;TYPE:WALL-OUTER
G1 F1800 X117.908 Y116.898 E42.76483
G1 X117.812 Y116.892 E42.76603
G1 X117.731 Y116.884 E42.76705
G1 X117.565 Y116.858 E42.76916
G1 X117.564 Y116.363 E42.77537
G1 X117.675 Y116.38 E42.77678
G1 X117.784 Y116.391 E42.77815
G1 X117.896 Y116.398 E42.77956
G1 X118.212 Y116.392 E42.78352
G1 X118.325 Y116.38 E42.78495
G1 X118.435 Y116.363 E42.78634
G1 X118.436 Y116.858 E42.79255
G1 X118.269 Y116.884 E42.79467
G1 X118.189 Y116.892 E42.79568
G0 F7200 X117.989 Y116.896
G0 X118.115 Y116.643
;TYPE:SKIN
G1 F1800 X117.833 Y116.642 E42.79756
G0 F7200 X117.782 Y116.792
G0 X117.782 Y116.789
G0 X118.188 Y113.873
G0 X118.189 Y113.892
;TYPE:WALL-OUTER
G1 F1800 X117.908 Y113.898 E42.80109
G1 X117.812 Y113.892 E42.80229
G1 X117.731 Y113.884 E42.80332
G1 X117.565 Y113.858 E42.80542
G1 X117.564 Y113.363 E42.81163
G1 X117.675 Y113.38 E42.81304
G1 X117.784 Y113.391 E42.81441
G1 X117.896 Y113.398 E42.81582
G1 X118.212 Y113.392 E42.81978
G1 X118.325 Y113.38 E42.82121
G1 X118.435 Y113.363 E42.8226
G1 X118.436 Y113.858 E42.82881
G1 X118.269 Y113.884 E42.83093
G1 X118.189 Y113.892 E42.83194
G0 F7200 X117.989 Y113.896
G0 X117.945 Y113.702
;TYPE:SKIN
G1 F1800 X118.058 Y113.589 E42.83294
G0 F7200 X118.056 Y113.494
G0 X118.054 Y113.496
G0 X118.188 Y110.873
G0 X118.189 Y110.892
;TYPE:WALL-OUTER
G1 F1800 X117.908 Y110.898 E42.83647
G1 X117.812 Y110.892 E42.83767
G1 X117.731 Y110.884 E42.83869
G1 X117.565 Y110.858 E42.8408
G1 X117.564 Y110.363 E42.84701
G1 X117.675 Y110.38 E42.84842
G1 X117.784 Y110.391 E42.84979
G1 X117.896 Y110.398 E42.8512
G1 X118.212 Y110.392 E42.85516
G1 X118.325 Y110.38 E42.85658
G1 X118.435 Y110.363 E42.85798
G1 X118.436 Y110.858 E42.86419
G1 X118.269 Y110.884 E42.86631
G1 X118.189 Y110.892 E42.86732
G0 F7200 X117.989 Y110.896
G0 X118.176 Y110.642
;TYPE:SKIN
G1 F1800 X117.891 Y110.644 E42.86924
G0 F7200 X117.832 Y110.795
G0 X117.832 Y110.793
G0 X119.301 Y110.844
G0 X124.701 Y110.834
G0 X126.181 Y110.791
G0 X126.188 Y110.892
;TYPE:WALL-OUTER
G1 F1800 X126.092 Y110.898 E42.87045
G1 X125.812 Y110.892 E42.87396
G1 X125.731 Y110.884 E42.87498
G1 X125.565 Y110.858 E42.87709
G1 X125.564 Y110.363 E42.88329
G1 X125.675 Y110.38 E42.8847
G1 X125.788 Y110.392 E42.88613
G1 X126.104 Y110.398 E42.89009
G1 X126.216 Y110.391 E42.8915
G1 X126.325 Y110.38 E42.89287
G1 X126.435 Y110.363 E42.89427
G1 X126.436 Y110.858 E42.90048
G1 X126.269 Y110.884 E42.9026
G1 X126.188 Y110.892 E42.90362
G0 F7200 X126.092 Y110.898
G0 X125.988 Y110.896
G0 X126.092 Y110.646
;TYPE:SKIN
G1 F1800 X125.816 Y110.639 E42.90554
G0 F7200 X125.764 Y110.791
G0 X125.764 Y110.787
G0 X126.423 Y113.378
G0 X126.188 Y113.892
;TYPE:WALL-OUTER
G1 F1800 X126.092 Y113.898 E42.90674
G1 X125.812 Y113.892 E42.91025
G1 X125.731 Y113.884 E42.91127
G1 X125.565 Y113.858 E42.91338
G1 X125.564 Y113.363 E42.91959
G1 X125.675 Y113.38 E42.921
G1 X125.788 Y113.392 E42.92242
G1 X126.104 Y113.398 E42.92639
G1 X126.216 Y113.391 E42.92779
G1 X126.325 Y113.38 E42.92917
G1 X126.435 Y113.363 E42.93056
G1 X126.436 Y113.858 E42.93677
G1 X126.269 Y113.884 E42.93889
G1 X126.188 Y113.892 E42.93991
G0 F7200 X126.092 Y113.898
G0 X125.988 Y113.896
G0 X125.922 Y113.644
;TYPE:SKIN
G1 F1800 X126.195 Y113.655 E42.94163
G0 F7200 X126.032 Y113.796
G0 X126.423 Y116.378
G0 X126.188 Y116.892
;TYPE:WALL-OUTER
G1 F1800 X126.092 Y116.898 E42.94284
G1 X125.812 Y116.892 E42.94635
G1 X125.731 Y116.884 E42.94737
G1 X125.565 Y116.858 E42.94948
G1 X125.564 Y116.363 E42.95568
G1 X125.675 Y116.38 E42.95709
G1 X125.788 Y116.392 E42.95852
G1 X126.104 Y116.398 E42.96248
G1 X126.216 Y116.391 E42.96389
G1 X126.325 Y116.38 E42.96526
G1 X126.435 Y116.363 E42.96666
G1 X126.435 Y116.858 E42.97286
G1 X126.269 Y116.884 E42.97497
G1 X126.188 Y116.892 E42.97599
G0 F7200 X126.092 Y116.898
G0 X125.988 Y116.896
G0 X126.032 Y116.646
;TYPE:SKIN
G1 F1800 X125.783 Y116.612 E42.97739
G0 F7200 X125.962 Y116.795
G0 X126.423 Y119.378
G0 X126.188 Y119.892
;TYPE:WALL-OUTER
G1 F1800 X126.092 Y119.898 E42.9786
G1 X125.812 Y119.892 E42.98211
G1 X125.731 Y119.884 E42.98313
G1 X125.565 Y119.858 E42.98524
G1 X125.564 Y119.363 E42.99145
G1 X125.675 Y119.38 E42.99285
G1 X125.788 Y119.392 E42.99428
G1 X126.104 Y119.398 E42.99824
G1 X126.216 Y119.391 E42.99965
G1 X126.325 Y119.38 E43.00102
G1 X126.435 Y119.363 E43.00242
G1 X126.435 Y119.858 E43.00863
G1 X126.269 Y119.884 E43.01073
G1 X126.188 Y119.892 E43.01175
G0 F7200 X126.092 Y119.898
G0 X125.988 Y119.896
G0 X126.145 Y119.645
;TYPE:SKIN
G1 F1800 X125.864 Y119.642 E43.01373
G0 F7200 X125.825 Y119.792
G0 X127.3 Y119.68
G0 X132.7 Y119.68
G0 X133.73 Y119.68
G0 X133.8 Y119.75
;TYPE:WALL-OUTER
G1 F1800 X133.8 Y119.891 E43.0155
G1 X133.731 Y119.884 E43.01553
G1 X133.565 Y119.858 E43.01673
G1 X133.565 Y119.363 E43.02293
G1 X133.675 Y119.38 E43.02433
G1 X133.8 Y119.393 E43.02591
G1 X133.8 Y119.55 E43.02619
G1 X134.1 Y119.55 E43.02969
G1 X134.1 Y119.75 E43.03163
G1 X133.8 Y119.75 E43.03351
G0 F7200 X133.8 Y119.891
G0 X133.741 Y119.886
G0 X133.7 Y119.786
G0 X133.787 Y116.877
G0 X133.8 Y116.75
G1 F1800 X133.8 Y116.891 E43.03528
G1 X133.731 Y116.884 E43.03532
G1 X133.565 Y116.858 E43.03651
G1 X133.564 Y116.363 E43.04272
G1 X133.675 Y116.38 E43.04413
G1 X133.8 Y116.393 E43.0457
G1 X133.8 Y116.55 E43.04598
G1 X134.1 Y116.55 E43.04948
G1 X134.1 Y116.75 E43.05143
G1 X133.8 Y116.75 E43.05331
G0 F7200 X133.8 Y116.891
G0 X133.741 Y116.886
G0 X133.7 Y116.786
G0 X133.787 Y113.877
G0 X133.8 Y113.75
G1 F1800 X133.8 Y113.891 E43.05508
G1 X133.731 Y113.884 E43.05511
G1 X133.565 Y113.858 E43.05631
G1 X133.564 Y113.363 E43.06251
G1 X133.675 Y113.38 E43.06392
G1 X133.8 Y113.393 E43.0655
G1 X133.8 Y113.55 E43.06578
G1 X134.1 Y113.55 E43.06928
G1 X134.1 Y113.75 E43.07122
G1 X133.8 Y113.75 E43.0731
G0 F7200 X133.8 Y113.891
G0 X133.741 Y113.886
G0 X133.7 Y113.786
G0 X133.787 Y110.877
G0 X133.8 Y110.75
G1 F1800 X133.8 Y110.891 E43.07487
G1 X133.731 Y110.884 E43.07491
G1 X133.565 Y110.858 E43.0761
G1 X133.564 Y110.363 E43.08231
G1 X133.675 Y110.38 E43.08372
G1 X133.8 Y110.393 E43.08529
G1 X133.8 Y110.55 E43.08558
G1 X134.1 Y110.55 E43.08908
G1 X134.1 Y110.75 E43.09102
G1 X133.8 Y110.75 E43.0929
G0 F7200 X133.8 Y110.891
G0 X133.741 Y110.886
;MESH:NONMESH
G0 F600 X133.741 Y110.886 Z9.8
G0 F7200 X133.7 Y110.786
G0 X132.7 Y110.575
G0 X126.112 Y111.762
G0 X117.616 Y111.741
G0 X111.3 Y110.617
G0 X110.27 Y110.62
G0 X110.2 Y110.55
;TIME_ELAPSED:460.375882
;LAYER:48
;TYPE:WALL-OUTER
;MESH:output\B_media_suporte.stl
G1 F1800 X110.2 Y110.393 E43.09487
G1 X110.325 Y110.38 E43.09645
G1 X110.541 Y110.347 E43.09919
G1 X110.645 Y110.319 E43.10054
G1 X110.646 Y110.805 E43.10663
G1 X110.463 Y110.854 E43.10901
G1 X110.269 Y110.884 E43.11147
G1 X110.2 Y110.891 E43.11234
G1 X110.2 Y110.75 E43.1132
G1 X109.9 Y110.75 E43.11674
G1 X109.9 Y110.55 E43.11868
G1 X110.2 Y110.55 E43.12057
G0 F7200 X110.2 Y110.393
G0 X110.243 Y110.389
G0 X110.6 Y110.789
G0 X110.545 Y110.718
G0 X110.545 Y113.366
G0 X110.2 Y113.55
G1 F1800 X110.2 Y113.393 E43.12253
G1 X110.325 Y113.38 E43.12411
G1 X110.541 Y113.347 E43.12685
G1 X110.645 Y113.319 E43.1282
G1 X110.646 Y113.805 E43.1343
G1 X110.463 Y113.854 E43.13667
G1 X110.269 Y113.884 E43.13913
G1 X110.2 Y113.891 E43.14
G1 X110.2 Y113.75 E43.14086
G1 X109.9 Y113.75 E43.14441
G1 X109.9 Y113.55 E43.14635
G1 X110.2 Y113.55 E43.14823
G0 F7200 X110.2 Y113.393
G0 X110.243 Y113.389
G0 X110.6 Y113.789
G0 X110.545 Y113.718
G0 X110.545 Y116.366
G0 X110.2 Y116.55
G1 F1800 X110.2 Y116.393 E43.1502
G1 X110.325 Y116.38 E43.15177
G1 X110.541 Y116.347 E43.15451
G1 X110.645 Y116.319 E43.15587
G1 X110.645 Y116.805 E43.16196
G1 X110.464 Y116.854 E43.16431
G1 X110.269 Y116.884 E43.16679
G1 X110.2 Y116.891 E43.16766
G1 X110.2 Y116.75 E43.16851
G1 X109.9 Y116.75 E43.17206
G1 X109.9 Y116.55 E43.174
G1 X110.2 Y116.55 E43.17588
G0 F7200 X110.2 Y116.393
G0 X110.243 Y116.389
G0 X110.394 Y116.617
;TYPE:SKIN
G1 F1800 X110.435 Y116.657 E43.17624
G0 F7200 X110.429 Y116.77
G0 X110.429 Y116.759
G0 X110.545 Y119.366
G0 X110.2 Y119.55
;TYPE:WALL-OUTER
G1 F1800 X110.2 Y119.393 E43.17821
G1 X110.325 Y119.38 E43.17979
G1 X110.541 Y119.347 E43.18253
G1 X110.645 Y119.319 E43.18388
G1 X110.645 Y119.805 E43.18997
G1 X110.464 Y119.854 E43.19232
G1 X110.269 Y119.884 E43.1948
G1 X110.2 Y119.891 E43.19567
G1 X110.2 Y119.75 E43.19652
G1 X109.9 Y119.75 E43.20007
G1 X109.9 Y119.55 E43.20201
G1 X110.2 Y119.55 E43.20389
G0 F7200 X110.2 Y119.393
G0 X110.243 Y119.389
G0 X110.6 Y119.789
G0 X110.545 Y119.719
G0 X111.51 Y119.443
G0 X116.49 Y119.443
G0 X118.545 Y119.443
G0 X118.541 Y119.347
G1 F1800 X118.645 Y119.319 E43.20524
G1 X118.646 Y119.805 E43.21134
G1 X118.463 Y119.854 E43.21371
G1 X118.269 Y119.884 E43.21617
G1 X118.189 Y119.892 E43.21718
G1 X117.909 Y119.898 E43.2207
G1 X117.776 Y119.889 E43.22237
G1 X117.631 Y119.87 E43.2242
G1 X117.545 Y119.856 E43.22529
G1 X117.355 Y119.805 E43.22776
G1 X117.355 Y119.319 E43.23385
G1 X117.459 Y119.347 E43.23521
G1 X117.676 Y119.381 E43.23796
G1 X117.896 Y119.398 E43.24073
G1 X118.212 Y119.392 E43.24469
G1 X118.325 Y119.38 E43.24612
G1 X118.541 Y119.347 E43.24886
G0 F7200 X118.645 Y119.319
G0 X118.645 Y119.412
G0 X118.222 Y119.636
;TYPE:SKIN
G1 F1800 X117.949 Y119.646 E43.25024
G1 X117.643 Y119.622 E43.25179
G0 F7200 X117.634 Y119.465
G0 X117.632 Y119.475
G0 X118.267 Y116.865
G0 X118.541 Y116.347
;TYPE:WALL-OUTER
G1 F1800 X118.645 Y116.319 E43.25315
G1 X118.646 Y116.805 E43.25924
G1 X118.463 Y116.854 E43.26162
G1 X118.269 Y116.884 E43.26408
G1 X118.189 Y116.892 E43.26509
G1 X117.909 Y116.898 E43.2686
G1 X117.776 Y116.889 E43.27027
G1 X117.731 Y116.884 E43.27084
G1 X117.536 Y116.854 E43.27331
G1 X117.355 Y116.805 E43.27566
G1 X117.354 Y116.319 E43.28176
G1 X117.459 Y116.347 E43.28312
G1 X117.676 Y116.381 E43.28587
G1 X117.896 Y116.398 E43.28864
G1 X118.212 Y116.392 E43.29261
G1 X118.325 Y116.38 E43.29403
G1 X118.541 Y116.347 E43.29677
G0 F7200 X118.645 Y116.319
G0 X118.645 Y116.412
G0 X118.323 Y116.626
;TYPE:SKIN
G1 F1800 X118.058 Y116.644 E43.29813
G1 X117.769 Y116.637 E43.29962
G0 F7200 X117.742 Y116.482
G1 F1500 E36.79962
G0 F7200 X117.742 Y116.486
G0 X118.267 Y113.865
G1 F1500 E43.29962
G0 F7200 X118.541 Y113.347
;TYPE:WALL-OUTER
G1 F1800 X118.645 Y113.319 E43.30097
G1 X118.646 Y113.805 E43.30706
G1 X118.463 Y113.854 E43.30944
G1 X118.269 Y113.884 E43.3119
G1 X118.189 Y113.892 E43.31291
G1 X117.909 Y113.898 E43.31642
G1 X117.776 Y113.889 E43.31809
G1 X117.631 Y113.87 E43.31993
G1 X117.545 Y113.856 E43.32102
G1 X117.355 Y113.805 E43.32349
G1 X117.354 Y113.319 E43.32958
G1 X117.459 Y113.347 E43.33094
G1 X117.676 Y113.381 E43.3337
G1 X117.896 Y113.398 E43.33646
G1 X118.212 Y113.392 E43.34043
G1 X118.325 Y113.38 E43.34185
G1 X118.541 Y113.347 E43.34459
G0 F7200 X118.645 Y113.319
G0 X118.645 Y113.412
G0 X118.414 Y113.605
;TYPE:SKIN
G1 F1800 X118.166 Y113.64 E43.34561
G1 X117.591 Y113.631 E43.34796
G0 F7200 X117.74 Y113.788
G1 F1500 E36.84796
G0 F7200 X117.742 Y113.784
G0 X118.267 Y110.865
G1 F1500 E43.34796
G0 F7200 X118.541 Y110.347
;TYPE:WALL-OUTER
G1 F1800 X118.645 Y110.319 E43.34931
G1 X118.646 Y110.805 E43.35541
G1 X118.463 Y110.854 E43.35778
G1 X118.269 Y110.884 E43.36024
G1 X118.189 Y110.892 E43.36125
G1 X117.909 Y110.898 E43.36476
G1 X117.776 Y110.889 E43.36644
G1 X117.631 Y110.87 E43.36827
G1 X117.545 Y110.856 E43.36936
G1 X117.355 Y110.805 E43.37183
G1 X117.354 Y110.319 E43.37792
G1 X117.459 Y110.347 E43.37929
G1 X117.676 Y110.381 E43.38204
G1 X117.896 Y110.398 E43.38481
G1 X118.212 Y110.392 E43.38877
G1 X118.325 Y110.38 E43.3902
G1 X118.541 Y110.347 E43.39294
G0 F7200 X118.645 Y110.319
G0 X118.645 Y110.412
G0 X118.27 Y110.633
;TYPE:SKIN
G1 F1800 X117.999 Y110.645 E43.3943
G1 X117.703 Y110.632 E43.39579
G0 F7200 X117.663 Y110.47
G1 F1500 E36.89579
G0 F7200 X117.665 Y110.48
G0 X119.51 Y110.457
G0 X124.49 Y110.448
G0 X126.545 Y110.443
G1 F1500 E43.39579
G0 F7200 X126.542 Y110.347
;TYPE:WALL-OUTER
G1 F1800 X126.645 Y110.319 E43.39713
G1 X126.646 Y110.805 E43.40323
G1 X126.463 Y110.854 E43.4056
G1 X126.269 Y110.884 E43.40807
G1 X126.091 Y110.898 E43.4103
G1 X125.812 Y110.892 E43.4138
G1 X125.731 Y110.884 E43.41482
G1 X125.536 Y110.854 E43.4173
G1 X125.355 Y110.805 E43.41965
G1 X125.354 Y110.319 E43.42574
G1 X125.459 Y110.347 E43.42711
G1 X125.675 Y110.38 E43.42985
G1 X125.788 Y110.392 E43.43127
G1 X126.105 Y110.398 E43.43525
G1 X126.257 Y110.388 E43.43716
G1 X126.424 Y110.366 E43.43927
G1 X126.542 Y110.347 E43.44077
G0 F7200 X126.645 Y110.319
G0 X126.645 Y110.413
G0 X126.427 Y110.588
;TYPE:SKIN
G1 F1800 X126.196 Y110.639 E43.44173
G1 X125.607 Y110.617 E43.44411
G0 F7200 X125.73 Y110.79
G0 X125.731 Y110.784
G0 X126.633 Y113.334
G0 X126.542 Y113.347
;TYPE:WALL-OUTER
G1 F1800 X126.645 Y113.319 E43.44545
G1 X126.646 Y113.805 E43.45155
G1 X126.463 Y113.854 E43.45392
G1 X126.269 Y113.884 E43.45639
G1 X126.091 Y113.898 E43.45862
G1 X125.812 Y113.892 E43.46212
G1 X125.731 Y113.884 E43.46314
G1 X125.536 Y113.854 E43.46562
G1 X125.355 Y113.805 E43.46797
G1 X125.354 Y113.319 E43.47406
G1 X125.459 Y113.347 E43.47543
G1 X125.675 Y113.38 E43.47817
G1 X125.788 Y113.392 E43.47959
G1 X126.105 Y113.398 E43.48357
G1 X126.257 Y113.388 E43.48548
G1 X126.424 Y113.366 E43.48759
G1 X126.542 Y113.347 E43.48909
G0 F7200 X126.645 Y113.319
G0 X126.645 Y113.413
G0 X126.35 Y113.622
;TYPE:SKIN
G1 F1800 X126.089 Y113.644 E43.49043
G1 X125.802 Y113.64 E43.49189
G0 F7200 X125.77 Y113.486
G1 F1500 E36.99189
G0 F7200 X125.77 Y113.491
G0 X126.633 Y116.334
G1 F1500 E43.49189
G0 F7200 X126.542 Y116.347
;TYPE:WALL-OUTER
G1 F1800 X126.645 Y116.319 E43.49323
G1 X126.645 Y116.805 E43.49933
G1 X126.464 Y116.854 E43.50168
G1 X126.269 Y116.884 E43.50415
G1 X126.091 Y116.898 E43.50639
G1 X125.812 Y116.892 E43.50989
G1 X125.731 Y116.884 E43.51091
G1 X125.536 Y116.854 E43.51339
G1 X125.355 Y116.805 E43.51574
G1 X125.354 Y116.319 E43.52183
G1 X125.459 Y116.347 E43.52319
G1 X125.675 Y116.38 E43.52593
G1 X125.788 Y116.392 E43.52736
G1 X126.105 Y116.398 E43.53134
G1 X126.257 Y116.388 E43.53325
G1 X126.424 Y116.366 E43.53536
G1 X126.542 Y116.347 E43.53686
G0 F7200 X126.645 Y116.319
G0 X126.645 Y116.413
G0 X126.251 Y116.634
;TYPE:SKIN
G1 F1800 X125.979 Y116.645 E43.53827
G1 X125.678 Y116.627 E43.53983
G0 F7200 X125.635 Y116.465
G1 F1500 E37.03983
G0 F7200 X125.632 Y116.474
G0 X126.633 Y119.334
G1 F1500 E43.53983
G0 F7200 X126.542 Y119.347
;TYPE:WALL-OUTER
G1 F1800 X126.645 Y119.319 E43.54116
G1 X126.645 Y119.805 E43.54726
G1 X126.464 Y119.854 E43.54961
G1 X126.269 Y119.884 E43.55208
G1 X126.091 Y119.898 E43.55432
G1 X125.812 Y119.892 E43.55782
G1 X125.731 Y119.884 E43.55884
G1 X125.536 Y119.854 E43.56132
G1 X125.355 Y119.805 E43.56367
G1 X125.354 Y119.319 E43.56976
G1 X125.459 Y119.347 E43.57113
G1 X125.675 Y119.38 E43.57387
G1 X125.788 Y119.392 E43.57529
G1 X126.105 Y119.398 E43.57927
G1 X126.257 Y119.388 E43.58118
G1 X126.424 Y119.366 E43.58329
G1 X126.542 Y119.347 E43.58479
G0 F7200 X126.645 Y119.319
G0 X126.645 Y119.413
G0 X126.401 Y119.613
;TYPE:SKIN
G1 F1800 X126.148 Y119.642 E43.58579
G1 X125.578 Y119.638 E43.58803
G0 F7200 X125.736 Y119.79
G1 F1500 E37.08803
G0 F7200 X125.737 Y119.785
G0 X127.51 Y119.68
G0 X132.49 Y119.68
G0 X133.73 Y119.68
G1 F1500 E43.58803
G0 F7200 X133.8 Y119.75
;TYPE:WALL-OUTER
G1 F1800 X133.8 Y119.891 E43.5898
G1 X133.731 Y119.884 E43.58983
G1 X133.536 Y119.854 E43.5914
G1 X133.355 Y119.805 E43.59375
G1 X133.355 Y119.319 E43.59984
G1 X133.459 Y119.347 E43.60119
G1 X133.675 Y119.38 E43.60394
G1 X133.8 Y119.393 E43.60551
G1 X133.8 Y119.55 E43.60742
G1 X134.1 Y119.55 E43.61092
G1 X134.1 Y119.75 E43.61286
G1 X133.8 Y119.75 E43.61474
G0 F7200 X133.8 Y119.891
G0 X133.741 Y119.886
G0 X133.4 Y119.486
G1 F1500 E37.11474
G0 F7200 X133.455 Y119.486
G0 X133.733 Y116.865
G1 F1500 E43.61474
G0 F7200 X133.8 Y116.75
G1 F1800 X133.8 Y116.89 E43.6165
G1 X133.731 Y116.884 E43.61654
G1 X133.536 Y116.854 E43.61811
G1 X133.355 Y116.805 E43.62046
G1 X133.354 Y116.319 E43.62655
G1 X133.459 Y116.347 E43.62792
G1 X133.675 Y116.38 E43.63066
G1 X133.8 Y116.393 E43.63223
G1 X133.8 Y116.55 E43.63414
G1 X134.1 Y116.55 E43.63764
G1 X134.1 Y116.75 E43.63958
G1 X133.8 Y116.75 E43.64146
G0 F7200 X133.8 Y116.89
G0 X133.74 Y116.885
G0 X133.604 Y116.633
;TYPE:SKIN
G1 F1800 X133.549 Y116.578 E43.64195
G0 F7200 X133.518 Y116.832
G1 F1500 E37.14195
G0 F7200 X133.54 Y116.752
G0 X133.733 Y113.865
G1 F1500 E43.64195
G0 F7200 X133.8 Y113.75
;TYPE:WALL-OUTER
G1 F1800 X133.8 Y113.891 E43.64372
G1 X133.731 Y113.884 E43.64375
G1 X133.536 Y113.854 E43.64532
G1 X133.355 Y113.805 E43.64767
G1 X133.354 Y113.319 E43.65376
G1 X133.459 Y113.347 E43.65512
G1 X133.675 Y113.38 E43.65787
G1 X133.8 Y113.393 E43.65944
G1 X133.8 Y113.55 E43.66135
G1 X134.1 Y113.55 E43.66485
G1 X134.1 Y113.75 E43.66679
G1 X133.8 Y113.75 E43.66867
G0 F7200 X133.8 Y113.891
G0 X133.741 Y113.886
G0 X133.4 Y113.486
G0 X133.455 Y113.487
G0 X133.733 Y110.865
G0 X133.8 Y110.75
G1 F1800 X133.8 Y110.891 E43.67044
G1 X133.731 Y110.884 E43.67047
G1 X133.536 Y110.854 E43.67204
G1 X133.355 Y110.805 E43.67439
G1 X133.354 Y110.319 E43.68048
G1 X133.459 Y110.347 E43.68185
G1 X133.675 Y110.38 E43.68459
G1 X133.8 Y110.393 E43.68616
G1 X133.8 Y110.55 E43.68807
G1 X134.1 Y110.55 E43.69157
G1 X134.1 Y110.75 E43.69351
G1 X133.8 Y110.75 E43.69539
G0 F7200 X133.8 Y110.891
G0 X133.741 Y110.886
G0 X133.4 Y110.486
G1 F1500 E37.19539
;MESH:NONMESH
G0 F600 X133.4 Y110.486 Z10
G0 F7200 X133.455 Y110.487
G0 X126.212 Y111.756
G0 X117.509 Y111.725
G0 X111.51 Y110.441
G1 F1500 E43.69539
G0 F7200 X110.542 Y110.347
;TIME_ELAPSED:468.948514
;LAYER:49
;TYPE:WALL-OUTER
;MESH:output\B_media_suporte.stl
G1 F1800 X110.855 Y110.263 E43.69945
G1 X110.856 Y110.747 E43.70552
G1 X110.838 Y110.754 E43.70577
G1 X110.462 Y110.854 E43.71065
G1 X110.258 Y110.885 E43.71323
G1 X110.2 Y110.891 E43.71396
G1 X110.2 Y110.392 E43.72022
G1 X110.227 Y110.391 E43.72056
G1 X110.358 Y110.376 E43.72221
G1 X110.542 Y110.347 E43.72455
G0 F7200 X110.735 Y110.296
G0 X110.66 Y110.522
;TYPE:SKIN
G1 F1800 X110.556 Y110.626 E43.72547
G0 F7200 X110.555 Y110.75
G0 X110.551 Y110.727
G0 X110.843 Y113.278
G0 X110.542 Y113.347
;TYPE:WALL-OUTER
G1 F1800 X110.855 Y113.263 E43.72954
G1 X110.856 Y113.747 E43.73561
G1 X110.838 Y113.754 E43.73585
G1 X110.462 Y113.854 E43.74073
G1 X110.258 Y113.885 E43.74331
G1 X110.2 Y113.891 E43.74405
G1 X110.2 Y113.392 E43.7503
G1 X110.227 Y113.391 E43.75064
G1 X110.358 Y113.376 E43.7523
G1 X110.542 Y113.347 E43.75463
G0 F7200 X110.735 Y113.296
G0 X110.454 Y113.557
;TYPE:SKIN
G1 F1800 X110.394 Y113.616 E43.75516
G0 F7200 X110.548 Y113.418
G0 X110.55 Y113.447
G0 X110.843 Y116.278
G0 X110.542 Y116.347
;TYPE:WALL-OUTER
G1 F1800 X110.855 Y116.263 E43.75922
G1 X110.856 Y116.747 E43.76529
G1 X110.838 Y116.754 E43.76554
G1 X110.462 Y116.854 E43.77041
G1 X110.258 Y116.885 E43.773
G1 X110.2 Y116.891 E43.77373
G1 X110.2 Y116.392 E43.77999
G1 X110.227 Y116.391 E43.78033
G1 X110.358 Y116.376 E43.78198
G1 X110.542 Y116.347 E43.78432
G0 F7200 X110.735 Y116.296
G0 X110.585 Y116.536
;TYPE:SKIN
G1 F1800 X110.474 Y116.647 E43.7853
G0 F7200 X110.471 Y116.763
G1 F1500 E37.2853
G0 F7200 X110.47 Y116.749
G0 X110.843 Y119.278
G1 F1500 E43.7853
G0 F7200 X110.542 Y119.347
;TYPE:WALL-OUTER
G1 F1800 X110.855 Y119.263 E43.78937
G1 X110.856 Y119.747 E43.79544
G1 X110.838 Y119.754 E43.79568
G1 X110.462 Y119.854 E43.80056
G1 X110.258 Y119.885 E43.80315
G1 X110.2 Y119.891 E43.80388
G1 X110.2 Y119.392 E43.81013
G1 X110.227 Y119.391 E43.81047
G1 X110.358 Y119.376 E43.81213
G1 X110.542 Y119.347 E43.81446
G0 F7200 X110.735 Y119.296
G0 X110.66 Y119.573
;TYPE:SKIN
G1 F1800 X110.626 Y119.607 E43.81476
G0 F7200 X110.66 Y119.729
G1 F1500 E37.31476
G0 F7200 X110.654 Y119.7
G0 X111.72 Y119.458
G0 X116.28 Y119.447
G0 X118.562 Y119.444
G1 F1500 E43.81476
G0 F7200 X118.542 Y119.347
;TYPE:WALL-OUTER
G1 F1800 X118.855 Y119.263 E43.81883
G1 X118.856 Y119.747 E43.8249
G1 X118.838 Y119.754 E43.82514
G1 X118.462 Y119.854 E43.83002
G1 X118.258 Y119.885 E43.83261
G1 X118.188 Y119.892 E43.83349
G1 X117.898 Y119.898 E43.83713
G1 X117.802 Y119.891 E43.83833
G1 X117.691 Y119.879 E43.83973
G1 X117.545 Y119.856 E43.84159
G1 X117.167 Y119.755 E43.84649
G1 X117.145 Y119.746 E43.84679
G1 X117.144 Y119.263 E43.85285
G1 X117.459 Y119.347 E43.85447
G1 X117.688 Y119.382 E43.85737
G1 X117.895 Y119.398 E43.85997
G1 X118.213 Y119.392 E43.86396
G1 X118.357 Y119.376 E43.86578
G1 X118.542 Y119.347 E43.86813
G0 F7200 X118.735 Y119.296
G0 X118.572 Y119.581
;TYPE:SKIN
G1 F1800 X118.232 Y119.637 E43.86951
G1 X117.44 Y119.581 E43.87269
G0 F7200 X117.408 Y119.744
G1 F1500 E37.37269
G0 F7200 X117.415 Y119.719
G0 X117.898 Y116.878
G1 F1500 E43.87269
G0 F7200 X118.542 Y116.347
;TYPE:WALL-OUTER
G1 F1800 X118.855 Y116.263 E43.87676
G1 X118.856 Y116.747 E43.88283
G1 X118.838 Y116.754 E43.88307
G1 X118.462 Y116.854 E43.88795
G1 X118.258 Y116.885 E43.89054
G1 X118.188 Y116.892 E43.89142
G1 X117.898 Y116.898 E43.89506
G1 X117.731 Y116.884 E43.89716
G1 X117.536 Y116.854 E43.89963
G1 X117.167 Y116.755 E43.90442
G1 X117.145 Y116.747 E43.90472
G1 X117.145 Y116.263 E43.91079
G1 X117.459 Y116.347 E43.91486
G1 X117.688 Y116.382 E43.91777
G1 X117.895 Y116.398 E43.92037
G1 X118.213 Y116.392 E43.92436
G1 X118.357 Y116.376 E43.92618
G1 X118.542 Y116.347 E43.92852
G0 F7200 X118.735 Y116.296
G0 X118.43 Y116.611
;TYPE:SKIN
G1 F1800 X118.115 Y116.643 E43.92977
G1 X117.36 Y116.55 E43.93275
G0 F7200 X117.516 Y116.76
G1 F1500 E37.43275
G0 F7200 X117.519 Y116.747
G0 X118.546 Y116.366
G0 X118.256 Y113.866
G1 F1500 E43.93275
G0 F7200 X118.542 Y113.347
;TYPE:WALL-OUTER
G1 F1800 X118.855 Y113.263 E43.93682
G1 X118.856 Y113.747 E43.94289
G1 X118.838 Y113.754 E43.94313
G1 X118.462 Y113.854 E43.94801
G1 X118.258 Y113.885 E43.9506
G1 X118.188 Y113.892 E43.95148
G1 X117.898 Y113.898 E43.95511
G1 X117.802 Y113.891 E43.95632
G1 X117.691 Y113.879 E43.95772
G1 X117.545 Y113.856 E43.95958
G1 X117.167 Y113.755 E43.96448
G1 X117.145 Y113.746 E43.96478
G1 X117.144 Y113.263 E43.97084
G1 X117.459 Y113.347 E43.97245
G1 X117.688 Y113.382 E43.97536
G1 X117.895 Y113.398 E43.97796
G1 X118.213 Y113.392 E43.98195
G1 X118.357 Y113.376 E43.98377
G1 X118.542 Y113.347 E43.98612
G0 F7200 X118.735 Y113.296
G0 X118.629 Y113.584
;TYPE:SKIN
G1 F1800 X118.299 Y113.63 E43.98733
G1 X117.49 Y113.591 E43.99028
G0 F7200 X117.456 Y113.751
G1 F1500 E37.49028
G0 F7200 X117.461 Y113.731
G0 X118.546 Y113.366
G0 X118.256 Y110.866
G1 F1500 E43.99028
G0 F7200 X118.542 Y110.347
;TYPE:WALL-OUTER
G1 F1800 X118.855 Y110.263 E43.99434
G1 X118.856 Y110.747 E44.00041
G1 X118.838 Y110.754 E44.00065
G1 X118.462 Y110.854 E44.00553
G1 X118.258 Y110.885 E44.00812
G1 X118.188 Y110.892 E44.009
G1 X117.898 Y110.898 E44.01264
G1 X117.802 Y110.891 E44.01385
G1 X117.691 Y110.879 E44.01525
G1 X117.545 Y110.856 E44.0171
G1 X117.167 Y110.755 E44.02201
G1 X117.145 Y110.747 E44.0223
G1 X117.145 Y110.263 E44.02837
G1 X117.459 Y110.347 E44.03245
G1 X117.688 Y110.382 E44.03535
G1 X117.895 Y110.398 E44.03796
G1 X118.213 Y110.392 E44.04194
G1 X118.357 Y110.376 E44.04376
G1 X118.542 Y110.347 E44.04611
G0 F7200 X118.735 Y110.296
G0 X118.503 Y110.598
;TYPE:SKIN
G1 F1800 X118.177 Y110.641 E44.04743
G1 X117.397 Y110.572 E44.05059
G0 F7200 X117.332 Y110.726
G1 F1500 E37.55059
G0 F7200 X117.339 Y110.699
G0 X118.855 Y110.459
G0 X124.28 Y110.459
G0 X126.562 Y110.444
G1 F1500 E44.05059
G0 F7200 X126.542 Y110.347
;TYPE:WALL-OUTER
G1 F1800 X126.855 Y110.263 E44.05465
G1 X126.856 Y110.747 E44.06072
G1 X126.838 Y110.754 E44.06096
G1 X126.462 Y110.854 E44.06584
G1 X126.258 Y110.885 E44.06843
G1 X126.09 Y110.898 E44.07054
G1 X125.813 Y110.892 E44.07402
G1 X125.69 Y110.879 E44.07557
G1 X125.545 Y110.856 E44.07741
G1 X125.167 Y110.755 E44.08232
G1 X125.145 Y110.747 E44.08261
G1 X125.145 Y110.263 E44.08868
G1 X125.459 Y110.347 E44.09276
G1 X125.687 Y110.381 E44.09565
G1 X125.788 Y110.392 E44.09692
G1 X126.117 Y110.398 E44.10105
G1 X126.23 Y110.39 E44.10247
G1 X126.358 Y110.376 E44.10408
G1 X126.542 Y110.347 E44.10642
G0 F7200 X126.735 Y110.296
G0 X126.406 Y110.614
;TYPE:SKIN
G1 F1800 X126.092 Y110.646 E44.10785
G1 X125.565 Y110.607 E44.11024
G0 F7200 X125.53 Y110.762
G1 F1500 E37.61024
G0 F7200 X125.533 Y110.75
G0 X126.843 Y113.278
G1 F1500 E44.11024
G0 F7200 X126.542 Y113.347
;TYPE:WALL-OUTER
G1 F1800 X126.855 Y113.263 E44.1143
G1 X126.856 Y113.747 E44.12037
G1 X126.838 Y113.754 E44.12061
G1 X126.462 Y113.854 E44.12549
G1 X126.258 Y113.885 E44.12808
G1 X126.09 Y113.898 E44.13019
G1 X125.813 Y113.892 E44.13367
G1 X125.69 Y113.879 E44.13522
G1 X125.545 Y113.856 E44.13706
G1 X125.167 Y113.755 E44.14197
G1 X125.145 Y113.746 E44.14226
G1 X125.144 Y113.263 E44.14832
G1 X125.459 Y113.347 E44.14994
G1 X125.687 Y113.381 E44.15283
G1 X125.788 Y113.392 E44.1541
G1 X126.117 Y113.398 E44.15823
G1 X126.23 Y113.39 E44.15965
G1 X126.358 Y113.376 E44.16126
G1 X126.542 Y113.347 E44.1636
G0 F7200 X126.735 Y113.296
G0 X126.544 Y113.588
;TYPE:SKIN
G1 F1800 X126.21 Y113.639 E44.16495
G1 X125.423 Y113.577 E44.16812
G0 F7200 X125.378 Y113.738
G1 F1500 E37.66812
G0 F7200 X125.385 Y113.711
G0 X126.843 Y116.278
G1 F1500 E44.16812
G0 F7200 X126.542 Y116.347
;TYPE:WALL-OUTER
G1 F1800 X126.855 Y116.263 E44.17218
G1 X126.856 Y116.747 E44.17825
G1 X126.838 Y116.754 E44.1785
G1 X126.462 Y116.854 E44.18337
G1 X126.258 Y116.885 E44.18596
G1 X126.09 Y116.898 E44.18807
G1 X125.8 Y116.891 E44.19171
G1 X125.731 Y116.884 E44.19258
G1 X125.536 Y116.854 E44.19506
G1 X125.167 Y116.755 E44.19985
G1 X125.145 Y116.747 E44.20014
G1 X125.145 Y116.263 E44.20621
G1 X125.459 Y116.347 E44.21029
G1 X125.687 Y116.381 E44.21318
G1 X125.788 Y116.392 E44.21445
G1 X126.117 Y116.398 E44.21858
G1 X126.23 Y116.39 E44.22
G1 X126.358 Y116.376 E44.22161
G1 X126.542 Y116.347 E44.22395
G0 F7200 X126.735 Y116.296
G0 X126.335 Y116.625
;TYPE:SKIN
G1 F1800 X126.032 Y116.646 E44.22532
G1 X125.516 Y116.596 E44.22765
G0 F7200 X125.481 Y116.755
G1 F1500 E37.72765
G0 F7200 X125.485 Y116.738
G0 X126.843 Y119.278
G1 F1500 E44.22765
G0 F7200 X126.542 Y119.347
;TYPE:WALL-OUTER
G1 F1800 X126.855 Y119.263 E44.23171
G1 X126.856 Y119.747 E44.23778
G1 X126.838 Y119.754 E44.23802
G1 X126.462 Y119.854 E44.2429
G1 X126.258 Y119.885 E44.24549
G1 X126.09 Y119.898 E44.2476
G1 X125.813 Y119.892 E44.25108
G1 X125.69 Y119.879 E44.25263
G1 X125.545 Y119.856 E44.25447
G1 X125.167 Y119.755 E44.25938
G1 X125.145 Y119.746 E44.25967
G1 X125.144 Y119.263 E44.26573
G1 X125.459 Y119.347 E44.26735
G1 X125.687 Y119.381 E44.27024
G1 X125.788 Y119.392 E44.27151
G1 X126.117 Y119.398 E44.27564
G1 X126.23 Y119.39 E44.27706
G1 X126.358 Y119.376 E44.27867
G1 X126.542 Y119.347 E44.28101
G0 F7200 X126.735 Y119.296
G0 X126.467 Y119.605
;TYPE:SKIN
G1 F1800 X126.145 Y119.644 E44.28234
G1 X125.373 Y119.567 E44.28553
G0 F7200 X125.309 Y119.72
G1 F1500 E37.78553
G0 F7200 X125.316 Y119.693
G0 X126.855 Y119.474
G0 X132.28 Y119.462
G0 X133.7 Y119.46
G1 F1500 E44.28553
G0 F7200 X133.8 Y119.393
;TYPE:WALL-OUTER
G1 F1800 X133.8 Y119.891 E44.29178
G1 X133.691 Y119.879 E44.29315
G1 X133.545 Y119.856 E44.29501
G1 X133.167 Y119.755 E44.29991
G1 X133.145 Y119.746 E44.30021
G1 X133.144 Y119.263 E44.30627
G1 X133.459 Y119.347 E44.30788
G1 X133.687 Y119.381 E44.31077
G1 X133.8 Y119.393 E44.3122
G0 F7200 X133.8 Y119.593
G0 X133.582 Y119.561
;TYPE:SKIN
G1 F1800 X133.501 Y119.642 E44.31292
G0 F7200 X133.507 Y119.758
G1 F1500 E37.81292
G0 F7200 X133.511 Y119.744
G0 X133.54 Y116.835
G1 F1500 E44.31292
G0 F7200 X133.8 Y116.393
;TYPE:WALL-OUTER
G1 F1800 X133.8 Y116.891 E44.31916
G1 X133.731 Y116.884 E44.32003
G1 X133.536 Y116.854 E44.32251
G1 X133.167 Y116.755 E44.3273
G1 X133.145 Y116.747 E44.32759
G1 X133.145 Y116.263 E44.33366
G1 X133.459 Y116.347 E44.33774
G1 X133.687 Y116.381 E44.34063
G1 X133.8 Y116.393 E44.34205
G0 F7200 X133.8 Y116.593
G0 X133.484 Y116.548
;TYPE:SKIN
G1 F1800 X133.413 Y116.619 E44.34268
G0 F7200 X133.417 Y116.745
G1 F1500 E37.84268
G0 F7200 X133.423 Y116.721
G0 X133.549 Y113.837
G1 F1500 E44.34268
G0 F7200 X133.8 Y113.393
;TYPE:WALL-OUTER
G1 F1800 X133.8 Y113.891 E44.34893
G1 X133.691 Y113.879 E44.3503
G1 X133.545 Y113.856 E44.35216
G1 X133.167 Y113.755 E44.35706
G1 X133.145 Y113.746 E44.35736
G1 X133.144 Y113.263 E44.36342
G1 X133.459 Y113.347 E44.36503
G1 X133.687 Y113.381 E44.36792
G1 X133.8 Y113.393 E44.36935
G0 F7200 X133.8 Y113.593
G0 X133.576 Y113.627
;TYPE:SKIN
G1 F1800 X133.364 Y113.556 E44.37029
G0 F7200 X133.518 Y113.76
G1 F1500 E37.87029
G0 F7200 X133.521 Y113.747
G0 X133.549 Y110.837
G1 F1500 E44.37029
G0 F7200 X133.8 Y110.393
;TYPE:WALL-OUTER
G1 F1800 X133.8 Y110.891 E44.37653
G1 X133.691 Y110.879 E44.37791
G1 X133.545 Y110.856 E44.37976
G1 X133.167 Y110.755 E44.38467
G1 X133.145 Y110.747 E44.38496
G1 X133.145 Y110.263 E44.39103
G1 X133.459 Y110.347 E44.39511
G1 X133.687 Y110.381 E44.398
G1 X133.8 Y110.393 E44.39942
G0 F7200 X133.8 Y110.593
G0 X133.537 Y110.555
;TYPE:SKIN
G1 F1800 X133.461 Y110.631 E44.4001
G0 F7200 X133.466 Y110.752
G1 F1500 E37.9001
;MESH:NONMESH
G0 F600 X133.466 Y110.752 Z10.2
G0 F7200 X133.471 Y110.734
G0 X132.28 Y110.341
G0 X126.367 Y111.743
G0 X117.581 Y111.737
G0 X111.72 Y110.386
G1 F1500 E44.4001
G0 F7200 X110.962 Y110.234
;TIME_ELAPSED:480.568364
;LAYER:50
;TYPE:WALL-OUTER
;MESH:output\B_media_suporte.stl
G1 F1800 X111.065 Y110.195 E44.40148
G1 X111.066 Y110.665 E44.40737
G1 X110.832 Y110.756 E44.41052
G1 X110.618 Y110.812 E44.41329
G1 X110.617 Y110.327 E44.41938
G1 X110.962 Y110.234 E44.42386
G0 F7200 X111.065 Y110.195
G0 X111.065 Y110.285
G0 X110.776 Y110.699
G1 F1500 E37.92386
G0 F7200 X110.77 Y110.669
G0 X111.054 Y113.211
G1 F1500 E44.42386
G0 F7200 X110.962 Y113.234
G1 F1800 X111.065 Y113.195 E44.42524
G1 X111.066 Y113.665 E44.43113
G1 X110.832 Y113.756 E44.43428
G1 X110.618 Y113.812 E44.43705
G1 X110.617 Y113.327 E44.44314
G1 X110.962 Y113.234 E44.44762
G0 F7200 X111.065 Y113.195
G0 X111.065 Y113.285
G0 X110.776 Y113.699
G1 F1500 E37.94762
G0 F7200 X110.77 Y113.669
G0 X111.054 Y116.211
G1 F1500 E44.44762
G0 F7200 X110.962 Y116.234
G1 F1800 X111.065 Y116.195 E44.449
G1 X111.066 Y116.665 E44.45489
G1 X110.834 Y116.755 E44.45801
G1 X110.618 Y116.813 E44.46082
G1 X110.618 Y116.326 E44.46692
G1 X110.962 Y116.234 E44.47139
G0 F7200 X111.065 Y116.195
G0 X111.065 Y116.285
G0 X110.871 Y116.528
;TYPE:SKIN
G1 F1800 X110.816 Y116.473 E44.47188
G0 F7200 X110.748 Y116.358
G1 F1500 E37.97188
G0 F7200 X110.755 Y116.392
G0 X111.054 Y119.211
G1 F1500 E44.47188
G0 F7200 X110.962 Y119.234
;TYPE:WALL-OUTER
G1 F1800 X111.065 Y119.195 E44.47326
G1 X111.066 Y119.665 E44.47915
G1 X110.832 Y119.756 E44.4823
G1 X110.618 Y119.812 E44.48508
G1 X110.617 Y119.327 E44.49116
G1 X110.962 Y119.234 E44.49564
G0 F7200 X111.065 Y119.195
G0 X111.065 Y119.285
G0 X110.776 Y119.699
G1 F1500 E37.99564
G0 F7200 X110.77 Y119.669
G0 X111.93 Y119.342
G0 X116.07 Y119.332
G1 F1500 E44.49564
G0 F7200 X117.038 Y119.235
G1 F1800 X117.382 Y119.325 E44.5001
G1 X117.383 Y119.813 E44.50622
G1 X117.166 Y119.755 E44.50903
G1 X116.935 Y119.666 E44.51214
G1 X116.934 Y119.195 E44.51804
G1 X117.038 Y119.235 E44.51944
G0 F7200 X117.231 Y119.285
G0 X117.25 Y119.358
G1 F1500 E38.01944
G0 F7200 X117.24 Y119.39
G0 X118.632 Y119.339
G1 F1500 E44.51944
G0 F7200 X118.962 Y119.234
G1 F1800 X119.065 Y119.195 E44.52082
G1 X119.066 Y119.665 E44.52672
G1 X118.832 Y119.756 E44.52987
G1 X118.618 Y119.812 E44.53264
G1 X118.617 Y119.327 E44.53872
G1 X118.962 Y119.234 E44.5432
G0 F7200 X119.065 Y119.195
G0 X119.065 Y119.285
G0 X118.776 Y119.699
G1 F1500 E38.0432
G0 F7200 X118.77 Y119.669
G0 X118.63 Y116.798
G1 F1500 E44.5432
G0 F7200 X118.962 Y116.234
G1 F1800 X119.065 Y116.195 E44.54458
G1 X119.066 Y116.665 E44.55048
G1 X118.834 Y116.755 E44.5536
G1 X118.618 Y116.813 E44.5564
G1 X118.618 Y116.326 E44.56251
G1 X118.962 Y116.234 E44.56698
G0 F7200 X119.065 Y116.195
G0 X119.065 Y116.285
G0 X118.775 Y116.698
G1 F1500 E38.06698
G0 F7200 X118.768 Y116.669
G0 X117.362 Y116.33
G1 F1500 E44.56698
G0 F7200 X117.039 Y116.235
G1 F1800 X117.382 Y116.325 E44.57142
G1 X117.382 Y116.813 E44.57754
G1 X117.166 Y116.755 E44.58035
G1 X116.935 Y116.666 E44.58345
G1 X116.935 Y116.195 E44.58936
G1 X117.039 Y116.235 E44.59076
G0 F7200 X117.232 Y116.285
G0 X117.251 Y116.359
G1 F1500 E38.09076
G0 F7200 X117.242 Y116.391
G0 X117.371 Y113.798
G1 F1500 E44.59076
G0 F7200 X117.038 Y113.235
G1 F1800 X117.382 Y113.325 E44.59521
G1 X117.383 Y113.813 E44.60133
G1 X117.166 Y113.755 E44.60415
G1 X116.935 Y113.666 E44.60726
G1 X116.934 Y113.195 E44.61316
G1 X117.038 Y113.235 E44.61456
G0 F7200 X117.231 Y113.285
G0 X117.139 Y113.462
;TYPE:SKIN
G1 F1800 X117.186 Y113.509 E44.61498
G0 F7200 X117.335 Y113.509
G1 F1500 E38.11498
G0 F7200 X117.282 Y113.508
G0 X118.632 Y113.339
G1 F1500 E44.61498
G0 F7200 X118.962 Y113.234
;TYPE:WALL-OUTER
G1 F1800 X119.065 Y113.195 E44.61636
G1 X119.066 Y113.665 E44.62225
G1 X118.832 Y113.756 E44.6254
G1 X118.618 Y113.812 E44.62817
G1 X118.617 Y113.327 E44.63426
G1 X118.962 Y113.234 E44.63874
G0 F7200 X119.065 Y113.195
G0 X119.065 Y113.285
G0 X118.776 Y113.699
G1 F1500 E38.13874
G0 F7200 X118.77 Y113.669
G0 X118.63 Y110.797
G1 F1500 E44.63874
G0 F7200 X118.962 Y110.234
G1 F1800 X119.065 Y110.195 E44.64012
G1 X119.066 Y110.665 E44.64601
G1 X118.832 Y110.756 E44.64916
G1 X118.618 Y110.812 E44.65193
G1 X118.617 Y110.327 E44.65802
G1 X118.962 Y110.234 E44.6625
G0 F7200 X119.065 Y110.195
G0 X119.065 Y110.285
G0 X118.776 Y110.699
G0 X118.77 Y110.669
G0 X117.382 Y110.341
G0 X117.039 Y110.235
G1 F1800 X117.382 Y110.325 E44.66694
G1 X117.383 Y110.813 E44.67306
G1 X117.166 Y110.755 E44.67588
G1 X116.935 Y110.666 E44.67899
G1 X116.935 Y110.195 E44.68489
G1 X117.039 Y110.235 E44.68629
G0 F7200 X117.232 Y110.285
G0 X117.251 Y110.359
G1 F1500 E38.18629
G0 F7200 X117.242 Y110.391
G0 X119.911 Y108.963
G0 X124.07 Y110.345
G1 F1500 E44.68629
G0 F7200 X125.039 Y110.235
G1 F1800 X125.382 Y110.325 E44.69074
G1 X125.383 Y110.813 E44.69686
G1 X125.166 Y110.755 E44.69967
G1 X124.935 Y110.666 E44.70278
G1 X124.935 Y110.195 E44.70868
G1 X125.039 Y110.235 E44.71008
G0 F7200 X125.232 Y110.285
G0 X125.251 Y110.359
G1 F1500 E38.21008
G0 F7200 X125.242 Y110.391
G0 X126.632 Y110.339
G1 F1500 E44.71008
G0 F7200 X126.962 Y110.234
G1 F1800 X127.065 Y110.195 E44.71146
G1 X127.066 Y110.665 E44.71736
G1 X126.832 Y110.756 E44.7205
G1 X126.618 Y110.812 E44.72328
G1 X126.617 Y110.327 E44.72936
G1 X126.962 Y110.234 E44.73384
G0 F7200 X127.065 Y110.195
G0 X127.065 Y110.285
G0 X126.776 Y110.699
G0 X126.77 Y110.669
G0 X127.054 Y113.211
G0 X126.962 Y113.234
G1 F1800 X127.065 Y113.195 E44.73522
G1 X127.066 Y113.665 E44.74112
G1 X126.832 Y113.756 E44.74427
G1 X126.618 Y113.812 E44.74704
G1 X126.617 Y113.327 E44.75312
G1 X126.962 Y113.234 E44.7576
G0 F7200 X127.065 Y113.195
G0 X127.065 Y113.285
G0 X126.776 Y113.699
G1 F1500 E38.2576
G0 F7200 X126.77 Y113.669
G0 X125.382 Y113.341
G1 F1500 E44.7576
G0 F7200 X125.038 Y113.235
G1 F1800 X125.382 Y113.325 E44.76206
G1 X125.383 Y113.813 E44.76818
G1 X125.166 Y113.755 E44.771
G1 X124.935 Y113.666 E44.7741
G1 X124.934 Y113.195 E44.78001
G1 X125.038 Y113.235 E44.78141
G0 F7200 X125.231 Y113.285
G0 X125.25 Y113.358
G0 X125.24 Y113.39
G0 X124.946 Y116.211
G0 X125.039 Y116.235
G1 F1800 X125.382 Y116.325 E44.78585
G1 X125.382 Y116.813 E44.79197
G1 X125.166 Y116.755 E44.79478
G1 X124.935 Y116.666 E44.79788
G1 X124.935 Y116.195 E44.80379
G1 X125.039 Y116.235 E44.80519
G0 F7200 X125.232 Y116.285
G0 X125.251 Y116.359
G0 X125.242 Y116.391
G0 X126.638 Y116.328
G0 X126.962 Y116.234
G1 F1800 X127.065 Y116.195 E44.80657
G1 X127.066 Y116.665 E44.81246
G1 X126.834 Y116.755 E44.81558
G1 X126.618 Y116.813 E44.81839
G1 X126.618 Y116.326 E44.82449
G1 X126.962 Y116.234 E44.82896
G0 F7200 X127.065 Y116.195
G0 X127.065 Y116.285
G0 X126.775 Y116.698
G1 F1500 E38.32896
G0 F7200 X126.768 Y116.669
G0 X127.054 Y119.211
G1 F1500 E44.82896
G0 F7200 X126.962 Y119.234
G1 F1800 X127.065 Y119.195 E44.83034
G1 X127.066 Y119.665 E44.83623
G1 X126.832 Y119.756 E44.83938
G1 X126.618 Y119.812 E44.84216
G1 X126.617 Y119.327 E44.84824
G1 X126.962 Y119.234 E44.85272
G0 F7200 X127.065 Y119.195
G0 X127.065 Y119.285
G0 X126.87 Y119.516
;TYPE:SKIN
G1 F1800 X126.827 Y119.473 E44.8531
G0 F7200 X126.758 Y119.356
G0 X126.767 Y119.39
G0 X125.382 Y119.341
G0 X125.038 Y119.235
;TYPE:WALL-OUTER
G1 F1800 X125.382 Y119.325 E44.85756
G1 X125.383 Y119.813 E44.86368
G1 X125.166 Y119.755 E44.8665
G1 X124.935 Y119.666 E44.8696
G1 X124.934 Y119.195 E44.87551
G1 X125.038 Y119.235 E44.8769
G0 F7200 X125.231 Y119.285
G0 X125.129 Y119.472
;TYPE:SKIN
G1 F1800 X125.186 Y119.529 E44.87741
G0 F7200 X125.335 Y119.529
G1 F1500 E38.37741
G0 F7200 X125.282 Y119.528
G0 X125.645 Y118.501
G0 X127.911 Y117.963
G0 X132.07 Y119.331
G1 F1500 E44.87741
G0 F7200 X133.038 Y119.235
;TYPE:WALL-OUTER
G1 F1800 X133.382 Y119.325 E44.88187
G1 X133.383 Y119.813 E44.88799
G1 X133.166 Y119.755 E44.89081
G1 X132.935 Y119.666 E44.89391
G1 X132.934 Y119.195 E44.89982
G1 X133.038 Y119.235 E44.90121
G0 F7200 X133.231 Y119.285
G0 X133.25 Y119.358
G0 X133.24 Y119.39
G0 X133.37 Y116.798
G0 X133.039 Y116.235
G1 F1800 X133.382 Y116.325 E44.90566
G1 X133.382 Y116.813 E44.91178
G1 X133.166 Y116.755 E44.91458
G1 X132.935 Y116.666 E44.91769
G1 X132.935 Y116.195 E44.9236
G1 X133.039 Y116.235 E44.92499
G0 F7200 X133.232 Y116.285
G0 X133.155 Y116.468
;TYPE:SKIN
G1 F1800 X133.186 Y116.498 E44.92526
G0 F7200 X133.335 Y116.498
G0 X133.282 Y116.498
G0 X133.371 Y113.798
G0 X133.038 Y113.235
;TYPE:WALL-OUTER
G1 F1800 X133.382 Y113.325 E44.92972
G1 X133.383 Y113.813 E44.93584
G1 X133.166 Y113.755 E44.93866
G1 X132.935 Y113.666 E44.94176
G1 X132.934 Y113.195 E44.94767
G1 X133.038 Y113.235 E44.94907
G0 F7200 X133.231 Y113.285
G0 X133.25 Y113.358
G1 F1500 E38.44907
G0 F7200 X133.24 Y113.39
G0 X133.371 Y110.798
G1 F1500 E44.94907
G0 F7200 X133.039 Y110.235
G1 F1800 X133.382 Y110.325 E44.95351
G1 X133.383 Y110.813 E44.95963
G1 X133.166 Y110.755 E44.96245
G1 X132.935 Y110.666 E44.96556
G1 X132.935 Y110.195 E44.97146
G1 X133.039 Y110.235 E44.97286
G0 F7200 X133.232 Y110.285
G0 X133.129 Y110.501
;TYPE:SKIN
G1 F1800 X133.178 Y110.551 E44.9733
G0 F7200 X133.168 Y110.682
;MESH:NONMESH
G0 F600 X133.168 Y110.682 Z10.4
G0 F7200 X133.181 Y110.654
G0 X132.07 Y110.328
G0 X126.234 Y111.825
G0 X117.768 Y111.817
G0 X111.93 Y110.373
G0 X110.962 Y110.235
;TIME_ELAPSED:493.028351
;LAYER:51
;TYPE:WALL-OUTER
;MESH:output\B_media_suporte.stl
G1 F1800 X111.275 Y110.114 E44.97751
G1 X111.276 Y110.579 E44.98334
G1 X111.22 Y110.606 E44.98412
G1 X110.836 Y110.754 E44.98928
G1 X110.836 Y110.268 E44.99537
G1 X110.962 Y110.235 E44.99701
G0 F7200 X111.148 Y110.163
G0 X111.061 Y110.404
;TYPE:SKIN
G1 F1800 X111.03 Y110.435 E44.99728
G0 F7200 X110.875 Y110.434
G1 F1500 E38.49728
G0 F7200 X110.936 Y110.434
G0 X111.264 Y113.13
G1 F1500 E44.99728
G0 F7200 X110.962 Y113.235
;TYPE:WALL-OUTER
G1 F1800 X111.275 Y113.114 E45.00149
G1 X111.276 Y113.579 E45.00732
G1 X111.22 Y113.606 E45.0081
G1 X110.836 Y113.754 E45.01326
G1 X110.836 Y113.268 E45.01936
G1 X110.962 Y113.235 E45.02099
G0 F7200 X111.148 Y113.163
G0 X110.875 Y113.537
G0 X110.936 Y113.537
G0 X111.264 Y116.13
G0 X110.962 Y116.235
G1 F1800 X111.275 Y116.114 E45.0252
G1 X111.276 Y116.579 E45.03103
G1 X111.22 Y116.606 E45.03181
G1 X110.836 Y116.754 E45.03697
G1 X110.836 Y116.268 E45.04306
G1 X110.962 Y116.235 E45.0447
G0 F7200 X111.148 Y116.163
G0 X110.875 Y116.537
G0 X110.936 Y116.537
G0 X111.264 Y119.13
G0 X110.962 Y119.235
G1 F1800 X111.275 Y119.114 E45.0489
G1 X111.276 Y119.579 E45.05474
G1 X111.22 Y119.606 E45.05552
G1 X110.836 Y119.754 E45.06068
G1 X110.836 Y119.268 E45.06677
G1 X110.962 Y119.235 E45.0684
G0 F7200 X111.148 Y119.163
G0 X110.875 Y119.537
G1 F1500 E38.5684
G0 F7200 X110.936 Y119.537
G0 X112.14 Y119.341
G0 X115.86 Y119.332
G0 X117.008 Y119.33
G1 F1500 E45.0684
G0 F7200 X117.038 Y119.235
G1 F1800 X117.164 Y119.268 E45.07004
G1 X117.164 Y119.754 E45.07613
G1 X116.775 Y119.604 E45.07896
G1 X116.725 Y119.58 E45.07965
G1 X116.724 Y119.114 E45.0855
G1 X117.038 Y119.235 E45.08717
G0 F7200 X117.164 Y119.268
G0 X117.164 Y119.338
G0 X117.125 Y119.339
G0 X117.062 Y119.344
G0 X118.856 Y119.33
G0 X118.962 Y119.235
G1 F1800 X119.275 Y119.114 E45.09138
G1 X119.276 Y119.579 E45.09721
G1 X119.22 Y119.606 E45.09799
G1 X118.836 Y119.754 E45.10315
G1 X118.836 Y119.268 E45.10924
G1 X118.962 Y119.235 E45.11088
G0 F7200 X119.148 Y119.163
G0 X118.875 Y119.537
G0 X118.936 Y119.537
G0 X118.847 Y116.738
G0 X118.962 Y116.235
G1 F1800 X119.275 Y116.114 E45.11509
G1 X119.275 Y116.58 E45.12093
G1 X119.225 Y116.604 E45.12162
G1 X118.836 Y116.754 E45.12685
G1 X118.836 Y116.268 E45.13295
G1 X118.962 Y116.235 E45.13458
G0 F7200 X119.148 Y116.163
G0 X118.875 Y116.537
G1 F1500 E38.63458
G0 F7200 X118.936 Y116.537
G0 X117.144 Y116.33
G1 F1500 E45.13458
G0 F7200 X117.038 Y116.235
G1 F1800 X117.164 Y116.268 E45.13621
G1 X117.164 Y116.754 E45.14231
G1 X116.775 Y116.604 E45.14513
G1 X116.725 Y116.58 E45.14583
G1 X116.724 Y116.114 E45.15167
G1 X117.038 Y116.235 E45.15335
G0 F7200 X117.164 Y116.268
G0 X117.164 Y116.338
G0 X117.125 Y116.339
G0 X117.062 Y116.344
G0 X117.153 Y113.738
G0 X117.038 Y113.235
G1 F1800 X117.164 Y113.268 E45.15498
G1 X117.164 Y113.754 E45.16107
G1 X116.775 Y113.604 E45.1639
G1 X116.725 Y113.58 E45.16459
G1 X116.724 Y113.114 E45.17044
G1 X117.038 Y113.235 E45.17211
G0 F7200 X117.164 Y113.268
G0 X117.164 Y113.338
G0 X117.125 Y113.339
G0 X117.062 Y113.344
G0 X118.856 Y113.33
G0 X118.962 Y113.235
G1 F1800 X119.275 Y113.114 E45.17632
G1 X119.275 Y113.58 E45.18216
G1 X119.225 Y113.604 E45.18286
G1 X118.836 Y113.754 E45.18809
G1 X118.836 Y113.268 E45.19418
G1 X118.962 Y113.235 E45.19581
G0 F7200 X119.148 Y113.163
G0 X119.079 Y113.417
;TYPE:SKIN
G1 F1800 X119.03 Y113.466 E45.19625
G0 F7200 X118.875 Y113.466
G1 F1500 E38.69625
G0 F7200 X118.936 Y113.466
G0 X118.847 Y110.738
G1 F1500 E45.19625
G0 F7200 X118.962 Y110.235
;TYPE:WALL-OUTER
G1 F1800 X119.275 Y110.114 E45.20046
G1 X119.275 Y110.58 E45.2063
G1 X119.225 Y110.604 E45.207
G1 X118.836 Y110.754 E45.21222
G1 X118.836 Y110.268 E45.21832
G1 X118.962 Y110.235 E45.21995
G0 F7200 X119.148 Y110.163
G0 X118.875 Y110.537
G1 F1500 E38.71995
G0 F7200 X118.936 Y110.537
G0 X117.144 Y110.33
G1 F1500 E45.21995
G0 F7200 X117.038 Y110.235
G1 F1800 X117.164 Y110.268 E45.22159
G1 X117.164 Y110.754 E45.22768
G1 X116.775 Y110.604 E45.2305
G1 X116.725 Y110.58 E45.2312
G1 X116.724 Y110.114 E45.23704
G1 X117.038 Y110.235 E45.23872
G0 F7200 X117.164 Y110.268
G0 X117.164 Y110.338
G0 X117.125 Y110.339
G1 F1500 E38.73872
G0 F7200 X117.062 Y110.344
G0 X123.86 Y110.315
G0 X125.008 Y110.33
G1 F1500 E45.23872
G0 F7200 X125.038 Y110.235
G1 F1800 X125.164 Y110.268 E45.24035
G1 X125.164 Y110.754 E45.24644
G1 X124.775 Y110.604 E45.24927
G1 X124.725 Y110.58 E45.24996
G1 X124.724 Y110.114 E45.25581
G1 X125.038 Y110.235 E45.25748
G0 F7200 X125.164 Y110.268
G0 X125.164 Y110.338
G0 X125.125 Y110.339
G0 X125.062 Y110.344
G0 X126.856 Y110.33
G0 X126.962 Y110.235
G1 F1800 X127.275 Y110.114 E45.26169
G1 X127.276 Y110.579 E45.26752
G1 X127.22 Y110.606 E45.2683
G1 X126.836 Y110.754 E45.27346
G1 X126.836 Y110.268 E45.27956
G1 X126.962 Y110.235 E45.28119
G0 F7200 X127.148 Y110.163
G0 X126.875 Y110.537
G1 F1500 E38.78119
G0 F7200 X126.936 Y110.537
G0 X127.264 Y113.13
G1 F1500 E45.28119
G0 F7200 X126.962 Y113.235
G1 F1800 X127.275 Y113.114 E45.2854
G1 X127.276 Y113.579 E45.29123
G1 X127.22 Y113.606 E45.29201
G1 X126.836 Y113.754 E45.29717
G1 X126.836 Y113.268 E45.30326
G1 X126.962 Y113.235 E45.3049
G0 F7200 X127.148 Y113.163
G0 X126.875 Y113.537
G1 F1500 E38.8049
G0 F7200 X126.936 Y113.537
G0 X125.144 Y113.33
G1 F1500 E45.3049
G0 F7200 X125.038 Y113.235
G1 F1800 X125.164 Y113.268 E45.30653
G1 X125.164 Y113.754 E45.31262
G1 X124.775 Y113.604 E45.31545
G1 X124.725 Y113.58 E45.31614
G1 X124.724 Y113.114 E45.32199
G1 X125.038 Y113.235 E45.32366
G0 F7200 X125.164 Y113.268
G0 X125.164 Y113.338
G0 X125.125 Y113.339
G1 F1500 E38.82366
G0 F7200 X125.062 Y113.344
G0 X124.735 Y116.13
G1 F1500 E45.32366
G0 F7200 X125.038 Y116.235
G1 F1800 X125.164 Y116.268 E45.32529
G1 X125.164 Y116.754 E45.33139
G1 X124.775 Y116.604 E45.33421
G1 X124.725 Y116.58 E45.33491
G1 X124.724 Y116.114 E45.34075
G1 X125.038 Y116.235 E45.34243
G0 F7200 X125.164 Y116.268
G0 X125.164 Y116.338
G0 X125.125 Y116.339
G0 X125.062 Y116.344
G0 X126.856 Y116.33
G0 X126.962 Y116.235
G1 F1800 X127.275 Y116.114 E45.34663
G1 X127.276 Y116.579 E45.35247
G1 X127.22 Y116.606 E45.35325
G1 X126.836 Y116.754 E45.35841
G1 X126.836 Y116.268 E45.3645
G1 X126.962 Y116.235 E45.36613
G0 F7200 X127.148 Y116.163
G0 X126.875 Y116.537
G1 F1500 E38.86613
G0 F7200 X126.936 Y116.537
G0 X127.264 Y119.13
G1 F1500 E45.36613
G0 F7200 X126.962 Y119.235
G1 F1800 X127.275 Y119.114 E45.37034
G1 X127.276 Y119.579 E45.37617
G1 X127.22 Y119.606 E45.37695
G1 X126.836 Y119.754 E45.38211
G1 X126.836 Y119.268 E45.38821
G1 X126.962 Y119.235 E45.38984
G0 F7200 X127.148 Y119.163
G0 X126.875 Y119.537
G1 F1500 E38.88984
G0 F7200 X126.936 Y119.537
G0 X125.144 Y119.33
G1 F1500 E45.38984
G0 F7200 X125.038 Y119.235
G1 F1800 X125.164 Y119.268 E45.39148
G1 X125.164 Y119.754 E45.39757
G1 X124.775 Y119.604 E45.40039
G1 X124.725 Y119.58 E45.40109
G1 X124.724 Y119.114 E45.40693
G1 X125.038 Y119.235 E45.40861
G0 F7200 X125.164 Y119.268
G0 X125.164 Y119.338
G0 X124.962 Y119.414
;TYPE:SKIN
G1 F1800 X124.923 Y119.452 E45.40895
G0 F7200 X124.867 Y119.597
G1 F1500 E38.90895
G0 F7200 X124.889 Y119.541
G0 X126.029 Y119.33
G0 X131.86 Y119.315
G0 X133.008 Y119.33
G1 F1500 E45.40895
G0 F7200 X133.038 Y119.235
;TYPE:WALL-OUTER
G1 F1800 X133.164 Y119.268 E45.41058
G1 X133.164 Y119.754 E45.41668
G1 X132.775 Y119.604 E45.4195
G1 X132.725 Y119.58 E45.42019
G1 X132.724 Y119.114 E45.42604
G1 X133.038 Y119.235 E45.42771
G0 F7200 X133.164 Y119.268
G0 X133.164 Y119.338
G0 X133.125 Y119.339
G0 X133.062 Y119.344
G0 X133.153 Y116.738
G0 X133.038 Y116.235
G1 F1800 X133.164 Y116.268 E45.42935
G1 X133.164 Y116.754 E45.43544
G1 X132.775 Y116.604 E45.43826
G1 X132.725 Y116.58 E45.43896
G1 X132.724 Y116.114 E45.4448
G1 X133.038 Y116.235 E45.44648
G0 F7200 X133.164 Y116.268
G0 X133.164 Y116.338
G0 X133.125 Y116.339
G1 F1500 E38.94648
G0 F7200 X133.062 Y116.344
G0 X133.153 Y113.738
G1 F1500 E45.44648
G0 F7200 X133.038 Y113.235
G1 F1800 X133.164 Y113.268 E45.44811
G1 X133.164 Y113.754 E45.4542
G1 X132.775 Y113.604 E45.45703
G1 X132.725 Y113.58 E45.45772
G1 X132.724 Y113.114 E45.46357
G1 X133.038 Y113.235 E45.46524
G0 F7200 X133.164 Y113.268
G0 X133.164 Y113.338
G0 X133.125 Y113.339
G0 X133.062 Y113.344
G0 X133.153 Y110.738
G0 X133.038 Y110.235
G1 F1800 X133.164 Y110.268 E45.46687
G1 X133.164 Y110.754 E45.47297
G1 X132.775 Y110.604 E45.47579
G1 X132.725 Y110.58 E45.47649
G1 X132.724 Y110.114 E45.48233
G1 X133.038 Y110.235 E45.48401
G0 F7200 X133.164 Y110.268
G0 X133.164 Y110.338
G0 X133.125 Y110.339
;MESH:NONMESH
G0 F600 X133.125 Y110.339 Z10.6
G0 F7200 X133.062 Y110.344
G0 X131.86 Y110.131
G0 X128.12 Y108.774
G0 X115.877 Y108.769
G0 X112.14 Y110.129
G0 X111.38 Y110.074
;TIME_ELAPSED:503.791007
;LAYER:52
;TYPE:WALL-OUTER
;MESH:output\B_media_suporte.stl
G1 F1800 X111.485 Y110.023 E45.48547
G1 X111.486 Y110.477 E45.49116
G1 X111.22 Y110.606 E45.49487
G1 X111.046 Y110.673 E45.49721
G1 X111.046 Y110.202 E45.50311
G1 X111.38 Y110.074 E45.5076
G0 F7200 X111.485 Y110.023
G0 X111.485 Y110.107
G0 X111.255 Y110.551
G1 F1500 E39.0076
G0 F7200 X111.227 Y110.491
G0 X111.475 Y113.04
G1 F1500 E45.5076
G0 F7200 X111.38 Y113.074
G1 F1800 X111.485 Y113.023 E45.50906
G1 X111.486 Y113.477 E45.51476
G1 X111.22 Y113.606 E45.51846
G1 X111.046 Y113.673 E45.5208
G1 X111.046 Y113.202 E45.52671
G1 X111.38 Y113.074 E45.5312
G0 F7200 X111.485 Y113.023
G0 X111.485 Y113.107
G0 X111.255 Y113.551
G0 X111.227 Y113.491
G0 X111.475 Y116.04
G0 X111.38 Y116.074
G1 F1800 X111.485 Y116.023 E45.53266
G1 X111.486 Y116.477 E45.53835
G1 X111.22 Y116.606 E45.54206
G1 X111.046 Y116.673 E45.5444
G1 X111.046 Y116.202 E45.5503
G1 X111.38 Y116.074 E45.55479
G0 F7200 X111.485 Y116.023
G0 X111.485 Y116.107
G0 X111.255 Y116.551
G1 F1500 E39.05479
G0 F7200 X111.227 Y116.491
G0 X111.475 Y119.04
G1 F1500 E45.55479
G0 F7200 X111.38 Y119.074
G1 F1800 X111.485 Y119.023 E45.55625
G1 X111.486 Y119.477 E45.56195
G1 X111.22 Y119.606 E45.56565
G1 X111.046 Y119.673 E45.56799
G1 X111.046 Y119.202 E45.5739
G1 X111.38 Y119.074 E45.57838
G0 F7200 X111.485 Y119.023
G0 X111.485 Y119.107
G0 X111.255 Y119.551
G0 X111.227 Y119.491
G0 X112.35 Y119.176
G0 X115.65 Y119.168
G0 X116.62 Y119.074
G1 F1800 X116.954 Y119.202 E45.58287
G1 X116.954 Y119.673 E45.58878
G1 X116.775 Y119.604 E45.59118
G1 X116.515 Y119.478 E45.59481
G1 X116.514 Y119.022 E45.60052
G1 X116.62 Y119.074 E45.602
G0 F7200 X116.807 Y119.145
G0 X116.826 Y119.183
G1 F1500 E39.102
G0 F7200 X116.801 Y119.249
G0 X119.062 Y119.213
G1 F1500 E45.602
G0 F7200 X119.38 Y119.074
G1 F1800 X119.485 Y119.023 E45.60347
G1 X119.486 Y119.477 E45.60916
G1 X119.22 Y119.606 E45.61287
G1 X119.046 Y119.673 E45.61521
G1 X119.046 Y119.202 E45.62111
G1 X119.38 Y119.074 E45.6256
G0 F7200 X119.485 Y119.023
G0 X119.485 Y119.107
G0 X119.255 Y119.551
G0 X119.227 Y119.491
G0 X119.057 Y116.657
G0 X119.38 Y116.074
G1 F1800 X119.485 Y116.023 E45.62706
G1 X119.485 Y116.478 E45.63277
G1 X119.225 Y116.604 E45.63639
G1 X119.046 Y116.673 E45.6388
G1 X119.046 Y116.202 E45.6447
G1 X119.38 Y116.074 E45.64919
G0 F7200 X119.485 Y116.023
G0 X119.485 Y116.107
G0 X119.254 Y116.551
G1 F1500 E39.14919
G0 F7200 X119.228 Y116.491
G0 X116.934 Y116.213
G1 F1500 E45.64919
G0 F7200 X116.62 Y116.074
G1 F1800 X116.954 Y116.202 E45.65368
G1 X116.954 Y116.673 E45.65958
G1 X116.775 Y116.604 E45.66199
G1 X116.515 Y116.478 E45.66561
G1 X116.514 Y116.023 E45.67132
G1 X116.62 Y116.074 E45.67279
G0 F7200 X116.807 Y116.145
G0 X116.826 Y116.183
G0 X116.801 Y116.249
G0 X116.943 Y113.657
G0 X116.62 Y113.074
G1 F1800 X116.954 Y113.202 E45.67728
G1 X116.954 Y113.673 E45.68318
G1 X116.775 Y113.604 E45.68559
G1 X116.515 Y113.478 E45.68921
G1 X116.514 Y113.023 E45.69492
G1 X116.62 Y113.074 E45.69639
G0 F7200 X116.807 Y113.145
G0 X116.826 Y113.183
G1 F1500 E39.19639
G0 F7200 X116.801 Y113.249
G0 X119.066 Y113.213
G1 F1500 E45.69639
G0 F7200 X119.38 Y113.074
G1 F1800 X119.485 Y113.023 E45.69786
G1 X119.485 Y113.478 E45.70356
G1 X119.225 Y113.604 E45.70719
G1 X119.046 Y113.673 E45.70959
G1 X119.046 Y113.202 E45.7155
G1 X119.38 Y113.074 E45.71998
G0 F7200 X119.485 Y113.023
G0 X119.485 Y113.107
G0 X119.254 Y113.551
G0 X119.228 Y113.491
G0 X119.057 Y110.657
G0 X119.38 Y110.074
G1 F1800 X119.485 Y110.023 E45.72145
G1 X119.485 Y110.478 E45.72715
G1 X119.225 Y110.604 E45.73078
G1 X119.046 Y110.673 E45.73318
G1 X119.046 Y110.202 E45.73909
G1 X119.38 Y110.074 E45.74358
G0 F7200 X119.485 Y110.023
G0 X119.485 Y110.107
G0 X119.254 Y110.551
G1 F1500 E39.24358
G0 F7200 X119.228 Y110.491
G0 X116.934 Y110.213
G1 F1500 E45.74358
G0 F7200 X116.62 Y110.074
G1 F1800 X116.954 Y110.202 E45.74806
G1 X116.954 Y110.673 E45.75397
G1 X116.775 Y110.604 E45.75637
G1 X116.515 Y110.478 E45.76
G1 X116.514 Y110.023 E45.7657
G1 X116.62 Y110.074 E45.76718
G0 F7200 X116.807 Y110.145
G0 X116.826 Y110.183
G0 X116.801 Y110.249
G0 X117.819 Y110.213
G0 X120.331 Y108.672
G0 X123.65 Y110.198
G0 X124.62 Y110.074
G1 F1800 X124.954 Y110.202 E45.77166
G1 X124.954 Y110.673 E45.77757
G1 X124.775 Y110.604 E45.77998
G1 X124.515 Y110.478 E45.7836
G1 X124.514 Y110.023 E45.7893
G1 X124.62 Y110.074 E45.79078
G0 F7200 X124.807 Y110.145
G0 X124.826 Y110.183
G1 F1500 E39.29078
G0 F7200 X124.801 Y110.249
G0 X127.066 Y110.213
G1 F1500 E45.79078
G0 F7200 X127.38 Y110.074
G1 F1800 X127.485 Y110.023 E45.79224
G1 X127.486 Y110.477 E45.79794
G1 X127.22 Y110.606 E45.80164
G1 X127.046 Y110.673 E45.80398
G1 X127.046 Y110.202 E45.80989
G1 X127.38 Y110.074 E45.81437
G0 F7200 X127.485 Y110.023
G0 X127.485 Y110.107
G0 X127.255 Y110.551
G1 F1500 E39.31437
G0 F7200 X127.227 Y110.491
G0 X127.475 Y113.04
G1 F1500 E45.81437
G0 F7200 X127.38 Y113.074
G1 F1800 X127.485 Y113.023 E45.81584
G1 X127.486 Y113.477 E45.82153
G1 X127.22 Y113.606 E45.82524
G1 X127.046 Y113.673 E45.82758
G1 X127.046 Y113.202 E45.83348
G1 X127.38 Y113.074 E45.83797
G0 F7200 X127.485 Y113.023
G0 X127.485 Y113.107
G0 X127.255 Y113.551
G1 F1500 E39.33797
G0 F7200 X127.227 Y113.491
G0 X124.934 Y113.213
G1 F1500 E45.83797
G0 F7200 X124.62 Y113.074
G1 F1800 X124.954 Y113.202 E45.84245
G1 X124.954 Y113.673 E45.84836
G1 X124.775 Y113.604 E45.85077
G1 X124.515 Y113.478 E45.85439
G1 X124.514 Y113.023 E45.8601
G1 X124.62 Y113.074 E45.86157
G0 F7200 X124.807 Y113.145
G0 X124.826 Y113.183
G1 F1500 E39.36157
G0 F7200 X124.801 Y113.249
G0 X124.524 Y116.039
G1 F1500 E45.86157
G0 F7200 X124.62 Y116.074
G1 F1800 X124.954 Y116.202 E45.86606
G1 X124.954 Y116.673 E45.87196
G1 X124.775 Y116.604 E45.87437
G1 X124.515 Y116.478 E45.87799
G1 X124.514 Y116.023 E45.8837
G1 X124.62 Y116.074 E45.88517
G0 F7200 X124.807 Y116.145
G0 X124.826 Y116.183
G1 F1500 E39.38517
G0 F7200 X124.801 Y116.249
G0 X127.066 Y116.213
G1 F1500 E45.88517
G0 F7200 X127.38 Y116.074
G1 F1800 X127.485 Y116.023 E45.88664
G1 X127.486 Y116.477 E45.89233
G1 X127.22 Y116.606 E45.89604
G1 X127.046 Y116.673 E45.89838
G1 X127.046 Y116.202 E45.90428
G1 X127.38 Y116.074 E45.90877
G0 F7200 X127.485 Y116.023
G0 X127.485 Y116.107
G0 X127.255 Y116.551
G1 F1500 E39.40877
G0 F7200 X127.227 Y116.491
G0 X127.475 Y119.04
G1 F1500 E45.90877
G0 F7200 X127.38 Y119.074
G1 F1800 X127.485 Y119.023 E45.91023
G1 X127.486 Y119.477 E45.91592
G1 X127.22 Y119.606 E45.91963
G1 X127.046 Y119.673 E45.92197
G1 X127.046 Y119.202 E45.92788
G1 X127.38 Y119.074 E45.93236
G0 F7200 X127.485 Y119.023
G0 X127.485 Y119.107
G0 X127.255 Y119.551
G1 F1500 E39.43236
G0 F7200 X127.227 Y119.491
G0 X124.938 Y119.213
G1 F1500 E45.93236
G0 F7200 X124.62 Y119.074
G1 F1800 X124.954 Y119.202 E45.93685
G1 X124.954 Y119.673 E45.94275
G1 X124.775 Y119.604 E45.94516
G1 X124.515 Y119.478 E45.94878
G1 X124.514 Y119.022 E45.9545
G1 X124.62 Y119.074 E45.95598
G0 F7200 X124.807 Y119.145
G0 X124.826 Y119.183
G1 F1500 E39.45598
G0 F7200 X124.801 Y119.249
G0 X125.819 Y119.213
G0 X128.33 Y117.672
G0 X131.65 Y119.199
G1 F1500 E45.95598
G0 F7200 X132.62 Y119.074
G1 F1800 X132.954 Y119.202 E45.96047
G1 X132.954 Y119.673 E45.96637
G1 X132.775 Y119.604 E45.96878
G1 X132.515 Y119.478 E45.9724
G1 X132.514 Y119.022 E45.97812
G1 X132.62 Y119.074 E45.9796
G0 F7200 X132.807 Y119.145
G0 X132.826 Y119.183
G1 F1500 E39.4796
G0 F7200 X132.801 Y119.249
G0 X132.943 Y116.657
G1 F1500 E45.9796
G0 F7200 X132.62 Y116.074
G1 F1800 X132.954 Y116.202 E45.98409
G1 X132.954 Y116.673 E45.98999
G1 X132.775 Y116.604 E45.9924
G1 X132.515 Y116.478 E45.99602
G1 X132.514 Y116.023 E46.00173
G1 X132.62 Y116.074 E46.0032
G0 F7200 X132.807 Y116.145
G0 X132.826 Y116.183
G1 F1500 E39.5032
G0 F7200 X132.801 Y116.249
G0 X132.943 Y113.657
G1 F1500 E46.0032
G0 F7200 X132.62 Y113.074
G1 F1800 X132.954 Y113.202 E46.00769
G1 X132.954 Y113.673 E46.0136
G1 X132.775 Y113.604 E46.016
G1 X132.515 Y113.478 E46.01963
G1 X132.514 Y113.023 E46.02533
G1 X132.62 Y113.074 E46.02681
G0 F7200 X132.807 Y113.145
G0 X132.826 Y113.183
G1 F1500 E39.52681
G0 F7200 X132.801 Y113.249
G0 X132.943 Y110.657
G1 F1500 E46.02681
G0 F7200 X132.62 Y110.074
G1 F1800 X132.954 Y110.202 E46.03129
G1 X132.954 Y110.673 E46.0372
G1 X132.775 Y110.604 E46.0396
G1 X132.515 Y110.478 E46.04323
G1 X132.514 Y110.023 E46.04893
G1 X132.62 Y110.074 E46.05041
G0 F7200 X132.807 Y110.145
G0 X132.826 Y110.183
;MESH:NONMESH
G0 F600 X132.826 Y110.183 Z10.8
G0 F7200 X132.801 Y110.249
G0 X131.65 Y110.04
G0 X128.33 Y108.672
G0 X115.667 Y108.669
G0 X112.35 Y110.039
G0 X111.379 Y110.074
;TIME_ELAPSED:516.770615
;LAYER:53
;TYPE:WALL-OUTER
;MESH:output\B_media_suporte.stl
G1 F1800 X111.695 Y109.92 E46.05482
G1 X111.696 Y110.375 E46.06052
G1 X111.256 Y110.589 E46.06666
G1 X111.256 Y110.121 E46.07253
G1 X111.379 Y110.074 E46.07418
G0 F7200 X111.559 Y109.987
G0 X111.295 Y110.347
G1 F1500 E39.57418
G0 F7200 X111.356 Y110.347
G0 X111.685 Y112.936
G1 F1500 E46.07418
G0 F7200 X111.379 Y113.074
G1 F1800 X111.695 Y112.92 E46.07859
G1 X111.696 Y113.375 E46.08429
G1 X111.256 Y113.589 E46.09043
G1 X111.256 Y113.121 E46.0963
G1 X111.379 Y113.074 E46.09795
G0 F7200 X111.559 Y112.987
G0 X111.295 Y113.347
G1 F1500 E39.59795
G0 F7200 X111.356 Y113.347
G0 X111.685 Y115.936
G1 F1500 E46.09795
G0 F7200 X111.379 Y116.074
G1 F1800 X111.695 Y115.92 E46.10236
G1 X111.696 Y116.375 E46.10806
G1 X111.256 Y116.589 E46.1142
G1 X111.256 Y116.121 E46.12007
G1 X111.379 Y116.074 E46.12172
G0 F7200 X111.559 Y115.987
G0 X111.295 Y116.347
G0 X111.356 Y116.347
G0 X111.685 Y118.936
G0 X111.379 Y119.074
G1 F1800 X111.695 Y118.92 E46.12613
G1 X111.696 Y119.375 E46.13183
G1 X111.256 Y119.589 E46.13797
G1 X111.256 Y119.121 E46.14384
G1 X111.379 Y119.074 E46.14549
G0 F7200 X111.559 Y118.987
G0 X111.295 Y119.347
G1 F1500 E39.64549
G0 F7200 X111.356 Y119.347
G0 X112.56 Y119.174
G0 X115.44 Y119.167
G0 X116.582 Y119.165
G1 F1500 E46.14549
G0 F7200 X116.621 Y119.074
G1 F1800 X116.744 Y119.121 E46.14714
G1 X116.744 Y119.589 E46.15301
G1 X116.305 Y119.376 E46.15658
G1 X116.304 Y118.92 E46.16211
G1 X116.621 Y119.074 E46.16392
G0 F7200 X116.744 Y119.121
G0 X116.744 Y119.19
G0 X116.705 Y119.191
G0 X116.644 Y119.191
G0 X119.276 Y119.165
G0 X119.379 Y119.074
G1 F1800 X119.695 Y118.92 E46.16833
G1 X119.696 Y119.375 E46.17403
G1 X119.256 Y119.589 E46.18017
G1 X119.256 Y119.121 E46.18604
G1 X119.379 Y119.074 E46.18769
G0 F7200 X119.559 Y118.987
G0 X119.295 Y119.347
G1 F1500 E39.68769
G0 F7200 X119.356 Y119.347
G0 X119.266 Y116.573
G1 F1500 E46.18769
G0 F7200 X119.379 Y116.074
G1 F1800 X119.695 Y115.92 E46.1921
G1 X119.695 Y116.376 E46.19781
G1 X119.256 Y116.589 E46.20393
G1 X119.256 Y116.121 E46.2098
G1 X119.379 Y116.074 E46.21145
G0 F7200 X119.559 Y115.987
G0 X119.295 Y116.347
G1 F1500 E39.71145
G0 F7200 X119.356 Y116.347
G0 X116.724 Y116.165
G1 F1500 E46.21145
G0 F7200 X116.62 Y116.074
G1 F1800 X116.744 Y116.121 E46.21312
G1 X116.744 Y116.589 E46.21898
G1 X116.305 Y116.376 E46.22256
G1 X116.304 Y115.92 E46.22808
G1 X116.62 Y116.074 E46.22987
G0 F7200 X116.744 Y116.121
G0 X116.744 Y116.189
G0 X116.705 Y116.19
G0 X116.644 Y116.19
G0 X116.734 Y113.573
G0 X116.62 Y113.074
G1 F1800 X116.744 Y113.121 E46.23153
G1 X116.744 Y113.589 E46.2374
G1 X116.305 Y113.376 E46.24098
G1 X116.304 Y112.92 E46.2465
G1 X116.62 Y113.074 E46.24829
G0 F7200 X116.744 Y113.121
G0 X116.744 Y113.189
G0 X116.705 Y113.19
G1 F1500 E39.74829
G0 F7200 X116.644 Y113.19
G0 X119.276 Y113.165
G1 F1500 E46.24829
G0 F7200 X119.379 Y113.074
G1 F1800 X119.695 Y112.92 E46.2527
G1 X119.695 Y113.376 E46.25842
G1 X119.256 Y113.589 E46.26454
G1 X119.256 Y113.121 E46.27041
G1 X119.379 Y113.074 E46.27206
G0 F7200 X119.559 Y112.987
G0 X119.295 Y113.347
G1 F1500 E39.77206
G0 F7200 X119.356 Y113.347
G0 X119.266 Y110.573
G1 F1500 E46.27206
G0 F7200 X119.379 Y110.074
G1 F1800 X119.695 Y109.92 E46.27646
G1 X119.695 Y110.376 E46.28218
G1 X119.256 Y110.589 E46.2883
G1 X119.256 Y110.121 E46.29417
G1 X119.379 Y110.074 E46.29582
G0 F7200 X119.559 Y109.987
G0 X119.295 Y110.347
G1 F1500 E39.79582
G0 F7200 X119.356 Y110.347
G0 X116.724 Y110.165
G1 F1500 E46.29582
G0 F7200 X116.62 Y110.074
G1 F1800 X116.744 Y110.121 E46.29749
G1 X116.744 Y110.589 E46.30335
G1 X116.305 Y110.376 E46.30693
G1 X116.304 Y109.92 E46.31245
G1 X116.62 Y110.074 E46.31424
G0 F7200 X116.744 Y110.121
G0 X116.744 Y110.189
G0 X116.705 Y110.19
G1 F1500 E39.81424
G0 F7200 X116.644 Y110.19
G0 X118.399 Y109.53
G0 X120.541 Y108.57
G0 X123.44 Y110.15
G0 X124.581 Y110.165
G1 F1500 E46.31424
G0 F7200 X124.62 Y110.074
G1 F1800 X124.744 Y110.121 E46.3159
G1 X124.744 Y110.589 E46.32177
G1 X124.305 Y110.376 E46.32535
G1 X124.304 Y109.92 E46.33087
G1 X124.62 Y110.074 E46.33266
G0 F7200 X124.744 Y110.121
G0 X124.744 Y110.189
G0 X124.705 Y110.19
G1 F1500 E39.83266
G0 F7200 X124.644 Y110.19
G0 X127.276 Y110.165
G1 F1500 E46.33266
G0 F7200 X127.379 Y110.074
G1 F1800 X127.695 Y109.92 E46.33707
G1 X127.696 Y110.375 E46.34277
G1 X127.256 Y110.589 E46.34891
G1 X127.256 Y110.121 E46.35478
G1 X127.379 Y110.074 E46.35643
G0 F7200 X127.559 Y109.987
G0 X127.295 Y110.347
G1 F1500 E39.85643
G0 F7200 X127.356 Y110.347
G0 X127.685 Y112.936
G1 F1500 E46.35643
G0 F7200 X127.379 Y113.074
G1 F1800 X127.695 Y112.92 E46.36084
G1 X127.696 Y113.375 E46.36654
G1 X127.256 Y113.589 E46.37268
G1 X127.256 Y113.121 E46.37855
G1 X127.379 Y113.074 E46.3802
G0 F7200 X127.559 Y112.987
G0 X127.295 Y113.347
G1 F1500 E39.8802
G0 F7200 X127.356 Y113.347
G0 X124.724 Y113.165
G1 F1500 E46.3802
G0 F7200 X124.62 Y113.074
G1 F1800 X124.744 Y113.121 E46.38186
G1 X124.744 Y113.589 E46.38773
G1 X124.305 Y113.376 E46.39131
G1 X124.304 Y112.92 E46.39683
G1 X124.62 Y113.074 E46.39862
G0 F7200 X124.744 Y113.121
G0 X124.744 Y113.189
G0 X124.705 Y113.19
G1 F1500 E39.89862
G0 F7200 X124.644 Y113.19
G0 X124.314 Y115.936
G1 F1500 E46.39862
G0 F7200 X124.62 Y116.074
G1 F1800 X124.744 Y116.121 E46.40028
G1 X124.744 Y116.589 E46.40615
G1 X124.305 Y116.376 E46.40973
G1 X124.304 Y115.92 E46.41525
G1 X124.62 Y116.074 E46.41704
G0 F7200 X124.744 Y116.121
G0 X124.744 Y116.189
G0 X124.705 Y116.19
G1 F1500 E39.91704
G0 F7200 X124.644 Y116.19
G0 X127.276 Y116.165
G1 F1500 E46.41704
G0 F7200 X127.379 Y116.074
G1 F1800 X127.695 Y115.92 E46.42145
G1 X127.696 Y116.375 E46.42715
G1 X127.256 Y116.589 E46.43329
G1 X127.256 Y116.121 E46.43916
G1 X127.379 Y116.074 E46.44081
G0 F7200 X127.559 Y115.987
G0 X127.295 Y116.347
G1 F1500 E39.94081
G0 F7200 X127.356 Y116.347
G0 X127.685 Y118.936
G1 F1500 E46.44081
G0 F7200 X127.379 Y119.074
G1 F1800 X127.695 Y118.92 E46.44522
G1 X127.696 Y119.375 E46.45092
G1 X127.256 Y119.589 E46.45706
G1 X127.256 Y119.121 E46.46293
G1 X127.379 Y119.074 E46.46458
G0 F7200 X127.559 Y118.987
G0 X127.295 Y119.347
G1 F1500 E39.96458
G0 F7200 X127.356 Y119.347
G0 X124.724 Y119.165
G1 F1500 E46.46458
G0 F7200 X124.621 Y119.074
G1 F1800 X124.744 Y119.121 E46.46623
G1 X124.744 Y119.589 E46.4721
G1 X124.305 Y119.376 E46.47567
G1 X124.304 Y118.92 E46.4812
G1 X124.621 Y119.074 E46.48301
G0 F7200 X124.744 Y119.121
G0 X124.744 Y119.19
G0 X124.705 Y119.191
G1 F1500 E39.98301
G0 F7200 X124.644 Y119.191
G0 X126.399 Y118.53
G0 X128.54 Y117.57
G0 X131.44 Y119.151
G0 X132.582 Y119.165
G1 F1500 E46.48301
G0 F7200 X132.621 Y119.074
G1 F1800 X132.744 Y119.121 E46.48466
G1 X132.744 Y119.589 E46.49053
G1 X132.305 Y119.376 E46.4941
G1 X132.304 Y118.92 E46.49963
G1 X132.621 Y119.074 E46.50144
G0 F7200 X132.744 Y119.121
G0 X132.744 Y119.19
G0 X132.705 Y119.191
G1 F1500 E40.00144
G0 F7200 X132.644 Y119.191
G0 X132.734 Y116.573
G1 F1500 E46.50144
G0 F7200 X132.62 Y116.074
G1 F1800 X132.744 Y116.121 E46.5031
G1 X132.744 Y116.589 E46.50897
G1 X132.305 Y116.376 E46.51254
G1 X132.304 Y115.92 E46.51806
G1 X132.62 Y116.074 E46.51985
G0 F7200 X132.744 Y116.121
G0 X132.744 Y116.189
G0 X132.705 Y116.19
G1 F1500 E40.01985
G0 F7200 X132.644 Y116.19
G0 X132.734 Y113.573
G1 F1500 E46.51985
G0 F7200 X132.62 Y113.074
G1 F1800 X132.744 Y113.121 E46.52152
G1 X132.744 Y113.589 E46.52739
G1 X132.305 Y113.376 E46.53096
G1 X132.304 Y112.92 E46.53648
G1 X132.62 Y113.074 E46.53827
G0 F7200 X132.744 Y113.121
G0 X132.744 Y113.189
G0 X132.705 Y113.19
G1 F1500 E40.03827
G0 F7200 X132.644 Y113.19
G0 X132.734 Y110.573
G1 F1500 E46.53827
G0 F7200 X132.62 Y110.074
G1 F1800 X132.744 Y110.121 E46.53994
G1 X132.744 Y110.589 E46.54581
G1 X132.305 Y110.376 E46.54938
G1 X132.304 Y109.92 E46.5549
G1 X132.62 Y110.074 E46.55669
G0 F7200 X132.744 Y110.121
G0 X132.744 Y110.189
G0 X132.705 Y110.19
G1 F1500 E40.05669
;MESH:NONMESH
G0 F600 X132.705 Y110.19 Z11
G0 F7200 X132.644 Y110.19
G0 X131.44 Y110.229
G0 X126.409 Y111.822
G0 X120.553 Y110.913
G0 X119.563 Y111.4
G0 X118.409 Y111.822
G0 X112.56 Y110.364
G1 F1500 E46.55669
G0 F7200 X111.906 Y110.273
;TIME_ELAPSED:531.927876
;LAYER:54
;TYPE:WALL-OUTER
;MESH:output\B_media_suporte.stl
G1 F1800 X111.466 Y110.487 E46.56283
G1 X111.466 Y110.032 E46.56853
G1 X111.905 Y109.818 E46.57466
G1 X111.906 Y110.273 E46.58036
G0 F7200 X111.727 Y110.36
G0 X111.723 Y110.351
G0 X111.686 Y110.27
G0 X111.895 Y112.834
G0 X111.906 Y113.273
G1 F1800 X111.466 Y113.487 E46.5865
G1 X111.466 Y113.032 E46.59221
G1 X111.905 Y112.818 E46.59833
G1 X111.906 Y113.273 E46.60404
G0 F7200 X111.727 Y113.36
G0 X111.723 Y113.351
G0 X111.686 Y113.27
G0 X111.895 Y115.834
G0 X111.906 Y116.273
G1 F1800 X111.466 Y116.487 E46.61017
G1 X111.466 Y116.032 E46.61588
G1 X111.905 Y115.818 E46.622
G1 X111.906 Y116.273 E46.62771
G0 F7200 X111.727 Y116.36
G0 X111.723 Y116.351
G0 X111.686 Y116.27
G0 X111.895 Y118.834
G0 X111.906 Y119.273
G1 F1800 X111.466 Y119.487 E46.63384
G1 X111.466 Y119.032 E46.63955
G1 X111.905 Y118.818 E46.64567
G1 X111.906 Y119.273 E46.65138
G0 F7200 X111.727 Y119.36
G0 X111.723 Y119.351
G0 X111.686 Y119.27
G0 X112.77 Y119.092
G0 X115.23 Y119.087
G0 X116.434 Y119.084
G0 X116.534 Y119.031
G1 F1800 X116.534 Y119.487 E46.6571
G1 X116.095 Y119.274 E46.66322
G1 X116.094 Y118.818 E46.66894
G1 X116.534 Y119.031 E46.67507
G0 F7200 X116.534 Y119.231
G0 X116.495 Y119.232
G0 X116.434 Y119.232
G0 X116.524 Y116.471
G0 X116.534 Y116.031
G1 F1800 X116.534 Y116.487 E46.68078
G1 X116.095 Y116.274 E46.6869
G1 X116.094 Y115.817 E46.69263
G1 X116.534 Y116.031 E46.69877
G0 F7200 X116.534 Y116.231
G0 X116.495 Y116.232
G0 X116.434 Y116.232
G0 X116.524 Y113.471
G0 X116.534 Y113.032
G1 F1800 X116.534 Y113.487 E46.70448
G1 X116.095 Y113.274 E46.7106
G1 X116.094 Y112.818 E46.71631
G1 X116.534 Y113.032 E46.72245
G0 F7200 X116.534 Y113.232
G0 X116.495 Y113.233
G0 X116.434 Y113.233
G0 X116.524 Y110.471
G0 X116.534 Y110.032
G1 F1800 X116.534 Y110.487 E46.72816
G1 X116.095 Y110.274 E46.73427
G1 X116.094 Y109.818 E46.73999
G1 X116.534 Y110.032 E46.74613
G0 F7200 X116.534 Y110.232
G0 X116.495 Y110.233
G0 X116.434 Y110.233
G0 X118.601 Y110.206
G0 X119.815 Y110.206
G0 X119.905 Y110.274
G1 F1800 X119.466 Y110.487 E46.75225
G1 X119.466 Y110.032 E46.75795
G1 X119.905 Y109.819 E46.76407
G1 X119.905 Y110.274 E46.76978
G0 F7200 X119.725 Y110.361
G0 X119.721 Y110.353
G0 X119.684 Y110.27
G0 X119.895 Y112.835
G0 X119.905 Y113.274
G1 F1800 X119.466 Y113.487 E46.7759
G1 X119.466 Y113.032 E46.7816
G1 X119.905 Y112.819 E46.78772
G1 X119.905 Y113.274 E46.79343
G0 F7200 X119.725 Y113.361
G0 X119.721 Y113.353
G0 X119.684 Y113.27
G0 X119.895 Y115.835
G0 X119.905 Y116.274
G1 F1800 X119.466 Y116.487 E46.79955
G1 X119.466 Y116.032 E46.80525
G1 X119.905 Y115.819 E46.81137
G1 X119.905 Y116.274 E46.81708
G0 F7200 X119.725 Y116.361
G0 X119.721 Y116.353
G0 X119.684 Y116.27
G0 X119.895 Y118.834
G0 X119.906 Y119.273
G1 F1800 X119.466 Y119.487 E46.82321
G1 X119.466 Y119.032 E46.82892
G1 X119.905 Y118.818 E46.83504
G1 X119.906 Y119.273 E46.84075
G0 F7200 X119.727 Y119.36
G0 X119.723 Y119.351
G0 X119.686 Y119.27
G0 X120.77 Y119.092
G0 X123.23 Y119.087
G0 X124.434 Y119.084
G0 X124.534 Y119.031
G1 F1800 X124.534 Y119.487 E46.84647
G1 X124.095 Y119.274 E46.85259
G1 X124.094 Y118.818 E46.85831
G1 X124.534 Y119.031 E46.86444
G0 F7200 X124.534 Y119.231
G0 X124.495 Y119.232
G0 X124.434 Y119.232
G0 X124.524 Y116.471
G0 X124.534 Y116.031
G1 F1800 X124.534 Y116.487 E46.87015
G1 X124.095 Y116.274 E46.87627
G1 X124.094 Y115.817 E46.882
G1 X124.534 Y116.031 E46.88814
G0 F7200 X124.534 Y116.231
G0 X124.495 Y116.232
G0 X124.434 Y116.232
G0 X124.524 Y113.471
G0 X124.534 Y113.032
G1 F1800 X124.534 Y113.487 E46.89385
G1 X124.095 Y113.274 E46.89997
G1 X124.094 Y112.818 E46.90568
G1 X124.534 Y113.032 E46.91182
G0 F7200 X124.534 Y113.232
G0 X124.495 Y113.233
G0 X124.434 Y113.233
G0 X124.524 Y110.471
G0 X124.534 Y110.032
G1 F1800 X124.534 Y110.487 E46.91753
G1 X124.095 Y110.274 E46.92364
G1 X124.094 Y109.818 E46.92936
G1 X124.534 Y110.032 E46.9355
G0 F7200 X124.534 Y110.232
G0 X124.495 Y110.233
G0 X124.434 Y110.233
G0 X126.601 Y110.22
G0 X127.805 Y110.22
G0 X127.906 Y110.273
G1 F1800 X127.466 Y110.487 E46.94163
G1 X127.466 Y110.032 E46.94734
G1 X127.905 Y109.818 E46.95346
G1 X127.906 Y110.273 E46.95917
G0 F7200 X127.727 Y110.36
G0 X127.723 Y110.351
G0 X127.686 Y110.27
G0 X127.895 Y112.834
G0 X127.906 Y113.273
G1 F1800 X127.466 Y113.487 E46.96531
G1 X127.466 Y113.032 E46.97101
G1 X127.905 Y112.818 E46.97714
G1 X127.906 Y113.273 E46.98284
G0 F7200 X127.727 Y113.36
G0 X127.723 Y113.351
G0 X127.686 Y113.27
G0 X127.895 Y115.834
G0 X127.906 Y116.273
G1 F1800 X127.466 Y116.487 E46.98898
G1 X127.466 Y116.032 E46.99468
G1 X127.905 Y115.818 E47.00081
G1 X127.906 Y116.273 E47.00651
G0 F7200 X127.727 Y116.36
G0 X127.723 Y116.351
G0 X127.686 Y116.27
G0 X127.895 Y118.834
G0 X127.906 Y119.273
G1 F1800 X127.466 Y119.487 E47.01265
G1 X127.466 Y119.032 E47.01836
G1 X127.905 Y118.818 E47.02448
G1 X127.906 Y119.273 E47.03019
G0 F7200 X127.727 Y119.36
G0 X127.723 Y119.351
G0 X127.686 Y119.27
G0 X128.77 Y119.092
G0 X131.23 Y119.087
G0 X132.434 Y119.084
G0 X132.534 Y119.031
G1 F1800 X132.534 Y119.487 E47.0359
G1 X132.095 Y119.274 E47.04202
G1 X132.094 Y118.818 E47.04774
G1 X132.534 Y119.031 E47.05387
G0 F7200 X132.534 Y119.231
G0 X132.495 Y119.232
G0 X132.434 Y119.232
G0 X132.524 Y116.471
G0 X132.534 Y116.031
G1 F1800 X132.534 Y116.487 E47.05959
G1 X132.095 Y116.274 E47.06571
G1 X132.094 Y115.817 E47.07144
G1 X132.534 Y116.031 E47.07758
G0 F7200 X132.534 Y116.231
G0 X132.495 Y116.232
G0 X132.434 Y116.232
G0 X132.524 Y113.471
G0 X132.534 Y113.032
G1 F1800 X132.534 Y113.487 E47.08328
G1 X132.095 Y113.274 E47.0894
G1 X132.094 Y112.818 E47.09512
G1 X132.534 Y113.032 E47.10126
G0 F7200 X132.534 Y113.232
G0 X132.495 Y113.233
G0 X132.434 Y113.233
G0 X132.524 Y110.471
G0 X132.534 Y110.032
G1 F1800 X132.534 Y110.487 E47.10696
G1 X132.095 Y110.274 E47.11308
G1 X132.094 Y109.818 E47.1188
G1 X132.534 Y110.032 E47.12493
G0 F7200 X132.534 Y110.232
G0 X132.495 Y110.233
;MESH:NONMESH
G0 F600 X132.495 Y110.233 Z11.2
G0 F7200 X132.434 Y110.233
G0 X131.23 Y110.128
G0 X126.619 Y111.743
G0 X125.381 Y111.743
G0 X120.763 Y110.811
G0 X119.564 Y111.4
G0 X118.619 Y111.743
G0 X117.381 Y111.743
G0 X112.77 Y110.262
G0 X112.116 Y110.171
;TIME_ELAPSED:535.536537
;LAYER:55
;TYPE:WALL-OUTER
;MESH:output\B_media_suporte.stl
G1 F1800 X111.675 Y110.385 E47.13108
G1 X111.675 Y109.93 E47.13679
G1 X112.116 Y109.716 E47.14293
G1 X112.116 Y110.171 E47.14864
G0 F7200 X111.936 Y110.258
G0 X111.932 Y110.25
G0 X111.895 Y110.167
G0 X112.106 Y112.731
G0 X112.116 Y113.171
G1 F1800 X111.675 Y113.385 E47.15479
G1 X111.676 Y112.929 E47.16051
G1 X112.116 Y112.715 E47.16664
G1 X112.116 Y113.171 E47.17236
G0 F7200 X111.936 Y113.258
G0 X111.933 Y113.248
G0 X111.895 Y113.167
G0 X112.106 Y115.731
G0 X112.116 Y116.171
G1 F1800 X111.675 Y116.385 E47.17851
G1 X111.676 Y115.929 E47.18423
G1 X112.116 Y115.715 E47.19036
G1 X112.116 Y116.171 E47.19608
G0 F7200 X111.936 Y116.258
G0 X111.933 Y116.248
G0 X111.895 Y116.167
G0 X112.106 Y118.732
G0 X112.116 Y119.171
G1 F1800 X111.675 Y119.385 E47.20223
G1 X111.675 Y118.93 E47.20793
G1 X112.116 Y118.716 E47.21408
G1 X112.116 Y119.171 E47.21979
G0 F7200 X111.936 Y119.258
G0 X111.932 Y119.25
G0 X111.895 Y119.167
G0 X112.981 Y118.982
G0 X115.019 Y118.992
G0 X116.224 Y118.982
G0 X116.324 Y118.929
G1 F1800 X116.324 Y119.385 E47.2255
G1 X115.884 Y119.171 E47.23164
G1 X115.885 Y118.716 E47.23735
G1 X116.324 Y118.929 E47.24346
G0 F7200 X116.324 Y119.129
G0 X116.284 Y119.129
G0 X116.224 Y119.129
G0 X116.315 Y116.369
G0 X116.324 Y115.929
G1 F1800 X116.325 Y116.385 E47.24918
G1 X115.885 Y116.172 E47.25531
G1 X115.884 Y115.716 E47.26103
G1 X116.324 Y115.929 E47.26716
G0 F7200 X116.324 Y116.129
G0 X116.285 Y116.129
G0 X116.224 Y116.128
G0 X116.315 Y113.369
G0 X116.324 Y112.929
G1 F1800 X116.325 Y113.385 E47.27288
G1 X115.885 Y113.172 E47.27901
G1 X115.884 Y112.716 E47.28473
G1 X116.324 Y112.929 E47.29086
G0 F7200 X116.324 Y113.129
G0 X116.285 Y113.129
G0 X116.224 Y113.128
G0 X116.315 Y110.369
G0 X116.324 Y109.929
G1 F1800 X116.325 Y110.385 E47.29658
G1 X115.885 Y110.172 E47.30271
G1 X115.884 Y109.716 E47.30843
G1 X116.324 Y109.929 E47.31456
G0 F7200 X116.324 Y110.129
G0 X116.285 Y110.129
G0 X116.224 Y110.128
G0 X118.81 Y110.121
G0 X120.025 Y110.104
G0 X120.115 Y110.172
G1 F1800 X119.675 Y110.385 E47.32069
G1 X119.676 Y109.929 E47.32641
G1 X120.116 Y109.716 E47.33254
G1 X120.115 Y110.172 E47.33825
G0 F7200 X119.935 Y110.259
G0 X119.931 Y110.25
G0 X119.893 Y110.168
G0 X120.106 Y112.732
G0 X120.115 Y113.172
G1 F1800 X119.675 Y113.385 E47.34438
G1 X119.676 Y112.929 E47.3501
G1 X120.116 Y112.716 E47.35623
G1 X120.115 Y113.172 E47.36195
G0 F7200 X119.935 Y113.259
G0 X119.931 Y113.25
G0 X119.893 Y113.168
G0 X120.106 Y115.732
G0 X120.115 Y116.172
G1 F1800 X119.675 Y116.385 E47.36808
G1 X119.676 Y115.929 E47.3738
G1 X120.116 Y115.716 E47.37993
G1 X120.115 Y116.172 E47.38565
G0 F7200 X119.935 Y116.259
G0 X119.931 Y116.25
G0 X119.893 Y116.168
G0 X120.106 Y118.732
G0 X120.116 Y119.171
G1 F1800 X119.676 Y119.385 E47.39179
G1 X119.675 Y118.93 E47.39749
G1 X120.116 Y118.716 E47.40364
G1 X120.116 Y119.171 E47.40934
G0 F7200 X119.937 Y119.258
G0 X119.932 Y119.25
G0 X119.895 Y119.168
G0 X120.981 Y118.982
G0 X123.019 Y118.992
G0 X124.224 Y118.982
G0 X124.324 Y118.929
G1 F1800 X124.324 Y119.385 E47.41506
G1 X123.884 Y119.171 E47.4212
G1 X123.885 Y118.716 E47.4269
G1 X124.324 Y118.929 E47.43302
G0 F7200 X124.324 Y119.129
G0 X124.284 Y119.129
G0 X124.224 Y119.129
G0 X124.315 Y116.369
G0 X124.324 Y115.929
G1 F1800 X124.325 Y116.385 E47.43874
G1 X123.885 Y116.172 E47.44487
G1 X123.884 Y115.716 E47.45059
G1 X124.324 Y115.929 E47.45672
G0 F7200 X124.324 Y116.129
G0 X124.285 Y116.129
G0 X124.224 Y116.128
G0 X124.315 Y113.369
G0 X124.324 Y112.929
G1 F1800 X124.325 Y113.385 E47.46244
G1 X123.885 Y113.172 E47.46857
G1 X123.884 Y112.716 E47.47429
G1 X124.324 Y112.929 E47.48042
G0 F7200 X124.324 Y113.129
G0 X124.285 Y113.129
G0 X124.224 Y113.128
G0 X124.315 Y110.369
G0 X124.324 Y109.929
G1 F1800 X124.325 Y110.385 E47.48614
G1 X123.885 Y110.172 E47.49227
G1 X123.884 Y109.716 E47.49799
G1 X124.324 Y109.929 E47.50412
G0 F7200 X124.324 Y110.129
G0 X124.285 Y110.129
G0 X124.224 Y110.128
G0 X126.81 Y110.111
G0 X128.026 Y110.103
G0 X128.116 Y110.171
G1 F1800 X127.675 Y110.385 E47.51026
G1 X127.675 Y109.93 E47.51597
G1 X128.116 Y109.716 E47.52212
G1 X128.116 Y110.171 E47.52782
G0 F7200 X127.936 Y110.258
G0 X127.932 Y110.25
G0 X127.895 Y110.167
G0 X128.106 Y112.731
G0 X128.116 Y113.171
G1 F1800 X127.675 Y113.385 E47.53397
G1 X127.676 Y112.929 E47.53969
G1 X128.116 Y112.715 E47.54582
G1 X128.116 Y113.171 E47.55154
G0 F7200 X127.936 Y113.258
G0 X127.933 Y113.248
G0 X127.895 Y113.167
G0 X128.106 Y115.731
G0 X128.116 Y116.171
G1 F1800 X127.675 Y116.385 E47.55769
G1 X127.676 Y115.929 E47.56341
G1 X128.116 Y115.715 E47.56954
G1 X128.116 Y116.171 E47.57526
G0 F7200 X127.936 Y116.258
G0 X127.933 Y116.248
G0 X127.895 Y116.167
G0 X128.106 Y118.732
G0 X128.116 Y119.171
G1 F1800 X127.675 Y119.385 E47.58141
G1 X127.675 Y118.93 E47.58711
G1 X128.116 Y118.716 E47.59326
G1 X128.116 Y119.171 E47.59897
G0 F7200 X127.936 Y119.258
G0 X127.932 Y119.25
G0 X127.895 Y119.167
G0 X128.981 Y118.982
G0 X131.019 Y118.992
G0 X132.224 Y118.982
G0 X132.324 Y118.929
G1 F1800 X132.324 Y119.385 E47.60468
G1 X131.884 Y119.171 E47.61082
G1 X131.885 Y118.716 E47.61653
G1 X132.324 Y118.929 E47.62265
G0 F7200 X132.324 Y119.129
G0 X132.284 Y119.129
G0 X132.224 Y119.129
G0 X132.315 Y116.369
G0 X132.324 Y115.929
G1 F1800 X132.325 Y116.385 E47.62836
G1 X131.885 Y116.172 E47.63449
G1 X131.884 Y115.716 E47.64021
G1 X132.324 Y115.929 E47.64634
G0 F7200 X132.324 Y116.129
G0 X132.285 Y116.129
G0 X132.224 Y116.128
G0 X132.315 Y113.369
G0 X132.324 Y112.929
G1 F1800 X132.325 Y113.385 E47.65206
G1 X131.885 Y113.172 E47.65819
G1 X131.884 Y112.716 E47.66391
G1 X132.324 Y112.929 E47.67004
G0 F7200 X132.324 Y113.129
G0 X132.285 Y113.129
G0 X132.224 Y113.128
G0 X132.315 Y110.369
G0 X132.324 Y109.929
G1 F1800 X132.325 Y110.385 E47.67576
G1 X131.885 Y110.172 E47.68189
G1 X131.884 Y109.716 E47.68761
G1 X132.324 Y109.929 E47.69374
G0 F7200 X132.324 Y110.129
G0 X132.285 Y110.129
;MESH:NONMESH
G0 F600 X132.285 Y110.129 Z11.4
G0 F7200 X132.224 Y110.128
G0 X131.02 Y110.027
G0 X128.962 Y108.364
G0 X115.037 Y108.364
G0 X112.981 Y110.026
G0 X112.325 Y110.069
;TIME_ELAPSED:539.151195
;LAYER:56
;TYPE:WALL-OUTER
;MESH:output\B_media_suporte.stl
G1 F1800 X111.885 Y110.283 E47.69987
G1 X111.885 Y109.828 E47.70558
G1 X112.325 Y109.614 E47.71172
G1 X112.325 Y110.069 E47.71742
G0 F7200 X112.146 Y110.156
G0 X112.142 Y110.147
G0 X112.105 Y110.066
G0 X112.315 Y112.63
G0 X112.325 Y113.069
G1 F1800 X111.885 Y113.283 E47.72356
G1 X111.886 Y112.827 E47.72928
G1 X112.325 Y112.614 E47.73539
G1 X112.325 Y113.069 E47.7411
G0 F7200 X112.146 Y113.156
G0 X112.141 Y113.148
G0 X112.104 Y113.066
G0 X112.315 Y115.63
G0 X112.325 Y116.069
G1 F1800 X111.885 Y116.283 E47.74724
G1 X111.886 Y115.827 E47.75295
G1 X112.325 Y115.614 E47.75907
G1 X112.325 Y116.069 E47.76478
G0 F7200 X112.146 Y116.156
G0 X112.141 Y116.148
G0 X112.104 Y116.066
G0 X112.315 Y118.63
G0 X112.325 Y119.069
G1 F1800 X111.885 Y119.283 E47.77091
G1 X111.885 Y118.828 E47.77662
G1 X112.325 Y118.614 E47.78276
G1 X112.325 Y119.069 E47.78846
G0 F7200 X112.146 Y119.156
G0 X112.142 Y119.147
G0 X112.105 Y119.066
G0 X113.19 Y118.88
G0 X114.81 Y118.889
G0 X116.014 Y118.88
G0 X116.114 Y118.827
G1 F1800 X116.114 Y119.282 E47.79417
G1 X115.675 Y119.069 E47.80029
G1 X115.676 Y118.614 E47.80599
G1 X116.114 Y118.827 E47.8121
G0 F7200 X116.114 Y119.027
G0 X116.075 Y119.027
G1 F1500 E41.3121
G0 F7200 X116.014 Y119.027
G0 X116.105 Y116.267
G1 F1500 E47.8121
G0 F7200 X116.114 Y115.827
G1 F1800 X116.115 Y116.283 E47.81782
G1 X115.676 Y116.07 E47.82394
G1 X115.675 Y115.614 E47.82966
G1 X116.114 Y115.827 E47.83578
G0 F7200 X116.114 Y116.027
G0 X116.076 Y116.027
G0 X116.014 Y116.026
G0 X116.105 Y113.267
G0 X116.114 Y112.827
G1 F1800 X116.115 Y113.283 E47.84149
G1 X115.676 Y113.07 E47.84761
G1 X115.675 Y112.614 E47.85333
G1 X116.114 Y112.827 E47.85945
G0 F7200 X116.114 Y113.027
G0 X116.076 Y113.027
G1 F1500 E41.35945
G0 F7200 X116.014 Y113.026
G0 X116.105 Y110.267
G1 F1500 E47.85945
G0 F7200 X116.114 Y109.827
G1 F1800 X116.115 Y110.283 E47.86517
G1 X115.676 Y110.07 E47.87129
G1 X115.675 Y109.614 E47.87701
G1 X116.114 Y109.827 E47.88313
G0 F7200 X116.114 Y110.027
G0 X116.076 Y110.027
G0 X116.014 Y110.026
G0 X119.02 Y110.021
G0 X120.234 Y110.002
G0 X120.324 Y110.07
G1 F1800 X119.885 Y110.283 E47.88924
G1 X119.886 Y109.827 E47.89496
G1 X120.325 Y109.614 E47.90108
G1 X120.324 Y110.07 E47.9068
G0 F7200 X120.144 Y110.157
G0 X120.14 Y110.148
G1 F1500 E41.4068
G0 F7200 X120.103 Y110.066
G0 X120.315 Y112.63
G1 F1500 E47.9068
G0 F7200 X120.324 Y113.07
G1 F1800 X119.885 Y113.283 E47.91292
G1 X119.886 Y112.827 E47.91864
G1 X120.325 Y112.614 E47.92476
G1 X120.324 Y113.07 E47.93048
G0 F7200 X120.144 Y113.157
G0 X120.14 Y113.148
G0 X120.103 Y113.066
G0 X120.315 Y115.63
G0 X120.324 Y116.07
G1 F1800 X119.885 Y116.283 E47.93659
G1 X119.886 Y115.827 E47.94231
G1 X120.325 Y115.614 E47.94843
G1 X120.324 Y116.07 E47.95415
G0 F7200 X120.144 Y116.157
G0 X120.14 Y116.148
G0 X120.103 Y116.066
G0 X120.315 Y118.63
G0 X120.325 Y119.069
G1 F1800 X119.886 Y119.283 E47.96027
G1 X119.885 Y118.828 E47.96598
G1 X120.325 Y118.614 E47.97212
G1 X120.325 Y119.069 E47.97782
G0 F7200 X120.146 Y119.156
G0 X120.142 Y119.147
G0 X120.105 Y119.066
G0 X121.19 Y118.88
G0 X122.81 Y118.889
G0 X124.014 Y118.88
G0 X124.114 Y118.827
G1 F1800 X124.114 Y119.282 E47.98353
G1 X123.675 Y119.069 E47.98965
G1 X123.676 Y118.614 E47.99535
G1 X124.114 Y118.827 E48.00146
G0 F7200 X124.114 Y119.027
G0 X124.075 Y119.027
G1 F1500 E41.50146
G0 F7200 X124.014 Y119.027
G0 X124.105 Y116.267
G1 F1500 E48.00146
G0 F7200 X124.114 Y115.827
G1 F1800 X124.115 Y116.283 E48.00718
G1 X123.676 Y116.07 E48.0133
G1 X123.675 Y115.614 E48.01902
G1 X124.114 Y115.827 E48.02514
G0 F7200 X124.114 Y116.027
G0 X124.076 Y116.027
G0 X124.014 Y116.026
G0 X124.105 Y113.267
G0 X124.114 Y112.827
G1 F1800 X124.115 Y113.283 E48.03085
G1 X123.676 Y113.07 E48.03697
G1 X123.675 Y112.614 E48.04269
G1 X124.114 Y112.827 E48.04881
G0 F7200 X124.114 Y113.027
G0 X124.076 Y113.027
G1 F1500 E41.54881
G0 F7200 X124.014 Y113.026
G0 X124.105 Y110.267
G1 F1500 E48.04881
G0 F7200 X124.114 Y109.827
G1 F1800 X124.115 Y110.283 E48.05453
G1 X123.676 Y110.07 E48.06065
G1 X123.675 Y109.614 E48.06637
G1 X124.114 Y109.827 E48.07249
G0 F7200 X124.114 Y110.027
G0 X124.076 Y110.027
G0 X124.014 Y110.026
G0 X127.02 Y110.011
G0 X128.235 Y110.002
G0 X128.325 Y110.069
G1 F1800 X127.885 Y110.283 E48.07862
G1 X127.885 Y109.828 E48.08433
G1 X128.325 Y109.614 E48.09046
G1 X128.325 Y110.069 E48.09617
G0 F7200 X128.146 Y110.156
G0 X128.142 Y110.147
G1 F1500 E41.59617
G0 F7200 X128.105 Y110.066
G0 X128.315 Y112.63
G1 F1500 E48.09617
G0 F7200 X128.325 Y113.069
G1 F1800 X127.885 Y113.283 E48.1023
G1 X127.886 Y112.827 E48.10802
G1 X128.325 Y112.614 E48.11414
G1 X128.325 Y113.069 E48.11985
G0 F7200 X128.146 Y113.156
G0 X128.141 Y113.148
G1 F1500 E41.61985
G0 F7200 X128.104 Y113.066
G0 X128.315 Y115.63
G1 F1500 E48.11985
G0 F7200 X128.325 Y116.069
G1 F1800 X127.885 Y116.283 E48.12598
G1 X127.886 Y115.827 E48.1317
G1 X128.325 Y115.614 E48.13782
G1 X128.325 Y116.069 E48.14353
G0 F7200 X128.146 Y116.156
G0 X128.141 Y116.148
G1 F1500 E41.64353
G0 F7200 X128.104 Y116.066
G0 X128.315 Y118.63
G1 F1500 E48.14353
G0 F7200 X128.325 Y119.069
G1 F1800 X127.885 Y119.283 E48.14966
G1 X127.885 Y118.828 E48.15537
G1 X128.325 Y118.614 E48.1615
G1 X128.325 Y119.069 E48.16721
G0 F7200 X128.146 Y119.156
G0 X128.142 Y119.147
G0 X128.105 Y119.066
G0 X129.19 Y118.88
G0 X130.81 Y118.889
G0 X132.014 Y118.88
G0 X132.114 Y118.827
G1 F1800 X132.114 Y119.282 E48.17292
G1 X131.675 Y119.069 E48.17903
G1 X131.676 Y118.614 E48.18474
G1 X132.114 Y118.827 E48.19085
G0 F7200 X132.114 Y119.027
G0 X132.075 Y119.027
G0 X132.014 Y119.027
G0 X132.105 Y116.267
G0 X132.114 Y115.827
G1 F1800 X132.115 Y116.283 E48.19657
G1 X131.676 Y116.07 E48.20269
G1 X131.675 Y115.614 E48.2084
G1 X132.114 Y115.827 E48.21452
G0 F7200 X132.114 Y116.027
G0 X132.076 Y116.027
G1 F1500 E41.71452
G0 F7200 X132.014 Y116.026
G0 X132.105 Y113.267
G1 F1500 E48.21452
G0 F7200 X132.114 Y112.827
G1 F1800 X132.115 Y113.283 E48.22024
G1 X131.676 Y113.07 E48.22636
G1 X131.675 Y112.614 E48.23208
G1 X132.114 Y112.827 E48.2382
G0 F7200 X132.114 Y113.027
G0 X132.076 Y113.027
G0 X132.014 Y113.026
G0 X132.105 Y110.267
G0 X132.114 Y109.827
G1 F1800 X132.115 Y110.283 E48.24392
G1 X131.676 Y110.07 E48.25004
G1 X131.675 Y109.614 E48.25575
G1 X132.114 Y109.827 E48.26187
G0 F7200 X132.114 Y110.027
G0 X132.076 Y110.027
;MESH:NONMESH
G0 F600 X132.076 Y110.027 Z11.6
G0 F7200 X132.014 Y110.026
G0 X130.811 Y109.927
G0 X129.171 Y108.262
G0 X114.828 Y108.262
G0 X113.19 Y109.926
G0 X112.534 Y109.968
;TIME_ELAPSED:547.605311
;LAYER:57
;TYPE:WALL-OUTER
;MESH:output\B_media_suporte.stl
G1 F1800 X112.096 Y110.181 E48.26798
G1 X112.095 Y109.726 E48.27369
G1 X112.534 Y109.513 E48.27981
G1 X112.534 Y109.968 E48.28551
G0 F7200 X112.355 Y110.055
G0 X112.351 Y110.047
G1 F1500 E41.78551
G0 F7200 X112.313 Y109.965
G0 X112.524 Y112.529
G1 F1500 E48.28551
G0 F7200 X112.535 Y112.968
G1 F1800 X112.096 Y113.181 E48.29163
G1 X112.096 Y112.725 E48.29735
G1 X112.534 Y112.513 E48.30345
G1 X112.535 Y112.968 E48.30916
G0 F7200 X112.355 Y113.055
G0 X112.351 Y113.046
G0 X112.314 Y112.964
G0 X112.524 Y115.529
G0 X112.534 Y115.968
G1 F1800 X112.096 Y116.181 E48.31526
G1 X112.096 Y115.725 E48.32098
G1 X112.534 Y115.513 E48.32709
G1 X112.534 Y115.968 E48.33279
G0 F7200 X112.355 Y116.055
G0 X112.351 Y116.046
G1 F1500 E41.83279
G0 F7200 X112.314 Y115.965
G0 X112.524 Y118.529
G1 F1500 E48.33279
G0 F7200 X112.535 Y118.968
G1 F1800 X112.096 Y119.181 E48.33891
G1 X112.095 Y118.726 E48.34462
G1 X112.534 Y118.513 E48.35074
G1 X112.535 Y118.968 E48.35644
G0 F7200 X112.355 Y119.055
G0 X112.351 Y119.046
G0 X112.314 Y118.964
G0 X113.399 Y118.784
G0 X114.601 Y118.78
G0 X115.804 Y118.778
G0 X115.904 Y118.725
G1 F1800 X115.904 Y119.181 E48.36216
G1 X115.466 Y118.97 E48.36826
G1 X115.465 Y118.512 E48.374
G1 X115.904 Y118.725 E48.38012
G0 F7200 X115.904 Y118.925
G0 X115.866 Y118.926
G1 F1500 E41.88012
G0 F7200 X115.804 Y118.926
G0 X115.895 Y116.166
G1 F1500 E48.38012
G0 F7200 X115.904 Y115.725
G1 F1800 X115.905 Y116.182 E48.38585
G1 X115.466 Y115.97 E48.39196
G1 X115.465 Y115.512 E48.39771
G1 X115.904 Y115.725 E48.40383
G0 F7200 X115.904 Y115.925
G0 X115.866 Y115.925
G0 X115.804 Y115.924
G0 X115.895 Y113.166
G0 X115.904 Y112.725
G1 F1800 X115.905 Y113.182 E48.40956
G1 X115.466 Y112.97 E48.41567
G1 X115.465 Y112.512 E48.42141
G1 X115.904 Y112.725 E48.42753
G0 F7200 X115.904 Y112.925
G0 X115.866 Y112.925
G0 X115.804 Y112.924
G0 X115.895 Y110.166
G0 X115.904 Y109.725
G1 F1800 X115.905 Y110.182 E48.43326
G1 X115.466 Y109.97 E48.43938
G1 X115.465 Y109.512 E48.44512
G1 X115.904 Y109.725 E48.45124
G0 F7200 X115.904 Y109.925
G0 X115.866 Y109.925
G1 F1500 E41.95124
G0 F7200 X115.804 Y109.924
G0 X119.231 Y109.91
G0 X120.444 Y109.901
G1 F1500 E48.45124
G0 F7200 X120.534 Y109.968
G1 F1800 X120.096 Y110.181 E48.45735
G1 X120.096 Y109.725 E48.46307
G1 X120.534 Y109.513 E48.46917
G1 X120.534 Y109.968 E48.47487
G0 F7200 X120.355 Y110.055
G0 X120.351 Y110.046
G0 X120.314 Y109.965
G0 X120.524 Y112.529
G0 X120.535 Y112.968
G1 F1800 X120.096 Y113.181 E48.48099
G1 X120.096 Y112.725 E48.48671
G1 X120.534 Y112.513 E48.49281
G1 X120.535 Y112.968 E48.49852
G0 F7200 X120.355 Y113.055
G0 X120.351 Y113.046
G1 F1500 E41.99852
G0 F7200 X120.314 Y112.964
G0 X120.524 Y115.529
G1 F1500 E48.49852
G0 F7200 X120.534 Y115.968
G1 F1800 X120.096 Y116.181 E48.50463
G1 X120.096 Y115.725 E48.51035
G1 X120.534 Y115.513 E48.51645
G1 X120.534 Y115.968 E48.52215
G0 F7200 X120.355 Y116.055
G0 X120.351 Y116.046
G0 X120.314 Y115.965
G0 X120.524 Y118.529
G0 X120.535 Y118.968
G1 F1800 X120.096 Y119.181 E48.52827
G1 X120.095 Y118.726 E48.53398
G1 X120.534 Y118.513 E48.5401
G1 X120.535 Y118.968 E48.5458
G0 F7200 X120.355 Y119.055
G0 X120.351 Y119.046
G0 X120.314 Y118.964
G0 X121.399 Y118.784
G0 X122.601 Y118.78
G0 X123.804 Y118.778
G0 X123.904 Y118.725
G1 F1800 X123.904 Y119.181 E48.55152
G1 X123.466 Y118.97 E48.55762
G1 X123.465 Y118.512 E48.56336
G1 X123.904 Y118.725 E48.56948
G0 F7200 X123.904 Y118.925
G0 X123.866 Y118.926
G1 F1500 E42.06948
G0 F7200 X123.804 Y118.926
G0 X123.895 Y116.166
G1 F1500 E48.56948
G0 F7200 X123.904 Y115.725
G1 F1800 X123.905 Y116.182 E48.57521
G1 X123.466 Y115.97 E48.58133
G1 X123.465 Y115.512 E48.58707
G1 X123.904 Y115.725 E48.59319
G0 F7200 X123.904 Y115.925
G0 X123.866 Y115.925
G0 X123.804 Y115.924
G0 X123.895 Y113.166
G0 X123.904 Y112.725
G1 F1800 X123.905 Y113.182 E48.59892
G1 X123.466 Y112.97 E48.60503
G1 X123.465 Y112.512 E48.61078
G1 X123.904 Y112.725 E48.6169
G0 F7200 X123.904 Y112.925
G0 X123.866 Y112.925
G1 F1500 E42.1169
G0 F7200 X123.804 Y112.924
G0 X123.895 Y110.166
G1 F1500 E48.6169
G0 F7200 X123.904 Y109.725
G1 F1800 X123.905 Y110.182 E48.62263
G1 X123.466 Y109.97 E48.62874
G1 X123.465 Y109.512 E48.63448
G1 X123.904 Y109.725 E48.6406
G0 F7200 X123.904 Y109.925
G0 X123.866 Y109.925
G0 X123.804 Y109.924
G0 X127.231 Y109.902
G0 X128.444 Y109.901
G0 X128.534 Y109.968
G1 F1800 X128.096 Y110.181 E48.64671
G1 X128.095 Y109.726 E48.65242
G1 X128.534 Y109.513 E48.65853
G1 X128.534 Y109.968 E48.66424
G0 F7200 X128.355 Y110.055
G0 X128.351 Y110.047
G0 X128.313 Y109.965
G0 X128.524 Y112.529
G0 X128.535 Y112.968
G1 F1800 X128.096 Y113.181 E48.67036
G1 X128.096 Y112.725 E48.67608
G1 X128.534 Y112.513 E48.68218
G1 X128.535 Y112.968 E48.68789
G0 F7200 X128.355 Y113.055
G0 X128.351 Y113.046
G1 F1500 E42.18789
G0 F7200 X128.314 Y112.964
G0 X128.524 Y115.529
G1 F1500 E48.68789
G0 F7200 X128.534 Y115.968
G1 F1800 X128.096 Y116.181 E48.69399
G1 X128.096 Y115.725 E48.69971
G1 X128.534 Y115.513 E48.70581
G1 X128.534 Y115.968 E48.71152
G0 F7200 X128.355 Y116.055
G0 X128.351 Y116.046
G0 X128.314 Y115.965
G0 X128.524 Y118.529
G0 X128.535 Y118.968
G1 F1800 X128.096 Y119.181 E48.71764
G1 X128.095 Y118.726 E48.72335
G1 X128.534 Y118.513 E48.72946
G1 X128.535 Y118.968 E48.73517
G0 F7200 X128.355 Y119.055
G0 X128.351 Y119.046
G1 F1500 E42.23517
G0 F7200 X128.314 Y118.964
G0 X129.399 Y118.784
G0 X130.601 Y118.78
G0 X131.804 Y118.778
G1 F1500 E48.73517
G0 F7200 X131.904 Y118.725
G1 F1800 X131.904 Y119.181 E48.74089
G1 X131.466 Y118.97 E48.74699
G1 X131.465 Y118.512 E48.75273
G1 X131.904 Y118.725 E48.75885
G0 F7200 X131.904 Y118.925
G0 X131.866 Y118.926
G0 X131.804 Y118.926
G0 X131.895 Y116.166
G0 X131.904 Y115.725
G1 F1800 X131.905 Y116.182 E48.76458
G1 X131.466 Y115.97 E48.77069
G1 X131.465 Y115.512 E48.77644
G1 X131.904 Y115.725 E48.78256
G0 F7200 X131.904 Y115.925
G0 X131.866 Y115.925
G0 X131.804 Y115.924
G0 X131.895 Y113.166
G0 X131.904 Y112.725
G1 F1800 X131.905 Y113.182 E48.78829
G1 X131.466 Y112.97 E48.7944
G1 X131.465 Y112.512 E48.80014
G1 X131.904 Y112.725 E48.80626
G0 F7200 X131.904 Y112.925
G0 X131.866 Y112.925
G1 F1500 E42.30626
G0 F7200 X131.804 Y112.924
G0 X131.895 Y110.166
G1 F1500 E48.80626
G0 F7200 X131.904 Y109.725
G1 F1800 X131.905 Y110.182 E48.81199
G1 X131.466 Y109.97 E48.81811
G1 X131.465 Y109.512 E48.82385
G1 X131.904 Y109.725 E48.82997
G0 F7200 X131.904 Y109.925
G0 X131.866 Y109.925
G1 F1500 E42.32997
;MESH:NONMESH
G0 F600 X131.866 Y109.925 Z11.8
G0 F7200 X131.804 Y109.924
G0 X130.601 Y109.87
G0 X129.381 Y108.257
G0 X114.617 Y108.239
G0 X113.399 Y109.869
G1 F1500 E48.82997
G0 F7200 X112.62 Y109.926
;TIME_ELAPSED:557.118344
;LAYER:58
;TYPE:WALL-OUTER
;MESH:output\B_media_suporte.stl
G1 F1800 X112.306 Y110.079 E48.83435
G1 X112.305 Y109.624 E48.84006
G1 X112.744 Y109.411 E48.84617
G1 X112.744 Y109.878 E48.85203
G1 X112.62 Y109.926 E48.8537
G0 F7200 X112.441 Y110.013
G0 X112.706 Y109.654
G1 F1500 E42.3537
G0 F7200 X112.644 Y109.654
G0 X115.256 Y109.83
G1 F1500 E48.8537
G0 F7200 X115.38 Y109.926
G1 F1800 X115.256 Y109.878 E48.85537
G1 X115.255 Y109.411 E48.86122
G1 X115.694 Y109.623 E48.8648
G1 X115.695 Y110.079 E48.87031
G1 X115.38 Y109.926 E48.87209
G0 F7200 X115.256 Y109.878
G0 X115.256 Y109.81
G0 X115.294 Y109.81
G1 F1500 E42.37209
G0 F7200 X115.357 Y109.81
G0 X115.265 Y112.427
G1 F1500 E48.87209
G0 F7200 X115.38 Y112.926
G1 F1800 X115.256 Y112.878 E48.87376
G1 X115.255 Y112.411 E48.87961
G1 X115.694 Y112.623 E48.88319
G1 X115.695 Y113.079 E48.8887
G1 X115.38 Y112.926 E48.89048
G0 F7200 X115.256 Y112.878
G0 X115.256 Y112.81
G0 X115.294 Y112.81
G0 X115.357 Y112.81
G0 X112.729 Y112.867
G0 X112.62 Y112.926
G1 F1800 X112.306 Y113.079 E48.89486
G1 X112.306 Y112.623 E48.90058
G1 X112.744 Y112.411 E48.90668
G1 X112.745 Y112.878 E48.91254
G1 X112.62 Y112.926 E48.91422
G0 F7200 X112.441 Y113.013
G0 X112.706 Y112.654
G1 F1500 E42.41422
G0 F7200 X112.644 Y112.653
G0 X112.734 Y115.427
G1 F1500 E48.91422
G0 F7200 X112.62 Y115.926
G1 F1800 X112.306 Y116.079 E48.9186
G1 X112.306 Y115.623 E48.92431
G1 X112.744 Y115.411 E48.93042
G1 X112.744 Y115.878 E48.93627
G1 X112.62 Y115.926 E48.93794
G0 F7200 X112.441 Y116.013
G0 X112.706 Y115.654
G1 F1500 E42.43794
G0 F7200 X112.644 Y115.654
G0 X115.256 Y115.83
G1 F1500 E48.93794
G0 F7200 X115.38 Y115.926
G1 F1800 X115.256 Y115.878 E48.93961
G1 X115.255 Y115.411 E48.94546
G1 X115.694 Y115.623 E48.94904
G1 X115.695 Y116.079 E48.95455
G1 X115.38 Y115.926 E48.95633
G0 F7200 X115.256 Y115.878
G0 X115.256 Y115.81
G0 X115.294 Y115.81
G1 F1500 E42.45633
G0 F7200 X115.357 Y115.81
G0 X115.265 Y118.427
G1 F1500 E48.95633
G0 F7200 X115.38 Y118.926
G1 F1800 X115.256 Y118.878 E48.958
G1 X115.255 Y118.411 E48.96385
G1 X115.694 Y118.623 E48.96743
G1 X115.694 Y119.079 E48.97294
G1 X115.38 Y118.926 E48.97471
G0 F7200 X115.256 Y118.878
G0 X115.256 Y118.81
G0 X115.294 Y118.811
G1 F1500 E42.47471
G0 F7200 X115.357 Y118.811
G0 X112.729 Y118.867
G1 F1500 E48.97471
G0 F7200 X112.62 Y118.926
G1 F1800 X112.306 Y119.079 E48.97909
G1 X112.305 Y118.624 E48.9848
G1 X112.744 Y118.411 E48.99091
G1 X112.745 Y118.878 E48.99677
G1 X112.62 Y118.926 E48.99845
G0 F7200 X112.441 Y119.013
G0 X112.706 Y118.654
G1 F1500 E42.49845
G0 F7200 X112.644 Y118.653
G0 X114.399 Y119.467
G0 X116.54 Y120.429
G0 X119.441 Y118.852
G0 X120.581 Y118.835
G1 F1500 E48.99845
G0 F7200 X120.62 Y118.926
G1 F1800 X120.306 Y119.079 E49.00283
G1 X120.305 Y118.624 E49.00854
G1 X120.744 Y118.411 E49.01465
G1 X120.745 Y118.878 E49.02051
G1 X120.62 Y118.926 E49.02219
G0 F7200 X120.441 Y119.013
G0 X120.706 Y118.654
G1 F1500 E42.52219
G0 F7200 X120.644 Y118.653
G0 X123.256 Y118.862
G1 F1500 E49.02219
G0 F7200 X123.38 Y118.926
G1 F1800 X123.256 Y118.878 E49.02386
G1 X123.255 Y118.411 E49.02971
G1 X123.694 Y118.623 E49.03329
G1 X123.694 Y119.079 E49.0388
G1 X123.38 Y118.926 E49.04057
G0 F7200 X123.256 Y118.878
G0 X123.256 Y118.81
G0 X123.294 Y118.811
G0 X123.357 Y118.811
G0 X123.685 Y116.063
G0 X123.38 Y115.926
G1 F1800 X123.256 Y115.878 E49.04224
G1 X123.255 Y115.411 E49.04809
G1 X123.694 Y115.623 E49.05167
G1 X123.695 Y116.079 E49.05718
G1 X123.38 Y115.926 E49.05896
G0 F7200 X123.256 Y115.878
G0 X123.256 Y115.81
G0 X123.294 Y115.81
G1 F1500 E42.55896
G0 F7200 X123.357 Y115.81
G0 X120.724 Y115.83
G1 F1500 E49.05896
G0 F7200 X120.62 Y115.926
G1 F1800 X120.306 Y116.079 E49.06334
G1 X120.306 Y115.623 E49.06906
G1 X120.744 Y115.411 E49.07516
G1 X120.744 Y115.878 E49.08102
G1 X120.62 Y115.926 E49.08268
G0 F7200 X120.441 Y116.013
G0 X120.706 Y115.654
G1 F1500 E42.58268
G0 F7200 X120.644 Y115.654
G0 X120.316 Y113.063
G1 F1500 E49.08268
G0 F7200 X120.62 Y112.926
G1 F1800 X120.306 Y113.079 E49.08706
G1 X120.306 Y112.623 E49.09278
G1 X120.744 Y112.411 E49.09888
G1 X120.745 Y112.878 E49.10474
G1 X120.62 Y112.926 E49.10642
G0 F7200 X120.441 Y113.013
G0 X120.706 Y112.654
G1 F1500 E42.60642
G0 F7200 X120.644 Y112.653
G0 X123.256 Y112.835
G1 F1500 E49.10642
G0 F7200 X123.38 Y112.926
G1 F1800 X123.256 Y112.878 E49.10809
G1 X123.255 Y112.411 E49.11394
G1 X123.694 Y112.623 E49.11752
G1 X123.695 Y113.079 E49.12303
G1 X123.38 Y112.926 E49.12481
G0 F7200 X123.256 Y112.878
G0 X123.256 Y112.81
G0 X123.294 Y112.81
G1 F1500 E42.62481
G0 F7200 X123.357 Y112.81
G0 X123.685 Y110.063
G1 F1500 E49.12481
G0 F7200 X123.38 Y109.926
G1 F1800 X123.256 Y109.878 E49.12648
G1 X123.255 Y109.411 E49.13233
G1 X123.694 Y109.623 E49.13591
G1 X123.695 Y110.079 E49.14142
G1 X123.38 Y109.926 E49.1432
G0 F7200 X123.256 Y109.878
G0 X123.256 Y109.81
G0 X123.294 Y109.81
G1 F1500 E42.6432
G0 F7200 X123.357 Y109.81
G0 X120.724 Y109.83
G1 F1500 E49.1432
G0 F7200 X120.62 Y109.926
G1 F1800 X120.306 Y110.079 E49.14758
G1 X120.306 Y109.623 E49.1533
G1 X120.744 Y109.411 E49.1594
G1 X120.744 Y109.878 E49.16526
G1 X120.62 Y109.926 E49.16693
G0 F7200 X120.441 Y110.013
G0 X120.706 Y109.654
G0 X120.644 Y109.654
G0 X122.399 Y110.467
G0 X124.542 Y111.431
G0 X127.441 Y109.82
G0 X128.581 Y109.835
G0 X128.62 Y109.926
G1 F1800 X128.306 Y110.079 E49.17131
G1 X128.305 Y109.624 E49.17701
G1 X128.744 Y109.411 E49.18313
G1 X128.744 Y109.878 E49.18899
G1 X128.62 Y109.926 E49.19065
G0 F7200 X128.441 Y110.013
G0 X128.706 Y109.654
G1 F1500 E42.69065
G0 F7200 X128.644 Y109.654
G0 X131.256 Y109.83
G1 F1500 E49.19065
G0 F7200 X131.38 Y109.926
G1 F1800 X131.256 Y109.878 E49.19232
G1 X131.255 Y109.411 E49.19818
G1 X131.694 Y109.623 E49.20175
G1 X131.695 Y110.079 E49.20727
G1 X131.38 Y109.926 E49.20905
G0 F7200 X131.256 Y109.878
G0 X131.256 Y109.81
G0 X131.294 Y109.81
G0 X131.357 Y109.81
G0 X131.265 Y112.427
G0 X131.38 Y112.926
G1 F1800 X131.256 Y112.878 E49.21071
G1 X131.255 Y112.411 E49.21657
G1 X131.694 Y112.623 E49.22014
G1 X131.695 Y113.079 E49.22566
G1 X131.38 Y112.926 E49.22744
G0 F7200 X131.256 Y112.878
G0 X131.256 Y112.81
G0 X131.294 Y112.81
G1 F1500 E42.72744
G0 F7200 X131.357 Y112.81
G0 X128.729 Y112.867
G1 F1500 E49.22744
G0 F7200 X128.62 Y112.926
G1 F1800 X128.306 Y113.079 E49.23182
G1 X128.306 Y112.623 E49.23753
G1 X128.744 Y112.411 E49.24364
G1 X128.745 Y112.878 E49.24949
G1 X128.62 Y112.926 E49.25117
G0 F7200 X128.441 Y113.013
G0 X128.706 Y112.654
G0 X128.644 Y112.653
G0 X128.734 Y115.427
G0 X128.62 Y115.926
G1 F1800 X128.306 Y116.079 E49.25555
G1 X128.306 Y115.623 E49.26127
G1 X128.744 Y115.411 E49.26737
G1 X128.744 Y115.878 E49.27323
G1 X128.62 Y115.926 E49.2749
G0 F7200 X128.441 Y116.013
G0 X128.706 Y115.654
G1 F1500 E42.7749
G0 F7200 X128.644 Y115.654
G0 X131.256 Y115.83
G1 F1500 E49.2749
G0 F7200 X131.38 Y115.926
G1 F1800 X131.256 Y115.878 E49.27656
G1 X131.255 Y115.411 E49.28242
G1 X131.694 Y115.623 E49.286
G1 X131.695 Y116.079 E49.29151
G1 X131.38 Y115.926 E49.29329
G0 F7200 X131.256 Y115.878
G0 X131.256 Y115.81
G0 X131.294 Y115.81
G0 X131.357 Y115.81
G0 X131.265 Y118.427
G0 X131.38 Y118.926
G1 F1800 X131.256 Y118.878 E49.29495
G1 X131.255 Y118.411 E49.30081
G1 X131.694 Y118.623 E49.30439
G1 X131.694 Y119.079 E49.3099
G1 X131.38 Y118.926 E49.31167
G0 F7200 X131.256 Y118.878
G0 X131.256 Y118.81
G0 X131.294 Y118.811
G0 X131.357 Y118.811
G0 X128.729 Y118.867
G0 X128.62 Y118.926
G1 F1800 X128.306 Y119.079 E49.31605
G1 X128.305 Y118.624 E49.32175
G1 X128.744 Y118.411 E49.32787
G1 X128.745 Y118.878 E49.33373
G1 X128.62 Y118.926 E49.33541
G0 F7200 X128.441 Y119.013
G0 X128.706 Y118.654
G1 F1500 E42.83541
;MESH:NONMESH
G0 F600 X128.706 Y118.654 Z12
G0 F7200 X128.644 Y118.653
G0 X127.441 Y118.635
G0 X124.542 Y117.431
G0 X122.399 Y116.467
G0 X121.591 Y114.173
G0 X119.46 Y114.429
G0 X114.692 Y110.553
G0 X113.609 Y109.867
G0 X112.581 Y109.835
G1 F1500 E49.33541
G0 F7200 X112.62 Y109.926
;TIME_ELAPSED:570.112182
;LAYER:59
;TYPE:WALL-OUTER
;MESH:output\B_media_suporte.stl
G1 F1800 X112.516 Y109.977 E49.33686
G1 X112.515 Y109.522 E49.34256
G1 X112.775 Y109.396 E49.34619
G1 X112.954 Y109.327 E49.34859
G1 X112.955 Y109.798 E49.3545
G1 X112.62 Y109.926 E49.359
G0 F7200 X112.516 Y109.977
G0 X112.516 Y109.892
G0 X112.747 Y109.449
G0 X112.774 Y109.508
G0 X115.062 Y109.787
G0 X115.38 Y109.926
G1 F1800 X115.046 Y109.798 E49.36348
G1 X115.045 Y109.327 E49.36939
G1 X115.225 Y109.396 E49.37181
G1 X115.484 Y109.521 E49.37541
G1 X115.485 Y109.977 E49.38113
G1 X115.38 Y109.926 E49.3826
G0 F7200 X115.193 Y109.855
G0 X115.175 Y109.815
G1 F1500 E42.8826
G0 F7200 X115.2 Y109.751
G0 X115.056 Y112.343
G1 F1500 E49.3826
G0 F7200 X115.38 Y112.926
G1 F1800 X115.046 Y112.798 E49.38708
G1 X115.045 Y112.327 E49.39299
G1 X115.225 Y112.396 E49.39541
G1 X115.484 Y112.521 E49.39901
G1 X115.485 Y112.977 E49.40473
G1 X115.38 Y112.926 E49.40619
G0 F7200 X115.193 Y112.855
G0 X115.175 Y112.815
G0 X115.2 Y112.751
G0 X112.939 Y112.787
G0 X112.62 Y112.926
G1 F1800 X112.516 Y112.977 E49.40765
G1 X112.516 Y112.521 E49.41336
G1 X112.775 Y112.396 E49.41697
G1 X112.954 Y112.327 E49.41938
G1 X112.955 Y112.798 E49.42528
G1 X112.62 Y112.926 E49.42978
G0 F7200 X112.516 Y112.977
G0 X112.516 Y112.892
G0 X112.747 Y112.448
G0 X112.773 Y112.508
G0 X112.943 Y115.343
G0 X112.62 Y115.926
G1 F1800 X112.516 Y115.977 E49.43123
G1 X112.516 Y115.521 E49.43695
G1 X112.775 Y115.396 E49.44056
G1 X112.954 Y115.327 E49.44296
G1 X112.954 Y115.798 E49.44887
G1 X112.62 Y115.926 E49.45336
G0 F7200 X112.516 Y115.977
G0 X112.516 Y115.892
G0 X112.747 Y115.448
G1 F1500 E42.95336
G0 F7200 X112.773 Y115.508
G0 X115.062 Y115.787
G1 F1500 E49.45336
G0 F7200 X115.38 Y115.926
G1 F1800 X115.046 Y115.798 E49.45784
G1 X115.045 Y115.327 E49.46375
G1 X115.225 Y115.396 E49.46617
G1 X115.484 Y115.521 E49.46977
G1 X115.485 Y115.977 E49.47549
G1 X115.38 Y115.926 E49.47695
G0 F7200 X115.193 Y115.855
G0 X115.175 Y115.815
G0 X115.2 Y115.751
G0 X115.056 Y118.343
G0 X115.38 Y118.926
G1 F1800 X115.046 Y118.798 E49.48144
G1 X115.045 Y118.327 E49.48735
G1 X115.225 Y118.396 E49.48976
G1 X115.484 Y118.521 E49.49337
G1 X115.484 Y118.977 E49.49909
G1 X115.38 Y118.926 E49.50054
G0 F7200 X115.193 Y118.855
G0 X115.175 Y118.815
G1 F1500 E43.00054
G0 F7200 X115.2 Y118.751
G0 X112.934 Y118.787
G1 F1500 E49.50054
G0 F7200 X112.62 Y118.926
G1 F1800 X112.516 Y118.977 E49.50199
G1 X112.515 Y118.522 E49.5077
G1 X112.775 Y118.396 E49.51132
G1 X112.954 Y118.327 E49.51373
G1 X112.954 Y118.798 E49.51963
G1 X112.62 Y118.926 E49.52412
G0 F7200 X112.516 Y118.977
G0 X112.516 Y118.892
G0 X112.747 Y118.448
G0 X112.773 Y118.508
G0 X113.819 Y118.787
G0 X116.33 Y120.326
G0 X119.651 Y118.772
G0 X120.62 Y118.926
G1 F1800 X120.516 Y118.977 E49.52557
G1 X120.515 Y118.522 E49.53128
G1 X120.775 Y118.396 E49.5349
G1 X120.954 Y118.327 E49.53731
G1 X120.954 Y118.798 E49.54321
G1 X120.62 Y118.926 E49.5477
G0 F7200 X120.516 Y118.977
G0 X120.516 Y118.892
G0 X120.747 Y118.448
G0 X120.773 Y118.508
G0 X123.062 Y118.787
G0 X123.38 Y118.926
G1 F1800 X123.046 Y118.798 E49.55219
G1 X123.045 Y118.327 E49.55809
G1 X123.225 Y118.396 E49.56051
G1 X123.484 Y118.521 E49.56412
G1 X123.484 Y118.977 E49.56983
G1 X123.38 Y118.926 E49.57129
G0 F7200 X123.193 Y118.855
G0 X123.175 Y118.815
G1 F1500 E43.07129
G0 F7200 X123.2 Y118.751
G0 X123.475 Y115.961
G1 F1500 E49.57129
G0 F7200 X123.38 Y115.926
G1 F1800 X123.046 Y115.798 E49.57577
G1 X123.045 Y115.327 E49.58168
G1 X123.225 Y115.396 E49.5841
G1 X123.484 Y115.521 E49.5877
G1 X123.485 Y115.977 E49.59342
G1 X123.38 Y115.926 E49.59488
G0 F7200 X123.193 Y115.855
G0 X123.175 Y115.815
G0 X123.2 Y115.751
G0 X120.934 Y115.787
G0 X120.62 Y115.926
G1 F1800 X120.516 Y115.977 E49.59634
G1 X120.516 Y115.521 E49.60206
G1 X120.775 Y115.396 E49.60566
G1 X120.954 Y115.327 E49.60807
G1 X120.954 Y115.798 E49.61397
G1 X120.62 Y115.926 E49.61846
G0 F7200 X120.516 Y115.977
G0 X120.516 Y115.892
G0 X120.747 Y115.448
G0 X120.773 Y115.508
G0 X120.526 Y112.96
G0 X120.62 Y112.926
G1 F1800 X120.516 Y112.977 E49.61991
G1 X120.516 Y112.521 E49.62563
G1 X120.775 Y112.396 E49.62924
G1 X120.954 Y112.327 E49.63164
G1 X120.955 Y112.798 E49.63755
G1 X120.62 Y112.926 E49.64205
G0 F7200 X120.516 Y112.977
G0 X120.516 Y112.892
G0 X120.747 Y112.448
G1 F1500 E43.14205
G0 F7200 X120.773 Y112.508
G0 X123.062 Y112.787
G1 F1500 E49.64205
G0 F7200 X123.38 Y112.926
G1 F1800 X123.046 Y112.798 E49.64653
G1 X123.045 Y112.327 E49.65244
G1 X123.225 Y112.396 E49.65486
G1 X123.484 Y112.521 E49.65846
G1 X123.485 Y112.977 E49.66418
G1 X123.38 Y112.926 E49.66565
G0 F7200 X123.193 Y112.855
G0 X123.175 Y112.815
G0 X123.2 Y112.751
G0 X123.475 Y109.961
G0 X123.38 Y109.926
G1 F1800 X123.046 Y109.798 E49.67013
G1 X123.045 Y109.327 E49.67604
G1 X123.225 Y109.396 E49.67845
G1 X123.484 Y109.521 E49.68206
G1 X123.485 Y109.977 E49.68778
G1 X123.38 Y109.926 E49.68924
G0 F7200 X123.193 Y109.855
G0 X123.175 Y109.815
G0 X123.2 Y109.751
G0 X120.939 Y109.787
G0 X120.62 Y109.926
G1 F1800 X120.516 Y109.977 E49.6907
G1 X120.516 Y109.521 E49.69641
G1 X120.775 Y109.396 E49.70002
G1 X120.954 Y109.327 E49.70243
G1 X120.955 Y109.798 E49.70833
G1 X120.62 Y109.926 E49.71283
G0 F7200 X120.516 Y109.977
G0 X120.516 Y109.892
G0 X120.747 Y109.448
G1 F1500 E43.21283
G0 F7200 X120.773 Y109.508
G0 X121.82 Y109.785
G0 X124.332 Y111.329
G0 X127.651 Y109.772
G1 F1500 E49.71283
G0 F7200 X128.62 Y109.926
G1 F1800 X128.516 Y109.977 E49.71428
G1 X128.515 Y109.522 E49.71999
G1 X128.775 Y109.396 E49.72361
G1 X128.954 Y109.327 E49.72602
G1 X128.955 Y109.798 E49.73192
G1 X128.62 Y109.926 E49.73642
G0 F7200 X128.516 Y109.977
G0 X128.516 Y109.892
G0 X128.747 Y109.449
G1 F1500 E43.23642
G0 F7200 X128.774 Y109.508
G0 X131.062 Y109.787
G1 F1500 E49.73642
G0 F7200 X131.38 Y109.926
G1 F1800 X131.046 Y109.798 E49.74091
G1 X131.045 Y109.327 E49.74681
G1 X131.225 Y109.396 E49.74923
G1 X131.484 Y109.521 E49.75284
G1 X131.485 Y109.977 E49.75856
G1 X131.38 Y109.926 E49.76002
G0 F7200 X131.193 Y109.855
G0 X131.175 Y109.815
G1 F1500 E43.26002
G0 F7200 X131.2 Y109.751
G0 X131.056 Y112.343
G1 F1500 E49.76002
G0 F7200 X131.38 Y112.926
G1 F1800 X131.046 Y112.798 E49.76451
G1 X131.045 Y112.327 E49.77041
G1 X131.225 Y112.396 E49.77283
G1 X131.484 Y112.521 E49.77644
G1 X131.485 Y112.977 E49.78215
G1 X131.38 Y112.926 E49.78362
G0 F7200 X131.193 Y112.855
G0 X131.175 Y112.815
G1 F1500 E43.28362
G0 F7200 X131.2 Y112.751
G0 X128.939 Y112.787
G1 F1500 E49.78362
G0 F7200 X128.62 Y112.926
G1 F1800 X128.516 Y112.977 E49.78507
G1 X128.516 Y112.521 E49.79079
G1 X128.775 Y112.396 E49.7944
G1 X128.954 Y112.327 E49.7968
G1 X128.955 Y112.798 E49.80271
G1 X128.62 Y112.926 E49.8072
G0 F7200 X128.516 Y112.977
G0 X128.516 Y112.892
G0 X128.747 Y112.448
G1 F1500 E43.3072
G0 F7200 X128.773 Y112.508
G0 X128.943 Y115.343
G1 F1500 E49.8072
G0 F7200 X128.62 Y115.926
G1 F1800 X128.516 Y115.977 E49.80866
G1 X128.516 Y115.521 E49.81438
G1 X128.775 Y115.396 E49.81798
G1 X128.954 Y115.327 E49.82039
G1 X128.954 Y115.798 E49.82629
G1 X128.62 Y115.926 E49.83078
G0 F7200 X128.516 Y115.977
G0 X128.516 Y115.892
G0 X128.747 Y115.448
G1 F1500 E43.33078
G0 F7200 X128.773 Y115.508
G0 X131.062 Y115.787
G1 F1500 E49.83078
G0 F7200 X131.38 Y115.926
G1 F1800 X131.046 Y115.798 E49.83527
G1 X131.045 Y115.327 E49.84117
G1 X131.225 Y115.396 E49.84359
G1 X131.484 Y115.521 E49.8472
G1 X131.485 Y115.977 E49.85291
G1 X131.38 Y115.926 E49.85438
G0 F7200 X131.193 Y115.855
G0 X131.175 Y115.815
G0 X131.2 Y115.751
G0 X131.056 Y118.343
G0 X131.38 Y118.926
G1 F1800 X131.046 Y118.798 E49.85886
G1 X131.045 Y118.327 E49.86477
G1 X131.225 Y118.396 E49.86719
G1 X131.484 Y118.521 E49.87079
G1 X131.484 Y118.977 E49.87651
G1 X131.38 Y118.926 E49.87797
G0 F7200 X131.193 Y118.855
G0 X131.175 Y118.815
G1 F1500 E43.37797
G0 F7200 X131.2 Y118.751
G0 X128.934 Y118.787
G1 F1500 E49.87797
G0 F7200 X128.62 Y118.926
G1 F1800 X128.516 Y118.977 E49.87942
G1 X128.515 Y118.522 E49.88512
G1 X128.775 Y118.396 E49.88875
G1 X128.954 Y118.327 E49.89115
G1 X128.954 Y118.798 E49.89706
G1 X128.62 Y118.926 E49.90154
G0 F7200 X128.516 Y118.977
G0 X128.516 Y118.892
G0 X128.747 Y118.448
G1 F1500 E43.40154
;MESH:NONMESH
G0 F600 X128.747 Y118.448 Z12.2
G0 F7200 X128.773 Y118.508
G0 X127.651 Y118.533
G0 X124.332 Y117.329
G0 X122.191 Y116.45
G0 X121.803 Y114.203
G0 X119.67 Y114.326
G0 X114.191 Y110.45
G0 X112.939 Y109.787
G1 F1500 E49.90154
G0 F7200 X113.038 Y109.766
;TIME_ELAPSED:580.925966
;LAYER:60
;TYPE:WALL-OUTER
;MESH:output\B_media_suporte.stl
G1 F1800 X112.725 Y109.886 E49.90575
G1 X112.724 Y109.42 E49.91159
G1 X112.774 Y109.396 E49.91229
G1 X113.164 Y109.246 E49.91753
G1 X113.165 Y109.731 E49.92361
G1 X113.038 Y109.766 E49.92526
G0 F7200 X112.852 Y109.837
G0 X112.969 Y109.575
;TYPE:SKIN
G1 F1800 X112.936 Y109.542 E49.92555
G0 F7200 X112.881 Y109.398
G1 F1500 E43.42555
G0 F7200 X112.9 Y109.454
G0 X114.836 Y109.671
G1 F1500 E49.92555
G0 F7200 X114.962 Y109.766
;TYPE:WALL-OUTER
G1 F1800 X114.836 Y109.732 E49.92719
G1 X114.835 Y109.246 E49.93329
G1 X115.228 Y109.397 E49.93617
G1 X115.275 Y109.42 E49.93683
G1 X115.276 Y109.886 E49.94267
G1 X114.962 Y109.766 E49.94435
G0 F7200 X114.836 Y109.732
G0 X114.836 Y109.662
G0 X114.875 Y109.662
G0 X114.938 Y109.657
G0 X114.846 Y112.262
G0 X114.962 Y112.766
G1 F1800 X114.836 Y112.732 E49.94598
G1 X114.835 Y112.246 E49.95208
G1 X115.228 Y112.397 E49.95496
G1 X115.275 Y112.42 E49.95562
G1 X115.276 Y112.886 E49.96146
G1 X114.962 Y112.766 E49.96314
G0 F7200 X114.836 Y112.732
G0 X114.836 Y112.662
G0 X114.875 Y112.662
G1 F1500 E43.46314
G0 F7200 X114.938 Y112.657
G0 X113.164 Y112.671
G1 F1500 E49.96314
G0 F7200 X113.038 Y112.766
G1 F1800 X112.725 Y112.886 E49.96734
G1 X112.725 Y112.42 E49.97319
G1 X112.772 Y112.397 E49.97384
G1 X113.164 Y112.246 E49.97911
G1 X113.165 Y112.731 E49.98519
G1 X113.038 Y112.766 E49.98684
G0 F7200 X112.852 Y112.837
G0 X113.125 Y112.464
G0 X113.064 Y112.463
G0 X113.153 Y115.262
G0 X113.038 Y115.766
G1 F1800 X112.725 Y115.886 E49.99105
G1 X112.725 Y115.42 E49.99689
G1 X112.772 Y115.397 E49.99755
G1 X113.164 Y115.246 E50.00282
G1 X113.164 Y115.732 E50.00891
G1 X113.038 Y115.766 E50.01055
G0 F7200 X112.852 Y115.837
G0 X113.125 Y115.464
G1 F1500 E43.51055
G0 F7200 X113.064 Y115.464
G0 X114.836 Y115.668
G1 F1500 E50.01055
G0 F7200 X114.962 Y115.766
G1 F1800 X114.836 Y115.732 E50.01218
G1 X114.835 Y115.246 E50.01828
G1 X115.228 Y115.397 E50.02116
G1 X115.275 Y115.42 E50.02182
G1 X115.276 Y115.886 E50.02766
G1 X114.962 Y115.766 E50.02934
G0 F7200 X114.836 Y115.732
G0 X114.836 Y115.662
G0 X114.875 Y115.662
G0 X114.938 Y115.657
G0 X114.846 Y118.262
G0 X114.962 Y118.766
G1 F1800 X114.836 Y118.732 E50.03097
G1 X114.835 Y118.246 E50.03707
G1 X115.228 Y118.397 E50.03995
G1 X115.275 Y118.42 E50.04061
G1 X115.275 Y118.886 E50.04645
G1 X114.962 Y118.766 E50.04812
G0 F7200 X114.836 Y118.732
G0 X114.836 Y118.662
G0 X114.875 Y118.663
G0 X114.939 Y118.657
G0 X113.144 Y118.668
G0 X113.038 Y118.766
G1 F1800 X112.725 Y118.886 E50.05233
G1 X112.724 Y118.42 E50.05817
G1 X112.774 Y118.396 E50.05886
G1 X113.164 Y118.246 E50.0641
G1 X113.164 Y118.732 E50.0702
G1 X113.038 Y118.766 E50.07184
G0 F7200 X112.852 Y118.837
G0 X113.125 Y118.464
G1 F1500 E43.57184
G0 F7200 X113.064 Y118.464
G0 X119.86 Y118.656
G0 X121.008 Y118.671
G1 F1500 E50.07184
G0 F7200 X121.038 Y118.766
G1 F1800 X120.725 Y118.886 E50.07604
G1 X120.724 Y118.42 E50.08188
G1 X120.774 Y118.396 E50.08258
G1 X121.164 Y118.246 E50.08782
G1 X121.164 Y118.732 E50.09391
G1 X121.038 Y118.766 E50.09555
G0 F7200 X120.852 Y118.837
G0 X121.125 Y118.464
G0 X121.064 Y118.464
G0 X122.836 Y118.668
G0 X122.962 Y118.766
G1 F1800 X122.836 Y118.732 E50.09719
G1 X122.835 Y118.246 E50.10328
G1 X123.228 Y118.397 E50.10617
G1 X123.275 Y118.42 E50.10682
G1 X123.275 Y118.886 E50.11267
G1 X122.962 Y118.766 E50.11433
G0 F7200 X122.836 Y118.732
G0 X122.836 Y118.662
G0 X122.875 Y118.663
G1 F1500 E43.61433
G0 F7200 X122.939 Y118.657
G0 X123.265 Y115.87
G1 F1500 E50.11433
G0 F7200 X122.962 Y115.766
G1 F1800 X122.836 Y115.732 E50.11597
G1 X122.835 Y115.246 E50.12206
G1 X123.228 Y115.397 E50.12495
G1 X123.275 Y115.42 E50.12561
G1 X123.276 Y115.886 E50.13145
G1 X122.962 Y115.766 E50.13312
G0 F7200 X122.836 Y115.732
G0 X122.836 Y115.662
G0 X122.875 Y115.662
G0 X122.938 Y115.657
G0 X121.144 Y115.668
G0 X121.038 Y115.766
G1 F1800 X120.725 Y115.886 E50.13733
G1 X120.725 Y115.42 E50.14317
G1 X120.772 Y115.397 E50.14383
G1 X121.164 Y115.246 E50.1491
G1 X121.164 Y115.732 E50.15519
G1 X121.038 Y115.766 E50.15683
G0 F7200 X120.852 Y115.837
G0 X120.959 Y115.585
;TYPE:SKIN
G1 F1800 X120.923 Y115.549 E50.15715
G0 F7200 X120.867 Y115.403
G1 F1500 E43.65715
G0 F7200 X120.886 Y115.46
G0 X120.736 Y112.87
G1 F1500 E50.15715
G0 F7200 X121.038 Y112.766
;TYPE:WALL-OUTER
G1 F1800 X120.725 Y112.886 E50.16135
G1 X120.725 Y112.42 E50.16719
G1 X120.772 Y112.397 E50.16785
G1 X121.164 Y112.246 E50.17312
G1 X121.165 Y112.731 E50.1792
G1 X121.038 Y112.766 E50.18085
G0 F7200 X120.852 Y112.837
G0 X121.125 Y112.464
G0 X121.064 Y112.463
G0 X122.836 Y112.671
G0 X122.962 Y112.766
G1 F1800 X122.836 Y112.732 E50.18249
G1 X122.835 Y112.246 E50.18858
G1 X123.228 Y112.397 E50.19147
G1 X123.275 Y112.42 E50.19212
G1 X123.276 Y112.886 E50.19797
G1 X122.962 Y112.766 E50.19964
G0 F7200 X122.836 Y112.732
G0 X122.836 Y112.662
G0 X123.03 Y112.565
;TYPE:SKIN
G1 F1800 X123.06 Y112.595 E50.19991
G0 F7200 X123.004 Y112.739
G1 F1500 E43.69991
G0 F7200 X123.025 Y112.684
G0 X123.265 Y109.87
G1 F1500 E50.19991
G0 F7200 X122.962 Y109.766
;TYPE:WALL-OUTER
G1 F1800 X122.836 Y109.732 E50.20155
G1 X122.835 Y109.246 E50.20764
G1 X123.228 Y109.397 E50.21053
G1 X123.275 Y109.42 E50.21118
G1 X123.276 Y109.886 E50.21703
G1 X122.962 Y109.766 E50.2187
G0 F7200 X122.836 Y109.732
G0 X122.836 Y109.662
G0 X122.875 Y109.662
G0 X122.938 Y109.657
G0 X121.164 Y109.671
G0 X121.038 Y109.766
G1 F1800 X120.725 Y109.886 E50.22291
G1 X120.725 Y109.42 E50.22875
G1 X120.772 Y109.397 E50.22941
G1 X121.164 Y109.246 E50.23467
G1 X121.165 Y109.731 E50.24076
G1 X121.038 Y109.766 E50.24241
G0 F7200 X120.852 Y109.837
G0 X121.125 Y109.464
G0 X121.064 Y109.463
G0 X127.86 Y109.672
G0 X129.007 Y109.671
G0 X129.038 Y109.766
G1 F1800 X128.725 Y109.886 E50.24661
G1 X128.724 Y109.42 E50.25246
G1 X128.774 Y109.396 E50.25315
G1 X129.164 Y109.246 E50.25839
G1 X129.165 Y109.731 E50.26447
G1 X129.038 Y109.766 E50.26613
G0 F7200 X128.852 Y109.837
G0 X129.125 Y109.464
G1 F1500 E43.76613
G0 F7200 X129.064 Y109.463
G0 X130.836 Y109.671
G1 F1500 E50.26613
G0 F7200 X130.962 Y109.766
G1 F1800 X130.836 Y109.732 E50.26776
G1 X130.835 Y109.246 E50.27386
G1 X131.228 Y109.397 E50.27674
G1 X131.275 Y109.42 E50.2774
G1 X131.276 Y109.886 E50.28324
G1 X130.962 Y109.766 E50.28492
G0 F7200 X130.836 Y109.732
G0 X130.836 Y109.662
G0 X131.029 Y109.533
;TYPE:SKIN
G1 F1800 X131.079 Y109.583 E50.28536
G0 F7200 X131.236 Y109.583
G0 X131.175 Y109.582
G0 X130.846 Y112.262
G0 X130.962 Y112.766
;TYPE:WALL-OUTER
G1 F1800 X130.836 Y112.732 E50.287
G1 X130.835 Y112.246 E50.29309
G1 X131.228 Y112.397 E50.29598
G1 X131.275 Y112.42 E50.29663
G1 X131.276 Y112.886 E50.30248
G1 X130.962 Y112.766 E50.30415
G0 F7200 X130.836 Y112.732
G0 X130.836 Y112.662
G0 X130.875 Y112.662
G1 F1500 E43.80415
G0 F7200 X130.938 Y112.657
G0 X129.164 Y112.671
G1 F1500 E50.30415
G0 F7200 X129.038 Y112.766
G1 F1800 X128.725 Y112.886 E50.30836
G1 X128.725 Y112.42 E50.3142
G1 X128.772 Y112.397 E50.31486
G1 X129.164 Y112.246 E50.32012
G1 X129.165 Y112.731 E50.32621
G1 X129.038 Y112.766 E50.32786
G0 F7200 X128.852 Y112.837
G0 X129.125 Y112.464
G1 F1500 E43.82786
G0 F7200 X129.064 Y112.463
G0 X129.153 Y115.262
G1 F1500 E50.32786
G0 F7200 X129.038 Y115.766
G1 F1800 X128.725 Y115.886 E50.33206
G1 X128.725 Y115.42 E50.33791
G1 X128.772 Y115.397 E50.33856
G1 X129.164 Y115.246 E50.34383
G1 X129.164 Y115.732 E50.34992
G1 X129.038 Y115.766 E50.35156
G0 F7200 X128.852 Y115.837
G0 X129.125 Y115.464
G1 F1500 E43.85156
G0 F7200 X129.064 Y115.464
G0 X130.836 Y115.668
G1 F1500 E50.35156
G0 F7200 X130.962 Y115.766
G1 F1800 X130.836 Y115.732 E50.3532
G1 X130.835 Y115.246 E50.35929
G1 X131.228 Y115.397 E50.36218
G1 X131.275 Y115.42 E50.36283
G1 X131.276 Y115.886 E50.36868
G1 X130.962 Y115.766 E50.37035
G0 F7200 X130.836 Y115.732
G0 X130.836 Y115.662
G0 X130.875 Y115.662
G1 F1500 E43.87035
G0 F7200 X130.938 Y115.657
G0 X130.846 Y118.262
G1 F1500 E50.37035
G0 F7200 X130.962 Y118.766
G1 F1800 X130.836 Y118.732 E50.37199
G1 X130.835 Y118.246 E50.37808
G1 X131.228 Y118.397 E50.38097
G1 X131.275 Y118.42 E50.38162
G1 X131.275 Y118.886 E50.38747
G1 X130.962 Y118.766 E50.38914
G0 F7200 X130.836 Y118.732
G0 X130.836 Y118.662
G0 X130.875 Y118.663
G1 F1500 E43.88914
G0 F7200 X130.939 Y118.657
G0 X129.144 Y118.668
G1 F1500 E50.38914
G0 F7200 X129.038 Y118.766
G1 F1800 X128.725 Y118.886 E50.39334
G1 X128.724 Y118.42 E50.39918
G1 X128.774 Y118.396 E50.39988
G1 X129.164 Y118.246 E50.40512
G1 X129.164 Y118.732 E50.41121
G1 X129.038 Y118.766 E50.41285
G0 F7200 X128.852 Y118.837
G0 X129.125 Y118.464
G1 F1500 E43.91285
;MESH:NONMESH
G0 F600 X129.125 Y118.464 Z12.4
G0 F7200 X129.064 Y118.464
G0 X127.86 Y118.431
G0 X124.133 Y114.88
G0 X123.107 Y114.423
G0 X122.013 Y114.139
G0 X119.879 Y114.22
G0 X114.03 Y109.717
G0 X113.007 Y109.671
G1 F1500 E50.41285
G0 F7200 X113.038 Y109.766
;TIME_ELAPSED:592.177505
;LAYER:61
;TYPE:WALL-OUTER
;MESH:output\B_media_suporte.stl
G1 F1800 X112.935 Y109.805 E50.41423
G1 X112.935 Y109.334 E50.42014
G1 X113.166 Y109.245 E50.42324
G1 X113.383 Y109.187 E50.42606
G1 X113.384 Y109.673 E50.43215
G1 X113.038 Y109.766 E50.43665
G0 F7200 X112.935 Y109.805
G0 X112.935 Y109.715
G0 X113.225 Y109.302
G1 F1500 E43.93665
G0 F7200 X113.23 Y109.331
G0 X114.617 Y109.659
G1 F1500 E50.43665
G0 F7200 X114.962 Y109.766
G1 F1800 X114.617 Y109.673 E50.44113
G1 X114.616 Y109.187 E50.44722
G1 X114.834 Y109.245 E50.45005
G1 X115.065 Y109.334 E50.45315
G1 X115.066 Y109.806 E50.45907
G1 X114.962 Y109.766 E50.46047
G0 F7200 X114.769 Y109.714
G0 X114.752 Y109.643
G1 F1500 E43.96047
G0 F7200 X114.762 Y109.609
G0 X114.629 Y112.202
G1 F1500 E50.46047
G0 F7200 X114.962 Y112.766
G1 F1800 X114.617 Y112.673 E50.46495
G1 X114.617 Y112.187 E50.47105
G1 X114.834 Y112.245 E50.47386
G1 X115.065 Y112.334 E50.47697
G1 X115.065 Y112.805 E50.48287
G1 X114.962 Y112.766 E50.48426
G0 F7200 X114.769 Y112.714
G0 X114.752 Y112.643
G1 F1500 E43.98426
G0 F7200 X114.762 Y112.609
G0 X113.363 Y112.671
G1 F1500 E50.48426
G0 F7200 X113.038 Y112.766
G1 F1800 X112.935 Y112.805 E50.48564
G1 X112.935 Y112.334 E50.49154
G1 X113.166 Y112.245 E50.49465
G1 X113.383 Y112.187 E50.49746
G1 X113.383 Y112.673 E50.50356
G1 X113.038 Y112.766 E50.50804
G0 F7200 X112.935 Y112.805
G0 X112.935 Y112.715
G0 X113.224 Y112.301
G1 F1500 E44.00804
G0 F7200 X113.23 Y112.331
G0 X113.371 Y115.202
G1 F1500 E50.50804
G0 F7200 X113.038 Y115.766
G1 F1800 X112.935 Y115.805 E50.50942
G1 X112.935 Y115.334 E50.51533
G1 X113.166 Y115.245 E50.51843
G1 X113.383 Y115.187 E50.52125
G1 X113.384 Y115.673 E50.52734
G1 X113.038 Y115.766 E50.53184
G0 F7200 X112.935 Y115.805
G0 X112.935 Y115.715
G0 X113.225 Y115.302
G1 F1500 E44.03184
G0 F7200 X113.23 Y115.331
G0 X114.617 Y115.659
G1 F1500 E50.53184
G0 F7200 X114.962 Y115.766
G1 F1800 X114.617 Y115.673 E50.53632
G1 X114.616 Y115.187 E50.54241
G1 X114.834 Y115.245 E50.54524
G1 X115.065 Y115.334 E50.54835
G1 X115.066 Y115.806 E50.55426
G1 X114.962 Y115.766 E50.55566
G0 F7200 X114.769 Y115.714
G0 X114.752 Y115.643
G0 X114.762 Y115.609
G0 X114.629 Y118.202
G0 X114.962 Y118.766
G1 F1800 X114.617 Y118.673 E50.56014
G1 X114.617 Y118.187 E50.56624
G1 X114.834 Y118.245 E50.56905
G1 X115.065 Y118.334 E50.57216
G1 X115.066 Y118.806 E50.57808
G1 X114.962 Y118.766 E50.57947
G0 F7200 X114.769 Y118.714
G0 X114.819 Y118.525
;TYPE:SKIN
G1 F1800 X114.869 Y118.475 E50.57992
G0 F7200 X115.017 Y118.474
G1 F1500 E44.07992
G0 F7200 X114.965 Y118.473
G0 X113.363 Y118.671
G1 F1500 E50.57992
G0 F7200 X113.038 Y118.766
;TYPE:WALL-OUTER
G1 F1800 X112.935 Y118.805 E50.5813
G1 X112.935 Y118.334 E50.58721
G1 X113.166 Y118.245 E50.59031
G1 X113.383 Y118.187 E50.59313
G1 X113.383 Y118.673 E50.59922
G1 X113.038 Y118.766 E50.6037
G0 F7200 X112.935 Y118.805
G0 X112.935 Y118.715
G0 X113.13 Y118.518
;TYPE:SKIN
G1 F1800 X113.187 Y118.46 E50.60421
G0 F7200 X113.335 Y118.46
G1 F1500 E44.10421
G0 F7200 X113.283 Y118.46
G0 X113.644 Y119.499
G0 X115.914 Y120.04
G0 X120.07 Y118.671
G1 F1500 E50.60421
G0 F7200 X121.038 Y118.766
;TYPE:WALL-OUTER
G1 F1800 X120.935 Y118.805 E50.60559
G1 X120.935 Y118.334 E50.6115
G1 X121.166 Y118.245 E50.6146
G1 X121.383 Y118.187 E50.61742
G1 X121.383 Y118.673 E50.62352
G1 X121.038 Y118.766 E50.628
G0 F7200 X120.935 Y118.805
G0 X120.935 Y118.715
G0 X121.224 Y118.301
G0 X121.23 Y118.331
G0 X122.637 Y118.67
G0 X122.962 Y118.766
G1 F1800 X122.617 Y118.673 E50.63248
G1 X122.617 Y118.187 E50.63857
G1 X122.834 Y118.245 E50.64139
G1 X123.065 Y118.334 E50.64449
G1 X123.066 Y118.806 E50.65041
G1 X122.962 Y118.766 E50.65181
G0 F7200 X122.769 Y118.714
G0 X122.752 Y118.643
G1 F1500 E44.15181
G0 F7200 X122.762 Y118.609
G0 X123.055 Y115.79
G1 F1500 E50.65181
G0 F7200 X122.962 Y115.766
G1 F1800 X122.617 Y115.673 E50.65629
G1 X122.616 Y115.187 E50.66239
G1 X122.834 Y115.245 E50.66521
G1 X123.065 Y115.334 E50.66832
G1 X123.066 Y115.806 E50.67424
G1 X122.962 Y115.766 E50.67563
G0 F7200 X122.769 Y115.714
G0 X122.752 Y115.643
G0 X122.762 Y115.609
G0 X121.369 Y115.661
G0 X121.038 Y115.766
G1 F1800 X120.935 Y115.805 E50.67702
G1 X120.935 Y115.334 E50.68292
G1 X121.166 Y115.245 E50.68603
G1 X121.383 Y115.187 E50.68884
G1 X121.384 Y115.673 E50.69494
G1 X121.038 Y115.766 E50.69943
G0 F7200 X120.935 Y115.805
G0 X120.935 Y115.715
G0 X121.225 Y115.302
G1 F1500 E44.19943
G0 F7200 X121.23 Y115.331
G0 X120.946 Y112.789
G1 F1500 E50.69943
G0 F7200 X121.038 Y112.766
G1 F1800 X120.935 Y112.805 E50.70081
G1 X120.935 Y112.334 E50.70672
G1 X121.166 Y112.245 E50.70982
G1 X121.383 Y112.187 E50.71264
G1 X121.383 Y112.673 E50.71873
G1 X121.038 Y112.766 E50.72322
G0 F7200 X120.935 Y112.805
G0 X120.935 Y112.715
G0 X121.128 Y112.499
;TYPE:SKIN
G1 F1800 X121.179 Y112.449 E50.72366
G0 F7200 X121.165 Y112.317
G1 F1500 E44.22366
G0 F7200 X121.176 Y112.348
G0 X122.637 Y112.671
G1 F1500 E50.72366
G0 F7200 X122.962 Y112.766
;TYPE:WALL-OUTER
G1 F1800 X122.617 Y112.673 E50.72814
G1 X122.617 Y112.187 E50.73424
G1 X122.834 Y112.245 E50.73706
G1 X123.065 Y112.334 E50.74016
G1 X123.065 Y112.805 E50.74607
G1 X122.962 Y112.766 E50.74745
G0 F7200 X122.769 Y112.714
G0 X122.811 Y112.514
;TYPE:SKIN
G1 F1800 X122.86 Y112.464 E50.74789
G0 F7200 X122.875 Y112.329
G0 X122.86 Y112.362
G0 X123.055 Y109.79
G0 X122.962 Y109.766
;TYPE:WALL-OUTER
G1 F1800 X122.617 Y109.673 E50.75237
G1 X122.616 Y109.187 E50.75846
G1 X122.834 Y109.245 E50.76129
G1 X123.065 Y109.334 E50.7644
G1 X123.066 Y109.806 E50.77031
G1 X122.962 Y109.766 E50.77171
G0 F7200 X122.769 Y109.714
G0 X122.752 Y109.643
G1 F1500 E44.27171
G0 F7200 X122.762 Y109.609
G0 X121.369 Y109.661
G1 F1500 E50.77171
G0 F7200 X121.038 Y109.766
G1 F1800 X120.935 Y109.805 E50.77309
G1 X120.935 Y109.334 E50.779
G1 X121.166 Y109.245 E50.7821
G1 X121.383 Y109.187 E50.78492
G1 X121.384 Y109.673 E50.79102
G1 X121.038 Y109.766 E50.79551
G0 F7200 X120.935 Y109.805
G0 X120.935 Y109.715
G0 X121.225 Y109.302
G1 F1500 E44.29551
G0 F7200 X121.23 Y109.331
G0 X121.648 Y110.498
G0 X123.914 Y111.04
G0 X128.07 Y109.661
G1 F1500 E50.79551
G0 F7200 X129.038 Y109.766
G1 F1800 X128.935 Y109.805 E50.79689
G1 X128.935 Y109.334 E50.8028
G1 X129.166 Y109.245 E50.8059
G1 X129.383 Y109.187 E50.80872
G1 X129.384 Y109.673 E50.81481
G1 X129.038 Y109.766 E50.8193
G0 F7200 X128.935 Y109.805
G0 X128.935 Y109.715
G0 X129.225 Y109.302
G1 F1500 E44.3193
G0 F7200 X129.23 Y109.331
G0 X130.617 Y109.659
G1 F1500 E50.8193
G0 F7200 X130.962 Y109.766
G1 F1800 X130.617 Y109.673 E50.82379
G1 X130.616 Y109.187 E50.82988
G1 X130.834 Y109.245 E50.83271
G1 X131.065 Y109.334 E50.83581
G1 X131.066 Y109.806 E50.84173
G1 X130.962 Y109.766 E50.84313
G0 F7200 X130.769 Y109.714
G0 X130.752 Y109.643
G1 F1500 E44.34313
G0 F7200 X130.762 Y109.609
G0 X130.629 Y112.202
G1 F1500 E50.84313
G0 F7200 X130.962 Y112.766
G1 F1800 X130.617 Y112.673 E50.84761
G1 X130.617 Y112.187 E50.85371
G1 X130.834 Y112.245 E50.85652
G1 X131.065 Y112.334 E50.85963
G1 X131.065 Y112.805 E50.86553
G1 X130.962 Y112.766 E50.86691
G0 F7200 X130.769 Y112.714
G0 X130.752 Y112.643
G1 F1500 E44.36691
G0 F7200 X130.762 Y112.609
G0 X129.363 Y112.671
G1 F1500 E50.86691
G0 F7200 X129.038 Y112.766
G1 F1800 X128.935 Y112.805 E50.8683
G1 X128.935 Y112.334 E50.8742
G1 X129.166 Y112.245 E50.87731
G1 X129.383 Y112.187 E50.88012
G1 X129.383 Y112.673 E50.88622
G1 X129.038 Y112.766 E50.8907
G0 F7200 X128.935 Y112.805
G0 X128.935 Y112.715
G0 X129.224 Y112.301
G1 F1500 E44.3907
G0 F7200 X129.23 Y112.331
G0 X129.371 Y115.202
G1 F1500 E50.8907
G0 F7200 X129.038 Y115.766
G1 F1800 X128.935 Y115.805 E50.89208
G1 X128.935 Y115.334 E50.89799
G1 X129.166 Y115.245 E50.90109
G1 X129.383 Y115.187 E50.90391
G1 X129.384 Y115.673 E50.91
G1 X129.038 Y115.766 E50.9145
G0 F7200 X128.935 Y115.805
G0 X128.935 Y115.715
G0 X129.129 Y115.529
;TYPE:SKIN
G1 F1800 X129.188 Y115.47 E50.91502
G0 F7200 X129.335 Y115.469
G1 F1500 E44.41502
G0 F7200 X129.283 Y115.468
G0 X130.617 Y115.659
G1 F1500 E50.91502
G0 F7200 X130.962 Y115.766
;TYPE:WALL-OUTER
G1 F1800 X130.617 Y115.673 E50.9195
G1 X130.616 Y115.187 E50.92559
G1 X130.834 Y115.245 E50.92842
G1 X131.065 Y115.334 E50.93153
G1 X131.066 Y115.806 E50.93745
G1 X130.962 Y115.766 E50.93884
G0 F7200 X130.769 Y115.714
G0 X130.827 Y115.528
;TYPE:SKIN
G1 F1800 X130.869 Y115.486 E50.93922
G0 F7200 X131.017 Y115.486
G1 F1500 E44.43922
G0 F7200 X130.965 Y115.485
G0 X130.629 Y118.202
G1 F1500 E50.93922
G0 F7200 X130.962 Y118.766
;TYPE:WALL-OUTER
G1 F1800 X130.617 Y118.673 E50.9437
G1 X130.617 Y118.187 E50.94979
G1 X130.834 Y118.245 E50.95261
G1 X131.065 Y118.334 E50.95571
G1 X131.066 Y118.806 E50.96163
G1 X130.962 Y118.766 E50.96303
G0 F7200 X130.769 Y118.714
G0 X130.752 Y118.643
G1 F1500 E44.46303
G0 F7200 X130.762 Y118.609
G0 X129.363 Y118.671
G1 F1500 E50.96303
G0 F7200 X129.038 Y118.766
G1 F1800 X128.935 Y118.805 E50.96441
G1 X128.935 Y118.334 E50.97032
G1 X129.166 Y118.245 E50.97342
G1 X129.383 Y118.187 E50.97624
G1 X129.383 Y118.673 E50.98233
G1 X129.038 Y118.766 E50.98681
G0 F7200 X128.935 Y118.805
G0 X128.935 Y118.715
G0 X129.224 Y118.301
G1 F1500 E44.48681
;MESH:NONMESH
G0 F600 X129.224 Y118.301 Z12.6
G0 F7200 X129.23 Y118.331
G0 X128.07 Y118.345
G0 X123.922 Y114.744
G0 X122.64 Y114.298
G0 X120.888 Y114.436
G0 X113.648 Y110.498
G1 F1500 E50.98681
G0 F7200 X113.459 Y109.653
;TIME_ELAPSED:606.706257
;LAYER:62
;TYPE:WALL-OUTER
;MESH:output\B_media_suporte.stl
G1 F1800 X113.145 Y109.737 E50.99089
G1 X113.145 Y109.253 E50.99696
G1 X113.163 Y109.246 E50.9972
G1 X113.536 Y109.146 E51.00204
G1 X113.731 Y109.116 E51.00452
G1 X113.812 Y109.108 E51.00554
G1 X114.092 Y109.102 E51.00905
G1 X114.188 Y109.108 E51.01026
G1 X114.269 Y109.116 E51.01128
G1 X114.464 Y109.146 E51.01375
G1 X114.837 Y109.246 E51.01859
G1 X114.855 Y109.253 E51.01884
G1 X114.856 Y109.737 E51.02491
G1 X114.541 Y109.653 E51.02652
G1 X114.325 Y109.62 E51.02926
G1 X114.216 Y109.609 E51.03064
G1 X114.104 Y109.602 E51.03204
G1 X113.788 Y109.608 E51.03601
G1 X113.675 Y109.62 E51.03743
G1 X113.459 Y109.653 E51.04017
G0 F7200 X113.266 Y109.704
G0 X113.388 Y109.428
;TYPE:SKIN
G1 F1800 X113.623 Y109.38 E51.0411
G1 X114.488 Y109.397 E51.04446
G0 F7200 X114.494 Y109.567
G1 F1500 E44.54446
G0 F7200 X114.499 Y109.546
G0 X113.455 Y109.634
G0 X113.733 Y112.135
G1 F1500 E51.04446
G0 F7200 X113.459 Y112.653
;TYPE:WALL-OUTER
G1 F1800 X113.145 Y112.737 E51.04854
G1 X113.145 Y112.253 E51.05461
G1 X113.163 Y112.246 E51.05485
G1 X113.536 Y112.146 E51.05969
G1 X113.731 Y112.116 E51.06217
G1 X113.812 Y112.108 E51.06319
G1 X114.092 Y112.102 E51.0667
G1 X114.188 Y112.108 E51.06791
G1 X114.269 Y112.116 E51.06893
G1 X114.464 Y112.146 E51.0714
G1 X114.837 Y112.246 E51.07625
G1 X114.855 Y112.253 E51.07649
G1 X114.855 Y112.737 E51.08256
G1 X114.541 Y112.653 E51.08663
G1 X114.325 Y112.62 E51.08937
G1 X114.216 Y112.609 E51.09075
G1 X114.104 Y112.602 E51.09215
G1 X113.788 Y112.608 E51.09612
G1 X113.675 Y112.62 E51.09754
G1 X113.459 Y112.653 E51.10028
G0 F7200 X113.266 Y112.704
G0 X113.53 Y112.398
;TYPE:SKIN
G1 F1800 X113.776 Y112.362 E51.10133
G1 X114.357 Y112.377 E51.10378
G0 F7200 X114.4 Y112.54
G1 F1500 E44.60378
G0 F7200 X114.402 Y112.531
G0 X113.733 Y115.135
G1 F1500 E51.10378
G0 F7200 X113.459 Y115.653
;TYPE:WALL-OUTER
G1 F1800 X113.145 Y115.737 E51.10785
G1 X113.145 Y115.253 E51.11392
G1 X113.163 Y115.246 E51.11417
G1 X113.536 Y115.146 E51.11901
G1 X113.731 Y115.116 E51.12148
G1 X113.812 Y115.108 E51.1225
G1 X114.092 Y115.102 E51.12602
G1 X114.188 Y115.108 E51.12722
G1 X114.269 Y115.116 E51.12824
G1 X114.464 Y115.146 E51.13072
G1 X114.837 Y115.246 E51.13556
G1 X114.855 Y115.253 E51.1358
G1 X114.856 Y115.737 E51.14187
G1 X114.541 Y115.653 E51.14349
G1 X114.325 Y115.62 E51.14623
G1 X114.216 Y115.609 E51.1476
G1 X114.104 Y115.602 E51.14901
G1 X113.788 Y115.608 E51.15297
G1 X113.675 Y115.62 E51.1544
G1 X113.459 Y115.653 E51.15714
G0 F7200 X113.266 Y115.704
G0 X113.437 Y115.417
;TYPE:SKIN
G1 F1800 X113.675 Y115.372 E51.15806
G1 X114.567 Y115.415 E51.16146
G0 F7200 X114.591 Y115.593
G1 F1500 E44.66146
G0 F7200 X114.598 Y115.566
G0 X114.168 Y118.126
G1 F1500 E51.16146
G0 F7200 X113.459 Y118.653
;TYPE:WALL-OUTER
G1 F1800 X113.145 Y118.737 E51.16553
G1 X113.145 Y118.253 E51.1716
G1 X113.163 Y118.246 E51.17184
G1 X113.536 Y118.146 E51.17669
G1 X113.731 Y118.116 E51.17916
G1 X113.812 Y118.108 E51.18018
G1 X114.092 Y118.102 E51.18369
G1 X114.188 Y118.108 E51.1849
G1 X114.269 Y118.116 E51.18592
G1 X114.464 Y118.146 E51.1884
G1 X114.837 Y118.246 E51.19324
G1 X114.855 Y118.253 E51.19348
G1 X114.856 Y118.737 E51.19955
G1 X114.541 Y118.653 E51.20117
G1 X114.325 Y118.62 E51.20391
G1 X114.216 Y118.609 E51.20528
G1 X114.104 Y118.602 E51.20669
G1 X113.788 Y118.608 E51.21065
G1 X113.675 Y118.62 E51.21208
G1 X113.459 Y118.653 E51.21482
G0 F7200 X113.266 Y118.704
G0 X113.359 Y118.45
;TYPE:SKIN
G1 F1800 X113.579 Y118.388 E51.21567
G1 X114.426 Y118.386 E51.21882
G0 F7200 X114.435 Y118.551
G1 F1500 E44.71882
G0 F7200 X114.438 Y118.536
G0 X115.72 Y118.568
G0 X120.28 Y118.569
G0 X121.439 Y118.556
G1 F1500 E51.21882
G0 F7200 X121.459 Y118.653
;TYPE:WALL-OUTER
G1 F1800 X121.145 Y118.737 E51.2229
G1 X121.145 Y118.253 E51.22897
G1 X121.163 Y118.246 E51.22921
G1 X121.536 Y118.146 E51.23405
G1 X121.731 Y118.116 E51.23653
G1 X121.812 Y118.108 E51.23755
G1 X122.092 Y118.102 E51.24106
G1 X122.188 Y118.108 E51.24227
G1 X122.269 Y118.116 E51.24329
G1 X122.464 Y118.146 E51.24576
G1 X122.837 Y118.246 E51.25061
G1 X122.855 Y118.253 E51.25085
G1 X122.856 Y118.737 E51.25692
G1 X122.541 Y118.653 E51.25853
G1 X122.325 Y118.62 E51.26127
G1 X122.216 Y118.609 E51.26265
G1 X122.104 Y118.602 E51.26405
G1 X121.788 Y118.608 E51.26802
G1 X121.675 Y118.62 E51.26944
G1 X121.459 Y118.653 E51.27218
G0 F7200 X121.266 Y118.704
G0 X121.513 Y118.402
;TYPE:SKIN
G1 F1800 X121.758 Y118.364 E51.27323
G1 X122.333 Y118.373 E51.27565
G0 F7200 X122.377 Y118.536
G1 F1500 E44.77565
G0 F7200 X122.379 Y118.527
G0 X121.157 Y115.722
G1 F1500 E51.27565
G0 F7200 X121.459 Y115.653
;TYPE:WALL-OUTER
G1 F1800 X121.145 Y115.737 E51.27972
G1 X121.145 Y115.253 E51.28579
G1 X121.163 Y115.246 E51.28604
G1 X121.536 Y115.146 E51.29088
G1 X121.731 Y115.116 E51.29335
G1 X121.812 Y115.108 E51.29437
G1 X121.908 Y115.102 E51.29558
G1 X122.189 Y115.108 E51.2991
G1 X122.269 Y115.116 E51.30011
G1 X122.464 Y115.146 E51.30259
G1 X122.837 Y115.246 E51.30743
G1 X122.855 Y115.253 E51.30767
G1 X122.856 Y115.737 E51.31374
G1 X122.541 Y115.653 E51.31536
G1 X122.325 Y115.62 E51.3181
G1 X122.212 Y115.608 E51.31952
G1 X121.896 Y115.602 E51.32349
G1 X121.784 Y115.609 E51.32489
G1 X121.675 Y115.62 E51.32627
G1 X121.459 Y115.653 E51.32901
G0 F7200 X121.266 Y115.704
G0 X121.372 Y115.432
;TYPE:SKIN
G1 F1800 X121.606 Y115.383 E51.32992
G1 X122.463 Y115.392 E51.3332
G0 F7200 X122.47 Y115.561
G1 F1500 E44.8332
G0 F7200 X122.473 Y115.542
G0 X121.157 Y112.722
G1 F1500 E51.3332
G0 F7200 X121.459 Y112.653
;TYPE:WALL-OUTER
G1 F1800 X121.145 Y112.737 E51.33728
G1 X121.145 Y112.253 E51.34335
G1 X121.163 Y112.246 E51.34359
G1 X121.536 Y112.146 E51.34843
G1 X121.731 Y112.116 E51.35091
G1 X121.812 Y112.108 E51.35193
G1 X122.092 Y112.102 E51.35544
G1 X122.188 Y112.108 E51.35665
G1 X122.269 Y112.116 E51.35767
G1 X122.464 Y112.146 E51.36014
G1 X122.837 Y112.246 E51.36498
G1 X122.855 Y112.253 E51.36523
G1 X122.855 Y112.737 E51.3713
G1 X122.541 Y112.653 E51.37537
G1 X122.325 Y112.62 E51.37811
G1 X122.216 Y112.609 E51.37949
G1 X122.104 Y112.602 E51.38089
G1 X121.788 Y112.608 E51.38486
G1 X121.675 Y112.62 E51.38628
G1 X121.459 Y112.653 E51.38902
G0 F7200 X121.266 Y112.704
G0 X121.463 Y112.412
;TYPE:SKIN
G1 F1800 X121.703 Y112.369 E51.38994
G1 X122.607 Y112.425 E51.39333
G0 F7200 X122.491 Y112.241
G0 X122.487 Y112.255
G0 X121.157 Y109.722
G0 X121.459 Y109.653
;TYPE:WALL-OUTER
G1 F1800 X121.145 Y109.737 E51.3974
G1 X121.145 Y109.253 E51.40347
G1 X121.163 Y109.246 E51.40371
G1 X121.536 Y109.146 E51.40856
G1 X121.731 Y109.116 E51.41103
G1 X121.812 Y109.108 E51.41205
G1 X122.092 Y109.102 E51.41556
G1 X122.188 Y109.108 E51.41677
G1 X122.269 Y109.116 E51.41779
G1 X122.464 Y109.146 E51.42027
G1 X122.837 Y109.246 E51.42511
G1 X122.855 Y109.253 E51.42535
G1 X122.856 Y109.737 E51.43142
G1 X122.541 Y109.653 E51.43304
G1 X122.325 Y109.62 E51.43578
G1 X122.212 Y109.608 E51.4372
G1 X121.896 Y109.602 E51.44116
G1 X121.784 Y109.609 E51.44257
G1 X121.675 Y109.62 E51.44395
G1 X121.459 Y109.653 E51.44669
G0 F7200 X121.266 Y109.704
G0 X121.555 Y109.393
;TYPE:SKIN
G1 F1800 X121.804 Y109.359 E51.44776
G1 X122.393 Y109.382 E51.45027
G0 F7200 X122.403 Y109.543
G0 X122.405 Y109.531
G0 X123.72 Y109.568
G0 X128.28 Y109.569
G0 X129.439 Y109.556
G0 X129.459 Y109.653
;TYPE:WALL-OUTER
G1 F1800 X129.145 Y109.737 E51.45435
G1 X129.145 Y109.253 E51.46042
G1 X129.163 Y109.246 E51.46066
G1 X129.536 Y109.146 E51.4655
G1 X129.731 Y109.116 E51.46798
G1 X129.812 Y109.108 E51.469
G1 X129.908 Y109.102 E51.4702
G1 X130.189 Y109.108 E51.47373
G1 X130.269 Y109.116 E51.47474
G1 X130.464 Y109.146 E51.47721
G1 X130.837 Y109.246 E51.48205
G1 X130.855 Y109.253 E51.4823
G1 X130.856 Y109.737 E51.48836
G1 X130.541 Y109.653 E51.48998
G1 X130.325 Y109.62 E51.49272
G1 X130.212 Y109.608 E51.49415
G1 X129.896 Y109.602 E51.49811
G1 X129.784 Y109.609 E51.49952
G1 X129.675 Y109.62 E51.50089
G1 X129.459 Y109.653 E51.50363
G0 F7200 X129.266 Y109.704
G0 X129.489 Y109.407
;TYPE:SKIN
G1 F1800 X129.731 Y109.366 E51.50448
G1 X130.628 Y109.414 E51.50761
G0 F7200 X130.486 Y109.24
G0 X130.483 Y109.253
G0 X129.455 Y109.634
G0 X129.733 Y112.135
G0 X129.459 Y112.653
;TYPE:WALL-OUTER
G1 F1800 X129.145 Y112.737 E51.51169
G1 X129.145 Y112.253 E51.51776
G1 X129.163 Y112.246 E51.518
G1 X129.536 Y112.146 E51.52284
G1 X129.731 Y112.116 E51.52532
G1 X129.812 Y112.108 E51.52634
G1 X129.908 Y112.102 E51.52754
G1 X130.189 Y112.108 E51.53107
G1 X130.269 Y112.116 E51.53208
G1 X130.464 Y112.146 E51.53455
G1 X130.837 Y112.246 E51.53939
G1 X130.855 Y112.253 E51.53963
G1 X130.855 Y112.737 E51.5457
G1 X130.541 Y112.653 E51.54978
G1 X130.325 Y112.62 E51.55252
G1 X130.212 Y112.608 E51.55395
G1 X129.896 Y112.602 E51.55791
G1 X129.784 Y112.609 E51.55932
G1 X129.675 Y112.62 E51.56069
G1 X129.459 Y112.653 E51.56343
G0 F7200 X129.266 Y112.704
G0 X129.397 Y112.426
;TYPE:SKIN
G1 F1800 X129.632 Y112.378 E51.56435
G1 X130.502 Y112.4 E51.56769
G0 F7200 X130.506 Y112.571
G0 X130.51 Y112.547
G0 X130.188 Y115.127
G0 X129.459 Y115.653
;TYPE:WALL-OUTER
G1 F1800 X129.145 Y115.737 E51.57176
G1 X129.145 Y115.253 E51.57783
G1 X129.163 Y115.246 E51.57807
G1 X129.536 Y115.146 E51.58292
G1 X129.731 Y115.116 E51.58539
G1 X129.812 Y115.108 E51.58641
G1 X129.908 Y115.102 E51.58762
G1 X130.189 Y115.108 E51.59114
G1 X130.269 Y115.116 E51.59215
G1 X130.464 Y115.146 E51.59463
G1 X130.837 Y115.246 E51.59947
G1 X130.855 Y115.253 E51.59971
G1 X130.856 Y115.737 E51.60578
G1 X130.541 Y115.653 E51.6074
G1 X130.325 Y115.62 E51.61014
G1 X130.212 Y115.608 E51.61156
G1 X129.896 Y115.602 E51.61552
G1 X129.784 Y115.609 E51.61693
G1 X129.675 Y115.62 E51.61831
G1 X129.459 Y115.653 E51.62105
G0 F7200 X129.266 Y115.704
G0 X129.539 Y115.397
;TYPE:SKIN
G1 F1800 X129.785 Y115.36 E51.6221
G1 X130.369 Y115.378 E51.62458
G0 F7200 X130.379 Y115.537
G0 X130.381 Y115.528
G0 X129.733 Y118.135
G0 X129.459 Y118.653
;TYPE:WALL-OUTER
G1 F1800 X129.145 Y118.737 E51.62866
G1 X129.145 Y118.253 E51.63473
G1 X129.163 Y118.246 E51.63497
G1 X129.536 Y118.146 E51.63982
G1 X129.731 Y118.116 E51.64229
G1 X129.812 Y118.108 E51.64331
G1 X130.092 Y118.102 E51.64682
G1 X130.188 Y118.108 E51.64803
G1 X130.269 Y118.116 E51.64905
G1 X130.464 Y118.146 E51.65152
G1 X130.837 Y118.246 E51.65637
G1 X130.855 Y118.253 E51.65661
G1 X130.856 Y118.737 E51.66268
G1 X130.541 Y118.653 E51.66429
G1 X130.325 Y118.62 E51.66703
G1 X130.216 Y118.609 E51.66841
G1 X130.104 Y118.602 E51.66982
G1 X129.788 Y118.608 E51.67378
G1 X129.675 Y118.62 E51.6752
G1 X129.459 Y118.653 E51.67794
G0 F7200 X129.266 Y118.704
G0 X129.447 Y118.416
;TYPE:SKIN
G1 F1800 X129.685 Y118.371 E51.67886
G1 X130.583 Y118.421 E51.68228
G0 F7200 X130.607 Y118.598
;MESH:NONMESH
G0 F600 X130.607 Y118.598 Z12.8
G0 F7200 X130.614 Y118.57
G0 X129.161 Y118.264
G0 X123.712 Y114.662
G0 X121.299 Y113.591
G0 X120.298 Y113.954
G0 X115.72 Y109.721
G0 X114.339 Y109.6
G0 X113.459 Y109.653
;TIME_ELAPSED:613.706466
;LAYER:63
;TYPE:WALL-OUTER
;MESH:output\B_media_suporte.stl
G1 F1800 X113.355 Y109.681 E51.68363
G1 X113.355 Y109.195 E51.68972
G1 X113.536 Y109.146 E51.69207
G1 X113.731 Y109.116 E51.69455
G1 X113.812 Y109.108 E51.69557
G1 X114.092 Y109.102 E51.69908
G1 X114.188 Y109.108 E51.70029
G1 X114.269 Y109.116 E51.70131
G1 X114.464 Y109.146 E51.70378
G1 X114.645 Y109.195 E51.70613
G1 X114.645 Y109.681 E51.71223
G1 X114.541 Y109.653 E51.71358
G1 X114.325 Y109.62 E51.71632
G1 X114.216 Y109.609 E51.71769
G1 X114.104 Y109.602 E51.7191
G1 X113.788 Y109.608 E51.72306
G1 X113.675 Y109.62 E51.72449
G1 X113.459 Y109.653 E51.72723
G0 F7200 X113.355 Y109.681
G0 X113.355 Y109.588
G0 X113.803 Y109.358
;TYPE:SKIN
G1 F1800 X114.09 Y109.354 E51.72873
G1 X114.35 Y109.377 E51.73009
G0 F7200 X114.412 Y109.229
G0 X114.41 Y109.238
G0 X113.455 Y109.634
G0 X113.733 Y112.135
G0 X113.459 Y112.653
;TYPE:WALL-OUTER
G1 F1800 X113.355 Y112.681 E51.73144
G1 X113.355 Y112.195 E51.73754
G1 X113.536 Y112.146 E51.73989
G1 X113.731 Y112.116 E51.74236
G1 X113.812 Y112.108 E51.74338
G1 X114.092 Y112.102 E51.74689
G1 X114.188 Y112.108 E51.7481
G1 X114.269 Y112.116 E51.74912
G1 X114.464 Y112.146 E51.7516
G1 X114.645 Y112.195 E51.75395
G1 X114.645 Y112.681 E51.76004
G1 X114.541 Y112.653 E51.76139
G1 X114.325 Y112.62 E51.76413
G1 X114.216 Y112.609 E51.76551
G1 X114.104 Y112.602 E51.76691
G1 X113.788 Y112.608 E51.77088
G1 X113.675 Y112.62 E51.7723
G1 X113.459 Y112.653 E51.77504
G0 F7200 X113.355 Y112.681
G0 X113.355 Y112.588
G0 X113.61 Y112.38
;TYPE:SKIN
G1 F1800 X113.918 Y112.355 E51.77635
G1 X114.426 Y112.413 E51.77852
G0 F7200 X114.263 Y112.21
G0 X114.262 Y112.215
G0 X113.733 Y115.135
G0 X113.459 Y115.653
;TYPE:WALL-OUTER
G1 F1800 X113.355 Y115.681 E51.77987
G1 X113.355 Y115.195 E51.78597
G1 X113.536 Y115.146 E51.78832
G1 X113.731 Y115.116 E51.79079
G1 X113.812 Y115.108 E51.79182
G1 X114.092 Y115.102 E51.79533
G1 X114.188 Y115.108 E51.79653
G1 X114.269 Y115.116 E51.79755
G1 X114.464 Y115.146 E51.80003
G1 X114.645 Y115.195 E51.80238
G1 X114.645 Y115.681 E51.80847
G1 X114.541 Y115.653 E51.80983
G1 X114.325 Y115.62 E51.81257
G1 X114.216 Y115.609 E51.81394
G1 X114.104 Y115.602 E51.81535
G1 X113.788 Y115.608 E51.81931
G1 X113.675 Y115.62 E51.82074
G1 X113.459 Y115.653 E51.82348
G0 F7200 X113.355 Y115.681
G0 X113.355 Y115.588
G0 X113.738 Y115.363
;TYPE:SKIN
G1 F1800 X114.032 Y115.352 E51.82505
G1 X114.298 Y115.369 E51.82648
G0 F7200 X114.345 Y115.218
G0 X114.342 Y115.227
G0 X113.733 Y118.135
G0 X113.459 Y118.653
;TYPE:WALL-OUTER
G1 F1800 X113.355 Y118.681 E51.82783
G1 X113.355 Y118.195 E51.83392
G1 X113.536 Y118.146 E51.83627
G1 X113.731 Y118.116 E51.83875
G1 X113.812 Y118.108 E51.83977
G1 X114.092 Y118.102 E51.84328
G1 X114.188 Y118.108 E51.84449
G1 X114.269 Y118.116 E51.84551
G1 X114.464 Y118.146 E51.84798
G1 X114.645 Y118.195 E51.85033
G1 X114.645 Y118.681 E51.85643
G1 X114.541 Y118.653 E51.85778
G1 X114.325 Y118.62 E51.86052
G1 X114.216 Y118.609 E51.86189
G1 X114.104 Y118.602 E51.8633
G1 X113.788 Y118.608 E51.86726
G1 X113.675 Y118.62 E51.86869
G1 X113.459 Y118.653 E51.87143
G0 F7200 X113.355 Y118.681
G0 X113.355 Y118.588
G0 X113.574 Y118.355
;TYPE:SKIN
G1 F1800 X113.857 Y118.356 E51.8725
G1 X114.395 Y118.383 E51.87455
G0 F7200 X114.431 Y118.231
G0 X114.429 Y118.241
G0 X115.51 Y118.556
G0 X120.49 Y118.556
G0 X121.459 Y118.653
;TYPE:WALL-OUTER
G1 F1800 X121.355 Y118.681 E51.87591
G1 X121.355 Y118.195 E51.882
G1 X121.536 Y118.146 E51.88435
G1 X121.731 Y118.116 E51.88683
G1 X121.812 Y118.108 E51.88785
G1 X122.092 Y118.102 E51.89136
G1 X122.188 Y118.108 E51.89256
G1 X122.269 Y118.116 E51.89359
G1 X122.464 Y118.146 E51.89606
G1 X122.645 Y118.195 E51.89841
G1 X122.645 Y118.681 E51.90451
G1 X122.541 Y118.653 E51.90586
G1 X122.325 Y118.62 E51.9086
G1 X122.216 Y118.609 E51.90997
G1 X122.104 Y118.602 E51.91138
G1 X121.788 Y118.608 E51.91534
G1 X121.675 Y118.62 E51.91677
G1 X121.459 Y118.653 E51.91951
G0 F7200 X121.355 Y118.681
G0 X121.355 Y118.588
G0 X121.771 Y118.36
;TYPE:SKIN
G1 F1800 X122.062 Y118.353 E51.92104
G1 X122.325 Y118.373 E51.92244
G0 F7200 X122.387 Y118.225
G0 X122.385 Y118.234
G0 X121.367 Y115.666
G0 X121.459 Y115.653
;TYPE:WALL-OUTER
G1 F1800 X121.355 Y115.681 E51.92379
G1 X121.355 Y115.195 E51.92988
G1 X121.536 Y115.146 E51.93224
G1 X121.731 Y115.116 E51.93471
G1 X121.812 Y115.108 E51.93573
G1 X121.908 Y115.102 E51.93694
G1 X122.189 Y115.108 E51.94046
G1 X122.269 Y115.116 E51.94147
G1 X122.464 Y115.146 E51.94394
G1 X122.645 Y115.195 E51.9463
G1 X122.645 Y115.681 E51.95239
G1 X122.541 Y115.653 E51.95374
G1 X122.325 Y115.62 E51.95648
G1 X122.212 Y115.608 E51.95791
G1 X121.896 Y115.602 E51.96187
G1 X121.784 Y115.609 E51.96328
G1 X121.675 Y115.62 E51.96465
G1 X121.459 Y115.653 E51.96739
G0 F7200 X121.355 Y115.681
G0 X121.355 Y115.588
G0 X121.645 Y115.376
;TYPE:SKIN
G1 F1800 X121.951 Y115.352 E51.96898
G1 X122.224 Y115.362 E51.97039
G0 F7200 X122.275 Y115.211
G0 X122.274 Y115.217
G0 X121.367 Y112.666
G0 X121.459 Y112.653
;TYPE:WALL-OUTER
G1 F1800 X121.355 Y112.681 E51.97174
G1 X121.355 Y112.195 E51.97784
G1 X121.536 Y112.146 E51.98019
G1 X121.731 Y112.116 E51.98266
G1 X121.812 Y112.108 E51.98369
G1 X122.092 Y112.102 E51.9872
G1 X122.188 Y112.108 E51.9884
G1 X122.269 Y112.116 E51.98942
G1 X122.464 Y112.146 E51.9919
G1 X122.645 Y112.195 E51.99425
G1 X122.645 Y112.681 E52.00034
G1 X122.541 Y112.653 E52.0017
G1 X122.325 Y112.62 E52.00444
G1 X122.216 Y112.609 E52.00581
G1 X122.104 Y112.602 E52.00722
G1 X121.788 Y112.608 E52.01118
G1 X121.675 Y112.62 E52.01261
G1 X121.459 Y112.653 E52.01535
G0 F7200 X121.355 Y112.681
G0 X121.355 Y112.588
G0 X121.836 Y112.356
;TYPE:SKIN
G1 F1800 X122.121 Y112.354 E52.01683
G1 X122.377 Y112.38 E52.01816
G0 F7200 X122.438 Y112.233
G0 X122.436 Y112.242
G0 X121.367 Y109.666
G0 X121.459 Y109.653
;TYPE:WALL-OUTER
G1 F1800 X121.355 Y109.681 E52.01952
G1 X121.355 Y109.195 E52.02561
G1 X121.536 Y109.146 E52.02796
G1 X121.731 Y109.116 E52.03044
G1 X121.812 Y109.108 E52.03146
G1 X122.092 Y109.102 E52.03497
G1 X122.188 Y109.108 E52.03617
G1 X122.269 Y109.116 E52.0372
G1 X122.464 Y109.146 E52.03967
G1 X122.645 Y109.195 E52.04202
G1 X122.645 Y109.681 E52.04812
G1 X122.541 Y109.653 E52.04947
G1 X122.325 Y109.62 E52.05221
G1 X122.212 Y109.608 E52.05363
G1 X121.896 Y109.602 E52.0576
G1 X121.784 Y109.609 E52.059
G1 X121.675 Y109.62 E52.06038
G1 X121.459 Y109.653 E52.06312
G0 F7200 X121.355 Y109.681
G0 X121.355 Y109.588
G0 X121.715 Y109.366
;TYPE:SKIN
G1 F1800 X122.011 Y109.352 E52.06467
G1 X122.279 Y109.367 E52.06609
G0 F7200 X122.328 Y109.216
G0 X122.326 Y109.225
G0 X123.51 Y109.556
G0 X128.49 Y109.556
G0 X129.459 Y109.653
;TYPE:WALL-OUTER
G1 F1800 X129.355 Y109.681 E52.06744
G1 X129.355 Y109.195 E52.07353
G1 X129.536 Y109.146 E52.07588
G1 X129.731 Y109.116 E52.07836
G1 X129.812 Y109.108 E52.07938
G1 X129.908 Y109.102 E52.08058
G1 X130.189 Y109.108 E52.08411
G1 X130.269 Y109.116 E52.08512
G1 X130.464 Y109.146 E52.08759
G1 X130.645 Y109.195 E52.08994
G1 X130.645 Y109.681 E52.09604
G1 X130.541 Y109.653 E52.09739
G1 X130.325 Y109.62 E52.10013
G1 X130.212 Y109.608 E52.10155
G1 X129.896 Y109.602 E52.10552
G1 X129.784 Y109.609 E52.10692
G1 X129.675 Y109.62 E52.1083
G1 X129.459 Y109.653 E52.11104
G0 F7200 X129.355 Y109.681
G0 X129.355 Y109.588
G0 X129.621 Y109.379
;TYPE:SKIN
G1 F1800 X129.931 Y109.352 E52.11233
G1 X130.431 Y109.419 E52.11444
G0 F7200 X130.265 Y109.21
G0 X130.263 Y109.215
G0 X129.733 Y112.135
G0 X129.459 Y112.653
;TYPE:WALL-OUTER
G1 F1800 X129.355 Y112.681 E52.11579
G1 X129.355 Y112.195 E52.12188
G1 X129.536 Y112.146 E52.12424
G1 X129.731 Y112.116 E52.12671
G1 X129.812 Y112.108 E52.12773
G1 X129.908 Y112.102 E52.12894
G1 X130.189 Y112.108 E52.13246
G1 X130.269 Y112.116 E52.13347
G1 X130.464 Y112.146 E52.13594
G1 X130.645 Y112.195 E52.13829
G1 X130.645 Y112.681 E52.14439
G1 X130.541 Y112.653 E52.14574
G1 X130.325 Y112.62 E52.14848
G1 X130.212 Y112.608 E52.14991
G1 X129.896 Y112.602 E52.15387
G1 X129.784 Y112.609 E52.15528
G1 X129.675 Y112.62 E52.15665
G1 X129.459 Y112.653 E52.15939
G0 F7200 X129.355 Y112.681
G0 X129.355 Y112.588
G0 X129.749 Y112.362
;TYPE:SKIN
G1 F1800 X130.04 Y112.355 E52.16092
G1 X130.307 Y112.371 E52.16232
G0 F7200 X130.355 Y112.219
G0 X130.353 Y112.229
G0 X129.733 Y115.135
G0 X129.459 Y115.653
;TYPE:WALL-OUTER
G1 F1800 X129.355 Y115.681 E52.16367
G1 X129.355 Y115.195 E52.16976
G1 X129.536 Y115.146 E52.17212
G1 X129.731 Y115.116 E52.17459
G1 X129.812 Y115.108 E52.17561
G1 X129.908 Y115.102 E52.17682
G1 X130.189 Y115.108 E52.18034
G1 X130.269 Y115.116 E52.18135
G1 X130.464 Y115.146 E52.18382
G1 X130.645 Y115.195 E52.18618
G1 X130.645 Y115.681 E52.19227
G1 X130.541 Y115.653 E52.19362
G1 X130.325 Y115.62 E52.19636
G1 X130.212 Y115.608 E52.19779
G1 X129.896 Y115.602 E52.20175
G1 X129.784 Y115.609 E52.20316
G1 X129.675 Y115.62 E52.20453
G1 X129.459 Y115.653 E52.20727
G0 F7200 X129.355 Y115.681
G0 X129.355 Y115.588
G0 X129.58 Y115.361
;TYPE:SKIN
G1 F1800 X129.869 Y115.354 E52.20842
G1 X130.403 Y115.385 E52.21056
G0 F7200 X130.439 Y115.233
G0 X130.437 Y115.242
G0 X129.455 Y115.634
G0 X129.733 Y118.135
G0 X129.459 Y118.653
;TYPE:WALL-OUTER
G1 F1800 X129.355 Y118.681 E52.21191
G1 X129.355 Y118.195 E52.21801
G1 X129.536 Y118.146 E52.22036
G1 X129.731 Y118.116 E52.22283
G1 X129.812 Y118.108 E52.22385
G1 X130.092 Y118.102 E52.22736
G1 X130.188 Y118.108 E52.22857
G1 X130.269 Y118.116 E52.22959
G1 X130.464 Y118.146 E52.23206
G1 X130.645 Y118.195 E52.23442
G1 X130.645 Y118.681 E52.24051
G1 X130.541 Y118.653 E52.24186
G1 X130.325 Y118.62 E52.2446
G1 X130.216 Y118.609 E52.24598
G1 X130.104 Y118.602 E52.24738
G1 X129.788 Y118.608 E52.25135
G1 X129.675 Y118.62 E52.25277
G1 X129.459 Y118.653 E52.25551
G0 F7200 X129.355 Y118.681
G0 X129.355 Y118.588
G0 X129.681 Y118.37
;TYPE:SKIN
G1 F1800 X129.981 Y118.353 E52.2571
G1 X130.253 Y118.365 E52.25854
G0 F7200 X130.301 Y118.214
;MESH:NONMESH
G0 F600 X130.301 Y118.214 Z13
G0 F7200 X130.299 Y118.221
G0 X128.49 Y118.207
G0 X123.501 Y114.537
G0 X120.506 Y113.786
G0 X115.51 Y109.666
G0 X113.663 Y109.521
G0 X113.675 Y109.62
;TIME_ELAPSED:616.975724
;LAYER:64
;TYPE:WALL-OUTER
;MESH:output\B_media_suporte.stl
G1 F1392.7 X113.565 Y109.637 E52.25993
G1 X113.565 Y109.142 E52.26614
G1 X113.731 Y109.116 E52.26825
G1 X113.812 Y109.108 E52.26927
G1 X114.091 Y109.102 E52.27277
G1 X114.224 Y109.111 E52.27444
G1 X114.33 Y109.125 E52.27578
G1 X114.435 Y109.142 E52.27711
G1 X114.435 Y109.636 E52.28331
G1 X114.324 Y109.619 E52.28472
G1 X114.104 Y109.602 E52.28748
G1 X113.788 Y109.608 E52.29145
G1 X113.675 Y109.62 E52.29287
G0 F7200 X113.565 Y109.637
G0 X113.565 Y109.548
G0 X113.881 Y109.356
;TYPE:SKIN
G1 F1392.7 X114.165 Y109.357 E52.29484
G0 F7200 X114.198 Y109.514
G0 X114.198 Y109.509
G0 X113.813 Y112.127
G0 X113.675 Y112.62
;TYPE:WALL-OUTER
G1 F1392.7 X113.565 Y112.637 E52.29624
G1 X113.565 Y112.142 E52.30244
G1 X113.731 Y112.116 E52.30455
G1 X113.812 Y112.108 E52.30557
G1 X114.091 Y112.102 E52.30907
G1 X114.224 Y112.111 E52.31074
G1 X114.33 Y112.125 E52.31208
G1 X114.435 Y112.142 E52.31342
G1 X114.435 Y112.636 E52.31961
G1 X114.324 Y112.619 E52.32102
G1 X114.104 Y112.602 E52.32379
G1 X113.788 Y112.608 E52.32775
G1 X113.675 Y112.62 E52.32918
G0 F7200 X113.565 Y112.637
G0 X113.565 Y112.548
G0 X113.792 Y112.378
;TYPE:SKIN
G1 F1392.7 X114.049 Y112.352 E52.33071
G0 F7200 X114.094 Y112.504
G1 F1500 E45.83071
G0 F7200 X114.095 Y112.502
G0 X113.813 Y115.127
G1 F1500 E52.33071
G0 F7200 X113.675 Y115.62
;TYPE:WALL-OUTER
G1 F1392.7 X113.565 Y115.637 E52.3321
G1 X113.565 Y115.142 E52.33831
G1 X113.731 Y115.116 E52.34042
G1 X113.812 Y115.108 E52.34144
G1 X114.091 Y115.102 E52.34494
G1 X114.224 Y115.111 E52.34661
G1 X114.33 Y115.125 E52.34795
G1 X114.435 Y115.142 E52.34929
G1 X114.435 Y115.636 E52.35548
G1 X114.324 Y115.619 E52.35689
G1 X114.104 Y115.602 E52.35966
G1 X113.788 Y115.608 E52.36362
G1 X113.675 Y115.62 E52.36504
G0 F7200 X113.565 Y115.637
G0 X113.565 Y115.548
G0 X113.939 Y115.353
;TYPE:SKIN
G1 F1392.7 X114.205 Y115.336 E52.3666
G0 F7200 X114.033 Y115.203
G1 F1500 E45.8666
G0 F7200 X114.032 Y115.204
G0 X113.813 Y118.127
G1 F1500 E52.3666
G0 F7200 X113.675 Y118.62
;TYPE:WALL-OUTER
G1 F1392.7 X113.565 Y118.637 E52.368
G1 X113.565 Y118.142 E52.37421
G1 X113.731 Y118.116 E52.37631
G1 X113.812 Y118.108 E52.37733
G1 X114.091 Y118.102 E52.38083
G1 X114.224 Y118.111 E52.3825
G1 X114.33 Y118.125 E52.38385
G1 X114.435 Y118.142 E52.38518
G1 X114.435 Y118.636 E52.39137
G1 X114.324 Y118.619 E52.39278
G1 X114.104 Y118.602 E52.39555
G1 X113.788 Y118.608 E52.39951
G1 X113.675 Y118.62 E52.40094
G0 F7200 X113.565 Y118.637
G0 X113.565 Y118.548
G0 X113.832 Y118.357
;TYPE:SKIN
G1 F1392.7 X114.111 Y118.353 E52.40285
G0 F7200 X114.162 Y118.508
G0 X114.162 Y118.506
G0 X115.3 Y118.521
G0 X120.7 Y118.521
G0 X121.675 Y118.62
;TYPE:WALL-OUTER
G1 F1392.7 X121.565 Y118.637 E52.40425
G1 X121.565 Y118.142 E52.41045
G1 X121.731 Y118.116 E52.41256
G1 X121.812 Y118.108 E52.41358
G1 X122.091 Y118.102 E52.41708
G1 X122.224 Y118.111 E52.41875
G1 X122.33 Y118.125 E52.42009
G1 X122.435 Y118.142 E52.42143
G1 X122.435 Y118.636 E52.42762
G1 X122.324 Y118.619 E52.42903
G1 X122.104 Y118.602 E52.4318
G1 X121.788 Y118.608 E52.43576
G1 X121.675 Y118.62 E52.43719
G0 F7200 X121.565 Y118.637
G0 X121.565 Y118.548
G0 X121.781 Y118.387
;TYPE:SKIN
G1 F1392.7 X122.03 Y118.353 E52.43855
G0 F7200 X122.086 Y118.503
G1 F1500 E45.93855
G0 F7200 X122.087 Y118.502
G0 X121.577 Y115.622
G1 F1500 E52.43855
G0 F7200 X121.674 Y115.62
;TYPE:WALL-OUTER
G1 F1392.7 X121.565 Y115.637 E52.43994
G1 X121.565 Y115.142 E52.44615
G1 X121.731 Y115.116 E52.44825
G1 X121.909 Y115.102 E52.45049
G1 X122.189 Y115.108 E52.454
G1 X122.269 Y115.116 E52.45501
G1 X122.435 Y115.142 E52.45712
G1 X122.435 Y115.637 E52.46333
G1 X122.325 Y115.62 E52.46472
G1 X122.212 Y115.608 E52.46615
G1 X121.895 Y115.602 E52.47012
G1 X121.745 Y115.612 E52.47201
G1 X121.674 Y115.62 E52.4729
G0 F7200 X121.565 Y115.637
G0 X121.565 Y115.547
G0 X121.86 Y115.355
;TYPE:SKIN
G1 F1392.7 X122.144 Y115.356 E52.47479
G0 F7200 X122.173 Y115.51
G0 X122.173 Y115.508
G0 X121.577 Y112.622
G0 X121.675 Y112.62
;TYPE:WALL-OUTER
G1 F1392.7 X121.565 Y112.637 E52.47619
G1 X121.565 Y112.142 E52.4824
G1 X121.731 Y112.116 E52.4845
G1 X121.812 Y112.108 E52.48552
G1 X122.091 Y112.102 E52.48902
G1 X122.224 Y112.111 E52.49069
G1 X122.33 Y112.125 E52.49204
G1 X122.435 Y112.142 E52.49337
G1 X122.435 Y112.636 E52.49956
G1 X122.324 Y112.619 E52.50097
G1 X122.104 Y112.602 E52.50374
G1 X121.788 Y112.608 E52.5077
G1 X121.675 Y112.62 E52.50913
G0 F7200 X121.565 Y112.637
G0 X121.565 Y112.548
G0 X121.97 Y112.354
;TYPE:SKIN
G1 F1392.7 X122.221 Y112.322 E52.51037
G0 F7200 X122.037 Y112.504
G1 F1500 E46.01037
G0 F7200 X122.038 Y112.503
G0 X121.577 Y109.622
G1 F1500 E52.51037
G0 F7200 X121.674 Y109.62
;TYPE:WALL-OUTER
G1 F1392.7 X121.565 Y109.637 E52.51175
G1 X121.565 Y109.142 E52.51796
G1 X121.731 Y109.116 E52.52007
G1 X121.812 Y109.108 E52.52109
G1 X122.091 Y109.102 E52.52459
G1 X122.224 Y109.111 E52.52626
G1 X122.33 Y109.125 E52.5276
G1 X122.435 Y109.142 E52.52893
G1 X122.435 Y109.637 E52.53514
G1 X122.325 Y109.62 E52.53654
G1 X122.212 Y109.608 E52.53796
G1 X121.895 Y109.602 E52.54194
G1 X121.745 Y109.612 E52.54382
G1 X121.674 Y109.62 E52.54472
G0 F7200 X121.565 Y109.637
G0 X121.565 Y109.547
G0 X121.806 Y109.361
;TYPE:SKIN
G1 F1392.7 X122.082 Y109.354 E52.54655
G0 F7200 X122.121 Y109.505
G0 X123.3 Y109.521
G0 X128.7 Y109.521
G0 X129.674 Y109.62
;TYPE:WALL-OUTER
G1 F1392.7 X129.565 Y109.637 E52.54793
G1 X129.565 Y109.142 E52.55414
G1 X129.731 Y109.116 E52.55625
G1 X129.909 Y109.102 E52.55849
G1 X130.189 Y109.108 E52.562
G1 X130.269 Y109.116 E52.56301
G1 X130.435 Y109.142 E52.56512
G1 X130.435 Y109.637 E52.57132
G1 X130.325 Y109.62 E52.57272
G1 X130.212 Y109.608 E52.57414
G1 X129.895 Y109.602 E52.57812
G1 X129.745 Y109.612 E52.58001
G1 X129.674 Y109.62 E52.5809
G0 F7200 X129.565 Y109.637
G0 X129.565 Y109.547
G0 X129.945 Y109.298
;TYPE:SKIN
G1 F1392.7 X130.057 Y109.409 E52.58189
G0 F7200 X130.055 Y109.505
G1 F1500 E46.08189
G0 F7200 X130.188 Y112.127
G1 F1500 E52.58189
G0 F7200 X130.435 Y112.142
;TYPE:WALL-OUTER
G1 F1392.7 X130.435 Y112.637 E52.5881
G1 X130.325 Y112.62 E52.58949
G1 X130.212 Y112.608 E52.59092
G1 X129.895 Y112.602 E52.59489
G1 X129.744 Y112.612 E52.59679
G1 X129.565 Y112.636 E52.59906
G1 X129.565 Y112.142 E52.60525
G1 X129.731 Y112.116 E52.60736
G1 X129.909 Y112.102 E52.6096
G1 X130.189 Y112.108 E52.61311
G1 X130.269 Y112.116 E52.61412
G1 X130.435 Y112.142 E52.61623
G0 F7200 X130.435 Y112.342
G0 X130.176 Y112.357
;TYPE:SKIN
G1 F1392.7 X129.89 Y112.354 E52.61813
G0 F7200 X129.834 Y112.204
G1 F1500 E46.11813
G0 F7200 X129.833 Y112.209
G0 X129.733 Y115.135
G1 F1500 E52.61813
G0 F7200 X129.674 Y115.62
;TYPE:WALL-OUTER
G1 F1392.7 X129.565 Y115.637 E52.61951
G1 X129.565 Y115.142 E52.62572
G1 X129.731 Y115.116 E52.62782
G1 X129.909 Y115.102 E52.63006
G1 X130.189 Y115.108 E52.63357
G1 X130.269 Y115.116 E52.63458
G1 X130.435 Y115.142 E52.63669
G1 X130.435 Y115.637 E52.6429
G1 X130.325 Y115.62 E52.64429
G1 X130.212 Y115.608 E52.64572
G1 X129.895 Y115.602 E52.64969
G1 X129.745 Y115.612 E52.65158
G1 X129.674 Y115.62 E52.65248
G0 F7200 X129.565 Y115.637
G0 X129.565 Y115.547
G0 X129.796 Y115.371
;TYPE:SKIN
G1 F1392.7 X130.062 Y115.354 E52.65412
G0 F7200 X130.116 Y115.506
G1 F1500 E46.15412
G0 F7200 X129.813 Y118.127
G1 F1500 E52.65412
G0 F7200 X129.675 Y118.62
;TYPE:WALL-OUTER
G1 F1392.7 X129.565 Y118.637 E52.65552
G1 X129.565 Y118.142 E52.66173
G1 X129.731 Y118.116 E52.66383
G1 X129.812 Y118.108 E52.66485
G1 X130.091 Y118.102 E52.66835
G1 X130.224 Y118.111 E52.67002
G1 X130.33 Y118.125 E52.67137
G1 X130.435 Y118.142 E52.6727
G1 X130.435 Y118.636 E52.67889
G1 X130.324 Y118.619 E52.6803
G1 X130.104 Y118.602 E52.68307
G1 X129.788 Y118.608 E52.68703
G1 X129.675 Y118.62 E52.68846
G0 F7200 X129.565 Y118.637
G0 X129.565 Y118.548
G0 X129.951 Y118.354
;TYPE:SKIN
G1 F1392.7 X130.211 Y118.332 E52.6899
G0 F7200 X130.033 Y118.203
G1 F1500 E46.1899
;MESH:NONMESH
G0 F600 X130.033 Y118.203 Z13.2
G0 F7200 X130.032 Y118.204
G0 X128.7 Y118.155
G0 X123.291 Y114.476
G0 X120.716 Y113.723
G0 X115.3 Y109.621
G0 X114.106 Y109.503
G1 F1500 E52.6899
G0 F7200 X114.105 Y109.602
;TIME_ELAPSED:624.194767
;LAYER:65
;TYPE:WALL-OUTER
;MESH:output\B_media_suporte.stl
G1 F857.2 X113.784 Y109.608 E52.69392
G1 X113.784 Y109.111 E52.70016
G1 X113.812 Y109.108 E52.70051
G1 X114.102 Y109.102 E52.70415
G1 X114.216 Y109.11 E52.70558
G1 X114.216 Y109.61 E52.71185
G1 X114.105 Y109.602 E52.71325
G0 F7200 X113.905 Y109.605
G0 X113.904 Y109.507
G0 X113.905 Y109.505
G0 X114.102 Y112.121
G0 X114.105 Y112.602
G1 F857.2 X113.784 Y112.608 E52.71727
G1 X113.784 Y112.111 E52.72351
G1 X113.811 Y112.108 E52.72385
G1 X114.102 Y112.102 E52.7275
G1 X114.216 Y112.11 E52.72893
G1 X114.216 Y112.61 E52.7352
G1 X114.105 Y112.602 E52.7366
G0 F7200 X113.905 Y112.605
G0 X113.904 Y112.507
G1 F1500 E46.2366
G0 F7200 X113.905 Y112.505
G0 X114.102 Y115.121
G1 F1500 E52.7366
G0 F7200 X114.105 Y115.602
G1 F857.2 X113.784 Y115.608 E52.74062
G1 X113.784 Y115.111 E52.74685
G1 X113.812 Y115.108 E52.74721
G1 X114.102 Y115.102 E52.75084
G1 X114.216 Y115.11 E52.75228
G1 X114.216 Y115.61 E52.75855
G1 X114.105 Y115.602 E52.75994
G0 F7200 X113.905 Y115.605
G0 X113.979 Y115.406
;TYPE:SKIN
G1 F857.2 X114.02 Y115.364 E52.76031
G0 F7200 X114.184 Y115.364
G0 X114.116 Y115.364
G0 X114.102 Y118.121
G0 X114.105 Y118.602
;TYPE:WALL-OUTER
G1 F857.2 X113.784 Y118.608 E52.76434
G1 X113.784 Y118.111 E52.77057
G1 X113.811 Y118.108 E52.77091
G1 X114.102 Y118.102 E52.77456
G1 X114.216 Y118.11 E52.77599
G1 X114.216 Y118.61 E52.78226
G1 X114.105 Y118.602 E52.78366
G0 F7200 X113.905 Y118.605
G0 X113.904 Y118.507
G0 X113.905 Y118.505
G0 X115.081 Y118.503
G0 X120.919 Y118.503
G0 X122.107 Y118.503
G0 X122.105 Y118.602
G1 F857.2 X121.784 Y118.608 E52.78769
G1 X121.784 Y118.111 E52.79392
G1 X121.811 Y118.108 E52.79426
G1 X122.102 Y118.102 E52.79791
G1 X122.216 Y118.11 E52.79934
G1 X122.216 Y118.61 E52.80561
G1 X122.105 Y118.602 E52.80701
G0 F7200 X121.905 Y118.605
G0 X121.904 Y118.507
G1 F1500 E46.30701
G0 F7200 X121.905 Y118.505
G0 X121.797 Y115.595
G1 F1500 E52.80701
G0 F7200 X121.883 Y115.602
G1 F857.2 X121.784 Y115.609 E52.80825
G1 X121.784 Y115.111 E52.8145
G1 X121.91 Y115.102 E52.81608
G1 X122.189 Y115.108 E52.81958
G1 X122.216 Y115.111 E52.81992
G1 X122.216 Y115.608 E52.82615
G1 X121.883 Y115.602 E52.83033
G0 F7200 X121.784 Y115.609
G0 X121.784 Y115.508
G0 X121.978 Y115.326
;TYPE:SKIN
G1 F857.2 X122.006 Y115.298 E52.83058
G0 F7200 X122.008 Y115.205
G0 X122.203 Y112.596
G0 X122.105 Y112.602
;TYPE:WALL-OUTER
G1 F857.2 X121.784 Y112.608 E52.83461
G1 X121.784 Y112.111 E52.84084
G1 X121.811 Y112.108 E52.84118
G1 X122.102 Y112.102 E52.84483
G1 X122.216 Y112.11 E52.84626
G1 X122.216 Y112.61 E52.85253
G1 X122.105 Y112.602 E52.85393
G0 F7200 X121.905 Y112.605
G0 X121.904 Y112.507
G1 F1500 E46.35393
G0 F7200 X121.905 Y112.505
G0 X121.797 Y109.595
G1 F1500 E52.85393
G0 F7200 X121.883 Y109.602
G1 F857.2 X121.784 Y109.609 E52.85517
G1 X121.784 Y109.111 E52.86142
G1 X121.812 Y109.108 E52.86177
G1 X122.102 Y109.102 E52.86541
G1 X122.216 Y109.11 E52.86684
G1 X122.216 Y109.608 E52.87309
G1 X121.883 Y109.602 E52.87726
G0 F7200 X121.784 Y109.609
G0 X121.784 Y109.508
G0 X121.978 Y109.386
;TYPE:SKIN
G1 F857.2 X122.019 Y109.345 E52.87763
G0 F7200 X122.184 Y109.345
G0 X122.116 Y109.345
G0 X128.919 Y109.503
G0 X129.883 Y109.602
;TYPE:WALL-OUTER
G1 F857.2 X129.784 Y109.609 E52.87887
G1 X129.784 Y109.111 E52.88512
G1 X129.91 Y109.102 E52.8867
G1 X130.189 Y109.108 E52.8902
G1 X130.216 Y109.111 E52.89054
G1 X130.216 Y109.608 E52.89677
G1 X129.883 Y109.602 E52.90095
G0 F7200 X129.784 Y109.609
G0 X129.784 Y109.508
G0 X129.816 Y109.508
G1 F1500 E46.40095
G0 F7200 X129.881 Y109.503
G0 X129.91 Y112.121
G1 F1500 E52.90095
G0 F7200 X129.883 Y112.602
G1 F857.2 X129.784 Y112.609 E52.90219
G1 X129.784 Y112.111 E52.90844
G1 X129.91 Y112.102 E52.91002
G1 X130.189 Y112.108 E52.91352
G1 X130.216 Y112.111 E52.91386
G1 X130.216 Y112.608 E52.9201
G1 X129.883 Y112.602 E52.92427
G0 F7200 X129.784 Y112.609
G0 X129.784 Y112.508
G0 X129.986 Y112.409
;TYPE:SKIN
G1 F857.2 X130.019 Y112.376 E52.92457
G0 F7200 X130.184 Y112.376
G0 X130.116 Y112.376
G0 X129.91 Y115.121
G0 X129.883 Y115.602
;TYPE:WALL-OUTER
G1 F857.2 X129.784 Y115.609 E52.92581
G1 X129.784 Y115.111 E52.93206
G1 X129.91 Y115.102 E52.93364
G1 X130.189 Y115.108 E52.93714
G1 X130.216 Y115.111 E52.93748
G1 X130.216 Y115.608 E52.94371
G1 X129.883 Y115.602 E52.94789
G0 F7200 X129.784 Y115.609
G0 X129.784 Y115.508
G0 X129.816 Y115.508
G0 X129.881 Y115.503
G0 X130.102 Y118.121
G0 X130.105 Y118.602
G1 F857.2 X129.784 Y118.608 E52.95192
G1 X129.784 Y118.111 E52.95815
G1 X129.811 Y118.108 E52.95849
G1 X130.102 Y118.102 E52.96214
G1 X130.216 Y118.11 E52.96357
G1 X130.216 Y118.61 E52.96984
G1 X130.105 Y118.602 E52.97124
G0 F7200 X129.905 Y118.605
G0 X129.978 Y118.356
;TYPE:SKIN
G1 F857.2 X130.019 Y118.315 E52.9716
G0 F7200 X130.184 Y118.315
G1 F1500 E46.4716
;MESH:NONMESH
G0 F600 X130.184 Y118.315 Z13.4
G0 F7200 X130.116 Y118.315
G0 X128.919 Y118.124
G0 X123.071 Y114.374
G0 X120.933 Y113.595
G0 X115.081 Y109.596
G0 X114.1 Y109.45
;TIME_ELAPSED:629.374086
;LAYER:66
;TYPE:WALL-OUTER
;MESH:output\B_media_suporte.stl
G1 F1500 E52.9716
G1 F600 X113.9 Y109.45 E52.97411
G1 X113.9 Y109.25 E52.97662
G1 X114.1 Y109.25 E52.97787
G1 X114.1 Y109.45 E52.97913
G0 F7200 X113.9 Y109.45
G0 X114 Y109.38
G0 X114 Y112.27
G0 X114.1 Y112.45
G1 F600 X113.9 Y112.45 E52.98163
G1 X113.9 Y112.25 E52.98414
G1 X114.1 Y112.25 E52.9854
G1 X114.1 Y112.45 E52.98665
G0 F7200 X113.9 Y112.45
G0 X114 Y112.38
G0 X114 Y115.27
G0 X114.1 Y115.45
G1 F600 X113.9 Y115.45 E52.98916
G1 X113.9 Y115.25 E52.99167
G1 X114.1 Y115.25 E52.99292
G1 X114.1 Y115.45 E52.99417
G0 F7200 X113.9 Y115.45
G0 X114 Y115.38
G0 X114 Y118.27
G0 X114.1 Y118.45
G1 F600 X113.9 Y118.45 E52.99668
G1 X113.9 Y118.25 E52.99919
G1 X114.1 Y118.25 E53.00044
G1 X114.1 Y118.45 E53.0017
G0 F7200 X113.9 Y118.45
G1 F1500 E46.5017
G0 F7200 X114 Y118.38
G0 X121.035 Y118.38
G1 F1500 E53.0017
G0 F7200 X122.1 Y118.45
G1 F600 X121.9 Y118.45 E53.00421
G1 X121.9 Y118.25 E53.00671
G1 X122.1 Y118.25 E53.00797
G1 X122.1 Y118.45 E53.00922
G0 F7200 X121.9 Y118.45
G0 X122 Y118.38
G0 X122 Y115.43
G0 X122.1 Y115.45
G1 F600 X121.9 Y115.45 E53.01173
G1 X121.9 Y115.25 E53.01424
G1 X122.1 Y115.25 E53.01549
G1 X122.1 Y115.45 E53.01675
G0 F7200 X121.9 Y115.45
G0 X122 Y115.38
G0 X122 Y112.43
G0 X122.1 Y112.45
G1 F600 X121.9 Y112.45 E53.01925
G1 X121.9 Y112.25 E53.02176
G1 X122.1 Y112.25 E53.02302
G1 X122.1 Y112.45 E53.02427
G0 F7200 X121.9 Y112.45
G0 X122 Y112.38
G0 X122 Y109.43
G0 X122.1 Y109.45
G1 F600 X121.9 Y109.45 E53.02678
G1 X121.9 Y109.25 E53.02929
G1 X122.1 Y109.25 E53.03054
G1 X122.1 Y109.45 E53.03179
G0 F7200 X121.9 Y109.45
G0 X122 Y109.38
G0 X129.035 Y109.38
G0 X130.1 Y109.45
G1 F600 X129.9 Y109.45 E53.0343
G1 X129.9 Y109.25 E53.03681
G1 X130.1 Y109.25 E53.03806
G1 X130.1 Y109.45 E53.03932
G0 F7200 X129.9 Y109.45
G0 X130 Y109.38
G0 X130 Y112.27
G0 X130.1 Y112.45
G1 F600 X129.9 Y112.45 E53.04183
G1 X129.9 Y112.25 E53.04434
G1 X130.1 Y112.25 E53.04559
G1 X130.1 Y112.45 E53.04684
G0 F7200 X129.9 Y112.45
G0 X130 Y112.38
G0 X130 Y115.27
G0 X130.1 Y115.45
G1 F600 X129.9 Y115.45 E53.04935
G1 X129.9 Y115.25 E53.05186
G1 X130.1 Y115.25 E53.05311
G1 X130.1 Y115.45 E53.05437
G0 F7200 X129.9 Y115.45
G0 X130 Y115.38
G0 X130 Y118.27
G0 X130.1 Y118.45
G1 F600 X129.9 Y118.45 E53.05688
G1 X129.9 Y118.25 E53.05938
G1 X130.1 Y118.25 E53.06064
G1 X130.1 Y118.45 E53.06189
G0 F7200 X129.9 Y118.45
;MESH:NONMESH
G0 F600 X129.9 Y118.45 Z13.6
G0 F7200 X130 Y118.38
G0 X122.953 Y114.397
G0 X121.873 Y113.778
G0 X114.965 Y109.436
G0 X114.1 Y109.45
;TIME_ELAPSED:632.258743
;LAYER:67
;TYPE:WALL-OUTER
;MESH:output\B_media_suporte.stl
G1 F600 X113.9 Y109.45 E53.0644
G1 X113.9 Y109.25 E53.06691
G1 X114.1 Y109.25 E53.06816
G1 X114.1 Y109.45 E53.06942
G0 F7200 X113.9 Y109.45
G0 X114 Y109.38
G0 X114 Y112.27
G0 X114.1 Y112.45
G1 F600 X113.9 Y112.45 E53.07192
G1 X113.9 Y112.25 E53.07443
G1 X114.1 Y112.25 E53.07569
G1 X114.1 Y112.45 E53.07694
G0 F7200 X113.9 Y112.45
G1 F1500 E46.57694
G0 F7200 X114 Y112.38
G0 X114 Y115.27
G1 F1500 E53.07694
G0 F7200 X114.1 Y115.45
G1 F600 X113.9 Y115.45 E53.07945
G1 X113.9 Y115.25 E53.08196
G1 X114.1 Y115.25 E53.08321
G1 X114.1 Y115.45 E53.08446
G0 F7200 X113.9 Y115.45
G0 X114 Y115.38
G0 X114 Y118.27
G0 X114.1 Y118.45
G1 F600 X113.9 Y118.45 E53.08697
G1 X113.9 Y118.25 E53.08948
G1 X114.1 Y118.25 E53.09073
G1 X114.1 Y118.45 E53.09199
G0 F7200 X113.9 Y118.45
G0 X114 Y118.38
G0 X121.035 Y118.38
G0 X122.1 Y118.45
G1 F600 X121.9 Y118.45 E53.0945
G1 X121.9 Y118.25 E53.097
G1 X122.1 Y118.25 E53.09826
G1 X122.1 Y118.45 E53.09951
G0 F7200 X121.9 Y118.45
G0 X122 Y118.38
G0 X122 Y115.43
G0 X122.1 Y115.45
G1 F600 X121.9 Y115.45 E53.10202
G1 X121.9 Y115.25 E53.10453
G1 X122.1 Y115.25 E53.10578
G1 X122.1 Y115.45 E53.10704
G0 F7200 X121.9 Y115.45
G0 X122 Y115.38
G0 X122 Y112.43
G0 X122.1 Y112.45
G1 F600 X121.9 Y112.45 E53.10955
G1 X121.9 Y112.25 E53.11205
G1 X122.1 Y112.25 E53.11331
G1 X122.1 Y112.45 E53.11456
G0 F7200 X121.9 Y112.45
G0 X122 Y112.38
G0 X122 Y109.43
G0 X122.1 Y109.45
G1 F600 X121.9 Y109.45 E53.11707
G1 X121.9 Y109.25 E53.11958
G1 X122.1 Y109.25 E53.12083
G1 X122.1 Y109.45 E53.12209
G0 F7200 X121.9 Y109.45
G1 F1500 E46.62209
G0 F7200 X122 Y109.38
G0 X129.035 Y109.38
G1 F1500 E53.12209
G0 F7200 X130.1 Y109.45
G1 F600 X129.9 Y109.45 E53.12459
G1 X129.9 Y109.25 E53.1271
G1 X130.1 Y109.25 E53.12836
G1 X130.1 Y109.45 E53.12961
G0 F7200 X129.9 Y109.45
G0 X130 Y109.38
G0 X130 Y112.27
G0 X130.1 Y112.45
G1 F600 X129.9 Y112.45 E53.13212
G1 X129.9 Y112.25 E53.13463
G1 X130.1 Y112.25 E53.13588
G1 X130.1 Y112.45 E53.13713
G0 F7200 X129.9 Y112.45
G0 X130 Y112.38
G0 X130 Y115.27
G0 X130.1 Y115.45
G1 F600 X129.9 Y115.45 E53.13964
G1 X129.9 Y115.25 E53.14215
G1 X130.1 Y115.25 E53.1434
G1 X130.1 Y115.45 E53.14466
G0 F7200 X129.9 Y115.45
G0 X130 Y115.38
G0 X130 Y118.27
G0 X130.1 Y118.45
G1 F600 X129.9 Y118.45 E53.14717
G1 X129.9 Y118.25 E53.14967
G1 X130.1 Y118.25 E53.15093
G1 X130.1 Y118.45 E53.15218
G0 F7200 X129.9 Y118.45
;MESH:NONMESH
G0 F600 X129.9 Y118.45 Z13.8
G0 F7200 X130 Y118.38
G0 X122.953 Y114.397
G0 X121.873 Y113.778
G0 X114.965 Y109.436
G0 X114.104 Y109.602
;TIME_ELAPSED:635.412848
;LAYER:68
;TYPE:WALL-OUTER
;MESH:output\B_media_suporte.stl
G1 F858.7 X113.783 Y109.608 E53.15621
G1 X113.782 Y109.111 E53.16244
G1 X113.812 Y109.108 E53.16282
G1 X114.092 Y109.102 E53.16633
G1 X114.217 Y109.111 E53.1679
G1 X114.218 Y109.609 E53.17415
G1 X114.104 Y109.602 E53.17558
G0 F7200 X113.904 Y109.605
G0 X113.903 Y109.507
G0 X113.904 Y109.505
G0 X114.092 Y112.121
G0 X114.104 Y112.602
G1 F858.7 X113.783 Y112.609 E53.17961
G1 X113.782 Y112.111 E53.18585
G1 X113.812 Y112.108 E53.18623
G1 X114.092 Y112.102 E53.18974
G1 X114.217 Y112.111 E53.19131
G1 X114.218 Y112.609 E53.19756
G1 X114.104 Y112.602 E53.19899
G0 F7200 X113.904 Y112.606
G0 X113.902 Y112.507
G1 F1500 E46.69899
G0 F7200 X113.903 Y112.506
G0 X114.092 Y115.121
G1 F1500 E53.19899
G0 F7200 X114.104 Y115.602
G1 F858.7 X113.783 Y115.609 E53.20302
G1 X113.782 Y115.111 E53.20926
G1 X113.812 Y115.108 E53.20964
G1 X114.092 Y115.102 E53.21315
G1 X114.217 Y115.111 E53.21472
G1 X114.218 Y115.609 E53.22097
G1 X114.104 Y115.602 E53.2224
G0 F7200 X113.904 Y115.606
G0 X113.902 Y115.507
G0 X113.903 Y115.506
G0 X114.092 Y118.121
G0 X114.104 Y118.602
G1 F858.7 X113.783 Y118.609 E53.22643
G1 X113.782 Y118.111 E53.23267
G1 X113.812 Y118.108 E53.23305
G1 X114.092 Y118.102 E53.23656
G1 X114.217 Y118.111 E53.23814
G1 X114.218 Y118.609 E53.24438
G1 X114.104 Y118.602 E53.24581
G0 F7200 X113.904 Y118.606
G0 X113.902 Y118.507
G1 F1500 E46.74581
G0 F7200 X113.903 Y118.506
G0 X115.082 Y118.593
G0 X120.918 Y118.582
G0 X122.105 Y118.503
G1 F1500 E53.24581
G0 F7200 X122.104 Y118.602
G1 F858.7 X121.783 Y118.609 E53.24984
G1 X121.782 Y118.111 E53.25608
G1 X121.812 Y118.108 E53.25646
G1 X122.092 Y118.102 E53.25997
G1 X122.217 Y118.111 E53.26155
G1 X122.218 Y118.609 E53.26779
G1 X122.104 Y118.602 E53.26922
G0 F7200 X121.904 Y118.606
G0 X122.021 Y118.344
;TYPE:SKIN
G1 F858.7 X121.975 Y118.298 E53.26963
G0 F7200 X121.817 Y118.298
G0 X121.883 Y118.299
G0 X122.005 Y115.585
G0 X121.896 Y115.602
;TYPE:WALL-OUTER
G1 F858.7 X121.783 Y115.609 E53.27105
G1 X121.782 Y115.111 E53.2773
G1 X121.908 Y115.102 E53.27888
G1 X122.189 Y115.108 E53.2824
G1 X122.217 Y115.111 E53.28276
G1 X122.218 Y115.609 E53.289
G1 X121.896 Y115.602 E53.29304
G0 F7200 X121.783 Y115.609
G0 X121.783 Y115.522
G0 X121.817 Y115.522
G0 X121.882 Y115.502
G0 X122.205 Y112.589
G0 X122.104 Y112.602
G1 F858.7 X121.783 Y112.609 E53.29707
G1 X121.782 Y112.111 E53.30331
G1 X121.812 Y112.108 E53.30369
G1 X122.092 Y112.102 E53.3072
G1 X122.217 Y112.111 E53.30878
G1 X122.218 Y112.609 E53.31502
G1 X122.104 Y112.602 E53.31645
G0 F7200 X121.904 Y112.606
G0 X122.022 Y112.405
;TYPE:SKIN
G1 F858.7 X121.976 Y112.359 E53.31686
G0 F7200 X121.817 Y112.359
G1 F1500 E46.81686
G0 F7200 X121.883 Y112.36
G0 X122.005 Y109.585
G1 F1500 E53.31686
G0 F7200 X121.896 Y109.602
;TYPE:WALL-OUTER
G1 F858.7 X121.783 Y109.609 E53.31828
G1 X121.782 Y109.111 E53.32453
G1 X121.812 Y109.108 E53.3249
G1 X122.092 Y109.102 E53.32842
G1 X122.217 Y109.111 E53.32999
G1 X122.218 Y109.609 E53.33623
G1 X121.896 Y109.602 E53.34027
G0 F7200 X121.783 Y109.609
G0 X121.783 Y109.522
G0 X121.817 Y109.522
G1 F1500 E46.84027
G0 F7200 X121.882 Y109.502
G0 X123.082 Y109.516
G0 X128.918 Y109.505
G1 F1500 E53.34027
G0 F7200 X129.896 Y109.602
G1 F858.7 X129.783 Y109.609 E53.34169
G1 X129.782 Y109.111 E53.34794
G1 X129.908 Y109.102 E53.34952
G1 X130.189 Y109.108 E53.35305
G1 X130.217 Y109.111 E53.3534
G1 X130.218 Y109.609 E53.35964
G1 X129.896 Y109.602 E53.36368
G0 F7200 X129.783 Y109.609
G0 X129.783 Y109.522
G0 X129.976 Y109.328
;TYPE:SKIN
G1 F858.7 X130.022 Y109.374 E53.36409
G0 F7200 X130.183 Y109.374
G1 F1500 E46.86409
G0 F7200 X130.117 Y109.373
G0 X129.908 Y112.121
G1 F1500 E53.36409
G0 F7200 X129.896 Y112.602
;TYPE:WALL-OUTER
G1 F858.7 X129.783 Y112.609 E53.36551
G1 X129.782 Y112.111 E53.37176
G1 X129.908 Y112.102 E53.37334
G1 X130.189 Y112.108 E53.37686
G1 X130.217 Y112.111 E53.37722
G1 X130.218 Y112.609 E53.38346
G1 X129.896 Y112.602 E53.3875
G0 F7200 X129.783 Y112.609
G0 X129.783 Y112.522
G0 X129.817 Y112.522
G1 F1500 E46.8875
G0 F7200 X129.882 Y112.502
G0 X129.908 Y115.121
G1 F1500 E53.3875
G0 F7200 X129.896 Y115.602
G1 F858.7 X129.783 Y115.609 E53.38892
G1 X129.782 Y115.111 E53.39517
G1 X129.908 Y115.102 E53.39675
G1 X130.189 Y115.108 E53.40027
G1 X130.217 Y115.111 E53.40063
G1 X130.218 Y115.609 E53.40687
G1 X129.896 Y115.602 E53.41091
G0 F7200 X129.783 Y115.609
G0 X129.783 Y115.522
G0 X129.817 Y115.522
G0 X129.882 Y115.502
G0 X130.092 Y118.121
G0 X130.104 Y118.602
G1 F858.7 X129.783 Y118.609 E53.41494
G1 X129.782 Y118.111 E53.42118
G1 X129.812 Y118.108 E53.42156
G1 X130.092 Y118.102 E53.42507
G1 X130.217 Y118.111 E53.42665
G1 X130.218 Y118.609 E53.43289
G1 X130.104 Y118.602 E53.43432
G0 F7200 X129.904 Y118.606
G0 X130.005 Y118.408
;TYPE:SKIN
G1 F858.7 X129.976 Y118.38 E53.43458
G0 F7200 X129.817 Y118.38
G1 F1500 E46.93458
;MESH:NONMESH
G0 F600 X129.817 Y118.38 Z14
G0 F7200 X129.883 Y118.381
G0 X123.071 Y114.374
G0 X120.933 Y113.594
G0 X115.082 Y109.593
G0 X113.883 Y109.538
G1 F1500 E53.43458
G0 F7200 X113.675 Y109.62
;TIME_ELAPSED:641.939951
;LAYER:69
;TYPE:WALL-OUTER
;MESH:output\B_media_suporte.stl
G1 F1395.7 X113.565 Y109.637 E53.43597
G1 X113.564 Y109.142 E53.44218
G1 X113.731 Y109.116 E53.4443
G1 X113.812 Y109.108 E53.44532
G1 X114.092 Y109.102 E53.44883
G1 X114.188 Y109.108 E53.45004
G1 X114.269 Y109.116 E53.45106
G1 X114.435 Y109.142 E53.45317
G1 X114.436 Y109.637 E53.45937
G1 X114.325 Y109.62 E53.46078
G1 X114.216 Y109.609 E53.46215
G1 X114.104 Y109.602 E53.46356
G1 X113.788 Y109.608 E53.46753
G1 X113.675 Y109.62 E53.46895
G0 F7200 X113.565 Y109.637
G0 X113.565 Y109.548
G0 X113.81 Y109.352
;TYPE:SKIN
G1 F1395.7 X114.09 Y109.354 E53.47079
G0 F7200 X114.15 Y109.204
G1 F1500 E46.97079
G0 F7200 X114.15 Y109.206
G0 X113.813 Y112.127
G1 F1500 E53.47079
G0 F7200 X113.675 Y112.62
;TYPE:WALL-OUTER
G1 F1395.7 X113.565 Y112.637 E53.47219
G1 X113.564 Y112.142 E53.4784
G1 X113.731 Y112.116 E53.48052
G1 X113.812 Y112.108 E53.48154
G1 X114.092 Y112.102 E53.48505
G1 X114.188 Y112.108 E53.48626
G1 X114.269 Y112.116 E53.48728
G1 X114.435 Y112.142 E53.48938
G1 X114.435 Y112.637 E53.49559
G1 X114.325 Y112.62 E53.49699
G1 X114.216 Y112.609 E53.49836
G1 X114.104 Y112.602 E53.49977
G1 X113.788 Y112.608 E53.50373
G1 X113.675 Y112.62 E53.50516
G0 F7200 X113.565 Y112.637
G0 X113.565 Y112.548
G0 X113.918 Y112.355
;TYPE:SKIN
G1 F1395.7 X114.192 Y112.363 E53.50698
G0 F7200 X114.038 Y112.504
G1 F1500 E47.00698
G0 F7200 X114.039 Y112.503
G0 X113.813 Y115.127
G1 F1500 E53.50698
G0 F7200 X113.675 Y115.62
;TYPE:WALL-OUTER
G1 F1395.7 X113.565 Y115.637 E53.50837
G1 X113.564 Y115.142 E53.51458
G1 X113.731 Y115.116 E53.5167
G1 X113.812 Y115.108 E53.51772
G1 X114.092 Y115.102 E53.52123
G1 X114.188 Y115.108 E53.52244
G1 X114.269 Y115.116 E53.52346
G1 X114.435 Y115.142 E53.52557
G1 X114.436 Y115.637 E53.53177
G1 X114.325 Y115.62 E53.53318
G1 X114.216 Y115.609 E53.53455
G1 X114.104 Y115.602 E53.53596
G1 X113.788 Y115.608 E53.53993
G1 X113.675 Y115.62 E53.54135
G0 F7200 X113.565 Y115.637
G0 X113.565 Y115.548
G0 X113.778 Y115.323
;TYPE:SKIN
G1 F1395.7 X114.032 Y115.352 E53.5427
G0 F7200 X114.087 Y115.202
G1 F1500 E47.0427
G0 F7200 X114.086 Y115.203
G0 X113.813 Y118.127
G1 F1500 E53.5427
G0 F7200 X113.675 Y118.62
;TYPE:WALL-OUTER
G1 F1395.7 X113.565 Y118.637 E53.5441
G1 X113.564 Y118.142 E53.55031
G1 X113.731 Y118.116 E53.55242
G1 X113.812 Y118.108 E53.55345
G1 X114.092 Y118.102 E53.55696
G1 X114.188 Y118.108 E53.55816
G1 X114.269 Y118.116 E53.55918
G1 X114.435 Y118.142 E53.56129
G1 X114.436 Y118.637 E53.5675
G1 X114.325 Y118.62 E53.56891
G1 X114.216 Y118.609 E53.57028
G1 X114.104 Y118.602 E53.57169
G1 X113.788 Y118.608 E53.57565
G1 X113.675 Y118.62 E53.57708
G0 F7200 X113.565 Y118.637
G0 X113.565 Y118.548
G0 X113.857 Y118.356
;TYPE:SKIN
G1 F1395.7 X114.141 Y118.354 E53.57898
G0 F7200 X114.193 Y118.206
G1 F1500 E47.07898
G0 F7200 X114.193 Y118.209
G0 X115.3 Y118.534
G0 X120.7 Y118.524
G1 F1500 E53.57898
G0 F7200 X121.675 Y118.62
;TYPE:WALL-OUTER
G1 F1395.7 X121.565 Y118.637 E53.58037
G1 X121.564 Y118.142 E53.58658
G1 X121.731 Y118.116 E53.5887
G1 X121.812 Y118.108 E53.58972
G1 X122.092 Y118.102 E53.59323
G1 X122.188 Y118.108 E53.59444
G1 X122.269 Y118.116 E53.59546
G1 X122.435 Y118.142 E53.59757
G1 X122.436 Y118.637 E53.60377
G1 X122.325 Y118.62 E53.60518
G1 X122.216 Y118.609 E53.60656
G1 X122.104 Y118.602 E53.60796
G1 X121.788 Y118.608 E53.61193
G1 X121.675 Y118.62 E53.61335
G0 F7200 X121.565 Y118.637
G0 X121.565 Y118.548
G0 X121.794 Y118.338
;TYPE:SKIN
G1 F1395.7 X122.062 Y118.353 E53.61496
G0 F7200 X122.112 Y118.203
G1 F1500 E47.11496
G0 F7200 X121.577 Y115.622
G1 F1500 E53.61496
G0 F7200 X121.675 Y115.62
;TYPE:WALL-OUTER
G1 F1395.7 X121.565 Y115.637 E53.61636
G1 X121.564 Y115.142 E53.62256
G1 X121.731 Y115.116 E53.62468
G1 X121.812 Y115.108 E53.6257
G1 X121.908 Y115.102 E53.62691
G1 X122.189 Y115.108 E53.63043
G1 X122.269 Y115.116 E53.63144
G1 X122.435 Y115.142 E53.63355
G1 X122.436 Y115.637 E53.63976
G1 X122.325 Y115.62 E53.64116
G1 X122.212 Y115.608 E53.64259
G1 X121.896 Y115.602 E53.64655
G1 X121.784 Y115.609 E53.64796
G1 X121.675 Y115.62 E53.64933
G0 F7200 X121.565 Y115.637
G0 X121.565 Y115.548
G0 X121.951 Y115.352
;TYPE:SKIN
G1 F1395.7 X122.207 Y115.379 E53.65085
G0 F7200 X122.032 Y115.504
G1 F1500 E47.15085
G0 F7200 X121.577 Y112.622
G1 F1500 E53.65085
G0 F7200 X121.675 Y112.62
;TYPE:WALL-OUTER
G1 F1395.7 X121.565 Y112.637 E53.65225
G1 X121.564 Y112.142 E53.65846
G1 X121.731 Y112.116 E53.66058
G1 X121.812 Y112.108 E53.6616
G1 X122.092 Y112.102 E53.66511
G1 X122.188 Y112.108 E53.66632
G1 X122.269 Y112.116 E53.66734
G1 X122.435 Y112.142 E53.66944
G1 X122.435 Y112.637 E53.67565
G1 X122.325 Y112.62 E53.67705
G1 X122.216 Y112.609 E53.67842
G1 X122.104 Y112.602 E53.67983
G1 X121.788 Y112.608 E53.68379
G1 X121.675 Y112.62 E53.68522
G0 F7200 X121.565 Y112.637
G0 X121.565 Y112.548
G0 X121.836 Y112.356
;TYPE:SKIN
G1 F1395.7 X122.121 Y112.354 E53.68715
G0 F7200 X122.173 Y112.205
G1 F1500 E47.18715
G0 F7200 X122.18 Y112.208
G0 X121.577 Y109.622
G1 F1500 E53.68715
G0 F7200 X121.675 Y109.62
;TYPE:WALL-OUTER
G1 F1395.7 X121.565 Y109.637 E53.68855
G1 X121.564 Y109.142 E53.69476
G1 X121.731 Y109.116 E53.69688
G1 X121.812 Y109.108 E53.6979
G1 X122.092 Y109.102 E53.70141
G1 X122.188 Y109.108 E53.70262
G1 X122.269 Y109.116 E53.70364
G1 X122.435 Y109.142 E53.70574
G1 X122.436 Y109.637 E53.71195
G1 X122.325 Y109.62 E53.71336
G1 X122.212 Y109.608 E53.71478
G1 X121.896 Y109.602 E53.71875
G1 X121.784 Y109.609 E53.72016
G1 X121.675 Y109.62 E53.72153
G0 F7200 X121.565 Y109.637
G0 X121.565 Y109.548
G0 X121.956 Y109.408
;TYPE:SKIN
G1 F1395.7 X122.067 Y109.297 E53.72251
G0 F7200 X122.076 Y109.206
G1 F1500 E47.22251
G0 F7200 X123.3 Y109.534
G0 X128.7 Y109.524
G1 F1500 E53.72251
G0 F7200 X129.675 Y109.62
;TYPE:WALL-OUTER
G1 F1395.7 X129.565 Y109.637 E53.72391
G1 X129.564 Y109.142 E53.73012
G1 X129.731 Y109.116 E53.73224
G1 X129.812 Y109.108 E53.73326
G1 X129.908 Y109.102 E53.73446
G1 X130.189 Y109.108 E53.73799
G1 X130.269 Y109.116 E53.739
G1 X130.435 Y109.142 E53.7411
G1 X130.436 Y109.637 E53.74731
G1 X130.325 Y109.62 E53.74872
G1 X130.212 Y109.608 E53.75014
G1 X129.896 Y109.602 E53.75411
G1 X129.784 Y109.609 E53.75551
G1 X129.675 Y109.62 E53.75689
G0 F7200 X129.565 Y109.637
G0 X129.565 Y109.548
G0 X129.931 Y109.352
;TYPE:SKIN
G1 F1395.7 X130.197 Y109.369 E53.75859
G0 F7200 X130.031 Y109.504
G1 F1500 E47.25859
G0 F7200 X129.813 Y112.127
G1 F1500 E53.75859
G0 F7200 X129.675 Y112.62
;TYPE:WALL-OUTER
G1 F1395.7 X129.565 Y112.637 E53.75999
G1 X129.564 Y112.142 E53.76619
G1 X129.731 Y112.116 E53.76831
G1 X129.812 Y112.108 E53.76933
G1 X129.908 Y112.102 E53.77054
G1 X130.189 Y112.108 E53.77407
G1 X130.269 Y112.116 E53.77507
G1 X130.435 Y112.142 E53.77718
G1 X130.435 Y112.637 E53.78339
G1 X130.325 Y112.62 E53.78478
G1 X130.212 Y112.608 E53.78621
G1 X129.896 Y112.602 E53.79017
G1 X129.784 Y112.609 E53.79158
G1 X129.675 Y112.62 E53.79295
G0 F7200 X129.565 Y112.637
G0 X129.565 Y112.548
G0 X129.784 Y112.328
;TYPE:SKIN
G1 F1395.7 X130.04 Y112.355 E53.79435
G0 F7200 X130.096 Y112.206
G1 F1500 E47.29435
G0 F7200 X129.813 Y115.127
G1 F1500 E53.79435
G0 F7200 X129.675 Y115.62
;TYPE:WALL-OUTER
G1 F1395.7 X129.565 Y115.637 E53.79575
G1 X129.564 Y115.142 E53.80196
G1 X129.731 Y115.116 E53.80408
G1 X129.812 Y115.108 E53.8051
G1 X129.908 Y115.102 E53.8063
G1 X130.189 Y115.108 E53.80983
G1 X130.269 Y115.116 E53.81084
G1 X130.435 Y115.142 E53.81294
G1 X130.436 Y115.637 E53.81915
G1 X130.325 Y115.62 E53.82056
G1 X130.212 Y115.608 E53.82198
G1 X129.896 Y115.602 E53.82595
G1 X129.784 Y115.609 E53.82736
G1 X129.675 Y115.62 E53.82873
G0 F7200 X129.565 Y115.637
G0 X129.565 Y115.548
G0 X129.869 Y115.354
;TYPE:SKIN
G1 F1395.7 X130.149 Y115.358 E53.83067
G0 F7200 X130.187 Y115.208
G1 F1500 E47.33067
G0 F7200 X129.813 Y118.127
G1 F1500 E53.83067
G0 F7200 X129.675 Y118.62
;TYPE:WALL-OUTER
G1 F1395.7 X129.565 Y118.637 E53.83207
G1 X129.564 Y118.142 E53.83828
G1 X129.731 Y118.116 E53.8404
G1 X129.812 Y118.108 E53.84142
G1 X130.092 Y118.102 E53.84493
G1 X130.188 Y118.108 E53.84614
G1 X130.269 Y118.116 E53.84716
G1 X130.435 Y118.142 E53.84926
G1 X130.436 Y118.637 E53.85547
G1 X130.325 Y118.62 E53.85688
G1 X130.216 Y118.609 E53.85825
G1 X130.104 Y118.602 E53.85966
G1 X129.788 Y118.608 E53.86362
G1 X129.675 Y118.62 E53.86505
G0 F7200 X129.565 Y118.637
G0 X129.565 Y118.548
G0 X129.981 Y118.353
;TYPE:SKIN
G1 F1395.7 X130.222 Y118.395 E53.86635
G0 F7200 X130.033 Y118.203
G1 F1500 E47.36635
;MESH:NONMESH
G0 F600 X130.033 Y118.203 Z14.2
G0 F7200 X130.032 Y118.204
G0 X128.699 Y118.156
G0 X123.29 Y114.481
G0 X120.717 Y113.729
G0 X115.3 Y109.62
G0 X113.665 Y109.562
G1 F1500 E53.86635
G0 F7200 X113.459 Y109.653
;TIME_ELAPSED:651.338759
;LAYER:70
;TYPE:WALL-OUTER
;MESH:output\B_media_suporte.stl
G1 F1800 X113.355 Y109.681 E53.8677
G1 X113.354 Y109.195 E53.87379
G1 X113.537 Y109.146 E53.87617
G1 X113.731 Y109.116 E53.87863
G1 X113.812 Y109.108 E53.87965
G1 X114.091 Y109.102 E53.88315
G1 X114.224 Y109.111 E53.88482
G1 X114.369 Y109.13 E53.88666
G1 X114.455 Y109.144 E53.88775
G1 X114.645 Y109.195 E53.89022
G1 X114.646 Y109.681 E53.89631
G1 X114.541 Y109.653 E53.89768
G1 X114.324 Y109.619 E53.90043
G1 X114.104 Y109.602 E53.9032
G1 X113.788 Y109.608 E53.90716
G1 X113.675 Y109.62 E53.90859
G1 X113.459 Y109.653 E53.91133
G0 F7200 X113.355 Y109.681
G0 X113.355 Y109.588
G0 X113.623 Y109.38
;TYPE:SKIN
G1 F1800 X113.881 Y109.356 E53.91266
G1 X114.165 Y109.356 E53.91412
G0 F7200 X114.198 Y109.511
G1 F1500 E47.41412
G0 F7200 X114.198 Y109.509
G0 X113.733 Y112.135
G1 F1500 E53.91412
G0 F7200 X113.459 Y112.653
;TYPE:WALL-OUTER
G1 F1800 X113.355 Y112.681 E53.91547
G1 X113.354 Y112.195 E53.92157
G1 X113.537 Y112.146 E53.92394
G1 X113.731 Y112.116 E53.9264
G1 X113.812 Y112.108 E53.92742
G1 X114.091 Y112.102 E53.93092
G1 X114.224 Y112.111 E53.9326
G1 X114.369 Y112.13 E53.93443
G1 X114.455 Y112.144 E53.93552
G1 X114.645 Y112.195 E53.93799
G1 X114.645 Y112.681 E53.94408
G1 X114.541 Y112.653 E53.94543
G1 X114.324 Y112.619 E53.94819
G1 X114.104 Y112.602 E53.95096
G1 X113.788 Y112.608 E53.95492
G1 X113.675 Y112.62 E53.95634
G1 X113.459 Y112.653 E53.95908
G0 F7200 X113.355 Y112.681
G0 X113.355 Y112.588
G0 X113.776 Y112.362
;TYPE:SKIN
G1 F1800 X114.05 Y112.353 E53.96048
G1 X114.355 Y112.375 E53.96203
G0 F7200 X114.365 Y112.534
G1 F1500 E47.46203
G0 F7200 X114.367 Y112.525
G0 X113.733 Y115.135
G1 F1500 E53.96203
G0 F7200 X113.459 Y115.653
;TYPE:WALL-OUTER
G1 F1800 X113.355 Y115.681 E53.96338
G1 X113.354 Y115.195 E53.96948
G1 X113.537 Y115.146 E53.97186
G1 X113.731 Y115.116 E53.97432
G1 X113.812 Y115.108 E53.97534
G1 X114.091 Y115.102 E53.97884
G1 X114.224 Y115.111 E53.98051
G1 X114.369 Y115.13 E53.98234
G1 X114.455 Y115.144 E53.98344
G1 X114.645 Y115.195 E53.9859
G1 X114.646 Y115.681 E53.992
G1 X114.541 Y115.653 E53.99336
G1 X114.324 Y115.619 E53.99611
G1 X114.104 Y115.602 E53.99888
G1 X113.788 Y115.608 E54.00284
G1 X113.675 Y115.62 E54.00427
G1 X113.459 Y115.653 E54.00701
G0 F7200 X113.355 Y115.681
G0 X113.355 Y115.588
G0 X113.675 Y115.372
;TYPE:SKIN
G1 F1800 X113.939 Y115.353 E54.00837
G1 X114.229 Y115.36 E54.00986
G0 F7200 X114.262 Y115.519
G1 F1500 E47.50986
G0 F7200 X114.262 Y115.514
G0 X113.733 Y118.135
G1 F1500 E54.00986
G0 F7200 X113.459 Y118.653
;TYPE:WALL-OUTER
G1 F1800 X113.355 Y118.681 E54.01121
G1 X113.354 Y118.195 E54.0173
G1 X113.537 Y118.146 E54.01968
G1 X113.731 Y118.116 E54.02214
G1 X113.812 Y118.108 E54.02316
G1 X114.091 Y118.102 E54.02666
G1 X114.224 Y118.111 E54.02833
G1 X114.369 Y118.13 E54.03017
G1 X114.455 Y118.144 E54.03126
G1 X114.645 Y118.195 E54.03372
G1 X114.646 Y118.681 E54.03982
G1 X114.541 Y118.653 E54.04118
G1 X114.324 Y118.619 E54.04394
G1 X114.104 Y118.602 E54.0467
G1 X113.788 Y118.608 E54.05067
G1 X113.675 Y118.62 E54.05209
G1 X113.459 Y118.653 E54.05483
G0 F7200 X113.355 Y118.681
G0 X113.355 Y118.588
G0 X113.584 Y118.392
;TYPE:SKIN
G1 F1800 X113.832 Y118.357 E54.05585
G1 X114.407 Y118.367 E54.05819
G0 F7200 X114.26 Y118.212
G1 F1500 E47.55819
G0 F7200 X114.258 Y118.216
G0 X115.51 Y118.569
G0 X120.49 Y118.56
G1 F1500 E54.05819
G0 F7200 X121.459 Y118.653
;TYPE:WALL-OUTER
G1 F1800 X121.355 Y118.681 E54.05955
G1 X121.354 Y118.195 E54.06564
G1 X121.537 Y118.146 E54.06802
G1 X121.731 Y118.116 E54.07048
G1 X121.812 Y118.108 E54.0715
G1 X122.091 Y118.102 E54.075
G1 X122.224 Y118.111 E54.07667
G1 X122.369 Y118.13 E54.0785
G1 X122.455 Y118.144 E54.0796
G1 X122.645 Y118.195 E54.08206
G1 X122.646 Y118.681 E54.08816
G1 X122.541 Y118.653 E54.08952
G1 X122.324 Y118.619 E54.09228
G1 X122.104 Y118.602 E54.09504
G1 X121.788 Y118.608 E54.09901
G1 X121.675 Y118.62 E54.10043
G1 X121.459 Y118.653 E54.10317
G0 F7200 X121.355 Y118.681
G0 X121.355 Y118.588
G0 X121.758 Y118.364
;TYPE:SKIN
G1 F1800 X122.029 Y118.352 E54.10454
G1 X122.332 Y118.372 E54.10608
G0 F7200 X122.373 Y118.536
G1 F1500 E47.60608
G0 F7200 X122.375 Y118.526
G0 X121.367 Y115.666
G1 F1500 E54.10608
G0 F7200 X121.458 Y115.653
;TYPE:WALL-OUTER
G1 F1800 X121.355 Y115.681 E54.10742
G1 X121.354 Y115.195 E54.11351
G1 X121.537 Y115.146 E54.11589
G1 X121.731 Y115.116 E54.11835
G1 X121.909 Y115.102 E54.12059
G1 X122.189 Y115.108 E54.1241
G1 X122.269 Y115.116 E54.12511
G1 X122.464 Y115.146 E54.12758
G1 X122.645 Y115.195 E54.12993
G1 X122.646 Y115.681 E54.13603
G1 X122.541 Y115.653 E54.13739
G1 X122.325 Y115.62 E54.14013
G1 X122.212 Y115.608 E54.14155
G1 X121.895 Y115.602 E54.14553
G1 X121.743 Y115.612 E54.14744
G1 X121.576 Y115.634 E54.14955
G1 X121.458 Y115.653 E54.15105
G0 F7200 X121.355 Y115.681
G0 X121.355 Y115.587
G0 X121.605 Y115.383
;TYPE:SKIN
G1 F1800 X121.861 Y115.356 E54.15204
G1 X122.426 Y115.355 E54.15421
G0 F7200 X122.263 Y115.209
G1 F1500 E47.65421
G0 F7200 X122.262 Y115.215
G0 X121.367 Y112.666
G1 F1500 E54.15421
G0 F7200 X121.459 Y112.653
;TYPE:WALL-OUTER
G1 F1800 X121.355 Y112.681 E54.15556
G1 X121.354 Y112.195 E54.16165
G1 X121.537 Y112.146 E54.16403
G1 X121.731 Y112.116 E54.16649
G1 X121.812 Y112.108 E54.16751
G1 X122.091 Y112.102 E54.17101
G1 X122.224 Y112.111 E54.17268
G1 X122.369 Y112.13 E54.17452
G1 X122.455 Y112.144 E54.17561
G1 X122.645 Y112.195 E54.17808
G1 X122.645 Y112.681 E54.18417
G1 X122.541 Y112.653 E54.18552
G1 X122.324 Y112.619 E54.18828
G1 X122.104 Y112.602 E54.19104
G1 X121.788 Y112.608 E54.19501
G1 X121.675 Y112.62 E54.19643
G1 X121.459 Y112.653 E54.19917
G0 F7200 X121.355 Y112.681
G0 X121.355 Y112.588
G0 X121.703 Y112.369
;TYPE:SKIN
G1 F1800 X121.97 Y112.354 E54.20054
G1 X122.263 Y112.364 E54.20203
G0 F7200 X122.296 Y112.524
G1 F1500 E47.70203
G0 F7200 X122.296 Y112.517
G0 X121.367 Y109.666
G1 F1500 E54.20203
G0 F7200 X121.459 Y109.653
;TYPE:WALL-OUTER
G1 F1800 X121.355 Y109.681 E54.20338
G1 X121.354 Y109.195 E54.20948
G1 X121.537 Y109.146 E54.21186
G1 X121.731 Y109.116 E54.21432
G1 X121.812 Y109.108 E54.21534
G1 X122.091 Y109.102 E54.21884
G1 X122.224 Y109.111 E54.22051
G1 X122.369 Y109.13 E54.22234
G1 X122.455 Y109.144 E54.22344
G1 X122.645 Y109.195 E54.2259
G1 X122.646 Y109.681 E54.232
G1 X122.541 Y109.653 E54.23336
G1 X122.325 Y109.62 E54.2361
G1 X122.212 Y109.608 E54.23752
G1 X121.895 Y109.602 E54.2415
G1 X121.745 Y109.612 E54.24339
G1 X121.674 Y109.62 E54.24428
G1 X121.459 Y109.653 E54.24701
G0 F7200 X121.355 Y109.681
G0 X121.355 Y109.588
G0 X121.572 Y109.409
;TYPE:SKIN
G1 F1800 X121.804 Y109.359 E54.24798
G1 X122.39 Y109.379 E54.25037
G0 F7200 X122.269 Y109.21
G1 F1500 E47.75037
G0 F7200 X122.266 Y109.217
G0 X123.51 Y109.569
G0 X128.49 Y109.56
G1 F1500 E54.25037
G0 F7200 X129.459 Y109.653
;TYPE:WALL-OUTER
G1 F1800 X129.355 Y109.681 E54.25172
G1 X129.354 Y109.195 E54.25781
G1 X129.537 Y109.146 E54.26019
G1 X129.731 Y109.116 E54.26265
G1 X129.909 Y109.102 E54.26489
G1 X130.189 Y109.108 E54.2684
G1 X130.269 Y109.116 E54.26941
G1 X130.464 Y109.146 E54.27188
G1 X130.645 Y109.195 E54.27424
G1 X130.646 Y109.681 E54.28033
G1 X130.541 Y109.653 E54.28169
G1 X130.325 Y109.62 E54.28443
G1 X130.212 Y109.608 E54.28586
G1 X129.895 Y109.602 E54.28983
G1 X129.745 Y109.612 E54.29172
G1 X129.674 Y109.62 E54.29261
G1 X129.459 Y109.653 E54.29534
G0 F7200 X129.355 Y109.681
G0 X129.355 Y109.588
G0 X129.731 Y109.367
;TYPE:SKIN
G1 F1800 X130.001 Y109.353 E54.29674
G1 X130.298 Y109.368 E54.29828
G0 F7200 X130.342 Y109.531
G1 F1500 E47.79828
G0 F7200 X130.337 Y109.521
G0 X129.733 Y112.135
G1 F1500 E54.29828
G0 F7200 X129.458 Y112.653
;TYPE:WALL-OUTER
G1 F1800 X129.355 Y112.681 E54.29962
G1 X129.354 Y112.195 E54.30572
G1 X129.537 Y112.146 E54.30809
G1 X129.731 Y112.116 E54.31055
G1 X129.909 Y112.102 E54.31279
G1 X130.189 Y112.108 E54.3163
G1 X130.269 Y112.116 E54.31731
G1 X130.464 Y112.146 E54.31979
G1 X130.645 Y112.195 E54.32214
G1 X130.645 Y112.681 E54.32823
G1 X130.541 Y112.653 E54.32958
G1 X130.325 Y112.62 E54.33232
G1 X130.212 Y112.608 E54.33375
G1 X129.895 Y112.602 E54.33773
G1 X129.743 Y112.612 E54.33964
G1 X129.576 Y112.634 E54.34175
G1 X129.458 Y112.653 E54.34325
G0 F7200 X129.355 Y112.681
G0 X129.355 Y112.587
G0 X129.632 Y112.379
;TYPE:SKIN
G1 F1800 X129.891 Y112.355 E54.34456
G1 X130.176 Y112.357 E54.34599
G0 F7200 X130.205 Y112.513
G1 F1500 E47.84599
G0 F7200 X130.205 Y112.508
G0 X129.733 Y115.135
G1 F1500 E54.34599
G0 F7200 X129.458 Y115.653
;TYPE:WALL-OUTER
G1 F1800 X129.355 Y115.681 E54.34733
G1 X129.354 Y115.195 E54.35342
G1 X129.537 Y115.146 E54.3558
G1 X129.731 Y115.116 E54.35826
G1 X129.909 Y115.102 E54.3605
G1 X130.189 Y115.108 E54.36401
G1 X130.269 Y115.116 E54.36502
G1 X130.464 Y115.146 E54.36749
G1 X130.645 Y115.195 E54.36985
G1 X130.646 Y115.681 E54.37594
G1 X130.541 Y115.653 E54.3773
G1 X130.325 Y115.62 E54.38004
G1 X130.212 Y115.608 E54.38147
G1 X129.895 Y115.602 E54.38544
G1 X129.743 Y115.612 E54.38735
G1 X129.576 Y115.634 E54.38947
G1 X129.458 Y115.653 E54.39097
G0 F7200 X129.355 Y115.681
G0 X129.355 Y115.587
G0 X129.563 Y115.421
;TYPE:SKIN
G1 F1800 X129.786 Y115.361 E54.39187
G1 X130.369 Y115.378 E54.39415
G0 F7200 X130.378 Y115.537
G1 F1500 E47.89415
G0 F7200 X130.381 Y115.528
G0 X129.733 Y118.135
G1 F1500 E54.39415
G0 F7200 X129.459 Y118.653
;TYPE:WALL-OUTER
G1 F1800 X129.355 Y118.681 E54.3955
G1 X129.354 Y118.195 E54.40159
G1 X129.537 Y118.146 E54.40397
G1 X129.731 Y118.116 E54.40643
G1 X129.812 Y118.108 E54.40745
G1 X130.091 Y118.102 E54.41095
G1 X130.224 Y118.111 E54.41262
G1 X130.369 Y118.13 E54.41446
G1 X130.455 Y118.144 E54.41555
G1 X130.645 Y118.195 E54.41802
G1 X130.646 Y118.681 E54.42411
G1 X130.541 Y118.653 E54.42547
G1 X130.324 Y118.619 E54.42823
G1 X130.104 Y118.602 E54.43099
G1 X129.788 Y118.608 E54.43496
G1 X129.675 Y118.62 E54.43638
G1 X129.459 Y118.653 E54.43912
G0 F7200 X129.355 Y118.681
G0 X129.355 Y118.588
G0 X129.685 Y118.371
;TYPE:SKIN
G1 F1800 X129.951 Y118.354 E54.44048
G1 X130.242 Y118.362 E54.44197
G0 F7200 X130.274 Y118.521
G1 F1500 E47.94197
;MESH:NONMESH
G0 F600 X130.274 Y118.521 Z14.4
G0 F7200 X130.274 Y118.515
G0 X128.489 Y118.209
G0 X123.5 Y114.537
G0 X120.507 Y113.785
G0 X115.51 Y109.664
G0 X114.335 Y109.609
G1 F1500 E54.44197
G0 F7200 X113.459 Y109.653
;TIME_ELAPSED:660.979609
;LAYER:71
;TYPE:WALL-OUTER
;MESH:output\B_media_suporte.stl
G1 F1800 X113.145 Y109.737 E54.44605
G1 X113.145 Y109.253 E54.45212
G1 X113.167 Y109.245 E54.45241
G1 X113.538 Y109.146 E54.45722
G1 X113.742 Y109.115 E54.45981
G1 X113.812 Y109.108 E54.46069
G1 X114.102 Y109.102 E54.46433
G1 X114.198 Y109.109 E54.46554
G1 X114.309 Y109.121 E54.46694
G1 X114.455 Y109.144 E54.46879
G1 X114.833 Y109.245 E54.4737
G1 X114.855 Y109.253 E54.47399
G1 X114.855 Y109.737 E54.48006
G1 X114.541 Y109.653 E54.48414
G1 X114.312 Y109.618 E54.48704
G1 X114.105 Y109.602 E54.48965
G1 X113.776 Y109.609 E54.49377
G1 X113.674 Y109.62 E54.49506
G1 X113.459 Y109.653 E54.49779
G0 F7200 X113.266 Y109.704
G0 X113.474 Y109.405
;TYPE:SKIN
G1 F1800 X113.803 Y109.358 E54.49914
G1 X114.586 Y109.424 E54.50232
G0 F7200 X114.652 Y109.27
G1 F1500 E48.00232
G0 F7200 X114.645 Y109.297
G0 X113.455 Y109.634
G0 X113.744 Y112.134
G1 F1500 E54.50232
G0 F7200 X113.458 Y112.653
;TYPE:WALL-OUTER
G1 F1800 X113.145 Y112.737 E54.50639
G1 X113.144 Y112.253 E54.51246
G1 X113.162 Y112.246 E54.5127
G1 X113.538 Y112.146 E54.51758
G1 X113.742 Y112.115 E54.52016
G1 X113.812 Y112.108 E54.52105
G1 X114.102 Y112.102 E54.52468
G1 X114.198 Y112.109 E54.52589
G1 X114.309 Y112.121 E54.52729
G1 X114.455 Y112.144 E54.52914
G1 X114.833 Y112.245 E54.53405
G1 X114.855 Y112.254 E54.53435
G1 X114.856 Y112.737 E54.54041
G1 X114.541 Y112.653 E54.54202
G1 X114.312 Y112.618 E54.54493
G1 X114.105 Y112.602 E54.54753
G1 X113.775 Y112.609 E54.55167
G1 X113.642 Y112.624 E54.55335
G1 X113.458 Y112.653 E54.55568
G0 F7200 X113.265 Y112.704
G0 X113.609 Y112.382
;TYPE:SKIN
G1 F1800 X113.918 Y112.355 E54.55709
G1 X114.444 Y112.394 E54.55947
G0 F7200 X114.48 Y112.239
G1 F1500 E48.05947
G0 F7200 X114.477 Y112.252
G0 X113.454 Y112.634
G0 X113.744 Y115.134
G1 F1500 E54.55947
G0 F7200 X113.458 Y115.653
;TYPE:WALL-OUTER
G1 F1800 X113.145 Y115.737 E54.56354
G1 X113.145 Y115.253 E54.56961
G1 X113.167 Y115.245 E54.5699
G1 X113.538 Y115.146 E54.57471
G1 X113.742 Y115.115 E54.5773
G1 X113.812 Y115.108 E54.57818
G1 X114.102 Y115.102 E54.58182
G1 X114.198 Y115.109 E54.58303
G1 X114.309 Y115.121 E54.58443
G1 X114.455 Y115.144 E54.58628
G1 X114.833 Y115.245 E54.59119
G1 X114.855 Y115.253 E54.59148
G1 X114.855 Y115.737 E54.59755
G1 X114.541 Y115.653 E54.60163
G1 X114.312 Y115.618 E54.60453
G1 X114.105 Y115.602 E54.60714
G1 X113.775 Y115.609 E54.61128
G1 X113.642 Y115.624 E54.61295
G1 X113.458 Y115.653 E54.61529
G0 F7200 X113.265 Y115.704
G0 X113.394 Y115.424
;TYPE:SKIN
G1 F1800 X113.738 Y115.364 E54.61669
G1 X114.537 Y115.412 E54.61989
G0 F7200 X114.569 Y115.253
G1 F1500 E48.11989
G0 F7200 X114.563 Y115.275
G0 X113.454 Y115.634
G0 X113.744 Y118.134
G1 F1500 E54.61989
G0 F7200 X113.458 Y118.653
;TYPE:WALL-OUTER
G1 F1800 X113.145 Y118.737 E54.62396
G1 X113.144 Y118.253 E54.63002
G1 X113.162 Y118.246 E54.63027
G1 X113.538 Y118.146 E54.63515
G1 X113.742 Y118.115 E54.63773
G1 X113.812 Y118.108 E54.63862
G1 X114.102 Y118.102 E54.64225
G1 X114.198 Y118.109 E54.64346
G1 X114.309 Y118.121 E54.64486
G1 X114.455 Y118.144 E54.64671
G1 X114.833 Y118.245 E54.65162
G1 X114.855 Y118.254 E54.65192
G1 X114.856 Y118.737 E54.65798
G1 X114.541 Y118.653 E54.65959
G1 X114.312 Y118.618 E54.6625
G1 X114.105 Y118.602 E54.6651
G1 X113.775 Y118.609 E54.66924
G1 X113.642 Y118.624 E54.67092
G1 X113.458 Y118.653 E54.67325
G0 F7200 X113.265 Y118.704
G0 X113.538 Y118.392
;TYPE:SKIN
G1 F1800 X113.857 Y118.356 E54.67455
G1 X114.628 Y118.433 E54.67768
G0 F7200 X114.48 Y118.239
G1 F1500 E48.17768
G0 F7200 X114.477 Y118.252
G0 X115.72 Y118.568
G0 X120.28 Y118.558
G0 X121.438 Y118.556
G1 F1500 E54.67768
G0 F7200 X121.458 Y118.653
;TYPE:WALL-OUTER
G1 F1800 X121.145 Y118.737 E54.68174
G1 X121.144 Y118.253 E54.68781
G1 X121.162 Y118.246 E54.68805
G1 X121.538 Y118.146 E54.69293
G1 X121.742 Y118.115 E54.69552
G1 X121.812 Y118.108 E54.6964
G1 X122.102 Y118.102 E54.70004
G1 X122.198 Y118.109 E54.70125
G1 X122.309 Y118.121 E54.70265
G1 X122.455 Y118.144 E54.7045
G1 X122.833 Y118.245 E54.70941
G1 X122.855 Y118.254 E54.7097
G1 X122.856 Y118.737 E54.71576
G1 X122.541 Y118.653 E54.71738
G1 X122.312 Y118.618 E54.72028
G1 X122.105 Y118.602 E54.72289
G1 X121.775 Y118.609 E54.72703
G1 X121.642 Y118.624 E54.7287
G1 X121.458 Y118.653 E54.73104
G0 F7200 X121.265 Y118.704
G0 X121.434 Y118.415
;TYPE:SKIN
G1 F1800 X121.771 Y118.36 E54.73241
G1 X122.563 Y118.418 E54.73559
G0 F7200 X122.595 Y118.256
G1 F1500 E48.23559
G0 F7200 X122.588 Y118.282
G0 X121.157 Y115.722
G1 F1500 E54.73559
G0 F7200 X121.458 Y115.653
;TYPE:WALL-OUTER
G1 F1800 X121.145 Y115.737 E54.73966
G1 X121.145 Y115.253 E54.74573
G1 X121.167 Y115.245 E54.74602
G1 X121.538 Y115.146 E54.75083
G1 X121.742 Y115.115 E54.75342
G1 X121.91 Y115.102 E54.75553
G1 X122.187 Y115.108 E54.75901
G1 X122.31 Y115.121 E54.76056
G1 X122.455 Y115.144 E54.7624
G1 X122.833 Y115.245 E54.76731
G1 X122.855 Y115.253 E54.7676
G1 X122.855 Y115.737 E54.77367
G1 X122.541 Y115.653 E54.77775
G1 X122.313 Y115.619 E54.78064
G1 X122.212 Y115.608 E54.78191
G1 X121.883 Y115.602 E54.78604
G1 X121.77 Y115.61 E54.78746
G1 X121.642 Y115.624 E54.78907
G1 X121.458 Y115.653 E54.79141
G0 F7200 X121.265 Y115.704
G0 X121.645 Y115.376
;TYPE:SKIN
G1 F1800 X121.951 Y115.352 E54.7928
G1 X122.469 Y115.4 E54.79515
G0 F7200 X122.503 Y115.243
G1 F1500 E48.29515
G0 F7200 X122.499 Y115.258
G0 X121.157 Y112.722
G1 F1500 E54.79515
G0 F7200 X121.458 Y112.653
;TYPE:WALL-OUTER
G1 F1800 X121.145 Y112.737 E54.79922
G1 X121.144 Y112.253 E54.80529
G1 X121.162 Y112.246 E54.80553
G1 X121.538 Y112.146 E54.81041
G1 X121.742 Y112.115 E54.81299
G1 X121.812 Y112.108 E54.81388
G1 X122.102 Y112.102 E54.81751
G1 X122.198 Y112.109 E54.81872
G1 X122.309 Y112.121 E54.82012
G1 X122.455 Y112.144 E54.82197
G1 X122.833 Y112.245 E54.82688
G1 X122.855 Y112.254 E54.82718
G1 X122.856 Y112.737 E54.83324
G1 X122.541 Y112.653 E54.83485
G1 X122.312 Y112.618 E54.83776
G1 X122.105 Y112.602 E54.84036
G1 X121.775 Y112.609 E54.8445
G1 X121.642 Y112.624 E54.84618
G1 X121.458 Y112.653 E54.84851
G0 F7200 X121.265 Y112.704
G0 X121.513 Y112.397
;TYPE:SKIN
G1 F1800 X121.835 Y112.357 E54.84983
G1 X122.612 Y112.429 E54.853
G0 F7200 X122.677 Y112.276
G1 F1500 E48.353
G0 F7200 X122.67 Y112.304
G0 X122.545 Y109.634
G0 X121.439 Y109.556
G1 F1500 E54.853
G0 F7200 X121.459 Y109.653
;TYPE:WALL-OUTER
G1 F1800 X121.145 Y109.737 E54.85707
G1 X121.145 Y109.253 E54.86314
G1 X121.167 Y109.245 E54.86343
G1 X121.538 Y109.146 E54.86825
G1 X121.742 Y109.115 E54.87084
G1 X121.812 Y109.108 E54.87172
G1 X122.102 Y109.102 E54.87536
G1 X122.198 Y109.109 E54.87656
G1 X122.309 Y109.121 E54.87796
G1 X122.455 Y109.144 E54.87982
G1 X122.833 Y109.245 E54.88472
G1 X122.855 Y109.253 E54.88502
G1 X122.855 Y109.737 E54.89109
G1 X122.541 Y109.653 E54.89516
G1 X122.313 Y109.619 E54.89805
G1 X122.212 Y109.608 E54.89933
G1 X121.883 Y109.602 E54.90345
G1 X121.771 Y109.61 E54.90486
G1 X121.674 Y109.62 E54.90609
G1 X121.459 Y109.653 E54.90881
G0 F7200 X121.266 Y109.704
G0 X121.379 Y109.419
;TYPE:SKIN
G1 F1800 X121.714 Y109.367 E54.91009
G1 X122.52 Y109.41 E54.91312
G0 F7200 X122.552 Y109.25
G1 F1500 E48.41312
G0 F7200 X122.546 Y109.271
G0 X123.72 Y109.556
G0 X128.28 Y109.556
G0 X129.439 Y109.556
G1 F1500 E54.91312
G0 F7200 X129.459 Y109.653
;TYPE:WALL-OUTER
G1 F1800 X129.145 Y109.737 E54.9172
G1 X129.145 Y109.253 E54.92327
G1 X129.167 Y109.245 E54.92356
G1 X129.538 Y109.146 E54.92837
G1 X129.742 Y109.115 E54.93096
G1 X129.91 Y109.102 E54.93307
G1 X130.187 Y109.108 E54.93655
G1 X130.31 Y109.121 E54.9381
G1 X130.455 Y109.144 E54.93994
G1 X130.833 Y109.245 E54.94485
G1 X130.855 Y109.253 E54.94514
G1 X130.855 Y109.737 E54.95121
G1 X130.541 Y109.653 E54.95529
G1 X130.313 Y109.619 E54.95818
G1 X130.212 Y109.608 E54.95945
G1 X129.883 Y109.602 E54.96358
G1 X129.771 Y109.61 E54.96499
G1 X129.674 Y109.62 E54.96621
G1 X129.459 Y109.653 E54.96894
G0 F7200 X129.266 Y109.704
G0 X129.62 Y109.38
;TYPE:SKIN
G1 F1800 X129.931 Y109.352 E54.97034
G1 X130.453 Y109.396 E54.97269
G0 F7200 X130.488 Y109.241
G1 F1500 E48.47269
G0 F7200 X130.484 Y109.254
G0 X129.455 Y109.634
G0 X129.744 Y112.134
G1 F1500 E54.97269
G0 F7200 X129.458 Y112.653
;TYPE:WALL-OUTER
G1 F1800 X129.145 Y112.737 E54.97676
G1 X129.144 Y112.253 E54.98283
G1 X129.162 Y112.246 E54.98307
G1 X129.538 Y112.146 E54.98795
G1 X129.742 Y112.115 E54.99054
G1 X129.91 Y112.102 E54.99265
G1 X130.187 Y112.108 E54.99612
G1 X130.31 Y112.121 E54.99767
G1 X130.455 Y112.144 E54.99952
G1 X130.833 Y112.245 E55.00442
G1 X130.855 Y112.254 E55.00472
G1 X130.856 Y112.737 E55.01078
G1 X130.541 Y112.653 E55.01239
G1 X130.313 Y112.619 E55.01528
G1 X130.212 Y112.608 E55.01656
G1 X129.883 Y112.602 E55.02068
G1 X129.77 Y112.61 E55.02211
G1 X129.642 Y112.624 E55.02372
G1 X129.458 Y112.653 E55.02606
G0 F7200 X129.265 Y112.704
G0 X129.406 Y112.422
;TYPE:SKIN
G1 F1800 X129.749 Y112.363 E55.02744
G1 X130.545 Y112.415 E55.03062
G0 F7200 X130.578 Y112.254
G1 F1500 E48.53062
G0 F7200 X130.572 Y112.278
G0 X129.454 Y112.634
G0 X129.744 Y115.134
G1 F1500 E55.03062
G0 F7200 X129.458 Y115.653
;TYPE:WALL-OUTER
G1 F1800 X129.145 Y115.737 E55.03468
G1 X129.145 Y115.253 E55.04075
G1 X129.167 Y115.245 E55.04105
G1 X129.538 Y115.146 E55.04586
G1 X129.742 Y115.115 E55.04845
G1 X129.91 Y115.102 E55.05056
G1 X130.187 Y115.108 E55.05404
G1 X130.31 Y115.121 E55.05559
G1 X130.455 Y115.144 E55.05743
G1 X130.833 Y115.245 E55.06233
G1 X130.855 Y115.253 E55.06263
G1 X130.855 Y115.737 E55.0687
G1 X130.541 Y115.653 E55.07277
G1 X130.313 Y115.619 E55.07566
G1 X130.212 Y115.608 E55.07694
G1 X129.883 Y115.602 E55.08107
G1 X129.77 Y115.61 E55.08249
G1 X129.642 Y115.624 E55.0841
G1 X129.458 Y115.653 E55.08644
G0 F7200 X129.265 Y115.704
G0 X129.55 Y115.39
;TYPE:SKIN
G1 F1800 X129.869 Y115.354 E55.08773
G1 X130.631 Y115.44 E55.09083
G0 F7200 X130.481 Y115.24
G1 F1500 E48.59083
G0 F7200 X130.478 Y115.252
G0 X129.454 Y115.634
G0 X129.744 Y118.134
G1 F1500 E55.09083
G0 F7200 X129.458 Y118.653
;TYPE:WALL-OUTER
G1 F1800 X129.145 Y118.737 E55.09489
G1 X129.144 Y118.253 E55.10096
G1 X129.162 Y118.246 E55.1012
G1 X129.538 Y118.146 E55.10608
G1 X129.742 Y118.115 E55.10867
G1 X129.812 Y118.108 E55.10955
G1 X130.102 Y118.102 E55.11319
G1 X130.198 Y118.109 E55.11439
G1 X130.309 Y118.121 E55.11579
G1 X130.455 Y118.144 E55.11765
G1 X130.833 Y118.245 E55.12255
G1 X130.855 Y118.254 E55.12285
G1 X130.856 Y118.737 E55.12891
G1 X130.541 Y118.653 E55.13053
G1 X130.312 Y118.618 E55.13343
G1 X130.105 Y118.602 E55.13603
G1 X129.775 Y118.609 E55.14017
G1 X129.642 Y118.624 E55.14185
G1 X129.458 Y118.653 E55.14419
G0 F7200 X129.265 Y118.704
G0 X129.359 Y118.41
;TYPE:SKIN
G1 F1800 X129.681 Y118.371 E55.14531
G1 X130.496 Y118.405 E55.14815
G0 F7200 X130.53 Y118.247
G1 F1500 E48.64815
;MESH:NONMESH
G0 F600 X130.53 Y118.247 Z14.6
G0 F7200 X130.525 Y118.265
G0 X129.168 Y118.265
G0 X123.712 Y114.666
G0 X121.306 Y113.59
G0 X120.299 Y113.961
G0 X115.72 Y109.722
G0 X114.316 Y109.579
G0 X113.245 Y109.658
G1 F1500 E55.14815
G0 F7200 X113.038 Y109.766
;TIME_ELAPSED:671.307031
;LAYER:72
;TYPE:WALL-OUTER
;MESH:output\B_media_suporte.stl
G1 F1800 X112.935 Y109.805 E55.14953
G1 X112.935 Y109.334 E55.15544
G1 X113.166 Y109.245 E55.15854
G1 X113.382 Y109.187 E55.16135
G1 X113.382 Y109.674 E55.16745
G1 X113.038 Y109.766 E55.17192
G0 F7200 X112.935 Y109.805
G0 X112.935 Y109.715
G0 X113.141 Y109.464
;TYPE:SKIN
G1 F1800 X113.186 Y109.509 E55.17232
G0 F7200 X113.335 Y109.509
G1 F1500 E48.67232
G0 F7200 X113.282 Y109.509
G0 X114.638 Y109.671
G1 F1500 E55.17232
G0 F7200 X114.962 Y109.766
;TYPE:WALL-OUTER
G1 F1800 X114.618 Y109.674 E55.17678
G1 X114.618 Y109.187 E55.18289
G1 X114.834 Y109.245 E55.18569
G1 X115.065 Y109.334 E55.1888
G1 X115.065 Y109.805 E55.19471
G1 X114.962 Y109.766 E55.19609
G0 F7200 X114.769 Y109.715
G0 X114.869 Y109.495
;TYPE:SKIN
G1 F1800 X114.824 Y109.45 E55.19649
G0 F7200 X114.837 Y109.319
G1 F1500 E48.69649
G0 F7200 X114.824 Y109.348
G0 X114.629 Y112.202
G1 F1500 E55.19649
G0 F7200 X114.962 Y112.765
;TYPE:WALL-OUTER
G1 F1800 X114.618 Y112.675 E55.20094
G1 X114.617 Y112.187 E55.20706
G1 X114.834 Y112.245 E55.20988
G1 X115.065 Y112.334 E55.21299
G1 X115.066 Y112.805 E55.21889
G1 X114.962 Y112.765 E55.22029
G0 F7200 X114.769 Y112.715
G0 X114.75 Y112.642
G1 F1500 E48.72029
G0 F7200 X114.76 Y112.61
G0 X113.368 Y112.661
G1 F1500 E55.22029
G0 F7200 X113.038 Y112.766
G1 F1800 X112.935 Y112.805 E55.22167
G1 X112.934 Y112.335 E55.22756
G1 X113.166 Y112.245 E55.23068
G1 X113.382 Y112.187 E55.23349
G1 X113.383 Y112.673 E55.23958
G1 X113.038 Y112.766 E55.24406
G0 F7200 X112.935 Y112.805
G0 X112.935 Y112.715
G0 X113.224 Y112.301
G1 F1500 E48.74406
G0 F7200 X113.232 Y112.331
G0 X113.37 Y115.202
G1 F1500 E55.24406
G0 F7200 X113.038 Y115.766
G1 F1800 X112.935 Y115.805 E55.24545
G1 X112.935 Y115.334 E55.25135
G1 X113.166 Y115.245 E55.25446
G1 X113.382 Y115.187 E55.25726
G1 X113.383 Y115.673 E55.26336
G1 X113.038 Y115.766 E55.26784
G0 F7200 X112.935 Y115.805
G0 X112.935 Y115.715
G0 X113.224 Y115.301
G1 F1500 E48.76784
G0 F7200 X113.232 Y115.331
G0 X114.618 Y115.659
G1 F1500 E55.26784
G0 F7200 X114.961 Y115.765
G1 F1800 X114.618 Y115.675 E55.27228
G1 X114.617 Y115.187 E55.2784
G1 X114.834 Y115.245 E55.28122
G1 X115.065 Y115.334 E55.28433
G1 X115.065 Y115.805 E55.29023
G1 X114.961 Y115.765 E55.29163
G0 F7200 X114.768 Y115.715
G0 X114.749 Y115.641
G1 F1500 E48.79163
G0 F7200 X114.758 Y115.609
G0 X114.629 Y118.202
G1 F1500 E55.29163
G0 F7200 X114.962 Y118.765
G1 F1800 X114.618 Y118.675 E55.29609
G1 X114.617 Y118.187 E55.30221
G1 X114.834 Y118.245 E55.30502
G1 X115.065 Y118.334 E55.30813
G1 X115.066 Y118.805 E55.31404
G1 X114.962 Y118.765 E55.31543
G0 F7200 X114.769 Y118.715
G0 X114.86 Y118.537
;TYPE:SKIN
G1 F1800 X114.812 Y118.489 E55.31586
G0 F7200 X114.665 Y118.489
G1 F1500 E48.81586
G0 F7200 X114.718 Y118.49
G0 X113.368 Y118.661
G1 F1500 E55.31586
G0 F7200 X113.038 Y118.766
;TYPE:WALL-OUTER
G1 F1800 X112.935 Y118.805 E55.31724
G1 X112.934 Y118.335 E55.32313
G1 X113.168 Y118.244 E55.32628
G1 X113.382 Y118.188 E55.32906
G1 X113.383 Y118.673 E55.33514
G1 X113.038 Y118.766 E55.33962
G0 F7200 X112.935 Y118.805
G0 X112.935 Y118.715
G0 X113.224 Y118.301
G1 F1500 E48.83962
G0 F7200 X113.23 Y118.331
G0 X113.644 Y119.499
G0 X115.914 Y120.04
G0 X120.07 Y118.646
G1 F1500 E55.33962
G0 F7200 X121.038 Y118.766
G1 F1800 X120.935 Y118.805 E55.341
G1 X120.934 Y118.335 E55.34689
G1 X121.168 Y118.244 E55.35004
G1 X121.382 Y118.188 E55.35282
G1 X121.383 Y118.673 E55.3589
G1 X121.038 Y118.766 E55.36338
G0 F7200 X120.935 Y118.805
G0 X120.935 Y118.715
G0 X121.224 Y118.301
G1 F1500 E48.86338
G0 F7200 X121.23 Y118.331
G0 X122.618 Y118.659
G1 F1500 E55.36338
G0 F7200 X122.962 Y118.765
G1 F1800 X122.618 Y118.675 E55.36784
G1 X122.617 Y118.187 E55.37396
G1 X122.834 Y118.245 E55.37678
G1 X123.065 Y118.334 E55.37988
G1 X123.066 Y118.805 E55.38579
G1 X122.962 Y118.765 E55.38718
G0 F7200 X122.769 Y118.715
G0 X122.75 Y118.642
G1 F1500 E48.88718
G0 F7200 X122.76 Y118.61
G0 X123.054 Y115.789
G1 F1500 E55.38718
G0 F7200 X122.961 Y115.765
G1 F1800 X122.618 Y115.675 E55.39163
G1 X122.617 Y115.187 E55.39775
G1 X122.834 Y115.245 E55.40057
G1 X123.065 Y115.334 E55.40367
G1 X123.065 Y115.805 E55.40958
G1 X122.961 Y115.765 E55.41098
G0 F7200 X122.768 Y115.715
G0 X122.869 Y115.515
;TYPE:SKIN
G1 F1800 X122.811 Y115.457 E55.41149
G0 F7200 X122.665 Y115.458
G1 F1500 E48.91149
G0 F7200 X122.718 Y115.459
G0 X121.368 Y115.661
G1 F1500 E55.41149
G0 F7200 X121.038 Y115.766
;TYPE:WALL-OUTER
G1 F1800 X120.935 Y115.805 E55.41287
G1 X120.935 Y115.334 E55.41878
G1 X121.166 Y115.245 E55.42188
G1 X121.382 Y115.187 E55.42469
G1 X121.383 Y115.673 E55.43078
G1 X121.038 Y115.766 E55.43526
G0 F7200 X120.935 Y115.805
G0 X120.935 Y115.715
G0 X121.129 Y115.472
;TYPE:SKIN
G1 F1800 X121.181 Y115.524 E55.43572
G0 F7200 X121.25 Y115.643
G1 F1500 E48.93572
G0 F7200 X121.241 Y115.608
G0 X120.946 Y112.789
G1 F1500 E55.43572
G0 F7200 X121.038 Y112.766
;TYPE:WALL-OUTER
G1 F1800 X120.935 Y112.805 E55.4371
G1 X120.934 Y112.335 E55.443
G1 X121.166 Y112.245 E55.44612
G1 X121.382 Y112.187 E55.44892
G1 X121.383 Y112.673 E55.45502
G1 X121.038 Y112.766 E55.4595
G0 F7200 X120.935 Y112.805
G0 X120.935 Y112.715
G0 X121.224 Y112.301
G1 F1500 E48.9595
G0 F7200 X121.232 Y112.331
G0 X122.618 Y112.659
G1 F1500 E55.4595
G0 F7200 X122.962 Y112.765
G1 F1800 X122.618 Y112.675 E55.46396
G1 X122.617 Y112.187 E55.47008
G1 X122.834 Y112.245 E55.47289
G1 X123.065 Y112.334 E55.476
G1 X123.066 Y112.805 E55.48191
G1 X122.962 Y112.765 E55.4833
G0 F7200 X122.769 Y112.715
G0 X122.75 Y112.642
G1 F1500 E48.9833
G0 F7200 X122.76 Y112.61
G0 X123.054 Y109.789
G1 F1500 E55.4833
G0 F7200 X122.962 Y109.766
G1 F1800 X122.618 Y109.674 E55.48777
G1 X122.618 Y109.187 E55.49388
G1 X122.834 Y109.245 E55.49668
G1 X123.065 Y109.334 E55.49978
G1 X123.065 Y109.805 E55.50569
G1 X122.962 Y109.766 E55.50707
G0 F7200 X122.769 Y109.715
G0 X122.752 Y109.642
G1 F1500 E49.00707
G0 F7200 X122.761 Y109.61
G0 X121.362 Y109.671
G1 F1500 E55.50707
G0 F7200 X121.038 Y109.766
G1 F1800 X120.935 Y109.805 E55.50845
G1 X120.935 Y109.334 E55.51436
G1 X121.166 Y109.245 E55.51746
G1 X121.382 Y109.187 E55.52027
G1 X121.382 Y109.674 E55.52638
G1 X121.038 Y109.766 E55.53084
G0 F7200 X120.935 Y109.805
G0 X120.935 Y109.715
G0 X121.225 Y109.302
G1 F1500 E49.03084
G0 F7200 X121.232 Y109.331
G0 X121.641 Y110.5
G0 X123.912 Y111.037
G0 X128.07 Y109.671
G1 F1500 E55.53084
G0 F7200 X129.038 Y109.766
G1 F1800 X128.935 Y109.805 E55.53222
G1 X128.935 Y109.334 E55.53813
G1 X129.166 Y109.245 E55.54123
G1 X129.382 Y109.187 E55.54404
G1 X129.382 Y109.674 E55.55015
G1 X129.038 Y109.766 E55.55461
G0 F7200 X128.935 Y109.805
G0 X128.935 Y109.715
G0 X129.225 Y109.302
G1 F1500 E49.05461
G0 F7200 X129.232 Y109.331
G0 X130.638 Y109.671
G1 F1500 E55.55461
G0 F7200 X130.962 Y109.766
G1 F1800 X130.618 Y109.674 E55.55908
G1 X130.618 Y109.187 E55.56518
G1 X130.834 Y109.245 E55.56799
G1 X131.065 Y109.334 E55.57109
G1 X131.065 Y109.805 E55.577
G1 X130.962 Y109.766 E55.57838
G0 F7200 X130.769 Y109.715
G0 X130.752 Y109.642
G1 F1500 E49.07838
G0 F7200 X130.761 Y109.61
G0 X130.629 Y112.202
G1 F1500 E55.57838
G0 F7200 X130.962 Y112.765
G1 F1800 X130.618 Y112.675 E55.58284
G1 X130.617 Y112.187 E55.58896
G1 X130.834 Y112.245 E55.59178
G1 X131.065 Y112.334 E55.59488
G1 X131.066 Y112.805 E55.60079
G1 X130.962 Y112.765 E55.60218
G0 F7200 X130.769 Y112.715
G0 X130.75 Y112.642
G1 F1500 E49.10218
G0 F7200 X130.76 Y112.61
G0 X129.368 Y112.661
G1 F1500 E55.60218
G0 F7200 X129.038 Y112.766
G1 F1800 X128.935 Y112.805 E55.60357
G1 X128.934 Y112.335 E55.60946
G1 X129.166 Y112.245 E55.61258
G1 X129.382 Y112.187 E55.61538
G1 X129.383 Y112.673 E55.62148
G1 X129.038 Y112.766 E55.62596
G0 F7200 X128.935 Y112.805
G0 X128.935 Y112.715
G0 X129.187 Y112.499
;TYPE:SKIN
G1 F1800 X129.148 Y112.46 E55.62631
G0 F7200 X129.134 Y112.326
G1 F1500 E49.12631
G0 F7200 X129.146 Y112.36
G0 X129.37 Y115.202
G1 F1500 E55.62631
G0 F7200 X129.038 Y115.766
;TYPE:WALL-OUTER
G1 F1800 X128.935 Y115.805 E55.62769
G1 X128.935 Y115.334 E55.63359
G1 X129.166 Y115.245 E55.6367
G1 X129.382 Y115.187 E55.6395
G1 X129.383 Y115.673 E55.6456
G1 X129.038 Y115.766 E55.65008
G0 F7200 X128.935 Y115.805
G0 X128.935 Y115.715
G0 X129.224 Y115.301
G1 F1500 E49.15008
G0 F7200 X129.232 Y115.331
G0 X130.618 Y115.659
G1 F1500 E55.65008
G0 F7200 X130.961 Y115.765
G1 F1800 X130.618 Y115.675 E55.65452
G1 X130.617 Y115.187 E55.66064
G1 X130.834 Y115.245 E55.66346
G1 X131.065 Y115.334 E55.66657
G1 X131.065 Y115.805 E55.67247
G1 X130.961 Y115.765 E55.67387
G0 F7200 X130.768 Y115.715
G0 X130.749 Y115.641
G1 F1500 E49.17387
G0 F7200 X130.758 Y115.609
G0 X130.629 Y118.202
G1 F1500 E55.67387
G0 F7200 X130.962 Y118.765
G1 F1800 X130.618 Y118.675 E55.67833
G1 X130.617 Y118.187 E55.68445
G1 X130.834 Y118.245 E55.68727
G1 X131.065 Y118.334 E55.69037
G1 X131.066 Y118.805 E55.69628
G1 X130.962 Y118.765 E55.69767
G0 F7200 X130.769 Y118.715
G0 X130.75 Y118.642
G1 F1500 E49.19767
G0 F7200 X130.76 Y118.61
G0 X129.368 Y118.661
G1 F1500 E55.69767
G0 F7200 X129.038 Y118.766
G1 F1800 X128.935 Y118.805 E55.69905
G1 X128.934 Y118.335 E55.70495
G1 X129.168 Y118.244 E55.7081
G1 X129.382 Y118.188 E55.71087
G1 X129.383 Y118.673 E55.71695
G1 X129.038 Y118.766 E55.72143
G0 F7200 X128.935 Y118.805
G0 X128.935 Y118.715
G0 X129.224 Y118.301
G1 F1500 E49.22143
;MESH:NONMESH
G0 F600 X129.224 Y118.301 Z14.8
G0 F7200 X129.23 Y118.331
G0 X128.07 Y118.347
G0 X123.922 Y114.744
G0 X122.637 Y114.298
G0 X120.883 Y114.437
G0 X113.641 Y110.5
G0 X113.035 Y109.671
G1 F1500 E55.72143
G0 F7200 X113.038 Y109.765
;TIME_ELAPSED:687.967753
;LAYER:73
;TYPE:WALL-OUTER
;MESH:output\B_media_suporte.stl
G1 F1800 X112.725 Y109.886 E55.72564
G1 X112.724 Y109.421 E55.73147
G1 X112.78 Y109.394 E55.73225
G1 X113.164 Y109.246 E55.73741
G1 X113.164 Y109.732 E55.74351
G1 X113.038 Y109.765 E55.74514
G0 F7200 X112.852 Y109.837
G0 X113.125 Y109.463
G1 F1500 E49.24514
G0 F7200 X113.064 Y109.463
G0 X114.856 Y109.67
G1 F1500 E55.74514
G0 F7200 X114.962 Y109.765
G1 F1800 X114.836 Y109.732 E55.74678
G1 X114.836 Y109.246 E55.75287
G1 X115.225 Y109.396 E55.75569
G1 X115.275 Y109.42 E55.75639
G1 X115.276 Y109.886 E55.76223
G1 X114.962 Y109.765 E55.76391
G0 F7200 X114.836 Y109.732
G0 X114.836 Y109.662
G0 X114.875 Y109.661
G1 F1500 E49.26391
G0 F7200 X114.938 Y109.656
G0 X114.847 Y112.262
G1 F1500 E55.76391
G0 F7200 X114.962 Y112.765
G1 F1800 X114.836 Y112.732 E55.76554
G1 X114.836 Y112.246 E55.77163
G1 X115.225 Y112.396 E55.77446
G1 X115.275 Y112.42 E55.77515
G1 X115.275 Y112.886 E55.781
G1 X114.962 Y112.765 E55.78266
G0 F7200 X114.836 Y112.732
G0 X114.836 Y112.662
G0 X114.875 Y112.662
G1 F1500 E49.28266
G0 F7200 X114.938 Y112.657
G0 X113.144 Y112.67
G1 F1500 E55.78266
G0 F7200 X113.038 Y112.765
G1 F1800 X112.725 Y112.886 E55.78687
G1 X112.724 Y112.421 E55.7927
G1 X112.78 Y112.394 E55.79348
G1 X113.164 Y112.246 E55.79864
G1 X113.164 Y112.732 E55.80474
G1 X113.038 Y112.765 E55.80637
G0 F7200 X112.852 Y112.837
G0 X113.125 Y112.463
G1 F1500 E49.30637
G0 F7200 X113.064 Y112.463
G0 X113.153 Y115.262
G1 F1500 E55.80637
G0 F7200 X113.038 Y115.765
G1 F1800 X112.725 Y115.886 E55.81058
G1 X112.724 Y115.421 E55.81641
G1 X112.78 Y115.394 E55.81719
G1 X113.164 Y115.246 E55.82235
G1 X113.164 Y115.732 E55.82845
G1 X113.038 Y115.765 E55.83008
G0 F7200 X112.852 Y115.837
G0 X113.125 Y115.463
G1 F1500 E49.33008
G0 F7200 X113.064 Y115.463
G0 X114.856 Y115.67
G1 F1500 E55.83008
G0 F7200 X114.962 Y115.765
G1 F1800 X114.836 Y115.732 E55.83171
G1 X114.836 Y115.246 E55.83781
G1 X115.225 Y115.396 E55.84063
G1 X115.275 Y115.42 E55.84133
G1 X115.276 Y115.886 E55.84717
G1 X114.962 Y115.765 E55.84884
G0 F7200 X114.836 Y115.732
G0 X114.836 Y115.662
G0 X114.875 Y115.661
G1 F1500 E49.34884
G0 F7200 X114.938 Y115.656
G0 X114.847 Y118.262
G1 F1500 E55.84884
G0 F7200 X114.962 Y118.765
G1 F1800 X114.836 Y118.732 E55.85048
G1 X114.836 Y118.246 E55.85657
G1 X115.225 Y118.396 E55.85939
G1 X115.275 Y118.42 E55.86009
G1 X115.276 Y118.886 E55.86593
G1 X114.962 Y118.765 E55.86761
G0 F7200 X114.836 Y118.732
G0 X114.836 Y118.662
G0 X115.041 Y118.586
;TYPE:SKIN
G1 F1800 X115.08 Y118.547 E55.86795
G0 F7200 X115.136 Y118.404
G1 F1500 E49.36795
G0 F7200 X115.113 Y118.46
G0 X113.144 Y118.67
G1 F1500 E55.86795
G0 F7200 X113.038 Y118.765
;TYPE:WALL-OUTER
G1 F1800 X112.725 Y118.886 E55.87216
G1 X112.724 Y118.421 E55.87799
G1 X112.78 Y118.394 E55.87877
G1 X113.164 Y118.246 E55.88393
G1 X113.164 Y118.732 E55.89003
G1 X113.038 Y118.765 E55.89166
G0 F7200 X112.852 Y118.837
G0 X113.125 Y118.463
G0 X113.064 Y118.463
G0 X119.86 Y118.655
G0 X121.008 Y118.67
G0 X121.038 Y118.765
G1 F1800 X120.725 Y118.886 E55.89587
G1 X120.724 Y118.421 E55.9017
G1 X120.78 Y118.394 E55.90248
G1 X121.164 Y118.246 E55.90764
G1 X121.164 Y118.732 E55.91374
G1 X121.038 Y118.765 E55.91537
G0 F7200 X120.852 Y118.837
G0 X121.125 Y118.463
G0 X121.064 Y118.463
G0 X122.856 Y118.67
G0 X122.962 Y118.765
G1 F1800 X122.836 Y118.732 E55.917
G1 X122.836 Y118.246 E55.9231
G1 X123.225 Y118.396 E55.92592
G1 X123.275 Y118.42 E55.92662
G1 X123.276 Y118.886 E55.93246
G1 X122.962 Y118.765 E55.93413
G0 F7200 X122.836 Y118.732
G0 X122.836 Y118.662
G0 X122.875 Y118.661
G0 X122.938 Y118.656
G0 X123.265 Y115.87
G0 X122.962 Y115.765
G1 F1800 X122.836 Y115.732 E55.93577
G1 X122.836 Y115.246 E55.94186
G1 X123.225 Y115.396 E55.94468
G1 X123.275 Y115.42 E55.94538
G1 X123.276 Y115.886 E55.95122
G1 X122.962 Y115.765 E55.9529
G0 F7200 X122.836 Y115.732
G0 X122.836 Y115.662
G0 X122.875 Y115.661
G0 X122.938 Y115.656
G0 X121.144 Y115.67
G0 X121.038 Y115.765
G1 F1800 X120.725 Y115.886 E55.95711
G1 X120.724 Y115.421 E55.96294
G1 X120.775 Y115.396 E55.96365
G1 X121.164 Y115.246 E55.96888
G1 X121.164 Y115.732 E55.97497
G1 X121.038 Y115.765 E55.97661
G0 F7200 X120.852 Y115.837
G0 X121.125 Y115.463
G0 X121.064 Y115.463
G0 X120.736 Y112.87
G0 X121.038 Y112.765
G1 F1800 X120.725 Y112.886 E55.98081
G1 X120.724 Y112.421 E55.98665
G1 X120.78 Y112.394 E55.98743
G1 X121.164 Y112.246 E55.99259
G1 X121.164 Y112.732 E55.99868
G1 X121.038 Y112.765 E56.00031
G0 F7200 X120.852 Y112.837
G0 X121.125 Y112.463
G0 X121.064 Y112.463
G0 X122.856 Y112.67
G0 X122.962 Y112.765
G1 F1800 X122.836 Y112.732 E56.00195
G1 X122.836 Y112.246 E56.00804
G1 X123.225 Y112.396 E56.01087
G1 X123.275 Y112.42 E56.01156
G1 X123.275 Y112.886 E56.0174
G1 X122.962 Y112.765 E56.01907
G0 F7200 X122.836 Y112.732
G0 X122.836 Y112.662
G0 X123.03 Y112.577
;TYPE:SKIN
G1 F1800 X123.064 Y112.543 E56.01937
G0 F7200 X123.12 Y112.398
G0 X123.098 Y112.454
G0 X123.265 Y109.87
G0 X122.962 Y109.765
;TYPE:WALL-OUTER
G1 F1800 X122.836 Y109.732 E56.02101
G1 X122.836 Y109.246 E56.0271
G1 X123.225 Y109.396 E56.02992
G1 X123.275 Y109.42 E56.03062
G1 X123.276 Y109.886 E56.03646
G1 X122.962 Y109.765 E56.03814
G0 F7200 X122.836 Y109.732
G0 X122.836 Y109.662
G0 X122.875 Y109.661
G0 X122.938 Y109.656
G0 X121.144 Y109.67
G0 X121.038 Y109.765
G1 F1800 X120.725 Y109.886 E56.04234
G1 X120.724 Y109.421 E56.04818
G1 X120.78 Y109.394 E56.04896
G1 X121.164 Y109.246 E56.05412
G1 X121.164 Y109.732 E56.06021
G1 X121.038 Y109.765 E56.06184
G0 F7200 X120.852 Y109.837
G0 X120.918 Y109.598
;TYPE:SKIN
G1 F1800 X120.968 Y109.548 E56.06229
G0 F7200 X121.125 Y109.549
G0 X121.064 Y109.549
G0 X127.86 Y109.655
G0 X129.008 Y109.67
G0 X129.038 Y109.765
;TYPE:WALL-OUTER
G1 F1800 X128.725 Y109.886 E56.0665
G1 X128.724 Y109.421 E56.07233
G1 X128.78 Y109.394 E56.07311
G1 X129.164 Y109.246 E56.07827
G1 X129.164 Y109.732 E56.08436
G1 X129.038 Y109.765 E56.086
G0 F7200 X128.852 Y109.837
G0 X129.125 Y109.463
G0 X129.064 Y109.463
G0 X130.856 Y109.67
G0 X130.962 Y109.765
G1 F1800 X130.836 Y109.732 E56.08763
G1 X130.836 Y109.246 E56.09372
G1 X131.225 Y109.396 E56.09655
G1 X131.275 Y109.42 E56.09724
G1 X131.276 Y109.886 E56.10309
G1 X130.962 Y109.765 E56.10476
G0 F7200 X130.836 Y109.732
G0 X130.836 Y109.662
G0 X130.875 Y109.661
G0 X130.938 Y109.656
G0 X130.847 Y112.262
G0 X130.962 Y112.765
G1 F1800 X130.836 Y112.732 E56.10639
G1 X130.836 Y112.246 E56.11249
G1 X131.225 Y112.396 E56.11531
G1 X131.275 Y112.42 E56.11601
G1 X131.275 Y112.886 E56.12185
G1 X130.962 Y112.765 E56.12352
G0 F7200 X130.836 Y112.732
G0 X130.836 Y112.662
G0 X130.875 Y112.662
G0 X130.938 Y112.657
G0 X129.144 Y112.67
G0 X129.038 Y112.765
G1 F1800 X128.725 Y112.886 E56.12772
G1 X128.724 Y112.421 E56.13356
G1 X128.78 Y112.394 E56.13434
G1 X129.164 Y112.246 E56.1395
G1 X129.164 Y112.732 E56.14559
G1 X129.038 Y112.765 E56.14722
G0 F7200 X128.852 Y112.837
G0 X129.125 Y112.463
G0 X129.064 Y112.463
G0 X129.153 Y115.262
G0 X129.038 Y115.765
G1 F1800 X128.725 Y115.886 E56.15143
G1 X128.724 Y115.421 E56.15726
G1 X128.78 Y115.394 E56.15804
G1 X129.164 Y115.246 E56.1632
G1 X129.164 Y115.732 E56.1693
G1 X129.038 Y115.765 E56.17093
G0 F7200 X128.852 Y115.837
G0 X129.125 Y115.463
G0 X129.064 Y115.463
G0 X130.856 Y115.67
G0 X130.962 Y115.765
G1 F1800 X130.836 Y115.732 E56.17257
G1 X130.836 Y115.246 E56.17866
G1 X131.225 Y115.396 E56.18148
G1 X131.275 Y115.42 E56.18218
G1 X131.276 Y115.886 E56.18802
G1 X130.962 Y115.765 E56.1897
G0 F7200 X130.836 Y115.732
G0 X130.836 Y115.662
G0 X131.048 Y115.59
;TYPE:SKIN
G1 F1800 X131.079 Y115.558 E56.18998
G0 F7200 X131.236 Y115.557
G0 X131.175 Y115.556
G0 X130.847 Y118.262
G0 X130.962 Y118.765
;TYPE:WALL-OUTER
G1 F1800 X130.836 Y118.732 E56.19161
G1 X130.836 Y118.246 E56.1977
G1 X131.225 Y118.396 E56.20053
G1 X131.275 Y118.42 E56.20122
G1 X131.276 Y118.886 E56.20707
G1 X130.962 Y118.765 E56.20874
G0 F7200 X130.836 Y118.732
G0 X130.836 Y118.662
G0 X130.875 Y118.661
G0 X130.938 Y118.656
G0 X129.144 Y118.67
G0 X129.038 Y118.765
G1 F1800 X128.725 Y118.886 E56.21295
G1 X128.724 Y118.421 E56.21878
G1 X128.78 Y118.394 E56.21956
G1 X129.164 Y118.246 E56.22472
G1 X129.164 Y118.732 E56.23081
G1 X129.038 Y118.765 E56.23245
G0 F7200 X128.852 Y118.837
G0 X128.918 Y118.569
;TYPE:SKIN
G1 F1800 X128.948 Y118.538 E56.23272
G0 F7200 X128.891 Y118.393
;MESH:NONMESH
G0 F600 X128.891 Y118.393 Z15
G0 F7200 X128.912 Y118.45
G0 X127.86 Y118.432
G0 X124.133 Y114.883
G0 X123.105 Y114.423
G0 X122.013 Y114.143
G0 X119.88 Y114.226
G0 X114.029 Y109.72
G0 X112.825 Y109.805
G0 X112.62 Y109.926
;TIME_ELAPSED:695.543657
;LAYER:74
;TYPE:WALL-OUTER
;MESH:output\B_media_suporte.stl
G1 F1800 X112.515 Y109.977 E56.23418
G1 X112.514 Y109.523 E56.23988
G1 X112.78 Y109.394 E56.24358
G1 X112.954 Y109.327 E56.24592
G1 X112.954 Y109.798 E56.25183
G1 X112.62 Y109.926 E56.25631
G0 F7200 X112.515 Y109.977
G0 X112.515 Y109.893
G0 X112.745 Y109.449
G0 X112.773 Y109.509
G0 X115.066 Y109.787
G0 X115.38 Y109.926
G1 F1800 X115.046 Y109.798 E56.2608
G1 X115.046 Y109.327 E56.26671
G1 X115.225 Y109.396 E56.26911
G1 X115.485 Y109.522 E56.27273
G1 X115.486 Y109.977 E56.27844
G1 X115.38 Y109.926 E56.27992
G0 F7200 X115.193 Y109.855
G0 X115.174 Y109.817
G0 X115.199 Y109.751
G0 X115.057 Y112.343
G0 X115.38 Y112.926
G1 F1800 X115.046 Y112.798 E56.2844
G1 X115.046 Y112.327 E56.29031
G1 X115.225 Y112.396 E56.29271
G1 X115.485 Y112.522 E56.29634
G1 X115.485 Y112.977 E56.30204
G1 X115.38 Y112.926 E56.30351
G0 F7200 X115.193 Y112.855
G0 X115.174 Y112.817
G0 X115.199 Y112.751
G0 X112.938 Y112.787
G0 X112.62 Y112.926
G1 F1800 X112.515 Y112.977 E56.30497
G1 X112.514 Y112.523 E56.31066
G1 X112.78 Y112.394 E56.31437
G1 X112.954 Y112.327 E56.31671
G1 X112.954 Y112.798 E56.32262
G1 X112.62 Y112.926 E56.3271
G0 F7200 X112.515 Y112.977
G0 X112.515 Y112.893
G0 X112.745 Y112.449
G0 X112.773 Y112.509
G0 X112.943 Y115.343
G0 X112.62 Y115.926
G1 F1800 X112.515 Y115.977 E56.32856
G1 X112.514 Y115.523 E56.33426
G1 X112.78 Y115.394 E56.33797
G1 X112.954 Y115.327 E56.3403
G1 X112.954 Y115.798 E56.34621
G1 X112.62 Y115.926 E56.3507
G0 F7200 X112.515 Y115.977
G0 X112.515 Y115.893
G0 X112.745 Y115.449
G0 X112.773 Y115.509
G0 X115.066 Y115.787
G0 X115.38 Y115.926
G1 F1800 X115.046 Y115.798 E56.35518
G1 X115.046 Y115.327 E56.36109
G1 X115.225 Y115.396 E56.36349
G1 X115.485 Y115.522 E56.36712
G1 X115.486 Y115.977 E56.37282
G1 X115.38 Y115.926 E56.3743
G0 F7200 X115.193 Y115.855
G0 X115.174 Y115.817
G0 X115.199 Y115.751
G0 X115.057 Y118.343
G0 X115.38 Y118.926
G1 F1800 X115.046 Y118.798 E56.37878
G1 X115.046 Y118.327 E56.38469
G1 X115.225 Y118.396 E56.3871
G1 X115.485 Y118.522 E56.39072
G1 X115.486 Y118.977 E56.39642
G1 X115.38 Y118.926 E56.3979
G0 F7200 X115.193 Y118.855
G0 X115.174 Y118.817
G0 X115.199 Y118.751
G0 X112.934 Y118.787
G0 X112.62 Y118.926
G1 F1800 X112.515 Y118.977 E56.39936
G1 X112.514 Y118.523 E56.40506
G1 X112.78 Y118.394 E56.40876
G1 X112.954 Y118.327 E56.4111
G1 X112.954 Y118.798 E56.41701
G1 X112.62 Y118.926 E56.42149
G0 F7200 X112.515 Y118.977
G0 X112.515 Y118.893
G0 X112.745 Y118.449
G0 X112.773 Y118.509
G0 X113.819 Y118.787
G0 X116.333 Y120.331
G0 X119.65 Y118.772
G0 X120.62 Y118.926
G1 F1800 X120.515 Y118.977 E56.42296
G1 X120.514 Y118.523 E56.42865
G1 X120.78 Y118.394 E56.43236
G1 X120.954 Y118.327 E56.4347
G1 X120.954 Y118.798 E56.4406
G1 X120.62 Y118.926 E56.44509
G0 F7200 X120.515 Y118.977
G0 X120.515 Y118.893
G0 X120.745 Y118.449
G0 X120.773 Y118.509
G0 X123.066 Y118.787
G0 X123.38 Y118.926
G1 F1800 X123.046 Y118.798 E56.44957
G1 X123.046 Y118.327 E56.45548
G1 X123.225 Y118.396 E56.45789
G1 X123.485 Y118.522 E56.46151
G1 X123.486 Y118.977 E56.46722
G1 X123.38 Y118.926 E56.46869
G0 F7200 X123.193 Y118.855
G0 X123.174 Y118.817
G0 X123.199 Y118.751
G0 X123.476 Y115.961
G0 X123.38 Y115.926
G1 F1800 X123.046 Y115.798 E56.47318
G1 X123.046 Y115.327 E56.47908
G1 X123.225 Y115.396 E56.48149
G1 X123.485 Y115.522 E56.48511
G1 X123.486 Y115.977 E56.49082
G1 X123.38 Y115.926 E56.49229
G0 F7200 X123.193 Y115.855
G0 X123.174 Y115.817
G0 X123.199 Y115.751
G0 X120.934 Y115.787
G0 X120.62 Y115.926
G1 F1800 X120.515 Y115.977 E56.49376
G1 X120.514 Y115.522 E56.49946
G1 X120.775 Y115.396 E56.5031
G1 X120.954 Y115.327 E56.5055
G1 X120.954 Y115.798 E56.51141
G1 X120.62 Y115.926 E56.51589
G0 F7200 X120.515 Y115.977
G0 X120.515 Y115.893
G0 X120.745 Y115.449
G0 X120.771 Y115.509
G0 X120.525 Y112.96
G0 X120.62 Y112.926
G1 F1800 X120.515 Y112.977 E56.51736
G1 X120.514 Y112.523 E56.52305
G1 X120.78 Y112.394 E56.52676
G1 X120.954 Y112.327 E56.5291
G1 X120.954 Y112.798 E56.535
G1 X120.62 Y112.926 E56.53949
G0 F7200 X120.515 Y112.977
G0 X120.515 Y112.893
G0 X120.745 Y112.449
G0 X120.773 Y112.509
G0 X123.062 Y112.787
G0 X123.38 Y112.926
G1 F1800 X123.046 Y112.798 E56.54398
G1 X123.046 Y112.327 E56.54988
G1 X123.225 Y112.396 E56.55229
G1 X123.485 Y112.522 E56.55591
G1 X123.485 Y112.977 E56.56162
G1 X123.38 Y112.926 E56.56308
G0 F7200 X123.193 Y112.855
G0 X123.174 Y112.817
G0 X123.199 Y112.751
G0 X123.476 Y109.961
G0 X123.38 Y109.926
G1 F1800 X123.046 Y109.798 E56.56757
G1 X123.046 Y109.327 E56.57347
G1 X123.225 Y109.396 E56.57588
G1 X123.485 Y109.522 E56.5795
G1 X123.486 Y109.977 E56.58521
G1 X123.38 Y109.926 E56.58668
G0 F7200 X123.193 Y109.855
G0 X123.174 Y109.817
G0 X123.199 Y109.751
G0 X120.934 Y109.787
G0 X120.62 Y109.926
G1 F1800 X120.515 Y109.977 E56.58815
G1 X120.514 Y109.523 E56.59384
G1 X120.78 Y109.394 E56.59755
G1 X120.954 Y109.327 E56.59988
G1 X120.954 Y109.798 E56.60579
G1 X120.62 Y109.926 E56.61028
G0 F7200 X120.515 Y109.977
G0 X120.515 Y109.893
G0 X120.745 Y109.449
G0 X120.773 Y109.509
G0 X121.819 Y109.787
G0 X124.333 Y111.331
G0 X127.65 Y109.772
G0 X128.62 Y109.926
G1 F1800 X128.515 Y109.977 E56.61174
G1 X128.514 Y109.523 E56.61743
G1 X128.78 Y109.394 E56.62114
G1 X128.954 Y109.327 E56.62348
G1 X128.954 Y109.798 E56.62939
G1 X128.62 Y109.926 E56.63387
G0 F7200 X128.515 Y109.977
G0 X128.515 Y109.893
G0 X128.745 Y109.449
G0 X128.773 Y109.509
G0 X131.066 Y109.787
G0 X131.38 Y109.926
G1 F1800 X131.046 Y109.798 E56.63836
G1 X131.046 Y109.327 E56.64426
G1 X131.225 Y109.396 E56.64667
G1 X131.485 Y109.522 E56.65029
G1 X131.486 Y109.977 E56.656
G1 X131.38 Y109.926 E56.65747
G0 F7200 X131.193 Y109.855
G0 X131.174 Y109.817
G0 X131.199 Y109.751
G0 X131.057 Y112.343
G0 X131.38 Y112.926
G1 F1800 X131.046 Y112.798 E56.66196
G1 X131.046 Y112.327 E56.66787
G1 X131.225 Y112.396 E56.67027
G1 X131.485 Y112.522 E56.67389
G1 X131.485 Y112.977 E56.6796
G1 X131.38 Y112.926 E56.68106
G0 F7200 X131.193 Y112.855
G0 X131.174 Y112.817
G0 X131.199 Y112.751
G0 X128.938 Y112.787
G0 X128.62 Y112.926
G1 F1800 X128.515 Y112.977 E56.68253
G1 X128.514 Y112.523 E56.68822
G1 X128.78 Y112.394 E56.69193
G1 X128.954 Y112.327 E56.69427
G1 X128.954 Y112.798 E56.70017
G1 X128.62 Y112.926 E56.70466
G0 F7200 X128.515 Y112.977
G0 X128.515 Y112.893
G0 X128.745 Y112.449
G0 X128.773 Y112.509
G0 X128.943 Y115.343
G0 X128.62 Y115.926
G1 F1800 X128.515 Y115.977 E56.70612
G1 X128.514 Y115.523 E56.71182
G1 X128.78 Y115.394 E56.71552
G1 X128.954 Y115.327 E56.71786
G1 X128.954 Y115.798 E56.72377
G1 X128.62 Y115.926 E56.72825
G0 F7200 X128.515 Y115.977
G0 X128.515 Y115.893
G0 X128.745 Y115.449
G0 X128.773 Y115.509
G0 X131.066 Y115.787
G0 X131.38 Y115.926
G1 F1800 X131.046 Y115.798 E56.73274
G1 X131.046 Y115.327 E56.73865
G1 X131.225 Y115.396 E56.74105
G1 X131.485 Y115.522 E56.74467
G1 X131.486 Y115.977 E56.75038
G1 X131.38 Y115.926 E56.75186
G0 F7200 X131.193 Y115.855
G0 X131.174 Y115.817
G0 X131.199 Y115.751
G0 X131.057 Y118.343
G0 X131.38 Y118.926
G1 F1800 X131.046 Y118.798 E56.75634
G1 X131.046 Y118.327 E56.76225
G1 X131.225 Y118.396 E56.76465
G1 X131.485 Y118.522 E56.76828
G1 X131.486 Y118.977 E56.77398
G1 X131.38 Y118.926 E56.77546
G0 F7200 X131.193 Y118.855
G0 X131.174 Y118.817
G0 X131.199 Y118.751
G0 X128.934 Y118.787
G0 X128.62 Y118.926
G1 F1800 X128.515 Y118.977 E56.77692
G1 X128.514 Y118.523 E56.78261
G1 X128.78 Y118.394 E56.78632
G1 X128.954 Y118.327 E56.78866
G1 X128.954 Y118.798 E56.79457
G1 X128.62 Y118.926 E56.79905
G0 F7200 X128.515 Y118.977
G0 X128.515 Y118.893
G0 X128.745 Y118.449
;MESH:NONMESH
G0 F600 X128.745 Y118.449 Z15.2
G0 F7200 X128.773 Y118.509
G0 X127.65 Y118.534
G0 X124.333 Y117.331
G0 X122.19 Y116.45
G0 X121.803 Y114.203
G0 X119.67 Y114.328
G0 X114.19 Y110.45
G0 X112.938 Y109.787
G0 X112.62 Y109.926
;TIME_ELAPSED:699.408165
;LAYER:75
;TYPE:WALL-OUTER
;MESH:output\B_media_suporte.stl
G1 F1800 X112.305 Y110.079 E56.80344
G1 X112.304 Y109.625 E56.80914
G1 X112.744 Y109.411 E56.81527
G1 X112.745 Y109.878 E56.82113
G1 X112.62 Y109.926 E56.82281
G0 F7200 X112.44 Y110.013
G0 X112.705 Y109.653
G0 X112.644 Y109.652
G0 X115.276 Y109.867
G0 X115.38 Y109.926
G1 F1800 X115.256 Y109.879 E56.82447
G1 X115.256 Y109.411 E56.83034
G1 X115.695 Y109.624 E56.83392
G1 X115.696 Y110.08 E56.83943
G1 X115.38 Y109.926 E56.84123
G0 F7200 X115.256 Y109.879
G0 X115.256 Y109.811
G0 X115.295 Y109.81
G1 F1500 E50.34123
G0 F7200 X115.356 Y109.81
G0 X115.266 Y112.427
G1 F1500 E56.84123
G0 F7200 X115.379 Y112.926
G1 F1800 X115.256 Y112.879 E56.84288
G1 X115.256 Y112.411 E56.84875
G1 X115.695 Y112.624 E56.85232
G1 X115.695 Y113.08 E56.85784
G1 X115.379 Y112.926 E56.85964
G0 F7200 X115.256 Y112.879
G0 X115.256 Y112.81
G0 X115.295 Y112.81
G0 X115.356 Y112.81
G0 X112.724 Y112.835
G0 X112.621 Y112.926
G1 F1800 X112.305 Y113.08 E56.86405
G1 X112.304 Y112.625 E56.86976
G1 X112.744 Y112.411 E56.87589
G1 X112.744 Y112.879 E56.88176
G1 X112.621 Y112.926 E56.88341
G0 F7200 X112.441 Y113.013
G0 X112.705 Y112.653
G1 F1500 E50.38341
G0 F7200 X112.644 Y112.653
G0 X112.734 Y115.427
G1 F1500 E56.88341
G0 F7200 X112.62 Y115.926
G1 F1800 X112.305 Y116.079 E56.88781
G1 X112.304 Y115.625 E56.8935
G1 X112.744 Y115.411 E56.89963
G1 X112.745 Y115.878 E56.90549
G1 X112.62 Y115.926 E56.90717
G0 F7200 X112.44 Y116.013
G0 X112.705 Y115.653
G0 X112.644 Y115.652
G0 X115.276 Y115.867
G0 X115.38 Y115.926
G1 F1800 X115.256 Y115.879 E56.90883
G1 X115.256 Y115.411 E56.9147
G1 X115.695 Y115.624 E56.91828
G1 X115.696 Y116.08 E56.9238
G1 X115.38 Y115.926 E56.92559
G0 F7200 X115.256 Y115.879
G0 X115.256 Y115.811
G0 X115.295 Y115.81
G0 X115.356 Y115.81
G0 X115.266 Y118.427
G0 X115.38 Y118.926
G1 F1800 X115.256 Y118.879 E56.92725
G1 X115.256 Y118.411 E56.93312
G1 X115.695 Y118.624 E56.9367
G1 X115.696 Y119.08 E56.94222
G1 X115.38 Y118.926 E56.94401
G0 F7200 X115.256 Y118.879
G0 X115.256 Y118.811
G0 X115.295 Y118.81
G1 F1500 E50.44401
G0 F7200 X115.356 Y118.81
G0 X112.724 Y118.835
G1 F1500 E56.94401
G0 F7200 X112.621 Y118.926
G1 F1800 X112.305 Y119.08 E56.94842
G1 X112.304 Y118.625 E56.95412
G1 X112.744 Y118.411 E56.96026
G1 X112.744 Y118.879 E56.96613
G1 X112.621 Y118.926 E56.96778
G0 F7200 X112.441 Y119.013
G0 X112.705 Y118.653
G0 X112.644 Y118.653
G0 X114.399 Y119.47
G0 X116.543 Y120.433
G0 X119.44 Y118.82
G0 X120.582 Y118.835
G0 X120.621 Y118.926
G1 F1800 X120.305 Y119.08 E56.97219
G1 X120.304 Y118.625 E56.97789
G1 X120.744 Y118.411 E56.98403
G1 X120.744 Y118.879 E56.9899
G1 X120.621 Y118.926 E56.99155
G0 F7200 X120.441 Y119.013
G0 X120.705 Y118.653
G0 X120.644 Y118.653
G0 X123.276 Y118.835
G0 X123.38 Y118.926
G1 F1800 X123.256 Y118.879 E56.99321
G1 X123.256 Y118.411 E56.99908
G1 X123.695 Y118.624 E57.00265
G1 X123.696 Y119.08 E57.00817
G1 X123.38 Y118.926 E57.00997
G0 F7200 X123.256 Y118.879
G0 X123.256 Y118.811
G0 X123.295 Y118.81
G0 X123.356 Y118.81
G0 X123.686 Y116.064
G0 X123.38 Y115.926
G1 F1800 X123.256 Y115.879 E57.01163
G1 X123.256 Y115.411 E57.0175
G1 X123.695 Y115.624 E57.02107
G1 X123.696 Y116.08 E57.02659
G1 X123.38 Y115.926 E57.02839
G0 F7200 X123.256 Y115.879
G0 X123.256 Y115.811
G0 X123.295 Y115.81
G1 F1500 E50.52839
G0 F7200 X123.356 Y115.81
G0 X120.729 Y115.867
G1 F1500 E57.02839
G0 F7200 X120.62 Y115.926
G1 F1800 X120.304 Y116.08 E57.03279
G1 X120.305 Y115.624 E57.03851
G1 X120.744 Y115.411 E57.04463
G1 X120.745 Y115.878 E57.05049
G1 X120.62 Y115.926 E57.05217
G0 F7200 X120.44 Y116.013
G0 X120.704 Y115.654
G0 X120.644 Y115.653
G0 X120.315 Y113.064
G0 X120.621 Y112.926
G1 F1800 X120.305 Y113.08 E57.05658
G1 X120.304 Y112.625 E57.06228
G1 X120.744 Y112.411 E57.06842
G1 X120.744 Y112.879 E57.07429
G1 X120.621 Y112.926 E57.07594
G0 F7200 X120.441 Y113.013
G0 X120.705 Y112.653
G0 X120.644 Y112.653
G0 X123.276 Y112.835
G0 X123.379 Y112.926
G1 F1800 X123.256 Y112.879 E57.07759
G1 X123.256 Y112.411 E57.08346
G1 X123.695 Y112.624 E57.08703
G1 X123.695 Y113.08 E57.09255
G1 X123.379 Y112.926 E57.09435
G0 F7200 X123.256 Y112.879
G0 X123.256 Y112.81
G0 X123.295 Y112.81
G1 F1500 E50.59435
G0 F7200 X123.356 Y112.81
G0 X123.686 Y110.064
G1 F1500 E57.09435
G0 F7200 X123.38 Y109.926
G1 F1800 X123.256 Y109.879 E57.09602
G1 X123.256 Y109.411 E57.10189
G1 X123.695 Y109.624 E57.10546
G1 X123.696 Y110.08 E57.11098
G1 X123.38 Y109.926 E57.11277
G0 F7200 X123.256 Y109.879
G0 X123.256 Y109.811
G0 X123.295 Y109.81
G0 X123.356 Y109.81
G0 X120.729 Y109.867
G0 X120.62 Y109.926
G1 F1800 X120.305 Y110.079 E57.11716
G1 X120.304 Y109.625 E57.12286
G1 X120.744 Y109.411 E57.12899
G1 X120.745 Y109.878 E57.13485
G1 X120.62 Y109.926 E57.13653
G0 F7200 X120.44 Y110.013
G0 X120.705 Y109.653
G1 F1500 E50.63653
G0 F7200 X120.644 Y109.652
G0 X122.399 Y110.47
G0 X124.543 Y111.433
G0 X127.44 Y109.852
G0 X128.581 Y109.835
G1 F1500 E57.13653
G0 F7200 X128.62 Y109.926
G1 F1800 X128.305 Y110.079 E57.14092
G1 X128.304 Y109.625 E57.14661
G1 X128.744 Y109.411 E57.15275
G1 X128.745 Y109.878 E57.15861
G1 X128.62 Y109.926 E57.16029
G0 F7200 X128.44 Y110.013
G0 X128.705 Y109.653
G1 F1500 E50.66029
G0 F7200 X128.644 Y109.652
G0 X131.276 Y109.867
G1 F1500 E57.16029
G0 F7200 X131.38 Y109.926
G1 F1800 X131.256 Y109.879 E57.16195
G1 X131.256 Y109.411 E57.16782
G1 X131.695 Y109.624 E57.17139
G1 X131.696 Y110.08 E57.17691
G1 X131.38 Y109.926 E57.1787
G0 F7200 X131.256 Y109.879
G0 X131.256 Y109.811
G0 X131.295 Y109.81
G0 X131.356 Y109.81
G0 X131.266 Y112.427
G0 X131.379 Y112.926
G1 F1800 X131.256 Y112.879 E57.18036
G1 X131.256 Y112.411 E57.18622
G1 X131.695 Y112.624 E57.1898
G1 X131.695 Y113.08 E57.19532
G1 X131.379 Y112.926 E57.19712
G0 F7200 X131.256 Y112.879
G0 X131.256 Y112.81
G0 X131.295 Y112.81
G1 F1500 E50.69712
G0 F7200 X131.356 Y112.81
G0 X128.724 Y112.835
G1 F1500 E57.19712
G0 F7200 X128.621 Y112.926
G1 F1800 X128.305 Y113.08 E57.20153
G1 X128.304 Y112.625 E57.20724
G1 X128.744 Y112.411 E57.21337
G1 X128.744 Y112.879 E57.21924
G1 X128.621 Y112.926 E57.22089
G0 F7200 X128.441 Y113.013
G0 X128.705 Y112.653
G0 X128.644 Y112.653
G0 X128.734 Y115.427
G0 X128.62 Y115.926
G1 F1800 X128.305 Y116.079 E57.22528
G1 X128.304 Y115.625 E57.23098
G1 X128.744 Y115.411 E57.23711
G1 X128.745 Y115.878 E57.24297
G1 X128.62 Y115.926 E57.24465
G0 F7200 X128.44 Y116.013
G0 X128.705 Y115.653
G1 F1500 E50.74465
G0 F7200 X128.644 Y115.652
G0 X131.276 Y115.867
G1 F1500 E57.24465
G0 F7200 X131.38 Y115.926
G1 F1800 X131.256 Y115.879 E57.24631
G1 X131.256 Y115.411 E57.25218
G1 X131.695 Y115.624 E57.25575
G1 X131.696 Y116.08 E57.26127
G1 X131.38 Y115.926 E57.26307
G0 F7200 X131.256 Y115.879
G0 X131.256 Y115.811
G0 X131.295 Y115.81
G0 X131.356 Y115.81
G0 X131.266 Y118.427
G0 X131.38 Y118.926
G1 F1800 X131.256 Y118.879 E57.26473
G1 X131.256 Y118.411 E57.2706
G1 X131.695 Y118.624 E57.27417
G1 X131.696 Y119.08 E57.27969
G1 X131.38 Y118.926 E57.28149
G0 F7200 X131.256 Y118.879
G0 X131.256 Y118.811
G0 X131.295 Y118.81
G0 X131.356 Y118.81
G0 X128.724 Y118.835
G0 X128.621 Y118.926
G1 F1800 X128.305 Y119.08 E57.28589
G1 X128.304 Y118.625 E57.2916
G1 X128.744 Y118.411 E57.29774
G1 X128.744 Y118.879 E57.3036
G1 X128.621 Y118.926 E57.30526
G0 F7200 X128.441 Y119.013
G0 X128.705 Y118.653
;MESH:NONMESH
G0 F600 X128.705 Y118.653 Z15.4
G0 F7200 X128.644 Y118.653
G0 X127.44 Y118.636
G0 X124.543 Y117.433
G0 X122.399 Y116.47
G0 X121.59 Y114.178
G0 X119.46 Y114.43
G0 X114.704 Y110.56
G0 X113.609 Y109.866
G0 X112.493 Y109.876
G0 X112.535 Y109.968
;TIME_ELAPSED:708.150058
;LAYER:76
;TYPE:WALL-OUTER
;MESH:output\B_media_suporte.stl
G1 F1800 X112.095 Y110.182 E57.31139
G1 X112.094 Y109.727 E57.3171
G1 X112.534 Y109.513 E57.32323
G1 X112.535 Y109.968 E57.32894
G0 F7200 X112.356 Y110.055
G0 X112.352 Y110.046
G1 F1500 E50.82894
G0 F7200 X112.315 Y109.965
G0 X112.524 Y112.53
G1 F1500 E57.32894
G0 F7200 X112.534 Y112.968
G1 F1800 X112.095 Y113.182 E57.33506
G1 X112.094 Y112.727 E57.34077
G1 X112.534 Y112.514 E57.3469
G1 X112.534 Y112.968 E57.35259
G0 F7200 X112.355 Y113.055
G0 X112.35 Y113.047
G0 X112.313 Y112.966
G0 X112.524 Y115.529
G0 X112.535 Y115.968
G1 F1800 X112.095 Y116.182 E57.35873
G1 X112.094 Y115.727 E57.36443
G1 X112.534 Y115.513 E57.37057
G1 X112.535 Y115.968 E57.37628
G0 F7200 X112.356 Y116.055
G0 X112.352 Y116.046
G1 F1500 E50.87628
G0 F7200 X112.315 Y115.965
G0 X112.524 Y118.53
G1 F1500 E57.37628
G0 F7200 X112.534 Y118.968
G1 F1800 X112.095 Y119.182 E57.3824
G1 X112.094 Y118.727 E57.38811
G1 X112.534 Y118.514 E57.39424
G1 X112.534 Y118.968 E57.39993
G0 F7200 X112.355 Y119.055
G0 X112.35 Y119.047
G0 X112.313 Y118.966
G0 X113.399 Y118.778
G0 X114.601 Y118.778
G0 X115.805 Y118.778
G0 X115.905 Y118.726
G1 F1800 X115.906 Y119.182 E57.40565
G1 X115.466 Y118.968 E57.41178
G1 X115.466 Y118.513 E57.41749
G1 X115.905 Y118.726 E57.42361
G0 F7200 X115.905 Y118.926
G0 X115.866 Y118.925
G1 F1500 E50.92361
G0 F7200 X115.805 Y118.924
G0 X115.896 Y116.167
G1 F1500 E57.42361
G0 F7200 X115.905 Y115.726
G1 F1800 X115.906 Y116.183 E57.42934
G1 X115.466 Y115.969 E57.43548
G1 X115.466 Y115.513 E57.44119
G1 X115.905 Y115.726 E57.44731
G0 F7200 X115.905 Y115.926
G0 X115.866 Y115.925
G0 X115.805 Y115.924
G0 X115.895 Y113.165
G0 X115.905 Y112.726
G1 F1800 X115.905 Y113.181 E57.45302
G1 X115.466 Y112.968 E57.45914
G1 X115.466 Y112.513 E57.46484
G1 X115.905 Y112.726 E57.47096
G0 F7200 X115.905 Y112.926
G0 X115.866 Y112.926
G0 X115.805 Y112.926
G0 X115.896 Y110.167
G0 X115.905 Y109.726
G1 F1800 X115.906 Y110.183 E57.47669
G1 X115.466 Y109.969 E57.48283
G1 X115.466 Y109.513 E57.48855
G1 X115.905 Y109.726 E57.49467
G0 F7200 X115.905 Y109.926
G0 X115.866 Y109.925
G1 F1500 E50.99467
G0 F7200 X115.805 Y109.924
G0 X119.23 Y109.916
G0 X120.434 Y109.915
G1 F1500 E57.49467
G0 F7200 X120.535 Y109.968
G1 F1800 X120.095 Y110.182 E57.5008
G1 X120.094 Y109.727 E57.50651
G1 X120.534 Y109.513 E57.51264
G1 X120.535 Y109.968 E57.51835
G0 F7200 X120.356 Y110.055
G0 X120.352 Y110.046
G1 F1500 E51.01835
G0 F7200 X120.315 Y109.965
G0 X120.524 Y112.53
G1 F1500 E57.51835
G0 F7200 X120.534 Y112.968
G1 F1800 X120.095 Y113.182 E57.52447
G1 X120.094 Y112.727 E57.53018
G1 X120.534 Y112.514 E57.53631
G1 X120.534 Y112.968 E57.542
G0 F7200 X120.355 Y113.055
G0 X120.35 Y113.047
G0 X120.313 Y112.966
G0 X120.524 Y115.529
G0 X120.535 Y115.968
G1 F1800 X120.094 Y116.182 E57.54815
G1 X120.095 Y115.726 E57.55387
G1 X120.534 Y115.513 E57.55999
G1 X120.535 Y115.968 E57.56569
G0 F7200 X120.355 Y116.055
G0 X120.351 Y116.046
G0 X120.314 Y115.964
G0 X120.524 Y118.53
G0 X120.534 Y118.968
G1 F1800 X120.095 Y119.182 E57.57182
G1 X120.094 Y118.727 E57.57752
G1 X120.534 Y118.514 E57.58366
G1 X120.534 Y118.968 E57.58935
G0 F7200 X120.355 Y119.055
G0 X120.35 Y119.047
G1 F1500 E51.08935
G0 F7200 X120.313 Y118.966
G0 X121.399 Y118.778
G0 X122.601 Y118.778
G0 X123.805 Y118.778
G1 F1500 E57.58935
G0 F7200 X123.905 Y118.726
G1 F1800 X123.906 Y119.182 E57.59507
G1 X123.466 Y118.968 E57.6012
G1 X123.466 Y118.513 E57.60691
G1 X123.905 Y118.726 E57.61303
G0 F7200 X123.905 Y118.926
G0 X123.866 Y118.925
G0 X123.805 Y118.924
G0 X123.896 Y116.167
G0 X123.905 Y115.726
G1 F1800 X123.906 Y116.183 E57.61876
G1 X123.466 Y115.969 E57.62489
G1 X123.466 Y115.513 E57.63061
G1 X123.905 Y115.726 E57.63673
G0 F7200 X123.905 Y115.926
G0 X123.866 Y115.925
G1 F1500 E51.13673
G0 F7200 X123.805 Y115.924
G0 X123.895 Y113.165
G1 F1500 E57.63673
G0 F7200 X123.905 Y112.726
G1 F1800 X123.905 Y113.181 E57.64244
G1 X123.466 Y112.968 E57.64856
G1 X123.466 Y112.513 E57.65426
G1 X123.905 Y112.726 E57.66038
G0 F7200 X123.905 Y112.926
G0 X123.866 Y112.926
G0 X123.805 Y112.926
G0 X123.896 Y110.167
G0 X123.905 Y109.726
G1 F1800 X123.906 Y110.183 E57.66611
G1 X123.466 Y109.969 E57.67225
G1 X123.466 Y109.513 E57.67797
G1 X123.905 Y109.726 E57.68409
G0 F7200 X123.905 Y109.926
G0 X123.866 Y109.925
G0 X123.805 Y109.924
G0 X127.23 Y109.916
G0 X128.434 Y109.915
G0 X128.535 Y109.968
G1 F1800 X128.095 Y110.182 E57.69022
G1 X128.094 Y109.727 E57.69593
G1 X128.534 Y109.513 E57.70206
G1 X128.535 Y109.968 E57.70777
G0 F7200 X128.356 Y110.055
G0 X128.352 Y110.046
G1 F1500 E51.20777
G0 F7200 X128.315 Y109.965
G0 X128.524 Y112.53
G1 F1500 E57.70777
G0 F7200 X128.534 Y112.968
G1 F1800 X128.095 Y113.182 E57.71389
G1 X128.094 Y112.727 E57.7196
G1 X128.534 Y112.514 E57.72573
G1 X128.534 Y112.968 E57.73142
G0 F7200 X128.355 Y113.055
G0 X128.35 Y113.047
G0 X128.313 Y112.966
G0 X128.524 Y115.529
G0 X128.535 Y115.968
G1 F1800 X128.095 Y116.182 E57.73756
G1 X128.094 Y115.727 E57.74326
G1 X128.534 Y115.513 E57.7494
G1 X128.535 Y115.968 E57.75511
G0 F7200 X128.356 Y116.055
G0 X128.352 Y116.046
G1 F1500 E51.25511
G0 F7200 X128.315 Y115.965
G0 X128.524 Y118.53
G1 F1500 E57.75511
G0 F7200 X128.534 Y118.968
G1 F1800 X128.095 Y119.182 E57.76123
G1 X128.094 Y118.727 E57.76694
G1 X128.534 Y118.514 E57.77307
G1 X128.534 Y118.968 E57.77876
G0 F7200 X128.355 Y119.055
G0 X128.35 Y119.047
G0 X128.313 Y118.966
G0 X129.399 Y118.778
G0 X130.601 Y118.778
G0 X131.805 Y118.778
G0 X131.905 Y118.726
G1 F1800 X131.906 Y119.182 E57.78448
G1 X131.466 Y118.968 E57.79061
G1 X131.466 Y118.513 E57.79632
G1 X131.905 Y118.726 E57.80244
G0 F7200 X131.905 Y118.926
G0 X131.866 Y118.925
G0 X131.805 Y118.924
G0 X131.896 Y116.167
G0 X131.905 Y115.726
G1 F1800 X131.906 Y116.183 E57.80817
G1 X131.466 Y115.969 E57.81431
G1 X131.466 Y115.513 E57.82002
G1 X131.905 Y115.726 E57.82614
G0 F7200 X131.905 Y115.926
G0 X131.866 Y115.925
G1 F1500 E51.32614
G0 F7200 X131.805 Y115.924
G0 X131.895 Y113.165
G1 F1500 E57.82614
G0 F7200 X131.905 Y112.726
G1 F1800 X131.905 Y113.181 E57.83185
G1 X131.466 Y112.968 E57.83797
G1 X131.466 Y112.513 E57.84367
G1 X131.905 Y112.726 E57.84979
G0 F7200 X131.905 Y112.926
G0 X131.866 Y112.926
G1 F1500 E51.34979
G0 F7200 X131.805 Y112.926
G0 X131.896 Y110.167
G1 F1500 E57.84979
G0 F7200 X131.905 Y109.726
G1 F1800 X131.906 Y110.183 E57.85552
G1 X131.466 Y109.969 E57.86166
G1 X131.466 Y109.513 E57.86738
G1 X131.905 Y109.726 E57.8735
G0 F7200 X131.905 Y109.926
G0 X131.866 Y109.925
G1 F1500 E51.3735
;MESH:NONMESH
G0 F600 X131.866 Y109.925 Z15.6
G0 F7200 X131.805 Y109.924
G0 X130.601 Y109.959
G0 X127.25 Y111.532
G0 X124.753 Y111.534
G0 X120.97 Y110.717
G0 X119.25 Y111.532
G0 X116.753 Y111.534
G0 X113.399 Y109.957
G0 X112.284 Y109.98
G1 F1500 E57.8735
G0 F7200 X112.325 Y110.07
;TIME_ELAPSED:718.201427
;LAYER:77
;TYPE:WALL-OUTER
;MESH:output\B_media_suporte.stl
G1 F1800 X111.884 Y110.284 E57.87964
G1 X111.884 Y109.829 E57.88535
G1 X112.324 Y109.615 E57.89149
G1 X112.325 Y110.07 E57.89719
G0 F7200 X112.145 Y110.157
G0 X112.142 Y110.148
G1 F1500 E51.39719
G0 F7200 X112.104 Y110.066
G0 X112.314 Y112.631
G1 F1500 E57.89719
G0 F7200 X112.325 Y113.07
G1 F1800 X111.884 Y113.284 E57.90334
G1 X111.884 Y112.829 E57.90904
G1 X112.324 Y112.615 E57.91518
G1 X112.325 Y113.07 E57.92089
G0 F7200 X112.145 Y113.157
G0 X112.142 Y113.148
G0 X112.104 Y113.066
G0 X112.314 Y115.631
G0 X112.324 Y116.071
G1 F1800 X111.885 Y116.284 E57.92701
G1 X111.884 Y115.829 E57.93271
G1 X112.324 Y115.615 E57.93885
G1 X112.324 Y116.071 E57.94457
G0 F7200 X112.144 Y116.158
G0 X112.141 Y116.148
G1 F1500 E51.44457
G0 F7200 X112.103 Y116.067
G0 X112.314 Y118.631
G1 F1500 E57.94457
G0 F7200 X112.325 Y119.07
G1 F1800 X111.884 Y119.284 E57.95071
G1 X111.884 Y118.829 E57.95642
G1 X112.324 Y118.615 E57.96255
G1 X112.325 Y119.07 E57.96826
G0 F7200 X112.145 Y119.157
G0 X112.142 Y119.148
G0 X112.104 Y119.066
G0 X113.189 Y118.889
G0 X114.81 Y118.89
G0 X116.016 Y118.882
G0 X116.116 Y118.829
G1 F1800 X116.116 Y119.284 E57.97397
G1 X115.675 Y119.07 E57.98011
G1 X115.675 Y118.615 E57.98582
G1 X116.116 Y118.829 E57.99197
G0 F7200 X116.116 Y119.029
G0 X116.075 Y119.029
G1 F1500 E51.49197
G0 F7200 X116.016 Y119.029
G0 X116.106 Y116.268
G1 F1500 E57.99197
G0 F7200 X116.116 Y115.829
G1 F1800 X116.116 Y116.284 E57.99767
G1 X115.675 Y116.07 E58.00382
G1 X115.675 Y115.615 E58.00952
G1 X116.116 Y115.829 E58.01567
G0 F7200 X116.116 Y116.029
G0 X116.075 Y116.029
G1 F1500 E51.51567
G0 F7200 X116.016 Y116.029
G0 X116.105 Y113.268
G1 F1500 E58.01567
G0 F7200 X116.116 Y112.829
G1 F1800 X116.115 Y113.284 E58.02138
G1 X115.675 Y113.07 E58.02751
G1 X115.676 Y112.615 E58.03322
G1 X116.116 Y112.829 E58.03936
G0 F7200 X116.116 Y113.029
G0 X116.075 Y113.028
G0 X116.016 Y113.028
G0 X116.106 Y110.268
G0 X116.116 Y109.829
G1 F1800 X116.116 Y110.284 E58.04506
G1 X115.675 Y110.07 E58.05121
G1 X115.676 Y109.615 E58.05691
G1 X116.116 Y109.829 E58.06305
G0 F7200 X116.116 Y110.029
G0 X116.075 Y110.029
G1 F1500 E51.56305
G0 F7200 X116.016 Y110.029
G0 X119.02 Y109.996
G0 X120.234 Y110.003
G1 F1500 E58.06305
G0 F7200 X120.324 Y110.071
G1 F1800 X119.885 Y110.284 E58.06917
G1 X119.884 Y109.829 E58.07487
G1 X120.324 Y109.615 E58.08101
G1 X120.324 Y110.071 E58.08673
G0 F7200 X120.144 Y110.158
G0 X120.141 Y110.148
G1 F1500 E51.58673
G0 F7200 X120.103 Y110.067
G0 X120.314 Y112.631
G1 F1500 E58.08673
G0 F7200 X120.325 Y113.07
G1 F1800 X119.885 Y113.284 E58.09286
G1 X119.884 Y112.829 E58.09857
G1 X120.324 Y112.615 E58.10471
G1 X120.325 Y113.07 E58.11041
G0 F7200 X120.146 Y113.157
G0 X120.142 Y113.148
G0 X120.105 Y113.067
G0 X120.314 Y115.631
G0 X120.325 Y116.07
G1 F1800 X119.884 Y116.284 E58.11656
G1 X119.885 Y115.828 E58.12228
G1 X120.324 Y115.615 E58.1284
G1 X120.325 Y116.07 E58.1341
G0 F7200 X120.145 Y116.157
G0 X120.141 Y116.148
G1 F1500 E51.6341
G0 F7200 X120.104 Y116.066
G0 X120.314 Y118.631
G1 F1500 E58.1341
G0 F7200 X120.325 Y119.07
G1 F1800 X119.884 Y119.284 E58.14025
G1 X119.884 Y118.829 E58.14596
G1 X120.324 Y118.615 E58.15209
G1 X120.325 Y119.07 E58.1578
G0 F7200 X120.145 Y119.157
G0 X120.142 Y119.148
G1 F1500 E51.6578
G0 F7200 X120.104 Y119.066
G0 X121.189 Y118.889
G0 X122.81 Y118.89
G0 X124.016 Y118.882
G1 F1500 E58.1578
G0 F7200 X124.116 Y118.829
G1 F1800 X124.116 Y119.284 E58.1635
G1 X123.675 Y119.07 E58.16965
G1 X123.675 Y118.615 E58.17536
G1 X124.116 Y118.829 E58.1815
G0 F7200 X124.116 Y119.029
G0 X124.075 Y119.029
G0 X124.016 Y119.029
G0 X124.106 Y116.268
G0 X124.116 Y115.829
G1 F1800 X124.116 Y116.284 E58.18721
G1 X123.675 Y116.07 E58.19336
G1 X123.675 Y115.615 E58.19906
G1 X124.116 Y115.829 E58.20521
G0 F7200 X124.116 Y116.029
G0 X124.075 Y116.029
G1 F1500 E51.70521
G0 F7200 X124.016 Y116.029
G0 X124.105 Y113.268
G1 F1500 E58.20521
G0 F7200 X124.116 Y112.829
G1 F1800 X124.115 Y113.284 E58.21091
G1 X123.675 Y113.07 E58.21705
G1 X123.676 Y112.615 E58.22276
G1 X124.116 Y112.829 E58.22889
G0 F7200 X124.116 Y113.029
G0 X124.075 Y113.028
G1 F1500 E51.72889
G0 F7200 X124.016 Y113.028
G0 X124.106 Y110.268
G1 F1500 E58.22889
G0 F7200 X124.116 Y109.829
G1 F1800 X124.116 Y110.284 E58.2346
G1 X123.675 Y110.07 E58.24074
G1 X123.676 Y109.615 E58.24645
G1 X124.116 Y109.829 E58.25259
G0 F7200 X124.116 Y110.029
G0 X124.075 Y110.029
G0 X124.016 Y110.029
G0 X127.019 Y110.017
G0 X128.224 Y110.017
G0 X128.325 Y110.07
G1 F1800 X127.884 Y110.284 E58.25873
G1 X127.884 Y109.829 E58.26444
G1 X128.324 Y109.615 E58.27058
G1 X128.325 Y110.07 E58.27628
G0 F7200 X128.145 Y110.157
G0 X128.142 Y110.148
G1 F1500 E51.77628
G0 F7200 X128.104 Y110.066
G0 X128.314 Y112.631
G1 F1500 E58.27628
G0 F7200 X128.325 Y113.07
G1 F1800 X127.884 Y113.284 E58.28243
G1 X127.884 Y112.829 E58.28813
G1 X128.324 Y112.615 E58.29427
G1 X128.325 Y113.07 E58.29998
G0 F7200 X128.145 Y113.157
G0 X128.142 Y113.148
G1 F1500 E51.79998
G0 F7200 X128.104 Y113.066
G0 X128.314 Y115.631
G1 F1500 E58.29998
G0 F7200 X128.324 Y116.071
G1 F1800 X127.885 Y116.284 E58.30609
G1 X127.884 Y115.829 E58.3118
G1 X128.324 Y115.615 E58.31794
G1 X128.324 Y116.071 E58.32365
G0 F7200 X128.144 Y116.158
G0 X128.141 Y116.148
G0 X128.103 Y116.067
G0 X128.314 Y118.631
G0 X128.325 Y119.07
G1 F1800 X127.884 Y119.284 E58.3298
G1 X127.884 Y118.829 E58.33551
G1 X128.324 Y118.615 E58.34164
G1 X128.325 Y119.07 E58.34735
G0 F7200 X128.145 Y119.157
G0 X128.142 Y119.148
G1 F1500 E51.84735
G0 F7200 X128.104 Y119.066
G0 X129.189 Y118.889
G0 X130.81 Y118.89
G0 X132.016 Y118.882
G1 F1500 E58.34735
G0 F7200 X132.116 Y118.829
G1 F1800 X132.116 Y119.284 E58.35306
G1 X131.675 Y119.07 E58.3592
G1 X131.675 Y118.615 E58.36491
G1 X132.116 Y118.829 E58.37106
G0 F7200 X132.116 Y119.029
G0 X132.075 Y119.029
G1 F1500 E51.87106
G0 F7200 X132.016 Y119.029
G0 X132.106 Y116.268
G1 F1500 E58.37106
G0 F7200 X132.116 Y115.829
G1 F1800 X132.116 Y116.284 E58.37676
G1 X131.675 Y116.07 E58.38291
G1 X131.675 Y115.615 E58.38861
G1 X132.116 Y115.829 E58.39476
G0 F7200 X132.116 Y116.029
G0 X132.075 Y116.029
G0 X132.016 Y116.029
G0 X132.105 Y113.268
G0 X132.116 Y112.829
G1 F1800 X132.115 Y113.284 E58.40047
G1 X131.675 Y113.07 E58.4066
G1 X131.676 Y112.615 E58.41231
G1 X132.116 Y112.829 E58.41844
G0 F7200 X132.116 Y113.029
G0 X132.075 Y113.028
G1 F1500 E51.91844
G0 F7200 X132.016 Y113.028
G0 X132.106 Y110.268
G1 F1500 E58.41844
G0 F7200 X132.116 Y109.829
G1 F1800 X132.116 Y110.284 E58.42415
G1 X131.675 Y110.07 E58.4303
G1 X131.676 Y109.615 E58.436
G1 X132.116 Y109.829 E58.44214
G0 F7200 X132.116 Y110.029
G0 X132.075 Y110.029
;MESH:NONMESH
G0 F600 X132.075 Y110.029 Z15.8
G0 F7200 X132.016 Y110.029
G0 X130.81 Y110.06
G0 X127.038 Y111.636
G0 X124.962 Y111.636
G0 X121.182 Y110.608
G0 X119.04 Y111.633
G0 X116.962 Y111.636
G0 X113.189 Y110.059
G0 X112.072 Y110.081
G0 X112.115 Y110.172
;TIME_ELAPSED:729.881009
;LAYER:78
;TYPE:WALL-OUTER
;MESH:output\B_media_suporte.stl
G1 F1800 X111.675 Y110.386 E58.44827
G1 X111.675 Y109.931 E58.45398
G1 X112.114 Y109.717 E58.4601
G1 X112.115 Y110.172 E58.46581
G0 F7200 X111.936 Y110.259
G0 X111.932 Y110.25
G1 F1500 E51.96581
G0 F7200 X111.895 Y110.169
G0 X112.104 Y112.733
G1 F1500 E58.46581
G0 F7200 X112.115 Y113.172
G1 F1800 X111.675 Y113.386 E58.47195
G1 X111.675 Y112.931 E58.47765
G1 X112.114 Y112.717 E58.48378
G1 X112.115 Y113.172 E58.48948
G0 F7200 X111.936 Y113.259
G0 X111.932 Y113.25
G0 X111.895 Y113.169
G0 X112.104 Y115.734
G0 X112.114 Y116.173
G1 F1800 X111.676 Y116.386 E58.49559
G1 X111.675 Y115.931 E58.5013
G1 X112.114 Y115.718 E58.50742
G1 X112.114 Y116.173 E58.51312
G0 F7200 X111.935 Y116.26
G0 X111.931 Y116.252
G1 F1500 E52.01312
G0 F7200 X111.893 Y116.17
G0 X112.104 Y118.733
G1 F1500 E58.51312
G0 F7200 X112.115 Y119.172
G1 F1800 X111.675 Y119.386 E58.51926
G1 X111.675 Y118.931 E58.52496
G1 X112.114 Y118.717 E58.53109
G1 X112.115 Y119.172 E58.53679
G0 F7200 X111.936 Y119.259
G0 X111.932 Y119.25
G0 X111.895 Y119.169
G0 X112.979 Y118.992
G0 X115.02 Y118.993
G0 X116.225 Y118.984
G0 X116.325 Y118.931
G1 F1800 X116.325 Y119.386 E58.5425
G1 X115.885 Y119.172 E58.54863
G1 X115.885 Y118.717 E58.55434
G1 X116.325 Y118.931 E58.56048
G0 F7200 X116.325 Y119.131
G0 X116.285 Y119.131
G1 F1500 E52.06048
G0 F7200 X116.225 Y119.131
G0 X116.315 Y116.37
G1 F1500 E58.56048
G0 F7200 X116.325 Y115.931
G1 F1800 X116.325 Y116.386 E58.56618
G1 X115.885 Y116.172 E58.57232
G1 X115.885 Y115.717 E58.57802
G1 X116.325 Y115.931 E58.58416
G0 F7200 X116.325 Y116.131
G0 X116.285 Y116.131
G0 X116.225 Y116.131
G0 X116.314 Y113.37
G0 X116.325 Y112.931
G1 F1800 X116.324 Y113.386 E58.58987
G1 X115.885 Y113.172 E58.59599
G1 X115.886 Y112.717 E58.6017
G1 X116.325 Y112.931 E58.60782
G0 F7200 X116.325 Y113.131
G0 X116.285 Y113.13
G1 F1500 E52.10782
G0 F7200 X116.225 Y113.13
G0 X116.315 Y110.37
G1 F1500 E58.60782
G0 F7200 X116.325 Y109.931
G1 F1800 X116.325 Y110.386 E58.61353
G1 X115.885 Y110.172 E58.61966
G1 X115.886 Y109.717 E58.62537
G1 X116.325 Y109.931 E58.63149
G0 F7200 X116.325 Y110.131
G0 X116.285 Y110.131
G0 X116.225 Y110.131
G0 X118.811 Y110.1
G0 X120.024 Y110.106
G0 X120.114 Y110.173
G1 F1800 X119.676 Y110.386 E58.6376
G1 X119.675 Y109.931 E58.64331
G1 X120.114 Y109.718 E58.64943
G1 X120.114 Y110.173 E58.65513
G0 F7200 X119.935 Y110.26
G0 X119.931 Y110.252
G1 F1500 E52.15513
G0 F7200 X119.893 Y110.17
G0 X120.104 Y112.733
G1 F1500 E58.65513
G0 F7200 X120.115 Y113.172
G1 F1800 X119.676 Y113.386 E58.66126
G1 X119.675 Y112.931 E58.66696
G1 X120.114 Y112.717 E58.67309
G1 X120.115 Y113.172 E58.67879
G0 F7200 X119.936 Y113.259
G0 X119.932 Y113.25
G0 X119.895 Y113.169
G0 X120.104 Y115.733
G0 X120.115 Y116.172
G1 F1800 X119.675 Y116.386 E58.68493
G1 X119.676 Y115.93 E58.69065
G1 X120.114 Y115.717 E58.69675
G1 X120.115 Y116.172 E58.70246
G0 F7200 X119.936 Y116.259
G0 X119.931 Y116.25
G1 F1500 E52.20246
G0 F7200 X119.894 Y116.169
G0 X120.104 Y118.733
G1 F1500 E58.70246
G0 F7200 X120.115 Y119.172
G1 F1800 X119.675 Y119.386 E58.7086
G1 X119.675 Y118.931 E58.7143
G1 X120.114 Y118.717 E58.72043
G1 X120.115 Y119.172 E58.72613
G0 F7200 X119.936 Y119.259
G0 X119.932 Y119.25
G0 X119.895 Y119.169
G0 X120.979 Y118.992
G0 X123.02 Y118.993
G0 X124.225 Y118.984
G0 X124.325 Y118.931
G1 F1800 X124.325 Y119.386 E58.73184
G1 X123.885 Y119.172 E58.73797
G1 X123.885 Y118.717 E58.74368
G1 X124.325 Y118.931 E58.74981
G0 F7200 X124.325 Y119.131
G0 X124.285 Y119.131
G0 X124.225 Y119.131
G0 X124.315 Y116.37
G0 X124.325 Y115.931
G1 F1800 X124.325 Y116.386 E58.75552
G1 X123.885 Y116.172 E58.76166
G1 X123.885 Y115.717 E58.76736
G1 X124.325 Y115.931 E58.7735
G0 F7200 X124.325 Y116.131
G0 X124.285 Y116.131
G1 F1500 E52.2735
G0 F7200 X124.225 Y116.131
G0 X124.314 Y113.37
G1 F1500 E58.7735
G0 F7200 X124.325 Y112.931
G1 F1800 X124.324 Y113.386 E58.7792
G1 X123.885 Y113.172 E58.78533
G1 X123.886 Y112.717 E58.79103
G1 X124.325 Y112.931 E58.79716
G0 F7200 X124.325 Y113.131
G0 X124.285 Y113.13
G0 X124.225 Y113.13
G0 X124.315 Y110.37
G0 X124.325 Y109.931
G1 F1800 X124.325 Y110.386 E58.80286
G1 X123.885 Y110.172 E58.809
G1 X123.886 Y109.717 E58.81471
G1 X124.325 Y109.931 E58.82083
G0 F7200 X124.325 Y110.131
G0 X124.285 Y110.131
G1 F1500 E52.32083
G0 F7200 X124.225 Y110.131
G0 X126.81 Y110.119
G0 X128.014 Y110.119
G1 F1500 E58.82083
G0 F7200 X128.115 Y110.172
G1 F1800 X127.675 Y110.386 E58.82697
G1 X127.675 Y109.931 E58.83267
G1 X128.114 Y109.717 E58.8388
G1 X128.115 Y110.172 E58.8445
G0 F7200 X127.936 Y110.259
G0 X127.932 Y110.25
G0 X127.895 Y110.169
G0 X128.104 Y112.733
G0 X128.115 Y113.172
G1 F1800 X127.675 Y113.386 E58.85064
G1 X127.675 Y112.931 E58.85634
G1 X128.114 Y112.717 E58.86247
G1 X128.115 Y113.172 E58.86817
G0 F7200 X127.936 Y113.259
G0 X127.932 Y113.25
G1 F1500 E52.36817
G0 F7200 X127.895 Y113.169
G0 X128.104 Y115.734
G1 F1500 E58.86817
G0 F7200 X128.114 Y116.173
G1 F1800 X127.676 Y116.386 E58.87428
G1 X127.675 Y115.931 E58.87999
G1 X128.114 Y115.718 E58.88611
G1 X128.114 Y116.173 E58.89181
G0 F7200 X127.935 Y116.26
G0 X127.931 Y116.252
G0 X127.893 Y116.17
G0 X128.104 Y118.733
G0 X128.115 Y119.172
G1 F1800 X127.675 Y119.386 E58.89795
G1 X127.675 Y118.931 E58.90366
G1 X128.114 Y118.717 E58.90978
G1 X128.115 Y119.172 E58.91549
G0 F7200 X127.936 Y119.259
G0 X127.932 Y119.25
G1 F1500 E52.41549
G0 F7200 X127.895 Y119.169
G0 X128.979 Y118.992
G0 X131.02 Y118.993
G0 X132.225 Y118.984
G1 F1500 E58.91549
G0 F7200 X132.325 Y118.931
G1 F1800 X132.325 Y119.386 E58.92119
G1 X131.885 Y119.172 E58.92733
G1 X131.885 Y118.717 E58.93303
G1 X132.325 Y118.931 E58.93917
G0 F7200 X132.325 Y119.131
G0 X132.285 Y119.131
G0 X132.225 Y119.131
G0 X132.315 Y116.37
G0 X132.325 Y115.931
G1 F1800 X132.325 Y116.386 E58.94487
G1 X131.885 Y116.172 E58.95101
G1 X131.885 Y115.717 E58.95672
G1 X132.325 Y115.931 E58.96285
G0 F7200 X132.325 Y116.131
G0 X132.285 Y116.131
G1 F1500 E52.46285
G0 F7200 X132.225 Y116.131
G0 X132.314 Y113.37
G1 F1500 E58.96285
G0 F7200 X132.325 Y112.931
G1 F1800 X132.324 Y113.386 E58.96856
G1 X131.885 Y113.172 E58.97468
G1 X131.886 Y112.717 E58.98039
G1 X132.325 Y112.931 E58.98651
G0 F7200 X132.325 Y113.131
G0 X132.285 Y113.13
G0 X132.225 Y113.13
G0 X132.315 Y110.37
G0 X132.325 Y109.931
G1 F1800 X132.325 Y110.386 E58.99222
G1 X131.885 Y110.172 E58.99835
G1 X131.886 Y109.717 E59.00406
G1 X132.325 Y109.931 E59.01018
G0 F7200 X132.325 Y110.131
G0 X132.285 Y110.131
G1 F1500 E52.51018
;MESH:NONMESH
G0 F600 X132.285 Y110.131 Z16
G0 F7200 X132.225 Y110.131
G0 X131.02 Y110.162
G0 X126.829 Y111.738
G0 X125.171 Y111.738
G0 X120.972 Y110.71
G0 X118.831 Y111.736
G0 X117.171 Y111.738
G0 X112.979 Y110.161
G0 X111.864 Y110.184
G1 F1500 E59.01018
G0 F7200 X111.905 Y110.274
;TIME_ELAPSED:739.938179
;LAYER:79
;TYPE:WALL-OUTER
;MESH:output\B_media_suporte.stl
G1 F1800 X111.466 Y110.486 E59.0163
G1 X111.465 Y110.032 E59.02199
G1 X111.904 Y109.819 E59.02811
G1 X111.905 Y110.274 E59.03382
G0 F7200 X111.725 Y110.361
G0 X111.721 Y110.353
G0 X111.682 Y110.27
G0 X111.894 Y112.835
G0 X111.905 Y113.274
G1 F1800 X111.466 Y113.486 E59.03993
G1 X111.465 Y113.032 E59.04562
G1 X111.904 Y112.819 E59.05174
G1 X111.905 Y113.274 E59.05745
G0 F7200 X111.725 Y113.361
G0 X111.721 Y113.353
G0 X111.682 Y113.27
G0 X111.894 Y115.835
G0 X111.904 Y116.275
G1 F1800 X111.466 Y116.487 E59.06355
G1 X111.465 Y116.032 E59.06926
G1 X111.904 Y115.819 E59.07538
G1 X111.904 Y116.275 E59.08109
G0 F7200 X111.724 Y116.362
G0 X111.72 Y116.353
G1 F1500 E52.58109
G0 F7200 X111.682 Y116.271
G0 X111.894 Y118.835
G1 F1500 E59.08109
G0 F7200 X111.905 Y119.274
G1 F1800 X111.466 Y119.486 E59.08721
G1 X111.465 Y119.032 E59.0929
G1 X111.904 Y118.819 E59.09902
G1 X111.905 Y119.274 E59.10473
G0 F7200 X111.725 Y119.361
G0 X111.721 Y119.353
G0 X111.682 Y119.27
G0 X112.769 Y119.092
G0 X115.231 Y119.085
G0 X116.434 Y119.084
G0 X116.534 Y119.032
G1 F1800 X116.535 Y119.488 E59.11044
G1 X116.096 Y119.275 E59.11656
G1 X116.095 Y118.819 E59.12228
G1 X116.534 Y119.032 E59.1284
G0 F7200 X116.534 Y119.232
G0 X116.496 Y119.232
G1 F1500 E52.6284
G0 F7200 X116.434 Y119.231
G0 X116.524 Y116.471
G1 F1500 E59.1284
G0 F7200 X116.534 Y116.032
G1 F1800 X116.534 Y116.487 E59.13411
G1 X116.096 Y116.275 E59.14021
G1 X116.095 Y115.819 E59.14593
G1 X116.534 Y116.032 E59.15205
G0 F7200 X116.534 Y116.232
G0 X116.496 Y116.233
G0 X116.434 Y116.233
G0 X116.525 Y113.472
G0 X116.534 Y113.032
G1 F1800 X116.535 Y113.488 E59.15776
G1 X116.096 Y113.275 E59.16388
G1 X116.096 Y112.819 E59.1696
G1 X116.534 Y113.032 E59.17571
G0 F7200 X116.534 Y113.232
G0 X116.496 Y113.231
G0 X116.434 Y113.23
G0 X116.524 Y110.471
G0 X116.534 Y110.032
G1 F1800 X116.534 Y110.487 E59.18142
G1 X116.096 Y110.275 E59.18752
G1 X116.096 Y109.819 E59.19324
G1 X116.534 Y110.032 E59.19934
G0 F7200 X116.534 Y110.232
G0 X116.496 Y110.232
G1 F1500 E52.69934
G0 F7200 X116.434 Y110.232
G0 X118.601 Y110.202
G0 X119.814 Y110.207
G1 F1500 E59.19934
G0 F7200 X119.904 Y110.275
G1 F1800 X119.466 Y110.487 E59.20545
G1 X119.465 Y110.032 E59.21115
G1 X119.904 Y109.819 E59.21727
G1 X119.904 Y110.275 E59.22299
G0 F7200 X119.724 Y110.362
G0 X119.72 Y110.353
G0 X119.682 Y110.271
G0 X119.894 Y112.835
G0 X119.905 Y113.274
G1 F1800 X119.466 Y113.486 E59.2291
G1 X119.465 Y113.032 E59.2348
G1 X119.904 Y112.819 E59.24092
G1 X119.905 Y113.274 E59.24662
G0 F7200 X119.725 Y113.361
G0 X119.721 Y113.353
G1 F1500 E52.74662
G0 F7200 X119.682 Y113.27
G0 X119.894 Y115.835
G1 F1500 E59.24662
G0 F7200 X119.905 Y116.274
G1 F1800 X119.466 Y116.486 E59.25273
G1 X119.465 Y116.032 E59.25843
G1 X119.904 Y115.819 E59.26455
G1 X119.905 Y116.274 E59.27025
G0 F7200 X119.725 Y116.361
G0 X119.721 Y116.353
G0 X119.682 Y116.27
G0 X119.894 Y118.835
G0 X119.905 Y119.274
G1 F1800 X119.466 Y119.486 E59.27637
G1 X119.465 Y119.032 E59.28206
G1 X119.904 Y118.819 E59.28818
G1 X119.905 Y119.274 E59.29388
G0 F7200 X119.725 Y119.361
G0 X119.721 Y119.353
G0 X119.682 Y119.27
G0 X120.769 Y119.092
G0 X123.231 Y119.085
G0 X124.434 Y119.084
G0 X124.534 Y119.032
G1 F1800 X124.535 Y119.488 E59.2996
G1 X124.096 Y119.275 E59.30572
G1 X124.095 Y118.819 E59.31144
G1 X124.534 Y119.032 E59.31756
G0 F7200 X124.534 Y119.232
G0 X124.496 Y119.232
G1 F1500 E52.81756
G0 F7200 X124.434 Y119.231
G0 X124.524 Y116.471
G1 F1500 E59.31756
G0 F7200 X124.534 Y116.032
G1 F1800 X124.534 Y116.487 E59.32327
G1 X124.096 Y116.275 E59.32937
G1 X124.095 Y115.819 E59.33509
G1 X124.534 Y116.032 E59.34121
G0 F7200 X124.534 Y116.232
G0 X124.496 Y116.233
G0 X124.434 Y116.233
G0 X124.525 Y113.472
G0 X124.534 Y113.032
G1 F1800 X124.535 Y113.488 E59.34692
G1 X124.096 Y113.275 E59.35304
G1 X124.096 Y112.819 E59.35876
G1 X124.534 Y113.032 E59.36487
G0 F7200 X124.534 Y113.232
G0 X124.496 Y113.231
G1 F1500 E52.86487
G0 F7200 X124.434 Y113.23
G0 X124.524 Y110.471
G1 F1500 E59.36487
G0 F7200 X124.534 Y110.032
G1 F1800 X124.534 Y110.487 E59.37057
G1 X124.096 Y110.275 E59.37668
G1 X124.096 Y109.819 E59.3824
G1 X124.534 Y110.032 E59.3885
G0 F7200 X124.534 Y110.232
G0 X124.496 Y110.232
G0 X124.434 Y110.232
G0 X126.601 Y110.215
G0 X127.804 Y110.22
G0 X127.905 Y110.274
G1 F1800 X127.466 Y110.486 E59.39462
G1 X127.465 Y110.032 E59.40031
G1 X127.904 Y109.819 E59.40643
G1 X127.905 Y110.274 E59.41213
G0 F7200 X127.725 Y110.361
G0 X127.721 Y110.353
G0 X127.682 Y110.27
G0 X127.894 Y112.835
G0 X127.905 Y113.274
G1 F1800 X127.466 Y113.486 E59.41825
G1 X127.465 Y113.032 E59.42394
G1 X127.904 Y112.819 E59.43006
G1 X127.905 Y113.274 E59.43577
G0 F7200 X127.725 Y113.361
G0 X127.721 Y113.353
G1 F1500 E52.93577
G0 F7200 X127.682 Y113.27
G0 X127.894 Y115.835
G1 F1500 E59.43577
G0 F7200 X127.904 Y116.275
G1 F1800 X127.466 Y116.487 E59.44187
G1 X127.465 Y116.032 E59.44757
G1 X127.904 Y115.819 E59.45369
G1 X127.904 Y116.275 E59.45941
G0 F7200 X127.724 Y116.362
G0 X127.72 Y116.353
G0 X127.682 Y116.271
G0 X127.894 Y118.835
G0 X127.905 Y119.274
G1 F1800 X127.466 Y119.486 E59.46553
G1 X127.465 Y119.032 E59.47122
G1 X127.904 Y118.819 E59.47734
G1 X127.905 Y119.274 E59.48304
G0 F7200 X127.725 Y119.361
G0 X127.721 Y119.353
G1 F1500 E52.98304
G0 F7200 X127.682 Y119.27
G0 X128.769 Y119.092
G0 X131.231 Y119.085
G0 X132.434 Y119.084
G1 F1500 E59.48304
G0 F7200 X132.534 Y119.032
G1 F1800 X132.535 Y119.488 E59.48876
G1 X132.096 Y119.275 E59.49488
G1 X132.095 Y118.819 E59.5006
G1 X132.534 Y119.032 E59.50672
G0 F7200 X132.534 Y119.232
G0 X132.496 Y119.232
G0 X132.434 Y119.231
G0 X132.524 Y116.471
G0 X132.534 Y116.032
G1 F1800 X132.534 Y116.487 E59.51242
G1 X132.096 Y116.275 E59.51853
G1 X132.095 Y115.819 E59.52425
G1 X132.534 Y116.032 E59.53036
G0 F7200 X132.534 Y116.232
G0 X132.496 Y116.233
G0 X132.434 Y116.233
G0 X132.525 Y113.472
G0 X132.534 Y113.032
G1 F1800 X132.535 Y113.488 E59.53608
G1 X132.096 Y113.275 E59.5422
G1 X132.096 Y112.819 E59.54792
G1 X132.534 Y113.032 E59.55403
G0 F7200 X132.534 Y113.232
G0 X132.496 Y113.231
G1 F1500 E53.05403
G0 F7200 X132.434 Y113.23
G0 X132.524 Y110.471
G1 F1500 E59.55403
G0 F7200 X132.534 Y110.032
G1 F1800 X132.534 Y110.487 E59.55973
G1 X132.096 Y110.275 E59.56584
G1 X132.096 Y109.819 E59.57155
G1 X132.534 Y110.032 E59.57766
G0 F7200 X132.534 Y110.232
G0 X132.496 Y110.232
;MESH:NONMESH
G0 F600 X132.496 Y110.232 Z16.2
G0 F7200 X132.434 Y110.232
G0 X131.231 Y110.091
G0 X126.62 Y111.751
G0 X125.381 Y111.743
G0 X120.762 Y110.813
G0 X119.555 Y111.403
G0 X117.381 Y111.743
G0 X112.769 Y110.263
G0 X111.573 Y110.091
G0 X111.38 Y110.074
;TIME_ELAPSED:748.386483
;LAYER:80
;TYPE:WALL-OUTER
;MESH:output\B_media_suporte.stl
G1 F1800 X111.694 Y109.921 E59.58204
G1 X111.695 Y110.376 E59.58775
G1 X111.256 Y110.589 E59.59387
G1 X111.255 Y110.122 E59.59972
G1 X111.38 Y110.074 E59.6014
G0 F7200 X111.559 Y109.987
G0 X111.294 Y110.346
G1 F1500 E53.1014
G0 F7200 X111.356 Y110.347
G0 X111.684 Y112.937
G1 F1500 E59.6014
G0 F7200 X111.38 Y113.074
G1 F1800 X111.694 Y112.921 E59.60578
G1 X111.695 Y113.376 E59.61149
G1 X111.256 Y113.589 E59.61761
G1 X111.255 Y113.122 E59.62346
G1 X111.38 Y113.074 E59.62514
G0 F7200 X111.559 Y112.987
G0 X111.294 Y113.346
G0 X111.356 Y113.347
G0 X111.684 Y115.937
G0 X111.38 Y116.074
G1 F1800 X111.694 Y115.921 E59.62952
G1 X111.694 Y116.377 E59.63524
G1 X111.256 Y116.589 E59.64134
G1 X111.255 Y116.122 E59.6472
G1 X111.38 Y116.074 E59.64888
G0 F7200 X111.559 Y115.987
G0 X111.294 Y116.346
G1 F1500 E53.14888
G0 F7200 X111.356 Y116.347
G0 X111.684 Y118.937
G1 F1500 E59.64888
G0 F7200 X111.38 Y119.074
G1 F1800 X111.694 Y118.921 E59.65326
G1 X111.695 Y119.376 E59.65897
G1 X111.256 Y119.589 E59.66508
G1 X111.255 Y119.122 E59.67094
G1 X111.38 Y119.074 E59.67262
G0 F7200 X111.559 Y118.987
G0 X111.294 Y119.346
G1 F1500 E53.17262
G0 F7200 X111.356 Y119.347
G0 X112.559 Y119.174
G0 X115.441 Y119.166
G0 X116.581 Y119.165
G1 F1500 E59.67262
G0 F7200 X116.62 Y119.074
G1 F1800 X116.744 Y119.122 E59.67429
G1 X116.745 Y119.589 E59.68014
G1 X116.306 Y119.377 E59.68372
G1 X116.305 Y118.921 E59.68923
G1 X116.62 Y119.074 E59.69101
G0 F7200 X116.744 Y119.122
G0 X116.744 Y119.19
G0 X116.706 Y119.19
G0 X116.643 Y119.19
G0 X119.271 Y119.133
G0 X119.38 Y119.074
G1 F1800 X119.694 Y118.921 E59.69539
G1 X119.695 Y119.376 E59.7011
G1 X119.256 Y119.589 E59.70722
G1 X119.255 Y119.122 E59.71307
G1 X119.38 Y119.074 E59.71475
G0 F7200 X119.559 Y118.987
G0 X119.294 Y119.346
G1 F1500 E53.21475
G0 F7200 X119.356 Y119.347
G0 X119.266 Y116.573
G1 F1500 E59.71475
G0 F7200 X119.38 Y116.074
G1 F1800 X119.694 Y115.921 E59.71913
G1 X119.695 Y116.376 E59.72484
G1 X119.256 Y116.589 E59.73096
G1 X119.255 Y116.122 E59.73681
G1 X119.38 Y116.074 E59.73849
G0 F7200 X119.559 Y115.987
G0 X119.294 Y116.346
G1 F1500 E53.23849
G0 F7200 X119.356 Y116.347
G0 X116.724 Y116.133
G1 F1500 E59.73849
G0 F7200 X116.62 Y116.074
G1 F1800 X116.744 Y116.122 E59.74016
G1 X116.744 Y116.589 E59.74602
G1 X116.306 Y116.377 E59.74958
G1 X116.305 Y115.921 E59.7551
G1 X116.62 Y116.074 E59.75687
G0 F7200 X116.744 Y116.122
G0 X116.744 Y116.19
G0 X116.706 Y116.191
G1 F1500 E53.25687
G0 F7200 X116.644 Y116.191
G0 X116.735 Y113.573
G1 F1500 E59.75687
G0 F7200 X116.62 Y113.074
G1 F1800 X116.744 Y113.122 E59.75854
G1 X116.745 Y113.589 E59.7644
G1 X116.306 Y113.377 E59.76797
G1 X116.306 Y112.921 E59.77348
G1 X116.62 Y113.074 E59.77525
G0 F7200 X116.744 Y113.122
G0 X116.744 Y113.19
G0 X116.706 Y113.189
G1 F1500 E53.27525
G0 F7200 X116.643 Y113.189
G0 X119.271 Y113.133
G1 F1500 E59.77525
G0 F7200 X119.38 Y113.074
G1 F1800 X119.694 Y112.921 E59.77963
G1 X119.695 Y113.376 E59.78534
G1 X119.256 Y113.589 E59.79146
G1 X119.255 Y113.122 E59.79731
G1 X119.38 Y113.074 E59.79899
G0 F7200 X119.559 Y112.987
G0 X119.294 Y113.346
G1 F1500 E53.29899
G0 F7200 X119.356 Y113.347
G0 X119.266 Y110.573
G1 F1500 E59.79899
G0 F7200 X119.38 Y110.074
G1 F1800 X119.694 Y109.921 E59.80337
G1 X119.694 Y110.377 E59.80909
G1 X119.256 Y110.589 E59.81519
G1 X119.255 Y110.122 E59.82105
G1 X119.38 Y110.074 E59.82273
G0 F7200 X119.559 Y109.987
G0 X119.294 Y110.346
G1 F1500 E53.32273
G0 F7200 X119.356 Y110.347
G0 X116.724 Y110.133
G1 F1500 E59.82273
G0 F7200 X116.62 Y110.074
G1 F1800 X116.744 Y110.122 E59.8244
G1 X116.744 Y110.589 E59.83025
G1 X116.306 Y110.377 E59.83382
G1 X116.306 Y109.921 E59.83933
G1 X116.62 Y110.074 E59.8411
G0 F7200 X116.744 Y110.122
G0 X116.744 Y110.19
G0 X116.706 Y110.19
G1 F1500 E53.3411
G0 F7200 X116.643 Y110.19
G0 X118.397 Y109.535
G0 X120.54 Y108.571
G0 X123.441 Y110.165
G0 X124.581 Y110.165
G1 F1500 E59.8411
G0 F7200 X124.62 Y110.074
G1 F1800 X124.744 Y110.122 E59.84277
G1 X124.744 Y110.589 E59.84862
G1 X124.306 Y110.377 E59.85219
G1 X124.306 Y109.921 E59.8577
G1 X124.62 Y110.074 E59.85947
G0 F7200 X124.744 Y110.122
G0 X124.744 Y110.19
G0 X124.706 Y110.19
G0 X124.643 Y110.19
G0 X127.271 Y110.133
G0 X127.38 Y110.074
G1 F1800 X127.694 Y109.921 E59.86385
G1 X127.695 Y110.376 E59.86955
G1 X127.256 Y110.589 E59.87567
G1 X127.255 Y110.122 E59.88153
G1 X127.38 Y110.074 E59.88321
G0 F7200 X127.559 Y109.987
G0 X127.294 Y110.346
G1 F1500 E53.38321
G0 F7200 X127.356 Y110.347
G0 X127.684 Y112.937
G1 F1500 E59.88321
G0 F7200 X127.38 Y113.074
G1 F1800 X127.694 Y112.921 E59.88759
G1 X127.695 Y113.376 E59.8933
G1 X127.256 Y113.589 E59.89941
G1 X127.255 Y113.122 E59.90527
G1 X127.38 Y113.074 E59.90695
G0 F7200 X127.559 Y112.987
G0 X127.294 Y113.346
G1 F1500 E53.40695
G0 F7200 X127.356 Y113.347
G0 X124.744 Y113.138
G1 F1500 E59.90695
G0 F7200 X124.62 Y113.074
G1 F1800 X124.744 Y113.122 E59.90862
G1 X124.745 Y113.589 E59.91447
G1 X124.306 Y113.377 E59.91805
G1 X124.306 Y112.921 E59.92356
G1 X124.62 Y113.074 E59.92533
G0 F7200 X124.744 Y113.122
G0 X124.744 Y113.19
G0 X124.706 Y113.189
G1 F1500 E53.42533
G0 F7200 X124.643 Y113.189
G0 X124.315 Y115.937
G1 F1500 E59.92533
G0 F7200 X124.62 Y116.074
G1 F1800 X124.744 Y116.122 E59.927
G1 X124.744 Y116.589 E59.93285
G1 X124.306 Y116.377 E59.93642
G1 X124.305 Y115.921 E59.94193
G1 X124.62 Y116.074 E59.94371
G0 F7200 X124.744 Y116.122
G0 X124.744 Y116.19
G0 X124.706 Y116.191
G1 F1500 E53.44371
G0 F7200 X124.644 Y116.191
G0 X127.271 Y116.133
G1 F1500 E59.94371
G0 F7200 X127.38 Y116.074
G1 F1800 X127.694 Y115.921 E59.94809
G1 X127.694 Y116.377 E59.95381
G1 X127.256 Y116.589 E59.95991
G1 X127.255 Y116.122 E59.96577
G1 X127.38 Y116.074 E59.96745
G0 F7200 X127.559 Y115.987
G0 X127.294 Y116.346
G1 F1500 E53.46745
G0 F7200 X127.356 Y116.347
G0 X127.684 Y118.937
G1 F1500 E59.96745
G0 F7200 X127.38 Y119.074
G1 F1800 X127.694 Y118.921 E59.97183
G1 X127.695 Y119.376 E59.97753
G1 X127.256 Y119.589 E59.98365
G1 X127.255 Y119.122 E59.98951
G1 X127.38 Y119.074 E59.99119
G0 F7200 X127.559 Y118.987
G0 X127.294 Y119.346
G1 F1500 E53.49119
G0 F7200 X127.356 Y119.347
G0 X124.744 Y119.165
G1 F1500 E59.99119
G0 F7200 X124.62 Y119.074
G1 F1800 X124.744 Y119.122 E59.99285
G1 X124.745 Y119.589 E59.99871
G1 X124.306 Y119.377 E60.00229
G1 X124.305 Y118.921 E60.0078
G1 X124.62 Y119.074 E60.00958
G0 F7200 X124.744 Y119.122
G0 X124.744 Y119.19
G0 X124.706 Y119.19
G1 F1500 E53.50958
G0 F7200 X124.643 Y119.19
G0 X126.397 Y118.535
G0 X128.539 Y117.572
G0 X131.441 Y119.166
G0 X132.581 Y119.165
G1 F1500 E60.00958
G0 F7200 X132.62 Y119.074
G1 F1800 X132.744 Y119.122 E60.01124
G1 X132.745 Y119.589 E60.0171
G1 X132.306 Y119.377 E60.02068
G1 X132.305 Y118.921 E60.02619
G1 X132.62 Y119.074 E60.02797
G0 F7200 X132.744 Y119.122
G0 X132.744 Y119.19
G0 X132.706 Y119.19
G0 X132.643 Y119.19
G0 X132.734 Y116.573
G0 X132.62 Y116.074
G1 F1800 X132.744 Y116.122 E60.02964
G1 X132.744 Y116.589 E60.03549
G1 X132.306 Y116.377 E60.03906
G1 X132.305 Y115.921 E60.04457
G1 X132.62 Y116.074 E60.04635
G0 F7200 X132.744 Y116.122
G0 X132.744 Y116.19
G0 X132.706 Y116.191
G1 F1500 E53.54635
G0 F7200 X132.644 Y116.191
G0 X132.735 Y113.573
G1 F1500 E60.04635
G0 F7200 X132.62 Y113.074
G1 F1800 X132.744 Y113.122 E60.04802
G1 X132.745 Y113.589 E60.05387
G1 X132.306 Y113.377 E60.05745
G1 X132.306 Y112.921 E60.06296
G1 X132.62 Y113.074 E60.06473
G0 F7200 X132.744 Y113.122
G0 X132.744 Y113.19
G0 X132.706 Y113.189
G1 F1500 E53.56473
G0 F7200 X132.643 Y113.189
G0 X132.734 Y110.573
G1 F1500 E60.06473
G0 F7200 X132.62 Y110.074
G1 F1800 X132.744 Y110.122 E60.0664
G1 X132.744 Y110.589 E60.07225
G1 X132.306 Y110.377 E60.07582
G1 X132.306 Y109.921 E60.08133
G1 X132.62 Y110.074 E60.0831
G0 F7200 X132.744 Y110.122
G0 X132.744 Y110.19
G0 X132.706 Y110.19
G1 F1500 E53.5831
;MESH:NONMESH
G0 F600 X132.706 Y110.19 Z16.4
G0 F7200 X132.643 Y110.19
G0 X131.441 Y110.165
G0 X128.539 Y108.572
G0 X115.46 Y108.571
G0 X112.559 Y110.209
G0 X111.419 Y110.165
G1 F1500 E60.0831
G0 F7200 X111.38 Y110.074
;TIME_ELAPSED:763.003157
;LAYER:81
;TYPE:WALL-OUTER
;MESH:output\B_media_suporte.stl
G1 F1800 X111.484 Y110.023 E60.08455
G1 X111.485 Y110.478 E60.09026
G1 X111.225 Y110.604 E60.09388
G1 X111.046 Y110.673 E60.09628
G1 X111.045 Y110.202 E60.10219
G1 X111.38 Y110.074 E60.10669
G0 F7200 X111.484 Y110.023
G0 X111.484 Y110.108
G0 X111.253 Y110.551
G1 F1500 E53.60669
G0 F7200 X111.226 Y110.492
G0 X111.474 Y113.04
G1 F1500 E60.10669
G0 F7200 X111.38 Y113.074
G1 F1800 X111.484 Y113.023 E60.10814
G1 X111.485 Y113.478 E60.11385
G1 X111.225 Y113.604 E60.11747
G1 X111.046 Y113.673 E60.11988
G1 X111.045 Y113.202 E60.12578
G1 X111.38 Y113.074 E60.13028
G0 F7200 X111.484 Y113.023
G0 X111.484 Y113.108
G0 X111.253 Y113.551
G1 F1500 E53.63028
G0 F7200 X111.226 Y113.492
G0 X111.474 Y116.04
G1 F1500 E60.13028
G0 F7200 X111.38 Y116.074
G1 F1800 X111.484 Y116.023 E60.13173
G1 X111.484 Y116.479 E60.13745
G1 X111.225 Y116.604 E60.14106
G1 X111.046 Y116.673 E60.14346
G1 X111.046 Y116.202 E60.14937
G1 X111.38 Y116.074 E60.15385
G0 F7200 X111.484 Y116.023
G0 X111.484 Y116.108
G0 X111.253 Y116.552
G1 F1500 E53.65385
G0 F7200 X111.227 Y116.492
G0 X111.474 Y119.04
G1 F1500 E60.15385
G0 F7200 X111.38 Y119.074
G1 F1800 X111.484 Y119.023 E60.15531
G1 X111.485 Y119.478 E60.16101
G1 X111.225 Y119.604 E60.16464
G1 X111.046 Y119.673 E60.16704
G1 X111.046 Y119.202 E60.17295
G1 X111.38 Y119.074 E60.17743
G0 F7200 X111.484 Y119.023
G0 X111.484 Y119.108
G0 X111.253 Y119.552
G1 F1500 E53.67743
G0 F7200 X111.227 Y119.492
G0 X112.349 Y119.176
G0 X115.651 Y119.167
G1 F1500 E60.17743
G0 F7200 X116.62 Y119.074
G1 F1800 X116.954 Y119.202 E60.18192
G1 X116.954 Y119.673 E60.18783
G1 X116.775 Y119.604 E60.19023
G1 X116.516 Y119.479 E60.19384
G1 X116.515 Y119.023 E60.19956
G1 X116.62 Y119.074 E60.20102
G0 F7200 X116.807 Y119.145
G0 X116.825 Y119.185
G1 F1500 E53.70102
G0 F7200 X116.8 Y119.249
G0 X119.061 Y119.213
G1 F1500 E60.20102
G0 F7200 X119.38 Y119.074
G1 F1800 X119.484 Y119.023 E60.20247
G1 X119.485 Y119.478 E60.20818
G1 X119.225 Y119.604 E60.2118
G1 X119.046 Y119.673 E60.21421
G1 X119.045 Y119.202 E60.22011
G1 X119.38 Y119.074 E60.22461
G0 F7200 X119.484 Y119.023
G0 X119.484 Y119.108
G0 X119.253 Y119.551
G1 F1500 E53.72461
G0 F7200 X119.226 Y119.492
G0 X119.057 Y116.657
G1 F1500 E60.22461
G0 F7200 X119.38 Y116.074
G1 F1800 X119.484 Y116.023 E60.22606
G1 X119.485 Y116.478 E60.23177
G1 X119.225 Y116.604 E60.23539
G1 X119.046 Y116.673 E60.2378
G1 X119.045 Y116.202 E60.24371
G1 X119.38 Y116.074 E60.2482
G0 F7200 X119.484 Y116.023
G0 X119.484 Y116.108
G0 X119.253 Y116.551
G1 F1500 E53.7482
G0 F7200 X119.226 Y116.492
G0 X116.938 Y116.213
G1 F1500 E60.2482
G0 F7200 X116.62 Y116.074
G1 F1800 X116.954 Y116.202 E60.25269
G1 X116.955 Y116.673 E60.25859
G1 X116.775 Y116.604 E60.26101
G1 X116.516 Y116.479 E60.26462
G1 X116.515 Y116.023 E60.27034
G1 X116.62 Y116.074 E60.2718
G0 F7200 X116.807 Y116.145
G0 X116.825 Y116.185
G1 F1500 E53.7718
G0 F7200 X116.8 Y116.249
G0 X116.944 Y113.657
G1 F1500 E60.2718
G0 F7200 X116.62 Y113.074
G1 F1800 X116.954 Y113.202 E60.27629
G1 X116.955 Y113.673 E60.28219
G1 X116.775 Y113.604 E60.28461
G1 X116.516 Y113.479 E60.28822
G1 X116.516 Y113.023 E60.29394
G1 X116.62 Y113.074 E60.29539
G0 F7200 X116.807 Y113.145
G0 X116.825 Y113.185
G1 F1500 E53.79539
G0 F7200 X116.8 Y113.249
G0 X119.061 Y113.213
G1 F1500 E60.29539
G0 F7200 X119.38 Y113.074
G1 F1800 X119.484 Y113.023 E60.29684
G1 X119.485 Y113.478 E60.30255
G1 X119.225 Y113.604 E60.30617
G1 X119.046 Y113.673 E60.30858
G1 X119.045 Y113.202 E60.31448
G1 X119.38 Y113.074 E60.31898
G0 F7200 X119.484 Y113.023
G0 X119.484 Y113.108
G0 X119.253 Y113.551
G1 F1500 E53.81898
G0 F7200 X119.226 Y113.492
G0 X119.057 Y110.657
G1 F1500 E60.31898
G0 F7200 X119.38 Y110.074
G1 F1800 X119.484 Y110.023 E60.32043
G1 X119.484 Y110.479 E60.32615
G1 X119.225 Y110.604 E60.32976
G1 X119.046 Y110.673 E60.33216
G1 X119.045 Y110.202 E60.33807
G1 X119.38 Y110.074 E60.34257
G0 F7200 X119.484 Y110.023
G0 X119.484 Y110.108
G0 X119.253 Y110.552
G1 F1500 E53.84257
G0 F7200 X119.227 Y110.492
G0 X116.938 Y110.213
G1 F1500 E60.34257
G0 F7200 X116.62 Y110.074
G1 F1800 X116.954 Y110.202 E60.34705
G1 X116.955 Y110.673 E60.35296
G1 X116.775 Y110.604 E60.35538
G1 X116.516 Y110.479 E60.35898
G1 X116.516 Y110.023 E60.3647
G1 X116.62 Y110.074 E60.36615
G0 F7200 X116.807 Y110.145
G0 X116.825 Y110.185
G1 F1500 E53.86615
G0 F7200 X116.8 Y110.249
G0 X117.818 Y110.211
G0 X120.33 Y108.674
G0 X123.651 Y110.213
G1 F1500 E60.36615
G0 F7200 X124.62 Y110.074
G1 F1800 X124.954 Y110.202 E60.37064
G1 X124.955 Y110.673 E60.37655
G1 X124.775 Y110.604 E60.37896
G1 X124.516 Y110.479 E60.38257
G1 X124.516 Y110.023 E60.38829
G1 X124.62 Y110.074 E60.38974
G0 F7200 X124.807 Y110.145
G0 X124.825 Y110.185
G1 F1500 E53.88974
G0 F7200 X124.8 Y110.249
G0 X127.061 Y110.213
G1 F1500 E60.38974
G0 F7200 X127.38 Y110.074
G1 F1800 X127.484 Y110.023 E60.39119
G1 X127.485 Y110.478 E60.3969
G1 X127.225 Y110.604 E60.40052
G1 X127.046 Y110.673 E60.40293
G1 X127.045 Y110.202 E60.40883
G1 X127.38 Y110.074 E60.41333
G0 F7200 X127.484 Y110.023
G0 X127.484 Y110.108
G0 X127.253 Y110.551
G0 X127.226 Y110.492
G0 X127.474 Y113.04
G0 X127.38 Y113.074
G1 F1800 X127.484 Y113.023 E60.41478
G1 X127.485 Y113.478 E60.42049
G1 X127.225 Y113.604 E60.42411
G1 X127.046 Y113.673 E60.42652
G1 X127.045 Y113.202 E60.43242
G1 X127.38 Y113.074 E60.43692
G0 F7200 X127.484 Y113.023
G0 X127.484 Y113.108
G0 X127.253 Y113.551
G0 X127.226 Y113.492
G0 X124.938 Y113.213
G0 X124.62 Y113.074
G1 F1800 X124.954 Y113.202 E60.44141
G1 X124.955 Y113.673 E60.44731
G1 X124.775 Y113.604 E60.44973
G1 X124.516 Y113.479 E60.45334
G1 X124.516 Y113.023 E60.45906
G1 X124.62 Y113.074 E60.46051
G0 F7200 X124.807 Y113.145
G0 X124.825 Y113.185
G0 X124.8 Y113.249
G0 X124.525 Y116.039
G0 X124.62 Y116.074
G1 F1800 X124.954 Y116.202 E60.46499
G1 X124.955 Y116.673 E60.4709
G1 X124.775 Y116.604 E60.47332
G1 X124.516 Y116.479 E60.47693
G1 X124.515 Y116.023 E60.48264
G1 X124.62 Y116.074 E60.48411
G0 F7200 X124.807 Y116.145
G0 X124.825 Y116.185
G0 X124.8 Y116.249
G0 X127.066 Y116.213
G0 X127.38 Y116.074
G1 F1800 X127.484 Y116.023 E60.48556
G1 X127.484 Y116.479 E60.49128
G1 X127.225 Y116.604 E60.49488
G1 X127.046 Y116.673 E60.49729
G1 X127.046 Y116.202 E60.5032
G1 X127.38 Y116.074 E60.50768
G0 F7200 X127.484 Y116.023
G0 X127.484 Y116.108
G0 X127.253 Y116.552
G0 X127.227 Y116.492
G0 X127.474 Y119.04
G0 X127.38 Y119.074
G1 F1800 X127.484 Y119.023 E60.50914
G1 X127.485 Y119.478 E60.51484
G1 X127.225 Y119.604 E60.51846
G1 X127.046 Y119.673 E60.52087
G1 X127.046 Y119.202 E60.52678
G1 X127.38 Y119.074 E60.53126
G0 F7200 X127.484 Y119.023
G0 X127.484 Y119.108
G0 X127.253 Y119.552
G0 X127.227 Y119.492
G0 X124.938 Y119.213
G0 X124.62 Y119.074
G1 F1800 X124.954 Y119.202 E60.53575
G1 X124.955 Y119.673 E60.54165
G1 X124.775 Y119.604 E60.54407
G1 X124.516 Y119.479 E60.54768
G1 X124.515 Y119.023 E60.5534
G1 X124.62 Y119.074 E60.55486
G0 F7200 X124.807 Y119.145
G0 X124.825 Y119.185
G0 X124.8 Y119.249
G0 X125.818 Y119.211
G0 X128.329 Y117.674
G0 X131.651 Y119.198
G0 X132.62 Y119.074
G1 F1800 X132.954 Y119.202 E60.55935
G1 X132.954 Y119.673 E60.56525
G1 X132.775 Y119.604 E60.56766
G1 X132.516 Y119.479 E60.57126
G1 X132.515 Y119.023 E60.57698
G1 X132.62 Y119.074 E60.57845
G0 F7200 X132.807 Y119.145
G0 X132.825 Y119.185
G0 X132.8 Y119.249
G0 X132.944 Y116.657
G0 X132.62 Y116.074
G1 F1800 X132.954 Y116.202 E60.58293
G1 X132.955 Y116.673 E60.58884
G1 X132.775 Y116.604 E60.59126
G1 X132.516 Y116.479 E60.59486
G1 X132.515 Y116.023 E60.60058
G1 X132.62 Y116.074 E60.60204
G0 F7200 X132.807 Y116.145
G0 X132.825 Y116.185
G0 X132.8 Y116.249
G0 X132.944 Y113.657
G0 X132.62 Y113.074
G1 F1800 X132.954 Y113.202 E60.60653
G1 X132.955 Y113.673 E60.61244
G1 X132.775 Y113.604 E60.61485
G1 X132.516 Y113.479 E60.61846
G1 X132.516 Y113.023 E60.62418
G1 X132.62 Y113.074 E60.62563
G0 F7200 X132.807 Y113.145
G0 X132.825 Y113.185
G0 X132.8 Y113.249
G0 X132.944 Y110.657
G0 X132.62 Y110.074
G1 F1800 X132.954 Y110.202 E60.63012
G1 X132.955 Y110.673 E60.63602
G1 X132.775 Y110.604 E60.63844
G1 X132.516 Y110.479 E60.64205
G1 X132.516 Y110.023 E60.64777
G1 X132.62 Y110.074 E60.64922
G0 F7200 X132.807 Y110.145
G0 X132.825 Y110.185
;MESH:NONMESH
G0 F600 X132.825 Y110.185 Z16.6
G0 F7200 X132.8 Y110.249
G0 X131.651 Y110.266
G0 X126.198 Y111.796
G0 X119.564 Y111.4
G0 X118.198 Y111.796
G0 X112.349 Y110.311
G0 X111.157 Y110.266
G0 X110.962 Y110.234
;TIME_ELAPSED:773.857749
;LAYER:82
;TYPE:WALL-OUTER
;MESH:output\B_media_suporte.stl
G1 F1800 X111.275 Y110.114 E60.65342
G1 X111.276 Y110.58 E60.65927
G1 X111.226 Y110.604 E60.65996
G1 X110.836 Y110.754 E60.6652
G1 X110.835 Y110.269 E60.67128
G1 X110.962 Y110.234 E60.67294
G0 F7200 X111.148 Y110.163
G0 X110.875 Y110.536
G0 X110.936 Y110.537
G0 X111.264 Y113.13
G0 X110.962 Y113.234
G1 F1800 X111.275 Y113.114 E60.67714
G1 X111.276 Y113.58 E60.68298
G1 X111.226 Y113.604 E60.68368
G1 X110.836 Y113.754 E60.68892
G1 X110.835 Y113.269 E60.695
G1 X110.962 Y113.234 E60.69665
G0 F7200 X111.148 Y113.163
G0 X110.875 Y113.536
G0 X110.936 Y113.537
G0 X111.264 Y116.13
G0 X110.962 Y116.234
G1 F1800 X111.275 Y116.114 E60.70086
G1 X111.275 Y116.58 E60.7067
G1 X111.228 Y116.603 E60.70736
G1 X110.836 Y116.754 E60.71262
G1 X110.836 Y116.268 E60.71872
G1 X110.962 Y116.234 E60.72036
G0 F7200 X111.148 Y116.163
G0 X111.039 Y116.413
;TYPE:SKIN
G1 F1800 X111.076 Y116.45 E60.72068
G0 F7200 X111.132 Y116.597
G0 X111.113 Y116.54
G0 X111.264 Y119.13
G0 X110.962 Y119.234
;TYPE:WALL-OUTER
G1 F1800 X111.275 Y119.114 E60.72489
G1 X111.276 Y119.58 E60.73073
G1 X111.226 Y119.604 E60.73143
G1 X110.836 Y119.754 E60.73667
G1 X110.836 Y119.268 E60.74276
G1 X110.962 Y119.234 E60.7444
G0 F7200 X111.148 Y119.163
G0 X110.875 Y119.536
G0 X110.936 Y119.536
G0 X112.14 Y119.34
G0 X115.86 Y119.331
G0 X117.008 Y119.329
G0 X117.038 Y119.234
G1 F1800 X117.164 Y119.268 E60.74603
G1 X117.164 Y119.754 E60.75213
G1 X116.772 Y119.603 E60.75501
G1 X116.725 Y119.58 E60.75566
G1 X116.724 Y119.114 E60.76151
G1 X117.038 Y119.234 E60.76318
G0 F7200 X117.164 Y119.268
G0 X117.164 Y119.338
G0 X117.125 Y119.339
G0 X117.062 Y119.343
G0 X118.836 Y119.326
G0 X118.962 Y119.234
G1 F1800 X119.275 Y119.114 E60.76739
G1 X119.276 Y119.58 E60.77323
G1 X119.226 Y119.604 E60.77393
G1 X118.836 Y119.754 E60.77917
G1 X118.835 Y119.269 E60.78525
G1 X118.962 Y119.234 E60.7869
G0 F7200 X119.148 Y119.163
G0 X118.875 Y119.536
G0 X118.936 Y119.537
G0 X118.847 Y116.738
G0 X118.962 Y116.234
G1 F1800 X119.275 Y116.114 E60.79111
G1 X119.276 Y116.58 E60.79695
G1 X119.226 Y116.604 E60.79764
G1 X118.836 Y116.754 E60.80288
G1 X118.835 Y116.269 E60.80897
G1 X118.962 Y116.234 E60.81062
G0 F7200 X119.148 Y116.163
G0 X118.875 Y116.536
G0 X118.936 Y116.537
G0 X117.164 Y116.329
G0 X117.038 Y116.234
G1 F1800 X117.164 Y116.268 E60.81226
G1 X117.165 Y116.754 E60.81835
G1 X116.772 Y116.603 E60.82123
G1 X116.725 Y116.58 E60.82189
G1 X116.724 Y116.114 E60.82773
G1 X117.038 Y116.234 E60.82941
G0 F7200 X117.164 Y116.268
G0 X117.164 Y116.338
G0 X117.125 Y116.338
G0 X117.062 Y116.343
G0 X117.154 Y113.738
G0 X117.038 Y113.234
G1 F1800 X117.164 Y113.268 E60.83105
G1 X117.165 Y113.754 E60.83714
G1 X116.772 Y113.603 E60.84003
G1 X116.725 Y113.58 E60.84068
G1 X116.725 Y113.114 E60.84653
G1 X117.038 Y113.234 E60.84819
G0 F7200 X117.164 Y113.268
G0 X117.164 Y113.338
G0 X117.125 Y113.337
G0 X117.061 Y113.343
G0 X118.836 Y113.329
G0 X118.962 Y113.234
G1 F1800 X119.275 Y113.114 E60.8524
G1 X119.276 Y113.58 E60.85824
G1 X119.226 Y113.604 E60.85894
G1 X118.836 Y113.754 E60.86418
G1 X118.835 Y113.269 E60.87026
G1 X118.962 Y113.234 E60.87191
G0 F7200 X119.148 Y113.163
G0 X118.875 Y113.536
G0 X118.936 Y113.537
G0 X118.847 Y110.738
G0 X118.962 Y110.234
G1 F1800 X119.275 Y110.114 E60.87611
G1 X119.275 Y110.58 E60.88196
G1 X119.228 Y110.603 E60.88261
G1 X118.836 Y110.754 E60.88788
G1 X118.835 Y110.269 E60.89396
G1 X118.962 Y110.234 E60.89562
G0 F7200 X119.148 Y110.163
G0 X118.875 Y110.536
G0 X118.936 Y110.537
G0 X117.164 Y110.329
G0 X117.038 Y110.234
G1 F1800 X117.164 Y110.268 E60.89725
G1 X117.165 Y110.754 E60.90335
G1 X116.772 Y110.603 E60.90623
G1 X116.725 Y110.58 E60.90689
G1 X116.725 Y110.114 E60.91273
G1 X117.038 Y110.234 E60.9144
G0 F7200 X117.164 Y110.268
G0 X117.164 Y110.338
G0 X116.968 Y110.463
;TYPE:SKIN
G1 F1800 X116.918 Y110.413 E60.91484
G0 F7200 X116.764 Y110.412
G0 X116.825 Y110.412
G0 X118.028 Y110.343
G0 X123.86 Y110.345
G0 X125.008 Y110.329
G0 X125.038 Y110.234
;TYPE:WALL-OUTER
G1 F1800 X125.164 Y110.268 E60.91648
G1 X125.165 Y110.754 E60.92257
G1 X124.772 Y110.603 E60.92546
G1 X124.725 Y110.58 E60.92611
G1 X124.725 Y110.114 E60.93196
G1 X125.038 Y110.234 E60.93363
G0 F7200 X125.164 Y110.268
G0 X125.164 Y110.338
G0 X125.125 Y110.337
G0 X125.061 Y110.343
G0 X126.836 Y110.329
G0 X126.962 Y110.234
G1 F1800 X127.275 Y110.114 E60.93783
G1 X127.276 Y110.58 E60.94367
G1 X127.226 Y110.604 E60.94437
G1 X126.836 Y110.754 E60.94961
G1 X126.835 Y110.269 E60.95569
G1 X126.962 Y110.234 E60.95734
G0 F7200 X127.148 Y110.163
G0 X126.875 Y110.536
G0 X126.936 Y110.537
G0 X127.264 Y113.13
G0 X126.962 Y113.234
G1 F1800 X127.275 Y113.114 E60.96155
G1 X127.276 Y113.58 E60.96739
G1 X127.226 Y113.604 E60.96809
G1 X126.836 Y113.754 E60.97333
G1 X126.835 Y113.269 E60.97941
G1 X126.962 Y113.234 E60.98106
G0 F7200 X127.148 Y113.163
G0 X126.875 Y113.536
G0 X126.936 Y113.537
G0 X125.164 Y113.329
G0 X125.038 Y113.234
G1 F1800 X125.164 Y113.268 E60.9827
G1 X125.165 Y113.754 E60.98879
G1 X124.772 Y113.603 E60.99168
G1 X124.725 Y113.58 E60.99233
G1 X124.725 Y113.114 E60.99818
G1 X125.038 Y113.234 E60.99984
G0 F7200 X125.164 Y113.268
G0 X125.164 Y113.338
G0 X125.125 Y113.337
G0 X125.061 Y113.343
G0 X124.735 Y116.13
G0 X125.038 Y116.234
G1 F1800 X125.164 Y116.268 E61.00148
G1 X125.165 Y116.754 E61.00758
G1 X124.772 Y116.603 E61.01046
G1 X124.725 Y116.58 E61.01112
G1 X124.724 Y116.114 E61.01696
G1 X125.038 Y116.234 E61.01864
G0 F7200 X125.164 Y116.268
G0 X125.164 Y116.338
G0 X125.125 Y116.338
G0 X125.062 Y116.343
G0 X126.856 Y116.332
G0 X126.962 Y116.234
G1 F1800 X127.275 Y116.114 E61.02284
G1 X127.275 Y116.58 E61.02868
G1 X127.228 Y116.603 E61.02934
G1 X126.836 Y116.754 E61.03461
G1 X126.836 Y116.268 E61.0407
G1 X126.962 Y116.234 E61.04234
G0 F7200 X127.148 Y116.163
G0 X126.875 Y116.536
G0 X126.936 Y116.536
G0 X127.264 Y119.13
G0 X126.962 Y119.234
G1 F1800 X127.275 Y119.114 E61.04654
G1 X127.276 Y119.58 E61.05239
G1 X127.226 Y119.604 E61.05308
G1 X126.836 Y119.754 E61.05832
G1 X126.836 Y119.268 E61.06442
G1 X126.962 Y119.234 E61.06605
G0 F7200 X127.148 Y119.163
G0 X127.047 Y119.411
;TYPE:SKIN
G1 F1800 X127.08 Y119.443 E61.06634
G0 F7200 X127.236 Y119.442
G0 X127.175 Y119.441
G0 X125.164 Y119.332
G0 X125.038 Y119.234
;TYPE:WALL-OUTER
G1 F1800 X125.164 Y119.268 E61.06798
G1 X125.165 Y119.754 E61.07407
G1 X124.772 Y119.603 E61.07696
G1 X124.725 Y119.58 E61.07761
G1 X124.724 Y119.114 E61.08346
G1 X125.038 Y119.234 E61.08513
G0 F7200 X125.164 Y119.268
G0 X125.164 Y119.338
G0 X125.125 Y119.338
G0 X125.062 Y119.343
G0 X131.86 Y119.33
G0 X133.008 Y119.329
G0 X133.038 Y119.234
G1 F1800 X133.164 Y119.268 E61.08677
G1 X133.164 Y119.754 E61.09286
G1 X132.772 Y119.603 E61.09574
G1 X132.725 Y119.58 E61.0964
G1 X132.724 Y119.114 E61.10224
G1 X133.038 Y119.234 E61.10392
G0 F7200 X133.164 Y119.268
G0 X133.164 Y119.338
G0 X133.125 Y119.339
G0 X133.062 Y119.343
G0 X133.154 Y116.738
G0 X133.038 Y116.234
G1 F1800 X133.164 Y116.268 E61.10556
G1 X133.165 Y116.754 E61.11165
G1 X132.772 Y116.603 E61.11453
G1 X132.725 Y116.58 E61.11519
G1 X132.724 Y116.114 E61.12103
G1 X133.038 Y116.234 E61.12271
G0 F7200 X133.164 Y116.268
G0 X133.164 Y116.338
G0 X133.125 Y116.338
G0 X133.062 Y116.343
G0 X133.154 Y113.738
G0 X133.038 Y113.234
G1 F1800 X133.164 Y113.268 E61.12435
G1 X133.165 Y113.754 E61.13044
G1 X132.772 Y113.603 E61.13333
G1 X132.725 Y113.58 E61.13398
G1 X132.725 Y113.114 E61.13983
G1 X133.038 Y113.234 E61.14149
G0 F7200 X133.164 Y113.268
G0 X133.164 Y113.338
G0 X132.968 Y113.452
;TYPE:SKIN
G1 F1800 X132.919 Y113.402 E61.14193
G0 F7200 X132.764 Y113.401
G0 X132.825 Y113.401
G0 X133.154 Y110.738
G0 X133.038 Y110.234
;TYPE:WALL-OUTER
G1 F1800 X133.164 Y110.268 E61.14357
G1 X133.165 Y110.754 E61.14966
G1 X132.772 Y110.603 E61.15255
G1 X132.725 Y110.58 E61.1532
G1 X132.725 Y110.114 E61.15905
G1 X133.038 Y110.234 E61.16072
G0 F7200 X133.164 Y110.268
G0 X133.164 Y110.338
G0 X133.125 Y110.337
;MESH:NONMESH
G0 F600 X133.125 Y110.337 Z16.8
G0 F7200 X133.061 Y110.343
G0 X131.86 Y110.329
G0 X125.988 Y111.861
G0 X119.106 Y111.577
G0 X118.015 Y111.865
G0 X112.14 Y110.374
G0 X110.993 Y110.329
G0 X110.962 Y110.234
;TIME_ELAPSED:777.754004
;LAYER:83
;TYPE:WALL-OUTER
;MESH:output\B_media_suporte.stl
G1 F1800 X111.065 Y110.195 E61.1621
G1 X111.066 Y110.665 E61.16799
G1 X110.832 Y110.756 E61.17114
G1 X110.617 Y110.812 E61.17393
G1 X110.616 Y110.327 E61.18001
G1 X110.962 Y110.234 E61.1845
G0 F7200 X111.065 Y110.195
G0 X111.065 Y110.285
G0 X110.775 Y110.698
G0 X110.769 Y110.67
G0 X111.054 Y113.211
G0 X110.962 Y113.234
G1 F1800 X111.065 Y113.195 E61.18588
G1 X111.065 Y113.666 E61.19179
G1 X110.834 Y113.755 E61.19489
G1 X110.617 Y113.813 E61.19771
G1 X110.617 Y113.327 E61.2038
G1 X110.962 Y113.234 E61.20829
G0 F7200 X111.065 Y113.195
G0 X111.065 Y113.285
G0 X110.776 Y113.699
G0 X110.77 Y113.669
G0 X111.054 Y116.211
G0 X110.962 Y116.234
G1 F1800 X111.065 Y116.195 E61.20967
G1 X111.066 Y116.665 E61.21556
G1 X110.832 Y116.756 E61.21871
G1 X110.617 Y116.812 E61.22149
G1 X110.616 Y116.327 E61.22758
G1 X110.962 Y116.234 E61.23207
G0 F7200 X111.065 Y116.195
G0 X111.065 Y116.285
G0 X110.775 Y116.698
G0 X110.769 Y116.67
G0 X111.054 Y119.211
G0 X110.962 Y119.234
G1 F1800 X111.065 Y119.195 E61.23345
G1 X111.066 Y119.665 E61.23935
G1 X110.834 Y119.755 E61.24247
G1 X110.617 Y119.813 E61.24528
G1 X110.617 Y119.327 E61.25138
G1 X110.962 Y119.234 E61.25586
G0 F7200 X111.065 Y119.195
G0 X111.065 Y119.285
G0 X110.776 Y119.699
G0 X110.77 Y119.669
G0 X111.93 Y119.34
G0 X116.07 Y119.341
G0 X117.038 Y119.234
G1 F1800 X117.383 Y119.327 E61.26034
G1 X117.383 Y119.813 E61.26643
G1 X117.166 Y119.755 E61.26925
G1 X116.935 Y119.666 E61.27235
G1 X116.935 Y119.195 E61.27826
G1 X117.038 Y119.234 E61.27964
G0 F7200 X117.231 Y119.286
G0 X117.248 Y119.357
G0 X117.238 Y119.391
G0 X118.637 Y119.328
G0 X118.962 Y119.234
G1 F1800 X119.065 Y119.195 E61.28102
G1 X119.066 Y119.665 E61.28692
G1 X118.834 Y119.755 E61.29004
G1 X118.617 Y119.813 E61.29285
G1 X118.617 Y119.327 E61.29895
G1 X118.962 Y119.234 E61.30343
G0 F7200 X119.065 Y119.195
G0 X119.065 Y119.285
G0 X118.776 Y119.699
G0 X118.77 Y119.669
G0 X118.629 Y116.797
G0 X118.962 Y116.234
G1 F1800 X119.065 Y116.195 E61.30481
G1 X119.066 Y116.665 E61.31071
G1 X118.832 Y116.756 E61.31385
G1 X118.617 Y116.812 E61.31664
G1 X118.616 Y116.327 E61.32272
G1 X118.962 Y116.234 E61.32722
G0 F7200 X119.065 Y116.195
G0 X119.065 Y116.285
G0 X118.863 Y116.461
;TYPE:SKIN
G1 F1800 X118.81 Y116.514 E61.32769
G0 F7200 X118.665 Y116.514
G0 X118.717 Y116.515
G0 X117.383 Y116.341
G0 X117.038 Y116.234
;TYPE:WALL-OUTER
G1 F1800 X117.383 Y116.327 E61.33217
G1 X117.384 Y116.813 E61.33826
G1 X117.166 Y116.755 E61.34109
G1 X116.935 Y116.666 E61.34419
G1 X116.935 Y116.195 E61.3501
G1 X117.038 Y116.234 E61.35148
G0 F7200 X117.231 Y116.286
G0 X117.159 Y116.468
;TYPE:SKIN
G1 F1800 X117.129 Y116.498 E61.35175
G0 F7200 X116.983 Y116.497
G1 F1500 E54.85175
G0 F7200 X117.035 Y116.497
G0 X117.371 Y113.798
G1 F1500 E61.35175
G0 F7200 X117.038 Y113.234
;TYPE:WALL-OUTER
G1 F1800 X117.383 Y113.327 E61.35623
G1 X117.383 Y113.813 E61.36232
G1 X117.166 Y113.755 E61.36514
G1 X116.935 Y113.666 E61.36824
G1 X116.935 Y113.195 E61.37415
G1 X117.038 Y113.234 E61.37553
G0 F7200 X117.231 Y113.286
G0 X117.248 Y113.357
G0 X117.238 Y113.391
G0 X118.637 Y113.329
G0 X118.962 Y113.234
G1 F1800 X119.065 Y113.195 E61.37691
G1 X119.065 Y113.666 E61.38282
G1 X118.834 Y113.755 E61.38592
G1 X118.617 Y113.813 E61.38874
G1 X118.617 Y113.327 E61.39484
G1 X118.962 Y113.234 E61.39932
G0 F7200 X119.065 Y113.195
G0 X119.065 Y113.285
G0 X118.776 Y113.699
G1 F1500 E54.89932
G0 F7200 X118.77 Y113.669
G0 X118.629 Y110.797
G1 F1500 E61.39932
G0 F7200 X118.962 Y110.234
G1 F1800 X119.065 Y110.195 E61.4007
G1 X119.066 Y110.665 E61.40659
G1 X118.832 Y110.756 E61.40974
G1 X118.617 Y110.812 E61.41253
G1 X118.616 Y110.327 E61.41861
G1 X118.962 Y110.234 E61.4231
G0 F7200 X119.065 Y110.195
G0 X119.065 Y110.285
G0 X118.87 Y110.515
;TYPE:SKIN
G1 F1800 X118.842 Y110.543 E61.42335
G0 F7200 X118.854 Y110.677
G0 X118.842 Y110.645
G0 X117.383 Y110.341
G0 X117.038 Y110.234
;TYPE:WALL-OUTER
G1 F1800 X117.383 Y110.327 E61.42783
G1 X117.384 Y110.813 E61.43393
G1 X117.166 Y110.755 E61.43675
G1 X116.935 Y110.666 E61.43986
G1 X116.935 Y110.195 E61.44576
G1 X117.038 Y110.234 E61.44715
G0 F7200 X117.231 Y110.286
G0 X117.186 Y110.501
;TYPE:SKIN
G1 F1800 X117.148 Y110.539 E61.44748
G0 F7200 X117.134 Y110.673
G1 F1500 E54.94748
G0 F7200 X117.148 Y110.641
G0 X117.644 Y109.501
G0 X119.911 Y108.963
G0 X124.07 Y110.344
G1 F1500 E61.44748
G0 F7200 X125.038 Y110.234
;TYPE:WALL-OUTER
G1 F1800 X125.383 Y110.327 E61.45196
G1 X125.384 Y110.813 E61.45806
G1 X125.166 Y110.755 E61.46089
G1 X124.935 Y110.666 E61.46399
G1 X124.935 Y110.195 E61.4699
G1 X125.038 Y110.234 E61.47128
G0 F7200 X125.231 Y110.286
G0 X125.248 Y110.357
G0 X125.238 Y110.391
G0 X126.631 Y110.339
G0 X126.962 Y110.234
G1 F1800 X127.065 Y110.195 E61.47266
G1 X127.066 Y110.665 E61.47855
G1 X126.832 Y110.756 E61.4817
G1 X126.617 Y110.812 E61.48449
G1 X126.616 Y110.327 E61.49057
G1 X126.962 Y110.234 E61.49506
G0 F7200 X127.065 Y110.195
G0 X127.065 Y110.285
G0 X126.775 Y110.698
G0 X126.769 Y110.67
G0 X127.054 Y113.211
G0 X126.962 Y113.234
G1 F1800 X127.065 Y113.195 E61.49645
G1 X127.065 Y113.666 E61.50235
G1 X126.834 Y113.755 E61.50546
G1 X126.617 Y113.813 E61.50827
G1 X126.617 Y113.327 E61.51437
G1 X126.962 Y113.234 E61.51885
G0 F7200 X127.065 Y113.195
G0 X127.065 Y113.285
G0 X126.776 Y113.699
G0 X126.77 Y113.669
G0 X125.363 Y113.329
G0 X125.038 Y113.234
G1 F1800 X125.383 Y113.327 E61.52333
G1 X125.383 Y113.813 E61.52942
G1 X125.166 Y113.755 E61.53224
G1 X124.935 Y113.666 E61.53535
G1 X124.935 Y113.195 E61.54125
G1 X125.038 Y113.234 E61.54263
G0 F7200 X125.231 Y113.286
G0 X125.248 Y113.357
G1 F1500 E55.04263
G0 F7200 X125.238 Y113.391
G0 X124.946 Y116.211
G1 F1500 E61.54263
G0 F7200 X125.038 Y116.234
G1 F1800 X125.383 Y116.327 E61.54711
G1 X125.384 Y116.813 E61.55321
G1 X125.166 Y116.755 E61.55604
G1 X124.935 Y116.666 E61.55914
G1 X124.935 Y116.195 E61.56505
G1 X125.038 Y116.234 E61.56643
G0 F7200 X125.231 Y116.286
G0 X125.248 Y116.357
G0 X125.238 Y116.391
G0 X126.631 Y116.339
G0 X126.962 Y116.234
G1 F1800 X127.065 Y116.195 E61.56781
G1 X127.066 Y116.665 E61.5737
G1 X126.832 Y116.756 E61.57685
G1 X126.617 Y116.812 E61.57964
G1 X126.616 Y116.327 E61.58572
G1 X126.962 Y116.234 E61.59021
G0 F7200 X127.065 Y116.195
G0 X127.065 Y116.285
G0 X126.775 Y116.698
G0 X126.769 Y116.67
G0 X127.054 Y119.211
G0 X126.962 Y119.234
G1 F1800 X127.065 Y119.195 E61.5916
G1 X127.066 Y119.665 E61.59749
G1 X126.834 Y119.755 E61.60061
G1 X126.617 Y119.813 E61.60343
G1 X126.617 Y119.327 E61.60952
G1 X126.962 Y119.234 E61.614
G0 F7200 X127.065 Y119.195
G0 X127.065 Y119.285
G0 X126.87 Y119.485
;TYPE:SKIN
G1 F1800 X126.811 Y119.544 E61.61453
G0 F7200 X126.665 Y119.543
G1 F1500 E55.11453
G0 F7200 X126.717 Y119.543
G0 X125.363 Y119.329
G1 F1500 E61.61453
G0 F7200 X125.038 Y119.234
;TYPE:WALL-OUTER
G1 F1800 X125.383 Y119.327 E61.61901
G1 X125.383 Y119.813 E61.6251
G1 X125.166 Y119.755 E61.62792
G1 X124.935 Y119.666 E61.63102
G1 X124.935 Y119.195 E61.63693
G1 X125.038 Y119.234 E61.63831
G0 F7200 X125.231 Y119.286
G0 X125.183 Y119.475
;TYPE:SKIN
G1 F1800 X125.129 Y119.529 E61.63879
G0 F7200 X124.983 Y119.529
G1 F1500 E55.13879
G0 F7200 X125.035 Y119.529
G0 X125.644 Y118.501
G0 X127.911 Y117.963
G0 X132.07 Y119.329
G1 F1500 E61.63879
G0 F7200 X133.038 Y119.234
;TYPE:WALL-OUTER
G1 F1800 X133.383 Y119.327 E61.64327
G1 X133.383 Y119.813 E61.64936
G1 X133.166 Y119.755 E61.65218
G1 X132.935 Y119.666 E61.65529
G1 X132.935 Y119.195 E61.66119
G1 X133.038 Y119.234 E61.66257
G0 F7200 X133.231 Y119.286
G0 X133.248 Y119.357
G1 F1500 E55.16257
G0 F7200 X133.238 Y119.391
G0 X133.372 Y116.798
G1 F1500 E61.66257
G0 F7200 X133.038 Y116.234
G1 F1800 X133.383 Y116.327 E61.66705
G1 X133.384 Y116.813 E61.67315
G1 X133.166 Y116.755 E61.67598
G1 X132.935 Y116.666 E61.67908
G1 X132.935 Y116.195 E61.68499
G1 X133.038 Y116.234 E61.68637
G0 F7200 X133.231 Y116.286
G0 X133.248 Y116.357
G0 X133.238 Y116.391
G0 X133.371 Y113.798
G0 X133.038 Y113.234
G1 F1800 X133.383 Y113.327 E61.69085
G1 X133.383 Y113.813 E61.69694
G1 X133.166 Y113.755 E61.69976
G1 X132.935 Y113.666 E61.70287
G1 X132.935 Y113.195 E61.70877
G1 X133.038 Y113.234 E61.71015
G0 F7200 X133.231 Y113.286
G0 X133.167 Y113.471
;TYPE:SKIN
G1 F1800 X133.129 Y113.509 E61.71049
G0 F7200 X132.983 Y113.509
G1 F1500 E55.21049
G0 F7200 X133.035 Y113.509
G0 X133.372 Y110.798
G1 F1500 E61.71049
G0 F7200 X133.038 Y110.234
;TYPE:WALL-OUTER
G1 F1800 X133.383 Y110.327 E61.71497
G1 X133.384 Y110.813 E61.72107
G1 X133.166 Y110.755 E61.7239
G1 X132.935 Y110.666 E61.727
G1 X132.935 Y110.195 E61.73291
G1 X133.038 Y110.234 E61.73429
G0 F7200 X133.231 Y110.286
G0 X133.248 Y110.357
;MESH:NONMESH
G0 F600 X133.248 Y110.357 Z17
G0 F7200 X133.238 Y110.391
G0 X132.07 Y110.4
G0 X126.235 Y111.833
G0 X117.768 Y111.826
G0 X111.93 Y110.445
G0 X110.73 Y110.4
G0 X110.541 Y110.347
;TIME_ELAPSED:785.953432
;LAYER:84
;TYPE:WALL-OUTER
;MESH:output\B_media_suporte.stl
G1 F1800 X110.855 Y110.263 E61.73836
G1 X110.856 Y110.746 E61.74442
G1 X110.834 Y110.755 E61.74472
G1 X110.464 Y110.854 E61.74952
G1 X110.269 Y110.884 E61.752
G1 X110.2 Y110.89 E61.75286
G1 X110.2 Y110.393 E61.7591
G1 X110.325 Y110.38 E61.76067
G1 X110.541 Y110.347 E61.76341
G0 F7200 X110.734 Y110.296
G0 X110.544 Y110.544
;TYPE:SKIN
G1 F1800 X110.611 Y110.611 E61.76401
G0 F7200 X110.622 Y110.738
G1 F1500 E55.26401
G0 F7200 X110.617 Y110.71
G0 X110.843 Y113.278
G1 F1500 E61.76401
G0 F7200 X110.541 Y113.347
;TYPE:WALL-OUTER
G1 F1800 X110.855 Y113.263 E61.76808
G1 X110.855 Y113.747 E61.77415
G1 X110.837 Y113.754 E61.77439
G1 X110.464 Y113.854 E61.77924
G1 X110.269 Y113.884 E61.78171
G1 X110.2 Y113.89 E61.78258
G1 X110.2 Y113.393 E61.78881
G1 X110.325 Y113.38 E61.79039
G1 X110.541 Y113.347 E61.79313
G0 F7200 X110.734 Y113.296
G0 X110.447 Y113.558
;TYPE:SKIN
G1 F1800 X110.522 Y113.634 E61.7938
G0 F7200 X110.519 Y113.756
G0 X110.516 Y113.737
G0 X110.843 Y116.278
G0 X110.541 Y116.347
;TYPE:WALL-OUTER
G1 F1800 X110.855 Y116.263 E61.79787
G1 X110.856 Y116.746 E61.80393
G1 X110.834 Y116.755 E61.80423
G1 X110.464 Y116.854 E61.80903
G1 X110.269 Y116.884 E61.81151
G1 X110.2 Y116.89 E61.81238
G1 X110.2 Y116.393 E61.81861
G1 X110.325 Y116.38 E61.82018
G1 X110.541 Y116.347 E61.82292
G0 F7200 X110.734 Y116.296
G0 X110.626 Y116.566
;TYPE:SKIN
G1 F1800 X110.414 Y116.637 E61.82384
G0 F7200 X110.548 Y116.418
G0 X110.552 Y116.447
G0 X110.843 Y119.278
G0 X110.541 Y119.347
;TYPE:WALL-OUTER
G1 F1800 X110.855 Y119.263 E61.82792
G1 X110.856 Y119.746 E61.83398
G1 X110.834 Y119.755 E61.83427
G1 X110.464 Y119.854 E61.83908
G1 X110.269 Y119.884 E61.84155
G1 X110.2 Y119.89 E61.84242
G1 X110.2 Y119.393 E61.84865
G1 X110.325 Y119.38 E61.85023
G1 X110.541 Y119.347 E61.85297
G0 F7200 X110.734 Y119.296
G0 X110.499 Y119.55
;TYPE:SKIN
G1 F1800 X110.57 Y119.621 E61.8536
G0 F7200 X110.567 Y119.749
G1 F1500 E55.3536
G0 F7200 X110.563 Y119.724
G0 X111.72 Y119.458
G0 X116.28 Y119.459
G0 X118.561 Y119.444
G1 F1500 E61.8536
G0 F7200 X118.541 Y119.347
;TYPE:WALL-OUTER
G1 F1800 X118.855 Y119.263 E61.85767
G1 X118.856 Y119.746 E61.86373
G1 X118.834 Y119.755 E61.86403
G1 X118.464 Y119.854 E61.86883
G1 X118.269 Y119.884 E61.87131
G1 X118.189 Y119.892 E61.87231
G1 X117.908 Y119.898 E61.87584
G1 X117.812 Y119.892 E61.87705
G1 X117.731 Y119.884 E61.87807
G1 X117.536 Y119.854 E61.88054
G1 X117.163 Y119.754 E61.88538
G1 X117.145 Y119.747 E61.88563
G1 X117.145 Y119.263 E61.89169
G1 X117.459 Y119.347 E61.89577
G1 X117.675 Y119.38 E61.89851
G1 X117.784 Y119.391 E61.89988
G1 X117.896 Y119.398 E61.90129
G1 X118.212 Y119.392 E61.90526
G1 X118.325 Y119.38 E61.90668
G1 X118.541 Y119.347 E61.90942
G0 F7200 X118.734 Y119.296
G0 X118.468 Y119.599
;TYPE:SKIN
G1 F1800 X118.222 Y119.636 E61.91047
G1 X117.641 Y119.621 E61.91292
G0 F7200 X117.631 Y119.466
G1 F1500 E55.41292
G0 F7200 X117.629 Y119.474
G0 X118.267 Y116.865
G1 F1500 E61.91292
G0 F7200 X118.541 Y116.347
;TYPE:WALL-OUTER
G1 F1800 X118.855 Y116.263 E61.91699
G1 X118.856 Y116.746 E61.92305
G1 X118.834 Y116.755 E61.92335
G1 X118.464 Y116.854 E61.92815
G1 X118.269 Y116.884 E61.93062
G1 X118.189 Y116.892 E61.93163
G1 X117.908 Y116.898 E61.93516
G1 X117.812 Y116.892 E61.93636
G1 X117.731 Y116.884 E61.93738
G1 X117.536 Y116.854 E61.93986
G1 X117.163 Y116.754 E61.9447
G1 X117.145 Y116.747 E61.94494
G1 X117.145 Y116.263 E61.95101
G1 X117.459 Y116.347 E61.95509
G1 X117.675 Y116.38 E61.95783
G1 X117.784 Y116.391 E61.9592
G1 X117.896 Y116.398 E61.96061
G1 X118.212 Y116.392 E61.96457
G1 X118.325 Y116.38 E61.966
G1 X118.541 Y116.347 E61.96874
G0 F7200 X118.734 Y116.296
G0 X118.56 Y116.58
;TYPE:SKIN
G1 F1800 X118.323 Y116.626 E61.96966
G1 X117.431 Y116.582 E61.97307
G0 F7200 X117.407 Y116.406
G1 F1500 E55.47307
G0 F7200 X117.4 Y116.434
G0 X117.832 Y113.874
G1 F1500 E61.97307
G0 F7200 X118.541 Y113.347
;TYPE:WALL-OUTER
G1 F1800 X118.855 Y113.263 E61.97714
G1 X118.855 Y113.747 E61.98321
G1 X118.837 Y113.754 E61.98346
G1 X118.464 Y113.854 E61.9883
G1 X118.269 Y113.884 E61.99077
G1 X118.189 Y113.892 E61.99178
G1 X117.908 Y113.898 E61.99531
G1 X117.812 Y113.892 E61.99651
G1 X117.731 Y113.884 E61.99753
G1 X117.536 Y113.854 E62.00001
G1 X117.163 Y113.754 E62.00485
G1 X117.145 Y113.747 E62.00509
G1 X117.145 Y113.263 E62.01116
G1 X117.459 Y113.347 E62.01524
G1 X117.675 Y113.38 E62.01798
G1 X117.784 Y113.391 E62.01935
G1 X117.896 Y113.398 E62.02076
G1 X118.212 Y113.392 E62.02472
G1 X118.325 Y113.38 E62.02615
G1 X118.541 Y113.347 E62.02889
G0 F7200 X118.734 Y113.296
G0 X118.638 Y113.547
;TYPE:SKIN
G1 F1800 X118.419 Y113.61 E62.02974
G1 X117.571 Y113.611 E62.03291
G0 F7200 X117.563 Y113.448
G1 F1500 E55.53291
G0 F7200 X117.56 Y113.463
G0 X118.267 Y110.865
G1 F1500 E62.03291
G0 F7200 X118.541 Y110.347
;TYPE:WALL-OUTER
G1 F1800 X118.855 Y110.263 E62.03698
G1 X118.856 Y110.746 E62.04304
G1 X118.834 Y110.755 E62.04334
G1 X118.464 Y110.854 E62.04814
G1 X118.269 Y110.884 E62.05061
G1 X118.189 Y110.892 E62.05162
G1 X117.908 Y110.898 E62.05515
G1 X117.812 Y110.892 E62.05635
G1 X117.731 Y110.884 E62.05737
G1 X117.536 Y110.854 E62.05985
G1 X117.163 Y110.754 E62.06469
G1 X117.145 Y110.747 E62.06493
G1 X117.145 Y110.263 E62.071
G1 X117.459 Y110.347 E62.07508
G1 X117.675 Y110.38 E62.07782
G1 X117.784 Y110.391 E62.07919
G1 X117.896 Y110.398 E62.0806
G1 X118.212 Y110.392 E62.08456
G1 X118.325 Y110.38 E62.08599
G1 X118.541 Y110.347 E62.08873
G0 F7200 X118.734 Y110.296
G0 X118.511 Y110.591
;TYPE:SKIN
G1 F1800 X118.27 Y110.633 E62.08958
G1 X117.372 Y110.583 E62.09269
G0 F7200 X117.513 Y110.76
G1 F1500 E55.59269
G0 F7200 X117.517 Y110.746
G0 X118.855 Y110.459
G0 X124.28 Y110.459
G0 X126.561 Y110.444
G1 F1500 E62.09269
G0 F7200 X126.541 Y110.347
;TYPE:WALL-OUTER
G1 F1800 X126.855 Y110.263 E62.09677
G1 X126.856 Y110.746 E62.10282
G1 X126.834 Y110.755 E62.10312
G1 X126.464 Y110.854 E62.10793
G1 X126.269 Y110.884 E62.1104
G1 X126.188 Y110.892 E62.11142
G1 X126.092 Y110.898 E62.11263
G1 X125.812 Y110.892 E62.11614
G1 X125.731 Y110.884 E62.11716
G1 X125.536 Y110.854 E62.11963
G1 X125.163 Y110.754 E62.12448
G1 X125.145 Y110.747 E62.12472
G1 X125.145 Y110.263 E62.13079
G1 X125.459 Y110.347 E62.13486
G1 X125.675 Y110.38 E62.1376
G1 X125.788 Y110.392 E62.13903
G1 X126.104 Y110.398 E62.14299
G1 X126.216 Y110.391 E62.1444
G1 X126.325 Y110.38 E62.14577
G1 X126.541 Y110.347 E62.14851
G0 F7200 X126.734 Y110.296
G0 X126.444 Y110.605
;TYPE:SKIN
G1 F1800 X126.196 Y110.639 E62.14957
G1 X125.607 Y110.617 E62.15207
G0 F7200 X125.599 Y110.458
G1 F1500 E55.65207
G0 F7200 X125.597 Y110.469
G0 X126.843 Y113.278
G1 F1500 E62.15207
G0 F7200 X126.541 Y113.347
;TYPE:WALL-OUTER
G1 F1800 X126.855 Y113.263 E62.15614
G1 X126.855 Y113.747 E62.16221
G1 X126.837 Y113.754 E62.16246
G1 X126.464 Y113.854 E62.1673
G1 X126.269 Y113.884 E62.16977
G1 X126.188 Y113.892 E62.17079
G1 X126.092 Y113.898 E62.172
G1 X125.812 Y113.892 E62.17551
G1 X125.731 Y113.884 E62.17653
G1 X125.536 Y113.854 E62.17901
G1 X125.163 Y113.754 E62.18385
G1 X125.145 Y113.747 E62.18409
G1 X125.145 Y113.263 E62.19016
G1 X125.459 Y113.347 E62.19424
G1 X125.675 Y113.38 E62.19698
G1 X125.788 Y113.392 E62.1984
G1 X126.104 Y113.398 E62.20237
G1 X126.216 Y113.391 E62.20377
G1 X126.325 Y113.38 E62.20515
G1 X126.541 Y113.347 E62.20789
G0 F7200 X126.734 Y113.296
G0 X126.586 Y113.575
;TYPE:SKIN
G1 F1800 X126.35 Y113.622 E62.2088
G1 X125.473 Y113.593 E62.21213
G0 F7200 X125.463 Y113.421
G1 F1500 E55.71213
G0 F7200 X125.458 Y113.448
G0 X126.843 Y116.278
G1 F1500 E62.21213
G0 F7200 X126.541 Y116.347
;TYPE:WALL-OUTER
G1 F1800 X126.855 Y116.263 E62.21621
G1 X126.856 Y116.746 E62.22227
G1 X126.834 Y116.755 E62.22256
G1 X126.464 Y116.854 E62.22737
G1 X126.269 Y116.884 E62.22984
G1 X126.188 Y116.892 E62.23086
G1 X126.092 Y116.898 E62.23207
G1 X125.812 Y116.892 E62.23558
G1 X125.731 Y116.884 E62.2366
G1 X125.536 Y116.854 E62.23907
G1 X125.163 Y116.754 E62.24392
G1 X125.145 Y116.747 E62.24416
G1 X125.145 Y116.263 E62.25023
G1 X125.459 Y116.347 E62.25431
G1 X125.675 Y116.38 E62.25705
G1 X125.788 Y116.392 E62.25847
G1 X126.104 Y116.398 E62.26243
G1 X126.216 Y116.391 E62.26384
G1 X126.325 Y116.38 E62.26522
G1 X126.541 Y116.347 E62.26796
G0 F7200 X126.734 Y116.296
G0 X126.494 Y116.594
;TYPE:SKIN
G1 F1800 X126.251 Y116.634 E62.26878
G1 X125.357 Y116.589 E62.27179
G0 F7200 X125.516 Y116.76
G1 F1500 E55.77179
G0 F7200 X125.519 Y116.747
G0 X126.843 Y119.278
G1 F1500 E62.27179
G0 F7200 X126.541 Y119.347
;TYPE:WALL-OUTER
G1 F1800 X126.855 Y119.263 E62.27586
G1 X126.856 Y119.746 E62.28192
G1 X126.834 Y119.755 E62.28222
G1 X126.464 Y119.854 E62.28702
G1 X126.269 Y119.884 E62.2895
G1 X126.188 Y119.892 E62.29052
G1 X126.092 Y119.898 E62.29172
G1 X125.812 Y119.892 E62.29524
G1 X125.731 Y119.884 E62.29626
G1 X125.536 Y119.854 E62.29873
G1 X125.163 Y119.754 E62.30357
G1 X125.145 Y119.747 E62.30381
G1 X125.145 Y119.263 E62.30988
G1 X125.459 Y119.347 E62.31396
G1 X125.675 Y119.38 E62.3167
G1 X125.788 Y119.392 E62.31813
G1 X126.104 Y119.398 E62.32209
G1 X126.216 Y119.391 E62.3235
G1 X126.325 Y119.38 E62.32487
G1 X126.541 Y119.347 E62.32761
G0 F7200 X126.734 Y119.296
G0 X126.631 Y119.56
;TYPE:SKIN
G1 F1800 X126.401 Y119.613 E62.32851
G1 X125.548 Y119.608 E62.33176
G0 F7200 X125.54 Y119.442
G1 F1500 E55.83176
G0 F7200 X125.537 Y119.46
G0 X126.855 Y119.474
G0 X132.28 Y119.474
G0 X133.7 Y119.46
G1 F1500 E62.33176
G0 F7200 X133.8 Y119.393
;TYPE:WALL-OUTER
G1 F1800 X133.8 Y119.891 E62.33801
G1 X133.731 Y119.884 E62.33888
G1 X133.536 Y119.854 E62.34135
G1 X133.163 Y119.754 E62.34619
G1 X133.145 Y119.747 E62.34643
G1 X133.145 Y119.263 E62.3525
G1 X133.459 Y119.347 E62.35658
G1 X133.675 Y119.38 E62.35932
G1 X133.8 Y119.393 E62.3609
G0 F7200 X133.8 Y119.593
G0 X133.501 Y119.641
;TYPE:SKIN
G1 F1800 X133.39 Y119.53 E62.36188
G0 F7200 X133.422 Y119.41
G1 F1500 E55.86188
G0 F7200 X133.415 Y119.438
G0 X133.54 Y116.835
G1 F1500 E62.36188
G0 F7200 X133.8 Y116.393
;TYPE:WALL-OUTER
G1 F1800 X133.8 Y116.891 E62.36813
G1 X133.731 Y116.884 E62.369
G1 X133.536 Y116.854 E62.37147
G1 X133.163 Y116.754 E62.37631
G1 X133.145 Y116.747 E62.37656
G1 X133.145 Y116.263 E62.38262
G1 X133.459 Y116.347 E62.3867
G1 X133.675 Y116.38 E62.38944
G1 X133.8 Y116.393 E62.39102
G0 F7200 X133.8 Y116.593
G0 X133.604 Y116.633
;TYPE:SKIN
G1 F1800 X133.525 Y116.555 E62.39171
G0 F7200 X133.576 Y116.451
G1 F1500 E55.89171
G0 F7200 X133.573 Y116.465
G0 X133.54 Y113.835
G1 F1500 E62.39171
G0 F7200 X133.8 Y113.393
;TYPE:WALL-OUTER
G1 F1800 X133.8 Y113.891 E62.39796
G1 X133.731 Y113.884 E62.39883
G1 X133.536 Y113.854 E62.4013
G1 X133.163 Y113.754 E62.40614
G1 X133.145 Y113.747 E62.40639
G1 X133.145 Y113.263 E62.41246
G1 X133.459 Y113.347 E62.41653
G1 X133.675 Y113.38 E62.41927
G1 X133.8 Y113.393 E62.42085
G0 F7200 X133.8 Y113.593
G0 X133.419 Y113.62
;TYPE:SKIN
G1 F1800 X133.339 Y113.54 E62.42156
G0 F7200 X133.511 Y113.76
G1 F1500 E55.92156
G0 F7200 X133.515 Y113.746
G0 X133.54 Y110.835
G1 F1500 E62.42156
G0 F7200 X133.8 Y110.393
;TYPE:WALL-OUTER
G1 F1800 X133.8 Y110.891 E62.4278
G1 X133.731 Y110.884 E62.42867
G1 X133.536 Y110.854 E62.43115
G1 X133.163 Y110.754 E62.43599
G1 X133.145 Y110.747 E62.43623
G1 X133.145 Y110.263 E62.4423
G1 X133.459 Y110.347 E62.44638
G1 X133.675 Y110.38 E62.44912
G1 X133.8 Y110.393 E62.45069
G0 F7200 X133.8 Y110.593
G0 X133.571 Y110.66
;TYPE:SKIN
G1 F1800 X133.454 Y110.544 E62.45173
G0 F7200 X133.507 Y110.433
G1 F1500 E55.95173
;MESH:NONMESH
G0 F600 X133.507 Y110.433 Z17.2
G0 F7200 X133.503 Y110.455
G0 X132.28 Y110.444
G0 X126.253 Y111.754
G0 X117.616 Y111.741
G0 X111.72 Y110.489
G0 X110.561 Y110.444
G1 F1500 E62.45173
G0 F7200 X110.541 Y110.347
;TIME_ELAPSED:797.513372
;LAYER:85
;TYPE:WALL-OUTER
;MESH:output\B_media_suporte.stl
G1 F1800 X110.645 Y110.319 E62.45308
G1 X110.645 Y110.805 E62.45917
G1 X110.464 Y110.854 E62.46152
G1 X110.269 Y110.884 E62.464
G1 X110.2 Y110.891 E62.46487
G1 X110.2 Y110.393 E62.47111
G1 X110.325 Y110.38 E62.47269
G1 X110.541 Y110.347 E62.47543
G0 F7200 X110.645 Y110.319
G0 X110.645 Y110.412
G0 X110.283 Y110.789
G1 F1500 E55.97543
G0 F7200 X110.299 Y110.779
G0 X110.633 Y113.334
G1 F1500 E62.47543
G0 F7200 X110.541 Y113.347
G1 F1800 X110.645 Y113.319 E62.47678
G1 X110.645 Y113.805 E62.48287
G1 X110.464 Y113.854 E62.48523
G1 X110.269 Y113.884 E62.4877
G1 X110.2 Y113.891 E62.48857
G1 X110.2 Y113.393 E62.49481
G1 X110.325 Y113.38 E62.49639
G1 X110.541 Y113.347 E62.49913
G0 F7200 X110.645 Y113.319
G0 X110.645 Y113.412
G0 X110.45 Y113.561
;TYPE:SKIN
G1 F1800 X110.394 Y113.616 E62.49962
G0 F7200 X110.245 Y113.616
G1 F1500 E55.99962
G0 F7200 X110.3 Y113.616
G0 X110.633 Y116.334
G1 F1500 E62.49962
G0 F7200 X110.541 Y116.347
;TYPE:WALL-OUTER
G1 F1800 X110.645 Y116.319 E62.50097
G1 X110.645 Y116.805 E62.50707
G1 X110.464 Y116.854 E62.50942
G1 X110.269 Y116.884 E62.51189
G1 X110.2 Y116.891 E62.51276
G1 X110.2 Y116.393 E62.51901
G1 X110.325 Y116.38 E62.52058
G1 X110.541 Y116.347 E62.52332
G0 F7200 X110.645 Y116.319
G0 X110.645 Y116.412
G0 X110.283 Y116.789
G1 F1500 E56.02332
G0 F7200 X110.299 Y116.779
G0 X110.633 Y119.334
G1 F1500 E62.52332
G0 F7200 X110.541 Y119.347
G1 F1800 X110.645 Y119.319 E62.52468
G1 X110.645 Y119.805 E62.53077
G1 X110.464 Y119.854 E62.53312
G1 X110.269 Y119.884 E62.5356
G1 X110.2 Y119.891 E62.53647
G1 X110.2 Y119.393 E62.54271
G1 X110.325 Y119.38 E62.54429
G1 X110.541 Y119.347 E62.54703
G0 F7200 X110.645 Y119.319
G0 X110.645 Y119.412
G0 X110.283 Y119.789
G0 X110.299 Y119.779
G0 X111.51 Y119.444
G0 X116.49 Y119.444
G0 X118.545 Y119.444
G0 X118.541 Y119.347
G1 F1800 X118.645 Y119.319 E62.54838
G1 X118.645 Y119.805 E62.55447
G1 X118.464 Y119.854 E62.55682
G1 X118.269 Y119.884 E62.5593
G1 X118.189 Y119.892 E62.56031
G1 X117.908 Y119.898 E62.56383
G1 X117.812 Y119.892 E62.56504
G1 X117.731 Y119.884 E62.56606
G1 X117.536 Y119.854 E62.56853
G1 X117.355 Y119.805 E62.57088
G1 X117.355 Y119.319 E62.57698
G1 X117.459 Y119.347 E62.57833
G1 X117.675 Y119.38 E62.58107
G1 X117.784 Y119.391 E62.58244
G1 X117.896 Y119.398 E62.58385
G1 X118.212 Y119.392 E62.58781
G1 X118.325 Y119.38 E62.58924
G1 X118.541 Y119.347 E62.59198
G0 F7200 X118.645 Y119.319
G0 X118.645 Y119.412
G0 X118.232 Y119.637
;TYPE:SKIN
G1 F1800 X117.941 Y119.645 E62.59352
G1 X117.678 Y119.625 E62.59492
G0 F7200 X117.625 Y119.776
G1 F1500 E56.09492
G0 F7200 X117.627 Y119.768
G0 X118.545 Y119.366
G0 X118.267 Y116.865
G1 F1500 E62.59492
G0 F7200 X118.541 Y116.347
;TYPE:WALL-OUTER
G1 F1800 X118.645 Y116.319 E62.59627
G1 X118.645 Y116.805 E62.60237
G1 X118.464 Y116.854 E62.60472
G1 X118.269 Y116.884 E62.60719
G1 X118.189 Y116.892 E62.6082
G1 X117.908 Y116.898 E62.61173
G1 X117.812 Y116.892 E62.61293
G1 X117.731 Y116.884 E62.61395
G1 X117.536 Y116.854 E62.61643
G1 X117.355 Y116.805 E62.61878
G1 X117.355 Y116.319 E62.62487
G1 X117.459 Y116.347 E62.62623
G1 X117.675 Y116.38 E62.62897
G1 X117.784 Y116.391 E62.63034
G1 X117.896 Y116.398 E62.63175
G1 X118.212 Y116.392 E62.63571
G1 X118.325 Y116.38 E62.63713
G1 X118.541 Y116.347 E62.63987
G0 F7200 X118.645 Y116.319
G0 X118.645 Y116.412
G0 X118.409 Y116.631
;TYPE:SKIN
G1 F1800 X118.115 Y116.643 E62.64106
G1 X117.587 Y116.606 E62.6432
G0 F7200 X117.779 Y116.488
G1 F1500 E56.1432
G0 F7200 X117.776 Y116.49
G0 X118.267 Y113.865
G1 F1500 E62.6432
G0 F7200 X118.541 Y113.347
;TYPE:WALL-OUTER
G1 F1800 X118.645 Y113.319 E62.64455
G1 X118.645 Y113.805 E62.65065
G1 X118.464 Y113.854 E62.653
G1 X118.269 Y113.884 E62.65547
G1 X118.189 Y113.892 E62.65648
G1 X117.908 Y113.898 E62.66001
G1 X117.812 Y113.892 E62.66121
G1 X117.731 Y113.884 E62.66223
G1 X117.536 Y113.854 E62.66471
G1 X117.355 Y113.805 E62.66706
G1 X117.355 Y113.319 E62.67315
G1 X117.459 Y113.347 E62.6745
G1 X117.675 Y113.38 E62.67724
G1 X117.784 Y113.391 E62.67862
G1 X117.896 Y113.398 E62.68003
G1 X118.212 Y113.392 E62.68399
G1 X118.325 Y113.38 E62.68541
G1 X118.541 Y113.347 E62.68815
G0 F7200 X118.645 Y113.319
G0 X118.645 Y113.412
G0 X118.299 Y113.631
;TYPE:SKIN
G1 F1800 X118.001 Y113.645 E62.68973
G1 X117.731 Y113.633 E62.69115
G0 F7200 X117.684 Y113.784
G1 F1500 E56.19115
G0 F7200 X117.686 Y113.777
G0 X118.267 Y110.865
G1 F1500 E62.69115
G0 F7200 X118.541 Y110.347
;TYPE:WALL-OUTER
G1 F1800 X118.645 Y110.319 E62.6925
G1 X118.645 Y110.805 E62.6986
G1 X118.464 Y110.854 E62.70095
G1 X118.269 Y110.884 E62.70342
G1 X118.189 Y110.892 E62.70443
G1 X117.908 Y110.898 E62.70796
G1 X117.812 Y110.892 E62.70916
G1 X117.731 Y110.884 E62.71018
G1 X117.536 Y110.854 E62.71266
G1 X117.355 Y110.805 E62.71501
G1 X117.355 Y110.319 E62.7211
G1 X117.459 Y110.347 E62.72245
G1 X117.675 Y110.38 E62.72519
G1 X117.784 Y110.391 E62.72657
G1 X117.896 Y110.398 E62.72797
G1 X118.212 Y110.392 E62.73194
G1 X118.325 Y110.38 E62.73336
G1 X118.541 Y110.347 E62.7361
G0 F7200 X118.645 Y110.319
G0 X118.645 Y110.412
G0 X118.177 Y110.641
;TYPE:SKIN
G1 F1800 X117.891 Y110.645 E62.73758
G1 X117.632 Y110.62 E62.73893
G0 F7200 X117.571 Y110.769
G1 F1500 E56.23893
G0 F7200 X117.574 Y110.76
G0 X118.625 Y110.444
G0 X124.49 Y110.444
G0 X126.545 Y110.444
G1 F1500 E62.73893
G0 F7200 X126.541 Y110.347
;TYPE:WALL-OUTER
G1 F1800 X126.645 Y110.319 E62.74028
G1 X126.645 Y110.805 E62.74638
G1 X126.464 Y110.854 E62.74873
G1 X126.269 Y110.884 E62.7512
G1 X126.188 Y110.892 E62.75222
G1 X126.092 Y110.898 E62.75343
G1 X125.812 Y110.892 E62.75694
G1 X125.731 Y110.884 E62.75796
G1 X125.536 Y110.854 E62.76044
G1 X125.355 Y110.805 E62.76279
G1 X125.355 Y110.319 E62.76888
G1 X125.459 Y110.347 E62.77023
G1 X125.675 Y110.38 E62.77297
G1 X125.788 Y110.392 E62.7744
G1 X126.104 Y110.398 E62.77836
G1 X126.216 Y110.391 E62.77977
G1 X126.325 Y110.38 E62.78114
G1 X126.541 Y110.347 E62.78388
G0 F7200 X126.645 Y110.319
G0 X126.645 Y110.412
G0 X126.397 Y110.624
;TYPE:SKIN
G1 F1800 X126.092 Y110.646 E62.78516
G1 X125.578 Y110.595 E62.78733
G0 F7200 X125.737 Y110.791
G1 F1500 E56.28733
G0 F7200 X125.738 Y110.785
G0 X126.633 Y113.334
G1 F1500 E62.78733
G0 F7200 X126.541 Y113.347
;TYPE:WALL-OUTER
G1 F1800 X126.645 Y113.319 E62.78868
G1 X126.645 Y113.805 E62.79477
G1 X126.464 Y113.854 E62.79712
G1 X126.269 Y113.884 E62.7996
G1 X126.188 Y113.892 E62.80062
G1 X126.092 Y113.898 E62.80182
G1 X125.812 Y113.892 E62.80534
G1 X125.731 Y113.884 E62.80636
G1 X125.536 Y113.854 E62.80883
G1 X125.355 Y113.805 E62.81118
G1 X125.355 Y113.319 E62.81728
G1 X125.459 Y113.347 E62.81863
G1 X125.675 Y113.38 E62.82137
G1 X125.788 Y113.392 E62.82279
G1 X126.104 Y113.398 E62.82676
G1 X126.216 Y113.391 E62.82816
G1 X126.325 Y113.38 E62.82954
G1 X126.541 Y113.347 E62.83228
G0 F7200 X126.645 Y113.319
G0 X126.645 Y113.412
G0 X126.21 Y113.639
;TYPE:SKIN
G1 F1800 X125.923 Y113.643 E62.8338
G1 X125.66 Y113.624 E62.83519
G0 F7200 X125.599 Y113.773
G1 F1500 E56.33519
G0 F7200 X125.601 Y113.764
G0 X126.633 Y116.334
G1 F1500 E62.83519
G0 F7200 X126.541 Y116.347
;TYPE:WALL-OUTER
G1 F1800 X126.645 Y116.319 E62.83654
G1 X126.645 Y116.805 E62.84264
G1 X126.464 Y116.854 E62.84499
G1 X126.269 Y116.884 E62.84746
G1 X126.188 Y116.892 E62.84848
G1 X126.092 Y116.898 E62.84969
G1 X125.812 Y116.892 E62.8532
G1 X125.731 Y116.884 E62.85422
G1 X125.536 Y116.854 E62.8567
G1 X125.355 Y116.805 E62.85905
G1 X125.355 Y116.319 E62.86514
G1 X125.459 Y116.347 E62.86649
G1 X125.675 Y116.38 E62.86923
G1 X125.788 Y116.392 E62.87066
G1 X126.104 Y116.398 E62.87462
G1 X126.216 Y116.391 E62.87603
G1 X126.325 Y116.38 E62.8774
G1 X126.541 Y116.347 E62.88014
G0 F7200 X126.645 Y116.319
G0 X126.645 Y116.412
G0 X126.335 Y116.625
;TYPE:SKIN
G1 F1800 X126.032 Y116.646 E62.88173
G1 X125.76 Y116.635 E62.88314
G0 F7200 X125.709 Y116.788
G1 F1500 E56.38314
G0 F7200 X125.711 Y116.781
G0 X126.633 Y119.334
G1 F1500 E62.88314
G0 F7200 X126.541 Y119.347
;TYPE:WALL-OUTER
G1 F1800 X126.645 Y119.319 E62.88449
G1 X126.645 Y119.805 E62.89059
G1 X126.464 Y119.854 E62.89294
G1 X126.269 Y119.884 E62.89541
G1 X126.188 Y119.892 E62.89644
G1 X126.092 Y119.898 E62.89764
G1 X125.812 Y119.892 E62.90115
G1 X125.731 Y119.884 E62.90217
G1 X125.536 Y119.854 E62.90465
G1 X125.355 Y119.805 E62.907
G1 X125.355 Y119.319 E62.9131
G1 X125.459 Y119.347 E62.91445
G1 X125.675 Y119.38 E62.91719
G1 X125.788 Y119.392 E62.91861
G1 X126.104 Y119.398 E62.92257
G1 X126.216 Y119.391 E62.92398
G1 X126.325 Y119.38 E62.92536
G1 X126.541 Y119.347 E62.9281
G0 F7200 X126.645 Y119.319
G0 X126.645 Y119.412
G0 X126.427 Y119.645
;TYPE:SKIN
G1 F1800 X126.145 Y119.644 E62.92918
G1 X125.608 Y119.616 E62.93124
G0 F7200 X125.571 Y119.769
G1 F1500 E56.43124
G0 F7200 X125.574 Y119.76
G0 X126.625 Y119.46
G0 X132.49 Y119.46
G0 X133.7 Y119.46
G1 F1500 E62.93124
G0 F7200 X133.8 Y119.393
;TYPE:WALL-OUTER
G1 F1800 X133.8 Y119.891 E62.93749
G1 X133.731 Y119.884 E62.93836
G1 X133.536 Y119.854 E62.94083
G1 X133.355 Y119.805 E62.94318
G1 X133.355 Y119.319 E62.94928
G1 X133.459 Y119.347 E62.95063
G1 X133.675 Y119.38 E62.95337
G1 X133.8 Y119.393 E62.95494
G0 F7200 X133.8 Y119.593
G0 X133.58 Y119.563
;TYPE:SKIN
G1 F1800 X133.549 Y119.595 E62.95522
G0 F7200 X133.4 Y119.595
G1 F1500 E56.45522
G0 F7200 X133.455 Y119.595
G0 X133.733 Y116.865
G1 F1500 E62.95522
G0 F7200 X133.8 Y116.393
;TYPE:WALL-OUTER
G1 F1800 X133.8 Y116.891 E62.96147
G1 X133.731 Y116.884 E62.96234
G1 X133.536 Y116.854 E62.96481
G1 X133.355 Y116.805 E62.96716
G1 X133.355 Y116.319 E62.97326
G1 X133.459 Y116.347 E62.97461
G1 X133.675 Y116.38 E62.97735
G1 X133.8 Y116.393 E62.97893
G0 F7200 X133.8 Y116.593
G0 X133.755 Y116.593
G1 F1500 E56.47893
G0 F7200 X133.7 Y116.593
G0 X133.733 Y113.865
G1 F1500 E62.97893
G0 F7200 X133.8 Y113.393
G1 F1800 X133.8 Y113.891 E62.98517
G1 X133.731 Y113.884 E62.98604
G1 X133.536 Y113.854 E62.98852
G1 X133.355 Y113.805 E62.99087
G1 X133.355 Y113.319 E62.99696
G1 X133.459 Y113.347 E62.99831
G1 X133.675 Y113.38 E63.00105
G1 X133.8 Y113.393 E63.00263
G0 F7200 X133.8 Y113.593
G0 X133.604 Y113.6
;TYPE:SKIN
G1 F1800 X133.549 Y113.655 E63.00312
G0 F7200 X133.4 Y113.655
G1 F1500 E56.50312
G0 F7200 X133.455 Y113.655
G0 X133.733 Y110.865
G1 F1500 E63.00312
G0 F7200 X133.8 Y110.393
;TYPE:WALL-OUTER
G1 F1800 X133.8 Y110.891 E63.00936
G1 X133.731 Y110.884 E63.01023
G1 X133.536 Y110.854 E63.0127
G1 X133.355 Y110.805 E63.01506
G1 X133.355 Y110.319 E63.02115
G1 X133.459 Y110.347 E63.0225
G1 X133.675 Y110.38 E63.02524
G1 X133.8 Y110.393 E63.02682
G0 F7200 X133.8 Y110.593
G0 X133.755 Y110.593
G1 F1500 E56.52682
;MESH:NONMESH
G0 F600 X133.755 Y110.593 Z17.4
G0 F7200 X133.7 Y110.593
G0 X132.49 Y110.785
G0 X126.112 Y111.762
G0 X117.616 Y111.741
G0 X111.51 Y110.785
G0 X110.3 Y110.785
G1 F1500 E63.02682
G0 F7200 X110.269 Y110.884
;TIME_ELAPSED:809.033106
;LAYER:86
;TYPE:WALL-OUTER
;MESH:output\B_media_suporte.stl
G1 F1800 X110.2 Y110.891 E63.02769
G1 X110.2 Y110.393 E63.03393
G1 X110.325 Y110.38 E63.03551
G1 X110.435 Y110.363 E63.0369
G1 X110.435 Y110.858 E63.04071
G1 X110.269 Y110.884 E63.04281
G0 F7200 X110.2 Y110.891
G0 X110.2 Y110.76
G1 F1500 E56.54281
G0 F7200 X110.3 Y110.76
G0 X110.423 Y113.378
G1 F1500 E63.04281
G0 F7200 X110.269 Y113.884
G1 F1800 X110.2 Y113.891 E63.04368
G1 X110.2 Y113.393 E63.04993
G1 X110.325 Y113.38 E63.0515
G1 X110.435 Y113.363 E63.0529
G1 X110.435 Y113.858 E63.0567
G1 X110.269 Y113.884 E63.05881
G0 F7200 X110.2 Y113.891
G0 X110.2 Y113.76
G0 X110.3 Y113.76
G0 X110.423 Y116.378
G0 X110.269 Y116.884
G1 F1800 X110.2 Y116.891 E63.05968
G1 X110.2 Y116.393 E63.06592
G1 X110.325 Y116.38 E63.0675
G1 X110.435 Y116.363 E63.0689
G1 X110.435 Y116.858 E63.0727
G1 X110.269 Y116.884 E63.07481
G0 F7200 X110.2 Y116.891
G0 X110.2 Y116.76
G1 F1500 E56.57481
G0 F7200 X110.3 Y116.76
G0 X110.423 Y119.378
G1 F1500 E63.07481
G0 F7200 X110.269 Y119.884
G1 F1800 X110.2 Y119.891 E63.07567
G1 X110.2 Y119.393 E63.08192
G1 X110.325 Y119.38 E63.0835
G1 X110.435 Y119.363 E63.08489
G1 X110.435 Y119.858 E63.08869
G1 X110.269 Y119.884 E63.0908
G0 F7200 X110.2 Y119.891
G0 X110.2 Y119.76
G0 X110.3 Y119.76
G0 X111.3 Y119.791
G0 X116.7 Y119.791
G0 X118.183 Y119.791
G0 X118.189 Y119.892
G1 F1800 X117.909 Y119.898 E63.09431
G1 X117.776 Y119.889 E63.09598
G1 X117.67 Y119.875 E63.09733
G1 X117.565 Y119.858 E63.09866
G1 X117.565 Y119.364 E63.10485
G1 X117.676 Y119.381 E63.10626
G1 X117.896 Y119.398 E63.10903
G1 X118.212 Y119.392 E63.11299
G1 X118.325 Y119.38 E63.11442
G1 X118.435 Y119.363 E63.11581
G1 X118.435 Y119.858 E63.12202
G1 X118.269 Y119.884 E63.12413
G1 X118.189 Y119.892 E63.12514
G0 F7200 X117.989 Y119.896
G0 X117.949 Y119.646
;TYPE:SKIN
G1 F1800 X118.206 Y119.621 E63.12668
G0 F7200 X118.033 Y119.495
G1 F1500 E56.62668
G0 F7200 X118.032 Y119.496
G0 X118.188 Y116.873
G1 F1500 E63.12668
G0 F7200 X118.189 Y116.892
;TYPE:WALL-OUTER
G1 F1800 X117.909 Y116.898 E63.13019
G1 X117.776 Y116.889 E63.13186
G1 X117.731 Y116.884 E63.13243
G1 X117.565 Y116.858 E63.13454
G1 X117.565 Y116.364 E63.14073
G1 X117.676 Y116.381 E63.14214
G1 X117.896 Y116.398 E63.14491
G1 X118.212 Y116.392 E63.14887
G1 X118.325 Y116.38 E63.1503
G1 X118.435 Y116.363 E63.15169
G1 X118.435 Y116.858 E63.1579
G1 X118.269 Y116.884 E63.16001
G1 X118.189 Y116.892 E63.16102
G0 F7200 X117.989 Y116.896
G0 X118.059 Y116.645
;TYPE:SKIN
G1 F1800 X117.793 Y116.662 E63.16256
G0 F7200 X117.967 Y116.797
G1 F1500 E56.66256
G0 F7200 X117.968 Y116.796
G0 X118.188 Y113.873
G1 F1500 E63.16256
G0 F7200 X118.189 Y113.892
;TYPE:WALL-OUTER
G1 F1800 X117.909 Y113.898 E63.16607
G1 X117.776 Y113.889 E63.16774
G1 X117.67 Y113.875 E63.16908
G1 X117.565 Y113.858 E63.17041
G1 X117.565 Y113.364 E63.17661
G1 X117.676 Y113.381 E63.17802
G1 X117.896 Y113.398 E63.18078
G1 X118.212 Y113.392 E63.18475
G1 X118.325 Y113.38 E63.18617
G1 X118.435 Y113.363 E63.18757
G1 X118.435 Y113.858 E63.19378
G1 X118.269 Y113.884 E63.19588
G1 X118.189 Y113.892 E63.19689
G0 F7200 X117.989 Y113.896
G0 X117.887 Y113.645
;TYPE:SKIN
G1 F1800 X118.165 Y113.64 E63.19881
G0 F7200 X118.202 Y113.793
G0 X118.202 Y113.789
G0 X118.188 Y110.873
G0 X118.189 Y110.892
;TYPE:WALL-OUTER
G1 F1800 X117.909 Y110.898 E63.20232
G1 X117.776 Y110.889 E63.20399
G1 X117.731 Y110.884 E63.20456
G1 X117.565 Y110.858 E63.20667
G1 X117.565 Y110.364 E63.21286
G1 X117.676 Y110.381 E63.21427
G1 X117.896 Y110.398 E63.21704
G1 X118.212 Y110.392 E63.221
G1 X118.325 Y110.38 E63.22243
G1 X118.435 Y110.363 E63.22382
G1 X118.435 Y110.858 E63.23003
G1 X118.269 Y110.884 E63.23214
G1 X118.189 Y110.892 E63.23315
G0 F7200 X117.989 Y110.896
G0 X118.053 Y110.699
;TYPE:SKIN
G1 F1800 X117.946 Y110.592 E63.2341
G0 F7200 X117.944 Y110.497
G1 F1500 E56.7341
G0 F7200 X117.943 Y110.498
G0 X119.3 Y110.785
G0 X124.7 Y110.785
G0 X126.259 Y110.785
G1 F1500 E63.2341
G0 F7200 X126.269 Y110.884
;TYPE:WALL-OUTER
G1 F1800 X126.091 Y110.898 E63.23633
G1 X125.812 Y110.892 E63.23983
G1 X125.731 Y110.884 E63.24086
G1 X125.565 Y110.858 E63.24296
G1 X125.565 Y110.363 E63.24917
G1 X125.675 Y110.38 E63.25057
G1 X125.788 Y110.392 E63.25199
G1 X126.105 Y110.398 E63.25597
G1 X126.256 Y110.388 E63.25786
G1 X126.435 Y110.364 E63.26013
G1 X126.435 Y110.858 E63.26632
G1 X126.269 Y110.884 E63.26843
G0 F7200 X126.091 Y110.898
G0 X126.069 Y110.898
G0 X125.917 Y110.644
;TYPE:SKIN
G1 F1800 X126.193 Y110.636 E63.27023
G0 F7200 X126.039 Y110.497
G0 X126.424 Y113.366
G0 X126.269 Y113.884
;TYPE:WALL-OUTER
G1 F1800 X126.091 Y113.898 E63.27246
G1 X125.812 Y113.892 E63.27596
G1 X125.731 Y113.884 E63.27698
G1 X125.565 Y113.858 E63.27909
G1 X125.565 Y113.363 E63.2853
G1 X125.675 Y113.38 E63.28669
G1 X125.788 Y113.392 E63.28812
G1 X126.105 Y113.398 E63.2921
G1 X126.256 Y113.388 E63.29399
G1 X126.435 Y113.364 E63.29626
G1 X126.435 Y113.858 E63.30245
G1 X126.269 Y113.884 E63.30456
G0 F7200 X126.091 Y113.898
G0 X126.069 Y113.898
G0 X126.09 Y113.645
;TYPE:SKIN
G1 F1800 X125.808 Y113.646 E63.3064
G0 F7200 X125.961 Y113.795
G1 F1500 E56.8064
G0 F7200 X126.424 Y116.366
G1 F1500 E63.3064
G0 F7200 X126.269 Y116.884
;TYPE:WALL-OUTER
G1 F1800 X126.091 Y116.898 E63.30864
G1 X125.812 Y116.892 E63.31214
G1 X125.731 Y116.884 E63.31316
G1 X125.565 Y116.858 E63.31527
G1 X125.565 Y116.363 E63.32148
G1 X125.675 Y116.38 E63.32287
G1 X125.788 Y116.392 E63.3243
G1 X126.105 Y116.398 E63.32827
G1 X126.256 Y116.388 E63.33017
G1 X126.435 Y116.364 E63.33244
G1 X126.435 Y116.858 E63.33863
G1 X126.269 Y116.884 E63.34074
G0 F7200 X126.091 Y116.898
G0 X126.069 Y116.898
G0 X125.979 Y116.645
;TYPE:SKIN
G1 F1800 X126.221 Y116.605 E63.34203
G0 F7200 X126.032 Y116.796
G1 F1500 E56.84203
G0 F7200 X126.424 Y119.366
G1 F1500 E63.34203
G0 F7200 X126.269 Y119.884
;TYPE:WALL-OUTER
G1 F1800 X126.091 Y119.898 E63.34427
G1 X125.812 Y119.892 E63.34777
G1 X125.731 Y119.884 E63.34879
G1 X125.565 Y119.858 E63.3509
G1 X125.565 Y119.363 E63.35711
G1 X125.675 Y119.38 E63.3585
G1 X125.788 Y119.392 E63.35993
G1 X126.105 Y119.398 E63.3639
G1 X126.256 Y119.388 E63.3658
G1 X126.435 Y119.364 E63.36807
G1 X126.435 Y119.858 E63.37426
G1 X126.269 Y119.884 E63.37637
G0 F7200 X126.091 Y119.898
G0 X126.069 Y119.898
G0 X126.148 Y119.643
;TYPE:SKIN
G1 F1800 X125.865 Y119.643 E63.37823
G0 F7200 X125.837 Y119.491
G1 F1500 E56.87823
G0 F7200 X125.837 Y119.492
G0 X127.3 Y119.46
G0 X132.7 Y119.46
G1 F1500 E63.37823
G0 F7200 X133.8 Y119.393
;TYPE:WALL-OUTER
G1 F1800 X133.8 Y119.89 E63.38446
G1 X133.774 Y119.889 E63.38479
G1 X133.67 Y119.875 E63.3861
G1 X133.565 Y119.858 E63.38744
G1 X133.565 Y119.363 E63.39126
G1 X133.675 Y119.38 E63.39265
G1 X133.8 Y119.393 E63.39423
G0 F7200 X133.8 Y119.593
G0 X133.7 Y119.593
G0 X133.796 Y116.87
G0 X133.8 Y116.393
G1 F1800 X133.8 Y116.89 E63.40046
G1 X133.731 Y116.884 E63.40133
G1 X133.565 Y116.858 E63.40344
G1 X133.565 Y116.363 E63.40725
G1 X133.675 Y116.38 E63.40865
G1 X133.8 Y116.393 E63.41022
G0 F7200 X133.8 Y116.593
G0 X133.7 Y116.593
G0 X133.775 Y113.87
G0 X133.8 Y113.393
G1 F1800 X133.8 Y113.89 E63.41646
G1 X133.774 Y113.889 E63.41678
G1 X133.67 Y113.875 E63.4181
G1 X133.565 Y113.858 E63.41943
G1 X133.565 Y113.363 E63.42325
G1 X133.675 Y113.38 E63.42465
G1 X133.8 Y113.393 E63.42622
G0 F7200 X133.8 Y113.593
G1 F1500 E56.92622
G0 F7200 X133.7 Y113.593
G0 X133.796 Y110.87
G1 F1500 E63.42622
G0 F7200 X133.8 Y110.393
G1 F1800 X133.8 Y110.89 E63.43245
G1 X133.731 Y110.884 E63.43332
G1 X133.565 Y110.858 E63.43543
G1 X133.565 Y110.363 E63.43925
G1 X133.675 Y110.38 E63.44064
G1 X133.8 Y110.393 E63.44222
G0 F7200 X133.8 Y110.593
;MESH:NONMESH
G0 F600 X133.8 Y110.593 Z17.6
G0 F7200 X133.7 Y110.593
G0 X132.7 Y110.789
G0 X126.114 Y111.762
G0 X117.613 Y111.741
G0 X111.3 Y110.789
G0 X110.216 Y110.889
;TIME_ELAPSED:816.762798
;LAYER:87
;TYPE:WALL-OUTER
;MESH:output\B_media_suporte.stl
G1 F1800 X110.2 Y110.891 E63.44242
G1 X110.2 Y110.392 E63.44868
G1 X110.216 Y110.391 E63.44888
G1 X110.216 Y110.889 E63.44914
G0 F7200 X110.2 Y110.891
G0 X110.2 Y110.707
G0 X110.207 Y111.757
G0 X111.067 Y112.412
G0 X111.081 Y113.823
G0 X110.216 Y113.889
G1 F1800 X110.2 Y113.891 E63.44934
G1 X110.2 Y113.392 E63.4556
G1 X110.216 Y113.391 E63.4558
G1 X110.216 Y113.889 E63.45606
G0 F7200 X110.2 Y113.891
G0 X110.2 Y113.707
G0 X110.207 Y114.757
G0 X111.067 Y115.412
G0 X111.081 Y116.823
G0 X110.216 Y116.889
G1 F1800 X110.2 Y116.891 E63.45627
G1 X110.2 Y116.392 E63.46252
G1 X110.216 Y116.391 E63.46272
G1 X110.216 Y116.889 E63.46299
G0 F7200 X110.2 Y116.891
G0 X110.2 Y116.707
G1 F1500 E56.96299
G0 F7200 X110.207 Y117.757
G0 X111.067 Y118.412
G0 X111.081 Y119.823
G0 X110.216 Y119.889
G1 F1500 E63.46299
G1 F1800 X110.2 Y119.891 E63.46319
G1 X110.2 Y119.392 E63.46945
G1 X110.216 Y119.391 E63.46965
G1 X110.216 Y119.889 E63.46991
G0 F7200 X110.2 Y119.891
G0 X110.2 Y119.707
G0 X111.081 Y119.707
G0 X116.919 Y119.707
G0 X117.895 Y119.398
G1 F1800 X118.216 Y119.392 E63.47393
G1 X118.216 Y119.889 E63.48017
G1 X118.188 Y119.892 E63.48052
G1 X117.898 Y119.898 E63.48416
G1 X117.784 Y119.89 E63.48559
G1 X117.784 Y119.39 E63.49186
G1 X117.895 Y119.398 E63.49326
G0 F7200 X118.095 Y119.395
G0 X118.096 Y119.493
G0 X118.095 Y119.495
G0 X117.898 Y116.879
G0 X117.895 Y116.398
G1 F1800 X118.216 Y116.392 E63.49728
G1 X118.216 Y116.889 E63.50352
G1 X118.189 Y116.892 E63.50386
G1 X117.898 Y116.898 E63.50751
G1 X117.784 Y116.89 E63.50894
G1 X117.784 Y116.39 E63.51521
G1 X117.895 Y116.398 E63.51661
G0 F7200 X118.095 Y116.395
G0 X118.096 Y116.493
G1 F1500 E57.01661
G0 F7200 X118.095 Y116.495
G0 X117.898 Y113.879
G1 F1500 E63.51661
G0 F7200 X117.895 Y113.398
G1 F1800 X118.216 Y113.392 E63.52063
G1 X118.216 Y113.889 E63.52686
G1 X118.188 Y113.892 E63.52722
G1 X117.898 Y113.898 E63.53085
G1 X117.784 Y113.89 E63.53229
G1 X117.784 Y113.39 E63.53856
G1 X117.895 Y113.398 E63.53995
G0 F7200 X118.095 Y113.395
G0 X118.02 Y113.627
;TYPE:SKIN
G1 F1800 X117.978 Y113.669 E63.54033
G0 F7200 X117.816 Y113.669
G0 X117.884 Y113.669
G0 X117.898 Y110.879
G0 X117.895 Y110.398
;TYPE:WALL-OUTER
G1 F1800 X118.216 Y110.392 E63.54435
G1 X118.216 Y110.889 E63.55058
G1 X118.189 Y110.892 E63.55093
G1 X117.898 Y110.898 E63.55458
G1 X117.784 Y110.89 E63.55601
G1 X117.784 Y110.39 E63.56228
G1 X117.895 Y110.398 E63.56367
G0 F7200 X118.095 Y110.395
G0 X118.096 Y110.493
G0 X118.095 Y110.495
G0 X124.919 Y110.497
G0 X126.116 Y110.497
G0 X126.117 Y110.398
G1 F1800 X126.216 Y110.391 E63.56492
G1 X126.216 Y110.889 E63.57116
G1 X126.09 Y110.898 E63.57275
G1 X125.812 Y110.892 E63.57624
G1 X125.784 Y110.889 E63.57659
G1 X125.784 Y110.392 E63.58282
G1 X126.117 Y110.398 E63.587
G0 F7200 X126.216 Y110.391
G0 X126.216 Y110.492
G0 X126.184 Y110.492
G1 F1500 E57.087
G0 F7200 X126.119 Y110.497
G0 X126.203 Y113.405
G1 F1500 E63.587
G0 F7200 X126.117 Y113.398
G1 F1800 X126.216 Y113.391 E63.58824
G1 X126.216 Y113.889 E63.59449
G1 X126.09 Y113.898 E63.59607
G1 X125.812 Y113.892 E63.59956
G1 X125.784 Y113.889 E63.59991
G1 X125.784 Y113.392 E63.60614
G1 X126.117 Y113.398 E63.61032
G0 F7200 X126.216 Y113.391
G0 X126.216 Y113.492
G0 X126.184 Y113.492
G0 X126.119 Y113.497
G0 X126.203 Y116.405
G0 X126.117 Y116.398
G1 F1800 X126.216 Y116.391 E63.61157
G1 X126.216 Y116.889 E63.61781
G1 X126.09 Y116.898 E63.61939
G1 X125.784 Y116.89 E63.62323
G1 X125.784 Y116.392 E63.62948
G1 X126.117 Y116.398 E63.63365
G0 F7200 X126.216 Y116.391
G0 X126.216 Y116.492
G0 X126.019 Y116.659
;TYPE:SKIN
G1 F1800 X125.983 Y116.695 E63.63397
G0 F7200 X125.816 Y116.695
G1 F1500 E57.13397
G0 F7200 X125.884 Y116.695
G0 X126.203 Y119.405
G1 F1500 E63.63397
G0 F7200 X126.117 Y119.398
;TYPE:WALL-OUTER
G1 F1800 X126.216 Y119.391 E63.63522
G1 X126.216 Y119.889 E63.64146
G1 X126.09 Y119.898 E63.64305
G1 X125.812 Y119.892 E63.64653
G1 X125.784 Y119.889 E63.64689
G1 X125.784 Y119.392 E63.65312
G1 X126.117 Y119.398 E63.6573
G0 F7200 X126.216 Y119.391
G0 X126.216 Y119.492
G0 X126.184 Y119.492
G0 X126.119 Y119.497
G0 X132.919 Y119.461
G0 X133.8 Y119.393
G1 F1800 X133.8 Y119.891 E63.66354
G1 X133.784 Y119.89 E63.66374
G1 X133.784 Y119.392 E63.66401
G1 X133.8 Y119.393 E63.66421
G0 F7200 X133.8 Y119.593
G0 X133.839 Y118.528
G0 X134.652 Y117.78
G0 X134.665 Y116.461
G0 X133.8 Y116.393
G1 F1800 X133.8 Y116.891 E63.67045
G1 X133.784 Y116.89 E63.67065
G1 X133.784 Y116.392 E63.67091
G1 X133.8 Y116.393 E63.67112
G0 F7200 X133.8 Y116.593
G0 X133.876 Y115.529
G0 X134.652 Y114.78
G0 X134.665 Y113.461
G0 X133.8 Y113.393
G1 F1800 X133.8 Y113.891 E63.67736
G1 X133.784 Y113.89 E63.67756
G1 X133.784 Y113.392 E63.67782
G1 X133.8 Y113.393 E63.67802
G0 F7200 X133.8 Y113.593
G0 X133.839 Y112.528
G0 X134.652 Y111.78
G0 X134.665 Y110.461
G0 X133.8 Y110.393
G1 F1800 X133.8 Y110.891 E63.68427
G1 X133.784 Y110.89 E63.68447
G1 X133.784 Y110.392 E63.68473
G1 X133.8 Y110.393 E63.68493
G0 F7200 X133.8 Y110.593
;TIME_ELAPSED:821.224691
G1 F1500 E57.18493
M107

M82 ;absolute extrusion mode
M104 S0
;End of Gcode
